ts,timestamp,datetime,funding_rate,mark_price
2020-01-19 16:00:00+00:00,1579449600000,2020-01-19T16:00:00+00:00,0.0001,0.0
2020-01-20 00:00:00+00:00,1579478400000,2020-01-20T00:00:00+00:00,0.0001,0.0
2020-01-20 08:00:00+00:00,1579507200000,2020-01-20T08:00:00+00:00,0.0001,0.0
2020-01-20 16:00:00+00:00,1579536000000,2020-01-20T16:00:00+00:00,0.0001,0.0
2020-01-21 00:00:00+00:00,1579564800000,2020-01-21T00:00:00+00:00,0.0001,0.0
2020-01-21 08:00:00+00:00,1579593600000,2020-01-21T08:00:00+00:00,0.0001,0.0
2020-01-21 16:00:00+00:00,1579622400000,2020-01-21T16:00:00+00:00,0.0001,0.0
2020-01-22 00:00:00+00:00,1579651200000,2020-01-22T00:00:00+00:00,0.0001,0.0
2020-01-22 08:00:00.001000+00:00,1579680000001,2020-01-22T08:00:00.001000+00:00,0.0001,0.0
2020-01-22 16:00:00+00:00,1579708800000,2020-01-22T16:00:00+00:00,0.0001,0.0
2020-01-23 00:00:00+00:00,1579737600000,2020-01-23T00:00:00+00:00,0.0001,0.0
2020-01-23 08:00:00+00:00,1579766400000,2020-01-23T08:00:00+00:00,0.0001,0.0
2020-01-23 16:00:00+00:00,1579795200000,2020-01-23T16:00:00+00:00,0.0001,0.0
2020-01-24 00:00:00+00:00,1579824000000,2020-01-24T00:00:00+00:00,0.0001,0.0
2020-01-24 08:00:00+00:00,1579852800000,2020-01-24T08:00:00+00:00,0.0001,0.0
2020-01-24 16:00:00.001000+00:00,1579881600001,2020-01-24T16:00:00.001000+00:00,0.0001,0.0
2020-01-25 00:00:00+00:00,1579910400000,2020-01-25T00:00:00+00:00,0.0001,0.0
2020-01-25 08:00:00+00:00,1579939200000,2020-01-25T08:00:00+00:00,0.0001,0.0
2020-01-25 16:00:00.001000+00:00,1579968000001,2020-01-25T16:00:00.001000+00:00,0.0001,0.0
2020-01-26 00:00:00+00:00,1579996800000,2020-01-26T00:00:00+00:00,0.0001,0.0
2020-01-26 08:00:00+00:00,1580025600000,2020-01-26T08:00:00+00:00,0.0001,0.0
2020-01-26 16:00:00+00:00,1580054400000,2020-01-26T16:00:00+00:00,0.0001,0.0
2020-01-27 00:00:00+00:00,1580083200000,2020-01-27T00:00:00+00:00,0.0001,0.0
2020-01-27 08:00:00.001000+00:00,1580112000001,2020-01-27T08:00:00.001000+00:00,0.0001,0.0
2020-01-27 16:00:00+00:00,1580140800000,2020-01-27T16:00:00+00:00,0.0001,0.0
2020-01-28 00:00:00+00:00,1580169600000,2020-01-28T00:00:00+00:00,0.0001,0.0
2020-01-28 08:00:00+00:00,1580198400000,2020-01-28T08:00:00+00:00,0.0001,0.0
2020-01-28 16:00:00+00:00,1580227200000,2020-01-28T16:00:00+00:00,0.0001,0.0
2020-01-29 00:00:00.001000+00:00,1580256000001,2020-01-29T00:00:00.001000+00:00,0.0001,0.0
2020-01-29 08:00:00+00:00,1580284800000,2020-01-29T08:00:00+00:00,0.0001,0.0
2020-01-29 16:00:00.002000+00:00,1580313600002,2020-01-29T16:00:00.002000+00:00,0.0001,0.0
2020-01-30 00:00:00+00:00,1580342400000,2020-01-30T00:00:00+00:00,0.0001,0.0
2020-01-30 08:00:00+00:00,1580371200000,2020-01-30T08:00:00+00:00,0.0001,0.0
2020-01-30 16:00:00+00:00,1580400000000,2020-01-30T16:00:00+00:00,0.0001,0.0
2020-01-31 00:00:00+00:00,1580428800000,2020-01-31T00:00:00+00:00,0.0001,0.0
2020-01-31 08:00:00+00:00,1580457600000,2020-01-31T08:00:00+00:00,0.0001,0.0
2020-01-31 16:00:00+00:00,1580486400000,2020-01-31T16:00:00+00:00,0.0001,0.0
2020-02-01 00:00:00+00:00,1580515200000,2020-02-01T00:00:00+00:00,0.0001,0.0
2020-02-01 08:00:00+00:00,1580544000000,2020-02-01T08:00:00+00:00,0.0001,0.0
2020-02-01 16:00:00+00:00,1580572800000,2020-02-01T16:00:00+00:00,0.0001,0.0
2020-02-02 00:00:00+00:00,1580601600000,2020-02-02T00:00:00+00:00,0.0001,0.0
2020-02-02 08:00:00+00:00,1580630400000,2020-02-02T08:00:00+00:00,0.0014449,0.0
2020-02-02 16:00:00+00:00,1580659200000,2020-02-02T16:00:00+00:00,0.00179835,0.0
2020-02-03 00:00:00+00:00,1580688000000,2020-02-03T00:00:00+00:00,0.00164031,0.0
2020-02-03 08:00:00+00:00,1580716800000,2020-02-03T08:00:00+00:00,0.00071241,0.0
2020-02-03 16:00:00+00:00,1580745600000,2020-02-03T16:00:00+00:00,0.00048046,0.0
2020-02-04 00:00:00+00:00,1580774400000,2020-02-04T00:00:00+00:00,0.00014095,0.0
2020-02-04 08:00:00.001000+00:00,1580803200001,2020-02-04T08:00:00.001000+00:00,0.00031409,0.0
2020-02-04 16:00:00+00:00,1580832000000,2020-02-04T16:00:00+00:00,0.00073434,0.0
2020-02-05 00:00:00.002000+00:00,1580860800002,2020-02-05T00:00:00.002000+00:00,0.00040653,0.0
2020-02-05 08:00:00+00:00,1580889600000,2020-02-05T08:00:00+00:00,0.0001,0.0
2020-02-05 16:00:00+00:00,1580918400000,2020-02-05T16:00:00+00:00,0.00031833,0.0
2020-02-06 00:00:00+00:00,1580947200000,2020-02-06T00:00:00+00:00,0.00162987,0.0
2020-02-06 08:00:00+00:00,1580976000000,2020-02-06T08:00:00+00:00,0.00396642,0.0
2020-02-06 16:00:00+00:00,1581004800000,2020-02-06T16:00:00+00:00,0.00146499,0.0
2020-02-07 00:00:00+00:00,1581033600000,2020-02-07T00:00:00+00:00,0.00052055,0.0
2020-02-07 08:00:00+00:00,1581062400000,2020-02-07T08:00:00+00:00,0.00156332,0.0
2020-02-07 16:00:00.001000+00:00,1581091200001,2020-02-07T16:00:00.001000+00:00,0.00250463,0.0
2020-02-08 00:00:00+00:00,1581120000000,2020-02-08T00:00:00+00:00,0.00198965,0.0
2020-02-08 08:00:00+00:00,1581148800000,2020-02-08T08:00:00+00:00,0.00175849,0.0
2020-02-08 16:00:00+00:00,1581177600000,2020-02-08T16:00:00+00:00,0.00070553,0.0
2020-02-09 00:00:00+00:00,1581206400000,2020-02-09T00:00:00+00:00,0.00081936,0.0
2020-02-09 08:00:00+00:00,1581235200000,2020-02-09T08:00:00+00:00,0.00161188,0.0
2020-02-09 16:00:00+00:00,1581264000000,2020-02-09T16:00:00+00:00,0.0024828,0.0
2020-02-10 00:00:00+00:00,1581292800000,2020-02-10T00:00:00+00:00,0.0021764,0.0
2020-02-10 08:00:00+00:00,1581321600000,2020-02-10T08:00:00+00:00,0.00162089,0.0
2020-02-10 16:00:00.009000+00:00,1581350400009,2020-02-10T16:00:00.009000+00:00,0.00099124,0.0
2020-02-11 00:00:00+00:00,1581379200000,2020-02-11T00:00:00+00:00,0.00126237,0.0
2020-02-11 08:00:00+00:00,1581408000000,2020-02-11T08:00:00+00:00,0.00096237,0.0
2020-02-11 16:00:00+00:00,1581436800000,2020-02-11T16:00:00+00:00,0.00056017,0.0
2020-02-12 00:00:00+00:00,1581465600000,2020-02-12T00:00:00+00:00,0.00235305,0.0
2020-02-12 08:00:00.001000+00:00,1581494400001,2020-02-12T08:00:00.001000+00:00,0.00284851,0.0
2020-02-12 16:00:00+00:00,1581523200000,2020-02-12T16:00:00+00:00,0.0019762,0.0
2020-02-13 00:00:00.001000+00:00,1581552000001,2020-02-13T00:00:00.001000+00:00,0.0024533,0.0
2020-02-13 08:00:00+00:00,1581580800000,2020-02-13T08:00:00+00:00,0.00249154,0.0
2020-02-13 16:00:00+00:00,1581609600000,2020-02-13T16:00:00+00:00,0.00085375,0.0
2020-02-14 00:00:00+00:00,1581638400000,2020-02-14T00:00:00+00:00,0.00085489,0.0
2020-02-14 08:00:00+00:00,1581667200000,2020-02-14T08:00:00+00:00,0.00041437,0.0
2020-02-14 16:00:00+00:00,1581696000000,2020-02-14T16:00:00+00:00,0.00118214,0.0
2020-02-15 00:00:00+00:00,1581724800000,2020-02-15T00:00:00+00:00,0.0017457,0.0
2020-02-15 08:00:00+00:00,1581753600000,2020-02-15T08:00:00+00:00,0.00050419,0.0
2020-02-15 16:00:00+00:00,1581782400000,2020-02-15T16:00:00+00:00,0.00081641,0.0
2020-02-16 00:00:00+00:00,1581811200000,2020-02-16T00:00:00+00:00,0.0001,0.0
2020-02-16 08:00:00+00:00,1581840000000,2020-02-16T08:00:00+00:00,0.0001,0.0
2020-02-16 16:00:00+00:00,1581868800000,2020-02-16T16:00:00+00:00,0.0001,0.0
2020-02-17 00:00:00+00:00,1581897600000,2020-02-17T00:00:00+00:00,0.0001,0.0
2020-02-17 08:00:00+00:00,1581926400000,2020-02-17T08:00:00+00:00,0.0001,0.0
2020-02-17 16:00:00+00:00,1581955200000,2020-02-17T16:00:00+00:00,0.0001,0.0
2020-02-18 00:00:00+00:00,1581984000000,2020-02-18T00:00:00+00:00,0.0001,0.0
2020-02-18 08:00:00+00:00,1582012800000,2020-02-18T08:00:00+00:00,0.0001,0.0
2020-02-18 16:00:00+00:00,1582041600000,2020-02-18T16:00:00+00:00,0.0001,0.0
2020-02-19 00:00:00+00:00,1582070400000,2020-02-19T00:00:00+00:00,0.0001,0.0
2020-02-19 08:00:00.001000+00:00,1582099200001,2020-02-19T08:00:00.001000+00:00,0.0001,0.0
2020-02-19 16:00:00+00:00,1582128000000,2020-02-19T16:00:00+00:00,0.0001,0.0
2020-02-20 00:00:00.004000+00:00,1582156800004,2020-02-20T00:00:00.004000+00:00,0.0001,0.0
2020-02-20 08:00:00+00:00,1582185600000,2020-02-20T08:00:00+00:00,0.0001,0.0
2020-02-20 16:00:00+00:00,1582214400000,2020-02-20T16:00:00+00:00,0.0001,0.0
2020-02-21 00:00:00+00:00,1582243200000,2020-02-21T00:00:00+00:00,0.0001,0.0
2020-02-21 08:00:00+00:00,1582272000000,2020-02-21T08:00:00+00:00,0.0001,0.0
2020-02-21 16:00:00+00:00,1582300800000,2020-02-21T16:00:00+00:00,0.0001,0.0
2020-02-22 00:00:00+00:00,1582329600000,2020-02-22T00:00:00+00:00,0.0001,0.0
2020-02-22 08:00:00.001000+00:00,1582358400001,2020-02-22T08:00:00.001000+00:00,0.0001,0.0
2020-02-22 16:00:00+00:00,1582387200000,2020-02-22T16:00:00+00:00,0.0001,0.0
2020-02-23 00:00:00+00:00,1582416000000,2020-02-23T00:00:00+00:00,0.0001,0.0
2020-02-23 08:00:00+00:00,1582444800000,2020-02-23T08:00:00+00:00,0.0001,0.0
2020-02-23 16:00:00+00:00,1582473600000,2020-02-23T16:00:00+00:00,0.0001625,0.0
2020-02-24 00:00:00.015000+00:00,1582502400015,2020-02-24T00:00:00.015000+00:00,0.00021446,0.0
2020-02-24 08:00:00+00:00,1582531200000,2020-02-24T08:00:00+00:00,0.0001,0.0
2020-02-24 16:00:00+00:00,1582560000000,2020-02-24T16:00:00+00:00,0.00018817,0.0
2020-02-25 00:00:00.001000+00:00,1582588800001,2020-02-25T00:00:00.001000+00:00,0.00066285,0.0
2020-02-25 08:00:00+00:00,1582617600000,2020-02-25T08:00:00+00:00,0.0001,0.0
2020-02-25 16:00:00.001000+00:00,1582646400001,2020-02-25T16:00:00.001000+00:00,0.0001,0.0
2020-02-26 00:00:00+00:00,1582675200000,2020-02-26T00:00:00+00:00,0.0001,0.0
2020-02-26 08:00:00.001000+00:00,1582704000001,2020-02-26T08:00:00.001000+00:00,0.0001,0.0
2020-02-26 16:00:00+00:00,1582732800000,2020-02-26T16:00:00+00:00,0.0001,0.0
2020-02-27 00:00:00.001000+00:00,1582761600001,2020-02-27T00:00:00.001000+00:00,0.0001,0.0
2020-02-27 08:00:00.001000+00:00,1582790400001,2020-02-27T08:00:00.001000+00:00,0.0001,0.0
2020-02-27 16:00:00+00:00,1582819200000,2020-02-27T16:00:00+00:00,0.0001,0.0
2020-02-28 00:00:00+00:00,1582848000000,2020-02-28T00:00:00+00:00,0.0001,0.0
2020-02-28 08:00:00+00:00,1582876800000,2020-02-28T08:00:00+00:00,0.0001,0.0
2020-02-28 16:00:00+00:00,1582905600000,2020-02-28T16:00:00+00:00,0.0001,0.0
2020-02-29 00:00:00+00:00,1582934400000,2020-02-29T00:00:00+00:00,0.0001,0.0
2020-02-29 08:00:00+00:00,1582963200000,2020-02-29T08:00:00+00:00,0.0001,0.0
2020-02-29 16:00:00+00:00,1582992000000,2020-02-29T16:00:00+00:00,0.0001,0.0
2020-03-01 00:00:00+00:00,1583020800000,2020-03-01T00:00:00+00:00,0.0001,0.0
2020-03-01 08:00:00+00:00,1583049600000,2020-03-01T08:00:00+00:00,0.0001,0.0
2020-03-01 16:00:00.001000+00:00,1583078400001,2020-03-01T16:00:00.001000+00:00,0.0001,0.0
2020-03-02 00:00:00+00:00,1583107200000,2020-03-02T00:00:00+00:00,0.0001,0.0
2020-03-02 08:00:00+00:00,1583136000000,2020-03-02T08:00:00+00:00,0.0001,0.0
2020-03-02 16:00:00.004000+00:00,1583164800004,2020-03-02T16:00:00.004000+00:00,0.0001,0.0
2020-03-03 00:00:00+00:00,1583193600000,2020-03-03T00:00:00+00:00,0.0001,0.0
2020-03-03 08:00:00.003000+00:00,1583222400003,2020-03-03T08:00:00.003000+00:00,0.0001,0.0
2020-03-03 16:00:00+00:00,1583251200000,2020-03-03T16:00:00+00:00,0.0001,0.0
2020-03-04 00:00:00.002000+00:00,1583280000002,2020-03-04T00:00:00.002000+00:00,0.0001,0.0
2020-03-04 08:00:00+00:00,1583308800000,2020-03-04T08:00:00+00:00,0.0001,0.0
2020-03-04 16:00:00.001000+00:00,1583337600001,2020-03-04T16:00:00.001000+00:00,0.0001,0.0
2020-03-05 00:00:00+00:00,1583366400000,2020-03-05T00:00:00+00:00,0.0001,0.0
2020-03-05 08:00:00+00:00,1583395200000,2020-03-05T08:00:00+00:00,0.00015045,0.0
2020-03-05 16:00:00+00:00,1583424000000,2020-03-05T16:00:00+00:00,0.00034416,0.0
2020-03-06 00:00:00.003000+00:00,1583452800003,2020-03-06T00:00:00.003000+00:00,0.0001,0.0
2020-03-06 08:00:00+00:00,1583481600000,2020-03-06T08:00:00+00:00,0.0001,0.0
2020-03-06 16:00:00+00:00,1583510400000,2020-03-06T16:00:00+00:00,0.0001,0.0
2020-03-07 00:00:00+00:00,1583539200000,2020-03-07T00:00:00+00:00,0.0001,0.0
2020-03-07 08:00:00.001000+00:00,1583568000001,2020-03-07T08:00:00.001000+00:00,0.0001,0.0
2020-03-07 16:00:00+00:00,1583596800000,2020-03-07T16:00:00+00:00,0.00073258,0.0
2020-03-08 00:00:00.001000+00:00,1583625600001,2020-03-08T00:00:00.001000+00:00,0.0001,0.0
2020-03-08 08:00:00+00:00,1583654400000,2020-03-08T08:00:00+00:00,0.0001,0.0
2020-03-08 16:00:00.006000+00:00,1583683200006,2020-03-08T16:00:00.006000+00:00,0.0001,0.0
2020-03-09 00:00:00+00:00,1583712000000,2020-03-09T00:00:00+00:00,0.0001,0.0
2020-03-09 08:00:00+00:00,1583740800000,2020-03-09T08:00:00+00:00,0.0001,0.0
2020-03-09 16:00:00+00:00,1583769600000,2020-03-09T16:00:00+00:00,0.0001,0.0
2020-03-10 00:00:00+00:00,1583798400000,2020-03-10T00:00:00+00:00,0.0001,0.0
2020-03-10 08:00:00+00:00,1583827200000,2020-03-10T08:00:00+00:00,0.0001,0.0
2020-03-10 16:00:00+00:00,1583856000000,2020-03-10T16:00:00+00:00,0.0001,0.0
2020-03-11 00:00:00.001000+00:00,1583884800001,2020-03-11T00:00:00.001000+00:00,0.0001,0.0
2020-03-11 08:00:00+00:00,1583913600000,2020-03-11T08:00:00+00:00,0.0001,0.0
2020-03-11 16:00:00+00:00,1583942400000,2020-03-11T16:00:00+00:00,0.0001,0.0
2020-03-12 00:00:00.001000+00:00,1583971200001,2020-03-12T00:00:00.001000+00:00,0.0001,0.0
2020-03-12 08:00:00.001000+00:00,1584000000001,2020-03-12T08:00:00.001000+00:00,0.0001,0.0
2020-03-12 16:00:00+00:00,1584028800000,2020-03-12T16:00:00+00:00,-0.00024082,0.0
2020-03-13 00:00:00+00:00,1584057600000,2020-03-13T00:00:00+00:00,8.518e-05,0.0
2020-03-13 08:00:00+00:00,1584086400000,2020-03-13T08:00:00+00:00,-0.00054929,0.0
2020-03-13 16:00:00.002000+00:00,1584115200002,2020-03-13T16:00:00.002000+00:00,-0.00169422,0.0
2020-03-14 00:00:00+00:00,1584144000000,2020-03-14T00:00:00+00:00,0.0001,0.0
2020-03-14 08:00:00.001000+00:00,1584172800001,2020-03-14T08:00:00.001000+00:00,0.0001,0.0
2020-03-14 16:00:00+00:00,1584201600000,2020-03-14T16:00:00+00:00,0.0001,0.0
2020-03-15 00:00:00+00:00,1584230400000,2020-03-15T00:00:00+00:00,0.0001,0.0
2020-03-15 08:00:00+00:00,1584259200000,2020-03-15T08:00:00+00:00,-0.00084586,0.0
2020-03-15 16:00:00.001000+00:00,1584288000001,2020-03-15T16:00:00.001000+00:00,-0.0002509,0.0
2020-03-16 00:00:00+00:00,1584316800000,2020-03-16T00:00:00+00:00,0.0001,0.0
2020-03-16 08:00:00+00:00,1584345600000,2020-03-16T08:00:00+00:00,-0.00080651,0.0
2020-03-16 16:00:00.001000+00:00,1584374400001,2020-03-16T16:00:00.001000+00:00,-0.00111065,0.0
2020-03-17 00:00:00+00:00,1584403200000,2020-03-17T00:00:00+00:00,-0.00044717,0.0
2020-03-17 08:00:00+00:00,1584432000000,2020-03-17T08:00:00+00:00,-5.936e-05,0.0
2020-03-17 16:00:00+00:00,1584460800000,2020-03-17T16:00:00+00:00,0.0001,0.0
2020-03-18 00:00:00+00:00,1584489600000,2020-03-18T00:00:00+00:00,-0.00040179,0.0
2020-03-18 08:00:00+00:00,1584518400000,2020-03-18T08:00:00+00:00,-0.00128753,0.0
2020-03-18 16:00:00+00:00,1584547200000,2020-03-18T16:00:00+00:00,-0.00070982,0.0
2020-03-19 00:00:00+00:00,1584576000000,2020-03-19T00:00:00+00:00,-0.00090224,0.0
2020-03-19 08:00:00+00:00,1584604800000,2020-03-19T08:00:00+00:00,-0.00083071,0.0
2020-03-19 16:00:00+00:00,1584633600000,2020-03-19T16:00:00+00:00,-0.00022876,0.0
2020-03-20 00:00:00+00:00,1584662400000,2020-03-20T00:00:00+00:00,0.0001,0.0
2020-03-20 08:00:00+00:00,1584691200000,2020-03-20T08:00:00+00:00,0.0001,0.0
2020-03-20 16:00:00+00:00,1584720000000,2020-03-20T16:00:00+00:00,0.0001,0.0
2020-03-21 00:00:00+00:00,1584748800000,2020-03-21T00:00:00+00:00,0.0001,0.0
2020-03-21 08:00:00+00:00,1584777600000,2020-03-21T08:00:00+00:00,0.0001,0.0
2020-03-21 16:00:00+00:00,1584806400000,2020-03-21T16:00:00+00:00,0.0001,0.0
2020-03-22 00:00:00+00:00,1584835200000,2020-03-22T00:00:00+00:00,0.0001,0.0
2020-03-22 08:00:00.001000+00:00,1584864000001,2020-03-22T08:00:00.001000+00:00,0.0001,0.0
2020-03-22 16:00:00+00:00,1584892800000,2020-03-22T16:00:00+00:00,0.0001,0.0
2020-03-23 00:00:00+00:00,1584921600000,2020-03-23T00:00:00+00:00,0.0001,0.0
2020-03-23 08:00:00+00:00,1584950400000,2020-03-23T08:00:00+00:00,0.0001,0.0
2020-03-23 16:00:00+00:00,1584979200000,2020-03-23T16:00:00+00:00,0.0001,0.0
2020-03-24 00:00:00+00:00,1585008000000,2020-03-24T00:00:00+00:00,0.0001,0.0
2020-03-24 08:00:00+00:00,1585036800000,2020-03-24T08:00:00+00:00,0.0001,0.0
2020-03-24 16:00:00+00:00,1585065600000,2020-03-24T16:00:00+00:00,0.0001,0.0
2020-03-25 00:00:00+00:00,1585094400000,2020-03-25T00:00:00+00:00,0.0001,0.0
2020-03-25 08:00:00+00:00,1585123200000,2020-03-25T08:00:00+00:00,0.0001,0.0
2020-03-25 16:00:00.001000+00:00,1585152000001,2020-03-25T16:00:00.001000+00:00,0.0001,0.0
2020-03-26 00:00:00.006000+00:00,1585180800006,2020-03-26T00:00:00.006000+00:00,0.0001,0.0
2020-03-26 08:00:00.002000+00:00,1585209600002,2020-03-26T08:00:00.002000+00:00,0.0001,0.0
2020-03-26 16:00:00+00:00,1585238400000,2020-03-26T16:00:00+00:00,0.0001,0.0
2020-03-27 00:00:00+00:00,1585267200000,2020-03-27T00:00:00+00:00,0.0001,0.0
2020-03-27 08:00:00+00:00,1585296000000,2020-03-27T08:00:00+00:00,0.0001,0.0
2020-03-27 16:00:00+00:00,1585324800000,2020-03-27T16:00:00+00:00,0.0001,0.0
2020-03-28 00:00:00+00:00,1585353600000,2020-03-28T00:00:00+00:00,0.0001,0.0
2020-03-28 08:00:00+00:00,1585382400000,2020-03-28T08:00:00+00:00,0.0001,0.0
2020-03-28 16:00:00+00:00,1585411200000,2020-03-28T16:00:00+00:00,0.0001,0.0
2020-03-29 00:00:00+00:00,1585440000000,2020-03-29T00:00:00+00:00,0.0001,0.0
2020-03-29 08:00:00.001000+00:00,1585468800001,2020-03-29T08:00:00.001000+00:00,0.0001,0.0
2020-03-29 16:00:00+00:00,1585497600000,2020-03-29T16:00:00+00:00,0.0001,0.0
2020-03-30 00:00:00+00:00,1585526400000,2020-03-30T00:00:00+00:00,0.0001,0.0
2020-03-30 08:00:00+00:00,1585555200000,2020-03-30T08:00:00+00:00,0.0001,0.0
2020-03-30 16:00:00+00:00,1585584000000,2020-03-30T16:00:00+00:00,0.0001,0.0
2020-03-31 00:00:00+00:00,1585612800000,2020-03-31T00:00:00+00:00,0.0001,0.0
2020-03-31 08:00:00.001000+00:00,1585641600001,2020-03-31T08:00:00.001000+00:00,0.0001,0.0
2020-03-31 16:00:00.001000+00:00,1585670400001,2020-03-31T16:00:00.001000+00:00,0.0001,0.0
2020-04-01 00:00:00.002000+00:00,1585699200002,2020-04-01T00:00:00.002000+00:00,0.0001,0.0
2020-04-01 08:00:00+00:00,1585728000000,2020-04-01T08:00:00+00:00,0.0001,0.0
2020-04-01 16:00:00.001000+00:00,1585756800001,2020-04-01T16:00:00.001000+00:00,0.0001,0.0
2020-04-02 00:00:00+00:00,1585785600000,2020-04-02T00:00:00+00:00,0.0001,0.0
2020-04-02 08:00:00+00:00,1585814400000,2020-04-02T08:00:00+00:00,0.0001,0.0
2020-04-02 16:00:00+00:00,1585843200000,2020-04-02T16:00:00+00:00,0.0001,0.0
2020-04-03 00:00:00+00:00,1585872000000,2020-04-03T00:00:00+00:00,0.00010331,0.0
2020-04-03 08:00:00+00:00,1585900800000,2020-04-03T08:00:00+00:00,0.0001,0.0
2020-04-03 16:00:00+00:00,1585929600000,2020-04-03T16:00:00+00:00,0.0001,0.0
2020-04-04 00:00:00+00:00,1585958400000,2020-04-04T00:00:00+00:00,0.0001,0.0
2020-04-04 08:00:00+00:00,1585987200000,2020-04-04T08:00:00+00:00,0.0001,0.0
2020-04-04 16:00:00+00:00,1586016000000,2020-04-04T16:00:00+00:00,0.0001,0.0
2020-04-05 00:00:00.001000+00:00,1586044800001,2020-04-05T00:00:00.001000+00:00,0.0001,0.0
2020-04-05 08:00:00+00:00,1586073600000,2020-04-05T08:00:00+00:00,0.0001,0.0
2020-04-05 16:00:00+00:00,1586102400000,2020-04-05T16:00:00+00:00,0.0001,0.0
2020-04-06 00:00:00+00:00,1586131200000,2020-04-06T00:00:00+00:00,0.0001,0.0
2020-04-06 08:00:00+00:00,1586160000000,2020-04-06T08:00:00+00:00,0.0001,0.0
2020-04-06 16:00:00+00:00,1586188800000,2020-04-06T16:00:00+00:00,0.0001,0.0
2020-04-07 00:00:00+00:00,1586217600000,2020-04-07T00:00:00+00:00,0.0001,0.0
2020-04-07 08:00:00+00:00,1586246400000,2020-04-07T08:00:00+00:00,0.0001,0.0
2020-04-07 16:00:00+00:00,1586275200000,2020-04-07T16:00:00+00:00,0.0001,0.0
2020-04-08 00:00:00+00:00,1586304000000,2020-04-08T00:00:00+00:00,0.00021497,0.0
2020-04-08 08:00:00+00:00,1586332800000,2020-04-08T08:00:00+00:00,0.0001,0.0
2020-04-08 16:00:00+00:00,1586361600000,2020-04-08T16:00:00+00:00,0.00019348,0.0
2020-04-09 00:00:00+00:00,1586390400000,2020-04-09T00:00:00+00:00,0.0001,0.0
2020-04-09 08:00:00.001000+00:00,1586419200001,2020-04-09T08:00:00.001000+00:00,0.0001,0.0
2020-04-09 16:00:00+00:00,1586448000000,2020-04-09T16:00:00+00:00,0.0001,0.0
2020-04-10 00:00:00.001000+00:00,1586476800001,2020-04-10T00:00:00.001000+00:00,0.0001,0.0
2020-04-10 08:00:00+00:00,1586505600000,2020-04-10T08:00:00+00:00,0.0001,0.0
2020-04-10 16:00:00+00:00,1586534400000,2020-04-10T16:00:00+00:00,0.0001,0.0
2020-04-11 00:00:00+00:00,1586563200000,2020-04-11T00:00:00+00:00,0.0001,0.0
2020-04-11 08:00:00+00:00,1586592000000,2020-04-11T08:00:00+00:00,0.0001,0.0
2020-04-11 16:00:00+00:00,1586620800000,2020-04-11T16:00:00+00:00,0.0001,0.0
2020-04-12 00:00:00+00:00,1586649600000,2020-04-12T00:00:00+00:00,0.0001,0.0
2020-04-12 08:00:00.006000+00:00,1586678400006,2020-04-12T08:00:00.006000+00:00,0.0001,0.0
2020-04-12 16:00:00.001000+00:00,1586707200001,2020-04-12T16:00:00.001000+00:00,0.0001,0.0
2020-04-13 00:00:00.001000+00:00,1586736000001,2020-04-13T00:00:00.001000+00:00,0.0001,0.0
2020-04-13 08:00:00+00:00,1586764800000,2020-04-13T08:00:00+00:00,0.0001,0.0
2020-04-13 16:00:00+00:00,1586793600000,2020-04-13T16:00:00+00:00,0.0001,0.0
2020-04-14 00:00:00+00:00,1586822400000,2020-04-14T00:00:00+00:00,0.0001,0.0
2020-04-14 08:00:00+00:00,1586851200000,2020-04-14T08:00:00+00:00,0.0001,0.0
2020-04-14 16:00:00+00:00,1586880000000,2020-04-14T16:00:00+00:00,0.0001,0.0
2020-04-15 00:00:00+00:00,1586908800000,2020-04-15T00:00:00+00:00,0.0001,0.0
2020-04-15 08:00:00+00:00,1586937600000,2020-04-15T08:00:00+00:00,0.0001,0.0
2020-04-15 16:00:00+00:00,1586966400000,2020-04-15T16:00:00+00:00,0.0001,0.0
2020-04-16 00:00:00+00:00,1586995200000,2020-04-16T00:00:00+00:00,0.0001,0.0
2020-04-16 08:00:00+00:00,1587024000000,2020-04-16T08:00:00+00:00,0.0001,0.0
2020-04-16 16:00:00+00:00,1587052800000,2020-04-16T16:00:00+00:00,0.0001,0.0
2020-04-17 00:00:00+00:00,1587081600000,2020-04-17T00:00:00+00:00,0.0001,0.0
2020-04-17 08:00:00+00:00,1587110400000,2020-04-17T08:00:00+00:00,0.0001,0.0
2020-04-17 16:00:00+00:00,1587139200000,2020-04-17T16:00:00+00:00,0.0001,0.0
2020-04-18 00:00:00+00:00,1587168000000,2020-04-18T00:00:00+00:00,0.0001,0.0
2020-04-18 08:00:00+00:00,1587196800000,2020-04-18T08:00:00+00:00,0.0001,0.0
2020-04-18 16:00:00+00:00,1587225600000,2020-04-18T16:00:00+00:00,0.0001,0.0
2020-04-19 00:00:00+00:00,1587254400000,2020-04-19T00:00:00+00:00,0.0001,0.0
2020-04-19 08:00:00+00:00,1587283200000,2020-04-19T08:00:00+00:00,0.0001,0.0
2020-04-19 16:00:00+00:00,1587312000000,2020-04-19T16:00:00+00:00,0.0001,0.0
2020-04-20 00:00:00+00:00,1587340800000,2020-04-20T00:00:00+00:00,0.0001,0.0
2020-04-20 08:00:00+00:00,1587369600000,2020-04-20T08:00:00+00:00,0.0001,0.0
2020-04-20 16:00:00+00:00,1587398400000,2020-04-20T16:00:00+00:00,0.0001,0.0
2020-04-21 00:00:00+00:00,1587427200000,2020-04-21T00:00:00+00:00,0.0001,0.0
2020-04-21 08:00:00.001000+00:00,1587456000001,2020-04-21T08:00:00.001000+00:00,0.0001,0.0
2020-04-21 16:00:00+00:00,1587484800000,2020-04-21T16:00:00+00:00,0.0001,0.0
2020-04-22 00:00:00.001000+00:00,1587513600001,2020-04-22T00:00:00.001000+00:00,0.0001,0.0
2020-04-22 08:00:00+00:00,1587542400000,2020-04-22T08:00:00+00:00,0.0001,0.0
2020-04-22 16:00:00+00:00,1587571200000,2020-04-22T16:00:00+00:00,0.0001,0.0
2020-04-23 00:00:00+00:00,1587600000000,2020-04-23T00:00:00+00:00,0.0001,0.0
2020-04-23 08:00:00.001000+00:00,1587628800001,2020-04-23T08:00:00.001000+00:00,0.0001,0.0
2020-04-23 16:00:00+00:00,1587657600000,2020-04-23T16:00:00+00:00,0.0001258,0.0
2020-04-24 00:00:00+00:00,1587686400000,2020-04-24T00:00:00+00:00,0.0001,0.0
2020-04-24 08:00:00+00:00,1587715200000,2020-04-24T08:00:00+00:00,0.0001,0.0
2020-04-24 16:00:00+00:00,1587744000000,2020-04-24T16:00:00+00:00,0.00032333,0.0
2020-04-25 00:00:00.003000+00:00,1587772800003,2020-04-25T00:00:00.003000+00:00,0.00087345,0.0
2020-04-25 08:00:00+00:00,1587801600000,2020-04-25T08:00:00+00:00,0.00058884,0.0
2020-04-25 16:00:00+00:00,1587830400000,2020-04-25T16:00:00+00:00,0.00038849,0.0
2020-04-26 00:00:00+00:00,1587859200000,2020-04-26T00:00:00+00:00,0.0001,0.0
2020-04-26 08:00:00+00:00,1587888000000,2020-04-26T08:00:00+00:00,0.0001,0.0
2020-04-26 16:00:00+00:00,1587916800000,2020-04-26T16:00:00+00:00,0.0001,0.0
2020-04-27 00:00:00+00:00,1587945600000,2020-04-27T00:00:00+00:00,0.0001,0.0
2020-04-27 08:00:00.005000+00:00,1587974400005,2020-04-27T08:00:00.005000+00:00,0.0001,0.0
2020-04-27 16:00:00+00:00,1588003200000,2020-04-27T16:00:00+00:00,0.0001,0.0
2020-04-28 00:00:00+00:00,1588032000000,2020-04-28T00:00:00+00:00,0.0001,0.0
2020-04-28 08:00:00+00:00,1588060800000,2020-04-28T08:00:00+00:00,0.0001,0.0
2020-04-28 16:00:00+00:00,1588089600000,2020-04-28T16:00:00+00:00,0.0001,0.0
2020-04-29 00:00:00+00:00,1588118400000,2020-04-29T00:00:00+00:00,0.0001,0.0
2020-04-29 08:00:00.001000+00:00,1588147200001,2020-04-29T08:00:00.001000+00:00,0.0001,0.0
2020-04-29 16:00:00+00:00,1588176000000,2020-04-29T16:00:00+00:00,0.0001,0.0
2020-04-30 00:00:00+00:00,1588204800000,2020-04-30T00:00:00+00:00,0.0001,0.0
2020-04-30 08:00:00+00:00,1588233600000,2020-04-30T08:00:00+00:00,0.0001,0.0
2020-04-30 16:00:00+00:00,1588262400000,2020-04-30T16:00:00+00:00,0.00018488,0.0
2020-05-01 00:00:00+00:00,1588291200000,2020-05-01T00:00:00+00:00,0.00045919,0.0
2020-05-01 08:00:00+00:00,1588320000000,2020-05-01T08:00:00+00:00,0.00051841,0.0
2020-05-01 16:00:00+00:00,1588348800000,2020-05-01T16:00:00+00:00,0.00032857,0.0
2020-05-02 00:00:00+00:00,1588377600000,2020-05-02T00:00:00+00:00,0.00045963,0.0
2020-05-02 08:00:00+00:00,1588406400000,2020-05-02T08:00:00+00:00,0.0001,0.0
2020-05-02 16:00:00+00:00,1588435200000,2020-05-02T16:00:00+00:00,0.0001,0.0
2020-05-03 00:00:00+00:00,1588464000000,2020-05-03T00:00:00+00:00,0.00100239,0.0
2020-05-03 08:00:00+00:00,1588492800000,2020-05-03T08:00:00+00:00,0.00057976,0.0
2020-05-03 16:00:00+00:00,1588521600000,2020-05-03T16:00:00+00:00,0.0001,0.0
2020-05-04 00:00:00+00:00,1588550400000,2020-05-04T00:00:00+00:00,0.0001,0.0
2020-05-04 08:00:00.005000+00:00,1588579200005,2020-05-04T08:00:00.005000+00:00,0.0001,0.0
2020-05-04 16:00:00+00:00,1588608000000,2020-05-04T16:00:00+00:00,0.0001122,0.0
2020-05-05 00:00:00+00:00,1588636800000,2020-05-05T00:00:00+00:00,0.0001,0.0
2020-05-05 08:00:00+00:00,1588665600000,2020-05-05T08:00:00+00:00,0.0001,0.0
2020-05-05 16:00:00+00:00,1588694400000,2020-05-05T16:00:00+00:00,0.0001,0.0
2020-05-06 00:00:00.001000+00:00,1588723200001,2020-05-06T00:00:00.001000+00:00,0.0001,0.0
2020-05-06 08:00:00+00:00,1588752000000,2020-05-06T08:00:00+00:00,0.0001,0.0
2020-05-06 16:00:00+00:00,1588780800000,2020-05-06T16:00:00+00:00,0.00028874,0.0
2020-05-07 00:00:00+00:00,1588809600000,2020-05-07T00:00:00+00:00,0.0001,0.0
2020-05-07 08:00:00.011000+00:00,1588838400011,2020-05-07T08:00:00.011000+00:00,0.0001,0.0
2020-05-07 16:00:00+00:00,1588867200000,2020-05-07T16:00:00+00:00,0.0001,0.0
2020-05-08 00:00:00+00:00,1588896000000,2020-05-08T00:00:00+00:00,0.0001,0.0
2020-05-08 08:00:00.001000+00:00,1588924800001,2020-05-08T08:00:00.001000+00:00,0.0006646,0.0
2020-05-08 16:00:00+00:00,1588953600000,2020-05-08T16:00:00+00:00,0.00036464,0.0
2020-05-09 00:00:00+00:00,1588982400000,2020-05-09T00:00:00+00:00,0.00035039,0.0
2020-05-09 08:00:00+00:00,1589011200000,2020-05-09T08:00:00+00:00,0.00064757,0.0
2020-05-09 16:00:00+00:00,1589040000000,2020-05-09T16:00:00+00:00,0.00065921,0.0
2020-05-10 00:00:00+00:00,1589068800000,2020-05-10T00:00:00+00:00,0.00048504,0.0
2020-05-10 08:00:00+00:00,1589097600000,2020-05-10T08:00:00+00:00,0.00023391,0.0
2020-05-10 16:00:00+00:00,1589126400000,2020-05-10T16:00:00+00:00,0.00013121,0.0
2020-05-11 00:00:00+00:00,1589155200000,2020-05-11T00:00:00+00:00,0.00039499,0.0
2020-05-11 08:00:00+00:00,1589184000000,2020-05-11T08:00:00+00:00,0.0001,0.0
2020-05-11 16:00:00+00:00,1589212800000,2020-05-11T16:00:00+00:00,0.00010533,0.0
2020-05-12 00:00:00+00:00,1589241600000,2020-05-12T00:00:00+00:00,0.0001,0.0
2020-05-12 08:00:00.001000+00:00,1589270400001,2020-05-12T08:00:00.001000+00:00,0.0001,0.0
2020-05-12 16:00:00+00:00,1589299200000,2020-05-12T16:00:00+00:00,0.0001,0.0
2020-05-13 00:00:00+00:00,1589328000000,2020-05-13T00:00:00+00:00,0.0001,0.0
2020-05-13 08:00:00+00:00,1589356800000,2020-05-13T08:00:00+00:00,0.0001,0.0
2020-05-13 16:00:00+00:00,1589385600000,2020-05-13T16:00:00+00:00,0.0001,0.0
2020-05-14 00:00:00+00:00,1589414400000,2020-05-14T00:00:00+00:00,0.0001,0.0
2020-05-14 08:00:00+00:00,1589443200000,2020-05-14T08:00:00+00:00,7.73e-05,0.0
2020-05-14 16:00:00+00:00,1589472000000,2020-05-14T16:00:00+00:00,0.0001,0.0
2020-05-15 00:00:00+00:00,1589500800000,2020-05-15T00:00:00+00:00,0.0001,0.0
2020-05-15 08:00:00+00:00,1589529600000,2020-05-15T08:00:00+00:00,0.0001,0.0
2020-05-15 16:00:00.001000+00:00,1589558400001,2020-05-15T16:00:00.001000+00:00,0.0001,0.0
2020-05-16 00:00:00.008000+00:00,1589587200008,2020-05-16T00:00:00.008000+00:00,0.0001,0.0
2020-05-16 08:00:00+00:00,1589616000000,2020-05-16T08:00:00+00:00,0.0001,0.0
2020-05-16 16:00:00+00:00,1589644800000,2020-05-16T16:00:00+00:00,0.0001,0.0
2020-05-17 00:00:00.002000+00:00,1589673600002,2020-05-17T00:00:00.002000+00:00,0.00018495,0.0
2020-05-17 08:00:00+00:00,1589702400000,2020-05-17T08:00:00+00:00,0.0001,0.0
2020-05-17 16:00:00+00:00,1589731200000,2020-05-17T16:00:00+00:00,0.0001,0.0
2020-05-18 00:00:00+00:00,1589760000000,2020-05-18T00:00:00+00:00,0.0001,0.0
2020-05-18 08:00:00+00:00,1589788800000,2020-05-18T08:00:00+00:00,0.00078656,0.0
2020-05-18 16:00:00.001000+00:00,1589817600001,2020-05-18T16:00:00.001000+00:00,0.00061264,0.0
2020-05-19 00:00:00.005000+00:00,1589846400005,2020-05-19T00:00:00.005000+00:00,0.0001,0.0
2020-05-19 08:00:00+00:00,1589875200000,2020-05-19T08:00:00+00:00,0.0001,0.0
2020-05-19 16:00:00+00:00,1589904000000,2020-05-19T16:00:00+00:00,0.00064166,0.0
2020-05-20 00:00:00+00:00,1589932800000,2020-05-20T00:00:00+00:00,0.0001,0.0
2020-05-20 08:00:00+00:00,1589961600000,2020-05-20T08:00:00+00:00,0.0001,0.0
2020-05-20 16:00:00.006000+00:00,1589990400006,2020-05-20T16:00:00.006000+00:00,0.0001,0.0
2020-05-21 00:00:00+00:00,1590019200000,2020-05-21T00:00:00+00:00,0.0001,0.0
2020-05-21 08:00:00+00:00,1590048000000,2020-05-21T08:00:00+00:00,0.0001,0.0
2020-05-21 16:00:00+00:00,1590076800000,2020-05-21T16:00:00+00:00,0.00025512,0.0
2020-05-22 00:00:00.006000+00:00,1590105600006,2020-05-22T00:00:00.006000+00:00,0.0001,0.0
2020-05-22 08:00:00+00:00,1590134400000,2020-05-22T08:00:00+00:00,0.0001,0.0
2020-05-22 16:00:00+00:00,1590163200000,2020-05-22T16:00:00+00:00,0.0001,0.0
2020-05-23 00:00:00.003000+00:00,1590192000003,2020-05-23T00:00:00.003000+00:00,0.0001,0.0
2020-05-23 08:00:00+00:00,1590220800000,2020-05-23T08:00:00+00:00,0.0001,0.0
2020-05-23 16:00:00+00:00,1590249600000,2020-05-23T16:00:00+00:00,0.0001,0.0
2020-05-24 00:00:00.006000+00:00,1590278400006,2020-05-24T00:00:00.006000+00:00,0.0001,0.0
2020-05-24 08:00:00+00:00,1590307200000,2020-05-24T08:00:00+00:00,0.0001,0.0
2020-05-24 16:00:00+00:00,1590336000000,2020-05-24T16:00:00+00:00,0.0001,0.0
2020-05-25 00:00:00+00:00,1590364800000,2020-05-25T00:00:00+00:00,0.0001,0.0
2020-05-25 08:00:00+00:00,1590393600000,2020-05-25T08:00:00+00:00,0.0001,0.0
2020-05-25 16:00:00+00:00,1590422400000,2020-05-25T16:00:00+00:00,0.0001,0.0
2020-05-26 00:00:00+00:00,1590451200000,2020-05-26T00:00:00+00:00,0.0001,0.0
2020-05-26 08:00:00.006000+00:00,1590480000006,2020-05-26T08:00:00.006000+00:00,-0.00011028,0.0
2020-05-26 16:00:00+00:00,1590508800000,2020-05-26T16:00:00+00:00,0.0001,0.0
2020-05-27 00:00:00+00:00,1590537600000,2020-05-27T00:00:00+00:00,0.0001,0.0
2020-05-27 08:00:00+00:00,1590566400000,2020-05-27T08:00:00+00:00,0.0001,0.0
2020-05-27 16:00:00+00:00,1590595200000,2020-05-27T16:00:00+00:00,5.815e-05,0.0
2020-05-28 00:00:00+00:00,1590624000000,2020-05-28T00:00:00+00:00,0.0001,0.0
2020-05-28 08:00:00+00:00,1590652800000,2020-05-28T08:00:00+00:00,0.0001,0.0
2020-05-28 16:00:00+00:00,1590681600000,2020-05-28T16:00:00+00:00,0.0001,0.0
2020-05-29 00:00:00+00:00,1590710400000,2020-05-29T00:00:00+00:00,-1.46e-05,0.0
2020-05-29 08:00:00+00:00,1590739200000,2020-05-29T08:00:00+00:00,0.0001,0.0
2020-05-29 16:00:00+00:00,1590768000000,2020-05-29T16:00:00+00:00,0.0001,0.0
2020-05-30 00:00:00+00:00,1590796800000,2020-05-30T00:00:00+00:00,0.0001,0.0
2020-05-30 08:00:00.001000+00:00,1590825600001,2020-05-30T08:00:00.001000+00:00,7.541e-05,0.0
2020-05-30 16:00:00+00:00,1590854400000,2020-05-30T16:00:00+00:00,0.0001,0.0
2020-05-31 00:00:00+00:00,1590883200000,2020-05-31T00:00:00+00:00,0.0001,0.0
2020-05-31 08:00:00.001000+00:00,1590912000001,2020-05-31T08:00:00.001000+00:00,0.0001,0.0
2020-05-31 16:00:00+00:00,1590940800000,2020-05-31T16:00:00+00:00,0.0001,0.0
2020-06-01 00:00:00+00:00,1590969600000,2020-06-01T00:00:00+00:00,0.0001,0.0
2020-06-01 08:00:00.001000+00:00,1590998400001,2020-06-01T08:00:00.001000+00:00,0.0001,0.0
2020-06-01 16:00:00+00:00,1591027200000,2020-06-01T16:00:00+00:00,0.0001,0.0
2020-06-02 00:00:00+00:00,1591056000000,2020-06-02T00:00:00+00:00,0.0001,0.0
2020-06-02 08:00:00.002000+00:00,1591084800002,2020-06-02T08:00:00.002000+00:00,0.00099607,0.0
2020-06-02 16:00:00+00:00,1591113600000,2020-06-02T16:00:00+00:00,0.0003558,0.0
2020-06-03 00:00:00+00:00,1591142400000,2020-06-03T00:00:00+00:00,0.0001,0.0
2020-06-03 08:00:00+00:00,1591171200000,2020-06-03T08:00:00+00:00,0.0001,0.0
2020-06-03 16:00:00.002000+00:00,1591200000002,2020-06-03T16:00:00.002000+00:00,0.0001,0.0
2020-06-04 00:00:00.001000+00:00,1591228800001,2020-06-04T00:00:00.001000+00:00,0.0001,0.0
2020-06-04 08:00:00.004000+00:00,1591257600004,2020-06-04T08:00:00.004000+00:00,0.0001,0.0
2020-06-04 16:00:00.001000+00:00,1591286400001,2020-06-04T16:00:00.001000+00:00,0.0001,0.0
2020-06-05 00:00:00.001000+00:00,1591315200001,2020-06-05T00:00:00.001000+00:00,0.0001,0.0
2020-06-05 08:00:00+00:00,1591344000000,2020-06-05T08:00:00+00:00,0.0001,0.0
2020-06-05 16:00:00.001000+00:00,1591372800001,2020-06-05T16:00:00.001000+00:00,0.0001,0.0
2020-06-06 00:00:00+00:00,1591401600000,2020-06-06T00:00:00+00:00,0.0001,0.0
2020-06-06 08:00:00+00:00,1591430400000,2020-06-06T08:00:00+00:00,0.0001,0.0
2020-06-06 16:00:00+00:00,1591459200000,2020-06-06T16:00:00+00:00,0.0001,0.0
2020-06-07 00:00:00+00:00,1591488000000,2020-06-07T00:00:00+00:00,0.0001,0.0
2020-06-07 08:00:00+00:00,1591516800000,2020-06-07T08:00:00+00:00,0.0001,0.0
2020-06-07 16:00:00.006000+00:00,1591545600006,2020-06-07T16:00:00.006000+00:00,0.0001,0.0
2020-06-08 00:00:00.008000+00:00,1591574400008,2020-06-08T00:00:00.008000+00:00,0.0001,0.0
2020-06-08 08:00:00.007000+00:00,1591603200007,2020-06-08T08:00:00.007000+00:00,0.0001,0.0
2020-06-08 16:00:00+00:00,1591632000000,2020-06-08T16:00:00+00:00,0.0001,0.0
2020-06-09 00:00:00+00:00,1591660800000,2020-06-09T00:00:00+00:00,0.0001,0.0
2020-06-09 08:00:00+00:00,1591689600000,2020-06-09T08:00:00+00:00,0.0001,0.0
2020-06-09 16:00:00+00:00,1591718400000,2020-06-09T16:00:00+00:00,0.0001,0.0
2020-06-10 00:00:00+00:00,1591747200000,2020-06-10T00:00:00+00:00,0.0001,0.0
2020-06-10 08:00:00+00:00,1591776000000,2020-06-10T08:00:00+00:00,0.0001,0.0
2020-06-10 16:00:00+00:00,1591804800000,2020-06-10T16:00:00+00:00,0.0001,0.0
2020-06-11 00:00:00.008000+00:00,1591833600008,2020-06-11T00:00:00.008000+00:00,0.0001,0.0
2020-06-11 08:00:00.001000+00:00,1591862400001,2020-06-11T08:00:00.001000+00:00,0.0001,0.0
2020-06-11 16:00:00+00:00,1591891200000,2020-06-11T16:00:00+00:00,0.0001,0.0
2020-06-12 00:00:00.003000+00:00,1591920000003,2020-06-12T00:00:00.003000+00:00,0.0001,0.0
2020-06-12 08:00:00+00:00,1591948800000,2020-06-12T08:00:00+00:00,0.0001,0.0
2020-06-12 16:00:00.002000+00:00,1591977600002,2020-06-12T16:00:00.002000+00:00,0.0001,0.0
2020-06-13 00:00:00+00:00,1592006400000,2020-06-13T00:00:00+00:00,0.0001,0.0
2020-06-13 08:00:00.001000+00:00,1592035200001,2020-06-13T08:00:00.001000+00:00,0.0001,0.0
2020-06-13 16:00:00+00:00,1592064000000,2020-06-13T16:00:00+00:00,0.0001,0.0
2020-06-14 00:00:00.007000+00:00,1592092800007,2020-06-14T00:00:00.007000+00:00,0.0001,0.0
2020-06-14 08:00:00+00:00,1592121600000,2020-06-14T08:00:00+00:00,0.0001,0.0
2020-06-14 16:00:00.001000+00:00,1592150400001,2020-06-14T16:00:00.001000+00:00,0.0001,0.0
2020-06-15 00:00:00+00:00,1592179200000,2020-06-15T00:00:00+00:00,0.0001,0.0
2020-06-15 08:00:00.001000+00:00,1592208000001,2020-06-15T08:00:00.001000+00:00,0.0001,0.0
2020-06-15 16:00:00+00:00,1592236800000,2020-06-15T16:00:00+00:00,0.0001,0.0
2020-06-16 00:00:00.002000+00:00,1592265600002,2020-06-16T00:00:00.002000+00:00,0.0001,0.0
2020-06-16 08:00:00+00:00,1592294400000,2020-06-16T08:00:00+00:00,0.0001,0.0
2020-06-16 16:00:00.006000+00:00,1592323200006,2020-06-16T16:00:00.006000+00:00,0.0001,0.0
2020-06-17 00:00:00+00:00,1592352000000,2020-06-17T00:00:00+00:00,0.0001,0.0
2020-06-17 08:00:00.007000+00:00,1592380800007,2020-06-17T08:00:00.007000+00:00,0.0001,0.0
2020-06-17 16:00:00+00:00,1592409600000,2020-06-17T16:00:00+00:00,-6.89e-06,0.0
2020-06-18 00:00:00.003000+00:00,1592438400003,2020-06-18T00:00:00.003000+00:00,3.532e-05,0.0
2020-06-18 08:00:00.001000+00:00,1592467200001,2020-06-18T08:00:00.001000+00:00,-0.00023478,0.0
2020-06-18 16:00:00.002000+00:00,1592496000002,2020-06-18T16:00:00.002000+00:00,-9.009e-05,0.0
2020-06-19 00:00:00.001000+00:00,1592524800001,2020-06-19T00:00:00.001000+00:00,0.0001,0.0
2020-06-19 08:00:00.003000+00:00,1592553600003,2020-06-19T08:00:00.003000+00:00,0.0001,0.0
2020-06-19 16:00:00+00:00,1592582400000,2020-06-19T16:00:00+00:00,0.0001,0.0
2020-06-20 00:00:00+00:00,1592611200000,2020-06-20T00:00:00+00:00,0.0001,0.0
2020-06-20 08:00:00.009000+00:00,1592640000009,2020-06-20T08:00:00.009000+00:00,0.0001,0.0
2020-06-20 16:00:00.006000+00:00,1592668800006,2020-06-20T16:00:00.006000+00:00,-8.553e-05,0.0
2020-06-21 00:00:00+00:00,1592697600000,2020-06-21T00:00:00+00:00,-3.606e-05,0.0
2020-06-21 08:00:00+00:00,1592726400000,2020-06-21T08:00:00+00:00,0.0001,0.0
2020-06-21 16:00:00+00:00,1592755200000,2020-06-21T16:00:00+00:00,-1.55e-06,0.0
2020-06-22 00:00:00+00:00,1592784000000,2020-06-22T00:00:00+00:00,-0.00047114,0.0
2020-06-22 08:00:00+00:00,1592812800000,2020-06-22T08:00:00+00:00,0.0001,0.0
2020-06-22 16:00:00.001000+00:00,1592841600001,2020-06-22T16:00:00.001000+00:00,0.0001,0.0
2020-06-23 00:00:00+00:00,1592870400000,2020-06-23T00:00:00+00:00,0.0001,0.0
2020-06-23 08:00:00.002000+00:00,1592899200002,2020-06-23T08:00:00.002000+00:00,0.0001,0.0
2020-06-23 16:00:00+00:00,1592928000000,2020-06-23T16:00:00+00:00,0.0001,0.0
2020-06-24 00:00:00.001000+00:00,1592956800001,2020-06-24T00:00:00.001000+00:00,8.385e-05,0.0
2020-06-24 08:00:00+00:00,1592985600000,2020-06-24T08:00:00+00:00,0.0001,0.0
2020-06-24 16:00:00+00:00,1593014400000,2020-06-24T16:00:00+00:00,0.0001,0.0
2020-06-25 00:00:00+00:00,1593043200000,2020-06-25T00:00:00+00:00,0.0001,0.0
2020-06-25 08:00:00+00:00,1593072000000,2020-06-25T08:00:00+00:00,9.573e-05,0.0
2020-06-25 16:00:00+00:00,1593100800000,2020-06-25T16:00:00+00:00,-4.838e-05,0.0
2020-06-26 00:00:00+00:00,1593129600000,2020-06-26T00:00:00+00:00,-7.178e-05,0.0
2020-06-26 08:00:00+00:00,1593158400000,2020-06-26T08:00:00+00:00,7.645e-05,0.0
2020-06-26 16:00:00+00:00,1593187200000,2020-06-26T16:00:00+00:00,4.642e-05,0.0
2020-06-27 00:00:00.003000+00:00,1593216000003,2020-06-27T00:00:00.003000+00:00,0.0001,0.0
2020-06-27 08:00:00.004000+00:00,1593244800004,2020-06-27T08:00:00.004000+00:00,0.0001,0.0
2020-06-27 16:00:00+00:00,1593273600000,2020-06-27T16:00:00+00:00,5.621e-05,0.0
2020-06-28 00:00:00.003000+00:00,1593302400003,2020-06-28T00:00:00.003000+00:00,0.0001,0.0
2020-06-28 08:00:00.001000+00:00,1593331200001,2020-06-28T08:00:00.001000+00:00,0.0001,0.0
2020-06-28 16:00:00+00:00,1593360000000,2020-06-28T16:00:00+00:00,-0.00040529,0.0
2020-06-29 00:00:00+00:00,1593388800000,2020-06-29T00:00:00+00:00,-0.00074457,0.0
2020-06-29 08:00:00.005000+00:00,1593417600005,2020-06-29T08:00:00.005000+00:00,-0.00062426,0.0
2020-06-29 16:00:00+00:00,1593446400000,2020-06-29T16:00:00+00:00,-0.00114909,0.0
2020-06-30 00:00:00+00:00,1593475200000,2020-06-30T00:00:00+00:00,-0.00142521,0.0
2020-06-30 08:00:00.001000+00:00,1593504000001,2020-06-30T08:00:00.001000+00:00,-0.00096914,0.0
2020-06-30 16:00:00.002000+00:00,1593532800002,2020-06-30T16:00:00.002000+00:00,-4.686e-05,0.0
2020-07-01 00:00:00.002000+00:00,1593561600002,2020-07-01T00:00:00.002000+00:00,-0.00061089,0.0
2020-07-01 08:00:00+00:00,1593590400000,2020-07-01T08:00:00+00:00,-0.00076224,0.0
2020-07-01 16:00:00+00:00,1593619200000,2020-07-01T16:00:00+00:00,-0.00156987,0.0
2020-07-02 00:00:00.001000+00:00,1593648000001,2020-07-02T00:00:00.001000+00:00,-0.00146607,0.0
2020-07-02 08:00:00.001000+00:00,1593676800001,2020-07-02T08:00:00.001000+00:00,-0.00071259,0.0
2020-07-02 16:00:00+00:00,1593705600000,2020-07-02T16:00:00+00:00,-0.00030349,0.0
2020-07-03 00:00:00+00:00,1593734400000,2020-07-03T00:00:00+00:00,-0.00018565,0.0
2020-07-03 08:00:00.001000+00:00,1593763200001,2020-07-03T08:00:00.001000+00:00,-0.00049557,0.0
2020-07-03 16:00:00+00:00,1593792000000,2020-07-03T16:00:00+00:00,-0.00085428,0.0
2020-07-04 00:00:00.002000+00:00,1593820800002,2020-07-04T00:00:00.002000+00:00,-0.00038904,0.0
2020-07-04 08:00:00.002000+00:00,1593849600002,2020-07-04T08:00:00.002000+00:00,-0.00114472,0.0
2020-07-04 16:00:00.001000+00:00,1593878400001,2020-07-04T16:00:00.001000+00:00,-0.0019338,0.0
2020-07-05 00:00:00+00:00,1593907200000,2020-07-05T00:00:00+00:00,-0.00222786,0.0
2020-07-05 08:00:00+00:00,1593936000000,2020-07-05T08:00:00+00:00,-0.000144,0.0
2020-07-05 16:00:00+00:00,1593964800000,2020-07-05T16:00:00+00:00,-2.253e-05,0.0
2020-07-06 00:00:00+00:00,1593993600000,2020-07-06T00:00:00+00:00,-0.00017474,0.0
2020-07-06 08:00:00.001000+00:00,1594022400001,2020-07-06T08:00:00.001000+00:00,-0.00017316,0.0
2020-07-06 16:00:00+00:00,1594051200000,2020-07-06T16:00:00+00:00,6.993e-05,0.0
2020-07-07 00:00:00+00:00,1594080000000,2020-07-07T00:00:00+00:00,0.0001,0.0
2020-07-07 08:00:00.006000+00:00,1594108800006,2020-07-07T08:00:00.006000+00:00,0.0001,0.0
2020-07-07 16:00:00+00:00,1594137600000,2020-07-07T16:00:00+00:00,0.0001,0.0
2020-07-08 00:00:00+00:00,1594166400000,2020-07-08T00:00:00+00:00,-0.00037372,0.0
2020-07-08 08:00:00+00:00,1594195200000,2020-07-08T08:00:00+00:00,0.0001,0.0
2020-07-08 16:00:00+00:00,1594224000000,2020-07-08T16:00:00+00:00,0.00059396,0.0
2020-07-09 00:00:00.001000+00:00,1594252800001,2020-07-09T00:00:00.001000+00:00,0.0004223,0.0
2020-07-09 08:00:00.002000+00:00,1594281600002,2020-07-09T08:00:00.002000+00:00,0.00067869,0.0
2020-07-09 16:00:00+00:00,1594310400000,2020-07-09T16:00:00+00:00,0.00116589,0.0
2020-07-10 00:00:00+00:00,1594339200000,2020-07-10T00:00:00+00:00,0.00050769,0.0
2020-07-10 08:00:00.001000+00:00,1594368000001,2020-07-10T08:00:00.001000+00:00,0.00028665,0.0
2020-07-10 16:00:00+00:00,1594396800000,2020-07-10T16:00:00+00:00,0.0001,0.0
2020-07-11 00:00:00+00:00,1594425600000,2020-07-11T00:00:00+00:00,0.0001,0.0
2020-07-11 08:00:00+00:00,1594454400000,2020-07-11T08:00:00+00:00,0.0001,0.0
2020-07-11 16:00:00+00:00,1594483200000,2020-07-11T16:00:00+00:00,0.0001,0.0
2020-07-12 00:00:00+00:00,1594512000000,2020-07-12T00:00:00+00:00,0.0001,0.0
2020-07-12 08:00:00+00:00,1594540800000,2020-07-12T08:00:00+00:00,0.0001,0.0
2020-07-12 16:00:00+00:00,1594569600000,2020-07-12T16:00:00+00:00,0.0001,0.0
2020-07-13 00:00:00+00:00,1594598400000,2020-07-13T00:00:00+00:00,0.0001,0.0
2020-07-13 08:00:00.001000+00:00,1594627200001,2020-07-13T08:00:00.001000+00:00,0.0001,0.0
2020-07-13 16:00:00+00:00,1594656000000,2020-07-13T16:00:00+00:00,0.00114871,0.0
2020-07-14 00:00:00.001000+00:00,1594684800001,2020-07-14T00:00:00.001000+00:00,0.0001,0.0
2020-07-14 08:00:00+00:00,1594713600000,2020-07-14T08:00:00+00:00,-0.0002738,0.0
2020-07-14 16:00:00+00:00,1594742400000,2020-07-14T16:00:00+00:00,-0.00020092,0.0
2020-07-15 00:00:00+00:00,1594771200000,2020-07-15T00:00:00+00:00,0.000947,0.0
2020-07-15 08:00:00+00:00,1594800000000,2020-07-15T08:00:00+00:00,0.0001,0.0
2020-07-15 16:00:00+00:00,1594828800000,2020-07-15T16:00:00+00:00,0.00030283,0.0
2020-07-16 00:00:00+00:00,1594857600000,2020-07-16T00:00:00+00:00,0.0003571,0.0
2020-07-16 08:00:00.002000+00:00,1594886400002,2020-07-16T08:00:00.002000+00:00,0.0001,0.0
2020-07-16 16:00:00.001000+00:00,1594915200001,2020-07-16T16:00:00.001000+00:00,7.144e-05,0.0
2020-07-17 00:00:00.001000+00:00,1594944000001,2020-07-17T00:00:00.001000+00:00,0.0001,0.0
2020-07-17 08:00:00+00:00,1594972800000,2020-07-17T08:00:00+00:00,0.0001,0.0
2020-07-17 16:00:00+00:00,1595001600000,2020-07-17T16:00:00+00:00,0.0001,0.0
2020-07-18 00:00:00.003000+00:00,1595030400003,2020-07-18T00:00:00.003000+00:00,0.0001,0.0
2020-07-18 08:00:00.001000+00:00,1595059200001,2020-07-18T08:00:00.001000+00:00,0.0001,0.0
2020-07-18 16:00:00+00:00,1595088000000,2020-07-18T16:00:00+00:00,0.0001,0.0
2020-07-19 00:00:00+00:00,1595116800000,2020-07-19T00:00:00+00:00,6.742e-05,0.0
2020-07-19 08:00:00+00:00,1595145600000,2020-07-19T08:00:00+00:00,0.0001,0.0
2020-07-19 16:00:00+00:00,1595174400000,2020-07-19T16:00:00+00:00,0.0001,0.0
2020-07-20 00:00:00+00:00,1595203200000,2020-07-20T00:00:00+00:00,0.0001,0.0
2020-07-20 08:00:00+00:00,1595232000000,2020-07-20T08:00:00+00:00,0.0001,0.0
2020-07-20 16:00:00.001000+00:00,1595260800001,2020-07-20T16:00:00.001000+00:00,0.0001,0.0
2020-07-21 00:00:00+00:00,1595289600000,2020-07-21T00:00:00+00:00,0.0001,0.0
2020-07-21 08:00:00.001000+00:00,1595318400001,2020-07-21T08:00:00.001000+00:00,-9.615e-05,0.0
2020-07-21 16:00:00.004000+00:00,1595347200004,2020-07-21T16:00:00.004000+00:00,-0.00015722,0.0
2020-07-22 00:00:00+00:00,1595376000000,2020-07-22T00:00:00+00:00,0.0001,0.0
2020-07-22 08:00:00+00:00,1595404800000,2020-07-22T08:00:00+00:00,0.0001,0.0
2020-07-22 16:00:00+00:00,1595433600000,2020-07-22T16:00:00+00:00,0.0001,0.0
2020-07-23 00:00:00.001000+00:00,1595462400001,2020-07-23T00:00:00.001000+00:00,0.0001,0.0
2020-07-23 08:00:00+00:00,1595491200000,2020-07-23T08:00:00+00:00,0.0001,0.0
2020-07-23 16:00:00.001000+00:00,1595520000001,2020-07-23T16:00:00.001000+00:00,0.0001,0.0
2020-07-24 00:00:00+00:00,1595548800000,2020-07-24T00:00:00+00:00,0.0001,0.0
2020-07-24 08:00:00+00:00,1595577600000,2020-07-24T08:00:00+00:00,0.0001,0.0
2020-07-24 16:00:00+00:00,1595606400000,2020-07-24T16:00:00+00:00,0.0001,0.0
2020-07-25 00:00:00+00:00,1595635200000,2020-07-25T00:00:00+00:00,0.00070046,0.0
2020-07-25 08:00:00.001000+00:00,1595664000001,2020-07-25T08:00:00.001000+00:00,0.0001,0.0
2020-07-25 16:00:00+00:00,1595692800000,2020-07-25T16:00:00+00:00,0.0001,0.0
2020-07-26 00:00:00+00:00,1595721600000,2020-07-26T00:00:00+00:00,0.0001,0.0
2020-07-26 08:00:00+00:00,1595750400000,2020-07-26T08:00:00+00:00,0.00013627,0.0
2020-07-26 16:00:00+00:00,1595779200000,2020-07-26T16:00:00+00:00,0.00079046,0.0
2020-07-27 00:00:00+00:00,1595808000000,2020-07-27T00:00:00+00:00,0.00129932,0.0
2020-07-27 08:00:00+00:00,1595836800000,2020-07-27T08:00:00+00:00,0.00105973,0.0
2020-07-27 16:00:00+00:00,1595865600000,2020-07-27T16:00:00+00:00,0.000376,0.0
2020-07-28 00:00:00+00:00,1595894400000,2020-07-28T00:00:00+00:00,0.00057024,0.0
2020-07-28 08:00:00.001000+00:00,1595923200001,2020-07-28T08:00:00.001000+00:00,0.00138453,0.0
2020-07-28 16:00:00+00:00,1595952000000,2020-07-28T16:00:00+00:00,0.00078786,0.0
2020-07-29 00:00:00+00:00,1595980800000,2020-07-29T00:00:00+00:00,0.00070978,0.0
2020-07-29 08:00:00+00:00,1596009600000,2020-07-29T08:00:00+00:00,0.00084151,0.0
2020-07-29 16:00:00+00:00,1596038400000,2020-07-29T16:00:00+00:00,0.0001652,0.0
2020-07-30 00:00:00+00:00,1596067200000,2020-07-30T00:00:00+00:00,0.00018144,0.0
2020-07-30 08:00:00.001000+00:00,1596096000001,2020-07-30T08:00:00.001000+00:00,0.0001,0.0
2020-07-30 16:00:00+00:00,1596124800000,2020-07-30T16:00:00+00:00,0.00059031,0.0
2020-07-31 00:00:00+00:00,1596153600000,2020-07-31T00:00:00+00:00,0.00078124,0.0
2020-07-31 08:00:00.001000+00:00,1596182400001,2020-07-31T08:00:00.001000+00:00,0.00066719,0.0
2020-07-31 16:00:00+00:00,1596211200000,2020-07-31T16:00:00+00:00,0.00075055,0.0
2020-08-01 00:00:00.005000+00:00,1596240000005,2020-08-01T00:00:00.005000+00:00,0.00156313,0.0
2020-08-01 08:00:00+00:00,1596268800000,2020-08-01T08:00:00+00:00,0.00128672,0.0
2020-08-01 16:00:00.001000+00:00,1596297600001,2020-08-01T16:00:00.001000+00:00,0.00110922,0.0
2020-08-02 00:00:00+00:00,1596326400000,2020-08-02T00:00:00+00:00,0.00348399,0.0
2020-08-02 08:00:00.001000+00:00,1596355200001,2020-08-02T08:00:00.001000+00:00,0.00156124,0.0
2020-08-02 16:00:00.001000+00:00,1596384000001,2020-08-02T16:00:00.001000+00:00,0.00061727,0.0
2020-08-03 00:00:00+00:00,1596412800000,2020-08-03T00:00:00+00:00,0.00012363,0.0
2020-08-03 08:00:00.001000+00:00,1596441600001,2020-08-03T08:00:00.001000+00:00,0.0003161,0.0
2020-08-03 16:00:00+00:00,1596470400000,2020-08-03T16:00:00+00:00,0.00126259,0.0
2020-08-04 00:00:00.003000+00:00,1596499200003,2020-08-04T00:00:00.003000+00:00,0.00070708,0.0
2020-08-04 08:00:00+00:00,1596528000000,2020-08-04T08:00:00+00:00,0.00129363,0.0
2020-08-04 16:00:00+00:00,1596556800000,2020-08-04T16:00:00+00:00,0.00037296,0.0
2020-08-05 00:00:00+00:00,1596585600000,2020-08-05T00:00:00+00:00,0.00095063,0.0
2020-08-05 08:00:00+00:00,1596614400000,2020-08-05T08:00:00+00:00,0.00059843,0.0
2020-08-05 16:00:00+00:00,1596643200000,2020-08-05T16:00:00+00:00,0.00068889,0.0
2020-08-06 00:00:00+00:00,1596672000000,2020-08-06T00:00:00+00:00,0.00068462,0.0
2020-08-06 08:00:00.007000+00:00,1596700800007,2020-08-06T08:00:00.007000+00:00,0.00061057,0.0
2020-08-06 16:00:00+00:00,1596729600000,2020-08-06T16:00:00+00:00,0.00095232,0.0
2020-08-07 00:00:00.001000+00:00,1596758400001,2020-08-07T00:00:00.001000+00:00,0.0010319,0.0
2020-08-07 08:00:00+00:00,1596787200000,2020-08-07T08:00:00+00:00,0.00081689,0.0
2020-08-07 16:00:00+00:00,1596816000000,2020-08-07T16:00:00+00:00,0.00062796,0.0
2020-08-08 00:00:00+00:00,1596844800000,2020-08-08T00:00:00+00:00,0.00058679,0.0
2020-08-08 08:00:00+00:00,1596873600000,2020-08-08T08:00:00+00:00,0.00047382,0.0
2020-08-08 16:00:00+00:00,1596902400000,2020-08-08T16:00:00+00:00,0.00064194,0.0
2020-08-09 00:00:00+00:00,1596931200000,2020-08-09T00:00:00+00:00,0.0012031,0.0
2020-08-09 08:00:00+00:00,1596960000000,2020-08-09T08:00:00+00:00,0.00177334,0.0
2020-08-09 16:00:00+00:00,1596988800000,2020-08-09T16:00:00+00:00,0.00076693,0.0
2020-08-10 00:00:00.001000+00:00,1597017600001,2020-08-10T00:00:00.001000+00:00,0.00107544,0.0
2020-08-10 08:00:00+00:00,1597046400000,2020-08-10T08:00:00+00:00,0.0018832,0.0
2020-08-10 16:00:00.001000+00:00,1597075200001,2020-08-10T16:00:00.001000+00:00,0.00185503,0.0
2020-08-11 00:00:00.001000+00:00,1597104000001,2020-08-11T00:00:00.001000+00:00,0.00087438,0.0
2020-08-11 08:00:00+00:00,1597132800000,2020-08-11T08:00:00+00:00,0.00108603,0.0
2020-08-11 16:00:00.001000+00:00,1597161600001,2020-08-11T16:00:00.001000+00:00,0.00080353,0.0
2020-08-12 00:00:00+00:00,1597190400000,2020-08-12T00:00:00+00:00,0.00037396,0.0
2020-08-12 08:00:00+00:00,1597219200000,2020-08-12T08:00:00+00:00,0.0001,0.0
2020-08-12 16:00:00+00:00,1597248000000,2020-08-12T16:00:00+00:00,0.0001,0.0
2020-08-13 00:00:00.002000+00:00,1597276800002,2020-08-13T00:00:00.002000+00:00,0.0001,0.0
2020-08-13 08:00:00+00:00,1597305600000,2020-08-13T08:00:00+00:00,0.00027852,0.0
2020-08-13 16:00:00+00:00,1597334400000,2020-08-13T16:00:00+00:00,0.00028005,0.0
2020-08-14 00:00:00+00:00,1597363200000,2020-08-14T00:00:00+00:00,0.0001,0.0
2020-08-14 08:00:00+00:00,1597392000000,2020-08-14T08:00:00+00:00,0.0006824,0.0
2020-08-14 16:00:00+00:00,1597420800000,2020-08-14T16:00:00+00:00,0.00062607,0.0
2020-08-15 00:00:00+00:00,1597449600000,2020-08-15T00:00:00+00:00,0.00046168,0.0
2020-08-15 08:00:00.001000+00:00,1597478400001,2020-08-15T08:00:00.001000+00:00,0.00038505,0.0
2020-08-15 16:00:00.001000+00:00,1597507200001,2020-08-15T16:00:00.001000+00:00,0.00108346,0.0
2020-08-16 00:00:00+00:00,1597536000000,2020-08-16T00:00:00+00:00,0.00090924,0.0
2020-08-16 08:00:00+00:00,1597564800000,2020-08-16T08:00:00+00:00,0.00089082,0.0
2020-08-16 16:00:00+00:00,1597593600000,2020-08-16T16:00:00+00:00,0.00096829,0.0
2020-08-17 00:00:00+00:00,1597622400000,2020-08-17T00:00:00+00:00,0.00092066,0.0
2020-08-17 08:00:00+00:00,1597651200000,2020-08-17T08:00:00+00:00,0.00082348,0.0
2020-08-17 16:00:00+00:00,1597680000000,2020-08-17T16:00:00+00:00,0.00135289,0.0
2020-08-18 00:00:00.001000+00:00,1597708800001,2020-08-18T00:00:00.001000+00:00,0.00204261,0.0
2020-08-18 08:00:00.008000+00:00,1597737600008,2020-08-18T08:00:00.008000+00:00,0.00121424,0.0
2020-08-18 16:00:00+00:00,1597766400000,2020-08-18T16:00:00+00:00,0.00064519,0.0
2020-08-19 00:00:00+00:00,1597795200000,2020-08-19T00:00:00+00:00,0.00053664,0.0
2020-08-19 08:00:00+00:00,1597824000000,2020-08-19T08:00:00+00:00,0.00017205,0.0
2020-08-19 16:00:00+00:00,1597852800000,2020-08-19T16:00:00+00:00,0.00044486,0.0
2020-08-20 00:00:00.001000+00:00,1597881600001,2020-08-20T00:00:00.001000+00:00,0.00075677,0.0
2020-08-20 08:00:00+00:00,1597910400000,2020-08-20T08:00:00+00:00,0.00069472,0.0
2020-08-20 16:00:00+00:00,1597939200000,2020-08-20T16:00:00+00:00,0.00046678,0.0
2020-08-21 00:00:00+00:00,1597968000000,2020-08-21T00:00:00+00:00,0.00042381,0.0
2020-08-21 08:00:00+00:00,1597996800000,2020-08-21T08:00:00+00:00,0.00048672,0.0
2020-08-21 16:00:00.017000+00:00,1598025600017,2020-08-21T16:00:00.017000+00:00,0.00057518,0.0
2020-08-22 00:00:00+00:00,1598054400000,2020-08-22T00:00:00+00:00,0.00021344,0.0
2020-08-22 08:00:00+00:00,1598083200000,2020-08-22T08:00:00+00:00,0.00016737,0.0
2020-08-22 16:00:00+00:00,1598112000000,2020-08-22T16:00:00+00:00,0.0001,0.0
2020-08-23 00:00:00+00:00,1598140800000,2020-08-23T00:00:00+00:00,0.0001,0.0
2020-08-23 08:00:00+00:00,1598169600000,2020-08-23T08:00:00+00:00,0.0001,0.0
2020-08-23 16:00:00+00:00,1598198400000,2020-08-23T16:00:00+00:00,0.00019438,0.0
2020-08-24 00:00:00.006000+00:00,1598227200006,2020-08-24T00:00:00.006000+00:00,0.00034166,0.0
2020-08-24 08:00:00.001000+00:00,1598256000001,2020-08-24T08:00:00.001000+00:00,0.00037527,0.0
2020-08-24 16:00:00+00:00,1598284800000,2020-08-24T16:00:00+00:00,0.00050463,0.0
2020-08-25 00:00:00+00:00,1598313600000,2020-08-25T00:00:00+00:00,0.00029286,0.0
2020-08-25 08:00:00+00:00,1598342400000,2020-08-25T08:00:00+00:00,0.00034793,0.0
2020-08-25 16:00:00+00:00,1598371200000,2020-08-25T16:00:00+00:00,0.00032867,0.0
2020-08-26 00:00:00+00:00,1598400000000,2020-08-26T00:00:00+00:00,0.0001,0.0
2020-08-26 08:00:00.008000+00:00,1598428800008,2020-08-26T08:00:00.008000+00:00,0.0005977,0.0
2020-08-26 16:00:00.002000+00:00,1598457600002,2020-08-26T16:00:00.002000+00:00,0.00044014,0.0
2020-08-27 00:00:00+00:00,1598486400000,2020-08-27T00:00:00+00:00,0.00023465,0.0
2020-08-27 08:00:00.010000+00:00,1598515200010,2020-08-27T08:00:00.010000+00:00,0.00065473,0.0
2020-08-27 16:00:00+00:00,1598544000000,2020-08-27T16:00:00+00:00,0.00058254,0.0
2020-08-28 00:00:00+00:00,1598572800000,2020-08-28T00:00:00+00:00,0.0001,0.0
2020-08-28 08:00:00.001000+00:00,1598601600001,2020-08-28T08:00:00.001000+00:00,0.0003419,0.0
2020-08-28 16:00:00+00:00,1598630400000,2020-08-28T16:00:00+00:00,0.00054318,0.0
2020-08-29 00:00:00.002000+00:00,1598659200002,2020-08-29T00:00:00.002000+00:00,0.00025466,0.0
2020-08-29 08:00:00.006000+00:00,1598688000006,2020-08-29T08:00:00.006000+00:00,0.00022672,0.0
2020-08-29 16:00:00.003000+00:00,1598716800003,2020-08-29T16:00:00.003000+00:00,0.00030547,0.0
2020-08-30 00:00:00+00:00,1598745600000,2020-08-30T00:00:00+00:00,0.0001,0.0
2020-08-30 08:00:00+00:00,1598774400000,2020-08-30T08:00:00+00:00,0.0001,0.0
2020-08-30 16:00:00+00:00,1598803200000,2020-08-30T16:00:00+00:00,0.0001,0.0
2020-08-31 00:00:00+00:00,1598832000000,2020-08-31T00:00:00+00:00,0.0001,0.0
2020-08-31 08:00:00.001000+00:00,1598860800001,2020-08-31T08:00:00.001000+00:00,0.0001,0.0
2020-08-31 16:00:00.001000+00:00,1598889600001,2020-08-31T16:00:00.001000+00:00,0.0001,0.0
2020-09-01 00:00:00+00:00,1598918400000,2020-09-01T00:00:00+00:00,0.00068848,0.0
2020-09-01 08:00:00+00:00,1598947200000,2020-09-01T08:00:00+00:00,0.00026299,0.0
2020-09-01 16:00:00+00:00,1598976000000,2020-09-01T16:00:00+00:00,0.00109514,0.0
2020-09-02 00:00:00+00:00,1599004800000,2020-09-02T00:00:00+00:00,0.00108725,0.0
2020-09-02 08:00:00.006000+00:00,1599033600006,2020-09-02T08:00:00.006000+00:00,0.00092472,0.0
2020-09-02 16:00:00+00:00,1599062400000,2020-09-02T16:00:00+00:00,0.00046674,0.0
2020-09-03 00:00:00.001000+00:00,1599091200001,2020-09-03T00:00:00.001000+00:00,0.00010628,0.0
2020-09-03 08:00:00.004000+00:00,1599120000004,2020-09-03T08:00:00.004000+00:00,0.00010869,0.0
2020-09-03 16:00:00+00:00,1599148800000,2020-09-03T16:00:00+00:00,0.0001,0.0
2020-09-04 00:00:00.005000+00:00,1599177600005,2020-09-04T00:00:00.005000+00:00,0.0001,0.0
2020-09-04 08:00:00+00:00,1599206400000,2020-09-04T08:00:00+00:00,0.0001,0.0
2020-09-04 16:00:00.006000+00:00,1599235200006,2020-09-04T16:00:00.006000+00:00,-0.00014177,0.0
2020-09-05 00:00:00+00:00,1599264000000,2020-09-05T00:00:00+00:00,-0.00022676,0.0
2020-09-05 08:00:00.004000+00:00,1599292800004,2020-09-05T08:00:00.004000+00:00,-0.00019387,0.0
2020-09-05 16:00:00.001000+00:00,1599321600001,2020-09-05T16:00:00.001000+00:00,0.0001,0.0
2020-09-06 00:00:00.004000+00:00,1599350400004,2020-09-06T00:00:00.004000+00:00,-6.054e-05,0.0
2020-09-06 08:00:00+00:00,1599379200000,2020-09-06T08:00:00+00:00,-0.00022377,0.0
2020-09-06 16:00:00+00:00,1599408000000,2020-09-06T16:00:00+00:00,0.0001,0.0
2020-09-07 00:00:00.002000+00:00,1599436800002,2020-09-07T00:00:00.002000+00:00,0.0001,0.0
2020-09-07 08:00:00.004000+00:00,1599465600004,2020-09-07T08:00:00.004000+00:00,0.0001,0.0
2020-09-07 16:00:00.001000+00:00,1599494400001,2020-09-07T16:00:00.001000+00:00,0.0001,0.0
2020-09-08 00:00:00.007000+00:00,1599523200007,2020-09-08T00:00:00.007000+00:00,0.0001,0.0
2020-09-08 08:00:00.006000+00:00,1599552000006,2020-09-08T08:00:00.006000+00:00,0.0001,0.0
2020-09-08 16:00:00.014000+00:00,1599580800014,2020-09-08T16:00:00.014000+00:00,0.0001,0.0
2020-09-09 00:00:00+00:00,1599609600000,2020-09-09T00:00:00+00:00,0.0001,0.0
2020-09-09 08:00:00+00:00,1599638400000,2020-09-09T08:00:00+00:00,0.0001,0.0
2020-09-09 16:00:00+00:00,1599667200000,2020-09-09T16:00:00+00:00,0.0001,0.0
2020-09-10 00:00:00+00:00,1599696000000,2020-09-10T00:00:00+00:00,0.0001,0.0
2020-09-10 08:00:00.005000+00:00,1599724800005,2020-09-10T08:00:00.005000+00:00,0.0001,0.0
2020-09-10 16:00:00+00:00,1599753600000,2020-09-10T16:00:00+00:00,0.0001,0.0
2020-09-11 00:00:00+00:00,1599782400000,2020-09-11T00:00:00+00:00,0.0001,0.0
2020-09-11 08:00:00.008000+00:00,1599811200008,2020-09-11T08:00:00.008000+00:00,0.0001,0.0
2020-09-11 16:00:00+00:00,1599840000000,2020-09-11T16:00:00+00:00,0.0001,0.0
2020-09-12 00:00:00.008000+00:00,1599868800008,2020-09-12T00:00:00.008000+00:00,0.0001,0.0
2020-09-12 08:00:00+00:00,1599897600000,2020-09-12T08:00:00+00:00,0.0001,0.0
2020-09-12 16:00:00.008000+00:00,1599926400008,2020-09-12T16:00:00.008000+00:00,0.0001,0.0
2020-09-13 00:00:00+00:00,1599955200000,2020-09-13T00:00:00+00:00,0.0001,0.0
2020-09-13 08:00:00+00:00,1599984000000,2020-09-13T08:00:00+00:00,0.0001,0.0
2020-09-13 16:00:00.004000+00:00,1600012800004,2020-09-13T16:00:00.004000+00:00,0.0001,0.0
2020-09-14 00:00:00.003000+00:00,1600041600003,2020-09-14T00:00:00.003000+00:00,0.0001,0.0
2020-09-14 08:00:00.008000+00:00,1600070400008,2020-09-14T08:00:00.008000+00:00,0.0001,0.0
2020-09-14 16:00:00+00:00,1600099200000,2020-09-14T16:00:00+00:00,0.0001,0.0
2020-09-15 00:00:00+00:00,1600128000000,2020-09-15T00:00:00+00:00,0.0001,0.0
2020-09-15 08:00:00.010000+00:00,1600156800010,2020-09-15T08:00:00.010000+00:00,0.0001,0.0
2020-09-15 16:00:00.003000+00:00,1600185600003,2020-09-15T16:00:00.003000+00:00,0.0001,0.0
2020-09-16 00:00:00.014000+00:00,1600214400014,2020-09-16T00:00:00.014000+00:00,0.0001,0.0
2020-09-16 08:00:00+00:00,1600243200000,2020-09-16T08:00:00+00:00,0.0001,0.0
2020-09-16 16:00:00.001000+00:00,1600272000001,2020-09-16T16:00:00.001000+00:00,0.0001,0.0
2020-09-17 00:00:00.006000+00:00,1600300800006,2020-09-17T00:00:00.006000+00:00,0.0001,0.0
2020-09-17 08:00:00.012000+00:00,1600329600012,2020-09-17T08:00:00.012000+00:00,0.0001,0.0
2020-09-17 16:00:00+00:00,1600358400000,2020-09-17T16:00:00+00:00,0.0001,0.0
2020-09-18 00:00:00.001000+00:00,1600387200001,2020-09-18T00:00:00.001000+00:00,0.0001,0.0
2020-09-18 08:00:00.002000+00:00,1600416000002,2020-09-18T08:00:00.002000+00:00,0.0001,0.0
2020-09-18 16:00:00.002000+00:00,1600444800002,2020-09-18T16:00:00.002000+00:00,0.0001,0.0
2020-09-19 00:00:00+00:00,1600473600000,2020-09-19T00:00:00+00:00,0.0001,0.0
2020-09-19 08:00:00.005000+00:00,1600502400005,2020-09-19T08:00:00.005000+00:00,0.0001,0.0
2020-09-19 16:00:00.008000+00:00,1600531200008,2020-09-19T16:00:00.008000+00:00,0.0001,0.0
2020-09-20 00:00:00.002000+00:00,1600560000002,2020-09-20T00:00:00.002000+00:00,0.0001,0.0
2020-09-20 08:00:00.005000+00:00,1600588800005,2020-09-20T08:00:00.005000+00:00,0.0001,0.0
2020-09-20 16:00:00.005000+00:00,1600617600005,2020-09-20T16:00:00.005000+00:00,0.0001,0.0
2020-09-21 00:00:00+00:00,1600646400000,2020-09-21T00:00:00+00:00,0.0001,0.0
2020-09-21 08:00:00.001000+00:00,1600675200001,2020-09-21T08:00:00.001000+00:00,0.0001,0.0
2020-09-21 16:00:00+00:00,1600704000000,2020-09-21T16:00:00+00:00,0.0001,0.0
2020-09-22 00:00:00.001000+00:00,1600732800001,2020-09-22T00:00:00.001000+00:00,0.0001,0.0
2020-09-22 08:00:00+00:00,1600761600000,2020-09-22T08:00:00+00:00,0.0001,0.0
2020-09-22 16:00:00.004000+00:00,1600790400004,2020-09-22T16:00:00.004000+00:00,0.0001,0.0
2020-09-23 00:00:00.007000+00:00,1600819200007,2020-09-23T00:00:00.007000+00:00,0.0001,0.0
2020-09-23 08:00:00.001000+00:00,1600848000001,2020-09-23T08:00:00.001000+00:00,0.0001,0.0
2020-09-23 16:00:00.001000+00:00,1600876800001,2020-09-23T16:00:00.001000+00:00,0.0001,0.0
2020-09-24 00:00:00+00:00,1600905600000,2020-09-24T00:00:00+00:00,0.0001,0.0
2020-09-24 08:00:00+00:00,1600934400000,2020-09-24T08:00:00+00:00,0.0001,0.0
2020-09-24 16:00:00+00:00,1600963200000,2020-09-24T16:00:00+00:00,0.0001,0.0
2020-09-25 00:00:00.009000+00:00,1600992000009,2020-09-25T00:00:00.009000+00:00,0.0001,0.0
2020-09-25 08:00:00.045000+00:00,1601020800045,2020-09-25T08:00:00.045000+00:00,0.0001,0.0
2020-09-25 16:00:00+00:00,1601049600000,2020-09-25T16:00:00+00:00,9.16e-06,0.0
2020-09-26 00:00:00+00:00,1601078400000,2020-09-26T00:00:00+00:00,0.0001,0.0
2020-09-26 08:00:00+00:00,1601107200000,2020-09-26T08:00:00+00:00,0.0001,0.0
2020-09-26 16:00:00.005000+00:00,1601136000005,2020-09-26T16:00:00.005000+00:00,0.0001,0.0
2020-09-27 00:00:00+00:00,1601164800000,2020-09-27T00:00:00+00:00,0.0001,0.0
2020-09-27 08:00:00+00:00,1601193600000,2020-09-27T08:00:00+00:00,0.0001,0.0
2020-09-27 16:00:00.019000+00:00,1601222400019,2020-09-27T16:00:00.019000+00:00,0.0001,0.0
2020-09-28 00:00:00.001000+00:00,1601251200001,2020-09-28T00:00:00.001000+00:00,0.0001,0.0
2020-09-28 08:00:00+00:00,1601280000000,2020-09-28T08:00:00+00:00,0.0001,0.0
2020-09-28 16:00:00.002000+00:00,1601308800002,2020-09-28T16:00:00.002000+00:00,0.0001,0.0
2020-09-29 00:00:00+00:00,1601337600000,2020-09-29T00:00:00+00:00,0.0001,0.0
2020-09-29 08:00:00+00:00,1601366400000,2020-09-29T08:00:00+00:00,0.0001,0.0
2020-09-29 16:00:00+00:00,1601395200000,2020-09-29T16:00:00+00:00,0.0001,0.0
2020-09-30 00:00:00.005000+00:00,1601424000005,2020-09-30T00:00:00.005000+00:00,0.0001,0.0
2020-09-30 08:00:00+00:00,1601452800000,2020-09-30T08:00:00+00:00,0.0001,0.0
2020-09-30 16:00:00+00:00,1601481600000,2020-09-30T16:00:00+00:00,0.0001,0.0
2020-10-01 00:00:00+00:00,1601510400000,2020-10-01T00:00:00+00:00,0.0001,0.0
2020-10-01 08:00:00+00:00,1601539200000,2020-10-01T08:00:00+00:00,0.0001,0.0
2020-10-01 16:00:00+00:00,1601568000000,2020-10-01T16:00:00+00:00,0.0001,0.0
2020-10-02 00:00:00.011000+00:00,1601596800011,2020-10-02T00:00:00.011000+00:00,0.0001,0.0
2020-10-02 08:00:00+00:00,1601625600000,2020-10-02T08:00:00+00:00,0.0001,0.0
2020-10-02 16:00:00.005000+00:00,1601654400005,2020-10-02T16:00:00.005000+00:00,0.0001,0.0
2020-10-03 00:00:00+00:00,1601683200000,2020-10-03T00:00:00+00:00,0.0001,0.0
2020-10-03 08:00:00.001000+00:00,1601712000001,2020-10-03T08:00:00.001000+00:00,0.0001,0.0
2020-10-03 16:00:00+00:00,1601740800000,2020-10-03T16:00:00+00:00,0.0001,0.0
2020-10-04 00:00:00+00:00,1601769600000,2020-10-04T00:00:00+00:00,0.0001,0.0
2020-10-04 08:00:00.003000+00:00,1601798400003,2020-10-04T08:00:00.003000+00:00,0.0001,0.0
2020-10-04 16:00:00.001000+00:00,1601827200001,2020-10-04T16:00:00.001000+00:00,0.0001,0.0
2020-10-05 00:00:00+00:00,1601856000000,2020-10-05T00:00:00+00:00,0.0001,0.0
2020-10-05 08:00:00+00:00,1601884800000,2020-10-05T08:00:00+00:00,0.0001,0.0
2020-10-05 16:00:00.012000+00:00,1601913600012,2020-10-05T16:00:00.012000+00:00,0.0001,0.0
2020-10-06 00:00:00+00:00,1601942400000,2020-10-06T00:00:00+00:00,0.0001,0.0
2020-10-06 08:00:00.005000+00:00,1601971200005,2020-10-06T08:00:00.005000+00:00,0.0001,0.0
2020-10-06 16:00:00+00:00,1602000000000,2020-10-06T16:00:00+00:00,0.0001,0.0
2020-10-07 00:00:00+00:00,1602028800000,2020-10-07T00:00:00+00:00,0.0001,0.0
2020-10-07 08:00:00+00:00,1602057600000,2020-10-07T08:00:00+00:00,0.0001,0.0
2020-10-07 16:00:00+00:00,1602086400000,2020-10-07T16:00:00+00:00,0.0001,0.0
2020-10-08 00:00:00+00:00,1602115200000,2020-10-08T00:00:00+00:00,0.0001,0.0
2020-10-08 08:00:00.009000+00:00,1602144000009,2020-10-08T08:00:00.009000+00:00,0.0001,0.0
2020-10-08 16:00:00.003000+00:00,1602172800003,2020-10-08T16:00:00.003000+00:00,0.0001,0.0
2020-10-09 00:00:00.001000+00:00,1602201600001,2020-10-09T00:00:00.001000+00:00,0.0001,0.0
2020-10-09 08:00:00+00:00,1602230400000,2020-10-09T08:00:00+00:00,0.0001,0.0
2020-10-09 16:00:00.004000+00:00,1602259200004,2020-10-09T16:00:00.004000+00:00,0.0001,0.0
2020-10-10 00:00:00.005000+00:00,1602288000005,2020-10-10T00:00:00.005000+00:00,0.0001,0.0
2020-10-10 08:00:00+00:00,1602316800000,2020-10-10T08:00:00+00:00,0.0001,0.0
2020-10-10 16:00:00.011000+00:00,1602345600011,2020-10-10T16:00:00.011000+00:00,0.0001,0.0
2020-10-11 00:00:00.002000+00:00,1602374400002,2020-10-11T00:00:00.002000+00:00,0.0001,0.0
2020-10-11 08:00:00.003000+00:00,1602403200003,2020-10-11T08:00:00.003000+00:00,0.0001,0.0
2020-10-11 16:00:00.004000+00:00,1602432000004,2020-10-11T16:00:00.004000+00:00,0.0001,0.0
2020-10-12 00:00:00.001000+00:00,1602460800001,2020-10-12T00:00:00.001000+00:00,0.0001,0.0
2020-10-12 08:00:00+00:00,1602489600000,2020-10-12T08:00:00+00:00,0.0001,0.0
2020-10-12 16:00:00.011000+00:00,1602518400011,2020-10-12T16:00:00.011000+00:00,0.0001,0.0
2020-10-13 00:00:00.003000+00:00,1602547200003,2020-10-13T00:00:00.003000+00:00,0.0001,0.0
2020-10-13 08:00:00+00:00,1602576000000,2020-10-13T08:00:00+00:00,0.0001,0.0
2020-10-13 16:00:00.001000+00:00,1602604800001,2020-10-13T16:00:00.001000+00:00,0.0001,0.0
2020-10-14 00:00:00.001000+00:00,1602633600001,2020-10-14T00:00:00.001000+00:00,0.0001,0.0
2020-10-14 08:00:00+00:00,1602662400000,2020-10-14T08:00:00+00:00,0.0001,0.0
2020-10-14 16:00:00.001000+00:00,1602691200001,2020-10-14T16:00:00.001000+00:00,0.0001,0.0
2020-10-15 00:00:00+00:00,1602720000000,2020-10-15T00:00:00+00:00,0.0001,0.0
2020-10-15 08:00:00+00:00,1602748800000,2020-10-15T08:00:00+00:00,0.0001,0.0
2020-10-15 16:00:00+00:00,1602777600000,2020-10-15T16:00:00+00:00,0.0001,0.0
2020-10-16 00:00:00.002000+00:00,1602806400002,2020-10-16T00:00:00.002000+00:00,0.0001,0.0
2020-10-16 08:00:00.003000+00:00,1602835200003,2020-10-16T08:00:00.003000+00:00,0.0001,0.0
2020-10-16 16:00:00+00:00,1602864000000,2020-10-16T16:00:00+00:00,0.0001,0.0
2020-10-17 00:00:00.006000+00:00,1602892800006,2020-10-17T00:00:00.006000+00:00,0.0001,0.0
2020-10-17 08:00:00.007000+00:00,1602921600007,2020-10-17T08:00:00.007000+00:00,0.0001,0.0
2020-10-17 16:00:00.009000+00:00,1602950400009,2020-10-17T16:00:00.009000+00:00,0.0001,0.0
2020-10-18 00:00:00.006000+00:00,1602979200006,2020-10-18T00:00:00.006000+00:00,0.0001,0.0
2020-10-18 08:00:00+00:00,1603008000000,2020-10-18T08:00:00+00:00,0.0001,0.0
2020-10-18 16:00:00+00:00,1603036800000,2020-10-18T16:00:00+00:00,0.0001,0.0
2020-10-19 00:00:00+00:00,1603065600000,2020-10-19T00:00:00+00:00,0.0001,0.0
2020-10-19 08:00:00+00:00,1603094400000,2020-10-19T08:00:00+00:00,0.0001,0.0
2020-10-19 16:00:00+00:00,1603123200000,2020-10-19T16:00:00+00:00,0.0001,0.0
2020-10-20 00:00:00.015000+00:00,1603152000015,2020-10-20T00:00:00.015000+00:00,0.00018499,0.0
2020-10-20 08:00:00+00:00,1603180800000,2020-10-20T08:00:00+00:00,0.0001,0.0
2020-10-20 16:00:00.008000+00:00,1603209600008,2020-10-20T16:00:00.008000+00:00,0.0001,0.0
2020-10-21 00:00:00.009000+00:00,1603238400009,2020-10-21T00:00:00.009000+00:00,0.0001,0.0
2020-10-21 08:00:00.004000+00:00,1603267200004,2020-10-21T08:00:00.004000+00:00,0.0001,0.0
2020-10-21 16:00:00+00:00,1603296000000,2020-10-21T16:00:00+00:00,0.00036453,0.0
2020-10-22 00:00:00+00:00,1603324800000,2020-10-22T00:00:00+00:00,0.00040943,0.0
2020-10-22 08:00:00+00:00,1603353600000,2020-10-22T08:00:00+00:00,0.00035498,0.0
2020-10-22 16:00:00.004000+00:00,1603382400004,2020-10-22T16:00:00.004000+00:00,0.00037521,0.0
2020-10-23 00:00:00.007000+00:00,1603411200007,2020-10-23T00:00:00.007000+00:00,0.00091867,0.0
2020-10-23 08:00:00+00:00,1603440000000,2020-10-23T08:00:00+00:00,0.00093327,0.0
2020-10-23 16:00:00+00:00,1603468800000,2020-10-23T16:00:00+00:00,0.00026707,0.0
2020-10-24 00:00:00+00:00,1603497600000,2020-10-24T00:00:00+00:00,0.0001,0.0
2020-10-24 08:00:00+00:00,1603526400000,2020-10-24T08:00:00+00:00,0.00021483,0.0
2020-10-24 16:00:00.008000+00:00,1603555200008,2020-10-24T16:00:00.008000+00:00,0.00039696,0.0
2020-10-25 00:00:00.005000+00:00,1603584000005,2020-10-25T00:00:00.005000+00:00,0.00045814,0.0
2020-10-25 08:00:00.014000+00:00,1603612800014,2020-10-25T08:00:00.014000+00:00,0.00018564,0.0
2020-10-25 16:00:00+00:00,1603641600000,2020-10-25T16:00:00+00:00,0.00063216,0.0
2020-10-26 00:00:00.004000+00:00,1603670400004,2020-10-26T00:00:00.004000+00:00,0.00025675,0.0
2020-10-26 08:00:00+00:00,1603699200000,2020-10-26T08:00:00+00:00,0.0001,0.0
2020-10-26 16:00:00+00:00,1603728000000,2020-10-26T16:00:00+00:00,0.0001,0.0
2020-10-27 00:00:00+00:00,1603756800000,2020-10-27T00:00:00+00:00,0.0001,0.0
2020-10-27 08:00:00+00:00,1603785600000,2020-10-27T08:00:00+00:00,0.0001,0.0
2020-10-27 16:00:00+00:00,1603814400000,2020-10-27T16:00:00+00:00,0.00010023,0.0
2020-10-28 00:00:00+00:00,1603843200000,2020-10-28T00:00:00+00:00,0.0001,0.0
2020-10-28 08:00:00.006000+00:00,1603872000006,2020-10-28T08:00:00.006000+00:00,0.0001,0.0
2020-10-28 16:00:00.001000+00:00,1603900800001,2020-10-28T16:00:00.001000+00:00,0.0001,0.0
2020-10-29 00:00:00+00:00,1603929600000,2020-10-29T00:00:00+00:00,0.0001,0.0
2020-10-29 08:00:00+00:00,1603958400000,2020-10-29T08:00:00+00:00,0.0001,0.0
2020-10-29 16:00:00+00:00,1603987200000,2020-10-29T16:00:00+00:00,0.0001,0.0
2020-10-30 00:00:00+00:00,1604016000000,2020-10-30T00:00:00+00:00,0.0001,0.0
2020-10-30 08:00:00.002000+00:00,1604044800002,2020-10-30T08:00:00.002000+00:00,0.0001,0.0
2020-10-30 16:00:00.002000+00:00,1604073600002,2020-10-30T16:00:00.002000+00:00,0.0001,0.0
2020-10-31 00:00:00.003000+00:00,1604102400003,2020-10-31T00:00:00.003000+00:00,0.0001,0.0
2020-10-31 08:00:00+00:00,1604131200000,2020-10-31T08:00:00+00:00,0.0001,0.0
2020-10-31 16:00:00+00:00,1604160000000,2020-10-31T16:00:00+00:00,0.0001,0.0
2020-11-01 00:00:00+00:00,1604188800000,2020-11-01T00:00:00+00:00,0.0001,0.0
2020-11-01 08:00:00+00:00,1604217600000,2020-11-01T08:00:00+00:00,0.0001,0.0
2020-11-01 16:00:00+00:00,1604246400000,2020-11-01T16:00:00+00:00,0.0001,0.0
2020-11-02 00:00:00+00:00,1604275200000,2020-11-02T00:00:00+00:00,0.0001,0.0
2020-11-02 08:00:00.010000+00:00,1604304000010,2020-11-02T08:00:00.010000+00:00,0.0001,0.0
2020-11-02 16:00:00+00:00,1604332800000,2020-11-02T16:00:00+00:00,0.0001,0.0
2020-11-03 00:00:00+00:00,1604361600000,2020-11-03T00:00:00+00:00,0.0001,0.0
2020-11-03 08:00:00.004000+00:00,1604390400004,2020-11-03T08:00:00.004000+00:00,0.0001,0.0
2020-11-03 16:00:00.009000+00:00,1604419200009,2020-11-03T16:00:00.009000+00:00,0.0001,0.0
2020-11-04 00:00:00+00:00,1604448000000,2020-11-04T00:00:00+00:00,0.0001,0.0
2020-11-04 08:00:00+00:00,1604476800000,2020-11-04T08:00:00+00:00,0.0001,0.0
2020-11-04 16:00:00.005000+00:00,1604505600005,2020-11-04T16:00:00.005000+00:00,0.0001,0.0
2020-11-05 00:00:00.017000+00:00,1604534400017,2020-11-05T00:00:00.017000+00:00,0.0001,0.0
2020-11-05 08:00:00.001000+00:00,1604563200001,2020-11-05T08:00:00.001000+00:00,0.0001,0.0
2020-11-05 16:00:00+00:00,1604592000000,2020-11-05T16:00:00+00:00,0.0001,0.0
2020-11-06 00:00:00+00:00,1604620800000,2020-11-06T00:00:00+00:00,0.0001,0.0
2020-11-06 08:00:00.001000+00:00,1604649600001,2020-11-06T08:00:00.001000+00:00,0.00052542,0.0
2020-11-06 16:00:00.001000+00:00,1604678400001,2020-11-06T16:00:00.001000+00:00,0.00072317,0.0
2020-11-07 00:00:00.001000+00:00,1604707200001,2020-11-07T00:00:00.001000+00:00,0.0006246,0.0
2020-11-07 08:00:00+00:00,1604736000000,2020-11-07T08:00:00+00:00,0.0011637,0.0
2020-11-07 16:00:00.006000+00:00,1604764800006,2020-11-07T16:00:00.006000+00:00,0.0007845,0.0
2020-11-08 00:00:00+00:00,1604793600000,2020-11-08T00:00:00+00:00,0.00034847,0.0
2020-11-08 08:00:00+00:00,1604822400000,2020-11-08T08:00:00+00:00,0.00028003,0.0
2020-11-08 16:00:00+00:00,1604851200000,2020-11-08T16:00:00+00:00,0.00056535,0.0
2020-11-09 00:00:00.007000+00:00,1604880000007,2020-11-09T00:00:00.007000+00:00,0.0003203,0.0
2020-11-09 08:00:00.001000+00:00,1604908800001,2020-11-09T08:00:00.001000+00:00,0.0001,0.0
2020-11-09 16:00:00.002000+00:00,1604937600002,2020-11-09T16:00:00.002000+00:00,0.0001,0.0
2020-11-10 00:00:00.003000+00:00,1604966400003,2020-11-10T00:00:00.003000+00:00,0.00016406,0.0
2020-11-10 08:00:00.011000+00:00,1604995200011,2020-11-10T08:00:00.011000+00:00,0.00068452,0.0
2020-11-10 16:00:00+00:00,1605024000000,2020-11-10T16:00:00+00:00,0.00033043,0.0
2020-11-11 00:00:00+00:00,1605052800000,2020-11-11T00:00:00+00:00,0.0001,0.0
2020-11-11 08:00:00.009000+00:00,1605081600009,2020-11-11T08:00:00.009000+00:00,0.00054483,0.0
2020-11-11 16:00:00.003000+00:00,1605110400003,2020-11-11T16:00:00.003000+00:00,0.00060941,0.0
2020-11-12 00:00:00.001000+00:00,1605139200001,2020-11-12T00:00:00.001000+00:00,0.00045454,0.0
2020-11-12 08:00:00.001000+00:00,1605168000001,2020-11-12T08:00:00.001000+00:00,0.0001,0.0
2020-11-12 16:00:00+00:00,1605196800000,2020-11-12T16:00:00+00:00,0.0001,0.0
2020-11-13 00:00:00+00:00,1605225600000,2020-11-13T00:00:00+00:00,0.0001,0.0
2020-11-13 08:00:00+00:00,1605254400000,2020-11-13T08:00:00+00:00,0.00017043,0.0
2020-11-13 16:00:00+00:00,1605283200000,2020-11-13T16:00:00+00:00,0.00034274,0.0
2020-11-14 00:00:00.005000+00:00,1605312000005,2020-11-14T00:00:00.005000+00:00,0.0001,0.0
2020-11-14 08:00:00.004000+00:00,1605340800004,2020-11-14T08:00:00.004000+00:00,0.0001,0.0
2020-11-14 16:00:00.001000+00:00,1605369600001,2020-11-14T16:00:00.001000+00:00,0.0001,0.0
2020-11-15 00:00:00.001000+00:00,1605398400001,2020-11-15T00:00:00.001000+00:00,0.00051871,0.0
2020-11-15 08:00:00+00:00,1605427200000,2020-11-15T08:00:00+00:00,0.00045728,0.0
2020-11-15 16:00:00.003000+00:00,1605456000003,2020-11-15T16:00:00.003000+00:00,0.00034495,0.0
2020-11-16 00:00:00+00:00,1605484800000,2020-11-16T00:00:00+00:00,0.0001,0.0
2020-11-16 08:00:00.010000+00:00,1605513600010,2020-11-16T08:00:00.010000+00:00,0.0001,0.0
2020-11-16 16:00:00.001000+00:00,1605542400001,2020-11-16T16:00:00.001000+00:00,0.00011696,0.0
2020-11-17 00:00:00.002000+00:00,1605571200002,2020-11-17T00:00:00.002000+00:00,0.0001944,0.0
2020-11-17 08:00:00.003000+00:00,1605600000003,2020-11-17T08:00:00.003000+00:00,0.00053057,0.0
2020-11-17 16:00:00.003000+00:00,1605628800003,2020-11-17T16:00:00.003000+00:00,0.0007502,0.0
2020-11-18 00:00:00.005000+00:00,1605657600005,2020-11-18T00:00:00.005000+00:00,0.00125247,0.0
2020-11-18 08:00:00.006000+00:00,1605686400006,2020-11-18T08:00:00.006000+00:00,0.00051139,0.0
2020-11-18 16:00:00+00:00,1605715200000,2020-11-18T16:00:00+00:00,0.00038086,0.0
2020-11-19 00:00:00.008000+00:00,1605744000008,2020-11-19T00:00:00.008000+00:00,0.00030171,0.0
2020-11-19 08:00:00+00:00,1605772800000,2020-11-19T08:00:00+00:00,0.0001,0.0
2020-11-19 16:00:00.001000+00:00,1605801600001,2020-11-19T16:00:00.001000+00:00,0.00048558,0.0
2020-11-20 00:00:00.003000+00:00,1605830400003,2020-11-20T00:00:00.003000+00:00,0.00029201,0.0
2020-11-20 08:00:00.005000+00:00,1605859200005,2020-11-20T08:00:00.005000+00:00,0.00057812,0.0
2020-11-20 16:00:00+00:00,1605888000000,2020-11-20T16:00:00+00:00,0.00107436,0.0
2020-11-21 00:00:00+00:00,1605916800000,2020-11-21T00:00:00+00:00,0.00100388,0.0
2020-11-21 08:00:00+00:00,1605945600000,2020-11-21T08:00:00+00:00,0.00051915,0.0
2020-11-21 16:00:00.001000+00:00,1605974400001,2020-11-21T16:00:00.001000+00:00,0.00124532,0.0
2020-11-22 00:00:00.005000+00:00,1606003200005,2020-11-22T00:00:00.005000+00:00,0.00108532,0.0
2020-11-22 08:00:00+00:00,1606032000000,2020-11-22T08:00:00+00:00,0.00078688,0.0
2020-11-22 16:00:00+00:00,1606060800000,2020-11-22T16:00:00+00:00,0.0005879,0.0
2020-11-23 00:00:00.005000+00:00,1606089600005,2020-11-23T00:00:00.005000+00:00,0.00134389,0.0
2020-11-23 08:00:00+00:00,1606118400000,2020-11-23T08:00:00+00:00,0.00142322,0.0
2020-11-23 16:00:00.003000+00:00,1606147200003,2020-11-23T16:00:00.003000+00:00,0.00106368,0.0
2020-11-24 00:00:00+00:00,1606176000000,2020-11-24T00:00:00+00:00,0.00058102,0.0
2020-11-24 08:00:00+00:00,1606204800000,2020-11-24T08:00:00+00:00,0.00185976,0.0
2020-11-24 16:00:00.005000+00:00,1606233600005,2020-11-24T16:00:00.005000+00:00,0.00137041,0.0
2020-11-25 00:00:00.005000+00:00,1606262400005,2020-11-25T00:00:00.005000+00:00,0.00081203,0.0
2020-11-25 08:00:00.005000+00:00,1606291200005,2020-11-25T08:00:00.005000+00:00,0.00080923,0.0
2020-11-25 16:00:00.015000+00:00,1606320000015,2020-11-25T16:00:00.015000+00:00,0.00232423,0.0
2020-11-26 00:00:00.012000+00:00,1606348800012,2020-11-26T00:00:00.012000+00:00,0.00058753,0.0
2020-11-26 08:00:00.002000+00:00,1606377600002,2020-11-26T08:00:00.002000+00:00,-0.00022132,0.0
2020-11-26 16:00:00.001000+00:00,1606406400001,2020-11-26T16:00:00.001000+00:00,0.0001,0.0
2020-11-27 00:00:00.001000+00:00,1606435200001,2020-11-27T00:00:00.001000+00:00,0.0001,0.0
2020-11-27 08:00:00+00:00,1606464000000,2020-11-27T08:00:00+00:00,0.0001,0.0
2020-11-27 16:00:00.007000+00:00,1606492800007,2020-11-27T16:00:00.007000+00:00,0.0001,0.0
2020-11-28 00:00:00.007000+00:00,1606521600007,2020-11-28T00:00:00.007000+00:00,0.0001,0.0
2020-11-28 08:00:00.012000+00:00,1606550400012,2020-11-28T08:00:00.012000+00:00,0.0001,0.0
2020-11-28 16:00:00+00:00,1606579200000,2020-11-28T16:00:00+00:00,0.00054652,0.0
2020-11-29 00:00:00.007000+00:00,1606608000007,2020-11-29T00:00:00.007000+00:00,0.0001,0.0
2020-11-29 08:00:00+00:00,1606636800000,2020-11-29T08:00:00+00:00,0.00075805,0.0
2020-11-29 16:00:00+00:00,1606665600000,2020-11-29T16:00:00+00:00,0.0001,0.0
2020-11-30 00:00:00.004000+00:00,1606694400004,2020-11-30T00:00:00.004000+00:00,0.00032619,0.0
2020-11-30 08:00:00.007000+00:00,1606723200007,2020-11-30T08:00:00.007000+00:00,0.00072611,0.0
2020-11-30 16:00:00+00:00,1606752000000,2020-11-30T16:00:00+00:00,0.00037889,0.0
2020-12-01 00:00:00+00:00,1606780800000,2020-12-01T00:00:00+00:00,0.00067963,0.0
2020-12-01 08:00:00.003000+00:00,1606809600003,2020-12-01T08:00:00.003000+00:00,0.00114229,0.0
2020-12-01 16:00:00+00:00,1606838400000,2020-12-01T16:00:00+00:00,0.0001,0.0
2020-12-02 00:00:00.001000+00:00,1606867200001,2020-12-02T00:00:00.001000+00:00,0.0001,0.0
2020-12-02 08:00:00.011000+00:00,1606896000011,2020-12-02T08:00:00.011000+00:00,0.0001,0.0
2020-12-02 16:00:00.005000+00:00,1606924800005,2020-12-02T16:00:00.005000+00:00,0.00011491,0.0
2020-12-03 00:00:00.001000+00:00,1606953600001,2020-12-03T00:00:00.001000+00:00,0.0001,0.0
2020-12-03 08:00:00.031000+00:00,1606982400031,2020-12-03T08:00:00.031000+00:00,0.00011395,0.0
2020-12-03 16:00:00+00:00,1607011200000,2020-12-03T16:00:00+00:00,0.00064655,0.0
2020-12-04 00:00:00.006000+00:00,1607040000006,2020-12-04T00:00:00.006000+00:00,0.00066433,0.0
2020-12-04 08:00:00.009000+00:00,1607068800009,2020-12-04T08:00:00.009000+00:00,0.00016837,0.0
2020-12-04 16:00:00+00:00,1607097600000,2020-12-04T16:00:00+00:00,0.0001,0.0
2020-12-05 00:00:00+00:00,1607126400000,2020-12-05T00:00:00+00:00,0.0001,0.0
2020-12-05 08:00:00+00:00,1607155200000,2020-12-05T08:00:00+00:00,0.0001,0.0
2020-12-05 16:00:00+00:00,1607184000000,2020-12-05T16:00:00+00:00,0.00025862,0.0
2020-12-06 00:00:00.004000+00:00,1607212800004,2020-12-06T00:00:00.004000+00:00,0.0001,0.0
2020-12-06 08:00:00+00:00,1607241600000,2020-12-06T08:00:00+00:00,0.0001,0.0
2020-12-06 16:00:00.001000+00:00,1607270400001,2020-12-06T16:00:00.001000+00:00,0.0001,0.0
2020-12-07 00:00:00+00:00,1607299200000,2020-12-07T00:00:00+00:00,0.0001,0.0
2020-12-07 08:00:00.008000+00:00,1607328000008,2020-12-07T08:00:00.008000+00:00,0.00027608,0.0
2020-12-07 16:00:00+00:00,1607356800000,2020-12-07T16:00:00+00:00,0.0001096,0.0
2020-12-08 00:00:00.003000+00:00,1607385600003,2020-12-08T00:00:00.003000+00:00,0.0001013,0.0
2020-12-08 08:00:00.003000+00:00,1607414400003,2020-12-08T08:00:00.003000+00:00,0.00029836,0.0
2020-12-08 16:00:00.033000+00:00,1607443200033,2020-12-08T16:00:00.033000+00:00,0.0001,0.0
2020-12-09 00:00:00+00:00,1607472000000,2020-12-09T00:00:00+00:00,0.0001,0.0
2020-12-09 08:00:00.010000+00:00,1607500800010,2020-12-09T08:00:00.010000+00:00,0.0001,0.0
2020-12-09 16:00:00+00:00,1607529600000,2020-12-09T16:00:00+00:00,0.0001,0.0
2020-12-10 00:00:00+00:00,1607558400000,2020-12-10T00:00:00+00:00,0.0001,0.0
2020-12-10 08:00:00+00:00,1607587200000,2020-12-10T08:00:00+00:00,0.0001,0.0
2020-12-10 16:00:00.007000+00:00,1607616000007,2020-12-10T16:00:00.007000+00:00,0.0001,0.0
2020-12-11 00:00:00+00:00,1607644800000,2020-12-11T00:00:00+00:00,0.0001,0.0
2020-12-11 08:00:00.016000+00:00,1607673600016,2020-12-11T08:00:00.016000+00:00,0.0001,0.0
2020-12-11 16:00:00.010000+00:00,1607702400010,2020-12-11T16:00:00.010000+00:00,0.0001,0.0
2020-12-12 00:00:00.009000+00:00,1607731200009,2020-12-12T00:00:00.009000+00:00,0.0001,0.0
2020-12-12 08:00:00.002000+00:00,1607760000002,2020-12-12T08:00:00.002000+00:00,0.0001,0.0
2020-12-12 16:00:00+00:00,1607788800000,2020-12-12T16:00:00+00:00,0.0001,0.0
2020-12-13 00:00:00.007000+00:00,1607817600007,2020-12-13T00:00:00.007000+00:00,0.0001,0.0
2020-12-13 08:00:00+00:00,1607846400000,2020-12-13T08:00:00+00:00,0.0001,0.0
2020-12-13 16:00:00+00:00,1607875200000,2020-12-13T16:00:00+00:00,0.0001,0.0
2020-12-14 00:00:00+00:00,1607904000000,2020-12-14T00:00:00+00:00,0.0001,0.0
2020-12-14 08:00:00+00:00,1607932800000,2020-12-14T08:00:00+00:00,0.0001,0.0
2020-12-14 16:00:00+00:00,1607961600000,2020-12-14T16:00:00+00:00,0.00015108,0.0
2020-12-15 00:00:00.006000+00:00,1607990400006,2020-12-15T00:00:00.006000+00:00,0.0001,0.0
2020-12-15 08:00:00.001000+00:00,1608019200001,2020-12-15T08:00:00.001000+00:00,0.00012284,0.0
2020-12-15 16:00:00+00:00,1608048000000,2020-12-15T16:00:00+00:00,0.0001,0.0
2020-12-16 00:00:00.001000+00:00,1608076800001,2020-12-16T00:00:00.001000+00:00,0.0001,0.0
2020-12-16 08:00:00+00:00,1608105600000,2020-12-16T08:00:00+00:00,0.0001,0.0
2020-12-16 16:00:00+00:00,1608134400000,2020-12-16T16:00:00+00:00,0.00042037,0.0
2020-12-17 00:00:00+00:00,1608163200000,2020-12-17T00:00:00+00:00,0.00058361,0.0
2020-12-17 08:00:00+00:00,1608192000000,2020-12-17T08:00:00+00:00,0.00066412,0.0
2020-12-17 16:00:00.011000+00:00,1608220800011,2020-12-17T16:00:00.011000+00:00,0.00128598,0.0
2020-12-18 00:00:00+00:00,1608249600000,2020-12-18T00:00:00+00:00,0.0004405,0.0
2020-12-18 08:00:00+00:00,1608278400000,2020-12-18T08:00:00+00:00,0.00049331,0.0
2020-12-18 16:00:00+00:00,1608307200000,2020-12-18T16:00:00+00:00,0.00060109,0.0
2020-12-19 00:00:00+00:00,1608336000000,2020-12-19T00:00:00+00:00,0.00032129,0.0
2020-12-19 08:00:00.018000+00:00,1608364800018,2020-12-19T08:00:00.018000+00:00,0.00044475,0.0
2020-12-19 16:00:00+00:00,1608393600000,2020-12-19T16:00:00+00:00,0.0007515,0.0
2020-12-20 00:00:00.001000+00:00,1608422400001,2020-12-20T00:00:00.001000+00:00,0.00057351,0.0
2020-12-20 08:00:00.011000+00:00,1608451200011,2020-12-20T08:00:00.011000+00:00,0.00022894,0.0
2020-12-20 16:00:00.023000+00:00,1608480000023,2020-12-20T16:00:00.023000+00:00,0.00052711,0.0
2020-12-21 00:00:00.011000+00:00,1608508800011,2020-12-21T00:00:00.011000+00:00,0.00025105,0.0
2020-12-21 08:00:00+00:00,1608537600000,2020-12-21T08:00:00+00:00,0.00017568,0.0
2020-12-21 16:00:00+00:00,1608566400000,2020-12-21T16:00:00+00:00,0.0001,0.0
2020-12-22 00:00:00.001000+00:00,1608595200001,2020-12-22T00:00:00.001000+00:00,0.0001,0.0
2020-12-22 08:00:00.006000+00:00,1608624000006,2020-12-22T08:00:00.006000+00:00,0.0001,0.0
2020-12-22 16:00:00+00:00,1608652800000,2020-12-22T16:00:00+00:00,0.0001,0.0
2020-12-23 00:00:00+00:00,1608681600000,2020-12-23T00:00:00+00:00,0.0001,0.0
2020-12-23 08:00:00+00:00,1608710400000,2020-12-23T08:00:00+00:00,0.0001,0.0
2020-12-23 16:00:00+00:00,1608739200000,2020-12-23T16:00:00+00:00,0.0001,0.0
2020-12-24 00:00:00.012000+00:00,1608768000012,2020-12-24T00:00:00.012000+00:00,0.0001,0.0
2020-12-24 08:00:00.009000+00:00,1608796800009,2020-12-24T08:00:00.009000+00:00,0.0001,0.0
2020-12-24 16:00:00.001000+00:00,1608825600001,2020-12-24T16:00:00.001000+00:00,0.0001,0.0
2020-12-25 00:00:00+00:00,1608854400000,2020-12-25T00:00:00+00:00,0.0001,0.0
2020-12-25 08:00:00+00:00,1608883200000,2020-12-25T08:00:00+00:00,0.0001,0.0
2020-12-25 16:00:00+00:00,1608912000000,2020-12-25T16:00:00+00:00,0.00039522,0.0
2020-12-26 00:00:00.009000+00:00,1608940800009,2020-12-26T00:00:00.009000+00:00,0.00030653,0.0
2020-12-26 08:00:00.001000+00:00,1608969600001,2020-12-26T08:00:00.001000+00:00,0.0001,0.0
2020-12-26 16:00:00.006000+00:00,1608998400006,2020-12-26T16:00:00.006000+00:00,0.0001,0.0
2020-12-27 00:00:00+00:00,1609027200000,2020-12-27T00:00:00+00:00,0.00044204,0.0
2020-12-27 08:00:00+00:00,1609056000000,2020-12-27T08:00:00+00:00,0.00062196,0.0
2020-12-27 16:00:00.001000+00:00,1609084800001,2020-12-27T16:00:00.001000+00:00,0.00039202,0.0
2020-12-28 00:00:00.015000+00:00,1609113600015,2020-12-28T00:00:00.015000+00:00,0.00024154,0.0
2020-12-28 08:00:00.019000+00:00,1609142400019,2020-12-28T08:00:00.019000+00:00,0.00043728,0.0
2020-12-28 16:00:00+00:00,1609171200000,2020-12-28T16:00:00+00:00,0.00059508,0.0
2020-12-29 00:00:00.004000+00:00,1609200000004,2020-12-29T00:00:00.004000+00:00,0.00055118,0.0
2020-12-29 08:00:00.003000+00:00,1609228800003,2020-12-29T08:00:00.003000+00:00,0.0005121,0.0
2020-12-29 16:00:00+00:00,1609257600000,2020-12-29T16:00:00+00:00,0.00017421,0.0
2020-12-30 00:00:00.001000+00:00,1609286400001,2020-12-30T00:00:00.001000+00:00,0.0001,0.0
2020-12-30 08:00:00.001000+00:00,1609315200001,2020-12-30T08:00:00.001000+00:00,0.0002339,0.0
2020-12-30 16:00:00.012000+00:00,1609344000012,2020-12-30T16:00:00.012000+00:00,0.0001,0.0
2020-12-31 00:00:00.009000+00:00,1609372800009,2020-12-31T00:00:00.009000+00:00,0.0001,0.0
2020-12-31 08:00:00+00:00,1609401600000,2020-12-31T08:00:00+00:00,0.00032175,0.0
2020-12-31 16:00:00.010000+00:00,1609430400010,2020-12-31T16:00:00.010000+00:00,0.0001,0.0
2021-01-01 00:00:00.002000+00:00,1609459200002,2021-01-01T00:00:00.002000+00:00,0.00026907,0.0
2021-01-01 08:00:00.006000+00:00,1609488000006,2021-01-01T08:00:00.006000+00:00,0.00047742,0.0
2021-01-01 16:00:00.003000+00:00,1609516800003,2021-01-01T16:00:00.003000+00:00,0.00042722,0.0
2021-01-02 00:00:00+00:00,1609545600000,2021-01-02T00:00:00+00:00,0.0001,0.0
2021-01-02 08:00:00+00:00,1609574400000,2021-01-02T08:00:00+00:00,0.00019695,0.0
2021-01-02 16:00:00.006000+00:00,1609603200006,2021-01-02T16:00:00.006000+00:00,0.00035539,0.0
2021-01-03 00:00:00.018000+00:00,1609632000018,2021-01-03T00:00:00.018000+00:00,0.000266,0.0
2021-01-03 08:00:00+00:00,1609660800000,2021-01-03T08:00:00+00:00,0.0001,0.0
2021-01-03 16:00:00.002000+00:00,1609689600002,2021-01-03T16:00:00.002000+00:00,0.00111752,0.0
2021-01-04 00:00:00+00:00,1609718400000,2021-01-04T00:00:00+00:00,0.00133245,0.0
2021-01-04 08:00:00+00:00,1609747200000,2021-01-04T08:00:00+00:00,0.00112638,0.0
2021-01-04 16:00:00+00:00,1609776000000,2021-01-04T16:00:00+00:00,0.0001,0.0
2021-01-05 00:00:00.020000+00:00,1609804800020,2021-01-05T00:00:00.020000+00:00,0.0001,0.0
2021-01-05 08:00:00.003000+00:00,1609833600003,2021-01-05T08:00:00.003000+00:00,0.0001,0.0
2021-01-05 16:00:00.003000+00:00,1609862400003,2021-01-05T16:00:00.003000+00:00,0.0001,0.0
2021-01-06 00:00:00.010000+00:00,1609891200010,2021-01-06T00:00:00.010000+00:00,0.0001,0.0
2021-01-06 08:00:00.003000+00:00,1609920000003,2021-01-06T08:00:00.003000+00:00,0.0001,0.0
2021-01-06 16:00:00+00:00,1609948800000,2021-01-06T16:00:00+00:00,0.00104682,0.0
2021-01-07 00:00:00.007000+00:00,1609977600007,2021-01-07T00:00:00.007000+00:00,0.0001,0.0
2021-01-07 08:00:00+00:00,1610006400000,2021-01-07T08:00:00+00:00,0.00033692,0.0
2021-01-07 16:00:00.004000+00:00,1610035200004,2021-01-07T16:00:00.004000+00:00,0.00088191,0.0
2021-01-08 00:00:00+00:00,1610064000000,2021-01-08T00:00:00+00:00,0.00052834,0.0
2021-01-08 08:00:00+00:00,1610092800000,2021-01-08T08:00:00+00:00,0.0001,0.0
2021-01-08 16:00:00+00:00,1610121600000,2021-01-08T16:00:00+00:00,0.00163112,0.0
2021-01-09 00:00:00.009000+00:00,1610150400009,2021-01-09T00:00:00.009000+00:00,0.00087754,0.0
2021-01-09 08:00:00.004000+00:00,1610179200004,2021-01-09T08:00:00.004000+00:00,0.00045022,0.0
2021-01-09 16:00:00+00:00,1610208000000,2021-01-09T16:00:00+00:00,0.00158556,0.0
2021-01-10 00:00:00+00:00,1610236800000,2021-01-10T00:00:00+00:00,0.00215857,0.0
2021-01-10 08:00:00.005000+00:00,1610265600005,2021-01-10T08:00:00.005000+00:00,0.00142758,0.0
2021-01-10 16:00:00+00:00,1610294400000,2021-01-10T16:00:00+00:00,0.0001,0.0
2021-01-11 00:00:00+00:00,1610323200000,2021-01-11T00:00:00+00:00,0.00032866,0.0
2021-01-11 08:00:00.012000+00:00,1610352000012,2021-01-11T08:00:00.012000+00:00,0.0001,0.0
2021-01-11 16:00:00+00:00,1610380800000,2021-01-11T16:00:00+00:00,0.0001,0.0
2021-01-12 00:00:00+00:00,1610409600000,2021-01-12T00:00:00+00:00,0.0001,0.0
2021-01-12 08:00:00+00:00,1610438400000,2021-01-12T08:00:00+00:00,0.00059678,0.0
2021-01-12 16:00:00.008000+00:00,1610467200008,2021-01-12T16:00:00.008000+00:00,0.00060096,0.0
2021-01-13 00:00:00.001000+00:00,1610496000001,2021-01-13T00:00:00.001000+00:00,0.00053086,0.0
2021-01-13 08:00:00+00:00,1610524800000,2021-01-13T08:00:00+00:00,0.0005619,0.0
2021-01-13 16:00:00.003000+00:00,1610553600003,2021-01-13T16:00:00.003000+00:00,0.00080295,0.0
2021-01-14 00:00:00+00:00,1610582400000,2021-01-14T00:00:00+00:00,0.0001,0.0
2021-01-14 08:00:00.012000+00:00,1610611200012,2021-01-14T08:00:00.012000+00:00,0.00031136,0.0
2021-01-14 16:00:00+00:00,1610640000000,2021-01-14T16:00:00+00:00,0.00054081,0.0
2021-01-15 00:00:00.002000+00:00,1610668800002,2021-01-15T00:00:00.002000+00:00,0.0001,0.0
2021-01-15 08:00:00+00:00,1610697600000,2021-01-15T08:00:00+00:00,0.00039048,0.0
2021-01-15 16:00:00.004000+00:00,1610726400004,2021-01-15T16:00:00.004000+00:00,0.00062497,0.0
2021-01-16 00:00:00+00:00,1610755200000,2021-01-16T00:00:00+00:00,0.00010331,0.0
2021-01-16 08:00:00.008000+00:00,1610784000008,2021-01-16T08:00:00.008000+00:00,0.0001,0.0
2021-01-16 16:00:00+00:00,1610812800000,2021-01-16T16:00:00+00:00,0.00138772,0.0
2021-01-17 00:00:00.009000+00:00,1610841600009,2021-01-17T00:00:00.009000+00:00,0.0013789,0.0
2021-01-17 08:00:00+00:00,1610870400000,2021-01-17T08:00:00+00:00,0.00018072,0.0
2021-01-17 16:00:00.001000+00:00,1610899200001,2021-01-17T16:00:00.001000+00:00,0.00062613,0.0
2021-01-18 00:00:00+00:00,1610928000000,2021-01-18T00:00:00+00:00,0.00043289,0.0
2021-01-18 08:00:00.004000+00:00,1610956800004,2021-01-18T08:00:00.004000+00:00,0.00042147,0.0
2021-01-18 16:00:00+00:00,1610985600000,2021-01-18T16:00:00+00:00,0.0001,0.0
2021-01-19 00:00:00+00:00,1611014400000,2021-01-19T00:00:00+00:00,0.00061,0.0
2021-01-19 08:00:00.005000+00:00,1611043200005,2021-01-19T08:00:00.005000+00:00,0.00135932,0.0
2021-01-19 16:00:00.012000+00:00,1611072000012,2021-01-19T16:00:00.012000+00:00,0.00074788,0.0
2021-01-20 00:00:00.012000+00:00,1611100800012,2021-01-20T00:00:00.012000+00:00,0.0003163,0.0
2021-01-20 08:00:00.001000+00:00,1611129600001,2021-01-20T08:00:00.001000+00:00,0.00014471,0.0
2021-01-20 16:00:00.001000+00:00,1611158400001,2021-01-20T16:00:00.001000+00:00,0.0001,0.0
2021-01-21 00:00:00+00:00,1611187200000,2021-01-21T00:00:00+00:00,0.00013227,0.0
2021-01-21 08:00:00+00:00,1611216000000,2021-01-21T08:00:00+00:00,0.0007245,0.0
2021-01-21 16:00:00.004000+00:00,1611244800004,2021-01-21T16:00:00.004000+00:00,0.00031984,0.0
2021-01-22 00:00:00.012000+00:00,1611273600012,2021-01-22T00:00:00.012000+00:00,0.0001,0.0
2021-01-22 08:00:00.003000+00:00,1611302400003,2021-01-22T08:00:00.003000+00:00,0.0001,0.0
2021-01-22 16:00:00.001000+00:00,1611331200001,2021-01-22T16:00:00.001000+00:00,0.0001,0.0
2021-01-23 00:00:00+00:00,1611360000000,2021-01-23T00:00:00+00:00,0.0001,0.0
2021-01-23 08:00:00.002000+00:00,1611388800002,2021-01-23T08:00:00.002000+00:00,0.0001,0.0
2021-01-23 16:00:00+00:00,1611417600000,2021-01-23T16:00:00+00:00,0.0001,0.0
2021-01-24 00:00:00.001000+00:00,1611446400001,2021-01-24T00:00:00.001000+00:00,0.0001,0.0
2021-01-24 08:00:00.011000+00:00,1611475200011,2021-01-24T08:00:00.011000+00:00,0.00043843,0.0
2021-01-24 16:00:00.005000+00:00,1611504000005,2021-01-24T16:00:00.005000+00:00,0.00082659,0.0
2021-01-25 00:00:00.007000+00:00,1611532800007,2021-01-25T00:00:00.007000+00:00,0.00055208,0.0
2021-01-25 08:00:00.012000+00:00,1611561600012,2021-01-25T08:00:00.012000+00:00,0.00067157,0.0
2021-01-25 16:00:00+00:00,1611590400000,2021-01-25T16:00:00+00:00,0.00071452,0.0
2021-01-26 00:00:00.007000+00:00,1611619200007,2021-01-26T00:00:00.007000+00:00,0.00014987,0.0
2021-01-26 08:00:00+00:00,1611648000000,2021-01-26T08:00:00+00:00,0.0001,0.0
2021-01-26 16:00:00+00:00,1611676800000,2021-01-26T16:00:00+00:00,0.0001,0.0
2021-01-27 00:00:00+00:00,1611705600000,2021-01-27T00:00:00+00:00,0.00045361,0.0
2021-01-27 08:00:00.011000+00:00,1611734400011,2021-01-27T08:00:00.011000+00:00,0.0001,0.0
2021-01-27 16:00:00.003000+00:00,1611763200003,2021-01-27T16:00:00.003000+00:00,0.0001,0.0
2021-01-28 00:00:00+00:00,1611792000000,2021-01-28T00:00:00+00:00,0.0001,0.0
2021-01-28 08:00:00+00:00,1611820800000,2021-01-28T08:00:00+00:00,0.0001,0.0
2021-01-28 16:00:00+00:00,1611849600000,2021-01-28T16:00:00+00:00,0.0001,0.0
2021-01-29 00:00:00.009000+00:00,1611878400009,2021-01-29T00:00:00.009000+00:00,0.0001,0.0
2021-01-29 08:00:00+00:00,1611907200000,2021-01-29T08:00:00+00:00,0.0001,0.0
2021-01-29 16:00:00+00:00,1611936000000,2021-01-29T16:00:00+00:00,0.00150652,0.0
2021-01-30 00:00:00+00:00,1611964800000,2021-01-30T00:00:00+00:00,0.00034725,0.0
2021-01-30 08:00:00+00:00,1611993600000,2021-01-30T08:00:00+00:00,0.0001,0.0
2021-01-30 16:00:00+00:00,1612022400000,2021-01-30T16:00:00+00:00,0.00050714,0.0
2021-01-31 00:00:00.009000+00:00,1612051200009,2021-01-31T00:00:00.009000+00:00,0.00090258,0.0
2021-01-31 08:00:00+00:00,1612080000000,2021-01-31T08:00:00+00:00,0.00093677,0.0
2021-01-31 16:00:00+00:00,1612108800000,2021-01-31T16:00:00+00:00,0.00051979,0.0
2021-02-01 00:00:00.001000+00:00,1612137600001,2021-02-01T00:00:00.001000+00:00,0.00062773,0.0
2021-02-01 08:00:00.014000+00:00,1612166400014,2021-02-01T08:00:00.014000+00:00,0.00063928,0.0
2021-02-01 16:00:00+00:00,1612195200000,2021-02-01T16:00:00+00:00,0.00049631,0.0
2021-02-02 00:00:00+00:00,1612224000000,2021-02-02T00:00:00+00:00,0.00046754,0.0
2021-02-02 08:00:00.006000+00:00,1612252800006,2021-02-02T08:00:00.006000+00:00,0.00037089,0.0
2021-02-02 16:00:00+00:00,1612281600000,2021-02-02T16:00:00+00:00,0.00029434,0.0
2021-02-03 00:00:00.009000+00:00,1612310400009,2021-02-03T00:00:00.009000+00:00,0.00038992,0.0
2021-02-03 08:00:00.006000+00:00,1612339200006,2021-02-03T08:00:00.006000+00:00,0.00075951,0.0
2021-02-03 16:00:00.006000+00:00,1612368000006,2021-02-03T16:00:00.006000+00:00,0.00117996,0.0
2021-02-04 00:00:00.005000+00:00,1612396800005,2021-02-04T00:00:00.005000+00:00,0.00111478,0.0
2021-02-04 08:00:00+00:00,1612425600000,2021-02-04T08:00:00+00:00,0.00082236,0.0
2021-02-04 16:00:00.011000+00:00,1612454400011,2021-02-04T16:00:00.011000+00:00,0.00108879,0.0
2021-02-05 00:00:00.009000+00:00,1612483200009,2021-02-05T00:00:00.009000+00:00,0.00185026,0.0
2021-02-05 08:00:00.004000+00:00,1612512000004,2021-02-05T08:00:00.004000+00:00,0.00214495,0.0
2021-02-05 16:00:00+00:00,1612540800000,2021-02-05T16:00:00+00:00,0.00180321,0.0
2021-02-06 00:00:00.008000+00:00,1612569600008,2021-02-06T00:00:00.008000+00:00,0.00015694,0.0
2021-02-06 08:00:00.009000+00:00,1612598400009,2021-02-06T08:00:00.009000+00:00,0.0001,0.0
2021-02-06 16:00:00+00:00,1612627200000,2021-02-06T16:00:00+00:00,0.00047172,0.0
2021-02-07 00:00:00+00:00,1612656000000,2021-02-07T00:00:00+00:00,0.00028439,0.0
2021-02-07 08:00:00.005000+00:00,1612684800005,2021-02-07T08:00:00.005000+00:00,0.00072046,0.0
2021-02-07 16:00:00.001000+00:00,1612713600001,2021-02-07T16:00:00.001000+00:00,0.00024941,0.0
2021-02-08 00:00:00+00:00,1612742400000,2021-02-08T00:00:00+00:00,0.0001,0.0
2021-02-08 08:00:00.001000+00:00,1612771200001,2021-02-08T08:00:00.001000+00:00,0.0001,0.0
2021-02-08 16:00:00+00:00,1612800000000,2021-02-08T16:00:00+00:00,0.00262598,0.0
2021-02-09 00:00:00.010000+00:00,1612828800010,2021-02-09T00:00:00.010000+00:00,0.0012975,0.0
2021-02-09 08:00:00.006000+00:00,1612857600006,2021-02-09T08:00:00.006000+00:00,0.00134266,0.0
2021-02-09 16:00:00.007000+00:00,1612886400007,2021-02-09T16:00:00.007000+00:00,0.00018089,0.0
2021-02-10 00:00:00.009000+00:00,1612915200009,2021-02-10T00:00:00.009000+00:00,0.00129152,0.0
2021-02-10 08:00:00.014000+00:00,1612944000014,2021-02-10T08:00:00.014000+00:00,0.00289904,0.0
2021-02-10 16:00:00.005000+00:00,1612972800005,2021-02-10T16:00:00.005000+00:00,0.00060079,0.0
2021-02-11 00:00:00+00:00,1613001600000,2021-02-11T00:00:00+00:00,0.00175858,0.0
2021-02-11 08:00:00+00:00,1613030400000,2021-02-11T08:00:00+00:00,0.00112193,0.0
2021-02-11 16:00:00+00:00,1613059200000,2021-02-11T16:00:00+00:00,0.00235558,0.0
2021-02-12 00:00:00+00:00,1613088000000,2021-02-12T00:00:00+00:00,0.00126015,0.0
2021-02-12 08:00:00+00:00,1613116800000,2021-02-12T08:00:00+00:00,0.00124527,0.0
2021-02-12 16:00:00+00:00,1613145600000,2021-02-12T16:00:00+00:00,0.00111876,0.0
2021-02-13 00:00:00.001000+00:00,1613174400001,2021-02-13T00:00:00.001000+00:00,0.00233543,0.0
2021-02-13 08:00:00.003000+00:00,1613203200003,2021-02-13T08:00:00.003000+00:00,0.00178743,0.0
2021-02-13 16:00:00+00:00,1613232000000,2021-02-13T16:00:00+00:00,0.0001,0.0
2021-02-14 00:00:00.013000+00:00,1613260800013,2021-02-14T00:00:00.013000+00:00,0.00067404,0.0
2021-02-14 08:00:00+00:00,1613289600000,2021-02-14T08:00:00+00:00,0.00190043,0.0
2021-02-14 16:00:00.008000+00:00,1613318400008,2021-02-14T16:00:00.008000+00:00,0.00200522,0.0
2021-02-15 00:00:00+00:00,1613347200000,2021-02-15T00:00:00+00:00,0.00087696,0.0
2021-02-15 08:00:00.006000+00:00,1613376000006,2021-02-15T08:00:00.006000+00:00,1.734e-05,0.0
2021-02-15 16:00:00+00:00,1613404800000,2021-02-15T16:00:00+00:00,0.0001,0.0
2021-02-16 00:00:00.001000+00:00,1613433600001,2021-02-16T00:00:00.001000+00:00,0.0001,0.0
2021-02-16 08:00:00+00:00,1613462400000,2021-02-16T08:00:00+00:00,0.0001,0.0
2021-02-16 16:00:00.010000+00:00,1613491200010,2021-02-16T16:00:00.010000+00:00,0.0001,0.0
2021-02-17 00:00:00.005000+00:00,1613520000005,2021-02-17T00:00:00.005000+00:00,-0.00012384,0.0
2021-02-17 08:00:00.010000+00:00,1613548800010,2021-02-17T08:00:00.010000+00:00,0.0001,0.0
2021-02-17 16:00:00.008000+00:00,1613577600008,2021-02-17T16:00:00.008000+00:00,0.00111195,0.0
2021-02-18 00:00:00.012000+00:00,1613606400012,2021-02-18T00:00:00.012000+00:00,0.00242054,0.0
2021-02-18 08:00:00+00:00,1613635200000,2021-02-18T08:00:00+00:00,0.0025127,0.0
2021-02-18 16:00:00.009000+00:00,1613664000009,2021-02-18T16:00:00.009000+00:00,0.00180783,0.0
2021-02-19 00:00:00.010000+00:00,1613692800010,2021-02-19T00:00:00.010000+00:00,0.00196593,0.0
2021-02-19 08:00:00.002000+00:00,1613721600002,2021-02-19T08:00:00.002000+00:00,0.00172391,0.0
2021-02-19 16:00:00.008000+00:00,1613750400008,2021-02-19T16:00:00.008000+00:00,0.00350067,0.0
2021-02-20 00:00:00+00:00,1613779200000,2021-02-20T00:00:00+00:00,0.00242953,0.0
2021-02-20 08:00:00.009000+00:00,1613808000009,2021-02-20T08:00:00.009000+00:00,0.00386789,0.0
2021-02-20 16:00:00+00:00,1613836800000,2021-02-20T16:00:00+00:00,0.0032511,0.0
2021-02-21 00:00:00.007000+00:00,1613865600007,2021-02-21T00:00:00.007000+00:00,0.00052177,0.0
2021-02-21 08:00:00.012000+00:00,1613894400012,2021-02-21T08:00:00.012000+00:00,0.00062551,0.0
2021-02-21 16:00:00.001000+00:00,1613923200001,2021-02-21T16:00:00.001000+00:00,0.00106299,0.0
2021-02-22 00:00:00.006000+00:00,1613952000006,2021-02-22T00:00:00.006000+00:00,0.00082333,0.0
2021-02-22 08:00:00.002000+00:00,1613980800002,2021-02-22T08:00:00.002000+00:00,0.00022217,0.0
2021-02-22 16:00:00+00:00,1614009600000,2021-02-22T16:00:00+00:00,-0.00103897,0.0
2021-02-23 00:00:00+00:00,1614038400000,2021-02-23T00:00:00+00:00,0.0001,0.0
2021-02-23 08:00:00.006000+00:00,1614067200006,2021-02-23T08:00:00.006000+00:00,0.0001,0.0
2021-02-23 16:00:00+00:00,1614096000000,2021-02-23T16:00:00+00:00,0.0001,0.0
2021-02-24 00:00:00.012000+00:00,1614124800012,2021-02-24T00:00:00.012000+00:00,0.0001,0.0
2021-02-24 08:00:00.016000+00:00,1614153600016,2021-02-24T08:00:00.016000+00:00,0.0001,0.0
2021-02-24 16:00:00.011000+00:00,1614182400011,2021-02-24T16:00:00.011000+00:00,0.0001,0.0
2021-02-25 00:00:00.007000+00:00,1614211200007,2021-02-25T00:00:00.007000+00:00,0.0001,0.0
2021-02-25 08:00:00+00:00,1614240000000,2021-02-25T08:00:00+00:00,0.0001,0.0
2021-02-25 16:00:00.010000+00:00,1614268800010,2021-02-25T16:00:00.010000+00:00,0.00040473,0.0
2021-02-26 00:00:00+00:00,1614297600000,2021-02-26T00:00:00+00:00,0.0001,0.0
2021-02-26 08:00:00.025000+00:00,1614326400025,2021-02-26T08:00:00.025000+00:00,0.0001,0.0
2021-02-26 16:00:00.010000+00:00,1614355200010,2021-02-26T16:00:00.010000+00:00,0.0001,0.0
2021-02-27 00:00:00.001000+00:00,1614384000001,2021-02-27T00:00:00.001000+00:00,0.00011892,0.0
2021-02-27 08:00:00+00:00,1614412800000,2021-02-27T08:00:00+00:00,0.0004529,0.0
2021-02-27 16:00:00+00:00,1614441600000,2021-02-27T16:00:00+00:00,0.0001,0.0
2021-02-28 00:00:00.021000+00:00,1614470400021,2021-02-28T00:00:00.021000+00:00,0.0001,0.0
2021-02-28 08:00:00.009000+00:00,1614499200009,2021-02-28T08:00:00.009000+00:00,0.0001,0.0
2021-02-28 16:00:00+00:00,1614528000000,2021-02-28T16:00:00+00:00,0.0001,0.0
2021-03-01 00:00:00+00:00,1614556800000,2021-03-01T00:00:00+00:00,0.0001,0.0
2021-03-01 08:00:00.003000+00:00,1614585600003,2021-03-01T08:00:00.003000+00:00,0.0001,0.0
2021-03-01 16:00:00.001000+00:00,1614614400001,2021-03-01T16:00:00.001000+00:00,0.00023049,0.0
2021-03-02 00:00:00+00:00,1614643200000,2021-03-02T00:00:00+00:00,0.0001,0.0
2021-03-02 08:00:00+00:00,1614672000000,2021-03-02T08:00:00+00:00,0.0001,0.0
2021-03-02 16:00:00.004000+00:00,1614700800004,2021-03-02T16:00:00.004000+00:00,0.0001,0.0
2021-03-03 00:00:00+00:00,1614729600000,2021-03-03T00:00:00+00:00,0.0001,0.0
2021-03-03 08:00:00.016000+00:00,1614758400016,2021-03-03T08:00:00.016000+00:00,0.0001,0.0
2021-03-03 16:00:00+00:00,1614787200000,2021-03-03T16:00:00+00:00,0.00066869,0.0
2021-03-04 00:00:00+00:00,1614816000000,2021-03-04T00:00:00+00:00,0.00063181,0.0
2021-03-04 08:00:00.015000+00:00,1614844800015,2021-03-04T08:00:00.015000+00:00,0.00047305,0.0
2021-03-04 16:00:00.001000+00:00,1614873600001,2021-03-04T16:00:00.001000+00:00,0.0001737,0.0
2021-03-05 00:00:00+00:00,1614902400000,2021-03-05T00:00:00+00:00,0.0001,0.0
2021-03-05 08:00:00.002000+00:00,1614931200002,2021-03-05T08:00:00.002000+00:00,0.0001,0.0
2021-03-05 16:00:00.008000+00:00,1614960000008,2021-03-05T16:00:00.008000+00:00,0.0001,0.0
2021-03-06 00:00:00+00:00,1614988800000,2021-03-06T00:00:00+00:00,0.0001,0.0
2021-03-06 08:00:00+00:00,1615017600000,2021-03-06T08:00:00+00:00,0.0001,0.0
2021-03-06 16:00:00+00:00,1615046400000,2021-03-06T16:00:00+00:00,0.0001,0.0
2021-03-07 00:00:00.006000+00:00,1615075200006,2021-03-07T00:00:00.006000+00:00,0.0001,0.0
2021-03-07 08:00:00.005000+00:00,1615104000005,2021-03-07T08:00:00.005000+00:00,0.0001,0.0
2021-03-07 16:00:00.008000+00:00,1615132800008,2021-03-07T16:00:00.008000+00:00,0.00011702,0.0
2021-03-08 00:00:00+00:00,1615161600000,2021-03-08T00:00:00+00:00,0.0001,0.0
2021-03-08 08:00:00+00:00,1615190400000,2021-03-08T08:00:00+00:00,0.00016918,0.0
2021-03-08 16:00:00.006000+00:00,1615219200006,2021-03-08T16:00:00.006000+00:00,0.0005717,0.0
2021-03-09 00:00:00+00:00,1615248000000,2021-03-09T00:00:00+00:00,0.00099846,0.0
2021-03-09 08:00:00+00:00,1615276800000,2021-03-09T08:00:00+00:00,0.00108784,0.0
2021-03-09 16:00:00+00:00,1615305600000,2021-03-09T16:00:00+00:00,0.00161768,0.0
2021-03-10 00:00:00.009000+00:00,1615334400009,2021-03-10T00:00:00.009000+00:00,0.00145947,0.0
2021-03-10 08:00:00.006000+00:00,1615363200006,2021-03-10T08:00:00.006000+00:00,0.00052024,0.0
2021-03-10 16:00:00.008000+00:00,1615392000008,2021-03-10T16:00:00.008000+00:00,0.00106406,0.0
2021-03-11 00:00:00+00:00,1615420800000,2021-03-11T00:00:00+00:00,0.00056588,0.0
2021-03-11 08:00:00+00:00,1615449600000,2021-03-11T08:00:00+00:00,0.00029145,0.0
2021-03-11 16:00:00.014000+00:00,1615478400014,2021-03-11T16:00:00.014000+00:00,0.00108383,0.0
2021-03-12 00:00:00.002000+00:00,1615507200002,2021-03-12T00:00:00.002000+00:00,0.00181888,0.0
2021-03-12 08:00:00.005000+00:00,1615536000005,2021-03-12T08:00:00.005000+00:00,0.00093164,0.0
2021-03-12 16:00:00.011000+00:00,1615564800011,2021-03-12T16:00:00.011000+00:00,0.0001,0.0
2021-03-13 00:00:00+00:00,1615593600000,2021-03-13T00:00:00+00:00,0.00067817,0.0
2021-03-13 08:00:00.002000+00:00,1615622400002,2021-03-13T08:00:00.002000+00:00,0.0001,0.0
2021-03-13 16:00:00+00:00,1615651200000,2021-03-13T16:00:00+00:00,0.00138059,0.0
2021-03-14 00:00:00.011000+00:00,1615680000011,2021-03-14T00:00:00.011000+00:00,0.00169383,0.0
2021-03-14 08:00:00+00:00,1615708800000,2021-03-14T08:00:00+00:00,0.00064964,0.0
2021-03-14 16:00:00+00:00,1615737600000,2021-03-14T16:00:00+00:00,0.00113856,0.0
2021-03-15 00:00:00.012000+00:00,1615766400012,2021-03-15T00:00:00.012000+00:00,0.00159589,0.0
2021-03-15 08:00:00.016000+00:00,1615795200016,2021-03-15T08:00:00.016000+00:00,0.00120576,0.0
2021-03-15 16:00:00.030000+00:00,1615824000030,2021-03-15T16:00:00.030000+00:00,0.00055083,0.0
2021-03-16 00:00:00.005000+00:00,1615852800005,2021-03-16T00:00:00.005000+00:00,0.00055927,0.0
2021-03-16 08:00:00.008000+00:00,1615881600008,2021-03-16T08:00:00.008000+00:00,0.00048113,0.0
2021-03-16 16:00:00.012000+00:00,1615910400012,2021-03-16T16:00:00.012000+00:00,0.00045625,0.0
2021-03-17 00:00:00.010000+00:00,1615939200010,2021-03-17T00:00:00.010000+00:00,0.00036177,0.0
2021-03-17 08:00:00+00:00,1615968000000,2021-03-17T08:00:00+00:00,0.00083387,0.0
2021-03-17 16:00:00.009000+00:00,1615996800009,2021-03-17T16:00:00.009000+00:00,0.00061922,0.0
2021-03-18 00:00:00.001000+00:00,1616025600001,2021-03-18T00:00:00.001000+00:00,0.0017104,0.0
2021-03-18 08:00:00+00:00,1616054400000,2021-03-18T08:00:00+00:00,0.00157886,0.0
2021-03-18 16:00:00+00:00,1616083200000,2021-03-18T16:00:00+00:00,0.00198415,0.0
2021-03-19 00:00:00.011000+00:00,1616112000011,2021-03-19T00:00:00.011000+00:00,0.00042965,0.0
2021-03-19 08:00:00.001000+00:00,1616140800001,2021-03-19T08:00:00.001000+00:00,0.00059047,0.0
2021-03-19 16:00:00+00:00,1616169600000,2021-03-19T16:00:00+00:00,0.00088986,0.0
2021-03-20 00:00:00+00:00,1616198400000,2021-03-20T00:00:00+00:00,0.00024776,0.0
2021-03-20 08:00:00+00:00,1616227200000,2021-03-20T08:00:00+00:00,0.00110458,0.0
2021-03-20 16:00:00.007000+00:00,1616256000007,2021-03-20T16:00:00.007000+00:00,0.00166314,0.0
2021-03-21 00:00:00+00:00,1616284800000,2021-03-21T00:00:00+00:00,0.00077033,0.0
2021-03-21 08:00:00+00:00,1616313600000,2021-03-21T08:00:00+00:00,0.0008059,0.0
2021-03-21 16:00:00+00:00,1616342400000,2021-03-21T16:00:00+00:00,0.00077772,0.0
2021-03-22 00:00:00.007000+00:00,1616371200007,2021-03-22T00:00:00.007000+00:00,0.00128215,0.0
2021-03-22 08:00:00.001000+00:00,1616400000001,2021-03-22T08:00:00.001000+00:00,0.00097077,0.0
2021-03-22 16:00:00+00:00,1616428800000,2021-03-22T16:00:00+00:00,0.00132124,0.0
2021-03-23 00:00:00+00:00,1616457600000,2021-03-23T00:00:00+00:00,0.00020938,0.0
2021-03-23 08:00:00.010000+00:00,1616486400010,2021-03-23T08:00:00.010000+00:00,0.00039002,0.0
2021-03-23 16:00:00.023000+00:00,1616515200023,2021-03-23T16:00:00.023000+00:00,0.00042866,0.0
2021-03-24 00:00:00.002000+00:00,1616544000002,2021-03-24T00:00:00.002000+00:00,0.00033589,0.0
2021-03-24 08:00:00+00:00,1616572800000,2021-03-24T08:00:00+00:00,0.00027263,0.0
2021-03-24 16:00:00+00:00,1616601600000,2021-03-24T16:00:00+00:00,0.00073989,0.0
2021-03-25 00:00:00+00:00,1616630400000,2021-03-25T00:00:00+00:00,0.00020864,0.0
2021-03-25 08:00:00+00:00,1616659200000,2021-03-25T08:00:00+00:00,0.0001,0.0
2021-03-25 16:00:00+00:00,1616688000000,2021-03-25T16:00:00+00:00,0.00054961,0.0
2021-03-26 00:00:00.008000+00:00,1616716800008,2021-03-26T00:00:00.008000+00:00,0.00065613,0.0
2021-03-26 08:00:00+00:00,1616745600000,2021-03-26T08:00:00+00:00,0.00034993,0.0
2021-03-26 16:00:00.012000+00:00,1616774400012,2021-03-26T16:00:00.012000+00:00,0.00071431,0.0
2021-03-27 00:00:00.018000+00:00,1616803200018,2021-03-27T00:00:00.018000+00:00,0.00064351,0.0
2021-03-27 08:00:00+00:00,1616832000000,2021-03-27T08:00:00+00:00,0.00042569,0.0
2021-03-27 16:00:00.001000+00:00,1616860800001,2021-03-27T16:00:00.001000+00:00,0.00057636,0.0
2021-03-28 00:00:00+00:00,1616889600000,2021-03-28T00:00:00+00:00,0.00059272,0.0
2021-03-28 08:00:00+00:00,1616918400000,2021-03-28T08:00:00+00:00,0.0005747,0.0
2021-03-28 16:00:00.005000+00:00,1616947200005,2021-03-28T16:00:00.005000+00:00,0.00073204,0.0
2021-03-29 00:00:00.003000+00:00,1616976000003,2021-03-29T00:00:00.003000+00:00,0.00051974,0.0
2021-03-29 08:00:00+00:00,1617004800000,2021-03-29T08:00:00+00:00,0.00075922,0.0
2021-03-29 16:00:00+00:00,1617033600000,2021-03-29T16:00:00+00:00,0.00093918,0.0
2021-03-30 00:00:00.018000+00:00,1617062400018,2021-03-30T00:00:00.018000+00:00,0.00090543,0.0
2021-03-30 08:00:00.012000+00:00,1617091200012,2021-03-30T08:00:00.012000+00:00,0.00107001,0.0
2021-03-30 16:00:00.001000+00:00,1617120000001,2021-03-30T16:00:00.001000+00:00,0.0016104,0.0
2021-03-31 00:00:00+00:00,1617148800000,2021-03-31T00:00:00+00:00,0.00141077,0.0
2021-03-31 08:00:00+00:00,1617177600000,2021-03-31T08:00:00+00:00,0.00129452,0.0
2021-03-31 16:00:00+00:00,1617206400000,2021-03-31T16:00:00+00:00,0.00078643,0.0
2021-04-01 00:00:00.025000+00:00,1617235200025,2021-04-01T00:00:00.025000+00:00,0.00159758,0.0
2021-04-01 08:00:00.011000+00:00,1617264000011,2021-04-01T08:00:00.011000+00:00,0.00154151,0.0
2021-04-01 16:00:00.004000+00:00,1617292800004,2021-04-01T16:00:00.004000+00:00,0.00171569,0.0
2021-04-02 00:00:00+00:00,1617321600000,2021-04-02T00:00:00+00:00,0.00140416,0.0
2021-04-02 08:00:00+00:00,1617350400000,2021-04-02T08:00:00+00:00,0.0019579,0.0
2021-04-02 16:00:00+00:00,1617379200000,2021-04-02T16:00:00+00:00,0.00225619,0.0
2021-04-03 00:00:00.003000+00:00,1617408000003,2021-04-03T00:00:00.003000+00:00,0.00201958,0.0
2021-04-03 08:00:00+00:00,1617436800000,2021-04-03T08:00:00+00:00,0.00224423,0.0
2021-04-03 16:00:00+00:00,1617465600000,2021-04-03T16:00:00+00:00,0.00236153,0.0
2021-04-04 00:00:00+00:00,1617494400000,2021-04-04T00:00:00+00:00,0.00093383,0.0
2021-04-04 08:00:00+00:00,1617523200000,2021-04-04T08:00:00+00:00,0.00125928,0.0
2021-04-04 16:00:00.016000+00:00,1617552000016,2021-04-04T16:00:00.016000+00:00,0.00111324,0.0
2021-04-05 00:00:00+00:00,1617580800000,2021-04-05T00:00:00+00:00,0.00133046,0.0
2021-04-05 08:00:00.001000+00:00,1617609600001,2021-04-05T08:00:00.001000+00:00,0.00167323,0.0
2021-04-05 16:00:00.001000+00:00,1617638400001,2021-04-05T16:00:00.001000+00:00,0.0021926,0.0
2021-04-06 00:00:00.010000+00:00,1617667200010,2021-04-06T00:00:00.010000+00:00,0.00284978,0.0
2021-04-06 08:00:00+00:00,1617696000000,2021-04-06T08:00:00+00:00,0.00212554,0.0
2021-04-06 16:00:00.003000+00:00,1617724800003,2021-04-06T16:00:00.003000+00:00,0.00168073,0.0
2021-04-07 00:00:00+00:00,1617753600000,2021-04-07T00:00:00+00:00,0.00155003,0.0
2021-04-07 08:00:00.006000+00:00,1617782400006,2021-04-07T08:00:00.006000+00:00,0.00086475,0.0
2021-04-07 16:00:00.004000+00:00,1617811200004,2021-04-07T16:00:00.004000+00:00,0.00089182,0.0
2021-04-08 00:00:00.013000+00:00,1617840000013,2021-04-08T00:00:00.013000+00:00,0.00080157,0.0
2021-04-08 08:00:00.003000+00:00,1617868800003,2021-04-08T08:00:00.003000+00:00,0.00105006,0.0
2021-04-08 16:00:00.005000+00:00,1617897600005,2021-04-08T16:00:00.005000+00:00,0.00086096,0.0
2021-04-09 00:00:00+00:00,1617926400000,2021-04-09T00:00:00+00:00,0.00078944,0.0
2021-04-09 08:00:00.004000+00:00,1617955200004,2021-04-09T08:00:00.004000+00:00,0.00081192,0.0
2021-04-09 16:00:00.004000+00:00,1617984000004,2021-04-09T16:00:00.004000+00:00,0.00105363,0.0
2021-04-10 00:00:00.011000+00:00,1618012800011,2021-04-10T00:00:00.011000+00:00,0.00085312,0.0
2021-04-10 08:00:00.005000+00:00,1618041600005,2021-04-10T08:00:00.005000+00:00,0.00180498,0.0
2021-04-10 16:00:00+00:00,1618070400000,2021-04-10T16:00:00+00:00,0.00183472,0.0
2021-04-11 00:00:00.004000+00:00,1618099200004,2021-04-11T00:00:00.004000+00:00,0.00154723,0.0
2021-04-11 08:00:00+00:00,1618128000000,2021-04-11T08:00:00+00:00,0.00181206,0.0
2021-04-11 16:00:00+00:00,1618156800000,2021-04-11T16:00:00+00:00,0.00196286,0.0
2021-04-12 00:00:00.001000+00:00,1618185600001,2021-04-12T00:00:00.001000+00:00,0.00143826,0.0
2021-04-12 08:00:00.001000+00:00,1618214400001,2021-04-12T08:00:00.001000+00:00,0.00262444,0.0
2021-04-12 16:00:00.008000+00:00,1618243200008,2021-04-12T16:00:00.008000+00:00,0.0015126,0.0
2021-04-13 00:00:00.003000+00:00,1618272000003,2021-04-13T00:00:00.003000+00:00,0.00110308,0.0
2021-04-13 08:00:00.008000+00:00,1618300800008,2021-04-13T08:00:00.008000+00:00,0.00153358,0.0
2021-04-13 16:00:00.008000+00:00,1618329600008,2021-04-13T16:00:00.008000+00:00,0.00272848,0.0
2021-04-14 00:00:00.008000+00:00,1618358400008,2021-04-14T00:00:00.008000+00:00,0.00221726,0.0
2021-04-14 08:00:00+00:00,1618387200000,2021-04-14T08:00:00+00:00,0.00378339,0.0
2021-04-14 16:00:00.012000+00:00,1618416000012,2021-04-14T16:00:00.012000+00:00,0.0011038,0.0
2021-04-15 00:00:00.006000+00:00,1618444800006,2021-04-15T00:00:00.006000+00:00,0.00113869,0.0
2021-04-15 08:00:00+00:00,1618473600000,2021-04-15T08:00:00+00:00,0.00207576,0.0
2021-04-15 16:00:00.008000+00:00,1618502400008,2021-04-15T16:00:00.008000+00:00,0.00193851,0.0
2021-04-16 00:00:00.008000+00:00,1618531200008,2021-04-16T00:00:00.008000+00:00,0.00196959,0.0
2021-04-16 08:00:00+00:00,1618560000000,2021-04-16T08:00:00+00:00,0.00152368,0.0
2021-04-16 16:00:00.002000+00:00,1618588800002,2021-04-16T16:00:00.002000+00:00,0.00146476,0.0
2021-04-17 00:00:00.008000+00:00,1618617600008,2021-04-17T00:00:00.008000+00:00,0.00209974,0.0
2021-04-17 08:00:00+00:00,1618646400000,2021-04-17T08:00:00+00:00,0.00173136,0.0
2021-04-17 16:00:00.001000+00:00,1618675200001,2021-04-17T16:00:00.001000+00:00,0.00116023,0.0
2021-04-18 00:00:00.006000+00:00,1618704000006,2021-04-18T00:00:00.006000+00:00,0.00130154,0.0
2021-04-18 08:00:00.004000+00:00,1618732800004,2021-04-18T08:00:00.004000+00:00,0.0001,0.0
2021-04-18 16:00:00+00:00,1618761600000,2021-04-18T16:00:00+00:00,0.0001,0.0
2021-04-19 00:00:00+00:00,1618790400000,2021-04-19T00:00:00+00:00,0.0001,0.0
2021-04-19 08:00:00+00:00,1618819200000,2021-04-19T08:00:00+00:00,0.00027065,0.0
2021-04-19 16:00:00.009000+00:00,1618848000009,2021-04-19T16:00:00.009000+00:00,0.00019213,0.0
2021-04-20 00:00:00.004000+00:00,1618876800004,2021-04-20T00:00:00.004000+00:00,0.0001,0.0
2021-04-20 08:00:00+00:00,1618905600000,2021-04-20T08:00:00+00:00,0.00012602,0.0
2021-04-20 16:00:00.001000+00:00,1618934400001,2021-04-20T16:00:00.001000+00:00,0.0003059,0.0
2021-04-21 00:00:00.013000+00:00,1618963200013,2021-04-21T00:00:00.013000+00:00,0.0001,0.0
2021-04-21 08:00:00.001000+00:00,1618992000001,2021-04-21T08:00:00.001000+00:00,0.0001,0.0
2021-04-21 16:00:00.002000+00:00,1619020800002,2021-04-21T16:00:00.002000+00:00,0.0001,0.0
2021-04-22 00:00:00+00:00,1619049600000,2021-04-22T00:00:00+00:00,0.0001,0.0
2021-04-22 08:00:00+00:00,1619078400000,2021-04-22T08:00:00+00:00,0.0001,0.0
2021-04-22 16:00:00.001000+00:00,1619107200001,2021-04-22T16:00:00.001000+00:00,0.00049151,0.0
2021-04-23 00:00:00.002000+00:00,1619136000002,2021-04-23T00:00:00.002000+00:00,0.0001,0.0
2021-04-23 08:00:00.009000+00:00,1619164800009,2021-04-23T08:00:00.009000+00:00,0.0001,0.0
2021-04-23 16:00:00.001000+00:00,1619193600001,2021-04-23T16:00:00.001000+00:00,0.0001,0.0
2021-04-24 00:00:00.019000+00:00,1619222400019,2021-04-24T00:00:00.019000+00:00,0.0001,0.0
2021-04-24 08:00:00.001000+00:00,1619251200001,2021-04-24T08:00:00.001000+00:00,0.0001,0.0
2021-04-24 16:00:00.011000+00:00,1619280000011,2021-04-24T16:00:00.011000+00:00,0.0001,0.0
2021-04-25 00:00:00+00:00,1619308800000,2021-04-25T00:00:00+00:00,0.0001,0.0
2021-04-25 08:00:00.010000+00:00,1619337600010,2021-04-25T08:00:00.010000+00:00,0.00013992,0.0
2021-04-25 16:00:00+00:00,1619366400000,2021-04-25T16:00:00+00:00,0.0001,0.0
2021-04-26 00:00:00.003000+00:00,1619395200003,2021-04-26T00:00:00.003000+00:00,0.0001,0.0
2021-04-26 08:00:00.002000+00:00,1619424000002,2021-04-26T08:00:00.002000+00:00,0.0001,0.0
2021-04-26 16:00:00.004000+00:00,1619452800004,2021-04-26T16:00:00.004000+00:00,0.00013354,0.0
2021-04-27 00:00:00+00:00,1619481600000,2021-04-27T00:00:00+00:00,0.0001,0.0
2021-04-27 08:00:00+00:00,1619510400000,2021-04-27T08:00:00+00:00,0.0001,0.0
2021-04-27 16:00:00.009000+00:00,1619539200009,2021-04-27T16:00:00.009000+00:00,0.00062243,0.0
2021-04-28 00:00:00+00:00,1619568000000,2021-04-28T00:00:00+00:00,0.00030192,0.0
2021-04-28 08:00:00+00:00,1619596800000,2021-04-28T08:00:00+00:00,0.00023728,0.0
2021-04-28 16:00:00.001000+00:00,1619625600001,2021-04-28T16:00:00.001000+00:00,0.000276,0.0
2021-04-29 00:00:00.004000+00:00,1619654400004,2021-04-29T00:00:00.004000+00:00,0.00033545,0.0
2021-04-29 08:00:00.013000+00:00,1619683200013,2021-04-29T08:00:00.013000+00:00,0.0001,0.0
2021-04-29 16:00:00.003000+00:00,1619712000003,2021-04-29T16:00:00.003000+00:00,0.00065979,0.0
2021-04-30 00:00:00.004000+00:00,1619740800004,2021-04-30T00:00:00.004000+00:00,0.00017344,0.0
2021-04-30 08:00:00.019000+00:00,1619769600019,2021-04-30T08:00:00.019000+00:00,0.0001,0.0
2021-04-30 16:00:00.003000+00:00,1619798400003,2021-04-30T16:00:00.003000+00:00,0.00034235,0.0
2021-05-01 00:00:00.002000+00:00,1619827200002,2021-05-01T00:00:00.002000+00:00,0.0003344,0.0
2021-05-01 08:00:00.006000+00:00,1619856000006,2021-05-01T08:00:00.006000+00:00,0.00051202,0.0
2021-05-01 16:00:00+00:00,1619884800000,2021-05-01T16:00:00+00:00,0.00044369,0.0
2021-05-02 00:00:00.010000+00:00,1619913600010,2021-05-02T00:00:00.010000+00:00,0.00069889,0.0
2021-05-02 08:00:00.011000+00:00,1619942400011,2021-05-02T08:00:00.011000+00:00,0.00037294,0.0
2021-05-02 16:00:00.007000+00:00,1619971200007,2021-05-02T16:00:00.007000+00:00,0.00048754,0.0
2021-05-03 00:00:00.003000+00:00,1620000000003,2021-05-03T00:00:00.003000+00:00,0.00066325,0.0
2021-05-03 08:00:00+00:00,1620028800000,2021-05-03T08:00:00+00:00,0.00077608,0.0
2021-05-03 16:00:00.043000+00:00,1620057600043,2021-05-03T16:00:00.043000+00:00,0.00103803,0.0
2021-05-04 00:00:00.004000+00:00,1620086400004,2021-05-04T00:00:00.004000+00:00,0.00051756,0.0
2021-05-04 08:00:00.003000+00:00,1620115200003,2021-05-04T08:00:00.003000+00:00,0.0001588,0.0
2021-05-04 16:00:00.011000+00:00,1620144000011,2021-05-04T16:00:00.011000+00:00,0.0004283,0.0
2021-05-05 00:00:00.001000+00:00,1620172800001,2021-05-05T00:00:00.001000+00:00,0.00012296,0.0
2021-05-05 08:00:00.007000+00:00,1620201600007,2021-05-05T08:00:00.007000+00:00,0.00048645,0.0
2021-05-05 16:00:00.001000+00:00,1620230400001,2021-05-05T16:00:00.001000+00:00,0.00027327,0.0
2021-05-06 00:00:00.003000+00:00,1620259200003,2021-05-06T00:00:00.003000+00:00,0.0010706,0.0
2021-05-06 08:00:00.001000+00:00,1620288000001,2021-05-06T08:00:00.001000+00:00,0.00119082,0.0
2021-05-06 16:00:00+00:00,1620316800000,2021-05-06T16:00:00+00:00,0.0021336,0.0
2021-05-07 00:00:00+00:00,1620345600000,2021-05-07T00:00:00+00:00,0.00075068,0.0
2021-05-07 08:00:00+00:00,1620374400000,2021-05-07T08:00:00+00:00,0.00048424,0.0
2021-05-07 16:00:00.001000+00:00,1620403200001,2021-05-07T16:00:00.001000+00:00,0.00080477,0.0
2021-05-08 00:00:00.006000+00:00,1620432000006,2021-05-08T00:00:00.006000+00:00,0.00059912,0.0
2021-05-08 08:00:00+00:00,1620460800000,2021-05-08T08:00:00+00:00,0.00092902,0.0
2021-05-08 16:00:00+00:00,1620489600000,2021-05-08T16:00:00+00:00,0.00073566,0.0
2021-05-09 00:00:00.005000+00:00,1620518400005,2021-05-09T00:00:00.005000+00:00,0.00052872,0.0
2021-05-09 08:00:00.016000+00:00,1620547200016,2021-05-09T08:00:00.016000+00:00,0.0001,0.0
2021-05-09 16:00:00+00:00,1620576000000,2021-05-09T16:00:00+00:00,0.00039799,0.0
2021-05-10 00:00:00.004000+00:00,1620604800004,2021-05-10T00:00:00.004000+00:00,0.0001,0.0
2021-05-10 08:00:00+00:00,1620633600000,2021-05-10T08:00:00+00:00,0.00020428,0.0
2021-05-10 16:00:00.013000+00:00,1620662400013,2021-05-10T16:00:00.013000+00:00,0.00033239,0.0
2021-05-11 00:00:00+00:00,1620691200000,2021-05-11T00:00:00+00:00,0.0001,0.0
2021-05-11 08:00:00+00:00,1620720000000,2021-05-11T08:00:00+00:00,0.0001,0.0
2021-05-11 16:00:00.002000+00:00,1620748800002,2021-05-11T16:00:00.002000+00:00,0.00034193,0.0
2021-05-12 00:00:00.004000+00:00,1620777600004,2021-05-12T00:00:00.004000+00:00,0.0001,0.0
2021-05-12 08:00:00.007000+00:00,1620806400007,2021-05-12T08:00:00.007000+00:00,0.0001,0.0
2021-05-12 16:00:00.012000+00:00,1620835200012,2021-05-12T16:00:00.012000+00:00,0.00023566,0.0
2021-05-13 00:00:00.016000+00:00,1620864000016,2021-05-13T00:00:00.016000+00:00,0.00013454,0.0
2021-05-13 08:00:00+00:00,1620892800000,2021-05-13T08:00:00+00:00,0.0001,0.0
2021-05-13 16:00:00.008000+00:00,1620921600008,2021-05-13T16:00:00.008000+00:00,0.00029573,0.0
2021-05-14 00:00:00.007000+00:00,1620950400007,2021-05-14T00:00:00.007000+00:00,0.00015126,0.0
2021-05-14 08:00:00.001000+00:00,1620979200001,2021-05-14T08:00:00.001000+00:00,0.00027099,0.0
2021-05-14 16:00:00.004000+00:00,1621008000004,2021-05-14T16:00:00.004000+00:00,0.0001,0.0
2021-05-15 00:00:00.022000+00:00,1621036800022,2021-05-15T00:00:00.022000+00:00,0.0001,0.0
2021-05-15 08:00:00.014000+00:00,1621065600014,2021-05-15T08:00:00.014000+00:00,0.0002973,0.0
2021-05-15 16:00:00.002000+00:00,1621094400002,2021-05-15T16:00:00.002000+00:00,0.0001645,0.0
2021-05-16 00:00:00+00:00,1621123200000,2021-05-16T00:00:00+00:00,0.0001,0.0
2021-05-16 08:00:00.003000+00:00,1621152000003,2021-05-16T08:00:00.003000+00:00,0.0001,0.0
2021-05-16 16:00:00.002000+00:00,1621180800002,2021-05-16T16:00:00.002000+00:00,0.00020585,0.0
2021-05-17 00:00:00.005000+00:00,1621209600005,2021-05-17T00:00:00.005000+00:00,0.0001218,0.0
2021-05-17 08:00:00.001000+00:00,1621238400001,2021-05-17T08:00:00.001000+00:00,0.0001,0.0
2021-05-17 16:00:00+00:00,1621267200000,2021-05-17T16:00:00+00:00,0.000207,0.0
2021-05-18 00:00:00.019000+00:00,1621296000019,2021-05-18T00:00:00.019000+00:00,0.0001,0.0
2021-05-18 08:00:00.001000+00:00,1621324800001,2021-05-18T08:00:00.001000+00:00,0.0001,0.0
2021-05-18 16:00:00.006000+00:00,1621353600006,2021-05-18T16:00:00.006000+00:00,0.00042063,0.0
2021-05-19 00:00:00+00:00,1621382400000,2021-05-19T00:00:00+00:00,0.0001,0.0
2021-05-19 08:00:00.003000+00:00,1621411200003,2021-05-19T08:00:00.003000+00:00,0.0001,0.0
2021-05-19 16:00:00.018000+00:00,1621440000018,2021-05-19T16:00:00.018000+00:00,-0.004875,0.0
2021-05-20 00:00:00.005000+00:00,1621468800005,2021-05-20T00:00:00.005000+00:00,0.0001,0.0
2021-05-20 08:00:00+00:00,1621497600000,2021-05-20T08:00:00+00:00,-6.521e-05,0.0
2021-05-20 16:00:00.005000+00:00,1621526400005,2021-05-20T16:00:00.005000+00:00,-0.00038322,0.0
2021-05-21 00:00:00+00:00,1621555200000,2021-05-21T00:00:00+00:00,0.0001,0.0
2021-05-21 08:00:00+00:00,1621584000000,2021-05-21T08:00:00+00:00,5.427e-05,0.0
2021-05-21 16:00:00.001000+00:00,1621612800001,2021-05-21T16:00:00.001000+00:00,0.0001,0.0
2021-05-22 00:00:00.001000+00:00,1621641600001,2021-05-22T00:00:00.001000+00:00,6.983e-05,0.0
2021-05-22 08:00:00.002000+00:00,1621670400002,2021-05-22T08:00:00.002000+00:00,0.0001,0.0
2021-05-22 16:00:00.005000+00:00,1621699200005,2021-05-22T16:00:00.005000+00:00,0.0001,0.0
2021-05-23 00:00:00.006000+00:00,1621728000006,2021-05-23T00:00:00.006000+00:00,0.0001,0.0
2021-05-23 08:00:00.004000+00:00,1621756800004,2021-05-23T08:00:00.004000+00:00,4.35e-06,0.0
2021-05-23 16:00:00.002000+00:00,1621785600002,2021-05-23T16:00:00.002000+00:00,-0.00015843,0.0
2021-05-24 00:00:00.007000+00:00,1621814400007,2021-05-24T00:00:00.007000+00:00,-0.00111856,0.0
2021-05-24 08:00:00.005000+00:00,1621843200005,2021-05-24T08:00:00.005000+00:00,-1.569e-05,0.0
2021-05-24 16:00:00.005000+00:00,1621872000005,2021-05-24T16:00:00.005000+00:00,-0.00050675,0.0
2021-05-25 00:00:00+00:00,1621900800000,2021-05-25T00:00:00+00:00,-2.642e-05,0.0
2021-05-25 08:00:00.014000+00:00,1621929600014,2021-05-25T08:00:00.014000+00:00,0.0001,0.0
2021-05-25 16:00:00+00:00,1621958400000,2021-05-25T16:00:00+00:00,0.0001,0.0
2021-05-26 00:00:00.022000+00:00,1621987200022,2021-05-26T00:00:00.022000+00:00,0.0001,0.0
2021-05-26 08:00:00.018000+00:00,1622016000018,2021-05-26T08:00:00.018000+00:00,0.0001,0.0
2021-05-26 16:00:00.004000+00:00,1622044800004,2021-05-26T16:00:00.004000+00:00,0.0001,0.0
2021-05-27 00:00:00+00:00,1622073600000,2021-05-27T00:00:00+00:00,0.0001,0.0
2021-05-27 08:00:00.017000+00:00,1622102400017,2021-05-27T08:00:00.017000+00:00,4.027e-05,0.0
2021-05-27 16:00:00+00:00,1622131200000,2021-05-27T16:00:00+00:00,0.0001,0.0
2021-05-28 00:00:00.005000+00:00,1622160000005,2021-05-28T00:00:00.005000+00:00,0.0001,0.0
2021-05-28 08:00:00.009000+00:00,1622188800009,2021-05-28T08:00:00.009000+00:00,0.0001,0.0
2021-05-28 16:00:00+00:00,1622217600000,2021-05-28T16:00:00+00:00,0.0001,0.0
2021-05-29 00:00:00.006000+00:00,1622246400006,2021-05-29T00:00:00.006000+00:00,0.0001,0.0
2021-05-29 08:00:00+00:00,1622275200000,2021-05-29T08:00:00+00:00,0.0001,0.0
2021-05-29 16:00:00+00:00,1622304000000,2021-05-29T16:00:00+00:00,0.0001,0.0
2021-05-30 00:00:00.003000+00:00,1622332800003,2021-05-30T00:00:00.003000+00:00,-0.00032395,0.0
2021-05-30 08:00:00.004000+00:00,1622361600004,2021-05-30T08:00:00.004000+00:00,-0.00054375,0.0
2021-05-30 16:00:00.018000+00:00,1622390400018,2021-05-30T16:00:00.018000+00:00,0.0001,0.0
2021-05-31 00:00:00.002000+00:00,1622419200002,2021-05-31T00:00:00.002000+00:00,0.0001,0.0
2021-05-31 08:00:00+00:00,1622448000000,2021-05-31T08:00:00+00:00,-0.00031468,0.0
2021-05-31 16:00:00+00:00,1622476800000,2021-05-31T16:00:00+00:00,0.0001,0.0
2021-06-01 00:00:00.001000+00:00,1622505600001,2021-06-01T00:00:00.001000+00:00,0.0001,0.0
2021-06-01 08:00:00.010000+00:00,1622534400010,2021-06-01T08:00:00.010000+00:00,0.0001,0.0
2021-06-01 16:00:00.010000+00:00,1622563200010,2021-06-01T16:00:00.010000+00:00,0.0001,0.0
2021-06-02 00:00:00.008000+00:00,1622592000008,2021-06-02T00:00:00.008000+00:00,0.0001,0.0
2021-06-02 08:00:00+00:00,1622620800000,2021-06-02T08:00:00+00:00,0.0001,0.0
2021-06-02 16:00:00.007000+00:00,1622649600007,2021-06-02T16:00:00.007000+00:00,0.0001,0.0
2021-06-03 00:00:00.019000+00:00,1622678400019,2021-06-03T00:00:00.019000+00:00,0.0001,0.0
2021-06-03 08:00:00.002000+00:00,1622707200002,2021-06-03T08:00:00.002000+00:00,0.0001,0.0
2021-06-03 16:00:00.003000+00:00,1622736000003,2021-06-03T16:00:00.003000+00:00,0.0001,0.0
2021-06-04 00:00:00.003000+00:00,1622764800003,2021-06-04T00:00:00.003000+00:00,0.0001,0.0
2021-06-04 08:00:00.006000+00:00,1622793600006,2021-06-04T08:00:00.006000+00:00,0.0001,0.0
2021-06-04 16:00:00.002000+00:00,1622822400002,2021-06-04T16:00:00.002000+00:00,0.0001,0.0
2021-06-05 00:00:00+00:00,1622851200000,2021-06-05T00:00:00+00:00,0.0001,0.0
2021-06-05 08:00:00.004000+00:00,1622880000004,2021-06-05T08:00:00.004000+00:00,0.0001,0.0
2021-06-05 16:00:00.020000+00:00,1622908800020,2021-06-05T16:00:00.020000+00:00,0.0001,0.0
2021-06-06 00:00:00+00:00,1622937600000,2021-06-06T00:00:00+00:00,0.0001,0.0
2021-06-06 08:00:00.004000+00:00,1622966400004,2021-06-06T08:00:00.004000+00:00,0.0001,0.0
2021-06-06 16:00:00+00:00,1622995200000,2021-06-06T16:00:00+00:00,0.0001,0.0
2021-06-07 00:00:00.007000+00:00,1623024000007,2021-06-07T00:00:00.007000+00:00,0.0001,0.0
2021-06-07 08:00:00.007000+00:00,1623052800007,2021-06-07T08:00:00.007000+00:00,0.0001,0.0
2021-06-07 16:00:00.003000+00:00,1623081600003,2021-06-07T16:00:00.003000+00:00,0.0001,0.0
2021-06-08 00:00:00+00:00,1623110400000,2021-06-08T00:00:00+00:00,0.0001,0.0
2021-06-08 08:00:00+00:00,1623139200000,2021-06-08T08:00:00+00:00,0.0001,0.0
2021-06-08 16:00:00.002000+00:00,1623168000002,2021-06-08T16:00:00.002000+00:00,0.0001,0.0
2021-06-09 00:00:00.009000+00:00,1623196800009,2021-06-09T00:00:00.009000+00:00,3.4e-05,0.0
2021-06-09 08:00:00.002000+00:00,1623225600002,2021-06-09T08:00:00.002000+00:00,3.5e-05,0.0
2021-06-09 16:00:00+00:00,1623254400000,2021-06-09T16:00:00+00:00,-0.00010742,0.0
2021-06-10 00:00:00.007000+00:00,1623283200007,2021-06-10T00:00:00.007000+00:00,6.102e-05,0.0
2021-06-10 08:00:00.003000+00:00,1623312000003,2021-06-10T08:00:00.003000+00:00,0.0001,0.0
2021-06-10 16:00:00+00:00,1623340800000,2021-06-10T16:00:00+00:00,0.0001,0.0
2021-06-11 00:00:00.010000+00:00,1623369600010,2021-06-11T00:00:00.010000+00:00,0.0001,0.0
2021-06-11 08:00:00.007000+00:00,1623398400007,2021-06-11T08:00:00.007000+00:00,0.0001,0.0
2021-06-11 16:00:00.006000+00:00,1623427200006,2021-06-11T16:00:00.006000+00:00,0.0001,0.0
2021-06-12 00:00:00.005000+00:00,1623456000005,2021-06-12T00:00:00.005000+00:00,0.0001,0.0
2021-06-12 08:00:00+00:00,1623484800000,2021-06-12T08:00:00+00:00,0.0001,0.0
2021-06-12 16:00:00.018000+00:00,1623513600018,2021-06-12T16:00:00.018000+00:00,-1.215e-05,0.0
2021-06-13 00:00:00.002000+00:00,1623542400002,2021-06-13T00:00:00.002000+00:00,-7.143e-05,0.0
2021-06-13 08:00:00+00:00,1623571200000,2021-06-13T08:00:00+00:00,0.0001,0.0
2021-06-13 16:00:00.003000+00:00,1623600000003,2021-06-13T16:00:00.003000+00:00,0.0001,0.0
2021-06-14 00:00:00+00:00,1623628800000,2021-06-14T00:00:00+00:00,0.0001,0.0
2021-06-14 08:00:00.015000+00:00,1623657600015,2021-06-14T08:00:00.015000+00:00,0.0001,0.0
2021-06-14 16:00:00+00:00,1623686400000,2021-06-14T16:00:00+00:00,6.34e-06,0.0
2021-06-15 00:00:00+00:00,1623715200000,2021-06-15T00:00:00+00:00,0.0001,0.0
2021-06-15 08:00:00+00:00,1623744000000,2021-06-15T08:00:00+00:00,0.0001,0.0
2021-06-15 16:00:00.004000+00:00,1623772800004,2021-06-15T16:00:00.004000+00:00,0.0001,0.0
2021-06-16 00:00:00.004000+00:00,1623801600004,2021-06-16T00:00:00.004000+00:00,0.0001,0.0
2021-06-16 08:00:00.001000+00:00,1623830400001,2021-06-16T08:00:00.001000+00:00,0.0001,0.0
2021-06-16 16:00:00+00:00,1623859200000,2021-06-16T16:00:00+00:00,0.0001,0.0
2021-06-17 00:00:00.004000+00:00,1623888000004,2021-06-17T00:00:00.004000+00:00,5.164e-05,0.0
2021-06-17 08:00:00+00:00,1623916800000,2021-06-17T08:00:00+00:00,0.0001,0.0
2021-06-17 16:00:00.002000+00:00,1623945600002,2021-06-17T16:00:00.002000+00:00,0.0001,0.0
2021-06-18 00:00:00.009000+00:00,1623974400009,2021-06-18T00:00:00.009000+00:00,-7.49e-06,0.0
2021-06-18 08:00:00.014000+00:00,1624003200014,2021-06-18T08:00:00.014000+00:00,0.0001,0.0
2021-06-18 16:00:00.007000+00:00,1624032000007,2021-06-18T16:00:00.007000+00:00,0.0001,0.0
2021-06-19 00:00:00.003000+00:00,1624060800003,2021-06-19T00:00:00.003000+00:00,-1.52e-05,0.0
2021-06-19 08:00:00.001000+00:00,1624089600001,2021-06-19T08:00:00.001000+00:00,0.0001,0.0
2021-06-19 16:00:00+00:00,1624118400000,2021-06-19T16:00:00+00:00,0.0001,0.0
2021-06-20 00:00:00.005000+00:00,1624147200005,2021-06-20T00:00:00.005000+00:00,0.0001,0.0
2021-06-20 08:00:00+00:00,1624176000000,2021-06-20T08:00:00+00:00,6.277e-05,0.0
2021-06-20 16:00:00.002000+00:00,1624204800002,2021-06-20T16:00:00.002000+00:00,-0.00020512,0.0
2021-06-21 00:00:00.019000+00:00,1624233600019,2021-06-21T00:00:00.019000+00:00,0.0001,0.0
2021-06-21 08:00:00+00:00,1624262400000,2021-06-21T08:00:00+00:00,4e-06,0.0
2021-06-21 16:00:00.024000+00:00,1624291200024,2021-06-21T16:00:00.024000+00:00,-0.00024466,0.0
2021-06-22 00:00:00.008000+00:00,1624320000008,2021-06-22T00:00:00.008000+00:00,9.172e-05,0.0
2021-06-22 08:00:00.009000+00:00,1624348800009,2021-06-22T08:00:00.009000+00:00,3.536e-05,0.0
2021-06-22 16:00:00.001000+00:00,1624377600001,2021-06-22T16:00:00.001000+00:00,-0.00024325,0.0
2021-06-23 00:00:00.003000+00:00,1624406400003,2021-06-23T00:00:00.003000+00:00,0.0001,0.0
2021-06-23 08:00:00+00:00,1624435200000,2021-06-23T08:00:00+00:00,-0.0001241,0.0
2021-06-23 16:00:00+00:00,1624464000000,2021-06-23T16:00:00+00:00,-5.696e-05,0.0
2021-06-24 00:00:00.009000+00:00,1624492800009,2021-06-24T00:00:00.009000+00:00,-3.719e-05,0.0
2021-06-24 08:00:00.018000+00:00,1624521600018,2021-06-24T08:00:00.018000+00:00,-0.00011208,0.0
2021-06-24 16:00:00.001000+00:00,1624550400001,2021-06-24T16:00:00.001000+00:00,-8.53e-06,0.0
2021-06-25 00:00:00.009000+00:00,1624579200009,2021-06-25T00:00:00.009000+00:00,0.0001,0.0
2021-06-25 08:00:00.004000+00:00,1624608000004,2021-06-25T08:00:00.004000+00:00,0.0001,0.0
2021-06-25 16:00:00+00:00,1624636800000,2021-06-25T16:00:00+00:00,0.0001,0.0
2021-06-26 00:00:00.007000+00:00,1624665600007,2021-06-26T00:00:00.007000+00:00,0.0001,0.0
2021-06-26 08:00:00+00:00,1624694400000,2021-06-26T08:00:00+00:00,6.531e-05,0.0
2021-06-26 16:00:00.002000+00:00,1624723200002,2021-06-26T16:00:00.002000+00:00,-3.263e-05,0.0
2021-06-27 00:00:00.005000+00:00,1624752000005,2021-06-27T00:00:00.005000+00:00,2.96e-06,0.0
2021-06-27 08:00:00.010000+00:00,1624780800010,2021-06-27T08:00:00.010000+00:00,-3.681e-05,0.0
2021-06-27 16:00:00.001000+00:00,1624809600001,2021-06-27T16:00:00.001000+00:00,-0.00016174,0.0
2021-06-28 00:00:00.025000+00:00,1624838400025,2021-06-28T00:00:00.025000+00:00,-0.00013659,0.0
2021-06-28 08:00:00.017000+00:00,1624867200017,2021-06-28T08:00:00.017000+00:00,9.7e-06,0.0
2021-06-28 16:00:00.007000+00:00,1624896000007,2021-06-28T16:00:00.007000+00:00,9.842e-05,0.0
2021-06-29 00:00:00.008000+00:00,1624924800008,2021-06-29T00:00:00.008000+00:00,-5.82e-06,0.0
2021-06-29 08:00:00+00:00,1624953600000,2021-06-29T08:00:00+00:00,0.0001,0.0
2021-06-29 16:00:00+00:00,1624982400000,2021-06-29T16:00:00+00:00,0.0001,0.0
2021-06-30 00:00:00.011000+00:00,1625011200011,2021-06-30T00:00:00.011000+00:00,0.0001,0.0
2021-06-30 08:00:00.044000+00:00,1625040000044,2021-06-30T08:00:00.044000+00:00,0.0001,0.0
2021-06-30 16:00:00.005000+00:00,1625068800005,2021-06-30T16:00:00.005000+00:00,0.0001,0.0
2021-07-01 00:00:00+00:00,1625097600000,2021-07-01T00:00:00+00:00,8.513e-05,0.0
2021-07-01 08:00:00.004000+00:00,1625126400004,2021-07-01T08:00:00.004000+00:00,0.0001,0.0
2021-07-01 16:00:00.028000+00:00,1625155200028,2021-07-01T16:00:00.028000+00:00,-0.00015751,0.0
2021-07-02 00:00:00.002000+00:00,1625184000002,2021-07-02T00:00:00.002000+00:00,0.0001,0.0
2021-07-02 08:00:00.016000+00:00,1625212800016,2021-07-02T08:00:00.016000+00:00,-4.352e-05,0.0
2021-07-02 16:00:00.007000+00:00,1625241600007,2021-07-02T16:00:00.007000+00:00,-0.00015654,0.0
2021-07-03 00:00:00.008000+00:00,1625270400008,2021-07-03T00:00:00.008000+00:00,-6.78e-06,0.0
2021-07-03 08:00:00+00:00,1625299200000,2021-07-03T08:00:00+00:00,5.43e-06,0.0
2021-07-03 16:00:00.004000+00:00,1625328000004,2021-07-03T16:00:00.004000+00:00,0.0001,0.0
2021-07-04 00:00:00.012000+00:00,1625356800012,2021-07-04T00:00:00.012000+00:00,0.0001,0.0
2021-07-04 08:00:00.002000+00:00,1625385600002,2021-07-04T08:00:00.002000+00:00,-4.4e-07,0.0
2021-07-04 16:00:00.003000+00:00,1625414400003,2021-07-04T16:00:00.003000+00:00,0.0001,0.0
2021-07-05 00:00:00.004000+00:00,1625443200004,2021-07-05T00:00:00.004000+00:00,8.73e-06,0.0
2021-07-05 08:00:00+00:00,1625472000000,2021-07-05T08:00:00+00:00,-5.22e-06,0.0
2021-07-05 16:00:00.009000+00:00,1625500800009,2021-07-05T16:00:00.009000+00:00,-0.00018497,0.0
2021-07-06 00:00:00.008000+00:00,1625529600008,2021-07-06T00:00:00.008000+00:00,-0.00015971,0.0
2021-07-06 08:00:00.019000+00:00,1625558400019,2021-07-06T08:00:00.019000+00:00,6.775e-05,0.0
2021-07-06 16:00:00+00:00,1625587200000,2021-07-06T16:00:00+00:00,-8.996e-05,0.0
2021-07-07 00:00:00.007000+00:00,1625616000007,2021-07-07T00:00:00.007000+00:00,-0.0001412,0.0
2021-07-07 08:00:00.001000+00:00,1625644800001,2021-07-07T08:00:00.001000+00:00,0.0001,0.0
2021-07-07 16:00:00.008000+00:00,1625673600008,2021-07-07T16:00:00.008000+00:00,0.0001,0.0
2021-07-08 00:00:00.002000+00:00,1625702400002,2021-07-08T00:00:00.002000+00:00,2.58e-06,0.0
2021-07-08 08:00:00.010000+00:00,1625731200010,2021-07-08T08:00:00.010000+00:00,0.0001,0.0
2021-07-08 16:00:00.003000+00:00,1625760000003,2021-07-08T16:00:00.003000+00:00,0.0001,0.0
2021-07-09 00:00:00+00:00,1625788800000,2021-07-09T00:00:00+00:00,0.0001,0.0
2021-07-09 08:00:00.006000+00:00,1625817600006,2021-07-09T08:00:00.006000+00:00,-4.684e-05,0.0
2021-07-09 16:00:00+00:00,1625846400000,2021-07-09T16:00:00+00:00,-2.475e-05,0.0
2021-07-10 00:00:00.002000+00:00,1625875200002,2021-07-10T00:00:00.002000+00:00,0.0001,0.0
2021-07-10 08:00:00+00:00,1625904000000,2021-07-10T08:00:00+00:00,0.0001,0.0
2021-07-10 16:00:00.001000+00:00,1625932800001,2021-07-10T16:00:00.001000+00:00,7.253e-05,0.0
2021-07-11 00:00:00.001000+00:00,1625961600001,2021-07-11T00:00:00.001000+00:00,0.0001,0.0
2021-07-11 08:00:00.025000+00:00,1625990400025,2021-07-11T08:00:00.025000+00:00,9.208e-05,0.0
2021-07-11 16:00:00.006000+00:00,1626019200006,2021-07-11T16:00:00.006000+00:00,-5.948e-05,0.0
2021-07-12 00:00:00+00:00,1626048000000,2021-07-12T00:00:00+00:00,-0.00011973,0.0
2021-07-12 08:00:00.021000+00:00,1626076800021,2021-07-12T08:00:00.021000+00:00,7.037e-05,0.0
2021-07-12 16:00:00+00:00,1626105600000,2021-07-12T16:00:00+00:00,0.0001,0.0
2021-07-13 00:00:00+00:00,1626134400000,2021-07-13T00:00:00+00:00,-5.49e-05,0.0
2021-07-13 08:00:00.013000+00:00,1626163200013,2021-07-13T08:00:00.013000+00:00,0.0001,0.0
2021-07-13 16:00:00.005000+00:00,1626192000005,2021-07-13T16:00:00.005000+00:00,0.0001,0.0
2021-07-14 00:00:00+00:00,1626220800000,2021-07-14T00:00:00+00:00,0.0001,0.0
2021-07-14 08:00:00+00:00,1626249600000,2021-07-14T08:00:00+00:00,-4.811e-05,0.0
2021-07-14 16:00:00.005000+00:00,1626278400005,2021-07-14T16:00:00.005000+00:00,-0.00013224,0.0
2021-07-15 00:00:00.005000+00:00,1626307200005,2021-07-15T00:00:00.005000+00:00,0.0001,0.0
2021-07-15 08:00:00.001000+00:00,1626336000001,2021-07-15T08:00:00.001000+00:00,0.0001,0.0
2021-07-15 16:00:00+00:00,1626364800000,2021-07-15T16:00:00+00:00,6.3e-05,0.0
2021-07-16 00:00:00+00:00,1626393600000,2021-07-16T00:00:00+00:00,0.0001,0.0
2021-07-16 08:00:00+00:00,1626422400000,2021-07-16T08:00:00+00:00,0.0001,0.0
2021-07-16 16:00:00.001000+00:00,1626451200001,2021-07-16T16:00:00.001000+00:00,-0.00012312,0.0
2021-07-17 00:00:00.004000+00:00,1626480000004,2021-07-17T00:00:00.004000+00:00,0.0001,0.0
2021-07-17 08:00:00.009000+00:00,1626508800009,2021-07-17T08:00:00.009000+00:00,3.361e-05,0.0
2021-07-17 16:00:00.006000+00:00,1626537600006,2021-07-17T16:00:00.006000+00:00,-3.325e-05,0.0
2021-07-18 00:00:00+00:00,1626566400000,2021-07-18T00:00:00+00:00,0.0001,0.0
2021-07-18 08:00:00.001000+00:00,1626595200001,2021-07-18T08:00:00.001000+00:00,4.608e-05,0.0
2021-07-18 16:00:00.003000+00:00,1626624000003,2021-07-18T16:00:00.003000+00:00,-2.61e-05,0.0
2021-07-19 00:00:00.002000+00:00,1626652800002,2021-07-19T00:00:00.002000+00:00,-2.872e-05,0.0
2021-07-19 08:00:00.006000+00:00,1626681600006,2021-07-19T08:00:00.006000+00:00,5.933e-05,0.0
2021-07-19 16:00:00.006000+00:00,1626710400006,2021-07-19T16:00:00.006000+00:00,-0.00010319,0.0
2021-07-20 00:00:00.002000+00:00,1626739200002,2021-07-20T00:00:00.002000+00:00,-0.0001783,0.0
2021-07-20 08:00:00.011000+00:00,1626768000011,2021-07-20T08:00:00.011000+00:00,-0.00024069,0.0
2021-07-20 16:00:00.001000+00:00,1626796800001,2021-07-20T16:00:00.001000+00:00,-8.739e-05,0.0
2021-07-21 00:00:00.022000+00:00,1626825600022,2021-07-21T00:00:00.022000+00:00,-0.00018083,0.0
2021-07-21 08:00:00+00:00,1626854400000,2021-07-21T08:00:00+00:00,-0.00032709,0.0
2021-07-21 16:00:00.018000+00:00,1626883200018,2021-07-21T16:00:00.018000+00:00,-0.00036276,0.0
2021-07-22 00:00:00.002000+00:00,1626912000002,2021-07-22T00:00:00.002000+00:00,0.0001,0.0
2021-07-22 08:00:00.006000+00:00,1626940800006,2021-07-22T08:00:00.006000+00:00,0.0001,0.0
2021-07-22 16:00:00.010000+00:00,1626969600010,2021-07-22T16:00:00.010000+00:00,0.0001,0.0
2021-07-23 00:00:00.013000+00:00,1626998400013,2021-07-23T00:00:00.013000+00:00,0.0001,0.0
2021-07-23 08:00:00+00:00,1627027200000,2021-07-23T08:00:00+00:00,0.0001,0.0
2021-07-23 16:00:00.005000+00:00,1627056000005,2021-07-23T16:00:00.005000+00:00,0.0001,0.0
2021-07-24 00:00:00+00:00,1627084800000,2021-07-24T00:00:00+00:00,0.0001,0.0
2021-07-24 08:00:00.002000+00:00,1627113600002,2021-07-24T08:00:00.002000+00:00,0.0001,0.0
2021-07-24 16:00:00.001000+00:00,1627142400001,2021-07-24T16:00:00.001000+00:00,0.0001,0.0
2021-07-25 00:00:00.003000+00:00,1627171200003,2021-07-25T00:00:00.003000+00:00,0.0001,0.0
2021-07-25 08:00:00.015000+00:00,1627200000015,2021-07-25T08:00:00.015000+00:00,0.0001,0.0
2021-07-25 16:00:00+00:00,1627228800000,2021-07-25T16:00:00+00:00,0.0001,0.0
2021-07-26 00:00:00+00:00,1627257600000,2021-07-26T00:00:00+00:00,0.0001,0.0
2021-07-26 08:00:00+00:00,1627286400000,2021-07-26T08:00:00+00:00,0.0001,0.0
2021-07-26 16:00:00+00:00,1627315200000,2021-07-26T16:00:00+00:00,0.0001,0.0
2021-07-27 00:00:00.046000+00:00,1627344000046,2021-07-27T00:00:00.046000+00:00,0.0001,0.0
2021-07-27 08:00:00.014000+00:00,1627372800014,2021-07-27T08:00:00.014000+00:00,5.347e-05,0.0
2021-07-27 16:00:00.007000+00:00,1627401600007,2021-07-27T16:00:00.007000+00:00,0.0001,0.0
2021-07-28 00:00:00+00:00,1627430400000,2021-07-28T00:00:00+00:00,0.0001,0.0
2021-07-28 08:00:00.002000+00:00,1627459200002,2021-07-28T08:00:00.002000+00:00,0.0001,0.0
2021-07-28 16:00:00.005000+00:00,1627488000005,2021-07-28T16:00:00.005000+00:00,0.0001,0.0
2021-07-29 00:00:00.004000+00:00,1627516800004,2021-07-29T00:00:00.004000+00:00,0.0001,0.0
2021-07-29 08:00:00+00:00,1627545600000,2021-07-29T08:00:00+00:00,0.0001,0.0
2021-07-29 16:00:00.007000+00:00,1627574400007,2021-07-29T16:00:00.007000+00:00,0.0001,0.0
2021-07-30 00:00:00.004000+00:00,1627603200004,2021-07-30T00:00:00.004000+00:00,0.0001,0.0
2021-07-30 08:00:00+00:00,1627632000000,2021-07-30T08:00:00+00:00,0.0001,0.0
2021-07-30 16:00:00+00:00,1627660800000,2021-07-30T16:00:00+00:00,-5.167e-05,0.0
2021-07-31 00:00:00+00:00,1627689600000,2021-07-31T00:00:00+00:00,0.0001,0.0
2021-07-31 08:00:00.014000+00:00,1627718400014,2021-07-31T08:00:00.014000+00:00,0.0001,0.0
2021-07-31 16:00:00.003000+00:00,1627747200003,2021-07-31T16:00:00.003000+00:00,0.0001,0.0
2021-08-01 00:00:00.005000+00:00,1627776000005,2021-08-01T00:00:00.005000+00:00,6.706e-05,0.0
2021-08-01 08:00:00.016000+00:00,1627804800016,2021-08-01T08:00:00.016000+00:00,0.0001,0.0
2021-08-01 16:00:00.001000+00:00,1627833600001,2021-08-01T16:00:00.001000+00:00,0.0001,0.0
2021-08-02 00:00:00+00:00,1627862400000,2021-08-02T00:00:00+00:00,0.0001,0.0
2021-08-02 08:00:00.014000+00:00,1627891200014,2021-08-02T08:00:00.014000+00:00,0.0001,0.0
2021-08-02 16:00:00.021000+00:00,1627920000021,2021-08-02T16:00:00.021000+00:00,0.0001,0.0
2021-08-03 00:00:00+00:00,1627948800000,2021-08-03T00:00:00+00:00,0.0001,0.0
2021-08-03 08:00:00+00:00,1627977600000,2021-08-03T08:00:00+00:00,0.0001,0.0
2021-08-03 16:00:00.009000+00:00,1628006400009,2021-08-03T16:00:00.009000+00:00,0.0001,0.0
2021-08-04 00:00:00+00:00,1628035200000,2021-08-04T00:00:00+00:00,0.0001,0.0
2021-08-04 08:00:00+00:00,1628064000000,2021-08-04T08:00:00+00:00,0.0001,0.0
2021-08-04 16:00:00.003000+00:00,1628092800003,2021-08-04T16:00:00.003000+00:00,0.0001,0.0
2021-08-05 00:00:00+00:00,1628121600000,2021-08-05T00:00:00+00:00,0.0001,0.0
2021-08-05 08:00:00+00:00,1628150400000,2021-08-05T08:00:00+00:00,0.0001,0.0
2021-08-05 16:00:00.001000+00:00,1628179200001,2021-08-05T16:00:00.001000+00:00,0.0001,0.0
2021-08-06 00:00:00+00:00,1628208000000,2021-08-06T00:00:00+00:00,0.0001,0.0
2021-08-06 08:00:00.004000+00:00,1628236800004,2021-08-06T08:00:00.004000+00:00,0.0001,0.0
2021-08-06 16:00:00.003000+00:00,1628265600003,2021-08-06T16:00:00.003000+00:00,0.0001,0.0
2021-08-07 00:00:00.015000+00:00,1628294400015,2021-08-07T00:00:00.015000+00:00,0.0001,0.0
2021-08-07 08:00:00.001000+00:00,1628323200001,2021-08-07T08:00:00.001000+00:00,0.00043436,0.0
2021-08-07 16:00:00.002000+00:00,1628352000002,2021-08-07T16:00:00.002000+00:00,0.0001,0.0
2021-08-08 00:00:00+00:00,1628380800000,2021-08-08T00:00:00+00:00,0.0001,0.0
2021-08-08 08:00:00.002000+00:00,1628409600002,2021-08-08T08:00:00.002000+00:00,0.0001,0.0
2021-08-08 16:00:00.018000+00:00,1628438400018,2021-08-08T16:00:00.018000+00:00,0.0001,0.0
2021-08-09 00:00:00+00:00,1628467200000,2021-08-09T00:00:00+00:00,0.0001,0.0
2021-08-09 08:00:00+00:00,1628496000000,2021-08-09T08:00:00+00:00,0.0001,0.0
2021-08-09 16:00:00.002000+00:00,1628524800002,2021-08-09T16:00:00.002000+00:00,0.0001,0.0
2021-08-10 00:00:00+00:00,1628553600000,2021-08-10T00:00:00+00:00,0.00012088,0.0
2021-08-10 08:00:00.003000+00:00,1628582400003,2021-08-10T08:00:00.003000+00:00,0.0001,0.0
2021-08-10 16:00:00+00:00,1628611200000,2021-08-10T16:00:00+00:00,0.00037726,0.0
2021-08-11 00:00:00.006000+00:00,1628640000006,2021-08-11T00:00:00.006000+00:00,0.00028147,0.0
2021-08-11 08:00:00.003000+00:00,1628668800003,2021-08-11T08:00:00.003000+00:00,0.00012002,0.0
2021-08-11 16:00:00+00:00,1628697600000,2021-08-11T16:00:00+00:00,0.00021545,0.0
2021-08-12 00:00:00.013000+00:00,1628726400013,2021-08-12T00:00:00.013000+00:00,0.00056521,0.0
2021-08-12 08:00:00.001000+00:00,1628755200001,2021-08-12T08:00:00.001000+00:00,0.00038609,0.0
2021-08-12 16:00:00+00:00,1628784000000,2021-08-12T16:00:00+00:00,0.00048047,0.0
2021-08-13 00:00:00+00:00,1628812800000,2021-08-13T00:00:00+00:00,0.0001,0.0
2021-08-13 08:00:00+00:00,1628841600000,2021-08-13T08:00:00+00:00,0.0001,0.0
2021-08-13 16:00:00.002000+00:00,1628870400002,2021-08-13T16:00:00.002000+00:00,0.00044192,0.0
2021-08-14 00:00:00.006000+00:00,1628899200006,2021-08-14T00:00:00.006000+00:00,0.00018517,0.0
2021-08-14 08:00:00+00:00,1628928000000,2021-08-14T08:00:00+00:00,0.00040172,0.0
2021-08-14 16:00:00+00:00,1628956800000,2021-08-14T16:00:00+00:00,0.00034467,0.0
2021-08-15 00:00:00.003000+00:00,1628985600003,2021-08-15T00:00:00.003000+00:00,0.00058225,0.0
2021-08-15 08:00:00+00:00,1629014400000,2021-08-15T08:00:00+00:00,0.00051507,0.0
2021-08-15 16:00:00.007000+00:00,1629043200007,2021-08-15T16:00:00.007000+00:00,0.0005305,0.0
2021-08-16 00:00:00.012000+00:00,1629072000012,2021-08-16T00:00:00.012000+00:00,0.00049561,0.0
2021-08-16 08:00:00.003000+00:00,1629100800003,2021-08-16T08:00:00.003000+00:00,0.00059828,0.0
2021-08-16 16:00:00.010000+00:00,1629129600010,2021-08-16T16:00:00.010000+00:00,0.00052361,0.0
2021-08-17 00:00:00.018000+00:00,1629158400018,2021-08-17T00:00:00.018000+00:00,0.0001558,0.0
2021-08-17 08:00:00.015000+00:00,1629187200015,2021-08-17T08:00:00.015000+00:00,0.0001,0.0
2021-08-17 16:00:00.006000+00:00,1629216000006,2021-08-17T16:00:00.006000+00:00,0.00025066,0.0
2021-08-18 00:00:00+00:00,1629244800000,2021-08-18T00:00:00+00:00,0.0001,0.0
2021-08-18 08:00:00+00:00,1629273600000,2021-08-18T08:00:00+00:00,0.0001,0.0
2021-08-18 16:00:00.011000+00:00,1629302400011,2021-08-18T16:00:00.011000+00:00,0.00011012,0.0
2021-08-19 00:00:00+00:00,1629331200000,2021-08-19T00:00:00+00:00,0.0001,0.0
2021-08-19 08:00:00.014000+00:00,1629360000014,2021-08-19T08:00:00.014000+00:00,0.0001,0.0
2021-08-19 16:00:00+00:00,1629388800000,2021-08-19T16:00:00+00:00,0.0001,0.0
2021-08-20 00:00:00+00:00,1629417600000,2021-08-20T00:00:00+00:00,0.00084538,0.0
2021-08-20 08:00:00.001000+00:00,1629446400001,2021-08-20T08:00:00.001000+00:00,0.00069846,0.0
2021-08-20 16:00:00.001000+00:00,1629475200001,2021-08-20T16:00:00.001000+00:00,0.00048686,0.0
2021-08-21 00:00:00.005000+00:00,1629504000005,2021-08-21T00:00:00.005000+00:00,0.00011398,0.0
2021-08-21 08:00:00.001000+00:00,1629532800001,2021-08-21T08:00:00.001000+00:00,0.00065467,0.0
2021-08-21 16:00:00+00:00,1629561600000,2021-08-21T16:00:00+00:00,0.0004307,0.0
2021-08-22 00:00:00.005000+00:00,1629590400005,2021-08-22T00:00:00.005000+00:00,0.00012318,0.0
2021-08-22 08:00:00.007000+00:00,1629619200007,2021-08-22T08:00:00.007000+00:00,0.00055225,0.0
2021-08-22 16:00:00.002000+00:00,1629648000002,2021-08-22T16:00:00.002000+00:00,0.00048115,0.0
2021-08-23 00:00:00.003000+00:00,1629676800003,2021-08-23T00:00:00.003000+00:00,0.0001,0.0
2021-08-23 08:00:00.005000+00:00,1629705600005,2021-08-23T08:00:00.005000+00:00,0.00064584,0.0
2021-08-23 16:00:00.002000+00:00,1629734400002,2021-08-23T16:00:00.002000+00:00,0.00036916,0.0
2021-08-24 00:00:00.006000+00:00,1629763200006,2021-08-24T00:00:00.006000+00:00,0.00049561,0.0
2021-08-24 08:00:00.004000+00:00,1629792000004,2021-08-24T08:00:00.004000+00:00,0.00066626,0.0
2021-08-24 16:00:00+00:00,1629820800000,2021-08-24T16:00:00+00:00,0.00083064,0.0
2021-08-25 00:00:00.015000+00:00,1629849600015,2021-08-25T00:00:00.015000+00:00,0.0001,0.0
2021-08-25 08:00:00+00:00,1629878400000,2021-08-25T08:00:00+00:00,0.00023765,0.0
2021-08-25 16:00:00+00:00,1629907200000,2021-08-25T16:00:00+00:00,0.00016008,0.0
2021-08-26 00:00:00.001000+00:00,1629936000001,2021-08-26T00:00:00.001000+00:00,0.00015003,0.0
2021-08-26 08:00:00.016000+00:00,1629964800016,2021-08-26T08:00:00.016000+00:00,0.00014473,0.0
2021-08-26 16:00:00.004000+00:00,1629993600004,2021-08-26T16:00:00.004000+00:00,0.00021532,0.0
2021-08-27 00:00:00.013000+00:00,1630022400013,2021-08-27T00:00:00.013000+00:00,0.0001,0.0
2021-08-27 08:00:00.001000+00:00,1630051200001,2021-08-27T08:00:00.001000+00:00,0.0001,0.0
2021-08-27 16:00:00.004000+00:00,1630080000004,2021-08-27T16:00:00.004000+00:00,0.0001,0.0
2021-08-28 00:00:00+00:00,1630108800000,2021-08-28T00:00:00+00:00,0.00019918,0.0
2021-08-28 08:00:00+00:00,1630137600000,2021-08-28T08:00:00+00:00,0.00035963,0.0
2021-08-28 16:00:00+00:00,1630166400000,2021-08-28T16:00:00+00:00,0.00036243,0.0
2021-08-29 00:00:00+00:00,1630195200000,2021-08-29T00:00:00+00:00,0.00023858,0.0
2021-08-29 08:00:00.002000+00:00,1630224000002,2021-08-29T08:00:00.002000+00:00,0.0001,0.0
2021-08-29 16:00:00.005000+00:00,1630252800005,2021-08-29T16:00:00.005000+00:00,0.00040065,0.0
2021-08-30 00:00:00.013000+00:00,1630281600013,2021-08-30T00:00:00.013000+00:00,0.0001,0.0
2021-08-30 08:00:00.008000+00:00,1630310400008,2021-08-30T08:00:00.008000+00:00,0.0001,0.0
2021-08-30 16:00:00+00:00,1630339200000,2021-08-30T16:00:00+00:00,0.00030179,0.0
2021-08-31 00:00:00+00:00,1630368000000,2021-08-31T00:00:00+00:00,0.00037779,0.0
2021-08-31 08:00:00.007000+00:00,1630396800007,2021-08-31T08:00:00.007000+00:00,0.00017159,0.0
2021-08-31 16:00:00.003000+00:00,1630425600003,2021-08-31T16:00:00.003000+00:00,0.00030058,0.0
2021-09-01 00:00:00+00:00,1630454400000,2021-09-01T00:00:00+00:00,0.0001,0.0
2021-09-01 08:00:00.006000+00:00,1630483200006,2021-09-01T08:00:00.006000+00:00,0.00010076,0.0
2021-09-01 16:00:00+00:00,1630512000000,2021-09-01T16:00:00+00:00,0.00051759,0.0
2021-09-02 00:00:00.009000+00:00,1630540800009,2021-09-02T00:00:00.009000+00:00,0.00028474,0.0
2021-09-02 08:00:00.006000+00:00,1630569600006,2021-09-02T08:00:00.006000+00:00,0.0012723,0.0
2021-09-02 16:00:00.007000+00:00,1630598400007,2021-09-02T16:00:00.007000+00:00,0.00067169,0.0
2021-09-03 00:00:00.011000+00:00,1630627200011,2021-09-03T00:00:00.011000+00:00,0.00013524,0.0
2021-09-03 08:00:00+00:00,1630656000000,2021-09-03T08:00:00+00:00,0.00095656,0.0
2021-09-03 16:00:00.002000+00:00,1630684800002,2021-09-03T16:00:00.002000+00:00,0.00074336,0.0
2021-09-04 00:00:00.003000+00:00,1630713600003,2021-09-04T00:00:00.003000+00:00,0.0006203,0.0
2021-09-04 08:00:00.008000+00:00,1630742400008,2021-09-04T08:00:00.008000+00:00,0.00086749,0.0
2021-09-04 16:00:00.009000+00:00,1630771200009,2021-09-04T16:00:00.009000+00:00,0.00080491,0.0
2021-09-05 00:00:00.002000+00:00,1630800000002,2021-09-05T00:00:00.002000+00:00,0.00051396,0.0
2021-09-05 08:00:00.002000+00:00,1630828800002,2021-09-05T08:00:00.002000+00:00,0.0006024,0.0
2021-09-05 16:00:00+00:00,1630857600000,2021-09-05T16:00:00+00:00,0.00097766,0.0
2021-09-06 00:00:00.003000+00:00,1630886400003,2021-09-06T00:00:00.003000+00:00,0.00095509,0.0
2021-09-06 08:00:00.008000+00:00,1630915200008,2021-09-06T08:00:00.008000+00:00,0.00109104,0.0
2021-09-06 16:00:00.009000+00:00,1630944000009,2021-09-06T16:00:00.009000+00:00,0.00055141,0.0
2021-09-07 00:00:00.004000+00:00,1630972800004,2021-09-07T00:00:00.004000+00:00,0.00096006,0.0
2021-09-07 08:00:00.002000+00:00,1631001600002,2021-09-07T08:00:00.002000+00:00,0.00062338,0.0
2021-09-07 16:00:00.001000+00:00,1631030400001,2021-09-07T16:00:00.001000+00:00,-0.0013164,0.0
2021-09-08 00:00:00.005000+00:00,1631059200005,2021-09-08T00:00:00.005000+00:00,0.0001,0.0
2021-09-08 08:00:00+00:00,1631088000000,2021-09-08T08:00:00+00:00,0.0001,0.0
2021-09-08 16:00:00+00:00,1631116800000,2021-09-08T16:00:00+00:00,0.0001,0.0
2021-09-09 00:00:00.006000+00:00,1631145600006,2021-09-09T00:00:00.006000+00:00,0.0001,0.0
2021-09-09 08:00:00.014000+00:00,1631174400014,2021-09-09T08:00:00.014000+00:00,0.0001,0.0
2021-09-09 16:00:00.002000+00:00,1631203200002,2021-09-09T16:00:00.002000+00:00,0.0001,0.0
2021-09-10 00:00:00.001000+00:00,1631232000001,2021-09-10T00:00:00.001000+00:00,0.0001,0.0
2021-09-10 08:00:00.018000+00:00,1631260800018,2021-09-10T08:00:00.018000+00:00,0.0001,0.0
2021-09-10 16:00:00.006000+00:00,1631289600006,2021-09-10T16:00:00.006000+00:00,0.0001,0.0
2021-09-11 00:00:00+00:00,1631318400000,2021-09-11T00:00:00+00:00,0.0001,0.0
2021-09-11 08:00:00.001000+00:00,1631347200001,2021-09-11T08:00:00.001000+00:00,0.0001,0.0
2021-09-11 16:00:00+00:00,1631376000000,2021-09-11T16:00:00+00:00,0.0001,0.0
2021-09-12 00:00:00+00:00,1631404800000,2021-09-12T00:00:00+00:00,0.0001,0.0
2021-09-12 08:00:00.002000+00:00,1631433600002,2021-09-12T08:00:00.002000+00:00,0.0001,0.0
2021-09-12 16:00:00+00:00,1631462400000,2021-09-12T16:00:00+00:00,0.0001,0.0
2021-09-13 00:00:00+00:00,1631491200000,2021-09-13T00:00:00+00:00,0.0001,0.0
2021-09-13 08:00:00.007000+00:00,1631520000007,2021-09-13T08:00:00.007000+00:00,0.0001,0.0
2021-09-13 16:00:00.005000+00:00,1631548800005,2021-09-13T16:00:00.005000+00:00,0.0001,0.0
2021-09-14 00:00:00.002000+00:00,1631577600002,2021-09-14T00:00:00.002000+00:00,0.0001,0.0
2021-09-14 08:00:00+00:00,1631606400000,2021-09-14T08:00:00+00:00,0.0001,0.0
2021-09-14 16:00:00.007000+00:00,1631635200007,2021-09-14T16:00:00.007000+00:00,0.0001,0.0
2021-09-15 00:00:00.012000+00:00,1631664000012,2021-09-15T00:00:00.012000+00:00,0.0001,0.0
2021-09-15 08:00:00.003000+00:00,1631692800003,2021-09-15T08:00:00.003000+00:00,0.0001,0.0
2021-09-15 16:00:00.006000+00:00,1631721600006,2021-09-15T16:00:00.006000+00:00,0.0001,0.0
2021-09-16 00:00:00.008000+00:00,1631750400008,2021-09-16T00:00:00.008000+00:00,0.0001,0.0
2021-09-16 08:00:00.005000+00:00,1631779200005,2021-09-16T08:00:00.005000+00:00,0.0001,0.0
2021-09-16 16:00:00.002000+00:00,1631808000002,2021-09-16T16:00:00.002000+00:00,0.0001,0.0
2021-09-17 00:00:00+00:00,1631836800000,2021-09-17T00:00:00+00:00,0.0001,0.0
2021-09-17 08:00:00.047000+00:00,1631865600047,2021-09-17T08:00:00.047000+00:00,0.0001,0.0
2021-09-17 16:00:00.013000+00:00,1631894400013,2021-09-17T16:00:00.013000+00:00,0.0001,0.0
2021-09-18 00:00:00+00:00,1631923200000,2021-09-18T00:00:00+00:00,0.0001,0.0
2021-09-18 08:00:00.010000+00:00,1631952000010,2021-09-18T08:00:00.010000+00:00,0.0001,0.0
2021-09-18 16:00:00.005000+00:00,1631980800005,2021-09-18T16:00:00.005000+00:00,0.00021614,0.0
2021-09-19 00:00:00.006000+00:00,1632009600006,2021-09-19T00:00:00.006000+00:00,0.0001,0.0
2021-09-19 08:00:00.015000+00:00,1632038400015,2021-09-19T08:00:00.015000+00:00,0.0001,0.0
2021-09-19 16:00:00.007000+00:00,1632067200007,2021-09-19T16:00:00.007000+00:00,0.0001,0.0
2021-09-20 00:00:00.018000+00:00,1632096000018,2021-09-20T00:00:00.018000+00:00,0.0001,0.0
2021-09-20 08:00:00+00:00,1632124800000,2021-09-20T08:00:00+00:00,0.0001,0.0
2021-09-20 16:00:00.005000+00:00,1632153600005,2021-09-20T16:00:00.005000+00:00,3.807e-05,0.0
2021-09-21 00:00:00.005000+00:00,1632182400005,2021-09-21T00:00:00.005000+00:00,0.0001,0.0
2021-09-21 08:00:00.007000+00:00,1632211200007,2021-09-21T08:00:00.007000+00:00,0.0001,0.0
2021-09-21 16:00:00+00:00,1632240000000,2021-09-21T16:00:00+00:00,0.0001,0.0
2021-09-22 00:00:00.005000+00:00,1632268800005,2021-09-22T00:00:00.005000+00:00,4.214e-05,0.0
2021-09-22 08:00:00.006000+00:00,1632297600006,2021-09-22T08:00:00.006000+00:00,-8.94e-05,0.0
2021-09-22 16:00:00+00:00,1632326400000,2021-09-22T16:00:00+00:00,0.0001,0.0
2021-09-23 00:00:00.003000+00:00,1632355200003,2021-09-23T00:00:00.003000+00:00,-5.296e-05,0.0
2021-09-23 08:00:00+00:00,1632384000000,2021-09-23T08:00:00+00:00,-1.408e-05,0.0
2021-09-23 16:00:00.007000+00:00,1632412800007,2021-09-23T16:00:00.007000+00:00,-6.11e-06,0.0
2021-09-24 00:00:00+00:00,1632441600000,2021-09-24T00:00:00+00:00,-4.985e-05,0.0
2021-09-24 08:00:00.017000+00:00,1632470400017,2021-09-24T08:00:00.017000+00:00,6.993e-05,0.0
2021-09-24 16:00:00+00:00,1632499200000,2021-09-24T16:00:00+00:00,0.0001,0.0
2021-09-25 00:00:00.007000+00:00,1632528000007,2021-09-25T00:00:00.007000+00:00,0.0001,0.0
2021-09-25 08:00:00.002000+00:00,1632556800002,2021-09-25T08:00:00.002000+00:00,0.0001,0.0
2021-09-25 16:00:00.004000+00:00,1632585600004,2021-09-25T16:00:00.004000+00:00,0.0001,0.0
2021-09-26 00:00:00.013000+00:00,1632614400013,2021-09-26T00:00:00.013000+00:00,0.0001,0.0
2021-09-26 08:00:00+00:00,1632643200000,2021-09-26T08:00:00+00:00,0.0001,0.0
2021-09-26 16:00:00.005000+00:00,1632672000005,2021-09-26T16:00:00.005000+00:00,4.18e-06,0.0
2021-09-27 00:00:00+00:00,1632700800000,2021-09-27T00:00:00+00:00,0.0001,0.0
2021-09-27 08:00:00.001000+00:00,1632729600001,2021-09-27T08:00:00.001000+00:00,7.288e-05,0.0
2021-09-27 16:00:00+00:00,1632758400000,2021-09-27T16:00:00+00:00,0.0001,0.0
2021-09-28 00:00:00+00:00,1632787200000,2021-09-28T00:00:00+00:00,0.0001,0.0
2021-09-28 08:00:00.014000+00:00,1632816000014,2021-09-28T08:00:00.014000+00:00,0.0001,0.0
2021-09-28 16:00:00+00:00,1632844800000,2021-09-28T16:00:00+00:00,0.0001,0.0
2021-09-29 00:00:00+00:00,1632873600000,2021-09-29T00:00:00+00:00,0.0001,0.0
2021-09-29 08:00:00.002000+00:00,1632902400002,2021-09-29T08:00:00.002000+00:00,8.616e-05,0.0
2021-09-29 16:00:00+00:00,1632931200000,2021-09-29T16:00:00+00:00,0.0001,0.0
2021-09-30 00:00:00+00:00,1632960000000,2021-09-30T00:00:00+00:00,0.0001,0.0
2021-09-30 08:00:00.004000+00:00,1632988800004,2021-09-30T08:00:00.004000+00:00,0.0001,0.0
2021-09-30 16:00:00.005000+00:00,1633017600005,2021-09-30T16:00:00.005000+00:00,0.0001,0.0
2021-10-01 00:00:00.012000+00:00,1633046400012,2021-10-01T00:00:00.012000+00:00,0.0001,0.0
2021-10-01 08:00:00.008000+00:00,1633075200008,2021-10-01T08:00:00.008000+00:00,0.0001,0.0
2021-10-01 16:00:00+00:00,1633104000000,2021-10-01T16:00:00+00:00,0.0001,0.0
2021-10-02 00:00:00+00:00,1633132800000,2021-10-02T00:00:00+00:00,0.0001,0.0
2021-10-02 08:00:00.002000+00:00,1633161600002,2021-10-02T08:00:00.002000+00:00,0.0001,0.0
2021-10-02 16:00:00.011000+00:00,1633190400011,2021-10-02T16:00:00.011000+00:00,0.0001,0.0
2021-10-03 00:00:00.019000+00:00,1633219200019,2021-10-03T00:00:00.019000+00:00,0.0001,0.0
2021-10-03 08:00:00.011000+00:00,1633248000011,2021-10-03T08:00:00.011000+00:00,0.0001,0.0
2021-10-03 16:00:00.004000+00:00,1633276800004,2021-10-03T16:00:00.004000+00:00,0.0001,0.0
2021-10-04 00:00:00.004000+00:00,1633305600004,2021-10-04T00:00:00.004000+00:00,0.00012774,0.0
2021-10-04 08:00:00+00:00,1633334400000,2021-10-04T08:00:00+00:00,0.00011848,0.0
2021-10-04 16:00:00+00:00,1633363200000,2021-10-04T16:00:00+00:00,0.0001,0.0
2021-10-05 00:00:00.007000+00:00,1633392000007,2021-10-05T00:00:00.007000+00:00,0.0001,0.0
2021-10-05 08:00:00.007000+00:00,1633420800007,2021-10-05T08:00:00.007000+00:00,0.0001,0.0
2021-10-05 16:00:00.004000+00:00,1633449600004,2021-10-05T16:00:00.004000+00:00,0.0001,0.0
2021-10-06 00:00:00.002000+00:00,1633478400002,2021-10-06T00:00:00.002000+00:00,0.00035711,0.0
2021-10-06 08:00:00+00:00,1633507200000,2021-10-06T08:00:00+00:00,0.00014765,0.0
2021-10-06 16:00:00.003000+00:00,1633536000003,2021-10-06T16:00:00.003000+00:00,0.0001,0.0
2021-10-07 00:00:00.007000+00:00,1633564800007,2021-10-07T00:00:00.007000+00:00,0.00044858,0.0
2021-10-07 08:00:00.002000+00:00,1633593600002,2021-10-07T08:00:00.002000+00:00,0.00013824,0.0
2021-10-07 16:00:00+00:00,1633622400000,2021-10-07T16:00:00+00:00,0.00061777,0.0
2021-10-08 00:00:00.011000+00:00,1633651200011,2021-10-08T00:00:00.011000+00:00,0.00037758,0.0
2021-10-08 08:00:00.003000+00:00,1633680000003,2021-10-08T08:00:00.003000+00:00,0.00037664,0.0
2021-10-08 16:00:00.002000+00:00,1633708800002,2021-10-08T16:00:00.002000+00:00,0.00054512,0.0
2021-10-09 00:00:00.006000+00:00,1633737600006,2021-10-09T00:00:00.006000+00:00,0.00031376,0.0
2021-10-09 08:00:00.003000+00:00,1633766400003,2021-10-09T08:00:00.003000+00:00,0.00020389,0.0
2021-10-09 16:00:00+00:00,1633795200000,2021-10-09T16:00:00+00:00,0.00045211,0.0
2021-10-10 00:00:00+00:00,1633824000000,2021-10-10T00:00:00+00:00,0.00034839,0.0
2021-10-10 08:00:00.008000+00:00,1633852800008,2021-10-10T08:00:00.008000+00:00,0.00036848,0.0
2021-10-10 16:00:00+00:00,1633881600000,2021-10-10T16:00:00+00:00,0.00043755,0.0
2021-10-11 00:00:00.002000+00:00,1633910400002,2021-10-11T00:00:00.002000+00:00,0.0001,0.0
2021-10-11 08:00:00.001000+00:00,1633939200001,2021-10-11T08:00:00.001000+00:00,0.00030355,0.0
2021-10-11 16:00:00.006000+00:00,1633968000006,2021-10-11T16:00:00.006000+00:00,0.00031519,0.0
2021-10-12 00:00:00.008000+00:00,1633996800008,2021-10-12T00:00:00.008000+00:00,0.0001,0.0
2021-10-12 08:00:00.013000+00:00,1634025600013,2021-10-12T08:00:00.013000+00:00,0.0001,0.0
2021-10-12 16:00:00.003000+00:00,1634054400003,2021-10-12T16:00:00.003000+00:00,0.0001,0.0
2021-10-13 00:00:00.003000+00:00,1634083200003,2021-10-13T00:00:00.003000+00:00,0.0001,0.0
2021-10-13 08:00:00.015000+00:00,1634112000015,2021-10-13T08:00:00.015000+00:00,0.0001,0.0
2021-10-13 16:00:00+00:00,1634140800000,2021-10-13T16:00:00+00:00,0.0001,0.0
2021-10-14 00:00:00.011000+00:00,1634169600011,2021-10-14T00:00:00.011000+00:00,0.0001,0.0
2021-10-14 08:00:00.017000+00:00,1634198400017,2021-10-14T08:00:00.017000+00:00,0.0002512,0.0
2021-10-14 16:00:00+00:00,1634227200000,2021-10-14T16:00:00+00:00,0.00020118,0.0
2021-10-15 00:00:00.005000+00:00,1634256000005,2021-10-15T00:00:00.005000+00:00,0.0003869,0.0
2021-10-15 08:00:00.002000+00:00,1634284800002,2021-10-15T08:00:00.002000+00:00,0.00054999,0.0
2021-10-15 16:00:00.005000+00:00,1634313600005,2021-10-15T16:00:00.005000+00:00,0.00030715,0.0
2021-10-16 00:00:00.009000+00:00,1634342400009,2021-10-16T00:00:00.009000+00:00,0.00054262,0.0
2021-10-16 08:00:00+00:00,1634371200000,2021-10-16T08:00:00+00:00,0.00059842,0.0
2021-10-16 16:00:00.003000+00:00,1634400000003,2021-10-16T16:00:00.003000+00:00,0.00052496,0.0
2021-10-17 00:00:00.001000+00:00,1634428800001,2021-10-17T00:00:00.001000+00:00,0.00057155,0.0
2021-10-17 08:00:00.002000+00:00,1634457600002,2021-10-17T08:00:00.002000+00:00,0.00053087,0.0
2021-10-17 16:00:00.002000+00:00,1634486400002,2021-10-17T16:00:00.002000+00:00,0.0005967,0.0
2021-10-18 00:00:00.006000+00:00,1634515200006,2021-10-18T00:00:00.006000+00:00,0.00033367,0.0
2021-10-18 08:00:00.004000+00:00,1634544000004,2021-10-18T08:00:00.004000+00:00,0.00054044,0.0
2021-10-18 16:00:00.001000+00:00,1634572800001,2021-10-18T16:00:00.001000+00:00,0.00034939,0.0
2021-10-19 00:00:00.002000+00:00,1634601600002,2021-10-19T00:00:00.002000+00:00,0.00040459,0.0
2021-10-19 08:00:00+00:00,1634630400000,2021-10-19T08:00:00+00:00,0.00045391,0.0
2021-10-19 16:00:00+00:00,1634659200000,2021-10-19T16:00:00+00:00,0.00030025,0.0
2021-10-20 00:00:00.017000+00:00,1634688000017,2021-10-20T00:00:00.017000+00:00,0.00045642,0.0
2021-10-20 08:00:00.004000+00:00,1634716800004,2021-10-20T08:00:00.004000+00:00,0.000513,0.0
2021-10-20 16:00:00.020000+00:00,1634745600020,2021-10-20T16:00:00.020000+00:00,0.0004507,0.0
2021-10-21 00:00:00+00:00,1634774400000,2021-10-21T00:00:00+00:00,0.00061867,0.0
2021-10-21 08:00:00+00:00,1634803200000,2021-10-21T08:00:00+00:00,0.00071331,0.0
2021-10-21 16:00:00.008000+00:00,1634832000008,2021-10-21T16:00:00.008000+00:00,0.00070332,0.0
2021-10-22 00:00:00.005000+00:00,1634860800005,2021-10-22T00:00:00.005000+00:00,0.00019336,0.0
2021-10-22 08:00:00.005000+00:00,1634889600005,2021-10-22T08:00:00.005000+00:00,0.00012609,0.0
2021-10-22 16:00:00.018000+00:00,1634918400018,2021-10-22T16:00:00.018000+00:00,0.00038499,0.0
2021-10-23 00:00:00.005000+00:00,1634947200005,2021-10-23T00:00:00.005000+00:00,0.00027477,0.0
2021-10-23 08:00:00.001000+00:00,1634976000001,2021-10-23T08:00:00.001000+00:00,0.00028852,0.0
2021-10-23 16:00:00.004000+00:00,1635004800004,2021-10-23T16:00:00.004000+00:00,0.00038712,0.0
2021-10-24 00:00:00.006000+00:00,1635033600006,2021-10-24T00:00:00.006000+00:00,0.00046601,0.0
2021-10-24 08:00:00.012000+00:00,1635062400012,2021-10-24T08:00:00.012000+00:00,0.00060815,0.0
2021-10-24 16:00:00.001000+00:00,1635091200001,2021-10-24T16:00:00.001000+00:00,0.00073501,0.0
2021-10-25 00:00:00.012000+00:00,1635120000012,2021-10-25T00:00:00.012000+00:00,0.00061486,0.0
2021-10-25 08:00:00.002000+00:00,1635148800002,2021-10-25T08:00:00.002000+00:00,0.00066682,0.0
2021-10-25 16:00:00.022000+00:00,1635177600022,2021-10-25T16:00:00.022000+00:00,0.00068388,0.0
2021-10-26 00:00:00.005000+00:00,1635206400005,2021-10-26T00:00:00.005000+00:00,0.00075623,0.0
2021-10-26 08:00:00.016000+00:00,1635235200016,2021-10-26T08:00:00.016000+00:00,0.00084369,0.0
2021-10-26 16:00:00+00:00,1635264000000,2021-10-26T16:00:00+00:00,0.00078746,0.0
2021-10-27 00:00:00.004000+00:00,1635292800004,2021-10-27T00:00:00.004000+00:00,0.00063542,0.0
2021-10-27 08:00:00+00:00,1635321600000,2021-10-27T08:00:00+00:00,0.00092131,0.0
2021-10-27 16:00:00.002000+00:00,1635350400002,2021-10-27T16:00:00.002000+00:00,0.0001,0.0
2021-10-28 00:00:00.002000+00:00,1635379200002,2021-10-28T00:00:00.002000+00:00,0.0001,0.0
2021-10-28 08:00:00+00:00,1635408000000,2021-10-28T08:00:00+00:00,0.0001,0.0
2021-10-28 16:00:00.005000+00:00,1635436800005,2021-10-28T16:00:00.005000+00:00,0.0001,0.0
2021-10-29 00:00:00+00:00,1635465600000,2021-10-29T00:00:00+00:00,0.0001,0.0
2021-10-29 08:00:00.007000+00:00,1635494400007,2021-10-29T08:00:00.007000+00:00,0.00024081,0.0
2021-10-29 16:00:00.001000+00:00,1635523200001,2021-10-29T16:00:00.001000+00:00,0.00030089,0.0
2021-10-30 00:00:00+00:00,1635552000000,2021-10-30T00:00:00+00:00,0.00033983,0.0
2021-10-30 08:00:00.001000+00:00,1635580800001,2021-10-30T08:00:00.001000+00:00,0.00042396,0.0
2021-10-30 16:00:00.013000+00:00,1635609600013,2021-10-30T16:00:00.013000+00:00,0.00036859,0.0
2021-10-31 00:00:00.008000+00:00,1635638400008,2021-10-31T00:00:00.008000+00:00,0.0005205,0.0
2021-10-31 08:00:00.010000+00:00,1635667200010,2021-10-31T08:00:00.010000+00:00,0.00068396,0.0
2021-10-31 16:00:00.001000+00:00,1635696000001,2021-10-31T16:00:00.001000+00:00,0.00029267,0.0
2021-11-01 00:00:00.009000+00:00,1635724800009,2021-11-01T00:00:00.009000+00:00,0.00046665,0.0
2021-11-01 08:00:00.014000+00:00,1635753600014,2021-11-01T08:00:00.014000+00:00,0.00052462,0.0
2021-11-01 16:00:00.001000+00:00,1635782400001,2021-11-01T16:00:00.001000+00:00,0.00063859,0.0
2021-11-02 00:00:00+00:00,1635811200000,2021-11-02T00:00:00+00:00,0.00049769,0.0
2021-11-02 08:00:00.007000+00:00,1635840000007,2021-11-02T08:00:00.007000+00:00,0.00065671,0.0
2021-11-02 16:00:00.010000+00:00,1635868800010,2021-11-02T16:00:00.010000+00:00,0.00085961,0.0
2021-11-03 00:00:00.019000+00:00,1635897600019,2021-11-03T00:00:00.019000+00:00,0.00091974,0.0
2021-11-03 08:00:00+00:00,1635926400000,2021-11-03T08:00:00+00:00,0.00037822,0.0
2021-11-03 16:00:00.005000+00:00,1635955200005,2021-11-03T16:00:00.005000+00:00,0.00053519,0.0
2021-11-04 00:00:00.006000+00:00,1635984000006,2021-11-04T00:00:00.006000+00:00,0.0005502,0.0
2021-11-04 08:00:00.004000+00:00,1636012800004,2021-11-04T08:00:00.004000+00:00,0.00085571,0.0
2021-11-04 16:00:00.004000+00:00,1636041600004,2021-11-04T16:00:00.004000+00:00,0.00061966,0.0
2021-11-05 00:00:00+00:00,1636070400000,2021-11-05T00:00:00+00:00,0.00039418,0.0
2021-11-05 08:00:00.013000+00:00,1636099200013,2021-11-05T08:00:00.013000+00:00,0.00015965,0.0
2021-11-05 16:00:00.016000+00:00,1636128000016,2021-11-05T16:00:00.016000+00:00,0.00054137,0.0
2021-11-06 00:00:00.010000+00:00,1636156800010,2021-11-06T00:00:00.010000+00:00,0.00045308,0.0
2021-11-06 08:00:00+00:00,1636185600000,2021-11-06T08:00:00+00:00,0.00042789,0.0
2021-11-06 16:00:00.007000+00:00,1636214400007,2021-11-06T16:00:00.007000+00:00,0.00010778,0.0
2021-11-07 00:00:00.013000+00:00,1636243200013,2021-11-07T00:00:00.013000+00:00,0.00019638,0.0
2021-11-07 08:00:00.005000+00:00,1636272000005,2021-11-07T08:00:00.005000+00:00,0.00059333,0.0
2021-11-07 16:00:00.004000+00:00,1636300800004,2021-11-07T16:00:00.004000+00:00,0.00051088,0.0
2021-11-08 00:00:00.001000+00:00,1636329600001,2021-11-08T00:00:00.001000+00:00,0.00047282,0.0
2021-11-08 08:00:00+00:00,1636358400000,2021-11-08T08:00:00+00:00,0.00056377,0.0
2021-11-08 16:00:00+00:00,1636387200000,2021-11-08T16:00:00+00:00,0.00068563,0.0
2021-11-09 00:00:00+00:00,1636416000000,2021-11-09T00:00:00+00:00,0.00029277,0.0
2021-11-09 08:00:00.014000+00:00,1636444800014,2021-11-09T08:00:00.014000+00:00,0.00029306,0.0
2021-11-09 16:00:00.001000+00:00,1636473600001,2021-11-09T16:00:00.001000+00:00,0.00025267,0.0
2021-11-10 00:00:00+00:00,1636502400000,2021-11-10T00:00:00+00:00,0.00031636,0.0
2021-11-10 08:00:00.003000+00:00,1636531200003,2021-11-10T08:00:00.003000+00:00,0.00033902,0.0
2021-11-10 16:00:00.001000+00:00,1636560000001,2021-11-10T16:00:00.001000+00:00,0.00055958,0.0
2021-11-11 00:00:00.008000+00:00,1636588800008,2021-11-11T00:00:00.008000+00:00,0.0001,0.0
2021-11-11 08:00:00.012000+00:00,1636617600012,2021-11-11T08:00:00.012000+00:00,0.0001,0.0
2021-11-11 16:00:00.007000+00:00,1636646400007,2021-11-11T16:00:00.007000+00:00,0.0001,0.0
2021-11-12 00:00:00+00:00,1636675200000,2021-11-12T00:00:00+00:00,0.0001,0.0
2021-11-12 08:00:00+00:00,1636704000000,2021-11-12T08:00:00+00:00,0.0001,0.0
2021-11-12 16:00:00.004000+00:00,1636732800004,2021-11-12T16:00:00.004000+00:00,0.00011298,0.0
2021-11-13 00:00:00+00:00,1636761600000,2021-11-13T00:00:00+00:00,0.0001,0.0
2021-11-13 08:00:00.004000+00:00,1636790400004,2021-11-13T08:00:00.004000+00:00,0.0001,0.0
2021-11-13 16:00:00.006000+00:00,1636819200006,2021-11-13T16:00:00.006000+00:00,0.00010863,0.0
2021-11-14 00:00:00.010000+00:00,1636848000010,2021-11-14T00:00:00.010000+00:00,0.00017084,0.0
2021-11-14 08:00:00.001000+00:00,1636876800001,2021-11-14T08:00:00.001000+00:00,0.00010137,0.0
2021-11-14 16:00:00+00:00,1636905600000,2021-11-14T16:00:00+00:00,0.00025609,0.0
2021-11-15 00:00:00.008000+00:00,1636934400008,2021-11-15T00:00:00.008000+00:00,0.00038498,0.0
2021-11-15 08:00:00+00:00,1636963200000,2021-11-15T08:00:00+00:00,0.00048982,0.0
2021-11-15 16:00:00+00:00,1636992000000,2021-11-15T16:00:00+00:00,0.00039201,0.0
2021-11-16 00:00:00+00:00,1637020800000,2021-11-16T00:00:00+00:00,0.00038254,0.0
2021-11-16 08:00:00.001000+00:00,1637049600001,2021-11-16T08:00:00.001000+00:00,0.0001,0.0
2021-11-16 16:00:00.018000+00:00,1637078400018,2021-11-16T16:00:00.018000+00:00,0.0001,0.0
2021-11-17 00:00:00.005000+00:00,1637107200005,2021-11-17T00:00:00.005000+00:00,0.0001,0.0
2021-11-17 08:00:00.007000+00:00,1637136000007,2021-11-17T08:00:00.007000+00:00,0.0001,0.0
2021-11-17 16:00:00.003000+00:00,1637164800003,2021-11-17T16:00:00.003000+00:00,0.0001,0.0
2021-11-18 00:00:00.017000+00:00,1637193600017,2021-11-18T00:00:00.017000+00:00,0.0001,0.0
2021-11-18 08:00:00.007000+00:00,1637222400007,2021-11-18T08:00:00.007000+00:00,0.0001,0.0
2021-11-18 16:00:00.011000+00:00,1637251200011,2021-11-18T16:00:00.011000+00:00,0.0001,0.0
2021-11-19 00:00:00+00:00,1637280000000,2021-11-19T00:00:00+00:00,0.0001,0.0
2021-11-19 08:00:00+00:00,1637308800000,2021-11-19T08:00:00+00:00,0.0001,0.0
2021-11-19 16:00:00.005000+00:00,1637337600005,2021-11-19T16:00:00.005000+00:00,0.0001,0.0
2021-11-20 00:00:00.012000+00:00,1637366400012,2021-11-20T00:00:00.012000+00:00,0.0001,0.0
2021-11-20 08:00:00+00:00,1637395200000,2021-11-20T08:00:00+00:00,0.0001,0.0
2021-11-20 16:00:00.007000+00:00,1637424000007,2021-11-20T16:00:00.007000+00:00,0.0001,0.0
2021-11-21 00:00:00+00:00,1637452800000,2021-11-21T00:00:00+00:00,0.0001,0.0
2021-11-21 08:00:00.006000+00:00,1637481600006,2021-11-21T08:00:00.006000+00:00,0.0001,0.0
2021-11-21 16:00:00+00:00,1637510400000,2021-11-21T16:00:00+00:00,0.0001,0.0
2021-11-22 00:00:00.004000+00:00,1637539200004,2021-11-22T00:00:00.004000+00:00,0.00018981,0.0
2021-11-22 08:00:00+00:00,1637568000000,2021-11-22T08:00:00+00:00,0.0001,0.0
2021-11-22 16:00:00+00:00,1637596800000,2021-11-22T16:00:00+00:00,0.0001,0.0
2021-11-23 00:00:00.004000+00:00,1637625600004,2021-11-23T00:00:00.004000+00:00,0.0001,0.0
2021-11-23 08:00:00.010000+00:00,1637654400010,2021-11-23T08:00:00.010000+00:00,0.0001,0.0
2021-11-23 16:00:00.005000+00:00,1637683200005,2021-11-23T16:00:00.005000+00:00,0.00027615,0.0
2021-11-24 00:00:00.001000+00:00,1637712000001,2021-11-24T00:00:00.001000+00:00,0.00053138,0.0
2021-11-24 08:00:00.003000+00:00,1637740800003,2021-11-24T08:00:00.003000+00:00,0.00036662,0.0
2021-11-24 16:00:00.010000+00:00,1637769600010,2021-11-24T16:00:00.010000+00:00,0.00021122,0.0
2021-11-25 00:00:00+00:00,1637798400000,2021-11-25T00:00:00+00:00,0.0001,0.0
2021-11-25 08:00:00.010000+00:00,1637827200010,2021-11-25T08:00:00.010000+00:00,0.00016845,0.0
2021-11-25 16:00:00+00:00,1637856000000,2021-11-25T16:00:00+00:00,0.0001,0.0
2021-11-26 00:00:00+00:00,1637884800000,2021-11-26T00:00:00+00:00,0.00047115,0.0
2021-11-26 08:00:00+00:00,1637913600000,2021-11-26T08:00:00+00:00,0.00037625,0.0
2021-11-26 16:00:00.016000+00:00,1637942400016,2021-11-26T16:00:00.016000+00:00,0.0001,0.0
2021-11-27 00:00:00.005000+00:00,1637971200005,2021-11-27T00:00:00.005000+00:00,0.0001,0.0
2021-11-27 08:00:00.008000+00:00,1638000000008,2021-11-27T08:00:00.008000+00:00,0.0001,0.0
2021-11-27 16:00:00.007000+00:00,1638028800007,2021-11-27T16:00:00.007000+00:00,0.0001,0.0
2021-11-28 00:00:00.018000+00:00,1638057600018,2021-11-28T00:00:00.018000+00:00,0.0001,0.0
2021-11-28 08:00:00+00:00,1638086400000,2021-11-28T08:00:00+00:00,0.0001,0.0
2021-11-28 16:00:00.004000+00:00,1638115200004,2021-11-28T16:00:00.004000+00:00,0.0001,0.0
2021-11-29 00:00:00.002000+00:00,1638144000002,2021-11-29T00:00:00.002000+00:00,0.0001,0.0
2021-11-29 08:00:00.004000+00:00,1638172800004,2021-11-29T08:00:00.004000+00:00,0.0001,0.0
2021-11-29 16:00:00+00:00,1638201600000,2021-11-29T16:00:00+00:00,0.0001,0.0
2021-11-30 00:00:00+00:00,1638230400000,2021-11-30T00:00:00+00:00,0.0001,0.0
2021-11-30 08:00:00.006000+00:00,1638259200006,2021-11-30T08:00:00.006000+00:00,0.0001,0.0
2021-11-30 16:00:00+00:00,1638288000000,2021-11-30T16:00:00+00:00,0.0001,0.0
2021-12-01 00:00:00+00:00,1638316800000,2021-12-01T00:00:00+00:00,0.0001,0.0
2021-12-01 08:00:00+00:00,1638345600000,2021-12-01T08:00:00+00:00,0.0001,0.0
2021-12-01 16:00:00.001000+00:00,1638374400001,2021-12-01T16:00:00.001000+00:00,0.00012507,0.0
2021-12-02 00:00:00+00:00,1638403200000,2021-12-02T00:00:00+00:00,0.0001,0.0
2021-12-02 08:00:00.007000+00:00,1638432000007,2021-12-02T08:00:00.007000+00:00,0.0001,0.0
2021-12-02 16:00:00.008000+00:00,1638460800008,2021-12-02T16:00:00.008000+00:00,0.0001,0.0
2021-12-03 00:00:00.004000+00:00,1638489600004,2021-12-03T00:00:00.004000+00:00,0.0001,0.0
2021-12-03 08:00:00.002000+00:00,1638518400002,2021-12-03T08:00:00.002000+00:00,0.0001,0.0
2021-12-03 16:00:00.006000+00:00,1638547200006,2021-12-03T16:00:00.006000+00:00,0.0001,0.0
2021-12-04 00:00:00.006000+00:00,1638576000006,2021-12-04T00:00:00.006000+00:00,0.0001,0.0
2021-12-04 08:00:00.004000+00:00,1638604800004,2021-12-04T08:00:00.004000+00:00,-0.00039831,0.0
2021-12-04 16:00:00+00:00,1638633600000,2021-12-04T16:00:00+00:00,3.31e-06,0.0
2021-12-05 00:00:00.003000+00:00,1638662400003,2021-12-05T00:00:00.003000+00:00,0.0001,0.0
2021-12-05 08:00:00.008000+00:00,1638691200008,2021-12-05T08:00:00.008000+00:00,0.0001,0.0
2021-12-05 16:00:00.007000+00:00,1638720000007,2021-12-05T16:00:00.007000+00:00,1.599e-05,0.0
2021-12-06 00:00:00.009000+00:00,1638748800009,2021-12-06T00:00:00.009000+00:00,-1.09e-06,0.0
2021-12-06 08:00:00.001000+00:00,1638777600001,2021-12-06T08:00:00.001000+00:00,0.0001,0.0
2021-12-06 16:00:00+00:00,1638806400000,2021-12-06T16:00:00+00:00,4.9e-06,0.0
2021-12-07 00:00:00.018000+00:00,1638835200018,2021-12-07T00:00:00.018000+00:00,-0.00010007,0.0
2021-12-07 08:00:00+00:00,1638864000000,2021-12-07T08:00:00+00:00,3.258e-05,0.0
2021-12-07 16:00:00+00:00,1638892800000,2021-12-07T16:00:00+00:00,0.0001,0.0
2021-12-08 00:00:00+00:00,1638921600000,2021-12-08T00:00:00+00:00,0.0001,0.0
2021-12-08 08:00:00.018000+00:00,1638950400018,2021-12-08T08:00:00.018000+00:00,-6.911e-05,0.0
2021-12-08 16:00:00.010000+00:00,1638979200010,2021-12-08T16:00:00.010000+00:00,2.7e-07,0.0
2021-12-09 00:00:00.010000+00:00,1639008000010,2021-12-09T00:00:00.010000+00:00,5.32e-05,0.0
2021-12-09 08:00:00+00:00,1639036800000,2021-12-09T08:00:00+00:00,2.408e-05,0.0
2021-12-09 16:00:00+00:00,1639065600000,2021-12-09T16:00:00+00:00,5.778e-05,0.0
2021-12-10 00:00:00+00:00,1639094400000,2021-12-10T00:00:00+00:00,0.0001,0.0
2021-12-10 08:00:00.008000+00:00,1639123200008,2021-12-10T08:00:00.008000+00:00,-2.02e-06,0.0
2021-12-10 16:00:00.012000+00:00,1639152000012,2021-12-10T16:00:00.012000+00:00,-2.149e-05,0.0
2021-12-11 00:00:00.009000+00:00,1639180800009,2021-12-11T00:00:00.009000+00:00,5.266e-05,0.0
2021-12-11 08:00:00.008000+00:00,1639209600008,2021-12-11T08:00:00.008000+00:00,-2.488e-05,0.0
2021-12-11 16:00:00+00:00,1639238400000,2021-12-11T16:00:00+00:00,-5.05e-05,0.0
2021-12-12 00:00:00.001000+00:00,1639267200001,2021-12-12T00:00:00.001000+00:00,-0.00015697,0.0
2021-12-12 08:00:00.015000+00:00,1639296000015,2021-12-12T08:00:00.015000+00:00,0.0001,0.0
2021-12-12 16:00:00.011000+00:00,1639324800011,2021-12-12T16:00:00.011000+00:00,0.0001,0.0
2021-12-13 00:00:00.006000+00:00,1639353600006,2021-12-13T00:00:00.006000+00:00,0.0001,0.0
2021-12-13 08:00:00.019000+00:00,1639382400019,2021-12-13T08:00:00.019000+00:00,0.0001,0.0
2021-12-13 16:00:00+00:00,1639411200000,2021-12-13T16:00:00+00:00,0.0001,0.0
2021-12-14 00:00:00.004000+00:00,1639440000004,2021-12-14T00:00:00.004000+00:00,2.62e-06,0.0
2021-12-14 08:00:00+00:00,1639468800000,2021-12-14T08:00:00+00:00,0.0001,0.0
2021-12-14 16:00:00.015000+00:00,1639497600015,2021-12-14T16:00:00.015000+00:00,0.0001,0.0
2021-12-15 00:00:00+00:00,1639526400000,2021-12-15T00:00:00+00:00,3.709e-05,0.0
2021-12-15 08:00:00.008000+00:00,1639555200008,2021-12-15T08:00:00.008000+00:00,0.0001,0.0
2021-12-15 16:00:00.005000+00:00,1639584000005,2021-12-15T16:00:00.005000+00:00,0.0001,0.0
2021-12-16 00:00:00.006000+00:00,1639612800006,2021-12-16T00:00:00.006000+00:00,0.0001,0.0
2021-12-16 08:00:00.009000+00:00,1639641600009,2021-12-16T08:00:00.009000+00:00,0.0001,0.0
2021-12-16 16:00:00+00:00,1639670400000,2021-12-16T16:00:00+00:00,0.0001,0.0
2021-12-17 00:00:00+00:00,1639699200000,2021-12-17T00:00:00+00:00,0.0001,0.0
2021-12-17 08:00:00.005000+00:00,1639728000005,2021-12-17T08:00:00.005000+00:00,3.226e-05,0.0
2021-12-17 16:00:00.006000+00:00,1639756800006,2021-12-17T16:00:00.006000+00:00,8.632e-05,0.0
2021-12-18 00:00:00.014000+00:00,1639785600014,2021-12-18T00:00:00.014000+00:00,0.0001,0.0
2021-12-18 08:00:00.012000+00:00,1639814400012,2021-12-18T08:00:00.012000+00:00,8.423e-05,0.0
2021-12-18 16:00:00+00:00,1639843200000,2021-12-18T16:00:00+00:00,0.0001,0.0
2021-12-19 00:00:00.031000+00:00,1639872000031,2021-12-19T00:00:00.031000+00:00,0.0001,0.0
2021-12-19 08:00:00+00:00,1639900800000,2021-12-19T08:00:00+00:00,0.0001,0.0
2021-12-19 16:00:00.003000+00:00,1639929600003,2021-12-19T16:00:00.003000+00:00,0.0001,0.0
2021-12-20 00:00:00.015000+00:00,1639958400015,2021-12-20T00:00:00.015000+00:00,0.0001,0.0
2021-12-20 08:00:00.007000+00:00,1639987200007,2021-12-20T08:00:00.007000+00:00,0.0001,0.0
2021-12-20 16:00:00.005000+00:00,1640016000005,2021-12-20T16:00:00.005000+00:00,0.0001,0.0
2021-12-21 00:00:00.003000+00:00,1640044800003,2021-12-21T00:00:00.003000+00:00,0.0001,0.0
2021-12-21 08:00:00.012000+00:00,1640073600012,2021-12-21T08:00:00.012000+00:00,0.0001,0.0
2021-12-21 16:00:00.005000+00:00,1640102400005,2021-12-21T16:00:00.005000+00:00,0.0001,0.0
2021-12-22 00:00:00+00:00,1640131200000,2021-12-22T00:00:00+00:00,0.0001,0.0
2021-12-22 08:00:00.001000+00:00,1640160000001,2021-12-22T08:00:00.001000+00:00,0.0001,0.0
2021-12-22 16:00:00.006000+00:00,1640188800006,2021-12-22T16:00:00.006000+00:00,0.0001,0.0
2021-12-23 00:00:00.011000+00:00,1640217600011,2021-12-23T00:00:00.011000+00:00,0.0001,0.0
2021-12-23 08:00:00+00:00,1640246400000,2021-12-23T08:00:00+00:00,0.0001,0.0
2021-12-23 16:00:00+00:00,1640275200000,2021-12-23T16:00:00+00:00,0.0001,0.0
2021-12-24 00:00:00.005000+00:00,1640304000005,2021-12-24T00:00:00.005000+00:00,0.0001,0.0
2021-12-24 08:00:00+00:00,1640332800000,2021-12-24T08:00:00+00:00,0.0001,0.0
2021-12-24 16:00:00.011000+00:00,1640361600011,2021-12-24T16:00:00.011000+00:00,0.0001,0.0
2021-12-25 00:00:00+00:00,1640390400000,2021-12-25T00:00:00+00:00,0.0001,0.0
2021-12-25 08:00:00.001000+00:00,1640419200001,2021-12-25T08:00:00.001000+00:00,0.0001,0.0
2021-12-25 16:00:00.005000+00:00,1640448000005,2021-12-25T16:00:00.005000+00:00,0.0001,0.0
2021-12-26 00:00:00.004000+00:00,1640476800004,2021-12-26T00:00:00.004000+00:00,0.0001,0.0
2021-12-26 08:00:00.002000+00:00,1640505600002,2021-12-26T08:00:00.002000+00:00,0.0001,0.0
2021-12-26 16:00:00+00:00,1640534400000,2021-12-26T16:00:00+00:00,0.0001,0.0
2021-12-27 00:00:00.002000+00:00,1640563200002,2021-12-27T00:00:00.002000+00:00,0.0001,0.0
2021-12-27 08:00:00.005000+00:00,1640592000005,2021-12-27T08:00:00.005000+00:00,0.0001,0.0
2021-12-27 16:00:00+00:00,1640620800000,2021-12-27T16:00:00+00:00,0.0001,0.0
2021-12-28 00:00:00+00:00,1640649600000,2021-12-28T00:00:00+00:00,0.0001,0.0
2021-12-28 08:00:00.012000+00:00,1640678400012,2021-12-28T08:00:00.012000+00:00,0.0001,0.0
2021-12-28 16:00:00+00:00,1640707200000,2021-12-28T16:00:00+00:00,0.0001,0.0
2021-12-29 00:00:00.006000+00:00,1640736000006,2021-12-29T00:00:00.006000+00:00,0.0001,0.0
2021-12-29 08:00:00.003000+00:00,1640764800003,2021-12-29T08:00:00.003000+00:00,0.0001,0.0
2021-12-29 16:00:00.004000+00:00,1640793600004,2021-12-29T16:00:00.004000+00:00,6.979e-05,0.0
2021-12-30 00:00:00.003000+00:00,1640822400003,2021-12-30T00:00:00.003000+00:00,5.292e-05,0.0
2021-12-30 08:00:00.001000+00:00,1640851200001,2021-12-30T08:00:00.001000+00:00,-7.62e-05,0.0
2021-12-30 16:00:00.017000+00:00,1640880000017,2021-12-30T16:00:00.017000+00:00,-4.47e-06,0.0
2021-12-31 00:00:00.006000+00:00,1640908800006,2021-12-31T00:00:00.006000+00:00,8.465e-05,0.0
2021-12-31 08:00:00.009000+00:00,1640937600009,2021-12-31T08:00:00.009000+00:00,6.364e-05,0.0
2021-12-31 16:00:00+00:00,1640966400000,2021-12-31T16:00:00+00:00,0.0001,0.0
2022-01-01 00:00:00.006000+00:00,1640995200006,2022-01-01T00:00:00.006000+00:00,5.821e-05,0.0
2022-01-01 08:00:00.009000+00:00,1641024000009,2022-01-01T08:00:00.009000+00:00,0.0001,0.0
2022-01-01 16:00:00+00:00,1641052800000,2022-01-01T16:00:00+00:00,0.0001,0.0
2022-01-02 00:00:00.028000+00:00,1641081600028,2022-01-02T00:00:00.028000+00:00,1.754e-05,0.0
2022-01-02 08:00:00+00:00,1641110400000,2022-01-02T08:00:00+00:00,0.0001,0.0
2022-01-02 16:00:00+00:00,1641139200000,2022-01-02T16:00:00+00:00,0.0001,0.0
2022-01-03 00:00:00.010000+00:00,1641168000010,2022-01-03T00:00:00.010000+00:00,0.0001,0.0
2022-01-03 08:00:00.013000+00:00,1641196800013,2022-01-03T08:00:00.013000+00:00,0.0001,0.0
2022-01-03 16:00:00.018000+00:00,1641225600018,2022-01-03T16:00:00.018000+00:00,0.0001,0.0
2022-01-04 00:00:00+00:00,1641254400000,2022-01-04T00:00:00+00:00,0.0001,0.0
2022-01-04 08:00:00.010000+00:00,1641283200010,2022-01-04T08:00:00.010000+00:00,0.0001,0.0
2022-01-04 16:00:00.002000+00:00,1641312000002,2022-01-04T16:00:00.002000+00:00,0.0001,0.0
2022-01-05 00:00:00.001000+00:00,1641340800001,2022-01-05T00:00:00.001000+00:00,0.0001,0.0
2022-01-05 08:00:00.017000+00:00,1641369600017,2022-01-05T08:00:00.017000+00:00,0.0001,0.0
2022-01-05 16:00:00+00:00,1641398400000,2022-01-05T16:00:00+00:00,0.0001,0.0
2022-01-06 00:00:00.002000+00:00,1641427200002,2022-01-06T00:00:00.002000+00:00,0.0001,0.0
2022-01-06 08:00:00.021000+00:00,1641456000021,2022-01-06T08:00:00.021000+00:00,0.0001,0.0
2022-01-06 16:00:00.006000+00:00,1641484800006,2022-01-06T16:00:00.006000+00:00,0.0001,0.0
2022-01-07 00:00:00.005000+00:00,1641513600005,2022-01-07T00:00:00.005000+00:00,2.384e-05,0.0
2022-01-07 08:00:00+00:00,1641542400000,2022-01-07T08:00:00+00:00,0.0001,0.0
2022-01-07 16:00:00.001000+00:00,1641571200001,2022-01-07T16:00:00.001000+00:00,0.0001,0.0
2022-01-08 00:00:00.014000+00:00,1641600000014,2022-01-08T00:00:00.014000+00:00,0.0001,0.0
2022-01-08 08:00:00.013000+00:00,1641628800013,2022-01-08T08:00:00.013000+00:00,0.0001,0.0
2022-01-08 16:00:00+00:00,1641657600000,2022-01-08T16:00:00+00:00,0.0001,0.0
2022-01-09 00:00:00.003000+00:00,1641686400003,2022-01-09T00:00:00.003000+00:00,8.452e-05,0.0
2022-01-09 08:00:00+00:00,1641715200000,2022-01-09T08:00:00+00:00,0.0001,0.0
2022-01-09 16:00:00+00:00,1641744000000,2022-01-09T16:00:00+00:00,0.0001,0.0
2022-01-10 00:00:00+00:00,1641772800000,2022-01-10T00:00:00+00:00,0.0001,0.0
2022-01-10 08:00:00.010000+00:00,1641801600010,2022-01-10T08:00:00.010000+00:00,0.0001,0.0
2022-01-10 16:00:00.007000+00:00,1641830400007,2022-01-10T16:00:00.007000+00:00,8.503e-05,0.0
2022-01-11 00:00:00.013000+00:00,1641859200013,2022-01-11T00:00:00.013000+00:00,-2.773e-05,0.0
2022-01-11 08:00:00.004000+00:00,1641888000004,2022-01-11T08:00:00.004000+00:00,0.0001,0.0
2022-01-11 16:00:00+00:00,1641916800000,2022-01-11T16:00:00+00:00,0.0001,0.0
2022-01-12 00:00:00.012000+00:00,1641945600012,2022-01-12T00:00:00.012000+00:00,-0.00011456,0.0
2022-01-12 08:00:00.015000+00:00,1641974400015,2022-01-12T08:00:00.015000+00:00,5.369e-05,0.0
2022-01-12 16:00:00+00:00,1642003200000,2022-01-12T16:00:00+00:00,-2.475e-05,0.0
2022-01-13 00:00:00.007000+00:00,1642032000007,2022-01-13T00:00:00.007000+00:00,9.538e-05,0.0
2022-01-13 08:00:00+00:00,1642060800000,2022-01-13T08:00:00+00:00,0.0001,0.0
2022-01-13 16:00:00.014000+00:00,1642089600014,2022-01-13T16:00:00.014000+00:00,0.0001,0.0
2022-01-14 00:00:00+00:00,1642118400000,2022-01-14T00:00:00+00:00,0.0001,0.0
2022-01-14 08:00:00.006000+00:00,1642147200006,2022-01-14T08:00:00.006000+00:00,0.0001,0.0
2022-01-14 16:00:00.014000+00:00,1642176000014,2022-01-14T16:00:00.014000+00:00,0.0001,0.0
2022-01-15 00:00:00+00:00,1642204800000,2022-01-15T00:00:00+00:00,0.0001,0.0
2022-01-15 08:00:00.002000+00:00,1642233600002,2022-01-15T08:00:00.002000+00:00,0.0001,0.0
2022-01-15 16:00:00+00:00,1642262400000,2022-01-15T16:00:00+00:00,0.0001,0.0
2022-01-16 00:00:00+00:00,1642291200000,2022-01-16T00:00:00+00:00,0.0001,0.0
2022-01-16 08:00:00.017000+00:00,1642320000017,2022-01-16T08:00:00.017000+00:00,0.0001,0.0
2022-01-16 16:00:00.011000+00:00,1642348800011,2022-01-16T16:00:00.011000+00:00,5.132e-05,0.0
2022-01-17 00:00:00.005000+00:00,1642377600005,2022-01-17T00:00:00.005000+00:00,0.0001,0.0
2022-01-17 08:00:00.006000+00:00,1642406400006,2022-01-17T08:00:00.006000+00:00,0.0001,0.0
2022-01-17 16:00:00.012000+00:00,1642435200012,2022-01-17T16:00:00.012000+00:00,0.0001,0.0
2022-01-18 00:00:00.020000+00:00,1642464000020,2022-01-18T00:00:00.020000+00:00,5.552e-05,0.0
2022-01-18 08:00:00+00:00,1642492800000,2022-01-18T08:00:00+00:00,0.0001,0.0
2022-01-18 16:00:00.013000+00:00,1642521600013,2022-01-18T16:00:00.013000+00:00,0.0001,0.0
2022-01-19 00:00:00.001000+00:00,1642550400001,2022-01-19T00:00:00.001000+00:00,0.0001,0.0
2022-01-19 08:00:00+00:00,1642579200000,2022-01-19T08:00:00+00:00,0.0001,0.0
2022-01-19 16:00:00+00:00,1642608000000,2022-01-19T16:00:00+00:00,1.538e-05,0.0
2022-01-20 00:00:00.015000+00:00,1642636800015,2022-01-20T00:00:00.015000+00:00,9.454e-05,0.0
2022-01-20 08:00:00+00:00,1642665600000,2022-01-20T08:00:00+00:00,-4.62e-06,0.0
2022-01-20 16:00:00+00:00,1642694400000,2022-01-20T16:00:00+00:00,-2.672e-05,0.0
2022-01-21 00:00:00.007000+00:00,1642723200007,2022-01-21T00:00:00.007000+00:00,-0.00013087,0.0
2022-01-21 08:00:00.015000+00:00,1642752000015,2022-01-21T08:00:00.015000+00:00,-8.031e-05,0.0
2022-01-21 16:00:00+00:00,1642780800000,2022-01-21T16:00:00+00:00,0.0001,0.0
2022-01-22 00:00:00.017000+00:00,1642809600017,2022-01-22T00:00:00.017000+00:00,0.0001,0.0
2022-01-22 08:00:00.003000+00:00,1642838400003,2022-01-22T08:00:00.003000+00:00,3.95e-05,0.0
2022-01-22 16:00:00.021000+00:00,1642867200021,2022-01-22T16:00:00.021000+00:00,-0.00020203,0.0
2022-01-23 00:00:00.026000+00:00,1642896000026,2022-01-23T00:00:00.026000+00:00,1.043e-05,0.0
2022-01-23 08:00:00.010000+00:00,1642924800010,2022-01-23T08:00:00.010000+00:00,-0.00018378,0.0
2022-01-23 16:00:00.009000+00:00,1642953600009,2022-01-23T16:00:00.009000+00:00,-0.00018998,0.0
2022-01-24 00:00:00.010000+00:00,1642982400010,2022-01-24T00:00:00.010000+00:00,3.29e-06,0.0
2022-01-24 08:00:00+00:00,1643011200000,2022-01-24T08:00:00+00:00,-5.693e-05,0.0
2022-01-24 16:00:00.021000+00:00,1643040000021,2022-01-24T16:00:00.021000+00:00,-0.0001095,0.0
2022-01-25 00:00:00+00:00,1643068800000,2022-01-25T00:00:00+00:00,-0.00021411,0.0
2022-01-25 08:00:00+00:00,1643097600000,2022-01-25T08:00:00+00:00,4.722e-05,0.0
2022-01-25 16:00:00.012000+00:00,1643126400012,2022-01-25T16:00:00.012000+00:00,-0.00030196,0.0
2022-01-26 00:00:00+00:00,1643155200000,2022-01-26T00:00:00+00:00,-0.00030065,0.0
2022-01-26 08:00:00.001000+00:00,1643184000001,2022-01-26T08:00:00.001000+00:00,-0.00012947,0.0
2022-01-26 16:00:00.005000+00:00,1643212800005,2022-01-26T16:00:00.005000+00:00,-0.00024924,0.0
2022-01-27 00:00:00.004000+00:00,1643241600004,2022-01-27T00:00:00.004000+00:00,-7.644e-05,0.0
2022-01-27 08:00:00.004000+00:00,1643270400004,2022-01-27T08:00:00.004000+00:00,-0.0001762,0.0
2022-01-27 16:00:00.019000+00:00,1643299200019,2022-01-27T16:00:00.019000+00:00,-0.00027024,0.0
2022-01-28 00:00:00+00:00,1643328000000,2022-01-28T00:00:00+00:00,-0.00022215,0.0
2022-01-28 08:00:00+00:00,1643356800000,2022-01-28T08:00:00+00:00,-0.00010395,0.0
2022-01-28 16:00:00.025000+00:00,1643385600025,2022-01-28T16:00:00.025000+00:00,-0.00027293,0.0
2022-01-29 00:00:00.017000+00:00,1643414400017,2022-01-29T00:00:00.017000+00:00,-0.00020635,0.0
2022-01-29 08:00:00+00:00,1643443200000,2022-01-29T08:00:00+00:00,-2.236e-05,0.0
2022-01-29 16:00:00.013000+00:00,1643472000013,2022-01-29T16:00:00.013000+00:00,-4.209e-05,0.0
2022-01-30 00:00:00.025000+00:00,1643500800025,2022-01-30T00:00:00.025000+00:00,-0.00016974,0.0
2022-01-30 08:00:00.009000+00:00,1643529600009,2022-01-30T08:00:00.009000+00:00,-1.055e-05,0.0
2022-01-30 16:00:00+00:00,1643558400000,2022-01-30T16:00:00+00:00,-8.329e-05,0.0
2022-01-31 00:00:00+00:00,1643587200000,2022-01-31T00:00:00+00:00,-0.00031475,0.0
2022-01-31 08:00:00+00:00,1643616000000,2022-01-31T08:00:00+00:00,-0.00032298,0.0
2022-01-31 16:00:00+00:00,1643644800000,2022-01-31T16:00:00+00:00,-0.00015637,0.0
2022-02-01 00:00:00.010000+00:00,1643673600010,2022-02-01T00:00:00.010000+00:00,-7.247e-05,0.0
2022-02-01 08:00:00+00:00,1643702400000,2022-02-01T08:00:00+00:00,-8.1e-05,0.0
2022-02-01 16:00:00.004000+00:00,1643731200004,2022-02-01T16:00:00.004000+00:00,-7.053e-05,0.0
2022-02-02 00:00:00.004000+00:00,1643760000004,2022-02-02T00:00:00.004000+00:00,-2.8e-07,0.0
2022-02-02 08:00:00+00:00,1643788800000,2022-02-02T08:00:00+00:00,0.0001,0.0
2022-02-02 16:00:00.002000+00:00,1643817600002,2022-02-02T16:00:00.002000+00:00,-3.45e-05,0.0
2022-02-03 00:00:00.002000+00:00,1643846400002,2022-02-03T00:00:00.002000+00:00,-9.416e-05,0.0
2022-02-03 08:00:00+00:00,1643875200000,2022-02-03T08:00:00+00:00,-4.589e-05,0.0
2022-02-03 16:00:00+00:00,1643904000000,2022-02-03T16:00:00+00:00,2.054e-05,0.0
2022-02-04 00:00:00.018000+00:00,1643932800018,2022-02-04T00:00:00.018000+00:00,-5.195e-05,0.0
2022-02-04 08:00:00.005000+00:00,1643961600005,2022-02-04T08:00:00.005000+00:00,7.23e-06,0.0
2022-02-04 16:00:00.010000+00:00,1643990400010,2022-02-04T16:00:00.010000+00:00,6.49e-05,0.0
2022-02-05 00:00:00.014000+00:00,1644019200014,2022-02-05T00:00:00.014000+00:00,4.266e-05,0.0
2022-02-05 08:00:00+00:00,1644048000000,2022-02-05T08:00:00+00:00,0.0001,0.0
2022-02-05 16:00:00+00:00,1644076800000,2022-02-05T16:00:00+00:00,0.0001,0.0
2022-02-06 00:00:00+00:00,1644105600000,2022-02-06T00:00:00+00:00,8.492e-05,0.0
2022-02-06 08:00:00+00:00,1644134400000,2022-02-06T08:00:00+00:00,-4.11e-06,0.0
2022-02-06 16:00:00+00:00,1644163200000,2022-02-06T16:00:00+00:00,3.486e-05,0.0
2022-02-07 00:00:00.003000+00:00,1644192000003,2022-02-07T00:00:00.003000+00:00,4.15e-05,0.0
2022-02-07 08:00:00.014000+00:00,1644220800014,2022-02-07T08:00:00.014000+00:00,0.0001,0.0
2022-02-07 16:00:00.003000+00:00,1644249600003,2022-02-07T16:00:00.003000+00:00,8.035e-05,0.0
2022-02-08 00:00:00.001000+00:00,1644278400001,2022-02-08T00:00:00.001000+00:00,3.385e-05,0.0
2022-02-08 08:00:00.003000+00:00,1644307200003,2022-02-08T08:00:00.003000+00:00,8.161e-05,0.0
2022-02-08 16:00:00.002000+00:00,1644336000002,2022-02-08T16:00:00.002000+00:00,0.0001,0.0
2022-02-09 00:00:00+00:00,1644364800000,2022-02-09T00:00:00+00:00,-0.00015798,0.0
2022-02-09 08:00:00.005000+00:00,1644393600005,2022-02-09T08:00:00.005000+00:00,0.0001,0.0
2022-02-09 16:00:00.001000+00:00,1644422400001,2022-02-09T16:00:00.001000+00:00,0.0001,0.0
2022-02-10 00:00:00.012000+00:00,1644451200012,2022-02-10T00:00:00.012000+00:00,0.0001,0.0
2022-02-10 08:00:00+00:00,1644480000000,2022-02-10T08:00:00+00:00,0.0001,0.0
2022-02-10 16:00:00.006000+00:00,1644508800006,2022-02-10T16:00:00.006000+00:00,0.0001,0.0
2022-02-11 00:00:00+00:00,1644537600000,2022-02-11T00:00:00+00:00,5.66e-05,0.0
2022-02-11 08:00:00.009000+00:00,1644566400009,2022-02-11T08:00:00.009000+00:00,-2.632e-05,0.0
2022-02-11 16:00:00.015000+00:00,1644595200015,2022-02-11T16:00:00.015000+00:00,0.0001,0.0
2022-02-12 00:00:00.020000+00:00,1644624000020,2022-02-12T00:00:00.020000+00:00,0.0001,0.0
2022-02-12 08:00:00.001000+00:00,1644652800001,2022-02-12T08:00:00.001000+00:00,-3.044e-05,0.0
2022-02-12 16:00:00.007000+00:00,1644681600007,2022-02-12T16:00:00.007000+00:00,0.0001,0.0
2022-02-13 00:00:00.022000+00:00,1644710400022,2022-02-13T00:00:00.022000+00:00,-4.465e-05,0.0
2022-02-13 08:00:00.001000+00:00,1644739200001,2022-02-13T08:00:00.001000+00:00,-1.154e-05,0.0
2022-02-13 16:00:00.007000+00:00,1644768000007,2022-02-13T16:00:00.007000+00:00,-0.0001082,0.0
2022-02-14 00:00:00.005000+00:00,1644796800005,2022-02-14T00:00:00.005000+00:00,-3.011e-05,0.0
2022-02-14 08:00:00.013000+00:00,1644825600013,2022-02-14T08:00:00.013000+00:00,-0.00016931,0.0
2022-02-14 16:00:00.019000+00:00,1644854400019,2022-02-14T16:00:00.019000+00:00,9.506e-05,0.0
2022-02-15 00:00:00.012000+00:00,1644883200012,2022-02-15T00:00:00.012000+00:00,1.716e-05,0.0
2022-02-15 08:00:00.005000+00:00,1644912000005,2022-02-15T08:00:00.005000+00:00,0.0001,0.0
2022-02-15 16:00:00.011000+00:00,1644940800011,2022-02-15T16:00:00.011000+00:00,0.0001,0.0
2022-02-16 00:00:00.009000+00:00,1644969600009,2022-02-16T00:00:00.009000+00:00,0.0001,0.0
2022-02-16 08:00:00.001000+00:00,1644998400001,2022-02-16T08:00:00.001000+00:00,0.0001,0.0
2022-02-16 16:00:00.014000+00:00,1645027200014,2022-02-16T16:00:00.014000+00:00,0.0001,0.0
2022-02-17 00:00:00.018000+00:00,1645056000018,2022-02-17T00:00:00.018000+00:00,0.0001,0.0
2022-02-17 08:00:00+00:00,1645084800000,2022-02-17T08:00:00+00:00,0.0001,0.0
2022-02-17 16:00:00.010000+00:00,1645113600010,2022-02-17T16:00:00.010000+00:00,0.0001,0.0
2022-02-18 00:00:00+00:00,1645142400000,2022-02-18T00:00:00+00:00,5.379e-05,0.0
2022-02-18 08:00:00.002000+00:00,1645171200002,2022-02-18T08:00:00.002000+00:00,6.322e-05,0.0
2022-02-18 16:00:00+00:00,1645200000000,2022-02-18T16:00:00+00:00,6.87e-05,0.0
2022-02-19 00:00:00.007000+00:00,1645228800007,2022-02-19T00:00:00.007000+00:00,2.208e-05,0.0
2022-02-19 08:00:00+00:00,1645257600000,2022-02-19T08:00:00+00:00,8.22e-06,0.0
2022-02-19 16:00:00.023000+00:00,1645286400023,2022-02-19T16:00:00.023000+00:00,-6.016e-05,0.0
2022-02-20 00:00:00.001000+00:00,1645315200001,2022-02-20T00:00:00.001000+00:00,-8.825e-05,0.0
2022-02-20 08:00:00.003000+00:00,1645344000003,2022-02-20T08:00:00.003000+00:00,-0.00015733,0.0
2022-02-20 16:00:00.001000+00:00,1645372800001,2022-02-20T16:00:00.001000+00:00,-0.0001402,0.0
2022-02-21 00:00:00+00:00,1645401600000,2022-02-21T00:00:00+00:00,6.78e-06,0.0
2022-02-21 08:00:00.001000+00:00,1645430400001,2022-02-21T08:00:00.001000+00:00,-0.00020459,0.0
2022-02-21 16:00:00.005000+00:00,1645459200005,2022-02-21T16:00:00.005000+00:00,-0.0001492,0.0
2022-02-22 00:00:00.005000+00:00,1645488000005,2022-02-22T00:00:00.005000+00:00,-6.26e-05,0.0
2022-02-22 08:00:00+00:00,1645516800000,2022-02-22T08:00:00+00:00,-0.00017711,0.0
2022-02-22 16:00:00+00:00,1645545600000,2022-02-22T16:00:00+00:00,-0.0004721,0.0
2022-02-23 00:00:00.002000+00:00,1645574400002,2022-02-23T00:00:00.002000+00:00,-0.00025169,0.0
2022-02-23 08:00:00.005000+00:00,1645603200005,2022-02-23T08:00:00.005000+00:00,-0.0003359,0.0
2022-02-23 16:00:00.010000+00:00,1645632000010,2022-02-23T16:00:00.010000+00:00,-9.575e-05,0.0
2022-02-24 00:00:00.008000+00:00,1645660800008,2022-02-24T00:00:00.008000+00:00,9.454e-05,0.0
2022-02-24 08:00:00.003000+00:00,1645689600003,2022-02-24T08:00:00.003000+00:00,-0.00022038,0.0
2022-02-24 16:00:00.001000+00:00,1645718400001,2022-02-24T16:00:00.001000+00:00,-0.00047794,0.0
2022-02-25 00:00:00+00:00,1645747200000,2022-02-25T00:00:00+00:00,-8.962e-05,0.0
2022-02-25 08:00:00.006000+00:00,1645776000006,2022-02-25T08:00:00.006000+00:00,-0.00010538,0.0
2022-02-25 16:00:00.001000+00:00,1645804800001,2022-02-25T16:00:00.001000+00:00,-0.00015015,0.0
2022-02-26 00:00:00.004000+00:00,1645833600004,2022-02-26T00:00:00.004000+00:00,-4.936e-05,0.0
2022-02-26 08:00:00.004000+00:00,1645862400004,2022-02-26T08:00:00.004000+00:00,6.73e-05,0.0
2022-02-26 16:00:00.007000+00:00,1645891200007,2022-02-26T16:00:00.007000+00:00,-4.105e-05,0.0
2022-02-27 00:00:00.012000+00:00,1645920000012,2022-02-27T00:00:00.012000+00:00,-2.874e-05,0.0
2022-02-27 08:00:00+00:00,1645948800000,2022-02-27T08:00:00+00:00,-0.0002179,0.0
2022-02-27 16:00:00+00:00,1645977600000,2022-02-27T16:00:00+00:00,7.923e-05,0.0
2022-02-28 00:00:00+00:00,1646006400000,2022-02-28T00:00:00+00:00,-0.00014074,0.0
2022-02-28 08:00:00.001000+00:00,1646035200001,2022-02-28T08:00:00.001000+00:00,0.0001,0.0
2022-02-28 16:00:00.002000+00:00,1646064000002,2022-02-28T16:00:00.002000+00:00,0.0001,0.0
2022-03-01 00:00:00.002000+00:00,1646092800002,2022-03-01T00:00:00.002000+00:00,8.843e-05,0.0
2022-03-01 08:00:00.001000+00:00,1646121600001,2022-03-01T08:00:00.001000+00:00,0.0001,0.0
2022-03-01 16:00:00+00:00,1646150400000,2022-03-01T16:00:00+00:00,0.0001,0.0
2022-03-02 00:00:00+00:00,1646179200000,2022-03-02T00:00:00+00:00,3.842e-05,0.0
2022-03-02 08:00:00+00:00,1646208000000,2022-03-02T08:00:00+00:00,-6.378e-05,0.0
2022-03-02 16:00:00.002000+00:00,1646236800002,2022-03-02T16:00:00.002000+00:00,-7.32e-06,0.0
2022-03-03 00:00:00+00:00,1646265600000,2022-03-03T00:00:00+00:00,-0.00030116,0.0
2022-03-03 08:00:00+00:00,1646294400000,2022-03-03T08:00:00+00:00,6.594e-05,0.0
2022-03-03 16:00:00.005000+00:00,1646323200005,2022-03-03T16:00:00.005000+00:00,-0.00019198,0.0
2022-03-04 00:00:00.018000+00:00,1646352000018,2022-03-04T00:00:00.018000+00:00,-0.00018041,0.0
2022-03-04 08:00:00+00:00,1646380800000,2022-03-04T08:00:00+00:00,3.41e-06,0.0
2022-03-04 16:00:00+00:00,1646409600000,2022-03-04T16:00:00+00:00,1.371e-05,0.0
2022-03-05 00:00:00.006000+00:00,1646438400006,2022-03-05T00:00:00.006000+00:00,-0.00015674,0.0
2022-03-05 08:00:00.004000+00:00,1646467200004,2022-03-05T08:00:00.004000+00:00,-0.00024412,0.0
2022-03-05 16:00:00+00:00,1646496000000,2022-03-05T16:00:00+00:00,-0.00012682,0.0
2022-03-06 00:00:00.004000+00:00,1646524800004,2022-03-06T00:00:00.004000+00:00,-6.431e-05,0.0
2022-03-06 08:00:00+00:00,1646553600000,2022-03-06T08:00:00+00:00,-9.615e-05,0.0
2022-03-06 16:00:00.013000+00:00,1646582400013,2022-03-06T16:00:00.013000+00:00,-0.00019728,0.0
2022-03-07 00:00:00.008000+00:00,1646611200008,2022-03-07T00:00:00.008000+00:00,-0.00023769,0.0
2022-03-07 08:00:00.006000+00:00,1646640000006,2022-03-07T08:00:00.006000+00:00,-0.00016668,0.0
2022-03-07 16:00:00+00:00,1646668800000,2022-03-07T16:00:00+00:00,-9.878e-05,0.0
2022-03-08 00:00:00.008000+00:00,1646697600008,2022-03-08T00:00:00.008000+00:00,-6.884e-05,0.0
2022-03-08 08:00:00.002000+00:00,1646726400002,2022-03-08T08:00:00.002000+00:00,-4.175e-05,0.0
2022-03-08 16:00:00+00:00,1646755200000,2022-03-08T16:00:00+00:00,9.318e-05,0.0
2022-03-09 00:00:00.008000+00:00,1646784000008,2022-03-09T00:00:00.008000+00:00,-0.00020327,0.0
2022-03-09 08:00:00+00:00,1646812800000,2022-03-09T08:00:00+00:00,-8.726e-05,0.0
2022-03-09 16:00:00.004000+00:00,1646841600004,2022-03-09T16:00:00.004000+00:00,9.182e-05,0.0
2022-03-10 00:00:00+00:00,1646870400000,2022-03-10T00:00:00+00:00,0.0001,0.0
2022-03-10 08:00:00.017000+00:00,1646899200017,2022-03-10T08:00:00.017000+00:00,-0.00012345,0.0
2022-03-10 16:00:00+00:00,1646928000000,2022-03-10T16:00:00+00:00,-0.00010004,0.0
2022-03-11 00:00:00.008000+00:00,1646956800008,2022-03-11T00:00:00.008000+00:00,-6.552e-05,0.0
2022-03-11 08:00:00+00:00,1646985600000,2022-03-11T08:00:00+00:00,-0.00017588,0.0
2022-03-11 16:00:00.001000+00:00,1647014400001,2022-03-11T16:00:00.001000+00:00,-5.303e-05,0.0
2022-03-12 00:00:00.010000+00:00,1647043200010,2022-03-12T00:00:00.010000+00:00,-4.285e-05,0.0
2022-03-12 08:00:00.001000+00:00,1647072000001,2022-03-12T08:00:00.001000+00:00,7.547e-05,0.0
2022-03-12 16:00:00.002000+00:00,1647100800002,2022-03-12T16:00:00.002000+00:00,0.0001,0.0
2022-03-13 00:00:00.008000+00:00,1647129600008,2022-03-13T00:00:00.008000+00:00,3.58e-06,0.0
2022-03-13 08:00:00+00:00,1647158400000,2022-03-13T08:00:00+00:00,0.0001,0.0
2022-03-13 16:00:00.002000+00:00,1647187200002,2022-03-13T16:00:00.002000+00:00,-9.306e-05,0.0
2022-03-14 00:00:00.014000+00:00,1647216000014,2022-03-14T00:00:00.014000+00:00,-0.00010408,0.0
2022-03-14 08:00:00.005000+00:00,1647244800005,2022-03-14T08:00:00.005000+00:00,-0.0001723,0.0
2022-03-14 16:00:00.002000+00:00,1647273600002,2022-03-14T16:00:00.002000+00:00,4.341e-05,0.0
2022-03-15 00:00:00.008000+00:00,1647302400008,2022-03-15T00:00:00.008000+00:00,-0.00011136,0.0
2022-03-15 08:00:00+00:00,1647331200000,2022-03-15T08:00:00+00:00,-1.682e-05,0.0
2022-03-15 16:00:00.006000+00:00,1647360000006,2022-03-15T16:00:00.006000+00:00,1.9e-05,0.0
2022-03-16 00:00:00.013000+00:00,1647388800013,2022-03-16T00:00:00.013000+00:00,0.0001,0.0
2022-03-16 08:00:00+00:00,1647417600000,2022-03-16T08:00:00+00:00,0.0001,0.0
2022-03-16 16:00:00.008000+00:00,1647446400008,2022-03-16T16:00:00.008000+00:00,0.0001,0.0
2022-03-17 00:00:00.004000+00:00,1647475200004,2022-03-17T00:00:00.004000+00:00,0.0001,0.0
2022-03-17 08:00:00+00:00,1647504000000,2022-03-17T08:00:00+00:00,0.0001,0.0
2022-03-17 16:00:00.004000+00:00,1647532800004,2022-03-17T16:00:00.004000+00:00,0.0001,0.0
2022-03-18 00:00:00+00:00,1647561600000,2022-03-18T00:00:00+00:00,0.0001,0.0
2022-03-18 08:00:00+00:00,1647590400000,2022-03-18T08:00:00+00:00,0.0001,0.0
2022-03-18 16:00:00.017000+00:00,1647619200017,2022-03-18T16:00:00.017000+00:00,0.0001,0.0
2022-03-19 00:00:00.008000+00:00,1647648000008,2022-03-19T00:00:00.008000+00:00,0.0001,0.0
2022-03-19 08:00:00.015000+00:00,1647676800015,2022-03-19T08:00:00.015000+00:00,0.0001,0.0
2022-03-19 16:00:00+00:00,1647705600000,2022-03-19T16:00:00+00:00,9.555e-05,0.0
2022-03-20 00:00:00+00:00,1647734400000,2022-03-20T00:00:00+00:00,0.0001,0.0
2022-03-20 08:00:00.001000+00:00,1647763200001,2022-03-20T08:00:00.001000+00:00,0.0001,0.0
2022-03-20 16:00:00.002000+00:00,1647792000002,2022-03-20T16:00:00.002000+00:00,0.0001,0.0
2022-03-21 00:00:00.013000+00:00,1647820800013,2022-03-21T00:00:00.013000+00:00,3.727e-05,0.0
2022-03-21 08:00:00.004000+00:00,1647849600004,2022-03-21T08:00:00.004000+00:00,0.0001,0.0
2022-03-21 16:00:00.010000+00:00,1647878400010,2022-03-21T16:00:00.010000+00:00,4.044e-05,0.0
2022-03-22 00:00:00.012000+00:00,1647907200012,2022-03-22T00:00:00.012000+00:00,3.376e-05,0.0
2022-03-22 08:00:00.001000+00:00,1647936000001,2022-03-22T08:00:00.001000+00:00,7.618e-05,0.0
2022-03-22 16:00:00.022000+00:00,1647964800022,2022-03-22T16:00:00.022000+00:00,3.612e-05,0.0
2022-03-23 00:00:00.007000+00:00,1647993600007,2022-03-23T00:00:00.007000+00:00,6.36e-06,0.0
2022-03-23 08:00:00+00:00,1648022400000,2022-03-23T08:00:00+00:00,-1.66e-06,0.0
2022-03-23 16:00:00.006000+00:00,1648051200006,2022-03-23T16:00:00.006000+00:00,-0.00015211,0.0
2022-03-24 00:00:00.013000+00:00,1648080000013,2022-03-24T00:00:00.013000+00:00,-1.64e-06,0.0
2022-03-24 08:00:00.006000+00:00,1648108800006,2022-03-24T08:00:00.006000+00:00,-0.00010482,0.0
2022-03-24 16:00:00.020000+00:00,1648137600020,2022-03-24T16:00:00.020000+00:00,-6.844e-05,0.0
2022-03-25 00:00:00.010000+00:00,1648166400010,2022-03-25T00:00:00.010000+00:00,0.0001,0.0
2022-03-25 08:00:00.001000+00:00,1648195200001,2022-03-25T08:00:00.001000+00:00,0.0001,0.0
2022-03-25 16:00:00.014000+00:00,1648224000014,2022-03-25T16:00:00.014000+00:00,0.0001,0.0
2022-03-26 00:00:00.020000+00:00,1648252800020,2022-03-26T00:00:00.020000+00:00,0.0001,0.0
2022-03-26 08:00:00.006000+00:00,1648281600006,2022-03-26T08:00:00.006000+00:00,0.0001,0.0
2022-03-26 16:00:00+00:00,1648310400000,2022-03-26T16:00:00+00:00,0.0001,0.0
2022-03-27 00:00:00.004000+00:00,1648339200004,2022-03-27T00:00:00.004000+00:00,0.0001,0.0
2022-03-27 08:00:00.001000+00:00,1648368000001,2022-03-27T08:00:00.001000+00:00,0.0001,0.0
2022-03-27 16:00:00.006000+00:00,1648396800006,2022-03-27T16:00:00.006000+00:00,0.0001,0.0
2022-03-28 00:00:00.012000+00:00,1648425600012,2022-03-28T00:00:00.012000+00:00,0.0001,0.0
2022-03-28 08:00:00.007000+00:00,1648454400007,2022-03-28T08:00:00.007000+00:00,0.0001,0.0
2022-03-28 16:00:00+00:00,1648483200000,2022-03-28T16:00:00+00:00,0.0001,0.0
2022-03-29 00:00:00+00:00,1648512000000,2022-03-29T00:00:00+00:00,0.0001,0.0
2022-03-29 08:00:00.015000+00:00,1648540800015,2022-03-29T08:00:00.015000+00:00,0.0001,0.0
2022-03-29 16:00:00+00:00,1648569600000,2022-03-29T16:00:00+00:00,0.0001,0.0
2022-03-30 00:00:00+00:00,1648598400000,2022-03-30T00:00:00+00:00,0.0001,0.0
2022-03-30 08:00:00.002000+00:00,1648627200002,2022-03-30T08:00:00.002000+00:00,0.0001,0.0
2022-03-30 16:00:00.028000+00:00,1648656000028,2022-03-30T16:00:00.028000+00:00,0.0001,0.0
2022-03-31 00:00:00.017000+00:00,1648684800017,2022-03-31T00:00:00.017000+00:00,0.0001,0.0
2022-03-31 08:00:00+00:00,1648713600000,2022-03-31T08:00:00+00:00,0.0001,0.0
2022-03-31 16:00:00.015000+00:00,1648742400015,2022-03-31T16:00:00.015000+00:00,0.0001,0.0
2022-04-01 00:00:00+00:00,1648771200000,2022-04-01T00:00:00+00:00,0.0001,0.0
2022-04-01 08:00:00+00:00,1648800000000,2022-04-01T08:00:00+00:00,0.0001,0.0
2022-04-01 16:00:00.018000+00:00,1648828800018,2022-04-01T16:00:00.018000+00:00,0.0001,0.0
2022-04-02 00:00:00+00:00,1648857600000,2022-04-02T00:00:00+00:00,0.0001,0.0
2022-04-02 08:00:00.002000+00:00,1648886400002,2022-04-02T08:00:00.002000+00:00,0.0001,0.0
2022-04-02 16:00:00.006000+00:00,1648915200006,2022-04-02T16:00:00.006000+00:00,0.0001,0.0
2022-04-03 00:00:00.018000+00:00,1648944000018,2022-04-03T00:00:00.018000+00:00,0.0001,0.0
2022-04-03 08:00:00.018000+00:00,1648972800018,2022-04-03T08:00:00.018000+00:00,0.0001,0.0
2022-04-03 16:00:00.015000+00:00,1649001600015,2022-04-03T16:00:00.015000+00:00,0.0001,0.0
2022-04-04 00:00:00.006000+00:00,1649030400006,2022-04-04T00:00:00.006000+00:00,0.0001,0.0
2022-04-04 08:00:00+00:00,1649059200000,2022-04-04T08:00:00+00:00,0.0001,0.0
2022-04-04 16:00:00.016000+00:00,1649088000016,2022-04-04T16:00:00.016000+00:00,0.0001,0.0
2022-04-05 00:00:00+00:00,1649116800000,2022-04-05T00:00:00+00:00,0.0001,0.0
2022-04-05 08:00:00.010000+00:00,1649145600010,2022-04-05T08:00:00.010000+00:00,0.0001,0.0
2022-04-05 16:00:00.008000+00:00,1649174400008,2022-04-05T16:00:00.008000+00:00,0.0001,0.0
2022-04-06 00:00:00.001000+00:00,1649203200001,2022-04-06T00:00:00.001000+00:00,0.0001,0.0
2022-04-06 08:00:00.021000+00:00,1649232000021,2022-04-06T08:00:00.021000+00:00,2.564e-05,0.0
2022-04-06 16:00:00+00:00,1649260800000,2022-04-06T16:00:00+00:00,0.0001,0.0
2022-04-07 00:00:00.009000+00:00,1649289600009,2022-04-07T00:00:00.009000+00:00,-2.038e-05,0.0
2022-04-07 08:00:00+00:00,1649318400000,2022-04-07T08:00:00+00:00,-0.0001027,0.0
2022-04-07 16:00:00+00:00,1649347200000,2022-04-07T16:00:00+00:00,-5.65e-06,0.0
2022-04-08 00:00:00+00:00,1649376000000,2022-04-08T00:00:00+00:00,0.0001,0.0
2022-04-08 08:00:00.004000+00:00,1649404800004,2022-04-08T08:00:00.004000+00:00,4.41e-05,0.0
2022-04-08 16:00:00.008000+00:00,1649433600008,2022-04-08T16:00:00.008000+00:00,0.0001,0.0
2022-04-09 00:00:00.008000+00:00,1649462400008,2022-04-09T00:00:00.008000+00:00,0.0001,0.0
2022-04-09 08:00:00+00:00,1649491200000,2022-04-09T08:00:00+00:00,-2.052e-05,0.0
2022-04-09 16:00:00.001000+00:00,1649520000001,2022-04-09T16:00:00.001000+00:00,0.0001,0.0
2022-04-10 00:00:00.004000+00:00,1649548800004,2022-04-10T00:00:00.004000+00:00,8.061e-05,0.0
2022-04-10 08:00:00.007000+00:00,1649577600007,2022-04-10T08:00:00.007000+00:00,0.0001,0.0
2022-04-10 16:00:00.016000+00:00,1649606400016,2022-04-10T16:00:00.016000+00:00,8.661e-05,0.0
2022-04-11 00:00:00+00:00,1649635200000,2022-04-11T00:00:00+00:00,4.445e-05,0.0
2022-04-11 08:00:00+00:00,1649664000000,2022-04-11T08:00:00+00:00,0.0001,0.0
2022-04-11 16:00:00.009000+00:00,1649692800009,2022-04-11T16:00:00.009000+00:00,3.872e-05,0.0
2022-04-12 00:00:00+00:00,1649721600000,2022-04-12T00:00:00+00:00,-7.489e-05,0.0
2022-04-12 08:00:00.006000+00:00,1649750400006,2022-04-12T08:00:00.006000+00:00,-9.253e-05,0.0
2022-04-12 16:00:00.013000+00:00,1649779200013,2022-04-12T16:00:00.013000+00:00,-0.00010115,0.0
2022-04-13 00:00:00.005000+00:00,1649808000005,2022-04-13T00:00:00.005000+00:00,-9.838e-05,0.0
2022-04-13 08:00:00.008000+00:00,1649836800008,2022-04-13T08:00:00.008000+00:00,-8.661e-05,0.0
2022-04-13 16:00:00.013000+00:00,1649865600013,2022-04-13T16:00:00.013000+00:00,-1.905e-05,0.0
2022-04-14 00:00:00.007000+00:00,1649894400007,2022-04-14T00:00:00.007000+00:00,-0.00014932,0.0
2022-04-14 08:00:00+00:00,1649923200000,2022-04-14T08:00:00+00:00,-6.977e-05,0.0
2022-04-14 16:00:00.006000+00:00,1649952000006,2022-04-14T16:00:00.006000+00:00,-0.00015486,0.0
2022-04-15 00:00:00.008000+00:00,1649980800008,2022-04-15T00:00:00.008000+00:00,-0.00016837,0.0
2022-04-15 08:00:00.002000+00:00,1650009600002,2022-04-15T08:00:00.002000+00:00,3.494e-05,0.0
2022-04-15 16:00:00+00:00,1650038400000,2022-04-15T16:00:00+00:00,6.17e-06,0.0
2022-04-16 00:00:00.011000+00:00,1650067200011,2022-04-16T00:00:00.011000+00:00,1.502e-05,0.0
2022-04-16 08:00:00.007000+00:00,1650096000007,2022-04-16T08:00:00.007000+00:00,0.0001,0.0
2022-04-16 16:00:00.007000+00:00,1650124800007,2022-04-16T16:00:00.007000+00:00,2.61e-06,0.0
2022-04-17 00:00:00+00:00,1650153600000,2022-04-17T00:00:00+00:00,3.51e-06,0.0
2022-04-17 08:00:00.004000+00:00,1650182400004,2022-04-17T08:00:00.004000+00:00,0.0001,0.0
2022-04-17 16:00:00+00:00,1650211200000,2022-04-17T16:00:00+00:00,0.0001,0.0
2022-04-18 00:00:00.008000+00:00,1650240000008,2022-04-18T00:00:00.008000+00:00,-4.606e-05,0.0
2022-04-18 08:00:00.012000+00:00,1650268800012,2022-04-18T08:00:00.012000+00:00,-0.00015722,0.0
2022-04-18 16:00:00+00:00,1650297600000,2022-04-18T16:00:00+00:00,-0.00025787,0.0
2022-04-19 00:00:00.021000+00:00,1650326400021,2022-04-19T00:00:00.021000+00:00,9.634e-05,0.0
2022-04-19 08:00:00.031000+00:00,1650355200031,2022-04-19T08:00:00.031000+00:00,3.484e-05,0.0
2022-04-19 16:00:00+00:00,1650384000000,2022-04-19T16:00:00+00:00,4.801e-05,0.0
2022-04-20 00:00:00.025000+00:00,1650412800025,2022-04-20T00:00:00.025000+00:00,0.0001,0.0
2022-04-20 08:00:00.003000+00:00,1650441600003,2022-04-20T08:00:00.003000+00:00,0.0001,0.0
2022-04-20 16:00:00+00:00,1650470400000,2022-04-20T16:00:00+00:00,0.0001,0.0
2022-04-21 00:00:00+00:00,1650499200000,2022-04-21T00:00:00+00:00,6.417e-05,0.0
2022-04-21 08:00:00+00:00,1650528000000,2022-04-21T08:00:00+00:00,-3.66e-06,0.0
2022-04-21 16:00:00.024000+00:00,1650556800024,2022-04-21T16:00:00.024000+00:00,0.0001,0.0
2022-04-22 00:00:00.008000+00:00,1650585600008,2022-04-22T00:00:00.008000+00:00,-0.00013049,0.0
2022-04-22 08:00:00.008000+00:00,1650614400008,2022-04-22T08:00:00.008000+00:00,-7.318e-05,0.0
2022-04-22 16:00:00.008000+00:00,1650643200008,2022-04-22T16:00:00.008000+00:00,0.0001,0.0
2022-04-23 00:00:00+00:00,1650672000000,2022-04-23T00:00:00+00:00,5.111e-05,0.0
2022-04-23 08:00:00+00:00,1650700800000,2022-04-23T08:00:00+00:00,0.0001,0.0
2022-04-23 16:00:00.012000+00:00,1650729600012,2022-04-23T16:00:00.012000+00:00,0.0001,0.0
2022-04-24 00:00:00.004000+00:00,1650758400004,2022-04-24T00:00:00.004000+00:00,0.0001,0.0
2022-04-24 08:00:00.003000+00:00,1650787200003,2022-04-24T08:00:00.003000+00:00,0.0001,0.0
2022-04-24 16:00:00+00:00,1650816000000,2022-04-24T16:00:00+00:00,8.883e-05,0.0
2022-04-25 00:00:00.008000+00:00,1650844800008,2022-04-25T00:00:00.008000+00:00,9.49e-05,0.0
2022-04-25 08:00:00.018000+00:00,1650873600018,2022-04-25T08:00:00.018000+00:00,-1.445e-05,0.0
2022-04-25 16:00:00+00:00,1650902400000,2022-04-25T16:00:00+00:00,-6.327e-05,0.0
2022-04-26 00:00:00.014000+00:00,1650931200014,2022-04-26T00:00:00.014000+00:00,8.582e-05,0.0
2022-04-26 08:00:00+00:00,1650960000000,2022-04-26T08:00:00+00:00,0.0001,0.0
2022-04-26 16:00:00.017000+00:00,1650988800017,2022-04-26T16:00:00.017000+00:00,0.0001,0.0
2022-04-27 00:00:00.012000+00:00,1651017600012,2022-04-27T00:00:00.012000+00:00,-0.00020147,0.0
2022-04-27 08:00:00+00:00,1651046400000,2022-04-27T08:00:00+00:00,2.913e-05,0.0
2022-04-27 16:00:00.002000+00:00,1651075200002,2022-04-27T16:00:00.002000+00:00,0.0001,0.0
2022-04-28 00:00:00+00:00,1651104000000,2022-04-28T00:00:00+00:00,0.0001,0.0
2022-04-28 08:00:00.004000+00:00,1651132800004,2022-04-28T08:00:00.004000+00:00,7.823e-05,0.0
2022-04-28 16:00:00.030000+00:00,1651161600030,2022-04-28T16:00:00.030000+00:00,0.0001,0.0
2022-04-29 00:00:00+00:00,1651190400000,2022-04-29T00:00:00+00:00,0.0001,0.0
2022-04-29 08:00:00.016000+00:00,1651219200016,2022-04-29T08:00:00.016000+00:00,0.0001,0.0
2022-04-29 16:00:00.010000+00:00,1651248000010,2022-04-29T16:00:00.010000+00:00,3.84e-06,0.0
2022-04-30 00:00:00+00:00,1651276800000,2022-04-30T00:00:00+00:00,-6.77e-05,0.0
2022-04-30 08:00:00.005000+00:00,1651305600005,2022-04-30T08:00:00.005000+00:00,0.0001,0.0
2022-04-30 16:00:00.015000+00:00,1651334400015,2022-04-30T16:00:00.015000+00:00,0.0001,0.0
2022-05-01 00:00:00+00:00,1651363200000,2022-05-01T00:00:00+00:00,-9.295e-05,0.0
2022-05-01 08:00:00+00:00,1651392000000,2022-05-01T08:00:00+00:00,-6.811e-05,0.0
2022-05-01 16:00:00.010000+00:00,1651420800010,2022-05-01T16:00:00.010000+00:00,-6.81e-06,0.0
2022-05-02 00:00:00.018000+00:00,1651449600018,2022-05-02T00:00:00.018000+00:00,5.325e-05,0.0
2022-05-02 08:00:00.007000+00:00,1651478400007,2022-05-02T08:00:00.007000+00:00,-8.181e-05,0.0
2022-05-02 16:00:00+00:00,1651507200000,2022-05-02T16:00:00+00:00,-0.0001172,0.0
2022-05-03 00:00:00.006000+00:00,1651536000006,2022-05-03T00:00:00.006000+00:00,-2.124e-05,0.0
2022-05-03 08:00:00+00:00,1651564800000,2022-05-03T08:00:00+00:00,0.0001,0.0
2022-05-03 16:00:00.021000+00:00,1651593600021,2022-05-03T16:00:00.021000+00:00,8.718e-05,0.0
2022-05-04 00:00:00.007000+00:00,1651622400007,2022-05-04T00:00:00.007000+00:00,-0.00021283,0.0
2022-05-04 08:00:00.011000+00:00,1651651200011,2022-05-04T08:00:00.011000+00:00,6.271e-05,0.0
2022-05-04 16:00:00+00:00,1651680000000,2022-05-04T16:00:00+00:00,0.0001,0.0
2022-05-05 00:00:00.005000+00:00,1651708800005,2022-05-05T00:00:00.005000+00:00,0.0001,0.0
2022-05-05 08:00:00.019000+00:00,1651737600019,2022-05-05T08:00:00.019000+00:00,0.0001,0.0
2022-05-05 16:00:00.005000+00:00,1651766400005,2022-05-05T16:00:00.005000+00:00,0.0001,0.0
2022-05-06 00:00:00.005000+00:00,1651795200005,2022-05-06T00:00:00.005000+00:00,-1.559e-05,0.0
2022-05-06 08:00:00.001000+00:00,1651824000001,2022-05-06T08:00:00.001000+00:00,3.289e-05,0.0
2022-05-06 16:00:00.010000+00:00,1651852800010,2022-05-06T16:00:00.010000+00:00,9.348e-05,0.0
2022-05-07 00:00:00.004000+00:00,1651881600004,2022-05-07T00:00:00.004000+00:00,-5.296e-05,0.0
2022-05-07 08:00:00.016000+00:00,1651910400016,2022-05-07T08:00:00.016000+00:00,4.6e-06,0.0
2022-05-07 16:00:00.011000+00:00,1651939200011,2022-05-07T16:00:00.011000+00:00,1.206e-05,0.0
2022-05-08 00:00:00+00:00,1651968000000,2022-05-08T00:00:00+00:00,3.05e-05,0.0
2022-05-08 08:00:00.007000+00:00,1651996800007,2022-05-08T08:00:00.007000+00:00,-4.641e-05,0.0
2022-05-08 16:00:00.015000+00:00,1652025600015,2022-05-08T16:00:00.015000+00:00,4.265e-05,0.0
2022-05-09 00:00:00+00:00,1652054400000,2022-05-09T00:00:00+00:00,0.0001,0.0
2022-05-09 08:00:00.001000+00:00,1652083200001,2022-05-09T08:00:00.001000+00:00,-0.00014516,0.0
2022-05-09 16:00:00+00:00,1652112000000,2022-05-09T16:00:00+00:00,-0.00033334,0.0
2022-05-10 00:00:00+00:00,1652140800000,2022-05-10T00:00:00+00:00,-0.0002359,0.0
2022-05-10 08:00:00.007000+00:00,1652169600007,2022-05-10T08:00:00.007000+00:00,-4.071e-05,0.0
2022-05-10 16:00:00.008000+00:00,1652198400008,2022-05-10T16:00:00.008000+00:00,3.227e-05,0.0
2022-05-11 00:00:00.004000+00:00,1652227200004,2022-05-11T00:00:00.004000+00:00,5.219e-05,0.0
2022-05-11 08:00:00.007000+00:00,1652256000007,2022-05-11T08:00:00.007000+00:00,-0.00019405,0.0
2022-05-11 16:00:00.008000+00:00,1652284800008,2022-05-11T16:00:00.008000+00:00,-0.00025345,0.0
2022-05-12 00:00:00.014000+00:00,1652313600014,2022-05-12T00:00:00.014000+00:00,-0.00032544,0.0
2022-05-12 08:00:00+00:00,1652342400000,2022-05-12T08:00:00+00:00,-0.00137741,0.0
2022-05-12 16:00:00.007000+00:00,1652371200007,2022-05-12T16:00:00.007000+00:00,-0.00034911,0.0
2022-05-13 00:00:00.014000+00:00,1652400000014,2022-05-13T00:00:00.014000+00:00,1.085e-05,0.0
2022-05-13 08:00:00.001000+00:00,1652428800001,2022-05-13T08:00:00.001000+00:00,2.961e-05,0.0
2022-05-13 16:00:00+00:00,1652457600000,2022-05-13T16:00:00+00:00,-6.669e-05,0.0
2022-05-14 00:00:00+00:00,1652486400000,2022-05-14T00:00:00+00:00,0.0001,0.0
2022-05-14 08:00:00+00:00,1652515200000,2022-05-14T08:00:00+00:00,0.0001,0.0
2022-05-14 16:00:00.001000+00:00,1652544000001,2022-05-14T16:00:00.001000+00:00,0.0001,0.0
2022-05-15 00:00:00+00:00,1652572800000,2022-05-15T00:00:00+00:00,-3.949e-05,0.0
2022-05-15 08:00:00+00:00,1652601600000,2022-05-15T08:00:00+00:00,-3.585e-05,0.0
2022-05-15 16:00:00+00:00,1652630400000,2022-05-15T16:00:00+00:00,-9.537e-05,0.0
2022-05-16 00:00:00.021000+00:00,1652659200021,2022-05-16T00:00:00.021000+00:00,-0.00023923,0.0
2022-05-16 08:00:00.013000+00:00,1652688000013,2022-05-16T08:00:00.013000+00:00,-3.73e-05,0.0
2022-05-16 16:00:00.006000+00:00,1652716800006,2022-05-16T16:00:00.006000+00:00,-0.00022001,0.0
2022-05-17 00:00:00+00:00,1652745600000,2022-05-17T00:00:00+00:00,-0.00019239,0.0
2022-05-17 08:00:00.010000+00:00,1652774400010,2022-05-17T08:00:00.010000+00:00,-0.00026515,0.0
2022-05-17 16:00:00.023000+00:00,1652803200023,2022-05-17T16:00:00.023000+00:00,-0.00014724,0.0
2022-05-18 00:00:00.003000+00:00,1652832000003,2022-05-18T00:00:00.003000+00:00,-0.00032057,0.0
2022-05-18 08:00:00.024000+00:00,1652860800024,2022-05-18T08:00:00.024000+00:00,-0.0001854,0.0
2022-05-18 16:00:00.014000+00:00,1652889600014,2022-05-18T16:00:00.014000+00:00,-1.353e-05,0.0
2022-05-19 00:00:00+00:00,1652918400000,2022-05-19T00:00:00+00:00,-0.00022287,0.0
2022-05-19 08:00:00.008000+00:00,1652947200008,2022-05-19T08:00:00.008000+00:00,-0.00031591,0.0
2022-05-19 16:00:00.015000+00:00,1652976000015,2022-05-19T16:00:00.015000+00:00,-0.00012886,0.0
2022-05-20 00:00:00.001000+00:00,1653004800001,2022-05-20T00:00:00.001000+00:00,-8e-05,0.0
2022-05-20 08:00:00.003000+00:00,1653033600003,2022-05-20T08:00:00.003000+00:00,-0.00020398,0.0
2022-05-20 16:00:00.012000+00:00,1653062400012,2022-05-20T16:00:00.012000+00:00,-0.00013755,0.0
2022-05-21 00:00:00.008000+00:00,1653091200008,2022-05-21T00:00:00.008000+00:00,-0.00021714,0.0
2022-05-21 08:00:00.001000+00:00,1653120000001,2022-05-21T08:00:00.001000+00:00,-5.238e-05,0.0
2022-05-21 16:00:00.007000+00:00,1653148800007,2022-05-21T16:00:00.007000+00:00,7.9e-06,0.0
2022-05-22 00:00:00.003000+00:00,1653177600003,2022-05-22T00:00:00.003000+00:00,-4.417e-05,0.0
2022-05-22 08:00:00.016000+00:00,1653206400016,2022-05-22T08:00:00.016000+00:00,-3.354e-05,0.0
2022-05-22 16:00:00+00:00,1653235200000,2022-05-22T16:00:00+00:00,0.0001,0.0
2022-05-23 00:00:00.011000+00:00,1653264000011,2022-05-23T00:00:00.011000+00:00,-7.11e-06,0.0
2022-05-23 08:00:00+00:00,1653292800000,2022-05-23T08:00:00+00:00,-1.47e-06,0.0
2022-05-23 16:00:00.023000+00:00,1653321600023,2022-05-23T16:00:00.023000+00:00,5.647e-05,0.0
2022-05-24 00:00:00.011000+00:00,1653350400011,2022-05-24T00:00:00.011000+00:00,-0.00021269,0.0
2022-05-24 08:00:00+00:00,1653379200000,2022-05-24T08:00:00+00:00,-0.00018711,0.0
2022-05-24 16:00:00.009000+00:00,1653408000009,2022-05-24T16:00:00.009000+00:00,-0.00014164,0.0
2022-05-25 00:00:00.001000+00:00,1653436800001,2022-05-25T00:00:00.001000+00:00,-6.609e-05,0.0
2022-05-25 08:00:00+00:00,1653465600000,2022-05-25T08:00:00+00:00,-1.295e-05,0.0
2022-05-25 16:00:00.015000+00:00,1653494400015,2022-05-25T16:00:00.015000+00:00,-0.00014476,0.0
2022-05-26 00:00:00.005000+00:00,1653523200005,2022-05-26T00:00:00.005000+00:00,-2.226e-05,0.0
2022-05-26 08:00:00.001000+00:00,1653552000001,2022-05-26T08:00:00.001000+00:00,-0.00013186,0.0
2022-05-26 16:00:00+00:00,1653580800000,2022-05-26T16:00:00+00:00,-0.00028423,0.0
2022-05-27 00:00:00.007000+00:00,1653609600007,2022-05-27T00:00:00.007000+00:00,-0.0001079,0.0
2022-05-27 08:00:00.008000+00:00,1653638400008,2022-05-27T08:00:00.008000+00:00,-0.00032217,0.0
2022-05-27 16:00:00+00:00,1653667200000,2022-05-27T16:00:00+00:00,-0.00023193,0.0
2022-05-28 00:00:00.018000+00:00,1653696000018,2022-05-28T00:00:00.018000+00:00,-9.278e-05,0.0
2022-05-28 08:00:00.016000+00:00,1653724800016,2022-05-28T08:00:00.016000+00:00,-0.00020509,0.0
2022-05-28 16:00:00.013000+00:00,1653753600013,2022-05-28T16:00:00.013000+00:00,-0.00012883,0.0
2022-05-29 00:00:00+00:00,1653782400000,2022-05-29T00:00:00+00:00,-0.00020992,0.0
2022-05-29 08:00:00.025000+00:00,1653811200025,2022-05-29T08:00:00.025000+00:00,-0.00025691,0.0
2022-05-29 16:00:00.002000+00:00,1653840000002,2022-05-29T16:00:00.002000+00:00,-9.123e-05,0.0
2022-05-30 00:00:00+00:00,1653868800000,2022-05-30T00:00:00+00:00,-7.823e-05,0.0
2022-05-30 08:00:00.013000+00:00,1653897600013,2022-05-30T08:00:00.013000+00:00,3.289e-05,0.0
2022-05-30 16:00:00.005000+00:00,1653926400005,2022-05-30T16:00:00.005000+00:00,0.0001,0.0
2022-05-31 00:00:00.016000+00:00,1653955200016,2022-05-31T00:00:00.016000+00:00,-8.799e-05,0.0
2022-05-31 08:00:00+00:00,1653984000000,2022-05-31T08:00:00+00:00,0.0001,0.0
2022-05-31 16:00:00+00:00,1654012800000,2022-05-31T16:00:00+00:00,0.0001,0.0
2022-06-01 00:00:00+00:00,1654041600000,2022-06-01T00:00:00+00:00,5.767e-05,0.0
2022-06-01 08:00:00.011000+00:00,1654070400011,2022-06-01T08:00:00.011000+00:00,0.0001,0.0
2022-06-01 16:00:00+00:00,1654099200000,2022-06-01T16:00:00+00:00,0.0001,0.0
2022-06-02 00:00:00+00:00,1654128000000,2022-06-02T00:00:00+00:00,-0.00011104,0.0
2022-06-02 08:00:00.006000+00:00,1654156800006,2022-06-02T08:00:00.006000+00:00,5.194e-05,0.0
2022-06-02 16:00:00.021000+00:00,1654185600021,2022-06-02T16:00:00.021000+00:00,7.89e-06,0.0
2022-06-03 00:00:00.016000+00:00,1654214400016,2022-06-03T00:00:00.016000+00:00,-8.289e-05,0.0
2022-06-03 08:00:00.016000+00:00,1654243200016,2022-06-03T08:00:00.016000+00:00,-4.668e-05,0.0
2022-06-03 16:00:00.012000+00:00,1654272000012,2022-06-03T16:00:00.012000+00:00,-0.00010587,0.0
2022-06-04 00:00:00.005000+00:00,1654300800005,2022-06-04T00:00:00.005000+00:00,-0.00012251,0.0
2022-06-04 08:00:00+00:00,1654329600000,2022-06-04T08:00:00+00:00,7.569e-05,0.0
2022-06-04 16:00:00.007000+00:00,1654358400007,2022-06-04T16:00:00.007000+00:00,-8.324e-05,0.0
2022-06-05 00:00:00.005000+00:00,1654387200005,2022-06-05T00:00:00.005000+00:00,-5.797e-05,0.0
2022-06-05 08:00:00.015000+00:00,1654416000015,2022-06-05T08:00:00.015000+00:00,4.204e-05,0.0
2022-06-05 16:00:00+00:00,1654444800000,2022-06-05T16:00:00+00:00,-0.00011482,0.0
2022-06-06 00:00:00+00:00,1654473600000,2022-06-06T00:00:00+00:00,-0.00012477,0.0
2022-06-06 08:00:00.017000+00:00,1654502400017,2022-06-06T08:00:00.017000+00:00,5.011e-05,0.0
2022-06-06 16:00:00+00:00,1654531200000,2022-06-06T16:00:00+00:00,0.0001,0.0
2022-06-07 00:00:00+00:00,1654560000000,2022-06-07T00:00:00+00:00,-4.793e-05,0.0
2022-06-07 08:00:00.011000+00:00,1654588800011,2022-06-07T08:00:00.011000+00:00,-1.991e-05,0.0
2022-06-07 16:00:00+00:00,1654617600000,2022-06-07T16:00:00+00:00,1.458e-05,0.0
2022-06-08 00:00:00.008000+00:00,1654646400008,2022-06-08T00:00:00.008000+00:00,0.0001,0.0
2022-06-08 08:00:00.020000+00:00,1654675200020,2022-06-08T08:00:00.020000+00:00,0.0001,0.0
2022-06-08 16:00:00.012000+00:00,1654704000012,2022-06-08T16:00:00.012000+00:00,1.328e-05,0.0
2022-06-09 00:00:00+00:00,1654732800000,2022-06-09T00:00:00+00:00,3.217e-05,0.0
2022-06-09 08:00:00+00:00,1654761600000,2022-06-09T08:00:00+00:00,-6.594e-05,0.0
2022-06-09 16:00:00+00:00,1654790400000,2022-06-09T16:00:00+00:00,9.507e-05,0.0
2022-06-10 00:00:00.009000+00:00,1654819200009,2022-06-10T00:00:00.009000+00:00,1.778e-05,0.0
2022-06-10 08:00:00+00:00,1654848000000,2022-06-10T08:00:00+00:00,7.16e-05,0.0
2022-06-10 16:00:00.006000+00:00,1654876800006,2022-06-10T16:00:00.006000+00:00,-0.00012661,0.0
2022-06-11 00:00:00.018000+00:00,1654905600018,2022-06-11T00:00:00.018000+00:00,-0.00027135,0.0
2022-06-11 08:00:00.014000+00:00,1654934400014,2022-06-11T08:00:00.014000+00:00,-0.00028204,0.0
2022-06-11 16:00:00+00:00,1654963200000,2022-06-11T16:00:00+00:00,-0.00017004,0.0
2022-06-12 00:00:00.015000+00:00,1654992000015,2022-06-12T00:00:00.015000+00:00,-0.00020614,0.0
2022-06-12 08:00:00.019000+00:00,1655020800019,2022-06-12T08:00:00.019000+00:00,-0.00028745,0.0
2022-06-12 16:00:00.010000+00:00,1655049600010,2022-06-12T16:00:00.010000+00:00,-0.00018326,0.0
2022-06-13 00:00:00.009000+00:00,1655078400009,2022-06-13T00:00:00.009000+00:00,-0.00012615,0.0
2022-06-13 08:00:00+00:00,1655107200000,2022-06-13T08:00:00+00:00,-0.00055218,0.0
2022-06-13 16:00:00.007000+00:00,1655136000007,2022-06-13T16:00:00.007000+00:00,-0.00049682,0.0
2022-06-14 00:00:00.013000+00:00,1655164800013,2022-06-14T00:00:00.013000+00:00,-0.00019323,0.0
2022-06-14 08:00:00.008000+00:00,1655193600008,2022-06-14T08:00:00.008000+00:00,-9.363e-05,0.0
2022-06-14 16:00:00.006000+00:00,1655222400006,2022-06-14T16:00:00.006000+00:00,-0.00015915,0.0
2022-06-15 00:00:00+00:00,1655251200000,2022-06-15T00:00:00+00:00,1.42e-05,0.0
2022-06-15 08:00:00.016000+00:00,1655280000016,2022-06-15T08:00:00.016000+00:00,-0.00014111,0.0
2022-06-15 16:00:00.008000+00:00,1655308800008,2022-06-15T16:00:00.008000+00:00,-0.00012231,0.0
2022-06-16 00:00:00.009000+00:00,1655337600009,2022-06-16T00:00:00.009000+00:00,-6.442e-05,0.0
2022-06-16 08:00:00.016000+00:00,1655366400016,2022-06-16T08:00:00.016000+00:00,0.0001,0.0
2022-06-16 16:00:00+00:00,1655395200000,2022-06-16T16:00:00+00:00,-0.00018348,0.0
2022-06-17 00:00:00.008000+00:00,1655424000008,2022-06-17T00:00:00.008000+00:00,-2.161e-05,0.0
2022-06-17 08:00:00.003000+00:00,1655452800003,2022-06-17T08:00:00.003000+00:00,5.47e-06,0.0
2022-06-17 16:00:00+00:00,1655481600000,2022-06-17T16:00:00+00:00,-8.08e-06,0.0
2022-06-18 00:00:00.020000+00:00,1655510400020,2022-06-18T00:00:00.020000+00:00,0.0001,0.0
2022-06-18 08:00:00.025000+00:00,1655539200025,2022-06-18T08:00:00.025000+00:00,-9.509e-05,0.0
2022-06-18 16:00:00.014000+00:00,1655568000014,2022-06-18T16:00:00.014000+00:00,6.308e-05,0.0
2022-06-19 00:00:00.012000+00:00,1655596800012,2022-06-19T00:00:00.012000+00:00,-0.00025137,0.0
2022-06-19 08:00:00.012000+00:00,1655625600012,2022-06-19T08:00:00.012000+00:00,5.318e-05,0.0
2022-06-19 16:00:00.008000+00:00,1655654400008,2022-06-19T16:00:00.008000+00:00,0.0001,0.0
2022-06-20 00:00:00.016000+00:00,1655683200016,2022-06-20T00:00:00.016000+00:00,2.269e-05,0.0
2022-06-20 08:00:00+00:00,1655712000000,2022-06-20T08:00:00+00:00,-1.962e-05,0.0
2022-06-20 16:00:00.013000+00:00,1655740800013,2022-06-20T16:00:00.013000+00:00,0.0001,0.0
2022-06-21 00:00:00.012000+00:00,1655769600012,2022-06-21T00:00:00.012000+00:00,0.0001,0.0
2022-06-21 08:00:00.018000+00:00,1655798400018,2022-06-21T08:00:00.018000+00:00,0.0001,0.0
2022-06-21 16:00:00.010000+00:00,1655827200010,2022-06-21T16:00:00.010000+00:00,0.0001,0.0
2022-06-22 00:00:00+00:00,1655856000000,2022-06-22T00:00:00+00:00,-6.715e-05,0.0
2022-06-22 08:00:00.001000+00:00,1655884800001,2022-06-22T08:00:00.001000+00:00,-7.703e-05,0.0
2022-06-22 16:00:00.012000+00:00,1655913600012,2022-06-22T16:00:00.012000+00:00,-9.863e-05,0.0
2022-06-23 00:00:00+00:00,1655942400000,2022-06-23T00:00:00+00:00,-0.00014938,0.0
2022-06-23 08:00:00+00:00,1655971200000,2022-06-23T08:00:00+00:00,-0.00019526,0.0
2022-06-23 16:00:00.016000+00:00,1656000000016,2022-06-23T16:00:00.016000+00:00,-0.00024013,0.0
2022-06-24 00:00:00.005000+00:00,1656028800005,2022-06-24T00:00:00.005000+00:00,-5.276e-05,0.0
2022-06-24 08:00:00.004000+00:00,1656057600004,2022-06-24T08:00:00.004000+00:00,0.0001,0.0
2022-06-24 16:00:00.018000+00:00,1656086400018,2022-06-24T16:00:00.018000+00:00,0.0001,0.0
2022-06-25 00:00:00.001000+00:00,1656115200001,2022-06-25T00:00:00.001000+00:00,0.0001,0.0
2022-06-25 08:00:00.010000+00:00,1656144000010,2022-06-25T08:00:00.010000+00:00,0.0001,0.0
2022-06-25 16:00:00+00:00,1656172800000,2022-06-25T16:00:00+00:00,8.7e-07,0.0
2022-06-26 00:00:00.002000+00:00,1656201600002,2022-06-26T00:00:00.002000+00:00,2.599e-05,0.0
2022-06-26 08:00:00.016000+00:00,1656230400016,2022-06-26T08:00:00.016000+00:00,0.0001,0.0
2022-06-26 16:00:00.006000+00:00,1656259200006,2022-06-26T16:00:00.006000+00:00,0.0001,0.0
2022-06-27 00:00:00.008000+00:00,1656288000008,2022-06-27T00:00:00.008000+00:00,-4.343e-05,0.0
2022-06-27 08:00:00+00:00,1656316800000,2022-06-27T08:00:00+00:00,-7.96e-06,0.0
2022-06-27 16:00:00.016000+00:00,1656345600016,2022-06-27T16:00:00.016000+00:00,1.507e-05,0.0
2022-06-28 00:00:00.016000+00:00,1656374400016,2022-06-28T00:00:00.016000+00:00,-0.00012863,0.0
2022-06-28 08:00:00.001000+00:00,1656403200001,2022-06-28T08:00:00.001000+00:00,-0.00011594,0.0
2022-06-28 16:00:00.005000+00:00,1656432000005,2022-06-28T16:00:00.005000+00:00,4.575e-05,0.0
2022-06-29 00:00:00+00:00,1656460800000,2022-06-29T00:00:00+00:00,-0.00018331,0.0
2022-06-29 08:00:00.013000+00:00,1656489600013,2022-06-29T08:00:00.013000+00:00,-0.00010603,0.0
2022-06-29 16:00:00+00:00,1656518400000,2022-06-29T16:00:00+00:00,3.983e-05,0.0
2022-06-30 00:00:00+00:00,1656547200000,2022-06-30T00:00:00+00:00,-0.00018508,0.0
2022-06-30 08:00:00+00:00,1656576000000,2022-06-30T08:00:00+00:00,-0.00021026,0.0
2022-06-30 16:00:00+00:00,1656604800000,2022-06-30T16:00:00+00:00,-0.00021148,0.0
2022-07-01 00:00:00.001000+00:00,1656633600001,2022-07-01T00:00:00.001000+00:00,-0.00026084,0.0
2022-07-01 08:00:00.017000+00:00,1656662400017,2022-07-01T08:00:00.017000+00:00,-0.00028202,0.0
2022-07-01 16:00:00.005000+00:00,1656691200005,2022-07-01T16:00:00.005000+00:00,-0.00023416,0.0
2022-07-02 00:00:00+00:00,1656720000000,2022-07-02T00:00:00+00:00,-0.00026033,0.0
2022-07-02 08:00:00+00:00,1656748800000,2022-07-02T08:00:00+00:00,-6.469e-05,0.0
2022-07-02 16:00:00.008000+00:00,1656777600008,2022-07-02T16:00:00.008000+00:00,-1.621e-05,0.0
2022-07-03 00:00:00.015000+00:00,1656806400015,2022-07-03T00:00:00.015000+00:00,9.278e-05,0.0
2022-07-03 08:00:00.004000+00:00,1656835200004,2022-07-03T08:00:00.004000+00:00,-8.497e-05,0.0
2022-07-03 16:00:00.005000+00:00,1656864000005,2022-07-03T16:00:00.005000+00:00,-0.00022676,0.0
2022-07-04 00:00:00.021000+00:00,1656892800021,2022-07-04T00:00:00.021000+00:00,0.0001,0.0
2022-07-04 08:00:00.001000+00:00,1656921600001,2022-07-04T08:00:00.001000+00:00,-0.00013275,0.0
2022-07-04 16:00:00+00:00,1656950400000,2022-07-04T16:00:00+00:00,9.211e-05,0.0
2022-07-05 00:00:00+00:00,1656979200000,2022-07-05T00:00:00+00:00,4.273e-05,0.0
2022-07-05 08:00:00+00:00,1657008000000,2022-07-05T08:00:00+00:00,6.285e-05,0.0
2022-07-05 16:00:00.015000+00:00,1657036800015,2022-07-05T16:00:00.015000+00:00,-0.00014703,0.0
2022-07-06 00:00:00.006000+00:00,1657065600006,2022-07-06T00:00:00.006000+00:00,-0.00012538,0.0
2022-07-06 08:00:00+00:00,1657094400000,2022-07-06T08:00:00+00:00,7.074e-05,0.0
2022-07-06 16:00:00+00:00,1657123200000,2022-07-06T16:00:00+00:00,4.64e-06,0.0
2022-07-07 00:00:00.010000+00:00,1657152000010,2022-07-07T00:00:00.010000+00:00,9.609e-05,0.0
2022-07-07 08:00:00.010000+00:00,1657180800010,2022-07-07T08:00:00.010000+00:00,0.0001,0.0
2022-07-07 16:00:00.011000+00:00,1657209600011,2022-07-07T16:00:00.011000+00:00,3.665e-05,0.0
2022-07-08 00:00:00.008000+00:00,1657238400008,2022-07-08T00:00:00.008000+00:00,0.0001,0.0
2022-07-08 08:00:00.009000+00:00,1657267200009,2022-07-08T08:00:00.009000+00:00,0.0001,0.0
2022-07-08 16:00:00+00:00,1657296000000,2022-07-08T16:00:00+00:00,-0.0001249,0.0
2022-07-09 00:00:00+00:00,1657324800000,2022-07-09T00:00:00+00:00,-6.2e-05,0.0
2022-07-09 08:00:00+00:00,1657353600000,2022-07-09T08:00:00+00:00,0.0001,0.0
2022-07-09 16:00:00.009000+00:00,1657382400009,2022-07-09T16:00:00.009000+00:00,0.0001,0.0
2022-07-10 00:00:00.001000+00:00,1657411200001,2022-07-10T00:00:00.001000+00:00,5.476e-05,0.0
2022-07-10 08:00:00.002000+00:00,1657440000002,2022-07-10T08:00:00.002000+00:00,-7.08e-05,0.0
2022-07-10 16:00:00.001000+00:00,1657468800001,2022-07-10T16:00:00.001000+00:00,-8.883e-05,0.0
2022-07-11 00:00:00+00:00,1657497600000,2022-07-11T00:00:00+00:00,-0.00015857,0.0
2022-07-11 08:00:00.003000+00:00,1657526400003,2022-07-11T08:00:00.003000+00:00,-0.00016863,0.0
2022-07-11 16:00:00.001000+00:00,1657555200001,2022-07-11T16:00:00.001000+00:00,-0.00020922,0.0
2022-07-12 00:00:00+00:00,1657584000000,2022-07-12T00:00:00+00:00,-0.00039704,0.0
2022-07-12 08:00:00.021000+00:00,1657612800021,2022-07-12T08:00:00.021000+00:00,-9.928e-05,0.0
2022-07-12 16:00:00+00:00,1657641600000,2022-07-12T16:00:00+00:00,-9.515e-05,0.0
2022-07-13 00:00:00.012000+00:00,1657670400012,2022-07-13T00:00:00.012000+00:00,-0.00021867,0.0
2022-07-13 08:00:00.022000+00:00,1657699200022,2022-07-13T08:00:00.022000+00:00,-0.00019033,0.0
2022-07-13 16:00:00.005000+00:00,1657728000005,2022-07-13T16:00:00.005000+00:00,-0.00022134,0.0
2022-07-14 00:00:00.017000+00:00,1657756800017,2022-07-14T00:00:00.017000+00:00,-0.00023715,0.0
2022-07-14 08:00:00.001000+00:00,1657785600001,2022-07-14T08:00:00.001000+00:00,3.354e-05,0.0
2022-07-14 16:00:00+00:00,1657814400000,2022-07-14T16:00:00+00:00,-0.00024232,0.0
2022-07-15 00:00:00.004000+00:00,1657843200004,2022-07-15T00:00:00.004000+00:00,2.909e-05,0.0
2022-07-15 08:00:00.019000+00:00,1657872000019,2022-07-15T08:00:00.019000+00:00,2.945e-05,0.0
2022-07-15 16:00:00.017000+00:00,1657900800017,2022-07-15T16:00:00.017000+00:00,-9.557e-05,0.0
2022-07-16 00:00:00.021000+00:00,1657929600021,2022-07-16T00:00:00.021000+00:00,3.666e-05,0.0
2022-07-16 08:00:00.014000+00:00,1657958400014,2022-07-16T08:00:00.014000+00:00,1.56e-05,0.0
2022-07-16 16:00:00.005000+00:00,1657987200005,2022-07-16T16:00:00.005000+00:00,-4.575e-05,0.0
2022-07-17 00:00:00+00:00,1658016000000,2022-07-17T00:00:00+00:00,0.0001,0.0
2022-07-17 08:00:00.003000+00:00,1658044800003,2022-07-17T08:00:00.003000+00:00,0.0001,0.0
2022-07-17 16:00:00.007000+00:00,1658073600007,2022-07-17T16:00:00.007000+00:00,-8.731e-05,0.0
2022-07-18 00:00:00.001000+00:00,1658102400001,2022-07-18T00:00:00.001000+00:00,1.881e-05,0.0
2022-07-18 08:00:00.004000+00:00,1658131200004,2022-07-18T08:00:00.004000+00:00,0.0001,0.0
2022-07-18 16:00:00.019000+00:00,1658160000019,2022-07-18T16:00:00.019000+00:00,0.0001,0.0
2022-07-19 00:00:00+00:00,1658188800000,2022-07-19T00:00:00+00:00,0.0001,0.0
2022-07-19 08:00:00+00:00,1658217600000,2022-07-19T08:00:00+00:00,0.0001,0.0
2022-07-19 16:00:00.001000+00:00,1658246400001,2022-07-19T16:00:00.001000+00:00,0.0001,0.0
2022-07-20 00:00:00.004000+00:00,1658275200004,2022-07-20T00:00:00.004000+00:00,0.0001,0.0
2022-07-20 08:00:00+00:00,1658304000000,2022-07-20T08:00:00+00:00,0.0001,0.0
2022-07-20 16:00:00.003000+00:00,1658332800003,2022-07-20T16:00:00.003000+00:00,0.0001,0.0
2022-07-21 00:00:00+00:00,1658361600000,2022-07-21T00:00:00+00:00,0.0001,0.0
2022-07-21 08:00:00.018000+00:00,1658390400018,2022-07-21T08:00:00.018000+00:00,0.0001,0.0
2022-07-21 16:00:00.011000+00:00,1658419200011,2022-07-21T16:00:00.011000+00:00,0.0001,0.0
2022-07-22 00:00:00.014000+00:00,1658448000014,2022-07-22T00:00:00.014000+00:00,0.0001,0.0
2022-07-22 08:00:00+00:00,1658476800000,2022-07-22T08:00:00+00:00,0.0001,0.0
2022-07-22 16:00:00+00:00,1658505600000,2022-07-22T16:00:00+00:00,9.392e-05,0.0
2022-07-23 00:00:00.004000+00:00,1658534400004,2022-07-23T00:00:00.004000+00:00,0.0001,0.0
2022-07-23 08:00:00.002000+00:00,1658563200002,2022-07-23T08:00:00.002000+00:00,0.0001,0.0
2022-07-23 16:00:00.001000+00:00,1658592000001,2022-07-23T16:00:00.001000+00:00,0.0001,0.0
2022-07-24 00:00:00+00:00,1658620800000,2022-07-24T00:00:00+00:00,0.0001,0.0
2022-07-24 08:00:00.011000+00:00,1658649600011,2022-07-24T08:00:00.011000+00:00,0.0001,0.0
2022-07-24 16:00:00+00:00,1658678400000,2022-07-24T16:00:00+00:00,0.0001,0.0
2022-07-25 00:00:00+00:00,1658707200000,2022-07-25T00:00:00+00:00,0.0001,0.0
2022-07-25 08:00:00.014000+00:00,1658736000014,2022-07-25T08:00:00.014000+00:00,6.718e-05,0.0
2022-07-25 16:00:00.006000+00:00,1658764800006,2022-07-25T16:00:00.006000+00:00,9.007e-05,0.0
2022-07-26 00:00:00.010000+00:00,1658793600010,2022-07-26T00:00:00.010000+00:00,0.0001,0.0
2022-07-26 08:00:00+00:00,1658822400000,2022-07-26T08:00:00+00:00,-6.031e-05,0.0
2022-07-26 16:00:00+00:00,1658851200000,2022-07-26T16:00:00+00:00,6.851e-05,0.0
2022-07-27 00:00:00.008000+00:00,1658880000008,2022-07-27T00:00:00.008000+00:00,-1.257e-05,0.0
2022-07-27 08:00:00+00:00,1658908800000,2022-07-27T08:00:00+00:00,2.28e-05,0.0
2022-07-27 16:00:00.003000+00:00,1658937600003,2022-07-27T16:00:00.003000+00:00,4.19e-06,0.0
2022-07-28 00:00:00.009000+00:00,1658966400009,2022-07-28T00:00:00.009000+00:00,0.0001,0.0
2022-07-28 08:00:00.008000+00:00,1658995200008,2022-07-28T08:00:00.008000+00:00,0.0001,0.0
2022-07-28 16:00:00.013000+00:00,1659024000013,2022-07-28T16:00:00.013000+00:00,0.0001,0.0
2022-07-29 00:00:00+00:00,1659052800000,2022-07-29T00:00:00+00:00,0.0001,0.0
2022-07-29 08:00:00+00:00,1659081600000,2022-07-29T08:00:00+00:00,0.0001,0.0
2022-07-29 16:00:00+00:00,1659110400000,2022-07-29T16:00:00+00:00,0.0001,0.0
2022-07-30 00:00:00.005000+00:00,1659139200005,2022-07-30T00:00:00.005000+00:00,0.0001,0.0
2022-07-30 08:00:00.009000+00:00,1659168000009,2022-07-30T08:00:00.009000+00:00,0.0001,0.0
2022-07-30 16:00:00+00:00,1659196800000,2022-07-30T16:00:00+00:00,0.0001,0.0
2022-07-31 00:00:00.022000+00:00,1659225600022,2022-07-31T00:00:00.022000+00:00,0.0001,0.0
2022-07-31 08:00:00.011000+00:00,1659254400011,2022-07-31T08:00:00.011000+00:00,0.0001,0.0
2022-07-31 16:00:00.019000+00:00,1659283200019,2022-07-31T16:00:00.019000+00:00,0.0001,0.0
2022-08-01 00:00:00.010000+00:00,1659312000010,2022-08-01T00:00:00.010000+00:00,0.0001,0.0
2022-08-01 08:00:00.019000+00:00,1659340800019,2022-08-01T08:00:00.019000+00:00,0.0001,0.0
2022-08-01 16:00:00.017000+00:00,1659369600017,2022-08-01T16:00:00.017000+00:00,0.0001,0.0
2022-08-02 00:00:00+00:00,1659398400000,2022-08-02T00:00:00+00:00,9.582e-05,0.0
2022-08-02 08:00:00.007000+00:00,1659427200007,2022-08-02T08:00:00.007000+00:00,5.03e-05,0.0
2022-08-02 16:00:00.014000+00:00,1659456000014,2022-08-02T16:00:00.014000+00:00,4.036e-05,0.0
2022-08-03 00:00:00.001000+00:00,1659484800001,2022-08-03T00:00:00.001000+00:00,9.779e-05,0.0
2022-08-03 08:00:00.020000+00:00,1659513600020,2022-08-03T08:00:00.020000+00:00,0.0001,0.0
2022-08-03 16:00:00.008000+00:00,1659542400008,2022-08-03T16:00:00.008000+00:00,0.0001,0.0
2022-08-04 00:00:00.001000+00:00,1659571200001,2022-08-04T00:00:00.001000+00:00,3.296e-05,0.0
2022-08-04 08:00:00.009000+00:00,1659600000009,2022-08-04T08:00:00.009000+00:00,9.755e-05,0.0
2022-08-04 16:00:00.015000+00:00,1659628800015,2022-08-04T16:00:00.015000+00:00,7.509e-05,0.0
2022-08-05 00:00:00.005000+00:00,1659657600005,2022-08-05T00:00:00.005000+00:00,4.37e-05,0.0
2022-08-05 08:00:00+00:00,1659686400000,2022-08-05T08:00:00+00:00,0.0001,0.0
2022-08-05 16:00:00+00:00,1659715200000,2022-08-05T16:00:00+00:00,0.0001,0.0
2022-08-06 00:00:00.021000+00:00,1659744000021,2022-08-06T00:00:00.021000+00:00,0.0001,0.0
2022-08-06 08:00:00+00:00,1659772800000,2022-08-06T08:00:00+00:00,0.0001,0.0
2022-08-06 16:00:00.015000+00:00,1659801600015,2022-08-06T16:00:00.015000+00:00,0.0001,0.0
2022-08-07 00:00:00.013000+00:00,1659830400013,2022-08-07T00:00:00.013000+00:00,0.0001,0.0
2022-08-07 08:00:00+00:00,1659859200000,2022-08-07T08:00:00+00:00,0.0001,0.0
2022-08-07 16:00:00.014000+00:00,1659888000014,2022-08-07T16:00:00.014000+00:00,0.0001,0.0
2022-08-08 00:00:00.009000+00:00,1659916800009,2022-08-08T00:00:00.009000+00:00,0.0001,0.0
2022-08-08 08:00:00.006000+00:00,1659945600006,2022-08-08T08:00:00.006000+00:00,0.0001,0.0
2022-08-08 16:00:00+00:00,1659974400000,2022-08-08T16:00:00+00:00,0.0001,0.0
2022-08-09 00:00:00.020000+00:00,1660003200020,2022-08-09T00:00:00.020000+00:00,6.439e-05,0.0
2022-08-09 08:00:00+00:00,1660032000000,2022-08-09T08:00:00+00:00,0.0001,0.0
2022-08-09 16:00:00+00:00,1660060800000,2022-08-09T16:00:00+00:00,9.49e-06,0.0
2022-08-10 00:00:00+00:00,1660089600000,2022-08-10T00:00:00+00:00,-6.855e-05,0.0
2022-08-10 08:00:00.016000+00:00,1660118400016,2022-08-10T08:00:00.016000+00:00,3.811e-05,0.0
2022-08-10 16:00:00.018000+00:00,1660147200018,2022-08-10T16:00:00.018000+00:00,0.0001,0.0
2022-08-11 00:00:00.012000+00:00,1660176000012,2022-08-11T00:00:00.012000+00:00,0.0001,0.0
2022-08-11 08:00:00+00:00,1660204800000,2022-08-11T08:00:00+00:00,0.0001,0.0
2022-08-11 16:00:00+00:00,1660233600000,2022-08-11T16:00:00+00:00,0.0001,0.0
2022-08-12 00:00:00.006000+00:00,1660262400006,2022-08-12T00:00:00.006000+00:00,0.0001,0.0
2022-08-12 08:00:00+00:00,1660291200000,2022-08-12T08:00:00+00:00,0.0001,0.0
2022-08-12 16:00:00.005000+00:00,1660320000005,2022-08-12T16:00:00.005000+00:00,8.649e-05,0.0
2022-08-13 00:00:00.012000+00:00,1660348800012,2022-08-13T00:00:00.012000+00:00,0.0001,0.0
2022-08-13 08:00:00.006000+00:00,1660377600006,2022-08-13T08:00:00.006000+00:00,0.0001,0.0
2022-08-13 16:00:00.018000+00:00,1660406400018,2022-08-13T16:00:00.018000+00:00,0.0001,0.0
2022-08-14 00:00:00+00:00,1660435200000,2022-08-14T00:00:00+00:00,0.0001,0.0
2022-08-14 08:00:00+00:00,1660464000000,2022-08-14T08:00:00+00:00,0.0001,0.0
2022-08-14 16:00:00+00:00,1660492800000,2022-08-14T16:00:00+00:00,0.0001,0.0
2022-08-15 00:00:00.010000+00:00,1660521600010,2022-08-15T00:00:00.010000+00:00,2.765e-05,0.0
2022-08-15 08:00:00.002000+00:00,1660550400002,2022-08-15T08:00:00.002000+00:00,5.777e-05,0.0
2022-08-15 16:00:00.010000+00:00,1660579200010,2022-08-15T16:00:00.010000+00:00,1.052e-05,0.0
2022-08-16 00:00:00.010000+00:00,1660608000010,2022-08-16T00:00:00.010000+00:00,3.882e-05,0.0
2022-08-16 08:00:00.002000+00:00,1660636800002,2022-08-16T08:00:00.002000+00:00,5.571e-05,0.0
2022-08-16 16:00:00+00:00,1660665600000,2022-08-16T16:00:00+00:00,3.904e-05,0.0
2022-08-17 00:00:00.020000+00:00,1660694400020,2022-08-17T00:00:00.020000+00:00,0.0001,0.0
2022-08-17 08:00:00.016000+00:00,1660723200016,2022-08-17T08:00:00.016000+00:00,0.0001,0.0
2022-08-17 16:00:00.001000+00:00,1660752000001,2022-08-17T16:00:00.001000+00:00,0.0001,0.0
2022-08-18 00:00:00.005000+00:00,1660780800005,2022-08-18T00:00:00.005000+00:00,-7.29e-06,0.0
2022-08-18 08:00:00.012000+00:00,1660809600012,2022-08-18T08:00:00.012000+00:00,9.276e-05,0.0
2022-08-18 16:00:00.013000+00:00,1660838400013,2022-08-18T16:00:00.013000+00:00,7.183e-05,0.0
2022-08-19 00:00:00+00:00,1660867200000,2022-08-19T00:00:00+00:00,-5.011e-05,0.0
2022-08-19 08:00:00+00:00,1660896000000,2022-08-19T08:00:00+00:00,-0.00020918,0.0
2022-08-19 16:00:00.009000+00:00,1660924800009,2022-08-19T16:00:00.009000+00:00,-0.00015977,0.0
2022-08-20 00:00:00+00:00,1660953600000,2022-08-20T00:00:00+00:00,-9.092e-05,0.0
2022-08-20 08:00:00.005000+00:00,1660982400005,2022-08-20T08:00:00.005000+00:00,-0.00015476,0.0
2022-08-20 16:00:00+00:00,1661011200000,2022-08-20T16:00:00+00:00,-0.00020039,0.0
2022-08-21 00:00:00.010000+00:00,1661040000010,2022-08-21T00:00:00.010000+00:00,-0.00032289,0.0
2022-08-21 08:00:00.013000+00:00,1661068800013,2022-08-21T08:00:00.013000+00:00,-0.00031285,0.0
2022-08-21 16:00:00+00:00,1661097600000,2022-08-21T16:00:00+00:00,-0.00027278,0.0
2022-08-22 00:00:00.011000+00:00,1661126400011,2022-08-22T00:00:00.011000+00:00,-0.00039754,0.0
2022-08-22 08:00:00.005000+00:00,1661155200005,2022-08-22T08:00:00.005000+00:00,-0.00012955,0.0
2022-08-22 16:00:00.005000+00:00,1661184000005,2022-08-22T16:00:00.005000+00:00,-0.0001702,0.0
2022-08-23 00:00:00+00:00,1661212800000,2022-08-23T00:00:00+00:00,-0.00011902,0.0
2022-08-23 08:00:00.021000+00:00,1661241600021,2022-08-23T08:00:00.021000+00:00,-0.00015977,0.0
2022-08-23 16:00:00.005000+00:00,1661270400005,2022-08-23T16:00:00.005000+00:00,-9.93e-05,0.0
2022-08-24 00:00:00.017000+00:00,1661299200017,2022-08-24T00:00:00.017000+00:00,-0.0002229,0.0
2022-08-24 08:00:00.021000+00:00,1661328000021,2022-08-24T08:00:00.021000+00:00,-0.00019196,0.0
2022-08-24 16:00:00+00:00,1661356800000,2022-08-24T16:00:00+00:00,-0.00012212,0.0
2022-08-25 00:00:00.003000+00:00,1661385600003,2022-08-25T00:00:00.003000+00:00,-0.00021561,0.0
2022-08-25 08:00:00+00:00,1661414400000,2022-08-25T08:00:00+00:00,-0.00012887,0.0
2022-08-25 16:00:00.004000+00:00,1661443200004,2022-08-25T16:00:00.004000+00:00,-5.563e-05,0.0
2022-08-26 00:00:00.001000+00:00,1661472000001,2022-08-26T00:00:00.001000+00:00,5.682e-05,0.0
2022-08-26 08:00:00.004000+00:00,1661500800004,2022-08-26T08:00:00.004000+00:00,4.165e-05,0.0
2022-08-26 16:00:00+00:00,1661529600000,2022-08-26T16:00:00+00:00,-8.905e-05,0.0
2022-08-27 00:00:00.010000+00:00,1661558400010,2022-08-27T00:00:00.010000+00:00,-0.00023951,0.0
2022-08-27 08:00:00.007000+00:00,1661587200007,2022-08-27T08:00:00.007000+00:00,-0.00037962,0.0
2022-08-27 16:00:00.008000+00:00,1661616000008,2022-08-27T16:00:00.008000+00:00,-0.00021229,0.0
2022-08-28 00:00:00.019000+00:00,1661644800019,2022-08-28T00:00:00.019000+00:00,-0.0001755,0.0
2022-08-28 08:00:00+00:00,1661673600000,2022-08-28T08:00:00+00:00,-0.00016561,0.0
2022-08-28 16:00:00+00:00,1661702400000,2022-08-28T16:00:00+00:00,-7.197e-05,0.0
2022-08-29 00:00:00+00:00,1661731200000,2022-08-29T00:00:00+00:00,-2.886e-05,0.0
2022-08-29 08:00:00+00:00,1661760000000,2022-08-29T08:00:00+00:00,-0.00018811,0.0
2022-08-29 16:00:00.001000+00:00,1661788800001,2022-08-29T16:00:00.001000+00:00,-0.00014003,0.0
2022-08-30 00:00:00.001000+00:00,1661817600001,2022-08-30T00:00:00.001000+00:00,-1.579e-05,0.0
2022-08-30 08:00:00.005000+00:00,1661846400005,2022-08-30T08:00:00.005000+00:00,-0.00010595,0.0
2022-08-30 16:00:00.010000+00:00,1661875200010,2022-08-30T16:00:00.010000+00:00,-7.833e-05,0.0
2022-08-31 00:00:00+00:00,1661904000000,2022-08-31T00:00:00+00:00,-6.98e-06,0.0
2022-08-31 08:00:00.005000+00:00,1661932800005,2022-08-31T08:00:00.005000+00:00,5.806e-05,0.0
2022-08-31 16:00:00.013000+00:00,1661961600013,2022-08-31T16:00:00.013000+00:00,3.145e-05,0.0
2022-09-01 00:00:00.012000+00:00,1661990400012,2022-09-01T00:00:00.012000+00:00,3.79e-05,0.0
2022-09-01 08:00:00+00:00,1662019200000,2022-09-01T08:00:00+00:00,-2.772e-05,0.0
2022-09-01 16:00:00.013000+00:00,1662048000013,2022-09-01T16:00:00.013000+00:00,-0.00011925,0.0
2022-09-02 00:00:00.002000+00:00,1662076800002,2022-09-02T00:00:00.002000+00:00,4.475e-05,0.0
2022-09-02 08:00:00.013000+00:00,1662105600013,2022-09-02T08:00:00.013000+00:00,8.764e-05,0.0
2022-09-02 16:00:00+00:00,1662134400000,2022-09-02T16:00:00+00:00,4.491e-05,0.0
2022-09-03 00:00:00+00:00,1662163200000,2022-09-03T00:00:00+00:00,-5.139e-05,0.0
2022-09-03 08:00:00.002000+00:00,1662192000002,2022-09-03T08:00:00.002000+00:00,0.0001,0.0
2022-09-03 16:00:00.007000+00:00,1662220800007,2022-09-03T16:00:00.007000+00:00,3.015e-05,0.0
2022-09-04 00:00:00.008000+00:00,1662249600008,2022-09-04T00:00:00.008000+00:00,6.556e-05,0.0
2022-09-04 08:00:00.009000+00:00,1662278400009,2022-09-04T08:00:00.009000+00:00,-0.00019245,0.0
2022-09-04 16:00:00+00:00,1662307200000,2022-09-04T16:00:00+00:00,-8.591e-05,0.0
2022-09-05 00:00:00.015000+00:00,1662336000015,2022-09-05T00:00:00.015000+00:00,2.991e-05,0.0
2022-09-05 08:00:00.013000+00:00,1662364800013,2022-09-05T08:00:00.013000+00:00,0.0001,0.0
2022-09-05 16:00:00.007000+00:00,1662393600007,2022-09-05T16:00:00.007000+00:00,2.965e-05,0.0
2022-09-06 00:00:00.018000+00:00,1662422400018,2022-09-06T00:00:00.018000+00:00,0.0001,0.0
2022-09-06 08:00:00.020000+00:00,1662451200020,2022-09-06T08:00:00.020000+00:00,0.0001,0.0
2022-09-06 16:00:00.028000+00:00,1662480000028,2022-09-06T16:00:00.028000+00:00,9.178e-05,0.0
2022-09-07 00:00:00.013000+00:00,1662508800013,2022-09-07T00:00:00.013000+00:00,-0.00011261,0.0
2022-09-07 08:00:00.022000+00:00,1662537600022,2022-09-07T08:00:00.022000+00:00,-7.345e-05,0.0
2022-09-07 16:00:00.021000+00:00,1662566400021,2022-09-07T16:00:00.021000+00:00,2.805e-05,0.0
2022-09-08 00:00:00.010000+00:00,1662595200010,2022-09-08T00:00:00.010000+00:00,-8.19e-05,0.0
2022-09-08 08:00:00+00:00,1662624000000,2022-09-08T08:00:00+00:00,9.06e-05,0.0
2022-09-08 16:00:00.003000+00:00,1662652800003,2022-09-08T16:00:00.003000+00:00,-2.557e-05,0.0
2022-09-09 00:00:00.011000+00:00,1662681600011,2022-09-09T00:00:00.011000+00:00,0.0001,0.0
2022-09-09 08:00:00+00:00,1662710400000,2022-09-09T08:00:00+00:00,9.067e-05,0.0
2022-09-09 16:00:00+00:00,1662739200000,2022-09-09T16:00:00+00:00,0.0001,0.0
2022-09-10 00:00:00.003000+00:00,1662768000003,2022-09-10T00:00:00.003000+00:00,8.945e-05,0.0
2022-09-10 08:00:00+00:00,1662796800000,2022-09-10T08:00:00+00:00,0.0001,0.0
2022-09-10 16:00:00.012000+00:00,1662825600012,2022-09-10T16:00:00.012000+00:00,0.0001,0.0
2022-09-11 00:00:00.009000+00:00,1662854400009,2022-09-11T00:00:00.009000+00:00,7.38e-05,0.0
2022-09-11 08:00:00.012000+00:00,1662883200012,2022-09-11T08:00:00.012000+00:00,0.0001,0.0
2022-09-11 16:00:00.005000+00:00,1662912000005,2022-09-11T16:00:00.005000+00:00,5.813e-05,0.0
2022-09-12 00:00:00.007000+00:00,1662940800007,2022-09-12T00:00:00.007000+00:00,3.877e-05,0.0
2022-09-12 08:00:00.013000+00:00,1662969600013,2022-09-12T08:00:00.013000+00:00,1.593e-05,0.0
2022-09-12 16:00:00+00:00,1662998400000,2022-09-12T16:00:00+00:00,0.0001,0.0
2022-09-13 00:00:00.004000+00:00,1663027200004,2022-09-13T00:00:00.004000+00:00,0.0001,0.0
2022-09-13 08:00:00+00:00,1663056000000,2022-09-13T08:00:00+00:00,6.546e-05,0.0
2022-09-13 16:00:00+00:00,1663084800000,2022-09-13T16:00:00+00:00,-5.473e-05,0.0
2022-09-14 00:00:00+00:00,1663113600000,2022-09-14T00:00:00+00:00,-0.00021734,0.0
2022-09-14 08:00:00+00:00,1663142400000,2022-09-14T08:00:00+00:00,-0.00011346,0.0
2022-09-14 16:00:00+00:00,1663171200000,2022-09-14T16:00:00+00:00,-7.662e-05,0.0
2022-09-15 00:00:00.019000+00:00,1663200000019,2022-09-15T00:00:00.019000+00:00,-6.477e-05,0.0
2022-09-15 08:00:00.012000+00:00,1663228800012,2022-09-15T08:00:00.012000+00:00,-8.358e-05,0.0
2022-09-15 16:00:00.007000+00:00,1663257600007,2022-09-15T16:00:00.007000+00:00,-0.00010208,0.0
2022-09-16 00:00:00+00:00,1663286400000,2022-09-16T00:00:00+00:00,-5.8e-05,0.0
2022-09-16 08:00:00+00:00,1663315200000,2022-09-16T08:00:00+00:00,-5.32e-06,0.0
2022-09-16 16:00:00+00:00,1663344000000,2022-09-16T16:00:00+00:00,-7.635e-05,0.0
2022-09-17 00:00:00+00:00,1663372800000,2022-09-17T00:00:00+00:00,-0.00012978,0.0
2022-09-17 08:00:00.012000+00:00,1663401600012,2022-09-17T08:00:00.012000+00:00,4.446e-05,0.0
2022-09-17 16:00:00.017000+00:00,1663430400017,2022-09-17T16:00:00.017000+00:00,4.05e-06,0.0
2022-09-18 00:00:00+00:00,1663459200000,2022-09-18T00:00:00+00:00,-4.772e-05,0.0
2022-09-18 08:00:00.004000+00:00,1663488000004,2022-09-18T08:00:00.004000+00:00,0.0001,0.0
2022-09-18 16:00:00+00:00,1663516800000,2022-09-18T16:00:00+00:00,8.989e-05,0.0
2022-09-19 00:00:00.018000+00:00,1663545600018,2022-09-19T00:00:00.018000+00:00,-4.408e-05,0.0
2022-09-19 08:00:00.006000+00:00,1663574400006,2022-09-19T08:00:00.006000+00:00,-7.436e-05,0.0
2022-09-19 16:00:00.010000+00:00,1663603200010,2022-09-19T16:00:00.010000+00:00,-0.00011464,0.0
2022-09-20 00:00:00.007000+00:00,1663632000007,2022-09-20T00:00:00.007000+00:00,-2.41e-05,0.0
2022-09-20 08:00:00.001000+00:00,1663660800001,2022-09-20T08:00:00.001000+00:00,1.14e-06,0.0
2022-09-20 16:00:00+00:00,1663689600000,2022-09-20T16:00:00+00:00,1.729e-05,0.0
2022-09-21 00:00:00.001000+00:00,1663718400001,2022-09-21T00:00:00.001000+00:00,1.371e-05,0.0
2022-09-21 08:00:00.005000+00:00,1663747200005,2022-09-21T08:00:00.005000+00:00,-1.344e-05,0.0
2022-09-21 16:00:00+00:00,1663776000000,2022-09-21T16:00:00+00:00,5.401e-05,0.0
2022-09-22 00:00:00+00:00,1663804800000,2022-09-22T00:00:00+00:00,-0.0004027,0.0
2022-09-22 08:00:00+00:00,1663833600000,2022-09-22T08:00:00+00:00,-0.00018698,0.0
2022-09-22 16:00:00.011000+00:00,1663862400011,2022-09-22T16:00:00.011000+00:00,8.07e-06,0.0
2022-09-23 00:00:00.023000+00:00,1663891200023,2022-09-23T00:00:00.023000+00:00,3.954e-05,0.0
2022-09-23 08:00:00.004000+00:00,1663920000004,2022-09-23T08:00:00.004000+00:00,0.0001,0.0
2022-09-23 16:00:00.005000+00:00,1663948800005,2022-09-23T16:00:00.005000+00:00,4.371e-05,0.0
2022-09-24 00:00:00+00:00,1663977600000,2022-09-24T00:00:00+00:00,6.018e-05,0.0
2022-09-24 08:00:00.005000+00:00,1664006400005,2022-09-24T08:00:00.005000+00:00,0.0001,0.0
2022-09-24 16:00:00+00:00,1664035200000,2022-09-24T16:00:00+00:00,0.0001,0.0
2022-09-25 00:00:00.010000+00:00,1664064000010,2022-09-25T00:00:00.010000+00:00,3.299e-05,0.0
2022-09-25 08:00:00+00:00,1664092800000,2022-09-25T08:00:00+00:00,5.573e-05,0.0
2022-09-25 16:00:00.003000+00:00,1664121600003,2022-09-25T16:00:00.003000+00:00,9.656e-05,0.0
2022-09-26 00:00:00.001000+00:00,1664150400001,2022-09-26T00:00:00.001000+00:00,-3.638e-05,0.0
2022-09-26 08:00:00.006000+00:00,1664179200006,2022-09-26T08:00:00.006000+00:00,-4.38e-05,0.0
2022-09-26 16:00:00+00:00,1664208000000,2022-09-26T16:00:00+00:00,-4.636e-05,0.0
2022-09-27 00:00:00.026000+00:00,1664236800026,2022-09-27T00:00:00.026000+00:00,5.963e-05,0.0
2022-09-27 08:00:00.004000+00:00,1664265600004,2022-09-27T08:00:00.004000+00:00,7.375e-05,0.0
2022-09-27 16:00:00.006000+00:00,1664294400006,2022-09-27T16:00:00.006000+00:00,5.2e-05,0.0
2022-09-28 00:00:00.011000+00:00,1664323200011,2022-09-28T00:00:00.011000+00:00,-0.00010471,0.0
2022-09-28 08:00:00+00:00,1664352000000,2022-09-28T08:00:00+00:00,-0.00012237,0.0
2022-09-28 16:00:00+00:00,1664380800000,2022-09-28T16:00:00+00:00,-2.902e-05,0.0
2022-09-29 00:00:00.010000+00:00,1664409600010,2022-09-29T00:00:00.010000+00:00,-1.125e-05,0.0
2022-09-29 08:00:00+00:00,1664438400000,2022-09-29T08:00:00+00:00,2.447e-05,0.0
2022-09-29 16:00:00+00:00,1664467200000,2022-09-29T16:00:00+00:00,9.321e-05,0.0
2022-09-30 00:00:00.006000+00:00,1664496000006,2022-09-30T00:00:00.006000+00:00,0.0001,0.0
2022-09-30 08:00:00.002000+00:00,1664524800002,2022-09-30T08:00:00.002000+00:00,0.0001,0.0
2022-09-30 16:00:00.007000+00:00,1664553600007,2022-09-30T16:00:00.007000+00:00,8.474e-05,0.0
2022-10-01 00:00:00.008000+00:00,1664582400008,2022-10-01T00:00:00.008000+00:00,7.636e-05,0.0
2022-10-01 08:00:00.011000+00:00,1664611200011,2022-10-01T08:00:00.011000+00:00,0.0001,0.0
2022-10-01 16:00:00+00:00,1664640000000,2022-10-01T16:00:00+00:00,0.0001,0.0
2022-10-02 00:00:00+00:00,1664668800000,2022-10-02T00:00:00+00:00,-1.865e-05,0.0
2022-10-02 08:00:00+00:00,1664697600000,2022-10-02T08:00:00+00:00,8.345e-05,0.0
2022-10-02 16:00:00.006000+00:00,1664726400006,2022-10-02T16:00:00.006000+00:00,-5.648e-05,0.0
2022-10-03 00:00:00+00:00,1664755200000,2022-10-03T00:00:00+00:00,-6.57e-06,0.0
2022-10-03 08:00:00.014000+00:00,1664784000014,2022-10-03T08:00:00.014000+00:00,0.0001,0.0
2022-10-03 16:00:00.010000+00:00,1664812800010,2022-10-03T16:00:00.010000+00:00,8.887e-05,0.0
2022-10-04 00:00:00.006000+00:00,1664841600006,2022-10-04T00:00:00.006000+00:00,0.0001,0.0
2022-10-04 08:00:00.004000+00:00,1664870400004,2022-10-04T08:00:00.004000+00:00,4.411e-05,0.0
2022-10-04 16:00:00.013000+00:00,1664899200013,2022-10-04T16:00:00.013000+00:00,6.778e-05,0.0
2022-10-05 00:00:00+00:00,1664928000000,2022-10-05T00:00:00+00:00,7.802e-05,0.0
2022-10-05 08:00:00+00:00,1664956800000,2022-10-05T08:00:00+00:00,6.072e-05,0.0
2022-10-05 16:00:00.012000+00:00,1664985600012,2022-10-05T16:00:00.012000+00:00,-3.296e-05,0.0
2022-10-06 00:00:00.008000+00:00,1665014400008,2022-10-06T00:00:00.008000+00:00,2.119e-05,0.0
2022-10-06 08:00:00.002000+00:00,1665043200002,2022-10-06T08:00:00.002000+00:00,0.0001,0.0
2022-10-06 16:00:00.006000+00:00,1665072000006,2022-10-06T16:00:00.006000+00:00,1.498e-05,0.0
2022-10-07 00:00:00+00:00,1665100800000,2022-10-07T00:00:00+00:00,1.781e-05,0.0
2022-10-07 08:00:00+00:00,1665129600000,2022-10-07T08:00:00+00:00,0.0001,0.0
2022-10-07 16:00:00.007000+00:00,1665158400007,2022-10-07T16:00:00.007000+00:00,-4.301e-05,0.0
2022-10-08 00:00:00.010000+00:00,1665187200010,2022-10-08T00:00:00.010000+00:00,0.0001,0.0
2022-10-08 08:00:00.004000+00:00,1665216000004,2022-10-08T08:00:00.004000+00:00,0.0001,0.0
2022-10-08 16:00:00.018000+00:00,1665244800018,2022-10-08T16:00:00.018000+00:00,0.0001,0.0
2022-10-09 00:00:00+00:00,1665273600000,2022-10-09T00:00:00+00:00,2.946e-05,0.0
2022-10-09 08:00:00.007000+00:00,1665302400007,2022-10-09T08:00:00.007000+00:00,0.0001,0.0
2022-10-09 16:00:00.011000+00:00,1665331200011,2022-10-09T16:00:00.011000+00:00,0.0001,0.0
2022-10-10 00:00:00.018000+00:00,1665360000018,2022-10-10T00:00:00.018000+00:00,7.794e-05,0.0
2022-10-10 08:00:00+00:00,1665388800000,2022-10-10T08:00:00+00:00,0.0001,0.0
2022-10-10 16:00:00.026000+00:00,1665417600026,2022-10-10T16:00:00.026000+00:00,1.146e-05,0.0
2022-10-11 00:00:00.020000+00:00,1665446400020,2022-10-11T00:00:00.020000+00:00,-9.319e-05,0.0
2022-10-11 08:00:00.027000+00:00,1665475200027,2022-10-11T08:00:00.027000+00:00,-0.00018154,0.0
2022-10-11 16:00:00+00:00,1665504000000,2022-10-11T16:00:00+00:00,4.307e-05,0.0
2022-10-12 00:00:00.014000+00:00,1665532800014,2022-10-12T00:00:00.014000+00:00,1.832e-05,0.0
2022-10-12 08:00:00+00:00,1665561600000,2022-10-12T08:00:00+00:00,-0.00010919,0.0
2022-10-12 16:00:00+00:00,1665590400000,2022-10-12T16:00:00+00:00,-4.052e-05,0.0
2022-10-13 00:00:00.013000+00:00,1665619200013,2022-10-13T00:00:00.013000+00:00,-0.00024692,0.0
2022-10-13 08:00:00.016000+00:00,1665648000016,2022-10-13T08:00:00.016000+00:00,-0.00027984,0.0
2022-10-13 16:00:00.009000+00:00,1665676800009,2022-10-13T16:00:00.009000+00:00,-0.00048682,0.0
2022-10-14 00:00:00.020000+00:00,1665705600020,2022-10-14T00:00:00.020000+00:00,-1.612e-05,0.0
2022-10-14 08:00:00+00:00,1665734400000,2022-10-14T08:00:00+00:00,6.922e-05,0.0
2022-10-14 16:00:00.009000+00:00,1665763200009,2022-10-14T16:00:00.009000+00:00,-4.852e-05,0.0
2022-10-15 00:00:00.001000+00:00,1665792000001,2022-10-15T00:00:00.001000+00:00,-0.0001523,0.0
2022-10-15 08:00:00.005000+00:00,1665820800005,2022-10-15T08:00:00.005000+00:00,-0.00016906,0.0
2022-10-15 16:00:00.004000+00:00,1665849600004,2022-10-15T16:00:00.004000+00:00,-8.568e-05,0.0
2022-10-16 00:00:00.012000+00:00,1665878400012,2022-10-16T00:00:00.012000+00:00,-0.00018592,0.0
2022-10-16 08:00:00+00:00,1665907200000,2022-10-16T08:00:00+00:00,-0.00019863,0.0
2022-10-16 16:00:00.010000+00:00,1665936000010,2022-10-16T16:00:00.010000+00:00,-2.74e-05,0.0
2022-10-17 00:00:00.012000+00:00,1665964800012,2022-10-17T00:00:00.012000+00:00,-8.418e-05,0.0
2022-10-17 08:00:00.010000+00:00,1665993600010,2022-10-17T08:00:00.010000+00:00,1.042e-05,0.0
2022-10-17 16:00:00.017000+00:00,1666022400017,2022-10-17T16:00:00.017000+00:00,-4.927e-05,0.0
2022-10-18 00:00:00.010000+00:00,1666051200010,2022-10-18T00:00:00.010000+00:00,-7.48e-05,0.0
2022-10-18 08:00:00.008000+00:00,1666080000008,2022-10-18T08:00:00.008000+00:00,-0.00029398,0.0
2022-10-18 16:00:00+00:00,1666108800000,2022-10-18T16:00:00+00:00,-0.0002375,0.0
2022-10-19 00:00:00.007000+00:00,1666137600007,2022-10-19T00:00:00.007000+00:00,-0.00036564,0.0
2022-10-19 08:00:00.022000+00:00,1666166400022,2022-10-19T08:00:00.022000+00:00,-0.00019771,0.0
2022-10-19 16:00:00.016000+00:00,1666195200016,2022-10-19T16:00:00.016000+00:00,-0.00011169,0.0
2022-10-20 00:00:00+00:00,1666224000000,2022-10-20T00:00:00+00:00,-7.308e-05,0.0
2022-10-20 08:00:00.013000+00:00,1666252800013,2022-10-20T08:00:00.013000+00:00,-5.828e-05,0.0
2022-10-20 16:00:00+00:00,1666281600000,2022-10-20T16:00:00+00:00,-7.818e-05,0.0
2022-10-21 00:00:00.005000+00:00,1666310400005,2022-10-21T00:00:00.005000+00:00,-3.86e-05,0.0
2022-10-21 08:00:00.018000+00:00,1666339200018,2022-10-21T08:00:00.018000+00:00,-0.00017902,0.0
2022-10-21 16:00:00+00:00,1666368000000,2022-10-21T16:00:00+00:00,-9.521e-05,0.0
2022-10-22 00:00:00+00:00,1666396800000,2022-10-22T00:00:00+00:00,-0.00016825,0.0
2022-10-22 08:00:00.015000+00:00,1666425600015,2022-10-22T08:00:00.015000+00:00,-0.00021937,0.0
2022-10-22 16:00:00+00:00,1666454400000,2022-10-22T16:00:00+00:00,-0.00034754,0.0
2022-10-23 00:00:00.025000+00:00,1666483200025,2022-10-23T00:00:00.025000+00:00,-0.00014838,0.0
2022-10-23 08:00:00+00:00,1666512000000,2022-10-23T08:00:00+00:00,-0.00014325,0.0
2022-10-23 16:00:00.004000+00:00,1666540800004,2022-10-23T16:00:00.004000+00:00,-5.103e-05,0.0
2022-10-24 00:00:00.009000+00:00,1666569600009,2022-10-24T00:00:00.009000+00:00,-0.00020313,0.0
2022-10-24 08:00:00.012000+00:00,1666598400012,2022-10-24T08:00:00.012000+00:00,-5.958e-05,0.0
2022-10-24 16:00:00.002000+00:00,1666627200002,2022-10-24T16:00:00.002000+00:00,-0.00022159,0.0
2022-10-25 00:00:00.013000+00:00,1666656000013,2022-10-25T00:00:00.013000+00:00,-0.00016278,0.0
2022-10-25 08:00:00.013000+00:00,1666684800013,2022-10-25T08:00:00.013000+00:00,-0.00017111,0.0
2022-10-25 16:00:00+00:00,1666713600000,2022-10-25T16:00:00+00:00,-0.00013175,0.0
2022-10-26 00:00:00.006000+00:00,1666742400006,2022-10-26T00:00:00.006000+00:00,4.854e-05,0.0
2022-10-26 08:00:00.013000+00:00,1666771200013,2022-10-26T08:00:00.013000+00:00,-2.96e-06,0.0
2022-10-26 16:00:00+00:00,1666800000000,2022-10-26T16:00:00+00:00,5.27e-06,0.0
2022-10-27 00:00:00.009000+00:00,1666828800009,2022-10-27T00:00:00.009000+00:00,7.411e-05,0.0
2022-10-27 08:00:00.006000+00:00,1666857600006,2022-10-27T08:00:00.006000+00:00,4.174e-05,0.0
2022-10-27 16:00:00.009000+00:00,1666886400009,2022-10-27T16:00:00.009000+00:00,3.986e-05,0.0
2022-10-28 00:00:00+00:00,1666915200000,2022-10-28T00:00:00+00:00,6.46e-05,0.0
2022-10-28 08:00:00+00:00,1666944000000,2022-10-28T08:00:00+00:00,-2.032e-05,0.0
2022-10-28 16:00:00.007000+00:00,1666972800007,2022-10-28T16:00:00.007000+00:00,-0.00011811,0.0
2022-10-29 00:00:00+00:00,1667001600000,2022-10-29T00:00:00+00:00,0.0001,0.0
2022-10-29 08:00:00.003000+00:00,1667030400003,2022-10-29T08:00:00.003000+00:00,0.0001,0.0
2022-10-29 16:00:00.010000+00:00,1667059200010,2022-10-29T16:00:00.010000+00:00,5.058e-05,0.0
2022-10-30 00:00:00+00:00,1667088000000,2022-10-30T00:00:00+00:00,4.974e-05,0.0
2022-10-30 08:00:00.013000+00:00,1667116800013,2022-10-30T08:00:00.013000+00:00,2.022e-05,0.0
2022-10-30 16:00:00.009000+00:00,1667145600009,2022-10-30T16:00:00.009000+00:00,9.128e-05,0.0
2022-10-31 00:00:00.012000+00:00,1667174400012,2022-10-31T00:00:00.012000+00:00,1.711e-05,0.0
2022-10-31 08:00:00+00:00,1667203200000,2022-10-31T08:00:00+00:00,8.798e-05,0.0
2022-10-31 16:00:00.010000+00:00,1667232000010,2022-10-31T16:00:00.010000+00:00,6.502e-05,0.0
2022-11-01 00:00:00+00:00,1667260800000,2022-11-01T00:00:00+00:00,-1.347e-05,0.0
2022-11-01 08:00:00+00:00,1667289600000,2022-11-01T08:00:00+00:00,4.266e-05,0.0
2022-11-01 16:00:00+00:00,1667318400000,2022-11-01T16:00:00+00:00,1.227e-05,0.0
2022-11-02 00:00:00+00:00,1667347200000,2022-11-02T00:00:00+00:00,-9.641e-05,0.0
2022-11-02 08:00:00+00:00,1667376000000,2022-11-02T08:00:00+00:00,-0.00013359,0.0
2022-11-02 16:00:00.019000+00:00,1667404800019,2022-11-02T16:00:00.019000+00:00,-4.38e-05,0.0
2022-11-03 00:00:00.011000+00:00,1667433600011,2022-11-03T00:00:00.011000+00:00,-0.0001584,0.0
2022-11-03 08:00:00.016000+00:00,1667462400016,2022-11-03T08:00:00.016000+00:00,-7.078e-05,0.0
2022-11-03 16:00:00.005000+00:00,1667491200005,2022-11-03T16:00:00.005000+00:00,5.82e-06,0.0
2022-11-04 00:00:00+00:00,1667520000000,2022-11-04T00:00:00+00:00,-0.00012977,0.0
2022-11-04 08:00:00.004000+00:00,1667548800004,2022-11-04T08:00:00.004000+00:00,0.0001,0.0
2022-11-04 16:00:00.020000+00:00,1667577600020,2022-11-04T16:00:00.020000+00:00,0.0001,0.0
2022-11-05 00:00:00.009000+00:00,1667606400009,2022-11-05T00:00:00.009000+00:00,9.91e-05,0.0
2022-11-05 08:00:00.007000+00:00,1667635200007,2022-11-05T08:00:00.007000+00:00,0.0001,0.0
2022-11-05 16:00:00.018000+00:00,1667664000018,2022-11-05T16:00:00.018000+00:00,0.0001,0.0
2022-11-06 00:00:00.009000+00:00,1667692800009,2022-11-06T00:00:00.009000+00:00,8.035e-05,0.0
2022-11-06 08:00:00+00:00,1667721600000,2022-11-06T08:00:00+00:00,0.0001,0.0
2022-11-06 16:00:00.010000+00:00,1667750400010,2022-11-06T16:00:00.010000+00:00,8.937e-05,0.0
2022-11-07 00:00:00.012000+00:00,1667779200012,2022-11-07T00:00:00.012000+00:00,-2.7e-06,0.0
2022-11-07 08:00:00.014000+00:00,1667808000014,2022-11-07T08:00:00.014000+00:00,7.69e-05,0.0
2022-11-07 16:00:00.006000+00:00,1667836800006,2022-11-07T16:00:00.006000+00:00,0.0001,0.0
2022-11-08 00:00:00+00:00,1667865600000,2022-11-08T00:00:00+00:00,-1.048e-05,0.0
2022-11-08 08:00:00.001000+00:00,1667894400001,2022-11-08T08:00:00.001000+00:00,-0.00023918,0.0
2022-11-08 16:00:00.005000+00:00,1667923200005,2022-11-08T16:00:00.005000+00:00,-0.00014707,0.0
2022-11-09 00:00:00+00:00,1667952000000,2022-11-09T00:00:00+00:00,-0.00029562,0.0
2022-11-09 08:00:00.013000+00:00,1667980800013,2022-11-09T08:00:00.013000+00:00,6.806e-05,0.0
2022-11-09 16:00:00.004000+00:00,1668009600004,2022-11-09T16:00:00.004000+00:00,-4.337e-05,0.0
2022-11-10 00:00:00.006000+00:00,1668038400006,2022-11-10T00:00:00.006000+00:00,-0.00034879,0.0
2022-11-10 08:00:00+00:00,1668067200000,2022-11-10T08:00:00+00:00,7.84e-06,0.0
2022-11-10 16:00:00.015000+00:00,1668096000015,2022-11-10T16:00:00.015000+00:00,0.0001,0.0
2022-11-11 00:00:00+00:00,1668124800000,2022-11-11T00:00:00+00:00,9.461e-05,0.0
2022-11-11 08:00:00.015000+00:00,1668153600015,2022-11-11T08:00:00.015000+00:00,0.0001,0.0
2022-11-11 16:00:00.027000+00:00,1668182400027,2022-11-11T16:00:00.027000+00:00,0.0001,0.0
2022-11-12 00:00:00.007000+00:00,1668211200007,2022-11-12T00:00:00.007000+00:00,0.0001,0.0
2022-11-12 08:00:00.016000+00:00,1668240000016,2022-11-12T08:00:00.016000+00:00,4.16e-05,0.0
2022-11-12 16:00:00+00:00,1668268800000,2022-11-12T16:00:00+00:00,8.664e-05,0.0
2022-11-13 00:00:00.004000+00:00,1668297600004,2022-11-13T00:00:00.004000+00:00,5.781e-05,0.0
2022-11-13 08:00:00+00:00,1668326400000,2022-11-13T08:00:00+00:00,0.0001,0.0
2022-11-13 16:00:00.017000+00:00,1668355200017,2022-11-13T16:00:00.017000+00:00,0.0001,0.0
2022-11-14 00:00:00+00:00,1668384000000,2022-11-14T00:00:00+00:00,0.0001,0.0
2022-11-14 08:00:00+00:00,1668412800000,2022-11-14T08:00:00+00:00,9.828e-05,0.0
2022-11-14 16:00:00+00:00,1668441600000,2022-11-14T16:00:00+00:00,0.0001,0.0
2022-11-15 00:00:00.014000+00:00,1668470400014,2022-11-15T00:00:00.014000+00:00,2.492e-05,0.0
2022-11-15 08:00:00.009000+00:00,1668499200009,2022-11-15T08:00:00.009000+00:00,0.0001,0.0
2022-11-15 16:00:00.010000+00:00,1668528000010,2022-11-15T16:00:00.010000+00:00,8.155e-05,0.0
2022-11-16 00:00:00.011000+00:00,1668556800011,2022-11-16T00:00:00.011000+00:00,-1.13e-06,0.0
2022-11-16 08:00:00.004000+00:00,1668585600004,2022-11-16T08:00:00.004000+00:00,0.0001,0.0
2022-11-16 16:00:00.008000+00:00,1668614400008,2022-11-16T16:00:00.008000+00:00,0.0001,0.0
2022-11-17 00:00:00+00:00,1668643200000,2022-11-17T00:00:00+00:00,6.607e-05,0.0
2022-11-17 08:00:00+00:00,1668672000000,2022-11-17T08:00:00+00:00,9.311e-05,0.0
2022-11-17 16:00:00.006000+00:00,1668700800006,2022-11-17T16:00:00.006000+00:00,7.357e-05,0.0
2022-11-18 00:00:00.004000+00:00,1668729600004,2022-11-18T00:00:00.004000+00:00,1.37e-05,0.0
2022-11-18 08:00:00.016000+00:00,1668758400016,2022-11-18T08:00:00.016000+00:00,5.433e-05,0.0
2022-11-18 16:00:00+00:00,1668787200000,2022-11-18T16:00:00+00:00,0.0001,0.0
2022-11-19 00:00:00+00:00,1668816000000,2022-11-19T00:00:00+00:00,8.21e-06,0.0
2022-11-19 08:00:00.004000+00:00,1668844800004,2022-11-19T08:00:00.004000+00:00,-2.097e-05,0.0
2022-11-19 16:00:00.024000+00:00,1668873600024,2022-11-19T16:00:00.024000+00:00,-2.749e-05,0.0
2022-11-20 00:00:00.015000+00:00,1668902400015,2022-11-20T00:00:00.015000+00:00,4.339e-05,0.0
2022-11-20 08:00:00.004000+00:00,1668931200004,2022-11-20T08:00:00.004000+00:00,3.894e-05,0.0
2022-11-20 16:00:00+00:00,1668960000000,2022-11-20T16:00:00+00:00,4.532e-05,0.0
2022-11-21 00:00:00.006000+00:00,1668988800006,2022-11-21T00:00:00.006000+00:00,2.812e-05,0.0
2022-11-21 08:00:00.015000+00:00,1669017600015,2022-11-21T08:00:00.015000+00:00,6.107e-05,0.0
2022-11-21 16:00:00+00:00,1669046400000,2022-11-21T16:00:00+00:00,5.325e-05,0.0
2022-11-22 00:00:00+00:00,1669075200000,2022-11-22T00:00:00+00:00,2.982e-05,0.0
2022-11-22 08:00:00+00:00,1669104000000,2022-11-22T08:00:00+00:00,0.0001,0.0
2022-11-22 16:00:00+00:00,1669132800000,2022-11-22T16:00:00+00:00,0.0001,0.0
2022-11-23 00:00:00+00:00,1669161600000,2022-11-23T00:00:00+00:00,0.0001,0.0
2022-11-23 08:00:00.011000+00:00,1669190400011,2022-11-23T08:00:00.011000+00:00,0.0001,0.0
2022-11-23 16:00:00.014000+00:00,1669219200014,2022-11-23T16:00:00.014000+00:00,6e-05,0.0
2022-11-24 00:00:00.007000+00:00,1669248000007,2022-11-24T00:00:00.007000+00:00,0.0001,0.0
2022-11-24 08:00:00.014000+00:00,1669276800014,2022-11-24T08:00:00.014000+00:00,2.722e-05,0.0
2022-11-24 16:00:00.013000+00:00,1669305600013,2022-11-24T16:00:00.013000+00:00,9.336e-05,0.0
2022-11-25 00:00:00.004000+00:00,1669334400004,2022-11-25T00:00:00.004000+00:00,0.0001,0.0
2022-11-25 08:00:00.015000+00:00,1669363200015,2022-11-25T08:00:00.015000+00:00,8.408e-05,0.0
2022-11-25 16:00:00+00:00,1669392000000,2022-11-25T16:00:00+00:00,0.0001,0.0
2022-11-26 00:00:00.011000+00:00,1669420800011,2022-11-26T00:00:00.011000+00:00,8.734e-05,0.0
2022-11-26 08:00:00+00:00,1669449600000,2022-11-26T08:00:00+00:00,0.0001,0.0
2022-11-26 16:00:00+00:00,1669478400000,2022-11-26T16:00:00+00:00,0.0001,0.0
2022-11-27 00:00:00.012000+00:00,1669507200012,2022-11-27T00:00:00.012000+00:00,6.119e-05,0.0
2022-11-27 08:00:00+00:00,1669536000000,2022-11-27T08:00:00+00:00,-1.15e-06,0.0
2022-11-27 16:00:00.003000+00:00,1669564800003,2022-11-27T16:00:00.003000+00:00,0.0001,0.0
2022-11-28 00:00:00.015000+00:00,1669593600015,2022-11-28T00:00:00.015000+00:00,3.977e-05,0.0
2022-11-28 08:00:00.004000+00:00,1669622400004,2022-11-28T08:00:00.004000+00:00,1.753e-05,0.0
2022-11-28 16:00:00.011000+00:00,1669651200011,2022-11-28T16:00:00.011000+00:00,-3.7e-06,0.0
2022-11-29 00:00:00+00:00,1669680000000,2022-11-29T00:00:00+00:00,0.0001,0.0
2022-11-29 08:00:00.015000+00:00,1669708800015,2022-11-29T08:00:00.015000+00:00,0.0001,0.0
2022-11-29 16:00:00+00:00,1669737600000,2022-11-29T16:00:00+00:00,0.0001,0.0
2022-11-30 00:00:00.007000+00:00,1669766400007,2022-11-30T00:00:00.007000+00:00,8.257e-05,0.0
2022-11-30 08:00:00+00:00,1669795200000,2022-11-30T08:00:00+00:00,0.0001,0.0
2022-11-30 16:00:00.015000+00:00,1669824000015,2022-11-30T16:00:00.015000+00:00,0.0001,0.0
2022-12-01 00:00:00.001000+00:00,1669852800001,2022-12-01T00:00:00.001000+00:00,5.259e-05,0.0
2022-12-01 08:00:00.006000+00:00,1669881600006,2022-12-01T08:00:00.006000+00:00,0.0001,0.0
2022-12-01 16:00:00+00:00,1669910400000,2022-12-01T16:00:00+00:00,0.0001,0.0
2022-12-02 00:00:00.001000+00:00,1669939200001,2022-12-02T00:00:00.001000+00:00,0.0001,0.0
2022-12-02 08:00:00.016000+00:00,1669968000016,2022-12-02T08:00:00.016000+00:00,1.62e-06,0.0
2022-12-02 16:00:00.017000+00:00,1669996800017,2022-12-02T16:00:00.017000+00:00,0.0001,0.0
2022-12-03 00:00:00.006000+00:00,1670025600006,2022-12-03T00:00:00.006000+00:00,0.0001,0.0
2022-12-03 08:00:00+00:00,1670054400000,2022-12-03T08:00:00+00:00,0.0001,0.0
2022-12-03 16:00:00.011000+00:00,1670083200011,2022-12-03T16:00:00.011000+00:00,0.0001,0.0
2022-12-04 00:00:00.006000+00:00,1670112000006,2022-12-04T00:00:00.006000+00:00,8.823e-05,0.0
2022-12-04 08:00:00+00:00,1670140800000,2022-12-04T08:00:00+00:00,0.0001,0.0
2022-12-04 16:00:00.006000+00:00,1670169600006,2022-12-04T16:00:00.006000+00:00,5.952e-05,0.0
2022-12-05 00:00:00.002000+00:00,1670198400002,2022-12-05T00:00:00.002000+00:00,9.791e-05,0.0
2022-12-05 08:00:00.011000+00:00,1670227200011,2022-12-05T08:00:00.011000+00:00,9.364e-05,0.0
2022-12-05 16:00:00.008000+00:00,1670256000008,2022-12-05T16:00:00.008000+00:00,3.614e-05,0.0
2022-12-06 00:00:00.014000+00:00,1670284800014,2022-12-06T00:00:00.014000+00:00,9.493e-05,0.0
2022-12-06 08:00:00.027000+00:00,1670313600027,2022-12-06T08:00:00.027000+00:00,9.558e-05,0.0
2022-12-06 16:00:00.009000+00:00,1670342400009,2022-12-06T16:00:00.009000+00:00,3.082e-05,0.0
2022-12-07 00:00:00+00:00,1670371200000,2022-12-07T00:00:00+00:00,9.205e-05,0.0
2022-12-07 08:00:00+00:00,1670400000000,2022-12-07T08:00:00+00:00,-2.891e-05,0.0
2022-12-07 16:00:00+00:00,1670428800000,2022-12-07T16:00:00+00:00,0.0001,0.0
2022-12-08 00:00:00.006000+00:00,1670457600006,2022-12-08T00:00:00.006000+00:00,-1.146e-05,0.0
2022-12-08 08:00:00+00:00,1670486400000,2022-12-08T08:00:00+00:00,-1.269e-05,0.0
2022-12-08 16:00:00.014000+00:00,1670515200014,2022-12-08T16:00:00.014000+00:00,9.21e-06,0.0
2022-12-09 00:00:00.017000+00:00,1670544000017,2022-12-09T00:00:00.017000+00:00,8.255e-05,0.0
2022-12-09 08:00:00.005000+00:00,1670572800005,2022-12-09T08:00:00.005000+00:00,0.0001,0.0
2022-12-09 16:00:00+00:00,1670601600000,2022-12-09T16:00:00+00:00,0.0001,0.0
2022-12-10 00:00:00.009000+00:00,1670630400009,2022-12-10T00:00:00.009000+00:00,-2.84e-06,0.0
2022-12-10 08:00:00.010000+00:00,1670659200010,2022-12-10T08:00:00.010000+00:00,6.846e-05,0.0
2022-12-10 16:00:00.001000+00:00,1670688000001,2022-12-10T16:00:00.001000+00:00,0.0001,0.0
2022-12-11 00:00:00.011000+00:00,1670716800011,2022-12-11T00:00:00.011000+00:00,6.643e-05,0.0
2022-12-11 08:00:00.007000+00:00,1670745600007,2022-12-11T08:00:00.007000+00:00,9.553e-05,0.0
2022-12-11 16:00:00.011000+00:00,1670774400011,2022-12-11T16:00:00.011000+00:00,1.189e-05,0.0
2022-12-12 00:00:00+00:00,1670803200000,2022-12-12T00:00:00+00:00,-5.211e-05,0.0
2022-12-12 08:00:00.004000+00:00,1670832000004,2022-12-12T08:00:00.004000+00:00,-3.563e-05,0.0
2022-12-12 16:00:00+00:00,1670860800000,2022-12-12T16:00:00+00:00,7.678e-05,0.0
2022-12-13 00:00:00+00:00,1670889600000,2022-12-13T00:00:00+00:00,-4.842e-05,0.0
2022-12-13 08:00:00.018000+00:00,1670918400018,2022-12-13T08:00:00.018000+00:00,-5.738e-05,0.0
2022-12-13 16:00:00.011000+00:00,1670947200011,2022-12-13T16:00:00.011000+00:00,9.63e-05,0.0
2022-12-14 00:00:00.010000+00:00,1670976000010,2022-12-14T00:00:00.010000+00:00,0.0001,0.0
2022-12-14 08:00:00.015000+00:00,1671004800015,2022-12-14T08:00:00.015000+00:00,0.0001,0.0
2022-12-14 16:00:00.004000+00:00,1671033600004,2022-12-14T16:00:00.004000+00:00,0.0001,0.0
2022-12-15 00:00:00+00:00,1671062400000,2022-12-15T00:00:00+00:00,9.708e-05,0.0
2022-12-15 08:00:00.023000+00:00,1671091200023,2022-12-15T08:00:00.023000+00:00,0.0001,0.0
2022-12-15 16:00:00.010000+00:00,1671120000010,2022-12-15T16:00:00.010000+00:00,7.17e-05,0.0
2022-12-16 00:00:00.016000+00:00,1671148800016,2022-12-16T00:00:00.016000+00:00,1.4e-05,0.0
2022-12-16 08:00:00.011000+00:00,1671177600011,2022-12-16T08:00:00.011000+00:00,0.0001,0.0
2022-12-16 16:00:00.001000+00:00,1671206400001,2022-12-16T16:00:00.001000+00:00,-0.00034122,0.0
2022-12-17 00:00:00.001000+00:00,1671235200001,2022-12-17T00:00:00.001000+00:00,-8.275e-05,0.0
2022-12-17 08:00:00.011000+00:00,1671264000011,2022-12-17T08:00:00.011000+00:00,-4.017e-05,0.0
2022-12-17 16:00:00.011000+00:00,1671292800011,2022-12-17T16:00:00.011000+00:00,-0.00017138,0.0
2022-12-18 00:00:00.008000+00:00,1671321600008,2022-12-18T00:00:00.008000+00:00,-0.00027889,0.0
2022-12-18 08:00:00.001000+00:00,1671350400001,2022-12-18T08:00:00.001000+00:00,-0.00021902,0.0
2022-12-18 16:00:00.012000+00:00,1671379200012,2022-12-18T16:00:00.012000+00:00,0.0001,0.0
2022-12-19 00:00:00+00:00,1671408000000,2022-12-19T00:00:00+00:00,-7.499e-05,0.0
2022-12-19 08:00:00+00:00,1671436800000,2022-12-19T08:00:00+00:00,4.161e-05,0.0
2022-12-19 16:00:00+00:00,1671465600000,2022-12-19T16:00:00+00:00,6.559e-05,0.0
2022-12-20 00:00:00.005000+00:00,1671494400005,2022-12-20T00:00:00.005000+00:00,-0.00024159,0.0
2022-12-20 08:00:00.016000+00:00,1671523200016,2022-12-20T08:00:00.016000+00:00,5.38e-06,0.0
2022-12-20 16:00:00+00:00,1671552000000,2022-12-20T16:00:00+00:00,-0.0001281,0.0
2022-12-21 00:00:00.007000+00:00,1671580800007,2022-12-21T00:00:00.007000+00:00,-3.09e-05,0.0
2022-12-21 08:00:00.012000+00:00,1671609600012,2022-12-21T08:00:00.012000+00:00,-0.00037224,0.0
2022-12-21 16:00:00.017000+00:00,1671638400017,2022-12-21T16:00:00.017000+00:00,2.209e-05,0.0
2022-12-22 00:00:00.004000+00:00,1671667200004,2022-12-22T00:00:00.004000+00:00,-3.556e-05,0.0
2022-12-22 08:00:00+00:00,1671696000000,2022-12-22T08:00:00+00:00,-2.487e-05,0.0
2022-12-22 16:00:00.001000+00:00,1671724800001,2022-12-22T16:00:00.001000+00:00,-8.829e-05,0.0
2022-12-23 00:00:00.018000+00:00,1671753600018,2022-12-23T00:00:00.018000+00:00,0.0001,0.0
2022-12-23 08:00:00+00:00,1671782400000,2022-12-23T08:00:00+00:00,0.0001,0.0
2022-12-23 16:00:00+00:00,1671811200000,2022-12-23T16:00:00+00:00,0.0001,0.0
2022-12-24 00:00:00.001000+00:00,1671840000001,2022-12-24T00:00:00.001000+00:00,-3.278e-05,0.0
2022-12-24 08:00:00.007000+00:00,1671868800007,2022-12-24T08:00:00.007000+00:00,0.0001,0.0
2022-12-24 16:00:00.008000+00:00,1671897600008,2022-12-24T16:00:00.008000+00:00,0.0001,0.0
2022-12-25 00:00:00+00:00,1671926400000,2022-12-25T00:00:00+00:00,-6.742e-05,0.0
2022-12-25 08:00:00.013000+00:00,1671955200013,2022-12-25T08:00:00.013000+00:00,0.0001,0.0
2022-12-25 16:00:00+00:00,1671984000000,2022-12-25T16:00:00+00:00,0.0001,0.0
2022-12-26 00:00:00.001000+00:00,1672012800001,2022-12-26T00:00:00.001000+00:00,0.0001,0.0
2022-12-26 08:00:00+00:00,1672041600000,2022-12-26T08:00:00+00:00,8.295e-05,0.0
2022-12-26 16:00:00.005000+00:00,1672070400005,2022-12-26T16:00:00.005000+00:00,-2.015e-05,0.0
2022-12-27 00:00:00.005000+00:00,1672099200005,2022-12-27T00:00:00.005000+00:00,3.899e-05,0.0
2022-12-27 08:00:00.010000+00:00,1672128000010,2022-12-27T08:00:00.010000+00:00,1.052e-05,0.0
2022-12-27 16:00:00.006000+00:00,1672156800006,2022-12-27T16:00:00.006000+00:00,0.0001,0.0
2022-12-28 00:00:00.010000+00:00,1672185600010,2022-12-28T00:00:00.010000+00:00,8.739e-05,0.0
2022-12-28 08:00:00.010000+00:00,1672214400010,2022-12-28T08:00:00.010000+00:00,7.786e-05,0.0
2022-12-28 16:00:00.010000+00:00,1672243200010,2022-12-28T16:00:00.010000+00:00,-9.301e-05,0.0
2022-12-29 00:00:00.011000+00:00,1672272000011,2022-12-29T00:00:00.011000+00:00,-3.438e-05,0.0
2022-12-29 08:00:00+00:00,1672300800000,2022-12-29T08:00:00+00:00,-0.00033533,0.0
2022-12-29 16:00:00.008000+00:00,1672329600008,2022-12-29T16:00:00.008000+00:00,-0.00034086,0.0
2022-12-30 00:00:00+00:00,1672358400000,2022-12-30T00:00:00+00:00,-0.00045062,0.0
2022-12-30 08:00:00+00:00,1672387200000,2022-12-30T08:00:00+00:00,-0.00015218,0.0
2022-12-30 16:00:00+00:00,1672416000000,2022-12-30T16:00:00+00:00,3.536e-05,0.0
2022-12-31 00:00:00.014000+00:00,1672444800014,2022-12-31T00:00:00.014000+00:00,-4.595e-05,0.0
2022-12-31 08:00:00+00:00,1672473600000,2022-12-31T08:00:00+00:00,-3.622e-05,0.0
2022-12-31 16:00:00+00:00,1672502400000,2022-12-31T16:00:00+00:00,-0.00066137,0.0
2023-01-01 00:00:00+00:00,1672531200000,2023-01-01T00:00:00+00:00,-7.036e-05,0.0
2023-01-01 08:00:00.008000+00:00,1672560000008,2023-01-01T08:00:00.008000+00:00,-1.809e-05,0.0
2023-01-01 16:00:00+00:00,1672588800000,2023-01-01T16:00:00+00:00,-0.00028022,0.0
2023-01-02 00:00:00+00:00,1672617600000,2023-01-02T00:00:00+00:00,-0.00013088,0.0
2023-01-02 08:00:00.008000+00:00,1672646400008,2023-01-02T08:00:00.008000+00:00,-0.00010514,0.0
2023-01-02 16:00:00.015000+00:00,1672675200015,2023-01-02T16:00:00.015000+00:00,-0.00017092,0.0
2023-01-03 00:00:00.003000+00:00,1672704000003,2023-01-03T00:00:00.003000+00:00,-1.26e-06,0.0
2023-01-03 08:00:00.018000+00:00,1672732800018,2023-01-03T08:00:00.018000+00:00,6.365e-05,0.0
2023-01-03 16:00:00+00:00,1672761600000,2023-01-03T16:00:00+00:00,-1.873e-05,0.0
2023-01-04 00:00:00+00:00,1672790400000,2023-01-04T00:00:00+00:00,9.699e-05,0.0
2023-01-04 08:00:00.016000+00:00,1672819200016,2023-01-04T08:00:00.016000+00:00,7.923e-05,0.0
2023-01-04 16:00:00.011000+00:00,1672848000011,2023-01-04T16:00:00.011000+00:00,3.11e-05,0.0
2023-01-05 00:00:00.009000+00:00,1672876800009,2023-01-05T00:00:00.009000+00:00,-7.452e-05,0.0
2023-01-05 08:00:00.011000+00:00,1672905600011,2023-01-05T08:00:00.011000+00:00,0.0001,0.0
2023-01-05 16:00:00+00:00,1672934400000,2023-01-05T16:00:00+00:00,0.0001,0.0
2023-01-06 00:00:00.005000+00:00,1672963200005,2023-01-06T00:00:00.005000+00:00,-3.98e-06,0.0
2023-01-06 08:00:00.001000+00:00,1672992000001,2023-01-06T08:00:00.001000+00:00,0.0001,0.0
2023-01-06 16:00:00+00:00,1673020800000,2023-01-06T16:00:00+00:00,0.0001,0.0
2023-01-07 00:00:00.006000+00:00,1673049600006,2023-01-07T00:00:00.006000+00:00,6.961e-05,0.0
2023-01-07 08:00:00.017000+00:00,1673078400017,2023-01-07T08:00:00.017000+00:00,6.965e-05,0.0
2023-01-07 16:00:00+00:00,1673107200000,2023-01-07T16:00:00+00:00,1.35e-05,0.0
2023-01-08 00:00:00.015000+00:00,1673136000015,2023-01-08T00:00:00.015000+00:00,-0.00022097,0.0
2023-01-08 08:00:00+00:00,1673164800000,2023-01-08T08:00:00+00:00,0.0001,0.0
2023-01-08 16:00:00.010000+00:00,1673193600010,2023-01-08T16:00:00.010000+00:00,-1.834e-05,0.0
2023-01-09 00:00:00.003000+00:00,1673222400003,2023-01-09T00:00:00.003000+00:00,-0.00022229,0.0
2023-01-09 08:00:00+00:00,1673251200000,2023-01-09T08:00:00+00:00,0.0001,0.0
2023-01-09 16:00:00.006000+00:00,1673280000006,2023-01-09T16:00:00.006000+00:00,0.0001,0.0
2023-01-10 00:00:00.003000+00:00,1673308800003,2023-01-10T00:00:00.003000+00:00,0.0001,0.0
2023-01-10 08:00:00.021000+00:00,1673337600021,2023-01-10T08:00:00.021000+00:00,0.0001,0.0
2023-01-10 16:00:00+00:00,1673366400000,2023-01-10T16:00:00+00:00,0.0001,0.0
2023-01-11 00:00:00.011000+00:00,1673395200011,2023-01-11T00:00:00.011000+00:00,0.0001,0.0
2023-01-11 08:00:00.006000+00:00,1673424000006,2023-01-11T08:00:00.006000+00:00,0.0001,0.0
2023-01-11 16:00:00.004000+00:00,1673452800004,2023-01-11T16:00:00.004000+00:00,0.0001,0.0
2023-01-12 00:00:00+00:00,1673481600000,2023-01-12T00:00:00+00:00,0.0001,0.0
2023-01-12 08:00:00+00:00,1673510400000,2023-01-12T08:00:00+00:00,0.0001,0.0
2023-01-12 16:00:00+00:00,1673539200000,2023-01-12T16:00:00+00:00,0.0001,0.0
2023-01-13 00:00:00.004000+00:00,1673568000004,2023-01-13T00:00:00.004000+00:00,0.0001,0.0
2023-01-13 08:00:00+00:00,1673596800000,2023-01-13T08:00:00+00:00,0.0001,0.0
2023-01-13 16:00:00.018000+00:00,1673625600018,2023-01-13T16:00:00.018000+00:00,0.0001,0.0
2023-01-14 00:00:00+00:00,1673654400000,2023-01-14T00:00:00+00:00,0.0001,0.0
2023-01-14 08:00:00.001000+00:00,1673683200001,2023-01-14T08:00:00.001000+00:00,0.00038884,0.0
2023-01-14 16:00:00+00:00,1673712000000,2023-01-14T16:00:00+00:00,0.0001,0.0
2023-01-15 00:00:00.010000+00:00,1673740800010,2023-01-15T00:00:00.010000+00:00,0.0001,0.0
2023-01-15 08:00:00.002000+00:00,1673769600002,2023-01-15T08:00:00.002000+00:00,0.0001,0.0
2023-01-15 16:00:00+00:00,1673798400000,2023-01-15T16:00:00+00:00,0.0001,0.0
2023-01-16 00:00:00.010000+00:00,1673827200010,2023-01-16T00:00:00.010000+00:00,0.0001,0.0
2023-01-16 08:00:00.007000+00:00,1673856000007,2023-01-16T08:00:00.007000+00:00,0.0001,0.0
2023-01-16 16:00:00+00:00,1673884800000,2023-01-16T16:00:00+00:00,0.0001,0.0
2023-01-17 00:00:00.004000+00:00,1673913600004,2023-01-17T00:00:00.004000+00:00,0.0001,0.0
2023-01-17 08:00:00.005000+00:00,1673942400005,2023-01-17T08:00:00.005000+00:00,0.0001,0.0
2023-01-17 16:00:00.001000+00:00,1673971200001,2023-01-17T16:00:00.001000+00:00,0.0001,0.0
2023-01-18 00:00:00.008000+00:00,1674000000008,2023-01-18T00:00:00.008000+00:00,0.0001,0.0
2023-01-18 08:00:00.009000+00:00,1674028800009,2023-01-18T08:00:00.009000+00:00,0.0001,0.0
2023-01-18 16:00:00.017000+00:00,1674057600017,2023-01-18T16:00:00.017000+00:00,0.0001,0.0
2023-01-19 00:00:00+00:00,1674086400000,2023-01-19T00:00:00+00:00,0.0001,0.0
2023-01-19 08:00:00.015000+00:00,1674115200015,2023-01-19T08:00:00.015000+00:00,0.0001,0.0
2023-01-19 16:00:00.012000+00:00,1674144000012,2023-01-19T16:00:00.012000+00:00,0.0001,0.0
2023-01-20 00:00:00+00:00,1674172800000,2023-01-20T00:00:00+00:00,0.0001,0.0
2023-01-20 08:00:00+00:00,1674201600000,2023-01-20T08:00:00+00:00,0.0001,0.0
2023-01-20 16:00:00+00:00,1674230400000,2023-01-20T16:00:00+00:00,0.0001,0.0
2023-01-21 00:00:00.013000+00:00,1674259200013,2023-01-21T00:00:00.013000+00:00,0.0001,0.0
2023-01-21 08:00:00.001000+00:00,1674288000001,2023-01-21T08:00:00.001000+00:00,0.0001,0.0
2023-01-21 16:00:00.016000+00:00,1674316800016,2023-01-21T16:00:00.016000+00:00,0.0001,0.0
2023-01-22 00:00:00+00:00,1674345600000,2023-01-22T00:00:00+00:00,0.0001,0.0
2023-01-22 08:00:00+00:00,1674374400000,2023-01-22T08:00:00+00:00,0.0001,0.0
2023-01-22 16:00:00.023000+00:00,1674403200023,2023-01-22T16:00:00.023000+00:00,0.0001,0.0
2023-01-23 00:00:00.014000+00:00,1674432000014,2023-01-23T00:00:00.014000+00:00,0.0001,0.0
2023-01-23 08:00:00.014000+00:00,1674460800014,2023-01-23T08:00:00.014000+00:00,0.0001,0.0
2023-01-23 16:00:00.016000+00:00,1674489600016,2023-01-23T16:00:00.016000+00:00,0.0001,0.0
2023-01-24 00:00:00.008000+00:00,1674518400008,2023-01-24T00:00:00.008000+00:00,0.0001,0.0
2023-01-24 08:00:00.008000+00:00,1674547200008,2023-01-24T08:00:00.008000+00:00,0.0001,0.0
2023-01-24 16:00:00+00:00,1674576000000,2023-01-24T16:00:00+00:00,0.0001,0.0
2023-01-25 00:00:00.012000+00:00,1674604800012,2023-01-25T00:00:00.012000+00:00,0.0001,0.0
2023-01-25 08:00:00+00:00,1674633600000,2023-01-25T08:00:00+00:00,6.88e-06,0.0
2023-01-25 16:00:00.010000+00:00,1674662400010,2023-01-25T16:00:00.010000+00:00,0.0001,0.0
2023-01-26 00:00:00.010000+00:00,1674691200010,2023-01-26T00:00:00.010000+00:00,0.0001,0.0
2023-01-26 08:00:00.003000+00:00,1674720000003,2023-01-26T08:00:00.003000+00:00,0.0001,0.0
2023-01-26 16:00:00.020000+00:00,1674748800020,2023-01-26T16:00:00.020000+00:00,0.0001,0.0
2023-01-27 00:00:00.008000+00:00,1674777600008,2023-01-27T00:00:00.008000+00:00,0.0001,0.0
2023-01-27 08:00:00+00:00,1674806400000,2023-01-27T08:00:00+00:00,0.0001,0.0
2023-01-27 16:00:00+00:00,1674835200000,2023-01-27T16:00:00+00:00,0.0001,0.0
2023-01-28 00:00:00.009000+00:00,1674864000009,2023-01-28T00:00:00.009000+00:00,0.0001,0.0
2023-01-28 08:00:00.018000+00:00,1674892800018,2023-01-28T08:00:00.018000+00:00,0.0001,0.0
2023-01-28 16:00:00.005000+00:00,1674921600005,2023-01-28T16:00:00.005000+00:00,0.0001,0.0
2023-01-29 00:00:00.011000+00:00,1674950400011,2023-01-29T00:00:00.011000+00:00,0.0001,0.0
2023-01-29 08:00:00+00:00,1674979200000,2023-01-29T08:00:00+00:00,0.0001,0.0
2023-01-29 16:00:00.008000+00:00,1675008000008,2023-01-29T16:00:00.008000+00:00,0.0001,0.0
2023-01-30 00:00:00.001000+00:00,1675036800001,2023-01-30T00:00:00.001000+00:00,0.0001,0.0
2023-01-30 08:00:00+00:00,1675065600000,2023-01-30T08:00:00+00:00,0.0001,0.0
2023-01-30 16:00:00+00:00,1675094400000,2023-01-30T16:00:00+00:00,0.0001,0.0
2023-01-31 00:00:00.005000+00:00,1675123200005,2023-01-31T00:00:00.005000+00:00,0.0001,0.0
2023-01-31 08:00:00+00:00,1675152000000,2023-01-31T08:00:00+00:00,0.0001,0.0
2023-01-31 16:00:00.007000+00:00,1675180800007,2023-01-31T16:00:00.007000+00:00,0.0001,0.0
2023-02-01 00:00:00.013000+00:00,1675209600013,2023-02-01T00:00:00.013000+00:00,0.0001,0.0
2023-02-01 08:00:00+00:00,1675238400000,2023-02-01T08:00:00+00:00,0.0001,0.0
2023-02-01 16:00:00.012000+00:00,1675267200012,2023-02-01T16:00:00.012000+00:00,0.0001,0.0
2023-02-02 00:00:00.004000+00:00,1675296000004,2023-02-02T00:00:00.004000+00:00,0.0001,0.0
2023-02-02 08:00:00.023000+00:00,1675324800023,2023-02-02T08:00:00.023000+00:00,0.00014391,0.0
2023-02-02 16:00:00.003000+00:00,1675353600003,2023-02-02T16:00:00.003000+00:00,0.0001,0.0
2023-02-03 00:00:00.010000+00:00,1675382400010,2023-02-03T00:00:00.010000+00:00,0.0001,0.0
2023-02-03 08:00:00+00:00,1675411200000,2023-02-03T08:00:00+00:00,0.0001,0.0
2023-02-03 16:00:00+00:00,1675440000000,2023-02-03T16:00:00+00:00,0.0001,0.0
2023-02-04 00:00:00.010000+00:00,1675468800010,2023-02-04T00:00:00.010000+00:00,0.00016389,0.0
2023-02-04 08:00:00+00:00,1675497600000,2023-02-04T08:00:00+00:00,0.0001,0.0
2023-02-04 16:00:00+00:00,1675526400000,2023-02-04T16:00:00+00:00,0.0001,0.0
2023-02-05 00:00:00.016000+00:00,1675555200016,2023-02-05T00:00:00.016000+00:00,0.0001,0.0
2023-02-05 08:00:00.009000+00:00,1675584000009,2023-02-05T08:00:00.009000+00:00,0.0001,0.0
2023-02-05 16:00:00.018000+00:00,1675612800018,2023-02-05T16:00:00.018000+00:00,0.0001,0.0
2023-02-06 00:00:00.001000+00:00,1675641600001,2023-02-06T00:00:00.001000+00:00,0.0001,0.0
2023-02-06 08:00:00+00:00,1675670400000,2023-02-06T08:00:00+00:00,0.0001,0.0
2023-02-06 16:00:00.012000+00:00,1675699200012,2023-02-06T16:00:00.012000+00:00,0.0001,0.0
2023-02-07 00:00:00.004000+00:00,1675728000004,2023-02-07T00:00:00.004000+00:00,0.0001,0.0
2023-02-07 08:00:00.011000+00:00,1675756800011,2023-02-07T08:00:00.011000+00:00,0.0001,0.0
2023-02-07 16:00:00.018000+00:00,1675785600018,2023-02-07T16:00:00.018000+00:00,0.0001,0.0
2023-02-08 00:00:00.009000+00:00,1675814400009,2023-02-08T00:00:00.009000+00:00,0.0001,0.0
2023-02-08 08:00:00.010000+00:00,1675843200010,2023-02-08T08:00:00.010000+00:00,0.0001,0.0
2023-02-08 16:00:00+00:00,1675872000000,2023-02-08T16:00:00+00:00,0.0001,0.0
2023-02-09 00:00:00.014000+00:00,1675900800014,2023-02-09T00:00:00.014000+00:00,0.0001,0.0
2023-02-09 08:00:00.006000+00:00,1675929600006,2023-02-09T08:00:00.006000+00:00,0.0001,0.0
2023-02-09 16:00:00.001000+00:00,1675958400001,2023-02-09T16:00:00.001000+00:00,0.0001,0.0
2023-02-10 00:00:00.012000+00:00,1675987200012,2023-02-10T00:00:00.012000+00:00,0.0001,0.0
2023-02-10 08:00:00.005000+00:00,1676016000005,2023-02-10T08:00:00.005000+00:00,4.821e-05,0.0
2023-02-10 16:00:00.020000+00:00,1676044800020,2023-02-10T16:00:00.020000+00:00,0.0001,0.0
2023-02-11 00:00:00.007000+00:00,1676073600007,2023-02-11T00:00:00.007000+00:00,1.08e-05,0.0
2023-02-11 08:00:00.002000+00:00,1676102400002,2023-02-11T08:00:00.002000+00:00,2.634e-05,0.0
2023-02-11 16:00:00.021000+00:00,1676131200021,2023-02-11T16:00:00.021000+00:00,1.383e-05,0.0
2023-02-12 00:00:00.004000+00:00,1676160000004,2023-02-12T00:00:00.004000+00:00,2.838e-05,0.0
2023-02-12 08:00:00+00:00,1676188800000,2023-02-12T08:00:00+00:00,0.0001,0.0
2023-02-12 16:00:00.002000+00:00,1676217600002,2023-02-12T16:00:00.002000+00:00,5.615e-05,0.0
2023-02-13 00:00:00.006000+00:00,1676246400006,2023-02-13T00:00:00.006000+00:00,2.741e-05,0.0
2023-02-13 08:00:00.008000+00:00,1676275200008,2023-02-13T08:00:00.008000+00:00,0.0001,0.0
2023-02-13 16:00:00.002000+00:00,1676304000002,2023-02-13T16:00:00.002000+00:00,0.0001,0.0
2023-02-14 00:00:00.013000+00:00,1676332800013,2023-02-14T00:00:00.013000+00:00,0.0001,0.0
2023-02-14 08:00:00.014000+00:00,1676361600014,2023-02-14T08:00:00.014000+00:00,8.08e-05,0.0
2023-02-14 16:00:00.016000+00:00,1676390400016,2023-02-14T16:00:00.016000+00:00,1.721e-05,0.0
2023-02-15 00:00:00.011000+00:00,1676419200011,2023-02-15T00:00:00.011000+00:00,0.0001,0.0
2023-02-15 08:00:00+00:00,1676448000000,2023-02-15T08:00:00+00:00,0.0001,0.0
2023-02-15 16:00:00.005000+00:00,1676476800005,2023-02-15T16:00:00.005000+00:00,7.587e-05,0.0
2023-02-16 00:00:00.019000+00:00,1676505600019,2023-02-16T00:00:00.019000+00:00,-0.00017298,0.0
2023-02-16 08:00:00+00:00,1676534400000,2023-02-16T08:00:00+00:00,0.0001,0.0
2023-02-16 16:00:00.001000+00:00,1676563200001,2023-02-16T16:00:00.001000+00:00,0.0001,0.0
2023-02-17 00:00:00.003000+00:00,1676592000003,2023-02-17T00:00:00.003000+00:00,0.0001,0.0
2023-02-17 08:00:00.016000+00:00,1676620800016,2023-02-17T08:00:00.016000+00:00,0.0001,0.0
2023-02-17 16:00:00+00:00,1676649600000,2023-02-17T16:00:00+00:00,0.0001,0.0
2023-02-18 00:00:00.011000+00:00,1676678400011,2023-02-18T00:00:00.011000+00:00,0.0001,0.0
2023-02-18 08:00:00+00:00,1676707200000,2023-02-18T08:00:00+00:00,0.0001,0.0
2023-02-18 16:00:00.007000+00:00,1676736000007,2023-02-18T16:00:00.007000+00:00,0.0001,0.0
2023-02-19 00:00:00.019000+00:00,1676764800019,2023-02-19T00:00:00.019000+00:00,0.0001,0.0
2023-02-19 08:00:00.005000+00:00,1676793600005,2023-02-19T08:00:00.005000+00:00,0.0001,0.0
2023-02-19 16:00:00.003000+00:00,1676822400003,2023-02-19T16:00:00.003000+00:00,0.0001,0.0
2023-02-20 00:00:00.006000+00:00,1676851200006,2023-02-20T00:00:00.006000+00:00,0.0001,0.0
2023-02-20 08:00:00.008000+00:00,1676880000008,2023-02-20T08:00:00.008000+00:00,0.0001,0.0
2023-02-20 16:00:00.006000+00:00,1676908800006,2023-02-20T16:00:00.006000+00:00,0.0001,0.0
2023-02-21 00:00:00.001000+00:00,1676937600001,2023-02-21T00:00:00.001000+00:00,0.0001,0.0
2023-02-21 08:00:00.004000+00:00,1676966400004,2023-02-21T08:00:00.004000+00:00,0.0001,0.0
2023-02-21 16:00:00.011000+00:00,1676995200011,2023-02-21T16:00:00.011000+00:00,0.0001,0.0
2023-02-22 00:00:00.009000+00:00,1677024000009,2023-02-22T00:00:00.009000+00:00,0.0001,0.0
2023-02-22 08:00:00.010000+00:00,1677052800010,2023-02-22T08:00:00.010000+00:00,0.0001,0.0
2023-02-22 16:00:00+00:00,1677081600000,2023-02-22T16:00:00+00:00,0.0001,0.0
2023-02-23 00:00:00.006000+00:00,1677110400006,2023-02-23T00:00:00.006000+00:00,0.0001,0.0
2023-02-23 08:00:00.005000+00:00,1677139200005,2023-02-23T08:00:00.005000+00:00,0.0001,0.0
2023-02-23 16:00:00.002000+00:00,1677168000002,2023-02-23T16:00:00.002000+00:00,0.0001,0.0
2023-02-24 00:00:00.015000+00:00,1677196800015,2023-02-24T00:00:00.015000+00:00,0.0001,0.0
2023-02-24 08:00:00.011000+00:00,1677225600011,2023-02-24T08:00:00.011000+00:00,0.0001,0.0
2023-02-24 16:00:00.014000+00:00,1677254400014,2023-02-24T16:00:00.014000+00:00,0.0001,0.0
2023-02-25 00:00:00.015000+00:00,1677283200015,2023-02-25T00:00:00.015000+00:00,2.064e-05,0.0
2023-02-25 08:00:00.015000+00:00,1677312000015,2023-02-25T08:00:00.015000+00:00,0.0001,0.0
2023-02-25 16:00:00.015000+00:00,1677340800015,2023-02-25T16:00:00.015000+00:00,0.0001,0.0
2023-02-26 00:00:00.007000+00:00,1677369600007,2023-02-26T00:00:00.007000+00:00,-2.09e-06,0.0
2023-02-26 08:00:00.012000+00:00,1677398400012,2023-02-26T08:00:00.012000+00:00,5.775e-05,0.0
2023-02-26 16:00:00+00:00,1677427200000,2023-02-26T16:00:00+00:00,0.0001,0.0
2023-02-27 00:00:00.011000+00:00,1677456000011,2023-02-27T00:00:00.011000+00:00,0.0001,0.0
2023-02-27 08:00:00.003000+00:00,1677484800003,2023-02-27T08:00:00.003000+00:00,0.0001,0.0
2023-02-27 16:00:00+00:00,1677513600000,2023-02-27T16:00:00+00:00,9.35e-06,0.0
2023-02-28 00:00:00.011000+00:00,1677542400011,2023-02-28T00:00:00.011000+00:00,4.266e-05,0.0
2023-02-28 08:00:00.018000+00:00,1677571200018,2023-02-28T08:00:00.018000+00:00,0.0001,0.0
2023-02-28 16:00:00.005000+00:00,1677600000005,2023-02-28T16:00:00.005000+00:00,0.0001,0.0
2023-03-01 00:00:00.016000+00:00,1677628800016,2023-03-01T00:00:00.016000+00:00,-0.00016157,0.0
2023-03-01 08:00:00+00:00,1677657600000,2023-03-01T08:00:00+00:00,0.0001,0.0
2023-03-01 16:00:00.008000+00:00,1677686400008,2023-03-01T16:00:00.008000+00:00,0.0001,0.0
2023-03-02 00:00:00.009000+00:00,1677715200009,2023-03-02T00:00:00.009000+00:00,0.0001,0.0
2023-03-02 08:00:00.013000+00:00,1677744000013,2023-03-02T08:00:00.013000+00:00,-4.215e-05,0.0
2023-03-02 16:00:00+00:00,1677772800000,2023-03-02T16:00:00+00:00,9.862e-05,0.0
2023-03-03 00:00:00+00:00,1677801600000,2023-03-03T00:00:00+00:00,0.0001,0.0
2023-03-03 08:00:00.013000+00:00,1677830400013,2023-03-03T08:00:00.013000+00:00,-0.00013668,0.0
2023-03-03 16:00:00+00:00,1677859200000,2023-03-03T16:00:00+00:00,0.0001,0.0
2023-03-04 00:00:00.001000+00:00,1677888000001,2023-03-04T00:00:00.001000+00:00,0.0001,0.0
2023-03-04 08:00:00.008000+00:00,1677916800008,2023-03-04T08:00:00.008000+00:00,5.952e-05,0.0
2023-03-04 16:00:00.012000+00:00,1677945600012,2023-03-04T16:00:00.012000+00:00,4.084e-05,0.0
2023-03-05 00:00:00+00:00,1677974400000,2023-03-05T00:00:00+00:00,2.421e-05,0.0
2023-03-05 08:00:00+00:00,1678003200000,2023-03-05T08:00:00+00:00,0.0001,0.0
2023-03-05 16:00:00.015000+00:00,1678032000015,2023-03-05T16:00:00.015000+00:00,0.0001,0.0
2023-03-06 00:00:00.007000+00:00,1678060800007,2023-03-06T00:00:00.007000+00:00,3.334e-05,0.0
2023-03-06 08:00:00.017000+00:00,1678089600017,2023-03-06T08:00:00.017000+00:00,5.485e-05,0.0
2023-03-06 16:00:00+00:00,1678118400000,2023-03-06T16:00:00+00:00,6.84e-05,0.0
2023-03-07 00:00:00.009000+00:00,1678147200009,2023-03-07T00:00:00.009000+00:00,-5.964e-05,0.0
2023-03-07 08:00:00.016000+00:00,1678176000016,2023-03-07T08:00:00.016000+00:00,6.768e-05,0.0
2023-03-07 16:00:00.017000+00:00,1678204800017,2023-03-07T16:00:00.017000+00:00,-3.82e-05,0.0
2023-03-08 00:00:00+00:00,1678233600000,2023-03-08T00:00:00+00:00,0.0001,0.0
2023-03-08 08:00:00.014000+00:00,1678262400014,2023-03-08T08:00:00.014000+00:00,0.0001,0.0
2023-03-08 16:00:00.021000+00:00,1678291200021,2023-03-08T16:00:00.021000+00:00,9.077e-05,0.0
2023-03-09 00:00:00.010000+00:00,1678320000010,2023-03-09T00:00:00.010000+00:00,2.033e-05,0.0
2023-03-09 08:00:00.013000+00:00,1678348800013,2023-03-09T08:00:00.013000+00:00,0.0001,0.0
2023-03-09 16:00:00.002000+00:00,1678377600002,2023-03-09T16:00:00.002000+00:00,9.555e-05,0.0
2023-03-10 00:00:00+00:00,1678406400000,2023-03-10T00:00:00+00:00,-0.00039629,0.0
2023-03-10 08:00:00+00:00,1678435200000,2023-03-10T08:00:00+00:00,4.434e-05,0.0
2023-03-10 16:00:00.005000+00:00,1678464000005,2023-03-10T16:00:00.005000+00:00,7.378e-05,0.0
2023-03-11 00:00:00.011000+00:00,1678492800011,2023-03-11T00:00:00.011000+00:00,5.469e-05,0.0
2023-03-11 08:00:00.003000+00:00,1678521600003,2023-03-11T08:00:00.003000+00:00,-1.38e-06,0.0
2023-03-11 16:00:00.011000+00:00,1678550400011,2023-03-11T16:00:00.011000+00:00,-7.921e-05,0.0
2023-03-12 00:00:00.001000+00:00,1678579200001,2023-03-12T00:00:00.001000+00:00,-4.061e-05,0.0
2023-03-12 08:00:00+00:00,1678608000000,2023-03-12T08:00:00+00:00,0.0001,0.0
2023-03-12 16:00:00.005000+00:00,1678636800005,2023-03-12T16:00:00.005000+00:00,-0.00029473,0.0
2023-03-13 00:00:00.010000+00:00,1678665600010,2023-03-13T00:00:00.010000+00:00,-9.18e-06,0.0
2023-03-13 08:00:00.018000+00:00,1678694400018,2023-03-13T08:00:00.018000+00:00,0.0001,0.0
2023-03-13 16:00:00.003000+00:00,1678723200003,2023-03-13T16:00:00.003000+00:00,0.0001,0.0
2023-03-14 00:00:00.010000+00:00,1678752000010,2023-03-14T00:00:00.010000+00:00,0.0001,0.0
2023-03-14 08:00:00.009000+00:00,1678780800009,2023-03-14T08:00:00.009000+00:00,9.984e-05,0.0
2023-03-14 16:00:00.010000+00:00,1678809600010,2023-03-14T16:00:00.010000+00:00,0.0001,0.0
2023-03-15 00:00:00.011000+00:00,1678838400011,2023-03-15T00:00:00.011000+00:00,0.00013162,0.0
2023-03-15 08:00:00+00:00,1678867200000,2023-03-15T08:00:00+00:00,0.0001,0.0
2023-03-15 16:00:00.012000+00:00,1678896000012,2023-03-15T16:00:00.012000+00:00,-0.00013022,0.0
2023-03-16 00:00:00.004000+00:00,1678924800004,2023-03-16T00:00:00.004000+00:00,0.0001,0.0
2023-03-16 08:00:00.018000+00:00,1678953600018,2023-03-16T08:00:00.018000+00:00,0.0001,0.0
2023-03-16 16:00:00.005000+00:00,1678982400005,2023-03-16T16:00:00.005000+00:00,1.004e-05,0.0
2023-03-17 00:00:00.017000+00:00,1679011200017,2023-03-17T00:00:00.017000+00:00,7.51e-05,0.0
2023-03-17 08:00:00.010000+00:00,1679040000010,2023-03-17T08:00:00.010000+00:00,-2.314e-05,0.0
2023-03-17 16:00:00.003000+00:00,1679068800003,2023-03-17T16:00:00.003000+00:00,0.0001,0.0
2023-03-18 00:00:00.012000+00:00,1679097600012,2023-03-18T00:00:00.012000+00:00,0.0001,0.0
2023-03-18 08:00:00+00:00,1679126400000,2023-03-18T08:00:00+00:00,0.0001,0.0
2023-03-18 16:00:00.016000+00:00,1679155200016,2023-03-18T16:00:00.016000+00:00,0.0001,0.0
2023-03-19 00:00:00.013000+00:00,1679184000013,2023-03-19T00:00:00.013000+00:00,0.0001,0.0
2023-03-19 08:00:00.024000+00:00,1679212800024,2023-03-19T08:00:00.024000+00:00,0.0001,0.0
2023-03-19 16:00:00+00:00,1679241600000,2023-03-19T16:00:00+00:00,0.0001,0.0
2023-03-20 00:00:00.005000+00:00,1679270400005,2023-03-20T00:00:00.005000+00:00,0.0001,0.0
2023-03-20 08:00:00.012000+00:00,1679299200012,2023-03-20T08:00:00.012000+00:00,8.769e-05,0.0
2023-03-20 16:00:00.015000+00:00,1679328000015,2023-03-20T16:00:00.015000+00:00,0.0001,0.0
2023-03-21 00:00:00.006000+00:00,1679356800006,2023-03-21T00:00:00.006000+00:00,-2.345e-05,0.0
2023-03-21 08:00:00.004000+00:00,1679385600004,2023-03-21T08:00:00.004000+00:00,-0.00014565,0.0
2023-03-21 16:00:00.003000+00:00,1679414400003,2023-03-21T16:00:00.003000+00:00,0.0001,0.0
2023-03-22 00:00:00+00:00,1679443200000,2023-03-22T00:00:00+00:00,0.0001,0.0
2023-03-22 08:00:00.003000+00:00,1679472000003,2023-03-22T08:00:00.003000+00:00,0.0001,0.0
2023-03-22 16:00:00+00:00,1679500800000,2023-03-22T16:00:00+00:00,0.0001,0.0
2023-03-23 00:00:00.016000+00:00,1679529600016,2023-03-23T00:00:00.016000+00:00,0.0001,0.0
2023-03-23 08:00:00.001000+00:00,1679558400001,2023-03-23T08:00:00.001000+00:00,0.0001,0.0
2023-03-23 16:00:00.013000+00:00,1679587200013,2023-03-23T16:00:00.013000+00:00,0.0001,0.0
2023-03-24 00:00:00.013000+00:00,1679616000013,2023-03-24T00:00:00.013000+00:00,0.0001,0.0
2023-03-24 08:00:00.012000+00:00,1679644800012,2023-03-24T08:00:00.012000+00:00,0.0001,0.0
2023-03-24 16:00:00.027000+00:00,1679673600027,2023-03-24T16:00:00.027000+00:00,0.0001,0.0
2023-03-25 00:00:00.015000+00:00,1679702400015,2023-03-25T00:00:00.015000+00:00,0.0001,0.0
2023-03-25 08:00:00.011000+00:00,1679731200011,2023-03-25T08:00:00.011000+00:00,9.362e-05,0.0
2023-03-25 16:00:00.011000+00:00,1679760000011,2023-03-25T16:00:00.011000+00:00,4.143e-05,0.0
2023-03-26 00:00:00+00:00,1679788800000,2023-03-26T00:00:00+00:00,-2.9e-07,0.0
2023-03-26 08:00:00.015000+00:00,1679817600015,2023-03-26T08:00:00.015000+00:00,7.41e-06,0.0
2023-03-26 16:00:00+00:00,1679846400000,2023-03-26T16:00:00+00:00,2.992e-05,0.0
2023-03-27 00:00:00.019000+00:00,1679875200019,2023-03-27T00:00:00.019000+00:00,4.79e-05,0.0
2023-03-27 08:00:00.009000+00:00,1679904000009,2023-03-27T08:00:00.009000+00:00,-3.978e-05,0.0
2023-03-27 16:00:00+00:00,1679932800000,2023-03-27T16:00:00+00:00,5.939e-05,0.0
2023-03-28 00:00:00.007000+00:00,1679961600007,2023-03-28T00:00:00.007000+00:00,8.326e-05,0.0
2023-03-28 08:00:00+00:00,1679990400000,2023-03-28T08:00:00+00:00,0.0001,0.0
2023-03-28 16:00:00.013000+00:00,1680019200013,2023-03-28T16:00:00.013000+00:00,0.0001,0.0
2023-03-29 00:00:00.010000+00:00,1680048000010,2023-03-29T00:00:00.010000+00:00,0.0001,0.0
2023-03-29 08:00:00.006000+00:00,1680076800006,2023-03-29T08:00:00.006000+00:00,0.0001,0.0
2023-03-29 16:00:00.014000+00:00,1680105600014,2023-03-29T16:00:00.014000+00:00,0.0001,0.0
2023-03-30 00:00:00+00:00,1680134400000,2023-03-30T00:00:00+00:00,0.0001,0.0
2023-03-30 08:00:00+00:00,1680163200000,2023-03-30T08:00:00+00:00,0.0001,0.0
2023-03-30 16:00:00.006000+00:00,1680192000006,2023-03-30T16:00:00.006000+00:00,9.482e-05,0.0
2023-03-31 00:00:00.003000+00:00,1680220800003,2023-03-31T00:00:00.003000+00:00,0.0001,0.0
2023-03-31 08:00:00.006000+00:00,1680249600006,2023-03-31T08:00:00.006000+00:00,8.973e-05,0.0
2023-03-31 16:00:00.011000+00:00,1680278400011,2023-03-31T16:00:00.011000+00:00,0.0001,0.0
2023-04-01 00:00:00+00:00,1680307200000,2023-04-01T00:00:00+00:00,0.0001,0.0
2023-04-01 08:00:00+00:00,1680336000000,2023-04-01T08:00:00+00:00,0.0001,0.0
2023-04-01 16:00:00.018000+00:00,1680364800018,2023-04-01T16:00:00.018000+00:00,8.596e-05,0.0
2023-04-02 00:00:00.013000+00:00,1680393600013,2023-04-02T00:00:00.013000+00:00,0.0001,0.0
2023-04-02 08:00:00.014000+00:00,1680422400014,2023-04-02T08:00:00.014000+00:00,-1.827e-05,0.0
2023-04-02 16:00:00.001000+00:00,1680451200001,2023-04-02T16:00:00.001000+00:00,5.71e-05,0.0
2023-04-03 00:00:00+00:00,1680480000000,2023-04-03T00:00:00+00:00,1.763e-05,0.0
2023-04-03 08:00:00.013000+00:00,1680508800013,2023-04-03T08:00:00.013000+00:00,0.0001,0.0
2023-04-03 16:00:00.011000+00:00,1680537600011,2023-04-03T16:00:00.011000+00:00,0.0001,0.0
2023-04-04 00:00:00.002000+00:00,1680566400002,2023-04-04T00:00:00.002000+00:00,3.665e-05,0.0
2023-04-04 08:00:00.017000+00:00,1680595200017,2023-04-04T08:00:00.017000+00:00,4.002e-05,0.0
2023-04-04 16:00:00.008000+00:00,1680624000008,2023-04-04T16:00:00.008000+00:00,0.0001,0.0
2023-04-05 00:00:00+00:00,1680652800000,2023-04-05T00:00:00+00:00,1.908e-05,0.0
2023-04-05 08:00:00.016000+00:00,1680681600016,2023-04-05T08:00:00.016000+00:00,0.0001,0.0
2023-04-05 16:00:00.004000+00:00,1680710400004,2023-04-05T16:00:00.004000+00:00,0.0001,0.0
2023-04-06 00:00:00+00:00,1680739200000,2023-04-06T00:00:00+00:00,6.476e-05,0.0
2023-04-06 08:00:00.011000+00:00,1680768000011,2023-04-06T08:00:00.011000+00:00,0.0001,0.0
2023-04-06 16:00:00+00:00,1680796800000,2023-04-06T16:00:00+00:00,-8.35e-06,0.0
2023-04-07 00:00:00.006000+00:00,1680825600006,2023-04-07T00:00:00.006000+00:00,5.533e-05,0.0
2023-04-07 08:00:00.005000+00:00,1680854400005,2023-04-07T08:00:00.005000+00:00,5.566e-05,0.0
2023-04-07 16:00:00+00:00,1680883200000,2023-04-07T16:00:00+00:00,1.091e-05,0.0
2023-04-08 00:00:00+00:00,1680912000000,2023-04-08T00:00:00+00:00,0.0001,0.0
2023-04-08 08:00:00.014000+00:00,1680940800014,2023-04-08T08:00:00.014000+00:00,9.166e-05,0.0
2023-04-08 16:00:00.018000+00:00,1680969600018,2023-04-08T16:00:00.018000+00:00,0.0001,0.0
2023-04-09 00:00:00.013000+00:00,1680998400013,2023-04-09T00:00:00.013000+00:00,1.57e-06,0.0
2023-04-09 08:00:00.024000+00:00,1681027200024,2023-04-09T08:00:00.024000+00:00,0.0001,0.0
2023-04-09 16:00:00.010000+00:00,1681056000010,2023-04-09T16:00:00.010000+00:00,0.0001,0.0
2023-04-10 00:00:00+00:00,1681084800000,2023-04-10T00:00:00+00:00,0.0001,0.0
2023-04-10 08:00:00.010000+00:00,1681113600010,2023-04-10T08:00:00.010000+00:00,6.2e-06,0.0
2023-04-10 16:00:00.006000+00:00,1681142400006,2023-04-10T16:00:00.006000+00:00,1.975e-05,0.0
2023-04-11 00:00:00.008000+00:00,1681171200008,2023-04-11T00:00:00.008000+00:00,0.0001,0.0
2023-04-11 08:00:00.007000+00:00,1681200000007,2023-04-11T08:00:00.007000+00:00,0.0001,0.0
2023-04-11 16:00:00.016000+00:00,1681228800016,2023-04-11T16:00:00.016000+00:00,0.0001,0.0
2023-04-12 00:00:00.006000+00:00,1681257600006,2023-04-12T00:00:00.006000+00:00,0.0001,0.0
2023-04-12 08:00:00.008000+00:00,1681286400008,2023-04-12T08:00:00.008000+00:00,6.546e-05,0.0
2023-04-12 16:00:00.014000+00:00,1681315200014,2023-04-12T16:00:00.014000+00:00,0.0001,0.0
2023-04-13 00:00:00.027000+00:00,1681344000027,2023-04-13T00:00:00.027000+00:00,0.0001,0.0
2023-04-13 08:00:00.010000+00:00,1681372800010,2023-04-13T08:00:00.010000+00:00,0.0001,0.0
2023-04-13 16:00:00+00:00,1681401600000,2023-04-13T16:00:00+00:00,0.0001,0.0
2023-04-14 00:00:00.001000+00:00,1681430400001,2023-04-14T00:00:00.001000+00:00,0.0001,0.0
2023-04-14 08:00:00.008000+00:00,1681459200008,2023-04-14T08:00:00.008000+00:00,0.0001,0.0
2023-04-14 16:00:00.007000+00:00,1681488000007,2023-04-14T16:00:00.007000+00:00,0.0001,0.0
2023-04-15 00:00:00.007000+00:00,1681516800007,2023-04-15T00:00:00.007000+00:00,0.0001,0.0
2023-04-15 08:00:00.007000+00:00,1681545600007,2023-04-15T08:00:00.007000+00:00,0.0001,0.0
2023-04-15 16:00:00.011000+00:00,1681574400011,2023-04-15T16:00:00.011000+00:00,0.0001,0.0
2023-04-16 00:00:00.014000+00:00,1681603200014,2023-04-16T00:00:00.014000+00:00,0.0001,0.0
2023-04-16 08:00:00.007000+00:00,1681632000007,2023-04-16T08:00:00.007000+00:00,0.0001,0.0
2023-04-16 16:00:00.002000+00:00,1681660800002,2023-04-16T16:00:00.002000+00:00,0.0001,0.0
2023-04-17 00:00:00.017000+00:00,1681689600017,2023-04-17T00:00:00.017000+00:00,0.0001,0.0
2023-04-17 08:00:00.006000+00:00,1681718400006,2023-04-17T08:00:00.006000+00:00,0.0001,0.0
2023-04-17 16:00:00+00:00,1681747200000,2023-04-17T16:00:00+00:00,0.0001,0.0
2023-04-18 00:00:00.013000+00:00,1681776000013,2023-04-18T00:00:00.013000+00:00,0.0001,0.0
2023-04-18 08:00:00.017000+00:00,1681804800017,2023-04-18T08:00:00.017000+00:00,0.0001,0.0
2023-04-18 16:00:00+00:00,1681833600000,2023-04-18T16:00:00+00:00,0.0001,0.0
2023-04-19 00:00:00.022000+00:00,1681862400022,2023-04-19T00:00:00.022000+00:00,0.0001,0.0
2023-04-19 08:00:00.014000+00:00,1681891200014,2023-04-19T08:00:00.014000+00:00,0.0001,0.0
2023-04-19 16:00:00+00:00,1681920000000,2023-04-19T16:00:00+00:00,8.52e-05,0.0
2023-04-20 00:00:00.010000+00:00,1681948800010,2023-04-20T00:00:00.010000+00:00,0.0001,0.0
2023-04-20 08:00:00.012000+00:00,1681977600012,2023-04-20T08:00:00.012000+00:00,0.0001,0.0
2023-04-20 16:00:00.012000+00:00,1682006400012,2023-04-20T16:00:00.012000+00:00,0.0001,0.0
2023-04-21 00:00:00.009000+00:00,1682035200009,2023-04-21T00:00:00.009000+00:00,0.0001,0.0
2023-04-21 08:00:00.009000+00:00,1682064000009,2023-04-21T08:00:00.009000+00:00,0.0001,0.0
2023-04-21 16:00:00.003000+00:00,1682092800003,2023-04-21T16:00:00.003000+00:00,0.0001,0.0
2023-04-22 00:00:00+00:00,1682121600000,2023-04-22T00:00:00+00:00,7.205e-05,0.0
2023-04-22 08:00:00+00:00,1682150400000,2023-04-22T08:00:00+00:00,-1.536e-05,0.0
2023-04-22 16:00:00.016000+00:00,1682179200016,2023-04-22T16:00:00.016000+00:00,0.0001,0.0
2023-04-23 00:00:00.009000+00:00,1682208000009,2023-04-23T00:00:00.009000+00:00,0.0001,0.0
2023-04-23 08:00:00.020000+00:00,1682236800020,2023-04-23T08:00:00.020000+00:00,0.0001,0.0
2023-04-23 16:00:00.007000+00:00,1682265600007,2023-04-23T16:00:00.007000+00:00,9.295e-05,0.0
2023-04-24 00:00:00+00:00,1682294400000,2023-04-24T00:00:00+00:00,0.0001,0.0
2023-04-24 08:00:00.008000+00:00,1682323200008,2023-04-24T08:00:00.008000+00:00,0.0001,0.0
2023-04-24 16:00:00.006000+00:00,1682352000006,2023-04-24T16:00:00.006000+00:00,0.0001,0.0
2023-04-25 00:00:00.014000+00:00,1682380800014,2023-04-25T00:00:00.014000+00:00,-8.17e-06,0.0
2023-04-25 08:00:00.009000+00:00,1682409600009,2023-04-25T08:00:00.009000+00:00,5.822e-05,0.0
2023-04-25 16:00:00.015000+00:00,1682438400015,2023-04-25T16:00:00.015000+00:00,9.713e-05,0.0
2023-04-26 00:00:00.015000+00:00,1682467200015,2023-04-26T00:00:00.015000+00:00,0.0001,0.0
2023-04-26 08:00:00.013000+00:00,1682496000013,2023-04-26T08:00:00.013000+00:00,9.7e-05,0.0
2023-04-26 16:00:00.001000+00:00,1682524800001,2023-04-26T16:00:00.001000+00:00,0.0001,0.0
2023-04-27 00:00:00.014000+00:00,1682553600014,2023-04-27T00:00:00.014000+00:00,8.763e-05,0.0
2023-04-27 08:00:00.008000+00:00,1682582400008,2023-04-27T08:00:00.008000+00:00,0.0001,0.0
2023-04-27 16:00:00.005000+00:00,1682611200005,2023-04-27T16:00:00.005000+00:00,0.0001,0.0
2023-04-28 00:00:00.011000+00:00,1682640000011,2023-04-28T00:00:00.011000+00:00,8.159e-05,0.0
2023-04-28 08:00:00.007000+00:00,1682668800007,2023-04-28T08:00:00.007000+00:00,9.782e-05,0.0
2023-04-28 16:00:00.006000+00:00,1682697600006,2023-04-28T16:00:00.006000+00:00,9.448e-05,0.0
2023-04-29 00:00:00.004000+00:00,1682726400004,2023-04-29T00:00:00.004000+00:00,8.153e-05,0.0
2023-04-29 08:00:00.016000+00:00,1682755200016,2023-04-29T08:00:00.016000+00:00,0.0001,0.0
2023-04-29 16:00:00.001000+00:00,1682784000001,2023-04-29T16:00:00.001000+00:00,5.71e-05,0.0
2023-04-30 00:00:00.008000+00:00,1682812800008,2023-04-30T00:00:00.008000+00:00,7.047e-05,0.0
2023-04-30 08:00:00+00:00,1682841600000,2023-04-30T08:00:00+00:00,7.254e-05,0.0
2023-04-30 16:00:00.010000+00:00,1682870400010,2023-04-30T16:00:00.010000+00:00,7.774e-05,0.0
2023-05-01 00:00:00.004000+00:00,1682899200004,2023-05-01T00:00:00.004000+00:00,-1.613e-05,0.0
2023-05-01 08:00:00.008000+00:00,1682928000008,2023-05-01T08:00:00.008000+00:00,8.01e-06,0.0
2023-05-01 16:00:00.014000+00:00,1682956800014,2023-05-01T16:00:00.014000+00:00,-1.113e-05,0.0
2023-05-02 00:00:00.015000+00:00,1682985600015,2023-05-02T00:00:00.015000+00:00,6.617e-05,0.0
2023-05-02 08:00:00.018000+00:00,1683014400018,2023-05-02T08:00:00.018000+00:00,3.287e-05,0.0
2023-05-02 16:00:00+00:00,1683043200000,2023-05-02T16:00:00+00:00,6.158e-05,0.0
2023-05-03 00:00:00.009000+00:00,1683072000009,2023-05-03T00:00:00.009000+00:00,0.0001,0.0
2023-05-03 08:00:00.003000+00:00,1683100800003,2023-05-03T08:00:00.003000+00:00,1.684e-05,0.0
2023-05-03 16:00:00.011000+00:00,1683129600011,2023-05-03T16:00:00.011000+00:00,-7.323e-05,0.0
2023-05-04 00:00:00+00:00,1683158400000,2023-05-04T00:00:00+00:00,0.0001,0.0
2023-05-04 08:00:00+00:00,1683187200000,2023-05-04T08:00:00+00:00,0.0001,0.0
2023-05-04 16:00:00.011000+00:00,1683216000011,2023-05-04T16:00:00.011000+00:00,0.0001,0.0
2023-05-05 00:00:00.002000+00:00,1683244800002,2023-05-05T00:00:00.002000+00:00,0.0001,0.0
2023-05-05 08:00:00+00:00,1683273600000,2023-05-05T08:00:00+00:00,0.0001,0.0
2023-05-05 16:00:00+00:00,1683302400000,2023-05-05T16:00:00+00:00,0.0001,0.0
2023-05-06 00:00:00.009000+00:00,1683331200009,2023-05-06T00:00:00.009000+00:00,0.0001,0.0
2023-05-06 08:00:00+00:00,1683360000000,2023-05-06T08:00:00+00:00,0.0001,0.0
2023-05-06 16:00:00+00:00,1683388800000,2023-05-06T16:00:00+00:00,-7.688e-05,0.0
2023-05-07 00:00:00+00:00,1683417600000,2023-05-07T00:00:00+00:00,1.449e-05,0.0
2023-05-07 08:00:00+00:00,1683446400000,2023-05-07T08:00:00+00:00,9.678e-05,0.0
2023-05-07 16:00:00.006000+00:00,1683475200006,2023-05-07T16:00:00.006000+00:00,0.0001,0.0
2023-05-08 00:00:00+00:00,1683504000000,2023-05-08T00:00:00+00:00,6.68e-05,0.0
2023-05-08 08:00:00.007000+00:00,1683532800007,2023-05-08T08:00:00.007000+00:00,8.411e-05,0.0
2023-05-08 16:00:00.015000+00:00,1683561600015,2023-05-08T16:00:00.015000+00:00,9.976e-05,0.0
2023-05-09 00:00:00.015000+00:00,1683590400015,2023-05-09T00:00:00.015000+00:00,7.69e-06,0.0
2023-05-09 08:00:00+00:00,1683619200000,2023-05-09T08:00:00+00:00,5.24e-05,0.0
2023-05-09 16:00:00+00:00,1683648000000,2023-05-09T16:00:00+00:00,1.019e-05,0.0
2023-05-10 00:00:00.007000+00:00,1683676800007,2023-05-10T00:00:00.007000+00:00,-1.549e-05,0.0
2023-05-10 08:00:00.003000+00:00,1683705600003,2023-05-10T08:00:00.003000+00:00,0.0001,0.0
2023-05-10 16:00:00+00:00,1683734400000,2023-05-10T16:00:00+00:00,-8.458e-05,0.0
2023-05-11 00:00:00.011000+00:00,1683763200011,2023-05-11T00:00:00.011000+00:00,9.805e-05,0.0
2023-05-11 08:00:00+00:00,1683792000000,2023-05-11T08:00:00+00:00,0.0001,0.0
2023-05-11 16:00:00.005000+00:00,1683820800005,2023-05-11T16:00:00.005000+00:00,-3.754e-05,0.0
2023-05-12 00:00:00.020000+00:00,1683849600020,2023-05-12T00:00:00.020000+00:00,6.118e-05,0.0
2023-05-12 08:00:00.001000+00:00,1683878400001,2023-05-12T08:00:00.001000+00:00,0.0001,0.0
2023-05-12 16:00:00.010000+00:00,1683907200010,2023-05-12T16:00:00.010000+00:00,0.0001,0.0
2023-05-13 00:00:00+00:00,1683936000000,2023-05-13T00:00:00+00:00,0.0001,0.0
2023-05-13 08:00:00+00:00,1683964800000,2023-05-13T08:00:00+00:00,0.0001,0.0
2023-05-13 16:00:00.026000+00:00,1683993600026,2023-05-13T16:00:00.026000+00:00,0.0001,0.0
2023-05-14 00:00:00.029000+00:00,1684022400029,2023-05-14T00:00:00.029000+00:00,0.0001,0.0
2023-05-14 08:00:00.010000+00:00,1684051200010,2023-05-14T08:00:00.010000+00:00,0.0001,0.0
2023-05-14 16:00:00.008000+00:00,1684080000008,2023-05-14T16:00:00.008000+00:00,0.0001,0.0
2023-05-15 00:00:00.006000+00:00,1684108800006,2023-05-15T00:00:00.006000+00:00,0.0001,0.0
2023-05-15 08:00:00.005000+00:00,1684137600005,2023-05-15T08:00:00.005000+00:00,0.0001,0.0
2023-05-15 16:00:00.008000+00:00,1684166400008,2023-05-15T16:00:00.008000+00:00,5.817e-05,0.0
2023-05-16 00:00:00.021000+00:00,1684195200021,2023-05-16T00:00:00.021000+00:00,5.619e-05,0.0
2023-05-16 08:00:00+00:00,1684224000000,2023-05-16T08:00:00+00:00,0.0001,0.0
2023-05-16 16:00:00+00:00,1684252800000,2023-05-16T16:00:00+00:00,8.386e-05,0.0
2023-05-17 00:00:00.010000+00:00,1684281600010,2023-05-17T00:00:00.010000+00:00,0.0001,0.0
2023-05-17 08:00:00+00:00,1684310400000,2023-05-17T08:00:00+00:00,0.0001,0.0
2023-05-17 16:00:00.001000+00:00,1684339200001,2023-05-17T16:00:00.001000+00:00,9.385e-05,0.0
2023-05-18 00:00:00+00:00,1684368000000,2023-05-18T00:00:00+00:00,0.0001,0.0
2023-05-18 08:00:00.026000+00:00,1684396800026,2023-05-18T08:00:00.026000+00:00,0.0001,0.0
2023-05-18 16:00:00.019000+00:00,1684425600019,2023-05-18T16:00:00.019000+00:00,3.981e-05,0.0
2023-05-19 00:00:00+00:00,1684454400000,2023-05-19T00:00:00+00:00,0.0001,0.0
2023-05-19 08:00:00.002000+00:00,1684483200002,2023-05-19T08:00:00.002000+00:00,2.213e-05,0.0
2023-05-19 16:00:00+00:00,1684512000000,2023-05-19T16:00:00+00:00,0.0001,0.0
2023-05-20 00:00:00.005000+00:00,1684540800005,2023-05-20T00:00:00.005000+00:00,-3.146e-05,0.0
2023-05-20 08:00:00.014000+00:00,1684569600014,2023-05-20T08:00:00.014000+00:00,-9.458e-05,0.0
2023-05-20 16:00:00.020000+00:00,1684598400020,2023-05-20T16:00:00.020000+00:00,-4.573e-05,0.0
2023-05-21 00:00:00.014000+00:00,1684627200014,2023-05-21T00:00:00.014000+00:00,-2.31e-06,0.0
2023-05-21 08:00:00.001000+00:00,1684656000001,2023-05-21T08:00:00.001000+00:00,-2.054e-05,0.0
2023-05-21 16:00:00.015000+00:00,1684684800015,2023-05-21T16:00:00.015000+00:00,-5.934e-05,0.0
2023-05-22 00:00:00.028000+00:00,1684713600028,2023-05-22T00:00:00.028000+00:00,-4.44e-06,0.0
2023-05-22 08:00:00+00:00,1684742400000,2023-05-22T08:00:00+00:00,0.0001,0.0
2023-05-22 16:00:00.012000+00:00,1684771200012,2023-05-22T16:00:00.012000+00:00,0.0001,0.0
2023-05-23 00:00:00.006000+00:00,1684800000006,2023-05-23T00:00:00.006000+00:00,0.0001,0.0
2023-05-23 08:00:00.014000+00:00,1684828800014,2023-05-23T08:00:00.014000+00:00,0.0001,0.0
2023-05-23 16:00:00.008000+00:00,1684857600008,2023-05-23T16:00:00.008000+00:00,0.0001,0.0
2023-05-24 00:00:00+00:00,1684886400000,2023-05-24T00:00:00+00:00,0.0001,0.0
2023-05-24 08:00:00.025000+00:00,1684915200025,2023-05-24T08:00:00.025000+00:00,0.0001,0.0
2023-05-24 16:00:00.008000+00:00,1684944000008,2023-05-24T16:00:00.008000+00:00,0.0001,0.0
2023-05-25 00:00:00+00:00,1684972800000,2023-05-25T00:00:00+00:00,0.0001,0.0
2023-05-25 08:00:00.025000+00:00,1685001600025,2023-05-25T08:00:00.025000+00:00,1.353e-05,0.0
2023-05-25 16:00:00.016000+00:00,1685030400016,2023-05-25T16:00:00.016000+00:00,-2.526e-05,0.0
2023-05-26 00:00:00+00:00,1685059200000,2023-05-26T00:00:00+00:00,9.451e-05,0.0
2023-05-26 08:00:00.024000+00:00,1685088000024,2023-05-26T08:00:00.024000+00:00,0.0001,0.0
2023-05-26 16:00:00.012000+00:00,1685116800012,2023-05-26T16:00:00.012000+00:00,0.0001,0.0
2023-05-27 00:00:00.012000+00:00,1685145600012,2023-05-27T00:00:00.012000+00:00,0.0001,0.0
2023-05-27 08:00:00.018000+00:00,1685174400018,2023-05-27T08:00:00.018000+00:00,0.0001,0.0
2023-05-27 16:00:00.008000+00:00,1685203200008,2023-05-27T16:00:00.008000+00:00,0.0001,0.0
2023-05-28 00:00:00.017000+00:00,1685232000017,2023-05-28T00:00:00.017000+00:00,0.0001,0.0
2023-05-28 08:00:00.015000+00:00,1685260800015,2023-05-28T08:00:00.015000+00:00,0.0001,0.0
2023-05-28 16:00:00+00:00,1685289600000,2023-05-28T16:00:00+00:00,0.0001,0.0
2023-05-29 00:00:00+00:00,1685318400000,2023-05-29T00:00:00+00:00,0.0001,0.0
2023-05-29 08:00:00.020000+00:00,1685347200020,2023-05-29T08:00:00.020000+00:00,0.0001,0.0
2023-05-29 16:00:00.011000+00:00,1685376000011,2023-05-29T16:00:00.011000+00:00,0.0001,0.0
2023-05-30 00:00:00.003000+00:00,1685404800003,2023-05-30T00:00:00.003000+00:00,0.0001,0.0
2023-05-30 08:00:00+00:00,1685433600000,2023-05-30T08:00:00+00:00,0.0001,0.0
2023-05-30 16:00:00.003000+00:00,1685462400003,2023-05-30T16:00:00.003000+00:00,0.0001,0.0
2023-05-31 00:00:00.013000+00:00,1685491200013,2023-05-31T00:00:00.013000+00:00,0.0001,0.0
2023-05-31 08:00:00+00:00,1685520000000,2023-05-31T08:00:00+00:00,0.0001,0.0
2023-05-31 16:00:00+00:00,1685548800000,2023-05-31T16:00:00+00:00,0.0001,0.0
2023-06-01 00:00:00.008000+00:00,1685577600008,2023-06-01T00:00:00.008000+00:00,0.0001,0.0
2023-06-01 08:00:00.012000+00:00,1685606400012,2023-06-01T08:00:00.012000+00:00,0.0001,0.0
2023-06-01 16:00:00+00:00,1685635200000,2023-06-01T16:00:00+00:00,-6.36e-06,0.0
2023-06-02 00:00:00+00:00,1685664000000,2023-06-02T00:00:00+00:00,-1.236e-05,0.0
2023-06-02 08:00:00.006000+00:00,1685692800006,2023-06-02T08:00:00.006000+00:00,0.0001,0.0
2023-06-02 16:00:00.012000+00:00,1685721600012,2023-06-02T16:00:00.012000+00:00,0.0001,0.0
2023-06-03 00:00:00+00:00,1685750400000,2023-06-03T00:00:00+00:00,0.0001,0.0
2023-06-03 08:00:00.011000+00:00,1685779200011,2023-06-03T08:00:00.011000+00:00,0.0001,0.0
2023-06-03 16:00:00.003000+00:00,1685808000003,2023-06-03T16:00:00.003000+00:00,0.0001,0.0
2023-06-04 00:00:00+00:00,1685836800000,2023-06-04T00:00:00+00:00,0.0001,0.0
2023-06-04 08:00:00+00:00,1685865600000,2023-06-04T08:00:00+00:00,0.0001,0.0
2023-06-04 16:00:00+00:00,1685894400000,2023-06-04T16:00:00+00:00,0.0001,0.0
2023-06-05 00:00:00.005000+00:00,1685923200005,2023-06-05T00:00:00.005000+00:00,0.0001,0.0
2023-06-05 08:00:00+00:00,1685952000000,2023-06-05T08:00:00+00:00,0.0001,0.0
2023-06-05 16:00:00+00:00,1685980800000,2023-06-05T16:00:00+00:00,0.0001,0.0
2023-06-06 00:00:00+00:00,1686009600000,2023-06-06T00:00:00+00:00,-7.061e-05,0.0
2023-06-06 08:00:00.009000+00:00,1686038400009,2023-06-06T08:00:00.009000+00:00,2.807e-05,0.0
2023-06-06 16:00:00.013000+00:00,1686067200013,2023-06-06T16:00:00.013000+00:00,8.528e-05,0.0
2023-06-07 00:00:00+00:00,1686096000000,2023-06-07T00:00:00+00:00,4.11e-05,0.0
2023-06-07 08:00:00.016000+00:00,1686124800016,2023-06-07T08:00:00.016000+00:00,0.0001,0.0
2023-06-07 16:00:00+00:00,1686153600000,2023-06-07T16:00:00+00:00,2.179e-05,0.0
2023-06-08 00:00:00.006000+00:00,1686182400006,2023-06-08T00:00:00.006000+00:00,0.0001,0.0
2023-06-08 08:00:00+00:00,1686211200000,2023-06-08T08:00:00+00:00,0.0001,0.0
2023-06-08 16:00:00+00:00,1686240000000,2023-06-08T16:00:00+00:00,0.0001,0.0
2023-06-09 00:00:00+00:00,1686268800000,2023-06-09T00:00:00+00:00,0.0001,0.0
2023-06-09 08:00:00+00:00,1686297600000,2023-06-09T08:00:00+00:00,0.0001,0.0
2023-06-09 16:00:00+00:00,1686326400000,2023-06-09T16:00:00+00:00,0.0001,0.0
2023-06-10 00:00:00+00:00,1686355200000,2023-06-10T00:00:00+00:00,0.0001,0.0
2023-06-10 08:00:00+00:00,1686384000000,2023-06-10T08:00:00+00:00,-6.8e-05,0.0
2023-06-10 16:00:00+00:00,1686412800000,2023-06-10T16:00:00+00:00,-0.00070382,0.0
2023-06-11 00:00:00.001000+00:00,1686441600001,2023-06-11T00:00:00.001000+00:00,-0.00052764,0.0
2023-06-11 08:00:00+00:00,1686470400000,2023-06-11T08:00:00+00:00,-0.0002327,0.0
2023-06-11 16:00:00+00:00,1686499200000,2023-06-11T16:00:00+00:00,-0.0005839,0.0
2023-06-12 00:00:00+00:00,1686528000000,2023-06-12T00:00:00+00:00,-0.00033988,0.0
2023-06-12 08:00:00+00:00,1686556800000,2023-06-12T08:00:00+00:00,-0.00014433,0.0
2023-06-12 16:00:00.001000+00:00,1686585600001,2023-06-12T16:00:00.001000+00:00,-1.789e-05,0.0
2023-06-13 00:00:00+00:00,1686614400000,2023-06-13T00:00:00+00:00,-2.851e-05,0.0
2023-06-13 08:00:00+00:00,1686643200000,2023-06-13T08:00:00+00:00,-0.00026108,0.0
2023-06-13 16:00:00+00:00,1686672000000,2023-06-13T16:00:00+00:00,-7.421e-05,0.0
2023-06-14 00:00:00+00:00,1686700800000,2023-06-14T00:00:00+00:00,9.3e-06,0.0
2023-06-14 08:00:00+00:00,1686729600000,2023-06-14T08:00:00+00:00,-0.00012798,0.0
2023-06-14 16:00:00+00:00,1686758400000,2023-06-14T16:00:00+00:00,2.799e-05,0.0
2023-06-15 00:00:00+00:00,1686787200000,2023-06-15T00:00:00+00:00,-6.097e-05,0.0
2023-06-15 08:00:00+00:00,1686816000000,2023-06-15T08:00:00+00:00,3.636e-05,0.0
2023-06-15 16:00:00+00:00,1686844800000,2023-06-15T16:00:00+00:00,9.56e-05,0.0
2023-06-16 00:00:00+00:00,1686873600000,2023-06-16T00:00:00+00:00,-3.703e-05,0.0
2023-06-16 08:00:00+00:00,1686902400000,2023-06-16T08:00:00+00:00,-4.052e-05,0.0
2023-06-16 16:00:00+00:00,1686931200000,2023-06-16T16:00:00+00:00,-7.134e-05,0.0
2023-06-17 00:00:00+00:00,1686960000000,2023-06-17T00:00:00+00:00,-2.564e-05,0.0
2023-06-17 08:00:00+00:00,1686988800000,2023-06-17T08:00:00+00:00,9.068e-05,0.0
2023-06-17 16:00:00+00:00,1687017600000,2023-06-17T16:00:00+00:00,2.354e-05,0.0
2023-06-18 00:00:00+00:00,1687046400000,2023-06-18T00:00:00+00:00,-8.478e-05,0.0
2023-06-18 08:00:00+00:00,1687075200000,2023-06-18T08:00:00+00:00,-4.256e-05,0.0
2023-06-18 16:00:00+00:00,1687104000000,2023-06-18T16:00:00+00:00,5.842e-05,0.0
2023-06-19 00:00:00+00:00,1687132800000,2023-06-19T00:00:00+00:00,-5.092e-05,0.0
2023-06-19 08:00:00+00:00,1687161600000,2023-06-19T08:00:00+00:00,-6.133e-05,0.0
2023-06-19 16:00:00+00:00,1687190400000,2023-06-19T16:00:00+00:00,-0.00015647,0.0
2023-06-20 00:00:00.001000+00:00,1687219200001,2023-06-20T00:00:00.001000+00:00,-1.787e-05,0.0
2023-06-20 08:00:00+00:00,1687248000000,2023-06-20T08:00:00+00:00,-5.439e-05,0.0
2023-06-20 16:00:00+00:00,1687276800000,2023-06-20T16:00:00+00:00,-0.00033145,0.0
2023-06-21 00:00:00+00:00,1687305600000,2023-06-21T00:00:00+00:00,6.025e-05,0.0
2023-06-21 08:00:00+00:00,1687334400000,2023-06-21T08:00:00+00:00,7.926e-05,0.0
2023-06-21 16:00:00+00:00,1687363200000,2023-06-21T16:00:00+00:00,-4.432e-05,0.0
2023-06-22 00:00:00+00:00,1687392000000,2023-06-22T00:00:00+00:00,3.874e-05,0.0
2023-06-22 08:00:00.001000+00:00,1687420800001,2023-06-22T08:00:00.001000+00:00,7.863e-05,0.0
2023-06-22 16:00:00+00:00,1687449600000,2023-06-22T16:00:00+00:00,2.131e-05,0.0
2023-06-23 00:00:00+00:00,1687478400000,2023-06-23T00:00:00+00:00,-9.43e-05,0.0
2023-06-23 08:00:00+00:00,1687507200000,2023-06-23T08:00:00+00:00,0.0001,0.0
2023-06-23 16:00:00+00:00,1687536000000,2023-06-23T16:00:00+00:00,-3.175e-05,0.0
2023-06-24 00:00:00+00:00,1687564800000,2023-06-24T00:00:00+00:00,-8.658e-05,0.0
2023-06-24 08:00:00+00:00,1687593600000,2023-06-24T08:00:00+00:00,-0.00010757,0.0
2023-06-24 16:00:00+00:00,1687622400000,2023-06-24T16:00:00+00:00,-0.00038442,0.0
2023-06-25 00:00:00+00:00,1687651200000,2023-06-25T00:00:00+00:00,-8.752e-05,0.0
2023-06-25 08:00:00+00:00,1687680000000,2023-06-25T08:00:00+00:00,7.891e-05,0.0
2023-06-25 16:00:00+00:00,1687708800000,2023-06-25T16:00:00+00:00,5.986e-05,0.0
2023-06-26 00:00:00+00:00,1687737600000,2023-06-26T00:00:00+00:00,-4.964e-05,0.0
2023-06-26 08:00:00+00:00,1687766400000,2023-06-26T08:00:00+00:00,-0.00014392,0.0
2023-06-26 16:00:00+00:00,1687795200000,2023-06-26T16:00:00+00:00,5.246e-05,0.0
2023-06-27 00:00:00+00:00,1687824000000,2023-06-27T00:00:00+00:00,-0.00018887,0.0
2023-06-27 08:00:00+00:00,1687852800000,2023-06-27T08:00:00+00:00,-0.00022157,0.0
2023-06-27 16:00:00+00:00,1687881600000,2023-06-27T16:00:00+00:00,-0.00017618,0.0
2023-06-28 00:00:00+00:00,1687910400000,2023-06-28T00:00:00+00:00,-1.451e-05,0.0
2023-06-28 08:00:00+00:00,1687939200000,2023-06-28T08:00:00+00:00,-0.00024837,0.0
2023-06-28 16:00:00+00:00,1687968000000,2023-06-28T16:00:00+00:00,-3.109e-05,0.0
2023-06-29 00:00:00+00:00,1687996800000,2023-06-29T00:00:00+00:00,-8.401e-05,0.0
2023-06-29 08:00:00+00:00,1688025600000,2023-06-29T08:00:00+00:00,1.16e-06,0.0
2023-06-29 16:00:00+00:00,1688054400000,2023-06-29T16:00:00+00:00,7.487e-05,0.0
2023-06-30 00:00:00+00:00,1688083200000,2023-06-30T00:00:00+00:00,-7.466e-05,0.0
2023-06-30 08:00:00+00:00,1688112000000,2023-06-30T08:00:00+00:00,0.0001,0.0
2023-06-30 16:00:00.001000+00:00,1688140800001,2023-06-30T16:00:00.001000+00:00,0.0001,0.0
2023-07-01 00:00:00+00:00,1688169600000,2023-07-01T00:00:00+00:00,-7.423e-05,0.0
2023-07-01 08:00:00+00:00,1688198400000,2023-07-01T08:00:00+00:00,4.359e-05,0.0
2023-07-01 16:00:00+00:00,1688227200000,2023-07-01T16:00:00+00:00,5.691e-05,0.0
2023-07-02 00:00:00+00:00,1688256000000,2023-07-02T00:00:00+00:00,0.0001,0.0
2023-07-02 08:00:00+00:00,1688284800000,2023-07-02T08:00:00+00:00,0.0001,0.0
2023-07-02 16:00:00.001000+00:00,1688313600001,2023-07-02T16:00:00.001000+00:00,0.0001,0.0
2023-07-03 00:00:00+00:00,1688342400000,2023-07-03T00:00:00+00:00,0.0001,0.0
2023-07-03 08:00:00+00:00,1688371200000,2023-07-03T08:00:00+00:00,0.0001,0.0
2023-07-03 16:00:00+00:00,1688400000000,2023-07-03T16:00:00+00:00,0.0001,0.0
2023-07-04 00:00:00.001000+00:00,1688428800001,2023-07-04T00:00:00.001000+00:00,0.0001,0.0
2023-07-04 08:00:00+00:00,1688457600000,2023-07-04T08:00:00+00:00,0.0001,0.0
2023-07-04 16:00:00+00:00,1688486400000,2023-07-04T16:00:00+00:00,0.0001,0.0
2023-07-05 00:00:00+00:00,1688515200000,2023-07-05T00:00:00+00:00,0.0001,0.0
2023-07-05 08:00:00+00:00,1688544000000,2023-07-05T08:00:00+00:00,0.0001,0.0
2023-07-05 16:00:00+00:00,1688572800000,2023-07-05T16:00:00+00:00,-6.05e-05,0.0
2023-07-06 00:00:00+00:00,1688601600000,2023-07-06T00:00:00+00:00,8.46e-06,0.0
2023-07-06 08:00:00+00:00,1688630400000,2023-07-06T08:00:00+00:00,0.0001,0.0
2023-07-06 16:00:00+00:00,1688659200000,2023-07-06T16:00:00+00:00,-0.00010415,0.0
2023-07-07 00:00:00+00:00,1688688000000,2023-07-07T00:00:00+00:00,2.08e-05,0.0
2023-07-07 08:00:00+00:00,1688716800000,2023-07-07T08:00:00+00:00,-5.143e-05,0.0
2023-07-07 16:00:00+00:00,1688745600000,2023-07-07T16:00:00+00:00,4.86e-06,0.0
2023-07-08 00:00:00+00:00,1688774400000,2023-07-08T00:00:00+00:00,-1.521e-05,0.0
2023-07-08 08:00:00+00:00,1688803200000,2023-07-08T08:00:00+00:00,-0.00019778,0.0
2023-07-08 16:00:00+00:00,1688832000000,2023-07-08T16:00:00+00:00,2.541e-05,0.0
2023-07-09 00:00:00+00:00,1688860800000,2023-07-09T00:00:00+00:00,3.41e-06,0.0
2023-07-09 08:00:00+00:00,1688889600000,2023-07-09T08:00:00+00:00,-1.152e-05,0.0
2023-07-09 16:00:00+00:00,1688918400000,2023-07-09T16:00:00+00:00,-8.69e-06,0.0
2023-07-10 00:00:00+00:00,1688947200000,2023-07-10T00:00:00+00:00,-3.259e-05,0.0
2023-07-10 08:00:00+00:00,1688976000000,2023-07-10T08:00:00+00:00,-5.9e-05,0.0
2023-07-10 16:00:00+00:00,1689004800000,2023-07-10T16:00:00+00:00,0.0001,0.0
2023-07-11 00:00:00+00:00,1689033600000,2023-07-11T00:00:00+00:00,0.0001,0.0
2023-07-11 08:00:00+00:00,1689062400000,2023-07-11T08:00:00+00:00,0.0001,0.0
2023-07-11 16:00:00+00:00,1689091200000,2023-07-11T16:00:00+00:00,0.0001,0.0
2023-07-12 00:00:00+00:00,1689120000000,2023-07-12T00:00:00+00:00,0.0001,0.0
2023-07-12 08:00:00+00:00,1689148800000,2023-07-12T08:00:00+00:00,0.0001,0.0
2023-07-12 16:00:00+00:00,1689177600000,2023-07-12T16:00:00+00:00,0.0001,0.0
2023-07-13 00:00:00+00:00,1689206400000,2023-07-13T00:00:00+00:00,-9.71e-06,0.0
2023-07-13 08:00:00+00:00,1689235200000,2023-07-13T08:00:00+00:00,0.0001,0.0
2023-07-13 16:00:00+00:00,1689264000000,2023-07-13T16:00:00+00:00,-0.00021565,0.0
2023-07-14 00:00:00+00:00,1689292800000,2023-07-14T00:00:00+00:00,0.0001,0.0
2023-07-14 08:00:00+00:00,1689321600000,2023-07-14T08:00:00+00:00,0.0001,0.0
2023-07-14 16:00:00+00:00,1689350400000,2023-07-14T16:00:00+00:00,0.0001,0.0
2023-07-15 00:00:00+00:00,1689379200000,2023-07-15T00:00:00+00:00,0.0001,0.0
2023-07-15 08:00:00+00:00,1689408000000,2023-07-15T08:00:00+00:00,0.0001,0.0
2023-07-15 16:00:00+00:00,1689436800000,2023-07-15T16:00:00+00:00,0.0001,0.0
2023-07-16 00:00:00.001000+00:00,1689465600001,2023-07-16T00:00:00.001000+00:00,2.573e-05,0.0
2023-07-16 08:00:00+00:00,1689494400000,2023-07-16T08:00:00+00:00,-5.582e-05,0.0
2023-07-16 16:00:00+00:00,1689523200000,2023-07-16T16:00:00+00:00,-0.00016704,0.0
2023-07-17 00:00:00+00:00,1689552000000,2023-07-17T00:00:00+00:00,-0.00019308,0.0
2023-07-17 08:00:00+00:00,1689580800000,2023-07-17T08:00:00+00:00,-2.597e-05,0.0
2023-07-17 16:00:00+00:00,1689609600000,2023-07-17T16:00:00+00:00,0.0001,0.0
2023-07-18 00:00:00+00:00,1689638400000,2023-07-18T00:00:00+00:00,0.0001,0.0
2023-07-18 08:00:00+00:00,1689667200000,2023-07-18T08:00:00+00:00,0.0001,0.0
2023-07-18 16:00:00+00:00,1689696000000,2023-07-18T16:00:00+00:00,0.0001,0.0
2023-07-19 00:00:00+00:00,1689724800000,2023-07-19T00:00:00+00:00,0.0001,0.0
2023-07-19 08:00:00+00:00,1689753600000,2023-07-19T08:00:00+00:00,0.0001,0.0
2023-07-19 16:00:00.001000+00:00,1689782400001,2023-07-19T16:00:00.001000+00:00,0.0001,0.0
2023-07-20 00:00:00+00:00,1689811200000,2023-07-20T00:00:00+00:00,5.928e-05,0.0
2023-07-20 08:00:00+00:00,1689840000000,2023-07-20T08:00:00+00:00,0.0001,0.0
2023-07-20 16:00:00+00:00,1689868800000,2023-07-20T16:00:00+00:00,0.0001,0.0
2023-07-21 00:00:00.001000+00:00,1689897600001,2023-07-21T00:00:00.001000+00:00,0.0001,0.0
2023-07-21 08:00:00+00:00,1689926400000,2023-07-21T08:00:00+00:00,0.0001,0.0
2023-07-21 16:00:00+00:00,1689955200000,2023-07-21T16:00:00+00:00,0.0001,0.0
2023-07-22 00:00:00+00:00,1689984000000,2023-07-22T00:00:00+00:00,0.0001,0.0
2023-07-22 08:00:00+00:00,1690012800000,2023-07-22T08:00:00+00:00,0.0001,0.0
2023-07-22 16:00:00+00:00,1690041600000,2023-07-22T16:00:00+00:00,0.0001,0.0
2023-07-23 00:00:00+00:00,1690070400000,2023-07-23T00:00:00+00:00,0.0001,0.0
2023-07-23 08:00:00+00:00,1690099200000,2023-07-23T08:00:00+00:00,0.0001,0.0
2023-07-23 16:00:00+00:00,1690128000000,2023-07-23T16:00:00+00:00,0.0001,0.0
2023-07-24 00:00:00+00:00,1690156800000,2023-07-24T00:00:00+00:00,0.0001,0.0
2023-07-24 08:00:00+00:00,1690185600000,2023-07-24T08:00:00+00:00,0.0001,0.0
2023-07-24 16:00:00+00:00,1690214400000,2023-07-24T16:00:00+00:00,0.0001,0.0
2023-07-25 00:00:00+00:00,1690243200000,2023-07-25T00:00:00+00:00,0.0001,0.0
2023-07-25 08:00:00+00:00,1690272000000,2023-07-25T08:00:00+00:00,0.0001,0.0
2023-07-25 16:00:00+00:00,1690300800000,2023-07-25T16:00:00+00:00,0.0001,0.0
2023-07-26 00:00:00+00:00,1690329600000,2023-07-26T00:00:00+00:00,0.0001,0.0
2023-07-26 08:00:00.001000+00:00,1690358400001,2023-07-26T08:00:00.001000+00:00,0.0001,0.0
2023-07-26 16:00:00+00:00,1690387200000,2023-07-26T16:00:00+00:00,0.0001,0.0
2023-07-27 00:00:00+00:00,1690416000000,2023-07-27T00:00:00+00:00,0.0001,0.0
2023-07-27 08:00:00+00:00,1690444800000,2023-07-27T08:00:00+00:00,0.0001,0.0
2023-07-27 16:00:00.001000+00:00,1690473600001,2023-07-27T16:00:00.001000+00:00,0.0001,0.0
2023-07-28 00:00:00+00:00,1690502400000,2023-07-28T00:00:00+00:00,0.0001,0.0
2023-07-28 08:00:00+00:00,1690531200000,2023-07-28T08:00:00+00:00,0.0001,0.0
2023-07-28 16:00:00+00:00,1690560000000,2023-07-28T16:00:00+00:00,0.0001,0.0
2023-07-29 00:00:00+00:00,1690588800000,2023-07-29T00:00:00+00:00,0.0001,0.0
2023-07-29 08:00:00+00:00,1690617600000,2023-07-29T08:00:00+00:00,0.0001,0.0
2023-07-29 16:00:00.001000+00:00,1690646400001,2023-07-29T16:00:00.001000+00:00,0.0001,0.0
2023-07-30 00:00:00+00:00,1690675200000,2023-07-30T00:00:00+00:00,0.0001,0.0
2023-07-30 08:00:00+00:00,1690704000000,2023-07-30T08:00:00+00:00,0.0001,0.0
2023-07-30 16:00:00+00:00,1690732800000,2023-07-30T16:00:00+00:00,0.0001,0.0
2023-07-31 00:00:00+00:00,1690761600000,2023-07-31T00:00:00+00:00,0.0001,0.0
2023-07-31 08:00:00+00:00,1690790400000,2023-07-31T08:00:00+00:00,0.0001,0.0
2023-07-31 16:00:00.001000+00:00,1690819200001,2023-07-31T16:00:00.001000+00:00,0.0001,0.0
2023-08-01 00:00:00+00:00,1690848000000,2023-08-01T00:00:00+00:00,0.0001,0.0
2023-08-01 08:00:00+00:00,1690876800000,2023-08-01T08:00:00+00:00,0.0001,0.0
2023-08-01 16:00:00+00:00,1690905600000,2023-08-01T16:00:00+00:00,0.0001,0.0
2023-08-02 00:00:00+00:00,1690934400000,2023-08-02T00:00:00+00:00,0.0001,0.0
2023-08-02 08:00:00+00:00,1690963200000,2023-08-02T08:00:00+00:00,0.0001,0.0
2023-08-02 16:00:00+00:00,1690992000000,2023-08-02T16:00:00+00:00,0.0001,0.0
2023-08-03 00:00:00+00:00,1691020800000,2023-08-03T00:00:00+00:00,0.0001,0.0
2023-08-03 08:00:00+00:00,1691049600000,2023-08-03T08:00:00+00:00,5.22e-05,0.0
2023-08-03 16:00:00.001000+00:00,1691078400001,2023-08-03T16:00:00.001000+00:00,6.078e-05,0.0
2023-08-04 00:00:00+00:00,1691107200000,2023-08-04T00:00:00+00:00,-9.918e-05,0.0
2023-08-04 08:00:00+00:00,1691136000000,2023-08-04T08:00:00+00:00,2.631e-05,0.0
2023-08-04 16:00:00+00:00,1691164800000,2023-08-04T16:00:00+00:00,-6.334e-05,0.0
2023-08-05 00:00:00+00:00,1691193600000,2023-08-05T00:00:00+00:00,0.0001,0.0
2023-08-05 08:00:00+00:00,1691222400000,2023-08-05T08:00:00+00:00,0.0001,0.0
2023-08-05 16:00:00.001000+00:00,1691251200001,2023-08-05T16:00:00.001000+00:00,0.0001,0.0
2023-08-06 00:00:00+00:00,1691280000000,2023-08-06T00:00:00+00:00,0.0001,0.0
2023-08-06 08:00:00.001000+00:00,1691308800001,2023-08-06T08:00:00.001000+00:00,0.0001,0.0
2023-08-06 16:00:00.005000+00:00,1691337600005,2023-08-06T16:00:00.005000+00:00,0.0001,0.0
2023-08-07 00:00:00+00:00,1691366400000,2023-08-07T00:00:00+00:00,0.0001,0.0
2023-08-07 08:00:00+00:00,1691395200000,2023-08-07T08:00:00+00:00,0.0001,0.0
2023-08-07 16:00:00+00:00,1691424000000,2023-08-07T16:00:00+00:00,0.0001,0.0
2023-08-08 00:00:00+00:00,1691452800000,2023-08-08T00:00:00+00:00,6.479e-05,0.0
2023-08-08 08:00:00+00:00,1691481600000,2023-08-08T08:00:00+00:00,0.0001,0.0
2023-08-08 16:00:00+00:00,1691510400000,2023-08-08T16:00:00+00:00,0.0001,0.0
2023-08-09 00:00:00+00:00,1691539200000,2023-08-09T00:00:00+00:00,0.0001,0.0
2023-08-09 08:00:00+00:00,1691568000000,2023-08-09T08:00:00+00:00,0.0001,0.0
2023-08-09 16:00:00+00:00,1691596800000,2023-08-09T16:00:00+00:00,0.0001,0.0
2023-08-10 00:00:00.001000+00:00,1691625600001,2023-08-10T00:00:00.001000+00:00,0.0001,0.0
2023-08-10 08:00:00+00:00,1691654400000,2023-08-10T08:00:00+00:00,0.0001,0.0
2023-08-10 16:00:00+00:00,1691683200000,2023-08-10T16:00:00+00:00,0.0001,0.0
2023-08-11 00:00:00+00:00,1691712000000,2023-08-11T00:00:00+00:00,0.0001,0.0
2023-08-11 08:00:00+00:00,1691740800000,2023-08-11T08:00:00+00:00,0.0001,0.0
2023-08-11 16:00:00+00:00,1691769600000,2023-08-11T16:00:00+00:00,0.0001,0.0
2023-08-12 00:00:00+00:00,1691798400000,2023-08-12T00:00:00+00:00,0.0001,0.0
2023-08-12 08:00:00+00:00,1691827200000,2023-08-12T08:00:00+00:00,8.895e-05,0.0
2023-08-12 16:00:00+00:00,1691856000000,2023-08-12T16:00:00+00:00,0.0001,0.0
2023-08-13 00:00:00+00:00,1691884800000,2023-08-13T00:00:00+00:00,1.272e-05,0.0
2023-08-13 08:00:00+00:00,1691913600000,2023-08-13T08:00:00+00:00,0.0001,0.0
2023-08-13 16:00:00+00:00,1691942400000,2023-08-13T16:00:00+00:00,0.0001,0.0
2023-08-14 00:00:00.001000+00:00,1691971200001,2023-08-14T00:00:00.001000+00:00,6.163e-05,0.0
2023-08-14 08:00:00+00:00,1692000000000,2023-08-14T08:00:00+00:00,0.0001,0.0
2023-08-14 16:00:00+00:00,1692028800000,2023-08-14T16:00:00+00:00,0.0001,0.0
2023-08-15 00:00:00.001000+00:00,1692057600001,2023-08-15T00:00:00.001000+00:00,0.0001,0.0
2023-08-15 08:00:00+00:00,1692086400000,2023-08-15T08:00:00+00:00,3.884e-05,0.0
2023-08-15 16:00:00+00:00,1692115200000,2023-08-15T16:00:00+00:00,4.68e-06,0.0
2023-08-16 00:00:00+00:00,1692144000000,2023-08-16T00:00:00+00:00,-0.00019925,0.0
2023-08-16 08:00:00.001000+00:00,1692172800001,2023-08-16T08:00:00.001000+00:00,-3.068e-05,0.0
2023-08-16 16:00:00+00:00,1692201600000,2023-08-16T16:00:00+00:00,4.915e-05,0.0
2023-08-17 00:00:00+00:00,1692230400000,2023-08-17T00:00:00+00:00,-0.00036318,0.0
2023-08-17 08:00:00+00:00,1692259200000,2023-08-17T08:00:00+00:00,-1.31e-05,0.0
2023-08-17 16:00:00+00:00,1692288000000,2023-08-17T16:00:00+00:00,1.978e-05,0.0
2023-08-18 00:00:00+00:00,1692316800000,2023-08-18T00:00:00+00:00,-0.00047631,0.0
2023-08-18 08:00:00+00:00,1692345600000,2023-08-18T08:00:00+00:00,-0.00011373,0.0
2023-08-18 16:00:00+00:00,1692374400000,2023-08-18T16:00:00+00:00,7.094e-05,0.0
2023-08-19 00:00:00+00:00,1692403200000,2023-08-19T00:00:00+00:00,-0.00010557,0.0
2023-08-19 08:00:00+00:00,1692432000000,2023-08-19T08:00:00+00:00,-0.00016617,0.0
2023-08-19 16:00:00+00:00,1692460800000,2023-08-19T16:00:00+00:00,-0.00012866,0.0
2023-08-20 00:00:00+00:00,1692489600000,2023-08-20T00:00:00+00:00,-2.568e-05,0.0
2023-08-20 08:00:00+00:00,1692518400000,2023-08-20T08:00:00+00:00,-0.00011671,0.0
2023-08-20 16:00:00+00:00,1692547200000,2023-08-20T16:00:00+00:00,-2.911e-05,0.0
2023-08-21 00:00:00+00:00,1692576000000,2023-08-21T00:00:00+00:00,-3.554e-05,0.0
2023-08-21 08:00:00+00:00,1692604800000,2023-08-21T08:00:00+00:00,8.023e-05,0.0
2023-08-21 16:00:00+00:00,1692633600000,2023-08-21T16:00:00+00:00,-3.979e-05,0.0
2023-08-22 00:00:00+00:00,1692662400000,2023-08-22T00:00:00+00:00,7.069e-05,0.0
2023-08-22 08:00:00+00:00,1692691200000,2023-08-22T08:00:00+00:00,7.751e-05,0.0
2023-08-22 16:00:00+00:00,1692720000000,2023-08-22T16:00:00+00:00,-8.487e-05,0.0
2023-08-23 00:00:00+00:00,1692748800000,2023-08-23T00:00:00+00:00,-0.00018627,0.0
2023-08-23 08:00:00+00:00,1692777600000,2023-08-23T08:00:00+00:00,-0.00017226,0.0
2023-08-23 16:00:00+00:00,1692806400000,2023-08-23T16:00:00+00:00,7.035e-05,0.0
2023-08-24 00:00:00+00:00,1692835200000,2023-08-24T00:00:00+00:00,-4.452e-05,0.0
2023-08-24 08:00:00+00:00,1692864000000,2023-08-24T08:00:00+00:00,2.953e-05,0.0
2023-08-24 16:00:00+00:00,1692892800000,2023-08-24T16:00:00+00:00,6.93e-05,0.0
2023-08-25 00:00:00+00:00,1692921600000,2023-08-25T00:00:00+00:00,1.121e-05,0.0
2023-08-25 08:00:00+00:00,1692950400000,2023-08-25T08:00:00+00:00,0.0001,0.0
2023-08-25 16:00:00+00:00,1692979200000,2023-08-25T16:00:00+00:00,7.975e-05,0.0
2023-08-26 00:00:00+00:00,1693008000000,2023-08-26T00:00:00+00:00,-8.456e-05,0.0
2023-08-26 08:00:00+00:00,1693036800000,2023-08-26T08:00:00+00:00,-0.00019121,0.0
2023-08-26 16:00:00+00:00,1693065600000,2023-08-26T16:00:00+00:00,-9.864e-05,0.0
2023-08-27 00:00:00+00:00,1693094400000,2023-08-27T00:00:00+00:00,-0.00012635,0.0
2023-08-27 08:00:00+00:00,1693123200000,2023-08-27T08:00:00+00:00,-3.561e-05,0.0
2023-08-27 16:00:00+00:00,1693152000000,2023-08-27T16:00:00+00:00,-0.00014813,0.0
2023-08-28 00:00:00+00:00,1693180800000,2023-08-28T00:00:00+00:00,-3.995e-05,0.0
2023-08-28 08:00:00.001000+00:00,1693209600001,2023-08-28T08:00:00.001000+00:00,-0.00011983,0.0
2023-08-28 16:00:00.001000+00:00,1693238400001,2023-08-28T16:00:00.001000+00:00,0.0001,0.0
2023-08-29 00:00:00+00:00,1693267200000,2023-08-29T00:00:00+00:00,0.0001,0.0
2023-08-29 08:00:00+00:00,1693296000000,2023-08-29T08:00:00+00:00,0.0001,0.0
2023-08-29 16:00:00+00:00,1693324800000,2023-08-29T16:00:00+00:00,-5.182e-05,0.0
2023-08-30 00:00:00+00:00,1693353600000,2023-08-30T00:00:00+00:00,0.0001,0.0
2023-08-30 08:00:00+00:00,1693382400000,2023-08-30T08:00:00+00:00,0.0001,0.0
2023-08-30 16:00:00+00:00,1693411200000,2023-08-30T16:00:00+00:00,-0.00012719,0.0
2023-08-31 00:00:00+00:00,1693440000000,2023-08-31T00:00:00+00:00,5.37e-06,0.0
2023-08-31 08:00:00+00:00,1693468800000,2023-08-31T08:00:00+00:00,0.0001,0.0
2023-08-31 16:00:00+00:00,1693497600000,2023-08-31T16:00:00+00:00,-1.184e-05,0.0
2023-09-01 00:00:00+00:00,1693526400000,2023-09-01T00:00:00+00:00,-0.00015495,0.0
2023-09-01 08:00:00+00:00,1693555200000,2023-09-01T08:00:00+00:00,-7.657e-05,0.0
2023-09-01 16:00:00.001000+00:00,1693584000001,2023-09-01T16:00:00.001000+00:00,3.935e-05,0.0
2023-09-02 00:00:00+00:00,1693612800000,2023-09-02T00:00:00+00:00,-7.791e-05,0.0
2023-09-02 08:00:00+00:00,1693641600000,2023-09-02T08:00:00+00:00,1.891e-05,0.0
2023-09-02 16:00:00+00:00,1693670400000,2023-09-02T16:00:00+00:00,8.968e-05,0.0
2023-09-03 00:00:00+00:00,1693699200000,2023-09-03T00:00:00+00:00,-0.00010247,0.0
2023-09-03 08:00:00+00:00,1693728000000,2023-09-03T08:00:00+00:00,-9.294e-05,0.0
2023-09-03 16:00:00+00:00,1693756800000,2023-09-03T16:00:00+00:00,-0.00013287,0.0
2023-09-04 00:00:00+00:00,1693785600000,2023-09-04T00:00:00+00:00,-0.00012162,0.0
2023-09-04 08:00:00+00:00,1693814400000,2023-09-04T08:00:00+00:00,-6.065e-05,0.0
2023-09-04 16:00:00+00:00,1693843200000,2023-09-04T16:00:00+00:00,1.273e-05,0.0
2023-09-05 00:00:00+00:00,1693872000000,2023-09-05T00:00:00+00:00,5.752e-05,0.0
2023-09-05 08:00:00+00:00,1693900800000,2023-09-05T08:00:00+00:00,0.0001,0.0
2023-09-05 16:00:00+00:00,1693929600000,2023-09-05T16:00:00+00:00,2.954e-05,0.0
2023-09-06 00:00:00+00:00,1693958400000,2023-09-06T00:00:00+00:00,3.801e-05,0.0
2023-09-06 08:00:00+00:00,1693987200000,2023-09-06T08:00:00+00:00,4.411e-05,0.0
2023-09-06 16:00:00.001000+00:00,1694016000001,2023-09-06T16:00:00.001000+00:00,4.831e-05,0.0
2023-09-07 00:00:00+00:00,1694044800000,2023-09-07T00:00:00+00:00,8.489e-05,0.0
2023-09-07 08:00:00+00:00,1694073600000,2023-09-07T08:00:00+00:00,0.0001,0.0
2023-09-07 16:00:00+00:00,1694102400000,2023-09-07T16:00:00+00:00,7.473e-05,0.0
2023-09-08 00:00:00+00:00,1694131200000,2023-09-08T00:00:00+00:00,8.974e-05,0.0
2023-09-08 08:00:00+00:00,1694160000000,2023-09-08T08:00:00+00:00,8.269e-05,0.0
2023-09-08 16:00:00+00:00,1694188800000,2023-09-08T16:00:00+00:00,-0.00013266,0.0
2023-09-09 00:00:00+00:00,1694217600000,2023-09-09T00:00:00+00:00,-0.00013847,0.0
2023-09-09 08:00:00+00:00,1694246400000,2023-09-09T08:00:00+00:00,1.098e-05,0.0
2023-09-09 16:00:00+00:00,1694275200000,2023-09-09T16:00:00+00:00,-1.037e-05,0.0
2023-09-10 00:00:00+00:00,1694304000000,2023-09-10T00:00:00+00:00,-0.0002666,0.0
2023-09-10 08:00:00+00:00,1694332800000,2023-09-10T08:00:00+00:00,-0.00015188,0.0
2023-09-10 16:00:00+00:00,1694361600000,2023-09-10T16:00:00+00:00,2.434e-05,0.0
2023-09-11 00:00:00+00:00,1694390400000,2023-09-11T00:00:00+00:00,-5.843e-05,0.0
2023-09-11 08:00:00+00:00,1694419200000,2023-09-11T08:00:00+00:00,-8.618e-05,0.0
2023-09-11 16:00:00.001000+00:00,1694448000001,2023-09-11T16:00:00.001000+00:00,4.7e-07,0.0
2023-09-12 00:00:00+00:00,1694476800000,2023-09-12T00:00:00+00:00,-2.203e-05,0.0
2023-09-12 08:00:00+00:00,1694505600000,2023-09-12T08:00:00+00:00,5.518e-05,0.0
2023-09-12 16:00:00+00:00,1694534400000,2023-09-12T16:00:00+00:00,6.238e-05,0.0
2023-09-13 00:00:00+00:00,1694563200000,2023-09-13T00:00:00+00:00,1.665e-05,0.0
2023-09-13 08:00:00+00:00,1694592000000,2023-09-13T08:00:00+00:00,4.139e-05,0.0
2023-09-13 16:00:00+00:00,1694620800000,2023-09-13T16:00:00+00:00,0.0001,0.0
2023-09-14 00:00:00+00:00,1694649600000,2023-09-14T00:00:00+00:00,0.0001,0.0
2023-09-14 08:00:00.001000+00:00,1694678400001,2023-09-14T08:00:00.001000+00:00,-0.00013453,0.0
2023-09-14 16:00:00+00:00,1694707200000,2023-09-14T16:00:00+00:00,2.42e-05,0.0
2023-09-15 00:00:00+00:00,1694736000000,2023-09-15T00:00:00+00:00,3.897e-05,0.0
2023-09-15 08:00:00+00:00,1694764800000,2023-09-15T08:00:00+00:00,-3.143e-05,0.0
2023-09-15 16:00:00+00:00,1694793600000,2023-09-15T16:00:00+00:00,0.0001,0.0
2023-09-16 00:00:00+00:00,1694822400000,2023-09-16T00:00:00+00:00,-1.86e-05,0.0
2023-09-16 08:00:00+00:00,1694851200000,2023-09-16T08:00:00+00:00,0.0001,0.0
2023-09-16 16:00:00+00:00,1694880000000,2023-09-16T16:00:00+00:00,-4.407e-05,0.0
2023-09-17 00:00:00+00:00,1694908800000,2023-09-17T00:00:00+00:00,-0.00015434,0.0
2023-09-17 08:00:00+00:00,1694937600000,2023-09-17T08:00:00+00:00,-2.06e-05,0.0
2023-09-17 16:00:00+00:00,1694966400000,2023-09-17T16:00:00+00:00,-5.422e-05,0.0
2023-09-18 00:00:00+00:00,1694995200000,2023-09-18T00:00:00+00:00,-0.00018433,0.0
2023-09-18 08:00:00+00:00,1695024000000,2023-09-18T08:00:00+00:00,-7.946e-05,0.0
2023-09-18 16:00:00+00:00,1695052800000,2023-09-18T16:00:00+00:00,0.0001,0.0
2023-09-19 00:00:00+00:00,1695081600000,2023-09-19T00:00:00+00:00,3.045e-05,0.0
2023-09-19 08:00:00.001000+00:00,1695110400001,2023-09-19T08:00:00.001000+00:00,8.51e-06,0.0
2023-09-19 16:00:00+00:00,1695139200000,2023-09-19T16:00:00+00:00,0.0001,0.0
2023-09-20 00:00:00+00:00,1695168000000,2023-09-20T00:00:00+00:00,5.614e-05,0.0
2023-09-20 08:00:00+00:00,1695196800000,2023-09-20T08:00:00+00:00,5.948e-05,0.0
2023-09-20 16:00:00+00:00,1695225600000,2023-09-20T16:00:00+00:00,6.75e-06,0.0
2023-09-21 00:00:00.001000+00:00,1695254400001,2023-09-21T00:00:00.001000+00:00,-0.00031639,0.0
2023-09-21 08:00:00+00:00,1695283200000,2023-09-21T08:00:00+00:00,-0.00018668,0.0
2023-09-21 16:00:00+00:00,1695312000000,2023-09-21T16:00:00+00:00,-0.00013926,0.0
2023-09-22 00:00:00+00:00,1695340800000,2023-09-22T00:00:00+00:00,8.523e-05,0.0
2023-09-22 08:00:00+00:00,1695369600000,2023-09-22T08:00:00+00:00,0.0001,0.0
2023-09-22 16:00:00+00:00,1695398400000,2023-09-22T16:00:00+00:00,0.0001,0.0
2023-09-23 00:00:00+00:00,1695427200000,2023-09-23T00:00:00+00:00,0.0001,0.0
2023-09-23 08:00:00+00:00,1695456000000,2023-09-23T08:00:00+00:00,0.0001,0.0
2023-09-23 16:00:00+00:00,1695484800000,2023-09-23T16:00:00+00:00,0.0001,0.0
2023-09-24 00:00:00+00:00,1695513600000,2023-09-24T00:00:00+00:00,0.0001,0.0
2023-09-24 08:00:00+00:00,1695542400000,2023-09-24T08:00:00+00:00,0.0001,0.0
2023-09-24 16:00:00+00:00,1695571200000,2023-09-24T16:00:00+00:00,0.0001,0.0
2023-09-25 00:00:00+00:00,1695600000000,2023-09-25T00:00:00+00:00,0.0001,0.0
2023-09-25 08:00:00+00:00,1695628800000,2023-09-25T08:00:00+00:00,0.0001,0.0
2023-09-25 16:00:00+00:00,1695657600000,2023-09-25T16:00:00+00:00,0.0001,0.0
2023-09-26 00:00:00+00:00,1695686400000,2023-09-26T00:00:00+00:00,0.0001,0.0
2023-09-26 08:00:00+00:00,1695715200000,2023-09-26T08:00:00+00:00,9.438e-05,0.0
2023-09-26 16:00:00+00:00,1695744000000,2023-09-26T16:00:00+00:00,7.848e-05,0.0
2023-09-27 00:00:00+00:00,1695772800000,2023-09-27T00:00:00+00:00,0.0001,0.0
2023-09-27 08:00:00.001000+00:00,1695801600001,2023-09-27T08:00:00.001000+00:00,0.0001,0.0
2023-09-27 16:00:00+00:00,1695830400000,2023-09-27T16:00:00+00:00,0.0001,0.0
2023-09-28 00:00:00+00:00,1695859200000,2023-09-28T00:00:00+00:00,5.317e-05,0.0
2023-09-28 08:00:00+00:00,1695888000000,2023-09-28T08:00:00+00:00,8.208e-05,0.0
2023-09-28 16:00:00+00:00,1695916800000,2023-09-28T16:00:00+00:00,0.0001,0.0
2023-09-29 00:00:00+00:00,1695945600000,2023-09-29T00:00:00+00:00,0.0001,0.0
2023-09-29 08:00:00+00:00,1695974400000,2023-09-29T08:00:00+00:00,0.0001,0.0
2023-09-29 16:00:00+00:00,1696003200000,2023-09-29T16:00:00+00:00,5.024e-05,0.0
2023-09-30 00:00:00+00:00,1696032000000,2023-09-30T00:00:00+00:00,0.0001,0.0
2023-09-30 08:00:00+00:00,1696060800000,2023-09-30T08:00:00+00:00,0.0001,0.0
2023-09-30 16:00:00+00:00,1696089600000,2023-09-30T16:00:00+00:00,0.0001,0.0
2023-10-01 00:00:00+00:00,1696118400000,2023-10-01T00:00:00+00:00,0.0001,0.0
2023-10-01 08:00:00+00:00,1696147200000,2023-10-01T08:00:00+00:00,0.0001,0.0
2023-10-01 16:00:00+00:00,1696176000000,2023-10-01T16:00:00+00:00,6.517e-05,0.0
2023-10-02 00:00:00+00:00,1696204800000,2023-10-02T00:00:00+00:00,4.196e-05,0.0
2023-10-02 08:00:00+00:00,1696233600000,2023-10-02T08:00:00+00:00,-3.202e-05,0.0
2023-10-02 16:00:00+00:00,1696262400000,2023-10-02T16:00:00+00:00,-4.76e-05,0.0
2023-10-03 00:00:00+00:00,1696291200000,2023-10-03T00:00:00+00:00,8.874e-05,0.0
2023-10-03 08:00:00+00:00,1696320000000,2023-10-03T08:00:00+00:00,7.462e-05,0.0
2023-10-03 16:00:00+00:00,1696348800000,2023-10-03T16:00:00+00:00,0.0001,0.0
2023-10-04 00:00:00+00:00,1696377600000,2023-10-04T00:00:00+00:00,6.572e-05,0.0
2023-10-04 08:00:00+00:00,1696406400000,2023-10-04T08:00:00+00:00,0.0001,0.0
2023-10-04 16:00:00+00:00,1696435200000,2023-10-04T16:00:00+00:00,3.181e-05,0.0
2023-10-05 00:00:00+00:00,1696464000000,2023-10-05T00:00:00+00:00,5.45e-05,0.0
2023-10-05 08:00:00+00:00,1696492800000,2023-10-05T08:00:00+00:00,6.92e-06,0.0
2023-10-05 16:00:00.001000+00:00,1696521600001,2023-10-05T16:00:00.001000+00:00,3.517e-05,0.0
2023-10-06 00:00:00+00:00,1696550400000,2023-10-06T00:00:00+00:00,0.0001,0.0
2023-10-06 08:00:00+00:00,1696579200000,2023-10-06T08:00:00+00:00,5.373e-05,0.0
2023-10-06 16:00:00+00:00,1696608000000,2023-10-06T16:00:00+00:00,7.001e-05,0.0
2023-10-07 00:00:00+00:00,1696636800000,2023-10-07T00:00:00+00:00,0.0001,0.0
2023-10-07 08:00:00+00:00,1696665600000,2023-10-07T08:00:00+00:00,0.0001,0.0
2023-10-07 16:00:00+00:00,1696694400000,2023-10-07T16:00:00+00:00,0.0001,0.0
2023-10-08 00:00:00+00:00,1696723200000,2023-10-08T00:00:00+00:00,0.0001,0.0
2023-10-08 08:00:00.001000+00:00,1696752000001,2023-10-08T08:00:00.001000+00:00,0.0001,0.0
2023-10-08 16:00:00+00:00,1696780800000,2023-10-08T16:00:00+00:00,9.134e-05,0.0
2023-10-09 00:00:00+00:00,1696809600000,2023-10-09T00:00:00+00:00,1.833e-05,0.0
2023-10-09 08:00:00+00:00,1696838400000,2023-10-09T08:00:00+00:00,0.0001,0.0
2023-10-09 16:00:00+00:00,1696867200000,2023-10-09T16:00:00+00:00,-8.321e-05,0.0
2023-10-10 00:00:00+00:00,1696896000000,2023-10-10T00:00:00+00:00,9.1e-05,0.0
2023-10-10 08:00:00+00:00,1696924800000,2023-10-10T08:00:00+00:00,9.257e-05,0.0
2023-10-10 16:00:00+00:00,1696953600000,2023-10-10T16:00:00+00:00,5.742e-05,0.0
2023-10-11 00:00:00+00:00,1696982400000,2023-10-11T00:00:00+00:00,7.329e-05,0.0
2023-10-11 08:00:00+00:00,1697011200000,2023-10-11T08:00:00+00:00,0.0001,0.0
2023-10-11 16:00:00+00:00,1697040000000,2023-10-11T16:00:00+00:00,8.775e-05,0.0
2023-10-12 00:00:00+00:00,1697068800000,2023-10-12T00:00:00+00:00,0.0001,0.0
2023-10-12 08:00:00+00:00,1697097600000,2023-10-12T08:00:00+00:00,7.215e-05,0.0
2023-10-12 16:00:00+00:00,1697126400000,2023-10-12T16:00:00+00:00,0.0001,0.0
2023-10-13 00:00:00+00:00,1697155200000,2023-10-13T00:00:00+00:00,9.671e-05,0.0
2023-10-13 08:00:00+00:00,1697184000000,2023-10-13T08:00:00+00:00,8.719e-05,0.0
2023-10-13 16:00:00+00:00,1697212800000,2023-10-13T16:00:00+00:00,-7.25e-06,0.0
2023-10-14 00:00:00+00:00,1697241600000,2023-10-14T00:00:00+00:00,-3.828e-05,0.0
2023-10-14 08:00:00+00:00,1697270400000,2023-10-14T08:00:00+00:00,-7.121e-05,0.0
2023-10-14 16:00:00+00:00,1697299200000,2023-10-14T16:00:00+00:00,7.798e-05,0.0
2023-10-15 00:00:00+00:00,1697328000000,2023-10-15T00:00:00+00:00,0.0001,0.0
2023-10-15 08:00:00+00:00,1697356800000,2023-10-15T08:00:00+00:00,0.0001,0.0
2023-10-15 16:00:00+00:00,1697385600000,2023-10-15T16:00:00+00:00,-5.584e-05,0.0
2023-10-16 00:00:00+00:00,1697414400000,2023-10-16T00:00:00+00:00,1.477e-05,0.0
2023-10-16 08:00:00+00:00,1697443200000,2023-10-16T08:00:00+00:00,8.026e-05,0.0
2023-10-16 16:00:00+00:00,1697472000000,2023-10-16T16:00:00+00:00,-3.201e-05,0.0
2023-10-17 00:00:00+00:00,1697500800000,2023-10-17T00:00:00+00:00,-1.978e-05,0.0
2023-10-17 08:00:00+00:00,1697529600000,2023-10-17T08:00:00+00:00,-4.308e-05,0.0
2023-10-17 16:00:00+00:00,1697558400000,2023-10-17T16:00:00+00:00,-1.622e-05,0.0
2023-10-18 00:00:00+00:00,1697587200000,2023-10-18T00:00:00+00:00,-0.00011015,0.0
2023-10-18 08:00:00+00:00,1697616000000,2023-10-18T08:00:00+00:00,-4.552e-05,0.0
2023-10-18 16:00:00+00:00,1697644800000,2023-10-18T16:00:00+00:00,-8.345e-05,0.0
2023-10-19 00:00:00+00:00,1697673600000,2023-10-19T00:00:00+00:00,-4.499e-05,0.0
2023-10-19 08:00:00.001000+00:00,1697702400001,2023-10-19T08:00:00.001000+00:00,-0.00010578,0.0
2023-10-19 16:00:00+00:00,1697731200000,2023-10-19T16:00:00+00:00,-7.883e-05,0.0
2023-10-20 00:00:00+00:00,1697760000000,2023-10-20T00:00:00+00:00,8.48e-06,0.0
2023-10-20 08:00:00.005000+00:00,1697788800005,2023-10-20T08:00:00.005000+00:00,1.594e-05,0.0
2023-10-20 16:00:00+00:00,1697817600000,2023-10-20T16:00:00+00:00,-2.747e-05,0.0
2023-10-21 00:00:00+00:00,1697846400000,2023-10-21T00:00:00+00:00,-8.124e-05,0.0
2023-10-21 08:00:00+00:00,1697875200000,2023-10-21T08:00:00+00:00,0.0001,0.0
2023-10-21 16:00:00+00:00,1697904000000,2023-10-21T16:00:00+00:00,0.0001,0.0
2023-10-22 00:00:00+00:00,1697932800000,2023-10-22T00:00:00+00:00,0.0001,0.0
2023-10-22 08:00:00+00:00,1697961600000,2023-10-22T08:00:00+00:00,9.35e-06,0.0
2023-10-22 16:00:00+00:00,1697990400000,2023-10-22T16:00:00+00:00,4.123e-05,0.0
2023-10-23 00:00:00+00:00,1698019200000,2023-10-23T00:00:00+00:00,6.354e-05,0.0
2023-10-23 08:00:00.001000+00:00,1698048000001,2023-10-23T08:00:00.001000+00:00,0.0001,0.0
2023-10-23 16:00:00.001000+00:00,1698076800001,2023-10-23T16:00:00.001000+00:00,0.0001,0.0
2023-10-24 00:00:00+00:00,1698105600000,2023-10-24T00:00:00+00:00,0.0001,0.0
2023-10-24 08:00:00+00:00,1698134400000,2023-10-24T08:00:00+00:00,0.0001,0.0
2023-10-24 16:00:00+00:00,1698163200000,2023-10-24T16:00:00+00:00,0.0001,0.0
2023-10-25 00:00:00+00:00,1698192000000,2023-10-25T00:00:00+00:00,0.0001,0.0
2023-10-25 08:00:00+00:00,1698220800000,2023-10-25T08:00:00+00:00,0.0001,0.0
2023-10-25 16:00:00.001000+00:00,1698249600001,2023-10-25T16:00:00.001000+00:00,0.0001,0.0
2023-10-26 00:00:00.001000+00:00,1698278400001,2023-10-26T00:00:00.001000+00:00,0.0001,0.0
2023-10-26 08:00:00+00:00,1698307200000,2023-10-26T08:00:00+00:00,0.0001,0.0
2023-10-26 16:00:00+00:00,1698336000000,2023-10-26T16:00:00+00:00,0.0001,0.0
2023-10-27 00:00:00+00:00,1698364800000,2023-10-27T00:00:00+00:00,0.0001,0.0
2023-10-27 08:00:00+00:00,1698393600000,2023-10-27T08:00:00+00:00,0.0001,0.0
2023-10-27 16:00:00+00:00,1698422400000,2023-10-27T16:00:00+00:00,0.0001,0.0
2023-10-28 00:00:00+00:00,1698451200000,2023-10-28T00:00:00+00:00,0.0001,0.0
2023-10-28 08:00:00.001000+00:00,1698480000001,2023-10-28T08:00:00.001000+00:00,0.0001,0.0
2023-10-28 16:00:00+00:00,1698508800000,2023-10-28T16:00:00+00:00,0.0001,0.0
2023-10-29 00:00:00+00:00,1698537600000,2023-10-29T00:00:00+00:00,0.0001,0.0
2023-10-29 08:00:00+00:00,1698566400000,2023-10-29T08:00:00+00:00,0.0001,0.0
2023-10-29 16:00:00+00:00,1698595200000,2023-10-29T16:00:00+00:00,0.0001,0.0
2023-10-30 00:00:00+00:00,1698624000000,2023-10-30T00:00:00+00:00,0.0001,0.0
2023-10-30 08:00:00+00:00,1698652800000,2023-10-30T08:00:00+00:00,0.0001,0.0
2023-10-30 16:00:00+00:00,1698681600000,2023-10-30T16:00:00+00:00,0.0001,0.0
2023-10-31 00:00:00.001000+00:00,1698710400001,2023-10-31T00:00:00.001000+00:00,0.0001,0.0
2023-10-31 08:00:00+00:00,1698739200000,2023-10-31T08:00:00+00:00,0.0001,0.2966
2023-10-31 16:00:00+00:00,1698768000000,2023-10-31T16:00:00+00:00,0.0001,0.28951255
2023-11-01 00:00:00+00:00,1698796800000,2023-11-01T00:00:00+00:00,0.0001,0.29306949
2023-11-01 08:00:00+00:00,1698825600000,2023-11-01T08:00:00+00:00,0.0001,0.2875
2023-11-01 16:00:00+00:00,1698854400000,2023-11-01T16:00:00+00:00,0.0001,0.2886
2023-11-02 00:00:00.001000+00:00,1698883200001,2023-11-02T00:00:00.001000+00:00,0.00015552,0.30748976
2023-11-02 08:00:00+00:00,1698912000000,2023-11-02T08:00:00+00:00,0.00012878,0.3071
2023-11-02 16:00:00+00:00,1698940800000,2023-11-02T16:00:00+00:00,0.0001,0.3003
2023-11-03 00:00:00+00:00,1698969600000,2023-11-03T00:00:00+00:00,0.0001,0.32322266
2023-11-03 08:00:00+00:00,1698998400000,2023-11-03T08:00:00+00:00,0.0001,0.32309027
2023-11-03 16:00:00+00:00,1699027200000,2023-11-03T16:00:00+00:00,0.0001,0.32059943
2023-11-04 00:00:00+00:00,1699056000000,2023-11-04T00:00:00+00:00,0.0001,0.32921224
2023-11-04 08:00:00+00:00,1699084800000,2023-11-04T08:00:00+00:00,0.0001,0.3253
2023-11-04 16:00:00+00:00,1699113600000,2023-11-04T16:00:00+00:00,0.0001,0.32190634
2023-11-05 00:00:00+00:00,1699142400000,2023-11-05T00:00:00+00:00,0.0001,0.3279
2023-11-05 08:00:00+00:00,1699171200000,2023-11-05T08:00:00+00:00,0.0001,0.335122
2023-11-05 16:00:00+00:00,1699200000000,2023-11-05T16:00:00+00:00,0.0001,0.3418
2023-11-06 00:00:00+00:00,1699228800000,2023-11-06T00:00:00+00:00,0.0001,0.3419771
2023-11-06 08:00:00.001000+00:00,1699257600001,2023-11-06T08:00:00.001000+00:00,0.0001,0.3452
2023-11-06 16:00:00+00:00,1699286400000,2023-11-06T16:00:00+00:00,0.0001,0.35222756
2023-11-07 00:00:00.001000+00:00,1699315200001,2023-11-07T00:00:00.001000+00:00,0.0001,0.3628
2023-11-07 08:00:00+00:00,1699344000000,2023-11-07T08:00:00+00:00,0.0001,0.35328351
2023-11-07 16:00:00+00:00,1699372800000,2023-11-07T16:00:00+00:00,0.0001,0.34023698
2023-11-08 00:00:00+00:00,1699401600000,2023-11-08T00:00:00+00:00,0.0001,0.35120896
2023-11-08 08:00:00+00:00,1699430400000,2023-11-08T08:00:00+00:00,0.0001,0.35644321
2023-11-08 16:00:00+00:00,1699459200000,2023-11-08T16:00:00+00:00,0.0001,0.3554
2023-11-09 00:00:00+00:00,1699488000000,2023-11-09T00:00:00+00:00,0.0001,0.35781805
2023-11-09 08:00:00+00:00,1699516800000,2023-11-09T08:00:00+00:00,0.0001,0.3662
2023-11-09 16:00:00+00:00,1699545600000,2023-11-09T16:00:00+00:00,0.00019956,0.37791335
2023-11-10 00:00:00+00:00,1699574400000,2023-11-10T00:00:00+00:00,0.0001,0.36849045
2023-11-10 08:00:00+00:00,1699603200000,2023-11-10T08:00:00+00:00,0.0001,0.37558367
2023-11-10 16:00:00+00:00,1699632000000,2023-11-10T16:00:00+00:00,0.0001,0.3674
2023-11-11 00:00:00+00:00,1699660800000,2023-11-11T00:00:00+00:00,0.0001,0.386
2023-11-11 08:00:00+00:00,1699689600000,2023-11-11T08:00:00+00:00,0.0001,0.37863804
2023-11-11 16:00:00+00:00,1699718400000,2023-11-11T16:00:00+00:00,0.00033273,0.3882
2023-11-12 00:00:00+00:00,1699747200000,2023-11-12T00:00:00+00:00,0.00016443,0.38483225
2023-11-12 08:00:00+00:00,1699776000000,2023-11-12T08:00:00+00:00,0.0001,0.3883
2023-11-12 16:00:00.001000+00:00,1699804800001,2023-11-12T16:00:00.001000+00:00,0.00022576,0.3861
2023-11-13 00:00:00+00:00,1699833600000,2023-11-13T00:00:00+00:00,0.00025356,0.38377632
2023-11-13 08:00:00+00:00,1699862400000,2023-11-13T08:00:00+00:00,0.0001,0.37739581
2023-11-13 16:00:00+00:00,1699891200000,2023-11-13T16:00:00+00:00,0.0001,0.3698
2023-11-14 00:00:00+00:00,1699920000000,2023-11-14T00:00:00+00:00,0.0001,0.35678615
2023-11-14 08:00:00+00:00,1699948800000,2023-11-14T08:00:00+00:00,0.0001,0.3677
2023-11-14 16:00:00.001000+00:00,1699977600001,2023-11-14T16:00:00.001000+00:00,0.0001,0.36371704
2023-11-15 00:00:00+00:00,1700006400000,2023-11-15T00:00:00+00:00,0.0001,0.358
2023-11-15 08:00:00+00:00,1700035200000,2023-11-15T08:00:00+00:00,0.0001,0.36300463
2023-11-15 16:00:00+00:00,1700064000000,2023-11-15T16:00:00+00:00,0.00011725,0.37193575
2023-11-16 00:00:00+00:00,1700092800000,2023-11-16T00:00:00+00:00,0.0001,0.37887542
2023-11-16 08:00:00+00:00,1700121600000,2023-11-16T08:00:00+00:00,0.00013342,0.39658204
2023-11-16 16:00:00.001000+00:00,1700150400001,2023-11-16T16:00:00.001000+00:00,0.0002607,0.38315579
2023-11-17 00:00:00+00:00,1700179200000,2023-11-17T00:00:00+00:00,0.0001,0.37069577
2023-11-17 08:00:00.001000+00:00,1700208000001,2023-11-17T08:00:00.001000+00:00,0.0001,0.36753595
2023-11-17 16:00:00.001000+00:00,1700236800001,2023-11-17T16:00:00.001000+00:00,0.0001,0.35542226
2023-11-18 00:00:00+00:00,1700265600000,2023-11-18T00:00:00+00:00,0.0001,0.36720074
2023-11-18 08:00:00+00:00,1700294400000,2023-11-18T08:00:00+00:00,0.0001,0.35720692
2023-11-18 16:00:00+00:00,1700323200000,2023-11-18T16:00:00+00:00,0.0001,0.36675645
2023-11-19 00:00:00+00:00,1700352000000,2023-11-19T00:00:00+00:00,0.0001,0.37726387
2023-11-19 08:00:00+00:00,1700380800000,2023-11-19T08:00:00+00:00,0.0001,0.37494292
2023-11-19 16:00:00+00:00,1700409600000,2023-11-19T16:00:00+00:00,0.0001,0.377
2023-11-20 00:00:00+00:00,1700438400000,2023-11-20T00:00:00+00:00,0.0001,0.3841
2023-11-20 08:00:00+00:00,1700467200000,2023-11-20T08:00:00+00:00,0.0001,0.38744566
2023-11-20 16:00:00+00:00,1700496000000,2023-11-20T16:00:00+00:00,0.0001,0.3922
2023-11-21 00:00:00+00:00,1700524800000,2023-11-21T00:00:00+00:00,0.0001,0.38059698
2023-11-21 08:00:00+00:00,1700553600000,2023-11-21T08:00:00+00:00,0.0001,0.38254377
2023-11-21 16:00:00+00:00,1700582400000,2023-11-21T16:00:00+00:00,0.0001,0.37582514
2023-11-22 00:00:00+00:00,1700611200000,2023-11-22T00:00:00+00:00,0.0001,0.3567094
2023-11-22 08:00:00+00:00,1700640000000,2023-11-22T08:00:00+00:00,0.0001,0.36829384
2023-11-22 16:00:00+00:00,1700668800000,2023-11-22T16:00:00+00:00,0.0001,0.36932916
2023-11-23 00:00:00+00:00,1700697600000,2023-11-23T00:00:00+00:00,0.0001,0.38043401
2023-11-23 08:00:00+00:00,1700726400000,2023-11-23T08:00:00+00:00,0.0001,0.3814
2023-11-23 16:00:00.001000+00:00,1700755200001,2023-11-23T16:00:00.001000+00:00,0.0001,0.378
2023-11-24 00:00:00+00:00,1700784000000,2023-11-24T00:00:00+00:00,0.0001,0.38730968
2023-11-24 08:00:00+00:00,1700812800000,2023-11-24T08:00:00+00:00,0.0001,0.392
2023-11-24 16:00:00+00:00,1700841600000,2023-11-24T16:00:00+00:00,0.0001,0.3923
2023-11-25 00:00:00+00:00,1700870400000,2023-11-25T00:00:00+00:00,0.0001,0.38604247
2023-11-25 08:00:00+00:00,1700899200000,2023-11-25T08:00:00+00:00,0.0001,0.393
2023-11-25 16:00:00+00:00,1700928000000,2023-11-25T16:00:00+00:00,0.0001,0.3933
2023-11-26 00:00:00+00:00,1700956800000,2023-11-26T00:00:00+00:00,0.0001,0.39419839
2023-11-26 08:00:00+00:00,1700985600000,2023-11-26T08:00:00+00:00,0.0001,0.3952
2023-11-26 16:00:00+00:00,1701014400000,2023-11-26T16:00:00+00:00,0.0001,0.3861941
2023-11-27 00:00:00+00:00,1701043200000,2023-11-27T00:00:00+00:00,0.0001,0.38735259
2023-11-27 08:00:00.001000+00:00,1701072000001,2023-11-27T08:00:00.001000+00:00,0.0001,0.3831531
2023-11-27 16:00:00+00:00,1701100800000,2023-11-27T16:00:00+00:00,0.0001,0.37474061
2023-11-28 00:00:00+00:00,1701129600000,2023-11-28T00:00:00+00:00,0.0001,0.3778
2023-11-28 08:00:00+00:00,1701158400000,2023-11-28T08:00:00+00:00,0.0001,0.3738
2023-11-28 16:00:00+00:00,1701187200000,2023-11-28T16:00:00+00:00,0.0001,0.38105579
2023-11-29 00:00:00.001000+00:00,1701216000001,2023-11-29T00:00:00.001000+00:00,0.0001,0.3859
2023-11-29 08:00:00+00:00,1701244800000,2023-11-29T08:00:00+00:00,0.0001,0.38533029
2023-11-29 16:00:00+00:00,1701273600000,2023-11-29T16:00:00+00:00,0.0001,0.37984573
2023-11-30 00:00:00+00:00,1701302400000,2023-11-30T00:00:00+00:00,0.0001,0.38178945
2023-11-30 08:00:00+00:00,1701331200000,2023-11-30T08:00:00+00:00,0.0001,0.37695854
2023-11-30 16:00:00+00:00,1701360000000,2023-11-30T16:00:00+00:00,0.0001,0.37484984
2023-12-01 00:00:00+00:00,1701388800000,2023-12-01T00:00:00+00:00,0.0001,0.3759
2023-12-01 08:00:00+00:00,1701417600000,2023-12-01T08:00:00+00:00,0.0001,0.37891249
2023-12-01 16:00:00+00:00,1701446400000,2023-12-01T16:00:00+00:00,0.0001,0.3813
2023-12-02 00:00:00+00:00,1701475200000,2023-12-02T00:00:00+00:00,0.0001,0.3844956
2023-12-02 08:00:00+00:00,1701504000000,2023-12-02T08:00:00+00:00,0.0001,0.3866
2023-12-02 16:00:00+00:00,1701532800000,2023-12-02T16:00:00+00:00,0.00014293,0.3895
2023-12-03 00:00:00+00:00,1701561600000,2023-12-03T00:00:00+00:00,0.00038339,0.39811983
2023-12-03 08:00:00+00:00,1701590400000,2023-12-03T08:00:00+00:00,0.00028491,0.397
2023-12-03 16:00:00+00:00,1701619200000,2023-12-03T16:00:00+00:00,0.00015616,0.3908
2023-12-04 00:00:00+00:00,1701648000000,2023-12-04T00:00:00+00:00,0.00013297,0.3952
2023-12-04 08:00:00+00:00,1701676800000,2023-12-04T08:00:00+00:00,0.0004009,0.40878422
2023-12-04 16:00:00+00:00,1701705600000,2023-12-04T16:00:00+00:00,0.0001,0.3979
2023-12-05 00:00:00+00:00,1701734400000,2023-12-05T00:00:00+00:00,0.0001,0.4071
2023-12-05 08:00:00+00:00,1701763200000,2023-12-05T08:00:00+00:00,0.0001189,0.39941766
2023-12-05 16:00:00+00:00,1701792000000,2023-12-05T16:00:00+00:00,0.0001231,0.4034
2023-12-06 00:00:00+00:00,1701820800000,2023-12-06T00:00:00+00:00,0.00027203,0.42606815
2023-12-06 08:00:00+00:00,1701849600000,2023-12-06T08:00:00+00:00,0.00026528,0.4299
2023-12-06 16:00:00+00:00,1701878400000,2023-12-06T16:00:00+00:00,0.0001,0.45068032
2023-12-07 00:00:00+00:00,1701907200000,2023-12-07T00:00:00+00:00,0.0001,0.44310382
2023-12-07 08:00:00+00:00,1701936000000,2023-12-07T08:00:00+00:00,0.0001,0.44639084
2023-12-07 16:00:00+00:00,1701964800000,2023-12-07T16:00:00+00:00,0.0001,0.4438
2023-12-08 00:00:00+00:00,1701993600000,2023-12-08T00:00:00+00:00,0.00014867,0.4558
2023-12-08 08:00:00+00:00,1702022400000,2023-12-08T08:00:00+00:00,0.00024753,0.47510505
2023-12-08 16:00:00+00:00,1702051200000,2023-12-08T16:00:00+00:00,0.00022671,0.54893947
2023-12-09 00:00:00+00:00,1702080000000,2023-12-09T00:00:00+00:00,0.0001569,0.54606777
2023-12-09 08:00:00+00:00,1702108800000,2023-12-09T08:00:00+00:00,0.00019133,0.6246
2023-12-09 16:00:00+00:00,1702137600000,2023-12-09T16:00:00+00:00,0.00028314,0.61304351
2023-12-10 00:00:00+00:00,1702166400000,2023-12-10T00:00:00+00:00,0.0001851,0.57939147
2023-12-10 08:00:00+00:00,1702195200000,2023-12-10T08:00:00+00:00,0.00016051,0.59064466
2023-12-10 16:00:00+00:00,1702224000000,2023-12-10T16:00:00+00:00,0.00032843,0.5944093
2023-12-11 00:00:00+00:00,1702252800000,2023-12-11T00:00:00+00:00,0.0001,0.5949
2023-12-11 08:00:00+00:00,1702281600000,2023-12-11T08:00:00+00:00,0.0001,0.5555759
2023-12-11 16:00:00+00:00,1702310400000,2023-12-11T16:00:00+00:00,0.0001,0.54601118
2023-12-12 00:00:00+00:00,1702339200000,2023-12-12T00:00:00+00:00,0.0001,0.5512
2023-12-12 08:00:00+00:00,1702368000000,2023-12-12T08:00:00+00:00,0.0001,0.59294068
2023-12-12 16:00:00+00:00,1702396800000,2023-12-12T16:00:00+00:00,0.00018769,0.5832
2023-12-13 00:00:00+00:00,1702425600000,2023-12-13T00:00:00+00:00,0.0001,0.57857936
2023-12-13 08:00:00+00:00,1702454400000,2023-12-13T08:00:00+00:00,0.0001,0.5579
2023-12-13 16:00:00.001000+00:00,1702483200001,2023-12-13T16:00:00.001000+00:00,0.00034285,0.62659152
2023-12-14 00:00:00+00:00,1702512000000,2023-12-14T00:00:00+00:00,0.00020112,0.66793851
2023-12-14 08:00:00+00:00,1702540800000,2023-12-14T08:00:00+00:00,0.00014692,0.65659735
2023-12-14 16:00:00+00:00,1702569600000,2023-12-14T16:00:00+00:00,0.0001,0.6361
2023-12-15 00:00:00+00:00,1702598400000,2023-12-15T00:00:00+00:00,0.0001,0.64356711
2023-12-15 08:00:00+00:00,1702627200000,2023-12-15T08:00:00+00:00,0.0001,0.63011994
2023-12-15 16:00:00+00:00,1702656000000,2023-12-15T16:00:00+00:00,0.00013393,0.62297017
2023-12-16 00:00:00+00:00,1702684800000,2023-12-16T00:00:00+00:00,0.00015127,0.6007
2023-12-16 08:00:00+00:00,1702713600000,2023-12-16T08:00:00+00:00,0.0001,0.61214743
2023-12-16 16:00:00.001000+00:00,1702742400001,2023-12-16T16:00:00.001000+00:00,0.0001,0.62197755
2023-12-17 00:00:00+00:00,1702771200000,2023-12-17T00:00:00+00:00,0.0001,0.6081
2023-12-17 08:00:00+00:00,1702800000000,2023-12-17T08:00:00+00:00,0.0001,0.594
2023-12-17 16:00:00+00:00,1702828800000,2023-12-17T16:00:00+00:00,0.00014536,0.5934
2023-12-18 00:00:00+00:00,1702857600000,2023-12-18T00:00:00+00:00,0.00010138,0.5808815
2023-12-18 08:00:00.001000+00:00,1702886400001,2023-12-18T08:00:00.001000+00:00,0.0001,0.56885583
2023-12-18 16:00:00+00:00,1702915200000,2023-12-18T16:00:00+00:00,0.0001,0.56708032
2023-12-19 00:00:00+00:00,1702944000000,2023-12-19T00:00:00+00:00,0.0001,0.60240608
2023-12-19 08:00:00+00:00,1702972800000,2023-12-19T08:00:00+00:00,0.0001,0.6087
2023-12-19 16:00:00+00:00,1703001600000,2023-12-19T16:00:00+00:00,0.0001,0.58187056
2023-12-20 00:00:00+00:00,1703030400000,2023-12-20T00:00:00+00:00,0.0001,0.57612995
2023-12-20 08:00:00+00:00,1703059200000,2023-12-20T08:00:00+00:00,0.0001,0.5919
2023-12-20 16:00:00+00:00,1703088000000,2023-12-20T16:00:00+00:00,0.0001,0.60095365
2023-12-21 00:00:00+00:00,1703116800000,2023-12-21T00:00:00+00:00,0.0001,0.5899
2023-12-21 08:00:00+00:00,1703145600000,2023-12-21T08:00:00+00:00,0.0001,0.5985
2023-12-21 16:00:00+00:00,1703174400000,2023-12-21T16:00:00+00:00,0.00028811,0.5975474
2023-12-22 00:00:00+00:00,1703203200000,2023-12-22T00:00:00+00:00,0.00034025,0.63581212
2023-12-22 08:00:00+00:00,1703232000000,2023-12-22T08:00:00+00:00,0.00027645,0.61518281
2023-12-22 16:00:00+00:00,1703260800000,2023-12-22T16:00:00+00:00,0.00023338,0.6198
2023-12-23 00:00:00+00:00,1703289600000,2023-12-23T00:00:00+00:00,0.00014344,0.62289244
2023-12-23 08:00:00.001000+00:00,1703318400001,2023-12-23T08:00:00.001000+00:00,0.0001,0.604
2023-12-23 16:00:00+00:00,1703347200000,2023-12-23T16:00:00+00:00,0.0001,0.6039
2023-12-24 00:00:00+00:00,1703376000000,2023-12-24T00:00:00+00:00,0.0001,0.61328275
2023-12-24 08:00:00+00:00,1703404800000,2023-12-24T08:00:00+00:00,0.00018968,0.6153
2023-12-24 16:00:00+00:00,1703433600000,2023-12-24T16:00:00+00:00,0.00028964,0.6156
2023-12-25 00:00:00+00:00,1703462400000,2023-12-25T00:00:00+00:00,0.0001,0.592257
2023-12-25 08:00:00+00:00,1703491200000,2023-12-25T08:00:00+00:00,0.00020407,0.602984
2023-12-25 16:00:00+00:00,1703520000000,2023-12-25T16:00:00+00:00,0.00055207,0.6178
2023-12-26 00:00:00+00:00,1703548800000,2023-12-26T00:00:00+00:00,0.00069556,0.6248
2023-12-26 08:00:00+00:00,1703577600000,2023-12-26T08:00:00+00:00,0.00027794,0.6046
2023-12-26 16:00:00+00:00,1703606400000,2023-12-26T16:00:00+00:00,0.0004957,0.60859328
2023-12-27 00:00:00+00:00,1703635200000,2023-12-27T00:00:00+00:00,0.0001,0.60913081
2023-12-27 08:00:00+00:00,1703664000000,2023-12-27T08:00:00+00:00,0.00018332,0.5968
2023-12-27 16:00:00+00:00,1703692800000,2023-12-27T16:00:00+00:00,0.00061419,0.62090927
2023-12-28 00:00:00+00:00,1703721600000,2023-12-28T00:00:00+00:00,0.0005967,0.6342
2023-12-28 08:00:00+00:00,1703750400000,2023-12-28T08:00:00+00:00,0.0007081,0.66221346
2023-12-28 16:00:00+00:00,1703779200000,2023-12-28T16:00:00+00:00,0.00044746,0.61746767
2023-12-29 00:00:00.001000+00:00,1703808000001,2023-12-29T00:00:00.001000+00:00,0.00038843,0.6164
2023-12-29 08:00:00+00:00,1703836800000,2023-12-29T08:00:00+00:00,0.00019076,0.60836249
2023-12-29 16:00:00+00:00,1703865600000,2023-12-29T16:00:00+00:00,0.0003498,0.60416279
2023-12-30 00:00:00.001000+00:00,1703894400001,2023-12-30T00:00:00.001000+00:00,0.0001,0.6085
2023-12-30 08:00:00+00:00,1703923200000,2023-12-30T08:00:00+00:00,0.00023952,0.60372979
2023-12-30 16:00:00+00:00,1703952000000,2023-12-30T16:00:00+00:00,0.00028588,0.61009733
2023-12-31 00:00:00+00:00,1703980800000,2023-12-31T00:00:00+00:00,0.00023478,0.6014
2023-12-31 08:00:00.001000+00:00,1704009600001,2023-12-31T08:00:00.001000+00:00,0.00018403,0.60799248
2023-12-31 16:00:00+00:00,1704038400000,2023-12-31T16:00:00+00:00,0.00027245,0.6008
2024-01-01 00:00:00+00:00,1704067200000,2024-01-01T00:00:00+00:00,0.0001,0.5941
2024-01-01 08:00:00+00:00,1704096000000,2024-01-01T08:00:00+00:00,0.00013064,0.5996
2024-01-01 16:00:00+00:00,1704124800000,2024-01-01T16:00:00+00:00,0.00032977,0.6063
2024-01-02 00:00:00+00:00,1704153600000,2024-01-02T00:00:00+00:00,0.00058523,0.62387677
2024-01-02 08:00:00+00:00,1704182400000,2024-01-02T08:00:00+00:00,0.00046605,0.62776921
2024-01-02 16:00:00+00:00,1704211200000,2024-01-02T16:00:00+00:00,0.00056649,0.61429977
2024-01-03 00:00:00+00:00,1704240000000,2024-01-03T00:00:00+00:00,0.00023673,0.60558486
2024-01-03 08:00:00+00:00,1704268800000,2024-01-03T08:00:00+00:00,0.00018493,0.6098
2024-01-03 16:00:00+00:00,1704297600000,2024-01-03T16:00:00+00:00,0.0001,0.56433457
2024-01-04 00:00:00+00:00,1704326400000,2024-01-04T00:00:00+00:00,0.0001,0.55693072
2024-01-04 08:00:00+00:00,1704355200000,2024-01-04T08:00:00+00:00,0.0001,0.55576722
2024-01-04 16:00:00+00:00,1704384000000,2024-01-04T16:00:00+00:00,0.0001,0.57441643
2024-01-05 00:00:00.001000+00:00,1704412800001,2024-01-05T00:00:00.001000+00:00,0.0001,0.5699
2024-01-05 08:00:00+00:00,1704441600000,2024-01-05T08:00:00+00:00,0.0001,0.5527
2024-01-05 16:00:00+00:00,1704470400000,2024-01-05T16:00:00+00:00,0.0001,0.53070364
2024-01-06 00:00:00+00:00,1704499200000,2024-01-06T00:00:00+00:00,0.0001,0.54120415
2024-01-06 08:00:00+00:00,1704528000000,2024-01-06T08:00:00+00:00,0.0001,0.5177
2024-01-06 16:00:00+00:00,1704556800000,2024-01-06T16:00:00+00:00,0.0001,0.52546739
2024-01-07 00:00:00+00:00,1704585600000,2024-01-07T00:00:00+00:00,0.0001,0.52286906
2024-01-07 08:00:00.001000+00:00,1704614400001,2024-01-07T08:00:00.001000+00:00,0.0001,0.52682993
2024-01-07 16:00:00.001000+00:00,1704643200001,2024-01-07T16:00:00.001000+00:00,0.0001,0.51422863
2024-01-08 00:00:00+00:00,1704672000000,2024-01-08T00:00:00+00:00,0.0001,0.4944
2024-01-08 08:00:00+00:00,1704700800000,2024-01-08T08:00:00+00:00,0.0001,0.4891777
2024-01-08 16:00:00+00:00,1704729600000,2024-01-08T16:00:00+00:00,0.0001,0.5116
2024-01-09 00:00:00.001000+00:00,1704758400001,2024-01-09T00:00:00.001000+00:00,0.0001,0.54121328
2024-01-09 08:00:00+00:00,1704787200000,2024-01-09T08:00:00+00:00,0.0001,0.52937895
2024-01-09 16:00:00+00:00,1704816000000,2024-01-09T16:00:00+00:00,0.0001,0.5097
2024-01-10 00:00:00+00:00,1704844800000,2024-01-10T00:00:00+00:00,0.0001,0.512262
2024-01-10 08:00:00+00:00,1704873600000,2024-01-10T08:00:00+00:00,0.0001,0.50700475
2024-01-10 16:00:00+00:00,1704902400000,2024-01-10T16:00:00+00:00,0.0001,0.50606248
2024-01-11 00:00:00+00:00,1704931200000,2024-01-11T00:00:00+00:00,0.0001,0.56602128
2024-01-11 08:00:00+00:00,1704960000000,2024-01-11T08:00:00+00:00,0.0001,0.57654818
2024-01-11 16:00:00+00:00,1704988800000,2024-01-11T16:00:00+00:00,0.0001,0.5838
2024-01-12 00:00:00.001000+00:00,1705017600001,2024-01-12T00:00:00.001000+00:00,0.0001,0.582
2024-01-12 08:00:00+00:00,1705046400000,2024-01-12T08:00:00+00:00,0.0001,0.5789
2024-01-12 16:00:00+00:00,1705075200000,2024-01-12T16:00:00+00:00,0.0001,0.5666
2024-01-13 00:00:00+00:00,1705104000000,2024-01-13T00:00:00+00:00,0.0001,0.54772918
2024-01-13 08:00:00+00:00,1705132800000,2024-01-13T08:00:00+00:00,0.0001,0.54853117
2024-01-13 16:00:00.001000+00:00,1705161600001,2024-01-13T16:00:00.001000+00:00,0.0001,0.55079216
2024-01-14 00:00:00+00:00,1705190400000,2024-01-14T00:00:00+00:00,0.0001,0.5491
2024-01-14 08:00:00+00:00,1705219200000,2024-01-14T08:00:00+00:00,0.0001,0.5467447
2024-01-14 16:00:00.001000+00:00,1705248000001,2024-01-14T16:00:00.001000+00:00,0.0001,0.5458
2024-01-15 00:00:00+00:00,1705276800000,2024-01-15T00:00:00+00:00,0.0001,0.52510404
2024-01-15 08:00:00+00:00,1705305600000,2024-01-15T08:00:00+00:00,0.0001,0.53689742
2024-01-15 16:00:00+00:00,1705334400000,2024-01-15T16:00:00+00:00,0.0001,0.5248
2024-01-16 00:00:00+00:00,1705363200000,2024-01-16T00:00:00+00:00,0.0001,0.52752185
2024-01-16 08:00:00+00:00,1705392000000,2024-01-16T08:00:00+00:00,0.0001,0.53254869
2024-01-16 16:00:00.001000+00:00,1705420800001,2024-01-16T16:00:00.001000+00:00,0.0001,0.54229636
2024-01-17 00:00:00+00:00,1705449600000,2024-01-17T00:00:00+00:00,0.0001,0.53556324
2024-01-17 08:00:00+00:00,1705478400000,2024-01-17T08:00:00+00:00,0.0001,0.52829648
2024-01-17 16:00:00+00:00,1705507200000,2024-01-17T16:00:00+00:00,0.0001,0.5262
2024-01-18 00:00:00.001000+00:00,1705536000001,2024-01-18T00:00:00.001000+00:00,0.0001,0.5283
2024-01-18 08:00:00+00:00,1705564800000,2024-01-18T08:00:00+00:00,0.0001,0.5251848
2024-01-18 16:00:00+00:00,1705593600000,2024-01-18T16:00:00+00:00,0.0001,0.52023096
2024-01-19 00:00:00+00:00,1705622400000,2024-01-19T00:00:00+00:00,0.0001,0.50240216
2024-01-19 08:00:00+00:00,1705651200000,2024-01-19T08:00:00+00:00,0.0001,0.4995
2024-01-19 16:00:00.002000+00:00,1705680000002,2024-01-19T16:00:00.002000+00:00,0.0001,0.48849605
2024-01-20 00:00:00+00:00,1705708800000,2024-01-20T00:00:00+00:00,0.0001,0.50426848
2024-01-20 08:00:00.003000+00:00,1705737600003,2024-01-20T08:00:00.003000+00:00,0.0001,0.51425453
2024-01-20 16:00:00+00:00,1705766400000,2024-01-20T16:00:00+00:00,0.0001,0.51090911
2024-01-21 00:00:00+00:00,1705795200000,2024-01-21T00:00:00+00:00,0.0001,0.51600117
2024-01-21 08:00:00+00:00,1705824000000,2024-01-21T08:00:00+00:00,0.0001,0.51589484
2024-01-21 16:00:00+00:00,1705852800000,2024-01-21T16:00:00+00:00,0.0001,0.51406419
2024-01-22 00:00:00+00:00,1705881600000,2024-01-22T00:00:00+00:00,0.0001,0.50336583
2024-01-22 08:00:00+00:00,1705910400000,2024-01-22T08:00:00+00:00,0.0001,0.49800298
2024-01-22 16:00:00+00:00,1705939200000,2024-01-22T16:00:00+00:00,0.0001,0.49545208
2024-01-23 00:00:00+00:00,1705968000000,2024-01-23T00:00:00+00:00,0.0001,0.47871112
2024-01-23 08:00:00+00:00,1705996800000,2024-01-23T08:00:00+00:00,0.0001,0.4751
2024-01-23 16:00:00+00:00,1706025600000,2024-01-23T16:00:00+00:00,0.0001,0.46730578
2024-01-24 00:00:00+00:00,1706054400000,2024-01-24T00:00:00+00:00,0.0001,0.47715998
2024-01-24 08:00:00+00:00,1706083200000,2024-01-24T08:00:00+00:00,0.0001,0.46984156
2024-01-24 16:00:00+00:00,1706112000000,2024-01-24T16:00:00+00:00,0.0001,0.47282496
2024-01-25 00:00:00+00:00,1706140800000,2024-01-25T00:00:00+00:00,0.0001,0.47652899
2024-01-25 08:00:00.001000+00:00,1706169600001,2024-01-25T08:00:00.001000+00:00,0.0001,0.47467733
2024-01-25 16:00:00+00:00,1706198400000,2024-01-25T16:00:00+00:00,0.0001,0.46681395
2024-01-26 00:00:00.001000+00:00,1706227200001,2024-01-26T00:00:00.001000+00:00,0.0001,0.4666
2024-01-26 08:00:00+00:00,1706256000000,2024-01-26T08:00:00+00:00,0.0001,0.46770618
2024-01-26 16:00:00+00:00,1706284800000,2024-01-26T16:00:00+00:00,0.0001,0.48548847
2024-01-27 00:00:00+00:00,1706313600000,2024-01-27T00:00:00+00:00,0.0001,0.48485653
2024-01-27 08:00:00+00:00,1706342400000,2024-01-27T08:00:00+00:00,0.0001,0.4796281
2024-01-27 16:00:00+00:00,1706371200000,2024-01-27T16:00:00+00:00,0.0001,0.4853
2024-01-28 00:00:00+00:00,1706400000000,2024-01-28T00:00:00+00:00,0.0001,0.48615351
2024-01-28 08:00:00+00:00,1706428800000,2024-01-28T08:00:00+00:00,0.0001,0.4927
2024-01-28 16:00:00+00:00,1706457600000,2024-01-28T16:00:00+00:00,0.0001,0.49134575
2024-01-29 00:00:00+00:00,1706486400000,2024-01-29T00:00:00+00:00,0.0001,0.4902
2024-01-29 08:00:00.001000+00:00,1706515200001,2024-01-29T08:00:00.001000+00:00,0.0001,0.48738454
2024-01-29 16:00:00+00:00,1706544000000,2024-01-29T16:00:00+00:00,0.0001,0.4976
2024-01-30 00:00:00+00:00,1706572800000,2024-01-30T00:00:00+00:00,0.0001,0.52607209
2024-01-30 08:00:00+00:00,1706601600000,2024-01-30T08:00:00+00:00,0.0001,0.52874395
2024-01-30 16:00:00.001000+00:00,1706630400001,2024-01-30T16:00:00.001000+00:00,0.0001,0.52185101
2024-01-31 00:00:00+00:00,1706659200000,2024-01-31T00:00:00+00:00,0.0001,0.51379768
2024-01-31 08:00:00+00:00,1706688000000,2024-01-31T08:00:00+00:00,0.0001,0.51253195
2024-01-31 16:00:00+00:00,1706716800000,2024-01-31T16:00:00+00:00,0.0001,0.50843696
2024-02-01 00:00:00+00:00,1706745600000,2024-02-01T00:00:00+00:00,0.0001,0.49767206
2024-02-01 08:00:00+00:00,1706774400000,2024-02-01T08:00:00+00:00,0.0001,0.4908
2024-02-01 16:00:00.002000+00:00,1706803200002,2024-02-01T16:00:00.002000+00:00,0.0001,0.493
2024-02-02 00:00:00+00:00,1706832000000,2024-02-02T00:00:00+00:00,0.0001,0.50764281
2024-02-02 08:00:00+00:00,1706860800000,2024-02-02T08:00:00+00:00,0.0001,0.51013596
2024-02-02 16:00:00+00:00,1706889600000,2024-02-02T16:00:00+00:00,0.0001,0.5178
2024-02-03 00:00:00+00:00,1706918400000,2024-02-03T00:00:00+00:00,0.0001,0.51443705
2024-02-03 08:00:00+00:00,1706947200000,2024-02-03T08:00:00+00:00,0.0001,0.5171107
2024-02-03 16:00:00.001000+00:00,1706976000001,2024-02-03T16:00:00.001000+00:00,0.0001,0.51601883
2024-02-04 00:00:00+00:00,1707004800000,2024-02-04T00:00:00+00:00,0.0001,0.5123935
2024-02-04 08:00:00.004000+00:00,1707033600004,2024-02-04T08:00:00.004000+00:00,0.0001,0.50387175
2024-02-04 16:00:00+00:00,1707062400000,2024-02-04T16:00:00+00:00,0.0001,0.5047
2024-02-05 00:00:00+00:00,1707091200000,2024-02-05T00:00:00+00:00,0.0001,0.49331449
2024-02-05 08:00:00+00:00,1707120000000,2024-02-05T08:00:00+00:00,0.0001,0.5018
2024-02-05 16:00:00+00:00,1707148800000,2024-02-05T16:00:00+00:00,0.0001,0.495
2024-02-06 00:00:00+00:00,1707177600000,2024-02-06T00:00:00+00:00,0.0001,0.4941
2024-02-06 08:00:00.001000+00:00,1707206400001,2024-02-06T08:00:00.001000+00:00,8.992e-05,0.49300416
2024-02-06 16:00:00+00:00,1707235200000,2024-02-06T16:00:00+00:00,0.0001,0.4968
2024-02-07 00:00:00+00:00,1707264000000,2024-02-07T00:00:00+00:00,0.0001,0.49827768
2024-02-07 08:00:00+00:00,1707292800000,2024-02-07T08:00:00+00:00,0.0001,0.4829234
2024-02-07 16:00:00+00:00,1707321600000,2024-02-07T16:00:00+00:00,0.0001,0.4823
2024-02-08 00:00:00+00:00,1707350400000,2024-02-08T00:00:00+00:00,0.0001,0.5022
2024-02-08 08:00:00+00:00,1707379200000,2024-02-08T08:00:00+00:00,0.0001,0.52746094
2024-02-08 16:00:00+00:00,1707408000000,2024-02-08T16:00:00+00:00,0.0001,0.53172211
2024-02-09 00:00:00+00:00,1707436800000,2024-02-09T00:00:00+00:00,0.0001,0.5302
2024-02-09 08:00:00+00:00,1707465600000,2024-02-09T08:00:00+00:00,0.0001,0.5356049
2024-02-09 16:00:00.001000+00:00,1707494400001,2024-02-09T16:00:00.001000+00:00,0.0001,0.54201516
2024-02-10 00:00:00.001000+00:00,1707523200001,2024-02-10T00:00:00.001000+00:00,0.0001,0.54055152
2024-02-10 08:00:00+00:00,1707552000000,2024-02-10T08:00:00+00:00,0.0001,0.53424369
2024-02-10 16:00:00+00:00,1707580800000,2024-02-10T16:00:00+00:00,0.0001,0.53801593
2024-02-11 00:00:00+00:00,1707609600000,2024-02-11T00:00:00+00:00,0.0001,0.55159381
2024-02-11 08:00:00.001000+00:00,1707638400001,2024-02-11T08:00:00.001000+00:00,0.0001,0.5601
2024-02-11 16:00:00+00:00,1707667200000,2024-02-11T16:00:00+00:00,0.0001,0.5429
2024-02-12 00:00:00+00:00,1707696000000,2024-02-12T00:00:00+00:00,0.0001,0.5414
2024-02-12 08:00:00+00:00,1707724800000,2024-02-12T08:00:00+00:00,0.0001,0.5368
2024-02-12 16:00:00+00:00,1707753600000,2024-02-12T16:00:00+00:00,0.0001,0.55610114
2024-02-13 00:00:00+00:00,1707782400000,2024-02-13T00:00:00+00:00,0.00018628,0.5595
2024-02-13 08:00:00+00:00,1707811200000,2024-02-13T08:00:00+00:00,0.0001,0.55990631
2024-02-13 16:00:00+00:00,1707840000000,2024-02-13T16:00:00+00:00,0.0001,0.54
2024-02-14 00:00:00+00:00,1707868800000,2024-02-14T00:00:00+00:00,0.0001,0.54504928
2024-02-14 08:00:00+00:00,1707897600000,2024-02-14T08:00:00+00:00,0.0001,0.55248846
2024-02-14 16:00:00+00:00,1707926400000,2024-02-14T16:00:00+00:00,0.000418,0.5749
2024-02-15 00:00:00+00:00,1707955200000,2024-02-15T00:00:00+00:00,0.00024025,0.57726374
2024-02-15 08:00:00+00:00,1707984000000,2024-02-15T08:00:00+00:00,0.00027786,0.5784
2024-02-15 16:00:00+00:00,1708012800000,2024-02-15T16:00:00+00:00,0.00024893,0.60008607
2024-02-16 00:00:00+00:00,1708041600000,2024-02-16T00:00:00+00:00,0.00043269,0.6093
2024-02-16 08:00:00+00:00,1708070400000,2024-02-16T08:00:00+00:00,0.00029034,0.5985
2024-02-16 16:00:00+00:00,1708099200000,2024-02-16T16:00:00+00:00,0.00023794,0.58996231
2024-02-17 00:00:00+00:00,1708128000000,2024-02-17T00:00:00+00:00,0.00026964,0.59901636
2024-02-17 08:00:00+00:00,1708156800000,2024-02-17T08:00:00+00:00,0.0003034,0.5928
2024-02-17 16:00:00+00:00,1708185600000,2024-02-17T16:00:00+00:00,0.00023484,0.5792
2024-02-18 00:00:00+00:00,1708214400000,2024-02-18T00:00:00+00:00,0.0004487,0.6102
2024-02-18 08:00:00+00:00,1708243200000,2024-02-18T08:00:00+00:00,0.00036306,0.62492589
2024-02-18 16:00:00+00:00,1708272000000,2024-02-18T16:00:00+00:00,0.00029767,0.62169499
2024-02-19 00:00:00+00:00,1708300800000,2024-02-19T00:00:00+00:00,0.0001,0.6197
2024-02-19 08:00:00+00:00,1708329600000,2024-02-19T08:00:00+00:00,0.00013509,0.6297
2024-02-19 16:00:00+00:00,1708358400000,2024-02-19T16:00:00+00:00,0.00019272,0.6248
2024-02-20 00:00:00+00:00,1708387200000,2024-02-20T00:00:00+00:00,0.00040585,0.63138134
2024-02-20 08:00:00+00:00,1708416000000,2024-02-20T08:00:00+00:00,0.00033279,0.62940964
2024-02-20 16:00:00+00:00,1708444800000,2024-02-20T16:00:00+00:00,0.00026015,0.60954202
2024-02-21 00:00:00+00:00,1708473600000,2024-02-21T00:00:00+00:00,0.00018214,0.6223
2024-02-21 08:00:00+00:00,1708502400000,2024-02-21T08:00:00+00:00,0.0001,0.59486897
2024-02-21 16:00:00+00:00,1708531200000,2024-02-21T16:00:00+00:00,0.0001,0.58932931
2024-02-22 00:00:00.001000+00:00,1708560000001,2024-02-22T00:00:00.001000+00:00,0.0001,0.599
2024-02-22 08:00:00.001000+00:00,1708588800001,2024-02-22T08:00:00.001000+00:00,0.00010404,0.6022005
2024-02-22 16:00:00+00:00,1708617600000,2024-02-22T16:00:00+00:00,0.00023226,0.59696406
2024-02-23 00:00:00+00:00,1708646400000,2024-02-23T00:00:00+00:00,0.00024373,0.5863
2024-02-23 08:00:00+00:00,1708675200000,2024-02-23T08:00:00+00:00,0.00023601,0.5836
2024-02-23 16:00:00+00:00,1708704000000,2024-02-23T16:00:00+00:00,0.00029197,0.57833683
2024-02-24 00:00:00+00:00,1708732800000,2024-02-24T00:00:00+00:00,0.00028857,0.58271598
2024-02-24 08:00:00.001000+00:00,1708761600001,2024-02-24T08:00:00.001000+00:00,0.00038751,0.58608854
2024-02-24 16:00:00+00:00,1708790400000,2024-02-24T16:00:00+00:00,0.0003122,0.5889
2024-02-25 00:00:00.001000+00:00,1708819200001,2024-02-25T00:00:00.001000+00:00,0.00026464,0.5973
2024-02-25 08:00:00+00:00,1708848000000,2024-02-25T08:00:00+00:00,0.00028864,0.59448767
2024-02-25 16:00:00+00:00,1708876800000,2024-02-25T16:00:00+00:00,0.00034153,0.58444118
2024-02-26 00:00:00+00:00,1708905600000,2024-02-26T00:00:00+00:00,0.00033983,0.59192072
2024-02-26 08:00:00+00:00,1708934400000,2024-02-26T08:00:00+00:00,0.00036595,0.5845
2024-02-26 16:00:00+00:00,1708963200000,2024-02-26T16:00:00+00:00,0.00047084,0.6062
2024-02-27 00:00:00+00:00,1708992000000,2024-02-27T00:00:00+00:00,0.00061055,0.61981139
2024-02-27 08:00:00+00:00,1709020800000,2024-02-27T08:00:00+00:00,0.00068839,0.6158
2024-02-27 16:00:00+00:00,1709049600000,2024-02-27T16:00:00+00:00,0.00039651,0.6135
2024-02-28 00:00:00+00:00,1709078400000,2024-02-28T00:00:00+00:00,0.00042904,0.62445639
2024-02-28 08:00:00+00:00,1709107200000,2024-02-28T08:00:00+00:00,0.00037727,0.62859096
2024-02-28 16:00:00+00:00,1709136000000,2024-02-28T16:00:00+00:00,0.00060216,0.6399
2024-02-29 00:00:00+00:00,1709164800000,2024-02-29T00:00:00+00:00,0.00044112,0.6293
2024-02-29 08:00:00+00:00,1709193600000,2024-02-29T08:00:00+00:00,0.00103289,0.6847
2024-02-29 16:00:00+00:00,1709222400000,2024-02-29T16:00:00+00:00,0.00085186,0.6938
2024-03-01 00:00:00+00:00,1709251200000,2024-03-01T00:00:00+00:00,0.00041314,0.65501581
2024-03-01 08:00:00+00:00,1709280000000,2024-03-01T08:00:00+00:00,0.00054814,0.6647
2024-03-01 16:00:00+00:00,1709308800000,2024-03-01T16:00:00+00:00,0.00058795,0.68026827
2024-03-02 00:00:00+00:00,1709337600000,2024-03-02T00:00:00+00:00,0.00074604,0.72011861
2024-03-02 08:00:00.001000+00:00,1709366400001,2024-03-02T08:00:00.001000+00:00,0.00107166,0.7351
2024-03-02 16:00:00+00:00,1709395200000,2024-03-02T16:00:00+00:00,0.00062878,0.731
2024-03-03 00:00:00+00:00,1709424000000,2024-03-03T00:00:00+00:00,0.00054796,0.7424
2024-03-03 08:00:00+00:00,1709452800000,2024-03-03T08:00:00+00:00,0.00066455,0.71177823
2024-03-03 16:00:00+00:00,1709481600000,2024-03-03T16:00:00+00:00,0.00047042,0.72333737
2024-03-04 00:00:00+00:00,1709510400000,2024-03-04T00:00:00+00:00,0.00055893,0.7286319
2024-03-04 08:00:00+00:00,1709539200000,2024-03-04T08:00:00+00:00,0.0006696,0.7818
2024-03-04 16:00:00+00:00,1709568000000,2024-03-04T16:00:00+00:00,0.00063375,0.7888
2024-03-05 00:00:00+00:00,1709596800000,2024-03-05T00:00:00+00:00,0.00047443,0.77047042
2024-03-05 08:00:00+00:00,1709625600000,2024-03-05T08:00:00+00:00,0.00112087,0.7545
2024-03-05 16:00:00+00:00,1709654400000,2024-03-05T16:00:00+00:00,0.00085833,0.7546
2024-03-06 00:00:00+00:00,1709683200000,2024-03-06T00:00:00+00:00,0.0001,0.69222394
2024-03-06 08:00:00.001000+00:00,1709712000001,2024-03-06T08:00:00.001000+00:00,0.00018566,0.73822952
2024-03-06 16:00:00+00:00,1709740800000,2024-03-06T16:00:00+00:00,0.0003147,0.71816813
2024-03-07 00:00:00+00:00,1709769600000,2024-03-07T00:00:00+00:00,0.00028132,0.73552592
2024-03-07 08:00:00+00:00,1709798400000,2024-03-07T08:00:00+00:00,0.00036989,0.7371966
2024-03-07 16:00:00+00:00,1709827200000,2024-03-07T16:00:00+00:00,0.00049041,0.7444
2024-03-08 00:00:00+00:00,1709856000000,2024-03-08T00:00:00+00:00,0.00063889,0.74358767
2024-03-08 08:00:00+00:00,1709884800000,2024-03-08T08:00:00+00:00,0.00045148,0.73138844
2024-03-08 16:00:00+00:00,1709913600000,2024-03-08T16:00:00+00:00,0.000511,0.7194
2024-03-09 00:00:00+00:00,1709942400000,2024-03-09T00:00:00+00:00,0.00044643,0.72341586
2024-03-09 08:00:00.001000+00:00,1709971200001,2024-03-09T08:00:00.001000+00:00,0.00055256,0.73729428
2024-03-09 16:00:00+00:00,1710000000000,2024-03-09T16:00:00+00:00,0.00074113,0.737
2024-03-10 00:00:00+00:00,1710028800000,2024-03-10T00:00:00+00:00,0.00078074,0.7424
2024-03-10 08:00:00+00:00,1710057600000,2024-03-10T08:00:00+00:00,0.00072972,0.73755668
2024-03-10 16:00:00+00:00,1710086400000,2024-03-10T16:00:00+00:00,0.00034658,0.71588897
2024-03-11 00:00:00+00:00,1710115200000,2024-03-11T00:00:00+00:00,0.0003288,0.71722122
2024-03-11 08:00:00+00:00,1710144000000,2024-03-11T08:00:00+00:00,0.00059564,0.73499678
2024-03-11 16:00:00+00:00,1710172800000,2024-03-11T16:00:00+00:00,0.00081971,0.75931727
2024-03-12 00:00:00+00:00,1710201600000,2024-03-12T00:00:00+00:00,0.00092516,0.77639772
2024-03-12 08:00:00+00:00,1710230400000,2024-03-12T08:00:00+00:00,0.00068982,0.7523968
2024-03-12 16:00:00+00:00,1710259200000,2024-03-12T16:00:00+00:00,0.00047046,0.74770341
2024-03-13 00:00:00+00:00,1710288000000,2024-03-13T00:00:00+00:00,0.00049055,0.7487
2024-03-13 08:00:00.001000+00:00,1710316800001,2024-03-13T08:00:00.001000+00:00,0.00066874,0.76390001
2024-03-13 16:00:00+00:00,1710345600000,2024-03-13T16:00:00+00:00,0.00063686,0.74699463
2024-03-14 00:00:00.001000+00:00,1710374400001,2024-03-14T00:00:00.001000+00:00,0.00039303,0.76444472
2024-03-14 08:00:00+00:00,1710403200000,2024-03-14T08:00:00+00:00,0.00076644,0.7841
2024-03-14 16:00:00+00:00,1710432000000,2024-03-14T16:00:00+00:00,0.00060226,0.74789799
2024-03-15 00:00:00+00:00,1710460800000,2024-03-15T00:00:00+00:00,0.00035481,0.7515
2024-03-15 08:00:00+00:00,1710489600000,2024-03-15T08:00:00+00:00,0.00022301,0.72102524
2024-03-15 16:00:00+00:00,1710518400000,2024-03-15T16:00:00+00:00,0.00018333,0.7179
2024-03-16 00:00:00+00:00,1710547200000,2024-03-16T00:00:00+00:00,0.00024064,0.72773056
2024-03-16 08:00:00+00:00,1710576000000,2024-03-16T08:00:00+00:00,0.00029963,0.73455947
2024-03-16 16:00:00+00:00,1710604800000,2024-03-16T16:00:00+00:00,0.00014207,0.7045403
2024-03-17 00:00:00+00:00,1710633600000,2024-03-17T00:00:00+00:00,0.0001,0.6595
2024-03-17 08:00:00+00:00,1710662400000,2024-03-17T08:00:00+00:00,0.00013946,0.6462
2024-03-17 16:00:00+00:00,1710691200000,2024-03-17T16:00:00+00:00,0.0001386,0.6843
2024-03-18 00:00:00+00:00,1710720000000,2024-03-18T00:00:00+00:00,0.0001,0.68165213
2024-03-18 08:00:00+00:00,1710748800000,2024-03-18T08:00:00+00:00,0.00013538,0.6876
2024-03-18 16:00:00.001000+00:00,1710777600001,2024-03-18T16:00:00.001000+00:00,0.00012978,0.66069185
2024-03-19 00:00:00+00:00,1710806400000,2024-03-19T00:00:00+00:00,0.00021652,0.66068561
2024-03-19 08:00:00+00:00,1710835200000,2024-03-19T08:00:00+00:00,0.00016691,0.6267
2024-03-19 16:00:00.001000+00:00,1710864000001,2024-03-19T16:00:00.001000+00:00,0.00013165,0.6267051
2024-03-20 00:00:00+00:00,1710892800000,2024-03-20T00:00:00+00:00,0.0001,0.5866
2024-03-20 08:00:00.004000+00:00,1710921600004,2024-03-20T08:00:00.004000+00:00,0.00014065,0.6096
2024-03-20 16:00:00+00:00,1710950400000,2024-03-20T16:00:00+00:00,0.0001,0.59907088
2024-03-21 00:00:00+00:00,1710979200000,2024-03-21T00:00:00+00:00,0.0001,0.63978476
2024-03-21 08:00:00+00:00,1711008000000,2024-03-21T08:00:00+00:00,0.0001,0.63124517
2024-03-21 16:00:00+00:00,1711036800000,2024-03-21T16:00:00+00:00,0.0001,0.6363
2024-03-22 00:00:00+00:00,1711065600000,2024-03-22T00:00:00+00:00,0.00014654,0.63233038
2024-03-22 08:00:00+00:00,1711094400000,2024-03-22T08:00:00+00:00,0.00012417,0.63998567
2024-03-22 16:00:00+00:00,1711123200000,2024-03-22T16:00:00+00:00,0.0001,0.61814434
2024-03-23 00:00:00+00:00,1711152000000,2024-03-23T00:00:00+00:00,0.00018261,0.61500737
2024-03-23 08:00:00+00:00,1711180800000,2024-03-23T08:00:00+00:00,0.00021138,0.62808215
2024-03-23 16:00:00+00:00,1711209600000,2024-03-23T16:00:00+00:00,0.00017397,0.63357311
2024-03-24 00:00:00+00:00,1711238400000,2024-03-24T00:00:00+00:00,0.00026109,0.6235
2024-03-24 08:00:00+00:00,1711267200000,2024-03-24T08:00:00+00:00,0.00025702,0.6383
2024-03-24 16:00:00+00:00,1711296000000,2024-03-24T16:00:00+00:00,0.00014602,0.63556343
2024-03-25 00:00:00+00:00,1711324800000,2024-03-25T00:00:00+00:00,0.00017493,0.64719387
2024-03-25 08:00:00.001000+00:00,1711353600001,2024-03-25T08:00:00.001000+00:00,0.00014134,0.64242856
2024-03-25 16:00:00+00:00,1711382400000,2024-03-25T16:00:00+00:00,0.00019693,0.662
2024-03-26 00:00:00+00:00,1711411200000,2024-03-26T00:00:00+00:00,0.00032113,0.6572
2024-03-26 08:00:00+00:00,1711440000000,2024-03-26T08:00:00+00:00,0.0002348,0.6723
2024-03-26 16:00:00+00:00,1711468800000,2024-03-26T16:00:00+00:00,0.00031656,0.6636
2024-03-27 00:00:00+00:00,1711497600000,2024-03-27T00:00:00+00:00,0.00039797,0.6656
2024-03-27 08:00:00.001000+00:00,1711526400001,2024-03-27T08:00:00.001000+00:00,0.00042152,0.64899075
2024-03-27 16:00:00+00:00,1711555200000,2024-03-27T16:00:00+00:00,0.00031368,0.6343
2024-03-28 00:00:00+00:00,1711584000000,2024-03-28T00:00:00+00:00,0.00032279,0.64841692
2024-03-28 08:00:00+00:00,1711612800000,2024-03-28T08:00:00+00:00,0.00047279,0.65164275
2024-03-28 16:00:00+00:00,1711641600000,2024-03-28T16:00:00+00:00,0.00036358,0.65539183
2024-03-29 00:00:00+00:00,1711670400000,2024-03-29T00:00:00+00:00,0.00052383,0.65157676
2024-03-29 08:00:00+00:00,1711699200000,2024-03-29T08:00:00+00:00,0.00039291,0.6382
2024-03-29 16:00:00+00:00,1711728000000,2024-03-29T16:00:00+00:00,0.0005161,0.65015118
2024-03-30 00:00:00+00:00,1711756800000,2024-03-30T00:00:00+00:00,0.00036223,0.665
2024-03-30 08:00:00+00:00,1711785600000,2024-03-30T08:00:00+00:00,0.00053163,0.6511
2024-03-30 16:00:00+00:00,1711814400000,2024-03-30T16:00:00+00:00,0.00046696,0.65118695
2024-03-31 00:00:00+00:00,1711843200000,2024-03-31T00:00:00+00:00,0.00025992,0.6441
2024-03-31 08:00:00+00:00,1711872000000,2024-03-31T08:00:00+00:00,0.00043791,0.65094546
2024-03-31 16:00:00.001000+00:00,1711900800001,2024-03-31T16:00:00.001000+00:00,0.00053769,0.64703482
2024-04-01 00:00:00+00:00,1711929600000,2024-04-01T00:00:00+00:00,0.00051829,0.65065619
2024-04-01 08:00:00+00:00,1711958400000,2024-04-01T08:00:00+00:00,0.00032885,0.6311
2024-04-01 16:00:00+00:00,1711987200000,2024-04-01T16:00:00+00:00,0.00024899,0.60923043
2024-04-02 00:00:00.007000+00:00,1712016000007,2024-04-02T00:00:00.007000+00:00,0.00012467,0.6217
2024-04-02 08:00:00.015000+00:00,1712044800015,2024-04-02T08:00:00.015000+00:00,0.0001,0.5964
2024-04-02 16:00:00+00:00,1712073600000,2024-04-02T16:00:00+00:00,0.0001,0.5813
2024-04-03 00:00:00+00:00,1712102400000,2024-04-03T00:00:00+00:00,0.0001,0.5809
2024-04-03 08:00:00+00:00,1712131200000,2024-04-03T08:00:00+00:00,0.0001,0.58798091
2024-04-03 16:00:00+00:00,1712160000000,2024-04-03T16:00:00+00:00,0.0001,0.58174675
2024-04-04 00:00:00+00:00,1712188800000,2024-04-04T00:00:00+00:00,0.0001,0.5697
2024-04-04 08:00:00+00:00,1712217600000,2024-04-04T08:00:00+00:00,0.00017085,0.57617934
2024-04-04 16:00:00+00:00,1712246400000,2024-04-04T16:00:00+00:00,0.0001,0.58823318
2024-04-05 00:00:00+00:00,1712275200000,2024-04-05T00:00:00+00:00,0.0001,0.5834
2024-04-05 08:00:00+00:00,1712304000000,2024-04-05T08:00:00+00:00,0.0001,0.5722
2024-04-05 16:00:00+00:00,1712332800000,2024-04-05T16:00:00+00:00,0.00013436,0.5781
2024-04-06 00:00:00+00:00,1712361600000,2024-04-06T00:00:00+00:00,0.0001613,0.5745
2024-04-06 08:00:00+00:00,1712390400000,2024-04-06T08:00:00+00:00,0.0001,0.5819
2024-04-06 16:00:00+00:00,1712419200000,2024-04-06T16:00:00+00:00,0.0001,0.58446059
2024-04-07 00:00:00+00:00,1712448000000,2024-04-07T00:00:00+00:00,0.00014757,0.58407215
2024-04-07 08:00:00+00:00,1712476800000,2024-04-07T08:00:00+00:00,0.0001,0.5901
2024-04-07 16:00:00+00:00,1712505600000,2024-04-07T16:00:00+00:00,0.00014966,0.59012213
2024-04-08 00:00:00.001000+00:00,1712534400001,2024-04-08T00:00:00.001000+00:00,0.00020291,0.58926354
2024-04-08 08:00:00+00:00,1712563200000,2024-04-08T08:00:00+00:00,0.00015237,0.59506852
2024-04-08 16:00:00.006000+00:00,1712592000006,2024-04-08T16:00:00.006000+00:00,0.00027296,0.60779574
2024-04-09 00:00:00+00:00,1712620800000,2024-04-09T00:00:00+00:00,0.00017292,0.61425655
2024-04-09 08:00:00.001000+00:00,1712649600001,2024-04-09T08:00:00.001000+00:00,0.00010381,0.6028101
2024-04-09 16:00:00.001000+00:00,1712678400001,2024-04-09T16:00:00.001000+00:00,0.00016633,0.6061
2024-04-10 00:00:00+00:00,1712707200000,2024-04-10T00:00:00+00:00,0.00020111,0.5915
2024-04-10 08:00:00.001000+00:00,1712736000001,2024-04-10T08:00:00.001000+00:00,0.00011739,0.5846484
2024-04-10 16:00:00+00:00,1712764800000,2024-04-10T16:00:00+00:00,0.0001,0.5731
2024-04-11 00:00:00+00:00,1712793600000,2024-04-11T00:00:00+00:00,0.0001,0.5866
2024-04-11 08:00:00+00:00,1712822400000,2024-04-11T08:00:00+00:00,0.00018963,0.59204268
2024-04-11 16:00:00+00:00,1712851200000,2024-04-11T16:00:00+00:00,0.00016431,0.5824
2024-04-12 00:00:00+00:00,1712880000000,2024-04-12T00:00:00+00:00,0.00022786,0.58627744
2024-04-12 08:00:00.001000+00:00,1712908800001,2024-04-12T08:00:00.001000+00:00,0.0002807,0.58218378
2024-04-12 16:00:00+00:00,1712937600000,2024-04-12T16:00:00+00:00,0.0001,0.5643
2024-04-13 00:00:00+00:00,1712966400000,2024-04-13T00:00:00+00:00,0.0001,0.50269786
2024-04-13 08:00:00+00:00,1712995200000,2024-04-13T08:00:00+00:00,0.0001,0.50562021
2024-04-13 16:00:00.001000+00:00,1713024000001,2024-04-13T16:00:00.001000+00:00,0.0001,0.5027162
2024-04-14 00:00:00+00:00,1713052800000,2024-04-14T00:00:00+00:00,-3.172e-05,0.4446933
2024-04-14 08:00:00+00:00,1713081600000,2024-04-14T08:00:00+00:00,8.876e-05,0.4722
2024-04-14 16:00:00+00:00,1713110400000,2024-04-14T16:00:00+00:00,0.0001,0.45428268
2024-04-15 00:00:00+00:00,1713139200000,2024-04-15T00:00:00+00:00,0.0001,0.4671
2024-04-15 08:00:00.001000+00:00,1713168000001,2024-04-15T08:00:00.001000+00:00,0.0001,0.48949764
2024-04-15 16:00:00+00:00,1713196800000,2024-04-15T16:00:00+00:00,0.0001,0.4677
2024-04-16 00:00:00.001000+00:00,1713225600001,2024-04-16T00:00:00.001000+00:00,3.956e-05,0.46059958
2024-04-16 08:00:00+00:00,1713254400000,2024-04-16T08:00:00+00:00,4.344e-05,0.47374234
2024-04-16 16:00:00+00:00,1713283200000,2024-04-16T16:00:00+00:00,0.0001,0.44230703
2024-04-17 00:00:00+00:00,1713312000000,2024-04-17T00:00:00+00:00,5.668e-05,0.45812055
2024-04-17 08:00:00+00:00,1713340800000,2024-04-17T08:00:00+00:00,-5.03e-06,0.45674401
2024-04-17 16:00:00+00:00,1713369600000,2024-04-17T16:00:00+00:00,5.334e-05,0.43239422
2024-04-18 00:00:00+00:00,1713398400000,2024-04-18T00:00:00+00:00,0.0001,0.44390921
2024-04-18 08:00:00+00:00,1713427200000,2024-04-18T08:00:00+00:00,0.0001,0.43892398
2024-04-18 16:00:00+00:00,1713456000000,2024-04-18T16:00:00+00:00,2e-07,0.453919
2024-04-19 00:00:00.001000+00:00,1713484800001,2024-04-19T00:00:00.001000+00:00,-2.768e-05,0.4577
2024-04-19 08:00:00+00:00,1713513600000,2024-04-19T08:00:00+00:00,0.0001,0.4559
2024-04-19 16:00:00+00:00,1713542400000,2024-04-19T16:00:00+00:00,0.0001,0.4715
2024-04-20 00:00:00+00:00,1713571200000,2024-04-20T00:00:00+00:00,0.0001,0.4679
2024-04-20 08:00:00+00:00,1713600000000,2024-04-20T08:00:00+00:00,-0.00016374,0.4965
2024-04-20 16:00:00+00:00,1713628800000,2024-04-20T16:00:00+00:00,6.108e-05,0.4907
2024-04-21 00:00:00+00:00,1713657600000,2024-04-21T00:00:00+00:00,5.695e-05,0.50682332
2024-04-21 08:00:00+00:00,1713686400000,2024-04-21T08:00:00+00:00,-1.436e-05,0.5053
2024-04-21 16:00:00+00:00,1713715200000,2024-04-21T16:00:00+00:00,6.781e-05,0.4981
2024-04-22 00:00:00+00:00,1713744000000,2024-04-22T00:00:00+00:00,0.0001,0.49918264
2024-04-22 08:00:00+00:00,1713772800000,2024-04-22T08:00:00+00:00,0.0001,0.5057444
2024-04-22 16:00:00+00:00,1713801600000,2024-04-22T16:00:00+00:00,2.533e-05,0.5155
2024-04-23 00:00:00+00:00,1713830400000,2024-04-23T00:00:00+00:00,4.165e-05,0.5163
2024-04-23 08:00:00+00:00,1713859200000,2024-04-23T08:00:00+00:00,5.001e-05,0.5086
2024-04-23 16:00:00.001000+00:00,1713888000001,2024-04-23T16:00:00.001000+00:00,7.107e-05,0.5048
2024-04-24 00:00:00+00:00,1713916800000,2024-04-24T00:00:00+00:00,6.875e-05,0.4997
2024-04-24 08:00:00+00:00,1713945600000,2024-04-24T08:00:00+00:00,4.855e-05,0.50404489
2024-04-24 16:00:00+00:00,1713974400000,2024-04-24T16:00:00+00:00,8.79e-06,0.4768526
2024-04-25 00:00:00+00:00,1714003200000,2024-04-25T00:00:00+00:00,-2.113e-05,0.47432878
2024-04-25 08:00:00+00:00,1714032000000,2024-04-25T08:00:00+00:00,2.966e-05,0.47220156
2024-04-25 16:00:00.010000+00:00,1714060800010,2024-04-25T16:00:00.010000+00:00,0.0001,0.47343239
2024-04-26 00:00:00.001000+00:00,1714089600001,2024-04-26T00:00:00.001000+00:00,-3.058e-05,0.4702137
2024-04-26 08:00:00+00:00,1714118400000,2024-04-26T08:00:00+00:00,6.967e-05,0.46853264
2024-04-26 16:00:00+00:00,1714147200000,2024-04-26T16:00:00+00:00,4.605e-05,0.46601943
2024-04-27 00:00:00+00:00,1714176000000,2024-04-27T00:00:00+00:00,7.556e-05,0.4628
2024-04-27 08:00:00.001000+00:00,1714204800001,2024-04-27T08:00:00.001000+00:00,0.0001,0.4542
2024-04-27 16:00:00+00:00,1714233600000,2024-04-27T16:00:00+00:00,0.0001,0.4569
2024-04-28 00:00:00+00:00,1714262400000,2024-04-28T00:00:00+00:00,-1.059e-05,0.4672
2024-04-28 08:00:00+00:00,1714291200000,2024-04-28T08:00:00+00:00,-5.786e-05,0.47454312
2024-04-28 16:00:00+00:00,1714320000000,2024-04-28T16:00:00+00:00,0.0001,0.4671
2024-04-29 00:00:00+00:00,1714348800000,2024-04-29T00:00:00+00:00,0.0001,0.46
2024-04-29 08:00:00+00:00,1714377600000,2024-04-29T08:00:00+00:00,4.149e-05,0.4506
2024-04-29 16:00:00+00:00,1714406400000,2024-04-29T16:00:00+00:00,0.0001,0.457
2024-04-30 00:00:00+00:00,1714435200000,2024-04-30T00:00:00+00:00,0.0001,0.4568
2024-04-30 08:00:00+00:00,1714464000000,2024-04-30T08:00:00+00:00,0.0001,0.451
2024-04-30 16:00:00+00:00,1714492800000,2024-04-30T16:00:00+00:00,-6.743e-05,0.4358
2024-05-01 00:00:00+00:00,1714521600000,2024-05-01T00:00:00+00:00,6.108e-05,0.44096632
2024-05-01 08:00:00+00:00,1714550400000,2024-05-01T08:00:00+00:00,0.0001,0.4276
2024-05-01 16:00:00+00:00,1714579200000,2024-05-01T16:00:00+00:00,0.0001,0.4352
2024-05-02 00:00:00+00:00,1714608000000,2024-05-02T00:00:00+00:00,9.616e-05,0.4499
2024-05-02 08:00:00+00:00,1714636800000,2024-05-02T08:00:00+00:00,0.0001,0.44439393
2024-05-02 16:00:00.002000+00:00,1714665600002,2024-05-02T16:00:00.002000+00:00,4.013e-05,0.4574
2024-05-03 00:00:00+00:00,1714694400000,2024-05-03T00:00:00+00:00,2.872e-05,0.4575
2024-05-03 08:00:00+00:00,1714723200000,2024-05-03T08:00:00+00:00,7.543e-05,0.45092172
2024-05-03 16:00:00+00:00,1714752000000,2024-05-03T16:00:00+00:00,4.932e-05,0.4667
2024-05-04 00:00:00+00:00,1714780800000,2024-05-04T00:00:00+00:00,8.668e-05,0.4670133
2024-05-04 08:00:00+00:00,1714809600000,2024-05-04T08:00:00+00:00,-1.398e-05,0.4649
2024-05-04 16:00:00+00:00,1714838400000,2024-05-04T16:00:00+00:00,-1.27e-06,0.4677
2024-05-05 00:00:00+00:00,1714867200000,2024-05-05T00:00:00+00:00,0.0001,0.46306
2024-05-05 08:00:00+00:00,1714896000000,2024-05-05T08:00:00+00:00,4.551e-05,0.45798627
2024-05-05 16:00:00+00:00,1714924800000,2024-05-05T16:00:00+00:00,-1.566e-05,0.4634
2024-05-06 00:00:00+00:00,1714953600000,2024-05-06T00:00:00+00:00,0.0001,0.45773917
2024-05-06 08:00:00+00:00,1714982400000,2024-05-06T08:00:00+00:00,6.16e-06,0.46645015
2024-05-06 16:00:00+00:00,1715011200000,2024-05-06T16:00:00+00:00,6.336e-05,0.46033235
2024-05-07 00:00:00+00:00,1715040000000,2024-05-07T00:00:00+00:00,7.668e-05,0.4537723
2024-05-07 08:00:00+00:00,1715068800000,2024-05-07T08:00:00+00:00,2.803e-05,0.44911968
2024-05-07 16:00:00+00:00,1715097600000,2024-05-07T16:00:00+00:00,6.886e-05,0.452
2024-05-08 00:00:00+00:00,1715126400000,2024-05-08T00:00:00+00:00,1.079e-05,0.44129422
2024-05-08 08:00:00+00:00,1715155200000,2024-05-08T08:00:00+00:00,-2.083e-05,0.43871642
2024-05-08 16:00:00+00:00,1715184000000,2024-05-08T16:00:00+00:00,2.9e-07,0.46130478
2024-05-09 00:00:00+00:00,1715212800000,2024-05-09T00:00:00+00:00,0.0001,0.4516
2024-05-09 08:00:00+00:00,1715241600000,2024-05-09T08:00:00+00:00,-2e-06,0.4532
2024-05-09 16:00:00+00:00,1715270400000,2024-05-09T16:00:00+00:00,3.557e-05,0.45552001
2024-05-10 00:00:00+00:00,1715299200000,2024-05-10T00:00:00+00:00,0.0001,0.4634
2024-05-10 08:00:00+00:00,1715328000000,2024-05-10T08:00:00+00:00,0.0001,0.4651
2024-05-10 16:00:00+00:00,1715356800000,2024-05-10T16:00:00+00:00,0.0001,0.44935293
2024-05-11 00:00:00+00:00,1715385600000,2024-05-11T00:00:00+00:00,-2.636e-05,0.44764077
2024-05-11 08:00:00+00:00,1715414400000,2024-05-11T08:00:00+00:00,9.706e-05,0.4488
2024-05-11 16:00:00+00:00,1715443200000,2024-05-11T16:00:00+00:00,8.413e-05,0.4429
2024-05-12 00:00:00+00:00,1715472000000,2024-05-12T00:00:00+00:00,4.96e-06,0.43877377
2024-05-12 08:00:00+00:00,1715500800000,2024-05-12T08:00:00+00:00,-1.688e-05,0.4381
2024-05-12 16:00:00+00:00,1715529600000,2024-05-12T16:00:00+00:00,3.553e-05,0.44147471
2024-05-13 00:00:00.001000+00:00,1715558400001,2024-05-13T00:00:00.001000+00:00,-2.178e-05,0.4375
2024-05-13 08:00:00.001000+00:00,1715587200001,2024-05-13T08:00:00.001000+00:00,-5.096e-05,0.44368815
2024-05-13 16:00:00+00:00,1715616000000,2024-05-13T16:00:00+00:00,8.815e-05,0.44471897
2024-05-14 00:00:00+00:00,1715644800000,2024-05-14T00:00:00+00:00,1.931e-05,0.43634206
2024-05-14 08:00:00+00:00,1715673600000,2024-05-14T08:00:00+00:00,-8.175e-05,0.4372
2024-05-14 16:00:00+00:00,1715702400000,2024-05-14T16:00:00+00:00,7.653e-05,0.43557784
2024-05-15 00:00:00+00:00,1715731200000,2024-05-15T00:00:00+00:00,1.334e-05,0.42815773
2024-05-15 08:00:00+00:00,1715760000000,2024-05-15T08:00:00+00:00,-1.99e-06,0.43070196
2024-05-15 16:00:00+00:00,1715788800000,2024-05-15T16:00:00+00:00,0.0001,0.44560001
2024-05-16 00:00:00.004000+00:00,1715817600004,2024-05-16T00:00:00.004000+00:00,0.0001,0.4524
2024-05-16 08:00:00+00:00,1715846400000,2024-05-16T08:00:00+00:00,0.0001,0.457
2024-05-16 16:00:00+00:00,1715875200000,2024-05-16T16:00:00+00:00,0.0001,0.4554
2024-05-17 00:00:00+00:00,1715904000000,2024-05-17T00:00:00+00:00,0.0001,0.45960111
2024-05-17 08:00:00+00:00,1715932800000,2024-05-17T08:00:00+00:00,0.0001,0.4804807
2024-05-17 16:00:00+00:00,1715961600000,2024-05-17T16:00:00+00:00,0.0001,0.483
2024-05-18 00:00:00+00:00,1715990400000,2024-05-18T00:00:00+00:00,0.0001,0.482
2024-05-18 08:00:00+00:00,1716019200000,2024-05-18T08:00:00+00:00,0.0001,0.4804
2024-05-18 16:00:00+00:00,1716048000000,2024-05-18T16:00:00+00:00,0.0001,0.48094059
2024-05-19 00:00:00+00:00,1716076800000,2024-05-19T00:00:00+00:00,0.0001,0.48194531
2024-05-19 08:00:00+00:00,1716105600000,2024-05-19T08:00:00+00:00,0.0001,0.47994672
2024-05-19 16:00:00+00:00,1716134400000,2024-05-19T16:00:00+00:00,0.0001,0.47063207
2024-05-20 00:00:00+00:00,1716163200000,2024-05-20T00:00:00+00:00,0.0001,0.4671
2024-05-20 08:00:00+00:00,1716192000000,2024-05-20T08:00:00+00:00,0.0001,0.46713646
2024-05-20 16:00:00.003000+00:00,1716220800003,2024-05-20T16:00:00.003000+00:00,0.0001,0.4683
2024-05-21 00:00:00+00:00,1716249600000,2024-05-21T00:00:00+00:00,0.0001,0.5021
2024-05-21 08:00:00.001000+00:00,1716278400001,2024-05-21T08:00:00.001000+00:00,0.0001,0.50122535
2024-05-21 16:00:00+00:00,1716307200000,2024-05-21T16:00:00+00:00,0.0001,0.49754314
2024-05-22 00:00:00+00:00,1716336000000,2024-05-22T00:00:00+00:00,0.0001,0.4949
2024-05-22 08:00:00+00:00,1716364800000,2024-05-22T08:00:00+00:00,0.0001,0.4903
2024-05-22 16:00:00+00:00,1716393600000,2024-05-22T16:00:00+00:00,0.0001,0.48390712
2024-05-23 00:00:00+00:00,1716422400000,2024-05-23T00:00:00+00:00,0.0001,0.4836448
2024-05-23 08:00:00+00:00,1716451200000,2024-05-23T08:00:00+00:00,0.0001,0.4855
2024-05-23 16:00:00+00:00,1716480000000,2024-05-23T16:00:00+00:00,0.0001,0.4681
2024-05-24 00:00:00+00:00,1716508800000,2024-05-24T00:00:00+00:00,0.0001,0.46570529
2024-05-24 08:00:00+00:00,1716537600000,2024-05-24T08:00:00+00:00,0.0001,0.4615
2024-05-24 16:00:00+00:00,1716566400000,2024-05-24T16:00:00+00:00,0.0001,0.45908647
2024-05-25 00:00:00+00:00,1716595200000,2024-05-25T00:00:00+00:00,0.0001,0.46000056
2024-05-25 08:00:00+00:00,1716624000000,2024-05-25T08:00:00+00:00,0.0001,0.4626
2024-05-25 16:00:00+00:00,1716652800000,2024-05-25T16:00:00+00:00,0.0001,0.45961529
2024-05-26 00:00:00+00:00,1716681600000,2024-05-26T00:00:00+00:00,0.0001,0.46230973
2024-05-26 08:00:00+00:00,1716710400000,2024-05-26T08:00:00+00:00,0.0001,0.46118713
2024-05-26 16:00:00+00:00,1716739200000,2024-05-26T16:00:00+00:00,0.0001,0.45958116
2024-05-27 00:00:00+00:00,1716768000000,2024-05-27T00:00:00+00:00,0.0001,0.45806419
2024-05-27 08:00:00+00:00,1716796800000,2024-05-27T08:00:00+00:00,0.0001,0.459
2024-05-27 16:00:00+00:00,1716825600000,2024-05-27T16:00:00+00:00,0.0001,0.4725
2024-05-28 00:00:00+00:00,1716854400000,2024-05-28T00:00:00+00:00,0.0001141,0.4687
2024-05-28 08:00:00+00:00,1716883200000,2024-05-28T08:00:00+00:00,0.0001,0.45558577
2024-05-28 16:00:00+00:00,1716912000000,2024-05-28T16:00:00+00:00,0.0001,0.45804203
2024-05-29 00:00:00.001000+00:00,1716940800001,2024-05-29T00:00:00.001000+00:00,0.00012077,0.45787256
2024-05-29 08:00:00+00:00,1716969600000,2024-05-29T08:00:00+00:00,0.0001,0.4596
2024-05-29 16:00:00+00:00,1716998400000,2024-05-29T16:00:00+00:00,0.00012429,0.45589371
2024-05-30 00:00:00+00:00,1717027200000,2024-05-30T00:00:00+00:00,0.0001,0.4513
2024-05-30 08:00:00+00:00,1717056000000,2024-05-30T08:00:00+00:00,0.0001,0.4459
2024-05-30 16:00:00+00:00,1717084800000,2024-05-30T16:00:00+00:00,0.0001,0.4506207
2024-05-31 00:00:00+00:00,1717113600000,2024-05-31T00:00:00+00:00,0.0001,0.4467
2024-05-31 08:00:00+00:00,1717142400000,2024-05-31T08:00:00+00:00,0.0001,0.4486
2024-05-31 16:00:00+00:00,1717171200000,2024-05-31T16:00:00+00:00,0.0001,0.4467
2024-06-01 00:00:00+00:00,1717200000000,2024-06-01T00:00:00+00:00,0.00014915,0.44712743
2024-06-01 08:00:00+00:00,1717228800000,2024-06-01T08:00:00+00:00,0.00013473,0.44858127
2024-06-01 16:00:00.001000+00:00,1717257600001,2024-06-01T16:00:00.001000+00:00,0.00016212,0.4487726
2024-06-02 00:00:00+00:00,1717286400000,2024-06-02T00:00:00+00:00,0.00020642,0.4503
2024-06-02 08:00:00+00:00,1717315200000,2024-06-02T08:00:00+00:00,0.00021214,0.45218479
2024-06-02 16:00:00+00:00,1717344000000,2024-06-02T16:00:00+00:00,0.0001541,0.4512
2024-06-03 00:00:00+00:00,1717372800000,2024-06-03T00:00:00+00:00,0.0001,0.4466
2024-06-03 08:00:00+00:00,1717401600000,2024-06-03T08:00:00+00:00,0.00022998,0.45370351
2024-06-03 16:00:00+00:00,1717430400000,2024-06-03T16:00:00+00:00,0.0001,0.45323066
2024-06-04 00:00:00+00:00,1717459200000,2024-06-04T00:00:00+00:00,0.0001,0.4576
2024-06-04 08:00:00+00:00,1717488000000,2024-06-04T08:00:00+00:00,0.0001,0.4569
2024-06-04 16:00:00+00:00,1717516800000,2024-06-04T16:00:00+00:00,0.0001,0.46118322
2024-06-05 00:00:00+00:00,1717545600000,2024-06-05T00:00:00+00:00,0.0001,0.46157617
2024-06-05 08:00:00+00:00,1717574400000,2024-06-05T08:00:00+00:00,0.0001,0.46270633
2024-06-05 16:00:00+00:00,1717603200000,2024-06-05T16:00:00+00:00,0.0001,0.46184693
2024-06-06 00:00:00+00:00,1717632000000,2024-06-06T00:00:00+00:00,0.00013524,0.46154967
2024-06-06 08:00:00.008000+00:00,1717660800008,2024-06-06T08:00:00.008000+00:00,0.0001,0.4594
2024-06-06 16:00:00+00:00,1717689600000,2024-06-06T16:00:00+00:00,0.0001,0.4606
2024-06-07 00:00:00+00:00,1717718400000,2024-06-07T00:00:00+00:00,0.00016351,0.45838607
2024-06-07 08:00:00+00:00,1717747200000,2024-06-07T08:00:00+00:00,0.00024194,0.46193466
2024-06-07 16:00:00+00:00,1717776000000,2024-06-07T16:00:00+00:00,0.00016832,0.4793
2024-06-08 00:00:00+00:00,1717804800000,2024-06-08T00:00:00+00:00,0.0001,0.4493
2024-06-08 08:00:00+00:00,1717833600000,2024-06-08T08:00:00+00:00,0.0001,0.4457
2024-06-08 16:00:00+00:00,1717862400000,2024-06-08T16:00:00+00:00,0.0001,0.43580126
2024-06-09 00:00:00+00:00,1717891200000,2024-06-09T00:00:00+00:00,0.0001,0.4366
2024-06-09 08:00:00+00:00,1717920000000,2024-06-09T08:00:00+00:00,0.0001,0.43754958
2024-06-09 16:00:00.001000+00:00,1717948800001,2024-06-09T16:00:00.001000+00:00,0.0001,0.4396
2024-06-10 00:00:00+00:00,1717977600000,2024-06-10T00:00:00+00:00,0.0001,0.4441
2024-06-10 08:00:00+00:00,1718006400000,2024-06-10T08:00:00+00:00,0.0001,0.43591516
2024-06-10 16:00:00.001000+00:00,1718035200001,2024-06-10T16:00:00.001000+00:00,0.0001,0.44730346
2024-06-11 00:00:00.001000+00:00,1718064000001,2024-06-11T00:00:00.001000+00:00,0.0001,0.4406944
2024-06-11 08:00:00+00:00,1718092800000,2024-06-11T08:00:00+00:00,0.0001,0.43194002
2024-06-11 16:00:00+00:00,1718121600000,2024-06-11T16:00:00+00:00,0.0001,0.41915282
2024-06-12 00:00:00+00:00,1718150400000,2024-06-12T00:00:00+00:00,0.0001,0.42162898
2024-06-12 08:00:00+00:00,1718179200000,2024-06-12T08:00:00+00:00,0.0001,0.42582829
2024-06-12 16:00:00+00:00,1718208000000,2024-06-12T16:00:00+00:00,0.0001,0.44036657
2024-06-13 00:00:00+00:00,1718236800000,2024-06-13T00:00:00+00:00,0.0001,0.438
2024-06-13 08:00:00.001000+00:00,1718265600001,2024-06-13T08:00:00.001000+00:00,0.0001,0.4313
2024-06-13 16:00:00+00:00,1718294400000,2024-06-13T16:00:00+00:00,0.0001,0.4208
2024-06-14 00:00:00+00:00,1718323200000,2024-06-14T00:00:00+00:00,0.0001,0.421
2024-06-14 08:00:00+00:00,1718352000000,2024-06-14T08:00:00+00:00,0.0001,0.4222
2024-06-14 16:00:00+00:00,1718380800000,2024-06-14T16:00:00+00:00,0.0001,0.4136
2024-06-15 00:00:00+00:00,1718409600000,2024-06-15T00:00:00+00:00,-2.37e-06,0.4119
2024-06-15 08:00:00+00:00,1718438400000,2024-06-15T08:00:00+00:00,0.0001,0.41162104
2024-06-15 16:00:00+00:00,1718467200000,2024-06-15T16:00:00+00:00,0.0001,0.4119
2024-06-16 00:00:00.001000+00:00,1718496000001,2024-06-16T00:00:00.001000+00:00,0.0001,0.4138
2024-06-16 08:00:00+00:00,1718524800000,2024-06-16T08:00:00+00:00,0.0001,0.4124819
2024-06-16 16:00:00+00:00,1718553600000,2024-06-16T16:00:00+00:00,0.0001,0.41640269
2024-06-17 00:00:00+00:00,1718582400000,2024-06-17T00:00:00+00:00,0.0001,0.4167
2024-06-17 08:00:00+00:00,1718611200000,2024-06-17T08:00:00+00:00,0.0001,0.4103
2024-06-17 16:00:00+00:00,1718640000000,2024-06-17T16:00:00+00:00,0.0001,0.4001
2024-06-18 00:00:00+00:00,1718668800000,2024-06-18T00:00:00+00:00,0.0001,0.4011
2024-06-18 08:00:00+00:00,1718697600000,2024-06-18T08:00:00+00:00,-8.36e-05,0.37921882
2024-06-18 16:00:00+00:00,1718726400000,2024-06-18T16:00:00+00:00,-0.00010972,0.3746
2024-06-19 00:00:00.001000+00:00,1718755200001,2024-06-19T00:00:00.001000+00:00,-0.00013743,0.3834
2024-06-19 08:00:00.001000+00:00,1718784000001,2024-06-19T08:00:00.001000+00:00,-3.674e-05,0.3924795
2024-06-19 16:00:00+00:00,1718812800000,2024-06-19T16:00:00+00:00,0.0001,0.3833107
2024-06-20 00:00:00+00:00,1718841600000,2024-06-20T00:00:00+00:00,7.875e-05,0.3843
2024-06-20 08:00:00+00:00,1718870400000,2024-06-20T08:00:00+00:00,7.8e-07,0.393
2024-06-20 16:00:00+00:00,1718899200000,2024-06-20T16:00:00+00:00,0.0001,0.38141954
2024-06-21 00:00:00+00:00,1718928000000,2024-06-21T00:00:00+00:00,1.514e-05,0.38407502
2024-06-21 08:00:00+00:00,1718956800000,2024-06-21T08:00:00+00:00,0.0001,0.3863
2024-06-21 16:00:00+00:00,1718985600000,2024-06-21T16:00:00+00:00,0.0001,0.3802
2024-06-22 00:00:00+00:00,1719014400000,2024-06-22T00:00:00+00:00,0.0001,0.37579211
2024-06-22 08:00:00+00:00,1719043200000,2024-06-22T08:00:00+00:00,8.968e-05,0.37610763
2024-06-22 16:00:00+00:00,1719072000000,2024-06-22T16:00:00+00:00,-6.365e-05,0.38601109
2024-06-23 00:00:00+00:00,1719100800000,2024-06-23T00:00:00+00:00,0.0001,0.3845
2024-06-23 08:00:00+00:00,1719129600000,2024-06-23T08:00:00+00:00,6.413e-05,0.38843449
2024-06-23 16:00:00+00:00,1719158400000,2024-06-23T16:00:00+00:00,0.0001,0.3866
2024-06-24 00:00:00.002000+00:00,1719187200002,2024-06-24T00:00:00.002000+00:00,0.0001,0.3798531
2024-06-24 08:00:00+00:00,1719216000000,2024-06-24T08:00:00+00:00,7.339e-05,0.3736
2024-06-24 16:00:00+00:00,1719244800000,2024-06-24T16:00:00+00:00,0.0001,0.37071295
2024-06-25 00:00:00+00:00,1719273600000,2024-06-25T00:00:00+00:00,0.0001,0.3776
2024-06-25 08:00:00+00:00,1719302400000,2024-06-25T08:00:00+00:00,0.0001,0.38910024
2024-06-25 16:00:00+00:00,1719331200000,2024-06-25T16:00:00+00:00,0.0001,0.3946
2024-06-26 00:00:00.002000+00:00,1719360000002,2024-06-26T00:00:00.002000+00:00,0.0001,0.3917
2024-06-26 08:00:00+00:00,1719388800000,2024-06-26T08:00:00+00:00,0.0001,0.39013465
2024-06-26 16:00:00+00:00,1719417600000,2024-06-26T16:00:00+00:00,0.0001,0.3882
2024-06-27 00:00:00+00:00,1719446400000,2024-06-27T00:00:00+00:00,0.0001,0.38490127
2024-06-27 08:00:00.001000+00:00,1719475200001,2024-06-27T08:00:00.001000+00:00,0.0001,0.3786
2024-06-27 16:00:00+00:00,1719504000000,2024-06-27T16:00:00+00:00,0.0001,0.38619494
2024-06-28 00:00:00+00:00,1719532800000,2024-06-28T00:00:00+00:00,0.0001,0.39130296
2024-06-28 08:00:00+00:00,1719561600000,2024-06-28T08:00:00+00:00,0.0001,0.3867
2024-06-28 16:00:00+00:00,1719590400000,2024-06-28T16:00:00+00:00,0.0001,0.3918
2024-06-29 00:00:00.001000+00:00,1719619200001,2024-06-29T00:00:00.001000+00:00,0.0001,0.3857
2024-06-29 08:00:00+00:00,1719648000000,2024-06-29T08:00:00+00:00,0.0001,0.3945
2024-06-29 16:00:00+00:00,1719676800000,2024-06-29T16:00:00+00:00,0.0001,0.3905
2024-06-30 00:00:00+00:00,1719705600000,2024-06-30T00:00:00+00:00,-3.582e-05,0.38386969
2024-06-30 08:00:00+00:00,1719734400000,2024-06-30T08:00:00+00:00,4.745e-05,0.38749019
2024-06-30 16:00:00+00:00,1719763200000,2024-06-30T16:00:00+00:00,0.0001,0.3865
2024-07-01 00:00:00+00:00,1719792000000,2024-07-01T00:00:00+00:00,8.549e-05,0.3923
2024-07-01 08:00:00+00:00,1719820800000,2024-07-01T08:00:00+00:00,0.0001,0.398
2024-07-01 16:00:00.001000+00:00,1719849600001,2024-07-01T16:00:00.001000+00:00,0.0001,0.40349718
2024-07-02 00:00:00+00:00,1719878400000,2024-07-02T00:00:00+00:00,0.0001,0.40319839
2024-07-02 08:00:00+00:00,1719907200000,2024-07-02T08:00:00+00:00,0.0001,0.40686278
2024-07-02 16:00:00+00:00,1719936000000,2024-07-02T16:00:00+00:00,0.0001,0.41312102
2024-07-03 00:00:00+00:00,1719964800000,2024-07-03T00:00:00+00:00,0.0001,0.41829532
2024-07-03 08:00:00.001000+00:00,1719993600001,2024-07-03T08:00:00.001000+00:00,0.0001,0.41516947
2024-07-03 16:00:00+00:00,1720022400000,2024-07-03T16:00:00+00:00,0.0001,0.4065
2024-07-04 00:00:00+00:00,1720051200000,2024-07-04T00:00:00+00:00,0.0001,0.4068687
2024-07-04 08:00:00+00:00,1720080000000,2024-07-04T08:00:00+00:00,0.0001,0.3933
2024-07-04 16:00:00+00:00,1720108800000,2024-07-04T16:00:00+00:00,0.0001,0.3862
2024-07-05 00:00:00+00:00,1720137600000,2024-07-05T00:00:00+00:00,-1.67e-06,0.36208982
2024-07-05 08:00:00+00:00,1720166400000,2024-07-05T08:00:00+00:00,-0.00012072,0.33087808
2024-07-05 16:00:00+00:00,1720195200000,2024-07-05T16:00:00+00:00,-0.00010594,0.35320055
2024-07-06 00:00:00+00:00,1720224000000,2024-07-06T00:00:00+00:00,0.0001,0.3497
2024-07-06 08:00:00+00:00,1720252800000,2024-07-06T08:00:00+00:00,-4.113e-05,0.35318121
2024-07-06 16:00:00+00:00,1720281600000,2024-07-06T16:00:00+00:00,-0.0001627,0.35967754
2024-07-07 00:00:00.001000+00:00,1720310400001,2024-07-07T00:00:00.001000+00:00,0.0001,0.3706
2024-07-07 08:00:00+00:00,1720339200000,2024-07-07T08:00:00+00:00,6.509e-05,0.365
2024-07-07 16:00:00+00:00,1720368000000,2024-07-07T16:00:00+00:00,6.941e-05,0.3561
2024-07-08 00:00:00+00:00,1720396800000,2024-07-08T00:00:00+00:00,9.518e-05,0.3465
2024-07-08 08:00:00+00:00,1720425600000,2024-07-08T08:00:00+00:00,-9.58e-05,0.3506
2024-07-08 16:00:00+00:00,1720454400000,2024-07-08T16:00:00+00:00,0.0001,0.3608
2024-07-09 00:00:00+00:00,1720483200000,2024-07-09T00:00:00+00:00,8.634e-05,0.36890004
2024-07-09 08:00:00.001000+00:00,1720512000001,2024-07-09T08:00:00.001000+00:00,-6.489e-05,0.3714
2024-07-09 16:00:00+00:00,1720540800000,2024-07-09T16:00:00+00:00,0.0001,0.374
2024-07-10 00:00:00+00:00,1720569600000,2024-07-10T00:00:00+00:00,0.0001,0.37523532
2024-07-10 08:00:00+00:00,1720598400000,2024-07-10T08:00:00+00:00,0.0001,0.3823
2024-07-10 16:00:00+00:00,1720627200000,2024-07-10T16:00:00+00:00,0.0001,0.38485492
2024-07-11 00:00:00.002000+00:00,1720656000002,2024-07-11T00:00:00.002000+00:00,0.0001,0.38829458
2024-07-11 08:00:00.002000+00:00,1720684800002,2024-07-11T08:00:00.002000+00:00,0.0001,0.3926
2024-07-11 16:00:00.004000+00:00,1720713600004,2024-07-11T16:00:00.004000+00:00,0.0001,0.39326195
2024-07-12 00:00:00+00:00,1720742400000,2024-07-12T00:00:00+00:00,0.0001,0.3958
2024-07-12 08:00:00+00:00,1720771200000,2024-07-12T08:00:00+00:00,0.0001,0.39882577
2024-07-12 16:00:00+00:00,1720800000000,2024-07-12T16:00:00+00:00,0.0001,0.4088
2024-07-13 00:00:00+00:00,1720828800000,2024-07-13T00:00:00+00:00,0.0001,0.41634364
2024-07-13 08:00:00+00:00,1720857600000,2024-07-13T08:00:00+00:00,0.0001,0.4244
2024-07-13 16:00:00+00:00,1720886400000,2024-07-13T16:00:00+00:00,4.85e-05,0.43361814
2024-07-14 00:00:00+00:00,1720915200000,2024-07-14T00:00:00+00:00,0.0001,0.4414
2024-07-14 08:00:00+00:00,1720944000000,2024-07-14T08:00:00+00:00,0.0001,0.4305
2024-07-14 16:00:00+00:00,1720972800000,2024-07-14T16:00:00+00:00,0.0001,0.4301
2024-07-15 00:00:00+00:00,1721001600000,2024-07-15T00:00:00+00:00,8.17e-05,0.4316
2024-07-15 08:00:00+00:00,1721030400000,2024-07-15T08:00:00+00:00,-4.578e-05,0.4378
2024-07-15 16:00:00+00:00,1721059200000,2024-07-15T16:00:00+00:00,2.051e-05,0.4348
2024-07-16 00:00:00+00:00,1721088000000,2024-07-16T00:00:00+00:00,0.0001,0.44482784
2024-07-16 08:00:00+00:00,1721116800000,2024-07-16T08:00:00+00:00,0.0001,0.4306
2024-07-16 16:00:00+00:00,1721145600000,2024-07-16T16:00:00+00:00,9.402e-05,0.4469
2024-07-17 00:00:00+00:00,1721174400000,2024-07-17T00:00:00+00:00,0.0001,0.43788812
2024-07-17 08:00:00.001000+00:00,1721203200001,2024-07-17T08:00:00.001000+00:00,0.0001,0.44820648
2024-07-17 16:00:00+00:00,1721232000000,2024-07-17T16:00:00+00:00,0.0001,0.44634481
2024-07-18 00:00:00+00:00,1721260800000,2024-07-18T00:00:00+00:00,6.408e-05,0.43568983
2024-07-18 08:00:00+00:00,1721289600000,2024-07-18T08:00:00+00:00,7.376e-05,0.4417
2024-07-18 16:00:00+00:00,1721318400000,2024-07-18T16:00:00+00:00,0.0001,0.42544284
2024-07-19 00:00:00+00:00,1721347200000,2024-07-19T00:00:00+00:00,4.329e-05,0.42311349
2024-07-19 08:00:00+00:00,1721376000000,2024-07-19T08:00:00+00:00,0.0001,0.42150488
2024-07-19 16:00:00+00:00,1721404800000,2024-07-19T16:00:00+00:00,0.0001,0.43131369
2024-07-20 00:00:00.001000+00:00,1721433600001,2024-07-20T00:00:00.001000+00:00,0.0001,0.4388033
2024-07-20 08:00:00+00:00,1721462400000,2024-07-20T08:00:00+00:00,0.0001,0.43890501
2024-07-20 16:00:00+00:00,1721491200000,2024-07-20T16:00:00+00:00,7.646e-05,0.43384955
2024-07-21 00:00:00+00:00,1721520000000,2024-07-21T00:00:00+00:00,0.0001,0.43706337
2024-07-21 08:00:00+00:00,1721548800000,2024-07-21T08:00:00+00:00,0.0001,0.42993619
2024-07-21 16:00:00+00:00,1721577600000,2024-07-21T16:00:00+00:00,4.87e-05,0.43
2024-07-22 00:00:00+00:00,1721606400000,2024-07-22T00:00:00+00:00,2.73e-05,0.44664898
2024-07-22 08:00:00+00:00,1721635200000,2024-07-22T08:00:00+00:00,1.939e-05,0.4338
2024-07-22 16:00:00+00:00,1721664000000,2024-07-22T16:00:00+00:00,0.0001,0.4296
2024-07-23 00:00:00+00:00,1721692800000,2024-07-23T00:00:00+00:00,-7.998e-05,0.42592519
2024-07-23 08:00:00+00:00,1721721600000,2024-07-23T08:00:00+00:00,-3.898e-05,0.4194
2024-07-23 16:00:00+00:00,1721750400000,2024-07-23T16:00:00+00:00,8.156e-05,0.4157814
2024-07-24 00:00:00+00:00,1721779200000,2024-07-24T00:00:00+00:00,1.722e-05,0.40977726
2024-07-24 08:00:00+00:00,1721808000000,2024-07-24T08:00:00+00:00,8.986e-05,0.4193472
2024-07-24 16:00:00+00:00,1721836800000,2024-07-24T16:00:00+00:00,0.0001,0.41200215
2024-07-25 00:00:00+00:00,1721865600000,2024-07-25T00:00:00+00:00,0.0001,0.40611802
2024-07-25 08:00:00+00:00,1721894400000,2024-07-25T08:00:00+00:00,9.053e-05,0.3963
2024-07-25 16:00:00+00:00,1721923200000,2024-07-25T16:00:00+00:00,0.0001,0.3928
2024-07-26 00:00:00+00:00,1721952000000,2024-07-26T00:00:00+00:00,5.027e-05,0.3946
2024-07-26 08:00:00+00:00,1721980800000,2024-07-26T08:00:00+00:00,0.0001,0.41250503
2024-07-26 16:00:00+00:00,1722009600000,2024-07-26T16:00:00+00:00,0.0001,0.4146
2024-07-27 00:00:00+00:00,1722038400000,2024-07-27T00:00:00+00:00,9.488e-05,0.41703114
2024-07-27 08:00:00+00:00,1722067200000,2024-07-27T08:00:00+00:00,0.0001,0.41651911
2024-07-27 16:00:00+00:00,1722096000000,2024-07-27T16:00:00+00:00,0.0001,0.42263791
2024-07-28 00:00:00+00:00,1722124800000,2024-07-28T00:00:00+00:00,0.0001,0.41741289
2024-07-28 08:00:00+00:00,1722153600000,2024-07-28T08:00:00+00:00,0.0001,0.41142413
2024-07-28 16:00:00.001000+00:00,1722182400001,2024-07-28T16:00:00.001000+00:00,5.265e-05,0.40743492
2024-07-29 00:00:00.001000+00:00,1722211200001,2024-07-29T00:00:00.001000+00:00,5.68e-06,0.407
2024-07-29 08:00:00+00:00,1722240000000,2024-07-29T08:00:00+00:00,0.0001,0.4224
2024-07-29 16:00:00.001000+00:00,1722268800001,2024-07-29T16:00:00.001000+00:00,1.703e-05,0.4092064
2024-07-30 00:00:00+00:00,1722297600000,2024-07-30T00:00:00+00:00,7.968e-05,0.403
2024-07-30 08:00:00.001000+00:00,1722326400001,2024-07-30T08:00:00.001000+00:00,0.0001,0.4032
2024-07-30 16:00:00+00:00,1722355200000,2024-07-30T16:00:00+00:00,5.76e-06,0.4019
2024-07-31 00:00:00+00:00,1722384000000,2024-07-31T00:00:00+00:00,5.242e-05,0.40113865
2024-07-31 08:00:00+00:00,1722412800000,2024-07-31T08:00:00+00:00,0.0001,0.4013
2024-07-31 16:00:00+00:00,1722441600000,2024-07-31T16:00:00+00:00,1.5e-05,0.4019
2024-08-01 00:00:00+00:00,1722470400000,2024-08-01T00:00:00+00:00,-1.452e-05,0.38788649
2024-08-01 08:00:00+00:00,1722499200000,2024-08-01T08:00:00+00:00,-4.627e-05,0.385
2024-08-01 16:00:00+00:00,1722528000000,2024-08-01T16:00:00+00:00,4.482e-05,0.37796784
2024-08-02 00:00:00+00:00,1722556800000,2024-08-02T00:00:00+00:00,8.968e-05,0.3924
2024-08-02 08:00:00.001000+00:00,1722585600001,2024-08-02T08:00:00.001000+00:00,0.0001,0.38373616
2024-08-02 16:00:00+00:00,1722614400000,2024-08-02T16:00:00+00:00,-1.785e-05,0.36778975
2024-08-03 00:00:00+00:00,1722643200000,2024-08-03T00:00:00+00:00,5.57e-05,0.36353418
2024-08-03 08:00:00+00:00,1722672000000,2024-08-03T08:00:00+00:00,1.704e-05,0.36940936
2024-08-03 16:00:00.001000+00:00,1722700800001,2024-08-03T16:00:00.001000+00:00,3.39e-06,0.35951948
2024-08-04 00:00:00+00:00,1722729600000,2024-08-04T00:00:00+00:00,2.88e-05,0.3645
2024-08-04 08:00:00+00:00,1722758400000,2024-08-04T08:00:00+00:00,6.968e-05,0.35741371
2024-08-04 16:00:00+00:00,1722787200000,2024-08-04T16:00:00+00:00,-8.2e-07,0.3473
2024-08-05 00:00:00+00:00,1722816000000,2024-08-05T00:00:00+00:00,7.524e-05,0.344
2024-08-05 08:00:00+00:00,1722844800000,2024-08-05T08:00:00+00:00,-8.27e-05,0.3077
2024-08-05 16:00:00+00:00,1722873600000,2024-08-05T16:00:00+00:00,2.522e-05,0.319245
2024-08-06 00:00:00+00:00,1722902400000,2024-08-06T00:00:00+00:00,3.648e-05,0.3116
2024-08-06 08:00:00+00:00,1722931200000,2024-08-06T08:00:00+00:00,-7.25e-05,0.33346284
2024-08-06 16:00:00+00:00,1722960000000,2024-08-06T16:00:00+00:00,6.02e-06,0.33266244
2024-08-07 00:00:00+00:00,1722988800000,2024-08-07T00:00:00+00:00,4.682e-05,0.33091923
2024-08-07 08:00:00.001000+00:00,1723017600001,2024-08-07T08:00:00.001000+00:00,-3.549e-05,0.3339
2024-08-07 16:00:00+00:00,1723046400000,2024-08-07T16:00:00+00:00,5.274e-05,0.3238
2024-08-08 00:00:00.001000+00:00,1723075200001,2024-08-08T00:00:00.001000+00:00,5.938e-05,0.3238
2024-08-08 08:00:00+00:00,1723104000000,2024-08-08T08:00:00+00:00,5.089e-05,0.334053
2024-08-08 16:00:00+00:00,1723132800000,2024-08-08T16:00:00+00:00,4.85e-05,0.3394
2024-08-09 00:00:00+00:00,1723161600000,2024-08-09T00:00:00+00:00,-2.084e-05,0.35140928
2024-08-09 08:00:00+00:00,1723190400000,2024-08-09T08:00:00+00:00,2.579e-05,0.3473
2024-08-09 16:00:00+00:00,1723219200000,2024-08-09T16:00:00+00:00,-4.81e-05,0.3406
2024-08-10 00:00:00+00:00,1723248000000,2024-08-10T00:00:00+00:00,5.667e-05,0.3482
2024-08-10 08:00:00+00:00,1723276800000,2024-08-10T08:00:00+00:00,0.0001,0.34672687
2024-08-10 16:00:00+00:00,1723305600000,2024-08-10T16:00:00+00:00,1.942e-05,0.3454
2024-08-11 00:00:00+00:00,1723334400000,2024-08-11T00:00:00+00:00,7.22e-06,0.3455
2024-08-11 08:00:00+00:00,1723363200000,2024-08-11T08:00:00+00:00,-1.952e-05,0.3525
2024-08-11 16:00:00.001000+00:00,1723392000001,2024-08-11T16:00:00.001000+00:00,5.05e-06,0.3401242
2024-08-12 00:00:00+00:00,1723420800000,2024-08-12T00:00:00+00:00,1.561e-05,0.3274
2024-08-12 08:00:00+00:00,1723449600000,2024-08-12T08:00:00+00:00,-2.211e-05,0.33452028
2024-08-12 16:00:00+00:00,1723478400000,2024-08-12T16:00:00+00:00,2.772e-05,0.34073393
2024-08-13 00:00:00+00:00,1723507200000,2024-08-13T00:00:00+00:00,3.071e-05,0.33874807
2024-08-13 08:00:00+00:00,1723536000000,2024-08-13T08:00:00+00:00,-2.74e-06,0.3371
2024-08-13 16:00:00+00:00,1723564800000,2024-08-13T16:00:00+00:00,2.82e-06,0.3366
2024-08-14 00:00:00+00:00,1723593600000,2024-08-14T00:00:00+00:00,7.633e-05,0.33972543
2024-08-14 08:00:00+00:00,1723622400000,2024-08-14T08:00:00+00:00,-8.096e-05,0.3389
2024-08-14 16:00:00+00:00,1723651200000,2024-08-14T16:00:00+00:00,-1.132e-05,0.3376
2024-08-15 00:00:00+00:00,1723680000000,2024-08-15T00:00:00+00:00,-3.511e-05,0.3351
2024-08-15 08:00:00+00:00,1723708800000,2024-08-15T08:00:00+00:00,3.396e-05,0.3364
2024-08-15 16:00:00+00:00,1723737600000,2024-08-15T16:00:00+00:00,8.26e-06,0.33813178
2024-08-16 00:00:00+00:00,1723766400000,2024-08-16T00:00:00+00:00,-0.00018201,0.32462843
2024-08-16 08:00:00+00:00,1723795200000,2024-08-16T08:00:00+00:00,-5.345e-05,0.3346
2024-08-16 16:00:00+00:00,1723824000000,2024-08-16T16:00:00+00:00,-5.96e-05,0.324
2024-08-17 00:00:00+00:00,1723852800000,2024-08-17T00:00:00+00:00,7.398e-05,0.33010764
2024-08-17 08:00:00+00:00,1723881600000,2024-08-17T08:00:00+00:00,-5.701e-05,0.32962915
2024-08-17 16:00:00+00:00,1723910400000,2024-08-17T16:00:00+00:00,3.124e-05,0.33521757
2024-08-18 00:00:00+00:00,1723939200000,2024-08-18T00:00:00+00:00,0.0001,0.3371
2024-08-18 08:00:00+00:00,1723968000000,2024-08-18T08:00:00+00:00,9.506e-05,0.3349
2024-08-18 16:00:00+00:00,1723996800000,2024-08-18T16:00:00+00:00,9.838e-05,0.3385
2024-08-19 00:00:00+00:00,1724025600000,2024-08-19T00:00:00+00:00,3.07e-05,0.3341
2024-08-19 08:00:00+00:00,1724054400000,2024-08-19T08:00:00+00:00,3.085e-05,0.33063857
2024-08-19 16:00:00.002000+00:00,1724083200002,2024-08-19T16:00:00.002000+00:00,-1.859e-05,0.33234396
2024-08-20 00:00:00+00:00,1724112000000,2024-08-20T00:00:00+00:00,6.275e-05,0.33651017
2024-08-20 08:00:00+00:00,1724140800000,2024-08-20T08:00:00+00:00,0.0001,0.34391089
2024-08-20 16:00:00.001000+00:00,1724169600001,2024-08-20T16:00:00.001000+00:00,7.481e-05,0.33905242
2024-08-21 00:00:00.001000+00:00,1724198400001,2024-08-21T00:00:00.001000+00:00,0.0001,0.3433
2024-08-21 08:00:00+00:00,1724227200000,2024-08-21T08:00:00+00:00,1.451e-05,0.3588
2024-08-21 16:00:00.001000+00:00,1724256000001,2024-08-21T16:00:00.001000+00:00,3.832e-05,0.3574
2024-08-22 00:00:00+00:00,1724284800000,2024-08-22T00:00:00+00:00,0.0001,0.36866029
2024-08-22 08:00:00+00:00,1724313600000,2024-08-22T08:00:00+00:00,0.0001,0.366
2024-08-22 16:00:00.008000+00:00,1724342400008,2024-08-22T16:00:00.008000+00:00,3.823e-05,0.36950555
2024-08-23 00:00:00+00:00,1724371200000,2024-08-23T00:00:00+00:00,8.042e-05,0.3761
2024-08-23 08:00:00+00:00,1724400000000,2024-08-23T08:00:00+00:00,7.008e-05,0.38224836
2024-08-23 16:00:00+00:00,1724428800000,2024-08-23T16:00:00+00:00,9.033e-05,0.38245331
2024-08-24 00:00:00+00:00,1724457600000,2024-08-24T00:00:00+00:00,4.232e-05,0.39112209
2024-08-24 08:00:00.005000+00:00,1724486400005,2024-08-24T08:00:00.005000+00:00,-1.048e-05,0.3888
2024-08-24 16:00:00+00:00,1724515200000,2024-08-24T16:00:00+00:00,0.0001,0.39449083
2024-08-25 00:00:00+00:00,1724544000000,2024-08-25T00:00:00+00:00,0.0001,0.39335424
2024-08-25 08:00:00+00:00,1724572800000,2024-08-25T08:00:00+00:00,7.646e-05,0.37882428
2024-08-25 16:00:00+00:00,1724601600000,2024-08-25T16:00:00+00:00,6.588e-05,0.3873
2024-08-26 00:00:00+00:00,1724630400000,2024-08-26T00:00:00+00:00,3.868e-05,0.38467943
2024-08-26 08:00:00.001000+00:00,1724659200001,2024-08-26T08:00:00.001000+00:00,0.0001,0.37698768
2024-08-26 16:00:00+00:00,1724688000000,2024-08-26T16:00:00+00:00,8.399e-05,0.37258015
2024-08-27 00:00:00.001000+00:00,1724716800001,2024-08-27T00:00:00.001000+00:00,4.785e-05,0.36590141
2024-08-27 08:00:00+00:00,1724745600000,2024-08-27T08:00:00+00:00,-1.07e-06,0.36810221
2024-08-27 16:00:00+00:00,1724774400000,2024-08-27T16:00:00+00:00,0.0001,0.3624
2024-08-28 00:00:00+00:00,1724803200000,2024-08-28T00:00:00+00:00,-2.981e-05,0.35
2024-08-28 08:00:00+00:00,1724832000000,2024-08-28T08:00:00+00:00,1.464e-05,0.346641
2024-08-28 16:00:00.001000+00:00,1724860800001,2024-08-28T16:00:00.001000+00:00,5.18e-05,0.35124885
2024-08-29 00:00:00+00:00,1724889600000,2024-08-29T00:00:00+00:00,3.968e-05,0.3499
2024-08-29 08:00:00.001000+00:00,1724918400001,2024-08-29T08:00:00.001000+00:00,3.172e-05,0.3579
2024-08-29 16:00:00+00:00,1724947200000,2024-08-29T16:00:00+00:00,3.8e-05,0.36439507
2024-08-30 00:00:00+00:00,1724976000000,2024-08-30T00:00:00+00:00,0.0001,0.35771791
2024-08-30 08:00:00+00:00,1725004800000,2024-08-30T08:00:00+00:00,0.0001,0.35535928
2024-08-30 16:00:00+00:00,1725033600000,2024-08-30T16:00:00+00:00,5.081e-05,0.33963788
2024-08-31 00:00:00+00:00,1725062400000,2024-08-31T00:00:00+00:00,7.888e-05,0.34672089
2024-08-31 08:00:00+00:00,1725091200000,2024-08-31T08:00:00+00:00,1.448e-05,0.34760701
2024-08-31 16:00:00+00:00,1725120000000,2024-08-31T16:00:00+00:00,6.536e-05,0.349
2024-09-01 00:00:00+00:00,1725148800000,2024-09-01T00:00:00+00:00,9.483e-05,0.3449
2024-09-01 08:00:00.001000+00:00,1725177600001,2024-09-01T08:00:00.001000+00:00,3.469e-05,0.3442
2024-09-01 16:00:00+00:00,1725206400000,2024-09-01T16:00:00+00:00,2.464e-05,0.3401
2024-09-02 00:00:00.001000+00:00,1725235200001,2024-09-02T00:00:00.001000+00:00,-5.566e-05,0.33088413
2024-09-02 08:00:00.001000+00:00,1725264000001,2024-09-02T08:00:00.001000+00:00,6.94e-05,0.3257
2024-09-02 16:00:00+00:00,1725292800000,2024-09-02T16:00:00+00:00,-2.371e-05,0.3323
2024-09-03 00:00:00+00:00,1725321600000,2024-09-03T00:00:00+00:00,-2.781e-05,0.336
2024-09-03 08:00:00.001000+00:00,1725350400001,2024-09-03T08:00:00.001000+00:00,-6.6e-07,0.3331521
2024-09-03 16:00:00+00:00,1725379200000,2024-09-03T16:00:00+00:00,-0.00011363,0.32005284
2024-09-04 00:00:00+00:00,1725408000000,2024-09-04T00:00:00+00:00,-1.986e-05,0.3183
2024-09-04 08:00:00+00:00,1725436800000,2024-09-04T08:00:00+00:00,1.895e-05,0.3209
2024-09-04 16:00:00+00:00,1725465600000,2024-09-04T16:00:00+00:00,2.584e-05,0.3257
2024-09-05 00:00:00+00:00,1725494400000,2024-09-05T00:00:00+00:00,-1.069e-05,0.323
2024-09-05 08:00:00+00:00,1725523200000,2024-09-05T08:00:00+00:00,8.25e-05,0.3238
2024-09-05 16:00:00.005000+00:00,1725552000005,2024-09-05T16:00:00.005000+00:00,-3.032e-05,0.3258
2024-09-06 00:00:00+00:00,1725580800000,2024-09-06T00:00:00+00:00,0.0001,0.32493055
2024-09-06 08:00:00.001000+00:00,1725609600001,2024-09-06T08:00:00.001000+00:00,4.045e-05,0.3197
2024-09-06 16:00:00+00:00,1725638400000,2024-09-06T16:00:00+00:00,2.82e-05,0.31735308
2024-09-07 00:00:00+00:00,1725667200000,2024-09-07T00:00:00+00:00,-7.491e-05,0.31446925
2024-09-07 08:00:00+00:00,1725696000000,2024-09-07T08:00:00+00:00,4.154e-05,0.32338237
2024-09-07 16:00:00+00:00,1725724800000,2024-09-07T16:00:00+00:00,3.388e-05,0.32413593
2024-09-08 00:00:00+00:00,1725753600000,2024-09-08T00:00:00+00:00,0.0001,0.3252
2024-09-08 08:00:00+00:00,1725782400000,2024-09-08T08:00:00+00:00,8.952e-05,0.3345
2024-09-08 16:00:00+00:00,1725811200000,2024-09-08T16:00:00+00:00,8.211e-05,0.3321
2024-09-09 00:00:00+00:00,1725840000000,2024-09-09T00:00:00+00:00,5.84e-05,0.33883215
2024-09-09 08:00:00+00:00,1725868800000,2024-09-09T08:00:00+00:00,0.0001,0.34186857
2024-09-09 16:00:00.001000+00:00,1725897600001,2024-09-09T16:00:00.001000+00:00,0.0001,0.34152348
2024-09-10 00:00:00+00:00,1725926400000,2024-09-10T00:00:00+00:00,0.0001,0.3433
2024-09-10 08:00:00+00:00,1725955200000,2024-09-10T08:00:00+00:00,7.988e-05,0.34210865
2024-09-10 16:00:00+00:00,1725984000000,2024-09-10T16:00:00+00:00,0.0001,0.341
2024-09-11 00:00:00+00:00,1726012800000,2024-09-11T00:00:00+00:00,0.0001,0.34286179
2024-09-11 08:00:00+00:00,1726041600000,2024-09-11T08:00:00+00:00,8.091e-05,0.33971549
2024-09-11 16:00:00+00:00,1726070400000,2024-09-11T16:00:00+00:00,3.813e-05,0.3374
2024-09-12 00:00:00+00:00,1726099200000,2024-09-12T00:00:00+00:00,4.783e-05,0.353
2024-09-12 08:00:00+00:00,1726128000000,2024-09-12T08:00:00+00:00,7.935e-05,0.3561
2024-09-12 16:00:00+00:00,1726156800000,2024-09-12T16:00:00+00:00,8.848e-05,0.35552951
2024-09-13 00:00:00+00:00,1726185600000,2024-09-13T00:00:00+00:00,4.045e-05,0.35618713
2024-09-13 08:00:00.001000+00:00,1726214400001,2024-09-13T08:00:00.001000+00:00,0.0001,0.35677464
2024-09-13 16:00:00.001000+00:00,1726243200001,2024-09-13T16:00:00.001000+00:00,8.51e-05,0.3638
2024-09-14 00:00:00+00:00,1726272000000,2024-09-14T00:00:00+00:00,-1.986e-05,0.36033481
2024-09-14 08:00:00+00:00,1726300800000,2024-09-14T08:00:00+00:00,8.668e-05,0.35904011
2024-09-14 16:00:00.001000+00:00,1726329600001,2024-09-14T16:00:00.001000+00:00,-6.79e-06,0.35446717
2024-09-15 00:00:00+00:00,1726358400000,2024-09-15T00:00:00+00:00,3.08e-05,0.35379976
2024-09-15 08:00:00+00:00,1726387200000,2024-09-15T08:00:00+00:00,1.197e-05,0.35534451
2024-09-15 16:00:00+00:00,1726416000000,2024-09-15T16:00:00+00:00,3.425e-05,0.3485
2024-09-16 00:00:00+00:00,1726444800000,2024-09-16T00:00:00+00:00,-3.46e-05,0.33827185
2024-09-16 08:00:00.001000+00:00,1726473600001,2024-09-16T08:00:00.001000+00:00,-7.886e-05,0.33646412
2024-09-16 16:00:00+00:00,1726502400000,2024-09-16T16:00:00+00:00,-3.739e-05,0.3308
2024-09-17 00:00:00.001000+00:00,1726531200001,2024-09-17T00:00:00.001000+00:00,1.048e-05,0.32996773
2024-09-17 08:00:00+00:00,1726560000000,2024-09-17T08:00:00+00:00,-3.476e-05,0.33353747
2024-09-17 16:00:00+00:00,1726588800000,2024-09-17T16:00:00+00:00,-1.784e-05,0.3407
2024-09-18 00:00:00+00:00,1726617600000,2024-09-18T00:00:00+00:00,-7.449e-05,0.3336
2024-09-18 08:00:00+00:00,1726646400000,2024-09-18T08:00:00+00:00,-2.315e-05,0.3337
2024-09-18 16:00:00.004000+00:00,1726675200004,2024-09-18T16:00:00.004000+00:00,-2.589e-05,0.3282
2024-09-19 00:00:00+00:00,1726704000000,2024-09-19T00:00:00+00:00,5.949e-05,0.344
2024-09-19 08:00:00+00:00,1726732800000,2024-09-19T08:00:00+00:00,0.0001,0.3474
2024-09-19 16:00:00.001000+00:00,1726761600001,2024-09-19T16:00:00.001000+00:00,1.56e-05,0.3518
2024-09-20 00:00:00+00:00,1726790400000,2024-09-20T00:00:00+00:00,0.0001,0.3509
2024-09-20 08:00:00.001000+00:00,1726819200001,2024-09-20T08:00:00.001000+00:00,0.0001,0.3595
2024-09-20 16:00:00+00:00,1726848000000,2024-09-20T16:00:00+00:00,0.0001,0.3544
2024-09-21 00:00:00.001000+00:00,1726876800001,2024-09-21T00:00:00.001000+00:00,0.0001,0.35203558
2024-09-21 08:00:00+00:00,1726905600000,2024-09-21T08:00:00+00:00,0.0001,0.354
2024-09-21 16:00:00+00:00,1726934400000,2024-09-21T16:00:00+00:00,0.0001,0.3556
2024-09-22 00:00:00+00:00,1726963200000,2024-09-22T00:00:00+00:00,0.0001,0.3582
2024-09-22 08:00:00+00:00,1726992000000,2024-09-22T08:00:00+00:00,7.766e-05,0.35326111
2024-09-22 16:00:00+00:00,1727020800000,2024-09-22T16:00:00+00:00,6.239e-05,0.34754528
2024-09-23 00:00:00+00:00,1727049600000,2024-09-23T00:00:00+00:00,2.848e-05,0.3515
2024-09-23 08:00:00+00:00,1727078400000,2024-09-23T08:00:00+00:00,0.0001,0.353
2024-09-23 16:00:00+00:00,1727107200000,2024-09-23T16:00:00+00:00,8.139e-05,0.3564
2024-09-24 00:00:00+00:00,1727136000000,2024-09-24T00:00:00+00:00,0.0001,0.3636
2024-09-24 08:00:00+00:00,1727164800000,2024-09-24T08:00:00+00:00,0.0001,0.3681
2024-09-24 16:00:00.001000+00:00,1727193600001,2024-09-24T16:00:00.001000+00:00,8.752e-05,0.3718
2024-09-25 00:00:00+00:00,1727222400000,2024-09-25T00:00:00+00:00,0.0001,0.38768673
2024-09-25 08:00:00.003000+00:00,1727251200003,2024-09-25T08:00:00.003000+00:00,0.0001,0.38111871
2024-09-25 16:00:00+00:00,1727280000000,2024-09-25T16:00:00+00:00,0.0001,0.3833
2024-09-26 00:00:00.005000+00:00,1727308800005,2024-09-26T00:00:00.005000+00:00,0.0001,0.38086509
2024-09-26 08:00:00+00:00,1727337600000,2024-09-26T08:00:00+00:00,0.0001,0.39552034
2024-09-26 16:00:00+00:00,1727366400000,2024-09-26T16:00:00+00:00,0.0001,0.4015
2024-09-27 00:00:00+00:00,1727395200000,2024-09-27T00:00:00+00:00,0.0001,0.4013166
2024-09-27 08:00:00+00:00,1727424000000,2024-09-27T08:00:00+00:00,0.0001,0.4077
2024-09-27 16:00:00+00:00,1727452800000,2024-09-27T16:00:00+00:00,0.0001,0.40411922
2024-09-28 00:00:00+00:00,1727481600000,2024-09-28T00:00:00+00:00,0.0001,0.4017
2024-09-28 08:00:00.001000+00:00,1727510400001,2024-09-28T08:00:00.001000+00:00,0.0001,0.39694136
2024-09-28 16:00:00+00:00,1727539200000,2024-09-28T16:00:00+00:00,0.0001,0.40155612
2024-09-29 00:00:00.001000+00:00,1727568000001,2024-09-29T00:00:00.001000+00:00,0.0001,0.4005
2024-09-29 08:00:00+00:00,1727596800000,2024-09-29T08:00:00+00:00,0.0001,0.39407376
2024-09-29 16:00:00+00:00,1727625600000,2024-09-29T16:00:00+00:00,0.0001,0.4003
2024-09-30 00:00:00+00:00,1727654400000,2024-09-30T00:00:00+00:00,0.0001,0.39728177
2024-09-30 08:00:00.001000+00:00,1727683200001,2024-09-30T08:00:00.001000+00:00,0.0001,0.39033475
2024-09-30 16:00:00+00:00,1727712000000,2024-09-30T16:00:00+00:00,0.0001,0.3783
2024-10-01 00:00:00+00:00,1727740800000,2024-10-01T00:00:00+00:00,0.0001,0.37325378
2024-10-01 08:00:00+00:00,1727769600000,2024-10-01T08:00:00+00:00,0.0001,0.3839
2024-10-01 16:00:00.001000+00:00,1727798400001,2024-10-01T16:00:00.001000+00:00,4.19e-05,0.36646512
2024-10-02 00:00:00+00:00,1727827200000,2024-10-02T00:00:00+00:00,5.83e-05,0.35177407
2024-10-02 08:00:00+00:00,1727856000000,2024-10-02T08:00:00+00:00,0.0001,0.3590245
2024-10-02 16:00:00+00:00,1727884800000,2024-10-02T16:00:00+00:00,6.863e-05,0.3518
2024-10-03 00:00:00+00:00,1727913600000,2024-10-03T00:00:00+00:00,-1.982e-05,0.343
2024-10-03 08:00:00+00:00,1727942400000,2024-10-03T08:00:00+00:00,6.57e-06,0.34251169
2024-10-03 16:00:00+00:00,1727971200000,2024-10-03T16:00:00+00:00,9.96e-06,0.3388459
2024-10-04 00:00:00+00:00,1728000000000,2024-10-04T00:00:00+00:00,-6.613e-05,0.34503174
2024-10-04 08:00:00+00:00,1728028800000,2024-10-04T08:00:00+00:00,-3.284e-05,0.3497
2024-10-04 16:00:00.001000+00:00,1728057600001,2024-10-04T16:00:00.001000+00:00,5.443e-05,0.35273048
2024-10-05 00:00:00+00:00,1728086400000,2024-10-05T00:00:00+00:00,7.301e-05,0.35144335
2024-10-05 08:00:00+00:00,1728115200000,2024-10-05T08:00:00+00:00,-5.1e-07,0.3552
2024-10-05 16:00:00+00:00,1728144000000,2024-10-05T16:00:00+00:00,0.0001,0.3528
2024-10-06 00:00:00+00:00,1728172800000,2024-10-06T00:00:00+00:00,0.0001,0.35073185
2024-10-06 08:00:00.001000+00:00,1728201600001,2024-10-06T08:00:00.001000+00:00,0.0001,0.34903613
2024-10-06 16:00:00+00:00,1728230400000,2024-10-06T16:00:00+00:00,3.487e-05,0.35312539
2024-10-07 00:00:00+00:00,1728259200000,2024-10-07T00:00:00+00:00,0.0001,0.3573141
2024-10-07 08:00:00+00:00,1728288000000,2024-10-07T08:00:00+00:00,8.258e-05,0.3623
2024-10-07 16:00:00.001000+00:00,1728316800001,2024-10-07T16:00:00.001000+00:00,7.679e-05,0.35806007
2024-10-08 00:00:00+00:00,1728345600000,2024-10-08T00:00:00+00:00,8.412e-05,0.350854
2024-10-08 08:00:00+00:00,1728374400000,2024-10-08T08:00:00+00:00,0.0001,0.35182204
2024-10-08 16:00:00+00:00,1728403200000,2024-10-08T16:00:00+00:00,7.926e-05,0.34479976
2024-10-09 00:00:00+00:00,1728432000000,2024-10-09T00:00:00+00:00,5.812e-05,0.34454544
2024-10-09 08:00:00+00:00,1728460800000,2024-10-09T08:00:00+00:00,-3.993e-05,0.34421931
2024-10-09 16:00:00+00:00,1728489600000,2024-10-09T16:00:00+00:00,-2.682e-05,0.3432235
2024-10-10 00:00:00+00:00,1728518400000,2024-10-10T00:00:00+00:00,3.633e-05,0.3395
2024-10-10 08:00:00+00:00,1728547200000,2024-10-10T08:00:00+00:00,5.769e-05,0.33733307
2024-10-10 16:00:00+00:00,1728576000000,2024-10-10T16:00:00+00:00,4.342e-05,0.3374
2024-10-11 00:00:00+00:00,1728604800000,2024-10-11T00:00:00+00:00,0.0001,0.33937883
2024-10-11 08:00:00+00:00,1728633600000,2024-10-11T08:00:00+00:00,2.291e-05,0.34466487
2024-10-11 16:00:00.001000+00:00,1728662400001,2024-10-11T16:00:00.001000+00:00,2.346e-05,0.34997355
2024-10-12 00:00:00+00:00,1728691200000,2024-10-12T00:00:00+00:00,0.0001,0.35156875
2024-10-12 08:00:00.001000+00:00,1728720000001,2024-10-12T08:00:00.001000+00:00,0.0001,0.35322597
2024-10-12 16:00:00+00:00,1728748800000,2024-10-12T16:00:00+00:00,0.0001,0.35435909
2024-10-13 00:00:00+00:00,1728777600000,2024-10-13T00:00:00+00:00,9.146e-05,0.352917
2024-10-13 08:00:00+00:00,1728806400000,2024-10-13T08:00:00+00:00,0.0001,0.35868207
2024-10-13 16:00:00+00:00,1728835200000,2024-10-13T16:00:00+00:00,0.0001,0.34528755
2024-10-14 00:00:00+00:00,1728864000000,2024-10-14T00:00:00+00:00,2.356e-05,0.34845375
2024-10-14 08:00:00+00:00,1728892800000,2024-10-14T08:00:00+00:00,3.924e-05,0.3555
2024-10-14 16:00:00+00:00,1728921600000,2024-10-14T16:00:00+00:00,0.0001,0.36328342
2024-10-15 00:00:00+00:00,1728950400000,2024-10-15T00:00:00+00:00,0.0001,0.3642
2024-10-15 08:00:00+00:00,1728979200000,2024-10-15T08:00:00+00:00,0.0001,0.35956535
2024-10-15 16:00:00+00:00,1729008000000,2024-10-15T16:00:00+00:00,0.0001,0.3554
2024-10-16 00:00:00+00:00,1729036800000,2024-10-16T00:00:00+00:00,0.0001,0.3590556
2024-10-16 08:00:00.001000+00:00,1729065600001,2024-10-16T08:00:00.001000+00:00,0.0001,0.35204134
2024-10-16 16:00:00+00:00,1729094400000,2024-10-16T16:00:00+00:00,0.0001,0.35363376
2024-10-17 00:00:00+00:00,1729123200000,2024-10-17T00:00:00+00:00,0.0001,0.35201825
2024-10-17 08:00:00+00:00,1729152000000,2024-10-17T08:00:00+00:00,0.0001,0.3483
2024-10-17 16:00:00.001000+00:00,1729180800001,2024-10-17T16:00:00.001000+00:00,5.444e-05,0.34876691
2024-10-18 00:00:00.010000+00:00,1729209600010,2024-10-18T00:00:00.010000+00:00,0.0001,0.3431
2024-10-18 08:00:00.001000+00:00,1729238400001,2024-10-18T08:00:00.001000+00:00,0.0001,0.34752213
2024-10-18 16:00:00+00:00,1729267200000,2024-10-18T16:00:00+00:00,0.0001,0.3493
2024-10-19 00:00:00+00:00,1729296000000,2024-10-19T00:00:00+00:00,0.0001,0.3505
2024-10-19 08:00:00+00:00,1729324800000,2024-10-19T08:00:00+00:00,0.0001,0.3531
2024-10-19 16:00:00+00:00,1729353600000,2024-10-19T16:00:00+00:00,0.0001,0.35161161
2024-10-20 00:00:00+00:00,1729382400000,2024-10-20T00:00:00+00:00,0.0001,0.3512
2024-10-20 08:00:00+00:00,1729411200000,2024-10-20T08:00:00+00:00,0.0001,0.3506
2024-10-20 16:00:00+00:00,1729440000000,2024-10-20T16:00:00+00:00,0.0001,0.35973729
2024-10-21 00:00:00+00:00,1729468800000,2024-10-21T00:00:00+00:00,0.0001,0.36489777
2024-10-21 08:00:00+00:00,1729497600000,2024-10-21T08:00:00+00:00,0.0001,0.3663
2024-10-21 16:00:00+00:00,1729526400000,2024-10-21T16:00:00+00:00,0.0001,0.3581
2024-10-22 00:00:00+00:00,1729555200000,2024-10-22T00:00:00+00:00,0.0001,0.36084497
2024-10-22 08:00:00+00:00,1729584000000,2024-10-22T08:00:00+00:00,0.0001,0.36577099
2024-10-22 16:00:00+00:00,1729612800000,2024-10-22T16:00:00+00:00,0.0001,0.36316299
2024-10-23 00:00:00+00:00,1729641600000,2024-10-23T00:00:00+00:00,0.0001,0.36447539
2024-10-23 08:00:00+00:00,1729670400000,2024-10-23T08:00:00+00:00,0.0001,0.3648
2024-10-23 16:00:00+00:00,1729699200000,2024-10-23T16:00:00+00:00,0.0001,0.35
2024-10-24 00:00:00+00:00,1729728000000,2024-10-24T00:00:00+00:00,0.0001,0.34960671
2024-10-24 08:00:00+00:00,1729756800000,2024-10-24T08:00:00+00:00,0.0001,0.34548822
2024-10-24 16:00:00+00:00,1729785600000,2024-10-24T16:00:00+00:00,9.851e-05,0.3434
2024-10-25 00:00:00+00:00,1729814400000,2024-10-25T00:00:00+00:00,0.0001,0.3464
2024-10-25 08:00:00+00:00,1729843200000,2024-10-25T08:00:00+00:00,0.0001,0.3392
2024-10-25 16:00:00+00:00,1729872000000,2024-10-25T16:00:00+00:00,0.0001,0.34182641
2024-10-26 00:00:00+00:00,1729900800000,2024-10-26T00:00:00+00:00,-4.176e-05,0.32581814
2024-10-26 08:00:00.001000+00:00,1729929600001,2024-10-26T08:00:00.001000+00:00,-2.751e-05,0.3321
2024-10-26 16:00:00+00:00,1729958400000,2024-10-26T16:00:00+00:00,3.291e-05,0.32533599
2024-10-27 00:00:00+00:00,1729987200000,2024-10-27T00:00:00+00:00,5.979e-05,0.33353275
2024-10-27 08:00:00+00:00,1730016000000,2024-10-27T08:00:00+00:00,4.857e-05,0.3334315
2024-10-27 16:00:00+00:00,1730044800000,2024-10-27T16:00:00+00:00,4.495e-05,0.33954388
2024-10-28 00:00:00+00:00,1730073600000,2024-10-28T00:00:00+00:00,8.559e-05,0.3398
2024-10-28 08:00:00.001000+00:00,1730102400001,2024-10-28T08:00:00.001000+00:00,6.11e-05,0.3362
2024-10-28 16:00:00+00:00,1730131200000,2024-10-28T16:00:00+00:00,9.425e-05,0.3333
2024-10-29 00:00:00+00:00,1730160000000,2024-10-29T00:00:00+00:00,0.0001,0.3436
2024-10-29 08:00:00+00:00,1730188800000,2024-10-29T08:00:00+00:00,0.0001,0.3472
2024-10-29 16:00:00.004000+00:00,1730217600004,2024-10-29T16:00:00.004000+00:00,0.0001,0.35020237
2024-10-30 00:00:00+00:00,1730246400000,2024-10-30T00:00:00+00:00,0.0001,0.35616923
2024-10-30 08:00:00+00:00,1730275200000,2024-10-30T08:00:00+00:00,0.0001,0.35670336
2024-10-30 16:00:00.013000+00:00,1730304000013,2024-10-30T16:00:00.013000+00:00,0.0001,0.35466035
2024-10-31 00:00:00+00:00,1730332800000,2024-10-31T00:00:00+00:00,0.0001,0.35506529
2024-10-31 08:00:00+00:00,1730361600000,2024-10-31T08:00:00+00:00,0.0001,0.35581599
2024-10-31 16:00:00+00:00,1730390400000,2024-10-31T16:00:00+00:00,0.0001,0.34483946
2024-11-01 00:00:00+00:00,1730419200000,2024-11-01T00:00:00+00:00,0.0001,0.34169693
2024-11-01 08:00:00+00:00,1730448000000,2024-11-01T08:00:00+00:00,0.0001,0.34271397
2024-11-01 16:00:00+00:00,1730476800000,2024-11-01T16:00:00+00:00,0.0001,0.35234426
2024-11-02 00:00:00+00:00,1730505600000,2024-11-02T00:00:00+00:00,0.0001,0.35745017
2024-11-02 08:00:00+00:00,1730534400000,2024-11-02T08:00:00+00:00,0.0001,0.35701121
2024-11-02 16:00:00+00:00,1730563200000,2024-11-02T16:00:00+00:00,0.0001,0.35434159
2024-11-03 00:00:00+00:00,1730592000000,2024-11-03T00:00:00+00:00,0.0001,0.3482
2024-11-03 08:00:00+00:00,1730620800000,2024-11-03T08:00:00+00:00,0.0001,0.34071443
2024-11-03 16:00:00+00:00,1730649600000,2024-11-03T16:00:00+00:00,9.16e-05,0.3332
2024-11-04 00:00:00+00:00,1730678400000,2024-11-04T00:00:00+00:00,2.818e-05,0.3339
2024-11-04 08:00:00+00:00,1730707200000,2024-11-04T08:00:00+00:00,5.107e-05,0.33030207
2024-11-04 16:00:00+00:00,1730736000000,2024-11-04T16:00:00+00:00,9.319e-05,0.32796903
2024-11-05 00:00:00+00:00,1730764800000,2024-11-05T00:00:00+00:00,7.559e-05,0.3262
2024-11-05 08:00:00.003000+00:00,1730793600003,2024-11-05T08:00:00.003000+00:00,8.573e-05,0.3311
2024-11-05 16:00:00.001000+00:00,1730822400001,2024-11-05T16:00:00.001000+00:00,0.0001,0.33374473
2024-11-06 00:00:00+00:00,1730851200000,2024-11-06T00:00:00+00:00,0.0001,0.33347532
2024-11-06 08:00:00+00:00,1730880000000,2024-11-06T08:00:00+00:00,0.0001,0.3596569
2024-11-06 16:00:00+00:00,1730908800000,2024-11-06T16:00:00+00:00,0.0001,0.35339505
2024-11-07 00:00:00+00:00,1730937600000,2024-11-07T00:00:00+00:00,0.0001,0.3630667
2024-11-07 08:00:00+00:00,1730966400000,2024-11-07T08:00:00+00:00,0.0001,0.369
2024-11-07 16:00:00+00:00,1730995200000,2024-11-07T16:00:00+00:00,0.0001,0.3886
2024-11-08 00:00:00+00:00,1731024000000,2024-11-08T00:00:00+00:00,0.0001,0.40678757
2024-11-08 08:00:00+00:00,1731052800000,2024-11-08T08:00:00+00:00,0.0001,0.428148
2024-11-08 16:00:00+00:00,1731081600000,2024-11-08T16:00:00+00:00,0.0001,0.4502
2024-11-09 00:00:00+00:00,1731110400000,2024-11-09T00:00:00+00:00,0.0001,0.44475504
2024-11-09 08:00:00+00:00,1731139200000,2024-11-09T08:00:00+00:00,0.0001,0.43514197
2024-11-09 16:00:00+00:00,1731168000000,2024-11-09T16:00:00+00:00,0.0001,0.43766876
2024-11-10 00:00:00+00:00,1731196800000,2024-11-10T00:00:00+00:00,0.0001,0.49670064
2024-11-10 08:00:00+00:00,1731225600000,2024-11-10T08:00:00+00:00,0.00016998,0.58434851
2024-11-10 16:00:00+00:00,1731254400000,2024-11-10T16:00:00+00:00,0.00031676,0.59959261
2024-11-11 00:00:00.001000+00:00,1731283200001,2024-11-11T00:00:00.001000+00:00,0.00015017,0.59042609
2024-11-11 08:00:00+00:00,1731312000000,2024-11-11T08:00:00+00:00,0.00016604,0.5737
2024-11-11 16:00:00+00:00,1731340800000,2024-11-11T16:00:00+00:00,0.0001,0.6017
2024-11-12 00:00:00.002000+00:00,1731369600002,2024-11-12T00:00:00.002000+00:00,0.00021168,0.61363889
2024-11-12 08:00:00+00:00,1731398400000,2024-11-12T08:00:00+00:00,0.00044771,0.6119
2024-11-12 16:00:00+00:00,1731427200000,2024-11-12T16:00:00+00:00,0.00048263,0.5709658
2024-11-13 00:00:00+00:00,1731456000000,2024-11-13T00:00:00+00:00,0.00019356,0.57129926
2024-11-13 08:00:00.010000+00:00,1731484800010,2024-11-13T08:00:00.010000+00:00,0.00010202,0.534184
2024-11-13 16:00:00+00:00,1731513600000,2024-11-13T16:00:00+00:00,0.0001,0.5957
2024-11-14 00:00:00.001000+00:00,1731542400001,2024-11-14T00:00:00.001000+00:00,0.00018154,0.57873873
2024-11-14 08:00:00+00:00,1731571200000,2024-11-14T08:00:00+00:00,0.0001,0.5812
2024-11-14 16:00:00+00:00,1731600000000,2024-11-14T16:00:00+00:00,0.0001,0.54835445
2024-11-15 00:00:00+00:00,1731628800000,2024-11-15T00:00:00+00:00,0.0001,0.5795
2024-11-15 08:00:00+00:00,1731657600000,2024-11-15T08:00:00+00:00,0.0001,0.5902
2024-11-15 16:00:00+00:00,1731686400000,2024-11-15T16:00:00+00:00,0.0001,0.64771455
2024-11-16 00:00:00.001000+00:00,1731715200001,2024-11-16T00:00:00.001000+00:00,0.0001,0.70724706
2024-11-16 08:00:00.001000+00:00,1731744000001,2024-11-16T08:00:00.001000+00:00,0.00013853,0.7259
2024-11-16 16:00:00+00:00,1731772800000,2024-11-16T16:00:00+00:00,0.0001,0.74618009
2024-11-17 00:00:00+00:00,1731801600000,2024-11-17T00:00:00+00:00,0.0001,0.74207347
2024-11-17 08:00:00+00:00,1731830400000,2024-11-17T08:00:00+00:00,0.00011515,0.71843754
2024-11-17 16:00:00.001000+00:00,1731859200001,2024-11-17T16:00:00.001000+00:00,0.00018941,0.7263
2024-11-18 00:00:00+00:00,1731888000000,2024-11-18T00:00:00+00:00,0.00017054,0.70282421
2024-11-18 08:00:00+00:00,1731916800000,2024-11-18T08:00:00+00:00,0.00024625,0.76211052
2024-11-18 16:00:00+00:00,1731945600000,2024-11-18T16:00:00+00:00,0.00010565,0.76596062
2024-11-19 00:00:00+00:00,1731974400000,2024-11-19T00:00:00+00:00,0.00013363,0.73328119
2024-11-19 08:00:00+00:00,1732003200000,2024-11-19T08:00:00+00:00,0.00034363,0.7559
2024-11-19 16:00:00+00:00,1732032000000,2024-11-19T16:00:00+00:00,0.0001,0.73
2024-11-20 00:00:00.003000+00:00,1732060800003,2024-11-20T00:00:00.003000+00:00,0.00017497,0.73898395
2024-11-20 08:00:00+00:00,1732089600000,2024-11-20T08:00:00+00:00,0.00023113,0.7896
2024-11-20 16:00:00+00:00,1732118400000,2024-11-20T16:00:00+00:00,0.0001152,0.83562066
2024-11-21 00:00:00.001000+00:00,1732147200001,2024-11-21T00:00:00.001000+00:00,0.0001,0.8000284
2024-11-21 08:00:00+00:00,1732176000000,2024-11-21T08:00:00+00:00,0.0001,0.78532205
2024-11-21 16:00:00.001000+00:00,1732204800001,2024-11-21T16:00:00.001000+00:00,0.0001,0.77927853
2024-11-22 00:00:00+00:00,1732233600000,2024-11-22T00:00:00+00:00,0.00033946,0.82216721
2024-11-22 08:00:00+00:00,1732262400000,2024-11-22T08:00:00+00:00,0.00033807,0.85621269
2024-11-22 16:00:00.001000+00:00,1732291200001,2024-11-22T16:00:00.001000+00:00,0.00016974,0.92656628
2024-11-23 00:00:00+00:00,1732320000000,2024-11-23T00:00:00+00:00,0.00017365,1.0177
2024-11-23 08:00:00+00:00,1732348800000,2024-11-23T08:00:00+00:00,0.00024234,1.0953
2024-11-23 16:00:00+00:00,1732377600000,2024-11-23T16:00:00+00:00,0.00024567,1.10375465
2024-11-24 00:00:00.001000+00:00,1732406400001,2024-11-24T00:00:00.001000+00:00,0.0001,1.0664
2024-11-24 08:00:00+00:00,1732435200000,2024-11-24T08:00:00+00:00,0.00016964,1.07379734
2024-11-24 16:00:00+00:00,1732464000000,2024-11-24T16:00:00+00:00,0.00029863,0.9495
2024-11-25 00:00:00+00:00,1732492800000,2024-11-25T00:00:00+00:00,0.0001,1.02307867
2024-11-25 08:00:00+00:00,1732521600000,2024-11-25T08:00:00+00:00,0.0001622,1.03931137
2024-11-25 16:00:00+00:00,1732550400000,2024-11-25T16:00:00+00:00,0.00017563,1.00679231
2024-11-26 00:00:00+00:00,1732579200000,2024-11-26T00:00:00+00:00,0.0001,0.94429417
2024-11-26 08:00:00+00:00,1732608000000,2024-11-26T08:00:00+00:00,0.0001,0.9603
2024-11-26 16:00:00+00:00,1732636800000,2024-11-26T16:00:00+00:00,0.0001,0.9071
2024-11-27 00:00:00+00:00,1732665600000,2024-11-27T00:00:00+00:00,0.0001,0.9607
2024-11-27 08:00:00+00:00,1732694400000,2024-11-27T08:00:00+00:00,0.00015378,0.9834
2024-11-27 16:00:00.001000+00:00,1732723200001,2024-11-27T16:00:00.001000+00:00,0.0001,1.0347
2024-11-28 00:00:00+00:00,1732752000000,2024-11-28T00:00:00+00:00,0.00013999,1.0124
2024-11-28 08:00:00+00:00,1732780800000,2024-11-28T08:00:00+00:00,0.00023871,0.99720845
2024-11-28 16:00:00+00:00,1732809600000,2024-11-28T16:00:00+00:00,0.00014001,0.97788034
2024-11-29 00:00:00+00:00,1732838400000,2024-11-29T00:00:00+00:00,0.0003363,1.03283373
2024-11-29 08:00:00+00:00,1732867200000,2024-11-29T08:00:00+00:00,0.00027719,1.0463
2024-11-29 16:00:00+00:00,1732896000000,2024-11-29T16:00:00+00:00,0.00012397,1.0758
2024-11-30 00:00:00+00:00,1732924800000,2024-11-30T00:00:00+00:00,0.0001,1.07644906
2024-11-30 08:00:00+00:00,1732953600000,2024-11-30T08:00:00+00:00,0.00033895,1.13065337
2024-11-30 16:00:00+00:00,1732982400000,2024-11-30T16:00:00+00:00,0.00013931,1.09280637
2024-12-01 00:00:00+00:00,1733011200000,2024-12-01T00:00:00+00:00,0.0001,1.07986601
2024-12-01 08:00:00+00:00,1733040000000,2024-12-01T08:00:00+00:00,0.00012202,1.0566
2024-12-01 16:00:00+00:00,1733068800000,2024-12-01T16:00:00+00:00,0.00028621,1.07425253
2024-12-02 00:00:00.001000+00:00,1733097600001,2024-12-02T00:00:00.001000+00:00,0.00052661,1.15077531
2024-12-02 08:00:00.001000+00:00,1733126400001,2024-12-02T08:00:00.001000+00:00,0.00038491,1.14211335
2024-12-02 16:00:00+00:00,1733155200000,2024-12-02T16:00:00+00:00,0.00015861,1.2083
2024-12-03 00:00:00+00:00,1733184000000,2024-12-03T00:00:00+00:00,0.00042613,1.2029596
2024-12-03 08:00:00+00:00,1733212800000,2024-12-03T08:00:00+00:00,0.00045701,1.2689
2024-12-03 16:00:00+00:00,1733241600000,2024-12-03T16:00:00+00:00,0.00020389,1.19769227
2024-12-04 00:00:00+00:00,1733270400000,2024-12-04T00:00:00+00:00,0.00014039,1.192
2024-12-04 08:00:00+00:00,1733299200000,2024-12-04T08:00:00+00:00,0.00024327,1.2302
2024-12-04 16:00:00+00:00,1733328000000,2024-12-04T16:00:00+00:00,0.00035723,1.19128042
2024-12-05 00:00:00.001000+00:00,1733356800001,2024-12-05T00:00:00.001000+00:00,0.00026019,1.1881
2024-12-05 08:00:00+00:00,1733385600000,2024-12-05T08:00:00+00:00,0.00052288,1.20754243
2024-12-05 16:00:00+00:00,1733414400000,2024-12-05T16:00:00+00:00,0.00061939,1.2117
2024-12-06 00:00:00+00:00,1733443200000,2024-12-06T00:00:00+00:00,0.00012668,1.16040228
2024-12-06 08:00:00+00:00,1733472000000,2024-12-06T08:00:00+00:00,0.00026384,1.1894
2024-12-06 16:00:00+00:00,1733500800000,2024-12-06T16:00:00+00:00,0.00020921,1.20726048
2024-12-07 00:00:00+00:00,1733529600000,2024-12-07T00:00:00+00:00,0.0005519,1.22857103
2024-12-07 08:00:00+00:00,1733558400000,2024-12-07T08:00:00+00:00,0.00047194,1.211
2024-12-07 16:00:00+00:00,1733587200000,2024-12-07T16:00:00+00:00,0.00041753,1.2209
2024-12-08 00:00:00+00:00,1733616000000,2024-12-08T00:00:00+00:00,0.00043437,1.2115
2024-12-08 08:00:00+00:00,1733644800000,2024-12-08T08:00:00+00:00,0.0001018,1.2031
2024-12-08 16:00:00+00:00,1733673600000,2024-12-08T16:00:00+00:00,0.00033729,1.1881
2024-12-09 00:00:00+00:00,1733702400000,2024-12-09T00:00:00+00:00,0.00027653,1.19460927
2024-12-09 08:00:00+00:00,1733731200000,2024-12-09T08:00:00+00:00,0.0001617,1.157784
2024-12-09 16:00:00.001000+00:00,1733760000001,2024-12-09T16:00:00.001000+00:00,0.0001,1.11531595
2024-12-10 00:00:00.007000+00:00,1733788800007,2024-12-10T00:00:00.007000+00:00,0.0001,1.00400376
2024-12-10 08:00:00+00:00,1733817600000,2024-12-10T08:00:00+00:00,0.0001,1.0153759
2024-12-10 16:00:00+00:00,1733846400000,2024-12-10T16:00:00+00:00,0.0001,0.94883429
2024-12-11 00:00:00+00:00,1733875200000,2024-12-11T00:00:00+00:00,0.0001,1.0214991
2024-12-11 08:00:00+00:00,1733904000000,2024-12-11T08:00:00+00:00,0.0001,0.99518456
2024-12-11 16:00:00.001000+00:00,1733932800001,2024-12-11T16:00:00.001000+00:00,0.0001,1.09431572
2024-12-12 00:00:00.001000+00:00,1733961600001,2024-12-12T00:00:00.001000+00:00,0.0001,1.0866
2024-12-12 08:00:00+00:00,1733990400000,2024-12-12T08:00:00+00:00,0.0001,1.157
2024-12-12 16:00:00.001000+00:00,1734019200001,2024-12-12T16:00:00.001000+00:00,0.0001,1.13810656
2024-12-13 00:00:00+00:00,1734048000000,2024-12-13T00:00:00+00:00,0.0001,1.12290994
2024-12-13 08:00:00+00:00,1734076800000,2024-12-13T08:00:00+00:00,0.0001,1.0885
2024-12-13 16:00:00.001000+00:00,1734105600001,2024-12-13T16:00:00.001000+00:00,0.0001,1.0842
2024-12-14 00:00:00+00:00,1734134400000,2024-12-14T00:00:00+00:00,0.0001,1.12101212
2024-12-14 08:00:00+00:00,1734163200000,2024-12-14T08:00:00+00:00,0.0001,1.11733458
2024-12-14 16:00:00+00:00,1734192000000,2024-12-14T16:00:00+00:00,0.0001,1.0785
2024-12-15 00:00:00+00:00,1734220800000,2024-12-15T00:00:00+00:00,0.0001,1.0603
2024-12-15 08:00:00+00:00,1734249600000,2024-12-15T08:00:00+00:00,0.0001,1.0484
2024-12-15 16:00:00+00:00,1734278400000,2024-12-15T16:00:00+00:00,0.0001,1.0873
2024-12-16 00:00:00+00:00,1734307200000,2024-12-16T00:00:00+00:00,0.0001,1.099387
2024-12-16 08:00:00.001000+00:00,1734336000001,2024-12-16T08:00:00.001000+00:00,0.0001,1.09050779
2024-12-16 16:00:00+00:00,1734364800000,2024-12-16T16:00:00+00:00,0.0001,1.0671066
2024-12-17 00:00:00+00:00,1734393600000,2024-12-17T00:00:00+00:00,0.0001,1.07733638
2024-12-17 08:00:00+00:00,1734422400000,2024-12-17T08:00:00+00:00,5.413e-05,1.05898461
2024-12-17 16:00:00+00:00,1734451200000,2024-12-17T16:00:00+00:00,0.0001,1.07054755
2024-12-18 00:00:00+00:00,1734480000000,2024-12-18T00:00:00+00:00,0.0001,1.0516
2024-12-18 08:00:00+00:00,1734508800000,2024-12-18T08:00:00+00:00,5.212e-05,1.02238436
2024-12-18 16:00:00+00:00,1734537600000,2024-12-18T16:00:00+00:00,0.0001,1.02261056
2024-12-19 00:00:00+00:00,1734566400000,2024-12-19T00:00:00+00:00,6.961e-05,0.96794782
2024-12-19 08:00:00+00:00,1734595200000,2024-12-19T08:00:00+00:00,6.127e-05,0.98187475
2024-12-19 16:00:00+00:00,1734624000000,2024-12-19T16:00:00+00:00,0.0001,0.94312649
2024-12-20 00:00:00+00:00,1734652800000,2024-12-20T00:00:00+00:00,-4.523e-05,0.8804
2024-12-20 08:00:00.001000+00:00,1734681600001,2024-12-20T08:00:00.001000+00:00,0.0001,0.8888
2024-12-20 16:00:00.014000+00:00,1734710400014,2024-12-20T16:00:00.014000+00:00,8.839e-05,0.8755
2024-12-21 00:00:00+00:00,1734739200000,2024-12-21T00:00:00+00:00,-2.938e-05,0.9492
2024-12-21 08:00:00+00:00,1734768000000,2024-12-21T08:00:00+00:00,0.0001,0.9885
2024-12-21 16:00:00.001000+00:00,1734796800001,2024-12-21T16:00:00.001000+00:00,0.0001,0.92065815
2024-12-22 00:00:00+00:00,1734825600000,2024-12-22T00:00:00+00:00,0.0001,0.9045
2024-12-22 08:00:00+00:00,1734854400000,2024-12-22T08:00:00+00:00,0.0001,0.8902
2024-12-22 16:00:00+00:00,1734883200000,2024-12-22T16:00:00+00:00,0.0001,0.8872
2024-12-23 00:00:00+00:00,1734912000000,2024-12-23T00:00:00+00:00,0.0001,0.88307125
2024-12-23 08:00:00+00:00,1734940800000,2024-12-23T08:00:00+00:00,0.0001,0.8852
2024-12-23 16:00:00.001000+00:00,1734969600001,2024-12-23T16:00:00.001000+00:00,9.969e-05,0.8649
2024-12-24 00:00:00+00:00,1734998400000,2024-12-24T00:00:00+00:00,0.0001,0.92619099
2024-12-24 08:00:00+00:00,1735027200000,2024-12-24T08:00:00+00:00,0.0001,0.8989
2024-12-24 16:00:00.001000+00:00,1735056000001,2024-12-24T16:00:00.001000+00:00,0.0001,0.94373032
2024-12-25 00:00:00.001000+00:00,1735084800001,2024-12-25T00:00:00.001000+00:00,0.0001,0.9355701
2024-12-25 08:00:00+00:00,1735113600000,2024-12-25T08:00:00+00:00,9.2e-05,0.9159
2024-12-25 16:00:00+00:00,1735142400000,2024-12-25T16:00:00+00:00,-2.178e-05,0.9121
2024-12-26 00:00:00+00:00,1735171200000,2024-12-26T00:00:00+00:00,5.361e-05,0.91721608
2024-12-26 08:00:00+00:00,1735200000000,2024-12-26T08:00:00+00:00,9.639e-05,0.8853
2024-12-26 16:00:00+00:00,1735228800000,2024-12-26T16:00:00+00:00,-1.711e-05,0.8662
2024-12-27 00:00:00+00:00,1735257600000,2024-12-27T00:00:00+00:00,8.162e-05,0.86048051
2024-12-27 08:00:00+00:00,1735286400000,2024-12-27T08:00:00+00:00,3.224e-05,0.86348117
2024-12-27 16:00:00+00:00,1735315200000,2024-12-27T16:00:00+00:00,0.0001,0.8741
2024-12-28 00:00:00.001000+00:00,1735344000001,2024-12-28T00:00:00.001000+00:00,0.0001,0.8768
2024-12-28 08:00:00+00:00,1735372800000,2024-12-28T08:00:00+00:00,8.063e-05,0.8676
2024-12-28 16:00:00+00:00,1735401600000,2024-12-28T16:00:00+00:00,0.0001,0.8752
2024-12-29 00:00:00+00:00,1735430400000,2024-12-29T00:00:00+00:00,0.0001,0.8892
2024-12-29 08:00:00+00:00,1735459200000,2024-12-29T08:00:00+00:00,0.0001,0.8948434
2024-12-29 16:00:00+00:00,1735488000000,2024-12-29T16:00:00+00:00,0.0001,0.88349814
2024-12-30 00:00:00+00:00,1735516800000,2024-12-30T00:00:00+00:00,1.897e-05,0.8582
2024-12-30 08:00:00.001000+00:00,1735545600001,2024-12-30T08:00:00.001000+00:00,7.773e-05,0.86921534
2024-12-30 16:00:00+00:00,1735574400000,2024-12-30T16:00:00+00:00,8.658e-05,0.83993963
2024-12-31 00:00:00+00:00,1735603200000,2024-12-31T00:00:00+00:00,0.0001,0.8613
2024-12-31 08:00:00+00:00,1735632000000,2024-12-31T08:00:00+00:00,0.0001,0.846
2024-12-31 16:00:00+00:00,1735660800000,2024-12-31T16:00:00+00:00,0.0001,0.8693
2025-01-01 00:00:00.015000+00:00,1735689600015,2025-01-01T00:00:00.015000+00:00,0.0001,0.84477116
2025-01-01 08:00:00+00:00,1735718400000,2025-01-01T08:00:00+00:00,0.0001,0.8514
2025-01-01 16:00:00.001000+00:00,1735747200001,2025-01-01T16:00:00.001000+00:00,0.0001,0.87687228
2025-01-02 00:00:00+00:00,1735776000000,2025-01-02T00:00:00+00:00,0.0001,0.92216552
2025-01-02 08:00:00.006000+00:00,1735804800006,2025-01-02T08:00:00.006000+00:00,0.0001,0.93333565
2025-01-02 16:00:00+00:00,1735833600000,2025-01-02T16:00:00+00:00,0.0001,0.955
2025-01-03 00:00:00+00:00,1735862400000,2025-01-03T00:00:00+00:00,0.0001,0.96126452
2025-01-03 08:00:00+00:00,1735891200000,2025-01-03T08:00:00+00:00,0.0001,1.03525722
2025-01-03 16:00:00+00:00,1735920000000,2025-01-03T16:00:00+00:00,0.0001,1.0858
2025-01-04 00:00:00+00:00,1735948800000,2025-01-04T00:00:00+00:00,0.0001,1.08935604
2025-01-04 08:00:00+00:00,1735977600000,2025-01-04T08:00:00+00:00,0.0001,1.074
2025-01-04 16:00:00+00:00,1736006400000,2025-01-04T16:00:00+00:00,0.0001,1.06524381
2025-01-05 00:00:00+00:00,1736035200000,2025-01-05T00:00:00+00:00,0.0001,1.07052251
2025-01-05 08:00:00+00:00,1736064000000,2025-01-05T08:00:00+00:00,0.0001,1.09331175
2025-01-05 16:00:00+00:00,1736092800000,2025-01-05T16:00:00+00:00,0.0001,1.08997061
2025-01-06 00:00:00+00:00,1736121600000,2025-01-06T00:00:00+00:00,0.0001,1.0909
2025-01-06 08:00:00.001000+00:00,1736150400001,2025-01-06T08:00:00.001000+00:00,0.0001,1.0778
2025-01-06 16:00:00+00:00,1736179200000,2025-01-06T16:00:00+00:00,0.0001,1.09510398
2025-01-07 00:00:00+00:00,1736208000000,2025-01-07T00:00:00+00:00,0.0001,1.09323505
2025-01-07 08:00:00+00:00,1736236800000,2025-01-07T08:00:00+00:00,0.0001,1.1024
2025-01-07 16:00:00.008000+00:00,1736265600008,2025-01-07T16:00:00.008000+00:00,0.0001,1.0448
2025-01-08 00:00:00.001000+00:00,1736294400001,2025-01-08T00:00:00.001000+00:00,0.0001,0.98881281
2025-01-08 08:00:00+00:00,1736323200000,2025-01-08T08:00:00+00:00,0.0001,0.98267649
2025-01-08 16:00:00+00:00,1736352000000,2025-01-08T16:00:00+00:00,0.0001,0.9743
2025-01-09 00:00:00+00:00,1736380800000,2025-01-09T00:00:00+00:00,5.474e-05,0.94633671
2025-01-09 08:00:00+00:00,1736409600000,2025-01-09T08:00:00+00:00,0.0001,0.9142
2025-01-09 16:00:00+00:00,1736438400000,2025-01-09T16:00:00+00:00,0.0001,0.9285
2025-01-10 00:00:00+00:00,1736467200000,2025-01-10T00:00:00+00:00,0.0001,0.90383129
2025-01-10 08:00:00+00:00,1736496000000,2025-01-10T08:00:00+00:00,4.059e-05,0.96271753
2025-01-10 16:00:00+00:00,1736524800000,2025-01-10T16:00:00+00:00,0.0001,0.9287
2025-01-11 00:00:00+00:00,1736553600000,2025-01-11T00:00:00+00:00,1.113e-05,0.92983183
2025-01-11 08:00:00+00:00,1736582400000,2025-01-11T08:00:00+00:00,5.625e-05,0.9198
2025-01-11 16:00:00+00:00,1736611200000,2025-01-11T16:00:00+00:00,0.0001,0.9368
2025-01-12 00:00:00+00:00,1736640000000,2025-01-12T00:00:00+00:00,0.0001,0.99517935
2025-01-12 08:00:00+00:00,1736668800000,2025-01-12T08:00:00+00:00,0.0001,1.0027
2025-01-12 16:00:00+00:00,1736697600000,2025-01-12T16:00:00+00:00,0.0001,0.99299012
2025-01-13 00:00:00+00:00,1736726400000,2025-01-13T00:00:00+00:00,0.0001,0.96716757
2025-01-13 08:00:00+00:00,1736755200000,2025-01-13T08:00:00+00:00,7.914e-05,0.9361
2025-01-13 16:00:00+00:00,1736784000000,2025-01-13T16:00:00+00:00,4.449e-05,0.92549883
2025-01-14 00:00:00+00:00,1736812800000,2025-01-14T00:00:00+00:00,3.905e-05,0.9439
2025-01-14 08:00:00+00:00,1736841600000,2025-01-14T08:00:00+00:00,0.0001,0.9553
2025-01-14 16:00:00+00:00,1736870400000,2025-01-14T16:00:00+00:00,0.0001,0.98171353
2025-01-15 00:00:00+00:00,1736899200000,2025-01-15T00:00:00+00:00,0.0001,0.99684036
2025-01-15 08:00:00+00:00,1736928000000,2025-01-15T08:00:00+00:00,0.0001,1.05005822
2025-01-15 16:00:00+00:00,1736956800000,2025-01-15T16:00:00+00:00,0.0001,1.06408964
2025-01-16 00:00:00+00:00,1736985600000,2025-01-16T00:00:00+00:00,0.0001,1.07539586
2025-01-16 08:00:00+00:00,1737014400000,2025-01-16T08:00:00+00:00,0.0001,1.05627047
2025-01-16 16:00:00+00:00,1737043200000,2025-01-16T16:00:00+00:00,0.0001,1.10238598
2025-01-17 00:00:00.004000+00:00,1737072000004,2025-01-17T00:00:00.004000+00:00,0.0001,1.0885328
2025-01-17 08:00:00+00:00,1737100800000,2025-01-17T08:00:00+00:00,0.0001,1.1151
2025-01-17 16:00:00.008000+00:00,1737129600008,2025-01-17T16:00:00.008000+00:00,0.0001,1.11005584
2025-01-18 00:00:00+00:00,1737158400000,2025-01-18T00:00:00+00:00,0.0001,1.1328
2025-01-18 08:00:00.007000+00:00,1737187200007,2025-01-18T08:00:00.007000+00:00,0.0001,1.06440048
2025-01-18 16:00:00+00:00,1737216000000,2025-01-18T16:00:00+00:00,8.543e-05,1.0711
2025-01-19 00:00:00+00:00,1737244800000,2025-01-19T00:00:00+00:00,0.0001,1.10416698
2025-01-19 08:00:00+00:00,1737273600000,2025-01-19T08:00:00+00:00,0.0001,1.06689876
2025-01-19 16:00:00+00:00,1737302400000,2025-01-19T16:00:00+00:00,0.0001,1.07392781
2025-01-20 00:00:00+00:00,1737331200000,2025-01-20T00:00:00+00:00,0.0001,0.9923
2025-01-20 08:00:00.009000+00:00,1737360000009,2025-01-20T08:00:00.009000+00:00,0.0001,1.07734085
2025-01-20 16:00:00+00:00,1737388800000,2025-01-20T16:00:00+00:00,0.0001,1.0476
2025-01-21 00:00:00+00:00,1737417600000,2025-01-21T00:00:00+00:00,0.0001,1.00912836
2025-01-21 08:00:00+00:00,1737446400000,2025-01-21T08:00:00+00:00,0.0001,0.97654745
2025-01-21 16:00:00+00:00,1737475200000,2025-01-21T16:00:00+00:00,0.0001,0.9936
2025-01-22 00:00:00+00:00,1737504000000,2025-01-22T00:00:00+00:00,0.0001,1.00574346
2025-01-22 08:00:00+00:00,1737532800000,2025-01-22T08:00:00+00:00,0.0001,0.9902
2025-01-22 16:00:00+00:00,1737561600000,2025-01-22T16:00:00+00:00,0.0001,0.99048015
2025-01-23 00:00:00.001000+00:00,1737590400001,2025-01-23T00:00:00.001000+00:00,0.0001,0.9824
2025-01-23 08:00:00+00:00,1737619200000,2025-01-23T08:00:00+00:00,0.0001,0.97172916
2025-01-23 16:00:00+00:00,1737648000000,2025-01-23T16:00:00+00:00,0.0001,0.99448847
2025-01-24 00:00:00+00:00,1737676800000,2025-01-24T00:00:00+00:00,0.0001,0.9865
2025-01-24 08:00:00+00:00,1737705600000,2025-01-24T08:00:00+00:00,0.0001,0.9976
2025-01-24 16:00:00+00:00,1737734400000,2025-01-24T16:00:00+00:00,0.0001,0.9948
2025-01-25 00:00:00+00:00,1737763200000,2025-01-25T00:00:00+00:00,8.327e-05,0.9707
2025-01-25 08:00:00+00:00,1737792000000,2025-01-25T08:00:00+00:00,0.0001,0.976
2025-01-25 16:00:00.001000+00:00,1737820800001,2025-01-25T16:00:00.001000+00:00,0.0001,0.987
2025-01-26 00:00:00+00:00,1737849600000,2025-01-26T00:00:00+00:00,0.0001,0.9761
2025-01-26 08:00:00+00:00,1737878400000,2025-01-26T08:00:00+00:00,0.0001,0.9924
2025-01-26 16:00:00+00:00,1737907200000,2025-01-26T16:00:00+00:00,0.0001,0.99218582
2025-01-27 00:00:00+00:00,1737936000000,2025-01-27T00:00:00+00:00,0.0001,0.9525083
2025-01-27 08:00:00+00:00,1737964800000,2025-01-27T08:00:00+00:00,7.62e-05,0.8868
2025-01-27 16:00:00+00:00,1737993600000,2025-01-27T16:00:00+00:00,9.44e-06,0.9179
2025-01-28 00:00:00+00:00,1738022400000,2025-01-28T00:00:00+00:00,0.0001,0.93410467
2025-01-28 08:00:00+00:00,1738051200000,2025-01-28T08:00:00+00:00,6.7e-05,0.95684786
2025-01-28 16:00:00+00:00,1738080000000,2025-01-28T16:00:00+00:00,0.0001,0.9587
2025-01-29 00:00:00+00:00,1738108800000,2025-01-29T00:00:00+00:00,0.0001,0.91620442
2025-01-29 08:00:00+00:00,1738137600000,2025-01-29T08:00:00+00:00,0.0001,0.9435
2025-01-29 16:00:00+00:00,1738166400000,2025-01-29T16:00:00+00:00,9.633e-05,0.92182326
2025-01-30 00:00:00+00:00,1738195200000,2025-01-30T00:00:00+00:00,6.931e-05,0.93931058
2025-01-30 08:00:00+00:00,1738224000000,2025-01-30T08:00:00+00:00,0.0001,0.96150451
2025-01-30 16:00:00+00:00,1738252800000,2025-01-30T16:00:00+00:00,0.0001,0.9757
2025-01-31 00:00:00+00:00,1738281600000,2025-01-31T00:00:00+00:00,0.0001,0.9592
2025-01-31 08:00:00+00:00,1738310400000,2025-01-31T08:00:00+00:00,1.229e-05,0.95106042
2025-01-31 16:00:00+00:00,1738339200000,2025-01-31T16:00:00+00:00,0.0001,0.9790077
2025-02-01 00:00:00+00:00,1738368000000,2025-02-01T00:00:00+00:00,0.0001,0.94232167
2025-02-01 08:00:00+00:00,1738396800000,2025-02-01T08:00:00+00:00,0.0001,0.9372
2025-02-01 16:00:00+00:00,1738425600000,2025-02-01T16:00:00+00:00,2.747e-05,0.9268
2025-02-02 00:00:00.001000+00:00,1738454400001,2025-02-02T00:00:00.001000+00:00,-3.462e-05,0.8942225
2025-02-02 08:00:00+00:00,1738483200000,2025-02-02T08:00:00+00:00,3.48e-06,0.87951972
2025-02-02 16:00:00+00:00,1738512000000,2025-02-02T16:00:00+00:00,5.428e-05,0.8697
2025-02-03 00:00:00+00:00,1738540800000,2025-02-03T00:00:00+00:00,-8.452e-05,0.80377274
2025-02-03 08:00:00+00:00,1738569600000,2025-02-03T08:00:00+00:00,-0.00025831,0.71771943
2025-02-03 16:00:00+00:00,1738598400000,2025-02-03T16:00:00+00:00,-6.716e-05,0.76458522
2025-02-04 00:00:00+00:00,1738627200000,2025-02-04T00:00:00+00:00,-0.00022298,0.8115481
2025-02-04 08:00:00.001000+00:00,1738656000001,2025-02-04T08:00:00.001000+00:00,1.21e-06,0.7166
2025-02-04 16:00:00+00:00,1738684800000,2025-02-04T16:00:00+00:00,-0.00015847,0.7579
2025-02-05 00:00:00.001000+00:00,1738713600001,2025-02-05T00:00:00.001000+00:00,2.739e-05,0.7433
2025-02-05 08:00:00.001000+00:00,1738742400001,2025-02-05T08:00:00.001000+00:00,-6.85e-05,0.7508
2025-02-05 16:00:00+00:00,1738771200000,2025-02-05T16:00:00+00:00,-5.189e-05,0.7625
2025-02-06 00:00:00.001000+00:00,1738800000001,2025-02-06T00:00:00.001000+00:00,4.362e-05,0.73199886
2025-02-06 08:00:00.001000+00:00,1738828800001,2025-02-06T08:00:00.001000+00:00,2.883e-05,0.7596
2025-02-06 16:00:00+00:00,1738857600000,2025-02-06T16:00:00+00:00,4.73e-06,0.7105
2025-02-07 00:00:00+00:00,1738886400000,2025-02-07T00:00:00+00:00,-3.366e-05,0.70473989
2025-02-07 08:00:00+00:00,1738915200000,2025-02-07T08:00:00+00:00,3.494e-05,0.7136
2025-02-07 16:00:00+00:00,1738944000000,2025-02-07T16:00:00+00:00,4.712e-05,0.73085777
2025-02-08 00:00:00+00:00,1738972800000,2025-02-08T00:00:00+00:00,-9.935e-05,0.70673121
2025-02-08 08:00:00+00:00,1739001600000,2025-02-08T08:00:00+00:00,1.836e-05,0.6988
2025-02-08 16:00:00+00:00,1739030400000,2025-02-08T16:00:00+00:00,-4.441e-05,0.68878741
2025-02-09 00:00:00+00:00,1739059200000,2025-02-09T00:00:00+00:00,-7.288e-05,0.7001
2025-02-09 08:00:00+00:00,1739088000000,2025-02-09T08:00:00+00:00,2.431e-05,0.7041
2025-02-09 16:00:00+00:00,1739116800000,2025-02-09T16:00:00+00:00,-0.00011525,0.69360197
2025-02-10 00:00:00+00:00,1739145600000,2025-02-10T00:00:00+00:00,-0.00015224,0.68105995
2025-02-10 08:00:00+00:00,1739174400000,2025-02-10T08:00:00+00:00,7.579e-05,0.6958
2025-02-10 16:00:00+00:00,1739203200000,2025-02-10T16:00:00+00:00,9.755e-05,0.6988
2025-02-11 00:00:00+00:00,1739232000000,2025-02-11T00:00:00+00:00,8e-07,0.7115
2025-02-11 08:00:00+00:00,1739260800000,2025-02-11T08:00:00+00:00,8.938e-05,0.8018
2025-02-11 16:00:00+00:00,1739289600000,2025-02-11T16:00:00+00:00,0.0001,0.79575793
2025-02-12 00:00:00+00:00,1739318400000,2025-02-12T00:00:00+00:00,-1.894e-05,0.7776
2025-02-12 08:00:00+00:00,1739347200000,2025-02-12T08:00:00+00:00,5.897e-05,0.7692
2025-02-12 16:00:00.001000+00:00,1739376000001,2025-02-12T16:00:00.001000+00:00,7.122e-05,0.77074837
2025-02-13 00:00:00.001000+00:00,1739404800001,2025-02-13T00:00:00.001000+00:00,-3.432e-05,0.79906055
2025-02-13 08:00:00+00:00,1739433600000,2025-02-13T08:00:00+00:00,-9.974e-05,0.784
2025-02-13 16:00:00.001000+00:00,1739462400001,2025-02-13T16:00:00.001000+00:00,-3.732e-05,0.78801917
2025-02-14 00:00:00+00:00,1739491200000,2025-02-14T00:00:00+00:00,6.584e-05,0.81
2025-02-14 08:00:00.001000+00:00,1739520000001,2025-02-14T08:00:00.001000+00:00,-5.89e-06,0.79878637
2025-02-14 16:00:00+00:00,1739548800000,2025-02-14T16:00:00+00:00,-6.214e-05,0.8068
2025-02-15 00:00:00+00:00,1739577600000,2025-02-15T00:00:00+00:00,-0.00010059,0.79913189
2025-02-15 08:00:00+00:00,1739606400000,2025-02-15T08:00:00+00:00,3.624e-05,0.79587927
2025-02-15 16:00:00+00:00,1739635200000,2025-02-15T16:00:00+00:00,-5.517e-05,0.78617484
2025-02-16 00:00:00+00:00,1739664000000,2025-02-16T00:00:00+00:00,4.371e-05,0.78055589
2025-02-16 08:00:00+00:00,1739692800000,2025-02-16T08:00:00+00:00,-2.426e-05,0.7778
2025-02-16 16:00:00+00:00,1739721600000,2025-02-16T16:00:00+00:00,-4.553e-05,0.7701
2025-02-17 00:00:00+00:00,1739750400000,2025-02-17T00:00:00+00:00,2.583e-05,0.77086942
2025-02-17 08:00:00+00:00,1739779200000,2025-02-17T08:00:00+00:00,0.0001,0.79374924
2025-02-17 16:00:00+00:00,1739808000000,2025-02-17T16:00:00+00:00,0.0001,0.80943607
2025-02-18 00:00:00+00:00,1739836800000,2025-02-18T00:00:00+00:00,8.781e-05,0.80833487
2025-02-18 08:00:00+00:00,1739865600000,2025-02-18T08:00:00+00:00,-6.133e-05,0.7765
2025-02-18 16:00:00+00:00,1739894400000,2025-02-18T16:00:00+00:00,9.01e-06,0.75466336
2025-02-19 00:00:00+00:00,1739923200000,2025-02-19T00:00:00+00:00,-0.00012793,0.7536
2025-02-19 08:00:00+00:00,1739952000000,2025-02-19T08:00:00+00:00,-0.00012198,0.76254025
2025-02-19 16:00:00+00:00,1739980800000,2025-02-19T16:00:00+00:00,6.845e-05,0.7587
2025-02-20 00:00:00+00:00,1740009600000,2025-02-20T00:00:00+00:00,1.986e-05,0.77333611
2025-02-20 08:00:00+00:00,1740038400000,2025-02-20T08:00:00+00:00,0.0001,0.7807
2025-02-20 16:00:00+00:00,1740067200000,2025-02-20T16:00:00+00:00,0.0001,0.7837
2025-02-21 00:00:00.001000+00:00,1740096000001,2025-02-21T00:00:00.001000+00:00,0.0001,0.8033
2025-02-21 08:00:00+00:00,1740124800000,2025-02-21T08:00:00+00:00,0.0001,0.7971
2025-02-21 16:00:00+00:00,1740153600000,2025-02-21T16:00:00+00:00,8.834e-05,0.7999
2025-02-22 00:00:00+00:00,1740182400000,2025-02-22T00:00:00+00:00,4.827e-05,0.76142932
2025-02-22 08:00:00+00:00,1740211200000,2025-02-22T08:00:00+00:00,-7.071e-05,0.76231725
2025-02-22 16:00:00+00:00,1740240000000,2025-02-22T16:00:00+00:00,-2.659e-05,0.7732
2025-02-23 00:00:00+00:00,1740268800000,2025-02-23T00:00:00+00:00,3.983e-05,0.773
2025-02-23 08:00:00+00:00,1740297600000,2025-02-23T08:00:00+00:00,3.951e-05,0.7868
2025-02-23 16:00:00+00:00,1740326400000,2025-02-23T16:00:00+00:00,3.031e-05,0.76119636
2025-02-24 00:00:00+00:00,1740355200000,2025-02-24T00:00:00+00:00,-4.143e-05,0.7692
2025-02-24 08:00:00+00:00,1740384000000,2025-02-24T08:00:00+00:00,-0.00010048,0.7449337
2025-02-24 16:00:00+00:00,1740412800000,2025-02-24T16:00:00+00:00,6.58e-06,0.718
2025-02-25 00:00:00+00:00,1740441600000,2025-02-25T00:00:00+00:00,0.0001,0.68124263
2025-02-25 08:00:00+00:00,1740470400000,2025-02-25T08:00:00+00:00,2.211e-05,0.6596643
2025-02-25 16:00:00+00:00,1740499200000,2025-02-25T16:00:00+00:00,2.884e-05,0.6535
2025-02-26 00:00:00+00:00,1740528000000,2025-02-26T00:00:00+00:00,-6.269e-05,0.6828
2025-02-26 08:00:00+00:00,1740556800000,2025-02-26T08:00:00+00:00,5.621e-05,0.6816
2025-02-26 16:00:00+00:00,1740585600000,2025-02-26T16:00:00+00:00,0.0001,0.6769
2025-02-27 00:00:00.001000+00:00,1740614400001,2025-02-27T00:00:00.001000+00:00,7.903e-05,0.64691278
2025-02-27 08:00:00+00:00,1740643200000,2025-02-27T08:00:00+00:00,4.191e-05,0.6682
2025-02-27 16:00:00+00:00,1740672000000,2025-02-27T16:00:00+00:00,0.0001,0.66583922
2025-02-28 00:00:00.001000+00:00,1740700800001,2025-02-28T00:00:00.001000+00:00,-4.588e-05,0.6448
2025-02-28 08:00:00+00:00,1740729600000,2025-02-28T08:00:00+00:00,9.046e-05,0.59257458
2025-02-28 16:00:00+00:00,1740758400000,2025-02-28T16:00:00+00:00,1.721e-05,0.6309
2025-03-01 00:00:00+00:00,1740787200000,2025-03-01T00:00:00+00:00,0.0001,0.63260754
2025-03-01 08:00:00+00:00,1740816000000,2025-03-01T08:00:00+00:00,3.054e-05,0.6392
2025-03-01 16:00:00.001000+00:00,1740844800001,2025-03-01T16:00:00.001000+00:00,0.0001,0.63462274
2025-03-02 00:00:00+00:00,1740873600000,2025-03-02T00:00:00+00:00,9.668e-05,0.6588
2025-03-02 08:00:00+00:00,1740902400000,2025-03-02T08:00:00+00:00,0.0001,0.66265666
2025-03-02 16:00:00+00:00,1740931200000,2025-03-02T16:00:00+00:00,0.0001,0.8639
2025-03-03 00:00:00.001000+00:00,1740960000001,2025-03-03T00:00:00.001000+00:00,0.0001,1.13547466
2025-03-03 08:00:00+00:00,1740988800000,2025-03-03T08:00:00+00:00,0.0001,1.0135
2025-03-03 16:00:00+00:00,1741017600000,2025-03-03T16:00:00+00:00,-4.117e-05,0.9572
2025-03-04 00:00:00.001000+00:00,1741046400001,2025-03-04T00:00:00.001000+00:00,3.914e-05,0.857
2025-03-04 08:00:00.005000+00:00,1741075200005,2025-03-04T08:00:00.005000+00:00,-0.00020039,0.8079
2025-03-04 16:00:00+00:00,1741104000000,2025-03-04T16:00:00+00:00,-0.00020931,0.8532
2025-03-05 00:00:00+00:00,1741132800000,2025-03-05T00:00:00+00:00,3.29e-06,0.94041926
2025-03-05 08:00:00+00:00,1741161600000,2025-03-05T08:00:00+00:00,-2.716e-05,0.9390339
2025-03-05 16:00:00+00:00,1741190400000,2025-03-05T16:00:00+00:00,1.619e-05,0.94071011
2025-03-06 00:00:00+00:00,1741219200000,2025-03-06T00:00:00+00:00,-1.339e-05,0.97353986
2025-03-06 08:00:00.001000+00:00,1741248000001,2025-03-06T08:00:00.001000+00:00,-0.00010586,0.93830201
2025-03-06 16:00:00+00:00,1741276800000,2025-03-06T16:00:00+00:00,-0.00017064,0.93173123
2025-03-07 00:00:00+00:00,1741305600000,2025-03-07T00:00:00+00:00,-0.00019528,0.9057
2025-03-07 08:00:00.001000+00:00,1741334400001,2025-03-07T08:00:00.001000+00:00,-0.00033448,0.87470696
2025-03-07 16:00:00+00:00,1741363200000,2025-03-07T16:00:00+00:00,-0.00020666,0.857357
2025-03-08 00:00:00+00:00,1741392000000,2025-03-08T00:00:00+00:00,-0.00024044,0.81761287
2025-03-08 08:00:00.001000+00:00,1741420800001,2025-03-08T08:00:00.001000+00:00,4.124e-05,0.82382123
2025-03-08 16:00:00.001000+00:00,1741449600001,2025-03-08T16:00:00.001000+00:00,5.464e-05,0.8162
2025-03-09 00:00:00.001000+00:00,1741478400001,2025-03-09T00:00:00.001000+00:00,-6.223e-05,0.8045
2025-03-09 08:00:00+00:00,1741507200000,2025-03-09T08:00:00+00:00,5.698e-05,0.81385636
2025-03-09 16:00:00+00:00,1741536000000,2025-03-09T16:00:00+00:00,4.48e-05,0.756
2025-03-10 00:00:00+00:00,1741564800000,2025-03-10T00:00:00+00:00,-0.00013212,0.7206
2025-03-10 08:00:00+00:00,1741593600000,2025-03-10T08:00:00+00:00,-0.00014438,0.7455
2025-03-10 16:00:00+00:00,1741622400000,2025-03-10T16:00:00+00:00,-9.983e-05,0.70049647
2025-03-11 00:00:00+00:00,1741651200000,2025-03-11T00:00:00+00:00,4.761e-05,0.6707
2025-03-11 08:00:00+00:00,1741680000000,2025-03-11T08:00:00+00:00,-7.51e-05,0.71915496
2025-03-11 16:00:00.001000+00:00,1741708800001,2025-03-11T16:00:00.001000+00:00,0.0001,0.726
2025-03-12 00:00:00+00:00,1741737600000,2025-03-12T00:00:00+00:00,-0.00018219,0.7234
2025-03-12 08:00:00+00:00,1741766400000,2025-03-12T08:00:00+00:00,-0.00012141,0.734
2025-03-12 16:00:00.001000+00:00,1741795200001,2025-03-12T16:00:00.001000+00:00,-0.00012427,0.7292247
2025-03-13 00:00:00+00:00,1741824000000,2025-03-13T00:00:00+00:00,-0.00011714,0.7352
2025-03-13 08:00:00+00:00,1741852800000,2025-03-13T08:00:00+00:00,-0.00017501,0.717
2025-03-13 16:00:00+00:00,1741881600000,2025-03-13T16:00:00+00:00,-0.00010175,0.70601029
2025-03-14 00:00:00+00:00,1741910400000,2025-03-14T00:00:00+00:00,-9.409e-05,0.7023038
2025-03-14 08:00:00+00:00,1741939200000,2025-03-14T08:00:00+00:00,-0.0001773,0.711
2025-03-14 16:00:00+00:00,1741968000000,2025-03-14T16:00:00+00:00,6.909e-05,0.7395
2025-03-15 00:00:00+00:00,1741996800000,2025-03-15T00:00:00+00:00,0.0001,0.7371
2025-03-15 08:00:00+00:00,1742025600000,2025-03-15T08:00:00+00:00,2.227e-05,0.7334
2025-03-15 16:00:00+00:00,1742054400000,2025-03-15T16:00:00+00:00,8.098e-05,0.749
2025-03-16 00:00:00+00:00,1742083200000,2025-03-16T00:00:00+00:00,6.62e-06,0.74612571
2025-03-16 08:00:00+00:00,1742112000000,2025-03-16T08:00:00+00:00,-6.998e-05,0.7386
2025-03-16 16:00:00+00:00,1742140800000,2025-03-16T16:00:00+00:00,-0.0002682,0.70384497
2025-03-17 00:00:00+00:00,1742169600000,2025-03-17T00:00:00+00:00,-0.00033175,0.70431353
2025-03-17 08:00:00+00:00,1742198400000,2025-03-17T08:00:00+00:00,-5.357e-05,0.7205
2025-03-17 16:00:00+00:00,1742227200000,2025-03-17T16:00:00+00:00,5.408e-05,0.724
2025-03-18 00:00:00+00:00,1742256000000,2025-03-18T00:00:00+00:00,-3.282e-05,0.71688305
2025-03-18 08:00:00+00:00,1742284800000,2025-03-18T08:00:00+00:00,-0.0001023,0.7083
2025-03-18 16:00:00+00:00,1742313600000,2025-03-18T16:00:00+00:00,-0.00014266,0.68656437
2025-03-19 00:00:00+00:00,1742342400000,2025-03-19T00:00:00+00:00,-0.00018086,0.70116063
2025-03-19 08:00:00+00:00,1742371200000,2025-03-19T08:00:00+00:00,9.719e-05,0.7079941
2025-03-19 16:00:00+00:00,1742400000000,2025-03-19T16:00:00+00:00,0.0001,0.7404
2025-03-20 00:00:00+00:00,1742428800000,2025-03-20T00:00:00+00:00,0.0001,0.7434
2025-03-20 08:00:00+00:00,1742457600000,2025-03-20T08:00:00+00:00,7.247e-05,0.73023797
2025-03-20 16:00:00+00:00,1742486400000,2025-03-20T16:00:00+00:00,7.32e-05,0.7254127
2025-03-21 00:00:00+00:00,1742515200000,2025-03-21T00:00:00+00:00,-0.00010852,0.71742919
2025-03-21 08:00:00+00:00,1742544000000,2025-03-21T08:00:00+00:00,-0.00016993,0.7136
2025-03-21 16:00:00+00:00,1742572800000,2025-03-21T16:00:00+00:00,-7.378e-05,0.7032
2025-03-22 00:00:00+00:00,1742601600000,2025-03-22T00:00:00+00:00,-8.423e-05,0.70452432
2025-03-22 08:00:00.004000+00:00,1742630400004,2025-03-22T08:00:00.004000+00:00,-3.415e-05,0.7107
2025-03-22 16:00:00+00:00,1742659200000,2025-03-22T16:00:00+00:00,-0.00016908,0.70270382
2025-03-23 00:00:00+00:00,1742688000000,2025-03-23T00:00:00+00:00,-0.00017896,0.7009
2025-03-23 08:00:00+00:00,1742716800000,2025-03-23T08:00:00+00:00,0.0001,0.7126
2025-03-23 16:00:00+00:00,1742745600000,2025-03-23T16:00:00+00:00,5.28e-05,0.70846199
2025-03-24 00:00:00+00:00,1742774400000,2025-03-24T00:00:00+00:00,-0.00011597,0.7103
2025-03-24 08:00:00+00:00,1742803200000,2025-03-24T08:00:00+00:00,0.0001,0.72205591
2025-03-24 16:00:00+00:00,1742832000000,2025-03-24T16:00:00+00:00,0.0001,0.73252728
2025-03-25 00:00:00.001000+00:00,1742860800001,2025-03-25T00:00:00.001000+00:00,0.0001,0.73174139
2025-03-25 08:00:00+00:00,1742889600000,2025-03-25T08:00:00+00:00,0.0001,0.7345
2025-03-25 16:00:00+00:00,1742918400000,2025-03-25T16:00:00+00:00,0.0001,0.75633437
2025-03-26 00:00:00+00:00,1742947200000,2025-03-26T00:00:00+00:00,4.068e-05,0.74413825
2025-03-26 08:00:00+00:00,1742976000000,2025-03-26T08:00:00+00:00,1.454e-05,0.7678
2025-03-26 16:00:00.001000+00:00,1743004800001,2025-03-26T16:00:00.001000+00:00,0.0001,0.73985264
2025-03-27 00:00:00.001000+00:00,1743033600001,2025-03-27T00:00:00.001000+00:00,-0.00013556,0.7282
2025-03-27 08:00:00.001000+00:00,1743062400001,2025-03-27T08:00:00.001000+00:00,6.782e-05,0.7378
2025-03-27 16:00:00.002000+00:00,1743091200002,2025-03-27T16:00:00.002000+00:00,7.146e-05,0.73314882
2025-03-28 00:00:00.001000+00:00,1743120000001,2025-03-28T00:00:00.001000+00:00,0.0001,0.73780873
2025-03-28 08:00:00.001000+00:00,1743148800001,2025-03-28T08:00:00.001000+00:00,-9.233e-05,0.70085549
2025-03-28 16:00:00+00:00,1743177600000,2025-03-28T16:00:00+00:00,-0.00017243,0.69846187
2025-03-29 00:00:00+00:00,1743206400000,2025-03-29T00:00:00+00:00,-3.3e-05,0.7057
2025-03-29 08:00:00+00:00,1743235200000,2025-03-29T08:00:00+00:00,3.439e-05,0.68282252
2025-03-29 16:00:00+00:00,1743264000000,2025-03-29T16:00:00+00:00,-0.0001383,0.6707
2025-03-30 00:00:00+00:00,1743292800000,2025-03-30T00:00:00+00:00,-0.00011502,0.6726
2025-03-30 08:00:00+00:00,1743321600000,2025-03-30T08:00:00+00:00,1.133e-05,0.6808
2025-03-30 16:00:00+00:00,1743350400000,2025-03-30T16:00:00+00:00,7.265e-05,0.6693
2025-03-31 00:00:00+00:00,1743379200000,2025-03-31T00:00:00+00:00,-0.0001654,0.6606
2025-03-31 08:00:00+00:00,1743408000000,2025-03-31T08:00:00+00:00,-6.735e-05,0.6453
2025-03-31 16:00:00+00:00,1743436800000,2025-03-31T16:00:00+00:00,-8.993e-05,0.65620048
2025-04-01 00:00:00+00:00,1743465600000,2025-04-01T00:00:00+00:00,4.642e-05,0.66137031
2025-04-01 08:00:00.001000+00:00,1743494400001,2025-04-01T08:00:00.001000+00:00,-0.00014119,0.66882309
2025-04-01 16:00:00+00:00,1743523200000,2025-04-01T16:00:00+00:00,6.872e-05,0.69123985
2025-04-02 00:00:00.001000+00:00,1743552000001,2025-04-02T00:00:00.001000+00:00,3.42e-06,0.6769
2025-04-02 08:00:00+00:00,1743580800000,2025-04-02T08:00:00+00:00,0.0001,0.67139898
2025-04-02 16:00:00+00:00,1743609600000,2025-04-02T16:00:00+00:00,-4.806e-05,0.692
2025-04-03 00:00:00+00:00,1743638400000,2025-04-03T00:00:00+00:00,3.71e-06,0.6396
2025-04-03 08:00:00+00:00,1743667200000,2025-04-03T08:00:00+00:00,-0.00016544,0.64900741
2025-04-03 16:00:00+00:00,1743696000000,2025-04-03T16:00:00+00:00,-0.00021893,0.6279
2025-04-04 00:00:00+00:00,1743724800000,2025-04-04T00:00:00+00:00,-5.315e-05,0.6503
2025-04-04 08:00:00+00:00,1743753600000,2025-04-04T08:00:00+00:00,1.53e-06,0.6623993
2025-04-04 16:00:00+00:00,1743782400000,2025-04-04T16:00:00+00:00,-2.386e-05,0.6566
2025-04-05 00:00:00+00:00,1743811200000,2025-04-05T00:00:00+00:00,0.0001,0.6601
2025-04-05 08:00:00+00:00,1743840000000,2025-04-05T08:00:00+00:00,0.0001,0.6563
2025-04-05 16:00:00+00:00,1743868800000,2025-04-05T16:00:00+00:00,5.254e-05,0.64740305
2025-04-06 00:00:00+00:00,1743897600000,2025-04-06T00:00:00+00:00,3.423e-05,0.65428582
2025-04-06 08:00:00+00:00,1743926400000,2025-04-06T08:00:00+00:00,-9.33e-06,0.63799513
2025-04-06 16:00:00.002000+00:00,1743955200002,2025-04-06T16:00:00.002000+00:00,-0.00017222,0.627
2025-04-07 00:00:00+00:00,1743984000000,2025-04-07T00:00:00+00:00,-8.321e-05,0.57315013
2025-04-07 08:00:00+00:00,1744012800000,2025-04-07T08:00:00+00:00,5.387e-05,0.52002495
2025-04-07 16:00:00+00:00,1744041600000,2025-04-07T16:00:00+00:00,-1.296e-05,0.57390577
2025-04-08 00:00:00+00:00,1744070400000,2025-04-08T00:00:00+00:00,-3.18e-05,0.586
2025-04-08 08:00:00+00:00,1744099200000,2025-04-08T08:00:00+00:00,-7.98e-06,0.5847
2025-04-08 16:00:00+00:00,1744128000000,2025-04-08T16:00:00+00:00,1.716e-05,0.59240726
2025-04-09 00:00:00+00:00,1744156800000,2025-04-09T00:00:00+00:00,-1.644e-05,0.558
2025-04-09 08:00:00.001000+00:00,1744185600001,2025-04-09T08:00:00.001000+00:00,-0.00011734,0.57523588
2025-04-09 16:00:00+00:00,1744214400000,2025-04-09T16:00:00+00:00,6.695e-05,0.5698
2025-04-10 00:00:00+00:00,1744243200000,2025-04-10T00:00:00+00:00,0.0001,0.6314
2025-04-10 08:00:00+00:00,1744272000000,2025-04-10T08:00:00+00:00,3.193e-05,0.6198
2025-04-10 16:00:00+00:00,1744300800000,2025-04-10T16:00:00+00:00,-8.019e-05,0.5895
2025-04-11 00:00:00.001000+00:00,1744329600001,2025-04-11T00:00:00.001000+00:00,-0.00015954,0.60912497
2025-04-11 08:00:00+00:00,1744358400000,2025-04-11T08:00:00+00:00,7.927e-05,0.6274
2025-04-11 16:00:00+00:00,1744387200000,2025-04-11T16:00:00+00:00,0.0001,0.6211
2025-04-12 00:00:00+00:00,1744416000000,2025-04-12T00:00:00+00:00,0.0001,0.6235
2025-04-12 08:00:00.001000+00:00,1744444800001,2025-04-12T08:00:00.001000+00:00,3.542e-05,0.6326
2025-04-12 16:00:00+00:00,1744473600000,2025-04-12T16:00:00+00:00,8.378e-05,0.6598
2025-04-13 00:00:00+00:00,1744502400000,2025-04-13T00:00:00+00:00,6.442e-05,0.6592
2025-04-13 08:00:00+00:00,1744531200000,2025-04-13T08:00:00+00:00,1.683e-05,0.64341106
2025-04-13 16:00:00+00:00,1744560000000,2025-04-13T16:00:00+00:00,5.244e-05,0.6437
2025-04-14 00:00:00+00:00,1744588800000,2025-04-14T00:00:00+00:00,5.464e-05,0.638
2025-04-14 08:00:00+00:00,1744617600000,2025-04-14T08:00:00+00:00,-5.254e-05,0.6413
2025-04-14 16:00:00+00:00,1744646400000,2025-04-14T16:00:00+00:00,-9.88e-06,0.63290725
2025-04-15 00:00:00+00:00,1744675200000,2025-04-15T00:00:00+00:00,-0.00014075,0.63475672
2025-04-15 08:00:00+00:00,1744704000000,2025-04-15T08:00:00+00:00,5.348e-05,0.6453
2025-04-15 16:00:00.001000+00:00,1744732800001,2025-04-15T16:00:00.001000+00:00,-0.00010771,0.6228
2025-04-16 00:00:00+00:00,1744761600000,2025-04-16T00:00:00+00:00,-0.0001416,0.60867249
2025-04-16 08:00:00+00:00,1744790400000,2025-04-16T08:00:00+00:00,-9.836e-05,0.6033
2025-04-16 16:00:00+00:00,1744819200000,2025-04-16T16:00:00+00:00,-9.207e-05,0.6095
2025-04-17 00:00:00.001000+00:00,1744848000001,2025-04-17T00:00:00.001000+00:00,-2.048e-05,0.61026978
2025-04-17 08:00:00+00:00,1744876800000,2025-04-17T08:00:00+00:00,6.643e-05,0.6191246
2025-04-17 16:00:00.001000+00:00,1744905600001,2025-04-17T16:00:00.001000+00:00,5.965e-05,0.61920811
2025-04-18 00:00:00+00:00,1744934400000,2025-04-18T00:00:00+00:00,3.812e-05,0.6164
2025-04-18 08:00:00+00:00,1744963200000,2025-04-18T08:00:00+00:00,-9.568e-05,0.61430849
2025-04-18 16:00:00+00:00,1744992000000,2025-04-18T16:00:00+00:00,-0.00012768,0.6159
2025-04-19 00:00:00+00:00,1745020800000,2025-04-19T00:00:00+00:00,0.0001,0.6274
2025-04-19 08:00:00+00:00,1745049600000,2025-04-19T08:00:00+00:00,0.0001,0.63040771
2025-04-19 16:00:00+00:00,1745078400000,2025-04-19T16:00:00+00:00,-1.977e-05,0.62214566
2025-04-20 00:00:00+00:00,1745107200000,2025-04-20T00:00:00+00:00,8.688e-05,0.6277
2025-04-20 08:00:00+00:00,1745136000000,2025-04-20T08:00:00+00:00,0.0001,0.62485382
2025-04-20 16:00:00+00:00,1745164800000,2025-04-20T16:00:00+00:00,-0.0001989,0.6113
2025-04-21 00:00:00+00:00,1745193600000,2025-04-21T00:00:00+00:00,9.1e-06,0.61990403
2025-04-21 08:00:00.005000+00:00,1745222400005,2025-04-21T08:00:00.005000+00:00,0.0001,0.6431
2025-04-21 16:00:00.003000+00:00,1745251200003,2025-04-21T16:00:00.003000+00:00,0.0001,0.6356
2025-04-22 00:00:00.008000+00:00,1745280000008,2025-04-22T00:00:00.008000+00:00,-0.0001653,0.6237
2025-04-22 08:00:00+00:00,1745308800000,2025-04-22T08:00:00+00:00,-3.138e-05,0.63266101
2025-04-22 16:00:00+00:00,1745337600000,2025-04-22T16:00:00+00:00,0.0001,0.65603616
2025-04-23 00:00:00+00:00,1745366400000,2025-04-23T00:00:00+00:00,0.0001,0.67937336
2025-04-23 08:00:00.002000+00:00,1745395200002,2025-04-23T08:00:00.002000+00:00,0.0001,0.70075669
2025-04-23 16:00:00+00:00,1745424000000,2025-04-23T16:00:00+00:00,0.0001,0.69822768
2025-04-24 00:00:00+00:00,1745452800000,2025-04-24T00:00:00+00:00,0.0001,0.6974
2025-04-24 08:00:00.001000+00:00,1745481600001,2025-04-24T08:00:00.001000+00:00,0.0001,0.6783
2025-04-24 16:00:00.001000+00:00,1745510400001,2025-04-24T16:00:00.001000+00:00,0.0001,0.7257
2025-04-25 00:00:00.007000+00:00,1745539200007,2025-04-25T00:00:00.007000+00:00,0.0001,0.7217085
2025-04-25 08:00:00.002000+00:00,1745568000002,2025-04-25T08:00:00.002000+00:00,-1.212e-05,0.72192116
2025-04-25 16:00:00.003000+00:00,1745596800003,2025-04-25T16:00:00.003000+00:00,-3.421e-05,0.7192
2025-04-26 00:00:00.002000+00:00,1745625600002,2025-04-26T00:00:00.002000+00:00,6.683e-05,0.71308631
2025-04-26 08:00:00+00:00,1745654400000,2025-04-26T08:00:00+00:00,0.0001,0.7257099
2025-04-26 16:00:00.002000+00:00,1745683200002,2025-04-26T16:00:00.002000+00:00,-4.972e-05,0.7094
2025-04-27 00:00:00.001000+00:00,1745712000001,2025-04-27T00:00:00.001000+00:00,-3.958e-05,0.7065
2025-04-27 08:00:00+00:00,1745740800000,2025-04-27T08:00:00+00:00,9.559e-05,0.69953279
2025-04-27 16:00:00+00:00,1745769600000,2025-04-27T16:00:00+00:00,1.865e-05,0.6957
2025-04-28 00:00:00.001000+00:00,1745798400001,2025-04-28T00:00:00.001000+00:00,0.0001,0.703
2025-04-28 08:00:00.003000+00:00,1745827200003,2025-04-28T08:00:00.003000+00:00,0.0001,0.725
2025-04-28 16:00:00.005000+00:00,1745856000005,2025-04-28T16:00:00.005000+00:00,3.314e-05,0.6897
2025-04-29 00:00:00+00:00,1745884800000,2025-04-29T00:00:00+00:00,4.56e-06,0.7052
2025-04-29 08:00:00+00:00,1745913600000,2025-04-29T08:00:00+00:00,0.0001,0.71167001
2025-04-29 16:00:00.010000+00:00,1745942400010,2025-04-29T16:00:00.010000+00:00,0.0001,0.70812401
2025-04-30 00:00:00.001000+00:00,1745971200001,2025-04-30T00:00:00.001000+00:00,-9.175e-05,0.69530333
2025-04-30 08:00:00+00:00,1746000000000,2025-04-30T08:00:00+00:00,-0.00010152,0.6943
2025-04-30 16:00:00.003000+00:00,1746028800003,2025-04-30T16:00:00.003000+00:00,-0.0001335,0.676
2025-05-01 00:00:00+00:00,1746057600000,2025-05-01T00:00:00+00:00,-1.999e-05,0.6812
2025-05-01 08:00:00+00:00,1746086400000,2025-05-01T08:00:00+00:00,-1.043e-05,0.6914
2025-05-01 16:00:00.001000+00:00,1746115200001,2025-05-01T16:00:00.001000+00:00,0.0001,0.70131109
2025-05-02 00:00:00+00:00,1746144000000,2025-05-02T00:00:00+00:00,0.0001,0.70474003
2025-05-02 08:00:00+00:00,1746172800000,2025-05-02T08:00:00+00:00,5.141e-05,0.7006
2025-05-02 16:00:00.003000+00:00,1746201600003,2025-05-02T16:00:00.003000+00:00,8.895e-05,0.70541617
2025-05-03 00:00:00+00:00,1746230400000,2025-05-03T00:00:00+00:00,-0.00013479,0.6979
2025-05-03 08:00:00+00:00,1746259200000,2025-05-03T08:00:00+00:00,8.264e-05,0.6988
2025-05-03 16:00:00+00:00,1746288000000,2025-05-03T16:00:00+00:00,0.0001,0.72133933
2025-05-04 00:00:00.001000+00:00,1746316800001,2025-05-04T00:00:00.001000+00:00,-2.987e-05,0.69908788
2025-05-04 08:00:00.001000+00:00,1746345600001,2025-05-04T08:00:00.001000+00:00,-9.596e-05,0.6982
2025-05-04 16:00:00.002000+00:00,1746374400002,2025-05-04T16:00:00.002000+00:00,-0.00023499,0.68982624
2025-05-05 00:00:00+00:00,1746403200000,2025-05-05T00:00:00+00:00,-0.00012825,0.6756
2025-05-05 08:00:00+00:00,1746432000000,2025-05-05T08:00:00+00:00,-3.318e-05,0.68547259
2025-05-05 16:00:00.006000+00:00,1746460800006,2025-05-05T16:00:00.006000+00:00,-0.00020368,0.65760162
2025-05-06 00:00:00.002000+00:00,1746489600002,2025-05-06T00:00:00.002000+00:00,-8.021e-05,0.661782
2025-05-06 08:00:00.005000+00:00,1746518400005,2025-05-06T08:00:00.005000+00:00,5.14e-06,0.6612
2025-05-06 16:00:00+00:00,1746547200000,2025-05-06T16:00:00+00:00,5.988e-05,0.6516
2025-05-07 00:00:00.002000+00:00,1746576000002,2025-05-07T00:00:00.002000+00:00,8.584e-05,0.6785
2025-05-07 08:00:00+00:00,1746604800000,2025-05-07T08:00:00+00:00,9.589e-05,0.6820054
2025-05-07 16:00:00.006000+00:00,1746633600006,2025-05-07T16:00:00.006000+00:00,-1.492e-05,0.6649
2025-05-08 00:00:00+00:00,1746662400000,2025-05-08T00:00:00+00:00,-2.269e-05,0.6713
2025-05-08 08:00:00.001000+00:00,1746691200001,2025-05-08T08:00:00.001000+00:00,0.0001,0.70760744
2025-05-08 16:00:00.002000+00:00,1746720000002,2025-05-08T16:00:00.002000+00:00,0.0001,0.7313
2025-05-09 00:00:00.001000+00:00,1746748800001,2025-05-09T00:00:00.001000+00:00,0.0001,0.76947931
2025-05-09 08:00:00.006000+00:00,1746777600006,2025-05-09T08:00:00.006000+00:00,0.0001,0.79416304
2025-05-09 16:00:00+00:00,1746806400000,2025-05-09T16:00:00+00:00,0.0001,0.7815
2025-05-10 00:00:00.001000+00:00,1746835200001,2025-05-10T00:00:00.001000+00:00,0.0001,0.77722948
2025-05-10 08:00:00+00:00,1746864000000,2025-05-10T08:00:00+00:00,0.0001,0.8002
2025-05-10 16:00:00.001000+00:00,1746892800001,2025-05-10T16:00:00.001000+00:00,0.0001,0.80122707
2025-05-11 00:00:00+00:00,1746921600000,2025-05-11T00:00:00+00:00,0.0001,0.8405
2025-05-11 08:00:00.001000+00:00,1746950400001,2025-05-11T08:00:00.001000+00:00,0.0001,0.79141877
2025-05-11 16:00:00.001000+00:00,1746979200001,2025-05-11T16:00:00.001000+00:00,4.437e-05,0.7898
2025-05-12 00:00:00.004000+00:00,1747008000004,2025-05-12T00:00:00.004000+00:00,0.0001,0.8049
2025-05-12 08:00:00+00:00,1747036800000,2025-05-12T08:00:00+00:00,0.0001,0.8245
2025-05-12 16:00:00+00:00,1747065600000,2025-05-12T16:00:00+00:00,0.0001,0.8218
2025-05-13 00:00:00+00:00,1747094400000,2025-05-13T00:00:00+00:00,7.42e-05,0.81672347
2025-05-13 08:00:00.008000+00:00,1747123200008,2025-05-13T08:00:00.008000+00:00,9.3e-07,0.7911
2025-05-13 16:00:00.001000+00:00,1747152000001,2025-05-13T16:00:00.001000+00:00,9.823e-05,0.8056
2025-05-14 00:00:00.007000+00:00,1747180800007,2025-05-14T00:00:00.007000+00:00,0.0001,0.82978962
2025-05-14 08:00:00+00:00,1747209600000,2025-05-14T08:00:00+00:00,0.0001,0.82411826
2025-05-14 16:00:00.002000+00:00,1747238400002,2025-05-14T16:00:00.002000+00:00,0.0001,0.80705428
2025-05-15 00:00:00+00:00,1747267200000,2025-05-15T00:00:00+00:00,3.983e-05,0.79814683
2025-05-15 08:00:00.003000+00:00,1747296000003,2025-05-15T08:00:00.003000+00:00,3.534e-05,0.76722262
2025-05-15 16:00:00+00:00,1747324800000,2025-05-15T16:00:00+00:00,-2.042e-05,0.77527537
2025-05-16 00:00:00.001000+00:00,1747353600001,2025-05-16T00:00:00.001000+00:00,7.633e-05,0.7621581
2025-05-16 08:00:00+00:00,1747382400000,2025-05-16T08:00:00+00:00,0.0001,0.778
2025-05-16 16:00:00+00:00,1747411200000,2025-05-16T16:00:00+00:00,5.676e-05,0.77863941
2025-05-17 00:00:00+00:00,1747440000000,2025-05-17T00:00:00+00:00,-6.48e-06,0.75840867
2025-05-17 08:00:00.001000+00:00,1747468800001,2025-05-17T08:00:00.001000+00:00,0.0001,0.7759
2025-05-17 16:00:00.004000+00:00,1747497600004,2025-05-17T16:00:00.004000+00:00,0.0001,0.7501
2025-05-18 00:00:00+00:00,1747526400000,2025-05-18T00:00:00+00:00,6.15e-06,0.7424
2025-05-18 08:00:00+00:00,1747555200000,2025-05-18T08:00:00+00:00,8.696e-05,0.7589
2025-05-18 16:00:00+00:00,1747584000000,2025-05-18T16:00:00+00:00,7.151e-05,0.7736
2025-05-19 00:00:00+00:00,1747612800000,2025-05-19T00:00:00+00:00,-0.00010663,0.7594
2025-05-19 08:00:00.006000+00:00,1747641600006,2025-05-19T08:00:00.006000+00:00,-0.00019349,0.72312606
2025-05-19 16:00:00.010000+00:00,1747670400010,2025-05-19T16:00:00.010000+00:00,1.584e-05,0.73583328
2025-05-20 00:00:00+00:00,1747699200000,2025-05-20T00:00:00+00:00,0.0001,0.7422956
2025-05-20 08:00:00.002000+00:00,1747728000002,2025-05-20T08:00:00.002000+00:00,0.0001,0.73277767
2025-05-20 16:00:00+00:00,1747756800000,2025-05-20T16:00:00+00:00,-5.7e-05,0.7317
2025-05-21 00:00:00+00:00,1747785600000,2025-05-21T00:00:00+00:00,0.0001,0.7459
2025-05-21 08:00:00.001000+00:00,1747814400001,2025-05-21T08:00:00.001000+00:00,0.0001,0.7526
2025-05-21 16:00:00.004000+00:00,1747843200004,2025-05-21T16:00:00.004000+00:00,8.611e-05,0.765
2025-05-22 00:00:00.001000+00:00,1747872000001,2025-05-22T00:00:00.001000+00:00,0.0001,0.7691
2025-05-22 08:00:00+00:00,1747900800000,2025-05-22T08:00:00+00:00,0.0001,0.7937462
2025-05-22 16:00:00.002000+00:00,1747929600002,2025-05-22T16:00:00.002000+00:00,0.0001,0.803
2025-05-23 00:00:00.006000+00:00,1747958400006,2025-05-23T00:00:00.006000+00:00,0.0001,0.8091
2025-05-23 08:00:00+00:00,1747987200000,2025-05-23T08:00:00+00:00,0.0001,0.8084
2025-05-23 16:00:00.007000+00:00,1748016000007,2025-05-23T16:00:00.007000+00:00,0.0001,0.7771
2025-05-24 00:00:00.010000+00:00,1748044800010,2025-05-24T00:00:00.010000+00:00,2.443e-05,0.74685189
2025-05-24 08:00:00+00:00,1748073600000,2025-05-24T08:00:00+00:00,-3.759e-05,0.757
2025-05-24 16:00:00.003000+00:00,1748102400003,2025-05-24T16:00:00.003000+00:00,-7.924e-05,0.758
2025-05-25 00:00:00.004000+00:00,1748131200004,2025-05-25T00:00:00.004000+00:00,-4.97e-05,0.7463
2025-05-25 08:00:00+00:00,1748160000000,2025-05-25T08:00:00+00:00,5.31e-06,0.73833985
2025-05-25 16:00:00+00:00,1748188800000,2025-05-25T16:00:00+00:00,1.562e-05,0.7398
2025-05-26 00:00:00+00:00,1748217600000,2025-05-26T00:00:00+00:00,1.811e-05,0.7594
2025-05-26 08:00:00+00:00,1748246400000,2025-05-26T08:00:00+00:00,1.67e-06,0.77501557
2025-05-26 16:00:00.002000+00:00,1748275200002,2025-05-26T16:00:00.002000+00:00,0.0001,0.7683
2025-05-27 00:00:00.003000+00:00,1748304000003,2025-05-27T00:00:00.003000+00:00,4.49e-05,0.75994478
2025-05-27 08:00:00.001000+00:00,1748332800001,2025-05-27T08:00:00.001000+00:00,9.283e-05,0.76441658
2025-05-27 16:00:00.005000+00:00,1748361600005,2025-05-27T16:00:00.005000+00:00,0.0001,0.76731257
2025-05-28 00:00:00.002000+00:00,1748390400002,2025-05-28T00:00:00.002000+00:00,0.0001,0.758
2025-05-28 08:00:00.003000+00:00,1748419200003,2025-05-28T08:00:00.003000+00:00,-0.00014042,0.7502
2025-05-28 16:00:00.002000+00:00,1748448000002,2025-05-28T16:00:00.002000+00:00,0.0001,0.7412
2025-05-29 00:00:00+00:00,1748476800000,2025-05-29T00:00:00+00:00,7.253e-05,0.7473
2025-05-29 08:00:00.006000+00:00,1748505600006,2025-05-29T08:00:00.006000+00:00,8.574e-05,0.75020684
2025-05-29 16:00:00+00:00,1748534400000,2025-05-29T16:00:00+00:00,3.768e-05,0.7372
2025-05-30 00:00:00.003000+00:00,1748563200003,2025-05-30T00:00:00.003000+00:00,-0.00017634,0.7217
2025-05-30 08:00:00.003000+00:00,1748592000003,2025-05-30T08:00:00.003000+00:00,-0.00012609,0.6994
2025-05-30 16:00:00+00:00,1748620800000,2025-05-30T16:00:00+00:00,2.207e-05,0.70152258
2025-05-31 00:00:00+00:00,1748649600000,2025-05-31T00:00:00+00:00,-1.1e-06,0.6885
2025-05-31 08:00:00+00:00,1748678400000,2025-05-31T08:00:00+00:00,-6.246e-05,0.66524152
2025-05-31 16:00:00+00:00,1748707200000,2025-05-31T16:00:00+00:00,-5.957e-05,0.6796
2025-06-01 00:00:00.001000+00:00,1748736000001,2025-06-01T00:00:00.001000+00:00,0.0001,0.6856
2025-06-01 08:00:00.002000+00:00,1748764800002,2025-06-01T08:00:00.002000+00:00,-3.324e-05,0.67278203
2025-06-01 16:00:00+00:00,1748793600000,2025-06-01T16:00:00+00:00,-0.00010894,0.6746
2025-06-02 00:00:00.001000+00:00,1748822400001,2025-06-02T00:00:00.001000+00:00,0.0001,0.68521954
2025-06-02 08:00:00+00:00,1748851200000,2025-06-02T08:00:00+00:00,0.0001,0.67862354
2025-06-02 16:00:00+00:00,1748880000000,2025-06-02T16:00:00+00:00,7.4e-07,0.6739
2025-06-03 00:00:00+00:00,1748908800000,2025-06-03T00:00:00+00:00,0.0001,0.6895
2025-06-03 08:00:00+00:00,1748937600000,2025-06-03T08:00:00+00:00,0.0001,0.6928
2025-06-03 16:00:00.001000+00:00,1748966400001,2025-06-03T16:00:00.001000+00:00,-2.08e-05,0.69291775
2025-06-04 00:00:00+00:00,1748995200000,2025-06-04T00:00:00+00:00,-2.841e-05,0.6835
2025-06-04 08:00:00+00:00,1749024000000,2025-06-04T08:00:00+00:00,0.0001,0.6957688
2025-06-04 16:00:00+00:00,1749052800000,2025-06-04T16:00:00+00:00,-7.38e-06,0.68790939
2025-06-05 00:00:00.016000+00:00,1749081600016,2025-06-05T00:00:00.016000+00:00,-0.0001022,0.6652
2025-06-05 08:00:00+00:00,1749110400000,2025-06-05T08:00:00+00:00,7.032e-05,0.6763
2025-06-05 16:00:00+00:00,1749139200000,2025-06-05T16:00:00+00:00,0.0001,0.6739
2025-06-06 00:00:00.002000+00:00,1749168000002,2025-06-06T00:00:00.002000+00:00,-0.00020547,0.62504097
2025-06-06 08:00:00+00:00,1749196800000,2025-06-06T08:00:00+00:00,-0.00022509,0.63883429
2025-06-06 16:00:00.006000+00:00,1749225600006,2025-06-06T16:00:00.006000+00:00,0.0001,0.66640313
2025-06-07 00:00:00+00:00,1749254400000,2025-06-07T00:00:00+00:00,0.0001,0.6551
2025-06-07 08:00:00+00:00,1749283200000,2025-06-07T08:00:00+00:00,-4.94e-06,0.66845827
2025-06-07 16:00:00.002000+00:00,1749312000002,2025-06-07T16:00:00.002000+00:00,0.0001,0.666
2025-06-08 00:00:00+00:00,1749340800000,2025-06-08T00:00:00+00:00,0.0001,0.66415907
2025-06-08 08:00:00+00:00,1749369600000,2025-06-08T08:00:00+00:00,8.9e-05,0.66201268
2025-06-08 16:00:00+00:00,1749398400000,2025-06-08T16:00:00+00:00,3.562e-05,0.6697
2025-06-09 00:00:00+00:00,1749427200000,2025-06-09T00:00:00+00:00,0.0001,0.67007485
2025-06-09 08:00:00.001000+00:00,1749456000001,2025-06-09T08:00:00.001000+00:00,-2.474e-05,0.6623
2025-06-09 16:00:00.001000+00:00,1749484800001,2025-06-09T16:00:00.001000+00:00,0.0001,0.6734
2025-06-10 00:00:00+00:00,1749513600000,2025-06-10T00:00:00+00:00,0.0001,0.7047
2025-06-10 08:00:00.001000+00:00,1749542400001,2025-06-10T08:00:00.001000+00:00,0.0001,0.6961
2025-06-10 16:00:00.003000+00:00,1749571200003,2025-06-10T16:00:00.003000+00:00,5.223e-05,0.6954
2025-06-11 00:00:00+00:00,1749600000000,2025-06-11T00:00:00+00:00,0.0001,0.7166
2025-06-11 08:00:00+00:00,1749628800000,2025-06-11T08:00:00+00:00,0.0001,0.72337909
2025-06-11 16:00:00.010000+00:00,1749657600010,2025-06-11T16:00:00.010000+00:00,0.0001,0.72548619
2025-06-12 00:00:00.002000+00:00,1749686400002,2025-06-12T00:00:00.002000+00:00,0.0001,0.69764182
2025-06-12 08:00:00.003000+00:00,1749715200003,2025-06-12T08:00:00.003000+00:00,8.251e-05,0.68678999
2025-06-12 16:00:00.001000+00:00,1749744000001,2025-06-12T16:00:00.001000+00:00,-5.392e-05,0.677
2025-06-13 00:00:00+00:00,1749772800000,2025-06-13T00:00:00+00:00,-5.741e-05,0.6609
2025-06-13 08:00:00.001000+00:00,1749801600001,2025-06-13T08:00:00.001000+00:00,-0.0002986,0.635
2025-06-13 16:00:00.004000+00:00,1749830400004,2025-06-13T16:00:00.004000+00:00,-1.096e-05,0.6381
2025-06-14 00:00:00+00:00,1749859200000,2025-06-14T00:00:00+00:00,9.362e-05,0.6418
2025-06-14 08:00:00+00:00,1749888000000,2025-06-14T08:00:00+00:00,-3.72e-06,0.63614433
2025-06-14 16:00:00+00:00,1749916800000,2025-06-14T16:00:00+00:00,1.78e-05,0.62817627
2025-06-15 00:00:00.005000+00:00,1749945600005,2025-06-15T00:00:00.005000+00:00,-9.117e-05,0.6242
2025-06-15 08:00:00.009000+00:00,1749974400009,2025-06-15T08:00:00.009000+00:00,-2.795e-05,0.6275
2025-06-15 16:00:00+00:00,1750003200000,2025-06-15T16:00:00+00:00,3.582e-05,0.6301
2025-06-16 00:00:00+00:00,1750032000000,2025-06-16T00:00:00+00:00,1.583e-05,0.6331
2025-06-16 08:00:00+00:00,1750060800000,2025-06-16T08:00:00+00:00,6.22e-05,0.6487
2025-06-16 16:00:00.003000+00:00,1750089600003,2025-06-16T16:00:00.003000+00:00,0.0001,0.6488
2025-06-17 00:00:00+00:00,1750118400000,2025-06-17T00:00:00+00:00,0.0001,0.63001077
2025-06-17 08:00:00.006000+00:00,1750147200006,2025-06-17T08:00:00.006000+00:00,0.0001,0.63225655
2025-06-17 16:00:00.001000+00:00,1750176000001,2025-06-17T16:00:00.001000+00:00,-8.314e-05,0.6114
2025-06-18 00:00:00.001000+00:00,1750204800001,2025-06-18T00:00:00.001000+00:00,0.0001,0.6087
2025-06-18 08:00:00.001000+00:00,1750233600001,2025-06-18T08:00:00.001000+00:00,6.698e-05,0.6152
2025-06-18 16:00:00.001000+00:00,1750262400001,2025-06-18T16:00:00.001000+00:00,6.216e-05,0.5945
2025-06-19 00:00:00.005000+00:00,1750291200005,2025-06-19T00:00:00.005000+00:00,0.0001,0.60380377
2025-06-19 08:00:00.003000+00:00,1750320000003,2025-06-19T08:00:00.003000+00:00,0.0001,0.5982
2025-06-19 16:00:00+00:00,1750348800000,2025-06-19T16:00:00+00:00,7.548e-05,0.5907
2025-06-20 00:00:00+00:00,1750377600000,2025-06-20T00:00:00+00:00,0.0001,0.60176362
2025-06-20 08:00:00.002000+00:00,1750406400002,2025-06-20T08:00:00.002000+00:00,7.37e-05,0.6025
2025-06-20 16:00:00.001000+00:00,1750435200001,2025-06-20T16:00:00.001000+00:00,1.696e-05,0.5828193
2025-06-21 00:00:00.002000+00:00,1750464000002,2025-06-21T00:00:00.002000+00:00,5.95e-05,0.5771
2025-06-21 08:00:00.005000+00:00,1750492800005,2025-06-21T08:00:00.005000+00:00,0.0001,0.5822
2025-06-21 16:00:00+00:00,1750521600000,2025-06-21T16:00:00+00:00,0.0001,0.57535294
2025-06-22 00:00:00.005000+00:00,1750550400005,2025-06-22T00:00:00.005000+00:00,4.896e-05,0.55594986
2025-06-22 08:00:00+00:00,1750579200000,2025-06-22T08:00:00+00:00,7.729e-05,0.5485
2025-06-22 16:00:00.003000+00:00,1750608000003,2025-06-22T16:00:00.003000+00:00,9.088e-05,0.5229755
2025-06-23 00:00:00+00:00,1750636800000,2025-06-23T00:00:00+00:00,-5.763e-05,0.5415
2025-06-23 08:00:00.004000+00:00,1750665600004,2025-06-23T08:00:00.004000+00:00,2.615e-05,0.54822371
2025-06-23 16:00:00.013000+00:00,1750694400013,2025-06-23T16:00:00.013000+00:00,2.3e-05,0.5421
2025-06-24 00:00:00.003000+00:00,1750723200003,2025-06-24T00:00:00.003000+00:00,2.47e-05,0.58180201
2025-06-24 08:00:00+00:00,1750752000000,2025-06-24T08:00:00+00:00,4.229e-05,0.58179696
2025-06-24 16:00:00+00:00,1750780800000,2025-06-24T16:00:00+00:00,-4.82e-05,0.5833
2025-06-25 00:00:00.005000+00:00,1750809600005,2025-06-25T00:00:00.005000+00:00,7.77e-06,0.5872
2025-06-25 08:00:00+00:00,1750838400000,2025-06-25T08:00:00+00:00,5.52e-06,0.58474718
2025-06-25 16:00:00.005000+00:00,1750867200005,2025-06-25T16:00:00.005000+00:00,1.878e-05,0.5671
2025-06-26 00:00:00+00:00,1750896000000,2025-06-26T00:00:00+00:00,-1.518e-05,0.56671377
2025-06-26 08:00:00.006000+00:00,1750924800006,2025-06-26T08:00:00.006000+00:00,2.973e-05,0.572
2025-06-26 16:00:00.007000+00:00,1750953600007,2025-06-26T16:00:00.007000+00:00,4.775e-05,0.5543
2025-06-27 00:00:00+00:00,1750982400000,2025-06-27T00:00:00+00:00,-3.965e-05,0.5541
2025-06-27 08:00:00+00:00,1751011200000,2025-06-27T08:00:00+00:00,3.302e-05,0.5535005
2025-06-27 16:00:00.009000+00:00,1751040000009,2025-06-27T16:00:00.009000+00:00,-9.618e-05,0.5552333
2025-06-28 00:00:00.001000+00:00,1751068800001,2025-06-28T00:00:00.001000+00:00,0.0001,0.5584
2025-06-28 08:00:00.002000+00:00,1751097600002,2025-06-28T08:00:00.002000+00:00,4.293e-05,0.5622
2025-06-28 16:00:00+00:00,1751126400000,2025-06-28T16:00:00+00:00,2.012e-05,0.564
2025-06-29 00:00:00.004000+00:00,1751155200004,2025-06-29T00:00:00.004000+00:00,1.566e-05,0.5652
2025-06-29 08:00:00.001000+00:00,1751184000001,2025-06-29T08:00:00.001000+00:00,3.545e-05,0.5609
2025-06-29 16:00:00.001000+00:00,1751212800001,2025-06-29T16:00:00.001000+00:00,5.044e-05,0.55577484
2025-06-30 00:00:00+00:00,1751241600000,2025-06-30T00:00:00+00:00,0.0001,0.57706675
2025-06-30 08:00:00.005000+00:00,1751270400005,2025-06-30T08:00:00.005000+00:00,-5.164e-05,0.56611921
2025-06-30 16:00:00.002000+00:00,1751299200002,2025-06-30T16:00:00.002000+00:00,-2.251e-05,0.56701114
2025-07-01 00:00:00.007000+00:00,1751328000007,2025-07-01T00:00:00.007000+00:00,0.0001,0.57194867
2025-07-01 08:00:00.002000+00:00,1751356800002,2025-07-01T08:00:00.002000+00:00,-5.567e-05,0.56674425
2025-07-01 16:00:00+00:00,1751385600000,2025-07-01T16:00:00+00:00,-0.00016549,0.54646181
2025-07-02 00:00:00.001000+00:00,1751414400001,2025-07-02T00:00:00.001000+00:00,-0.00020049,0.54154977
2025-07-02 08:00:00+00:00,1751443200000,2025-07-02T08:00:00+00:00,1.355e-05,0.5563
2025-07-02 16:00:00.003000+00:00,1751472000003,2025-07-02T16:00:00.003000+00:00,0.0001,0.57751436
2025-07-03 00:00:00.006000+00:00,1751500800006,2025-07-03T00:00:00.006000+00:00,0.0001,0.58388698
2025-07-03 08:00:00.003000+00:00,1751529600003,2025-07-03T08:00:00.003000+00:00,0.0001,0.608029
2025-07-03 16:00:00.003000+00:00,1751558400003,2025-07-03T16:00:00.003000+00:00,0.0001,0.5875
2025-07-04 00:00:00.005000+00:00,1751587200005,2025-07-04T00:00:00.005000+00:00,5.43e-05,0.599
2025-07-04 08:00:00.003000+00:00,1751616000003,2025-07-04T08:00:00.003000+00:00,0.0001,0.5796
2025-07-04 16:00:00.001000+00:00,1751644800001,2025-07-04T16:00:00.001000+00:00,-5.2e-06,0.57080559
2025-07-05 00:00:00.004000+00:00,1751673600004,2025-07-05T00:00:00.004000+00:00,-6.791e-05,0.57205747
2025-07-05 08:00:00.009000+00:00,1751702400009,2025-07-05T08:00:00.009000+00:00,-2.6e-06,0.5788
2025-07-05 16:00:00.006000+00:00,1751731200006,2025-07-05T16:00:00.006000+00:00,4.171e-05,0.5755
2025-07-06 00:00:00.001000+00:00,1751760000001,2025-07-06T00:00:00.001000+00:00,3.638e-05,0.5752
2025-07-06 08:00:00.002000+00:00,1751788800002,2025-07-06T08:00:00.002000+00:00,2.44e-06,0.57333803
2025-07-06 16:00:00.004000+00:00,1751817600004,2025-07-06T16:00:00.004000+00:00,0.0001,0.58523383
2025-07-07 00:00:00+00:00,1751846400000,2025-07-07T00:00:00+00:00,0.0001,0.58548396
2025-07-07 08:00:00.007000+00:00,1751875200007,2025-07-07T08:00:00.007000+00:00,0.0001,0.58980561
2025-07-07 16:00:00+00:00,1751904000000,2025-07-07T16:00:00+00:00,0.0001,0.5833
2025-07-08 00:00:00.010000+00:00,1751932800010,2025-07-08T00:00:00.010000+00:00,9.967e-05,0.58014401
2025-07-08 08:00:00.003000+00:00,1751961600003,2025-07-08T08:00:00.003000+00:00,2.744e-05,0.57806807
2025-07-08 16:00:00+00:00,1751990400000,2025-07-08T16:00:00+00:00,0.0001,0.58070596
2025-07-09 00:00:00.002000+00:00,1752019200002,2025-07-09T00:00:00.002000+00:00,0.0001,0.58810753
2025-07-09 08:00:00.006000+00:00,1752048000006,2025-07-09T08:00:00.006000+00:00,0.0001,0.5959
2025-07-09 16:00:00.001000+00:00,1752076800001,2025-07-09T16:00:00.001000+00:00,0.0001,0.61056286
2025-07-10 00:00:00.003000+00:00,1752105600003,2025-07-10T00:00:00.003000+00:00,0.0001,0.62234684
2025-07-10 08:00:00+00:00,1752134400000,2025-07-10T08:00:00+00:00,0.0001,0.6277
2025-07-10 16:00:00.004000+00:00,1752163200004,2025-07-10T16:00:00.004000+00:00,0.0001,0.6287
2025-07-11 00:00:00.004000+00:00,1752192000004,2025-07-11T00:00:00.004000+00:00,0.0001,0.67742686
2025-07-11 08:00:00.007000+00:00,1752220800007,2025-07-11T08:00:00.007000+00:00,0.0001,0.69894838
2025-07-11 16:00:00.001000+00:00,1752249600001,2025-07-11T16:00:00.001000+00:00,0.0001,0.7374
2025-07-12 00:00:00+00:00,1752278400000,2025-07-12T00:00:00+00:00,0.0001,0.70933011
2025-07-12 08:00:00.001000+00:00,1752307200001,2025-07-12T08:00:00.001000+00:00,0.0001,0.7149
2025-07-12 16:00:00.002000+00:00,1752336000002,2025-07-12T16:00:00.002000+00:00,0.0001,0.6933
2025-07-13 00:00:00.006000+00:00,1752364800006,2025-07-13T00:00:00.006000+00:00,0.0001,0.7087
2025-07-13 08:00:00.001000+00:00,1752393600001,2025-07-13T08:00:00.001000+00:00,8.892e-05,0.7400007
2025-07-13 16:00:00.003000+00:00,1752422400003,2025-07-13T16:00:00.003000+00:00,0.0001,0.7415
2025-07-14 00:00:00+00:00,1752451200000,2025-07-14T00:00:00+00:00,0.0001,0.7365
2025-07-14 08:00:00+00:00,1752480000000,2025-07-14T08:00:00+00:00,0.0001,0.7619
2025-07-14 16:00:00+00:00,1752508800000,2025-07-14T16:00:00+00:00,0.0001,0.7342
2025-07-15 00:00:00.002000+00:00,1752537600002,2025-07-15T00:00:00.002000+00:00,0.0001,0.73496023
2025-07-15 08:00:00+00:00,1752566400000,2025-07-15T08:00:00+00:00,0.0001,0.7196
2025-07-15 16:00:00+00:00,1752595200000,2025-07-15T16:00:00+00:00,0.0001,0.7242
2025-07-16 00:00:00+00:00,1752624000000,2025-07-16T00:00:00+00:00,0.0001,0.7467543
2025-07-16 08:00:00+00:00,1752652800000,2025-07-16T08:00:00+00:00,0.0001,0.7466
2025-07-16 16:00:00.008000+00:00,1752681600008,2025-07-16T16:00:00.008000+00:00,0.0001,0.75040347
2025-07-17 00:00:00.003000+00:00,1752710400003,2025-07-17T00:00:00.003000+00:00,0.0001,0.76447723
2025-07-17 08:00:00+00:00,1752739200000,2025-07-17T08:00:00+00:00,0.0001,0.77311706
2025-07-17 16:00:00+00:00,1752768000000,2025-07-17T16:00:00+00:00,0.0001,0.80269645
2025-07-18 00:00:00.004000+00:00,1752796800004,2025-07-18T00:00:00.004000+00:00,0.0001,0.82159762
2025-07-18 08:00:00+00:00,1752825600000,2025-07-18T08:00:00+00:00,0.0001,0.85430023
2025-07-18 16:00:00+00:00,1752854400000,2025-07-18T16:00:00+00:00,0.0001,0.8225964
2025-07-19 00:00:00.009000+00:00,1752883200009,2025-07-19T00:00:00.009000+00:00,0.0001,0.8158
2025-07-19 08:00:00+00:00,1752912000000,2025-07-19T08:00:00+00:00,0.0001,0.8252
2025-07-19 16:00:00.002000+00:00,1752940800002,2025-07-19T16:00:00.002000+00:00,0.0001,0.82173123
2025-07-20 00:00:00+00:00,1752969600000,2025-07-20T00:00:00+00:00,0.0001,0.8296
2025-07-20 08:00:00+00:00,1752998400000,2025-07-20T08:00:00+00:00,0.0001,0.84483364
2025-07-20 16:00:00+00:00,1753027200000,2025-07-20T16:00:00+00:00,0.0001,0.87077473
2025-07-21 00:00:00.001000+00:00,1753056000001,2025-07-21T00:00:00.001000+00:00,0.0001,0.85809886
2025-07-21 08:00:00+00:00,1753084800000,2025-07-21T08:00:00+00:00,0.0001,0.8941
2025-07-21 16:00:00.001000+00:00,1753113600001,2025-07-21T16:00:00.001000+00:00,0.0001,0.91225989
2025-07-22 00:00:00+00:00,1753142400000,2025-07-22T00:00:00+00:00,0.0001,0.8891
2025-07-22 08:00:00.010000+00:00,1753171200010,2025-07-22T08:00:00.010000+00:00,0.0001,0.87138529
2025-07-22 16:00:00.007000+00:00,1753200000007,2025-07-22T16:00:00.007000+00:00,0.0001,0.8809
2025-07-23 00:00:00+00:00,1753228800000,2025-07-23T00:00:00+00:00,0.0001,0.90375712
2025-07-23 08:00:00.004000+00:00,1753257600004,2025-07-23T08:00:00.004000+00:00,0.0001,0.8679682
2025-07-23 16:00:00.002000+00:00,1753286400002,2025-07-23T16:00:00.002000+00:00,0.0001,0.83414485
2025-07-24 00:00:00+00:00,1753315200000,2025-07-24T00:00:00+00:00,0.0001,0.8156
2025-07-24 08:00:00.001000+00:00,1753344000001,2025-07-24T08:00:00.001000+00:00,0.0001,0.78886142
2025-07-24 16:00:00+00:00,1753372800000,2025-07-24T16:00:00+00:00,0.0001,0.823
2025-07-25 00:00:00+00:00,1753401600000,2025-07-25T00:00:00+00:00,0.0001,0.8056
2025-07-25 08:00:00+00:00,1753430400000,2025-07-25T08:00:00+00:00,0.0001,0.79498885
2025-07-25 16:00:00+00:00,1753459200000,2025-07-25T16:00:00+00:00,0.0001,0.78375313
2025-07-26 00:00:00.001000+00:00,1753488000001,2025-07-26T00:00:00.001000+00:00,0.0001,0.81572745
2025-07-26 08:00:00.005000+00:00,1753516800005,2025-07-26T08:00:00.005000+00:00,0.0001,0.8185
2025-07-26 16:00:00.001000+00:00,1753545600001,2025-07-26T16:00:00.001000+00:00,0.0001,0.8326
2025-07-27 00:00:00.001000+00:00,1753574400001,2025-07-27T00:00:00.001000+00:00,0.0001,0.81961692
2025-07-27 08:00:00+00:00,1753603200000,2025-07-27T08:00:00+00:00,0.0001,0.82352663
2025-07-27 16:00:00.008000+00:00,1753632000008,2025-07-27T16:00:00.008000+00:00,0.0001,0.82163796
2025-07-28 00:00:00.005000+00:00,1753660800005,2025-07-28T00:00:00.005000+00:00,0.0001,0.83165746
2025-07-28 08:00:00+00:00,1753689600000,2025-07-28T08:00:00+00:00,0.0001,0.8383405
2025-07-28 16:00:00+00:00,1753718400000,2025-07-28T16:00:00+00:00,0.0001,0.8055
2025-07-29 00:00:00.001000+00:00,1753747200001,2025-07-29T00:00:00.001000+00:00,0.0001,0.7928
2025-07-29 08:00:00+00:00,1753776000000,2025-07-29T08:00:00+00:00,2.931e-05,0.80784311
2025-07-29 16:00:00+00:00,1753804800000,2025-07-29T16:00:00+00:00,8.864e-05,0.78099822
2025-07-30 00:00:00.011000+00:00,1753833600011,2025-07-30T00:00:00.011000+00:00,4.883e-05,0.7824
2025-07-30 08:00:00+00:00,1753862400000,2025-07-30T08:00:00+00:00,4.64e-05,0.7786
2025-07-30 16:00:00.008000+00:00,1753891200008,2025-07-30T16:00:00.008000+00:00,6.43e-05,0.7731
2025-07-31 00:00:00+00:00,1753920000000,2025-07-31T00:00:00+00:00,0.0001,0.7629
2025-07-31 08:00:00.009000+00:00,1753948800009,2025-07-31T08:00:00.009000+00:00,0.0001,0.7817
2025-07-31 16:00:00+00:00,1753977600000,2025-07-31T16:00:00+00:00,6.453e-05,0.7614376
2025-08-01 00:00:00.001000+00:00,1754006400001,2025-08-01T00:00:00.001000+00:00,8.59e-06,0.73867448
2025-08-01 08:00:00.003000+00:00,1754035200003,2025-08-01T08:00:00.003000+00:00,8.969e-05,0.72440147
2025-08-01 16:00:00+00:00,1754064000000,2025-08-01T16:00:00+00:00,8.208e-05,0.73282802
2025-08-02 00:00:00.004000+00:00,1754092800004,2025-08-02T00:00:00.004000+00:00,0.0001,0.7139
2025-08-02 08:00:00+00:00,1754121600000,2025-08-02T08:00:00+00:00,4.815e-05,0.7224339
2025-08-02 16:00:00+00:00,1754150400000,2025-08-02T16:00:00+00:00,4.137e-05,0.6987
2025-08-03 00:00:00+00:00,1754179200000,2025-08-03T00:00:00+00:00,6.397e-05,0.69700017
2025-08-03 08:00:00+00:00,1754208000000,2025-08-03T08:00:00+00:00,3.076e-05,0.7215
2025-08-03 16:00:00.003000+00:00,1754236800003,2025-08-03T16:00:00.003000+00:00,0.0001,0.72561035
2025-08-04 00:00:00.004000+00:00,1754265600004,2025-08-04T00:00:00.004000+00:00,0.0001,0.7267
2025-08-04 08:00:00+00:00,1754294400000,2025-08-04T08:00:00+00:00,3.07e-05,0.74103541
2025-08-04 16:00:00.002000+00:00,1754323200002,2025-08-04T16:00:00.002000+00:00,4.919e-05,0.7444
2025-08-05 00:00:00+00:00,1754352000000,2025-08-05T00:00:00+00:00,9.98e-05,0.75451257
2025-08-05 08:00:00+00:00,1754380800000,2025-08-05T08:00:00+00:00,0.0001,0.73512585
2025-08-05 16:00:00+00:00,1754409600000,2025-08-05T16:00:00+00:00,6.132e-05,0.72283145
2025-08-06 00:00:00.005000+00:00,1754438400005,2025-08-06T00:00:00.005000+00:00,6.815e-05,0.7254
2025-08-06 08:00:00+00:00,1754467200000,2025-08-06T08:00:00+00:00,8.894e-05,0.7267
2025-08-06 16:00:00+00:00,1754496000000,2025-08-06T16:00:00+00:00,3.266e-05,0.7415851
2025-08-07 00:00:00.003000+00:00,1754524800003,2025-08-07T00:00:00.003000+00:00,0.0001,0.74096365
2025-08-07 08:00:00.002000+00:00,1754553600002,2025-08-07T08:00:00.002000+00:00,0.0001,0.7411
2025-08-07 16:00:00.002000+00:00,1754582400002,2025-08-07T16:00:00.002000+00:00,0.0001,0.7626
2025-08-08 00:00:00.002000+00:00,1754611200002,2025-08-08T00:00:00.002000+00:00,0.0001,0.7871054
2025-08-08 08:00:00.004000+00:00,1754640000004,2025-08-08T08:00:00.004000+00:00,0.0001,0.79902224
2025-08-08 16:00:00+00:00,1754668800000,2025-08-08T16:00:00+00:00,0.0001,0.78150044
2025-08-09 00:00:00.005000+00:00,1754697600005,2025-08-09T00:00:00.005000+00:00,0.0001,0.79098783
2025-08-09 08:00:00+00:00,1754726400000,2025-08-09T08:00:00+00:00,0.0001,0.8067
2025-08-09 16:00:00.007000+00:00,1754755200007,2025-08-09T16:00:00.007000+00:00,8.394e-05,0.80470136
2025-08-10 00:00:00.003000+00:00,1754784000003,2025-08-10T00:00:00.003000+00:00,0.0001,0.80250417
2025-08-10 08:00:00.005000+00:00,1754812800005,2025-08-10T08:00:00.005000+00:00,7.679e-05,0.7941
2025-08-10 16:00:00.002000+00:00,1754841600002,2025-08-10T16:00:00.002000+00:00,4.96e-05,0.8007188
2025-08-11 00:00:00+00:00,1754870400000,2025-08-11T00:00:00+00:00,0.0001,0.80110186
2025-08-11 08:00:00+00:00,1754899200000,2025-08-11T08:00:00+00:00,0.0001,0.80902897
2025-08-11 16:00:00+00:00,1754928000000,2025-08-11T16:00:00+00:00,-1.252e-05,0.7958
2025-08-12 00:00:00+00:00,1754956800000,2025-08-12T00:00:00+00:00,-5.55e-05,0.7723
2025-08-12 08:00:00.001000+00:00,1754985600001,2025-08-12T08:00:00.001000+00:00,9.014e-05,0.7819
2025-08-12 16:00:00.005000+00:00,1755014400005,2025-08-12T16:00:00.005000+00:00,5.161e-05,0.814
2025-08-13 00:00:00+00:00,1755043200000,2025-08-13T00:00:00+00:00,0.0001,0.8411
2025-08-13 08:00:00.002000+00:00,1755072000002,2025-08-13T08:00:00.002000+00:00,0.0001,0.85895885
2025-08-13 16:00:00.006000+00:00,1755100800006,2025-08-13T16:00:00.006000+00:00,0.0001,0.87253732
2025-08-14 00:00:00.002000+00:00,1755129600002,2025-08-14T00:00:00.002000+00:00,0.0001,0.90447575
2025-08-14 08:00:00.003000+00:00,1755158400003,2025-08-14T08:00:00.003000+00:00,0.00010205,0.9981
2025-08-14 16:00:00+00:00,1755187200000,2025-08-14T16:00:00+00:00,0.0001,0.92510592
2025-08-15 00:00:00+00:00,1755216000000,2025-08-15T00:00:00+00:00,0.0001,0.9251
2025-08-15 08:00:00+00:00,1755244800000,2025-08-15T08:00:00+00:00,0.0001,0.95081141
2025-08-15 16:00:00+00:00,1755273600000,2025-08-15T16:00:00+00:00,0.0001,0.924
2025-08-16 00:00:00.004000+00:00,1755302400004,2025-08-16T00:00:00.004000+00:00,0.0001,0.94474291
2025-08-16 08:00:00+00:00,1755331200000,2025-08-16T08:00:00+00:00,6.395e-05,0.9628
2025-08-16 16:00:00.002000+00:00,1755360000002,2025-08-16T16:00:00.002000+00:00,-7.391e-05,0.90950398
2025-08-17 00:00:00+00:00,1755388800000,2025-08-17T00:00:00+00:00,3.097e-05,0.9205
2025-08-17 08:00:00.001000+00:00,1755417600001,2025-08-17T08:00:00.001000+00:00,0.0001,0.95888497
2025-08-17 16:00:00.007000+00:00,1755446400007,2025-08-17T16:00:00.007000+00:00,0.0001,0.97502932
2025-08-18 00:00:00+00:00,1755475200000,2025-08-18T00:00:00+00:00,0.0001,0.96063767
2025-08-18 08:00:00.001000+00:00,1755504000001,2025-08-18T08:00:00.001000+00:00,3.409e-05,0.9163
2025-08-18 16:00:00.002000+00:00,1755532800002,2025-08-18T16:00:00.002000+00:00,-3.441e-05,0.91708841
2025-08-19 00:00:00+00:00,1755561600000,2025-08-19T00:00:00+00:00,0.0001,0.92308081
2025-08-19 08:00:00.001000+00:00,1755590400001,2025-08-19T08:00:00.001000+00:00,0.0001,0.9284281
2025-08-19 16:00:00+00:00,1755619200000,2025-08-19T16:00:00+00:00,6.683e-05,0.8705
2025-08-20 00:00:00+00:00,1755648000000,2025-08-20T00:00:00+00:00,-5.217e-05,0.846
2025-08-20 08:00:00+00:00,1755676800000,2025-08-20T08:00:00+00:00,-0.00020156,0.8473
2025-08-20 16:00:00+00:00,1755705600000,2025-08-20T16:00:00+00:00,5.179e-05,0.87089867
2025-08-21 00:00:00.006000+00:00,1755734400006,2025-08-21T00:00:00.006000+00:00,0.0001,0.8805
2025-08-21 08:00:00+00:00,1755763200000,2025-08-21T08:00:00+00:00,0.0001,0.8752
2025-08-21 16:00:00.003000+00:00,1755792000003,2025-08-21T16:00:00.003000+00:00,0.0001,0.8586
2025-08-22 00:00:00.010000+00:00,1755820800010,2025-08-22T00:00:00.010000+00:00,0.0001,0.85131361
2025-08-22 08:00:00.007000+00:00,1755849600007,2025-08-22T08:00:00.007000+00:00,4.249e-05,0.85648892
2025-08-22 16:00:00.001000+00:00,1755878400001,2025-08-22T16:00:00.001000+00:00,5.341e-05,0.90448562
2025-08-23 00:00:00.004000+00:00,1755907200004,2025-08-23T00:00:00.004000+00:00,0.0001,0.9314
2025-08-23 08:00:00.006000+00:00,1755936000006,2025-08-23T08:00:00.006000+00:00,0.0001,0.92592564
2025-08-23 16:00:00+00:00,1755964800000,2025-08-23T16:00:00+00:00,0.0001,0.91491742
2025-08-24 00:00:00.001000+00:00,1755993600001,2025-08-24T00:00:00.001000+00:00,0.0001,0.91411267
2025-08-24 08:00:00.002000+00:00,1756022400002,2025-08-24T08:00:00.002000+00:00,0.0001,0.9039
2025-08-24 16:00:00.001000+00:00,1756051200001,2025-08-24T16:00:00.001000+00:00,0.0001,0.8986
2025-08-25 00:00:00+00:00,1756080000000,2025-08-25T00:00:00+00:00,0.0001,0.90839973
2025-08-25 08:00:00.002000+00:00,1756108800002,2025-08-25T08:00:00.002000+00:00,0.0001,0.8717
2025-08-25 16:00:00.002000+00:00,1756137600002,2025-08-25T16:00:00.002000+00:00,-8.855e-05,0.8648
2025-08-26 00:00:00+00:00,1756166400000,2025-08-26T00:00:00+00:00,-0.00013591,0.83650177
2025-08-26 08:00:00+00:00,1756195200000,2025-08-26T08:00:00+00:00,-0.00010281,0.8399
2025-08-26 16:00:00+00:00,1756224000000,2025-08-26T16:00:00+00:00,1.187e-05,0.84879109
2025-08-27 00:00:00.003000+00:00,1756252800003,2025-08-27T00:00:00.003000+00:00,0.0001,0.8661
2025-08-27 08:00:00+00:00,1756281600000,2025-08-27T08:00:00+00:00,0.0001,0.8558
2025-08-27 16:00:00.009000+00:00,1756310400009,2025-08-27T16:00:00.009000+00:00,6.006e-05,0.872
2025-08-28 00:00:00+00:00,1756339200000,2025-08-28T00:00:00+00:00,6.554e-05,0.85047918
2025-08-28 08:00:00.005000+00:00,1756368000005,2025-08-28T08:00:00.005000+00:00,0.0001,0.87244602
2025-08-28 16:00:00.004000+00:00,1756396800004,2025-08-28T16:00:00.004000+00:00,0.0001,0.8586321
2025-08-29 00:00:00+00:00,1756425600000,2025-08-29T00:00:00+00:00,1.392e-05,0.85726941
2025-08-29 08:00:00+00:00,1756454400000,2025-08-29T08:00:00+00:00,2.051e-05,0.82708845
2025-08-29 16:00:00.005000+00:00,1756483200005,2025-08-29T16:00:00.005000+00:00,4.241e-05,0.82526865
2025-08-30 00:00:00+00:00,1756512000000,2025-08-30T00:00:00+00:00,0.0001,0.8264078
2025-08-30 08:00:00.002000+00:00,1756540800002,2025-08-30T08:00:00.002000+00:00,0.0001,0.8368
2025-08-30 16:00:00.003000+00:00,1756569600003,2025-08-30T16:00:00.003000+00:00,7.514e-05,0.823
2025-08-31 00:00:00.016000+00:00,1756598400016,2025-08-31T00:00:00.016000+00:00,1.49e-05,0.8219
2025-08-31 08:00:00+00:00,1756627200000,2025-08-31T08:00:00+00:00,0.0001,0.8262
2025-08-31 16:00:00.001000+00:00,1756656000001,2025-08-31T16:00:00.001000+00:00,0.0001,0.8264
2025-09-01 00:00:00+00:00,1756684800000,2025-09-01T00:00:00+00:00,2.908e-05,0.81072221
2025-09-01 08:00:00+00:00,1756713600000,2025-09-01T08:00:00+00:00,7.091e-05,0.83773474
2025-09-01 16:00:00.001000+00:00,1756742400001,2025-09-01T16:00:00.001000+00:00,0.0001,0.8098
2025-09-02 00:00:00+00:00,1756771200000,2025-09-02T00:00:00+00:00,-3.5e-05,0.8009
2025-09-02 08:00:00.005000+00:00,1756800000005,2025-09-02T08:00:00.005000+00:00,0.0001,0.81745854
2025-09-02 16:00:00.007000+00:00,1756828800007,2025-09-02T16:00:00.007000+00:00,0.0001,0.8098
2025-09-03 00:00:00.006000+00:00,1756857600006,2025-09-03T00:00:00.006000+00:00,0.0001,0.8348
2025-09-03 08:00:00.002000+00:00,1756886400002,2025-09-03T08:00:00.002000+00:00,0.0001,0.83026821
2025-09-03 16:00:00.002000+00:00,1756915200002,2025-09-03T16:00:00.002000+00:00,0.0001,0.8402
2025-09-04 00:00:00.002000+00:00,1756944000002,2025-09-04T00:00:00.002000+00:00,0.0001,0.83632993
2025-09-04 08:00:00+00:00,1756972800000,2025-09-04T08:00:00+00:00,5.68e-05,0.8171
2025-09-04 16:00:00+00:00,1757001600000,2025-09-04T16:00:00+00:00,2.112e-05,0.8077
2025-09-05 00:00:00.001000+00:00,1757030400001,2025-09-05T00:00:00.001000+00:00,4.23e-05,0.8088
2025-09-05 08:00:00.006000+00:00,1757059200006,2025-09-05T08:00:00.006000+00:00,0.0001,0.83
2025-09-05 16:00:00+00:00,1757088000000,2025-09-05T16:00:00+00:00,0.0001,0.82452662
2025-09-06 00:00:00+00:00,1757116800000,2025-09-06T00:00:00+00:00,0.0001,0.8303413
2025-09-06 08:00:00.005000+00:00,1757145600005,2025-09-06T08:00:00.005000+00:00,0.0001,0.8251
2025-09-06 16:00:00+00:00,1757174400000,2025-09-06T16:00:00+00:00,0.0001,0.82194376
2025-09-07 00:00:00+00:00,1757203200000,2025-09-07T00:00:00+00:00,9.016e-05,0.8178
2025-09-07 08:00:00+00:00,1757232000000,2025-09-07T08:00:00+00:00,0.0001,0.82610871
2025-09-07 16:00:00+00:00,1757260800000,2025-09-07T16:00:00+00:00,0.0001,0.8339
2025-09-08 00:00:00.007000+00:00,1757289600007,2025-09-08T00:00:00.007000+00:00,0.0001,0.8349
2025-09-08 08:00:00+00:00,1757318400000,2025-09-08T08:00:00+00:00,0.0001,0.842
2025-09-08 16:00:00+00:00,1757347200000,2025-09-08T16:00:00+00:00,0.0001,0.86529459
2025-09-09 00:00:00+00:00,1757376000000,2025-09-09T00:00:00+00:00,0.0001,0.86502195
2025-09-09 08:00:00+00:00,1757404800000,2025-09-09T08:00:00+00:00,0.0001,0.88846324
2025-09-09 16:00:00+00:00,1757433600000,2025-09-09T16:00:00+00:00,0.0001,0.8574
2025-09-10 00:00:00+00:00,1757462400000,2025-09-10T00:00:00+00:00,0.0001,0.8648433
2025-09-10 08:00:00.002000+00:00,1757491200002,2025-09-10T08:00:00.002000+00:00,0.0001,0.87991464
2025-09-10 16:00:00+00:00,1757520000000,2025-09-10T16:00:00+00:00,0.0001,0.8878
2025-09-11 00:00:00+00:00,1757548800000,2025-09-11T00:00:00+00:00,0.0001,0.8853
2025-09-11 08:00:00+00:00,1757577600000,2025-09-11T08:00:00+00:00,0.0001,0.88701334
2025-09-11 16:00:00.001000+00:00,1757606400001,2025-09-11T16:00:00.001000+00:00,0.0001,0.8763
2025-09-12 00:00:00.002000+00:00,1757635200002,2025-09-12T00:00:00.002000+00:00,0.0001,0.8937
2025-09-12 08:00:00.001000+00:00,1757664000001,2025-09-12T08:00:00.001000+00:00,0.0001,0.8993
2025-09-12 16:00:00.005000+00:00,1757692800005,2025-09-12T16:00:00.005000+00:00,3.233e-05,0.8929
2025-09-13 00:00:00.005000+00:00,1757721600005,2025-09-13T00:00:00.005000+00:00,0.0001,0.9168
2025-09-13 08:00:00.002000+00:00,1757750400002,2025-09-13T08:00:00.002000+00:00,0.0001,0.9259
2025-09-13 16:00:00+00:00,1757779200000,2025-09-13T16:00:00+00:00,0.0001,0.93776024
2025-09-14 00:00:00.006000+00:00,1757808000006,2025-09-14T00:00:00.006000+00:00,0.0001,0.9293
2025-09-14 08:00:00+00:00,1757836800000,2025-09-14T08:00:00+00:00,0.0001,0.91542978
2025-09-14 16:00:00.001000+00:00,1757865600001,2025-09-14T16:00:00.001000+00:00,4.436e-05,0.88602547
2025-09-15 00:00:00.006000+00:00,1757894400006,2025-09-15T00:00:00.006000+00:00,2.345e-05,0.8874
2025-09-15 08:00:00.002000+00:00,1757923200002,2025-09-15T08:00:00.002000+00:00,4.388e-05,0.87731903
2025-09-15 16:00:00.001000+00:00,1757952000001,2025-09-15T16:00:00.001000+00:00,6.14e-06,0.85911766
2025-09-16 00:00:00.001000+00:00,1757980800001,2025-09-16T00:00:00.001000+00:00,2.346e-05,0.8627
2025-09-16 08:00:00+00:00,1758009600000,2025-09-16T08:00:00+00:00,6.207e-05,0.8653
2025-09-16 16:00:00+00:00,1758038400000,2025-09-16T16:00:00+00:00,4.042e-05,0.87007893
2025-09-17 00:00:00.001000+00:00,1758067200001,2025-09-17T00:00:00.001000+00:00,7.938e-05,0.87982416
2025-09-17 08:00:00+00:00,1758096000000,2025-09-17T08:00:00+00:00,9.809e-05,0.8819
2025-09-17 16:00:00.003000+00:00,1758124800003,2025-09-17T16:00:00.003000+00:00,4.162e-05,0.8678
2025-09-18 00:00:00.006000+00:00,1758153600006,2025-09-18T00:00:00.006000+00:00,0.0001,0.9134
2025-09-18 08:00:00.002000+00:00,1758182400002,2025-09-18T08:00:00.002000+00:00,0.0001,0.9078
2025-09-18 16:00:00+00:00,1758211200000,2025-09-18T16:00:00+00:00,0.0001,0.9268484
2025-09-19 00:00:00+00:00,1758240000000,2025-09-19T00:00:00+00:00,0.0001,0.9242
2025-09-19 08:00:00.005000+00:00,1758268800005,2025-09-19T08:00:00.005000+00:00,0.0001,0.90395037
2025-09-19 16:00:00+00:00,1758297600000,2025-09-19T16:00:00+00:00,0.0001,0.89669341
2025-09-20 00:00:00+00:00,1758326400000,2025-09-20T00:00:00+00:00,5.131e-05,0.8899
2025-09-20 08:00:00+00:00,1758355200000,2025-09-20T08:00:00+00:00,2.828e-05,0.9057
2025-09-20 16:00:00.002000+00:00,1758384000002,2025-09-20T16:00:00.002000+00:00,4.59e-05,0.8999
2025-09-21 00:00:00+00:00,1758412800000,2025-09-21T00:00:00+00:00,3.007e-05,0.8926
2025-09-21 08:00:00+00:00,1758441600000,2025-09-21T08:00:00+00:00,0.0001,0.89923308
2025-09-21 16:00:00+00:00,1758470400000,2025-09-21T16:00:00+00:00,-9.01e-06,0.88521217
2025-09-22 00:00:00.005000+00:00,1758499200005,2025-09-22T00:00:00.005000+00:00,5.797e-05,0.88361144
2025-09-22 08:00:00.003000+00:00,1758528000003,2025-09-22T08:00:00.003000+00:00,-3.263e-05,0.8168
2025-09-22 16:00:00+00:00,1758556800000,2025-09-22T16:00:00+00:00,-1.067e-05,0.82
2025-09-23 00:00:00+00:00,1758585600000,2025-09-23T00:00:00+00:00,4.244e-05,0.8251651
2025-09-23 08:00:00.001000+00:00,1758614400001,2025-09-23T08:00:00.001000+00:00,-5.81e-06,0.8234
2025-09-23 16:00:00+00:00,1758643200000,2025-09-23T16:00:00+00:00,-3.39e-06,0.8218
2025-09-24 00:00:00.003000+00:00,1758672000003,2025-09-24T00:00:00.003000+00:00,6.059e-05,0.8056
2025-09-24 08:00:00.001000+00:00,1758700800001,2025-09-24T08:00:00.001000+00:00,0.0001,0.8145
2025-09-24 16:00:00.002000+00:00,1758729600002,2025-09-24T16:00:00.002000+00:00,8.9e-05,0.8203
2025-09-25 00:00:00+00:00,1758758400000,2025-09-25T00:00:00+00:00,3.837e-05,0.8124
2025-09-25 08:00:00.001000+00:00,1758787200001,2025-09-25T08:00:00.001000+00:00,3.223e-05,0.79024751
2025-09-25 16:00:00+00:00,1758816000000,2025-09-25T16:00:00+00:00,0.0001,0.7906
2025-09-26 00:00:00+00:00,1758844800000,2025-09-26T00:00:00+00:00,0.0001,0.7634
2025-09-26 08:00:00+00:00,1758873600000,2025-09-26T08:00:00+00:00,0.0001,0.77391746
2025-09-26 16:00:00.008000+00:00,1758902400008,2025-09-26T16:00:00.008000+00:00,0.0001,0.77467181
2025-09-27 00:00:00+00:00,1758931200000,2025-09-27T00:00:00+00:00,0.0001,0.7915
2025-09-27 08:00:00.010000+00:00,1758960000010,2025-09-27T08:00:00.010000+00:00,0.0001,0.7835
2025-09-27 16:00:00.003000+00:00,1758988800003,2025-09-27T16:00:00.003000+00:00,0.0001,0.7852
2025-09-28 00:00:00+00:00,1759017600000,2025-09-28T00:00:00+00:00,0.0001,0.7807
2025-09-28 08:00:00+00:00,1759046400000,2025-09-28T08:00:00+00:00,0.0001,0.7726
2025-09-28 16:00:00+00:00,1759075200000,2025-09-28T16:00:00+00:00,8.914e-05,0.78115307
2025-09-29 00:00:00+00:00,1759104000000,2025-09-29T00:00:00+00:00,0.0001,0.8083
2025-09-29 08:00:00.002000+00:00,1759132800002,2025-09-29T08:00:00.002000+00:00,0.0001,0.7979
2025-09-29 16:00:00.001000+00:00,1759161600001,2025-09-29T16:00:00.001000+00:00,6.437e-05,0.80173497
2025-09-30 00:00:00.002000+00:00,1759190400002,2025-09-30T00:00:00.002000+00:00,0.0001,0.80567927
2025-09-30 08:00:00.005000+00:00,1759219200005,2025-09-30T08:00:00.005000+00:00,4.684e-05,0.7937
2025-09-30 16:00:00+00:00,1759248000000,2025-09-30T16:00:00+00:00,5.281e-05,0.7829
2025-10-01 00:00:00+00:00,1759276800000,2025-10-01T00:00:00+00:00,0.0001,0.807
2025-10-01 08:00:00+00:00,1759305600000,2025-10-01T08:00:00+00:00,0.0001,0.80431909
2025-10-01 16:00:00+00:00,1759334400000,2025-10-01T16:00:00+00:00,0.0001,0.8404
2025-10-02 00:00:00+00:00,1759363200000,2025-10-02T00:00:00+00:00,0.0001,0.8505
2025-10-02 08:00:00.013000+00:00,1759392000013,2025-10-02T08:00:00.013000+00:00,0.0001,0.8538
2025-10-02 16:00:00+00:00,1759420800000,2025-10-02T16:00:00+00:00,0.0001,0.8535
2025-10-03 00:00:00.006000+00:00,1759449600006,2025-10-03T00:00:00.006000+00:00,0.0001,0.8703
2025-10-03 08:00:00.006000+00:00,1759478400006,2025-10-03T08:00:00.006000+00:00,0.0001,0.85679526
2025-10-03 16:00:00+00:00,1759507200000,2025-10-03T16:00:00+00:00,2.818e-05,0.87272071
2025-10-04 00:00:00.001000+00:00,1759536000001,2025-10-04T00:00:00.001000+00:00,0.0001,0.8653
2025-10-04 08:00:00+00:00,1759564800000,2025-10-04T08:00:00+00:00,0.0001,0.85229184
2025-10-04 16:00:00+00:00,1759593600000,2025-10-04T16:00:00+00:00,7.805e-05,0.8348
2025-10-05 00:00:00+00:00,1759622400000,2025-10-05T00:00:00+00:00,0.0001,0.83929008
2025-10-05 08:00:00.003000+00:00,1759651200003,2025-10-05T08:00:00.003000+00:00,0.0001,0.87794693
2025-10-05 16:00:00.009000+00:00,1759680000009,2025-10-05T16:00:00.009000+00:00,0.0001,0.8536
2025-10-06 00:00:00.004000+00:00,1759708800004,2025-10-06T00:00:00.004000+00:00,-5.528e-05,0.83664188
2025-10-06 08:00:00.002000+00:00,1759737600002,2025-10-06T08:00:00.002000+00:00,6.061e-05,0.8425
2025-10-06 16:00:00.004000+00:00,1759766400004,2025-10-06T16:00:00.004000+00:00,0.0001,0.87313786
2025-10-07 00:00:00+00:00,1759795200000,2025-10-07T00:00:00+00:00,0.0001,0.8714195
2025-10-07 08:00:00.003000+00:00,1759824000003,2025-10-07T08:00:00.003000+00:00,0.0001,0.8569
2025-10-07 16:00:00+00:00,1759852800000,2025-10-07T16:00:00+00:00,0.0001,0.8328
2025-10-08 00:00:00+00:00,1759881600000,2025-10-08T00:00:00+00:00,0.0001,0.8195
2025-10-08 08:00:00.006000+00:00,1759910400006,2025-10-08T08:00:00.006000+00:00,2.874e-05,0.81693335
2025-10-08 16:00:00.002000+00:00,1759939200002,2025-10-08T16:00:00.002000+00:00,4.566e-05,0.8179
2025-10-09 00:00:00.001000+00:00,1759968000001,2025-10-09T00:00:00.001000+00:00,0.0001,0.83841458
2025-10-09 08:00:00+00:00,1759996800000,2025-10-09T08:00:00+00:00,8.493e-05,0.8143
2025-10-09 16:00:00+00:00,1760025600000,2025-10-09T16:00:00+00:00,1.5e-07,0.80362599
2025-10-10 00:00:00.005000+00:00,1760054400005,2025-10-10T00:00:00.005000+00:00,0.0001,0.815
2025-10-10 08:00:00.002000+00:00,1760083200002,2025-10-10T08:00:00.002000+00:00,0.0001,0.8101
2025-10-10 16:00:00.014000+00:00,1760112000014,2025-10-10T16:00:00.014000+00:00,0.0001,0.7826
2025-10-11 00:00:00+00:00,1760140800000,2025-10-11T00:00:00+00:00,-0.00033406,0.6348
2025-10-11 08:00:00.003000+00:00,1760169600003,2025-10-11T08:00:00.003000+00:00,-9.43e-06,0.65209178
2025-10-11 16:00:00+00:00,1760198400000,2025-10-11T16:00:00+00:00,-7.146e-05,0.65421595
2025-10-12 00:00:00.004000+00:00,1760227200004,2025-10-12T00:00:00.004000+00:00,-0.00022211,0.63107821
2025-10-12 08:00:00.002000+00:00,1760256000002,2025-10-12T08:00:00.002000+00:00,-0.0001303,0.6465
2025-10-12 16:00:00+00:00,1760284800000,2025-10-12T16:00:00+00:00,-0.00010481,0.67986073
2025-10-13 00:00:00.003000+00:00,1760313600003,2025-10-13T00:00:00.003000+00:00,-0.00012249,0.6995
2025-10-13 08:00:00.002000+00:00,1760342400002,2025-10-13T08:00:00.002000+00:00,-0.00014495,0.71661766
2025-10-13 16:00:00.003000+00:00,1760371200003,2025-10-13T16:00:00.003000+00:00,3.021e-05,0.71542996
2025-10-14 00:00:00+00:00,1760400000000,2025-10-14T00:00:00+00:00,1.269e-05,0.7282
2025-10-14 08:00:00+00:00,1760428800000,2025-10-14T08:00:00+00:00,0.0001,0.6775
2025-10-14 16:00:00+00:00,1760457600000,2025-10-14T16:00:00+00:00,-4.402e-05,0.69562853
2025-10-15 00:00:00.006000+00:00,1760486400006,2025-10-15T00:00:00.006000+00:00,0.0001,0.69838728
2025-10-15 08:00:00.002000+00:00,1760515200002,2025-10-15T08:00:00.002000+00:00,0.0001,0.70202958
2025-10-15 16:00:00+00:00,1760544000000,2025-10-15T16:00:00+00:00,2.018e-05,0.6724031
2025-10-16 00:00:00+00:00,1760572800000,2025-10-16T00:00:00+00:00,1.601e-05,0.66809759
2025-10-16 08:00:00.003000+00:00,1760601600003,2025-10-16T08:00:00.003000+00:00,4.61e-06,0.6705039
2025-10-16 16:00:00.002000+00:00,1760630400002,2025-10-16T16:00:00.002000+00:00,2.8e-05,0.65178847
2025-10-17 00:00:00.001000+00:00,1760659200001,2025-10-17T00:00:00.001000+00:00,1.764e-05,0.64476869
2025-10-17 08:00:00.005000+00:00,1760688000005,2025-10-17T08:00:00.005000+00:00,5.706e-05,0.609
2025-10-17 16:00:00.003000+00:00,1760716800003,2025-10-17T16:00:00.003000+00:00,1.907e-05,0.6254
2025-10-18 00:00:00+00:00,1760745600000,2025-10-18T00:00:00+00:00,-2.43e-06,0.6243
2025-10-18 08:00:00.002000+00:00,1760774400002,2025-10-18T08:00:00.002000+00:00,5.486e-05,0.6314
2025-10-18 16:00:00.001000+00:00,1760803200001,2025-10-18T16:00:00.001000+00:00,1.876e-05,0.6318
2025-10-19 00:00:00.001000+00:00,1760832000001,2025-10-19T00:00:00.001000+00:00,0.0001,0.634
2025-10-19 08:00:00.001000+00:00,1760860800001,2025-10-19T08:00:00.001000+00:00,4.907e-05,0.62984708
2025-10-19 16:00:00.001000+00:00,1760889600001,2025-10-19T16:00:00.001000+00:00,-2.661e-05,0.6599
2025-10-20 00:00:00.004000+00:00,1760918400004,2025-10-20T00:00:00.004000+00:00,-2.02e-06,0.6525086
2025-10-20 08:00:00.001000+00:00,1760947200001,2025-10-20T08:00:00.001000+00:00,-3.754e-05,0.6695
2025-10-20 16:00:00+00:00,1760976000000,2025-10-20T16:00:00+00:00,6.89e-06,0.66386542
2025-10-21 00:00:00.009000+00:00,1761004800009,2025-10-21T00:00:00.009000+00:00,4.442e-05,0.6623
2025-10-21 08:00:00+00:00,1761033600000,2025-10-21T08:00:00+00:00,1.533e-05,0.64341493
2025-10-21 16:00:00+00:00,1761062400000,2025-10-21T16:00:00+00:00,6.338e-05,0.68010685
2025-10-22 00:00:00.004000+00:00,1761091200004,2025-10-22T00:00:00.004000+00:00,9.385e-05,0.64234511
2025-10-22 08:00:00+00:00,1761120000000,2025-10-22T08:00:00+00:00,-4.152e-05,0.6371
2025-10-22 16:00:00+00:00,1761148800000,2025-10-22T16:00:00+00:00,-4.232e-05,0.6354
2025-10-23 00:00:00+00:00,1761177600000,2025-10-23T00:00:00+00:00,8.438e-05,0.62344835
2025-10-23 08:00:00.001000+00:00,1761206400001,2025-10-23T08:00:00.001000+00:00,-2.147e-05,0.6391
2025-10-23 16:00:00.004000+00:00,1761235200004,2025-10-23T16:00:00.004000+00:00,2.64e-05,0.6423
2025-10-24 00:00:00+00:00,1761264000000,2025-10-24T00:00:00+00:00,0.0001,0.64261984
2025-10-24 08:00:00+00:00,1761292800000,2025-10-24T08:00:00+00:00,9.498e-05,0.6493
2025-10-24 16:00:00.009000+00:00,1761321600009,2025-10-24T16:00:00.009000+00:00,3.034e-05,0.6447
2025-10-25 00:00:00+00:00,1761350400000,2025-10-25T00:00:00+00:00,0.0001,0.65579256
2025-10-25 08:00:00.001000+00:00,1761379200001,2025-10-25T08:00:00.001000+00:00,5.334e-05,0.65136759
2025-10-25 16:00:00.001000+00:00,1761408000001,2025-10-25T16:00:00.001000+00:00,5.21e-05,0.6525
2025-10-26 00:00:00.001000+00:00,1761436800001,2025-10-26T00:00:00.001000+00:00,0.0001,0.654
2025-10-26 08:00:00.001000+00:00,1761465600001,2025-10-26T08:00:00.001000+00:00,5.1e-05,0.65527889
2025-10-26 16:00:00+00:00,1761494400000,2025-10-26T16:00:00+00:00,9.483e-05,0.6774
2025-10-27 00:00:00+00:00,1761523200000,2025-10-27T00:00:00+00:00,0.0001,0.6810463
2025-10-27 08:00:00.005000+00:00,1761552000005,2025-10-27T08:00:00.005000+00:00,3.779e-05,0.67973481
2025-10-27 16:00:00+00:00,1761580800000,2025-10-27T16:00:00+00:00,3.37e-06,0.674
2025-10-28 00:00:00+00:00,1761609600000,2025-10-28T00:00:00+00:00,7.255e-05,0.6667
2025-10-28 08:00:00+00:00,1761638400000,2025-10-28T08:00:00+00:00,5.407e-05,0.66283529
2025-10-28 16:00:00.004000+00:00,1761667200004,2025-10-28T16:00:00.004000+00:00,-2.356e-05,0.66388398
2025-10-29 00:00:00.004000+00:00,1761696000004,2025-10-29T00:00:00.004000+00:00,-7.757e-05,0.6455
2025-10-29 08:00:00.005000+00:00,1761724800005,2025-10-29T08:00:00.005000+00:00,-7.808e-05,0.64566095
2025-10-29 16:00:00+00:00,1761753600000,2025-10-29T16:00:00+00:00,-5.77e-06,0.6387
2025-10-30 00:00:00.004000+00:00,1761782400004,2025-10-30T00:00:00.004000+00:00,0.0001,0.63966992
2025-10-30 08:00:00.008000+00:00,1761811200008,2025-10-30T08:00:00.008000+00:00,-4.45e-06,0.64503304
2025-10-30 16:00:00.001000+00:00,1761840000001,2025-10-30T16:00:00.001000+00:00,-7.08e-05,0.60283939
2025-10-31 00:00:00+00:00,1761868800000,2025-10-31T00:00:00+00:00,-0.00011848,0.6013
2025-10-31 08:00:00.008000+00:00,1761897600008,2025-10-31T08:00:00.008000+00:00,-4.061e-05,0.6107
2025-10-31 16:00:00.007000+00:00,1761926400007,2025-10-31T16:00:00.007000+00:00,-2.026e-05,0.61243071
2025-11-01 00:00:00.001000+00:00,1761955200001,2025-11-01T00:00:00.001000+00:00,9.727e-05,0.6087
2025-11-01 08:00:00+00:00,1761984000000,2025-11-01T08:00:00+00:00,5.591e-05,0.6136
2025-11-01 16:00:00+00:00,1762012800000,2025-11-01T16:00:00+00:00,6.352e-05,0.61219171
2025-11-02 00:00:00.007000+00:00,1762041600007,2025-11-02T00:00:00.007000+00:00,0.0001,0.61241492
2025-11-02 08:00:00+00:00,1762070400000,2025-11-02T08:00:00+00:00,6.179e-05,0.6173
2025-11-02 16:00:00.001000+00:00,1762099200001,2025-11-02T16:00:00.001000+00:00,-5.269e-05,0.59897195
2025-11-03 00:00:00+00:00,1762128000000,2025-11-03T00:00:00+00:00,-4.468e-05,0.61030461
2025-11-03 08:00:00.010000+00:00,1762156800010,2025-11-03T08:00:00.010000+00:00,-2.81e-06,0.57691464
2025-11-03 16:00:00+00:00,1762185600000,2025-11-03T16:00:00+00:00,4.75e-05,0.5502
2025-11-04 00:00:00.002000+00:00,1762214400002,2025-11-04T00:00:00.002000+00:00,0.0001,0.5525
2025-11-04 08:00:00.004000+00:00,1762243200004,2025-11-04T08:00:00.004000+00:00,7.905e-05,0.534
2025-11-04 16:00:00+00:00,1762272000000,2025-11-04T16:00:00+00:00,0.0001,0.5424
2025-11-05 00:00:00+00:00,1762300800000,2025-11-05T00:00:00+00:00,0.0001,0.5206
2025-11-05 08:00:00+00:00,1762329600000,2025-11-05T08:00:00+00:00,0.0001,0.5341
2025-11-05 16:00:00.004000+00:00,1762358400004,2025-11-05T16:00:00.004000+00:00,3.275e-05,0.54844576
2025-11-06 00:00:00.001000+00:00,1762387200001,2025-11-06T00:00:00.001000+00:00,4.603e-05,0.54504797
2025-11-06 08:00:00+00:00,1762416000000,2025-11-06T08:00:00+00:00,6.061e-05,0.53393438
2025-11-06 16:00:00.001000+00:00,1762444800001,2025-11-06T16:00:00.001000+00:00,9.629e-05,0.52340986
2025-11-07 00:00:00.005000+00:00,1762473600005,2025-11-07T00:00:00.005000+00:00,7.48e-05,0.5316
2025-11-07 08:00:00.003000+00:00,1762502400003,2025-11-07T08:00:00.003000+00:00,0.0001,0.54761528
2025-11-07 16:00:00.005000+00:00,1762531200005,2025-11-07T16:00:00.005000+00:00,4.287e-05,0.54410231
2025-11-08 00:00:00.011000+00:00,1762560000011,2025-11-08T00:00:00.011000+00:00,6.612e-05,0.57606799
2025-11-08 08:00:00.015000+00:00,1762588800015,2025-11-08T08:00:00.015000+00:00,5.902e-05,0.58212727
2025-11-08 16:00:00.001000+00:00,1762617600001,2025-11-08T16:00:00.001000+00:00,5.769e-05,0.5571
2025-11-09 00:00:00.004000+00:00,1762646400004,2025-11-09T00:00:00.004000+00:00,-5.327e-05,0.56823812
2025-11-09 08:00:00+00:00,1762675200000,2025-11-09T08:00:00+00:00,6.948e-05,0.5625265
2025-11-09 16:00:00.005000+00:00,1762704000005,2025-11-09T16:00:00.005000+00:00,-1.583e-05,0.575
2025-11-10 00:00:00+00:00,1762732800000,2025-11-10T00:00:00+00:00,5.159e-05,0.5786
2025-11-10 08:00:00+00:00,1762761600000,2025-11-10T08:00:00+00:00,-4.036e-05,0.5890413
2025-11-10 16:00:00.003000+00:00,1762790400003,2025-11-10T16:00:00.003000+00:00,-4.98e-06,0.58464825
2025-11-11 00:00:00.007000+00:00,1762819200007,2025-11-11T00:00:00.007000+00:00,-3.99e-06,0.5924
2025-11-11 08:00:00+00:00,1762848000000,2025-11-11T08:00:00+00:00,8.95e-06,0.5756
2025-11-11 16:00:00.009000+00:00,1762876800009,2025-11-11T16:00:00.009000+00:00,5.62e-05,0.57190601
2025-11-12 00:00:00+00:00,1762905600000,2025-11-12T00:00:00+00:00,4.108e-05,0.55600375
2025-11-12 08:00:00.002000+00:00,1762934400002,2025-11-12T08:00:00.002000+00:00,-2.57e-05,0.55657355
2025-11-12 16:00:00+00:00,1762963200000,2025-11-12T16:00:00+00:00,4.081e-05,0.55794709
2025-11-13 00:00:00.002000+00:00,1762992000002,2025-11-13T00:00:00.002000+00:00,-6.117e-05,0.5454
2025-11-13 08:00:00+00:00,1763020800000,2025-11-13T08:00:00+00:00,9.402e-05,0.5645
2025-11-13 16:00:00.001000+00:00,1763049600001,2025-11-13T16:00:00.001000+00:00,0.0001,0.55391395
2025-11-14 00:00:00+00:00,1763078400000,2025-11-14T00:00:00+00:00,-9.716e-05,0.52940059
2025-11-14 08:00:00+00:00,1763107200000,2025-11-14T08:00:00+00:00,0.0001,0.5238
2025-11-14 16:00:00.001000+00:00,1763136000001,2025-11-14T16:00:00.001000+00:00,6.638e-05,0.51386531
2025-11-15 00:00:00.005000+00:00,1763164800005,2025-11-15T00:00:00.005000+00:00,4.855e-05,0.49820782
2025-11-15 08:00:00+00:00,1763193600000,2025-11-15T08:00:00+00:00,1.686e-05,0.50961172
2025-11-15 16:00:00.001000+00:00,1763222400001,2025-11-15T16:00:00.001000+00:00,5.9e-05,0.5067
2025-11-16 00:00:00.001000+00:00,1763251200001,2025-11-16T00:00:00.001000+00:00,-2.016e-05,0.5032218
2025-11-16 08:00:00+00:00,1763280000000,2025-11-16T08:00:00+00:00,6.153e-05,0.505
2025-11-16 16:00:00+00:00,1763308800000,2025-11-16T16:00:00+00:00,-6.708e-05,0.4837
2025-11-17 00:00:00.003000+00:00,1763337600003,2025-11-17T00:00:00.003000+00:00,0.0001,0.4844
2025-11-17 08:00:00.003000+00:00,1763366400003,2025-11-17T08:00:00.003000+00:00,0.0001,0.49582694
2025-11-17 16:00:00+00:00,1763395200000,2025-11-17T16:00:00+00:00,0.0001,0.47529732
2025-11-18 00:00:00.002000+00:00,1763424000002,2025-11-18T00:00:00.002000+00:00,0.0001,0.466
2025-11-18 08:00:00.004000+00:00,1763452800004,2025-11-18T08:00:00.004000+00:00,0.0001,0.4647
2025-11-18 16:00:00+00:00,1763481600000,2025-11-18T16:00:00+00:00,0.0001,0.4739
2025-11-19 00:00:00+00:00,1763510400000,2025-11-19T00:00:00+00:00,0.0001,0.4751
2025-11-19 08:00:00+00:00,1763539200000,2025-11-19T08:00:00+00:00,8.582e-05,0.4681
2025-11-19 16:00:00.008000+00:00,1763568000008,2025-11-19T16:00:00.008000+00:00,0.0001,0.45639646
2025-11-20 00:00:00+00:00,1763596800000,2025-11-20T00:00:00+00:00,0.0001,0.46377392
2025-11-20 08:00:00+00:00,1763625600000,2025-11-20T08:00:00+00:00,0.0001,0.4702
2025-11-20 16:00:00+00:00,1763654400000,2025-11-20T16:00:00+00:00,0.0001,0.4556
2025-11-21 00:00:00.001000+00:00,1763683200001,2025-11-21T00:00:00.001000+00:00,-3.503e-05,0.43224007
2025-11-21 08:00:00+00:00,1763712000000,2025-11-21T08:00:00+00:00,0.0001,0.40857784
2025-11-21 16:00:00.001000+00:00,1763740800001,2025-11-21T16:00:00.001000+00:00,8.169e-05,0.4008
2025-11-22 00:00:00.004000+00:00,1763769600004,2025-11-22T00:00:00.004000+00:00,2.341e-05,0.40901828
2025-11-22 08:00:00+00:00,1763798400000,2025-11-22T08:00:00+00:00,8.665e-05,0.4056
2025-11-22 16:00:00+00:00,1763827200000,2025-11-22T16:00:00+00:00,5.699e-05,0.39808089
2025-11-23 00:00:00+00:00,1763856000000,2025-11-23T00:00:00+00:00,7.853e-05,0.40432984
2025-11-23 08:00:00.008000+00:00,1763884800008,2025-11-23T08:00:00.008000+00:00,-3.593e-05,0.4086
2025-11-23 16:00:00.003000+00:00,1763913600003,2025-11-23T16:00:00.003000+00:00,5.31e-06,0.4166
2025-11-24 00:00:00.004000+00:00,1763942400004,2025-11-24T00:00:00.004000+00:00,-4.13e-05,0.4083
2025-11-24 08:00:00+00:00,1763971200000,2025-11-24T08:00:00+00:00,1.937e-05,0.413
2025-11-24 16:00:00.006000+00:00,1764000000006,2025-11-24T16:00:00.006000+00:00,5.877e-05,0.4127
2025-11-25 00:00:00+00:00,1764028800000,2025-11-25T00:00:00+00:00,-5.023e-05,0.4274
2025-11-25 08:00:00.009000+00:00,1764057600009,2025-11-25T08:00:00.009000+00:00,1.28e-05,0.41812139
2025-11-25 16:00:00.007000+00:00,1764086400007,2025-11-25T16:00:00.007000+00:00,-1.615e-05,0.4107
2025-11-26 00:00:00.001000+00:00,1764115200001,2025-11-26T00:00:00.001000+00:00,0.0001,0.4218
2025-11-26 08:00:00.001000+00:00,1764144000001,2025-11-26T08:00:00.001000+00:00,0.0001,0.4248
2025-11-26 16:00:00+00:00,1764172800000,2025-11-26T16:00:00+00:00,-1.346e-05,0.41261936
2025-11-27 00:00:00.013000+00:00,1764201600013,2025-11-27T00:00:00.013000+00:00,0.0001,0.4355
2025-11-27 08:00:00+00:00,1764230400000,2025-11-27T08:00:00+00:00,9.119e-05,0.43355768
2025-11-27 16:00:00.004000+00:00,1764259200004,2025-11-27T16:00:00.004000+00:00,2.347e-05,0.43290209
2025-11-28 00:00:00.008000+00:00,1764288000008,2025-11-28T00:00:00.008000+00:00,5.647e-05,0.4328
2025-11-28 08:00:00+00:00,1764316800000,2025-11-28T08:00:00+00:00,-4.268e-05,0.42399489
2025-11-28 16:00:00.008000+00:00,1764345600008,2025-11-28T16:00:00.008000+00:00,4.557e-05,0.43242195
2025-11-29 00:00:00+00:00,1764374400000,2025-11-29T00:00:00+00:00,-4.144e-05,0.4198
2025-11-29 08:00:00.005000+00:00,1764403200005,2025-11-29T08:00:00.005000+00:00,-5.381e-05,0.4151
2025-11-29 16:00:00.001000+00:00,1764432000001,2025-11-29T16:00:00.001000+00:00,3.16e-05,0.41991779
2025-11-30 00:00:00.003000+00:00,1764460800003,2025-11-30T00:00:00.003000+00:00,8.837e-05,0.4143324
2025-11-30 08:00:00+00:00,1764489600000,2025-11-30T08:00:00+00:00,4.039e-05,0.4183
2025-11-30 16:00:00.004000+00:00,1764518400004,2025-11-30T16:00:00.004000+00:00,0.0001,0.4228
2025-12-01 00:00:00+00:00,1764547200000,2025-12-01T00:00:00+00:00,-2.026e-05,0.41407092
2025-12-01 08:00:00.004000+00:00,1764576000004,2025-12-01T08:00:00.004000+00:00,-9.445e-05,0.3884
2025-12-01 16:00:00+00:00,1764604800000,2025-12-01T16:00:00+00:00,-1.903e-05,0.376
2025-12-02 00:00:00.004000+00:00,1764633600004,2025-12-02T00:00:00.004000+00:00,-6.352e-05,0.38533665
2025-12-02 08:00:00+00:00,1764662400000,2025-12-02T08:00:00+00:00,-4.338e-05,0.3892
2025-12-02 16:00:00+00:00,1764691200000,2025-12-02T16:00:00+00:00,6.803e-05,0.4282
2025-12-03 00:00:00+00:00,1764720000000,2025-12-03T00:00:00+00:00,0.0001,0.4334
2025-12-03 08:00:00+00:00,1764748800000,2025-12-03T08:00:00+00:00,0.0001,0.44253644
2025-12-03 16:00:00.005000+00:00,1764777600005,2025-12-03T16:00:00.005000+00:00,6.716e-05,0.434
2025-12-04 00:00:00.012000+00:00,1764806400012,2025-12-04T00:00:00.012000+00:00,7.858e-05,0.4498
2025-12-04 08:00:00+00:00,1764835200000,2025-12-04T08:00:00+00:00,0.0001,0.4516
2025-12-04 16:00:00.011000+00:00,1764864000011,2025-12-04T16:00:00.011000+00:00,0.0001,0.4504
2025-12-05 00:00:00+00:00,1764892800000,2025-12-05T00:00:00+00:00,7.712e-05,0.43907304
2025-12-05 08:00:00+00:00,1764921600000,2025-12-05T08:00:00+00:00,6.21e-05,0.4413
2025-12-05 16:00:00.010000+00:00,1764950400010,2025-12-05T16:00:00.010000+00:00,3.216e-05,0.426
2025-12-06 00:00:00.001000+00:00,1764979200001,2025-12-06T00:00:00.001000+00:00,-3.074e-05,0.41549431
2025-12-06 08:00:00.001000+00:00,1765008000001,2025-12-06T08:00:00.001000+00:00,-5.778e-05,0.4115
2025-12-06 16:00:00.008000+00:00,1765036800008,2025-12-06T16:00:00.008000+00:00,-3.716e-05,0.4146
2025-12-07 00:00:00+00:00,1765065600000,2025-12-07T00:00:00+00:00,3.25e-05,0.4136
2025-12-07 08:00:00.004000+00:00,1765094400004,2025-12-07T08:00:00.004000+00:00,5.454e-05,0.4172
2025-12-07 16:00:00+00:00,1765123200000,2025-12-07T16:00:00+00:00,5.4e-07,0.4199019
2025-12-08 00:00:00+00:00,1765152000000,2025-12-08T00:00:00+00:00,1.357e-05,0.417
2025-12-08 08:00:00+00:00,1765180800000,2025-12-08T08:00:00+00:00,2.1e-06,0.4289
2025-12-08 16:00:00.001000+00:00,1765209600001,2025-12-08T16:00:00.001000+00:00,0.0001,0.43500758
2025-12-09 00:00:00.001000+00:00,1765238400001,2025-12-09T00:00:00.001000+00:00,0.0001,0.4326
2025-12-09 08:00:00.001000+00:00,1765267200001,2025-12-09T08:00:00.001000+00:00,5.496e-05,0.4274
2025-12-09 16:00:00.007000+00:00,1765296000007,2025-12-09T16:00:00.007000+00:00,-6.33e-05,0.4667
2025-12-10 00:00:00.007000+00:00,1765324800007,2025-12-10T00:00:00.007000+00:00,0.0001,0.46949453
2025-12-10 08:00:00.002000+00:00,1765353600002,2025-12-10T08:00:00.002000+00:00,-0.00013122,0.461
2025-12-10 16:00:00.012000+00:00,1765382400012,2025-12-10T16:00:00.012000+00:00,-0.00014044,0.4616
2025-12-11 00:00:00.001000+00:00,1765411200001,2025-12-11T00:00:00.001000+00:00,5.033e-05,0.45333165
2025-12-11 08:00:00+00:00,1765440000000,2025-12-11T08:00:00+00:00,-0.00012464,0.4264
2025-12-11 16:00:00+00:00,1765468800000,2025-12-11T16:00:00+00:00,9.257e-05,0.41732239
2025-12-12 00:00:00.005000+00:00,1765497600005,2025-12-12T00:00:00.005000+00:00,-4.671e-05,0.4251
2025-12-12 08:00:00.007000+00:00,1765526400007,2025-12-12T08:00:00.007000+00:00,-5.776e-05,0.426
2025-12-12 16:00:00.002000+00:00,1765555200002,2025-12-12T16:00:00.002000+00:00,-1.126e-05,0.40824209
2025-12-13 00:00:00.001000+00:00,1765584000001,2025-12-13T00:00:00.001000+00:00,4.56e-05,0.40883847
2025-12-13 08:00:00.006000+00:00,1765612800006,2025-12-13T08:00:00.006000+00:00,4.018e-05,0.4103
2025-12-13 16:00:00+00:00,1765641600000,2025-12-13T16:00:00+00:00,7.089e-05,0.41295402
2025-12-14 00:00:00+00:00,1765670400000,2025-12-14T00:00:00+00:00,2.631e-05,0.4104
2025-12-14 08:00:00.003000+00:00,1765699200003,2025-12-14T08:00:00.003000+00:00,6.652e-05,0.4076
2025-12-14 16:00:00.005000+00:00,1765728000005,2025-12-14T16:00:00.005000+00:00,-8.7e-06,0.39914053
2025-12-15 00:00:00+00:00,1765756800000,2025-12-15T00:00:00+00:00,6.695e-05,0.396
2025-12-15 08:00:00+00:00,1765785600000,2025-12-15T08:00:00+00:00,2.637e-05,0.402
2025-12-15 16:00:00+00:00,1765814400000,2025-12-15T16:00:00+00:00,2.137e-05,0.3851
2025-12-16 00:00:00.002000+00:00,1765843200002,2025-12-16T00:00:00.002000+00:00,-6.018e-05,0.3879
2025-12-16 08:00:00+00:00,1765872000000,2025-12-16T08:00:00+00:00,6.676e-05,0.3801
2025-12-16 16:00:00.002000+00:00,1765900800002,2025-12-16T16:00:00.002000+00:00,4.349e-05,0.3899
2025-12-17 00:00:00.004000+00:00,1765929600004,2025-12-17T00:00:00.004000+00:00,2.464e-05,0.3857
2025-12-17 08:00:00+00:00,1765958400000,2025-12-17T08:00:00+00:00,1.695e-05,0.38070544
2025-12-17 16:00:00+00:00,1765987200000,2025-12-17T16:00:00+00:00,5.515e-05,0.3818
2025-12-18 00:00:00.005000+00:00,1766016000005,2025-12-18T00:00:00.005000+00:00,6.15e-06,0.36713051
2025-12-18 08:00:00.007000+00:00,1766044800007,2025-12-18T08:00:00.007000+00:00,-4.232e-05,0.3621
2025-12-18 16:00:00.001000+00:00,1766073600001,2025-12-18T16:00:00.001000+00:00,9.972e-05,0.3731
2025-12-19 00:00:00+00:00,1766102400000,2025-12-19T00:00:00+00:00,1.622e-05,0.3513
2025-12-19 08:00:00.001000+00:00,1766131200001,2025-12-19T08:00:00.001000+00:00,7.078e-05,0.36621509
2025-12-19 16:00:00+00:00,1766160000000,2025-12-19T16:00:00+00:00,0.0001,0.37105066
2025-12-20 00:00:00.005000+00:00,1766188800005,2025-12-20T00:00:00.005000+00:00,0.0001,0.3766
2025-12-20 08:00:00+00:00,1766217600000,2025-12-20T08:00:00+00:00,1.324e-05,0.37423609
2025-12-20 16:00:00.002000+00:00,1766246400002,2025-12-20T16:00:00.002000+00:00,1.74e-06,0.3774
2025-12-21 00:00:00+00:00,1766275200000,2025-12-21T00:00:00+00:00,9.38e-05,0.3728
2025-12-21 08:00:00.009000+00:00,1766304000009,2025-12-21T08:00:00.009000+00:00,6.522e-05,0.3673
2025-12-21 16:00:00+00:00,1766332800000,2025-12-21T16:00:00+00:00,-9.188e-05,0.36082215
2025-12-22 00:00:00+00:00,1766361600000,2025-12-22T00:00:00+00:00,7.88e-05,0.366
2025-12-22 08:00:00.005000+00:00,1766390400005,2025-12-22T08:00:00.005000+00:00,-0.00011901,0.3681
2025-12-22 16:00:00.009000+00:00,1766419200009,2025-12-22T16:00:00.009000+00:00,-2.066e-05,0.3792
2025-12-23 00:00:00+00:00,1766448000000,2025-12-23T00:00:00+00:00,8.063e-05,0.3709
2025-12-23 08:00:00+00:00,1766476800000,2025-12-23T08:00:00+00:00,-0.00010795,0.364
2025-12-23 16:00:00.001000+00:00,1766505600001,2025-12-23T16:00:00.001000+00:00,3.345e-05,0.3606817
2025-12-24 00:00:00.001000+00:00,1766534400001,2025-12-24T00:00:00.001000+00:00,0.0001,0.3627
2025-12-24 08:00:00.001000+00:00,1766563200001,2025-12-24T08:00:00.001000+00:00,-9.862e-05,0.3556
2025-12-24 16:00:00+00:00,1766592000000,2025-12-24T16:00:00+00:00,-1.623e-05,0.35541693
2025-12-25 00:00:00+00:00,1766620800000,2025-12-25T00:00:00+00:00,0.0001,0.3565
2025-12-25 08:00:00.001000+00:00,1766649600001,2025-12-25T08:00:00.001000+00:00,5.999e-05,0.35894223
2025-12-25 16:00:00.005000+00:00,1766678400005,2025-12-25T16:00:00.005000+00:00,-0.00020461,0.3571
2025-12-26 00:00:00.004000+00:00,1766707200004,2025-12-26T00:00:00.004000+00:00,7.006e-05,0.3433
2025-12-26 08:00:00.001000+00:00,1766736000001,2025-12-26T08:00:00.001000+00:00,0.0001,0.35187551
2025-12-26 16:00:00.007000+00:00,1766764800007,2025-12-26T16:00:00.007000+00:00,1.789e-05,0.34654365
2025-12-27 00:00:00+00:00,1766793600000,2025-12-27T00:00:00+00:00,2.087e-05,0.34935002
2025-12-27 08:00:00+00:00,1766822400000,2025-12-27T08:00:00+00:00,0.0001,0.35210759
2025-12-27 16:00:00.011000+00:00,1766851200011,2025-12-27T16:00:00.011000+00:00,0.0001,0.35699978
2025-12-28 00:00:00.008000+00:00,1766880000008,2025-12-28T00:00:00.008000+00:00,0.0001,0.3698045
2025-12-28 08:00:00+00:00,1766908800000,2025-12-28T08:00:00+00:00,0.0001,0.37391512
2025-12-28 16:00:00+00:00,1766937600000,2025-12-28T16:00:00+00:00,0.0001,0.3695
2025-12-29 00:00:00.016000+00:00,1766966400016,2025-12-29T00:00:00.016000+00:00,0.0001,0.3685
2025-12-29 08:00:00.001000+00:00,1766995200001,2025-12-29T08:00:00.001000+00:00,0.0001,0.37575567
2025-12-29 16:00:00+00:00,1767024000000,2025-12-29T16:00:00+00:00,0.0001,0.36526836
2025-12-30 00:00:00.005000+00:00,1767052800005,2025-12-30T00:00:00.005000+00:00,-5.679e-05,0.35290383
2025-12-30 08:00:00.001000+00:00,1767081600001,2025-12-30T08:00:00.001000+00:00,-1.905e-05,0.352
2025-12-30 16:00:00.003000+00:00,1767110400003,2025-12-30T16:00:00.003000+00:00,2.655e-05,0.354
2025-12-31 00:00:00.004000+00:00,1767139200004,2025-12-31T00:00:00.004000+00:00,-9.065e-05,0.35110363
2025-12-31 08:00:00.001000+00:00,1767168000001,2025-12-31T08:00:00.001000+00:00,7.497e-05,0.35093496
2025-12-31 16:00:00.001000+00:00,1767196800001,2025-12-31T16:00:00.001000+00:00,-2.629e-05,0.34211013
2026-01-01 00:00:00.008000+00:00,1767225600008,2026-01-01T00:00:00.008000+00:00,-0.00019458,0.3333
2026-01-01 08:00:00.002000+00:00,1767254400002,2026-01-01T08:00:00.002000+00:00,-7.317e-05,0.3362792
2026-01-01 16:00:00.001000+00:00,1767283200001,2026-01-01T16:00:00.001000+00:00,2.799e-05,0.34691934
2026-01-02 00:00:00.006000+00:00,1767312000006,2026-01-02T00:00:00.006000+00:00,0.0001,0.3564
2026-01-02 08:00:00.007000+00:00,1767340800007,2026-01-02T08:00:00.007000+00:00,0.0001,0.35558605
2026-01-02 16:00:00+00:00,1767369600000,2026-01-02T16:00:00+00:00,0.0001,0.37153522
2026-01-03 00:00:00.001000+00:00,1767398400001,2026-01-03T00:00:00.001000+00:00,0.0001,0.3948
2026-01-03 08:00:00+00:00,1767427200000,2026-01-03T08:00:00+00:00,0.0001,0.3842
2026-01-03 16:00:00+00:00,1767456000000,2026-01-03T16:00:00+00:00,0.0001,0.3861
2026-01-04 00:00:00+00:00,1767484800000,2026-01-04T00:00:00+00:00,0.0001,0.3893
2026-01-04 08:00:00+00:00,1767513600000,2026-01-04T08:00:00+00:00,9.305e-05,0.396
2026-01-04 16:00:00.001000+00:00,1767542400001,2026-01-04T16:00:00.001000+00:00,9.325e-05,0.3987
2026-01-05 00:00:00+00:00,1767571200000,2026-01-05T00:00:00+00:00,0.0001,0.40054774
2026-01-05 08:00:00+00:00,1767600000000,2026-01-05T08:00:00+00:00,6.088e-05,0.40081372
2026-01-05 16:00:00+00:00,1767628800000,2026-01-05T16:00:00+00:00,0.0001,0.4126
2026-01-06 00:00:00.010000+00:00,1767657600010,2026-01-06T00:00:00.010000+00:00,4.997e-05,0.4209
2026-01-06 08:00:00+00:00,1767686400000,2026-01-06T08:00:00+00:00,1.404e-05,0.4147
2026-01-06 16:00:00+00:00,1767715200000,2026-01-06T16:00:00+00:00,3.622e-05,0.4199
2026-01-07 00:00:00.001000+00:00,1767744000001,2026-01-07T00:00:00.001000+00:00,3.141e-05,0.4192
2026-01-07 08:00:00.001000+00:00,1767772800001,2026-01-07T08:00:00.001000+00:00,0.0001,0.4186
2026-01-07 16:00:00.001000+00:00,1767801600001,2026-01-07T16:00:00.001000+00:00,6.491e-05,0.40255516
2026-01-08 00:00:00.001000+00:00,1767830400001,2026-01-08T00:00:00.001000+00:00,0.0001,0.40201691
2026-01-08 08:00:00+00:00,1767859200000,2026-01-08T08:00:00+00:00,0.0001,0.3952
2026-01-08 16:00:00+00:00,1767888000000,2026-01-08T16:00:00+00:00,9.088e-05,0.3950292
2026-01-09 00:00:00.003000+00:00,1767916800003,2026-01-09T00:00:00.003000+00:00,1.628e-05,0.3954
2026-01-09 08:00:00+00:00,1767945600000,2026-01-09T08:00:00+00:00,0.0001,0.397
2026-01-09 16:00:00.001000+00:00,1767974400001,2026-01-09T16:00:00.001000+00:00,4.516e-05,0.39690973
2026-01-10 00:00:00+00:00,1768003200000,2026-01-10T00:00:00+00:00,7.797e-05,0.39123568
2026-01-10 08:00:00.002000+00:00,1768032000002,2026-01-10T08:00:00.002000+00:00,2.071e-05,0.38774904
2026-01-10 16:00:00.001000+00:00,1768060800001,2026-01-10T16:00:00.001000+00:00,7.308e-05,0.3895
2026-01-11 00:00:00.003000+00:00,1768089600003,2026-01-11T00:00:00.003000+00:00,7.274e-05,0.38820313
2026-01-11 08:00:00.006000+00:00,1768118400006,2026-01-11T08:00:00.006000+00:00,9.065e-05,0.3912472
2026-01-11 16:00:00+00:00,1768147200000,2026-01-11T16:00:00+00:00,0.0001,0.3902
2026-01-12 00:00:00.005000+00:00,1768176000005,2026-01-12T00:00:00.005000+00:00,-6.326e-05,0.3907
2026-01-12 08:00:00+00:00,1768204800000,2026-01-12T08:00:00+00:00,2.002e-05,0.39011482
2026-01-12 16:00:00+00:00,1768233600000,2026-01-12T16:00:00+00:00,8.35e-05,0.39433641
2026-01-13 00:00:00.007000+00:00,1768262400007,2026-01-13T00:00:00.007000+00:00,7.046e-05,0.386
2026-01-13 08:00:00.009000+00:00,1768291200009,2026-01-13T08:00:00.009000+00:00,0.0001,0.38980561
2026-01-13 16:00:00.002000+00:00,1768320000002,2026-01-13T16:00:00.002000+00:00,0.0001,0.40605375
2026-01-14 00:00:00+00:00,1768348800000,2026-01-14T00:00:00+00:00,0.0001,0.42178343
2026-01-14 08:00:00.001000+00:00,1768377600001,2026-01-14T08:00:00.001000+00:00,0.0001,0.42385241
2026-01-14 16:00:00.004000+00:00,1768406400004,2026-01-14T16:00:00.004000+00:00,0.0001,0.41983786
2026-01-15 00:00:00+00:00,1768435200000,2026-01-15T00:00:00+00:00,0.0001,0.41400955
2026-01-15 08:00:00.004000+00:00,1768464000004,2026-01-15T08:00:00.004000+00:00,-4.203e-05,0.40414886
2026-01-15 16:00:00.002000+00:00,1768492800002,2026-01-15T16:00:00.002000+00:00,-1.077e-05,0.3996
2026-01-16 00:00:00+00:00,1768521600000,2026-01-16T00:00:00+00:00,-2.129e-05,0.39334778
2026-01-16 08:00:00+00:00,1768550400000,2026-01-16T08:00:00+00:00,3.324e-05,0.3923
2026-01-16 16:00:00.001000+00:00,1768579200001,2026-01-16T16:00:00.001000+00:00,-0.0001072,0.38141302
2026-01-17 00:00:00+00:00,1768608000000,2026-01-17T00:00:00+00:00,0.0001,0.3953
2026-01-17 08:00:00+00:00,1768636800000,2026-01-17T08:00:00+00:00,0.0001,0.3955
2026-01-17 16:00:00.002000+00:00,1768665600002,2026-01-17T16:00:00.002000+00:00,-3.02e-06,0.4024
2026-01-18 00:00:00.001000+00:00,1768694400001,2026-01-18T00:00:00.001000+00:00,0.0001,0.3972
2026-01-18 08:00:00+00:00,1768723200000,2026-01-18T08:00:00+00:00,-3.25e-05,0.39390235
2026-01-18 16:00:00+00:00,1768752000000,2026-01-18T16:00:00+00:00,-3.725e-05,0.3922
2026-01-19 00:00:00.007000+00:00,1768780800007,2026-01-19T00:00:00.007000+00:00,-1.696e-05,0.37544857
2026-01-19 08:00:00.007000+00:00,1768809600007,2026-01-19T08:00:00.007000+00:00,-2.603e-05,0.3638
2026-01-19 16:00:00.007000+00:00,1768838400007,2026-01-19T16:00:00.007000+00:00,5.059e-05,0.36662272
2026-01-20 00:00:00.005000+00:00,1768867200005,2026-01-20T00:00:00.005000+00:00,0.0001,0.37007197
2026-01-20 08:00:00.001000+00:00,1768896000001,2026-01-20T08:00:00.001000+00:00,3.332e-05,0.36570033
2026-01-20 16:00:00.009000+00:00,1768924800009,2026-01-20T16:00:00.009000+00:00,9.152e-05,0.35921382
2026-01-21 00:00:00.001000+00:00,1768953600001,2026-01-21T00:00:00.001000+00:00,1.114e-05,0.35049175
2026-01-21 08:00:00.011000+00:00,1768982400011,2026-01-21T08:00:00.011000+00:00,8.031e-05,0.3595
2026-01-21 16:00:00.011000+00:00,1769011200011,2026-01-21T16:00:00.011000+00:00,-3.188e-05,0.36211736
2026-01-22 00:00:00.010000+00:00,1769040000010,2026-01-22T00:00:00.010000+00:00,0.0001,0.3658
2026-01-22 08:00:00.003000+00:00,1769068800003,2026-01-22T08:00:00.003000+00:00,3.108e-05,0.36335233
2026-01-22 16:00:00.005000+00:00,1769097600005,2026-01-22T16:00:00.005000+00:00,-3.185e-05,0.35829983
2026-01-23 00:00:00.005000+00:00,1769126400005,2026-01-23T00:00:00.005000+00:00,-4.789e-05,0.35920524
2026-01-23 08:00:00+00:00,1769155200000,2026-01-23T08:00:00+00:00,-3.66e-05,0.36105842
2026-01-23 16:00:00.011000+00:00,1769184000011,2026-01-23T16:00:00.011000+00:00,2.915e-05,0.3601
2026-01-24 00:00:00.011000+00:00,1769212800011,2026-01-24T00:00:00.011000+00:00,-1.015e-05,0.36003654
2026-01-24 08:00:00.002000+00:00,1769241600002,2026-01-24T08:00:00.002000+00:00,6.924e-05,0.35932981
2026-01-24 16:00:00.001000+00:00,1769270400001,2026-01-24T16:00:00.001000+00:00,1.991e-05,0.35770392
2026-01-25 00:00:00.002000+00:00,1769299200002,2026-01-25T00:00:00.002000+00:00,-2.095e-05,0.35816551
2026-01-25 08:00:00.011000+00:00,1769328000011,2026-01-25T08:00:00.011000+00:00,0.0001,0.35558927
2026-01-25 16:00:00.005000+00:00,1769356800005,2026-01-25T16:00:00.005000+00:00,-3.04e-05,0.3521
2026-01-26 00:00:00+00:00,1769385600000,2026-01-26T00:00:00+00:00,-0.0001038,0.3389
2026-01-26 08:00:00.003000+00:00,1769414400003,2026-01-26T08:00:00.003000+00:00,0.0001,0.3481
2026-01-26 16:00:00+00:00,1769443200000,2026-01-26T16:00:00+00:00,0.0001,0.3522
2026-01-27 00:00:00.002000+00:00,1769472000002,2026-01-27T00:00:00.002000+00:00,0.0001,0.352
2026-01-27 08:00:00+00:00,1769500800000,2026-01-27T08:00:00+00:00,0.0001,0.35176665
2026-01-27 16:00:00+00:00,1769529600000,2026-01-27T16:00:00+00:00,7.727e-05,0.3514911
2026-01-28 00:00:00+00:00,1769558400000,2026-01-28T00:00:00+00:00,0.0001,0.3606
2026-01-28 08:00:00+00:00,1769587200000,2026-01-28T08:00:00+00:00,0.0001,0.3575
2026-01-28 16:00:00+00:00,1769616000000,2026-01-28T16:00:00+00:00,8.41e-06,0.35699302
2026-01-29 00:00:00+00:00,1769644800000,2026-01-29T00:00:00+00:00,9.355e-05,0.35815552
2026-01-29 08:00:00.009000+00:00,1769673600009,2026-01-29T08:00:00.009000+00:00,-3.505e-05,0.3512
2026-01-29 16:00:00+00:00,1769702400000,2026-01-29T16:00:00+00:00,-6.649e-05,0.333
2026-01-30 00:00:00.008000+00:00,1769731200008,2026-01-30T00:00:00.008000+00:00,-8.832e-05,0.3345
2026-01-30 08:00:00+00:00,1769760000000,2026-01-30T08:00:00+00:00,-8.15e-05,0.32530421
2026-01-30 16:00:00.001000+00:00,1769788800001,2026-01-30T16:00:00.001000+00:00,-3.834e-05,0.32552897
2026-01-31 00:00:00+00:00,1769817600000,2026-01-31T00:00:00+00:00,7.15e-05,0.32059791
2026-01-31 08:00:00.001000+00:00,1769846400001,2026-01-31T08:00:00.001000+00:00,5.892e-05,0.3122
2026-01-31 16:00:00.009000+00:00,1769875200009,2026-01-31T16:00:00.009000+00:00,1.343e-05,0.2960115
2026-02-01 00:00:00.001000+00:00,1769904000001,2026-02-01T00:00:00.001000+00:00,-0.00025965,0.2934
2026-02-01 08:00:00.004000+00:00,1769932800004,2026-02-01T08:00:00.004000+00:00,-4.714e-05,0.2961
2026-02-01 16:00:00+00:00,1769961600000,2026-02-01T16:00:00+00:00,6.153e-05,0.2893
2026-02-02 00:00:00+00:00,1769990400000,2026-02-02T00:00:00+00:00,-3.04e-05,0.2856
2026-02-02 08:00:00.014000+00:00,1770019200014,2026-02-02T08:00:00.014000+00:00,-8.85e-06,0.284
2026-02-02 16:00:00+00:00,1770048000000,2026-02-02T16:00:00+00:00,-0.00015743,0.3012
2026-02-03 00:00:00+00:00,1770076800000,2026-02-03T00:00:00+00:00,-0.00020733,0.299
2026-02-03 08:00:00.007000+00:00,1770105600007,2026-02-03T08:00:00.007000+00:00,-5.446e-05,0.2992
2026-02-03 16:00:00+00:00,1770134400000,2026-02-03T16:00:00+00:00,-6.261e-05,0.3039
2026-02-04 00:00:00.002000+00:00,1770163200002,2026-02-04T00:00:00.002000+00:00,2.101e-05,0.29150639
2026-02-04 08:00:00.007000+00:00,1770192000007,2026-02-04T08:00:00.007000+00:00,0.0001,0.2997
2026-02-04 16:00:00+00:00,1770220800000,2026-02-04T16:00:00+00:00,-5.733e-05,0.2864
2026-02-05 00:00:00.011000+00:00,1770249600011,2026-02-05T00:00:00.011000+00:00,-1.304e-05,0.2863
2026-02-05 08:00:00+00:00,1770278400000,2026-02-05T08:00:00+00:00,2.534e-05,0.2792
2026-02-05 16:00:00.007000+00:00,1770307200007,2026-02-05T16:00:00.007000+00:00,2.448e-05,0.2622
2026-02-06 00:00:00+00:00,1770336000000,2026-02-06T00:00:00+00:00,-0.00013478,0.2453
2026-02-06 08:00:00.001000+00:00,1770364800001,2026-02-06T08:00:00.001000+00:00,-7.044e-05,0.2513
2026-02-06 16:00:00+00:00,1770393600000,2026-02-06T16:00:00+00:00,-0.00036497,0.2732
2026-02-07 00:00:00.003000+00:00,1770422400003,2026-02-07T00:00:00.003000+00:00,-0.00011603,0.2758544
2026-02-07 08:00:00+00:00,1770451200000,2026-02-07T08:00:00+00:00,-1.398e-05,0.26813848
2026-02-07 16:00:00.010000+00:00,1770480000010,2026-02-07T16:00:00.010000+00:00,7.574e-05,0.2726
2026-02-08 00:00:00.003000+00:00,1770508800003,2026-02-08T00:00:00.003000+00:00,-1.569e-05,0.272
2026-02-08 08:00:00+00:00,1770537600000,2026-02-08T08:00:00+00:00,2.809e-05,0.27095179
2026-02-08 16:00:00+00:00,1770566400000,2026-02-08T16:00:00+00:00,-7.524e-05,0.2725
2026-02-09 00:00:00.002000+00:00,1770595200002,2026-02-09T00:00:00.002000+00:00,-3.314e-05,0.26995044
2026-02-09 08:00:00.001000+00:00,1770624000001,2026-02-09T08:00:00.001000+00:00,-0.00021836,0.26891379
2026-02-09 16:00:00.007000+00:00,1770652800007,2026-02-09T16:00:00.007000+00:00,3.026e-05,0.2678
2026-02-10 00:00:00+00:00,1770681600000,2026-02-10T00:00:00+00:00,4.666e-05,0.26976677
2026-02-10 08:00:00.007000+00:00,1770710400007,2026-02-10T08:00:00.007000+00:00,-0.00016577,0.26271755
2026-02-10 16:00:00+00:00,1770739200000,2026-02-10T16:00:00+00:00,-0.00014573,0.2632
2026-02-11 00:00:00+00:00,1770768000000,2026-02-11T00:00:00+00:00,-2.46e-05,0.2618
2026-02-11 08:00:00.006000+00:00,1770796800006,2026-02-11T08:00:00.006000+00:00,-1.155e-05,0.2553403
2026-02-11 16:00:00+00:00,1770825600000,2026-02-11T16:00:00+00:00,-7.216e-05,0.253
2026-02-12 00:00:00+00:00,1770854400000,2026-02-12T00:00:00+00:00,3.476e-05,0.2559
2026-02-12 08:00:00.001000+00:00,1770883200001,2026-02-12T08:00:00.001000+00:00,2.057e-05,0.26248095
2026-02-12 16:00:00.001000+00:00,1770912000001,2026-02-12T16:00:00.001000+00:00,3.341e-05,0.2624
2026-02-13 00:00:00.007000+00:00,1770940800007,2026-02-13T00:00:00.007000+00:00,-7.863e-05,0.2643
2026-02-13 08:00:00.003000+00:00,1770969600003,2026-02-13T08:00:00.003000+00:00,6.172e-05,0.2619
2026-02-13 16:00:00.005000+00:00,1770998400005,2026-02-13T16:00:00.005000+00:00,-2.172e-05,0.269
2026-02-14 00:00:00.002000+00:00,1771027200002,2026-02-14T00:00:00.002000+00:00,7.306e-05,0.27279378
2026-02-14 08:00:00.004000+00:00,1771056000004,2026-02-14T08:00:00.004000+00:00,2.48e-06,0.27560979
2026-02-14 16:00:00.002000+00:00,1771084800002,2026-02-14T16:00:00.002000+00:00,9.573e-05,0.2861
2026-02-15 00:00:00+00:00,1771113600000,2026-02-15T00:00:00+00:00,6.502e-05,0.29484427
2026-02-15 08:00:00.002000+00:00,1771142400002,2026-02-15T08:00:00.002000+00:00,-8.689e-05,0.30055818
2026-02-15 16:00:00+00:00,1771171200000,2026-02-15T16:00:00+00:00,6.9e-05,0.284
2026-02-16 00:00:00.001000+00:00,1771200000001,2026-02-16T00:00:00.001000+00:00,-4.495e-05,0.2816
2026-02-16 08:00:00.003000+00:00,1771228800003,2026-02-16T08:00:00.003000+00:00,1.63e-05,0.28
2026-02-16 16:00:00+00:00,1771257600000,2026-02-16T16:00:00+00:00,-0.00013408,0.27887994
2026-02-17 00:00:00.008000+00:00,1771286400008,2026-02-17T00:00:00.008000+00:00,6.766e-05,0.28563315
2026-02-17 08:00:00.001000+00:00,1771315200001,2026-02-17T08:00:00.001000+00:00,-7.531e-05,0.28623393
2026-02-17 16:00:00.002000+00:00,1771344000002,2026-02-17T16:00:00.002000+00:00,-3.572e-05,0.2812
2026-02-18 00:00:00+00:00,1771372800000,2026-02-18T00:00:00+00:00,1.378e-05,0.2809
2026-02-18 08:00:00+00:00,1771401600000,2026-02-18T08:00:00+00:00,-0.00013293,0.28434744
2026-02-18 16:00:00.011000+00:00,1771430400011,2026-02-18T16:00:00.011000+00:00,1.822e-05,0.28393192
2026-02-19 00:00:00.013000+00:00,1771459200013,2026-02-19T00:00:00.013000+00:00,-0.0001072,0.27340998
2026-02-19 08:00:00+00:00,1771488000000,2026-02-19T08:00:00+00:00,4.259e-05,0.27617886
2026-02-19 16:00:00.003000+00:00,1771516800003,2026-02-19T16:00:00.003000+00:00,-3.38e-06,0.27001872
2026-02-20 00:00:00+00:00,1771545600000,2026-02-20T00:00:00+00:00,7.485e-05,0.2729
2026-02-20 08:00:00+00:00,1771574400000,2026-02-20T08:00:00+00:00,-9.245e-05,0.2735
2026-02-20 16:00:00+00:00,1771603200000,2026-02-20T16:00:00+00:00,4.069e-05,0.28879837
2026-02-21 00:00:00.004000+00:00,1771632000004,2026-02-21T00:00:00.004000+00:00,-2.1e-07,0.2847
2026-02-21 08:00:00+00:00,1771660800000,2026-02-21T08:00:00+00:00,-3.202e-05,0.2812
2026-02-21 16:00:00.005000+00:00,1771689600005,2026-02-21T16:00:00.005000+00:00,-0.00019523,0.2823
2026-02-22 00:00:00.001000+00:00,1771718400001,2026-02-22T00:00:00.001000+00:00,-9.36e-05,0.27980291
2026-02-22 08:00:00.004000+00:00,1771747200004,2026-02-22T08:00:00.004000+00:00,-0.00014351,0.27567628
2026-02-22 16:00:00+00:00,1771776000000,2026-02-22T16:00:00+00:00,-8.752e-05,0.27165352
2026-02-23 00:00:00.001000+00:00,1771804800001,2026-02-23T00:00:00.001000+00:00,-0.00016939,0.27145896
2026-02-23 08:00:00+00:00,1771833600000,2026-02-23T08:00:00+00:00,-4.745e-05,0.2665
2026-02-23 16:00:00+00:00,1771862400000,2026-02-23T16:00:00+00:00,8.354e-05,0.2669
2026-02-24 00:00:00.007000+00:00,1771891200007,2026-02-24T00:00:00.007000+00:00,-4.29e-06,0.26212684
2026-02-24 08:00:00+00:00,1771920000000,2026-02-24T08:00:00+00:00,-7.757e-05,0.2575
2026-02-24 16:00:00.001000+00:00,1771948800001,2026-02-24T16:00:00.001000+00:00,2.601e-05,0.25951073
2026-02-25 00:00:00.001000+00:00,1771977600001,2026-02-25T00:00:00.001000+00:00,3.334e-05,0.25848672
2026-02-25 08:00:00.007000+00:00,1772006400007,2026-02-25T08:00:00.007000+00:00,3.913e-05,0.2659
2026-02-25 16:00:00+00:00,1772035200000,2026-02-25T16:00:00+00:00,0.0001,0.29034657
2026-02-26 00:00:00+00:00,1772064000000,2026-02-26T00:00:00+00:00,0.0001,0.29707857
2026-02-26 08:00:00.006000+00:00,1772092800006,2026-02-26T08:00:00.006000+00:00,0.0001,0.29312307
2026-02-26 16:00:00.002000+00:00,1772121600002,2026-02-26T16:00:00.002000+00:00,5.623e-05,0.29138041
2026-02-27 00:00:00.007000+00:00,1772150400007,2026-02-27T00:00:00.007000+00:00,-1.493e-05,0.2868
2026-02-27 08:00:00+00:00,1772179200000,2026-02-27T08:00:00+00:00,4.864e-05,0.2903
2026-02-27 16:00:00.001000+00:00,1772208000001,2026-02-27T16:00:00.001000+00:00,-4.82e-06,0.28043565
2026-02-28 00:00:00+00:00,1772236800000,2026-02-28T00:00:00+00:00,-3.203e-05,0.2775
2026-02-28 08:00:00+00:00,1772265600000,2026-02-28T08:00:00+00:00,6.18e-06,0.26488823
2026-02-28 16:00:00.004000+00:00,1772294400004,2026-02-28T16:00:00.004000+00:00,-2.617e-05,0.2677246
2026-03-01 00:00:00.005000+00:00,1772323200005,2026-03-01T00:00:00.005000+00:00,0.0001,0.28085692
2026-03-01 08:00:00+00:00,1772352000000,2026-03-01T08:00:00+00:00,0.0001,0.2826
2026-03-01 16:00:00.002000+00:00,1772380800002,2026-03-01T16:00:00.002000+00:00,-3.847e-05,0.28
2026-03-02 00:00:00.001000+00:00,1772409600001,2026-03-02T00:00:00.001000+00:00,7.831e-05,0.27331233
2026-03-02 08:00:00.007000+00:00,1772438400007,2026-03-02T08:00:00.007000+00:00,2.362e-05,0.2707
2026-03-02 16:00:00+00:00,1772467200000,2026-03-02T16:00:00+00:00,2.67e-06,0.2842
2026-03-03 00:00:00+00:00,1772496000000,2026-03-03T00:00:00+00:00,-3.755e-05,0.2769
2026-03-03 08:00:00+00:00,1772524800000,2026-03-03T08:00:00+00:00,-0.00014139,0.26856991
2026-03-03 16:00:00.007000+00:00,1772553600007,2026-03-03T16:00:00.007000+00:00,-7.06e-05,0.2651
2026-03-04 00:00:00.001000+00:00,1772582400001,2026-03-04T00:00:00.001000+00:00,-0.00016669,0.26234204
2026-03-04 08:00:00.005000+00:00,1772611200005,2026-03-04T08:00:00.005000+00:00,-6.976e-05,0.26479653
2026-03-04 16:00:00+00:00,1772640000000,2026-03-04T16:00:00+00:00,5.015e-05,0.28077337
2026-03-05 00:00:00+00:00,1772668800000,2026-03-05T00:00:00+00:00,0.0001,0.27622626
2026-03-05 08:00:00+00:00,1772697600000,2026-03-05T08:00:00+00:00,0.0001,0.272
2026-03-05 16:00:00.004000+00:00,1772726400004,2026-03-05T16:00:00.004000+00:00,-0.00010579,0.27091597
2026-03-06 00:00:00.001000+00:00,1772755200001,2026-03-06T00:00:00.001000+00:00,7.051e-05,0.26893772
2026-03-06 08:00:00.001000+00:00,1772784000001,2026-03-06T08:00:00.001000+00:00,-3.981e-05,0.2714
2026-03-06 16:00:00.004000+00:00,1772812800004,2026-03-06T16:00:00.004000+00:00,-0.00020412,0.25655843
2026-03-07 00:00:00.001000+00:00,1772841600001,2026-03-07T00:00:00.001000+00:00,-0.00015405,0.2589
2026-03-07 08:00:00.012000+00:00,1772870400012,2026-03-07T08:00:00.012000+00:00,-2.815e-05,0.25817442
2026-03-07 16:00:00.001000+00:00,1772899200001,2026-03-07T16:00:00.001000+00:00,-0.00018357,0.25480807
2026-03-08 00:00:00.001000+00:00,1772928000001,2026-03-08T00:00:00.001000+00:00,-7.662e-05,0.25422842
2026-03-08 08:00:00+00:00,1772956800000,2026-03-08T08:00:00+00:00,-0.00024508,0.25217188
2026-03-08 16:00:00.002000+00:00,1772985600002,2026-03-08T16:00:00.002000+00:00,-0.00017286,0.2494
2026-03-09 00:00:00+00:00,1773014400000,2026-03-09T00:00:00+00:00,-0.00012528,0.2491836
2026-03-09 08:00:00.004000+00:00,1773043200004,2026-03-09T08:00:00.004000+00:00,5.118e-05,0.2549
2026-03-09 16:00:00.003000+00:00,1773072000003,2026-03-09T16:00:00.003000+00:00,4.299e-05,0.2557
2026-03-10 00:00:00.012000+00:00,1773100800012,2026-03-10T00:00:00.012000+00:00,-6.365e-05,0.255
2026-03-10 08:00:00.002000+00:00,1773129600002,2026-03-10T08:00:00.002000+00:00,-2.309e-05,0.2602
2026-03-10 16:00:00.001000+00:00,1773158400001,2026-03-10T16:00:00.001000+00:00,0.0001,0.27120038
2026-03-11 00:00:00+00:00,1773187200000,2026-03-11T00:00:00+00:00,3.694e-05,0.26186147
2026-03-11 08:00:00.007000+00:00,1773216000007,2026-03-11T08:00:00.007000+00:00,-8.32e-05,0.2573
2026-03-11 16:00:00.010000+00:00,1773244800010,2026-03-11T16:00:00.010000+00:00,4.464e-05,0.2623
2026-03-12 00:00:00+00:00,1773273600000,2026-03-12T00:00:00+00:00,0.0001,0.26242296
2026-03-12 08:00:00+00:00,1773302400000,2026-03-12T08:00:00+00:00,-0.00012882,0.2606
2026-03-12 16:00:00+00:00,1773331200000,2026-03-12T16:00:00+00:00,-1.74e-06,0.2619
2026-03-13 00:00:00.006000+00:00,1773360000006,2026-03-13T00:00:00.006000+00:00,0.0001,0.2634
2026-03-13 08:00:00.001000+00:00,1773388800001,2026-03-13T08:00:00.001000+00:00,0.0001,0.2715
2026-03-13 16:00:00+00:00,1773417600000,2026-03-13T16:00:00+00:00,0.0001,0.2713527
2026-03-14 00:00:00.001000+00:00,1773446400001,2026-03-14T00:00:00.001000+00:00,-3.326e-05,0.2655
2026-03-14 08:00:00+00:00,1773475200000,2026-03-14T08:00:00+00:00,-0.00011746,0.26155877
2026-03-14 16:00:00.007000+00:00,1773504000007,2026-03-14T16:00:00.007000+00:00,-0.00028771,0.26048116
2026-03-15 00:00:00+00:00,1773532800000,2026-03-15T00:00:00+00:00,-0.00025448,0.2633
2026-03-15 08:00:00+00:00,1773561600000,2026-03-15T08:00:00+00:00,7.669e-05,0.2646
2026-03-15 16:00:00+00:00,1773590400000,2026-03-15T16:00:00+00:00,8.564e-05,0.26358363
2026-03-16 00:00:00+00:00,1773619200000,2026-03-16T00:00:00+00:00,9.182e-05,0.2701
2026-03-16 08:00:00.010000+00:00,1773648000010,2026-03-16T08:00:00.010000+00:00,0.0001,0.28986896
2026-03-16 16:00:00+00:00,1773676800000,2026-03-16T16:00:00+00:00,0.0001,0.28341716
2026-03-17 00:00:00+00:00,1773705600000,2026-03-17T00:00:00+00:00,7.693e-05,0.2903
2026-03-17 08:00:00.002000+00:00,1773734400002,2026-03-17T08:00:00.002000+00:00,-0.00010713,0.28640266
2026-03-17 16:00:00.011000+00:00,1773763200011,2026-03-17T16:00:00.011000+00:00,9.919e-05,0.28626744
2026-03-18 00:00:00.002000+00:00,1773792000002,2026-03-18T00:00:00.002000+00:00,6.94e-05,0.2888649
2026-03-18 08:00:00.002000+00:00,1773820800002,2026-03-18T08:00:00.002000+00:00,5.163e-05,0.28833841
2026-03-18 16:00:00.005000+00:00,1773849600005,2026-03-18T16:00:00.005000+00:00,-0.00011429,0.2714
2026-03-19 00:00:00+00:00,1773878400000,2026-03-19T00:00:00+00:00,-0.0001082,0.2741
2026-03-19 08:00:00.003000+00:00,1773907200003,2026-03-19T08:00:00.003000+00:00,-5.832e-05,0.2683
2026-03-19 16:00:00.003000+00:00,1773936000003,2026-03-19T16:00:00.003000+00:00,-5.689e-05,0.2654
2026-03-20 00:00:00.002000+00:00,1773964800002,2026-03-20T00:00:00.002000+00:00,-3.88e-06,0.26739277
2026-03-20 08:00:00+00:00,1773993600000,2026-03-20T08:00:00+00:00,3.267e-05,0.26991106
2026-03-20 16:00:00+00:00,1774022400000,2026-03-20T16:00:00+00:00,-5.731e-05,0.26655565
2026-03-21 00:00:00+00:00,1774051200000,2026-03-21T00:00:00+00:00,-9.215e-05,0.26584682
2026-03-21 08:00:00+00:00,1774080000000,2026-03-21T08:00:00+00:00,6.02e-06,0.26475688
2026-03-21 16:00:00.014000+00:00,1774108800014,2026-03-21T16:00:00.014000+00:00,-0.00013242,0.2647
2026-03-22 00:00:00.012000+00:00,1774137600012,2026-03-22T00:00:00.012000+00:00,-0.00016752,0.25723621
2026-03-22 08:00:00.007000+00:00,1774166400007,2026-03-22T08:00:00.007000+00:00,-0.00022089,0.2566
2026-03-22 16:00:00.002000+00:00,1774195200002,2026-03-22T16:00:00.002000+00:00,-0.00028244,0.25544423
2026-03-23 00:00:00+00:00,1774224000000,2026-03-23T00:00:00+00:00,-0.0002475,0.25045525
2026-03-23 08:00:00.003000+00:00,1774252800003,2026-03-23T08:00:00.003000+00:00,-0.00014067,0.2498
2026-03-23 16:00:00.002000+00:00,1774281600002,2026-03-23T16:00:00.002000+00:00,2.444e-05,0.26097321
2026-03-24 00:00:00+00:00,1774310400000,2026-03-24T00:00:00+00:00,7.22e-05,0.2615
2026-03-24 08:00:00+00:00,1774339200000,2026-03-24T08:00:00+00:00,-1.5e-06,0.2656
2026-03-24 16:00:00.003000+00:00,1774368000003,2026-03-24T16:00:00.003000+00:00,-3.492e-05,0.26083945
2026-03-25 00:00:00+00:00,1774396800000,2026-03-25T00:00:00+00:00,0.0001,0.2663
2026-03-25 08:00:00+00:00,1774425600000,2026-03-25T08:00:00+00:00,0.0001,0.2694
2026-03-25 16:00:00.013000+00:00,1774454400013,2026-03-25T16:00:00.013000+00:00,0.0001,0.2702
2026-03-26 00:00:00.001000+00:00,1774483200001,2026-03-26T00:00:00.001000+00:00,0.0001,0.27039897
2026-03-26 08:00:00.001000+00:00,1774512000001,2026-03-26T08:00:00.001000+00:00,9.119e-05,0.26193406
2026-03-26 16:00:00+00:00,1774540800000,2026-03-26T16:00:00+00:00,-2.125e-05,0.2559
2026-03-27 00:00:00.006000+00:00,1774569600006,2026-03-27T00:00:00.006000+00:00,2.635e-05,0.25452622
2026-03-27 08:00:00+00:00,1774598400000,2026-03-27T08:00:00+00:00,-5.522e-05,0.2547
2026-03-27 16:00:00+00:00,1774627200000,2026-03-27T16:00:00+00:00,-0.00013929,0.2474634
2026-03-28 00:00:00.005000+00:00,1774656000005,2026-03-28T00:00:00.005000+00:00,-8.404e-05,0.24588056
2026-03-28 08:00:00.005000+00:00,1774684800005,2026-03-28T08:00:00.005000+00:00,-1.047e-05,0.2483
2026-03-28 16:00:00+00:00,1774713600000,2026-03-28T16:00:00+00:00,-0.00011218,0.2512
2026-03-29 00:00:00.003000+00:00,1774742400003,2026-03-29T00:00:00.003000+00:00,-2.94e-06,0.24578927
2026-03-29 08:00:00.001000+00:00,1774771200001,2026-03-29T08:00:00.001000+00:00,-0.00011024,0.245
2026-03-29 16:00:00+00:00,1774800000000,2026-03-29T16:00:00+00:00,-0.00024229,0.24127938
2026-03-30 00:00:00+00:00,1774828800000,2026-03-30T00:00:00+00:00,-0.00011726,0.23970147
2026-03-30 08:00:00.005000+00:00,1774857600005,2026-03-30T08:00:00.005000+00:00,0.0001,0.2486
2026-03-30 16:00:00+00:00,1774886400000,2026-03-30T16:00:00+00:00,0.0001,0.24832637
2026-03-31 00:00:00+00:00,1774915200000,2026-03-31T00:00:00+00:00,0.0001,0.2433
2026-03-31 08:00:00+00:00,1774944000000,2026-03-31T08:00:00+00:00,0.0001,0.2435
2026-03-31 16:00:00+00:00,1774972800000,2026-03-31T16:00:00+00:00,-2.104e-05,0.2378
2026-04-01 00:00:00+00:00,1775001600000,2026-04-01T00:00:00+00:00,-0.00028234,0.2416
2026-04-01 08:00:00+00:00,1775030400000,2026-04-01T08:00:00+00:00,0.0001,0.2499
2026-04-01 16:00:00+00:00,1775059200000,2026-04-01T16:00:00+00:00,5.399e-05,0.249
2026-04-02 00:00:00.003000+00:00,1775088000003,2026-04-02T00:00:00.003000+00:00,0.0001,0.2484
2026-04-02 08:00:00.001000+00:00,1775116800001,2026-04-02T08:00:00.001000+00:00,-0.0002585,0.23873782
2026-04-02 16:00:00.001000+00:00,1775145600001,2026-04-02T16:00:00.001000+00:00,-6.914e-05,0.23961631
2026-04-03 00:00:00+00:00,1775174400000,2026-04-03T00:00:00+00:00,0.0001,0.23923342
2026-04-03 08:00:00.008000+00:00,1775203200008,2026-04-03T08:00:00.008000+00:00,0.0001,0.2435
2026-04-03 16:00:00.008000+00:00,1775232000008,2026-04-03T16:00:00.008000+00:00,0.0001,0.24597086
2026-04-04 00:00:00+00:00,1775260800000,2026-04-04T00:00:00+00:00,0.0001,0.2463
2026-04-04 08:00:00.003000+00:00,1775289600003,2026-04-04T08:00:00.003000+00:00,0.0001,0.2453
2026-04-04 16:00:00+00:00,1775318400000,2026-04-04T16:00:00+00:00,9.363e-05,0.2451
2026-04-05 00:00:00.008000+00:00,1775347200008,2026-04-05T00:00:00.008000+00:00,0.0001,0.2478
2026-04-05 08:00:00+00:00,1775376000000,2026-04-05T08:00:00+00:00,0.0001,0.24188346
2026-04-05 16:00:00.001000+00:00,1775404800001,2026-04-05T16:00:00.001000+00:00,-2.564e-05,0.2435
2026-04-06 00:00:00.004000+00:00,1775433600004,2026-04-06T00:00:00.004000+00:00,0.0001,0.2507
2026-04-06 08:00:00.001000+00:00,1775462400001,2026-04-06T08:00:00.001000+00:00,0.0001,0.2552
2026-04-06 16:00:00.003000+00:00,1775491200003,2026-04-06T16:00:00.003000+00:00,0.0001,0.2542
2026-04-07 00:00:00+00:00,1775520000000,2026-04-07T00:00:00+00:00,-3.99e-05,0.24593124
2026-04-07 08:00:00+00:00,1775548800000,2026-04-07T08:00:00+00:00,-0.00015347,0.24321697
2026-04-07 16:00:00+00:00,1775577600000,2026-04-07T16:00:00+00:00,-9.796e-05,0.2421
2026-04-08 00:00:00+00:00,1775606400000,2026-04-08T00:00:00+00:00,0.0001,0.2627
2026-04-08 08:00:00+00:00,1775635200000,2026-04-08T08:00:00+00:00,0.0001,0.26116722
2026-04-08 16:00:00.006000+00:00,1775664000006,2026-04-08T16:00:00.006000+00:00,0.0001,0.2540914
2026-04-09 00:00:00+00:00,1775692800000,2026-04-09T00:00:00+00:00,0.0001,0.2506244
2026-04-09 08:00:00.010000+00:00,1775721600010,2026-04-09T08:00:00.010000+00:00,-9.236e-05,0.25042438
2026-04-09 16:00:00.001000+00:00,1775750400001,2026-04-09T16:00:00.001000+00:00,4.55e-05,0.2545
2026-04-10 00:00:00+00:00,1775779200000,2026-04-10T00:00:00+00:00,0.0001,0.25403655
2026-04-10 08:00:00.005000+00:00,1775808000005,2026-04-10T08:00:00.005000+00:00,0.0001,0.2505554
2026-04-10 16:00:00+00:00,1775836800000,2026-04-10T16:00:00+00:00,8.545e-05,0.2538904
2026-04-11 00:00:00+00:00,1775865600000,2026-04-11T00:00:00+00:00,0.0001,0.2541
2026-04-11 08:00:00+00:00,1775894400000,2026-04-11T08:00:00+00:00,-0.00013537,0.2504
2026-04-11 16:00:00.003000+00:00,1775923200003,2026-04-11T16:00:00.003000+00:00,-0.0001099,0.24802276
2026-04-12 00:00:00+00:00,1775952000000,2026-04-12T00:00:00+00:00,7.229e-05,0.2494
2026-04-12 08:00:00+00:00,1775980800000,2026-04-12T08:00:00+00:00,-0.00025251,0.2413297
2026-04-12 16:00:00+00:00,1776009600000,2026-04-12T16:00:00+00:00,-0.0003132,0.23818439
2026-04-13 00:00:00.011000+00:00,1776038400011,2026-04-13T00:00:00.011000+00:00,-0.00015254,0.23592805
2026-04-13 08:00:00.006000+00:00,1776067200006,2026-04-13T08:00:00.006000+00:00,-0.00019328,0.23789043
2026-04-13 16:00:00+00:00,1776096000000,2026-04-13T16:00:00+00:00,8.932e-05,0.2392133
2026-04-14 00:00:00.005000+00:00,1776124800005,2026-04-14T00:00:00.005000+00:00,1.874e-05,0.2486
2026-04-14 08:00:00.003000+00:00,1776153600003,2026-04-14T08:00:00.003000+00:00,2.433e-05,0.2433
2026-04-14 16:00:00.001000+00:00,1776182400001,2026-04-14T16:00:00.001000+00:00,2.441e-05,0.24423392
2026-04-15 00:00:00+00:00,1776211200000,2026-04-15T00:00:00+00:00,-0.00019936,0.23932926
2026-04-15 08:00:00+00:00,1776240000000,2026-04-15T08:00:00+00:00,-0.00014566,0.2383
2026-04-15 16:00:00+00:00,1776268800000,2026-04-15T16:00:00+00:00,2.291e-05,0.24252719
2026-04-16 00:00:00.013000+00:00,1776297600013,2026-04-16T00:00:00.013000+00:00,0.0001,0.24593028
2026-04-16 08:00:00+00:00,1776326400000,2026-04-16T08:00:00+00:00,0.0001,0.25002808
2026-04-16 16:00:00+00:00,1776355200000,2026-04-16T16:00:00+00:00,0.0001,0.25330501
2026-04-17 00:00:00.001000+00:00,1776384000001,2026-04-17T00:00:00.001000+00:00,0.0001,0.25908196
2026-04-17 08:00:00.011000+00:00,1776412800011,2026-04-17T08:00:00.011000+00:00,0.0001,0.2561
2026-04-17 16:00:00.001000+00:00,1776441600001,2026-04-17T16:00:00.001000+00:00,0.0001,0.26343508
2026-04-18 00:00:00.001000+00:00,1776470400001,2026-04-18T00:00:00.001000+00:00,0.0001,0.25856143
2026-04-18 08:00:00.006000+00:00,1776499200006,2026-04-18T08:00:00.006000+00:00,6.683e-05,0.25843059
2026-04-18 16:00:00+00:00,1776528000000,2026-04-18T16:00:00+00:00,-7.342e-05,0.2509
2026-04-19 00:00:00.002000+00:00,1776556800002,2026-04-19T00:00:00.002000+00:00,7.198e-05,0.2488974
2026-04-19 08:00:00.010000+00:00,1776585600010,2026-04-19T08:00:00.010000+00:00,-6.19e-05,0.24579486
2026-04-19 16:00:00.001000+00:00,1776614400001,2026-04-19T16:00:00.001000+00:00,1.4e-07,0.2487
2026-04-20 00:00:00+00:00,1776643200000,2026-04-20T00:00:00+00:00,-0.00010552,0.2423
2026-04-20 08:00:00+00:00,1776672000000,2026-04-20T08:00:00+00:00,2.927e-05,0.2465
2026-04-20 16:00:00.001000+00:00,1776700800001,2026-04-20T16:00:00.001000+00:00,6.487e-05,0.2475328
2026-04-21 00:00:00+00:00,1776729600000,2026-04-21T00:00:00+00:00,6.159e-05,0.2478
2026-04-21 08:00:00.004000+00:00,1776758400004,2026-04-21T08:00:00.004000+00:00,3.908e-05,0.24926887
2026-04-21 16:00:00.004000+00:00,1776787200004,2026-04-21T16:00:00.004000+00:00,1.302e-05,0.24861266
2026-04-22 00:00:00.004000+00:00,1776816000004,2026-04-22T00:00:00.004000+00:00,1.464e-05,0.249771
2026-04-22 08:00:00+00:00,1776844800000,2026-04-22T08:00:00+00:00,0.0001,0.25473077
2026-04-22 16:00:00+00:00,1776873600000,2026-04-22T16:00:00+00:00,0.0001,0.255
2026-04-23 00:00:00+00:00,1776902400000,2026-04-23T00:00:00+00:00,3.506e-05,0.2482
2026-04-23 08:00:00+00:00,1776931200000,2026-04-23T08:00:00+00:00,-0.00011656,0.24676726
2026-04-23 16:00:00.004000+00:00,1776960000004,2026-04-23T16:00:00.004000+00:00,-3.23e-06,0.25025999
2026-04-24 00:00:00.006000+00:00,1776988800006,2026-04-24T00:00:00.006000+00:00,0.0001,0.24967703
2026-04-24 08:00:00+00:00,1777017600000,2026-04-24T08:00:00+00:00,0.0001,0.24880905
2026-04-24 16:00:00+00:00,1777046400000,2026-04-24T16:00:00+00:00,0.0001,0.25211686
2026-04-25 00:00:00+00:00,1777075200000,2026-04-25T00:00:00+00:00,0.0001,0.25017862
2026-04-25 08:00:00.002000+00:00,1777104000002,2026-04-25T08:00:00.002000+00:00,0.0001,0.2514
2026-04-25 16:00:00.002000+00:00,1777132800002,2026-04-25T16:00:00.002000+00:00,8.757e-05,0.2501
2026-04-26 00:00:00.003000+00:00,1777161600003,2026-04-26T00:00:00.003000+00:00,-1.619e-05,0.2501
2026-04-26 08:00:00.007000+00:00,1777190400007,2026-04-26T08:00:00.007000+00:00,7.47e-05,0.2514
2026-04-26 16:00:00.004000+00:00,1777219200004,2026-04-26T16:00:00.004000+00:00,0.0001,0.2528
2026-04-27 00:00:00.004000+00:00,1777248000004,2026-04-27T00:00:00.004000+00:00,-2.14e-06,0.252
2026-04-27 08:00:00+00:00,1777276800000,2026-04-27T08:00:00+00:00,-5.838e-05,0.2468
2026-04-27 16:00:00.002000+00:00,1777305600002,2026-04-27T16:00:00.002000+00:00,-0.00016472,0.2444
2026-04-28 00:00:00.001000+00:00,1777334400001,2026-04-28T00:00:00.001000+00:00,-6.223e-05,0.2479872
2026-04-28 08:00:00+00:00,1777363200000,2026-04-28T08:00:00+00:00,9.371e-05,0.24685361
2026-04-28 16:00:00.004000+00:00,1777392000004,2026-04-28T16:00:00.004000+00:00,-6.7e-07,0.2464
2026-04-29 00:00:00.006000+00:00,1777420800006,2026-04-29T00:00:00.006000+00:00,2.333e-05,0.246643
2026-04-29 08:00:00.011000+00:00,1777449600011,2026-04-29T08:00:00.011000+00:00,0.0001,0.24942635
2026-04-29 16:00:00.003000+00:00,1777478400003,2026-04-29T16:00:00.003000+00:00,1.316e-05,0.2439
2026-04-30 00:00:00.002000+00:00,1777507200002,2026-04-30T00:00:00.002000+00:00,-3.55e-05,0.24447917
2026-04-30 08:00:00+00:00,1777536000000,2026-04-30T08:00:00+00:00,4.915e-05,0.2467
2026-04-30 16:00:00+00:00,1777564800000,2026-04-30T16:00:00+00:00,-4.7e-06,0.2474
2026-05-01 00:00:00+00:00,1777593600000,2026-05-01T00:00:00+00:00,-4.942e-05,0.2461
2026-05-01 08:00:00.005000+00:00,1777622400005,2026-05-01T08:00:00.005000+00:00,0.0001,0.2486
2026-05-01 16:00:00+00:00,1777651200000,2026-05-01T16:00:00+00:00,0.0001,0.2502
2026-05-02 00:00:00.006000+00:00,1777680000006,2026-05-02T00:00:00.006000+00:00,4.238e-05,0.24801006
2026-05-02 08:00:00+00:00,1777708800000,2026-05-02T08:00:00+00:00,-6.887e-05,0.24746602
2026-05-02 16:00:00.010000+00:00,1777737600010,2026-05-02T16:00:00.010000+00:00,0.0001,0.25
2026-05-03 00:00:00.005000+00:00,1777766400005,2026-05-03T00:00:00.005000+00:00,0.0001,0.2501
2026-05-03 08:00:00.003000+00:00,1777795200003,2026-05-03T08:00:00.003000+00:00,-2.423e-05,0.2487
2026-05-03 16:00:00+00:00,1777824000000,2026-05-03T16:00:00+00:00,0.0001,0.25065327
2026-05-04 00:00:00+00:00,1777852800000,2026-05-04T00:00:00+00:00,0.0001,0.2494
2026-05-04 08:00:00+00:00,1777881600000,2026-05-04T08:00:00+00:00,0.0001,0.25164547
2026-05-04 16:00:00.003000+00:00,1777910400003,2026-05-04T16:00:00.003000+00:00,2.897e-05,0.2506
2026-05-05 00:00:00+00:00,1777939200000,2026-05-05T00:00:00+00:00,1.168e-05,0.2497
2026-05-05 08:00:00.011000+00:00,1777968000011,2026-05-05T08:00:00.011000+00:00,0.0001,0.2566
2026-05-05 16:00:00+00:00,1777996800000,2026-05-05T16:00:00+00:00,0.0001,0.25672568
2026-05-06 00:00:00.010000+00:00,1778025600010,2026-05-06T00:00:00.010000+00:00,0.0001,0.26189825
2026-05-06 08:00:00+00:00,1778054400000,2026-05-06T08:00:00+00:00,0.0001,0.2649
2026-05-06 16:00:00.002000+00:00,1778083200002,2026-05-06T16:00:00.002000+00:00,0.0001,0.26754538
2026-05-07 00:00:00+00:00,1778112000000,2026-05-07T00:00:00+00:00,0.0001,0.2669
2026-05-07 08:00:00+00:00,1778140800000,2026-05-07T08:00:00+00:00,0.0001,0.26821404
2026-05-07 16:00:00.004000+00:00,1778169600004,2026-05-07T16:00:00.004000+00:00,0.0001,0.2617
2026-05-08 00:00:00.003000+00:00,1778198400003,2026-05-08T00:00:00.003000+00:00,9.571e-05,0.26252854
2026-05-08 08:00:00.002000+00:00,1778227200002,2026-05-08T08:00:00.002000+00:00,4.588e-05,0.26195637
2026-05-08 16:00:00.003000+00:00,1778256000003,2026-05-08T16:00:00.003000+00:00,0.0001,0.2696
2026-05-09 00:00:00+00:00,1778284800000,2026-05-09T00:00:00+00:00,0.0001,0.2734986
2026-05-09 08:00:00.001000+00:00,1778313600001,2026-05-09T08:00:00.001000+00:00,0.0001,0.2751
2026-05-09 16:00:00.002000+00:00,1778342400002,2026-05-09T16:00:00.002000+00:00,5.625e-05,0.2703
2026-05-10 00:00:00.003000+00:00,1778371200003,2026-05-10T00:00:00.003000+00:00,-5.54e-05,0.2707
2026-05-10 08:00:00+00:00,1778400000000,2026-05-10T08:00:00+00:00,1.9e-07,0.27044414
2026-05-10 16:00:00+00:00,1778428800000,2026-05-10T16:00:00+00:00,0.0001,0.28149944
2026-05-11 00:00:00+00:00,1778457600000,2026-05-11T00:00:00+00:00,0.0001,0.2822
2026-05-11 08:00:00+00:00,1778486400000,2026-05-11T08:00:00+00:00,3.176e-05,0.2776
2026-05-11 16:00:00+00:00,1778515200000,2026-05-11T16:00:00+00:00,8.21e-06,0.28225287
2026-05-12 00:00:00.002000+00:00,1778544000002,2026-05-12T00:00:00.002000+00:00,0.0001,0.28019737
2026-05-12 08:00:00.008000+00:00,1778572800008,2026-05-12T08:00:00.008000+00:00,-1.114e-05,0.27671617
2026-05-12 16:00:00+00:00,1778601600000,2026-05-12T16:00:00+00:00,-1.707e-05,0.26901552
2026-05-13 00:00:00.010000+00:00,1778630400010,2026-05-13T00:00:00.010000+00:00,5.96e-06,0.27091226
2026-05-13 08:00:00.003000+00:00,1778659200003,2026-05-13T08:00:00.003000+00:00,-8.65e-06,0.27319628
2026-05-13 16:00:00.001000+00:00,1778688000001,2026-05-13T16:00:00.001000+00:00,-7.299e-05,0.2619
2026-05-14 00:00:00.005000+00:00,1778716800005,2026-05-14T00:00:00.005000+00:00,1.95e-05,0.2646
2026-05-14 08:00:00+00:00,1778745600000,2026-05-14T08:00:00+00:00,0.0001,0.2644
2026-05-14 16:00:00+00:00,1778774400000,2026-05-14T16:00:00+00:00,-7.9e-07,0.2701
2026-05-15 00:00:00+00:00,1778803200000,2026-05-15T00:00:00+00:00,8.854e-05,0.2704
2026-05-15 08:00:00.016000+00:00,1778832000016,2026-05-15T08:00:00.016000+00:00,-1.593e-05,0.26824333
2026-05-15 16:00:00.012000+00:00,1778860800012,2026-05-15T16:00:00.012000+00:00,-0.0001172,0.25811821
2026-05-16 00:00:00.005000+00:00,1778889600005,2026-05-16T00:00:00.005000+00:00,-7.8e-07,0.26136878
2026-05-16 08:00:00+00:00,1778918400000,2026-05-16T08:00:00+00:00,-3.691e-05,0.25522063
2026-05-16 16:00:00.005000+00:00,1778947200005,2026-05-16T16:00:00.005000+00:00,-8.207e-05,0.25542644
2026-05-17 00:00:00+00:00,1778976000000,2026-05-17T00:00:00+00:00,6.343e-05,0.25496099
2026-05-17 08:00:00.010000+00:00,1779004800010,2026-05-17T08:00:00.010000+00:00,2.659e-05,0.25614441
2026-05-17 16:00:00.009000+00:00,1779033600009,2026-05-17T16:00:00.009000+00:00,-2.405e-05,0.2552
2026-05-18 00:00:00.007000+00:00,1779062400007,2026-05-18T00:00:00.007000+00:00,-8.074e-05,0.25205585
2026-05-18 08:00:00.002000+00:00,1779091200002,2026-05-18T08:00:00.002000+00:00,2.544e-05,0.24924083
2026-05-18 16:00:00.007000+00:00,1779120000007,2026-05-18T16:00:00.007000+00:00,-2.345e-05,0.248
2026-05-19 00:00:00.001000+00:00,1779148800001,2026-05-19T00:00:00.001000+00:00,-8.96e-06,0.2515
2026-05-19 08:00:00.001000+00:00,1779177600001,2026-05-19T08:00:00.001000+00:00,0.0001,0.25233206
2026-05-19 16:00:00.009000+00:00,1779206400009,2026-05-19T16:00:00.009000+00:00,-2.1e-07,0.2483
2026-05-20 00:00:00.001000+00:00,1779235200001,2026-05-20T00:00:00.001000+00:00,-2.998e-05,0.24806894
2026-05-20 08:00:00.006000+00:00,1779264000006,2026-05-20T08:00:00.006000+00:00,9.479e-05,0.24905352
2026-05-20 16:00:00+00:00,1779292800000,2026-05-20T16:00:00+00:00,3.463e-05,0.25009948
2026-05-21 00:00:00.001000+00:00,1779321600001,2026-05-21T00:00:00.001000+00:00,-7.06e-06,0.24902362
2026-05-21 08:00:00+00:00,1779350400000,2026-05-21T08:00:00+00:00,9.389e-05,0.24891684
2026-05-21 16:00:00+00:00,1779379200000,2026-05-21T16:00:00+00:00,-6.791e-05,0.24834467
2026-05-22 00:00:00+00:00,1779408000000,2026-05-22T00:00:00+00:00,0.0001,0.2505
2026-05-22 08:00:00.004000+00:00,1779436800004,2026-05-22T08:00:00.004000+00:00,-6.9e-06,0.2514
2026-05-22 16:00:00.001000+00:00,1779465600001,2026-05-22T16:00:00.001000+00:00,-1.345e-05,0.2496
2026-05-23 00:00:00.009000+00:00,1779494400009,2026-05-23T00:00:00.009000+00:00,-4.54e-05,0.24222746
2026-05-23 08:00:00.001000+00:00,1779523200001,2026-05-23T08:00:00.001000+00:00,-7.245e-05,0.23776867
2026-05-23 16:00:00.003000+00:00,1779552000003,2026-05-23T16:00:00.003000+00:00,7.461e-05,0.24215501
2026-05-24 00:00:00.011000+00:00,1779580800011,2026-05-24T00:00:00.011000+00:00,5.359e-05,0.24583707
2026-05-24 08:00:00.008000+00:00,1779609600008,2026-05-24T08:00:00.008000+00:00,0.0001,0.2452
2026-05-24 16:00:00+00:00,1779638400000,2026-05-24T16:00:00+00:00,-1.461e-05,0.24276514
2026-05-25 00:00:00.001000+00:00,1779667200001,2026-05-25T00:00:00.001000+00:00,-8.175e-05,0.24204842
2026-05-25 08:00:00.001000+00:00,1779696000001,2026-05-25T08:00:00.001000+00:00,3.379e-05,0.2448
2026-05-25 16:00:00.001000+00:00,1779724800001,2026-05-25T16:00:00.001000+00:00,0.0001,0.2459
2026-05-26 00:00:00+00:00,1779753600000,2026-05-26T00:00:00+00:00,0.0001,0.24355142
2026-05-26 08:00:00.003000+00:00,1779782400003,2026-05-26T08:00:00.003000+00:00,-4.002e-05,0.2412
2026-05-26 16:00:00+00:00,1779811200000,2026-05-26T16:00:00+00:00,0.0001,0.24244177
2026-05-27 00:00:00+00:00,1779840000000,2026-05-27T00:00:00+00:00,-7.182e-05,0.2399596
2026-05-27 08:00:00.004000+00:00,1779868800004,2026-05-27T08:00:00.004000+00:00,3.905e-05,0.2403
2026-05-27 16:00:00.009000+00:00,1779897600009,2026-05-27T16:00:00.009000+00:00,2.057e-05,0.24126558
2026-05-28 00:00:00.001000+00:00,1779926400001,2026-05-28T00:00:00.001000+00:00,-7.607e-05,0.2371
2026-05-28 08:00:00+00:00,1779955200000,2026-05-28T08:00:00+00:00,-0.00017526,0.2314
2026-05-28 16:00:00.001000+00:00,1779984000001,2026-05-28T16:00:00.001000+00:00,-2.085e-05,0.233
2026-05-29 00:00:00+00:00,1780012800000,2026-05-29T00:00:00+00:00,1.548e-05,0.2348
2026-05-29 08:00:00.001000+00:00,1780041600001,2026-05-29T08:00:00.001000+00:00,6.369e-05,0.2347
2026-05-29 16:00:00.008000+00:00,1780070400008,2026-05-29T16:00:00.008000+00:00,6.4e-06,0.2357
2026-05-30 00:00:00+00:00,1780099200000,2026-05-30T00:00:00+00:00,-4.139e-05,0.2328
2026-05-30 08:00:00.001000+00:00,1780128000001,2026-05-30T08:00:00.001000+00:00,1.033e-05,0.2351
2026-05-30 16:00:00+00:00,1780156800000,2026-05-30T16:00:00+00:00,-5.918e-05,0.23634327
2026-05-31 00:00:00+00:00,1780185600000,2026-05-31T00:00:00+00:00,-1.279e-05,0.23587662
2026-05-31 08:00:00+00:00,1780214400000,2026-05-31T08:00:00+00:00,8.935e-05,0.23654941
2026-05-31 16:00:00.004000+00:00,1780243200004,2026-05-31T16:00:00.004000+00:00,-1.431e-05,0.2336
2026-06-01 00:00:00.001000+00:00,1780272000001,2026-06-01T00:00:00.001000+00:00,-1.215e-05,0.23555072
2026-06-01 08:00:00.001000+00:00,1780300800001,2026-06-01T08:00:00.001000+00:00,6.047e-05,0.23084866
2026-06-01 16:00:00+00:00,1780329600000,2026-06-01T16:00:00+00:00,-4.339e-05,0.22689914
2026-06-02 00:00:00+00:00,1780358400000,2026-06-02T00:00:00+00:00,7.827e-05,0.23095657
2026-06-02 08:00:00+00:00,1780387200000,2026-06-02T08:00:00+00:00,-6.054e-05,0.2239
2026-06-02 16:00:00+00:00,1780416000000,2026-06-02T16:00:00+00:00,-0.00011681,0.2152883
2026-06-03 00:00:00.013000+00:00,1780444800013,2026-06-03T00:00:00.013000+00:00,-5e-05,0.21273883
2026-06-03 08:00:00+00:00,1780473600000,2026-06-03T08:00:00+00:00,3.389e-05,0.21701116
2026-06-03 16:00:00.001000+00:00,1780502400001,2026-06-03T16:00:00.001000+00:00,0.0001,0.21190092
2026-06-04 00:00:00.009000+00:00,1780531200009,2026-06-04T00:00:00.009000+00:00,2.755e-05,0.20031115
2026-06-04 08:00:00+00:00,1780560000000,2026-06-04T08:00:00+00:00,2.351e-05,0.19461779
2026-06-04 16:00:00.003000+00:00,1780588800003,2026-06-04T16:00:00.003000+00:00,-7.198e-05,0.18874415
2026-06-05 00:00:00+00:00,1780617600000,2026-06-05T00:00:00+00:00,5.093e-05,0.17968634
2026-06-05 08:00:00.004000+00:00,1780646400004,2026-06-05T08:00:00.004000+00:00,6.563e-05,0.16337328
2026-06-05 16:00:00.009000+00:00,1780675200009,2026-06-05T16:00:00.009000+00:00,-7.397e-05,0.15711842
2026-06-06 00:00:00+00:00,1780704000000,2026-06-06T00:00:00+00:00,-0.00012033,0.15652229
2026-06-06 08:00:00+00:00,1780732800000,2026-06-06T08:00:00+00:00,3.246e-05,0.1573
2026-06-06 16:00:00+00:00,1780761600000,2026-06-06T16:00:00+00:00,-1.652e-05,0.1584
2026-06-07 00:00:00.001000+00:00,1780790400001,2026-06-07T00:00:00.001000+00:00,-4.899e-05,0.1572
2026-06-07 08:00:00+00:00,1780819200000,2026-06-07T08:00:00+00:00,-0.00011007,0.16218733
2026-06-07 16:00:00+00:00,1780848000000,2026-06-07T16:00:00+00:00,-5.14e-05,0.16210458
2026-06-08 00:00:00+00:00,1780876800000,2026-06-08T00:00:00+00:00,9.229e-05,0.1652
2026-06-08 08:00:00.005000+00:00,1780905600005,2026-06-08T08:00:00.005000+00:00,9.236e-05,0.1637
2026-06-08 16:00:00.004000+00:00,1780934400004,2026-06-08T16:00:00.004000+00:00,-7.662e-05,0.1691
2026-06-09 00:00:00+00:00,1780963200000,2026-06-09T00:00:00+00:00,-0.0001512,0.1703
2026-06-09 08:00:00+00:00,1780992000000,2026-06-09T08:00:00+00:00,-3.601e-05,0.17018811
2026-06-09 16:00:00.001000+00:00,1781020800001,2026-06-09T16:00:00.001000+00:00,2.4e-07,0.16299058
2026-06-10 00:00:00.001000+00:00,1781049600001,2026-06-10T00:00:00.001000+00:00,7.756e-05,0.1652
2026-06-10 08:00:00.011000+00:00,1781078400011,2026-06-10T08:00:00.011000+00:00,-1.117e-05,0.1613
2026-06-10 16:00:00.009000+00:00,1781107200009,2026-06-10T16:00:00.009000+00:00,1.016e-05,0.1649151
2026-06-11 00:00:00+00:00,1781136000000,2026-06-11T00:00:00+00:00,2.6e-06,0.16051748
2026-06-11 08:00:00.004000+00:00,1781164800004,2026-06-11T08:00:00.004000+00:00,0.0001,0.1667
2026-06-11 16:00:00+00:00,1781193600000,2026-06-11T16:00:00+00:00,0.0001,0.1661
2026-06-12 00:00:00+00:00,1781222400000,2026-06-12T00:00:00+00:00,7.502e-05,0.1706
2026-06-12 08:00:00+00:00,1781251200000,2026-06-12T08:00:00+00:00,-4.125e-05,0.169
2026-06-12 16:00:00+00:00,1781280000000,2026-06-12T16:00:00+00:00,1.36e-06,0.1704
2026-06-13 00:00:00+00:00,1781308800000,2026-06-13T00:00:00+00:00,-4.053e-05,0.1696
2026-06-13 08:00:00.007000+00:00,1781337600007,2026-06-13T08:00:00.007000+00:00,3.089e-05,0.17314389
2026-06-13 16:00:00.002000+00:00,1781366400002,2026-06-13T16:00:00.002000+00:00,8.502e-05,0.17485013
2026-06-14 00:00:00.005000+00:00,1781395200005,2026-06-14T00:00:00.005000+00:00,-0.00013068,0.1717
2026-06-14 08:00:00.009000+00:00,1781424000009,2026-06-14T08:00:00.009000+00:00,-0.00015009,0.17092633
2026-06-14 16:00:00+00:00,1781452800000,2026-06-14T16:00:00+00:00,-4.919e-05,0.16688
2026-06-15 00:00:00.013000+00:00,1781481600013,2026-06-15T00:00:00.013000+00:00,0.0001,0.1829
2026-06-15 08:00:00.013000+00:00,1781510400013,2026-06-15T08:00:00.013000+00:00,3.426e-05,0.1801
2026-06-15 16:00:00.004000+00:00,1781539200004,2026-06-15T16:00:00.004000+00:00,6.927e-05,0.18877197
2026-06-16 00:00:00+00:00,1781568000000,2026-06-16T00:00:00+00:00,-0.00012001,0.17835513
2026-06-16 08:00:00+00:00,1781596800000,2026-06-16T08:00:00+00:00,-8.616e-05,0.1786
2026-06-16 16:00:00.001000+00:00,1781625600001,2026-06-16T16:00:00.001000+00:00,-3.751e-05,0.17390722
2026-06-17 00:00:00.012000+00:00,1781654400012,2026-06-17T00:00:00.012000+00:00,-0.00022646,0.17226287
2026-06-17 08:00:00+00:00,1781683200000,2026-06-17T08:00:00+00:00,8.018e-05,0.1711983
2026-06-17 16:00:00+00:00,1781712000000,2026-06-17T16:00:00+00:00,4.76e-05,0.17123358
2026-06-18 00:00:00.002000+00:00,1781740800002,2026-06-18T00:00:00.002000+00:00,-3.545e-05,0.16678823
2026-06-18 08:00:00+00:00,1781769600000,2026-06-18T08:00:00+00:00,-9.826e-05,0.16668592
2026-06-18 16:00:00.001000+00:00,1781798400001,2026-06-18T16:00:00.001000+00:00,-1.681e-05,0.1603
2026-06-19 00:00:00.005000+00:00,1781827200005,2026-06-19T00:00:00.005000+00:00,7.168e-05,0.1636
2026-06-19 08:00:00.001000+00:00,1781856000001,2026-06-19T08:00:00.001000+00:00,-0.00028303,0.15942088
2026-06-19 16:00:00.001000+00:00,1781884800001,2026-06-19T16:00:00.001000+00:00,-0.00010757,0.1617
2026-06-20 00:00:00.001000+00:00,1781913600001,2026-06-20T00:00:00.001000+00:00,-8.607e-05,0.16193909
2026-06-20 08:00:00+00:00,1781942400000,2026-06-20T08:00:00+00:00,-0.00017062,0.1629
2026-06-20 16:00:00.001000+00:00,1781971200001,2026-06-20T16:00:00.001000+00:00,-9.793e-05,0.16207337
2026-06-21 00:00:00+00:00,1782000000000,2026-06-21T00:00:00+00:00,-6.377e-05,0.16314191
2026-06-21 08:00:00+00:00,1782028800000,2026-06-21T08:00:00+00:00,-0.0002929,0.1615
2026-06-21 16:00:00+00:00,1782057600000,2026-06-21T16:00:00+00:00,-8.268e-05,0.16225006
2026-06-22 00:00:00+00:00,1782086400000,2026-06-22T00:00:00+00:00,-0.00010834,0.15646271
2026-06-22 08:00:00+00:00,1782115200000,2026-06-22T08:00:00+00:00,2.523e-05,0.16170495
2026-06-22 16:00:00.002000+00:00,1782144000002,2026-06-22T16:00:00.002000+00:00,-0.00010145,0.1594
2026-06-23 00:00:00.003000+00:00,1782172800003,2026-06-23T00:00:00.003000+00:00,-0.00026358,0.1584
2026-06-23 08:00:00.005000+00:00,1782201600005,2026-06-23T08:00:00.005000+00:00,-0.00013072,0.1545
2026-06-23 16:00:00.002000+00:00,1782230400002,2026-06-23T16:00:00.002000+00:00,-0.00012289,0.15085205
2026-06-24 00:00:00.005000+00:00,1782259200005,2026-06-24T00:00:00.005000+00:00,-8.589e-05,0.1514
2026-06-24 08:00:00.005000+00:00,1782288000005,2026-06-24T08:00:00.005000+00:00,-6.258e-05,0.15048615
2026-06-24 16:00:00.003000+00:00,1782316800003,2026-06-24T16:00:00.003000+00:00,-0.00018974,0.14370415
2026-06-25 00:00:00+00:00,1782345600000,2026-06-25T00:00:00+00:00,-0.00020945,0.1476
2026-06-25 08:00:00+00:00,1782374400000,2026-06-25T08:00:00+00:00,-7.798e-05,0.14974356
2026-06-25 16:00:00+00:00,1782403200000,2026-06-25T16:00:00+00:00,-4.737e-05,0.1432
2026-06-26 00:00:00.010000+00:00,1782432000010,2026-06-26T00:00:00.010000+00:00,-5.087e-05,0.1437748
2026-06-26 08:00:00.002000+00:00,1782460800002,2026-06-26T08:00:00.002000+00:00,8.827e-05,0.1466
2026-06-26 16:00:00+00:00,1782489600000,2026-06-26T16:00:00+00:00,6.233e-05,0.148
2026-06-27 00:00:00+00:00,1782518400000,2026-06-27T00:00:00+00:00,3.84e-06,0.14839698
2026-06-27 08:00:00+00:00,1782547200000,2026-06-27T08:00:00+00:00,2.091e-05,0.1476
2026-06-27 16:00:00.009000+00:00,1782576000009,2026-06-27T16:00:00.009000+00:00,-8.96e-06,0.1488
2026-06-28 00:00:00+00:00,1782604800000,2026-06-28T00:00:00+00:00,-0.00010374,0.1452
2026-06-28 08:00:00.013000+00:00,1782633600013,2026-06-28T08:00:00.013000+00:00,-0.00022043,0.1451
2026-06-28 16:00:00+00:00,1782662400000,2026-06-28T16:00:00+00:00,-5.355e-05,0.14445913
2026-06-29 00:00:00.006000+00:00,1782691200006,2026-06-29T00:00:00.006000+00:00,-8.741e-05,0.14372551
2026-06-29 08:00:00.013000+00:00,1782720000013,2026-06-29T08:00:00.013000+00:00,-0.00013679,0.14493027
2026-06-29 16:00:00.004000+00:00,1782748800004,2026-06-29T16:00:00.004000+00:00,3.88e-06,0.14540121
2026-06-30 00:00:00+00:00,1782777600000,2026-06-30T00:00:00+00:00,5.811e-05,0.14561117
2026-06-30 08:00:00+00:00,1782806400000,2026-06-30T08:00:00+00:00,-1.381e-05,0.14495587
2026-06-30 16:00:00.005000+00:00,1782835200005,2026-06-30T16:00:00.005000+00:00,3.848e-05,0.1443
2026-07-01 00:00:00+00:00,1782864000000,2026-07-01T00:00:00+00:00,8.367e-05,0.1442
2026-07-01 08:00:00+00:00,1782892800000,2026-07-01T08:00:00+00:00,0.0001,0.15005804
2026-07-01 16:00:00+00:00,1782921600000,2026-07-01T16:00:00+00:00,7.878e-05,0.15517247
2026-07-02 00:00:00+00:00,1782950400000,2026-07-02T00:00:00+00:00,0.0001,0.1539
2026-07-02 08:00:00+00:00,1782979200000,2026-07-02T08:00:00+00:00,0.0001,0.15504718
2026-07-02 16:00:00+00:00,1783008000000,2026-07-02T16:00:00+00:00,0.0001,0.1607
2026-07-03 00:00:00+00:00,1783036800000,2026-07-03T00:00:00+00:00,0.0001,0.16145272
2026-07-03 08:00:00.007000+00:00,1783065600007,2026-07-03T08:00:00.007000+00:00,0.0001,0.16500042
2026-07-03 16:00:00+00:00,1783094400000,2026-07-03T16:00:00+00:00,0.0001,0.17354498
2026-07-04 00:00:00+00:00,1783123200000,2026-07-04T00:00:00+00:00,0.0001,0.17987444
2026-07-04 08:00:00+00:00,1783152000000,2026-07-04T08:00:00+00:00,0.0001,0.17592181
2026-07-04 16:00:00.007000+00:00,1783180800007,2026-07-04T16:00:00.007000+00:00,0.0001,0.1909
2026-07-05 00:00:00.003000+00:00,1783209600003,2026-07-05T00:00:00.003000+00:00,0.0001,0.19209886
2026-07-05 08:00:00.001000+00:00,1783238400001,2026-07-05T08:00:00.001000+00:00,0.0001,0.19292855
2026-07-05 16:00:00+00:00,1783267200000,2026-07-05T16:00:00+00:00,0.0001,0.18905655
2026-07-06 00:00:00+00:00,1783296000000,2026-07-06T00:00:00+00:00,0.0001,0.1895
2026-07-06 08:00:00+00:00,1783324800000,2026-07-06T08:00:00+00:00,0.0001,0.18413533
2026-07-06 16:00:00+00:00,1783353600000,2026-07-06T16:00:00+00:00,0.0001,0.1858
2026-07-07 00:00:00+00:00,1783382400000,2026-07-07T00:00:00+00:00,4.121e-05,0.18407102
2026-07-07 08:00:00+00:00,1783411200000,2026-07-07T08:00:00+00:00,0.0001,0.1794
2026-07-07 16:00:00+00:00,1783440000000,2026-07-07T16:00:00+00:00,-5.167e-05,0.1771
2026-07-08 00:00:00+00:00,1783468800000,2026-07-08T00:00:00+00:00,5.658e-05,0.1745
2026-07-08 08:00:00+00:00,1783497600000,2026-07-08T08:00:00+00:00,9.421e-05,0.1695
2026-07-08 16:00:00+00:00,1783526400000,2026-07-08T16:00:00+00:00,-3.314e-05,0.1655
2026-07-09 00:00:00+00:00,1783555200000,2026-07-09T00:00:00+00:00,-1.245e-05,0.16694484
2026-07-09 08:00:00.001000+00:00,1783584000001,2026-07-09T08:00:00.001000+00:00,3.541e-05,0.1681146
2026-07-09 16:00:00.001000+00:00,1783612800001,2026-07-09T16:00:00.001000+00:00,-8.665e-05,0.16655393
2026-07-10 00:00:00+00:00,1783641600000,2026-07-10T00:00:00+00:00,-0.00011066,0.1665
2026-07-10 08:00:00.005000+00:00,1783670400005,2026-07-10T08:00:00.005000+00:00,0.0001,0.1664783
2026-07-10 16:00:00.005000+00:00,1783699200005,2026-07-10T16:00:00.005000+00:00,-0.0001783,0.1664
2026-07-11 00:00:00+00:00,1783728000000,2026-07-11T00:00:00+00:00,-0.00015085,0.16657091
2026-07-11 08:00:00+00:00,1783756800000,2026-07-11T08:00:00+00:00,-0.00015987,0.1677
2026-07-11 16:00:00+00:00,1783785600000,2026-07-11T16:00:00+00:00,1.413e-05,0.17171267
2026-07-12 00:00:00+00:00,1783814400000,2026-07-12T00:00:00+00:00,-0.00013042,0.1657
2026-07-12 08:00:00.003000+00:00,1783843200003,2026-07-12T08:00:00.003000+00:00,-0.00015952,0.16350827
2026-07-12 16:00:00+00:00,1783872000000,2026-07-12T16:00:00+00:00,-9.182e-05,0.1645
2026-07-13 00:00:00+00:00,1783900800000,2026-07-13T00:00:00+00:00,-7.794e-05,0.1619
2026-07-13 08:00:00.001000+00:00,1783929600001,2026-07-13T08:00:00.001000+00:00,-1.699e-05,0.1603522
2026-07-13 16:00:00.004000+00:00,1783958400004,2026-07-13T16:00:00.004000+00:00,9.16e-06,0.15885709
2026-07-14 00:00:00+00:00,1783987200000,2026-07-14T00:00:00+00:00,-5.989e-05,0.15738267
2026-07-14 08:00:00.002000+00:00,1784016000002,2026-07-14T08:00:00.002000+00:00,5.489e-05,0.1586
2026-07-14 16:00:00.001000+00:00,1784044800001,2026-07-14T16:00:00.001000+00:00,-0.00015931,0.1655
2026-07-15 00:00:00.005000+00:00,1784073600005,2026-07-15T00:00:00.005000+00:00,-0.00013137,0.1654
2026-07-15 08:00:00.002000+00:00,1784102400002,2026-07-15T08:00:00.002000+00:00,5.814e-05,0.16307183
2026-07-15 16:00:00+00:00,1784131200000,2026-07-15T16:00:00+00:00,-1.711e-05,0.1656
2026-07-16 00:00:00+00:00,1784160000000,2026-07-16T00:00:00+00:00,-0.00013604,0.165
2026-07-16 08:00:00.003000+00:00,1784188800003,2026-07-16T08:00:00.003000+00:00,-2.85e-06,0.16284804
2026-07-16 16:00:00.002000+00:00,1784217600002,2026-07-16T16:00:00.002000+00:00,-3.704e-05,0.16355534
2026-07-17 00:00:00+00:00,1784246400000,2026-07-17T00:00:00+00:00,-2.584e-05,0.1607
2026-07-17 08:00:00.010000+00:00,1784275200010,2026-07-17T08:00:00.010000+00:00,-9.949e-05,0.15878321
2026-07-17 16:00:00.004000+00:00,1784304000004,2026-07-17T16:00:00.004000+00:00,3.712e-05,0.16409688
2026-07-18 00:00:00+00:00,1784332800000,2026-07-18T00:00:00+00:00,0.0001,0.16652846
2026-07-18 08:00:00+00:00,1784361600000,2026-07-18T08:00:00+00:00,0.0001,0.1661446
2026-07-18 16:00:00.001000+00:00,1784390400001,2026-07-18T16:00:00.001000+00:00,0.0001,0.16441757
2026-07-19 00:00:00.003000+00:00,1784419200003,2026-07-19T00:00:00.003000+00:00,3.231e-05,0.1667
2026-07-19 08:00:00+00:00,1784448000000,2026-07-19T08:00:00+00:00,0.0001,0.1656092
2026-07-19 16:00:00.001000+00:00,1784476800001,2026-07-19T16:00:00.001000+00:00,7.389e-05,0.1662
2026-07-20 00:00:00+00:00,1784505600000,2026-07-20T00:00:00+00:00,-1.177e-05,0.16604979
2026-07-20 08:00:00.001000+00:00,1784534400001,2026-07-20T08:00:00.001000+00:00,-0.00013601,0.16242927
2026-07-20 16:00:00.004000+00:00,1784563200004,2026-07-20T16:00:00.004000+00:00,6.753e-05,0.1668837
2026-07-21 00:00:00.001000+00:00,1784592000001,2026-07-21T00:00:00.001000+00:00,4.497e-05,0.1697
2026-07-21 08:00:00+00:00,1784620800000,2026-07-21T08:00:00+00:00,0.0001,0.17631867
2026-07-21 16:00:00.002000+00:00,1784649600002,2026-07-21T16:00:00.002000+00:00,0.0001,0.17506371
2026-07-22 00:00:00+00:00,1784678400000,2026-07-22T00:00:00+00:00,0.0001,0.1736
2026-07-22 08:00:00+00:00,1784707200000,2026-07-22T08:00:00+00:00,6.82e-05,0.17104156
2026-07-22 16:00:00.001000+00:00,1784736000001,2026-07-22T16:00:00.001000+00:00,0.0001,0.17789173
2026-07-23 00:00:00+00:00,1784764800000,2026-07-23T00:00:00+00:00,-4.282e-05,0.17426284
2026-07-23 08:00:00+00:00,1784793600000,2026-07-23T08:00:00+00:00,1.858e-05,0.173
2026-07-23 16:00:00+00:00,1784822400000,2026-07-23T16:00:00+00:00,-0.00013983,0.1704
2026-07-24 00:00:00+00:00,1784851200000,2026-07-24T00:00:00+00:00,-0.00012721,0.16834354
2026-07-24 08:00:00+00:00,1784880000000,2026-07-24T08:00:00+00:00,-7.85e-05,0.16807258
2026-07-24 16:00:00.008000+00:00,1784908800008,2026-07-24T16:00:00.008000+00:00,-6.249e-05,0.16463516
2026-07-25 00:00:00.002000+00:00,1784937600002,2026-07-25T00:00:00.002000+00:00,-0.00017095,0.16388012
2026-07-25 08:00:00+00:00,1784966400000,2026-07-25T08:00:00+00:00,-7.909e-05,0.16159443
2026-07-25 16:00:00+00:00,1784995200000,2026-07-25T16:00:00+00:00,-0.00013382,0.1646
2026-07-26 00:00:00+00:00,1785024000000,2026-07-26T00:00:00+00:00,-4.257e-05,0.1646531
2026-07-26 08:00:00.002000+00:00,1785052800002,2026-07-26T08:00:00.002000+00:00,3.003e-05,0.1651
2026-07-26 16:00:00+00:00,1785081600000,2026-07-26T16:00:00+00:00,-5.727e-05,0.1654
2026-07-27 00:00:00.010000+00:00,1785110400010,2026-07-27T00:00:00.010000+00:00,-7.786e-05,0.16584847
2026-07-27 08:00:00+00:00,1785139200000,2026-07-27T08:00:00+00:00,-7.446e-05,0.16484945
2026-07-27 16:00:00.001000+00:00,1785168000001,2026-07-27T16:00:00.001000+00:00,-0.00020087,0.15783465
2026-07-28 00:00:00+00:00,1785196800000,2026-07-28T00:00:00+00:00,-0.00023794,0.1554
2026-07-28 08:00:00+00:00,1785225600000,2026-07-28T08:00:00+00:00,-0.0001185,0.15704917
2026-07-28 16:00:00+00:00,1785254400000,2026-07-28T16:00:00+00:00,7.238e-05,0.1589658
2026-07-29 00:00:00+00:00,1785283200000,2026-07-29T00:00:00+00:00,0.0001,0.1619
2026-07-29 08:00:00.002000+00:00,1785312000002,2026-07-29T08:00:00.002000+00:00,0.0001,0.16441068
2026-07-29 16:00:00+00:00,1785340800000,2026-07-29T16:00:00+00:00,0.0001,0.163
2026-07-30 00:00:00+00:00,1785369600000,2026-07-30T00:00:00+00:00,6.366e-05,0.1621
2026-07-30 08:00:00+00:00,1785398400000,2026-07-30T08:00:00+00:00,2.367e-05,0.1632
2026-07-30 16:00:00+00:00,1785427200000,2026-07-30T16:00:00+00:00,0.0001,0.17195499
2026-07-31 00:00:00.003000+00:00,1785456000003,2026-07-31T00:00:00.003000+00:00,0.0001,0.1697
2026-07-31 08:00:00+00:00,1785484800000,2026-07-31T08:00:00+00:00,0.0001,0.16975455
2026-07-31 16:00:00+00:00,1785513600000,2026-07-31T16:00:00+00:00,0.0001,0.16872628
2026-08-01 00:00:00.001000+00:00,1785542400001,2026-08-01T00:00:00.001000+00:00,0.0001,0.16812653
2026-08-01 08:00:00+00:00,1785571200000,2026-08-01T08:00:00+00:00,0.0001,0.17110725
2026-08-01 16:00:00+00:00,1785600000000,2026-08-01T16:00:00+00:00,0.0001,0.172546
2026-08-02 00:00:00+00:00,1785628800000,2026-08-02T00:00:00+00:00,0.0001,0.17430799
2026-08-02 08:00:00+00:00,1785657600000,2026-08-02T08:00:00+00:00,0.0001,0.18610116
2026-08-02 16:00:00+00:00,1785686400000,2026-08-02T16:00:00+00:00,0.0001,0.19013668
2026-08-03 00:00:00+00:00,1785715200000,2026-08-03T00:00:00+00:00,0.0001,0.1895
2026-08-03 08:00:00+00:00,1785744000000,2026-08-03T08:00:00+00:00,0.0001,0.18271443
2026-08-03 16:00:00+00:00,1785772800000,2026-08-03T16:00:00+00:00,0.0001,0.19615565
2026-08-04 00:00:00.004000+00:00,1785801600004,2026-08-04T00:00:00.004000+00:00,0.0001,0.19364513
2026-08-04 08:00:00.002000+00:00,1785830400002,2026-08-04T08:00:00.002000+00:00,0.0001,0.19468911
2026-08-04 16:00:00+00:00,1785859200000,2026-08-04T16:00:00+00:00,0.0001,0.19306599
2026-08-05 00:00:00.003000+00:00,1785888000003,2026-08-05T00:00:00.003000+00:00,0.0001,0.1929
2026-08-05 08:00:00.004000+00:00,1785916800004,2026-08-05T08:00:00.004000+00:00,0.0001,0.19379024
2026-08-05 16:00:00+00:00,1785945600000,2026-08-05T16:00:00+00:00,0.0001,0.189
2026-08-06 00:00:00.002000+00:00,1785974400002,2026-08-06T00:00:00.002000+00:00,0.0001,0.1911
2026-08-06 08:00:00+00:00,1786003200000,2026-08-06T08:00:00+00:00,0.0001,0.1888
2026-08-06 16:00:00+00:00,1786032000000,2026-08-06T16:00:00+00:00,0.0001,0.20889038
2026-08-07 00:00:00+00:00,1786060800000,2026-08-07T00:00:00+00:00,7.84e-06,0.2011
2026-08-07 08:00:00+00:00,1786089600000,2026-08-07T08:00:00+00:00,-3.78e-06,0.201594
2026-08-07 16:00:00+00:00,1786118400000,2026-08-07T16:00:00+00:00,4.975e-05,0.2008
2026-08-08 00:00:00.001000+00:00,1786147200001,2026-08-08T00:00:00.001000+00:00,4.323e-05,0.2007
2026-08-08 08:00:00+00:00,1786176000000,2026-08-08T08:00:00+00:00,1.208e-05,0.2001
2026-08-08 16:00:00.002000+00:00,1786204800002,2026-08-08T16:00:00.002000+00:00,-3.882e-05,0.1995
2026-08-09 00:00:00+00:00,1786233600000,2026-08-09T00:00:00+00:00,4.175e-05,0.19940755
2026-08-09 08:00:00.005000+00:00,1786262400005,2026-08-09T08:00:00.005000+00:00,0.0001,0.19853228
2026-08-09 16:00:00+00:00,1786291200000,2026-08-09T16:00:00+00:00,-4.48e-06,0.1976
2026-08-10 00:00:00.001000+00:00,1786320000001,2026-08-10T00:00:00.001000+00:00,0.0001,0.19431182
2026-08-10 08:00:00.005000+00:00,1786348800005,2026-08-10T08:00:00.005000+00:00,5.441e-05,0.19802785
2026-08-10 16:00:00+00:00,1786377600000,2026-08-10T16:00:00+00:00,0.0001,0.195
2026-08-11 00:00:00+00:00,1786406400000,2026-08-11T00:00:00+00:00,0.0001,0.19081887
2026-08-11 08:00:00.006000+00:00,1786435200006,2026-08-11T08:00:00.006000+00:00,0.0001,0.1886
2026-08-11 16:00:00+00:00,1786464000000,2026-08-11T16:00:00+00:00,0.0001,0.18486238
2026-08-12 00:00:00.001000+00:00,1786492800001,2026-08-12T00:00:00.001000+00:00,0.0001,0.187
2026-08-12 08:00:00+00:00,1786521600000,2026-08-12T08:00:00+00:00,7.977e-05,0.1852
2026-08-12 16:00:00+00:00,1786550400000,2026-08-12T16:00:00+00:00,-8.719e-05,0.18178683
2026-08-13 00:00:00+00:00,1786579200000,2026-08-13T00:00:00+00:00,9.486e-05,0.1825
2026-08-13 08:00:00+00:00,1786608000000,2026-08-13T08:00:00+00:00,2.212e-05,0.1856
2026-08-13 16:00:00+00:00,1786636800000,2026-08-13T16:00:00+00:00,4.543e-05,0.18253988
2026-08-14 00:00:00+00:00,1786665600000,2026-08-14T00:00:00+00:00,-2.015e-05,0.18228919
2026-08-14 08:00:00.001000+00:00,1786694400001,2026-08-14T08:00:00.001000+00:00,6.25e-06,0.18166332
2026-08-14 16:00:00.001000+00:00,1786723200001,2026-08-14T16:00:00.001000+00:00,9.552e-05,0.17987469
2026-08-15 00:00:00.003000+00:00,1786752000003,2026-08-15T00:00:00.003000+00:00,8.795e-05,0.18007004
2026-08-15 08:00:00.002000+00:00,1786780800002,2026-08-15T08:00:00.002000+00:00,2.235e-05,0.179
2026-08-15 16:00:00+00:00,1786809600000,2026-08-15T16:00:00+00:00,-8.401e-05,0.17874635
2026-08-16 00:00:00+00:00,1786838400000,2026-08-16T00:00:00+00:00,-6.828e-05,0.1764
2026-08-16 08:00:00.002000+00:00,1786867200002,2026-08-16T08:00:00.002000+00:00,6.58e-06,0.17757542
2026-08-16 16:00:00+00:00,1786896000000,2026-08-16T16:00:00+00:00,2.192e-05,0.17672419
2026-08-17 00:00:00.001000+00:00,1786924800001,2026-08-17T00:00:00.001000+00:00,-5.176e-05,0.1748
2026-08-17 08:00:00.003000+00:00,1786953600003,2026-08-17T08:00:00.003000+00:00,2.489e-05,0.17607047
2026-08-17 16:00:00.005000+00:00,1786982400005,2026-08-17T16:00:00.005000+00:00,3.827e-05,0.17507942
2026-08-18 00:00:00.006000+00:00,1787011200006,2026-08-18T00:00:00.006000+00:00,-1.658e-05,0.17407753
2026-08-18 08:00:00.001000+00:00,1787040000001,2026-08-18T08:00:00.001000+00:00,8.409e-05,0.17336099
2026-08-18 16:00:00.003000+00:00,1787068800003,2026-08-18T16:00:00.003000+00:00,2.586e-05,0.1755
2026-08-19 00:00:00+00:00,1787097600000,2026-08-19T00:00:00+00:00,-1.38e-06,0.1745171
2026-08-19 08:00:00+00:00,1787126400000,2026-08-19T08:00:00+00:00,-1.286e-05,0.17526012
2026-08-19 16:00:00.004000+00:00,1787155200004,2026-08-19T16:00:00.004000+00:00,-3.367e-05,0.1793821
2026-08-20 00:00:00.001000+00:00,1787184000001,2026-08-20T00:00:00.001000+00:00,0.0001,0.1871
2026-08-20 08:00:00+00:00,1787212800000,2026-08-20T08:00:00+00:00,0.0001,0.18403179
2026-08-20 16:00:00.005000+00:00,1787241600005,2026-08-20T16:00:00.005000+00:00,0.0001,0.1969
2026-08-21 00:00:00.004000+00:00,1787270400004,2026-08-21T00:00:00.004000+00:00,0.0001,0.199
2026-08-21 08:00:00+00:00,1787299200000,2026-08-21T08:00:00+00:00,0.0001,0.20967153
2026-08-21 16:00:00.001000+00:00,1787328000001,2026-08-21T16:00:00.001000+00:00,0.0001,0.21950185
2026-08-22 00:00:00+00:00,1787356800000,2026-08-22T00:00:00+00:00,0.0001,0.2292
2026-08-22 08:00:00+00:00,1787385600000,2026-08-22T08:00:00+00:00,0.0001,0.2315
2026-08-22 16:00:00+00:00,1787414400000,2026-08-22T16:00:00+00:00,0.0001,0.2225227
2026-08-23 00:00:00+00:00,1787443200000,2026-08-23T00:00:00+00:00,0.0001,0.2262
2026-08-23 08:00:00+00:00,1787472000000,2026-08-23T08:00:00+00:00,0.0001,0.2178
2026-08-23 16:00:00.006000+00:00,1787500800006,2026-08-23T16:00:00.006000+00:00,0.0001,0.2246
2026-08-24 00:00:00.001000+00:00,1787529600001,2026-08-24T00:00:00.001000+00:00,0.0001,0.22695647
2026-08-24 08:00:00.002000+00:00,1787558400002,2026-08-24T08:00:00.002000+00:00,0.0001,0.21900482
2026-08-24 16:00:00+00:00,1787587200000,2026-08-24T16:00:00+00:00,0.0001,0.22131994
2026-08-25 00:00:00.001000+00:00,1787616000001,2026-08-25T00:00:00.001000+00:00,0.0001,0.2214
2026-08-25 08:00:00+00:00,1787644800000,2026-08-25T08:00:00+00:00,0.0001,0.22073414
2026-08-25 16:00:00.005000+00:00,1787673600005,2026-08-25T16:00:00.005000+00:00,4.79e-05,0.21568569
2026-08-26 00:00:00+00:00,1787702400000,2026-08-26T00:00:00+00:00,7.013e-05,0.209
2026-08-26 08:00:00.005000+00:00,1787731200005,2026-08-26T08:00:00.005000+00:00,3.488e-05,0.21003986
2026-08-26 16:00:00+00:00,1787760000000,2026-08-26T16:00:00+00:00,3.148e-05,0.2047
2026-08-27 00:00:00+00:00,1787788800000,2026-08-27T00:00:00+00:00,1.14e-06,0.21221071
2026-08-27 08:00:00+00:00,1787817600000,2026-08-27T08:00:00+00:00,-2.81e-05,0.21105312
2026-08-27 16:00:00.013000+00:00,1787846400013,2026-08-27T16:00:00.013000+00:00,8.294e-05,0.2144
2026-08-28 00:00:00.026000+00:00,1787875200026,2026-08-28T00:00:00.026000+00:00,4.068e-05,0.2136
2026-08-28 08:00:00+00:00,1787904000000,2026-08-28T08:00:00+00:00,3.36e-05,0.2093
2026-08-28 16:00:00.001000+00:00,1787932800001,2026-08-28T16:00:00.001000+00:00,-7.758e-05,0.2043
2026-08-29 00:00:00+00:00,1787961600000,2026-08-29T00:00:00+00:00,1.833e-05,0.203
2026-08-29 08:00:00+00:00,1787990400000,2026-08-29T08:00:00+00:00,7.195e-05,0.2002
2026-08-29 16:00:00.002000+00:00,1788019200002,2026-08-29T16:00:00.002000+00:00,3.777e-05,0.20055153
2026-08-30 00:00:00+00:00,1788048000000,2026-08-30T00:00:00+00:00,-4.354e-05,0.20163136
2026-08-30 08:00:00+00:00,1788076800000,2026-08-30T08:00:00+00:00,2.32e-05,0.20054188
2026-08-30 16:00:00.001000+00:00,1788105600001,2026-08-30T16:00:00.001000+00:00,-1.259e-05,0.20313122
2026-08-31 00:00:00.002000+00:00,1788134400002,2026-08-31T00:00:00.002000+00:00,-1.42e-05,0.1926
2026-08-31 08:00:00.002000+00:00,1788163200002,2026-08-31T08:00:00.002000+00:00,7.608e-05,0.19596895
2026-08-31 16:00:00.001000+00:00,1788192000001,2026-08-31T16:00:00.001000+00:00,4.042e-05,0.19570939
2026-09-01 00:00:00.005000+00:00,1788220800005,2026-09-01T00:00:00.005000+00:00,2.624e-05,0.19774353
2026-09-01 08:00:00+00:00,1788249600000,2026-09-01T08:00:00+00:00,9.18e-06,0.20039278
2026-09-01 16:00:00+00:00,1788278400000,2026-09-01T16:00:00+00:00,-5.97e-06,0.19932307
2026-09-02 00:00:00+00:00,1788307200000,2026-09-02T00:00:00+00:00,4.46e-05,0.19652693
2026-09-02 08:00:00.001000+00:00,1788336000001,2026-09-02T08:00:00.001000+00:00,0.0001,0.1968
2026-09-02 16:00:00.005000+00:00,1788364800005,2026-09-02T16:00:00.005000+00:00,4.189e-05,0.19628456
2026-09-03 00:00:00+00:00,1788393600000,2026-09-03T00:00:00+00:00,0.0001,0.20103139
2026-09-03 08:00:00+00:00,1788422400000,2026-09-03T08:00:00+00:00,9.514e-05,0.205
2026-09-03 16:00:00+00:00,1788451200000,2026-09-03T16:00:00+00:00,0.0001,0.2206
2026-09-04 00:00:00+00:00,1788480000000,2026-09-04T00:00:00+00:00,0.0001,0.22112345
2026-09-04 08:00:00+00:00,1788508800000,2026-09-04T08:00:00+00:00,0.0001,0.22004564
2026-09-04 16:00:00.009000+00:00,1788537600009,2026-09-04T16:00:00.009000+00:00,0.0001,0.21284262
2026-09-05 00:00:00+00:00,1788566400000,2026-09-05T00:00:00+00:00,0.0001,0.2112
2026-09-05 08:00:00+00:00,1788595200000,2026-09-05T08:00:00+00:00,-0.00012443,0.2136
2026-09-05 16:00:00.001000+00:00,1788624000001,2026-09-05T16:00:00.001000+00:00,2.417e-05,0.21723263
2026-09-06 00:00:00+00:00,1788652800000,2026-09-06T00:00:00+00:00,0.0001,0.2181373
2026-09-06 08:00:00+00:00,1788681600000,2026-09-06T08:00:00+00:00,0.0001,0.21893359
2026-09-06 16:00:00.004000+00:00,1788710400004,2026-09-06T16:00:00.004000+00:00,0.0001,0.2173239
2026-09-07 00:00:00.004000+00:00,1788739200004,2026-09-07T00:00:00.004000+00:00,0.0001,0.2234
2026-09-07 08:00:00+00:00,1788768000000,2026-09-07T08:00:00+00:00,6.738e-05,0.21655704
2026-09-07 16:00:00.003000+00:00,1788796800003,2026-09-07T16:00:00.003000+00:00,0.0001,0.2170198
2026-09-08 00:00:00.004000+00:00,1788825600004,2026-09-08T00:00:00.004000+00:00,5.197e-05,0.2204
2026-09-08 08:00:00.002000+00:00,1788854400002,2026-09-08T08:00:00.002000+00:00,0.0001,0.21695513
2026-09-08 16:00:00.001000+00:00,1788883200001,2026-09-08T16:00:00.001000+00:00,0.0001,0.22923207
2026-09-09 00:00:00.005000+00:00,1788912000005,2026-09-09T00:00:00.005000+00:00,1.56e-06,0.2193
2026-09-09 08:00:00.004000+00:00,1788940800004,2026-09-09T08:00:00.004000+00:00,-1.037e-05,0.22145221
2026-09-09 16:00:00.002000+00:00,1788969600002,2026-09-09T16:00:00.002000+00:00,-8.284e-05,0.2155
2026-09-10 00:00:00+00:00,1788998400000,2026-09-10T00:00:00+00:00,-3.82e-06,0.21181597
2026-09-10 08:00:00.007000+00:00,1789027200007,2026-09-10T08:00:00.007000+00:00,8.905e-05,0.2134
2026-09-10 16:00:00.002000+00:00,1789056000002,2026-09-10T16:00:00.002000+00:00,4.38e-05,0.20954171
2026-09-11 00:00:00.008000+00:00,1789084800008,2026-09-11T00:00:00.008000+00:00,7.648e-05,0.2046
2026-09-11 08:00:00+00:00,1789113600000,2026-09-11T08:00:00+00:00,-2.063e-05,0.2077
2026-09-11 16:00:00+00:00,1789142400000,2026-09-11T16:00:00+00:00,6.535e-05,0.20808528
2026-09-12 00:00:00.001000+00:00,1789171200001,2026-09-12T00:00:00.001000+00:00,-3.805e-05,0.2062
2026-09-12 08:00:00.003000+00:00,1789200000003,2026-09-12T08:00:00.003000+00:00,5.851e-05,0.2089
2026-09-12 16:00:00+00:00,1789228800000,2026-09-12T16:00:00+00:00,1.177e-05,0.20843367
2026-09-13 00:00:00.002000+00:00,1789257600002,2026-09-13T00:00:00.002000+00:00,-7.36e-05,0.20720229
2026-09-13 08:00:00+00:00,1789286400000,2026-09-13T08:00:00+00:00,4.015e-05,0.2061
2026-09-13 16:00:00+00:00,1789315200000,2026-09-13T16:00:00+00:00,2.147e-05,0.2057
2026-09-14 00:00:00+00:00,1789344000000,2026-09-14T00:00:00+00:00,-5.741e-05,0.2033573
2026-09-14 08:00:00+00:00,1789372800000,2026-09-14T08:00:00+00:00,0.0001,0.2106
2026-09-14 16:00:00+00:00,1789401600000,2026-09-14T16:00:00+00:00,4.231e-05,0.20891
2026-09-15 00:00:00+00:00,1789430400000,2026-09-15T00:00:00+00:00,0.0001,0.20841703
2026-09-15 08:00:00.005000+00:00,1789459200005,2026-09-15T08:00:00.005000+00:00,-0.0001493,0.20346541
2026-09-15 16:00:00.001000+00:00,1789488000001,2026-09-15T16:00:00.001000+00:00,-2.085e-05,0.20180389
2026-09-16 00:00:00.001000+00:00,1789516800001,2026-09-16T00:00:00.001000+00:00,6.302e-05,0.19524781
2026-09-16 08:00:00.002000+00:00,1789545600002,2026-09-16T08:00:00.002000+00:00,4.865e-05,0.19395959
2026-09-16 16:00:00.001000+00:00,1789574400001,2026-09-16T16:00:00.001000+00:00,-8.522e-05,0.191
2026-09-17 00:00:00+00:00,1789603200000,2026-09-17T00:00:00+00:00,4.973e-05,0.1963
2026-09-17 08:00:00.003000+00:00,1789632000003,2026-09-17T08:00:00.003000+00:00,-5.029e-05,0.19860518
2026-09-17 16:00:00+00:00,1789660800000,2026-09-17T16:00:00+00:00,6.793e-05,0.2022
2026-09-18 00:00:00.003000+00:00,1789689600003,2026-09-18T00:00:00.003000+00:00,0.0001,0.20252423
2026-09-18 08:00:00.006000+00:00,1789718400006,2026-09-18T08:00:00.006000+00:00,0.0001,0.21442106
2026-09-18 16:00:00+00:00,1789747200000,2026-09-18T16:00:00+00:00,0.0001,0.22
2026-09-19 00:00:00+00:00,1789776000000,2026-09-19T00:00:00+00:00,0.0001,0.22456655
2026-09-19 08:00:00.002000+00:00,1789804800002,2026-09-19T08:00:00.002000+00:00,0.0001,0.2216
2026-09-19 16:00:00+00:00,1789833600000,2026-09-19T16:00:00+00:00,0.0001,0.22713171
2026-09-20 00:00:00+00:00,1789862400000,2026-09-20T00:00:00+00:00,0.0001,0.2279
2026-09-20 08:00:00+00:00,1789891200000,2026-09-20T08:00:00+00:00,0.0001,0.21926346
2026-09-20 16:00:00+00:00,1789920000000,2026-09-20T16:00:00+00:00,0.0001,0.2246
2026-09-21 00:00:00.007000+00:00,1789948800007,2026-09-21T00:00:00.007000+00:00,0.0001,0.22788818
2026-09-21 08:00:00.004000+00:00,1789977600004,2026-09-21T08:00:00.004000+00:00,0.0001,0.23230991
2026-09-21 16:00:00.002000+00:00,1790006400002,2026-09-21T16:00:00.002000+00:00,0.0001,0.24476372
2026-09-22 00:00:00+00:00,1790035200000,2026-09-22T00:00:00+00:00,0.0001,0.24518832
2026-09-22 08:00:00.004000+00:00,1790064000004,2026-09-22T08:00:00.004000+00:00,0.0001,0.2456
2026-09-22 16:00:00+00:00,1790092800000,2026-09-22T16:00:00+00:00,0.0001,0.25220718
2026-09-23 00:00:00+00:00,1790121600000,2026-09-23T00:00:00+00:00,0.0001,0.2542
2026-09-23 08:00:00.004000+00:00,1790150400004,2026-09-23T08:00:00.004000+00:00,0.0001,0.256
2026-09-23 16:00:00.004000+00:00,1790179200004,2026-09-23T16:00:00.004000+00:00,0.0001,0.23729837
2026-09-24 00:00:00.002000+00:00,1790208000002,2026-09-24T00:00:00.002000+00:00,8.486e-05,0.23824906
2026-09-24 08:00:00+00:00,1790236800000,2026-09-24T08:00:00+00:00,8.685e-05,0.24201738
2026-09-24 16:00:00.005000+00:00,1790265600005,2026-09-24T16:00:00.005000+00:00,0.0001,0.2490007
2026-09-25 00:00:00.002000+00:00,1790294400002,2026-09-25T00:00:00.002000+00:00,0.0001,0.24755562
2026-09-25 08:00:00+00:00,1790323200000,2026-09-25T08:00:00+00:00,0.0001,0.2493
2026-09-25 16:00:00.002000+00:00,1790352000002,2026-09-25T16:00:00.002000+00:00,0.0001,0.25405968
2026-09-26 00:00:00+00:00,1790380800000,2026-09-26T00:00:00+00:00,0.0001,0.25866803
2026-09-26 08:00:00.001000+00:00,1790409600001,2026-09-26T08:00:00.001000+00:00,-3.273e-05,0.25564429
2026-09-26 16:00:00.001000+00:00,1790438400001,2026-09-26T16:00:00.001000+00:00,0.0001,0.26020328
2026-09-27 00:00:00+00:00,1790467200000,2026-09-27T00:00:00+00:00,3.612e-05,0.25377034
2026-09-27 08:00:00.001000+00:00,1790496000001,2026-09-27T08:00:00.001000+00:00,9.314e-05,0.258
2026-09-27 16:00:00+00:00,1790524800000,2026-09-27T16:00:00+00:00,0.0001,0.2542
2026-09-28 00:00:00+00:00,1790553600000,2026-09-28T00:00:00+00:00,0.0001,0.25509911
2026-09-28 08:00:00.001000+00:00,1790582400001,2026-09-28T08:00:00.001000+00:00,3.132e-05,0.24231175
2026-09-28 16:00:00.001000+00:00,1790611200001,2026-09-28T16:00:00.001000+00:00,1.913e-05,0.2445
2026-09-29 00:00:00+00:00,1790640000000,2026-09-29T00:00:00+00:00,0.0001,0.2472
2026-09-29 08:00:00+00:00,1790668800000,2026-09-29T08:00:00+00:00,0.0001,0.25202617
2026-09-29 16:00:00+00:00,1790697600000,2026-09-29T16:00:00+00:00,0.0001,0.2441517
2026-09-30 00:00:00+00:00,1790726400000,2026-09-30T00:00:00+00:00,9.665e-05,0.24432416
2026-09-30 08:00:00+00:00,1790755200000,2026-09-30T08:00:00+00:00,6.628e-05,0.2445
2026-09-30 16:00:00.002000+00:00,1790784000002,2026-09-30T16:00:00.002000+00:00,0.0001,0.24695498
