ts,timestamp,datetime,funding_rate,mark_price
2020-02-10 08:00:00+00:00,1581321600000,2020-02-10T08:00:00+00:00,0.0,0.0
2020-02-10 16:00:00.009000+00:00,1581350400009,2020-02-10T16:00:00.009000+00:00,0.00304635,0.0
2020-02-11 00:00:00+00:00,1581379200000,2020-02-11T00:00:00+00:00,0.00161571,0.0
2020-02-11 08:00:00+00:00,1581408000000,2020-02-11T08:00:00+00:00,0.00261274,0.0
2020-02-11 16:00:00+00:00,1581436800000,2020-02-11T16:00:00+00:00,0.00155591,0.0
2020-02-12 00:00:00+00:00,1581465600000,2020-02-12T00:00:00+00:00,0.00326618,0.0
2020-02-12 08:00:00.001000+00:00,1581494400001,2020-02-12T08:00:00.001000+00:00,0.00222329,0.0
2020-02-12 16:00:00+00:00,1581523200000,2020-02-12T16:00:00+00:00,0.00123233,0.0
2020-02-13 00:00:00.001000+00:00,1581552000001,2020-02-13T00:00:00.001000+00:00,0.00066404,0.0
2020-02-13 08:00:00+00:00,1581580800000,2020-02-13T08:00:00+00:00,0.00339783,0.0
2020-02-13 16:00:00+00:00,1581609600000,2020-02-13T16:00:00+00:00,0.00051288,0.0
2020-02-14 00:00:00+00:00,1581638400000,2020-02-14T00:00:00+00:00,0.0,0.0
2020-02-14 08:00:00+00:00,1581667200000,2020-02-14T08:00:00+00:00,0.0008311,0.0
2020-02-14 16:00:00+00:00,1581696000000,2020-02-14T16:00:00+00:00,0.00045706,0.0
2020-02-15 00:00:00+00:00,1581724800000,2020-02-15T00:00:00+00:00,0.00205219,0.0
2020-02-15 08:00:00+00:00,1581753600000,2020-02-15T08:00:00+00:00,0.00121877,0.0
2020-02-15 16:00:00+00:00,1581782400000,2020-02-15T16:00:00+00:00,0.00231415,0.0
2020-02-16 00:00:00+00:00,1581811200000,2020-02-16T00:00:00+00:00,0.0,0.0
2020-02-16 08:00:00+00:00,1581840000000,2020-02-16T08:00:00+00:00,0.0,0.0
2020-02-16 16:00:00+00:00,1581868800000,2020-02-16T16:00:00+00:00,0.0,0.0
2020-02-17 00:00:00+00:00,1581897600000,2020-02-17T00:00:00+00:00,0.0,0.0
2020-02-17 08:00:00+00:00,1581926400000,2020-02-17T08:00:00+00:00,0.0003025,0.0
2020-02-17 16:00:00+00:00,1581955200000,2020-02-17T16:00:00+00:00,0.00110646,0.0
2020-02-18 00:00:00+00:00,1581984000000,2020-02-18T00:00:00+00:00,7.369e-05,0.0
2020-02-18 08:00:00+00:00,1582012800000,2020-02-18T08:00:00+00:00,0.0,0.0
2020-02-18 16:00:00+00:00,1582041600000,2020-02-18T16:00:00+00:00,0.00017557,0.0
2020-02-19 00:00:00+00:00,1582070400000,2020-02-19T00:00:00+00:00,2.421e-05,0.0
2020-02-19 08:00:00.001000+00:00,1582099200001,2020-02-19T08:00:00.001000+00:00,0.00137686,0.0
2020-02-19 16:00:00+00:00,1582128000000,2020-02-19T16:00:00+00:00,0.0,0.0
2020-02-20 00:00:00.004000+00:00,1582156800004,2020-02-20T00:00:00.004000+00:00,0.00046778,0.0
2020-02-20 08:00:00+00:00,1582185600000,2020-02-20T08:00:00+00:00,0.00072738,0.0
2020-02-20 16:00:00+00:00,1582214400000,2020-02-20T16:00:00+00:00,0.00020171,0.0
2020-02-21 00:00:00+00:00,1582243200000,2020-02-21T00:00:00+00:00,0.0,0.0
2020-02-21 08:00:00+00:00,1582272000000,2020-02-21T08:00:00+00:00,0.0002414,0.0
2020-02-21 16:00:00+00:00,1582300800000,2020-02-21T16:00:00+00:00,0.00042486,0.0
2020-02-22 00:00:00+00:00,1582329600000,2020-02-22T00:00:00+00:00,0.00064889,0.0
2020-02-22 08:00:00.001000+00:00,1582358400001,2020-02-22T08:00:00.001000+00:00,0.00049596,0.0
2020-02-22 16:00:00+00:00,1582387200000,2020-02-22T16:00:00+00:00,0.00052603,0.0
2020-02-23 00:00:00+00:00,1582416000000,2020-02-23T00:00:00+00:00,0.00075795,0.0
2020-02-23 08:00:00+00:00,1582444800000,2020-02-23T08:00:00+00:00,0.00081155,0.0
2020-02-23 16:00:00+00:00,1582473600000,2020-02-23T16:00:00+00:00,0.00020372,0.0
2020-02-24 00:00:00.015000+00:00,1582502400015,2020-02-24T00:00:00.015000+00:00,0.00043004,0.0
2020-02-24 08:00:00+00:00,1582531200000,2020-02-24T08:00:00+00:00,0.00015968,0.0
2020-02-24 16:00:00+00:00,1582560000000,2020-02-24T16:00:00+00:00,0.00043662,0.0
2020-02-25 00:00:00.001000+00:00,1582588800001,2020-02-25T00:00:00.001000+00:00,0.00012455,0.0
2020-02-25 08:00:00+00:00,1582617600000,2020-02-25T08:00:00+00:00,0.00030493,0.0
2020-02-25 16:00:00.001000+00:00,1582646400001,2020-02-25T16:00:00.001000+00:00,0.00031773,0.0
2020-02-26 00:00:00+00:00,1582675200000,2020-02-26T00:00:00+00:00,0.00015623,0.0
2020-02-26 08:00:00.001000+00:00,1582704000001,2020-02-26T08:00:00.001000+00:00,0.00018209,0.0
2020-02-26 16:00:00+00:00,1582732800000,2020-02-26T16:00:00+00:00,0.0,0.0
2020-02-27 00:00:00.001000+00:00,1582761600001,2020-02-27T00:00:00.001000+00:00,0.0,0.0
2020-02-27 08:00:00.001000+00:00,1582790400001,2020-02-27T08:00:00.001000+00:00,0.0,0.0
2020-02-27 16:00:00+00:00,1582819200000,2020-02-27T16:00:00+00:00,0.0,0.0
2020-02-28 00:00:00+00:00,1582848000000,2020-02-28T00:00:00+00:00,0.0,0.0
2020-02-28 08:00:00+00:00,1582876800000,2020-02-28T08:00:00+00:00,0.0,0.0
2020-02-28 16:00:00+00:00,1582905600000,2020-02-28T16:00:00+00:00,0.0,0.0
2020-02-29 00:00:00+00:00,1582934400000,2020-02-29T00:00:00+00:00,0.0,0.0
2020-02-29 08:00:00+00:00,1582963200000,2020-02-29T08:00:00+00:00,0.0,0.0
2020-02-29 16:00:00+00:00,1582992000000,2020-02-29T16:00:00+00:00,0.00028972,0.0
2020-03-01 00:00:00+00:00,1583020800000,2020-03-01T00:00:00+00:00,0.00019026,0.0
2020-03-01 08:00:00+00:00,1583049600000,2020-03-01T08:00:00+00:00,0.00031743,0.0
2020-03-01 16:00:00.001000+00:00,1583078400001,2020-03-01T16:00:00.001000+00:00,0.00038074,0.0
2020-03-02 00:00:00+00:00,1583107200000,2020-03-02T00:00:00+00:00,0.0,0.0
2020-03-02 08:00:00+00:00,1583136000000,2020-03-02T08:00:00+00:00,0.0,0.0
2020-03-02 16:00:00.004000+00:00,1583164800004,2020-03-02T16:00:00.004000+00:00,0.0,0.0
2020-03-03 00:00:00+00:00,1583193600000,2020-03-03T00:00:00+00:00,-1.823e-05,0.0
2020-03-03 08:00:00.003000+00:00,1583222400003,2020-03-03T08:00:00.003000+00:00,-0.00020427,0.0
2020-03-03 16:00:00+00:00,1583251200000,2020-03-03T16:00:00+00:00,0.0,0.0
2020-03-04 00:00:00.002000+00:00,1583280000002,2020-03-04T00:00:00.002000+00:00,0.0,0.0
2020-03-04 08:00:00+00:00,1583308800000,2020-03-04T08:00:00+00:00,0.0,0.0
2020-03-04 16:00:00.001000+00:00,1583337600001,2020-03-04T16:00:00.001000+00:00,-0.0006366,0.0
2020-03-05 00:00:00+00:00,1583366400000,2020-03-05T00:00:00+00:00,0.0,0.0
2020-03-05 08:00:00+00:00,1583395200000,2020-03-05T08:00:00+00:00,0.00016672,0.0
2020-03-05 16:00:00+00:00,1583424000000,2020-03-05T16:00:00+00:00,3.555e-05,0.0
2020-03-06 00:00:00.003000+00:00,1583452800003,2020-03-06T00:00:00.003000+00:00,0.00072615,0.0
2020-03-06 08:00:00+00:00,1583481600000,2020-03-06T08:00:00+00:00,6.931e-05,0.0
2020-03-06 16:00:00+00:00,1583510400000,2020-03-06T16:00:00+00:00,0.00018643,0.0
2020-03-07 00:00:00+00:00,1583539200000,2020-03-07T00:00:00+00:00,0.0,0.0
2020-03-07 08:00:00.001000+00:00,1583568000001,2020-03-07T08:00:00.001000+00:00,0.00099038,0.0
2020-03-07 16:00:00+00:00,1583596800000,2020-03-07T16:00:00+00:00,0.00076374,0.0
2020-03-08 00:00:00.001000+00:00,1583625600001,2020-03-08T00:00:00.001000+00:00,0.00084351,0.0
2020-03-08 08:00:00+00:00,1583654400000,2020-03-08T08:00:00+00:00,0.00050183,0.0
2020-03-08 16:00:00.006000+00:00,1583683200006,2020-03-08T16:00:00.006000+00:00,0.00066063,0.0
2020-03-09 00:00:00+00:00,1583712000000,2020-03-09T00:00:00+00:00,0.00076211,0.0
2020-03-09 08:00:00+00:00,1583740800000,2020-03-09T08:00:00+00:00,0.0,0.0
2020-03-09 16:00:00+00:00,1583769600000,2020-03-09T16:00:00+00:00,0.0,0.0
2020-03-10 00:00:00+00:00,1583798400000,2020-03-10T00:00:00+00:00,0.0,0.0
2020-03-10 08:00:00+00:00,1583827200000,2020-03-10T08:00:00+00:00,0.0,0.0
2020-03-10 16:00:00+00:00,1583856000000,2020-03-10T16:00:00+00:00,0.0,0.0
2020-03-11 00:00:00.001000+00:00,1583884800001,2020-03-11T00:00:00.001000+00:00,0.0,0.0
2020-03-11 08:00:00+00:00,1583913600000,2020-03-11T08:00:00+00:00,0.0,0.0
2020-03-11 16:00:00+00:00,1583942400000,2020-03-11T16:00:00+00:00,0.0,0.0
2020-03-12 00:00:00.001000+00:00,1583971200001,2020-03-12T00:00:00.001000+00:00,0.0,0.0
2020-03-12 08:00:00.001000+00:00,1584000000001,2020-03-12T08:00:00.001000+00:00,0.0,0.0
2020-03-12 16:00:00+00:00,1584028800000,2020-03-12T16:00:00+00:00,-0.0004214,0.0
2020-03-13 00:00:00+00:00,1584057600000,2020-03-13T00:00:00+00:00,1.447e-05,0.0
2020-03-13 08:00:00+00:00,1584086400000,2020-03-13T08:00:00+00:00,-0.00584369,0.0
2020-03-13 16:00:00.002000+00:00,1584115200002,2020-03-13T16:00:00.002000+00:00,-0.00142512,0.0
2020-03-14 00:00:00+00:00,1584144000000,2020-03-14T00:00:00+00:00,-3.866e-05,0.0
2020-03-14 08:00:00.001000+00:00,1584172800001,2020-03-14T08:00:00.001000+00:00,0.00138786,0.0
2020-03-14 16:00:00+00:00,1584201600000,2020-03-14T16:00:00+00:00,0.00061685,0.0
2020-03-15 00:00:00+00:00,1584230400000,2020-03-15T00:00:00+00:00,0.00031569,0.0
2020-03-15 08:00:00+00:00,1584259200000,2020-03-15T08:00:00+00:00,0.0,0.0
2020-03-15 16:00:00.001000+00:00,1584288000001,2020-03-15T16:00:00.001000+00:00,0.00049659,0.0
2020-03-16 00:00:00+00:00,1584316800000,2020-03-16T00:00:00+00:00,0.0,0.0
2020-03-16 08:00:00+00:00,1584345600000,2020-03-16T08:00:00+00:00,0.0,0.0
2020-03-16 16:00:00.001000+00:00,1584374400001,2020-03-16T16:00:00.001000+00:00,-0.00025194,0.0
2020-03-17 00:00:00+00:00,1584403200000,2020-03-17T00:00:00+00:00,0.0,0.0
2020-03-17 08:00:00+00:00,1584432000000,2020-03-17T08:00:00+00:00,6.145e-05,0.0
2020-03-17 16:00:00+00:00,1584460800000,2020-03-17T16:00:00+00:00,0.0,0.0
2020-03-18 00:00:00+00:00,1584489600000,2020-03-18T00:00:00+00:00,0.0,0.0
2020-03-18 08:00:00+00:00,1584518400000,2020-03-18T08:00:00+00:00,0.0,0.0
2020-03-18 16:00:00+00:00,1584547200000,2020-03-18T16:00:00+00:00,0.0,0.0
2020-03-19 00:00:00+00:00,1584576000000,2020-03-19T00:00:00+00:00,0.0,0.0
2020-03-19 08:00:00+00:00,1584604800000,2020-03-19T08:00:00+00:00,0.0,0.0
2020-03-19 16:00:00+00:00,1584633600000,2020-03-19T16:00:00+00:00,0.0,0.0
2020-03-20 00:00:00+00:00,1584662400000,2020-03-20T00:00:00+00:00,0.0,0.0
2020-03-20 08:00:00+00:00,1584691200000,2020-03-20T08:00:00+00:00,0.0,0.0
2020-03-20 16:00:00+00:00,1584720000000,2020-03-20T16:00:00+00:00,3.196e-05,0.0
2020-03-21 00:00:00+00:00,1584748800000,2020-03-21T00:00:00+00:00,0.0,0.0
2020-03-21 08:00:00+00:00,1584777600000,2020-03-21T08:00:00+00:00,0.0,0.0
2020-03-21 16:00:00+00:00,1584806400000,2020-03-21T16:00:00+00:00,0.0,0.0
2020-03-22 00:00:00+00:00,1584835200000,2020-03-22T00:00:00+00:00,0.0,0.0
2020-03-22 08:00:00.001000+00:00,1584864000001,2020-03-22T08:00:00.001000+00:00,0.0,0.0
2020-03-22 16:00:00+00:00,1584892800000,2020-03-22T16:00:00+00:00,0.0,0.0
2020-03-23 00:00:00+00:00,1584921600000,2020-03-23T00:00:00+00:00,0.0,0.0
2020-03-23 08:00:00+00:00,1584950400000,2020-03-23T08:00:00+00:00,0.0,0.0
2020-03-23 16:00:00+00:00,1584979200000,2020-03-23T16:00:00+00:00,0.0,0.0
2020-03-24 00:00:00+00:00,1585008000000,2020-03-24T00:00:00+00:00,0.0,0.0
2020-03-24 08:00:00+00:00,1585036800000,2020-03-24T08:00:00+00:00,0.0,0.0
2020-03-24 16:00:00+00:00,1585065600000,2020-03-24T16:00:00+00:00,0.0,0.0
2020-03-25 00:00:00+00:00,1585094400000,2020-03-25T00:00:00+00:00,-0.00028381,0.0
2020-03-25 08:00:00+00:00,1585123200000,2020-03-25T08:00:00+00:00,-0.00063857,0.0
2020-03-25 16:00:00.001000+00:00,1585152000001,2020-03-25T16:00:00.001000+00:00,-0.00116804,0.0
2020-03-26 00:00:00.006000+00:00,1585180800006,2020-03-26T00:00:00.006000+00:00,-0.00136474,0.0
2020-03-26 08:00:00.002000+00:00,1585209600002,2020-03-26T08:00:00.002000+00:00,-0.00101418,0.0
2020-03-26 16:00:00+00:00,1585238400000,2020-03-26T16:00:00+00:00,0.0,0.0
2020-03-27 00:00:00+00:00,1585267200000,2020-03-27T00:00:00+00:00,0.0,0.0
2020-03-27 08:00:00+00:00,1585296000000,2020-03-27T08:00:00+00:00,0.0,0.0
2020-03-27 16:00:00+00:00,1585324800000,2020-03-27T16:00:00+00:00,-0.00088447,0.0
2020-03-28 00:00:00+00:00,1585353600000,2020-03-28T00:00:00+00:00,-0.00069922,0.0
2020-03-28 08:00:00+00:00,1585382400000,2020-03-28T08:00:00+00:00,0.0,0.0
2020-03-28 16:00:00+00:00,1585411200000,2020-03-28T16:00:00+00:00,-0.00096105,0.0
2020-03-29 00:00:00+00:00,1585440000000,2020-03-29T00:00:00+00:00,-0.0009582,0.0
2020-03-29 08:00:00.001000+00:00,1585468800001,2020-03-29T08:00:00.001000+00:00,-0.00071773,0.0
2020-03-29 16:00:00+00:00,1585497600000,2020-03-29T16:00:00+00:00,-0.00030985,0.0
2020-03-30 00:00:00+00:00,1585526400000,2020-03-30T00:00:00+00:00,-0.00058307,0.0
2020-03-30 08:00:00+00:00,1585555200000,2020-03-30T08:00:00+00:00,-0.00051558,0.0
2020-03-30 16:00:00+00:00,1585584000000,2020-03-30T16:00:00+00:00,-0.00037297,0.0
2020-03-31 00:00:00+00:00,1585612800000,2020-03-31T00:00:00+00:00,-0.00034341,0.0
2020-03-31 08:00:00.001000+00:00,1585641600001,2020-03-31T08:00:00.001000+00:00,-0.00044911,0.0
2020-03-31 16:00:00.001000+00:00,1585670400001,2020-03-31T16:00:00.001000+00:00,0.0,0.0
2020-04-01 00:00:00.002000+00:00,1585699200002,2020-04-01T00:00:00.002000+00:00,0.0,0.0
2020-04-01 08:00:00+00:00,1585728000000,2020-04-01T08:00:00+00:00,0.0,0.0
2020-04-01 16:00:00.001000+00:00,1585756800001,2020-04-01T16:00:00.001000+00:00,0.0,0.0
2020-04-02 00:00:00+00:00,1585785600000,2020-04-02T00:00:00+00:00,-0.00038278,0.0
2020-04-02 08:00:00+00:00,1585814400000,2020-04-02T08:00:00+00:00,-0.0005377,0.0
2020-04-02 16:00:00+00:00,1585843200000,2020-04-02T16:00:00+00:00,0.0,0.0
2020-04-03 00:00:00+00:00,1585872000000,2020-04-03T00:00:00+00:00,-5.878e-05,0.0
2020-04-03 08:00:00+00:00,1585900800000,2020-04-03T08:00:00+00:00,-0.00093878,0.0
2020-04-03 16:00:00+00:00,1585929600000,2020-04-03T16:00:00+00:00,0.0,0.0
2020-04-04 00:00:00+00:00,1585958400000,2020-04-04T00:00:00+00:00,0.0,0.0
2020-04-04 08:00:00+00:00,1585987200000,2020-04-04T08:00:00+00:00,0.0,0.0
2020-04-04 16:00:00+00:00,1586016000000,2020-04-04T16:00:00+00:00,0.0,0.0
2020-04-05 00:00:00.001000+00:00,1586044800001,2020-04-05T00:00:00.001000+00:00,1.815e-05,0.0
2020-04-05 08:00:00+00:00,1586073600000,2020-04-05T08:00:00+00:00,3.597e-05,0.0
2020-04-05 16:00:00+00:00,1586102400000,2020-04-05T16:00:00+00:00,0.0,0.0
2020-04-06 00:00:00+00:00,1586131200000,2020-04-06T00:00:00+00:00,0.0001949,0.0
2020-04-06 08:00:00+00:00,1586160000000,2020-04-06T08:00:00+00:00,0.00012984,0.0
2020-04-06 16:00:00+00:00,1586188800000,2020-04-06T16:00:00+00:00,0.0,0.0
2020-04-07 00:00:00+00:00,1586217600000,2020-04-07T00:00:00+00:00,0.0,0.0
2020-04-07 08:00:00+00:00,1586246400000,2020-04-07T08:00:00+00:00,8.068e-05,0.0
2020-04-07 16:00:00+00:00,1586275200000,2020-04-07T16:00:00+00:00,6.871e-05,0.0
2020-04-08 00:00:00+00:00,1586304000000,2020-04-08T00:00:00+00:00,0.0,0.0
2020-04-08 08:00:00+00:00,1586332800000,2020-04-08T08:00:00+00:00,0.0,0.0
2020-04-08 16:00:00+00:00,1586361600000,2020-04-08T16:00:00+00:00,0.0,0.0
2020-04-09 00:00:00+00:00,1586390400000,2020-04-09T00:00:00+00:00,0.0,0.0
2020-04-09 08:00:00.001000+00:00,1586419200001,2020-04-09T08:00:00.001000+00:00,0.0,0.0
2020-04-09 16:00:00+00:00,1586448000000,2020-04-09T16:00:00+00:00,0.0,0.0
2020-04-10 00:00:00.001000+00:00,1586476800001,2020-04-10T00:00:00.001000+00:00,0.0,0.0
2020-04-10 08:00:00+00:00,1586505600000,2020-04-10T08:00:00+00:00,0.0,0.0
2020-04-10 16:00:00+00:00,1586534400000,2020-04-10T16:00:00+00:00,0.0,0.0
2020-04-11 00:00:00+00:00,1586563200000,2020-04-11T00:00:00+00:00,-0.00012615,0.0
2020-04-11 08:00:00+00:00,1586592000000,2020-04-11T08:00:00+00:00,0.0,0.0
2020-04-11 16:00:00+00:00,1586620800000,2020-04-11T16:00:00+00:00,0.0,0.0
2020-04-12 00:00:00+00:00,1586649600000,2020-04-12T00:00:00+00:00,0.0,0.0
2020-04-12 08:00:00.006000+00:00,1586678400006,2020-04-12T08:00:00.006000+00:00,0.0,0.0
2020-04-12 16:00:00.001000+00:00,1586707200001,2020-04-12T16:00:00.001000+00:00,0.0,0.0
2020-04-13 00:00:00.001000+00:00,1586736000001,2020-04-13T00:00:00.001000+00:00,0.0,0.0
2020-04-13 08:00:00+00:00,1586764800000,2020-04-13T08:00:00+00:00,0.0,0.0
2020-04-13 16:00:00+00:00,1586793600000,2020-04-13T16:00:00+00:00,-0.00106444,0.0
2020-04-14 00:00:00+00:00,1586822400000,2020-04-14T00:00:00+00:00,-0.00105536,0.0
2020-04-14 08:00:00+00:00,1586851200000,2020-04-14T08:00:00+00:00,-0.00048669,0.0
2020-04-14 16:00:00+00:00,1586880000000,2020-04-14T16:00:00+00:00,-0.00163126,0.0
2020-04-15 00:00:00+00:00,1586908800000,2020-04-15T00:00:00+00:00,-0.00161834,0.0
2020-04-15 08:00:00+00:00,1586937600000,2020-04-15T08:00:00+00:00,-0.00054383,0.0
2020-04-15 16:00:00+00:00,1586966400000,2020-04-15T16:00:00+00:00,0.0,0.0
2020-04-16 00:00:00+00:00,1586995200000,2020-04-16T00:00:00+00:00,-0.00022565,0.0
2020-04-16 08:00:00+00:00,1587024000000,2020-04-16T08:00:00+00:00,-0.00154515,0.0
2020-04-16 16:00:00+00:00,1587052800000,2020-04-16T16:00:00+00:00,-0.00162046,0.0
2020-04-17 00:00:00+00:00,1587081600000,2020-04-17T00:00:00+00:00,-0.00244099,0.0
2020-04-17 08:00:00+00:00,1587110400000,2020-04-17T08:00:00+00:00,-0.0021833,0.0
2020-04-17 16:00:00+00:00,1587139200000,2020-04-17T16:00:00+00:00,-0.00082619,0.0
2020-04-18 00:00:00+00:00,1587168000000,2020-04-18T00:00:00+00:00,-0.00088774,0.0
2020-04-18 08:00:00+00:00,1587196800000,2020-04-18T08:00:00+00:00,-0.00023463,0.0
2020-04-18 16:00:00+00:00,1587225600000,2020-04-18T16:00:00+00:00,-0.00019125,0.0
2020-04-19 00:00:00+00:00,1587254400000,2020-04-19T00:00:00+00:00,-0.0007285,0.0
2020-04-19 08:00:00+00:00,1587283200000,2020-04-19T08:00:00+00:00,-0.00098575,0.0
2020-04-19 16:00:00+00:00,1587312000000,2020-04-19T16:00:00+00:00,-0.00097202,0.0
2020-04-20 00:00:00+00:00,1587340800000,2020-04-20T00:00:00+00:00,-0.00083493,0.0
2020-04-20 08:00:00+00:00,1587369600000,2020-04-20T08:00:00+00:00,-0.00040011,0.0
2020-04-20 16:00:00+00:00,1587398400000,2020-04-20T16:00:00+00:00,-0.00120041,0.0
2020-04-21 00:00:00+00:00,1587427200000,2020-04-21T00:00:00+00:00,-0.00205524,0.0
2020-04-21 08:00:00.001000+00:00,1587456000001,2020-04-21T08:00:00.001000+00:00,-0.0002257,0.0
2020-04-21 16:00:00+00:00,1587484800000,2020-04-21T16:00:00+00:00,-0.00129702,0.0
2020-04-22 00:00:00.001000+00:00,1587513600001,2020-04-22T00:00:00.001000+00:00,-0.00099634,0.0
2020-04-22 08:00:00+00:00,1587542400000,2020-04-22T08:00:00+00:00,-0.00048035,0.0
2020-04-22 16:00:00+00:00,1587571200000,2020-04-22T16:00:00+00:00,0.0,0.0
2020-04-23 00:00:00+00:00,1587600000000,2020-04-23T00:00:00+00:00,0.0,0.0
2020-04-23 08:00:00.001000+00:00,1587628800001,2020-04-23T08:00:00.001000+00:00,-0.0005323,0.0
2020-04-23 16:00:00+00:00,1587657600000,2020-04-23T16:00:00+00:00,0.0,0.0
2020-04-24 00:00:00+00:00,1587686400000,2020-04-24T00:00:00+00:00,0.0,0.0
2020-04-24 08:00:00+00:00,1587715200000,2020-04-24T08:00:00+00:00,0.0,0.0
2020-04-24 16:00:00+00:00,1587744000000,2020-04-24T16:00:00+00:00,0.0,0.0
2020-04-25 00:00:00.003000+00:00,1587772800003,2020-04-25T00:00:00.003000+00:00,0.0,0.0
2020-04-25 08:00:00+00:00,1587801600000,2020-04-25T08:00:00+00:00,0.0,0.0
2020-04-25 16:00:00+00:00,1587830400000,2020-04-25T16:00:00+00:00,0.0,0.0
2020-04-26 00:00:00+00:00,1587859200000,2020-04-26T00:00:00+00:00,0.0,0.0
2020-04-26 08:00:00+00:00,1587888000000,2020-04-26T08:00:00+00:00,-9.795e-05,0.0
2020-04-26 16:00:00+00:00,1587916800000,2020-04-26T16:00:00+00:00,0.0,0.0
2020-04-27 00:00:00+00:00,1587945600000,2020-04-27T00:00:00+00:00,0.0,0.0
2020-04-27 08:00:00.005000+00:00,1587974400005,2020-04-27T08:00:00.005000+00:00,0.0,0.0
2020-04-27 16:00:00+00:00,1588003200000,2020-04-27T16:00:00+00:00,0.0,0.0
2020-04-28 00:00:00+00:00,1588032000000,2020-04-28T00:00:00+00:00,0.0,0.0
2020-04-28 08:00:00+00:00,1588060800000,2020-04-28T08:00:00+00:00,-0.00064392,0.0
2020-04-28 16:00:00+00:00,1588089600000,2020-04-28T16:00:00+00:00,0.0,0.0
2020-04-29 00:00:00+00:00,1588118400000,2020-04-29T00:00:00+00:00,0.0,0.0
2020-04-29 08:00:00.001000+00:00,1588147200001,2020-04-29T08:00:00.001000+00:00,0.0,0.0
2020-04-29 16:00:00+00:00,1588176000000,2020-04-29T16:00:00+00:00,0.0,0.0
2020-04-30 00:00:00+00:00,1588204800000,2020-04-30T00:00:00+00:00,-0.00065188,0.0
2020-04-30 08:00:00+00:00,1588233600000,2020-04-30T08:00:00+00:00,-0.00016727,0.0
2020-04-30 16:00:00+00:00,1588262400000,2020-04-30T16:00:00+00:00,-0.00190521,0.0
2020-05-01 00:00:00+00:00,1588291200000,2020-05-01T00:00:00+00:00,-0.00132408,0.0
2020-05-01 08:00:00+00:00,1588320000000,2020-05-01T08:00:00+00:00,-0.00021921,0.0
2020-05-01 16:00:00+00:00,1588348800000,2020-05-01T16:00:00+00:00,-0.00043006,0.0
2020-05-02 00:00:00+00:00,1588377600000,2020-05-02T00:00:00+00:00,-0.00069085,0.0
2020-05-02 08:00:00+00:00,1588406400000,2020-05-02T08:00:00+00:00,-0.00080576,0.0
2020-05-02 16:00:00+00:00,1588435200000,2020-05-02T16:00:00+00:00,-6.443e-05,0.0
2020-05-03 00:00:00+00:00,1588464000000,2020-05-03T00:00:00+00:00,0.0,0.0
2020-05-03 08:00:00+00:00,1588492800000,2020-05-03T08:00:00+00:00,0.0,0.0
2020-05-03 16:00:00+00:00,1588521600000,2020-05-03T16:00:00+00:00,-0.00121372,0.0
2020-05-04 00:00:00+00:00,1588550400000,2020-05-04T00:00:00+00:00,-0.00119549,0.0
2020-05-04 08:00:00.005000+00:00,1588579200005,2020-05-04T08:00:00.005000+00:00,0.0,0.0
2020-05-04 16:00:00+00:00,1588608000000,2020-05-04T16:00:00+00:00,0.0,0.0
2020-05-05 00:00:00+00:00,1588636800000,2020-05-05T00:00:00+00:00,0.0,0.0
2020-05-05 08:00:00+00:00,1588665600000,2020-05-05T08:00:00+00:00,0.0,0.0
2020-05-05 16:00:00+00:00,1588694400000,2020-05-05T16:00:00+00:00,0.0,0.0
2020-05-06 00:00:00.001000+00:00,1588723200001,2020-05-06T00:00:00.001000+00:00,-0.00056844,0.0
2020-05-06 08:00:00+00:00,1588752000000,2020-05-06T08:00:00+00:00,-0.00080135,0.0
2020-05-06 16:00:00+00:00,1588780800000,2020-05-06T16:00:00+00:00,0.0,0.0
2020-05-07 00:00:00+00:00,1588809600000,2020-05-07T00:00:00+00:00,0.0,0.0
2020-05-07 08:00:00.011000+00:00,1588838400011,2020-05-07T08:00:00.011000+00:00,-0.00021386,0.0
2020-05-07 16:00:00+00:00,1588867200000,2020-05-07T16:00:00+00:00,0.0,0.0
2020-05-08 00:00:00+00:00,1588896000000,2020-05-08T00:00:00+00:00,0.0,0.0
2020-05-08 08:00:00.001000+00:00,1588924800001,2020-05-08T08:00:00.001000+00:00,0.0,0.0
2020-05-08 16:00:00+00:00,1588953600000,2020-05-08T16:00:00+00:00,0.0,0.0
2020-05-09 00:00:00+00:00,1588982400000,2020-05-09T00:00:00+00:00,0.0,0.0
2020-05-09 08:00:00+00:00,1589011200000,2020-05-09T08:00:00+00:00,0.0,0.0
2020-05-09 16:00:00+00:00,1589040000000,2020-05-09T16:00:00+00:00,0.0,0.0
2020-05-10 00:00:00+00:00,1589068800000,2020-05-10T00:00:00+00:00,0.0,0.0
2020-05-10 08:00:00+00:00,1589097600000,2020-05-10T08:00:00+00:00,-0.00078928,0.0
2020-05-10 16:00:00+00:00,1589126400000,2020-05-10T16:00:00+00:00,-0.00060654,0.0
2020-05-11 00:00:00+00:00,1589155200000,2020-05-11T00:00:00+00:00,0.0,0.0
2020-05-11 08:00:00+00:00,1589184000000,2020-05-11T08:00:00+00:00,-0.00025328,0.0
2020-05-11 16:00:00+00:00,1589212800000,2020-05-11T16:00:00+00:00,0.0,0.0
2020-05-12 00:00:00+00:00,1589241600000,2020-05-12T00:00:00+00:00,-0.00029358,0.0
2020-05-12 08:00:00.001000+00:00,1589270400001,2020-05-12T08:00:00.001000+00:00,0.0,0.0
2020-05-12 16:00:00+00:00,1589299200000,2020-05-12T16:00:00+00:00,0.0,0.0
2020-05-13 00:00:00+00:00,1589328000000,2020-05-13T00:00:00+00:00,-0.00025472,0.0
2020-05-13 08:00:00+00:00,1589356800000,2020-05-13T08:00:00+00:00,-0.00099136,0.0
2020-05-13 16:00:00+00:00,1589385600000,2020-05-13T16:00:00+00:00,0.0,0.0
2020-05-14 00:00:00+00:00,1589414400000,2020-05-14T00:00:00+00:00,0.0,0.0
2020-05-14 08:00:00+00:00,1589443200000,2020-05-14T08:00:00+00:00,-0.00095429,0.0
2020-05-14 16:00:00+00:00,1589472000000,2020-05-14T16:00:00+00:00,-9.641e-05,0.0
2020-05-15 00:00:00+00:00,1589500800000,2020-05-15T00:00:00+00:00,0.0,0.0
2020-05-15 08:00:00+00:00,1589529600000,2020-05-15T08:00:00+00:00,0.0,0.0
2020-05-15 16:00:00.001000+00:00,1589558400001,2020-05-15T16:00:00.001000+00:00,0.0,0.0
2020-05-16 00:00:00.008000+00:00,1589587200008,2020-05-16T00:00:00.008000+00:00,0.0,0.0
2020-05-16 08:00:00+00:00,1589616000000,2020-05-16T08:00:00+00:00,0.0,0.0
2020-05-16 16:00:00+00:00,1589644800000,2020-05-16T16:00:00+00:00,0.0,0.0
2020-05-17 00:00:00.002000+00:00,1589673600002,2020-05-17T00:00:00.002000+00:00,0.0,0.0
2020-05-17 08:00:00+00:00,1589702400000,2020-05-17T08:00:00+00:00,0.0,0.0
2020-05-17 16:00:00+00:00,1589731200000,2020-05-17T16:00:00+00:00,0.0,0.0
2020-05-18 00:00:00+00:00,1589760000000,2020-05-18T00:00:00+00:00,0.0,0.0
2020-05-18 08:00:00+00:00,1589788800000,2020-05-18T08:00:00+00:00,0.0,0.0
2020-05-18 16:00:00.001000+00:00,1589817600001,2020-05-18T16:00:00.001000+00:00,0.0,0.0
2020-05-19 00:00:00.005000+00:00,1589846400005,2020-05-19T00:00:00.005000+00:00,0.0,0.0
2020-05-19 08:00:00+00:00,1589875200000,2020-05-19T08:00:00+00:00,0.0,0.0
2020-05-19 16:00:00+00:00,1589904000000,2020-05-19T16:00:00+00:00,0.0,0.0
2020-05-20 00:00:00+00:00,1589932800000,2020-05-20T00:00:00+00:00,0.0,0.0
2020-05-20 08:00:00+00:00,1589961600000,2020-05-20T08:00:00+00:00,0.0,0.0
2020-05-20 16:00:00.006000+00:00,1589990400006,2020-05-20T16:00:00.006000+00:00,0.0,0.0
2020-05-21 00:00:00+00:00,1590019200000,2020-05-21T00:00:00+00:00,0.0,0.0
2020-05-21 08:00:00+00:00,1590048000000,2020-05-21T08:00:00+00:00,0.0,0.0
2020-05-21 16:00:00+00:00,1590076800000,2020-05-21T16:00:00+00:00,0.0,0.0
2020-05-22 00:00:00.006000+00:00,1590105600006,2020-05-22T00:00:00.006000+00:00,0.0,0.0
2020-05-22 08:00:00+00:00,1590134400000,2020-05-22T08:00:00+00:00,2.744e-05,0.0
2020-05-22 16:00:00+00:00,1590163200000,2020-05-22T16:00:00+00:00,0.0,0.0
2020-05-23 00:00:00.003000+00:00,1590192000003,2020-05-23T00:00:00.003000+00:00,9.99e-05,0.0
2020-05-23 08:00:00+00:00,1590220800000,2020-05-23T08:00:00+00:00,5.223e-05,0.0
2020-05-23 16:00:00+00:00,1590249600000,2020-05-23T16:00:00+00:00,0.0,0.0
2020-05-24 00:00:00.006000+00:00,1590278400006,2020-05-24T00:00:00.006000+00:00,5.841e-05,0.0
2020-05-24 08:00:00+00:00,1590307200000,2020-05-24T08:00:00+00:00,0.00023836,0.0
2020-05-24 16:00:00+00:00,1590336000000,2020-05-24T16:00:00+00:00,0.0,0.0
2020-05-25 00:00:00+00:00,1590364800000,2020-05-25T00:00:00+00:00,0.0,0.0
2020-05-25 08:00:00+00:00,1590393600000,2020-05-25T08:00:00+00:00,0.0,0.0
2020-05-25 16:00:00+00:00,1590422400000,2020-05-25T16:00:00+00:00,0.0,0.0
2020-05-26 00:00:00+00:00,1590451200000,2020-05-26T00:00:00+00:00,0.0,0.0
2020-05-26 08:00:00.006000+00:00,1590480000006,2020-05-26T08:00:00.006000+00:00,0.0,0.0
2020-05-26 16:00:00+00:00,1590508800000,2020-05-26T16:00:00+00:00,0.0,0.0
2020-05-27 00:00:00+00:00,1590537600000,2020-05-27T00:00:00+00:00,0.0,0.0
2020-05-27 08:00:00+00:00,1590566400000,2020-05-27T08:00:00+00:00,0.0,0.0
2020-05-27 16:00:00+00:00,1590595200000,2020-05-27T16:00:00+00:00,0.0,0.0
2020-05-28 00:00:00+00:00,1590624000000,2020-05-28T00:00:00+00:00,0.0,0.0
2020-05-28 08:00:00+00:00,1590652800000,2020-05-28T08:00:00+00:00,0.0,0.0
2020-05-28 16:00:00+00:00,1590681600000,2020-05-28T16:00:00+00:00,0.0,0.0
2020-05-29 00:00:00+00:00,1590710400000,2020-05-29T00:00:00+00:00,0.0,0.0
2020-05-29 08:00:00+00:00,1590739200000,2020-05-29T08:00:00+00:00,0.0,0.0
2020-05-29 16:00:00+00:00,1590768000000,2020-05-29T16:00:00+00:00,0.0,0.0
2020-05-30 00:00:00+00:00,1590796800000,2020-05-30T00:00:00+00:00,0.0,0.0
2020-05-30 08:00:00.001000+00:00,1590825600001,2020-05-30T08:00:00.001000+00:00,0.0,0.0
2020-05-30 16:00:00+00:00,1590854400000,2020-05-30T16:00:00+00:00,8.96e-06,0.0
2020-05-31 00:00:00+00:00,1590883200000,2020-05-31T00:00:00+00:00,3.531e-05,0.0
2020-05-31 08:00:00.001000+00:00,1590912000001,2020-05-31T08:00:00.001000+00:00,0.00035834,0.0
2020-05-31 16:00:00+00:00,1590940800000,2020-05-31T16:00:00+00:00,0.0,0.0
2020-06-01 00:00:00+00:00,1590969600000,2020-06-01T00:00:00+00:00,0.0,0.0
2020-06-01 08:00:00.001000+00:00,1590998400001,2020-06-01T08:00:00.001000+00:00,0.0,0.0
2020-06-01 16:00:00+00:00,1591027200000,2020-06-01T16:00:00+00:00,0.0,0.0
2020-06-02 00:00:00+00:00,1591056000000,2020-06-02T00:00:00+00:00,8.273e-05,0.0
2020-06-02 08:00:00.002000+00:00,1591084800002,2020-06-02T08:00:00.002000+00:00,0.00150317,0.0
2020-06-02 16:00:00+00:00,1591113600000,2020-06-02T16:00:00+00:00,0.00015673,0.0
2020-06-03 00:00:00+00:00,1591142400000,2020-06-03T00:00:00+00:00,0.0,0.0
2020-06-03 08:00:00+00:00,1591171200000,2020-06-03T08:00:00+00:00,0.0,0.0
2020-06-03 16:00:00.002000+00:00,1591200000002,2020-06-03T16:00:00.002000+00:00,0.0,0.0
2020-06-04 00:00:00.001000+00:00,1591228800001,2020-06-04T00:00:00.001000+00:00,0.0,0.0
2020-06-04 08:00:00.004000+00:00,1591257600004,2020-06-04T08:00:00.004000+00:00,0.0,0.0
2020-06-04 16:00:00.001000+00:00,1591286400001,2020-06-04T16:00:00.001000+00:00,0.0,0.0
2020-06-05 00:00:00.001000+00:00,1591315200001,2020-06-05T00:00:00.001000+00:00,0.0,0.0
2020-06-05 08:00:00+00:00,1591344000000,2020-06-05T08:00:00+00:00,0.0,0.0
2020-06-05 16:00:00.001000+00:00,1591372800001,2020-06-05T16:00:00.001000+00:00,0.0,0.0
2020-06-06 00:00:00+00:00,1591401600000,2020-06-06T00:00:00+00:00,0.0,0.0
2020-06-06 08:00:00+00:00,1591430400000,2020-06-06T08:00:00+00:00,0.0,0.0
2020-06-06 16:00:00+00:00,1591459200000,2020-06-06T16:00:00+00:00,0.0,0.0
2020-06-07 00:00:00+00:00,1591488000000,2020-06-07T00:00:00+00:00,0.0,0.0
2020-06-07 08:00:00+00:00,1591516800000,2020-06-07T08:00:00+00:00,0.0,0.0
2020-06-07 16:00:00.006000+00:00,1591545600006,2020-06-07T16:00:00.006000+00:00,3.662e-05,0.0
2020-06-08 00:00:00.008000+00:00,1591574400008,2020-06-08T00:00:00.008000+00:00,0.0,0.0
2020-06-08 08:00:00.007000+00:00,1591603200007,2020-06-08T08:00:00.007000+00:00,0.0,0.0
2020-06-08 16:00:00+00:00,1591632000000,2020-06-08T16:00:00+00:00,0.0,0.0
2020-06-09 00:00:00+00:00,1591660800000,2020-06-09T00:00:00+00:00,0.0,0.0
2020-06-09 08:00:00+00:00,1591689600000,2020-06-09T08:00:00+00:00,0.0,0.0
2020-06-09 16:00:00+00:00,1591718400000,2020-06-09T16:00:00+00:00,0.00028021,0.0
2020-06-10 00:00:00+00:00,1591747200000,2020-06-10T00:00:00+00:00,0.0,0.0
2020-06-10 08:00:00+00:00,1591776000000,2020-06-10T08:00:00+00:00,0.0,0.0
2020-06-10 16:00:00+00:00,1591804800000,2020-06-10T16:00:00+00:00,0.0,0.0
2020-06-11 00:00:00.008000+00:00,1591833600008,2020-06-11T00:00:00.008000+00:00,3.271e-05,0.0
2020-06-11 08:00:00.001000+00:00,1591862400001,2020-06-11T08:00:00.001000+00:00,6.225e-05,0.0
2020-06-11 16:00:00+00:00,1591891200000,2020-06-11T16:00:00+00:00,0.00022627,0.0
2020-06-12 00:00:00.003000+00:00,1591920000003,2020-06-12T00:00:00.003000+00:00,0.0,0.0
2020-06-12 08:00:00+00:00,1591948800000,2020-06-12T08:00:00+00:00,0.0,0.0
2020-06-12 16:00:00.002000+00:00,1591977600002,2020-06-12T16:00:00.002000+00:00,0.0,0.0
2020-06-13 00:00:00+00:00,1592006400000,2020-06-13T00:00:00+00:00,0.0,0.0
2020-06-13 08:00:00.001000+00:00,1592035200001,2020-06-13T08:00:00.001000+00:00,0.0,0.0
2020-06-13 16:00:00+00:00,1592064000000,2020-06-13T16:00:00+00:00,0.0,0.0
2020-06-14 00:00:00.007000+00:00,1592092800007,2020-06-14T00:00:00.007000+00:00,0.0,0.0
2020-06-14 08:00:00+00:00,1592121600000,2020-06-14T08:00:00+00:00,0.0,0.0
2020-06-14 16:00:00.001000+00:00,1592150400001,2020-06-14T16:00:00.001000+00:00,0.0,0.0
2020-06-15 00:00:00+00:00,1592179200000,2020-06-15T00:00:00+00:00,0.0,0.0
2020-06-15 08:00:00.001000+00:00,1592208000001,2020-06-15T08:00:00.001000+00:00,0.0,0.0
2020-06-15 16:00:00+00:00,1592236800000,2020-06-15T16:00:00+00:00,0.0,0.0
2020-06-16 00:00:00.002000+00:00,1592265600002,2020-06-16T00:00:00.002000+00:00,0.0,0.0
2020-06-16 08:00:00+00:00,1592294400000,2020-06-16T08:00:00+00:00,0.0,0.0
2020-06-16 16:00:00.006000+00:00,1592323200006,2020-06-16T16:00:00.006000+00:00,0.0,0.0
2020-06-17 00:00:00+00:00,1592352000000,2020-06-17T00:00:00+00:00,0.0,0.0
2020-06-17 08:00:00.007000+00:00,1592380800007,2020-06-17T08:00:00.007000+00:00,0.0,0.0
2020-06-17 16:00:00+00:00,1592409600000,2020-06-17T16:00:00+00:00,0.0,0.0
2020-06-18 00:00:00.003000+00:00,1592438400003,2020-06-18T00:00:00.003000+00:00,0.0,0.0
2020-06-18 08:00:00.001000+00:00,1592467200001,2020-06-18T08:00:00.001000+00:00,0.0,0.0
2020-06-18 16:00:00.002000+00:00,1592496000002,2020-06-18T16:00:00.002000+00:00,0.0,0.0
2020-06-19 00:00:00.001000+00:00,1592524800001,2020-06-19T00:00:00.001000+00:00,0.0,0.0
2020-06-19 08:00:00.003000+00:00,1592553600003,2020-06-19T08:00:00.003000+00:00,0.0,0.0
2020-06-19 16:00:00+00:00,1592582400000,2020-06-19T16:00:00+00:00,0.0,0.0
2020-06-20 00:00:00+00:00,1592611200000,2020-06-20T00:00:00+00:00,0.0,0.0
2020-06-20 08:00:00.009000+00:00,1592640000009,2020-06-20T08:00:00.009000+00:00,0.0,0.0
2020-06-20 16:00:00.006000+00:00,1592668800006,2020-06-20T16:00:00.006000+00:00,0.0,0.0
2020-06-21 00:00:00+00:00,1592697600000,2020-06-21T00:00:00+00:00,0.00022272,0.0
2020-06-21 08:00:00+00:00,1592726400000,2020-06-21T08:00:00+00:00,0.00023167,0.0
2020-06-21 16:00:00+00:00,1592755200000,2020-06-21T16:00:00+00:00,0.00012856,0.0
2020-06-22 00:00:00+00:00,1592784000000,2020-06-22T00:00:00+00:00,0.00015194,0.0
2020-06-22 08:00:00+00:00,1592812800000,2020-06-22T08:00:00+00:00,0.00055942,0.0
2020-06-22 16:00:00.001000+00:00,1592841600001,2020-06-22T16:00:00.001000+00:00,0.00050433,0.0
2020-06-23 00:00:00+00:00,1592870400000,2020-06-23T00:00:00+00:00,0.00041717,0.0
2020-06-23 08:00:00.002000+00:00,1592899200002,2020-06-23T08:00:00.002000+00:00,0.00032418,0.0
2020-06-23 16:00:00+00:00,1592928000000,2020-06-23T16:00:00+00:00,0.00022358,0.0
2020-06-24 00:00:00.001000+00:00,1592956800001,2020-06-24T00:00:00.001000+00:00,0.00032558,0.0
2020-06-24 08:00:00+00:00,1592985600000,2020-06-24T08:00:00+00:00,0.00031154,0.0
2020-06-24 16:00:00+00:00,1593014400000,2020-06-24T16:00:00+00:00,0.00022791,0.0
2020-06-25 00:00:00+00:00,1593043200000,2020-06-25T00:00:00+00:00,0.00065156,0.0
2020-06-25 08:00:00+00:00,1593072000000,2020-06-25T08:00:00+00:00,0.0,0.0
2020-06-25 16:00:00+00:00,1593100800000,2020-06-25T16:00:00+00:00,0.0,0.0
2020-06-26 00:00:00+00:00,1593129600000,2020-06-26T00:00:00+00:00,0.0,0.0
2020-06-26 08:00:00+00:00,1593158400000,2020-06-26T08:00:00+00:00,0.0,0.0
2020-06-26 16:00:00+00:00,1593187200000,2020-06-26T16:00:00+00:00,0.0,0.0
2020-06-27 00:00:00.003000+00:00,1593216000003,2020-06-27T00:00:00.003000+00:00,0.0,0.0
2020-06-27 08:00:00.004000+00:00,1593244800004,2020-06-27T08:00:00.004000+00:00,0.0,0.0
2020-06-27 16:00:00+00:00,1593273600000,2020-06-27T16:00:00+00:00,0.0,0.0
2020-06-28 00:00:00.003000+00:00,1593302400003,2020-06-28T00:00:00.003000+00:00,0.0,0.0
2020-06-28 08:00:00.001000+00:00,1593331200001,2020-06-28T08:00:00.001000+00:00,0.0,0.0
2020-06-28 16:00:00+00:00,1593360000000,2020-06-28T16:00:00+00:00,0.0,0.0
2020-06-29 00:00:00+00:00,1593388800000,2020-06-29T00:00:00+00:00,0.0,0.0
2020-06-29 08:00:00.005000+00:00,1593417600005,2020-06-29T08:00:00.005000+00:00,0.0,0.0
2020-06-29 16:00:00+00:00,1593446400000,2020-06-29T16:00:00+00:00,0.0,0.0
2020-06-30 00:00:00+00:00,1593475200000,2020-06-30T00:00:00+00:00,0.0,0.0
2020-06-30 08:00:00.001000+00:00,1593504000001,2020-06-30T08:00:00.001000+00:00,7.46e-05,0.0
2020-06-30 16:00:00.002000+00:00,1593532800002,2020-06-30T16:00:00.002000+00:00,0.0,0.0
2020-07-01 00:00:00.002000+00:00,1593561600002,2020-07-01T00:00:00.002000+00:00,6.488e-05,0.0
2020-07-01 08:00:00+00:00,1593590400000,2020-07-01T08:00:00+00:00,0.00022682,0.0
2020-07-01 16:00:00+00:00,1593619200000,2020-07-01T16:00:00+00:00,3.501e-05,0.0
2020-07-02 00:00:00.001000+00:00,1593648000001,2020-07-02T00:00:00.001000+00:00,0.0,0.0
2020-07-02 08:00:00.001000+00:00,1593676800001,2020-07-02T08:00:00.001000+00:00,0.0,0.0
2020-07-02 16:00:00+00:00,1593705600000,2020-07-02T16:00:00+00:00,0.0,0.0
2020-07-03 00:00:00+00:00,1593734400000,2020-07-03T00:00:00+00:00,0.00015225,0.0
2020-07-03 08:00:00.001000+00:00,1593763200001,2020-07-03T08:00:00.001000+00:00,0.0,0.0
2020-07-03 16:00:00+00:00,1593792000000,2020-07-03T16:00:00+00:00,0.0,0.0
2020-07-04 00:00:00.002000+00:00,1593820800002,2020-07-04T00:00:00.002000+00:00,0.0,0.0
2020-07-04 08:00:00.002000+00:00,1593849600002,2020-07-04T08:00:00.002000+00:00,0.00026054,0.0
2020-07-04 16:00:00.001000+00:00,1593878400001,2020-07-04T16:00:00.001000+00:00,0.00020423,0.0
2020-07-05 00:00:00+00:00,1593907200000,2020-07-05T00:00:00+00:00,0.0,0.0
2020-07-05 08:00:00+00:00,1593936000000,2020-07-05T08:00:00+00:00,0.0,0.0
2020-07-05 16:00:00+00:00,1593964800000,2020-07-05T16:00:00+00:00,0.0,0.0
2020-07-06 00:00:00+00:00,1593993600000,2020-07-06T00:00:00+00:00,0.0,0.0
2020-07-06 08:00:00.001000+00:00,1594022400001,2020-07-06T08:00:00.001000+00:00,0.0,0.0
2020-07-06 16:00:00+00:00,1594051200000,2020-07-06T16:00:00+00:00,0.0010617,0.0
2020-07-07 00:00:00+00:00,1594080000000,2020-07-07T00:00:00+00:00,0.00045655,0.0
2020-07-07 08:00:00.006000+00:00,1594108800006,2020-07-07T08:00:00.006000+00:00,0.00098882,0.0
2020-07-07 16:00:00+00:00,1594137600000,2020-07-07T16:00:00+00:00,0.00088952,0.0
2020-07-08 00:00:00+00:00,1594166400000,2020-07-08T00:00:00+00:00,0.00078954,0.0
2020-07-08 08:00:00+00:00,1594195200000,2020-07-08T08:00:00+00:00,0.0,0.0
2020-07-08 16:00:00+00:00,1594224000000,2020-07-08T16:00:00+00:00,0.00013316,0.0
2020-07-09 00:00:00.001000+00:00,1594252800001,2020-07-09T00:00:00.001000+00:00,0.00048519,0.0
2020-07-09 08:00:00.002000+00:00,1594281600002,2020-07-09T08:00:00.002000+00:00,0.00010307,0.0
2020-07-09 16:00:00+00:00,1594310400000,2020-07-09T16:00:00+00:00,0.00019539,0.0
2020-07-10 00:00:00+00:00,1594339200000,2020-07-10T00:00:00+00:00,0.0,0.0
2020-07-10 08:00:00.001000+00:00,1594368000001,2020-07-10T08:00:00.001000+00:00,4.959e-05,0.0
2020-07-10 16:00:00+00:00,1594396800000,2020-07-10T16:00:00+00:00,0.00016453,0.0
2020-07-11 00:00:00+00:00,1594425600000,2020-07-11T00:00:00+00:00,0.00013604,0.0
2020-07-11 08:00:00+00:00,1594454400000,2020-07-11T08:00:00+00:00,0.00028831,0.0
2020-07-11 16:00:00+00:00,1594483200000,2020-07-11T16:00:00+00:00,0.0,0.0
2020-07-12 00:00:00+00:00,1594512000000,2020-07-12T00:00:00+00:00,0.0,0.0
2020-07-12 08:00:00+00:00,1594540800000,2020-07-12T08:00:00+00:00,0.0,0.0
2020-07-12 16:00:00+00:00,1594569600000,2020-07-12T16:00:00+00:00,0.00078054,0.0
2020-07-13 00:00:00+00:00,1594598400000,2020-07-13T00:00:00+00:00,0.00095522,0.0
2020-07-13 08:00:00.001000+00:00,1594627200001,2020-07-13T08:00:00.001000+00:00,0.00044795,0.0
2020-07-13 16:00:00+00:00,1594656000000,2020-07-13T16:00:00+00:00,0.000551,0.0
2020-07-14 00:00:00.001000+00:00,1594684800001,2020-07-14T00:00:00.001000+00:00,0.00010593,0.0
2020-07-14 08:00:00+00:00,1594713600000,2020-07-14T08:00:00+00:00,0.00066729,0.0
2020-07-14 16:00:00+00:00,1594742400000,2020-07-14T16:00:00+00:00,0.00084732,0.0
2020-07-15 00:00:00+00:00,1594771200000,2020-07-15T00:00:00+00:00,0.000419,0.0
2020-07-15 08:00:00+00:00,1594800000000,2020-07-15T08:00:00+00:00,0.00032947,0.0
2020-07-15 16:00:00+00:00,1594828800000,2020-07-15T16:00:00+00:00,0.00023178,0.0
2020-07-16 00:00:00+00:00,1594857600000,2020-07-16T00:00:00+00:00,0.00060186,0.0
2020-07-16 08:00:00.002000+00:00,1594886400002,2020-07-16T08:00:00.002000+00:00,0.0003019,0.0
2020-07-16 16:00:00.001000+00:00,1594915200001,2020-07-16T16:00:00.001000+00:00,0.0,0.0
2020-07-17 00:00:00.001000+00:00,1594944000001,2020-07-17T00:00:00.001000+00:00,0.0,0.0
2020-07-17 08:00:00+00:00,1594972800000,2020-07-17T08:00:00+00:00,0.0,0.0
2020-07-17 16:00:00+00:00,1595001600000,2020-07-17T16:00:00+00:00,0.0,0.0
2020-07-18 00:00:00.003000+00:00,1595030400003,2020-07-18T00:00:00.003000+00:00,0.0,0.0
2020-07-18 08:00:00.001000+00:00,1595059200001,2020-07-18T08:00:00.001000+00:00,0.0,0.0
2020-07-18 16:00:00+00:00,1595088000000,2020-07-18T16:00:00+00:00,0.0,0.0
2020-07-19 00:00:00+00:00,1595116800000,2020-07-19T00:00:00+00:00,0.0,0.0
2020-07-19 08:00:00+00:00,1595145600000,2020-07-19T08:00:00+00:00,0.0,0.0
2020-07-19 16:00:00+00:00,1595174400000,2020-07-19T16:00:00+00:00,0.0,0.0
2020-07-20 00:00:00+00:00,1595203200000,2020-07-20T00:00:00+00:00,0.00054102,0.0
2020-07-20 08:00:00+00:00,1595232000000,2020-07-20T08:00:00+00:00,0.0,0.0
2020-07-20 16:00:00.001000+00:00,1595260800001,2020-07-20T16:00:00.001000+00:00,0.0004598,0.0
2020-07-21 00:00:00+00:00,1595289600000,2020-07-21T00:00:00+00:00,0.00027418,0.0
2020-07-21 08:00:00.001000+00:00,1595318400001,2020-07-21T08:00:00.001000+00:00,0.00069242,0.0
2020-07-21 16:00:00.004000+00:00,1595347200004,2020-07-21T16:00:00.004000+00:00,0.0,0.0
2020-07-22 00:00:00+00:00,1595376000000,2020-07-22T00:00:00+00:00,0.0,0.0
2020-07-22 08:00:00+00:00,1595404800000,2020-07-22T08:00:00+00:00,0.0,0.0
2020-07-22 16:00:00+00:00,1595433600000,2020-07-22T16:00:00+00:00,0.00019297,0.0
2020-07-23 00:00:00.001000+00:00,1595462400001,2020-07-23T00:00:00.001000+00:00,0.00028134,0.0
2020-07-23 08:00:00+00:00,1595491200000,2020-07-23T08:00:00+00:00,0.0,0.0
2020-07-23 16:00:00.001000+00:00,1595520000001,2020-07-23T16:00:00.001000+00:00,0.00020308,0.0
2020-07-24 00:00:00+00:00,1595548800000,2020-07-24T00:00:00+00:00,7.66e-06,0.0
2020-07-24 08:00:00+00:00,1595577600000,2020-07-24T08:00:00+00:00,0.0,0.0
2020-07-24 16:00:00+00:00,1595606400000,2020-07-24T16:00:00+00:00,0.00020401,0.0
2020-07-25 00:00:00+00:00,1595635200000,2020-07-25T00:00:00+00:00,4.774e-05,0.0
2020-07-25 08:00:00.001000+00:00,1595664000001,2020-07-25T08:00:00.001000+00:00,3.634e-05,0.0
2020-07-25 16:00:00+00:00,1595692800000,2020-07-25T16:00:00+00:00,0.0,0.0
2020-07-26 00:00:00+00:00,1595721600000,2020-07-26T00:00:00+00:00,0.00012314,0.0
2020-07-26 08:00:00+00:00,1595750400000,2020-07-26T08:00:00+00:00,0.00052438,0.0
2020-07-26 16:00:00+00:00,1595779200000,2020-07-26T16:00:00+00:00,0.00015007,0.0
2020-07-27 00:00:00+00:00,1595808000000,2020-07-27T00:00:00+00:00,0.00014051,0.0
2020-07-27 08:00:00+00:00,1595836800000,2020-07-27T08:00:00+00:00,0.00073344,0.0
2020-07-27 16:00:00+00:00,1595865600000,2020-07-27T16:00:00+00:00,0.00015918,0.0
2020-07-28 00:00:00+00:00,1595894400000,2020-07-28T00:00:00+00:00,0.00012999,0.0
2020-07-28 08:00:00.001000+00:00,1595923200001,2020-07-28T08:00:00.001000+00:00,0.00027606,0.0
2020-07-28 16:00:00+00:00,1595952000000,2020-07-28T16:00:00+00:00,0.00076482,0.0
2020-07-29 00:00:00+00:00,1595980800000,2020-07-29T00:00:00+00:00,0.00017989,0.0
2020-07-29 08:00:00+00:00,1596009600000,2020-07-29T08:00:00+00:00,0.00062354,0.0
2020-07-29 16:00:00+00:00,1596038400000,2020-07-29T16:00:00+00:00,0.00068354,0.0
2020-07-30 00:00:00+00:00,1596067200000,2020-07-30T00:00:00+00:00,0.0005463,0.0
2020-07-30 08:00:00.001000+00:00,1596096000001,2020-07-30T08:00:00.001000+00:00,0.00044976,0.0
2020-07-30 16:00:00+00:00,1596124800000,2020-07-30T16:00:00+00:00,0.00042414,0.0
2020-07-31 00:00:00+00:00,1596153600000,2020-07-31T00:00:00+00:00,0.00061617,0.0
2020-07-31 08:00:00.001000+00:00,1596182400001,2020-07-31T08:00:00.001000+00:00,0.00051379,0.0
2020-07-31 16:00:00+00:00,1596211200000,2020-07-31T16:00:00+00:00,0.00024454,0.0
2020-08-01 00:00:00.005000+00:00,1596240000005,2020-08-01T00:00:00.005000+00:00,0.00010009,0.0
2020-08-01 08:00:00+00:00,1596268800000,2020-08-01T08:00:00+00:00,0.00027659,0.0
2020-08-01 16:00:00.001000+00:00,1596297600001,2020-08-01T16:00:00.001000+00:00,0.0002282,0.0
2020-08-02 00:00:00+00:00,1596326400000,2020-08-02T00:00:00+00:00,0.00129589,0.0
2020-08-02 08:00:00.001000+00:00,1596355200001,2020-08-02T08:00:00.001000+00:00,0.0,0.0
2020-08-02 16:00:00.001000+00:00,1596384000001,2020-08-02T16:00:00.001000+00:00,0.0,0.0
2020-08-03 00:00:00+00:00,1596412800000,2020-08-03T00:00:00+00:00,0.0,0.0
2020-08-03 08:00:00.001000+00:00,1596441600001,2020-08-03T08:00:00.001000+00:00,0.0,0.0
2020-08-03 16:00:00+00:00,1596470400000,2020-08-03T16:00:00+00:00,0.00049705,0.0
2020-08-04 00:00:00.003000+00:00,1596499200003,2020-08-04T00:00:00.003000+00:00,0.000442,0.0
2020-08-04 08:00:00+00:00,1596528000000,2020-08-04T08:00:00+00:00,0.00069085,0.0
2020-08-04 16:00:00+00:00,1596556800000,2020-08-04T16:00:00+00:00,0.00060812,0.0
2020-08-05 00:00:00+00:00,1596585600000,2020-08-05T00:00:00+00:00,0.00043398,0.0
2020-08-05 08:00:00+00:00,1596614400000,2020-08-05T08:00:00+00:00,0.00027106,0.0
2020-08-05 16:00:00+00:00,1596643200000,2020-08-05T16:00:00+00:00,0.0,0.0
2020-08-06 00:00:00+00:00,1596672000000,2020-08-06T00:00:00+00:00,0.0,0.0
2020-08-06 08:00:00.007000+00:00,1596700800007,2020-08-06T08:00:00.007000+00:00,-0.00013679,0.0
2020-08-06 16:00:00+00:00,1596729600000,2020-08-06T16:00:00+00:00,-0.00020248,0.0
2020-08-07 00:00:00.001000+00:00,1596758400001,2020-08-07T00:00:00.001000+00:00,0.0,0.0
2020-08-07 08:00:00+00:00,1596787200000,2020-08-07T08:00:00+00:00,0.0,0.0
2020-08-07 16:00:00+00:00,1596816000000,2020-08-07T16:00:00+00:00,0.0,0.0
2020-08-08 00:00:00+00:00,1596844800000,2020-08-08T00:00:00+00:00,-0.00219836,0.0
2020-08-08 08:00:00+00:00,1596873600000,2020-08-08T08:00:00+00:00,-0.00055752,0.0
2020-08-08 16:00:00+00:00,1596902400000,2020-08-08T16:00:00+00:00,-0.00150728,0.0
2020-08-09 00:00:00+00:00,1596931200000,2020-08-09T00:00:00+00:00,-0.00058693,0.0
2020-08-09 08:00:00+00:00,1596960000000,2020-08-09T08:00:00+00:00,-0.00029548,0.0
2020-08-09 16:00:00+00:00,1596988800000,2020-08-09T16:00:00+00:00,-0.00036793,0.0
2020-08-10 00:00:00.001000+00:00,1597017600001,2020-08-10T00:00:00.001000+00:00,0.0,0.0
2020-08-10 08:00:00+00:00,1597046400000,2020-08-10T08:00:00+00:00,0.0,0.0
2020-08-10 16:00:00.001000+00:00,1597075200001,2020-08-10T16:00:00.001000+00:00,0.00035918,0.0
2020-08-11 00:00:00.001000+00:00,1597104000001,2020-08-11T00:00:00.001000+00:00,0.00041831,0.0
2020-08-11 08:00:00+00:00,1597132800000,2020-08-11T08:00:00+00:00,0.00024776,0.0
2020-08-11 16:00:00.001000+00:00,1597161600001,2020-08-11T16:00:00.001000+00:00,0.0,0.0
2020-08-12 00:00:00+00:00,1597190400000,2020-08-12T00:00:00+00:00,0.0,0.0
2020-08-12 08:00:00+00:00,1597219200000,2020-08-12T08:00:00+00:00,0.0,0.0
2020-08-12 16:00:00+00:00,1597248000000,2020-08-12T16:00:00+00:00,0.00019557,0.0
2020-08-13 00:00:00.002000+00:00,1597276800002,2020-08-13T00:00:00.002000+00:00,0.0,0.0
2020-08-13 08:00:00+00:00,1597305600000,2020-08-13T08:00:00+00:00,0.00074298,0.0
2020-08-13 16:00:00+00:00,1597334400000,2020-08-13T16:00:00+00:00,0.00063237,0.0
2020-08-14 00:00:00+00:00,1597363200000,2020-08-14T00:00:00+00:00,0.00075067,0.0
2020-08-14 08:00:00+00:00,1597392000000,2020-08-14T08:00:00+00:00,0.00057341,0.0
2020-08-14 16:00:00+00:00,1597420800000,2020-08-14T16:00:00+00:00,0.00097859,0.0
2020-08-15 00:00:00+00:00,1597449600000,2020-08-15T00:00:00+00:00,0.00014737,0.0
2020-08-15 08:00:00.001000+00:00,1597478400001,2020-08-15T08:00:00.001000+00:00,0.00038377,0.0
2020-08-15 16:00:00.001000+00:00,1597507200001,2020-08-15T16:00:00.001000+00:00,0.00053827,0.0
2020-08-16 00:00:00+00:00,1597536000000,2020-08-16T00:00:00+00:00,0.00042953,0.0
2020-08-16 08:00:00+00:00,1597564800000,2020-08-16T08:00:00+00:00,0.00017072,0.0
2020-08-16 16:00:00+00:00,1597593600000,2020-08-16T16:00:00+00:00,0.00014081,0.0
2020-08-17 00:00:00+00:00,1597622400000,2020-08-17T00:00:00+00:00,0.00066913,0.0
2020-08-17 08:00:00+00:00,1597651200000,2020-08-17T08:00:00+00:00,0.0005746,0.0
2020-08-17 16:00:00+00:00,1597680000000,2020-08-17T16:00:00+00:00,0.00047913,0.0
2020-08-18 00:00:00.001000+00:00,1597708800001,2020-08-18T00:00:00.001000+00:00,0.00156863,0.0
2020-08-18 08:00:00.008000+00:00,1597737600008,2020-08-18T08:00:00.008000+00:00,0.00080128,0.0
2020-08-18 16:00:00+00:00,1597766400000,2020-08-18T16:00:00+00:00,0.00047931,0.0
2020-08-19 00:00:00+00:00,1597795200000,2020-08-19T00:00:00+00:00,0.00014429,0.0
2020-08-19 08:00:00+00:00,1597824000000,2020-08-19T08:00:00+00:00,0.00015509,0.0
2020-08-19 16:00:00+00:00,1597852800000,2020-08-19T16:00:00+00:00,0.00037422,0.0
2020-08-20 00:00:00.001000+00:00,1597881600001,2020-08-20T00:00:00.001000+00:00,0.00133633,0.0
2020-08-20 08:00:00+00:00,1597910400000,2020-08-20T08:00:00+00:00,0.0004041,0.0
2020-08-20 16:00:00+00:00,1597939200000,2020-08-20T16:00:00+00:00,0.00045232,0.0
2020-08-21 00:00:00+00:00,1597968000000,2020-08-21T00:00:00+00:00,0.00072622,0.0
2020-08-21 08:00:00+00:00,1597996800000,2020-08-21T08:00:00+00:00,0.0002474,0.0
2020-08-21 16:00:00.017000+00:00,1598025600017,2020-08-21T16:00:00.017000+00:00,0.0001544,0.0
2020-08-22 00:00:00+00:00,1598054400000,2020-08-22T00:00:00+00:00,0.00016151,0.0
2020-08-22 08:00:00+00:00,1598083200000,2020-08-22T08:00:00+00:00,0.0,0.0
2020-08-22 16:00:00+00:00,1598112000000,2020-08-22T16:00:00+00:00,7.395e-05,0.0
2020-08-23 00:00:00+00:00,1598140800000,2020-08-23T00:00:00+00:00,0.00027256,0.0
2020-08-23 08:00:00+00:00,1598169600000,2020-08-23T08:00:00+00:00,0.00023605,0.0
2020-08-23 16:00:00+00:00,1598198400000,2020-08-23T16:00:00+00:00,6.471e-05,0.0
2020-08-24 00:00:00.006000+00:00,1598227200006,2020-08-24T00:00:00.006000+00:00,0.0,0.0
2020-08-24 08:00:00.001000+00:00,1598256000001,2020-08-24T08:00:00.001000+00:00,0.0001374,0.0
2020-08-24 16:00:00+00:00,1598284800000,2020-08-24T16:00:00+00:00,0.00031156,0.0
2020-08-25 00:00:00+00:00,1598313600000,2020-08-25T00:00:00+00:00,0.00039606,0.0
2020-08-25 08:00:00+00:00,1598342400000,2020-08-25T08:00:00+00:00,0.00015343,0.0
2020-08-25 16:00:00+00:00,1598371200000,2020-08-25T16:00:00+00:00,0.00027732,0.0
2020-08-26 00:00:00+00:00,1598400000000,2020-08-26T00:00:00+00:00,0.00018175,0.0
2020-08-26 08:00:00.008000+00:00,1598428800008,2020-08-26T08:00:00.008000+00:00,0.00014978,0.0
2020-08-26 16:00:00.002000+00:00,1598457600002,2020-08-26T16:00:00.002000+00:00,0.00026014,0.0
2020-08-27 00:00:00+00:00,1598486400000,2020-08-27T00:00:00+00:00,0.00019237,0.0
2020-08-27 08:00:00.010000+00:00,1598515200010,2020-08-27T08:00:00.010000+00:00,0.00012595,0.0
2020-08-27 16:00:00+00:00,1598544000000,2020-08-27T16:00:00+00:00,0.00020294,0.0
2020-08-28 00:00:00+00:00,1598572800000,2020-08-28T00:00:00+00:00,0.00016187,0.0
2020-08-28 08:00:00.001000+00:00,1598601600001,2020-08-28T08:00:00.001000+00:00,0.00065202,0.0
2020-08-28 16:00:00+00:00,1598630400000,2020-08-28T16:00:00+00:00,0.00063368,0.0
2020-08-29 00:00:00.002000+00:00,1598659200002,2020-08-29T00:00:00.002000+00:00,0.00010505,0.0
2020-08-29 08:00:00.006000+00:00,1598688000006,2020-08-29T08:00:00.006000+00:00,0.00031093,0.0
2020-08-29 16:00:00.003000+00:00,1598716800003,2020-08-29T16:00:00.003000+00:00,0.00038383,0.0
2020-08-30 00:00:00+00:00,1598745600000,2020-08-30T00:00:00+00:00,0.00048968,0.0
2020-08-30 08:00:00+00:00,1598774400000,2020-08-30T08:00:00+00:00,0.0002535,0.0
2020-08-30 16:00:00+00:00,1598803200000,2020-08-30T16:00:00+00:00,0.00070995,0.0
2020-08-31 00:00:00+00:00,1598832000000,2020-08-31T00:00:00+00:00,0.00084799,0.0
2020-08-31 08:00:00.001000+00:00,1598860800001,2020-08-31T08:00:00.001000+00:00,0.00038615,0.0
2020-08-31 16:00:00.001000+00:00,1598889600001,2020-08-31T16:00:00.001000+00:00,0.00014816,0.0
2020-09-01 00:00:00+00:00,1598918400000,2020-09-01T00:00:00+00:00,0.00052251,0.0
2020-09-01 08:00:00+00:00,1598947200000,2020-09-01T08:00:00+00:00,0.00068999,0.0
2020-09-01 16:00:00+00:00,1598976000000,2020-09-01T16:00:00+00:00,0.00106256,0.0
2020-09-02 00:00:00+00:00,1599004800000,2020-09-02T00:00:00+00:00,0.0020059,0.0
2020-09-02 08:00:00.006000+00:00,1599033600006,2020-09-02T08:00:00.006000+00:00,0.00070794,0.0
2020-09-02 16:00:00+00:00,1599062400000,2020-09-02T16:00:00+00:00,0.00037792,0.0
2020-09-03 00:00:00.001000+00:00,1599091200001,2020-09-03T00:00:00.001000+00:00,0.00048099,0.0
2020-09-03 08:00:00.004000+00:00,1599120000004,2020-09-03T08:00:00.004000+00:00,0.00015812,0.0
2020-09-03 16:00:00+00:00,1599148800000,2020-09-03T16:00:00+00:00,0.00032226,0.0
2020-09-04 00:00:00.005000+00:00,1599177600005,2020-09-04T00:00:00.005000+00:00,0.0,0.0
2020-09-04 08:00:00+00:00,1599206400000,2020-09-04T08:00:00+00:00,0.0,0.0
2020-09-04 16:00:00.006000+00:00,1599235200006,2020-09-04T16:00:00.006000+00:00,-9.235e-05,0.0
2020-09-05 00:00:00+00:00,1599264000000,2020-09-05T00:00:00+00:00,-0.00035671,0.0
2020-09-05 08:00:00.004000+00:00,1599292800004,2020-09-05T08:00:00.004000+00:00,0.0,0.0
2020-09-05 16:00:00.001000+00:00,1599321600001,2020-09-05T16:00:00.001000+00:00,-0.00098128,0.0
2020-09-06 00:00:00.004000+00:00,1599350400004,2020-09-06T00:00:00.004000+00:00,-0.00227287,0.0
2020-09-06 08:00:00+00:00,1599379200000,2020-09-06T08:00:00+00:00,-0.00038531,0.0
2020-09-06 16:00:00+00:00,1599408000000,2020-09-06T16:00:00+00:00,0.0,0.0
2020-09-07 00:00:00.002000+00:00,1599436800002,2020-09-07T00:00:00.002000+00:00,0.0,0.0
2020-09-07 08:00:00.004000+00:00,1599465600004,2020-09-07T08:00:00.004000+00:00,0.0,0.0
2020-09-07 16:00:00.001000+00:00,1599494400001,2020-09-07T16:00:00.001000+00:00,-0.00145349,0.0
2020-09-08 00:00:00.007000+00:00,1599523200007,2020-09-08T00:00:00.007000+00:00,-0.00081396,0.0
2020-09-08 08:00:00.006000+00:00,1599552000006,2020-09-08T08:00:00.006000+00:00,-0.00186081,0.0
2020-09-08 16:00:00.014000+00:00,1599580800014,2020-09-08T16:00:00.014000+00:00,-0.00095672,0.0
2020-09-09 00:00:00+00:00,1599609600000,2020-09-09T00:00:00+00:00,-0.00112424,0.0
2020-09-09 08:00:00+00:00,1599638400000,2020-09-09T08:00:00+00:00,-0.00151416,0.0
2020-09-09 16:00:00+00:00,1599667200000,2020-09-09T16:00:00+00:00,-7.669e-05,0.0
2020-09-10 00:00:00+00:00,1599696000000,2020-09-10T00:00:00+00:00,-0.00014308,0.0
2020-09-10 08:00:00.005000+00:00,1599724800005,2020-09-10T08:00:00.005000+00:00,0.0,0.0
2020-09-10 16:00:00+00:00,1599753600000,2020-09-10T16:00:00+00:00,-5.155e-05,0.0
2020-09-11 00:00:00+00:00,1599782400000,2020-09-11T00:00:00+00:00,-0.00055362,0.0
2020-09-11 08:00:00.008000+00:00,1599811200008,2020-09-11T08:00:00.008000+00:00,-0.00055812,0.0
2020-09-11 16:00:00+00:00,1599840000000,2020-09-11T16:00:00+00:00,-0.00015613,0.0
2020-09-12 00:00:00.008000+00:00,1599868800008,2020-09-12T00:00:00.008000+00:00,-0.00044648,0.0
2020-09-12 08:00:00+00:00,1599897600000,2020-09-12T08:00:00+00:00,-0.00091674,0.0
2020-09-12 16:00:00.008000+00:00,1599926400008,2020-09-12T16:00:00.008000+00:00,-0.00171385,0.0
2020-09-13 00:00:00+00:00,1599955200000,2020-09-13T00:00:00+00:00,-0.00136262,0.0
2020-09-13 08:00:00+00:00,1599984000000,2020-09-13T08:00:00+00:00,-0.00046387,0.0
2020-09-13 16:00:00.004000+00:00,1600012800004,2020-09-13T16:00:00.004000+00:00,-0.00218179,0.0
2020-09-14 00:00:00.003000+00:00,1600041600003,2020-09-14T00:00:00.003000+00:00,-0.00170488,0.0
2020-09-14 08:00:00.008000+00:00,1600070400008,2020-09-14T08:00:00.008000+00:00,-0.00177477,0.0
2020-09-14 16:00:00+00:00,1600099200000,2020-09-14T16:00:00+00:00,-0.0025029,0.0
2020-09-15 00:00:00+00:00,1600128000000,2020-09-15T00:00:00+00:00,-0.00162444,0.0
2020-09-15 08:00:00.010000+00:00,1600156800010,2020-09-15T08:00:00.010000+00:00,-0.00050242,0.0
2020-09-15 16:00:00.003000+00:00,1600185600003,2020-09-15T16:00:00.003000+00:00,-0.0021692,0.0
2020-09-16 00:00:00.014000+00:00,1600214400014,2020-09-16T00:00:00.014000+00:00,-0.00066392,0.0
2020-09-16 08:00:00+00:00,1600243200000,2020-09-16T08:00:00+00:00,-0.00044773,0.0
2020-09-16 16:00:00.001000+00:00,1600272000001,2020-09-16T16:00:00.001000+00:00,-0.00158392,0.0
2020-09-17 00:00:00.006000+00:00,1600300800006,2020-09-17T00:00:00.006000+00:00,-0.00065281,0.0
2020-09-17 08:00:00.012000+00:00,1600329600012,2020-09-17T08:00:00.012000+00:00,-7.914e-05,0.0
2020-09-17 16:00:00+00:00,1600358400000,2020-09-17T16:00:00+00:00,0.0,0.0
2020-09-18 00:00:00.001000+00:00,1600387200001,2020-09-18T00:00:00.001000+00:00,-0.00013131,0.0
2020-09-18 08:00:00.002000+00:00,1600416000002,2020-09-18T08:00:00.002000+00:00,-0.00116222,0.0
2020-09-18 16:00:00.002000+00:00,1600444800002,2020-09-18T16:00:00.002000+00:00,0.0,0.0
2020-09-19 00:00:00+00:00,1600473600000,2020-09-19T00:00:00+00:00,0.0,0.0
2020-09-19 08:00:00.005000+00:00,1600502400005,2020-09-19T08:00:00.005000+00:00,9.9e-07,0.0
2020-09-19 16:00:00.008000+00:00,1600531200008,2020-09-19T16:00:00.008000+00:00,0.00036939,0.0
2020-09-20 00:00:00.002000+00:00,1600560000002,2020-09-20T00:00:00.002000+00:00,0.00046118,0.0
2020-09-20 08:00:00.005000+00:00,1600588800005,2020-09-20T08:00:00.005000+00:00,0.00042487,0.0
2020-09-20 16:00:00.005000+00:00,1600617600005,2020-09-20T16:00:00.005000+00:00,0.0,0.0
2020-09-21 00:00:00+00:00,1600646400000,2020-09-21T00:00:00+00:00,6.052e-05,0.0
2020-09-21 08:00:00.001000+00:00,1600675200001,2020-09-21T08:00:00.001000+00:00,0.0,0.0
2020-09-21 16:00:00+00:00,1600704000000,2020-09-21T16:00:00+00:00,0.0,0.0
2020-09-22 00:00:00.001000+00:00,1600732800001,2020-09-22T00:00:00.001000+00:00,0.0,0.0
2020-09-22 08:00:00+00:00,1600761600000,2020-09-22T08:00:00+00:00,0.0,0.0
2020-09-22 16:00:00.004000+00:00,1600790400004,2020-09-22T16:00:00.004000+00:00,0.0,0.0
2020-09-23 00:00:00.007000+00:00,1600819200007,2020-09-23T00:00:00.007000+00:00,0.0,0.0
2020-09-23 08:00:00.001000+00:00,1600848000001,2020-09-23T08:00:00.001000+00:00,0.0,0.0
2020-09-23 16:00:00.001000+00:00,1600876800001,2020-09-23T16:00:00.001000+00:00,0.0,0.0
2020-09-24 00:00:00+00:00,1600905600000,2020-09-24T00:00:00+00:00,0.0,0.0
2020-09-24 08:00:00+00:00,1600934400000,2020-09-24T08:00:00+00:00,0.0,0.0
2020-09-24 16:00:00+00:00,1600963200000,2020-09-24T16:00:00+00:00,0.0,0.0
2020-09-25 00:00:00.009000+00:00,1600992000009,2020-09-25T00:00:00.009000+00:00,0.0,0.0
2020-09-25 08:00:00.045000+00:00,1601020800045,2020-09-25T08:00:00.045000+00:00,-0.00014236,0.0
2020-09-25 16:00:00+00:00,1601049600000,2020-09-25T16:00:00+00:00,0.0,0.0
2020-09-26 00:00:00+00:00,1601078400000,2020-09-26T00:00:00+00:00,0.0,0.0
2020-09-26 08:00:00+00:00,1601107200000,2020-09-26T08:00:00+00:00,0.0,0.0
2020-09-26 16:00:00.005000+00:00,1601136000005,2020-09-26T16:00:00.005000+00:00,0.0,0.0
2020-09-27 00:00:00+00:00,1601164800000,2020-09-27T00:00:00+00:00,-0.00067742,0.0
2020-09-27 08:00:00+00:00,1601193600000,2020-09-27T08:00:00+00:00,-0.00135555,0.0
2020-09-27 16:00:00.019000+00:00,1601222400019,2020-09-27T16:00:00.019000+00:00,-0.00065884,0.0
2020-09-28 00:00:00.001000+00:00,1601251200001,2020-09-28T00:00:00.001000+00:00,-0.00098357,0.0
2020-09-28 08:00:00+00:00,1601280000000,2020-09-28T08:00:00+00:00,0.0,0.0
2020-09-28 16:00:00.002000+00:00,1601308800002,2020-09-28T16:00:00.002000+00:00,-0.00060424,0.0
2020-09-29 00:00:00+00:00,1601337600000,2020-09-29T00:00:00+00:00,-0.00160076,0.0
2020-09-29 08:00:00+00:00,1601366400000,2020-09-29T08:00:00+00:00,-0.00138124,0.0
2020-09-29 16:00:00+00:00,1601395200000,2020-09-29T16:00:00+00:00,-0.00151,0.0
2020-09-30 00:00:00.005000+00:00,1601424000005,2020-09-30T00:00:00.005000+00:00,-0.00066187,0.0
2020-09-30 08:00:00+00:00,1601452800000,2020-09-30T08:00:00+00:00,-0.00223882,0.0
2020-09-30 16:00:00+00:00,1601481600000,2020-09-30T16:00:00+00:00,-0.00281779,0.0
2020-10-01 00:00:00+00:00,1601510400000,2020-10-01T00:00:00+00:00,-0.00123407,0.0
2020-10-01 08:00:00+00:00,1601539200000,2020-10-01T08:00:00+00:00,-0.00076986,0.0
2020-10-01 16:00:00+00:00,1601568000000,2020-10-01T16:00:00+00:00,-0.00066939,0.0
2020-10-02 00:00:00.011000+00:00,1601596800011,2020-10-02T00:00:00.011000+00:00,-0.00071798,0.0
2020-10-02 08:00:00+00:00,1601625600000,2020-10-02T08:00:00+00:00,-0.00122515,0.0
2020-10-02 16:00:00.005000+00:00,1601654400005,2020-10-02T16:00:00.005000+00:00,-0.00044083,0.0
2020-10-03 00:00:00+00:00,1601683200000,2020-10-03T00:00:00+00:00,-0.00080154,0.0
2020-10-03 08:00:00.001000+00:00,1601712000001,2020-10-03T08:00:00.001000+00:00,-0.0015424,0.0
2020-10-03 16:00:00+00:00,1601740800000,2020-10-03T16:00:00+00:00,-0.00174458,0.0
2020-10-04 00:00:00+00:00,1601769600000,2020-10-04T00:00:00+00:00,-0.00219036,0.0
2020-10-04 08:00:00.003000+00:00,1601798400003,2020-10-04T08:00:00.003000+00:00,-0.00239764,0.0
2020-10-04 16:00:00.001000+00:00,1601827200001,2020-10-04T16:00:00.001000+00:00,-0.00220642,0.0
2020-10-05 00:00:00+00:00,1601856000000,2020-10-05T00:00:00+00:00,-0.00209453,0.0
2020-10-05 08:00:00+00:00,1601884800000,2020-10-05T08:00:00+00:00,-0.00209556,0.0
2020-10-05 16:00:00.012000+00:00,1601913600012,2020-10-05T16:00:00.012000+00:00,-0.00079132,0.0
2020-10-06 00:00:00+00:00,1601942400000,2020-10-06T00:00:00+00:00,-0.000497,0.0
2020-10-06 08:00:00.005000+00:00,1601971200005,2020-10-06T08:00:00.005000+00:00,-0.00149526,0.0
2020-10-06 16:00:00+00:00,1602000000000,2020-10-06T16:00:00+00:00,-0.00081215,0.0
2020-10-07 00:00:00+00:00,1602028800000,2020-10-07T00:00:00+00:00,-0.00070831,0.0
2020-10-07 08:00:00+00:00,1602057600000,2020-10-07T08:00:00+00:00,-0.00057549,0.0
2020-10-07 16:00:00+00:00,1602086400000,2020-10-07T16:00:00+00:00,-0.00034934,0.0
2020-10-08 00:00:00+00:00,1602115200000,2020-10-08T00:00:00+00:00,-0.00053273,0.0
2020-10-08 08:00:00.009000+00:00,1602144000009,2020-10-08T08:00:00.009000+00:00,0.0,0.0
2020-10-08 16:00:00.003000+00:00,1602172800003,2020-10-08T16:00:00.003000+00:00,0.0,0.0
2020-10-09 00:00:00.001000+00:00,1602201600001,2020-10-09T00:00:00.001000+00:00,-0.00020094,0.0
2020-10-09 08:00:00+00:00,1602230400000,2020-10-09T08:00:00+00:00,0.0,0.0
2020-10-09 16:00:00.004000+00:00,1602259200004,2020-10-09T16:00:00.004000+00:00,-0.0001996,0.0
2020-10-10 00:00:00.005000+00:00,1602288000005,2020-10-10T00:00:00.005000+00:00,-0.00087665,0.0
2020-10-10 08:00:00+00:00,1602316800000,2020-10-10T08:00:00+00:00,0.0,0.0
2020-10-10 16:00:00.011000+00:00,1602345600011,2020-10-10T16:00:00.011000+00:00,0.0,0.0
2020-10-11 00:00:00.002000+00:00,1602374400002,2020-10-11T00:00:00.002000+00:00,0.0,0.0
2020-10-11 08:00:00.003000+00:00,1602403200003,2020-10-11T08:00:00.003000+00:00,0.0,0.0
2020-10-11 16:00:00.004000+00:00,1602432000004,2020-10-11T16:00:00.004000+00:00,0.0,0.0
2020-10-12 00:00:00.001000+00:00,1602460800001,2020-10-12T00:00:00.001000+00:00,0.0,0.0
2020-10-12 08:00:00+00:00,1602489600000,2020-10-12T08:00:00+00:00,0.0,0.0
2020-10-12 16:00:00.011000+00:00,1602518400011,2020-10-12T16:00:00.011000+00:00,-0.00041136,0.0
2020-10-13 00:00:00.003000+00:00,1602547200003,2020-10-13T00:00:00.003000+00:00,-0.00184087,0.0
2020-10-13 08:00:00+00:00,1602576000000,2020-10-13T08:00:00+00:00,-0.00102663,0.0
2020-10-13 16:00:00.001000+00:00,1602604800001,2020-10-13T16:00:00.001000+00:00,-0.0010211,0.0
2020-10-14 00:00:00.001000+00:00,1602633600001,2020-10-14T00:00:00.001000+00:00,-0.00127855,0.0
2020-10-14 08:00:00+00:00,1602662400000,2020-10-14T08:00:00+00:00,-0.00057013,0.0
2020-10-14 16:00:00.001000+00:00,1602691200001,2020-10-14T16:00:00.001000+00:00,-0.00069117,0.0
2020-10-15 00:00:00+00:00,1602720000000,2020-10-15T00:00:00+00:00,-0.00055756,0.0
2020-10-15 08:00:00+00:00,1602748800000,2020-10-15T08:00:00+00:00,-0.00089281,0.0
2020-10-15 16:00:00+00:00,1602777600000,2020-10-15T16:00:00+00:00,-0.0015306,0.0
2020-10-16 00:00:00.002000+00:00,1602806400002,2020-10-16T00:00:00.002000+00:00,0.0,0.0
2020-10-16 08:00:00.003000+00:00,1602835200003,2020-10-16T08:00:00.003000+00:00,0.0,0.0
2020-10-16 16:00:00+00:00,1602864000000,2020-10-16T16:00:00+00:00,-6.873e-05,0.0
2020-10-17 00:00:00.006000+00:00,1602892800006,2020-10-17T00:00:00.006000+00:00,0.0,0.0
2020-10-17 08:00:00.007000+00:00,1602921600007,2020-10-17T08:00:00.007000+00:00,0.0,0.0
2020-10-17 16:00:00.009000+00:00,1602950400009,2020-10-17T16:00:00.009000+00:00,-0.00012938,0.0
2020-10-18 00:00:00.006000+00:00,1602979200006,2020-10-18T00:00:00.006000+00:00,0.0,0.0
2020-10-18 08:00:00+00:00,1603008000000,2020-10-18T08:00:00+00:00,-0.00015302,0.0
2020-10-18 16:00:00+00:00,1603036800000,2020-10-18T16:00:00+00:00,0.0,0.0
2020-10-19 00:00:00+00:00,1603065600000,2020-10-19T00:00:00+00:00,-0.00013596,0.0
2020-10-19 08:00:00+00:00,1603094400000,2020-10-19T08:00:00+00:00,-0.00013061,0.0
2020-10-19 16:00:00+00:00,1603123200000,2020-10-19T16:00:00+00:00,-0.00018203,0.0
2020-10-20 00:00:00.015000+00:00,1603152000015,2020-10-20T00:00:00.015000+00:00,0.0,0.0
2020-10-20 08:00:00+00:00,1603180800000,2020-10-20T08:00:00+00:00,0.0,0.0
2020-10-20 16:00:00.008000+00:00,1603209600008,2020-10-20T16:00:00.008000+00:00,0.0,0.0
2020-10-21 00:00:00.009000+00:00,1603238400009,2020-10-21T00:00:00.009000+00:00,0.0,0.0
2020-10-21 08:00:00.004000+00:00,1603267200004,2020-10-21T08:00:00.004000+00:00,0.0,0.0
2020-10-21 16:00:00+00:00,1603296000000,2020-10-21T16:00:00+00:00,0.0,0.0
2020-10-22 00:00:00+00:00,1603324800000,2020-10-22T00:00:00+00:00,0.0,0.0
2020-10-22 08:00:00+00:00,1603353600000,2020-10-22T08:00:00+00:00,0.00043594,0.0
2020-10-22 16:00:00.004000+00:00,1603382400004,2020-10-22T16:00:00.004000+00:00,0.00023644,0.0
2020-10-23 00:00:00.007000+00:00,1603411200007,2020-10-23T00:00:00.007000+00:00,0.00015567,0.0
2020-10-23 08:00:00+00:00,1603440000000,2020-10-23T08:00:00+00:00,0.0,0.0
2020-10-23 16:00:00+00:00,1603468800000,2020-10-23T16:00:00+00:00,0.0,0.0
2020-10-24 00:00:00+00:00,1603497600000,2020-10-24T00:00:00+00:00,0.0,0.0
2020-10-24 08:00:00+00:00,1603526400000,2020-10-24T08:00:00+00:00,0.0,0.0
2020-10-24 16:00:00.008000+00:00,1603555200008,2020-10-24T16:00:00.008000+00:00,0.0,0.0
2020-10-25 00:00:00.005000+00:00,1603584000005,2020-10-25T00:00:00.005000+00:00,0.0,0.0
2020-10-25 08:00:00.014000+00:00,1603612800014,2020-10-25T08:00:00.014000+00:00,0.0,0.0
2020-10-25 16:00:00+00:00,1603641600000,2020-10-25T16:00:00+00:00,0.0,0.0
2020-10-26 00:00:00.004000+00:00,1603670400004,2020-10-26T00:00:00.004000+00:00,0.0,0.0
2020-10-26 08:00:00+00:00,1603699200000,2020-10-26T08:00:00+00:00,0.0,0.0
2020-10-26 16:00:00+00:00,1603728000000,2020-10-26T16:00:00+00:00,-0.00029603,0.0
2020-10-27 00:00:00+00:00,1603756800000,2020-10-27T00:00:00+00:00,-0.00033136,0.0
2020-10-27 08:00:00+00:00,1603785600000,2020-10-27T08:00:00+00:00,0.0,0.0
2020-10-27 16:00:00+00:00,1603814400000,2020-10-27T16:00:00+00:00,0.0,0.0
2020-10-28 00:00:00+00:00,1603843200000,2020-10-28T00:00:00+00:00,0.0,0.0
2020-10-28 08:00:00.006000+00:00,1603872000006,2020-10-28T08:00:00.006000+00:00,0.0,0.0
2020-10-28 16:00:00.001000+00:00,1603900800001,2020-10-28T16:00:00.001000+00:00,0.0,0.0
2020-10-29 00:00:00+00:00,1603929600000,2020-10-29T00:00:00+00:00,0.0,0.0
2020-10-29 08:00:00+00:00,1603958400000,2020-10-29T08:00:00+00:00,0.0,0.0
2020-10-29 16:00:00+00:00,1603987200000,2020-10-29T16:00:00+00:00,0.0,0.0
2020-10-30 00:00:00+00:00,1604016000000,2020-10-30T00:00:00+00:00,0.0,0.0
2020-10-30 08:00:00.002000+00:00,1604044800002,2020-10-30T08:00:00.002000+00:00,-0.00055634,0.0
2020-10-30 16:00:00.002000+00:00,1604073600002,2020-10-30T16:00:00.002000+00:00,0.0,0.0
2020-10-31 00:00:00.003000+00:00,1604102400003,2020-10-31T00:00:00.003000+00:00,2.876e-05,0.0
2020-10-31 08:00:00+00:00,1604131200000,2020-10-31T08:00:00+00:00,0.0,0.0
2020-10-31 16:00:00+00:00,1604160000000,2020-10-31T16:00:00+00:00,1.981e-05,0.0
2020-11-01 00:00:00+00:00,1604188800000,2020-11-01T00:00:00+00:00,0.0,0.0
2020-11-01 08:00:00+00:00,1604217600000,2020-11-01T08:00:00+00:00,0.0,0.0
2020-11-01 16:00:00+00:00,1604246400000,2020-11-01T16:00:00+00:00,0.00017913,0.0
2020-11-02 00:00:00+00:00,1604275200000,2020-11-02T00:00:00+00:00,0.00018021,0.0
2020-11-02 08:00:00.010000+00:00,1604304000010,2020-11-02T08:00:00.010000+00:00,0.0,0.0
2020-11-02 16:00:00+00:00,1604332800000,2020-11-02T16:00:00+00:00,0.0,0.0
2020-11-03 00:00:00+00:00,1604361600000,2020-11-03T00:00:00+00:00,0.0,0.0
2020-11-03 08:00:00.004000+00:00,1604390400004,2020-11-03T08:00:00.004000+00:00,0.0,0.0
2020-11-03 16:00:00.009000+00:00,1604419200009,2020-11-03T16:00:00.009000+00:00,0.0,0.0
2020-11-04 00:00:00+00:00,1604448000000,2020-11-04T00:00:00+00:00,0.0,0.0
2020-11-04 08:00:00+00:00,1604476800000,2020-11-04T08:00:00+00:00,8.636e-05,0.0
2020-11-04 16:00:00.005000+00:00,1604505600005,2020-11-04T16:00:00.005000+00:00,0.0,0.0
2020-11-05 00:00:00.017000+00:00,1604534400017,2020-11-05T00:00:00.017000+00:00,0.0,0.0
2020-11-05 08:00:00.001000+00:00,1604563200001,2020-11-05T08:00:00.001000+00:00,0.0,0.0
2020-11-05 16:00:00+00:00,1604592000000,2020-11-05T16:00:00+00:00,0.00026077,0.0
2020-11-06 00:00:00+00:00,1604620800000,2020-11-06T00:00:00+00:00,0.0004253,0.0
2020-11-06 08:00:00.001000+00:00,1604649600001,2020-11-06T08:00:00.001000+00:00,0.00028471,0.0
2020-11-06 16:00:00.001000+00:00,1604678400001,2020-11-06T16:00:00.001000+00:00,0.00080594,0.0
2020-11-07 00:00:00.001000+00:00,1604707200001,2020-11-07T00:00:00.001000+00:00,0.00082688,0.0
2020-11-07 08:00:00+00:00,1604736000000,2020-11-07T08:00:00+00:00,0.00050306,0.0
2020-11-07 16:00:00.006000+00:00,1604764800006,2020-11-07T16:00:00.006000+00:00,0.00066532,0.0
2020-11-08 00:00:00+00:00,1604793600000,2020-11-08T00:00:00+00:00,6.083e-05,0.0
2020-11-08 08:00:00+00:00,1604822400000,2020-11-08T08:00:00+00:00,0.00024159,0.0
2020-11-08 16:00:00+00:00,1604851200000,2020-11-08T16:00:00+00:00,3.12e-06,0.0
2020-11-09 00:00:00.007000+00:00,1604880000007,2020-11-09T00:00:00.007000+00:00,0.00026115,0.0
2020-11-09 08:00:00.001000+00:00,1604908800001,2020-11-09T08:00:00.001000+00:00,0.0001787,0.0
2020-11-09 16:00:00.002000+00:00,1604937600002,2020-11-09T16:00:00.002000+00:00,0.00031898,0.0
2020-11-10 00:00:00.003000+00:00,1604966400003,2020-11-10T00:00:00.003000+00:00,0.00066931,0.0
2020-11-10 08:00:00.011000+00:00,1604995200011,2020-11-10T08:00:00.011000+00:00,0.00020756,0.0
2020-11-10 16:00:00+00:00,1605024000000,2020-11-10T16:00:00+00:00,0.00040816,0.0
2020-11-11 00:00:00+00:00,1605052800000,2020-11-11T00:00:00+00:00,0.00048119,0.0
2020-11-11 08:00:00.009000+00:00,1605081600009,2020-11-11T08:00:00.009000+00:00,0.00050153,0.0
2020-11-11 16:00:00.003000+00:00,1605110400003,2020-11-11T16:00:00.003000+00:00,0.00041231,0.0
2020-11-12 00:00:00.001000+00:00,1605139200001,2020-11-12T00:00:00.001000+00:00,0.00021018,0.0
2020-11-12 08:00:00.001000+00:00,1605168000001,2020-11-12T08:00:00.001000+00:00,0.00041082,0.0
2020-11-12 16:00:00+00:00,1605196800000,2020-11-12T16:00:00+00:00,0.00028223,0.0
2020-11-13 00:00:00+00:00,1605225600000,2020-11-13T00:00:00+00:00,0.00012098,0.0
2020-11-13 08:00:00+00:00,1605254400000,2020-11-13T08:00:00+00:00,0.00068895,0.0
2020-11-13 16:00:00+00:00,1605283200000,2020-11-13T16:00:00+00:00,0.0,0.0
2020-11-14 00:00:00.005000+00:00,1605312000005,2020-11-14T00:00:00.005000+00:00,0.00026108,0.0
2020-11-14 08:00:00.004000+00:00,1605340800004,2020-11-14T08:00:00.004000+00:00,7.188e-05,0.0
2020-11-14 16:00:00.001000+00:00,1605369600001,2020-11-14T16:00:00.001000+00:00,0.00045721,0.0
2020-11-15 00:00:00.001000+00:00,1605398400001,2020-11-15T00:00:00.001000+00:00,0.0,0.0
2020-11-15 08:00:00+00:00,1605427200000,2020-11-15T08:00:00+00:00,0.0,0.0
2020-11-15 16:00:00.003000+00:00,1605456000003,2020-11-15T16:00:00.003000+00:00,0.0,0.0
2020-11-16 00:00:00+00:00,1605484800000,2020-11-16T00:00:00+00:00,0.00012458,0.0
2020-11-16 08:00:00.010000+00:00,1605513600010,2020-11-16T08:00:00.010000+00:00,6.633e-05,0.0
2020-11-16 16:00:00.001000+00:00,1605542400001,2020-11-16T16:00:00.001000+00:00,0.00028833,0.0
2020-11-17 00:00:00.002000+00:00,1605571200002,2020-11-17T00:00:00.002000+00:00,0.00037759,0.0
2020-11-17 08:00:00.003000+00:00,1605600000003,2020-11-17T08:00:00.003000+00:00,0.00064437,0.0
2020-11-17 16:00:00.003000+00:00,1605628800003,2020-11-17T16:00:00.003000+00:00,0.00032459,0.0
2020-11-18 00:00:00.005000+00:00,1605657600005,2020-11-18T00:00:00.005000+00:00,0.00078963,0.0
2020-11-18 08:00:00.006000+00:00,1605686400006,2020-11-18T08:00:00.006000+00:00,0.00020545,0.0
2020-11-18 16:00:00+00:00,1605715200000,2020-11-18T16:00:00+00:00,0.00076341,0.0
2020-11-19 00:00:00.008000+00:00,1605744000008,2020-11-19T00:00:00.008000+00:00,0.00023643,0.0
2020-11-19 08:00:00+00:00,1605772800000,2020-11-19T08:00:00+00:00,0.00019603,0.0
2020-11-19 16:00:00.001000+00:00,1605801600001,2020-11-19T16:00:00.001000+00:00,0.00041661,0.0
2020-11-20 00:00:00.003000+00:00,1605830400003,2020-11-20T00:00:00.003000+00:00,0.0,0.0
2020-11-20 08:00:00.005000+00:00,1605859200005,2020-11-20T08:00:00.005000+00:00,0.0,0.0
2020-11-20 16:00:00+00:00,1605888000000,2020-11-20T16:00:00+00:00,0.00073079,0.0
2020-11-21 00:00:00+00:00,1605916800000,2020-11-21T00:00:00+00:00,0.00090816,0.0
2020-11-21 08:00:00+00:00,1605945600000,2020-11-21T08:00:00+00:00,0.00066893,0.0
2020-11-21 16:00:00.001000+00:00,1605974400001,2020-11-21T16:00:00.001000+00:00,0.00138168,0.0
2020-11-22 00:00:00.005000+00:00,1606003200005,2020-11-22T00:00:00.005000+00:00,0.00095751,0.0
2020-11-22 08:00:00+00:00,1606032000000,2020-11-22T08:00:00+00:00,0.00073493,0.0
2020-11-22 16:00:00+00:00,1606060800000,2020-11-22T16:00:00+00:00,0.00045091,0.0
2020-11-23 00:00:00.005000+00:00,1606089600005,2020-11-23T00:00:00.005000+00:00,0.00146231,0.0
2020-11-23 08:00:00+00:00,1606118400000,2020-11-23T08:00:00+00:00,0.00159497,0.0
2020-11-23 16:00:00.003000+00:00,1606147200003,2020-11-23T16:00:00.003000+00:00,0.0016533,0.0
2020-11-24 00:00:00+00:00,1606176000000,2020-11-24T00:00:00+00:00,0.00052801,0.0
2020-11-24 08:00:00+00:00,1606204800000,2020-11-24T08:00:00+00:00,0.00226902,0.0
2020-11-24 16:00:00.005000+00:00,1606233600005,2020-11-24T16:00:00.005000+00:00,0.00102967,0.0
2020-11-25 00:00:00.005000+00:00,1606262400005,2020-11-25T00:00:00.005000+00:00,0.00079941,0.0
2020-11-25 08:00:00.005000+00:00,1606291200005,2020-11-25T08:00:00.005000+00:00,0.00045736,0.0
2020-11-25 16:00:00.015000+00:00,1606320000015,2020-11-25T16:00:00.015000+00:00,0.0016366,0.0
2020-11-26 00:00:00.012000+00:00,1606348800012,2020-11-26T00:00:00.012000+00:00,0.00023057,0.0
2020-11-26 08:00:00.002000+00:00,1606377600002,2020-11-26T08:00:00.002000+00:00,0.0,0.0
2020-11-26 16:00:00.001000+00:00,1606406400001,2020-11-26T16:00:00.001000+00:00,0.0,0.0
2020-11-27 00:00:00.001000+00:00,1606435200001,2020-11-27T00:00:00.001000+00:00,0.0,0.0
2020-11-27 08:00:00+00:00,1606464000000,2020-11-27T08:00:00+00:00,0.0,0.0
2020-11-27 16:00:00.007000+00:00,1606492800007,2020-11-27T16:00:00.007000+00:00,0.00017518,0.0
2020-11-28 00:00:00.007000+00:00,1606521600007,2020-11-28T00:00:00.007000+00:00,0.0001589,0.0
2020-11-28 08:00:00.012000+00:00,1606550400012,2020-11-28T08:00:00.012000+00:00,3.871e-05,0.0
2020-11-28 16:00:00+00:00,1606579200000,2020-11-28T16:00:00+00:00,9.293e-05,0.0
2020-11-29 00:00:00.007000+00:00,1606608000007,2020-11-29T00:00:00.007000+00:00,9.222e-05,0.0
2020-11-29 08:00:00+00:00,1606636800000,2020-11-29T08:00:00+00:00,0.00016366,0.0
2020-11-29 16:00:00+00:00,1606665600000,2020-11-29T16:00:00+00:00,0.0,0.0
2020-11-30 00:00:00.004000+00:00,1606694400004,2020-11-30T00:00:00.004000+00:00,0.0,0.0
2020-11-30 08:00:00.007000+00:00,1606723200007,2020-11-30T08:00:00.007000+00:00,0.00024799,0.0
2020-11-30 16:00:00+00:00,1606752000000,2020-11-30T16:00:00+00:00,0.00048125,0.0
2020-12-01 00:00:00+00:00,1606780800000,2020-12-01T00:00:00+00:00,0.00067741,0.0
2020-12-01 08:00:00.003000+00:00,1606809600003,2020-12-01T08:00:00.003000+00:00,0.00087932,0.0
2020-12-01 16:00:00+00:00,1606838400000,2020-12-01T16:00:00+00:00,7.411e-05,0.0
2020-12-02 00:00:00.001000+00:00,1606867200001,2020-12-02T00:00:00.001000+00:00,0.00016771,0.0
2020-12-02 08:00:00.011000+00:00,1606896000011,2020-12-02T08:00:00.011000+00:00,0.00042473,0.0
2020-12-02 16:00:00.005000+00:00,1606924800005,2020-12-02T16:00:00.005000+00:00,0.00070363,0.0
2020-12-03 00:00:00.001000+00:00,1606953600001,2020-12-03T00:00:00.001000+00:00,0.00067342,0.0
2020-12-03 08:00:00.031000+00:00,1606982400031,2020-12-03T08:00:00.031000+00:00,0.00054614,0.0
2020-12-03 16:00:00+00:00,1607011200000,2020-12-03T16:00:00+00:00,0.00073819,0.0
2020-12-04 00:00:00.006000+00:00,1607040000006,2020-12-04T00:00:00.006000+00:00,0.00047345,0.0
2020-12-04 08:00:00.009000+00:00,1607068800009,2020-12-04T08:00:00.009000+00:00,0.00055499,0.0
2020-12-04 16:00:00+00:00,1607097600000,2020-12-04T16:00:00+00:00,3.769e-05,0.0
2020-12-05 00:00:00+00:00,1607126400000,2020-12-05T00:00:00+00:00,3.844e-05,0.0
2020-12-05 08:00:00+00:00,1607155200000,2020-12-05T08:00:00+00:00,0.00043845,0.0
2020-12-05 16:00:00+00:00,1607184000000,2020-12-05T16:00:00+00:00,0.00035579,0.0
2020-12-06 00:00:00.004000+00:00,1607212800004,2020-12-06T00:00:00.004000+00:00,0.0,0.0
2020-12-06 08:00:00+00:00,1607241600000,2020-12-06T08:00:00+00:00,0.0,0.0
2020-12-06 16:00:00.001000+00:00,1607270400001,2020-12-06T16:00:00.001000+00:00,0.0,0.0
2020-12-07 00:00:00+00:00,1607299200000,2020-12-07T00:00:00+00:00,0.0,0.0
2020-12-07 08:00:00.008000+00:00,1607328000008,2020-12-07T08:00:00.008000+00:00,0.0,0.0
2020-12-07 16:00:00+00:00,1607356800000,2020-12-07T16:00:00+00:00,7.966e-05,0.0
2020-12-08 00:00:00.003000+00:00,1607385600003,2020-12-08T00:00:00.003000+00:00,1.597e-05,0.0
2020-12-08 08:00:00.003000+00:00,1607414400003,2020-12-08T08:00:00.003000+00:00,0.0,0.0
2020-12-08 16:00:00.033000+00:00,1607443200033,2020-12-08T16:00:00.033000+00:00,0.0,0.0
2020-12-09 00:00:00+00:00,1607472000000,2020-12-09T00:00:00+00:00,0.0,0.0
2020-12-09 08:00:00.010000+00:00,1607500800010,2020-12-09T08:00:00.010000+00:00,0.0,0.0
2020-12-09 16:00:00+00:00,1607529600000,2020-12-09T16:00:00+00:00,0.0,0.0
2020-12-10 00:00:00+00:00,1607558400000,2020-12-10T00:00:00+00:00,0.0,0.0
2020-12-10 08:00:00+00:00,1607587200000,2020-12-10T08:00:00+00:00,0.0,0.0
2020-12-10 16:00:00.007000+00:00,1607616000007,2020-12-10T16:00:00.007000+00:00,0.0,0.0
2020-12-11 00:00:00+00:00,1607644800000,2020-12-11T00:00:00+00:00,0.0,0.0
2020-12-11 08:00:00.016000+00:00,1607673600016,2020-12-11T08:00:00.016000+00:00,0.0,0.0
2020-12-11 16:00:00.010000+00:00,1607702400010,2020-12-11T16:00:00.010000+00:00,0.0,0.0
2020-12-12 00:00:00.009000+00:00,1607731200009,2020-12-12T00:00:00.009000+00:00,0.00021507,0.0
2020-12-12 08:00:00.002000+00:00,1607760000002,2020-12-12T08:00:00.002000+00:00,0.0,0.0
2020-12-12 16:00:00+00:00,1607788800000,2020-12-12T16:00:00+00:00,0.0,0.0
2020-12-13 00:00:00.007000+00:00,1607817600007,2020-12-13T00:00:00.007000+00:00,0.0,0.0
2020-12-13 08:00:00+00:00,1607846400000,2020-12-13T08:00:00+00:00,0.0,0.0
2020-12-13 16:00:00+00:00,1607875200000,2020-12-13T16:00:00+00:00,0.00075115,0.0
2020-12-14 00:00:00+00:00,1607904000000,2020-12-14T00:00:00+00:00,0.00073964,0.0
2020-12-14 08:00:00+00:00,1607932800000,2020-12-14T08:00:00+00:00,0.000108,0.0
2020-12-14 16:00:00+00:00,1607961600000,2020-12-14T16:00:00+00:00,0.0,0.0
2020-12-15 00:00:00.006000+00:00,1607990400006,2020-12-15T00:00:00.006000+00:00,0.0,0.0
2020-12-15 08:00:00.001000+00:00,1608019200001,2020-12-15T08:00:00.001000+00:00,0.0,0.0
2020-12-15 16:00:00+00:00,1608048000000,2020-12-15T16:00:00+00:00,0.0,0.0
2020-12-16 00:00:00.001000+00:00,1608076800001,2020-12-16T00:00:00.001000+00:00,0.0,0.0
2020-12-16 08:00:00+00:00,1608105600000,2020-12-16T08:00:00+00:00,0.0,0.0
2020-12-16 16:00:00+00:00,1608134400000,2020-12-16T16:00:00+00:00,0.00031585,0.0
2020-12-17 00:00:00+00:00,1608163200000,2020-12-17T00:00:00+00:00,0.00086845,0.0
2020-12-17 08:00:00+00:00,1608192000000,2020-12-17T08:00:00+00:00,0.00099769,0.0
2020-12-17 16:00:00.011000+00:00,1608220800011,2020-12-17T16:00:00.011000+00:00,0.00115376,0.0
2020-12-18 00:00:00+00:00,1608249600000,2020-12-18T00:00:00+00:00,0.00036886,0.0
2020-12-18 08:00:00+00:00,1608278400000,2020-12-18T08:00:00+00:00,0.00025063,0.0
2020-12-18 16:00:00+00:00,1608307200000,2020-12-18T16:00:00+00:00,0.0011082,0.0
2020-12-19 00:00:00+00:00,1608336000000,2020-12-19T00:00:00+00:00,0.00068098,0.0
2020-12-19 08:00:00.018000+00:00,1608364800018,2020-12-19T08:00:00.018000+00:00,0.00040192,0.0
2020-12-19 16:00:00+00:00,1608393600000,2020-12-19T16:00:00+00:00,0.00195991,0.0
2020-12-20 00:00:00.001000+00:00,1608422400001,2020-12-20T00:00:00.001000+00:00,0.00154561,0.0
2020-12-20 08:00:00.011000+00:00,1608451200011,2020-12-20T08:00:00.011000+00:00,0.00171781,0.0
2020-12-20 16:00:00.023000+00:00,1608480000023,2020-12-20T16:00:00.023000+00:00,0.00092076,0.0
2020-12-21 00:00:00.011000+00:00,1608508800011,2020-12-21T00:00:00.011000+00:00,0.00072237,0.0
2020-12-21 08:00:00+00:00,1608537600000,2020-12-21T08:00:00+00:00,0.00100009,0.0
2020-12-21 16:00:00+00:00,1608566400000,2020-12-21T16:00:00+00:00,0.0,0.0
2020-12-22 00:00:00.001000+00:00,1608595200001,2020-12-22T00:00:00.001000+00:00,0.0,0.0
2020-12-22 08:00:00.006000+00:00,1608624000006,2020-12-22T08:00:00.006000+00:00,0.00023339,0.0
2020-12-22 16:00:00+00:00,1608652800000,2020-12-22T16:00:00+00:00,0.0,0.0
2020-12-23 00:00:00+00:00,1608681600000,2020-12-23T00:00:00+00:00,0.00022685,0.0
2020-12-23 08:00:00+00:00,1608710400000,2020-12-23T08:00:00+00:00,0.0,0.0
2020-12-23 16:00:00+00:00,1608739200000,2020-12-23T16:00:00+00:00,0.00011562,0.0
2020-12-24 00:00:00.012000+00:00,1608768000012,2020-12-24T00:00:00.012000+00:00,0.0,0.0
2020-12-24 08:00:00.009000+00:00,1608796800009,2020-12-24T08:00:00.009000+00:00,0.0,0.0
2020-12-24 16:00:00.001000+00:00,1608825600001,2020-12-24T16:00:00.001000+00:00,0.0,0.0
2020-12-25 00:00:00+00:00,1608854400000,2020-12-25T00:00:00+00:00,0.0,0.0
2020-12-25 08:00:00+00:00,1608883200000,2020-12-25T08:00:00+00:00,0.0,0.0
2020-12-25 16:00:00+00:00,1608912000000,2020-12-25T16:00:00+00:00,0.00010832,0.0
2020-12-26 00:00:00.009000+00:00,1608940800009,2020-12-26T00:00:00.009000+00:00,0.0,0.0
2020-12-26 08:00:00.001000+00:00,1608969600001,2020-12-26T08:00:00.001000+00:00,3.928e-05,0.0
2020-12-26 16:00:00.006000+00:00,1608998400006,2020-12-26T16:00:00.006000+00:00,7.426e-05,0.0
2020-12-27 00:00:00+00:00,1609027200000,2020-12-27T00:00:00+00:00,0.00013631,0.0
2020-12-27 08:00:00+00:00,1609056000000,2020-12-27T08:00:00+00:00,0.00056858,0.0
2020-12-27 16:00:00.001000+00:00,1609084800001,2020-12-27T16:00:00.001000+00:00,0.00040994,0.0
2020-12-28 00:00:00.015000+00:00,1609113600015,2020-12-28T00:00:00.015000+00:00,0.00055837,0.0
2020-12-28 08:00:00.019000+00:00,1609142400019,2020-12-28T08:00:00.019000+00:00,0.00049391,0.0
2020-12-28 16:00:00+00:00,1609171200000,2020-12-28T16:00:00+00:00,0.00078046,0.0
2020-12-29 00:00:00.004000+00:00,1609200000004,2020-12-29T00:00:00.004000+00:00,0.00153255,0.0
2020-12-29 08:00:00.003000+00:00,1609228800003,2020-12-29T08:00:00.003000+00:00,0.00052219,0.0
2020-12-29 16:00:00+00:00,1609257600000,2020-12-29T16:00:00+00:00,0.00043125,0.0
2020-12-30 00:00:00.001000+00:00,1609286400001,2020-12-30T00:00:00.001000+00:00,0.00046595,0.0
2020-12-30 08:00:00.001000+00:00,1609315200001,2020-12-30T08:00:00.001000+00:00,0.00061042,0.0
2020-12-30 16:00:00.012000+00:00,1609344000012,2020-12-30T16:00:00.012000+00:00,0.00080909,0.0
2020-12-31 00:00:00.009000+00:00,1609372800009,2020-12-31T00:00:00.009000+00:00,0.00053089,0.0
2020-12-31 08:00:00+00:00,1609401600000,2020-12-31T08:00:00+00:00,0.00069171,0.0
2020-12-31 16:00:00.010000+00:00,1609430400010,2020-12-31T16:00:00.010000+00:00,0.00051749,0.0
2021-01-01 00:00:00.002000+00:00,1609459200002,2021-01-01T00:00:00.002000+00:00,0.0005917,0.0
2021-01-01 08:00:00.006000+00:00,1609488000006,2021-01-01T08:00:00.006000+00:00,0.00056828,0.0
2021-01-01 16:00:00.003000+00:00,1609516800003,2021-01-01T16:00:00.003000+00:00,0.00087348,0.0
2021-01-02 00:00:00+00:00,1609545600000,2021-01-02T00:00:00+00:00,0.00011634,0.0
2021-01-02 08:00:00+00:00,1609574400000,2021-01-02T08:00:00+00:00,0.00033705,0.0
2021-01-02 16:00:00.006000+00:00,1609603200006,2021-01-02T16:00:00.006000+00:00,0.00067125,0.0
2021-01-03 00:00:00.018000+00:00,1609632000018,2021-01-03T00:00:00.018000+00:00,0.00062325,0.0
2021-01-03 08:00:00+00:00,1609660800000,2021-01-03T08:00:00+00:00,0.00137736,0.0
2021-01-03 16:00:00.002000+00:00,1609689600002,2021-01-03T16:00:00.002000+00:00,0.00189349,0.0
2021-01-04 00:00:00+00:00,1609718400000,2021-01-04T00:00:00+00:00,0.00287483,0.0
2021-01-04 08:00:00+00:00,1609747200000,2021-01-04T08:00:00+00:00,0.00343153,0.0
2021-01-04 16:00:00+00:00,1609776000000,2021-01-04T16:00:00+00:00,0.00112134,0.0
2021-01-05 00:00:00.020000+00:00,1609804800020,2021-01-05T00:00:00.020000+00:00,0.00089558,0.0
2021-01-05 08:00:00.003000+00:00,1609833600003,2021-01-05T08:00:00.003000+00:00,0.00039534,0.0
2021-01-05 16:00:00.003000+00:00,1609862400003,2021-01-05T16:00:00.003000+00:00,0.00088404,0.0
2021-01-06 00:00:00.010000+00:00,1609891200010,2021-01-06T00:00:00.010000+00:00,0.00124305,0.0
2021-01-06 08:00:00.003000+00:00,1609920000003,2021-01-06T08:00:00.003000+00:00,0.00257128,0.0
2021-01-06 16:00:00+00:00,1609948800000,2021-01-06T16:00:00+00:00,0.00282457,0.0
2021-01-07 00:00:00.007000+00:00,1609977600007,2021-01-07T00:00:00.007000+00:00,0.00138368,0.0
2021-01-07 08:00:00+00:00,1610006400000,2021-01-07T08:00:00+00:00,0.00157182,0.0
2021-01-07 16:00:00.004000+00:00,1610035200004,2021-01-07T16:00:00.004000+00:00,0.00183982,0.0
2021-01-08 00:00:00+00:00,1610064000000,2021-01-08T00:00:00+00:00,0.00136268,0.0
2021-01-08 08:00:00+00:00,1610092800000,2021-01-08T08:00:00+00:00,0.00021238,0.0
2021-01-08 16:00:00+00:00,1610121600000,2021-01-08T16:00:00+00:00,0.00065217,0.0
2021-01-09 00:00:00.009000+00:00,1610150400009,2021-01-09T00:00:00.009000+00:00,0.00030532,0.0
2021-01-09 08:00:00.004000+00:00,1610179200004,2021-01-09T08:00:00.004000+00:00,0.00011567,0.0
2021-01-09 16:00:00+00:00,1610208000000,2021-01-09T16:00:00+00:00,0.00023037,0.0
2021-01-10 00:00:00+00:00,1610236800000,2021-01-10T00:00:00+00:00,0.00139198,0.0
2021-01-10 08:00:00.005000+00:00,1610265600005,2021-01-10T08:00:00.005000+00:00,0.0009064,0.0
2021-01-10 16:00:00+00:00,1610294400000,2021-01-10T16:00:00+00:00,3.78e-05,0.0
2021-01-11 00:00:00+00:00,1610323200000,2021-01-11T00:00:00+00:00,0.0,0.0
2021-01-11 08:00:00.012000+00:00,1610352000012,2021-01-11T08:00:00.012000+00:00,0.0,0.0
2021-01-11 16:00:00+00:00,1610380800000,2021-01-11T16:00:00+00:00,0.0,0.0
2021-01-12 00:00:00+00:00,1610409600000,2021-01-12T00:00:00+00:00,0.0,0.0
2021-01-12 08:00:00+00:00,1610438400000,2021-01-12T08:00:00+00:00,0.0,0.0
2021-01-12 16:00:00.008000+00:00,1610467200008,2021-01-12T16:00:00.008000+00:00,0.0,0.0
2021-01-13 00:00:00.001000+00:00,1610496000001,2021-01-13T00:00:00.001000+00:00,0.0,0.0
2021-01-13 08:00:00+00:00,1610524800000,2021-01-13T08:00:00+00:00,0.00015524,0.0
2021-01-13 16:00:00.003000+00:00,1610553600003,2021-01-13T16:00:00.003000+00:00,0.00043853,0.0
2021-01-14 00:00:00+00:00,1610582400000,2021-01-14T00:00:00+00:00,0.00027043,0.0
2021-01-14 08:00:00.012000+00:00,1610611200012,2021-01-14T08:00:00.012000+00:00,0.00084769,0.0
2021-01-14 16:00:00+00:00,1610640000000,2021-01-14T16:00:00+00:00,0.00092805,0.0
2021-01-15 00:00:00.002000+00:00,1610668800002,2021-01-15T00:00:00.002000+00:00,0.00054411,0.0
2021-01-15 08:00:00+00:00,1610697600000,2021-01-15T08:00:00+00:00,0.0007094,0.0
2021-01-15 16:00:00.004000+00:00,1610726400004,2021-01-15T16:00:00.004000+00:00,0.00078102,0.0
2021-01-16 00:00:00+00:00,1610755200000,2021-01-16T00:00:00+00:00,0.00030613,0.0
2021-01-16 08:00:00.008000+00:00,1610784000008,2021-01-16T08:00:00.008000+00:00,0.00063134,0.0
2021-01-16 16:00:00+00:00,1610812800000,2021-01-16T16:00:00+00:00,0.00117698,0.0
2021-01-17 00:00:00.009000+00:00,1610841600009,2021-01-17T00:00:00.009000+00:00,0.00117036,0.0
2021-01-17 08:00:00+00:00,1610870400000,2021-01-17T08:00:00+00:00,0.00073946,0.0
2021-01-17 16:00:00.001000+00:00,1610899200001,2021-01-17T16:00:00.001000+00:00,0.00083505,0.0
2021-01-18 00:00:00+00:00,1610928000000,2021-01-18T00:00:00+00:00,0.00037017,0.0
2021-01-18 08:00:00.004000+00:00,1610956800004,2021-01-18T08:00:00.004000+00:00,0.00127435,0.0
2021-01-18 16:00:00+00:00,1610985600000,2021-01-18T16:00:00+00:00,0.00172842,0.0
2021-01-19 00:00:00+00:00,1611014400000,2021-01-19T00:00:00+00:00,0.00126416,0.0
2021-01-19 08:00:00.005000+00:00,1611043200005,2021-01-19T08:00:00.005000+00:00,0.00227175,0.0
2021-01-19 16:00:00.012000+00:00,1611072000012,2021-01-19T16:00:00.012000+00:00,0.00118764,0.0
2021-01-20 00:00:00.012000+00:00,1611100800012,2021-01-20T00:00:00.012000+00:00,0.0,0.0
2021-01-20 08:00:00.001000+00:00,1611129600001,2021-01-20T08:00:00.001000+00:00,0.0,0.0
2021-01-20 16:00:00.001000+00:00,1611158400001,2021-01-20T16:00:00.001000+00:00,0.0,0.0
2021-01-21 00:00:00+00:00,1611187200000,2021-01-21T00:00:00+00:00,0.00022178,0.0
2021-01-21 08:00:00+00:00,1611216000000,2021-01-21T08:00:00+00:00,0.00020751,0.0
2021-01-21 16:00:00.004000+00:00,1611244800004,2021-01-21T16:00:00.004000+00:00,1.846e-05,0.0
2021-01-22 00:00:00.012000+00:00,1611273600012,2021-01-22T00:00:00.012000+00:00,0.00030046,0.0
2021-01-22 08:00:00.003000+00:00,1611302400003,2021-01-22T08:00:00.003000+00:00,0.0,0.0
2021-01-22 16:00:00.001000+00:00,1611331200001,2021-01-22T16:00:00.001000+00:00,0.0,0.0
2021-01-23 00:00:00+00:00,1611360000000,2021-01-23T00:00:00+00:00,0.0,0.0
2021-01-23 08:00:00.002000+00:00,1611388800002,2021-01-23T08:00:00.002000+00:00,-0.00015448,0.0
2021-01-23 16:00:00+00:00,1611417600000,2021-01-23T16:00:00+00:00,0.0,0.0
2021-01-24 00:00:00.001000+00:00,1611446400001,2021-01-24T00:00:00.001000+00:00,0.00029714,0.0
2021-01-24 08:00:00.011000+00:00,1611475200011,2021-01-24T08:00:00.011000+00:00,0.00012677,0.0
2021-01-24 16:00:00.005000+00:00,1611504000005,2021-01-24T16:00:00.005000+00:00,0.00069247,0.0
2021-01-25 00:00:00.007000+00:00,1611532800007,2021-01-25T00:00:00.007000+00:00,0.00039638,0.0
2021-01-25 08:00:00.012000+00:00,1611561600012,2021-01-25T08:00:00.012000+00:00,0.00079754,0.0
2021-01-25 16:00:00+00:00,1611590400000,2021-01-25T16:00:00+00:00,0.00056007,0.0
2021-01-26 00:00:00.007000+00:00,1611619200007,2021-01-26T00:00:00.007000+00:00,0.00061107,0.0
2021-01-26 08:00:00+00:00,1611648000000,2021-01-26T08:00:00+00:00,0.00014018,0.0
2021-01-26 16:00:00+00:00,1611676800000,2021-01-26T16:00:00+00:00,0.00026739,0.0
2021-01-27 00:00:00+00:00,1611705600000,2021-01-27T00:00:00+00:00,0.00010778,0.0
2021-01-27 08:00:00.011000+00:00,1611734400011,2021-01-27T08:00:00.011000+00:00,0.0,0.0
2021-01-27 16:00:00.003000+00:00,1611763200003,2021-01-27T16:00:00.003000+00:00,0.00038909,0.0
2021-01-28 00:00:00+00:00,1611792000000,2021-01-28T00:00:00+00:00,6.272e-05,0.0
2021-01-28 08:00:00+00:00,1611820800000,2021-01-28T08:00:00+00:00,0.00025273,0.0
2021-01-28 16:00:00+00:00,1611849600000,2021-01-28T16:00:00+00:00,0.0,0.0
2021-01-29 00:00:00.009000+00:00,1611878400009,2021-01-29T00:00:00.009000+00:00,-0.00071147,0.0
2021-01-29 08:00:00+00:00,1611907200000,2021-01-29T08:00:00+00:00,0.0,0.0
2021-01-29 16:00:00+00:00,1611936000000,2021-01-29T16:00:00+00:00,0.00150672,0.0
2021-01-30 00:00:00+00:00,1611964800000,2021-01-30T00:00:00+00:00,0.0,0.0
2021-01-30 08:00:00+00:00,1611993600000,2021-01-30T08:00:00+00:00,0.0,0.0
2021-01-30 16:00:00+00:00,1612022400000,2021-01-30T16:00:00+00:00,-0.00038647,0.0
2021-01-31 00:00:00.009000+00:00,1612051200009,2021-01-31T00:00:00.009000+00:00,0.0,0.0
2021-01-31 08:00:00+00:00,1612080000000,2021-01-31T08:00:00+00:00,-0.00021993,0.0
2021-01-31 16:00:00+00:00,1612108800000,2021-01-31T16:00:00+00:00,-9.557e-05,0.0
2021-02-01 00:00:00.001000+00:00,1612137600001,2021-02-01T00:00:00.001000+00:00,0.0,0.0
2021-02-01 08:00:00.014000+00:00,1612166400014,2021-02-01T08:00:00.014000+00:00,0.0,0.0
2021-02-01 16:00:00+00:00,1612195200000,2021-02-01T16:00:00+00:00,-0.00210508,0.0
2021-02-02 00:00:00+00:00,1612224000000,2021-02-02T00:00:00+00:00,0.0,0.0
2021-02-02 08:00:00.006000+00:00,1612252800006,2021-02-02T08:00:00.006000+00:00,0.00028841,0.0
2021-02-02 16:00:00+00:00,1612281600000,2021-02-02T16:00:00+00:00,-0.00140269,0.0
2021-02-03 00:00:00.009000+00:00,1612310400009,2021-02-03T00:00:00.009000+00:00,-0.00137817,0.0
2021-02-03 08:00:00.006000+00:00,1612339200006,2021-02-03T08:00:00.006000+00:00,0.0,0.0
2021-02-03 16:00:00.006000+00:00,1612368000006,2021-02-03T16:00:00.006000+00:00,-3.41e-06,0.0
2021-02-04 00:00:00.005000+00:00,1612396800005,2021-02-04T00:00:00.005000+00:00,-0.00018986,0.0
2021-02-04 08:00:00+00:00,1612425600000,2021-02-04T08:00:00+00:00,0.0,0.0
2021-02-04 16:00:00.011000+00:00,1612454400011,2021-02-04T16:00:00.011000+00:00,-0.00028705,0.0
2021-02-05 00:00:00.009000+00:00,1612483200009,2021-02-05T00:00:00.009000+00:00,-7.679e-05,0.0
2021-02-05 08:00:00.004000+00:00,1612512000004,2021-02-05T08:00:00.004000+00:00,0.00018485,0.0
2021-02-05 16:00:00+00:00,1612540800000,2021-02-05T16:00:00+00:00,0.00028044,0.0
2021-02-06 00:00:00.008000+00:00,1612569600008,2021-02-06T00:00:00.008000+00:00,-0.00057475,0.0
2021-02-06 08:00:00.009000+00:00,1612598400009,2021-02-06T08:00:00.009000+00:00,0.0,0.0
2021-02-06 16:00:00+00:00,1612627200000,2021-02-06T16:00:00+00:00,0.00071564,0.0
2021-02-07 00:00:00+00:00,1612656000000,2021-02-07T00:00:00+00:00,-0.0002485,0.0
2021-02-07 08:00:00.005000+00:00,1612684800005,2021-02-07T08:00:00.005000+00:00,-0.000665,0.0
2021-02-07 16:00:00.001000+00:00,1612713600001,2021-02-07T16:00:00.001000+00:00,-0.00015453,0.0
2021-02-08 00:00:00+00:00,1612742400000,2021-02-08T00:00:00+00:00,-0.00033902,0.0
2021-02-08 08:00:00.001000+00:00,1612771200001,2021-02-08T08:00:00.001000+00:00,-0.00177124,0.0
2021-02-08 16:00:00+00:00,1612800000000,2021-02-08T16:00:00+00:00,0.00319303,0.0
2021-02-09 00:00:00.010000+00:00,1612828800010,2021-02-09T00:00:00.010000+00:00,0.0007417,0.0
2021-02-09 08:00:00.006000+00:00,1612857600006,2021-02-09T08:00:00.006000+00:00,0.00326459,0.0
2021-02-09 16:00:00.007000+00:00,1612886400007,2021-02-09T16:00:00.007000+00:00,0.00147289,0.0
2021-02-10 00:00:00.009000+00:00,1612915200009,2021-02-10T00:00:00.009000+00:00,0.00336062,0.0
2021-02-10 08:00:00.014000+00:00,1612944000014,2021-02-10T08:00:00.014000+00:00,0.00259611,0.0
2021-02-10 16:00:00.005000+00:00,1612972800005,2021-02-10T16:00:00.005000+00:00,0.00269911,0.0
2021-02-11 00:00:00+00:00,1613001600000,2021-02-11T00:00:00+00:00,0.00131536,0.0
2021-02-11 08:00:00+00:00,1613030400000,2021-02-11T08:00:00+00:00,0.00142378,0.0
2021-02-11 16:00:00+00:00,1613059200000,2021-02-11T16:00:00+00:00,0.0030064,0.0
2021-02-12 00:00:00+00:00,1613088000000,2021-02-12T00:00:00+00:00,0.00255821,0.0
2021-02-12 08:00:00+00:00,1613116800000,2021-02-12T08:00:00+00:00,0.00221925,0.0
2021-02-12 16:00:00+00:00,1613145600000,2021-02-12T16:00:00+00:00,0.00253196,0.0
2021-02-13 00:00:00.001000+00:00,1613174400001,2021-02-13T00:00:00.001000+00:00,0.00205233,0.0
2021-02-13 08:00:00.003000+00:00,1613203200003,2021-02-13T08:00:00.003000+00:00,0.00226669,0.0
2021-02-13 16:00:00+00:00,1613232000000,2021-02-13T16:00:00+00:00,0.0003426,0.0
2021-02-14 00:00:00.013000+00:00,1613260800013,2021-02-14T00:00:00.013000+00:00,0.0023488,0.0
2021-02-14 08:00:00+00:00,1613289600000,2021-02-14T08:00:00+00:00,0.00291102,0.0
2021-02-14 16:00:00.008000+00:00,1613318400008,2021-02-14T16:00:00.008000+00:00,0.00171654,0.0
2021-02-15 00:00:00+00:00,1613347200000,2021-02-15T00:00:00+00:00,0.00210067,0.0
2021-02-15 08:00:00.006000+00:00,1613376000006,2021-02-15T08:00:00.006000+00:00,0.0,0.0
2021-02-15 16:00:00+00:00,1613404800000,2021-02-15T16:00:00+00:00,0.0,0.0
2021-02-16 00:00:00.001000+00:00,1613433600001,2021-02-16T00:00:00.001000+00:00,1.485e-05,0.0
2021-02-16 08:00:00+00:00,1613462400000,2021-02-16T08:00:00+00:00,0.00075155,0.0
2021-02-16 16:00:00.010000+00:00,1613491200010,2021-02-16T16:00:00.010000+00:00,0.00098132,0.0
2021-02-17 00:00:00.005000+00:00,1613520000005,2021-02-17T00:00:00.005000+00:00,0.0004757,0.0
2021-02-17 08:00:00.010000+00:00,1613548800010,2021-02-17T08:00:00.010000+00:00,0.00050673,0.0
2021-02-17 16:00:00.008000+00:00,1613577600008,2021-02-17T16:00:00.008000+00:00,0.00173046,0.0
2021-02-18 00:00:00.012000+00:00,1613606400012,2021-02-18T00:00:00.012000+00:00,0.00190499,0.0
2021-02-18 08:00:00+00:00,1613635200000,2021-02-18T08:00:00+00:00,0.00167118,0.0
2021-02-18 16:00:00.009000+00:00,1613664000009,2021-02-18T16:00:00.009000+00:00,0.00144754,0.0
2021-02-19 00:00:00.010000+00:00,1613692800010,2021-02-19T00:00:00.010000+00:00,0.00090562,0.0
2021-02-19 08:00:00.002000+00:00,1613721600002,2021-02-19T08:00:00.002000+00:00,0.00201514,0.0
2021-02-19 16:00:00.008000+00:00,1613750400008,2021-02-19T16:00:00.008000+00:00,0.00397817,0.0
2021-02-20 00:00:00+00:00,1613779200000,2021-02-20T00:00:00+00:00,0.002824,0.0
2021-02-20 08:00:00.009000+00:00,1613808000009,2021-02-20T08:00:00.009000+00:00,0.00240137,0.0
2021-02-20 16:00:00+00:00,1613836800000,2021-02-20T16:00:00+00:00,0.00441898,0.0
2021-02-21 00:00:00.007000+00:00,1613865600007,2021-02-21T00:00:00.007000+00:00,0.00201279,0.0
2021-02-21 08:00:00.012000+00:00,1613894400012,2021-02-21T08:00:00.012000+00:00,0.0006923,0.0
2021-02-21 16:00:00.001000+00:00,1613923200001,2021-02-21T16:00:00.001000+00:00,0.00043311,0.0
2021-02-22 00:00:00.006000+00:00,1613952000006,2021-02-22T00:00:00.006000+00:00,0.00076508,0.0
2021-02-22 08:00:00.002000+00:00,1613980800002,2021-02-22T08:00:00.002000+00:00,0.00121046,0.0
2021-02-22 16:00:00+00:00,1614009600000,2021-02-22T16:00:00+00:00,0.0,0.0
2021-02-23 00:00:00+00:00,1614038400000,2021-02-23T00:00:00+00:00,0.00029882,0.0
2021-02-23 08:00:00.006000+00:00,1614067200006,2021-02-23T08:00:00.006000+00:00,0.0,0.0
2021-02-23 16:00:00+00:00,1614096000000,2021-02-23T16:00:00+00:00,-0.00044901,0.0
2021-02-24 00:00:00.012000+00:00,1614124800012,2021-02-24T00:00:00.012000+00:00,-0.00014344,0.0
2021-02-24 08:00:00.016000+00:00,1614153600016,2021-02-24T08:00:00.016000+00:00,-0.00089659,0.0
2021-02-24 16:00:00.011000+00:00,1614182400011,2021-02-24T16:00:00.011000+00:00,0.0,0.0
2021-02-25 00:00:00.007000+00:00,1614211200007,2021-02-25T00:00:00.007000+00:00,0.0,0.0
2021-02-25 08:00:00+00:00,1614240000000,2021-02-25T08:00:00+00:00,0.00028644,0.0
2021-02-25 16:00:00.010000+00:00,1614268800010,2021-02-25T16:00:00.010000+00:00,0.00013543,0.0
2021-02-26 00:00:00+00:00,1614297600000,2021-02-26T00:00:00+00:00,0.0,0.0
2021-02-26 08:00:00.025000+00:00,1614326400025,2021-02-26T08:00:00.025000+00:00,-0.00059456,0.0
2021-02-26 16:00:00.010000+00:00,1614355200010,2021-02-26T16:00:00.010000+00:00,0.0,0.0
2021-02-27 00:00:00.001000+00:00,1614384000001,2021-02-27T00:00:00.001000+00:00,0.0,0.0
2021-02-27 08:00:00+00:00,1614412800000,2021-02-27T08:00:00+00:00,9.595e-05,0.0
2021-02-27 16:00:00+00:00,1614441600000,2021-02-27T16:00:00+00:00,0.0,0.0
2021-02-28 00:00:00.021000+00:00,1614470400021,2021-02-28T00:00:00.021000+00:00,0.0,0.0
2021-02-28 08:00:00.009000+00:00,1614499200009,2021-02-28T08:00:00.009000+00:00,0.0,0.0
2021-02-28 16:00:00+00:00,1614528000000,2021-02-28T16:00:00+00:00,0.0001051,0.0
2021-03-01 00:00:00+00:00,1614556800000,2021-03-01T00:00:00+00:00,0.0,0.0
2021-03-01 08:00:00.003000+00:00,1614585600003,2021-03-01T08:00:00.003000+00:00,0.0,0.0
2021-03-01 16:00:00.001000+00:00,1614614400001,2021-03-01T16:00:00.001000+00:00,3.391e-05,0.0
2021-03-02 00:00:00+00:00,1614643200000,2021-03-02T00:00:00+00:00,0.0,0.0
2021-03-02 08:00:00+00:00,1614672000000,2021-03-02T08:00:00+00:00,0.0,0.0
2021-03-02 16:00:00.004000+00:00,1614700800004,2021-03-02T16:00:00.004000+00:00,0.00034725,0.0
2021-03-03 00:00:00+00:00,1614729600000,2021-03-03T00:00:00+00:00,0.0,0.0
2021-03-03 08:00:00.016000+00:00,1614758400016,2021-03-03T08:00:00.016000+00:00,0.0,0.0
2021-03-03 16:00:00+00:00,1614787200000,2021-03-03T16:00:00+00:00,0.0004679,0.0
2021-03-04 00:00:00+00:00,1614816000000,2021-03-04T00:00:00+00:00,0.00033678,0.0
2021-03-04 08:00:00.015000+00:00,1614844800015,2021-03-04T08:00:00.015000+00:00,2.204e-05,0.0
2021-03-04 16:00:00.001000+00:00,1614873600001,2021-03-04T16:00:00.001000+00:00,0.0001561,0.0
2021-03-05 00:00:00+00:00,1614902400000,2021-03-05T00:00:00+00:00,0.0,0.0
2021-03-05 08:00:00.002000+00:00,1614931200002,2021-03-05T08:00:00.002000+00:00,0.0,0.0
2021-03-05 16:00:00.008000+00:00,1614960000008,2021-03-05T16:00:00.008000+00:00,0.0,0.0
2021-03-06 00:00:00+00:00,1614988800000,2021-03-06T00:00:00+00:00,0.0,0.0
2021-03-06 08:00:00+00:00,1615017600000,2021-03-06T08:00:00+00:00,0.0,0.0
2021-03-06 16:00:00+00:00,1615046400000,2021-03-06T16:00:00+00:00,0.0,0.0
2021-03-07 00:00:00.006000+00:00,1615075200006,2021-03-07T00:00:00.006000+00:00,0.0,0.0
2021-03-07 08:00:00.005000+00:00,1615104000005,2021-03-07T08:00:00.005000+00:00,0.00012207,0.0
2021-03-07 16:00:00.008000+00:00,1615132800008,2021-03-07T16:00:00.008000+00:00,0.00085147,0.0
2021-03-08 00:00:00+00:00,1615161600000,2021-03-08T00:00:00+00:00,0.00061761,0.0
2021-03-08 08:00:00+00:00,1615190400000,2021-03-08T08:00:00+00:00,0.00024577,0.0
2021-03-08 16:00:00.006000+00:00,1615219200006,2021-03-08T16:00:00.006000+00:00,0.00084219,0.0
2021-03-09 00:00:00+00:00,1615248000000,2021-03-09T00:00:00+00:00,0.00060021,0.0
2021-03-09 08:00:00+00:00,1615276800000,2021-03-09T08:00:00+00:00,0.00108241,0.0
2021-03-09 16:00:00+00:00,1615305600000,2021-03-09T16:00:00+00:00,0.00156346,0.0
2021-03-10 00:00:00.009000+00:00,1615334400009,2021-03-10T00:00:00.009000+00:00,0.0009945,0.0
2021-03-10 08:00:00.006000+00:00,1615363200006,2021-03-10T08:00:00.006000+00:00,0.00019159,0.0
2021-03-10 16:00:00.008000+00:00,1615392000008,2021-03-10T16:00:00.008000+00:00,0.00095313,0.0
2021-03-11 00:00:00+00:00,1615420800000,2021-03-11T00:00:00+00:00,0.00021756,0.0
2021-03-11 08:00:00+00:00,1615449600000,2021-03-11T08:00:00+00:00,0.00072803,0.0
2021-03-11 16:00:00.014000+00:00,1615478400014,2021-03-11T16:00:00.014000+00:00,0.0018102,0.0
2021-03-12 00:00:00.002000+00:00,1615507200002,2021-03-12T00:00:00.002000+00:00,0.00184398,0.0
2021-03-12 08:00:00.005000+00:00,1615536000005,2021-03-12T08:00:00.005000+00:00,0.00108321,0.0
2021-03-12 16:00:00.011000+00:00,1615564800011,2021-03-12T16:00:00.011000+00:00,0.00048915,0.0
2021-03-13 00:00:00+00:00,1615593600000,2021-03-13T00:00:00+00:00,0.00063652,0.0
2021-03-13 08:00:00.002000+00:00,1615622400002,2021-03-13T08:00:00.002000+00:00,0.00026329,0.0
2021-03-13 16:00:00+00:00,1615651200000,2021-03-13T16:00:00+00:00,0.00151595,0.0
2021-03-14 00:00:00.011000+00:00,1615680000011,2021-03-14T00:00:00.011000+00:00,0.00121028,0.0
2021-03-14 08:00:00+00:00,1615708800000,2021-03-14T08:00:00+00:00,0.00113247,0.0
2021-03-14 16:00:00+00:00,1615737600000,2021-03-14T16:00:00+00:00,0.00101075,0.0
2021-03-15 00:00:00.012000+00:00,1615766400012,2021-03-15T00:00:00.012000+00:00,0.00111632,0.0
2021-03-15 08:00:00.016000+00:00,1615795200016,2021-03-15T08:00:00.016000+00:00,0.00120751,0.0
2021-03-15 16:00:00.030000+00:00,1615824000030,2021-03-15T16:00:00.030000+00:00,0.00017538,0.0
2021-03-16 00:00:00.005000+00:00,1615852800005,2021-03-16T00:00:00.005000+00:00,0.00075049,0.0
2021-03-16 08:00:00.008000+00:00,1615881600008,2021-03-16T08:00:00.008000+00:00,0.0,0.0
2021-03-16 16:00:00.012000+00:00,1615910400012,2021-03-16T16:00:00.012000+00:00,0.00032876,0.0
2021-03-17 00:00:00.010000+00:00,1615939200010,2021-03-17T00:00:00.010000+00:00,0.00069949,0.0
2021-03-17 08:00:00+00:00,1615968000000,2021-03-17T08:00:00+00:00,0.00077658,0.0
2021-03-17 16:00:00.009000+00:00,1615996800009,2021-03-17T16:00:00.009000+00:00,0.0008253,0.0
2021-03-18 00:00:00.001000+00:00,1616025600001,2021-03-18T00:00:00.001000+00:00,0.00068787,0.0
2021-03-18 08:00:00+00:00,1616054400000,2021-03-18T08:00:00+00:00,0.00033243,0.0
2021-03-18 16:00:00+00:00,1616083200000,2021-03-18T16:00:00+00:00,0.00101434,0.0
2021-03-19 00:00:00.011000+00:00,1616112000011,2021-03-19T00:00:00.011000+00:00,0.00044185,0.0
2021-03-19 08:00:00.001000+00:00,1616140800001,2021-03-19T08:00:00.001000+00:00,0.0005089,0.0
2021-03-19 16:00:00+00:00,1616169600000,2021-03-19T16:00:00+00:00,0.00078686,0.0
2021-03-20 00:00:00+00:00,1616198400000,2021-03-20T00:00:00+00:00,0.0006074,0.0
2021-03-20 08:00:00+00:00,1616227200000,2021-03-20T08:00:00+00:00,0.00082919,0.0
2021-03-20 16:00:00.007000+00:00,1616256000007,2021-03-20T16:00:00.007000+00:00,0.00174,0.0
2021-03-21 00:00:00+00:00,1616284800000,2021-03-21T00:00:00+00:00,0.00087788,0.0
2021-03-21 08:00:00+00:00,1616313600000,2021-03-21T08:00:00+00:00,0.00054596,0.0
2021-03-21 16:00:00+00:00,1616342400000,2021-03-21T16:00:00+00:00,0.00035663,0.0
2021-03-22 00:00:00.007000+00:00,1616371200007,2021-03-22T00:00:00.007000+00:00,0.00071726,0.0
2021-03-22 08:00:00.001000+00:00,1616400000001,2021-03-22T08:00:00.001000+00:00,0.00064104,0.0
2021-03-22 16:00:00+00:00,1616428800000,2021-03-22T16:00:00+00:00,0.00085694,0.0
2021-03-23 00:00:00+00:00,1616457600000,2021-03-23T00:00:00+00:00,0.00016046,0.0
2021-03-23 08:00:00.010000+00:00,1616486400010,2021-03-23T08:00:00.010000+00:00,6.827e-05,0.0
2021-03-23 16:00:00.023000+00:00,1616515200023,2021-03-23T16:00:00.023000+00:00,2.292e-05,0.0
2021-03-24 00:00:00.002000+00:00,1616544000002,2021-03-24T00:00:00.002000+00:00,0.00027494,0.0
2021-03-24 08:00:00+00:00,1616572800000,2021-03-24T08:00:00+00:00,0.00013666,0.0
2021-03-24 16:00:00+00:00,1616601600000,2021-03-24T16:00:00+00:00,0.0,0.0
2021-03-25 00:00:00+00:00,1616630400000,2021-03-25T00:00:00+00:00,0.0,0.0
2021-03-25 08:00:00+00:00,1616659200000,2021-03-25T08:00:00+00:00,0.0,0.0
2021-03-25 16:00:00+00:00,1616688000000,2021-03-25T16:00:00+00:00,-0.00042256,0.0
2021-03-26 00:00:00.008000+00:00,1616716800008,2021-03-26T00:00:00.008000+00:00,0.0,0.0
2021-03-26 08:00:00+00:00,1616745600000,2021-03-26T08:00:00+00:00,0.0,0.0
2021-03-26 16:00:00.012000+00:00,1616774400012,2021-03-26T16:00:00.012000+00:00,-0.00054376,0.0
2021-03-27 00:00:00.018000+00:00,1616803200018,2021-03-27T00:00:00.018000+00:00,0.0,0.0
2021-03-27 08:00:00+00:00,1616832000000,2021-03-27T08:00:00+00:00,-0.00032468,0.0
2021-03-27 16:00:00.001000+00:00,1616860800001,2021-03-27T16:00:00.001000+00:00,0.0,0.0
2021-03-28 00:00:00+00:00,1616889600000,2021-03-28T00:00:00+00:00,8.039e-05,0.0
2021-03-28 08:00:00+00:00,1616918400000,2021-03-28T08:00:00+00:00,0.00021146,0.0
2021-03-28 16:00:00.005000+00:00,1616947200005,2021-03-28T16:00:00.005000+00:00,0.00015098,0.0
2021-03-29 00:00:00.003000+00:00,1616976000003,2021-03-29T00:00:00.003000+00:00,0.0001046,0.0
2021-03-29 08:00:00+00:00,1617004800000,2021-03-29T08:00:00+00:00,0.00010607,0.0
2021-03-29 16:00:00+00:00,1617033600000,2021-03-29T16:00:00+00:00,0.00065241,0.0
2021-03-30 00:00:00.018000+00:00,1617062400018,2021-03-30T00:00:00.018000+00:00,0.00030035,0.0
2021-03-30 08:00:00.012000+00:00,1617091200012,2021-03-30T08:00:00.012000+00:00,0.00067628,0.0
2021-03-30 16:00:00.001000+00:00,1617120000001,2021-03-30T16:00:00.001000+00:00,0.00098543,0.0
2021-03-31 00:00:00+00:00,1617148800000,2021-03-31T00:00:00+00:00,0.00053492,0.0
2021-03-31 08:00:00+00:00,1617177600000,2021-03-31T08:00:00+00:00,0.00079309,0.0
2021-03-31 16:00:00+00:00,1617206400000,2021-03-31T16:00:00+00:00,0.00039337,0.0
2021-04-01 00:00:00.025000+00:00,1617235200025,2021-04-01T00:00:00.025000+00:00,0.00038678,0.0
2021-04-01 08:00:00.011000+00:00,1617264000011,2021-04-01T08:00:00.011000+00:00,0.00063875,0.0
2021-04-01 16:00:00.004000+00:00,1617292800004,2021-04-01T16:00:00.004000+00:00,0.00083402,0.0
2021-04-02 00:00:00+00:00,1617321600000,2021-04-02T00:00:00+00:00,0.00041167,0.0
2021-04-02 08:00:00+00:00,1617350400000,2021-04-02T08:00:00+00:00,0.00147709,0.0
2021-04-02 16:00:00+00:00,1617379200000,2021-04-02T16:00:00+00:00,0.00125716,0.0
2021-04-03 00:00:00.003000+00:00,1617408000003,2021-04-03T00:00:00.003000+00:00,0.00117138,0.0
2021-04-03 08:00:00+00:00,1617436800000,2021-04-03T08:00:00+00:00,0.00141924,0.0
2021-04-03 16:00:00+00:00,1617465600000,2021-04-03T16:00:00+00:00,0.00054845,0.0
2021-04-04 00:00:00+00:00,1617494400000,2021-04-04T00:00:00+00:00,0.00010345,0.0
2021-04-04 08:00:00+00:00,1617523200000,2021-04-04T08:00:00+00:00,0.00022305,0.0
2021-04-04 16:00:00.016000+00:00,1617552000016,2021-04-04T16:00:00.016000+00:00,0.00041287,0.0
2021-04-05 00:00:00+00:00,1617580800000,2021-04-05T00:00:00+00:00,0.00015106,0.0
2021-04-05 08:00:00.001000+00:00,1617609600001,2021-04-05T08:00:00.001000+00:00,2.577e-05,0.0
2021-04-05 16:00:00.001000+00:00,1617638400001,2021-04-05T16:00:00.001000+00:00,0.00164929,0.0
2021-04-06 00:00:00.010000+00:00,1617667200010,2021-04-06T00:00:00.010000+00:00,0.00073497,0.0
2021-04-06 08:00:00+00:00,1617696000000,2021-04-06T08:00:00+00:00,0.00195528,0.0
2021-04-06 16:00:00.003000+00:00,1617724800003,2021-04-06T16:00:00.003000+00:00,0.00031634,0.0
2021-04-07 00:00:00+00:00,1617753600000,2021-04-07T00:00:00+00:00,0.00071335,0.0
2021-04-07 08:00:00.006000+00:00,1617782400006,2021-04-07T08:00:00.006000+00:00,7.12e-06,0.0
2021-04-07 16:00:00.004000+00:00,1617811200004,2021-04-07T16:00:00.004000+00:00,0.00049727,0.0
2021-04-08 00:00:00.013000+00:00,1617840000013,2021-04-08T00:00:00.013000+00:00,0.00010663,0.0
2021-04-08 08:00:00.003000+00:00,1617868800003,2021-04-08T08:00:00.003000+00:00,0.00061145,0.0
2021-04-08 16:00:00.005000+00:00,1617897600005,2021-04-08T16:00:00.005000+00:00,0.00022063,0.0
2021-04-09 00:00:00+00:00,1617926400000,2021-04-09T00:00:00+00:00,0.00068515,0.0
2021-04-09 08:00:00.004000+00:00,1617955200004,2021-04-09T08:00:00.004000+00:00,0.00046039,0.0
2021-04-09 16:00:00.004000+00:00,1617984000004,2021-04-09T16:00:00.004000+00:00,0.00010097,0.0
2021-04-10 00:00:00.011000+00:00,1618012800011,2021-04-10T00:00:00.011000+00:00,0.0,0.0
2021-04-10 08:00:00.005000+00:00,1618041600005,2021-04-10T08:00:00.005000+00:00,0.00143481,0.0
2021-04-10 16:00:00+00:00,1618070400000,2021-04-10T16:00:00+00:00,0.00121535,0.0
2021-04-11 00:00:00.004000+00:00,1618099200004,2021-04-11T00:00:00.004000+00:00,0.00165386,0.0
2021-04-11 08:00:00+00:00,1618128000000,2021-04-11T08:00:00+00:00,0.00142916,0.0
2021-04-11 16:00:00+00:00,1618156800000,2021-04-11T16:00:00+00:00,0.00123461,0.0
2021-04-12 00:00:00.001000+00:00,1618185600001,2021-04-12T00:00:00.001000+00:00,0.00070132,0.0
2021-04-12 08:00:00.001000+00:00,1618214400001,2021-04-12T08:00:00.001000+00:00,0.00225006,0.0
2021-04-12 16:00:00.008000+00:00,1618243200008,2021-04-12T16:00:00.008000+00:00,0.00127767,0.0
2021-04-13 00:00:00.003000+00:00,1618272000003,2021-04-13T00:00:00.003000+00:00,0.00135657,0.0
2021-04-13 08:00:00.008000+00:00,1618300800008,2021-04-13T08:00:00.008000+00:00,0.00252418,0.0
2021-04-13 16:00:00.008000+00:00,1618329600008,2021-04-13T16:00:00.008000+00:00,0.00240702,0.0
2021-04-14 00:00:00.008000+00:00,1618358400008,2021-04-14T00:00:00.008000+00:00,0.00265731,0.0
2021-04-14 08:00:00+00:00,1618387200000,2021-04-14T08:00:00+00:00,0.00292519,0.0
2021-04-14 16:00:00.012000+00:00,1618416000012,2021-04-14T16:00:00.012000+00:00,0.00138875,0.0
2021-04-15 00:00:00.006000+00:00,1618444800006,2021-04-15T00:00:00.006000+00:00,0.00154067,0.0
2021-04-15 08:00:00+00:00,1618473600000,2021-04-15T08:00:00+00:00,0.00153437,0.0
2021-04-15 16:00:00.008000+00:00,1618502400008,2021-04-15T16:00:00.008000+00:00,0.0016646,0.0
2021-04-16 00:00:00.008000+00:00,1618531200008,2021-04-16T00:00:00.008000+00:00,0.00294158,0.0
2021-04-16 08:00:00+00:00,1618560000000,2021-04-16T08:00:00+00:00,0.00202932,0.0
2021-04-16 16:00:00.002000+00:00,1618588800002,2021-04-16T16:00:00.002000+00:00,0.00203238,0.0
2021-04-17 00:00:00.008000+00:00,1618617600008,2021-04-17T00:00:00.008000+00:00,0.00135713,0.0
2021-04-17 08:00:00+00:00,1618646400000,2021-04-17T08:00:00+00:00,0.00156647,0.0
2021-04-17 16:00:00.001000+00:00,1618675200001,2021-04-17T16:00:00.001000+00:00,0.00088307,0.0
2021-04-18 00:00:00.006000+00:00,1618704000006,2021-04-18T00:00:00.006000+00:00,0.00067694,0.0
2021-04-18 08:00:00.004000+00:00,1618732800004,2021-04-18T08:00:00.004000+00:00,-0.00030474,0.0
2021-04-18 16:00:00+00:00,1618761600000,2021-04-18T16:00:00+00:00,0.0,0.0
2021-04-19 00:00:00+00:00,1618790400000,2021-04-19T00:00:00+00:00,0.0,0.0
2021-04-19 08:00:00+00:00,1618819200000,2021-04-19T08:00:00+00:00,0.00044766,0.0
2021-04-19 16:00:00.009000+00:00,1618848000009,2021-04-19T16:00:00.009000+00:00,0.00047664,0.0
2021-04-20 00:00:00.004000+00:00,1618876800004,2021-04-20T00:00:00.004000+00:00,0.0,0.0
2021-04-20 08:00:00+00:00,1618905600000,2021-04-20T08:00:00+00:00,0.0,0.0
2021-04-20 16:00:00.001000+00:00,1618934400001,2021-04-20T16:00:00.001000+00:00,0.0,0.0
2021-04-21 00:00:00.013000+00:00,1618963200013,2021-04-21T00:00:00.013000+00:00,0.0006092,0.0
2021-04-21 08:00:00.001000+00:00,1618992000001,2021-04-21T08:00:00.001000+00:00,0.00032157,0.0
2021-04-21 16:00:00.002000+00:00,1619020800002,2021-04-21T16:00:00.002000+00:00,0.0004063,0.0
2021-04-22 00:00:00+00:00,1619049600000,2021-04-22T00:00:00+00:00,0.00047857,0.0
2021-04-22 08:00:00+00:00,1619078400000,2021-04-22T08:00:00+00:00,0.00061757,0.0
2021-04-22 16:00:00.001000+00:00,1619107200001,2021-04-22T16:00:00.001000+00:00,0.00048198,0.0
2021-04-23 00:00:00.002000+00:00,1619136000002,2021-04-23T00:00:00.002000+00:00,9.468e-05,0.0
2021-04-23 08:00:00.009000+00:00,1619164800009,2021-04-23T08:00:00.009000+00:00,0.00059952,0.0
2021-04-23 16:00:00.001000+00:00,1619193600001,2021-04-23T16:00:00.001000+00:00,3.041e-05,0.0
2021-04-24 00:00:00.019000+00:00,1619222400019,2021-04-24T00:00:00.019000+00:00,0.0,0.0
2021-04-24 08:00:00.001000+00:00,1619251200001,2021-04-24T08:00:00.001000+00:00,5.065e-05,0.0
2021-04-24 16:00:00.011000+00:00,1619280000011,2021-04-24T16:00:00.011000+00:00,0.00020691,0.0
2021-04-25 00:00:00+00:00,1619308800000,2021-04-25T00:00:00+00:00,0.0,0.0
2021-04-25 08:00:00.010000+00:00,1619337600010,2021-04-25T08:00:00.010000+00:00,0.0,0.0
2021-04-25 16:00:00+00:00,1619366400000,2021-04-25T16:00:00+00:00,0.0,0.0
2021-04-26 00:00:00.003000+00:00,1619395200003,2021-04-26T00:00:00.003000+00:00,0.00033529,0.0
2021-04-26 08:00:00.002000+00:00,1619424000002,2021-04-26T08:00:00.002000+00:00,0.00015626,0.0
2021-04-26 16:00:00.004000+00:00,1619452800004,2021-04-26T16:00:00.004000+00:00,0.00025275,0.0
2021-04-27 00:00:00+00:00,1619481600000,2021-04-27T00:00:00+00:00,0.0,0.0
2021-04-27 08:00:00+00:00,1619510400000,2021-04-27T08:00:00+00:00,0.0,0.0
2021-04-27 16:00:00.009000+00:00,1619539200009,2021-04-27T16:00:00.009000+00:00,0.00046534,0.0
2021-04-28 00:00:00+00:00,1619568000000,2021-04-28T00:00:00+00:00,0.00038386,0.0
2021-04-28 08:00:00+00:00,1619596800000,2021-04-28T08:00:00+00:00,0.00037287,0.0
2021-04-28 16:00:00.001000+00:00,1619625600001,2021-04-28T16:00:00.001000+00:00,0.00038748,0.0
2021-04-29 00:00:00.004000+00:00,1619654400004,2021-04-29T00:00:00.004000+00:00,0.00012761,0.0
2021-04-29 08:00:00.013000+00:00,1619683200013,2021-04-29T08:00:00.013000+00:00,0.0,0.0
2021-04-29 16:00:00.003000+00:00,1619712000003,2021-04-29T16:00:00.003000+00:00,0.00066704,0.0
2021-04-30 00:00:00.004000+00:00,1619740800004,2021-04-30T00:00:00.004000+00:00,0.00024164,0.0
2021-04-30 08:00:00.019000+00:00,1619769600019,2021-04-30T08:00:00.019000+00:00,0.00075987,0.0
2021-04-30 16:00:00.003000+00:00,1619798400003,2021-04-30T16:00:00.003000+00:00,0.00013237,0.0
2021-05-01 00:00:00.002000+00:00,1619827200002,2021-05-01T00:00:00.002000+00:00,0.00067731,0.0
2021-05-01 08:00:00.006000+00:00,1619856000006,2021-05-01T08:00:00.006000+00:00,0.00081693,0.0
2021-05-01 16:00:00+00:00,1619884800000,2021-05-01T16:00:00+00:00,0.00044737,0.0
2021-05-02 00:00:00.010000+00:00,1619913600010,2021-05-02T00:00:00.010000+00:00,0.00084511,0.0
2021-05-02 08:00:00.011000+00:00,1619942400011,2021-05-02T08:00:00.011000+00:00,0.00037474,0.0
2021-05-02 16:00:00.007000+00:00,1619971200007,2021-05-02T16:00:00.007000+00:00,6.867e-05,0.0
2021-05-03 00:00:00.003000+00:00,1620000000003,2021-05-03T00:00:00.003000+00:00,0.00012795,0.0
2021-05-03 08:00:00+00:00,1620028800000,2021-05-03T08:00:00+00:00,0.00079033,0.0
2021-05-03 16:00:00.043000+00:00,1620057600043,2021-05-03T16:00:00.043000+00:00,0.00073129,0.0
2021-05-04 00:00:00.004000+00:00,1620086400004,2021-05-04T00:00:00.004000+00:00,0.00075259,0.0
2021-05-04 08:00:00.003000+00:00,1620115200003,2021-05-04T08:00:00.003000+00:00,9.1e-05,0.0
2021-05-04 16:00:00.011000+00:00,1620144000011,2021-05-04T16:00:00.011000+00:00,0.00075677,0.0
2021-05-05 00:00:00.001000+00:00,1620172800001,2021-05-05T00:00:00.001000+00:00,3.701e-05,0.0
2021-05-05 08:00:00.007000+00:00,1620201600007,2021-05-05T08:00:00.007000+00:00,0.0005597,0.0
2021-05-05 16:00:00.001000+00:00,1620230400001,2021-05-05T16:00:00.001000+00:00,0.00030604,0.0
2021-05-06 00:00:00.003000+00:00,1620259200003,2021-05-06T00:00:00.003000+00:00,0.00099213,0.0
2021-05-06 08:00:00.001000+00:00,1620288000001,2021-05-06T08:00:00.001000+00:00,0.00081318,0.0
2021-05-06 16:00:00+00:00,1620316800000,2021-05-06T16:00:00+00:00,0.0018025,0.0
2021-05-07 00:00:00+00:00,1620345600000,2021-05-07T00:00:00+00:00,0.00050626,0.0
2021-05-07 08:00:00+00:00,1620374400000,2021-05-07T08:00:00+00:00,0.00122283,0.0
2021-05-07 16:00:00.001000+00:00,1620403200001,2021-05-07T16:00:00.001000+00:00,0.00037155,0.0
2021-05-08 00:00:00.006000+00:00,1620432000006,2021-05-08T00:00:00.006000+00:00,0.00066409,0.0
2021-05-08 08:00:00+00:00,1620460800000,2021-05-08T08:00:00+00:00,0.00063567,0.0
2021-05-08 16:00:00+00:00,1620489600000,2021-05-08T16:00:00+00:00,0.00082358,0.0
2021-05-09 00:00:00.005000+00:00,1620518400005,2021-05-09T00:00:00.005000+00:00,0.00046777,0.0
2021-05-09 08:00:00.016000+00:00,1620547200016,2021-05-09T08:00:00.016000+00:00,0.00014449,0.0
2021-05-09 16:00:00+00:00,1620576000000,2021-05-09T16:00:00+00:00,0.00074994,0.0
2021-05-10 00:00:00.004000+00:00,1620604800004,2021-05-10T00:00:00.004000+00:00,0.00056994,0.0
2021-05-10 08:00:00+00:00,1620633600000,2021-05-10T08:00:00+00:00,0.00039864,0.0
2021-05-10 16:00:00.013000+00:00,1620662400013,2021-05-10T16:00:00.013000+00:00,0.00082189,0.0
2021-05-11 00:00:00+00:00,1620691200000,2021-05-11T00:00:00+00:00,0.0,0.0
2021-05-11 08:00:00+00:00,1620720000000,2021-05-11T08:00:00+00:00,0.0,0.0
2021-05-11 16:00:00.002000+00:00,1620748800002,2021-05-11T16:00:00.002000+00:00,0.0,0.0
2021-05-12 00:00:00.004000+00:00,1620777600004,2021-05-12T00:00:00.004000+00:00,-0.00024352,0.0
2021-05-12 08:00:00.007000+00:00,1620806400007,2021-05-12T08:00:00.007000+00:00,0.0,0.0
2021-05-12 16:00:00.012000+00:00,1620835200012,2021-05-12T16:00:00.012000+00:00,0.00021819,0.0
2021-05-13 00:00:00.016000+00:00,1620864000016,2021-05-13T00:00:00.016000+00:00,0.00046965,0.0
2021-05-13 08:00:00+00:00,1620892800000,2021-05-13T08:00:00+00:00,0.0,0.0
2021-05-13 16:00:00.008000+00:00,1620921600008,2021-05-13T16:00:00.008000+00:00,4.765e-05,0.0
2021-05-14 00:00:00.007000+00:00,1620950400007,2021-05-14T00:00:00.007000+00:00,0.0,0.0
2021-05-14 08:00:00.001000+00:00,1620979200001,2021-05-14T08:00:00.001000+00:00,0.0,0.0
2021-05-14 16:00:00.004000+00:00,1621008000004,2021-05-14T16:00:00.004000+00:00,0.00025001,0.0
2021-05-15 00:00:00.022000+00:00,1621036800022,2021-05-15T00:00:00.022000+00:00,0.00046237,0.0
2021-05-15 08:00:00.014000+00:00,1621065600014,2021-05-15T08:00:00.014000+00:00,0.00065366,0.0
2021-05-15 16:00:00.002000+00:00,1621094400002,2021-05-15T16:00:00.002000+00:00,0.00031982,0.0
2021-05-16 00:00:00+00:00,1621123200000,2021-05-16T00:00:00+00:00,0.000223,0.0
2021-05-16 08:00:00.003000+00:00,1621152000003,2021-05-16T08:00:00.003000+00:00,0.00045998,0.0
2021-05-16 16:00:00.002000+00:00,1621180800002,2021-05-16T16:00:00.002000+00:00,0.00046329,0.0
2021-05-17 00:00:00.005000+00:00,1621209600005,2021-05-17T00:00:00.005000+00:00,0.00024769,0.0
2021-05-17 08:00:00.001000+00:00,1621238400001,2021-05-17T08:00:00.001000+00:00,0.000206,0.0
2021-05-17 16:00:00+00:00,1621267200000,2021-05-17T16:00:00+00:00,0.00045626,0.0
2021-05-18 00:00:00.019000+00:00,1621296000019,2021-05-18T00:00:00.019000+00:00,0.00042337,0.0
2021-05-18 08:00:00.001000+00:00,1621324800001,2021-05-18T08:00:00.001000+00:00,4.71e-05,0.0
2021-05-18 16:00:00.006000+00:00,1621353600006,2021-05-18T16:00:00.006000+00:00,0.00072366,0.0
2021-05-19 00:00:00+00:00,1621382400000,2021-05-19T00:00:00+00:00,0.00011351,0.0
2021-05-19 08:00:00.003000+00:00,1621411200003,2021-05-19T08:00:00.003000+00:00,0.00027662,0.0
2021-05-19 16:00:00.018000+00:00,1621440000018,2021-05-19T16:00:00.018000+00:00,-0.00303109,0.0
2021-05-20 00:00:00.005000+00:00,1621468800005,2021-05-20T00:00:00.005000+00:00,0.0,0.0
2021-05-20 08:00:00+00:00,1621497600000,2021-05-20T08:00:00+00:00,0.0,0.0
2021-05-20 16:00:00.005000+00:00,1621526400005,2021-05-20T16:00:00.005000+00:00,-0.00087888,0.0
2021-05-21 00:00:00+00:00,1621555200000,2021-05-21T00:00:00+00:00,0.0,0.0
2021-05-21 08:00:00+00:00,1621584000000,2021-05-21T08:00:00+00:00,-0.0004058,0.0
2021-05-21 16:00:00.001000+00:00,1621612800001,2021-05-21T16:00:00.001000+00:00,0.0,0.0
2021-05-22 00:00:00.001000+00:00,1621641600001,2021-05-22T00:00:00.001000+00:00,-0.00043913,0.0
2021-05-22 08:00:00.002000+00:00,1621670400002,2021-05-22T08:00:00.002000+00:00,0.0,0.0
2021-05-22 16:00:00.005000+00:00,1621699200005,2021-05-22T16:00:00.005000+00:00,0.0,0.0
2021-05-23 00:00:00.006000+00:00,1621728000006,2021-05-23T00:00:00.006000+00:00,0.0,0.0
2021-05-23 08:00:00.004000+00:00,1621756800004,2021-05-23T08:00:00.004000+00:00,0.0,0.0
2021-05-23 16:00:00.002000+00:00,1621785600002,2021-05-23T16:00:00.002000+00:00,-0.00019009,0.0
2021-05-24 00:00:00.007000+00:00,1621814400007,2021-05-24T00:00:00.007000+00:00,-0.00176447,0.0
2021-05-24 08:00:00.005000+00:00,1621843200005,2021-05-24T08:00:00.005000+00:00,-0.00017363,0.0
2021-05-24 16:00:00.005000+00:00,1621872000005,2021-05-24T16:00:00.005000+00:00,-0.00060706,0.0
2021-05-25 00:00:00+00:00,1621900800000,2021-05-25T00:00:00+00:00,-0.0002195,0.0
2021-05-25 08:00:00.014000+00:00,1621929600014,2021-05-25T08:00:00.014000+00:00,0.0,0.0
2021-05-25 16:00:00+00:00,1621958400000,2021-05-25T16:00:00+00:00,0.0,0.0
2021-05-26 00:00:00.022000+00:00,1621987200022,2021-05-26T00:00:00.022000+00:00,0.00013767,0.0
2021-05-26 08:00:00.018000+00:00,1622016000018,2021-05-26T08:00:00.018000+00:00,0.0,0.0
2021-05-26 16:00:00.004000+00:00,1622044800004,2021-05-26T16:00:00.004000+00:00,0.00030765,0.0
2021-05-27 00:00:00+00:00,1622073600000,2021-05-27T00:00:00+00:00,0.0,0.0
2021-05-27 08:00:00.017000+00:00,1622102400017,2021-05-27T08:00:00.017000+00:00,-1.668e-05,0.0
2021-05-27 16:00:00+00:00,1622131200000,2021-05-27T16:00:00+00:00,0.0,0.0
2021-05-28 00:00:00.005000+00:00,1622160000005,2021-05-28T00:00:00.005000+00:00,0.0,0.0
2021-05-28 08:00:00.009000+00:00,1622188800009,2021-05-28T08:00:00.009000+00:00,-0.00039361,0.0
2021-05-28 16:00:00+00:00,1622217600000,2021-05-28T16:00:00+00:00,-0.0005446,0.0
2021-05-29 00:00:00.006000+00:00,1622246400006,2021-05-29T00:00:00.006000+00:00,0.0,0.0
2021-05-29 08:00:00+00:00,1622275200000,2021-05-29T08:00:00+00:00,0.0,0.0
2021-05-29 16:00:00+00:00,1622304000000,2021-05-29T16:00:00+00:00,0.0,0.0
2021-05-30 00:00:00.003000+00:00,1622332800003,2021-05-30T00:00:00.003000+00:00,-0.00083951,0.0
2021-05-30 08:00:00.004000+00:00,1622361600004,2021-05-30T08:00:00.004000+00:00,-0.00115648,0.0
2021-05-30 16:00:00.018000+00:00,1622390400018,2021-05-30T16:00:00.018000+00:00,0.0,0.0
2021-05-31 00:00:00.002000+00:00,1622419200002,2021-05-31T00:00:00.002000+00:00,0.0,0.0
2021-05-31 08:00:00+00:00,1622448000000,2021-05-31T08:00:00+00:00,-0.00066724,0.0
2021-05-31 16:00:00+00:00,1622476800000,2021-05-31T16:00:00+00:00,0.0,0.0
2021-06-01 00:00:00.001000+00:00,1622505600001,2021-06-01T00:00:00.001000+00:00,0.0,0.0
2021-06-01 08:00:00.010000+00:00,1622534400010,2021-06-01T08:00:00.010000+00:00,0.0,0.0
2021-06-01 16:00:00.010000+00:00,1622563200010,2021-06-01T16:00:00.010000+00:00,-7.534e-05,0.0
2021-06-02 00:00:00.008000+00:00,1622592000008,2021-06-02T00:00:00.008000+00:00,0.0,0.0
2021-06-02 08:00:00+00:00,1622620800000,2021-06-02T08:00:00+00:00,-8.31e-06,0.0
2021-06-02 16:00:00.007000+00:00,1622649600007,2021-06-02T16:00:00.007000+00:00,0.0,0.0
2021-06-03 00:00:00.019000+00:00,1622678400019,2021-06-03T00:00:00.019000+00:00,0.0,0.0
2021-06-03 08:00:00.002000+00:00,1622707200002,2021-06-03T08:00:00.002000+00:00,-0.00013549,0.0
2021-06-03 16:00:00.003000+00:00,1622736000003,2021-06-03T16:00:00.003000+00:00,0.0,0.0
2021-06-04 00:00:00.003000+00:00,1622764800003,2021-06-04T00:00:00.003000+00:00,0.0,0.0
2021-06-04 08:00:00.006000+00:00,1622793600006,2021-06-04T08:00:00.006000+00:00,0.0,0.0
2021-06-04 16:00:00.002000+00:00,1622822400002,2021-06-04T16:00:00.002000+00:00,0.0,0.0
2021-06-05 00:00:00+00:00,1622851200000,2021-06-05T00:00:00+00:00,0.0,0.0
2021-06-05 08:00:00.004000+00:00,1622880000004,2021-06-05T08:00:00.004000+00:00,0.0,0.0
2021-06-05 16:00:00.020000+00:00,1622908800020,2021-06-05T16:00:00.020000+00:00,0.0,0.0
2021-06-06 00:00:00+00:00,1622937600000,2021-06-06T00:00:00+00:00,0.0,0.0
2021-06-06 08:00:00.004000+00:00,1622966400004,2021-06-06T08:00:00.004000+00:00,0.0,0.0
2021-06-06 16:00:00+00:00,1622995200000,2021-06-06T16:00:00+00:00,0.0,0.0
2021-06-07 00:00:00.007000+00:00,1623024000007,2021-06-07T00:00:00.007000+00:00,0.0,0.0
2021-06-07 08:00:00.007000+00:00,1623052800007,2021-06-07T08:00:00.007000+00:00,0.0,0.0
2021-06-07 16:00:00.003000+00:00,1623081600003,2021-06-07T16:00:00.003000+00:00,0.0,0.0
2021-06-08 00:00:00+00:00,1623110400000,2021-06-08T00:00:00+00:00,0.0,0.0
2021-06-08 08:00:00+00:00,1623139200000,2021-06-08T08:00:00+00:00,0.0,0.0
2021-06-08 16:00:00.002000+00:00,1623168000002,2021-06-08T16:00:00.002000+00:00,0.0,0.0
2021-06-09 00:00:00.009000+00:00,1623196800009,2021-06-09T00:00:00.009000+00:00,0.0,0.0
2021-06-09 08:00:00.002000+00:00,1623225600002,2021-06-09T08:00:00.002000+00:00,0.0,0.0
2021-06-09 16:00:00+00:00,1623254400000,2021-06-09T16:00:00+00:00,-6.007e-05,0.0
2021-06-10 00:00:00.007000+00:00,1623283200007,2021-06-10T00:00:00.007000+00:00,0.0,0.0
2021-06-10 08:00:00.003000+00:00,1623312000003,2021-06-10T08:00:00.003000+00:00,0.0,0.0
2021-06-10 16:00:00+00:00,1623340800000,2021-06-10T16:00:00+00:00,0.0,0.0
2021-06-11 00:00:00.010000+00:00,1623369600010,2021-06-11T00:00:00.010000+00:00,0.0,0.0
2021-06-11 08:00:00.007000+00:00,1623398400007,2021-06-11T08:00:00.007000+00:00,0.0,0.0
2021-06-11 16:00:00.006000+00:00,1623427200006,2021-06-11T16:00:00.006000+00:00,0.0,0.0
2021-06-12 00:00:00.005000+00:00,1623456000005,2021-06-12T00:00:00.005000+00:00,0.0,0.0
2021-06-12 08:00:00+00:00,1623484800000,2021-06-12T08:00:00+00:00,-1.534e-05,0.0
2021-06-12 16:00:00.018000+00:00,1623513600018,2021-06-12T16:00:00.018000+00:00,0.0,0.0
2021-06-13 00:00:00.002000+00:00,1623542400002,2021-06-13T00:00:00.002000+00:00,0.0,0.0
2021-06-13 08:00:00+00:00,1623571200000,2021-06-13T08:00:00+00:00,0.0,0.0
2021-06-13 16:00:00.003000+00:00,1623600000003,2021-06-13T16:00:00.003000+00:00,0.0,0.0
2021-06-14 00:00:00+00:00,1623628800000,2021-06-14T00:00:00+00:00,0.0,0.0
2021-06-14 08:00:00.015000+00:00,1623657600015,2021-06-14T08:00:00.015000+00:00,0.0,0.0
2021-06-14 16:00:00+00:00,1623686400000,2021-06-14T16:00:00+00:00,0.0,0.0
2021-06-15 00:00:00+00:00,1623715200000,2021-06-15T00:00:00+00:00,0.0,0.0
2021-06-15 08:00:00+00:00,1623744000000,2021-06-15T08:00:00+00:00,0.0,0.0
2021-06-15 16:00:00.004000+00:00,1623772800004,2021-06-15T16:00:00.004000+00:00,0.0,0.0
2021-06-16 00:00:00.004000+00:00,1623801600004,2021-06-16T00:00:00.004000+00:00,0.0,0.0
2021-06-16 08:00:00.001000+00:00,1623830400001,2021-06-16T08:00:00.001000+00:00,0.0,0.0
2021-06-16 16:00:00+00:00,1623859200000,2021-06-16T16:00:00+00:00,0.0,0.0
2021-06-17 00:00:00.004000+00:00,1623888000004,2021-06-17T00:00:00.004000+00:00,0.0,0.0
2021-06-17 08:00:00+00:00,1623916800000,2021-06-17T08:00:00+00:00,-8.312e-05,0.0
2021-06-17 16:00:00.002000+00:00,1623945600002,2021-06-17T16:00:00.002000+00:00,0.0,0.0
2021-06-18 00:00:00.009000+00:00,1623974400009,2021-06-18T00:00:00.009000+00:00,-7.25e-06,0.0
2021-06-18 08:00:00.014000+00:00,1624003200014,2021-06-18T08:00:00.014000+00:00,0.0,0.0
2021-06-18 16:00:00.007000+00:00,1624032000007,2021-06-18T16:00:00.007000+00:00,0.0,0.0
2021-06-19 00:00:00.003000+00:00,1624060800003,2021-06-19T00:00:00.003000+00:00,-0.00035235,0.0
2021-06-19 08:00:00.001000+00:00,1624089600001,2021-06-19T08:00:00.001000+00:00,0.0,0.0
2021-06-19 16:00:00+00:00,1624118400000,2021-06-19T16:00:00+00:00,0.0,0.0
2021-06-20 00:00:00.005000+00:00,1624147200005,2021-06-20T00:00:00.005000+00:00,-0.00010304,0.0
2021-06-20 08:00:00+00:00,1624176000000,2021-06-20T08:00:00+00:00,-9.143e-05,0.0
2021-06-20 16:00:00.002000+00:00,1624204800002,2021-06-20T16:00:00.002000+00:00,-0.00040332,0.0
2021-06-21 00:00:00.019000+00:00,1624233600019,2021-06-21T00:00:00.019000+00:00,0.0,0.0
2021-06-21 08:00:00+00:00,1624262400000,2021-06-21T08:00:00+00:00,0.0,0.0
2021-06-21 16:00:00.024000+00:00,1624291200024,2021-06-21T16:00:00.024000+00:00,-0.00030215,0.0
2021-06-22 00:00:00.008000+00:00,1624320000008,2021-06-22T00:00:00.008000+00:00,-0.00016777,0.0
2021-06-22 08:00:00.009000+00:00,1624348800009,2021-06-22T08:00:00.009000+00:00,-0.00041554,0.0
2021-06-22 16:00:00.001000+00:00,1624377600001,2021-06-22T16:00:00.001000+00:00,-0.00121365,0.0
2021-06-23 00:00:00.003000+00:00,1624406400003,2021-06-23T00:00:00.003000+00:00,-0.00033586,0.0
2021-06-23 08:00:00+00:00,1624435200000,2021-06-23T08:00:00+00:00,-0.00048865,0.0
2021-06-23 16:00:00+00:00,1624464000000,2021-06-23T16:00:00+00:00,-3.264e-05,0.0
2021-06-24 00:00:00.009000+00:00,1624492800009,2021-06-24T00:00:00.009000+00:00,-0.00050795,0.0
2021-06-24 08:00:00.018000+00:00,1624521600018,2021-06-24T08:00:00.018000+00:00,-0.00012498,0.0
2021-06-24 16:00:00.001000+00:00,1624550400001,2021-06-24T16:00:00.001000+00:00,0.0,0.0
2021-06-25 00:00:00.009000+00:00,1624579200009,2021-06-25T00:00:00.009000+00:00,-6.47e-06,0.0
2021-06-25 08:00:00.004000+00:00,1624608000004,2021-06-25T08:00:00.004000+00:00,-5.346e-05,0.0
2021-06-25 16:00:00+00:00,1624636800000,2021-06-25T16:00:00+00:00,0.0,0.0
2021-06-26 00:00:00.007000+00:00,1624665600007,2021-06-26T00:00:00.007000+00:00,0.0,0.0
2021-06-26 08:00:00+00:00,1624694400000,2021-06-26T08:00:00+00:00,-8.996e-05,0.0
2021-06-26 16:00:00.002000+00:00,1624723200002,2021-06-26T16:00:00.002000+00:00,-2.297e-05,0.0
2021-06-27 00:00:00.005000+00:00,1624752000005,2021-06-27T00:00:00.005000+00:00,-0.00030894,0.0
2021-06-27 08:00:00.010000+00:00,1624780800010,2021-06-27T08:00:00.010000+00:00,0.0,0.0
2021-06-27 16:00:00.001000+00:00,1624809600001,2021-06-27T16:00:00.001000+00:00,-0.00044564,0.0
2021-06-28 00:00:00.025000+00:00,1624838400025,2021-06-28T00:00:00.025000+00:00,-0.00038173,0.0
2021-06-28 08:00:00.017000+00:00,1624867200017,2021-06-28T08:00:00.017000+00:00,0.0,0.0
2021-06-28 16:00:00.007000+00:00,1624896000007,2021-06-28T16:00:00.007000+00:00,0.0,0.0
2021-06-29 00:00:00.008000+00:00,1624924800008,2021-06-29T00:00:00.008000+00:00,0.0,0.0
2021-06-29 08:00:00+00:00,1624953600000,2021-06-29T08:00:00+00:00,0.0,0.0
2021-06-29 16:00:00+00:00,1624982400000,2021-06-29T16:00:00+00:00,0.0,0.0
2021-06-30 00:00:00.011000+00:00,1625011200011,2021-06-30T00:00:00.011000+00:00,0.0,0.0
2021-06-30 08:00:00.044000+00:00,1625040000044,2021-06-30T08:00:00.044000+00:00,-0.00014264,0.0
2021-06-30 16:00:00.005000+00:00,1625068800005,2021-06-30T16:00:00.005000+00:00,0.0,0.0
2021-07-01 00:00:00+00:00,1625097600000,2021-07-01T00:00:00+00:00,-0.0002592,0.0
2021-07-01 08:00:00.004000+00:00,1625126400004,2021-07-01T08:00:00.004000+00:00,0.0,0.0
2021-07-01 16:00:00.028000+00:00,1625155200028,2021-07-01T16:00:00.028000+00:00,-0.0003286,0.0
2021-07-02 00:00:00.002000+00:00,1625184000002,2021-07-02T00:00:00.002000+00:00,-0.00023488,0.0
2021-07-02 08:00:00.016000+00:00,1625212800016,2021-07-02T08:00:00.016000+00:00,-0.00052655,0.0
2021-07-02 16:00:00.007000+00:00,1625241600007,2021-07-02T16:00:00.007000+00:00,-0.00092227,0.0
2021-07-03 00:00:00.008000+00:00,1625270400008,2021-07-03T00:00:00.008000+00:00,-0.0004581,0.0
2021-07-03 08:00:00+00:00,1625299200000,2021-07-03T08:00:00+00:00,-0.0002612,0.0
2021-07-03 16:00:00.004000+00:00,1625328000004,2021-07-03T16:00:00.004000+00:00,0.0,0.0
2021-07-04 00:00:00.012000+00:00,1625356800012,2021-07-04T00:00:00.012000+00:00,0.0,0.0
2021-07-04 08:00:00.002000+00:00,1625385600002,2021-07-04T08:00:00.002000+00:00,0.0,0.0
2021-07-04 16:00:00.003000+00:00,1625414400003,2021-07-04T16:00:00.003000+00:00,-2.51e-06,0.0
2021-07-05 00:00:00.004000+00:00,1625443200004,2021-07-05T00:00:00.004000+00:00,0.0,0.0
2021-07-05 08:00:00+00:00,1625472000000,2021-07-05T08:00:00+00:00,-0.00017506,0.0
2021-07-05 16:00:00.009000+00:00,1625500800009,2021-07-05T16:00:00.009000+00:00,-7.73e-05,0.0
2021-07-06 00:00:00.008000+00:00,1625529600008,2021-07-06T00:00:00.008000+00:00,-0.0001273,0.0
2021-07-06 08:00:00.019000+00:00,1625558400019,2021-07-06T08:00:00.019000+00:00,0.0,0.0
2021-07-06 16:00:00+00:00,1625587200000,2021-07-06T16:00:00+00:00,-0.00010615,0.0
2021-07-07 00:00:00.007000+00:00,1625616000007,2021-07-07T00:00:00.007000+00:00,-0.00019932,0.0
2021-07-07 08:00:00.001000+00:00,1625644800001,2021-07-07T08:00:00.001000+00:00,-0.00023745,0.0
2021-07-07 16:00:00.008000+00:00,1625673600008,2021-07-07T16:00:00.008000+00:00,-0.0002231,0.0
2021-07-08 00:00:00.002000+00:00,1625702400002,2021-07-08T00:00:00.002000+00:00,-3.055e-05,0.0
2021-07-08 08:00:00.010000+00:00,1625731200010,2021-07-08T08:00:00.010000+00:00,-8.925e-05,0.0
2021-07-08 16:00:00.003000+00:00,1625760000003,2021-07-08T16:00:00.003000+00:00,0.0,0.0
2021-07-09 00:00:00+00:00,1625788800000,2021-07-09T00:00:00+00:00,-0.00017712,0.0
2021-07-09 08:00:00.006000+00:00,1625817600006,2021-07-09T08:00:00.006000+00:00,-2.713e-05,0.0
2021-07-09 16:00:00+00:00,1625846400000,2021-07-09T16:00:00+00:00,-0.00038104,0.0
2021-07-10 00:00:00.002000+00:00,1625875200002,2021-07-10T00:00:00.002000+00:00,-0.00039217,0.0
2021-07-10 08:00:00+00:00,1625904000000,2021-07-10T08:00:00+00:00,-0.00034065,0.0
2021-07-10 16:00:00.001000+00:00,1625932800001,2021-07-10T16:00:00.001000+00:00,-0.00070106,0.0
2021-07-11 00:00:00.001000+00:00,1625961600001,2021-07-11T00:00:00.001000+00:00,-0.00030641,0.0
2021-07-11 08:00:00.025000+00:00,1625990400025,2021-07-11T08:00:00.025000+00:00,-0.00028462,0.0
2021-07-11 16:00:00.006000+00:00,1626019200006,2021-07-11T16:00:00.006000+00:00,-0.00034069,0.0
2021-07-12 00:00:00+00:00,1626048000000,2021-07-12T00:00:00+00:00,-0.00014834,0.0
2021-07-12 08:00:00.021000+00:00,1626076800021,2021-07-12T08:00:00.021000+00:00,-0.00028756,0.0
2021-07-12 16:00:00+00:00,1626105600000,2021-07-12T16:00:00+00:00,-0.00017111,0.0
2021-07-13 00:00:00+00:00,1626134400000,2021-07-13T00:00:00+00:00,-0.00109129,0.0
2021-07-13 08:00:00.013000+00:00,1626163200013,2021-07-13T08:00:00.013000+00:00,-0.00018288,0.0
2021-07-13 16:00:00.005000+00:00,1626192000005,2021-07-13T16:00:00.005000+00:00,0.0,0.0
2021-07-14 00:00:00+00:00,1626220800000,2021-07-14T00:00:00+00:00,0.0,0.0
2021-07-14 08:00:00+00:00,1626249600000,2021-07-14T08:00:00+00:00,0.0,0.0
2021-07-14 16:00:00.005000+00:00,1626278400005,2021-07-14T16:00:00.005000+00:00,-0.00037142,0.0
2021-07-15 00:00:00.005000+00:00,1626307200005,2021-07-15T00:00:00.005000+00:00,0.0,0.0
2021-07-15 08:00:00.001000+00:00,1626336000001,2021-07-15T08:00:00.001000+00:00,-0.0001495,0.0
2021-07-15 16:00:00+00:00,1626364800000,2021-07-15T16:00:00+00:00,-0.00071658,0.0
2021-07-16 00:00:00+00:00,1626393600000,2021-07-16T00:00:00+00:00,-0.0009896,0.0
2021-07-16 08:00:00+00:00,1626422400000,2021-07-16T08:00:00+00:00,-0.00074238,0.0
2021-07-16 16:00:00.001000+00:00,1626451200001,2021-07-16T16:00:00.001000+00:00,-0.00086301,0.0
2021-07-17 00:00:00.004000+00:00,1626480000004,2021-07-17T00:00:00.004000+00:00,-8.1e-05,0.0
2021-07-17 08:00:00.009000+00:00,1626508800009,2021-07-17T08:00:00.009000+00:00,-0.00117845,0.0
2021-07-17 16:00:00.006000+00:00,1626537600006,2021-07-17T16:00:00.006000+00:00,-0.00085262,0.0
2021-07-18 00:00:00+00:00,1626566400000,2021-07-18T00:00:00+00:00,-0.00075486,0.0
2021-07-18 08:00:00.001000+00:00,1626595200001,2021-07-18T08:00:00.001000+00:00,-0.00084031,0.0
2021-07-18 16:00:00.003000+00:00,1626624000003,2021-07-18T16:00:00.003000+00:00,-0.00073448,0.0
2021-07-19 00:00:00.002000+00:00,1626652800002,2021-07-19T00:00:00.002000+00:00,-0.00044604,0.0
2021-07-19 08:00:00.006000+00:00,1626681600006,2021-07-19T08:00:00.006000+00:00,-0.00034509,0.0
2021-07-19 16:00:00.006000+00:00,1626710400006,2021-07-19T16:00:00.006000+00:00,-0.00077746,0.0
2021-07-20 00:00:00.002000+00:00,1626739200002,2021-07-20T00:00:00.002000+00:00,-0.00014526,0.0
2021-07-20 08:00:00.011000+00:00,1626768000011,2021-07-20T08:00:00.011000+00:00,-0.00113106,0.0
2021-07-20 16:00:00.001000+00:00,1626796800001,2021-07-20T16:00:00.001000+00:00,-0.00051948,0.0
2021-07-21 00:00:00.022000+00:00,1626825600022,2021-07-21T00:00:00.022000+00:00,-0.00024253,0.0
2021-07-21 08:00:00+00:00,1626854400000,2021-07-21T08:00:00+00:00,-0.00076601,0.0
2021-07-21 16:00:00.018000+00:00,1626883200018,2021-07-21T16:00:00.018000+00:00,-0.00046886,0.0
2021-07-22 00:00:00.002000+00:00,1626912000002,2021-07-22T00:00:00.002000+00:00,0.0,0.0
2021-07-22 08:00:00.006000+00:00,1626940800006,2021-07-22T08:00:00.006000+00:00,0.0,0.0
2021-07-22 16:00:00.010000+00:00,1626969600010,2021-07-22T16:00:00.010000+00:00,0.0,0.0
2021-07-23 00:00:00.013000+00:00,1626998400013,2021-07-23T00:00:00.013000+00:00,-0.0003805,0.0
2021-07-23 08:00:00+00:00,1627027200000,2021-07-23T08:00:00+00:00,-0.00060895,0.0
2021-07-23 16:00:00.005000+00:00,1627056000005,2021-07-23T16:00:00.005000+00:00,0.0,0.0
2021-07-24 00:00:00+00:00,1627084800000,2021-07-24T00:00:00+00:00,0.0,0.0
2021-07-24 08:00:00.002000+00:00,1627113600002,2021-07-24T08:00:00.002000+00:00,0.0,0.0
2021-07-24 16:00:00.001000+00:00,1627142400001,2021-07-24T16:00:00.001000+00:00,0.0,0.0
2021-07-25 00:00:00.003000+00:00,1627171200003,2021-07-25T00:00:00.003000+00:00,-0.00013077,0.0
2021-07-25 08:00:00.015000+00:00,1627200000015,2021-07-25T08:00:00.015000+00:00,0.0,0.0
2021-07-25 16:00:00+00:00,1627228800000,2021-07-25T16:00:00+00:00,0.0,0.0
2021-07-26 00:00:00+00:00,1627257600000,2021-07-26T00:00:00+00:00,-0.00024538,0.0
2021-07-26 08:00:00+00:00,1627286400000,2021-07-26T08:00:00+00:00,0.0,0.0
2021-07-26 16:00:00+00:00,1627315200000,2021-07-26T16:00:00+00:00,0.0,0.0
2021-07-27 00:00:00.046000+00:00,1627344000046,2021-07-27T00:00:00.046000+00:00,-7.105e-05,0.0
2021-07-27 08:00:00.014000+00:00,1627372800014,2021-07-27T08:00:00.014000+00:00,-0.00029762,0.0
2021-07-27 16:00:00.007000+00:00,1627401600007,2021-07-27T16:00:00.007000+00:00,0.0,0.0
2021-07-28 00:00:00+00:00,1627430400000,2021-07-28T00:00:00+00:00,0.0,0.0
2021-07-28 08:00:00.002000+00:00,1627459200002,2021-07-28T08:00:00.002000+00:00,0.0,0.0
2021-07-28 16:00:00.005000+00:00,1627488000005,2021-07-28T16:00:00.005000+00:00,0.0,0.0
2021-07-29 00:00:00.004000+00:00,1627516800004,2021-07-29T00:00:00.004000+00:00,0.0,0.0
2021-07-29 08:00:00+00:00,1627545600000,2021-07-29T08:00:00+00:00,0.0,0.0
2021-07-29 16:00:00.007000+00:00,1627574400007,2021-07-29T16:00:00.007000+00:00,0.0,0.0
2021-07-30 00:00:00.004000+00:00,1627603200004,2021-07-30T00:00:00.004000+00:00,0.0,0.0
2021-07-30 08:00:00+00:00,1627632000000,2021-07-30T08:00:00+00:00,0.0,0.0
2021-07-30 16:00:00+00:00,1627660800000,2021-07-30T16:00:00+00:00,-0.00016185,0.0
2021-07-31 00:00:00+00:00,1627689600000,2021-07-31T00:00:00+00:00,0.0,0.0
2021-07-31 08:00:00.014000+00:00,1627718400014,2021-07-31T08:00:00.014000+00:00,0.0,0.0
2021-07-31 16:00:00.003000+00:00,1627747200003,2021-07-31T16:00:00.003000+00:00,0.0,0.0
2021-08-01 00:00:00.005000+00:00,1627776000005,2021-08-01T00:00:00.005000+00:00,0.0,0.0
2021-08-01 08:00:00.016000+00:00,1627804800016,2021-08-01T08:00:00.016000+00:00,0.0,0.0
2021-08-01 16:00:00.001000+00:00,1627833600001,2021-08-01T16:00:00.001000+00:00,0.0,0.0
2021-08-02 00:00:00+00:00,1627862400000,2021-08-02T00:00:00+00:00,0.0,0.0
2021-08-02 08:00:00.014000+00:00,1627891200014,2021-08-02T08:00:00.014000+00:00,0.0,0.0
2021-08-02 16:00:00.021000+00:00,1627920000021,2021-08-02T16:00:00.021000+00:00,0.0,0.0
2021-08-03 00:00:00+00:00,1627948800000,2021-08-03T00:00:00+00:00,0.0,0.0
2021-08-03 08:00:00+00:00,1627977600000,2021-08-03T08:00:00+00:00,0.0,0.0
2021-08-03 16:00:00.009000+00:00,1628006400009,2021-08-03T16:00:00.009000+00:00,0.0,0.0
2021-08-04 00:00:00+00:00,1628035200000,2021-08-04T00:00:00+00:00,0.0,0.0
2021-08-04 08:00:00+00:00,1628064000000,2021-08-04T08:00:00+00:00,0.0,0.0
2021-08-04 16:00:00.003000+00:00,1628092800003,2021-08-04T16:00:00.003000+00:00,0.0,0.0
2021-08-05 00:00:00+00:00,1628121600000,2021-08-05T00:00:00+00:00,0.0,0.0
2021-08-05 08:00:00+00:00,1628150400000,2021-08-05T08:00:00+00:00,0.0,0.0
2021-08-05 16:00:00.001000+00:00,1628179200001,2021-08-05T16:00:00.001000+00:00,0.0,0.0
2021-08-06 00:00:00+00:00,1628208000000,2021-08-06T00:00:00+00:00,0.0,0.0
2021-08-06 08:00:00.004000+00:00,1628236800004,2021-08-06T08:00:00.004000+00:00,0.0,0.0
2021-08-06 16:00:00.003000+00:00,1628265600003,2021-08-06T16:00:00.003000+00:00,0.0,0.0
2021-08-07 00:00:00.015000+00:00,1628294400015,2021-08-07T00:00:00.015000+00:00,0.0,0.0
2021-08-07 08:00:00.001000+00:00,1628323200001,2021-08-07T08:00:00.001000+00:00,0.00019655,0.0
2021-08-07 16:00:00.002000+00:00,1628352000002,2021-08-07T16:00:00.002000+00:00,5.519e-05,0.0
2021-08-08 00:00:00+00:00,1628380800000,2021-08-08T00:00:00+00:00,0.0,0.0
2021-08-08 08:00:00.002000+00:00,1628409600002,2021-08-08T08:00:00.002000+00:00,0.0,0.0
2021-08-08 16:00:00.018000+00:00,1628438400018,2021-08-08T16:00:00.018000+00:00,5.377e-05,0.0
2021-08-09 00:00:00+00:00,1628467200000,2021-08-09T00:00:00+00:00,0.0,0.0
2021-08-09 08:00:00+00:00,1628496000000,2021-08-09T08:00:00+00:00,0.0,0.0
2021-08-09 16:00:00.002000+00:00,1628524800002,2021-08-09T16:00:00.002000+00:00,0.0,0.0
2021-08-10 00:00:00+00:00,1628553600000,2021-08-10T00:00:00+00:00,0.0,0.0
2021-08-10 08:00:00.003000+00:00,1628582400003,2021-08-10T08:00:00.003000+00:00,0.0,0.0
2021-08-10 16:00:00+00:00,1628611200000,2021-08-10T16:00:00+00:00,0.00015928,0.0
2021-08-11 00:00:00.006000+00:00,1628640000006,2021-08-11T00:00:00.006000+00:00,3.839e-05,0.0
2021-08-11 08:00:00.003000+00:00,1628668800003,2021-08-11T08:00:00.003000+00:00,0.0,0.0
2021-08-11 16:00:00+00:00,1628697600000,2021-08-11T16:00:00+00:00,0.00017826,0.0
2021-08-12 00:00:00.013000+00:00,1628726400013,2021-08-12T00:00:00.013000+00:00,0.00062829,0.0
2021-08-12 08:00:00.001000+00:00,1628755200001,2021-08-12T08:00:00.001000+00:00,0.00042907,0.0
2021-08-12 16:00:00+00:00,1628784000000,2021-08-12T16:00:00+00:00,0.00031064,0.0
2021-08-13 00:00:00+00:00,1628812800000,2021-08-13T00:00:00+00:00,4.053e-05,0.0
2021-08-13 08:00:00+00:00,1628841600000,2021-08-13T08:00:00+00:00,0.00016258,0.0
2021-08-13 16:00:00.002000+00:00,1628870400002,2021-08-13T16:00:00.002000+00:00,0.00028382,0.0
2021-08-14 00:00:00.006000+00:00,1628899200006,2021-08-14T00:00:00.006000+00:00,0.00012725,0.0
2021-08-14 08:00:00+00:00,1628928000000,2021-08-14T08:00:00+00:00,0.00037961,0.0
2021-08-14 16:00:00+00:00,1628956800000,2021-08-14T16:00:00+00:00,0.00046486,0.0
2021-08-15 00:00:00.003000+00:00,1628985600003,2021-08-15T00:00:00.003000+00:00,0.0,0.0
2021-08-15 08:00:00+00:00,1629014400000,2021-08-15T08:00:00+00:00,0.00011936,0.0
2021-08-15 16:00:00.007000+00:00,1629043200007,2021-08-15T16:00:00.007000+00:00,0.0,0.0
2021-08-16 00:00:00.012000+00:00,1629072000012,2021-08-16T00:00:00.012000+00:00,0.00021688,0.0
2021-08-16 08:00:00.003000+00:00,1629100800003,2021-08-16T08:00:00.003000+00:00,0.0004423,0.0
2021-08-16 16:00:00.010000+00:00,1629129600010,2021-08-16T16:00:00.010000+00:00,0.00053165,0.0
2021-08-17 00:00:00.018000+00:00,1629158400018,2021-08-17T00:00:00.018000+00:00,0.000167,0.0
2021-08-17 08:00:00.015000+00:00,1629187200015,2021-08-17T08:00:00.015000+00:00,0.00035571,0.0
2021-08-17 16:00:00.006000+00:00,1629216000006,2021-08-17T16:00:00.006000+00:00,0.00029456,0.0
2021-08-18 00:00:00+00:00,1629244800000,2021-08-18T00:00:00+00:00,0.0,0.0
2021-08-18 08:00:00+00:00,1629273600000,2021-08-18T08:00:00+00:00,0.0,0.0
2021-08-18 16:00:00.011000+00:00,1629302400011,2021-08-18T16:00:00.011000+00:00,0.0001167,0.0
2021-08-19 00:00:00+00:00,1629331200000,2021-08-19T00:00:00+00:00,0.0,0.0
2021-08-19 08:00:00.014000+00:00,1629360000014,2021-08-19T08:00:00.014000+00:00,0.0,0.0
2021-08-19 16:00:00+00:00,1629388800000,2021-08-19T16:00:00+00:00,0.0,0.0
2021-08-20 00:00:00+00:00,1629417600000,2021-08-20T00:00:00+00:00,2.627e-05,0.0
2021-08-20 08:00:00.001000+00:00,1629446400001,2021-08-20T08:00:00.001000+00:00,0.0,0.0
2021-08-20 16:00:00.001000+00:00,1629475200001,2021-08-20T16:00:00.001000+00:00,0.00033569,0.0
2021-08-21 00:00:00.005000+00:00,1629504000005,2021-08-21T00:00:00.005000+00:00,0.00041808,0.0
2021-08-21 08:00:00.001000+00:00,1629532800001,2021-08-21T08:00:00.001000+00:00,0.00054738,0.0
2021-08-21 16:00:00+00:00,1629561600000,2021-08-21T16:00:00+00:00,0.00043634,0.0
2021-08-22 00:00:00.005000+00:00,1629590400005,2021-08-22T00:00:00.005000+00:00,0.00057623,0.0
2021-08-22 08:00:00.007000+00:00,1629619200007,2021-08-22T08:00:00.007000+00:00,0.00044363,0.0
2021-08-22 16:00:00.002000+00:00,1629648000002,2021-08-22T16:00:00.002000+00:00,0.00022649,0.0
2021-08-23 00:00:00.003000+00:00,1629676800003,2021-08-23T00:00:00.003000+00:00,0.00018494,0.0
2021-08-23 08:00:00.005000+00:00,1629705600005,2021-08-23T08:00:00.005000+00:00,0.0008496,0.0
2021-08-23 16:00:00.002000+00:00,1629734400002,2021-08-23T16:00:00.002000+00:00,0.00054251,0.0
2021-08-24 00:00:00.006000+00:00,1629763200006,2021-08-24T00:00:00.006000+00:00,0.00026917,0.0
2021-08-24 08:00:00.004000+00:00,1629792000004,2021-08-24T08:00:00.004000+00:00,0.00074689,0.0
2021-08-24 16:00:00+00:00,1629820800000,2021-08-24T16:00:00+00:00,0.0005905,0.0
2021-08-25 00:00:00.015000+00:00,1629849600015,2021-08-25T00:00:00.015000+00:00,0.00016288,0.0
2021-08-25 08:00:00+00:00,1629878400000,2021-08-25T08:00:00+00:00,0.00017896,0.0
2021-08-25 16:00:00+00:00,1629907200000,2021-08-25T16:00:00+00:00,0.00036777,0.0
2021-08-26 00:00:00.001000+00:00,1629936000001,2021-08-26T00:00:00.001000+00:00,0.00027002,0.0
2021-08-26 08:00:00.016000+00:00,1629964800016,2021-08-26T08:00:00.016000+00:00,0.0003879,0.0
2021-08-26 16:00:00.004000+00:00,1629993600004,2021-08-26T16:00:00.004000+00:00,3.328e-05,0.0
2021-08-27 00:00:00.013000+00:00,1630022400013,2021-08-27T00:00:00.013000+00:00,0.0,0.0
2021-08-27 08:00:00.001000+00:00,1630051200001,2021-08-27T08:00:00.001000+00:00,0.0,0.0
2021-08-27 16:00:00.004000+00:00,1630080000004,2021-08-27T16:00:00.004000+00:00,0.0,0.0
2021-08-28 00:00:00+00:00,1630108800000,2021-08-28T00:00:00+00:00,0.0,0.0
2021-08-28 08:00:00+00:00,1630137600000,2021-08-28T08:00:00+00:00,0.00030431,0.0
2021-08-28 16:00:00+00:00,1630166400000,2021-08-28T16:00:00+00:00,0.00042497,0.0
2021-08-29 00:00:00+00:00,1630195200000,2021-08-29T00:00:00+00:00,0.00062404,0.0
2021-08-29 08:00:00.002000+00:00,1630224000002,2021-08-29T08:00:00.002000+00:00,0.00029155,0.0
2021-08-29 16:00:00.005000+00:00,1630252800005,2021-08-29T16:00:00.005000+00:00,0.00021999,0.0
2021-08-30 00:00:00.013000+00:00,1630281600013,2021-08-30T00:00:00.013000+00:00,0.00026235,0.0
2021-08-30 08:00:00.008000+00:00,1630310400008,2021-08-30T08:00:00.008000+00:00,0.00061558,0.0
2021-08-30 16:00:00+00:00,1630339200000,2021-08-30T16:00:00+00:00,0.00055705,0.0
2021-08-31 00:00:00+00:00,1630368000000,2021-08-31T00:00:00+00:00,0.00051061,0.0
2021-08-31 08:00:00.007000+00:00,1630396800007,2021-08-31T08:00:00.007000+00:00,0.00030399,0.0
2021-08-31 16:00:00.003000+00:00,1630425600003,2021-08-31T16:00:00.003000+00:00,0.00021071,0.0
2021-09-01 00:00:00+00:00,1630454400000,2021-09-01T00:00:00+00:00,0.00054552,0.0
2021-09-01 08:00:00.006000+00:00,1630483200006,2021-09-01T08:00:00.006000+00:00,0.00035795,0.0
2021-09-01 16:00:00+00:00,1630512000000,2021-09-01T16:00:00+00:00,0.00051031,0.0
2021-09-02 00:00:00.009000+00:00,1630540800009,2021-09-02T00:00:00.009000+00:00,8.513e-05,0.0
2021-09-02 08:00:00.006000+00:00,1630569600006,2021-09-02T08:00:00.006000+00:00,0.00058676,0.0
2021-09-02 16:00:00.007000+00:00,1630598400007,2021-09-02T16:00:00.007000+00:00,0.00023242,0.0
2021-09-03 00:00:00.011000+00:00,1630627200011,2021-09-03T00:00:00.011000+00:00,0.00044367,0.0
2021-09-03 08:00:00+00:00,1630656000000,2021-09-03T08:00:00+00:00,0.00042711,0.0
2021-09-03 16:00:00.002000+00:00,1630684800002,2021-09-03T16:00:00.002000+00:00,0.00025233,0.0
2021-09-04 00:00:00.003000+00:00,1630713600003,2021-09-04T00:00:00.003000+00:00,0.00049804,0.0
2021-09-04 08:00:00.008000+00:00,1630742400008,2021-09-04T08:00:00.008000+00:00,0.00056228,0.0
2021-09-04 16:00:00.009000+00:00,1630771200009,2021-09-04T16:00:00.009000+00:00,0.00083205,0.0
2021-09-05 00:00:00.002000+00:00,1630800000002,2021-09-05T00:00:00.002000+00:00,0.00083872,0.0
2021-09-05 08:00:00.002000+00:00,1630828800002,2021-09-05T08:00:00.002000+00:00,0.00038216,0.0
2021-09-05 16:00:00+00:00,1630857600000,2021-09-05T16:00:00+00:00,0.00067472,0.0
2021-09-06 00:00:00.003000+00:00,1630886400003,2021-09-06T00:00:00.003000+00:00,0.00087994,0.0
2021-09-06 08:00:00.008000+00:00,1630915200008,2021-09-06T08:00:00.008000+00:00,0.00110313,0.0
2021-09-06 16:00:00.009000+00:00,1630944000009,2021-09-06T16:00:00.009000+00:00,0.00018174,0.0
2021-09-07 00:00:00.004000+00:00,1630972800004,2021-09-07T00:00:00.004000+00:00,0.00039914,0.0
2021-09-07 08:00:00.002000+00:00,1631001600002,2021-09-07T08:00:00.002000+00:00,0.00070154,0.0
2021-09-07 16:00:00.001000+00:00,1631030400001,2021-09-07T16:00:00.001000+00:00,-0.00141569,0.0
2021-09-08 00:00:00.005000+00:00,1631059200005,2021-09-08T00:00:00.005000+00:00,-0.00041319,0.0
2021-09-08 08:00:00+00:00,1631088000000,2021-09-08T08:00:00+00:00,0.0,0.0
2021-09-08 16:00:00+00:00,1631116800000,2021-09-08T16:00:00+00:00,0.0,0.0
2021-09-09 00:00:00.006000+00:00,1631145600006,2021-09-09T00:00:00.006000+00:00,0.0,0.0
2021-09-09 08:00:00.014000+00:00,1631174400014,2021-09-09T08:00:00.014000+00:00,0.0,0.0
2021-09-09 16:00:00.002000+00:00,1631203200002,2021-09-09T16:00:00.002000+00:00,0.0,0.0
2021-09-10 00:00:00.001000+00:00,1631232000001,2021-09-10T00:00:00.001000+00:00,0.0,0.0
2021-09-10 08:00:00.018000+00:00,1631260800018,2021-09-10T08:00:00.018000+00:00,0.0,0.0
2021-09-10 16:00:00.006000+00:00,1631289600006,2021-09-10T16:00:00.006000+00:00,0.0,0.0
2021-09-11 00:00:00+00:00,1631318400000,2021-09-11T00:00:00+00:00,0.0,0.0
2021-09-11 08:00:00.001000+00:00,1631347200001,2021-09-11T08:00:00.001000+00:00,0.0,0.0
2021-09-11 16:00:00+00:00,1631376000000,2021-09-11T16:00:00+00:00,0.0,0.0
2021-09-12 00:00:00+00:00,1631404800000,2021-09-12T00:00:00+00:00,0.0,0.0
2021-09-12 08:00:00.002000+00:00,1631433600002,2021-09-12T08:00:00.002000+00:00,0.0,0.0
2021-09-12 16:00:00+00:00,1631462400000,2021-09-12T16:00:00+00:00,0.0,0.0
2021-09-13 00:00:00+00:00,1631491200000,2021-09-13T00:00:00+00:00,0.0,0.0
2021-09-13 08:00:00.007000+00:00,1631520000007,2021-09-13T08:00:00.007000+00:00,0.0,0.0
2021-09-13 16:00:00.005000+00:00,1631548800005,2021-09-13T16:00:00.005000+00:00,0.0,0.0
2021-09-14 00:00:00.002000+00:00,1631577600002,2021-09-14T00:00:00.002000+00:00,0.0,0.0
2021-09-14 08:00:00+00:00,1631606400000,2021-09-14T08:00:00+00:00,0.0,0.0
2021-09-14 16:00:00.007000+00:00,1631635200007,2021-09-14T16:00:00.007000+00:00,0.0,0.0
2021-09-15 00:00:00.012000+00:00,1631664000012,2021-09-15T00:00:00.012000+00:00,0.0,0.0
2021-09-15 08:00:00.003000+00:00,1631692800003,2021-09-15T08:00:00.003000+00:00,0.0,0.0
2021-09-15 16:00:00.006000+00:00,1631721600006,2021-09-15T16:00:00.006000+00:00,0.0,0.0
2021-09-16 00:00:00.008000+00:00,1631750400008,2021-09-16T00:00:00.008000+00:00,0.0,0.0
2021-09-16 08:00:00.005000+00:00,1631779200005,2021-09-16T08:00:00.005000+00:00,0.0,0.0
2021-09-16 16:00:00.002000+00:00,1631808000002,2021-09-16T16:00:00.002000+00:00,0.0,0.0
2021-09-17 00:00:00+00:00,1631836800000,2021-09-17T00:00:00+00:00,0.00014813,0.0
2021-09-17 08:00:00.047000+00:00,1631865600047,2021-09-17T08:00:00.047000+00:00,8.261e-05,0.0
2021-09-17 16:00:00.013000+00:00,1631894400013,2021-09-17T16:00:00.013000+00:00,0.0,0.0
2021-09-18 00:00:00+00:00,1631923200000,2021-09-18T00:00:00+00:00,2.763e-05,0.0
2021-09-18 08:00:00.010000+00:00,1631952000010,2021-09-18T08:00:00.010000+00:00,0.0,0.0
2021-09-18 16:00:00.005000+00:00,1631980800005,2021-09-18T16:00:00.005000+00:00,0.0,0.0
2021-09-19 00:00:00.006000+00:00,1632009600006,2021-09-19T00:00:00.006000+00:00,0.0,0.0
2021-09-19 08:00:00.015000+00:00,1632038400015,2021-09-19T08:00:00.015000+00:00,0.0,0.0
2021-09-19 16:00:00.007000+00:00,1632067200007,2021-09-19T16:00:00.007000+00:00,0.00010744,0.0
2021-09-20 00:00:00.018000+00:00,1632096000018,2021-09-20T00:00:00.018000+00:00,0.0,0.0
2021-09-20 08:00:00+00:00,1632124800000,2021-09-20T08:00:00+00:00,0.0,0.0
2021-09-20 16:00:00.005000+00:00,1632153600005,2021-09-20T16:00:00.005000+00:00,0.0,0.0
2021-09-21 00:00:00.005000+00:00,1632182400005,2021-09-21T00:00:00.005000+00:00,0.0,0.0
2021-09-21 08:00:00.007000+00:00,1632211200007,2021-09-21T08:00:00.007000+00:00,0.0,0.0
2021-09-21 16:00:00+00:00,1632240000000,2021-09-21T16:00:00+00:00,0.0,0.0
2021-09-22 00:00:00.005000+00:00,1632268800005,2021-09-22T00:00:00.005000+00:00,0.0,0.0
2021-09-22 08:00:00.006000+00:00,1632297600006,2021-09-22T08:00:00.006000+00:00,-0.00018317,0.0
2021-09-22 16:00:00+00:00,1632326400000,2021-09-22T16:00:00+00:00,0.0,0.0
2021-09-23 00:00:00.003000+00:00,1632355200003,2021-09-23T00:00:00.003000+00:00,-0.00043523,0.0
2021-09-23 08:00:00+00:00,1632384000000,2021-09-23T08:00:00+00:00,-7.308e-05,0.0
2021-09-23 16:00:00.007000+00:00,1632412800007,2021-09-23T16:00:00.007000+00:00,0.0,0.0
2021-09-24 00:00:00+00:00,1632441600000,2021-09-24T00:00:00+00:00,-8.82e-05,0.0
2021-09-24 08:00:00.017000+00:00,1632470400017,2021-09-24T08:00:00.017000+00:00,-0.00016961,0.0
2021-09-24 16:00:00+00:00,1632499200000,2021-09-24T16:00:00+00:00,0.0,0.0
2021-09-25 00:00:00.007000+00:00,1632528000007,2021-09-25T00:00:00.007000+00:00,-6.607e-05,0.0
2021-09-25 08:00:00.002000+00:00,1632556800002,2021-09-25T08:00:00.002000+00:00,0.0,0.0
2021-09-25 16:00:00.004000+00:00,1632585600004,2021-09-25T16:00:00.004000+00:00,-6.666e-05,0.0
2021-09-26 00:00:00.013000+00:00,1632614400013,2021-09-26T00:00:00.013000+00:00,-0.00024844,0.0
2021-09-26 08:00:00+00:00,1632643200000,2021-09-26T08:00:00+00:00,-0.00042273,0.0
2021-09-26 16:00:00.005000+00:00,1632672000005,2021-09-26T16:00:00.005000+00:00,-5.51e-05,0.0
2021-09-27 00:00:00+00:00,1632700800000,2021-09-27T00:00:00+00:00,0.0,0.0
2021-09-27 08:00:00.001000+00:00,1632729600001,2021-09-27T08:00:00.001000+00:00,0.0,0.0
2021-09-27 16:00:00+00:00,1632758400000,2021-09-27T16:00:00+00:00,0.0,0.0
2021-09-28 00:00:00+00:00,1632787200000,2021-09-28T00:00:00+00:00,-7.669e-05,0.0
2021-09-28 08:00:00.014000+00:00,1632816000014,2021-09-28T08:00:00.014000+00:00,0.0,0.0
2021-09-28 16:00:00+00:00,1632844800000,2021-09-28T16:00:00+00:00,0.0,0.0
2021-09-29 00:00:00+00:00,1632873600000,2021-09-29T00:00:00+00:00,0.0,0.0
2021-09-29 08:00:00.002000+00:00,1632902400002,2021-09-29T08:00:00.002000+00:00,0.0,0.0
2021-09-29 16:00:00+00:00,1632931200000,2021-09-29T16:00:00+00:00,-0.00040927,0.0
2021-09-30 00:00:00+00:00,1632960000000,2021-09-30T00:00:00+00:00,-0.00100209,0.0
2021-09-30 08:00:00.004000+00:00,1632988800004,2021-09-30T08:00:00.004000+00:00,-0.00050155,0.0
2021-09-30 16:00:00.005000+00:00,1633017600005,2021-09-30T16:00:00.005000+00:00,-0.00063287,0.0
2021-10-01 00:00:00.012000+00:00,1633046400012,2021-10-01T00:00:00.012000+00:00,-0.00132805,0.0
2021-10-01 08:00:00.008000+00:00,1633075200008,2021-10-01T08:00:00.008000+00:00,-0.00050562,0.0
2021-10-01 16:00:00+00:00,1633104000000,2021-10-01T16:00:00+00:00,-0.00010282,0.0
2021-10-02 00:00:00+00:00,1633132800000,2021-10-02T00:00:00+00:00,-0.00098666,0.0
2021-10-02 08:00:00.002000+00:00,1633161600002,2021-10-02T08:00:00.002000+00:00,-0.00017296,0.0
2021-10-02 16:00:00.011000+00:00,1633190400011,2021-10-02T16:00:00.011000+00:00,-7.472e-05,0.0
2021-10-03 00:00:00.019000+00:00,1633219200019,2021-10-03T00:00:00.019000+00:00,-2.145e-05,0.0
2021-10-03 08:00:00.011000+00:00,1633248000011,2021-10-03T08:00:00.011000+00:00,-0.00059484,0.0
2021-10-03 16:00:00.004000+00:00,1633276800004,2021-10-03T16:00:00.004000+00:00,-0.00095523,0.0
2021-10-04 00:00:00.004000+00:00,1633305600004,2021-10-04T00:00:00.004000+00:00,-0.00020598,0.0
2021-10-04 08:00:00+00:00,1633334400000,2021-10-04T08:00:00+00:00,-0.00029886,0.0
2021-10-04 16:00:00+00:00,1633363200000,2021-10-04T16:00:00+00:00,-0.00051603,0.0
2021-10-05 00:00:00.007000+00:00,1633392000007,2021-10-05T00:00:00.007000+00:00,-2.176e-05,0.0
2021-10-05 08:00:00.007000+00:00,1633420800007,2021-10-05T08:00:00.007000+00:00,-0.00026348,0.0
2021-10-05 16:00:00.004000+00:00,1633449600004,2021-10-05T16:00:00.004000+00:00,-6.07e-06,0.0
2021-10-06 00:00:00.002000+00:00,1633478400002,2021-10-06T00:00:00.002000+00:00,-0.00058585,0.0
2021-10-06 08:00:00+00:00,1633507200000,2021-10-06T08:00:00+00:00,-0.00052793,0.0
2021-10-06 16:00:00.003000+00:00,1633536000003,2021-10-06T16:00:00.003000+00:00,-0.0001896,0.0
2021-10-07 00:00:00.007000+00:00,1633564800007,2021-10-07T00:00:00.007000+00:00,0.0,0.0
2021-10-07 08:00:00.002000+00:00,1633593600002,2021-10-07T08:00:00.002000+00:00,-1.46e-06,0.0
2021-10-07 16:00:00+00:00,1633622400000,2021-10-07T16:00:00+00:00,0.0,0.0
2021-10-08 00:00:00.011000+00:00,1633651200011,2021-10-08T00:00:00.011000+00:00,0.0,0.0
2021-10-08 08:00:00.003000+00:00,1633680000003,2021-10-08T08:00:00.003000+00:00,-0.00015581,0.0
2021-10-08 16:00:00.002000+00:00,1633708800002,2021-10-08T16:00:00.002000+00:00,0.00049807,0.0
2021-10-09 00:00:00.006000+00:00,1633737600006,2021-10-09T00:00:00.006000+00:00,2.603e-05,0.0
2021-10-09 08:00:00.003000+00:00,1633766400003,2021-10-09T08:00:00.003000+00:00,0.0,0.0
2021-10-09 16:00:00+00:00,1633795200000,2021-10-09T16:00:00+00:00,7.305e-05,0.0
2021-10-10 00:00:00+00:00,1633824000000,2021-10-10T00:00:00+00:00,6.252e-05,0.0
2021-10-10 08:00:00.008000+00:00,1633852800008,2021-10-10T08:00:00.008000+00:00,0.00035215,0.0
2021-10-10 16:00:00+00:00,1633881600000,2021-10-10T16:00:00+00:00,0.00035668,0.0
2021-10-11 00:00:00.002000+00:00,1633910400002,2021-10-11T00:00:00.002000+00:00,0.0,0.0
2021-10-11 08:00:00.001000+00:00,1633939200001,2021-10-11T08:00:00.001000+00:00,0.00019149,0.0
2021-10-11 16:00:00.006000+00:00,1633968000006,2021-10-11T16:00:00.006000+00:00,0.00024432,0.0
2021-10-12 00:00:00.008000+00:00,1633996800008,2021-10-12T00:00:00.008000+00:00,0.0,0.0
2021-10-12 08:00:00.013000+00:00,1634025600013,2021-10-12T08:00:00.013000+00:00,0.0,0.0
2021-10-12 16:00:00.003000+00:00,1634054400003,2021-10-12T16:00:00.003000+00:00,0.0,0.0
2021-10-13 00:00:00.003000+00:00,1634083200003,2021-10-13T00:00:00.003000+00:00,0.00013415,0.0
2021-10-13 08:00:00.015000+00:00,1634112000015,2021-10-13T08:00:00.015000+00:00,0.00022324,0.0
2021-10-13 16:00:00+00:00,1634140800000,2021-10-13T16:00:00+00:00,0.0,0.0
2021-10-14 00:00:00.011000+00:00,1634169600011,2021-10-14T00:00:00.011000+00:00,-3.305e-05,0.0
2021-10-14 08:00:00.017000+00:00,1634198400017,2021-10-14T08:00:00.017000+00:00,-0.00051909,0.0
2021-10-14 16:00:00+00:00,1634227200000,2021-10-14T16:00:00+00:00,-0.00010645,0.0
2021-10-15 00:00:00.005000+00:00,1634256000005,2021-10-15T00:00:00.005000+00:00,-5.124e-05,0.0
2021-10-15 08:00:00.002000+00:00,1634284800002,2021-10-15T08:00:00.002000+00:00,0.0,0.0
2021-10-15 16:00:00.005000+00:00,1634313600005,2021-10-15T16:00:00.005000+00:00,-0.00030906,0.0
2021-10-16 00:00:00.009000+00:00,1634342400009,2021-10-16T00:00:00.009000+00:00,-0.00032721,0.0
2021-10-16 08:00:00+00:00,1634371200000,2021-10-16T08:00:00+00:00,-0.00020611,0.0
2021-10-16 16:00:00.003000+00:00,1634400000003,2021-10-16T16:00:00.003000+00:00,-0.0004658,0.0
2021-10-17 00:00:00.001000+00:00,1634428800001,2021-10-17T00:00:00.001000+00:00,-0.0007323,0.0
2021-10-17 08:00:00.002000+00:00,1634457600002,2021-10-17T08:00:00.002000+00:00,-0.00061497,0.0
2021-10-17 16:00:00.002000+00:00,1634486400002,2021-10-17T16:00:00.002000+00:00,-0.00046742,0.0
2021-10-18 00:00:00.006000+00:00,1634515200006,2021-10-18T00:00:00.006000+00:00,-0.00155446,0.0
2021-10-18 08:00:00.004000+00:00,1634544000004,2021-10-18T08:00:00.004000+00:00,-0.00021453,0.0
2021-10-18 16:00:00.001000+00:00,1634572800001,2021-10-18T16:00:00.001000+00:00,-2.043e-05,0.0
2021-10-19 00:00:00.002000+00:00,1634601600002,2021-10-19T00:00:00.002000+00:00,-0.00078657,0.0
2021-10-19 08:00:00+00:00,1634630400000,2021-10-19T08:00:00+00:00,-2.352e-05,0.0
2021-10-19 16:00:00+00:00,1634659200000,2021-10-19T16:00:00+00:00,-0.00081327,0.0
2021-10-20 00:00:00.017000+00:00,1634688000017,2021-10-20T00:00:00.017000+00:00,-0.00065641,0.0
2021-10-20 08:00:00.004000+00:00,1634716800004,2021-10-20T08:00:00.004000+00:00,-0.00042888,0.0
2021-10-20 16:00:00.020000+00:00,1634745600020,2021-10-20T16:00:00.020000+00:00,-0.00019455,0.0
2021-10-21 00:00:00+00:00,1634774400000,2021-10-21T00:00:00+00:00,-0.00022341,0.0
2021-10-21 08:00:00+00:00,1634803200000,2021-10-21T08:00:00+00:00,-0.00088283,0.0
2021-10-21 16:00:00.008000+00:00,1634832000008,2021-10-21T16:00:00.008000+00:00,0.00094894,0.0
2021-10-22 00:00:00.005000+00:00,1634860800005,2021-10-22T00:00:00.005000+00:00,0.00018106,0.0
2021-10-22 08:00:00.005000+00:00,1634889600005,2021-10-22T08:00:00.005000+00:00,0.00020044,0.0
2021-10-22 16:00:00.018000+00:00,1634918400018,2021-10-22T16:00:00.018000+00:00,0.00060124,0.0
2021-10-23 00:00:00.005000+00:00,1634947200005,2021-10-23T00:00:00.005000+00:00,0.00044424,0.0
2021-10-23 08:00:00.001000+00:00,1634976000001,2021-10-23T08:00:00.001000+00:00,0.0002304,0.0
2021-10-23 16:00:00.004000+00:00,1635004800004,2021-10-23T16:00:00.004000+00:00,0.00032033,0.0
2021-10-24 00:00:00.006000+00:00,1635033600006,2021-10-24T00:00:00.006000+00:00,0.00039286,0.0
2021-10-24 08:00:00.012000+00:00,1635062400012,2021-10-24T08:00:00.012000+00:00,0.00029372,0.0
2021-10-24 16:00:00.001000+00:00,1635091200001,2021-10-24T16:00:00.001000+00:00,0.00052865,0.0
2021-10-25 00:00:00.012000+00:00,1635120000012,2021-10-25T00:00:00.012000+00:00,0.00031655,0.0
2021-10-25 08:00:00.002000+00:00,1635148800002,2021-10-25T08:00:00.002000+00:00,0.00044234,0.0
2021-10-25 16:00:00.022000+00:00,1635177600022,2021-10-25T16:00:00.022000+00:00,0.00036856,0.0
2021-10-26 00:00:00.005000+00:00,1635206400005,2021-10-26T00:00:00.005000+00:00,0.00045264,0.0
2021-10-26 08:00:00.016000+00:00,1635235200016,2021-10-26T08:00:00.016000+00:00,0.00052636,0.0
2021-10-26 16:00:00+00:00,1635264000000,2021-10-26T16:00:00+00:00,0.00042621,0.0
2021-10-27 00:00:00.004000+00:00,1635292800004,2021-10-27T00:00:00.004000+00:00,0.00024036,0.0
2021-10-27 08:00:00+00:00,1635321600000,2021-10-27T08:00:00+00:00,0.00042998,0.0
2021-10-27 16:00:00.002000+00:00,1635350400002,2021-10-27T16:00:00.002000+00:00,0.0,0.0
2021-10-28 00:00:00.002000+00:00,1635379200002,2021-10-28T00:00:00.002000+00:00,0.0,0.0
2021-10-28 08:00:00+00:00,1635408000000,2021-10-28T08:00:00+00:00,0.0,0.0
2021-10-28 16:00:00.005000+00:00,1635436800005,2021-10-28T16:00:00.005000+00:00,0.0,0.0
2021-10-29 00:00:00+00:00,1635465600000,2021-10-29T00:00:00+00:00,0.0,0.0
2021-10-29 08:00:00.007000+00:00,1635494400007,2021-10-29T08:00:00.007000+00:00,0.0,0.0
2021-10-29 16:00:00.001000+00:00,1635523200001,2021-10-29T16:00:00.001000+00:00,0.0,0.0
2021-10-30 00:00:00+00:00,1635552000000,2021-10-30T00:00:00+00:00,0.00035782,0.0
2021-10-30 08:00:00.001000+00:00,1635580800001,2021-10-30T08:00:00.001000+00:00,0.00020281,0.0
2021-10-30 16:00:00.013000+00:00,1635609600013,2021-10-30T16:00:00.013000+00:00,0.00014993,0.0
2021-10-31 00:00:00.008000+00:00,1635638400008,2021-10-31T00:00:00.008000+00:00,0.0,0.0
2021-10-31 08:00:00.010000+00:00,1635667200010,2021-10-31T08:00:00.010000+00:00,0.0,0.0
2021-10-31 16:00:00.001000+00:00,1635696000001,2021-10-31T16:00:00.001000+00:00,0.0,0.0
2021-11-01 00:00:00.009000+00:00,1635724800009,2021-11-01T00:00:00.009000+00:00,-0.00036528,0.0
2021-11-01 08:00:00.014000+00:00,1635753600014,2021-11-01T08:00:00.014000+00:00,0.0,0.0
2021-11-01 16:00:00.001000+00:00,1635782400001,2021-11-01T16:00:00.001000+00:00,0.0,0.0
2021-11-02 00:00:00+00:00,1635811200000,2021-11-02T00:00:00+00:00,0.0,0.0
2021-11-02 08:00:00.007000+00:00,1635840000007,2021-11-02T08:00:00.007000+00:00,-1.756e-05,0.0
2021-11-02 16:00:00.010000+00:00,1635868800010,2021-11-02T16:00:00.010000+00:00,0.0,0.0
2021-11-03 00:00:00.019000+00:00,1635897600019,2021-11-03T00:00:00.019000+00:00,0.0,0.0
2021-11-03 08:00:00+00:00,1635926400000,2021-11-03T08:00:00+00:00,0.0,0.0
2021-11-03 16:00:00.005000+00:00,1635955200005,2021-11-03T16:00:00.005000+00:00,0.0,0.0
2021-11-04 00:00:00.006000+00:00,1635984000006,2021-11-04T00:00:00.006000+00:00,0.0,0.0
2021-11-04 08:00:00.004000+00:00,1636012800004,2021-11-04T08:00:00.004000+00:00,0.0,0.0
2021-11-04 16:00:00.004000+00:00,1636041600004,2021-11-04T16:00:00.004000+00:00,0.0,0.0
2021-11-05 00:00:00+00:00,1636070400000,2021-11-05T00:00:00+00:00,0.0,0.0
2021-11-05 08:00:00.013000+00:00,1636099200013,2021-11-05T08:00:00.013000+00:00,0.00023238,0.0
2021-11-05 16:00:00.016000+00:00,1636128000016,2021-11-05T16:00:00.016000+00:00,0.0,0.0
2021-11-06 00:00:00.010000+00:00,1636156800010,2021-11-06T00:00:00.010000+00:00,-0.0001515,0.0
2021-11-06 08:00:00+00:00,1636185600000,2021-11-06T08:00:00+00:00,-0.00045138,0.0
2021-11-06 16:00:00.007000+00:00,1636214400007,2021-11-06T16:00:00.007000+00:00,0.0,0.0
2021-11-07 00:00:00.013000+00:00,1636243200013,2021-11-07T00:00:00.013000+00:00,-0.00062379,0.0
2021-11-07 08:00:00.005000+00:00,1636272000005,2021-11-07T08:00:00.005000+00:00,0.0,0.0
2021-11-07 16:00:00.004000+00:00,1636300800004,2021-11-07T16:00:00.004000+00:00,0.0,0.0
2021-11-08 00:00:00.001000+00:00,1636329600001,2021-11-08T00:00:00.001000+00:00,0.0,0.0
2021-11-08 08:00:00+00:00,1636358400000,2021-11-08T08:00:00+00:00,1.202e-05,0.0
2021-11-08 16:00:00+00:00,1636387200000,2021-11-08T16:00:00+00:00,0.0,0.0
2021-11-09 00:00:00+00:00,1636416000000,2021-11-09T00:00:00+00:00,0.0,0.0
2021-11-09 08:00:00.014000+00:00,1636444800014,2021-11-09T08:00:00.014000+00:00,0.0,0.0
2021-11-09 16:00:00.001000+00:00,1636473600001,2021-11-09T16:00:00.001000+00:00,3.602e-05,0.0
2021-11-10 00:00:00+00:00,1636502400000,2021-11-10T00:00:00+00:00,0.0003217,0.0
2021-11-10 08:00:00.003000+00:00,1636531200003,2021-11-10T08:00:00.003000+00:00,0.00019369,0.0
2021-11-10 16:00:00.001000+00:00,1636560000001,2021-11-10T16:00:00.001000+00:00,0.0,0.0
2021-11-11 00:00:00.008000+00:00,1636588800008,2021-11-11T00:00:00.008000+00:00,-0.0003087,0.0
2021-11-11 08:00:00.012000+00:00,1636617600012,2021-11-11T08:00:00.012000+00:00,-0.00011674,0.0
2021-11-11 16:00:00.007000+00:00,1636646400007,2021-11-11T16:00:00.007000+00:00,-5.11e-05,0.0
2021-11-12 00:00:00+00:00,1636675200000,2021-11-12T00:00:00+00:00,-0.00043283,0.0
2021-11-12 08:00:00+00:00,1636704000000,2021-11-12T08:00:00+00:00,-0.00035834,0.0
2021-11-12 16:00:00.004000+00:00,1636732800004,2021-11-12T16:00:00.004000+00:00,-0.00034697,0.0
2021-11-13 00:00:00+00:00,1636761600000,2021-11-13T00:00:00+00:00,-0.00066347,0.0
2021-11-13 08:00:00.004000+00:00,1636790400004,2021-11-13T08:00:00.004000+00:00,-0.00045186,0.0
2021-11-13 16:00:00.006000+00:00,1636819200006,2021-11-13T16:00:00.006000+00:00,-0.00013015,0.0
2021-11-14 00:00:00.010000+00:00,1636848000010,2021-11-14T00:00:00.010000+00:00,-0.00056032,0.0
2021-11-14 08:00:00.001000+00:00,1636876800001,2021-11-14T08:00:00.001000+00:00,-0.00010145,0.0
2021-11-14 16:00:00+00:00,1636905600000,2021-11-14T16:00:00+00:00,-0.00045547,0.0
2021-11-15 00:00:00.008000+00:00,1636934400008,2021-11-15T00:00:00.008000+00:00,-7.715e-05,0.0
2021-11-15 08:00:00+00:00,1636963200000,2021-11-15T08:00:00+00:00,0.0,0.0
2021-11-15 16:00:00+00:00,1636992000000,2021-11-15T16:00:00+00:00,0.0,0.0
2021-11-16 00:00:00+00:00,1637020800000,2021-11-16T00:00:00+00:00,0.0,0.0
2021-11-16 08:00:00.001000+00:00,1637049600001,2021-11-16T08:00:00.001000+00:00,-0.00037642,0.0
2021-11-16 16:00:00.018000+00:00,1637078400018,2021-11-16T16:00:00.018000+00:00,0.0,0.0
2021-11-17 00:00:00.005000+00:00,1637107200005,2021-11-17T00:00:00.005000+00:00,0.0,0.0
2021-11-17 08:00:00.007000+00:00,1637136000007,2021-11-17T08:00:00.007000+00:00,0.00012726,0.0
2021-11-17 16:00:00.003000+00:00,1637164800003,2021-11-17T16:00:00.003000+00:00,0.0,0.0
2021-11-18 00:00:00.017000+00:00,1637193600017,2021-11-18T00:00:00.017000+00:00,0.0,0.0
2021-11-18 08:00:00.007000+00:00,1637222400007,2021-11-18T08:00:00.007000+00:00,0.0,0.0
2021-11-18 16:00:00.011000+00:00,1637251200011,2021-11-18T16:00:00.011000+00:00,3.624e-05,0.0
2021-11-19 00:00:00+00:00,1637280000000,2021-11-19T00:00:00+00:00,0.0,0.0
2021-11-19 08:00:00+00:00,1637308800000,2021-11-19T08:00:00+00:00,0.0,0.0
2021-11-19 16:00:00.005000+00:00,1637337600005,2021-11-19T16:00:00.005000+00:00,0.0,0.0
2021-11-20 00:00:00.012000+00:00,1637366400012,2021-11-20T00:00:00.012000+00:00,0.0,0.0
2021-11-20 08:00:00+00:00,1637395200000,2021-11-20T08:00:00+00:00,0.0,0.0
2021-11-20 16:00:00.007000+00:00,1637424000007,2021-11-20T16:00:00.007000+00:00,4.6e-07,0.0
2021-11-21 00:00:00+00:00,1637452800000,2021-11-21T00:00:00+00:00,0.0,0.0
2021-11-21 08:00:00.006000+00:00,1637481600006,2021-11-21T08:00:00.006000+00:00,0.00010463,0.0
2021-11-21 16:00:00+00:00,1637510400000,2021-11-21T16:00:00+00:00,9.7e-07,0.0
2021-11-22 00:00:00.004000+00:00,1637539200004,2021-11-22T00:00:00.004000+00:00,0.0,0.0
2021-11-22 08:00:00+00:00,1637568000000,2021-11-22T08:00:00+00:00,0.00015492,0.0
2021-11-22 16:00:00+00:00,1637596800000,2021-11-22T16:00:00+00:00,0.0,0.0
2021-11-23 00:00:00.004000+00:00,1637625600004,2021-11-23T00:00:00.004000+00:00,0.0,0.0
2021-11-23 08:00:00.010000+00:00,1637654400010,2021-11-23T08:00:00.010000+00:00,0.0,0.0
2021-11-23 16:00:00.005000+00:00,1637683200005,2021-11-23T16:00:00.005000+00:00,0.00015094,0.0
2021-11-24 00:00:00.001000+00:00,1637712000001,2021-11-24T00:00:00.001000+00:00,0.00019831,0.0
2021-11-24 08:00:00.003000+00:00,1637740800003,2021-11-24T08:00:00.003000+00:00,6.496e-05,0.0
2021-11-24 16:00:00.010000+00:00,1637769600010,2021-11-24T16:00:00.010000+00:00,0.0001357,0.0
2021-11-25 00:00:00+00:00,1637798400000,2021-11-25T00:00:00+00:00,0.00010036,0.0
2021-11-25 08:00:00.010000+00:00,1637827200010,2021-11-25T08:00:00.010000+00:00,0.00035203,0.0
2021-11-25 16:00:00+00:00,1637856000000,2021-11-25T16:00:00+00:00,0.00057619,0.0
2021-11-26 00:00:00+00:00,1637884800000,2021-11-26T00:00:00+00:00,0.00029279,0.0
2021-11-26 08:00:00+00:00,1637913600000,2021-11-26T08:00:00+00:00,0.0002718,0.0
2021-11-26 16:00:00.016000+00:00,1637942400016,2021-11-26T16:00:00.016000+00:00,0.0,0.0
2021-11-27 00:00:00.005000+00:00,1637971200005,2021-11-27T00:00:00.005000+00:00,0.0,0.0
2021-11-27 08:00:00.008000+00:00,1638000000008,2021-11-27T08:00:00.008000+00:00,0.0,0.0
2021-11-27 16:00:00.007000+00:00,1638028800007,2021-11-27T16:00:00.007000+00:00,0.0,0.0
2021-11-28 00:00:00.018000+00:00,1638057600018,2021-11-28T00:00:00.018000+00:00,0.00013471,0.0
2021-11-28 08:00:00+00:00,1638086400000,2021-11-28T08:00:00+00:00,0.0,0.0
2021-11-28 16:00:00.004000+00:00,1638115200004,2021-11-28T16:00:00.004000+00:00,0.00011508,0.0
2021-11-29 00:00:00.002000+00:00,1638144000002,2021-11-29T00:00:00.002000+00:00,0.0,0.0
2021-11-29 08:00:00.004000+00:00,1638172800004,2021-11-29T08:00:00.004000+00:00,2.349e-05,0.0
2021-11-29 16:00:00+00:00,1638201600000,2021-11-29T16:00:00+00:00,5.117e-05,0.0
2021-11-30 00:00:00+00:00,1638230400000,2021-11-30T00:00:00+00:00,0.0,0.0
2021-11-30 08:00:00.006000+00:00,1638259200006,2021-11-30T08:00:00.006000+00:00,4.117e-05,0.0
2021-11-30 16:00:00+00:00,1638288000000,2021-11-30T16:00:00+00:00,3.202e-05,0.0
2021-12-01 00:00:00+00:00,1638316800000,2021-12-01T00:00:00+00:00,0.0,0.0
2021-12-01 08:00:00+00:00,1638345600000,2021-12-01T08:00:00+00:00,1.348e-05,0.0
2021-12-01 16:00:00.001000+00:00,1638374400001,2021-12-01T16:00:00.001000+00:00,1.416e-05,0.0
2021-12-02 00:00:00+00:00,1638403200000,2021-12-02T00:00:00+00:00,0.00011406,0.0
2021-12-02 08:00:00.007000+00:00,1638432000007,2021-12-02T08:00:00.007000+00:00,0.0,0.0
2021-12-02 16:00:00.008000+00:00,1638460800008,2021-12-02T16:00:00.008000+00:00,0.00010252,0.0
2021-12-03 00:00:00.004000+00:00,1638489600004,2021-12-03T00:00:00.004000+00:00,3.977e-05,0.0
2021-12-03 08:00:00.002000+00:00,1638518400002,2021-12-03T08:00:00.002000+00:00,0.0,0.0
2021-12-03 16:00:00.006000+00:00,1638547200006,2021-12-03T16:00:00.006000+00:00,0.0,0.0
2021-12-04 00:00:00.006000+00:00,1638576000006,2021-12-04T00:00:00.006000+00:00,0.0,0.0
2021-12-04 08:00:00.004000+00:00,1638604800004,2021-12-04T08:00:00.004000+00:00,-6.161e-05,0.0
2021-12-04 16:00:00+00:00,1638633600000,2021-12-04T16:00:00+00:00,-0.0001964,0.0
2021-12-05 00:00:00.003000+00:00,1638662400003,2021-12-05T00:00:00.003000+00:00,-0.00026037,0.0
2021-12-05 08:00:00.008000+00:00,1638691200008,2021-12-05T08:00:00.008000+00:00,0.0,0.0
2021-12-05 16:00:00.007000+00:00,1638720000007,2021-12-05T16:00:00.007000+00:00,0.0,0.0
2021-12-06 00:00:00.009000+00:00,1638748800009,2021-12-06T00:00:00.009000+00:00,0.0,0.0
2021-12-06 08:00:00.001000+00:00,1638777600001,2021-12-06T08:00:00.001000+00:00,0.0,0.0
2021-12-06 16:00:00+00:00,1638806400000,2021-12-06T16:00:00+00:00,-9.407e-05,0.0
2021-12-07 00:00:00.018000+00:00,1638835200018,2021-12-07T00:00:00.018000+00:00,-0.0005325,0.0
2021-12-07 08:00:00+00:00,1638864000000,2021-12-07T08:00:00+00:00,-0.00081513,0.0
2021-12-07 16:00:00+00:00,1638892800000,2021-12-07T16:00:00+00:00,-0.00076752,0.0
2021-12-08 00:00:00+00:00,1638921600000,2021-12-08T00:00:00+00:00,-0.00063789,0.0
2021-12-08 08:00:00.018000+00:00,1638950400018,2021-12-08T08:00:00.018000+00:00,-0.00045824,0.0
2021-12-08 16:00:00.010000+00:00,1638979200010,2021-12-08T16:00:00.010000+00:00,-0.00011763,0.0
2021-12-09 00:00:00.010000+00:00,1639008000010,2021-12-09T00:00:00.010000+00:00,-0.0004996,0.0
2021-12-09 08:00:00+00:00,1639036800000,2021-12-09T08:00:00+00:00,-0.00020967,0.0
2021-12-09 16:00:00+00:00,1639065600000,2021-12-09T16:00:00+00:00,-0.00035578,0.0
2021-12-10 00:00:00+00:00,1639094400000,2021-12-10T00:00:00+00:00,-0.00043999,0.0
2021-12-10 08:00:00.008000+00:00,1639123200008,2021-12-10T08:00:00.008000+00:00,-0.00046336,0.0
2021-12-10 16:00:00.012000+00:00,1639152000012,2021-12-10T16:00:00.012000+00:00,-0.00093486,0.0
2021-12-11 00:00:00.009000+00:00,1639180800009,2021-12-11T00:00:00.009000+00:00,-0.00020823,0.0
2021-12-11 08:00:00.008000+00:00,1639209600008,2021-12-11T08:00:00.008000+00:00,-0.00040625,0.0
2021-12-11 16:00:00+00:00,1639238400000,2021-12-11T16:00:00+00:00,-0.00050253,0.0
2021-12-12 00:00:00.001000+00:00,1639267200001,2021-12-12T00:00:00.001000+00:00,-0.00049651,0.0
2021-12-12 08:00:00.015000+00:00,1639296000015,2021-12-12T08:00:00.015000+00:00,-0.0004758,0.0
2021-12-12 16:00:00.011000+00:00,1639324800011,2021-12-12T16:00:00.011000+00:00,-0.00035172,0.0
2021-12-13 00:00:00.006000+00:00,1639353600006,2021-12-13T00:00:00.006000+00:00,-0.00049297,0.0
2021-12-13 08:00:00.019000+00:00,1639382400019,2021-12-13T08:00:00.019000+00:00,-0.00026124,0.0
2021-12-13 16:00:00+00:00,1639411200000,2021-12-13T16:00:00+00:00,-0.00030003,0.0
2021-12-14 00:00:00.004000+00:00,1639440000004,2021-12-14T00:00:00.004000+00:00,-0.00035707,0.0
2021-12-14 08:00:00+00:00,1639468800000,2021-12-14T08:00:00+00:00,-0.00016492,0.0
2021-12-14 16:00:00.015000+00:00,1639497600015,2021-12-14T16:00:00.015000+00:00,0.0,0.0
2021-12-15 00:00:00+00:00,1639526400000,2021-12-15T00:00:00+00:00,0.0,0.0
2021-12-15 08:00:00.008000+00:00,1639555200008,2021-12-15T08:00:00.008000+00:00,0.0,0.0
2021-12-15 16:00:00.005000+00:00,1639584000005,2021-12-15T16:00:00.005000+00:00,0.0,0.0
2021-12-16 00:00:00.006000+00:00,1639612800006,2021-12-16T00:00:00.006000+00:00,0.0,0.0
2021-12-16 08:00:00.009000+00:00,1639641600009,2021-12-16T08:00:00.009000+00:00,0.0,0.0
2021-12-16 16:00:00+00:00,1639670400000,2021-12-16T16:00:00+00:00,0.0,0.0
2021-12-17 00:00:00+00:00,1639699200000,2021-12-17T00:00:00+00:00,0.0,0.0
2021-12-17 08:00:00.005000+00:00,1639728000005,2021-12-17T08:00:00.005000+00:00,0.0,0.0
2021-12-17 16:00:00.006000+00:00,1639756800006,2021-12-17T16:00:00.006000+00:00,0.0,0.0
2021-12-18 00:00:00.014000+00:00,1639785600014,2021-12-18T00:00:00.014000+00:00,0.0,0.0
2021-12-18 08:00:00.012000+00:00,1639814400012,2021-12-18T08:00:00.012000+00:00,0.0,0.0
2021-12-18 16:00:00+00:00,1639843200000,2021-12-18T16:00:00+00:00,0.0,0.0
2021-12-19 00:00:00.031000+00:00,1639872000031,2021-12-19T00:00:00.031000+00:00,0.0,0.0
2021-12-19 08:00:00+00:00,1639900800000,2021-12-19T08:00:00+00:00,0.0,0.0
2021-12-19 16:00:00.003000+00:00,1639929600003,2021-12-19T16:00:00.003000+00:00,0.0,0.0
2021-12-20 00:00:00.015000+00:00,1639958400015,2021-12-20T00:00:00.015000+00:00,0.0,0.0
2021-12-20 08:00:00.007000+00:00,1639987200007,2021-12-20T08:00:00.007000+00:00,0.0,0.0
2021-12-20 16:00:00.005000+00:00,1640016000005,2021-12-20T16:00:00.005000+00:00,0.0,0.0
2021-12-21 00:00:00.003000+00:00,1640044800003,2021-12-21T00:00:00.003000+00:00,0.0,0.0
2021-12-21 08:00:00.012000+00:00,1640073600012,2021-12-21T08:00:00.012000+00:00,0.0,0.0
2021-12-21 16:00:00.005000+00:00,1640102400005,2021-12-21T16:00:00.005000+00:00,0.0,0.0
2021-12-22 00:00:00+00:00,1640131200000,2021-12-22T00:00:00+00:00,0.0,0.0
2021-12-22 08:00:00.001000+00:00,1640160000001,2021-12-22T08:00:00.001000+00:00,0.0,0.0
2021-12-22 16:00:00.006000+00:00,1640188800006,2021-12-22T16:00:00.006000+00:00,0.0,0.0
2021-12-23 00:00:00.011000+00:00,1640217600011,2021-12-23T00:00:00.011000+00:00,0.0,0.0
2021-12-23 08:00:00+00:00,1640246400000,2021-12-23T08:00:00+00:00,0.0,0.0
2021-12-23 16:00:00+00:00,1640275200000,2021-12-23T16:00:00+00:00,0.0,0.0
2021-12-24 00:00:00.005000+00:00,1640304000005,2021-12-24T00:00:00.005000+00:00,0.0,0.0
2021-12-24 08:00:00+00:00,1640332800000,2021-12-24T08:00:00+00:00,0.0,0.0
2021-12-24 16:00:00.011000+00:00,1640361600011,2021-12-24T16:00:00.011000+00:00,0.0,0.0
2021-12-25 00:00:00+00:00,1640390400000,2021-12-25T00:00:00+00:00,0.0,0.0
2021-12-25 08:00:00.001000+00:00,1640419200001,2021-12-25T08:00:00.001000+00:00,0.0,0.0
2021-12-25 16:00:00.005000+00:00,1640448000005,2021-12-25T16:00:00.005000+00:00,0.0,0.0
2021-12-26 00:00:00.004000+00:00,1640476800004,2021-12-26T00:00:00.004000+00:00,0.0,0.0
2021-12-26 08:00:00.002000+00:00,1640505600002,2021-12-26T08:00:00.002000+00:00,0.0,0.0
2021-12-26 16:00:00+00:00,1640534400000,2021-12-26T16:00:00+00:00,0.0,0.0
2021-12-27 00:00:00.002000+00:00,1640563200002,2021-12-27T00:00:00.002000+00:00,0.0,0.0
2021-12-27 08:00:00.005000+00:00,1640592000005,2021-12-27T08:00:00.005000+00:00,0.0,0.0
2021-12-27 16:00:00+00:00,1640620800000,2021-12-27T16:00:00+00:00,0.0,0.0
2021-12-28 00:00:00+00:00,1640649600000,2021-12-28T00:00:00+00:00,0.0,0.0
2021-12-28 08:00:00.012000+00:00,1640678400012,2021-12-28T08:00:00.012000+00:00,0.0,0.0
2021-12-28 16:00:00+00:00,1640707200000,2021-12-28T16:00:00+00:00,0.0,0.0
2021-12-29 00:00:00.006000+00:00,1640736000006,2021-12-29T00:00:00.006000+00:00,0.0,0.0
2021-12-29 08:00:00.003000+00:00,1640764800003,2021-12-29T08:00:00.003000+00:00,0.0,0.0
2021-12-29 16:00:00.004000+00:00,1640793600004,2021-12-29T16:00:00.004000+00:00,0.0,0.0
2021-12-30 00:00:00.003000+00:00,1640822400003,2021-12-30T00:00:00.003000+00:00,0.0,0.0
2021-12-30 08:00:00.001000+00:00,1640851200001,2021-12-30T08:00:00.001000+00:00,0.0,0.0
2021-12-30 16:00:00.017000+00:00,1640880000017,2021-12-30T16:00:00.017000+00:00,0.0,0.0
2021-12-31 00:00:00.006000+00:00,1640908800006,2021-12-31T00:00:00.006000+00:00,0.0,0.0
2021-12-31 08:00:00.009000+00:00,1640937600009,2021-12-31T08:00:00.009000+00:00,0.0,0.0
2021-12-31 16:00:00+00:00,1640966400000,2021-12-31T16:00:00+00:00,0.0,0.0
2022-01-01 00:00:00.006000+00:00,1640995200006,2022-01-01T00:00:00.006000+00:00,0.0,0.0
2022-01-01 08:00:00.009000+00:00,1641024000009,2022-01-01T08:00:00.009000+00:00,0.0,0.0
2022-01-01 16:00:00+00:00,1641052800000,2022-01-01T16:00:00+00:00,0.0,0.0
2022-01-02 00:00:00.028000+00:00,1641081600028,2022-01-02T00:00:00.028000+00:00,0.0,0.0
2022-01-02 08:00:00+00:00,1641110400000,2022-01-02T08:00:00+00:00,0.0,0.0
2022-01-02 16:00:00+00:00,1641139200000,2022-01-02T16:00:00+00:00,0.0,0.0
2022-01-03 00:00:00.010000+00:00,1641168000010,2022-01-03T00:00:00.010000+00:00,0.0,0.0
2022-01-03 08:00:00.013000+00:00,1641196800013,2022-01-03T08:00:00.013000+00:00,0.0,0.0
2022-01-03 16:00:00.018000+00:00,1641225600018,2022-01-03T16:00:00.018000+00:00,0.0,0.0
2022-01-04 00:00:00+00:00,1641254400000,2022-01-04T00:00:00+00:00,7.356e-05,0.0
2022-01-04 08:00:00.010000+00:00,1641283200010,2022-01-04T08:00:00.010000+00:00,0.0,0.0
2022-01-04 16:00:00.002000+00:00,1641312000002,2022-01-04T16:00:00.002000+00:00,0.0,0.0
2022-01-05 00:00:00.001000+00:00,1641340800001,2022-01-05T00:00:00.001000+00:00,0.0,0.0
2022-01-05 08:00:00.017000+00:00,1641369600017,2022-01-05T08:00:00.017000+00:00,0.0,0.0
2022-01-05 16:00:00+00:00,1641398400000,2022-01-05T16:00:00+00:00,0.0,0.0
2022-01-06 00:00:00.002000+00:00,1641427200002,2022-01-06T00:00:00.002000+00:00,0.0,0.0
2022-01-06 08:00:00.021000+00:00,1641456000021,2022-01-06T08:00:00.021000+00:00,0.0,0.0
2022-01-06 16:00:00.006000+00:00,1641484800006,2022-01-06T16:00:00.006000+00:00,0.0,0.0
2022-01-07 00:00:00.005000+00:00,1641513600005,2022-01-07T00:00:00.005000+00:00,0.0,0.0
2022-01-07 08:00:00+00:00,1641542400000,2022-01-07T08:00:00+00:00,0.0,0.0
2022-01-07 16:00:00.001000+00:00,1641571200001,2022-01-07T16:00:00.001000+00:00,0.0,0.0
2022-01-08 00:00:00.014000+00:00,1641600000014,2022-01-08T00:00:00.014000+00:00,0.0,0.0
2022-01-08 08:00:00.013000+00:00,1641628800013,2022-01-08T08:00:00.013000+00:00,0.0,0.0
2022-01-08 16:00:00+00:00,1641657600000,2022-01-08T16:00:00+00:00,0.0,0.0
2022-01-09 00:00:00.003000+00:00,1641686400003,2022-01-09T00:00:00.003000+00:00,-0.00017817,0.0
2022-01-09 08:00:00+00:00,1641715200000,2022-01-09T08:00:00+00:00,-0.00010275,0.0
2022-01-09 16:00:00+00:00,1641744000000,2022-01-09T16:00:00+00:00,0.0,0.0
2022-01-10 00:00:00+00:00,1641772800000,2022-01-10T00:00:00+00:00,-0.00035535,0.0
2022-01-10 08:00:00.010000+00:00,1641801600010,2022-01-10T08:00:00.010000+00:00,-0.00010057,0.0
2022-01-10 16:00:00.007000+00:00,1641830400007,2022-01-10T16:00:00.007000+00:00,0.0,0.0
2022-01-11 00:00:00.013000+00:00,1641859200013,2022-01-11T00:00:00.013000+00:00,0.0,0.0
2022-01-11 08:00:00.004000+00:00,1641888000004,2022-01-11T08:00:00.004000+00:00,0.0,0.0
2022-01-11 16:00:00+00:00,1641916800000,2022-01-11T16:00:00+00:00,-0.0002741,0.0
2022-01-12 00:00:00.012000+00:00,1641945600012,2022-01-12T00:00:00.012000+00:00,-0.00124953,0.0
2022-01-12 08:00:00.015000+00:00,1641974400015,2022-01-12T08:00:00.015000+00:00,-0.0005687,0.0
2022-01-12 16:00:00+00:00,1642003200000,2022-01-12T16:00:00+00:00,-0.00108975,0.0
2022-01-13 00:00:00.007000+00:00,1642032000007,2022-01-13T00:00:00.007000+00:00,-0.00158912,0.0
2022-01-13 08:00:00+00:00,1642060800000,2022-01-13T08:00:00+00:00,-0.00064833,0.0
2022-01-13 16:00:00.014000+00:00,1642089600014,2022-01-13T16:00:00.014000+00:00,-0.00079825,0.0
2022-01-14 00:00:00+00:00,1642118400000,2022-01-14T00:00:00+00:00,-0.00079953,0.0
2022-01-14 08:00:00.006000+00:00,1642147200006,2022-01-14T08:00:00.006000+00:00,-0.00047792,0.0
2022-01-14 16:00:00.014000+00:00,1642176000014,2022-01-14T16:00:00.014000+00:00,-0.00138791,0.0
2022-01-15 00:00:00+00:00,1642204800000,2022-01-15T00:00:00+00:00,-0.00075342,0.0
2022-01-15 08:00:00.002000+00:00,1642233600002,2022-01-15T08:00:00.002000+00:00,-0.00077696,0.0
2022-01-15 16:00:00+00:00,1642262400000,2022-01-15T16:00:00+00:00,-0.00087986,0.0
2022-01-16 00:00:00+00:00,1642291200000,2022-01-16T00:00:00+00:00,-0.00126663,0.0
2022-01-16 08:00:00.017000+00:00,1642320000017,2022-01-16T08:00:00.017000+00:00,-0.00052259,0.0
2022-01-16 16:00:00.011000+00:00,1642348800011,2022-01-16T16:00:00.011000+00:00,-0.00099898,0.0
2022-01-17 00:00:00.005000+00:00,1642377600005,2022-01-17T00:00:00.005000+00:00,-0.00128685,0.0
2022-01-17 08:00:00.006000+00:00,1642406400006,2022-01-17T08:00:00.006000+00:00,-0.00067301,0.0
2022-01-17 16:00:00.012000+00:00,1642435200012,2022-01-17T16:00:00.012000+00:00,-0.00060939,0.0
2022-01-18 00:00:00.020000+00:00,1642464000020,2022-01-18T00:00:00.020000+00:00,-0.0005153,0.0
2022-01-18 08:00:00+00:00,1642492800000,2022-01-18T08:00:00+00:00,-0.00058499,0.0
2022-01-18 16:00:00.013000+00:00,1642521600013,2022-01-18T16:00:00.013000+00:00,-0.00038108,0.0
2022-01-19 00:00:00.001000+00:00,1642550400001,2022-01-19T00:00:00.001000+00:00,-0.00066342,0.0
2022-01-19 08:00:00+00:00,1642579200000,2022-01-19T08:00:00+00:00,-0.00069935,0.0
2022-01-19 16:00:00+00:00,1642608000000,2022-01-19T16:00:00+00:00,-0.00051438,0.0
2022-01-20 00:00:00.015000+00:00,1642636800015,2022-01-20T00:00:00.015000+00:00,-0.00052222,0.0
2022-01-20 08:00:00+00:00,1642665600000,2022-01-20T08:00:00+00:00,-0.00037769,0.0
2022-01-20 16:00:00+00:00,1642694400000,2022-01-20T16:00:00+00:00,0.0,0.0
2022-01-21 00:00:00.007000+00:00,1642723200007,2022-01-21T00:00:00.007000+00:00,0.0,0.0
2022-01-21 08:00:00.015000+00:00,1642752000015,2022-01-21T08:00:00.015000+00:00,0.0,0.0
2022-01-21 16:00:00+00:00,1642780800000,2022-01-21T16:00:00+00:00,0.0,0.0
2022-01-22 00:00:00.017000+00:00,1642809600017,2022-01-22T00:00:00.017000+00:00,0.0,0.0
2022-01-22 08:00:00.003000+00:00,1642838400003,2022-01-22T08:00:00.003000+00:00,-7.151e-05,0.0
2022-01-22 16:00:00.021000+00:00,1642867200021,2022-01-22T16:00:00.021000+00:00,-0.00026144,0.0
2022-01-23 00:00:00.026000+00:00,1642896000026,2022-01-23T00:00:00.026000+00:00,0.0,0.0
2022-01-23 08:00:00.010000+00:00,1642924800010,2022-01-23T08:00:00.010000+00:00,0.0,0.0
2022-01-23 16:00:00.009000+00:00,1642953600009,2022-01-23T16:00:00.009000+00:00,-0.00012949,0.0
2022-01-24 00:00:00.010000+00:00,1642982400010,2022-01-24T00:00:00.010000+00:00,0.0,0.0
2022-01-24 08:00:00+00:00,1643011200000,2022-01-24T08:00:00+00:00,-7.805e-05,0.0
2022-01-24 16:00:00.021000+00:00,1643040000021,2022-01-24T16:00:00.021000+00:00,0.0,0.0
2022-01-25 00:00:00+00:00,1643068800000,2022-01-25T00:00:00+00:00,-0.00011132,0.0
2022-01-25 08:00:00+00:00,1643097600000,2022-01-25T08:00:00+00:00,0.0,0.0
2022-01-25 16:00:00.012000+00:00,1643126400012,2022-01-25T16:00:00.012000+00:00,-1.041e-05,0.0
2022-01-26 00:00:00+00:00,1643155200000,2022-01-26T00:00:00+00:00,-0.00013818,0.0
2022-01-26 08:00:00.001000+00:00,1643184000001,2022-01-26T08:00:00.001000+00:00,-8.717e-05,0.0
2022-01-26 16:00:00.005000+00:00,1643212800005,2022-01-26T16:00:00.005000+00:00,-7.18e-05,0.0
2022-01-27 00:00:00.004000+00:00,1643241600004,2022-01-27T00:00:00.004000+00:00,-0.00012189,0.0
2022-01-27 08:00:00.004000+00:00,1643270400004,2022-01-27T08:00:00.004000+00:00,-0.0002612,0.0
2022-01-27 16:00:00.019000+00:00,1643299200019,2022-01-27T16:00:00.019000+00:00,-0.0002404,0.0
2022-01-28 00:00:00+00:00,1643328000000,2022-01-28T00:00:00+00:00,-0.00027472,0.0
2022-01-28 08:00:00+00:00,1643356800000,2022-01-28T08:00:00+00:00,-1.656e-05,0.0
2022-01-28 16:00:00.025000+00:00,1643385600025,2022-01-28T16:00:00.025000+00:00,-0.00016179,0.0
2022-01-29 00:00:00.017000+00:00,1643414400017,2022-01-29T00:00:00.017000+00:00,0.0,0.0
2022-01-29 08:00:00+00:00,1643443200000,2022-01-29T08:00:00+00:00,-6.63e-06,0.0
2022-01-29 16:00:00.013000+00:00,1643472000013,2022-01-29T16:00:00.013000+00:00,-1.465e-05,0.0
2022-01-30 00:00:00.025000+00:00,1643500800025,2022-01-30T00:00:00.025000+00:00,-0.00015692,0.0
2022-01-30 08:00:00.009000+00:00,1643529600009,2022-01-30T08:00:00.009000+00:00,0.0,0.0
2022-01-30 16:00:00+00:00,1643558400000,2022-01-30T16:00:00+00:00,0.0,0.0
2022-01-31 00:00:00+00:00,1643587200000,2022-01-31T00:00:00+00:00,-0.00023536,0.0
2022-01-31 08:00:00+00:00,1643616000000,2022-01-31T08:00:00+00:00,-5.941e-05,0.0
2022-01-31 16:00:00+00:00,1643644800000,2022-01-31T16:00:00+00:00,0.0,0.0
2022-02-01 00:00:00.010000+00:00,1643673600010,2022-02-01T00:00:00.010000+00:00,0.0,0.0
2022-02-01 08:00:00+00:00,1643702400000,2022-02-01T08:00:00+00:00,0.0,0.0
2022-02-01 16:00:00.004000+00:00,1643731200004,2022-02-01T16:00:00.004000+00:00,-5.12e-05,0.0
2022-02-02 00:00:00.004000+00:00,1643760000004,2022-02-02T00:00:00.004000+00:00,0.0,0.0
2022-02-02 08:00:00+00:00,1643788800000,2022-02-02T08:00:00+00:00,0.0,0.0
2022-02-02 16:00:00.002000+00:00,1643817600002,2022-02-02T16:00:00.002000+00:00,-3.712e-05,0.0
2022-02-03 00:00:00.002000+00:00,1643846400002,2022-02-03T00:00:00.002000+00:00,-0.00013032,0.0
2022-02-03 08:00:00+00:00,1643875200000,2022-02-03T08:00:00+00:00,-8.246e-05,0.0
2022-02-03 16:00:00+00:00,1643904000000,2022-02-03T16:00:00+00:00,0.0,0.0
2022-02-04 00:00:00.018000+00:00,1643932800018,2022-02-04T00:00:00.018000+00:00,0.0,0.0
2022-02-04 08:00:00.005000+00:00,1643961600005,2022-02-04T08:00:00.005000+00:00,-0.00010614,0.0
2022-02-04 16:00:00.010000+00:00,1643990400010,2022-02-04T16:00:00.010000+00:00,0.0,0.0
2022-02-05 00:00:00.014000+00:00,1644019200014,2022-02-05T00:00:00.014000+00:00,0.0,0.0
2022-02-05 08:00:00+00:00,1644048000000,2022-02-05T08:00:00+00:00,-0.0003478,0.0
2022-02-05 16:00:00+00:00,1644076800000,2022-02-05T16:00:00+00:00,0.0,0.0
2022-02-06 00:00:00+00:00,1644105600000,2022-02-06T00:00:00+00:00,-0.00010182,0.0
2022-02-06 08:00:00+00:00,1644134400000,2022-02-06T08:00:00+00:00,-4.58e-05,0.0
2022-02-06 16:00:00+00:00,1644163200000,2022-02-06T16:00:00+00:00,-6.134e-05,0.0
2022-02-07 00:00:00.003000+00:00,1644192000003,2022-02-07T00:00:00.003000+00:00,-3.128e-05,0.0
2022-02-07 08:00:00.014000+00:00,1644220800014,2022-02-07T08:00:00.014000+00:00,-4.468e-05,0.0
2022-02-07 16:00:00.003000+00:00,1644249600003,2022-02-07T16:00:00.003000+00:00,-0.0002096,0.0
2022-02-08 00:00:00.001000+00:00,1644278400001,2022-02-08T00:00:00.001000+00:00,-7.65e-05,0.0
2022-02-08 08:00:00.003000+00:00,1644307200003,2022-02-08T08:00:00.003000+00:00,0.0,0.0
2022-02-08 16:00:00.002000+00:00,1644336000002,2022-02-08T16:00:00.002000+00:00,0.0,0.0
2022-02-09 00:00:00+00:00,1644364800000,2022-02-09T00:00:00+00:00,0.0,0.0
2022-02-09 08:00:00.005000+00:00,1644393600005,2022-02-09T08:00:00.005000+00:00,0.0,0.0
2022-02-09 16:00:00.001000+00:00,1644422400001,2022-02-09T16:00:00.001000+00:00,0.0,0.0
2022-02-10 00:00:00.012000+00:00,1644451200012,2022-02-10T00:00:00.012000+00:00,-5.75e-05,0.0
2022-02-10 08:00:00+00:00,1644480000000,2022-02-10T08:00:00+00:00,-6.47e-05,0.0
2022-02-10 16:00:00.006000+00:00,1644508800006,2022-02-10T16:00:00.006000+00:00,0.0,0.0
2022-02-11 00:00:00+00:00,1644537600000,2022-02-11T00:00:00+00:00,0.0,0.0
2022-02-11 08:00:00.009000+00:00,1644566400009,2022-02-11T08:00:00.009000+00:00,-0.00012609,0.0
2022-02-11 16:00:00.015000+00:00,1644595200015,2022-02-11T16:00:00.015000+00:00,-0.0001024,0.0
2022-02-12 00:00:00.020000+00:00,1644624000020,2022-02-12T00:00:00.020000+00:00,0.0,0.0
2022-02-12 08:00:00.001000+00:00,1644652800001,2022-02-12T08:00:00.001000+00:00,0.0,0.0
2022-02-12 16:00:00.007000+00:00,1644681600007,2022-02-12T16:00:00.007000+00:00,0.0,0.0
2022-02-13 00:00:00.022000+00:00,1644710400022,2022-02-13T00:00:00.022000+00:00,0.0,0.0
2022-02-13 08:00:00.001000+00:00,1644739200001,2022-02-13T08:00:00.001000+00:00,0.0,0.0
2022-02-13 16:00:00.007000+00:00,1644768000007,2022-02-13T16:00:00.007000+00:00,0.0,0.0
2022-02-14 00:00:00.005000+00:00,1644796800005,2022-02-14T00:00:00.005000+00:00,0.0,0.0
2022-02-14 08:00:00.013000+00:00,1644825600013,2022-02-14T08:00:00.013000+00:00,0.0,0.0
2022-02-14 16:00:00.019000+00:00,1644854400019,2022-02-14T16:00:00.019000+00:00,0.0,0.0
2022-02-15 00:00:00.012000+00:00,1644883200012,2022-02-15T00:00:00.012000+00:00,0.0,0.0
2022-02-15 08:00:00.005000+00:00,1644912000005,2022-02-15T08:00:00.005000+00:00,0.0,0.0
2022-02-15 16:00:00.011000+00:00,1644940800011,2022-02-15T16:00:00.011000+00:00,0.0,0.0
2022-02-16 00:00:00.009000+00:00,1644969600009,2022-02-16T00:00:00.009000+00:00,0.0,0.0
2022-02-16 08:00:00.001000+00:00,1644998400001,2022-02-16T08:00:00.001000+00:00,-1.311e-05,0.0
2022-02-16 16:00:00.014000+00:00,1645027200014,2022-02-16T16:00:00.014000+00:00,0.0,0.0
2022-02-17 00:00:00.018000+00:00,1645056000018,2022-02-17T00:00:00.018000+00:00,-0.00023939,0.0
2022-02-17 08:00:00+00:00,1645084800000,2022-02-17T08:00:00+00:00,0.0,0.0
2022-02-17 16:00:00.010000+00:00,1645113600010,2022-02-17T16:00:00.010000+00:00,0.0,0.0
2022-02-18 00:00:00+00:00,1645142400000,2022-02-18T00:00:00+00:00,-0.0001889,0.0
2022-02-18 08:00:00.002000+00:00,1645171200002,2022-02-18T08:00:00.002000+00:00,-0.00015659,0.0
2022-02-18 16:00:00+00:00,1645200000000,2022-02-18T16:00:00+00:00,-3.328e-05,0.0
2022-02-19 00:00:00.007000+00:00,1645228800007,2022-02-19T00:00:00.007000+00:00,-0.00016833,0.0
2022-02-19 08:00:00+00:00,1645257600000,2022-02-19T08:00:00+00:00,-0.00016878,0.0
2022-02-19 16:00:00.023000+00:00,1645286400023,2022-02-19T16:00:00.023000+00:00,0.0,0.0
2022-02-20 00:00:00.001000+00:00,1645315200001,2022-02-20T00:00:00.001000+00:00,-0.00017806,0.0
2022-02-20 08:00:00.003000+00:00,1645344000003,2022-02-20T08:00:00.003000+00:00,-0.00027941,0.0
2022-02-20 16:00:00.001000+00:00,1645372800001,2022-02-20T16:00:00.001000+00:00,-0.00028431,0.0
2022-02-21 00:00:00+00:00,1645401600000,2022-02-21T00:00:00+00:00,-9.596e-05,0.0
2022-02-21 08:00:00.001000+00:00,1645430400001,2022-02-21T08:00:00.001000+00:00,-0.00032626,0.0
2022-02-21 16:00:00.005000+00:00,1645459200005,2022-02-21T16:00:00.005000+00:00,0.0,0.0
2022-02-22 00:00:00.005000+00:00,1645488000005,2022-02-22T00:00:00.005000+00:00,-0.00022337,0.0
2022-02-22 08:00:00+00:00,1645516800000,2022-02-22T08:00:00+00:00,0.0,0.0
2022-02-22 16:00:00+00:00,1645545600000,2022-02-22T16:00:00+00:00,-6.405e-05,0.0
2022-02-23 00:00:00.002000+00:00,1645574400002,2022-02-23T00:00:00.002000+00:00,-3.262e-05,0.0
2022-02-23 08:00:00.005000+00:00,1645603200005,2022-02-23T08:00:00.005000+00:00,-2.415e-05,0.0
2022-02-23 16:00:00.010000+00:00,1645632000010,2022-02-23T16:00:00.010000+00:00,0.0,0.0
2022-02-24 00:00:00.008000+00:00,1645660800008,2022-02-24T00:00:00.008000+00:00,0.0,0.0
2022-02-24 08:00:00.003000+00:00,1645689600003,2022-02-24T08:00:00.003000+00:00,-3.529e-05,0.0
2022-02-24 16:00:00.001000+00:00,1645718400001,2022-02-24T16:00:00.001000+00:00,-0.00020486,0.0
2022-02-25 00:00:00+00:00,1645747200000,2022-02-25T00:00:00+00:00,-0.00011321,0.0
2022-02-25 08:00:00.006000+00:00,1645776000006,2022-02-25T08:00:00.006000+00:00,-2.775e-05,0.0
2022-02-25 16:00:00.001000+00:00,1645804800001,2022-02-25T16:00:00.001000+00:00,-0.00023451,0.0
2022-02-26 00:00:00.004000+00:00,1645833600004,2022-02-26T00:00:00.004000+00:00,-2.515e-05,0.0
2022-02-26 08:00:00.004000+00:00,1645862400004,2022-02-26T08:00:00.004000+00:00,0.0,0.0
2022-02-26 16:00:00.007000+00:00,1645891200007,2022-02-26T16:00:00.007000+00:00,0.0,0.0
2022-02-27 00:00:00.012000+00:00,1645920000012,2022-02-27T00:00:00.012000+00:00,-3.41e-06,0.0
2022-02-27 08:00:00+00:00,1645948800000,2022-02-27T08:00:00+00:00,-3.89e-06,0.0
2022-02-27 16:00:00+00:00,1645977600000,2022-02-27T16:00:00+00:00,0.0,0.0
2022-02-28 00:00:00+00:00,1646006400000,2022-02-28T00:00:00+00:00,0.0,0.0
2022-02-28 08:00:00.001000+00:00,1646035200001,2022-02-28T08:00:00.001000+00:00,-8.48e-06,0.0
2022-02-28 16:00:00.002000+00:00,1646064000002,2022-02-28T16:00:00.002000+00:00,0.0,0.0
2022-03-01 00:00:00.002000+00:00,1646092800002,2022-03-01T00:00:00.002000+00:00,0.0,0.0
2022-03-01 08:00:00.001000+00:00,1646121600001,2022-03-01T08:00:00.001000+00:00,0.0,0.0
2022-03-01 16:00:00+00:00,1646150400000,2022-03-01T16:00:00+00:00,0.0,0.0
2022-03-02 00:00:00+00:00,1646179200000,2022-03-02T00:00:00+00:00,0.0,0.0
2022-03-02 08:00:00+00:00,1646208000000,2022-03-02T08:00:00+00:00,-0.00013979,0.0
2022-03-02 16:00:00.002000+00:00,1646236800002,2022-03-02T16:00:00.002000+00:00,-0.00013356,0.0
2022-03-03 00:00:00+00:00,1646265600000,2022-03-03T00:00:00+00:00,-9.498e-05,0.0
2022-03-03 08:00:00+00:00,1646294400000,2022-03-03T08:00:00+00:00,0.0,0.0
2022-03-03 16:00:00.005000+00:00,1646323200005,2022-03-03T16:00:00.005000+00:00,-0.00014664,0.0
2022-03-04 00:00:00.018000+00:00,1646352000018,2022-03-04T00:00:00.018000+00:00,-0.00012499,0.0
2022-03-04 08:00:00+00:00,1646380800000,2022-03-04T08:00:00+00:00,-0.00023376,0.0
2022-03-04 16:00:00+00:00,1646409600000,2022-03-04T16:00:00+00:00,-0.00027034,0.0
2022-03-05 00:00:00.006000+00:00,1646438400006,2022-03-05T00:00:00.006000+00:00,-0.0002238,0.0
2022-03-05 08:00:00.004000+00:00,1646467200004,2022-03-05T08:00:00.004000+00:00,-0.00071402,0.0
2022-03-05 16:00:00+00:00,1646496000000,2022-03-05T16:00:00+00:00,-0.00017122,0.0
2022-03-06 00:00:00.004000+00:00,1646524800004,2022-03-06T00:00:00.004000+00:00,-0.00043414,0.0
2022-03-06 08:00:00+00:00,1646553600000,2022-03-06T08:00:00+00:00,-0.00027293,0.0
2022-03-06 16:00:00.013000+00:00,1646582400013,2022-03-06T16:00:00.013000+00:00,-0.00044034,0.0
2022-03-07 00:00:00.008000+00:00,1646611200008,2022-03-07T00:00:00.008000+00:00,-0.0004385,0.0
2022-03-07 08:00:00.006000+00:00,1646640000006,2022-03-07T08:00:00.006000+00:00,-0.00030887,0.0
2022-03-07 16:00:00+00:00,1646668800000,2022-03-07T16:00:00+00:00,-0.00034382,0.0
2022-03-08 00:00:00.008000+00:00,1646697600008,2022-03-08T00:00:00.008000+00:00,-0.00044868,0.0
2022-03-08 08:00:00.002000+00:00,1646726400002,2022-03-08T08:00:00.002000+00:00,-0.00021034,0.0
2022-03-08 16:00:00+00:00,1646755200000,2022-03-08T16:00:00+00:00,-0.00021489,0.0
2022-03-09 00:00:00.008000+00:00,1646784000008,2022-03-09T00:00:00.008000+00:00,-0.00034539,0.0
2022-03-09 08:00:00+00:00,1646812800000,2022-03-09T08:00:00+00:00,-3.886e-05,0.0
2022-03-09 16:00:00.004000+00:00,1646841600004,2022-03-09T16:00:00.004000+00:00,0.0,0.0
2022-03-10 00:00:00+00:00,1646870400000,2022-03-10T00:00:00+00:00,0.0,0.0
2022-03-10 08:00:00.017000+00:00,1646899200017,2022-03-10T08:00:00.017000+00:00,-2.639e-05,0.0
2022-03-10 16:00:00+00:00,1646928000000,2022-03-10T16:00:00+00:00,0.0,0.0
2022-03-11 00:00:00.008000+00:00,1646956800008,2022-03-11T00:00:00.008000+00:00,-0.00017397,0.0
2022-03-11 08:00:00+00:00,1646985600000,2022-03-11T08:00:00+00:00,-3.005e-05,0.0
2022-03-11 16:00:00.001000+00:00,1647014400001,2022-03-11T16:00:00.001000+00:00,-6.194e-05,0.0
2022-03-12 00:00:00.010000+00:00,1647043200010,2022-03-12T00:00:00.010000+00:00,0.0,0.0
2022-03-12 08:00:00.001000+00:00,1647072000001,2022-03-12T08:00:00.001000+00:00,0.0,0.0
2022-03-12 16:00:00.002000+00:00,1647100800002,2022-03-12T16:00:00.002000+00:00,0.0,0.0
2022-03-13 00:00:00.008000+00:00,1647129600008,2022-03-13T00:00:00.008000+00:00,0.0,0.0
2022-03-13 08:00:00+00:00,1647158400000,2022-03-13T08:00:00+00:00,-5.366e-05,0.0
2022-03-13 16:00:00.002000+00:00,1647187200002,2022-03-13T16:00:00.002000+00:00,-5.308e-05,0.0
2022-03-14 00:00:00.014000+00:00,1647216000014,2022-03-14T00:00:00.014000+00:00,-0.00024568,0.0
2022-03-14 08:00:00.005000+00:00,1647244800005,2022-03-14T08:00:00.005000+00:00,-5.074e-05,0.0
2022-03-14 16:00:00.002000+00:00,1647273600002,2022-03-14T16:00:00.002000+00:00,0.0,0.0
2022-03-15 00:00:00.008000+00:00,1647302400008,2022-03-15T00:00:00.008000+00:00,0.0,0.0
2022-03-15 08:00:00+00:00,1647331200000,2022-03-15T08:00:00+00:00,-0.00013892,0.0
2022-03-15 16:00:00.006000+00:00,1647360000006,2022-03-15T16:00:00.006000+00:00,-8.191e-05,0.0
2022-03-16 00:00:00.013000+00:00,1647388800013,2022-03-16T00:00:00.013000+00:00,0.0,0.0
2022-03-16 08:00:00+00:00,1647417600000,2022-03-16T08:00:00+00:00,0.0,0.0
2022-03-16 16:00:00.008000+00:00,1647446400008,2022-03-16T16:00:00.008000+00:00,0.0,0.0
2022-03-17 00:00:00.004000+00:00,1647475200004,2022-03-17T00:00:00.004000+00:00,0.0,0.0
2022-03-17 08:00:00+00:00,1647504000000,2022-03-17T08:00:00+00:00,0.0,0.0
2022-03-17 16:00:00.004000+00:00,1647532800004,2022-03-17T16:00:00.004000+00:00,0.0,0.0
2022-03-18 00:00:00+00:00,1647561600000,2022-03-18T00:00:00+00:00,0.0,0.0
2022-03-18 08:00:00+00:00,1647590400000,2022-03-18T08:00:00+00:00,-5.118e-05,0.0
2022-03-18 16:00:00.017000+00:00,1647619200017,2022-03-18T16:00:00.017000+00:00,0.0,0.0
2022-03-19 00:00:00.008000+00:00,1647648000008,2022-03-19T00:00:00.008000+00:00,0.0,0.0
2022-03-19 08:00:00.015000+00:00,1647676800015,2022-03-19T08:00:00.015000+00:00,0.0,0.0
2022-03-19 16:00:00+00:00,1647705600000,2022-03-19T16:00:00+00:00,0.0,0.0
2022-03-20 00:00:00+00:00,1647734400000,2022-03-20T00:00:00+00:00,0.0,0.0
2022-03-20 08:00:00.001000+00:00,1647763200001,2022-03-20T08:00:00.001000+00:00,0.0,0.0
2022-03-20 16:00:00.002000+00:00,1647792000002,2022-03-20T16:00:00.002000+00:00,0.0,0.0
2022-03-21 00:00:00.013000+00:00,1647820800013,2022-03-21T00:00:00.013000+00:00,0.0,0.0
2022-03-21 08:00:00.004000+00:00,1647849600004,2022-03-21T08:00:00.004000+00:00,0.0,0.0
2022-03-21 16:00:00.010000+00:00,1647878400010,2022-03-21T16:00:00.010000+00:00,0.0,0.0
2022-03-22 00:00:00.012000+00:00,1647907200012,2022-03-22T00:00:00.012000+00:00,0.0,0.0
2022-03-22 08:00:00.001000+00:00,1647936000001,2022-03-22T08:00:00.001000+00:00,0.0,0.0
2022-03-22 16:00:00.022000+00:00,1647964800022,2022-03-22T16:00:00.022000+00:00,0.0,0.0
2022-03-23 00:00:00.007000+00:00,1647993600007,2022-03-23T00:00:00.007000+00:00,0.0,0.0
2022-03-23 08:00:00+00:00,1648022400000,2022-03-23T08:00:00+00:00,0.0,0.0
2022-03-23 16:00:00.006000+00:00,1648051200006,2022-03-23T16:00:00.006000+00:00,0.0,0.0
2022-03-24 00:00:00.013000+00:00,1648080000013,2022-03-24T00:00:00.013000+00:00,0.0,0.0
2022-03-24 08:00:00.006000+00:00,1648108800006,2022-03-24T08:00:00.006000+00:00,0.0,0.0
2022-03-24 16:00:00.020000+00:00,1648137600020,2022-03-24T16:00:00.020000+00:00,0.0,0.0
2022-03-25 00:00:00.010000+00:00,1648166400010,2022-03-25T00:00:00.010000+00:00,0.0,0.0
2022-03-25 08:00:00.001000+00:00,1648195200001,2022-03-25T08:00:00.001000+00:00,0.0,0.0
2022-03-25 16:00:00.014000+00:00,1648224000014,2022-03-25T16:00:00.014000+00:00,0.0,0.0
2022-03-26 00:00:00.020000+00:00,1648252800020,2022-03-26T00:00:00.020000+00:00,0.0,0.0
2022-03-26 08:00:00.006000+00:00,1648281600006,2022-03-26T08:00:00.006000+00:00,0.0,0.0
2022-03-26 16:00:00+00:00,1648310400000,2022-03-26T16:00:00+00:00,0.0,0.0
2022-03-27 00:00:00.004000+00:00,1648339200004,2022-03-27T00:00:00.004000+00:00,0.0,0.0
2022-03-27 08:00:00.001000+00:00,1648368000001,2022-03-27T08:00:00.001000+00:00,0.0,0.0
2022-03-27 16:00:00.006000+00:00,1648396800006,2022-03-27T16:00:00.006000+00:00,0.0,0.0
2022-03-28 00:00:00.012000+00:00,1648425600012,2022-03-28T00:00:00.012000+00:00,0.0,0.0
2022-03-28 08:00:00.007000+00:00,1648454400007,2022-03-28T08:00:00.007000+00:00,0.0,0.0
2022-03-28 16:00:00+00:00,1648483200000,2022-03-28T16:00:00+00:00,0.0,0.0
2022-03-29 00:00:00+00:00,1648512000000,2022-03-29T00:00:00+00:00,0.0,0.0
2022-03-29 08:00:00.015000+00:00,1648540800015,2022-03-29T08:00:00.015000+00:00,0.0,0.0
2022-03-29 16:00:00+00:00,1648569600000,2022-03-29T16:00:00+00:00,0.0,0.0
2022-03-30 00:00:00+00:00,1648598400000,2022-03-30T00:00:00+00:00,0.0,0.0
2022-03-30 08:00:00.002000+00:00,1648627200002,2022-03-30T08:00:00.002000+00:00,0.0,0.0
2022-03-30 16:00:00.028000+00:00,1648656000028,2022-03-30T16:00:00.028000+00:00,8.729e-05,0.0
2022-03-31 00:00:00.017000+00:00,1648684800017,2022-03-31T00:00:00.017000+00:00,0.0,0.0
2022-03-31 08:00:00+00:00,1648713600000,2022-03-31T08:00:00+00:00,0.0,0.0
2022-03-31 16:00:00.015000+00:00,1648742400015,2022-03-31T16:00:00.015000+00:00,0.0,0.0
2022-04-01 00:00:00+00:00,1648771200000,2022-04-01T00:00:00+00:00,0.0,0.0
2022-04-01 08:00:00+00:00,1648800000000,2022-04-01T08:00:00+00:00,0.0,0.0
2022-04-01 16:00:00.018000+00:00,1648828800018,2022-04-01T16:00:00.018000+00:00,0.0,0.0
2022-04-02 00:00:00+00:00,1648857600000,2022-04-02T00:00:00+00:00,0.0,0.0
2022-04-02 08:00:00.002000+00:00,1648886400002,2022-04-02T08:00:00.002000+00:00,0.0,0.0
2022-04-02 16:00:00.006000+00:00,1648915200006,2022-04-02T16:00:00.006000+00:00,0.0,0.0
2022-04-03 00:00:00.018000+00:00,1648944000018,2022-04-03T00:00:00.018000+00:00,0.0,0.0
2022-04-03 08:00:00.018000+00:00,1648972800018,2022-04-03T08:00:00.018000+00:00,0.0,0.0
2022-04-03 16:00:00.015000+00:00,1649001600015,2022-04-03T16:00:00.015000+00:00,0.0,0.0
2022-04-04 00:00:00.006000+00:00,1649030400006,2022-04-04T00:00:00.006000+00:00,0.0,0.0
2022-04-04 08:00:00+00:00,1649059200000,2022-04-04T08:00:00+00:00,0.0,0.0
2022-04-04 16:00:00.016000+00:00,1649088000016,2022-04-04T16:00:00.016000+00:00,0.0,0.0
2022-04-05 00:00:00+00:00,1649116800000,2022-04-05T00:00:00+00:00,0.0,0.0
2022-04-05 08:00:00.010000+00:00,1649145600010,2022-04-05T08:00:00.010000+00:00,0.0,0.0
2022-04-05 16:00:00.008000+00:00,1649174400008,2022-04-05T16:00:00.008000+00:00,0.0,0.0
2022-04-06 00:00:00.001000+00:00,1649203200001,2022-04-06T00:00:00.001000+00:00,0.0,0.0
2022-04-06 08:00:00.021000+00:00,1649232000021,2022-04-06T08:00:00.021000+00:00,0.0,0.0
2022-04-06 16:00:00+00:00,1649260800000,2022-04-06T16:00:00+00:00,0.0,0.0
2022-04-07 00:00:00.009000+00:00,1649289600009,2022-04-07T00:00:00.009000+00:00,-2.025e-05,0.0
2022-04-07 08:00:00+00:00,1649318400000,2022-04-07T08:00:00+00:00,-7.42e-06,0.0
2022-04-07 16:00:00+00:00,1649347200000,2022-04-07T16:00:00+00:00,0.0,0.0
2022-04-08 00:00:00+00:00,1649376000000,2022-04-08T00:00:00+00:00,0.0,0.0
2022-04-08 08:00:00.004000+00:00,1649404800004,2022-04-08T08:00:00.004000+00:00,0.0,0.0
2022-04-08 16:00:00.008000+00:00,1649433600008,2022-04-08T16:00:00.008000+00:00,0.0,0.0
2022-04-09 00:00:00.008000+00:00,1649462400008,2022-04-09T00:00:00.008000+00:00,0.0,0.0
2022-04-09 08:00:00+00:00,1649491200000,2022-04-09T08:00:00+00:00,0.0,0.0
2022-04-09 16:00:00.001000+00:00,1649520000001,2022-04-09T16:00:00.001000+00:00,0.0,0.0
2022-04-10 00:00:00.004000+00:00,1649548800004,2022-04-10T00:00:00.004000+00:00,0.0,0.0
2022-04-10 08:00:00.007000+00:00,1649577600007,2022-04-10T08:00:00.007000+00:00,0.0,0.0
2022-04-10 16:00:00.016000+00:00,1649606400016,2022-04-10T16:00:00.016000+00:00,0.0,0.0
2022-04-11 00:00:00+00:00,1649635200000,2022-04-11T00:00:00+00:00,0.0,0.0
2022-04-11 08:00:00+00:00,1649664000000,2022-04-11T08:00:00+00:00,-2.485e-05,0.0
2022-04-11 16:00:00.009000+00:00,1649692800009,2022-04-11T16:00:00.009000+00:00,0.0,0.0
2022-04-12 00:00:00+00:00,1649721600000,2022-04-12T00:00:00+00:00,-1.02e-05,0.0
2022-04-12 08:00:00.006000+00:00,1649750400006,2022-04-12T08:00:00.006000+00:00,-2.03e-05,0.0
2022-04-12 16:00:00.013000+00:00,1649779200013,2022-04-12T16:00:00.013000+00:00,-2.025e-05,0.0
2022-04-13 00:00:00.005000+00:00,1649808000005,2022-04-13T00:00:00.005000+00:00,0.0,0.0
2022-04-13 08:00:00.008000+00:00,1649836800008,2022-04-13T08:00:00.008000+00:00,-0.00012415,0.0
2022-04-13 16:00:00.013000+00:00,1649865600013,2022-04-13T16:00:00.013000+00:00,0.0,0.0
2022-04-14 00:00:00.007000+00:00,1649894400007,2022-04-14T00:00:00.007000+00:00,-0.00011454,0.0
2022-04-14 08:00:00+00:00,1649923200000,2022-04-14T08:00:00+00:00,-0.0001157,0.0
2022-04-14 16:00:00.006000+00:00,1649952000006,2022-04-14T16:00:00.006000+00:00,-8.813e-05,0.0
2022-04-15 00:00:00.008000+00:00,1649980800008,2022-04-15T00:00:00.008000+00:00,0.0,0.0
2022-04-15 08:00:00.002000+00:00,1650009600002,2022-04-15T08:00:00.002000+00:00,0.0,0.0
2022-04-15 16:00:00+00:00,1650038400000,2022-04-15T16:00:00+00:00,0.0,0.0
2022-04-16 00:00:00.011000+00:00,1650067200011,2022-04-16T00:00:00.011000+00:00,-3.331e-05,0.0
2022-04-16 08:00:00.007000+00:00,1650096000007,2022-04-16T08:00:00.007000+00:00,0.0,0.0
2022-04-16 16:00:00.007000+00:00,1650124800007,2022-04-16T16:00:00.007000+00:00,-6.356e-05,0.0
2022-04-17 00:00:00+00:00,1650153600000,2022-04-17T00:00:00+00:00,0.0,0.0
2022-04-17 08:00:00.004000+00:00,1650182400004,2022-04-17T08:00:00.004000+00:00,0.0,0.0
2022-04-17 16:00:00+00:00,1650211200000,2022-04-17T16:00:00+00:00,0.0,0.0
2022-04-18 00:00:00.008000+00:00,1650240000008,2022-04-18T00:00:00.008000+00:00,-6.225e-05,0.0
2022-04-18 08:00:00.012000+00:00,1650268800012,2022-04-18T08:00:00.012000+00:00,-1.491e-05,0.0
2022-04-18 16:00:00+00:00,1650297600000,2022-04-18T16:00:00+00:00,-9.688e-05,0.0
2022-04-19 00:00:00.021000+00:00,1650326400021,2022-04-19T00:00:00.021000+00:00,0.0,0.0
2022-04-19 08:00:00.031000+00:00,1650355200031,2022-04-19T08:00:00.031000+00:00,0.0,0.0
2022-04-19 16:00:00+00:00,1650384000000,2022-04-19T16:00:00+00:00,0.0,0.0
2022-04-20 00:00:00.025000+00:00,1650412800025,2022-04-20T00:00:00.025000+00:00,0.0,0.0
2022-04-20 08:00:00.003000+00:00,1650441600003,2022-04-20T08:00:00.003000+00:00,0.0,0.0
2022-04-20 16:00:00+00:00,1650470400000,2022-04-20T16:00:00+00:00,0.0,0.0
2022-04-21 00:00:00+00:00,1650499200000,2022-04-21T00:00:00+00:00,0.0,0.0
2022-04-21 08:00:00+00:00,1650528000000,2022-04-21T08:00:00+00:00,0.0,0.0
2022-04-21 16:00:00.024000+00:00,1650556800024,2022-04-21T16:00:00.024000+00:00,0.0,0.0
2022-04-22 00:00:00.008000+00:00,1650585600008,2022-04-22T00:00:00.008000+00:00,0.0,0.0
2022-04-22 08:00:00.008000+00:00,1650614400008,2022-04-22T08:00:00.008000+00:00,-2.719e-05,0.0
2022-04-22 16:00:00.008000+00:00,1650643200008,2022-04-22T16:00:00.008000+00:00,0.0,0.0
2022-04-23 00:00:00+00:00,1650672000000,2022-04-23T00:00:00+00:00,0.0,0.0
2022-04-23 08:00:00+00:00,1650700800000,2022-04-23T08:00:00+00:00,-8.577e-05,0.0
2022-04-23 16:00:00.012000+00:00,1650729600012,2022-04-23T16:00:00.012000+00:00,0.0,0.0
2022-04-24 00:00:00.004000+00:00,1650758400004,2022-04-24T00:00:00.004000+00:00,0.0,0.0
2022-04-24 08:00:00.003000+00:00,1650787200003,2022-04-24T08:00:00.003000+00:00,-0.00011321,0.0
2022-04-24 16:00:00+00:00,1650816000000,2022-04-24T16:00:00+00:00,0.0,0.0
2022-04-25 00:00:00.008000+00:00,1650844800008,2022-04-25T00:00:00.008000+00:00,0.0,0.0
2022-04-25 08:00:00.018000+00:00,1650873600018,2022-04-25T08:00:00.018000+00:00,-4.16e-06,0.0
2022-04-25 16:00:00+00:00,1650902400000,2022-04-25T16:00:00+00:00,-0.00024334,0.0
2022-04-26 00:00:00.014000+00:00,1650931200014,2022-04-26T00:00:00.014000+00:00,0.0,0.0
2022-04-26 08:00:00+00:00,1650960000000,2022-04-26T08:00:00+00:00,0.0,0.0
2022-04-26 16:00:00.017000+00:00,1650988800017,2022-04-26T16:00:00.017000+00:00,0.0,0.0
2022-04-27 00:00:00.012000+00:00,1651017600012,2022-04-27T00:00:00.012000+00:00,-4.547e-05,0.0
2022-04-27 08:00:00+00:00,1651046400000,2022-04-27T08:00:00+00:00,-6.832e-05,0.0
2022-04-27 16:00:00.002000+00:00,1651075200002,2022-04-27T16:00:00.002000+00:00,0.0,0.0
2022-04-28 00:00:00+00:00,1651104000000,2022-04-28T00:00:00+00:00,0.0,0.0
2022-04-28 08:00:00.004000+00:00,1651132800004,2022-04-28T08:00:00.004000+00:00,-8.404e-05,0.0
2022-04-28 16:00:00.030000+00:00,1651161600030,2022-04-28T16:00:00.030000+00:00,0.0,0.0
2022-04-29 00:00:00+00:00,1651190400000,2022-04-29T00:00:00+00:00,-1.589e-05,0.0
2022-04-29 08:00:00.016000+00:00,1651219200016,2022-04-29T08:00:00.016000+00:00,-4.099e-05,0.0
2022-04-29 16:00:00.010000+00:00,1651248000010,2022-04-29T16:00:00.010000+00:00,-0.00015241,0.0
2022-04-30 00:00:00+00:00,1651276800000,2022-04-30T00:00:00+00:00,-0.0001572,0.0
2022-04-30 08:00:00.005000+00:00,1651305600005,2022-04-30T08:00:00.005000+00:00,0.0,0.0
2022-04-30 16:00:00.015000+00:00,1651334400015,2022-04-30T16:00:00.015000+00:00,0.0,0.0
2022-05-01 00:00:00+00:00,1651363200000,2022-05-01T00:00:00+00:00,-0.00024762,0.0
2022-05-01 08:00:00+00:00,1651392000000,2022-05-01T08:00:00+00:00,-0.00035999,0.0
2022-05-01 16:00:00.010000+00:00,1651420800010,2022-05-01T16:00:00.010000+00:00,-6.449e-05,0.0
2022-05-02 00:00:00.018000+00:00,1651449600018,2022-05-02T00:00:00.018000+00:00,-0.0001044,0.0
2022-05-02 08:00:00.007000+00:00,1651478400007,2022-05-02T08:00:00.007000+00:00,-0.00022186,0.0
2022-05-02 16:00:00+00:00,1651507200000,2022-05-02T16:00:00+00:00,-0.00019242,0.0
2022-05-03 00:00:00.006000+00:00,1651536000006,2022-05-03T00:00:00.006000+00:00,-0.00013821,0.0
2022-05-03 08:00:00+00:00,1651564800000,2022-05-03T08:00:00+00:00,0.0,0.0
2022-05-03 16:00:00.021000+00:00,1651593600021,2022-05-03T16:00:00.021000+00:00,-0.00026598,0.0
2022-05-04 00:00:00.007000+00:00,1651622400007,2022-05-04T00:00:00.007000+00:00,-0.0003764,0.0
2022-05-04 08:00:00.011000+00:00,1651651200011,2022-05-04T08:00:00.011000+00:00,0.0,0.0
2022-05-04 16:00:00+00:00,1651680000000,2022-05-04T16:00:00+00:00,0.0,0.0
2022-05-05 00:00:00.005000+00:00,1651708800005,2022-05-05T00:00:00.005000+00:00,0.0,0.0
2022-05-05 08:00:00.019000+00:00,1651737600019,2022-05-05T08:00:00.019000+00:00,0.0,0.0
2022-05-05 16:00:00.005000+00:00,1651766400005,2022-05-05T16:00:00.005000+00:00,0.0,0.0
2022-05-06 00:00:00.005000+00:00,1651795200005,2022-05-06T00:00:00.005000+00:00,-0.00051691,0.0
2022-05-06 08:00:00.001000+00:00,1651824000001,2022-05-06T08:00:00.001000+00:00,-0.00018277,0.0
2022-05-06 16:00:00.010000+00:00,1651852800010,2022-05-06T16:00:00.010000+00:00,0.0,0.0
2022-05-07 00:00:00.004000+00:00,1651881600004,2022-05-07T00:00:00.004000+00:00,0.0,0.0
2022-05-07 08:00:00.016000+00:00,1651910400016,2022-05-07T08:00:00.016000+00:00,0.0,0.0
2022-05-07 16:00:00.011000+00:00,1651939200011,2022-05-07T16:00:00.011000+00:00,0.0,0.0
2022-05-08 00:00:00+00:00,1651968000000,2022-05-08T00:00:00+00:00,0.0,0.0
2022-05-08 08:00:00.007000+00:00,1651996800007,2022-05-08T08:00:00.007000+00:00,-9.014e-05,0.0
2022-05-08 16:00:00.015000+00:00,1652025600015,2022-05-08T16:00:00.015000+00:00,0.0,0.0
2022-05-09 00:00:00+00:00,1652054400000,2022-05-09T00:00:00+00:00,0.0,0.0
2022-05-09 08:00:00.001000+00:00,1652083200001,2022-05-09T08:00:00.001000+00:00,0.0,0.0
2022-05-09 16:00:00+00:00,1652112000000,2022-05-09T16:00:00+00:00,-9.253e-05,0.0
2022-05-10 00:00:00+00:00,1652140800000,2022-05-10T00:00:00+00:00,-0.00035049,0.0
2022-05-10 08:00:00.007000+00:00,1652169600007,2022-05-10T08:00:00.007000+00:00,-0.0002248,0.0
2022-05-10 16:00:00.008000+00:00,1652198400008,2022-05-10T16:00:00.008000+00:00,-0.00041261,0.0
2022-05-11 00:00:00.004000+00:00,1652227200004,2022-05-11T00:00:00.004000+00:00,-0.00040555,0.0
2022-05-11 08:00:00.007000+00:00,1652256000007,2022-05-11T08:00:00.007000+00:00,-0.00040598,0.0
2022-05-11 16:00:00.008000+00:00,1652284800008,2022-05-11T16:00:00.008000+00:00,-0.00041958,0.0
2022-05-12 00:00:00.014000+00:00,1652313600014,2022-05-12T00:00:00.014000+00:00,-0.00050801,0.0
2022-05-12 08:00:00+00:00,1652342400000,2022-05-12T08:00:00+00:00,-0.00200781,0.0
2022-05-12 16:00:00.007000+00:00,1652371200007,2022-05-12T16:00:00.007000+00:00,-0.00087795,0.0
2022-05-13 00:00:00.014000+00:00,1652400000014,2022-05-13T00:00:00.014000+00:00,-0.00046326,0.0
2022-05-13 08:00:00.001000+00:00,1652428800001,2022-05-13T08:00:00.001000+00:00,-0.00033023,0.0
2022-05-13 16:00:00+00:00,1652457600000,2022-05-13T16:00:00+00:00,-0.00041998,0.0
2022-05-14 00:00:00+00:00,1652486400000,2022-05-14T00:00:00+00:00,-0.00061404,0.0
2022-05-14 08:00:00+00:00,1652515200000,2022-05-14T08:00:00+00:00,-0.00033375,0.0
2022-05-14 16:00:00.001000+00:00,1652544000001,2022-05-14T16:00:00.001000+00:00,-0.00051401,0.0
2022-05-15 00:00:00+00:00,1652572800000,2022-05-15T00:00:00+00:00,-0.00041385,0.0
2022-05-15 08:00:00+00:00,1652601600000,2022-05-15T08:00:00+00:00,-0.00040211,0.0
2022-05-15 16:00:00+00:00,1652630400000,2022-05-15T16:00:00+00:00,-0.00021402,0.0
2022-05-16 00:00:00.021000+00:00,1652659200021,2022-05-16T00:00:00.021000+00:00,-0.0004266,0.0
2022-05-16 08:00:00.013000+00:00,1652688000013,2022-05-16T08:00:00.013000+00:00,-0.00052839,0.0
2022-05-16 16:00:00.006000+00:00,1652716800006,2022-05-16T16:00:00.006000+00:00,-0.00031439,0.0
2022-05-17 00:00:00+00:00,1652745600000,2022-05-17T00:00:00+00:00,-0.00042037,0.0
2022-05-17 08:00:00.010000+00:00,1652774400010,2022-05-17T08:00:00.010000+00:00,-0.00038058,0.0
2022-05-17 16:00:00.023000+00:00,1652803200023,2022-05-17T16:00:00.023000+00:00,-0.00028335,0.0
2022-05-18 00:00:00.003000+00:00,1652832000003,2022-05-18T00:00:00.003000+00:00,-0.00072083,0.0
2022-05-18 08:00:00.024000+00:00,1652860800024,2022-05-18T08:00:00.024000+00:00,-0.00042482,0.0
2022-05-18 16:00:00.014000+00:00,1652889600014,2022-05-18T16:00:00.014000+00:00,-0.00043799,0.0
2022-05-19 00:00:00+00:00,1652918400000,2022-05-19T00:00:00+00:00,-0.00049541,0.0
2022-05-19 08:00:00.008000+00:00,1652947200008,2022-05-19T08:00:00.008000+00:00,-0.00033308,0.0
2022-05-19 16:00:00.015000+00:00,1652976000015,2022-05-19T16:00:00.015000+00:00,-0.00040023,0.0
2022-05-20 00:00:00.001000+00:00,1653004800001,2022-05-20T00:00:00.001000+00:00,-0.0002726,0.0
2022-05-20 08:00:00.003000+00:00,1653033600003,2022-05-20T08:00:00.003000+00:00,-0.00022742,0.0
2022-05-20 16:00:00.012000+00:00,1653062400012,2022-05-20T16:00:00.012000+00:00,-0.0003131,0.0
2022-05-21 00:00:00.008000+00:00,1653091200008,2022-05-21T00:00:00.008000+00:00,-0.00043872,0.0
2022-05-21 08:00:00.001000+00:00,1653120000001,2022-05-21T08:00:00.001000+00:00,-0.00032275,0.0
2022-05-21 16:00:00.007000+00:00,1653148800007,2022-05-21T16:00:00.007000+00:00,-6.067e-05,0.0
2022-05-22 00:00:00.003000+00:00,1653177600003,2022-05-22T00:00:00.003000+00:00,-0.00020817,0.0
2022-05-22 08:00:00.016000+00:00,1653206400016,2022-05-22T08:00:00.016000+00:00,-7.724e-05,0.0
2022-05-22 16:00:00+00:00,1653235200000,2022-05-22T16:00:00+00:00,-4.143e-05,0.0
2022-05-23 00:00:00.011000+00:00,1653264000011,2022-05-23T00:00:00.011000+00:00,-0.00022355,0.0
2022-05-23 08:00:00+00:00,1653292800000,2022-05-23T08:00:00+00:00,-2.302e-05,0.0
2022-05-23 16:00:00.023000+00:00,1653321600023,2022-05-23T16:00:00.023000+00:00,-5.216e-05,0.0
2022-05-24 00:00:00.011000+00:00,1653350400011,2022-05-24T00:00:00.011000+00:00,-0.00025547,0.0
2022-05-24 08:00:00+00:00,1653379200000,2022-05-24T08:00:00+00:00,-0.00030131,0.0
2022-05-24 16:00:00.009000+00:00,1653408000009,2022-05-24T16:00:00.009000+00:00,-0.00041352,0.0
2022-05-25 00:00:00.001000+00:00,1653436800001,2022-05-25T00:00:00.001000+00:00,0.0,0.0
2022-05-25 08:00:00+00:00,1653465600000,2022-05-25T08:00:00+00:00,0.0,0.0
2022-05-25 16:00:00.015000+00:00,1653494400015,2022-05-25T16:00:00.015000+00:00,-0.00024618,0.0
2022-05-26 00:00:00.005000+00:00,1653523200005,2022-05-26T00:00:00.005000+00:00,-0.00027993,0.0
2022-05-26 08:00:00.001000+00:00,1653552000001,2022-05-26T08:00:00.001000+00:00,-0.00054127,0.0
2022-05-26 16:00:00+00:00,1653580800000,2022-05-26T16:00:00+00:00,-0.00036566,0.0
2022-05-27 00:00:00.007000+00:00,1653609600007,2022-05-27T00:00:00.007000+00:00,-0.00015153,0.0
2022-05-27 08:00:00.008000+00:00,1653638400008,2022-05-27T08:00:00.008000+00:00,-0.00035435,0.0
2022-05-27 16:00:00+00:00,1653667200000,2022-05-27T16:00:00+00:00,-0.00030543,0.0
2022-05-28 00:00:00.018000+00:00,1653696000018,2022-05-28T00:00:00.018000+00:00,-0.00022821,0.0
2022-05-28 08:00:00.016000+00:00,1653724800016,2022-05-28T08:00:00.016000+00:00,-0.00026664,0.0
2022-05-28 16:00:00.013000+00:00,1653753600013,2022-05-28T16:00:00.013000+00:00,-0.00012842,0.0
2022-05-29 00:00:00+00:00,1653782400000,2022-05-29T00:00:00+00:00,-8.242e-05,0.0
2022-05-29 08:00:00.025000+00:00,1653811200025,2022-05-29T08:00:00.025000+00:00,-0.00033464,0.0
2022-05-29 16:00:00.002000+00:00,1653840000002,2022-05-29T16:00:00.002000+00:00,0.0,0.0
2022-05-30 00:00:00+00:00,1653868800000,2022-05-30T00:00:00+00:00,-1.633e-05,0.0
2022-05-30 08:00:00.013000+00:00,1653897600013,2022-05-30T08:00:00.013000+00:00,0.0,0.0
2022-05-30 16:00:00.005000+00:00,1653926400005,2022-05-30T16:00:00.005000+00:00,0.0,0.0
2022-05-31 00:00:00.016000+00:00,1653955200016,2022-05-31T00:00:00.016000+00:00,0.0,0.0
2022-05-31 08:00:00+00:00,1653984000000,2022-05-31T08:00:00+00:00,0.0,0.0
2022-05-31 16:00:00+00:00,1654012800000,2022-05-31T16:00:00+00:00,-5.989e-05,0.0
2022-06-01 00:00:00+00:00,1654041600000,2022-06-01T00:00:00+00:00,0.0,0.0
2022-06-01 08:00:00.011000+00:00,1654070400011,2022-06-01T08:00:00.011000+00:00,0.0,0.0
2022-06-01 16:00:00+00:00,1654099200000,2022-06-01T16:00:00+00:00,0.0,0.0
2022-06-02 00:00:00+00:00,1654128000000,2022-06-02T00:00:00+00:00,-0.00018644,0.0
2022-06-02 08:00:00.006000+00:00,1654156800006,2022-06-02T08:00:00.006000+00:00,-8.944e-05,0.0
2022-06-02 16:00:00.021000+00:00,1654185600021,2022-06-02T16:00:00.021000+00:00,0.0,0.0
2022-06-03 00:00:00.016000+00:00,1654214400016,2022-06-03T00:00:00.016000+00:00,-8.33e-06,0.0
2022-06-03 08:00:00.016000+00:00,1654243200016,2022-06-03T08:00:00.016000+00:00,0.0,0.0
2022-06-03 16:00:00.012000+00:00,1654272000012,2022-06-03T16:00:00.012000+00:00,-0.00023935,0.0
2022-06-04 00:00:00.005000+00:00,1654300800005,2022-06-04T00:00:00.005000+00:00,-0.00019683,0.0
2022-06-04 08:00:00+00:00,1654329600000,2022-06-04T08:00:00+00:00,-4.397e-05,0.0
2022-06-04 16:00:00.007000+00:00,1654358400007,2022-06-04T16:00:00.007000+00:00,-3.91e-05,0.0
2022-06-05 00:00:00.005000+00:00,1654387200005,2022-06-05T00:00:00.005000+00:00,-1.407e-05,0.0
2022-06-05 08:00:00.015000+00:00,1654416000015,2022-06-05T08:00:00.015000+00:00,-0.00023072,0.0
2022-06-05 16:00:00+00:00,1654444800000,2022-06-05T16:00:00+00:00,-0.00015784,0.0
2022-06-06 00:00:00+00:00,1654473600000,2022-06-06T00:00:00+00:00,0.0,0.0
2022-06-06 08:00:00.017000+00:00,1654502400017,2022-06-06T08:00:00.017000+00:00,0.0,0.0
2022-06-06 16:00:00+00:00,1654531200000,2022-06-06T16:00:00+00:00,0.0,0.0
2022-06-07 00:00:00+00:00,1654560000000,2022-06-07T00:00:00+00:00,-0.00034496,0.0
2022-06-07 08:00:00.011000+00:00,1654588800011,2022-06-07T08:00:00.011000+00:00,-0.00035567,0.0
2022-06-07 16:00:00+00:00,1654617600000,2022-06-07T16:00:00+00:00,-0.000146,0.0
2022-06-08 00:00:00.008000+00:00,1654646400008,2022-06-08T00:00:00.008000+00:00,0.0,0.0
2022-06-08 08:00:00.020000+00:00,1654675200020,2022-06-08T08:00:00.020000+00:00,-0.00015306,0.0
2022-06-08 16:00:00.012000+00:00,1654704000012,2022-06-08T16:00:00.012000+00:00,-0.00018711,0.0
2022-06-09 00:00:00+00:00,1654732800000,2022-06-09T00:00:00+00:00,-0.0001229,0.0
2022-06-09 08:00:00+00:00,1654761600000,2022-06-09T08:00:00+00:00,-2.809e-05,0.0
2022-06-09 16:00:00+00:00,1654790400000,2022-06-09T16:00:00+00:00,-2.586e-05,0.0
2022-06-10 00:00:00.009000+00:00,1654819200009,2022-06-10T00:00:00.009000+00:00,-0.00025878,0.0
2022-06-10 08:00:00+00:00,1654848000000,2022-06-10T08:00:00+00:00,0.0,0.0
2022-06-10 16:00:00.006000+00:00,1654876800006,2022-06-10T16:00:00.006000+00:00,-0.00035067,0.0
2022-06-11 00:00:00.018000+00:00,1654905600018,2022-06-11T00:00:00.018000+00:00,-0.0002948,0.0
2022-06-11 08:00:00.014000+00:00,1654934400014,2022-06-11T08:00:00.014000+00:00,-5.073e-05,0.0
2022-06-11 16:00:00+00:00,1654963200000,2022-06-11T16:00:00+00:00,-0.00029442,0.0
2022-06-12 00:00:00.015000+00:00,1654992000015,2022-06-12T00:00:00.015000+00:00,-0.00037884,0.0
2022-06-12 08:00:00.019000+00:00,1655020800019,2022-06-12T08:00:00.019000+00:00,-0.00025545,0.0
2022-06-12 16:00:00.010000+00:00,1655049600010,2022-06-12T16:00:00.010000+00:00,-0.00030561,0.0
2022-06-13 00:00:00.009000+00:00,1655078400009,2022-06-13T00:00:00.009000+00:00,-0.00010959,0.0
2022-06-13 08:00:00+00:00,1655107200000,2022-06-13T08:00:00+00:00,-0.00025385,0.0
2022-06-13 16:00:00.007000+00:00,1655136000007,2022-06-13T16:00:00.007000+00:00,-0.00018928,0.0
2022-06-14 00:00:00.013000+00:00,1655164800013,2022-06-14T00:00:00.013000+00:00,-3.66e-05,0.0
2022-06-14 08:00:00.008000+00:00,1655193600008,2022-06-14T08:00:00.008000+00:00,0.0,0.0
2022-06-14 16:00:00.006000+00:00,1655222400006,2022-06-14T16:00:00.006000+00:00,0.0,0.0
2022-06-15 00:00:00+00:00,1655251200000,2022-06-15T00:00:00+00:00,0.0,0.0
2022-06-15 08:00:00.016000+00:00,1655280000016,2022-06-15T08:00:00.016000+00:00,-0.00033673,0.0
2022-06-15 16:00:00.008000+00:00,1655308800008,2022-06-15T16:00:00.008000+00:00,-0.00011689,0.0
2022-06-16 00:00:00.009000+00:00,1655337600009,2022-06-16T00:00:00.009000+00:00,0.0,0.0
2022-06-16 08:00:00.016000+00:00,1655366400016,2022-06-16T08:00:00.016000+00:00,0.0,0.0
2022-06-16 16:00:00+00:00,1655395200000,2022-06-16T16:00:00+00:00,-4.671e-05,0.0
2022-06-17 00:00:00.008000+00:00,1655424000008,2022-06-17T00:00:00.008000+00:00,-0.00010868,0.0
2022-06-17 08:00:00.003000+00:00,1655452800003,2022-06-17T08:00:00.003000+00:00,0.0,0.0
2022-06-17 16:00:00+00:00,1655481600000,2022-06-17T16:00:00+00:00,-8.487e-05,0.0
2022-06-18 00:00:00.020000+00:00,1655510400020,2022-06-18T00:00:00.020000+00:00,-0.00011676,0.0
2022-06-18 08:00:00.025000+00:00,1655539200025,2022-06-18T08:00:00.025000+00:00,-0.00036897,0.0
2022-06-18 16:00:00.014000+00:00,1655568000014,2022-06-18T16:00:00.014000+00:00,-0.00022303,0.0
2022-06-19 00:00:00.012000+00:00,1655596800012,2022-06-19T00:00:00.012000+00:00,-0.00062237,0.0
2022-06-19 08:00:00.012000+00:00,1655625600012,2022-06-19T08:00:00.012000+00:00,-3.268e-05,0.0
2022-06-19 16:00:00.008000+00:00,1655654400008,2022-06-19T16:00:00.008000+00:00,-0.00013012,0.0
2022-06-20 00:00:00.016000+00:00,1655683200016,2022-06-20T00:00:00.016000+00:00,-0.00011545,0.0
2022-06-20 08:00:00+00:00,1655712000000,2022-06-20T08:00:00+00:00,-0.00022425,0.0
2022-06-20 16:00:00.013000+00:00,1655740800013,2022-06-20T16:00:00.013000+00:00,-0.00013949,0.0
2022-06-21 00:00:00.012000+00:00,1655769600012,2022-06-21T00:00:00.012000+00:00,-5.546e-05,0.0
2022-06-21 08:00:00.018000+00:00,1655798400018,2022-06-21T08:00:00.018000+00:00,-9.008e-05,0.0
2022-06-21 16:00:00.010000+00:00,1655827200010,2022-06-21T16:00:00.010000+00:00,-0.00011405,0.0
2022-06-22 00:00:00+00:00,1655856000000,2022-06-22T00:00:00+00:00,-0.00021005,0.0
2022-06-22 08:00:00.001000+00:00,1655884800001,2022-06-22T08:00:00.001000+00:00,-0.00031961,0.0
2022-06-22 16:00:00.012000+00:00,1655913600012,2022-06-22T16:00:00.012000+00:00,-0.00022236,0.0
2022-06-23 00:00:00+00:00,1655942400000,2022-06-23T00:00:00+00:00,-0.00014812,0.0
2022-06-23 08:00:00+00:00,1655971200000,2022-06-23T08:00:00+00:00,-0.00010648,0.0
2022-06-23 16:00:00.016000+00:00,1656000000016,2022-06-23T16:00:00.016000+00:00,-0.00019147,0.0
2022-06-24 00:00:00.005000+00:00,1656028800005,2022-06-24T00:00:00.005000+00:00,-0.00013465,0.0
2022-06-24 08:00:00.004000+00:00,1656057600004,2022-06-24T08:00:00.004000+00:00,-4.643e-05,0.0
2022-06-24 16:00:00.018000+00:00,1656086400018,2022-06-24T16:00:00.018000+00:00,0.0,0.0
2022-06-25 00:00:00.001000+00:00,1656115200001,2022-06-25T00:00:00.001000+00:00,-0.00010626,0.0
2022-06-25 08:00:00.010000+00:00,1656144000010,2022-06-25T08:00:00.010000+00:00,-0.00015322,0.0
2022-06-25 16:00:00+00:00,1656172800000,2022-06-25T16:00:00+00:00,-0.00011261,0.0
2022-06-26 00:00:00.002000+00:00,1656201600002,2022-06-26T00:00:00.002000+00:00,-0.00013445,0.0
2022-06-26 08:00:00.016000+00:00,1656230400016,2022-06-26T08:00:00.016000+00:00,0.0,0.0
2022-06-26 16:00:00.006000+00:00,1656259200006,2022-06-26T16:00:00.006000+00:00,-9.825e-05,0.0
2022-06-27 00:00:00.008000+00:00,1656288000008,2022-06-27T00:00:00.008000+00:00,-0.00024522,0.0
2022-06-27 08:00:00+00:00,1656316800000,2022-06-27T08:00:00+00:00,-0.00015208,0.0
2022-06-27 16:00:00.016000+00:00,1656345600016,2022-06-27T16:00:00.016000+00:00,-0.00015886,0.0
2022-06-28 00:00:00.016000+00:00,1656374400016,2022-06-28T00:00:00.016000+00:00,-0.00022449,0.0
2022-06-28 08:00:00.001000+00:00,1656403200001,2022-06-28T08:00:00.001000+00:00,-9.105e-05,0.0
2022-06-28 16:00:00.005000+00:00,1656432000005,2022-06-28T16:00:00.005000+00:00,0.0,0.0
2022-06-29 00:00:00+00:00,1656460800000,2022-06-29T00:00:00+00:00,-0.00032369,0.0
2022-06-29 08:00:00.013000+00:00,1656489600013,2022-06-29T08:00:00.013000+00:00,-3.475e-05,0.0
2022-06-29 16:00:00+00:00,1656518400000,2022-06-29T16:00:00+00:00,-0.00025433,0.0
2022-06-30 00:00:00+00:00,1656547200000,2022-06-30T00:00:00+00:00,-0.00013455,0.0
2022-06-30 08:00:00+00:00,1656576000000,2022-06-30T08:00:00+00:00,0.0,0.0
2022-06-30 16:00:00+00:00,1656604800000,2022-06-30T16:00:00+00:00,-0.00029998,0.0
2022-07-01 00:00:00.001000+00:00,1656633600001,2022-07-01T00:00:00.001000+00:00,-0.00017896,0.0
2022-07-01 08:00:00.017000+00:00,1656662400017,2022-07-01T08:00:00.017000+00:00,-1.794e-05,0.0
2022-07-01 16:00:00.005000+00:00,1656691200005,2022-07-01T16:00:00.005000+00:00,0.0,0.0
2022-07-02 00:00:00+00:00,1656720000000,2022-07-02T00:00:00+00:00,-0.00016329,0.0
2022-07-02 08:00:00+00:00,1656748800000,2022-07-02T08:00:00+00:00,-0.00013258,0.0
2022-07-02 16:00:00.008000+00:00,1656777600008,2022-07-02T16:00:00.008000+00:00,-3.906e-05,0.0
2022-07-03 00:00:00.015000+00:00,1656806400015,2022-07-03T00:00:00.015000+00:00,-5.174e-05,0.0
2022-07-03 08:00:00.004000+00:00,1656835200004,2022-07-03T08:00:00.004000+00:00,-4.27e-05,0.0
2022-07-03 16:00:00.005000+00:00,1656864000005,2022-07-03T16:00:00.005000+00:00,-0.0001864,0.0
2022-07-04 00:00:00.021000+00:00,1656892800021,2022-07-04T00:00:00.021000+00:00,0.0,0.0
2022-07-04 08:00:00.001000+00:00,1656921600001,2022-07-04T08:00:00.001000+00:00,-0.00023629,0.0
2022-07-04 16:00:00+00:00,1656950400000,2022-07-04T16:00:00+00:00,0.0,0.0
2022-07-05 00:00:00+00:00,1656979200000,2022-07-05T00:00:00+00:00,0.0,0.0
2022-07-05 08:00:00+00:00,1657008000000,2022-07-05T08:00:00+00:00,-0.0001103,0.0
2022-07-05 16:00:00.015000+00:00,1657036800015,2022-07-05T16:00:00.015000+00:00,-0.00013791,0.0
2022-07-06 00:00:00.006000+00:00,1657065600006,2022-07-06T00:00:00.006000+00:00,-0.00011221,0.0
2022-07-06 08:00:00+00:00,1657094400000,2022-07-06T08:00:00+00:00,0.0,0.0
2022-07-06 16:00:00+00:00,1657123200000,2022-07-06T16:00:00+00:00,-7.686e-05,0.0
2022-07-07 00:00:00.010000+00:00,1657152000010,2022-07-07T00:00:00.010000+00:00,-7.188e-05,0.0
2022-07-07 08:00:00.010000+00:00,1657180800010,2022-07-07T08:00:00.010000+00:00,-4.47e-05,0.0
2022-07-07 16:00:00.011000+00:00,1657209600011,2022-07-07T16:00:00.011000+00:00,-8.13e-05,0.0
2022-07-08 00:00:00.008000+00:00,1657238400008,2022-07-08T00:00:00.008000+00:00,-2.841e-05,0.0
2022-07-08 08:00:00.009000+00:00,1657267200009,2022-07-08T08:00:00.009000+00:00,0.0,0.0
2022-07-08 16:00:00+00:00,1657296000000,2022-07-08T16:00:00+00:00,-0.00014862,0.0
2022-07-09 00:00:00+00:00,1657324800000,2022-07-09T00:00:00+00:00,0.0,0.0
2022-07-09 08:00:00+00:00,1657353600000,2022-07-09T08:00:00+00:00,0.0,0.0
2022-07-09 16:00:00.009000+00:00,1657382400009,2022-07-09T16:00:00.009000+00:00,-0.00011787,0.0
2022-07-10 00:00:00.001000+00:00,1657411200001,2022-07-10T00:00:00.001000+00:00,-1.536e-05,0.0
2022-07-10 08:00:00.002000+00:00,1657440000002,2022-07-10T08:00:00.002000+00:00,-9.812e-05,0.0
2022-07-10 16:00:00.001000+00:00,1657468800001,2022-07-10T16:00:00.001000+00:00,-5.106e-05,0.0
2022-07-11 00:00:00+00:00,1657497600000,2022-07-11T00:00:00+00:00,-0.00010599,0.0
2022-07-11 08:00:00.003000+00:00,1657526400003,2022-07-11T08:00:00.003000+00:00,0.0,0.0
2022-07-11 16:00:00.001000+00:00,1657555200001,2022-07-11T16:00:00.001000+00:00,-3.501e-05,0.0
2022-07-12 00:00:00+00:00,1657584000000,2022-07-12T00:00:00+00:00,-0.00016301,0.0
2022-07-12 08:00:00.021000+00:00,1657612800021,2022-07-12T08:00:00.021000+00:00,-0.00015961,0.0
2022-07-12 16:00:00+00:00,1657641600000,2022-07-12T16:00:00+00:00,-0.00025585,0.0
2022-07-13 00:00:00.012000+00:00,1657670400012,2022-07-13T00:00:00.012000+00:00,-9.412e-05,0.0
2022-07-13 08:00:00.022000+00:00,1657699200022,2022-07-13T08:00:00.022000+00:00,-0.00016626,0.0
2022-07-13 16:00:00.005000+00:00,1657728000005,2022-07-13T16:00:00.005000+00:00,-0.00011396,0.0
2022-07-14 00:00:00.017000+00:00,1657756800017,2022-07-14T00:00:00.017000+00:00,-0.00013749,0.0
2022-07-14 08:00:00.001000+00:00,1657785600001,2022-07-14T08:00:00.001000+00:00,0.0,0.0
2022-07-14 16:00:00+00:00,1657814400000,2022-07-14T16:00:00+00:00,-0.0001166,0.0
2022-07-15 00:00:00.004000+00:00,1657843200004,2022-07-15T00:00:00.004000+00:00,0.0,0.0
2022-07-15 08:00:00.019000+00:00,1657872000019,2022-07-15T08:00:00.019000+00:00,0.0,0.0
2022-07-15 16:00:00.017000+00:00,1657900800017,2022-07-15T16:00:00.017000+00:00,-8.42e-06,0.0
2022-07-16 00:00:00.021000+00:00,1657929600021,2022-07-16T00:00:00.021000+00:00,0.0,0.0
2022-07-16 08:00:00.014000+00:00,1657958400014,2022-07-16T08:00:00.014000+00:00,0.0,0.0
2022-07-16 16:00:00.005000+00:00,1657987200005,2022-07-16T16:00:00.005000+00:00,-2.607e-05,0.0
2022-07-17 00:00:00+00:00,1658016000000,2022-07-17T00:00:00+00:00,0.0,0.0
2022-07-17 08:00:00.003000+00:00,1658044800003,2022-07-17T08:00:00.003000+00:00,0.0,0.0
2022-07-17 16:00:00.007000+00:00,1658073600007,2022-07-17T16:00:00.007000+00:00,0.0,0.0
2022-07-18 00:00:00.001000+00:00,1658102400001,2022-07-18T00:00:00.001000+00:00,0.0,0.0
2022-07-18 08:00:00.004000+00:00,1658131200004,2022-07-18T08:00:00.004000+00:00,0.0,0.0
2022-07-18 16:00:00.019000+00:00,1658160000019,2022-07-18T16:00:00.019000+00:00,0.0,0.0
2022-07-19 00:00:00+00:00,1658188800000,2022-07-19T00:00:00+00:00,0.0,0.0
2022-07-19 08:00:00+00:00,1658217600000,2022-07-19T08:00:00+00:00,0.0,0.0
2022-07-19 16:00:00.001000+00:00,1658246400001,2022-07-19T16:00:00.001000+00:00,0.0,0.0
2022-07-20 00:00:00.004000+00:00,1658275200004,2022-07-20T00:00:00.004000+00:00,0.0,0.0
2022-07-20 08:00:00+00:00,1658304000000,2022-07-20T08:00:00+00:00,0.0,0.0
2022-07-20 16:00:00.003000+00:00,1658332800003,2022-07-20T16:00:00.003000+00:00,-7.38e-06,0.0
2022-07-21 00:00:00+00:00,1658361600000,2022-07-21T00:00:00+00:00,0.0,0.0
2022-07-21 08:00:00.018000+00:00,1658390400018,2022-07-21T08:00:00.018000+00:00,0.0,0.0
2022-07-21 16:00:00.011000+00:00,1658419200011,2022-07-21T16:00:00.011000+00:00,0.0,0.0
2022-07-22 00:00:00.014000+00:00,1658448000014,2022-07-22T00:00:00.014000+00:00,0.0,0.0
2022-07-22 08:00:00+00:00,1658476800000,2022-07-22T08:00:00+00:00,0.0,0.0
2022-07-22 16:00:00+00:00,1658505600000,2022-07-22T16:00:00+00:00,0.0,0.0
2022-07-23 00:00:00.004000+00:00,1658534400004,2022-07-23T00:00:00.004000+00:00,0.0,0.0
2022-07-23 08:00:00.002000+00:00,1658563200002,2022-07-23T08:00:00.002000+00:00,0.0,0.0
2022-07-23 16:00:00.001000+00:00,1658592000001,2022-07-23T16:00:00.001000+00:00,0.0,0.0
2022-07-24 00:00:00+00:00,1658620800000,2022-07-24T00:00:00+00:00,-0.00018212,0.0
2022-07-24 08:00:00.011000+00:00,1658649600011,2022-07-24T08:00:00.011000+00:00,0.0,0.0
2022-07-24 16:00:00+00:00,1658678400000,2022-07-24T16:00:00+00:00,0.0,0.0
2022-07-25 00:00:00+00:00,1658707200000,2022-07-25T00:00:00+00:00,0.0,0.0
2022-07-25 08:00:00.014000+00:00,1658736000014,2022-07-25T08:00:00.014000+00:00,-0.00022869,0.0
2022-07-25 16:00:00.006000+00:00,1658764800006,2022-07-25T16:00:00.006000+00:00,0.0,0.0
2022-07-26 00:00:00.010000+00:00,1658793600010,2022-07-26T00:00:00.010000+00:00,-2.488e-05,0.0
2022-07-26 08:00:00+00:00,1658822400000,2022-07-26T08:00:00+00:00,-0.0001947,0.0
2022-07-26 16:00:00+00:00,1658851200000,2022-07-26T16:00:00+00:00,-0.00010802,0.0
2022-07-27 00:00:00.008000+00:00,1658880000008,2022-07-27T00:00:00.008000+00:00,-9.596e-05,0.0
2022-07-27 08:00:00+00:00,1658908800000,2022-07-27T08:00:00+00:00,0.0,0.0
2022-07-27 16:00:00.003000+00:00,1658937600003,2022-07-27T16:00:00.003000+00:00,0.0,0.0
2022-07-28 00:00:00.009000+00:00,1658966400009,2022-07-28T00:00:00.009000+00:00,0.0,0.0
2022-07-28 08:00:00.008000+00:00,1658995200008,2022-07-28T08:00:00.008000+00:00,0.0,0.0
2022-07-28 16:00:00.013000+00:00,1659024000013,2022-07-28T16:00:00.013000+00:00,0.0,0.0
2022-07-29 00:00:00+00:00,1659052800000,2022-07-29T00:00:00+00:00,0.0,0.0
2022-07-29 08:00:00+00:00,1659081600000,2022-07-29T08:00:00+00:00,0.0,0.0
2022-07-29 16:00:00+00:00,1659110400000,2022-07-29T16:00:00+00:00,0.0,0.0
2022-07-30 00:00:00.005000+00:00,1659139200005,2022-07-30T00:00:00.005000+00:00,4.073e-05,0.0
2022-07-30 08:00:00.009000+00:00,1659168000009,2022-07-30T08:00:00.009000+00:00,0.0,0.0
2022-07-30 16:00:00+00:00,1659196800000,2022-07-30T16:00:00+00:00,0.0,0.0
2022-07-31 00:00:00.022000+00:00,1659225600022,2022-07-31T00:00:00.022000+00:00,0.0,0.0
2022-07-31 08:00:00.011000+00:00,1659254400011,2022-07-31T08:00:00.011000+00:00,0.0,0.0
2022-07-31 16:00:00.019000+00:00,1659283200019,2022-07-31T16:00:00.019000+00:00,0.0,0.0
2022-08-01 00:00:00.010000+00:00,1659312000010,2022-08-01T00:00:00.010000+00:00,0.0,0.0
2022-08-01 08:00:00.019000+00:00,1659340800019,2022-08-01T08:00:00.019000+00:00,0.0,0.0
2022-08-01 16:00:00.017000+00:00,1659369600017,2022-08-01T16:00:00.017000+00:00,0.0,0.0
2022-08-02 00:00:00+00:00,1659398400000,2022-08-02T00:00:00+00:00,0.0,0.0
2022-08-02 08:00:00.007000+00:00,1659427200007,2022-08-02T08:00:00.007000+00:00,0.0,0.0
2022-08-02 16:00:00.014000+00:00,1659456000014,2022-08-02T16:00:00.014000+00:00,0.0,0.0
2022-08-03 00:00:00.001000+00:00,1659484800001,2022-08-03T00:00:00.001000+00:00,0.0,0.0
2022-08-03 08:00:00.020000+00:00,1659513600020,2022-08-03T08:00:00.020000+00:00,0.0,0.0
2022-08-03 16:00:00.008000+00:00,1659542400008,2022-08-03T16:00:00.008000+00:00,0.0,0.0
2022-08-04 00:00:00.001000+00:00,1659571200001,2022-08-04T00:00:00.001000+00:00,0.0,0.0
2022-08-04 08:00:00.009000+00:00,1659600000009,2022-08-04T08:00:00.009000+00:00,0.0,0.0
2022-08-04 16:00:00.015000+00:00,1659628800015,2022-08-04T16:00:00.015000+00:00,0.0,0.0
2022-08-05 00:00:00.005000+00:00,1659657600005,2022-08-05T00:00:00.005000+00:00,0.0,0.0
2022-08-05 08:00:00+00:00,1659686400000,2022-08-05T08:00:00+00:00,0.0,0.0
2022-08-05 16:00:00+00:00,1659715200000,2022-08-05T16:00:00+00:00,0.0,0.0
2022-08-06 00:00:00.021000+00:00,1659744000021,2022-08-06T00:00:00.021000+00:00,0.0,0.0
2022-08-06 08:00:00+00:00,1659772800000,2022-08-06T08:00:00+00:00,0.0,0.0
2022-08-06 16:00:00.015000+00:00,1659801600015,2022-08-06T16:00:00.015000+00:00,0.0,0.0
2022-08-07 00:00:00.013000+00:00,1659830400013,2022-08-07T00:00:00.013000+00:00,0.0,0.0
2022-08-07 08:00:00+00:00,1659859200000,2022-08-07T08:00:00+00:00,0.0,0.0
2022-08-07 16:00:00.014000+00:00,1659888000014,2022-08-07T16:00:00.014000+00:00,0.0,0.0
2022-08-08 00:00:00.009000+00:00,1659916800009,2022-08-08T00:00:00.009000+00:00,0.0,0.0
2022-08-08 08:00:00.006000+00:00,1659945600006,2022-08-08T08:00:00.006000+00:00,0.0,0.0
2022-08-08 16:00:00+00:00,1659974400000,2022-08-08T16:00:00+00:00,0.0,0.0
2022-08-09 00:00:00.020000+00:00,1660003200020,2022-08-09T00:00:00.020000+00:00,-1.892e-05,0.0
2022-08-09 08:00:00+00:00,1660032000000,2022-08-09T08:00:00+00:00,-3.567e-05,0.0
2022-08-09 16:00:00+00:00,1660060800000,2022-08-09T16:00:00+00:00,-4.608e-05,0.0
2022-08-10 00:00:00+00:00,1660089600000,2022-08-10T00:00:00+00:00,0.0,0.0
2022-08-10 08:00:00.016000+00:00,1660118400016,2022-08-10T08:00:00.016000+00:00,0.0,0.0
2022-08-10 16:00:00.018000+00:00,1660147200018,2022-08-10T16:00:00.018000+00:00,0.0,0.0
2022-08-11 00:00:00.012000+00:00,1660176000012,2022-08-11T00:00:00.012000+00:00,0.0,0.0
2022-08-11 08:00:00+00:00,1660204800000,2022-08-11T08:00:00+00:00,0.0,0.0
2022-08-11 16:00:00+00:00,1660233600000,2022-08-11T16:00:00+00:00,-0.00010494,0.0
2022-08-12 00:00:00.006000+00:00,1660262400006,2022-08-12T00:00:00.006000+00:00,-0.00012899,0.0
2022-08-12 08:00:00+00:00,1660291200000,2022-08-12T08:00:00+00:00,0.0,0.0
2022-08-12 16:00:00.005000+00:00,1660320000005,2022-08-12T16:00:00.005000+00:00,0.0,0.0
2022-08-13 00:00:00.012000+00:00,1660348800012,2022-08-13T00:00:00.012000+00:00,0.0,0.0
2022-08-13 08:00:00.006000+00:00,1660377600006,2022-08-13T08:00:00.006000+00:00,0.0,0.0
2022-08-13 16:00:00.018000+00:00,1660406400018,2022-08-13T16:00:00.018000+00:00,0.0,0.0
2022-08-14 00:00:00+00:00,1660435200000,2022-08-14T00:00:00+00:00,-7.018e-05,0.0
2022-08-14 08:00:00+00:00,1660464000000,2022-08-14T08:00:00+00:00,0.0,0.0
2022-08-14 16:00:00+00:00,1660492800000,2022-08-14T16:00:00+00:00,-0.0001024,0.0
2022-08-15 00:00:00.010000+00:00,1660521600010,2022-08-15T00:00:00.010000+00:00,-0.00010191,0.0
2022-08-15 08:00:00.002000+00:00,1660550400002,2022-08-15T08:00:00.002000+00:00,0.0,0.0
2022-08-15 16:00:00.010000+00:00,1660579200010,2022-08-15T16:00:00.010000+00:00,-2.291e-05,0.0
2022-08-16 00:00:00.010000+00:00,1660608000010,2022-08-16T00:00:00.010000+00:00,0.0,0.0
2022-08-16 08:00:00.002000+00:00,1660636800002,2022-08-16T08:00:00.002000+00:00,0.0,0.0
2022-08-16 16:00:00+00:00,1660665600000,2022-08-16T16:00:00+00:00,0.0,0.0
2022-08-17 00:00:00.020000+00:00,1660694400020,2022-08-17T00:00:00.020000+00:00,-7.47e-05,0.0
2022-08-17 08:00:00.016000+00:00,1660723200016,2022-08-17T08:00:00.016000+00:00,0.0,0.0
2022-08-17 16:00:00.001000+00:00,1660752000001,2022-08-17T16:00:00.001000+00:00,0.0,0.0
2022-08-18 00:00:00.005000+00:00,1660780800005,2022-08-18T00:00:00.005000+00:00,-6.488e-05,0.0
2022-08-18 08:00:00.012000+00:00,1660809600012,2022-08-18T08:00:00.012000+00:00,0.0,0.0
2022-08-18 16:00:00.013000+00:00,1660838400013,2022-08-18T16:00:00.013000+00:00,0.0,0.0
2022-08-19 00:00:00+00:00,1660867200000,2022-08-19T00:00:00+00:00,0.0,0.0
2022-08-19 08:00:00+00:00,1660896000000,2022-08-19T08:00:00+00:00,-0.00011474,0.0
2022-08-19 16:00:00.009000+00:00,1660924800009,2022-08-19T16:00:00.009000+00:00,-0.00012774,0.0
2022-08-20 00:00:00+00:00,1660953600000,2022-08-20T00:00:00+00:00,-1.924e-05,0.0
2022-08-20 08:00:00.005000+00:00,1660982400005,2022-08-20T08:00:00.005000+00:00,-0.00022728,0.0
2022-08-20 16:00:00+00:00,1661011200000,2022-08-20T16:00:00+00:00,-0.000166,0.0
2022-08-21 00:00:00.010000+00:00,1661040000010,2022-08-21T00:00:00.010000+00:00,-0.00013636,0.0
2022-08-21 08:00:00.013000+00:00,1661068800013,2022-08-21T08:00:00.013000+00:00,-0.00014148,0.0
2022-08-21 16:00:00+00:00,1661097600000,2022-08-21T16:00:00+00:00,-0.00014032,0.0
2022-08-22 00:00:00.011000+00:00,1661126400011,2022-08-22T00:00:00.011000+00:00,-0.00013977,0.0
2022-08-22 08:00:00.005000+00:00,1661155200005,2022-08-22T08:00:00.005000+00:00,0.0,0.0
2022-08-22 16:00:00.005000+00:00,1661184000005,2022-08-22T16:00:00.005000+00:00,0.0,0.0
2022-08-23 00:00:00+00:00,1661212800000,2022-08-23T00:00:00+00:00,0.0,0.0
2022-08-23 08:00:00.021000+00:00,1661241600021,2022-08-23T08:00:00.021000+00:00,-0.00014627,0.0
2022-08-23 16:00:00.005000+00:00,1661270400005,2022-08-23T16:00:00.005000+00:00,-9.462e-05,0.0
2022-08-24 00:00:00.017000+00:00,1661299200017,2022-08-24T00:00:00.017000+00:00,-4.807e-05,0.0
2022-08-24 08:00:00.021000+00:00,1661328000021,2022-08-24T08:00:00.021000+00:00,-4.245e-05,0.0
2022-08-24 16:00:00+00:00,1661356800000,2022-08-24T16:00:00+00:00,-0.00015685,0.0
2022-08-25 00:00:00.003000+00:00,1661385600003,2022-08-25T00:00:00.003000+00:00,0.0,0.0
2022-08-25 08:00:00+00:00,1661414400000,2022-08-25T08:00:00+00:00,0.0,0.0
2022-08-25 16:00:00.004000+00:00,1661443200004,2022-08-25T16:00:00.004000+00:00,0.0,0.0
2022-08-26 00:00:00.001000+00:00,1661472000001,2022-08-26T00:00:00.001000+00:00,-7.76e-05,0.0
2022-08-26 08:00:00.004000+00:00,1661500800004,2022-08-26T08:00:00.004000+00:00,-0.00016224,0.0
2022-08-26 16:00:00+00:00,1661529600000,2022-08-26T16:00:00+00:00,-0.00019433,0.0
2022-08-27 00:00:00.010000+00:00,1661558400010,2022-08-27T00:00:00.010000+00:00,-0.00028892,0.0
2022-08-27 08:00:00.007000+00:00,1661587200007,2022-08-27T08:00:00.007000+00:00,-0.00017703,0.0
2022-08-27 16:00:00.008000+00:00,1661616000008,2022-08-27T16:00:00.008000+00:00,-8.358e-05,0.0
2022-08-28 00:00:00.019000+00:00,1661644800019,2022-08-28T00:00:00.019000+00:00,-7.405e-05,0.0
2022-08-28 08:00:00+00:00,1661673600000,2022-08-28T08:00:00+00:00,-0.00012025,0.0
2022-08-28 16:00:00+00:00,1661702400000,2022-08-28T16:00:00+00:00,-3.464e-05,0.0
2022-08-29 00:00:00+00:00,1661731200000,2022-08-29T00:00:00+00:00,-0.00018805,0.0
2022-08-29 08:00:00+00:00,1661760000000,2022-08-29T08:00:00+00:00,-0.00011708,0.0
2022-08-29 16:00:00.001000+00:00,1661788800001,2022-08-29T16:00:00.001000+00:00,-6.241e-05,0.0
2022-08-30 00:00:00.001000+00:00,1661817600001,2022-08-30T00:00:00.001000+00:00,-7.165e-05,0.0
2022-08-30 08:00:00.005000+00:00,1661846400005,2022-08-30T08:00:00.005000+00:00,-7.661e-05,0.0
2022-08-30 16:00:00.010000+00:00,1661875200010,2022-08-30T16:00:00.010000+00:00,0.0,0.0
2022-08-31 00:00:00+00:00,1661904000000,2022-08-31T00:00:00+00:00,-0.00019462,0.0
2022-08-31 08:00:00.005000+00:00,1661932800005,2022-08-31T08:00:00.005000+00:00,0.0,0.0
2022-08-31 16:00:00.013000+00:00,1661961600013,2022-08-31T16:00:00.013000+00:00,0.0,0.0
2022-09-01 00:00:00.012000+00:00,1661990400012,2022-09-01T00:00:00.012000+00:00,-0.000167,0.0
2022-09-01 08:00:00+00:00,1662019200000,2022-09-01T08:00:00+00:00,-3.463e-05,0.0
2022-09-01 16:00:00.013000+00:00,1662048000013,2022-09-01T16:00:00.013000+00:00,-0.00019065,0.0
2022-09-02 00:00:00.002000+00:00,1662076800002,2022-09-02T00:00:00.002000+00:00,-0.00022746,0.0
2022-09-02 08:00:00.013000+00:00,1662105600013,2022-09-02T08:00:00.013000+00:00,-6.39e-06,0.0
2022-09-02 16:00:00+00:00,1662134400000,2022-09-02T16:00:00+00:00,0.0,0.0
2022-09-03 00:00:00+00:00,1662163200000,2022-09-03T00:00:00+00:00,-0.00021426,0.0
2022-09-03 08:00:00.002000+00:00,1662192000002,2022-09-03T08:00:00.002000+00:00,-6.499e-05,0.0
2022-09-03 16:00:00.007000+00:00,1662220800007,2022-09-03T16:00:00.007000+00:00,-1.442e-05,0.0
2022-09-04 00:00:00.008000+00:00,1662249600008,2022-09-04T00:00:00.008000+00:00,0.0,0.0
2022-09-04 08:00:00.009000+00:00,1662278400009,2022-09-04T08:00:00.009000+00:00,-4.283e-05,0.0
2022-09-04 16:00:00+00:00,1662307200000,2022-09-04T16:00:00+00:00,-6.369e-05,0.0
2022-09-05 00:00:00.015000+00:00,1662336000015,2022-09-05T00:00:00.015000+00:00,-1.282e-05,0.0
2022-09-05 08:00:00.013000+00:00,1662364800013,2022-09-05T08:00:00.013000+00:00,-0.00010529,0.0
2022-09-05 16:00:00.007000+00:00,1662393600007,2022-09-05T16:00:00.007000+00:00,-9.3e-05,0.0
2022-09-06 00:00:00.018000+00:00,1662422400018,2022-09-06T00:00:00.018000+00:00,-1.297e-05,0.0
2022-09-06 08:00:00.020000+00:00,1662451200020,2022-09-06T08:00:00.020000+00:00,0.0,0.0
2022-09-06 16:00:00.028000+00:00,1662480000028,2022-09-06T16:00:00.028000+00:00,0.0,0.0
2022-09-07 00:00:00.013000+00:00,1662508800013,2022-09-07T00:00:00.013000+00:00,-0.00054733,0.0
2022-09-07 08:00:00.022000+00:00,1662537600022,2022-09-07T08:00:00.022000+00:00,-0.0003075,0.0
2022-09-07 16:00:00.021000+00:00,1662566400021,2022-09-07T16:00:00.021000+00:00,-7.979e-05,0.0
2022-09-08 00:00:00.010000+00:00,1662595200010,2022-09-08T00:00:00.010000+00:00,0.0,0.0
2022-09-08 08:00:00+00:00,1662624000000,2022-09-08T08:00:00+00:00,0.0,0.0
2022-09-08 16:00:00.003000+00:00,1662652800003,2022-09-08T16:00:00.003000+00:00,0.0,0.0
2022-09-09 00:00:00.011000+00:00,1662681600011,2022-09-09T00:00:00.011000+00:00,0.0,0.0
2022-09-09 08:00:00+00:00,1662710400000,2022-09-09T08:00:00+00:00,0.0,0.0
2022-09-09 16:00:00+00:00,1662739200000,2022-09-09T16:00:00+00:00,0.0,0.0
2022-09-10 00:00:00.003000+00:00,1662768000003,2022-09-10T00:00:00.003000+00:00,0.0,0.0
2022-09-10 08:00:00+00:00,1662796800000,2022-09-10T08:00:00+00:00,0.0,0.0
2022-09-10 16:00:00.012000+00:00,1662825600012,2022-09-10T16:00:00.012000+00:00,0.0,0.0
2022-09-11 00:00:00.009000+00:00,1662854400009,2022-09-11T00:00:00.009000+00:00,0.0,0.0
2022-09-11 08:00:00.012000+00:00,1662883200012,2022-09-11T08:00:00.012000+00:00,0.0,0.0
2022-09-11 16:00:00.005000+00:00,1662912000005,2022-09-11T16:00:00.005000+00:00,0.0,0.0
2022-09-12 00:00:00.007000+00:00,1662940800007,2022-09-12T00:00:00.007000+00:00,0.0,0.0
2022-09-12 08:00:00.013000+00:00,1662969600013,2022-09-12T08:00:00.013000+00:00,-7e-07,0.0
2022-09-12 16:00:00+00:00,1662998400000,2022-09-12T16:00:00+00:00,0.0,0.0
2022-09-13 00:00:00.004000+00:00,1663027200004,2022-09-13T00:00:00.004000+00:00,-2.993e-05,0.0
2022-09-13 08:00:00+00:00,1663056000000,2022-09-13T08:00:00+00:00,-4.19e-06,0.0
2022-09-13 16:00:00+00:00,1663084800000,2022-09-13T16:00:00+00:00,-5.975e-05,0.0
2022-09-14 00:00:00+00:00,1663113600000,2022-09-14T00:00:00+00:00,-0.00022918,0.0
2022-09-14 08:00:00+00:00,1663142400000,2022-09-14T08:00:00+00:00,-9.042e-05,0.0
2022-09-14 16:00:00+00:00,1663171200000,2022-09-14T16:00:00+00:00,-4.776e-05,0.0
2022-09-15 00:00:00.019000+00:00,1663200000019,2022-09-15T00:00:00.019000+00:00,-8.768e-05,0.0
2022-09-15 08:00:00.012000+00:00,1663228800012,2022-09-15T08:00:00.012000+00:00,-0.00014425,0.0
2022-09-15 16:00:00.007000+00:00,1663257600007,2022-09-15T16:00:00.007000+00:00,-0.00020751,0.0
2022-09-16 00:00:00+00:00,1663286400000,2022-09-16T00:00:00+00:00,-0.0001216,0.0
2022-09-16 08:00:00+00:00,1663315200000,2022-09-16T08:00:00+00:00,-8.39e-05,0.0
2022-09-16 16:00:00+00:00,1663344000000,2022-09-16T16:00:00+00:00,-6.916e-05,0.0
2022-09-17 00:00:00+00:00,1663372800000,2022-09-17T00:00:00+00:00,-0.00011341,0.0
2022-09-17 08:00:00.012000+00:00,1663401600012,2022-09-17T08:00:00.012000+00:00,-3.768e-05,0.0
2022-09-17 16:00:00.017000+00:00,1663430400017,2022-09-17T16:00:00.017000+00:00,-5.159e-05,0.0
2022-09-18 00:00:00+00:00,1663459200000,2022-09-18T00:00:00+00:00,-0.00016986,0.0
2022-09-18 08:00:00.004000+00:00,1663488000004,2022-09-18T08:00:00.004000+00:00,-0.00015136,0.0
2022-09-18 16:00:00+00:00,1663516800000,2022-09-18T16:00:00+00:00,-7.379e-05,0.0
2022-09-19 00:00:00.018000+00:00,1663545600018,2022-09-19T00:00:00.018000+00:00,-0.00015207,0.0
2022-09-19 08:00:00.006000+00:00,1663574400006,2022-09-19T08:00:00.006000+00:00,-0.00029681,0.0
2022-09-19 16:00:00.010000+00:00,1663603200010,2022-09-19T16:00:00.010000+00:00,-0.00017649,0.0
2022-09-20 00:00:00.007000+00:00,1663632000007,2022-09-20T00:00:00.007000+00:00,-8.278e-05,0.0
2022-09-20 08:00:00.001000+00:00,1663660800001,2022-09-20T08:00:00.001000+00:00,-4.635e-05,0.0
2022-09-20 16:00:00+00:00,1663689600000,2022-09-20T16:00:00+00:00,-2.216e-05,0.0
2022-09-21 00:00:00.001000+00:00,1663718400001,2022-09-21T00:00:00.001000+00:00,-1.148e-05,0.0
2022-09-21 08:00:00.005000+00:00,1663747200005,2022-09-21T08:00:00.005000+00:00,-2.202e-05,0.0
2022-09-21 16:00:00+00:00,1663776000000,2022-09-21T16:00:00+00:00,0.0,0.0
2022-09-22 00:00:00+00:00,1663804800000,2022-09-22T00:00:00+00:00,-0.00027637,0.0
2022-09-22 08:00:00+00:00,1663833600000,2022-09-22T08:00:00+00:00,-0.00017379,0.0
2022-09-22 16:00:00.011000+00:00,1663862400011,2022-09-22T16:00:00.011000+00:00,0.0,0.0
2022-09-23 00:00:00.023000+00:00,1663891200023,2022-09-23T00:00:00.023000+00:00,-5.383e-05,0.0
2022-09-23 08:00:00.004000+00:00,1663920000004,2022-09-23T08:00:00.004000+00:00,-8.149e-05,0.0
2022-09-23 16:00:00.005000+00:00,1663948800005,2022-09-23T16:00:00.005000+00:00,0.0,0.0
2022-09-24 00:00:00+00:00,1663977600000,2022-09-24T00:00:00+00:00,-9.65e-06,0.0
2022-09-24 08:00:00.005000+00:00,1664006400005,2022-09-24T08:00:00.005000+00:00,0.0,0.0
2022-09-24 16:00:00+00:00,1664035200000,2022-09-24T16:00:00+00:00,0.0,0.0
2022-09-25 00:00:00.010000+00:00,1664064000010,2022-09-25T00:00:00.010000+00:00,0.0,0.0
2022-09-25 08:00:00+00:00,1664092800000,2022-09-25T08:00:00+00:00,-6.67e-05,0.0
2022-09-25 16:00:00.003000+00:00,1664121600003,2022-09-25T16:00:00.003000+00:00,0.0,0.0
2022-09-26 00:00:00.001000+00:00,1664150400001,2022-09-26T00:00:00.001000+00:00,-0.00010467,0.0
2022-09-26 08:00:00.006000+00:00,1664179200006,2022-09-26T08:00:00.006000+00:00,-1.654e-05,0.0
2022-09-26 16:00:00+00:00,1664208000000,2022-09-26T16:00:00+00:00,0.0,0.0
2022-09-27 00:00:00.026000+00:00,1664236800026,2022-09-27T00:00:00.026000+00:00,0.0,0.0
2022-09-27 08:00:00.004000+00:00,1664265600004,2022-09-27T08:00:00.004000+00:00,0.0,0.0
2022-09-27 16:00:00.006000+00:00,1664294400006,2022-09-27T16:00:00.006000+00:00,0.0,0.0
2022-09-28 00:00:00.011000+00:00,1664323200011,2022-09-28T00:00:00.011000+00:00,-0.00031512,0.0
2022-09-28 08:00:00+00:00,1664352000000,2022-09-28T08:00:00+00:00,-6.869e-05,0.0
2022-09-28 16:00:00+00:00,1664380800000,2022-09-28T16:00:00+00:00,-4.871e-05,0.0
2022-09-29 00:00:00.010000+00:00,1664409600010,2022-09-29T00:00:00.010000+00:00,0.0,0.0
2022-09-29 08:00:00+00:00,1664438400000,2022-09-29T08:00:00+00:00,0.0,0.0
2022-09-29 16:00:00+00:00,1664467200000,2022-09-29T16:00:00+00:00,0.0,0.0
2022-09-30 00:00:00.006000+00:00,1664496000006,2022-09-30T00:00:00.006000+00:00,0.0,0.0
2022-09-30 08:00:00.002000+00:00,1664524800002,2022-09-30T08:00:00.002000+00:00,0.0,0.0
2022-09-30 16:00:00.007000+00:00,1664553600007,2022-09-30T16:00:00.007000+00:00,0.0,0.0
2022-10-01 00:00:00.008000+00:00,1664582400008,2022-10-01T00:00:00.008000+00:00,0.0,0.0
2022-10-01 08:00:00.011000+00:00,1664611200011,2022-10-01T08:00:00.011000+00:00,0.0,0.0
2022-10-01 16:00:00+00:00,1664640000000,2022-10-01T16:00:00+00:00,0.0,0.0
2022-10-02 00:00:00+00:00,1664668800000,2022-10-02T00:00:00+00:00,-6.003e-05,0.0
2022-10-02 08:00:00+00:00,1664697600000,2022-10-02T08:00:00+00:00,-5.527e-05,0.0
2022-10-02 16:00:00.006000+00:00,1664726400006,2022-10-02T16:00:00.006000+00:00,-2.465e-05,0.0
2022-10-03 00:00:00+00:00,1664755200000,2022-10-03T00:00:00+00:00,0.0,0.0
2022-10-03 08:00:00.014000+00:00,1664784000014,2022-10-03T08:00:00.014000+00:00,0.0,0.0
2022-10-03 16:00:00.010000+00:00,1664812800010,2022-10-03T16:00:00.010000+00:00,0.0,0.0
2022-10-04 00:00:00.006000+00:00,1664841600006,2022-10-04T00:00:00.006000+00:00,-1.955e-05,0.0
2022-10-04 08:00:00.004000+00:00,1664870400004,2022-10-04T08:00:00.004000+00:00,0.0,0.0
2022-10-04 16:00:00.013000+00:00,1664899200013,2022-10-04T16:00:00.013000+00:00,0.0,0.0
2022-10-05 00:00:00+00:00,1664928000000,2022-10-05T00:00:00+00:00,-2.347e-05,0.0
2022-10-05 08:00:00+00:00,1664956800000,2022-10-05T08:00:00+00:00,0.0,0.0
2022-10-05 16:00:00.012000+00:00,1664985600012,2022-10-05T16:00:00.012000+00:00,0.0,0.0
2022-10-06 00:00:00.008000+00:00,1665014400008,2022-10-06T00:00:00.008000+00:00,0.0,0.0
2022-10-06 08:00:00.002000+00:00,1665043200002,2022-10-06T08:00:00.002000+00:00,0.0,0.0
2022-10-06 16:00:00.006000+00:00,1665072000006,2022-10-06T16:00:00.006000+00:00,0.0,0.0
2022-10-07 00:00:00+00:00,1665100800000,2022-10-07T00:00:00+00:00,-3.379e-05,0.0
2022-10-07 08:00:00+00:00,1665129600000,2022-10-07T08:00:00+00:00,-0.00010927,0.0
2022-10-07 16:00:00.007000+00:00,1665158400007,2022-10-07T16:00:00.007000+00:00,0.0,0.0
2022-10-08 00:00:00.010000+00:00,1665187200010,2022-10-08T00:00:00.010000+00:00,0.0,0.0
2022-10-08 08:00:00.004000+00:00,1665216000004,2022-10-08T08:00:00.004000+00:00,0.0,0.0
2022-10-08 16:00:00.018000+00:00,1665244800018,2022-10-08T16:00:00.018000+00:00,0.0,0.0
2022-10-09 00:00:00+00:00,1665273600000,2022-10-09T00:00:00+00:00,0.0,0.0
2022-10-09 08:00:00.007000+00:00,1665302400007,2022-10-09T08:00:00.007000+00:00,0.0,0.0
2022-10-09 16:00:00.011000+00:00,1665331200011,2022-10-09T16:00:00.011000+00:00,0.0,0.0
2022-10-10 00:00:00.018000+00:00,1665360000018,2022-10-10T00:00:00.018000+00:00,0.0,0.0
2022-10-10 08:00:00+00:00,1665388800000,2022-10-10T08:00:00+00:00,0.0,0.0
2022-10-10 16:00:00.026000+00:00,1665417600026,2022-10-10T16:00:00.026000+00:00,0.0,0.0
2022-10-11 00:00:00.020000+00:00,1665446400020,2022-10-11T00:00:00.020000+00:00,0.0,0.0
2022-10-11 08:00:00.027000+00:00,1665475200027,2022-10-11T08:00:00.027000+00:00,0.0,0.0
2022-10-11 16:00:00+00:00,1665504000000,2022-10-11T16:00:00+00:00,0.0,0.0
2022-10-12 00:00:00.014000+00:00,1665532800014,2022-10-12T00:00:00.014000+00:00,0.0,0.0
2022-10-12 08:00:00+00:00,1665561600000,2022-10-12T08:00:00+00:00,0.0,0.0
2022-10-12 16:00:00+00:00,1665590400000,2022-10-12T16:00:00+00:00,0.0,0.0
2022-10-13 00:00:00.013000+00:00,1665619200013,2022-10-13T00:00:00.013000+00:00,0.0,0.0
2022-10-13 08:00:00.016000+00:00,1665648000016,2022-10-13T08:00:00.016000+00:00,0.0,0.0
2022-10-13 16:00:00.009000+00:00,1665676800009,2022-10-13T16:00:00.009000+00:00,-0.00017328,0.0
2022-10-14 00:00:00.020000+00:00,1665705600020,2022-10-14T00:00:00.020000+00:00,-1.116e-05,0.0
2022-10-14 08:00:00+00:00,1665734400000,2022-10-14T08:00:00+00:00,0.0,0.0
2022-10-14 16:00:00.009000+00:00,1665763200009,2022-10-14T16:00:00.009000+00:00,-2.648e-05,0.0
2022-10-15 00:00:00.001000+00:00,1665792000001,2022-10-15T00:00:00.001000+00:00,-7.23e-06,0.0
2022-10-15 08:00:00.005000+00:00,1665820800005,2022-10-15T08:00:00.005000+00:00,-4.33e-05,0.0
2022-10-15 16:00:00.004000+00:00,1665849600004,2022-10-15T16:00:00.004000+00:00,-2.775e-05,0.0
2022-10-16 00:00:00.012000+00:00,1665878400012,2022-10-16T00:00:00.012000+00:00,0.0,0.0
2022-10-16 08:00:00+00:00,1665907200000,2022-10-16T08:00:00+00:00,-9.323e-05,0.0
2022-10-16 16:00:00.010000+00:00,1665936000010,2022-10-16T16:00:00.010000+00:00,0.0,0.0
2022-10-17 00:00:00.012000+00:00,1665964800012,2022-10-17T00:00:00.012000+00:00,-1.764e-05,0.0
2022-10-17 08:00:00.010000+00:00,1665993600010,2022-10-17T08:00:00.010000+00:00,0.0,0.0
2022-10-17 16:00:00.017000+00:00,1666022400017,2022-10-17T16:00:00.017000+00:00,-7.816e-05,0.0
2022-10-18 00:00:00.010000+00:00,1666051200010,2022-10-18T00:00:00.010000+00:00,0.0,0.0
2022-10-18 08:00:00.008000+00:00,1666080000008,2022-10-18T08:00:00.008000+00:00,-3.61e-06,0.0
2022-10-18 16:00:00+00:00,1666108800000,2022-10-18T16:00:00+00:00,-8.7e-05,0.0
2022-10-19 00:00:00.007000+00:00,1666137600007,2022-10-19T00:00:00.007000+00:00,0.0,0.0
2022-10-19 08:00:00.022000+00:00,1666166400022,2022-10-19T08:00:00.022000+00:00,0.0,0.0
2022-10-19 16:00:00.016000+00:00,1666195200016,2022-10-19T16:00:00.016000+00:00,0.0,0.0
2022-10-20 00:00:00+00:00,1666224000000,2022-10-20T00:00:00+00:00,0.0,0.0
2022-10-20 08:00:00.013000+00:00,1666252800013,2022-10-20T08:00:00.013000+00:00,0.0,0.0
2022-10-20 16:00:00+00:00,1666281600000,2022-10-20T16:00:00+00:00,0.0,0.0
2022-10-21 00:00:00.005000+00:00,1666310400005,2022-10-21T00:00:00.005000+00:00,-6.72e-06,0.0
2022-10-21 08:00:00.018000+00:00,1666339200018,2022-10-21T08:00:00.018000+00:00,-8.495e-05,0.0
2022-10-21 16:00:00+00:00,1666368000000,2022-10-21T16:00:00+00:00,-0.00013025,0.0
2022-10-22 00:00:00+00:00,1666396800000,2022-10-22T00:00:00+00:00,-4.594e-05,0.0
2022-10-22 08:00:00.015000+00:00,1666425600015,2022-10-22T08:00:00.015000+00:00,-0.00011472,0.0
2022-10-22 16:00:00+00:00,1666454400000,2022-10-22T16:00:00+00:00,-0.00018136,0.0
2022-10-23 00:00:00.025000+00:00,1666483200025,2022-10-23T00:00:00.025000+00:00,0.0,0.0
2022-10-23 08:00:00+00:00,1666512000000,2022-10-23T08:00:00+00:00,-0.00015971,0.0
2022-10-23 16:00:00.004000+00:00,1666540800004,2022-10-23T16:00:00.004000+00:00,-8.87e-06,0.0
2022-10-24 00:00:00.009000+00:00,1666569600009,2022-10-24T00:00:00.009000+00:00,0.0,0.0
2022-10-24 08:00:00.012000+00:00,1666598400012,2022-10-24T08:00:00.012000+00:00,0.0,0.0
2022-10-24 16:00:00.002000+00:00,1666627200002,2022-10-24T16:00:00.002000+00:00,-5.435e-05,0.0
2022-10-25 00:00:00.013000+00:00,1666656000013,2022-10-25T00:00:00.013000+00:00,0.0,0.0
2022-10-25 08:00:00.013000+00:00,1666684800013,2022-10-25T08:00:00.013000+00:00,0.0,0.0
2022-10-25 16:00:00+00:00,1666713600000,2022-10-25T16:00:00+00:00,-7.74e-06,0.0
2022-10-26 00:00:00.006000+00:00,1666742400006,2022-10-26T00:00:00.006000+00:00,0.0,0.0
2022-10-26 08:00:00.013000+00:00,1666771200013,2022-10-26T08:00:00.013000+00:00,0.0,0.0
2022-10-26 16:00:00+00:00,1666800000000,2022-10-26T16:00:00+00:00,-7.773e-05,0.0
2022-10-27 00:00:00.009000+00:00,1666828800009,2022-10-27T00:00:00.009000+00:00,-3.774e-05,0.0
2022-10-27 08:00:00.006000+00:00,1666857600006,2022-10-27T08:00:00.006000+00:00,0.0,0.0
2022-10-27 16:00:00.009000+00:00,1666886400009,2022-10-27T16:00:00.009000+00:00,0.0,0.0
2022-10-28 00:00:00+00:00,1666915200000,2022-10-28T00:00:00+00:00,-2.242e-05,0.0
2022-10-28 08:00:00+00:00,1666944000000,2022-10-28T08:00:00+00:00,0.0,0.0
2022-10-28 16:00:00.007000+00:00,1666972800007,2022-10-28T16:00:00.007000+00:00,0.0,0.0
2022-10-29 00:00:00+00:00,1667001600000,2022-10-29T00:00:00+00:00,0.0,0.0
2022-10-29 08:00:00.003000+00:00,1667030400003,2022-10-29T08:00:00.003000+00:00,0.0,0.0
2022-10-29 16:00:00.010000+00:00,1667059200010,2022-10-29T16:00:00.010000+00:00,0.0,0.0
2022-10-30 00:00:00+00:00,1667088000000,2022-10-30T00:00:00+00:00,0.0,0.0
2022-10-30 08:00:00.013000+00:00,1667116800013,2022-10-30T08:00:00.013000+00:00,0.0,0.0
2022-10-30 16:00:00.009000+00:00,1667145600009,2022-10-30T16:00:00.009000+00:00,0.0,0.0
2022-10-31 00:00:00.012000+00:00,1667174400012,2022-10-31T00:00:00.012000+00:00,0.0,0.0
2022-10-31 08:00:00+00:00,1667203200000,2022-10-31T08:00:00+00:00,0.0,0.0
2022-10-31 16:00:00.010000+00:00,1667232000010,2022-10-31T16:00:00.010000+00:00,0.0,0.0
2022-11-01 00:00:00+00:00,1667260800000,2022-11-01T00:00:00+00:00,-0.00022122,0.0
2022-11-01 08:00:00+00:00,1667289600000,2022-11-01T08:00:00+00:00,-7.476e-05,0.0
2022-11-01 16:00:00+00:00,1667318400000,2022-11-01T16:00:00+00:00,-1.068e-05,0.0
2022-11-02 00:00:00+00:00,1667347200000,2022-11-02T00:00:00+00:00,-0.00015035,0.0
2022-11-02 08:00:00+00:00,1667376000000,2022-11-02T08:00:00+00:00,-0.00018741,0.0
2022-11-02 16:00:00.019000+00:00,1667404800019,2022-11-02T16:00:00.019000+00:00,-0.00010047,0.0
2022-11-03 00:00:00.011000+00:00,1667433600011,2022-11-03T00:00:00.011000+00:00,-0.00024064,0.0
2022-11-03 08:00:00.016000+00:00,1667462400016,2022-11-03T08:00:00.016000+00:00,0.0,0.0
2022-11-03 16:00:00.005000+00:00,1667491200005,2022-11-03T16:00:00.005000+00:00,0.0,0.0
2022-11-04 00:00:00+00:00,1667520000000,2022-11-04T00:00:00+00:00,-0.00026514,0.0
2022-11-04 08:00:00.004000+00:00,1667548800004,2022-11-04T08:00:00.004000+00:00,-0.00015694,0.0
2022-11-04 16:00:00.020000+00:00,1667577600020,2022-11-04T16:00:00.020000+00:00,0.0,0.0
2022-11-05 00:00:00.009000+00:00,1667606400009,2022-11-05T00:00:00.009000+00:00,-0.00011505,0.0
2022-11-05 08:00:00.007000+00:00,1667635200007,2022-11-05T08:00:00.007000+00:00,-0.00033461,0.0
2022-11-05 16:00:00.018000+00:00,1667664000018,2022-11-05T16:00:00.018000+00:00,0.0,0.0
2022-11-06 00:00:00.009000+00:00,1667692800009,2022-11-06T00:00:00.009000+00:00,-0.00013208,0.0
2022-11-06 08:00:00+00:00,1667721600000,2022-11-06T08:00:00+00:00,-1.095e-05,0.0
2022-11-06 16:00:00.010000+00:00,1667750400010,2022-11-06T16:00:00.010000+00:00,0.0,0.0
2022-11-07 00:00:00.012000+00:00,1667779200012,2022-11-07T00:00:00.012000+00:00,0.0,0.0
2022-11-07 08:00:00.014000+00:00,1667808000014,2022-11-07T08:00:00.014000+00:00,0.0,0.0
2022-11-07 16:00:00.006000+00:00,1667836800006,2022-11-07T16:00:00.006000+00:00,0.0,0.0
2022-11-08 00:00:00+00:00,1667865600000,2022-11-08T00:00:00+00:00,0.0,0.0
2022-11-08 08:00:00.001000+00:00,1667894400001,2022-11-08T08:00:00.001000+00:00,-0.00086736,0.0
2022-11-08 16:00:00.005000+00:00,1667923200005,2022-11-08T16:00:00.005000+00:00,-9.108e-05,0.0
2022-11-09 00:00:00+00:00,1667952000000,2022-11-09T00:00:00+00:00,-0.00038784,0.0
2022-11-09 08:00:00.013000+00:00,1667980800013,2022-11-09T08:00:00.013000+00:00,-0.0002085,0.0
2022-11-09 16:00:00.004000+00:00,1668009600004,2022-11-09T16:00:00.004000+00:00,-0.00016051,0.0
2022-11-10 00:00:00.006000+00:00,1668038400006,2022-11-10T00:00:00.006000+00:00,-0.00075379,0.0
2022-11-10 08:00:00+00:00,1668067200000,2022-11-10T08:00:00+00:00,-0.00108601,0.0
2022-11-10 16:00:00.015000+00:00,1668096000015,2022-11-10T16:00:00.015000+00:00,-0.00101303,0.0
2022-11-11 00:00:00+00:00,1668124800000,2022-11-11T00:00:00+00:00,-6.721e-05,0.0
2022-11-11 08:00:00.015000+00:00,1668153600015,2022-11-11T08:00:00.015000+00:00,-0.00012043,0.0
2022-11-11 16:00:00.027000+00:00,1668182400027,2022-11-11T16:00:00.027000+00:00,0.0,0.0
2022-11-12 00:00:00.007000+00:00,1668211200007,2022-11-12T00:00:00.007000+00:00,0.0,0.0
2022-11-12 08:00:00.016000+00:00,1668240000016,2022-11-12T08:00:00.016000+00:00,-0.00049627,0.0
2022-11-12 16:00:00+00:00,1668268800000,2022-11-12T16:00:00+00:00,0.0,0.0
2022-11-13 00:00:00.004000+00:00,1668297600004,2022-11-13T00:00:00.004000+00:00,-0.00020827,0.0
2022-11-13 08:00:00+00:00,1668326400000,2022-11-13T08:00:00+00:00,-0.00024517,0.0
2022-11-13 16:00:00.017000+00:00,1668355200017,2022-11-13T16:00:00.017000+00:00,0.0,0.0
2022-11-14 00:00:00+00:00,1668384000000,2022-11-14T00:00:00+00:00,0.0,0.0
2022-11-14 08:00:00+00:00,1668412800000,2022-11-14T08:00:00+00:00,-5.498e-05,0.0
2022-11-14 16:00:00+00:00,1668441600000,2022-11-14T16:00:00+00:00,0.0,0.0
2022-11-15 00:00:00.014000+00:00,1668470400014,2022-11-15T00:00:00.014000+00:00,-1.388e-05,0.0
2022-11-15 08:00:00.009000+00:00,1668499200009,2022-11-15T08:00:00.009000+00:00,0.0,0.0
2022-11-15 16:00:00.010000+00:00,1668528000010,2022-11-15T16:00:00.010000+00:00,0.0,0.0
2022-11-16 00:00:00.011000+00:00,1668556800011,2022-11-16T00:00:00.011000+00:00,0.0,0.0
2022-11-16 08:00:00.004000+00:00,1668585600004,2022-11-16T08:00:00.004000+00:00,0.0,0.0
2022-11-16 16:00:00.008000+00:00,1668614400008,2022-11-16T16:00:00.008000+00:00,0.0,0.0
2022-11-17 00:00:00+00:00,1668643200000,2022-11-17T00:00:00+00:00,0.0,0.0
2022-11-17 08:00:00+00:00,1668672000000,2022-11-17T08:00:00+00:00,0.0,0.0
2022-11-17 16:00:00.006000+00:00,1668700800006,2022-11-17T16:00:00.006000+00:00,0.0,0.0
2022-11-18 00:00:00.004000+00:00,1668729600004,2022-11-18T00:00:00.004000+00:00,0.0,0.0
2022-11-18 08:00:00.016000+00:00,1668758400016,2022-11-18T08:00:00.016000+00:00,-8.914e-05,0.0
2022-11-18 16:00:00+00:00,1668787200000,2022-11-18T16:00:00+00:00,-3.688e-05,0.0
2022-11-19 00:00:00+00:00,1668816000000,2022-11-19T00:00:00+00:00,0.0,0.0
2022-11-19 08:00:00.004000+00:00,1668844800004,2022-11-19T08:00:00.004000+00:00,0.0,0.0
2022-11-19 16:00:00.024000+00:00,1668873600024,2022-11-19T16:00:00.024000+00:00,0.0,0.0
2022-11-20 00:00:00.015000+00:00,1668902400015,2022-11-20T00:00:00.015000+00:00,0.0,0.0
2022-11-20 08:00:00.004000+00:00,1668931200004,2022-11-20T08:00:00.004000+00:00,0.0,0.0
2022-11-20 16:00:00+00:00,1668960000000,2022-11-20T16:00:00+00:00,-3.401e-05,0.0
2022-11-21 00:00:00.006000+00:00,1668988800006,2022-11-21T00:00:00.006000+00:00,0.0,0.0
2022-11-21 08:00:00.015000+00:00,1669017600015,2022-11-21T08:00:00.015000+00:00,0.0,0.0
2022-11-21 16:00:00+00:00,1669046400000,2022-11-21T16:00:00+00:00,0.0,0.0
2022-11-22 00:00:00+00:00,1669075200000,2022-11-22T00:00:00+00:00,-8.432e-05,0.0
2022-11-22 08:00:00+00:00,1669104000000,2022-11-22T08:00:00+00:00,0.0,0.0
2022-11-22 16:00:00+00:00,1669132800000,2022-11-22T16:00:00+00:00,0.0,0.0
2022-11-23 00:00:00+00:00,1669161600000,2022-11-23T00:00:00+00:00,0.0,0.0
2022-11-23 08:00:00.011000+00:00,1669190400011,2022-11-23T08:00:00.011000+00:00,0.0,0.0
2022-11-23 16:00:00.014000+00:00,1669219200014,2022-11-23T16:00:00.014000+00:00,-0.00089682,0.0
2022-11-24 00:00:00.007000+00:00,1669248000007,2022-11-24T00:00:00.007000+00:00,-0.00100198,0.0
2022-11-24 08:00:00.014000+00:00,1669276800014,2022-11-24T08:00:00.014000+00:00,-0.00107431,0.0
2022-11-24 16:00:00.013000+00:00,1669305600013,2022-11-24T16:00:00.013000+00:00,-0.00101344,0.0
2022-11-25 00:00:00.004000+00:00,1669334400004,2022-11-25T00:00:00.004000+00:00,-0.00105799,0.0
2022-11-25 08:00:00.015000+00:00,1669363200015,2022-11-25T08:00:00.015000+00:00,-0.0008592,0.0
2022-11-25 16:00:00+00:00,1669392000000,2022-11-25T16:00:00+00:00,-0.0014554,0.0
2022-11-26 00:00:00.011000+00:00,1669420800011,2022-11-26T00:00:00.011000+00:00,-0.00124842,0.0
2022-11-26 08:00:00+00:00,1669449600000,2022-11-26T08:00:00+00:00,-0.00019936,0.0
2022-11-26 16:00:00+00:00,1669478400000,2022-11-26T16:00:00+00:00,-0.00032896,0.0
2022-11-27 00:00:00.012000+00:00,1669507200012,2022-11-27T00:00:00.012000+00:00,-0.00062761,0.0
2022-11-27 08:00:00+00:00,1669536000000,2022-11-27T08:00:00+00:00,-0.00055863,0.0
2022-11-27 16:00:00.003000+00:00,1669564800003,2022-11-27T16:00:00.003000+00:00,-0.00064417,0.0
2022-11-28 00:00:00.015000+00:00,1669593600015,2022-11-28T00:00:00.015000+00:00,-0.00083112,0.0
2022-11-28 08:00:00.004000+00:00,1669622400004,2022-11-28T08:00:00.004000+00:00,-0.00081517,0.0
2022-11-28 16:00:00.011000+00:00,1669651200011,2022-11-28T16:00:00.011000+00:00,-0.00092201,0.0
2022-11-29 00:00:00+00:00,1669680000000,2022-11-29T00:00:00+00:00,-0.00036103,0.0
2022-11-29 08:00:00.015000+00:00,1669708800015,2022-11-29T08:00:00.015000+00:00,-0.00016312,0.0
2022-11-29 16:00:00+00:00,1669737600000,2022-11-29T16:00:00+00:00,-0.00021615,0.0
2022-11-30 00:00:00.007000+00:00,1669766400007,2022-11-30T00:00:00.007000+00:00,-0.00022113,0.0
2022-11-30 08:00:00+00:00,1669795200000,2022-11-30T08:00:00+00:00,-0.00066434,0.0
2022-11-30 16:00:00.015000+00:00,1669824000015,2022-11-30T16:00:00.015000+00:00,-0.00079031,0.0
2022-12-01 00:00:00.001000+00:00,1669852800001,2022-12-01T00:00:00.001000+00:00,-0.00094938,0.0
2022-12-01 08:00:00.006000+00:00,1669881600006,2022-12-01T08:00:00.006000+00:00,-0.00149717,0.0
2022-12-01 16:00:00+00:00,1669910400000,2022-12-01T16:00:00+00:00,-0.0002155,0.0
2022-12-02 00:00:00.001000+00:00,1669939200001,2022-12-02T00:00:00.001000+00:00,0.0,0.0
2022-12-02 08:00:00.016000+00:00,1669968000016,2022-12-02T08:00:00.016000+00:00,0.0,0.0
2022-12-02 16:00:00.017000+00:00,1669996800017,2022-12-02T16:00:00.017000+00:00,0.0,0.0
2022-12-03 00:00:00.006000+00:00,1670025600006,2022-12-03T00:00:00.006000+00:00,0.0,0.0
2022-12-03 08:00:00+00:00,1670054400000,2022-12-03T08:00:00+00:00,0.0,0.0
2022-12-03 16:00:00.011000+00:00,1670083200011,2022-12-03T16:00:00.011000+00:00,0.0,0.0
2022-12-04 00:00:00.006000+00:00,1670112000006,2022-12-04T00:00:00.006000+00:00,0.0,0.0
2022-12-04 08:00:00+00:00,1670140800000,2022-12-04T08:00:00+00:00,0.0,0.0
2022-12-04 16:00:00.006000+00:00,1670169600006,2022-12-04T16:00:00.006000+00:00,0.0,0.0
2022-12-05 00:00:00.002000+00:00,1670198400002,2022-12-05T00:00:00.002000+00:00,0.0,0.0
2022-12-05 08:00:00.011000+00:00,1670227200011,2022-12-05T08:00:00.011000+00:00,0.0,0.0
2022-12-05 16:00:00.008000+00:00,1670256000008,2022-12-05T16:00:00.008000+00:00,0.0,0.0
2022-12-06 00:00:00.014000+00:00,1670284800014,2022-12-06T00:00:00.014000+00:00,0.0,0.0
2022-12-06 08:00:00.027000+00:00,1670313600027,2022-12-06T08:00:00.027000+00:00,0.0,0.0
2022-12-06 16:00:00.009000+00:00,1670342400009,2022-12-06T16:00:00.009000+00:00,0.0,0.0
2022-12-07 00:00:00+00:00,1670371200000,2022-12-07T00:00:00+00:00,0.0,0.0
2022-12-07 08:00:00+00:00,1670400000000,2022-12-07T08:00:00+00:00,0.0,0.0
2022-12-07 16:00:00+00:00,1670428800000,2022-12-07T16:00:00+00:00,0.0,0.0
2022-12-08 00:00:00.006000+00:00,1670457600006,2022-12-08T00:00:00.006000+00:00,0.0,0.0
2022-12-08 08:00:00+00:00,1670486400000,2022-12-08T08:00:00+00:00,0.0,0.0
2022-12-08 16:00:00.014000+00:00,1670515200014,2022-12-08T16:00:00.014000+00:00,0.0,0.0
2022-12-09 00:00:00.017000+00:00,1670544000017,2022-12-09T00:00:00.017000+00:00,0.0,0.0
2022-12-09 08:00:00.005000+00:00,1670572800005,2022-12-09T08:00:00.005000+00:00,0.0,0.0
2022-12-09 16:00:00+00:00,1670601600000,2022-12-09T16:00:00+00:00,0.0,0.0
2022-12-10 00:00:00.009000+00:00,1670630400009,2022-12-10T00:00:00.009000+00:00,0.0,0.0
2022-12-10 08:00:00.010000+00:00,1670659200010,2022-12-10T08:00:00.010000+00:00,0.0,0.0
2022-12-10 16:00:00.001000+00:00,1670688000001,2022-12-10T16:00:00.001000+00:00,0.0,0.0
2022-12-11 00:00:00.011000+00:00,1670716800011,2022-12-11T00:00:00.011000+00:00,0.0,0.0
2022-12-11 08:00:00.007000+00:00,1670745600007,2022-12-11T08:00:00.007000+00:00,0.0,0.0
2022-12-11 16:00:00.011000+00:00,1670774400011,2022-12-11T16:00:00.011000+00:00,0.0,0.0
2022-12-12 00:00:00+00:00,1670803200000,2022-12-12T00:00:00+00:00,0.0,0.0
2022-12-12 08:00:00.004000+00:00,1670832000004,2022-12-12T08:00:00.004000+00:00,0.0,0.0
2022-12-12 16:00:00+00:00,1670860800000,2022-12-12T16:00:00+00:00,0.0,0.0
2022-12-13 00:00:00+00:00,1670889600000,2022-12-13T00:00:00+00:00,0.0,0.0
2022-12-13 08:00:00.018000+00:00,1670918400018,2022-12-13T08:00:00.018000+00:00,0.0,0.0
2022-12-13 16:00:00.011000+00:00,1670947200011,2022-12-13T16:00:00.011000+00:00,0.0,0.0
2022-12-14 00:00:00.010000+00:00,1670976000010,2022-12-14T00:00:00.010000+00:00,2.88e-05,0.0
2022-12-14 08:00:00.015000+00:00,1671004800015,2022-12-14T08:00:00.015000+00:00,3.56e-05,0.0
2022-12-14 16:00:00.004000+00:00,1671033600004,2022-12-14T16:00:00.004000+00:00,0.0,0.0
2022-12-15 00:00:00+00:00,1671062400000,2022-12-15T00:00:00+00:00,0.0,0.0
2022-12-15 08:00:00.023000+00:00,1671091200023,2022-12-15T08:00:00.023000+00:00,0.0,0.0
2022-12-15 16:00:00.010000+00:00,1671120000010,2022-12-15T16:00:00.010000+00:00,0.0,0.0
2022-12-16 00:00:00.016000+00:00,1671148800016,2022-12-16T00:00:00.016000+00:00,0.0,0.0
2022-12-16 08:00:00.011000+00:00,1671177600011,2022-12-16T08:00:00.011000+00:00,0.0,0.0
2022-12-16 16:00:00.001000+00:00,1671206400001,2022-12-16T16:00:00.001000+00:00,-2.001e-05,0.0
2022-12-17 00:00:00.001000+00:00,1671235200001,2022-12-17T00:00:00.001000+00:00,-0.00073517,0.0
2022-12-17 08:00:00.011000+00:00,1671264000011,2022-12-17T08:00:00.011000+00:00,-0.00115398,0.0
2022-12-17 16:00:00.011000+00:00,1671292800011,2022-12-17T16:00:00.011000+00:00,-0.00078563,0.0
2022-12-18 00:00:00.008000+00:00,1671321600008,2022-12-18T00:00:00.008000+00:00,-0.0002971,0.0
2022-12-18 08:00:00.001000+00:00,1671350400001,2022-12-18T08:00:00.001000+00:00,-0.0010605,0.0
2022-12-18 16:00:00.012000+00:00,1671379200012,2022-12-18T16:00:00.012000+00:00,-0.00035846,0.0
2022-12-19 00:00:00+00:00,1671408000000,2022-12-19T00:00:00+00:00,-0.00083635,0.0
2022-12-19 08:00:00+00:00,1671436800000,2022-12-19T08:00:00+00:00,-0.00062904,0.0
2022-12-19 16:00:00+00:00,1671465600000,2022-12-19T16:00:00+00:00,-0.00037954,0.0
2022-12-20 00:00:00.005000+00:00,1671494400005,2022-12-20T00:00:00.005000+00:00,-1.126e-05,0.0
2022-12-20 08:00:00.016000+00:00,1671523200016,2022-12-20T08:00:00.016000+00:00,-0.00014553,0.0
2022-12-20 16:00:00+00:00,1671552000000,2022-12-20T16:00:00+00:00,-0.00018714,0.0
2022-12-21 00:00:00.007000+00:00,1671580800007,2022-12-21T00:00:00.007000+00:00,-0.0001895,0.0
2022-12-21 08:00:00.012000+00:00,1671609600012,2022-12-21T08:00:00.012000+00:00,-0.00016441,0.0
2022-12-21 16:00:00.017000+00:00,1671638400017,2022-12-21T16:00:00.017000+00:00,-9.578e-05,0.0
2022-12-22 00:00:00.004000+00:00,1671667200004,2022-12-22T00:00:00.004000+00:00,-0.00020175,0.0
2022-12-22 08:00:00+00:00,1671696000000,2022-12-22T08:00:00+00:00,-0.00037556,0.0
2022-12-22 16:00:00.001000+00:00,1671724800001,2022-12-22T16:00:00.001000+00:00,-0.00018387,0.0
2022-12-23 00:00:00.018000+00:00,1671753600018,2022-12-23T00:00:00.018000+00:00,-6.874e-05,0.0
2022-12-23 08:00:00+00:00,1671782400000,2022-12-23T08:00:00+00:00,0.0,0.0
2022-12-23 16:00:00+00:00,1671811200000,2022-12-23T16:00:00+00:00,-0.0001583,0.0
2022-12-24 00:00:00.001000+00:00,1671840000001,2022-12-24T00:00:00.001000+00:00,-8.702e-05,0.0
2022-12-24 08:00:00.007000+00:00,1671868800007,2022-12-24T08:00:00.007000+00:00,-0.00019326,0.0
2022-12-24 16:00:00.008000+00:00,1671897600008,2022-12-24T16:00:00.008000+00:00,-0.00017502,0.0
2022-12-25 00:00:00+00:00,1671926400000,2022-12-25T00:00:00+00:00,-0.00027056,0.0
2022-12-25 08:00:00.013000+00:00,1671955200013,2022-12-25T08:00:00.013000+00:00,-0.00021289,0.0
2022-12-25 16:00:00+00:00,1671984000000,2022-12-25T16:00:00+00:00,-0.00023132,0.0
2022-12-26 00:00:00.001000+00:00,1672012800001,2022-12-26T00:00:00.001000+00:00,-1.749e-05,0.0
2022-12-26 08:00:00+00:00,1672041600000,2022-12-26T08:00:00+00:00,0.0,0.0
2022-12-26 16:00:00.005000+00:00,1672070400005,2022-12-26T16:00:00.005000+00:00,-3.502e-05,0.0
2022-12-27 00:00:00.005000+00:00,1672099200005,2022-12-27T00:00:00.005000+00:00,0.0,0.0
2022-12-27 08:00:00.010000+00:00,1672128000010,2022-12-27T08:00:00.010000+00:00,0.0,0.0
2022-12-27 16:00:00.006000+00:00,1672156800006,2022-12-27T16:00:00.006000+00:00,0.0,0.0
2022-12-28 00:00:00.010000+00:00,1672185600010,2022-12-28T00:00:00.010000+00:00,0.0,0.0
2022-12-28 08:00:00.010000+00:00,1672214400010,2022-12-28T08:00:00.010000+00:00,-6.104e-05,0.0
2022-12-28 16:00:00.010000+00:00,1672243200010,2022-12-28T16:00:00.010000+00:00,-8.213e-05,0.0
2022-12-29 00:00:00.011000+00:00,1672272000011,2022-12-29T00:00:00.011000+00:00,-3.707e-05,0.0
2022-12-29 08:00:00+00:00,1672300800000,2022-12-29T08:00:00+00:00,-3.846e-05,0.0
2022-12-29 16:00:00.008000+00:00,1672329600008,2022-12-29T16:00:00.008000+00:00,0.0,0.0
2022-12-30 00:00:00+00:00,1672358400000,2022-12-30T00:00:00+00:00,-3.597e-05,0.0
2022-12-30 08:00:00+00:00,1672387200000,2022-12-30T08:00:00+00:00,-0.00010921,0.0
2022-12-30 16:00:00+00:00,1672416000000,2022-12-30T16:00:00+00:00,-2.319e-05,0.0
2022-12-31 00:00:00.014000+00:00,1672444800014,2022-12-31T00:00:00.014000+00:00,0.0,0.0
2022-12-31 08:00:00+00:00,1672473600000,2022-12-31T08:00:00+00:00,0.0,0.0
2022-12-31 16:00:00+00:00,1672502400000,2022-12-31T16:00:00+00:00,0.0,0.0
2023-01-01 00:00:00+00:00,1672531200000,2023-01-01T00:00:00+00:00,-1.05e-05,0.0
2023-01-01 08:00:00.008000+00:00,1672560000008,2023-01-01T08:00:00.008000+00:00,0.0,0.0
2023-01-01 16:00:00+00:00,1672588800000,2023-01-01T16:00:00+00:00,0.0,0.0
2023-01-02 00:00:00+00:00,1672617600000,2023-01-02T00:00:00+00:00,0.0,0.0
2023-01-02 08:00:00.008000+00:00,1672646400008,2023-01-02T08:00:00.008000+00:00,0.0,0.0
2023-01-02 16:00:00.015000+00:00,1672675200015,2023-01-02T16:00:00.015000+00:00,-7.526e-05,0.0
2023-01-03 00:00:00.003000+00:00,1672704000003,2023-01-03T00:00:00.003000+00:00,-9.889e-05,0.0
2023-01-03 08:00:00.018000+00:00,1672732800018,2023-01-03T08:00:00.018000+00:00,-5.595e-05,0.0
2023-01-03 16:00:00+00:00,1672761600000,2023-01-03T16:00:00+00:00,0.0,0.0
2023-01-04 00:00:00+00:00,1672790400000,2023-01-04T00:00:00+00:00,0.0,0.0
2023-01-04 08:00:00.016000+00:00,1672819200016,2023-01-04T08:00:00.016000+00:00,0.0,0.0
2023-01-04 16:00:00.011000+00:00,1672848000011,2023-01-04T16:00:00.011000+00:00,0.0,0.0
2023-01-05 00:00:00.009000+00:00,1672876800009,2023-01-05T00:00:00.009000+00:00,-0.00042886,0.0
2023-01-05 08:00:00.011000+00:00,1672905600011,2023-01-05T08:00:00.011000+00:00,-0.00041485,0.0
2023-01-05 16:00:00+00:00,1672934400000,2023-01-05T16:00:00+00:00,-0.00034445,0.0
2023-01-06 00:00:00.005000+00:00,1672963200005,2023-01-06T00:00:00.005000+00:00,-0.00035232,0.0
2023-01-06 08:00:00.001000+00:00,1672992000001,2023-01-06T08:00:00.001000+00:00,-0.00014715,0.0
2023-01-06 16:00:00+00:00,1673020800000,2023-01-06T16:00:00+00:00,-0.00021562,0.0
2023-01-07 00:00:00.006000+00:00,1673049600006,2023-01-07T00:00:00.006000+00:00,-0.00022972,0.0
2023-01-07 08:00:00.017000+00:00,1673078400017,2023-01-07T08:00:00.017000+00:00,-0.00019772,0.0
2023-01-07 16:00:00+00:00,1673107200000,2023-01-07T16:00:00+00:00,-0.00023691,0.0
2023-01-08 00:00:00.015000+00:00,1673136000015,2023-01-08T00:00:00.015000+00:00,-0.00042242,0.0
2023-01-08 08:00:00+00:00,1673164800000,2023-01-08T08:00:00+00:00,-0.00011035,0.0
2023-01-08 16:00:00.010000+00:00,1673193600010,2023-01-08T16:00:00.010000+00:00,0.0,0.0
2023-01-09 00:00:00.003000+00:00,1673222400003,2023-01-09T00:00:00.003000+00:00,-5.51e-05,0.0
2023-01-09 08:00:00+00:00,1673251200000,2023-01-09T08:00:00+00:00,0.0,0.0
2023-01-09 16:00:00.006000+00:00,1673280000006,2023-01-09T16:00:00.006000+00:00,0.0,0.0
2023-01-10 00:00:00.003000+00:00,1673308800003,2023-01-10T00:00:00.003000+00:00,0.0,0.0
2023-01-10 08:00:00.021000+00:00,1673337600021,2023-01-10T08:00:00.021000+00:00,0.0,0.0
2023-01-10 16:00:00+00:00,1673366400000,2023-01-10T16:00:00+00:00,-1.944e-05,0.0
2023-01-11 00:00:00.011000+00:00,1673395200011,2023-01-11T00:00:00.011000+00:00,-0.00033078,0.0
2023-01-11 08:00:00.006000+00:00,1673424000006,2023-01-11T08:00:00.006000+00:00,-0.00010219,0.0
2023-01-11 16:00:00.004000+00:00,1673452800004,2023-01-11T16:00:00.004000+00:00,-9.478e-05,0.0
2023-01-12 00:00:00+00:00,1673481600000,2023-01-12T00:00:00+00:00,-7.73e-06,0.0
2023-01-12 08:00:00+00:00,1673510400000,2023-01-12T08:00:00+00:00,0.0,0.0
2023-01-12 16:00:00+00:00,1673539200000,2023-01-12T16:00:00+00:00,0.0,0.0
2023-01-13 00:00:00.004000+00:00,1673568000004,2023-01-13T00:00:00.004000+00:00,-0.00030273,0.0
2023-01-13 08:00:00+00:00,1673596800000,2023-01-13T08:00:00+00:00,-0.00013437,0.0
2023-01-13 16:00:00.018000+00:00,1673625600018,2023-01-13T16:00:00.018000+00:00,-9.937e-05,0.0
2023-01-14 00:00:00+00:00,1673654400000,2023-01-14T00:00:00+00:00,0.0,0.0
2023-01-14 08:00:00.001000+00:00,1673683200001,2023-01-14T08:00:00.001000+00:00,0.00035334,0.0
2023-01-14 16:00:00+00:00,1673712000000,2023-01-14T16:00:00+00:00,0.0001184,0.0
2023-01-15 00:00:00.010000+00:00,1673740800010,2023-01-15T00:00:00.010000+00:00,9.249e-05,0.0
2023-01-15 08:00:00.002000+00:00,1673769600002,2023-01-15T08:00:00.002000+00:00,0.0,0.0
2023-01-15 16:00:00+00:00,1673798400000,2023-01-15T16:00:00+00:00,0.0,0.0
2023-01-16 00:00:00.010000+00:00,1673827200010,2023-01-16T00:00:00.010000+00:00,0.0,0.0
2023-01-16 08:00:00.007000+00:00,1673856000007,2023-01-16T08:00:00.007000+00:00,0.0,0.0
2023-01-16 16:00:00+00:00,1673884800000,2023-01-16T16:00:00+00:00,0.0,0.0
2023-01-17 00:00:00.004000+00:00,1673913600004,2023-01-17T00:00:00.004000+00:00,0.0,0.0
2023-01-17 08:00:00.005000+00:00,1673942400005,2023-01-17T08:00:00.005000+00:00,0.0,0.0
2023-01-17 16:00:00.001000+00:00,1673971200001,2023-01-17T16:00:00.001000+00:00,0.0,0.0
2023-01-18 00:00:00.008000+00:00,1674000000008,2023-01-18T00:00:00.008000+00:00,0.0,0.0
2023-01-18 08:00:00.009000+00:00,1674028800009,2023-01-18T08:00:00.009000+00:00,0.0,0.0
2023-01-18 16:00:00.017000+00:00,1674057600017,2023-01-18T16:00:00.017000+00:00,0.0,0.0
2023-01-19 00:00:00+00:00,1674086400000,2023-01-19T00:00:00+00:00,-9.679e-05,0.0
2023-01-19 08:00:00.015000+00:00,1674115200015,2023-01-19T08:00:00.015000+00:00,-0.00021146,0.0
2023-01-19 16:00:00.012000+00:00,1674144000012,2023-01-19T16:00:00.012000+00:00,0.0,0.0
2023-01-20 00:00:00+00:00,1674172800000,2023-01-20T00:00:00+00:00,-7.95e-06,0.0
2023-01-20 08:00:00+00:00,1674201600000,2023-01-20T08:00:00+00:00,0.0,0.0
2023-01-20 16:00:00+00:00,1674230400000,2023-01-20T16:00:00+00:00,0.0,0.0
2023-01-21 00:00:00.013000+00:00,1674259200013,2023-01-21T00:00:00.013000+00:00,5.639e-05,0.0
2023-01-21 08:00:00.001000+00:00,1674288000001,2023-01-21T08:00:00.001000+00:00,0.000182,0.0
2023-01-21 16:00:00.016000+00:00,1674316800016,2023-01-21T16:00:00.016000+00:00,5.417e-05,0.0
2023-01-22 00:00:00+00:00,1674345600000,2023-01-22T00:00:00+00:00,0.0,0.0
2023-01-22 08:00:00+00:00,1674374400000,2023-01-22T08:00:00+00:00,0.00015982,0.0
2023-01-22 16:00:00.023000+00:00,1674403200023,2023-01-22T16:00:00.023000+00:00,0.00010198,0.0
2023-01-23 00:00:00.014000+00:00,1674432000014,2023-01-23T00:00:00.014000+00:00,5.355e-05,0.0
2023-01-23 08:00:00.014000+00:00,1674460800014,2023-01-23T08:00:00.014000+00:00,8.039e-05,0.0
2023-01-23 16:00:00.016000+00:00,1674489600016,2023-01-23T16:00:00.016000+00:00,7.383e-05,0.0
2023-01-24 00:00:00.008000+00:00,1674518400008,2023-01-24T00:00:00.008000+00:00,0.00015492,0.0
2023-01-24 08:00:00.008000+00:00,1674547200008,2023-01-24T08:00:00.008000+00:00,0.00022386,0.0
2023-01-24 16:00:00+00:00,1674576000000,2023-01-24T16:00:00+00:00,0.00017116,0.0
2023-01-25 00:00:00.012000+00:00,1674604800012,2023-01-25T00:00:00.012000+00:00,0.0,0.0
2023-01-25 08:00:00+00:00,1674633600000,2023-01-25T08:00:00+00:00,0.0,0.0
2023-01-25 16:00:00.010000+00:00,1674662400010,2023-01-25T16:00:00.010000+00:00,0.0,0.0
2023-01-26 00:00:00.010000+00:00,1674691200010,2023-01-26T00:00:00.010000+00:00,0.0,0.0
2023-01-26 08:00:00.003000+00:00,1674720000003,2023-01-26T08:00:00.003000+00:00,0.0,0.0
2023-01-26 16:00:00.020000+00:00,1674748800020,2023-01-26T16:00:00.020000+00:00,0.0,0.0
2023-01-27 00:00:00.008000+00:00,1674777600008,2023-01-27T00:00:00.008000+00:00,0.0,0.0
2023-01-27 08:00:00+00:00,1674806400000,2023-01-27T08:00:00+00:00,0.0,0.0
2023-01-27 16:00:00+00:00,1674835200000,2023-01-27T16:00:00+00:00,0.0,0.0
2023-01-28 00:00:00.009000+00:00,1674864000009,2023-01-28T00:00:00.009000+00:00,0.0,0.0
2023-01-28 08:00:00.018000+00:00,1674892800018,2023-01-28T08:00:00.018000+00:00,0.0,0.0
2023-01-28 16:00:00.005000+00:00,1674921600005,2023-01-28T16:00:00.005000+00:00,0.0,0.0
2023-01-29 00:00:00.011000+00:00,1674950400011,2023-01-29T00:00:00.011000+00:00,0.0,0.0
2023-01-29 08:00:00+00:00,1674979200000,2023-01-29T08:00:00+00:00,0.0,0.0
2023-01-29 16:00:00.008000+00:00,1675008000008,2023-01-29T16:00:00.008000+00:00,0.0,0.0
2023-01-30 00:00:00.001000+00:00,1675036800001,2023-01-30T00:00:00.001000+00:00,0.0,0.0
2023-01-30 08:00:00+00:00,1675065600000,2023-01-30T08:00:00+00:00,2.222e-05,0.0
2023-01-30 16:00:00+00:00,1675094400000,2023-01-30T16:00:00+00:00,0.0,0.0
2023-01-31 00:00:00.005000+00:00,1675123200005,2023-01-31T00:00:00.005000+00:00,0.0,0.0
2023-01-31 08:00:00+00:00,1675152000000,2023-01-31T08:00:00+00:00,0.0,0.0
2023-01-31 16:00:00.007000+00:00,1675180800007,2023-01-31T16:00:00.007000+00:00,0.0,0.0
2023-02-01 00:00:00.013000+00:00,1675209600013,2023-02-01T00:00:00.013000+00:00,0.0,0.0
2023-02-01 08:00:00+00:00,1675238400000,2023-02-01T08:00:00+00:00,0.0,0.0
2023-02-01 16:00:00.012000+00:00,1675267200012,2023-02-01T16:00:00.012000+00:00,0.0,0.0
2023-02-02 00:00:00.004000+00:00,1675296000004,2023-02-02T00:00:00.004000+00:00,3.463e-05,0.0
2023-02-02 08:00:00.023000+00:00,1675324800023,2023-02-02T08:00:00.023000+00:00,0.00054212,0.0
2023-02-02 16:00:00.003000+00:00,1675353600003,2023-02-02T16:00:00.003000+00:00,0.00017099,0.0
2023-02-03 00:00:00.010000+00:00,1675382400010,2023-02-03T00:00:00.010000+00:00,0.00014265,0.0
2023-02-03 08:00:00+00:00,1675411200000,2023-02-03T08:00:00+00:00,7.717e-05,0.0
2023-02-03 16:00:00+00:00,1675440000000,2023-02-03T16:00:00+00:00,4.762e-05,0.0
2023-02-04 00:00:00.010000+00:00,1675468800010,2023-02-04T00:00:00.010000+00:00,0.0,0.0
2023-02-04 08:00:00+00:00,1675497600000,2023-02-04T08:00:00+00:00,6.947e-05,0.0
2023-02-04 16:00:00+00:00,1675526400000,2023-02-04T16:00:00+00:00,4.705e-05,0.0
2023-02-05 00:00:00.016000+00:00,1675555200016,2023-02-05T00:00:00.016000+00:00,0.0,0.0
2023-02-05 08:00:00.009000+00:00,1675584000009,2023-02-05T08:00:00.009000+00:00,0.0,0.0
2023-02-05 16:00:00.018000+00:00,1675612800018,2023-02-05T16:00:00.018000+00:00,0.0,0.0
2023-02-06 00:00:00.001000+00:00,1675641600001,2023-02-06T00:00:00.001000+00:00,0.0,0.0
2023-02-06 08:00:00+00:00,1675670400000,2023-02-06T08:00:00+00:00,0.0,0.0
2023-02-06 16:00:00.012000+00:00,1675699200012,2023-02-06T16:00:00.012000+00:00,0.0,0.0
2023-02-07 00:00:00.004000+00:00,1675728000004,2023-02-07T00:00:00.004000+00:00,0.0,0.0
2023-02-07 08:00:00.011000+00:00,1675756800011,2023-02-07T08:00:00.011000+00:00,0.0,0.0
2023-02-07 16:00:00.018000+00:00,1675785600018,2023-02-07T16:00:00.018000+00:00,0.0,0.0
2023-02-08 00:00:00.009000+00:00,1675814400009,2023-02-08T00:00:00.009000+00:00,0.0,0.0
2023-02-08 08:00:00.010000+00:00,1675843200010,2023-02-08T08:00:00.010000+00:00,0.0,0.0
2023-02-08 16:00:00+00:00,1675872000000,2023-02-08T16:00:00+00:00,0.0,0.0
2023-02-09 00:00:00.014000+00:00,1675900800014,2023-02-09T00:00:00.014000+00:00,0.0,0.0
2023-02-09 08:00:00.006000+00:00,1675929600006,2023-02-09T08:00:00.006000+00:00,0.0,0.0
2023-02-09 16:00:00.001000+00:00,1675958400001,2023-02-09T16:00:00.001000+00:00,0.0,0.0
2023-02-10 00:00:00.012000+00:00,1675987200012,2023-02-10T00:00:00.012000+00:00,0.0,0.0
2023-02-10 08:00:00.005000+00:00,1676016000005,2023-02-10T08:00:00.005000+00:00,0.0,0.0
2023-02-10 16:00:00.020000+00:00,1676044800020,2023-02-10T16:00:00.020000+00:00,-7.142e-05,0.0
2023-02-11 00:00:00.007000+00:00,1676073600007,2023-02-11T00:00:00.007000+00:00,-0.00023045,0.0
2023-02-11 08:00:00.002000+00:00,1676102400002,2023-02-11T08:00:00.002000+00:00,-0.00025716,0.0
2023-02-11 16:00:00.021000+00:00,1676131200021,2023-02-11T16:00:00.021000+00:00,-0.00017915,0.0
2023-02-12 00:00:00.004000+00:00,1676160000004,2023-02-12T00:00:00.004000+00:00,-0.00010795,0.0
2023-02-12 08:00:00+00:00,1676188800000,2023-02-12T08:00:00+00:00,-0.00030295,0.0
2023-02-12 16:00:00.002000+00:00,1676217600002,2023-02-12T16:00:00.002000+00:00,-0.0002616,0.0
2023-02-13 00:00:00.006000+00:00,1676246400006,2023-02-13T00:00:00.006000+00:00,-9.963e-05,0.0
2023-02-13 08:00:00.008000+00:00,1676275200008,2023-02-13T08:00:00.008000+00:00,-0.00011284,0.0
2023-02-13 16:00:00.002000+00:00,1676304000002,2023-02-13T16:00:00.002000+00:00,-0.00029629,0.0
2023-02-14 00:00:00.013000+00:00,1676332800013,2023-02-14T00:00:00.013000+00:00,-0.0001924,0.0
2023-02-14 08:00:00.014000+00:00,1676361600014,2023-02-14T08:00:00.014000+00:00,-1.819e-05,0.0
2023-02-14 16:00:00.016000+00:00,1676390400016,2023-02-14T16:00:00.016000+00:00,-7.739e-05,0.0
2023-02-15 00:00:00.011000+00:00,1676419200011,2023-02-15T00:00:00.011000+00:00,-0.00021143,0.0
2023-02-15 08:00:00+00:00,1676448000000,2023-02-15T08:00:00+00:00,-9.915e-05,0.0
2023-02-15 16:00:00.005000+00:00,1676476800005,2023-02-15T16:00:00.005000+00:00,-7.066e-05,0.0
2023-02-16 00:00:00.019000+00:00,1676505600019,2023-02-16T00:00:00.019000+00:00,0.0,0.0
2023-02-16 08:00:00+00:00,1676534400000,2023-02-16T08:00:00+00:00,0.0,0.0
2023-02-16 16:00:00.001000+00:00,1676563200001,2023-02-16T16:00:00.001000+00:00,5.284e-05,0.0
2023-02-17 00:00:00.003000+00:00,1676592000003,2023-02-17T00:00:00.003000+00:00,0.0,0.0
2023-02-17 08:00:00.016000+00:00,1676620800016,2023-02-17T08:00:00.016000+00:00,-8.97e-06,0.0
2023-02-17 16:00:00+00:00,1676649600000,2023-02-17T16:00:00+00:00,0.0,0.0
2023-02-18 00:00:00.011000+00:00,1676678400011,2023-02-18T00:00:00.011000+00:00,0.0,0.0
2023-02-18 08:00:00+00:00,1676707200000,2023-02-18T08:00:00+00:00,0.0,0.0
2023-02-18 16:00:00.007000+00:00,1676736000007,2023-02-18T16:00:00.007000+00:00,0.0,0.0
2023-02-19 00:00:00.019000+00:00,1676764800019,2023-02-19T00:00:00.019000+00:00,0.0,0.0
2023-02-19 08:00:00.005000+00:00,1676793600005,2023-02-19T08:00:00.005000+00:00,0.0,0.0
2023-02-19 16:00:00.003000+00:00,1676822400003,2023-02-19T16:00:00.003000+00:00,0.0,0.0
2023-02-20 00:00:00.006000+00:00,1676851200006,2023-02-20T00:00:00.006000+00:00,0.0,0.0
2023-02-20 08:00:00.008000+00:00,1676880000008,2023-02-20T08:00:00.008000+00:00,0.0,0.0
2023-02-20 16:00:00.006000+00:00,1676908800006,2023-02-20T16:00:00.006000+00:00,0.0,0.0
2023-02-21 00:00:00.001000+00:00,1676937600001,2023-02-21T00:00:00.001000+00:00,0.0,0.0
2023-02-21 08:00:00.004000+00:00,1676966400004,2023-02-21T08:00:00.004000+00:00,-3.791e-05,0.0
2023-02-21 16:00:00.011000+00:00,1676995200011,2023-02-21T16:00:00.011000+00:00,-4.808e-05,0.0
2023-02-22 00:00:00.009000+00:00,1677024000009,2023-02-22T00:00:00.009000+00:00,0.0,0.0
2023-02-22 08:00:00.010000+00:00,1677052800010,2023-02-22T08:00:00.010000+00:00,-3.36e-06,0.0
2023-02-22 16:00:00+00:00,1677081600000,2023-02-22T16:00:00+00:00,-0.00012206,0.0
2023-02-23 00:00:00.006000+00:00,1677110400006,2023-02-23T00:00:00.006000+00:00,0.0,0.0
2023-02-23 08:00:00.005000+00:00,1677139200005,2023-02-23T08:00:00.005000+00:00,0.0,0.0
2023-02-23 16:00:00.002000+00:00,1677168000002,2023-02-23T16:00:00.002000+00:00,0.0,0.0
2023-02-24 00:00:00.015000+00:00,1677196800015,2023-02-24T00:00:00.015000+00:00,-7.966e-05,0.0
2023-02-24 08:00:00.011000+00:00,1677225600011,2023-02-24T08:00:00.011000+00:00,0.0,0.0
2023-02-24 16:00:00.014000+00:00,1677254400014,2023-02-24T16:00:00.014000+00:00,0.0,0.0
2023-02-25 00:00:00.015000+00:00,1677283200015,2023-02-25T00:00:00.015000+00:00,-4.132e-05,0.0
2023-02-25 08:00:00.015000+00:00,1677312000015,2023-02-25T08:00:00.015000+00:00,-8.665e-05,0.0
2023-02-25 16:00:00.015000+00:00,1677340800015,2023-02-25T16:00:00.015000+00:00,-7.937e-05,0.0
2023-02-26 00:00:00.007000+00:00,1677369600007,2023-02-26T00:00:00.007000+00:00,-0.00014702,0.0
2023-02-26 08:00:00.012000+00:00,1677398400012,2023-02-26T08:00:00.012000+00:00,-0.00014221,0.0
2023-02-26 16:00:00+00:00,1677427200000,2023-02-26T16:00:00+00:00,-0.00012253,0.0
2023-02-27 00:00:00.011000+00:00,1677456000011,2023-02-27T00:00:00.011000+00:00,0.0,0.0
2023-02-27 08:00:00.003000+00:00,1677484800003,2023-02-27T08:00:00.003000+00:00,-2.797e-05,0.0
2023-02-27 16:00:00+00:00,1677513600000,2023-02-27T16:00:00+00:00,0.0,0.0
2023-02-28 00:00:00.011000+00:00,1677542400011,2023-02-28T00:00:00.011000+00:00,-0.00011827,0.0
2023-02-28 08:00:00.018000+00:00,1677571200018,2023-02-28T08:00:00.018000+00:00,-9.561e-05,0.0
2023-02-28 16:00:00.005000+00:00,1677600000005,2023-02-28T16:00:00.005000+00:00,0.0,0.0
2023-03-01 00:00:00.016000+00:00,1677628800016,2023-03-01T00:00:00.016000+00:00,-0.00025319,0.0
2023-03-01 08:00:00+00:00,1677657600000,2023-03-01T08:00:00+00:00,0.0,0.0
2023-03-01 16:00:00.008000+00:00,1677686400008,2023-03-01T16:00:00.008000+00:00,0.0,0.0
2023-03-02 00:00:00.009000+00:00,1677715200009,2023-03-02T00:00:00.009000+00:00,0.0,0.0
2023-03-02 08:00:00.013000+00:00,1677744000013,2023-03-02T08:00:00.013000+00:00,-0.00023545,0.0
2023-03-02 16:00:00+00:00,1677772800000,2023-03-02T16:00:00+00:00,-0.00028051,0.0
2023-03-03 00:00:00+00:00,1677801600000,2023-03-03T00:00:00+00:00,-2.961e-05,0.0
2023-03-03 08:00:00.013000+00:00,1677830400013,2023-03-03T08:00:00.013000+00:00,-8.625e-05,0.0
2023-03-03 16:00:00+00:00,1677859200000,2023-03-03T16:00:00+00:00,-2.007e-05,0.0
2023-03-04 00:00:00.001000+00:00,1677888000001,2023-03-04T00:00:00.001000+00:00,-3.295e-05,0.0
2023-03-04 08:00:00.008000+00:00,1677916800008,2023-03-04T08:00:00.008000+00:00,-9.138e-05,0.0
2023-03-04 16:00:00.012000+00:00,1677945600012,2023-03-04T16:00:00.012000+00:00,-0.00019281,0.0
2023-03-05 00:00:00+00:00,1677974400000,2023-03-05T00:00:00+00:00,-9.205e-05,0.0
2023-03-05 08:00:00+00:00,1678003200000,2023-03-05T08:00:00+00:00,0.0,0.0
2023-03-05 16:00:00.015000+00:00,1678032000015,2023-03-05T16:00:00.015000+00:00,0.0,0.0
2023-03-06 00:00:00.007000+00:00,1678060800007,2023-03-06T00:00:00.007000+00:00,-3.967e-05,0.0
2023-03-06 08:00:00.017000+00:00,1678089600017,2023-03-06T08:00:00.017000+00:00,0.0,0.0
2023-03-06 16:00:00+00:00,1678118400000,2023-03-06T16:00:00+00:00,-0.00012179,0.0
2023-03-07 00:00:00.009000+00:00,1678147200009,2023-03-07T00:00:00.009000+00:00,-0.0002088,0.0
2023-03-07 08:00:00.016000+00:00,1678176000016,2023-03-07T08:00:00.016000+00:00,-1.876e-05,0.0
2023-03-07 16:00:00.017000+00:00,1678204800017,2023-03-07T16:00:00.017000+00:00,-0.00021496,0.0
2023-03-08 00:00:00+00:00,1678233600000,2023-03-08T00:00:00+00:00,0.0,0.0
2023-03-08 08:00:00.014000+00:00,1678262400014,2023-03-08T08:00:00.014000+00:00,0.0,0.0
2023-03-08 16:00:00.021000+00:00,1678291200021,2023-03-08T16:00:00.021000+00:00,0.0,0.0
2023-03-09 00:00:00.010000+00:00,1678320000010,2023-03-09T00:00:00.010000+00:00,0.0,0.0
2023-03-09 08:00:00.013000+00:00,1678348800013,2023-03-09T08:00:00.013000+00:00,0.0,0.0
2023-03-09 16:00:00.002000+00:00,1678377600002,2023-03-09T16:00:00.002000+00:00,0.0,0.0
2023-03-10 00:00:00+00:00,1678406400000,2023-03-10T00:00:00+00:00,-0.00027317,0.0
2023-03-10 08:00:00+00:00,1678435200000,2023-03-10T08:00:00+00:00,-0.00025155,0.0
2023-03-10 16:00:00.005000+00:00,1678464000005,2023-03-10T16:00:00.005000+00:00,-0.00018076,0.0
2023-03-11 00:00:00.011000+00:00,1678492800011,2023-03-11T00:00:00.011000+00:00,-0.0001812,0.0
2023-03-11 08:00:00.003000+00:00,1678521600003,2023-03-11T08:00:00.003000+00:00,-0.0006044,0.0
2023-03-11 16:00:00.011000+00:00,1678550400011,2023-03-11T16:00:00.011000+00:00,-0.0003423,0.0
2023-03-12 00:00:00.001000+00:00,1678579200001,2023-03-12T00:00:00.001000+00:00,0.0,0.0
2023-03-12 08:00:00+00:00,1678608000000,2023-03-12T08:00:00+00:00,0.0,0.0
2023-03-12 16:00:00.005000+00:00,1678636800005,2023-03-12T16:00:00.005000+00:00,-8.385e-05,0.0
2023-03-13 00:00:00.010000+00:00,1678665600010,2023-03-13T00:00:00.010000+00:00,0.0,0.0
2023-03-13 08:00:00.018000+00:00,1678694400018,2023-03-13T08:00:00.018000+00:00,0.0,0.0
2023-03-13 16:00:00.003000+00:00,1678723200003,2023-03-13T16:00:00.003000+00:00,0.0,0.0
2023-03-14 00:00:00.010000+00:00,1678752000010,2023-03-14T00:00:00.010000+00:00,0.0,0.0
2023-03-14 08:00:00.009000+00:00,1678780800009,2023-03-14T08:00:00.009000+00:00,0.0,0.0
2023-03-14 16:00:00.010000+00:00,1678809600010,2023-03-14T16:00:00.010000+00:00,7.236e-05,0.0
2023-03-15 00:00:00.011000+00:00,1678838400011,2023-03-15T00:00:00.011000+00:00,0.00012216,0.0
2023-03-15 08:00:00+00:00,1678867200000,2023-03-15T08:00:00+00:00,0.00010347,0.0
2023-03-15 16:00:00.012000+00:00,1678896000012,2023-03-15T16:00:00.012000+00:00,0.0,0.0
2023-03-16 00:00:00.004000+00:00,1678924800004,2023-03-16T00:00:00.004000+00:00,0.0,0.0
2023-03-16 08:00:00.018000+00:00,1678953600018,2023-03-16T08:00:00.018000+00:00,9.329e-05,0.0
2023-03-16 16:00:00.005000+00:00,1678982400005,2023-03-16T16:00:00.005000+00:00,0.0,0.0
2023-03-17 00:00:00.017000+00:00,1679011200017,2023-03-17T00:00:00.017000+00:00,-0.00117649,0.0
2023-03-17 08:00:00.010000+00:00,1679040000010,2023-03-17T08:00:00.010000+00:00,-0.00059238,0.0
2023-03-17 16:00:00.003000+00:00,1679068800003,2023-03-17T16:00:00.003000+00:00,-0.00094597,0.0
2023-03-18 00:00:00.012000+00:00,1679097600012,2023-03-18T00:00:00.012000+00:00,-0.00129796,0.0
2023-03-18 08:00:00+00:00,1679126400000,2023-03-18T08:00:00+00:00,-0.00099191,0.0
2023-03-18 16:00:00.016000+00:00,1679155200016,2023-03-18T16:00:00.016000+00:00,-0.00071668,0.0
2023-03-19 00:00:00.013000+00:00,1679184000013,2023-03-19T00:00:00.013000+00:00,-0.00200114,0.0
2023-03-19 08:00:00.024000+00:00,1679212800024,2023-03-19T08:00:00.024000+00:00,-0.00122518,0.0
2023-03-19 16:00:00+00:00,1679241600000,2023-03-19T16:00:00+00:00,-0.00132398,0.0
2023-03-20 00:00:00.005000+00:00,1679270400005,2023-03-20T00:00:00.005000+00:00,-0.00208684,0.0
2023-03-20 08:00:00.012000+00:00,1679299200012,2023-03-20T08:00:00.012000+00:00,-0.00172668,0.0
2023-03-20 16:00:00.015000+00:00,1679328000015,2023-03-20T16:00:00.015000+00:00,-0.00096625,0.0
2023-03-21 00:00:00.006000+00:00,1679356800006,2023-03-21T00:00:00.006000+00:00,-0.00074486,0.0
2023-03-21 08:00:00.004000+00:00,1679385600004,2023-03-21T08:00:00.004000+00:00,-0.00138266,0.0
2023-03-21 16:00:00.003000+00:00,1679414400003,2023-03-21T16:00:00.003000+00:00,-0.00128311,0.0
2023-03-22 00:00:00+00:00,1679443200000,2023-03-22T00:00:00+00:00,-0.00197057,0.0
2023-03-22 08:00:00.003000+00:00,1679472000003,2023-03-22T08:00:00.003000+00:00,-0.00162299,0.0
2023-03-22 16:00:00+00:00,1679500800000,2023-03-22T16:00:00+00:00,-5.565e-05,0.0
2023-03-23 00:00:00.016000+00:00,1679529600016,2023-03-23T00:00:00.016000+00:00,-0.00013572,0.0
2023-03-23 08:00:00.001000+00:00,1679558400001,2023-03-23T08:00:00.001000+00:00,0.0,0.0
2023-03-23 16:00:00.013000+00:00,1679587200013,2023-03-23T16:00:00.013000+00:00,-7.012e-05,0.0
2023-03-24 00:00:00.013000+00:00,1679616000013,2023-03-24T00:00:00.013000+00:00,-0.00048065,0.0
2023-03-24 08:00:00.012000+00:00,1679644800012,2023-03-24T08:00:00.012000+00:00,-0.00022313,0.0
2023-03-24 16:00:00.027000+00:00,1679673600027,2023-03-24T16:00:00.027000+00:00,0.0,0.0
2023-03-25 00:00:00.015000+00:00,1679702400015,2023-03-25T00:00:00.015000+00:00,-0.00010615,0.0
2023-03-25 08:00:00.011000+00:00,1679731200011,2023-03-25T08:00:00.011000+00:00,-0.0001152,0.0
2023-03-25 16:00:00.011000+00:00,1679760000011,2023-03-25T16:00:00.011000+00:00,-2.817e-05,0.0
2023-03-26 00:00:00+00:00,1679788800000,2023-03-26T00:00:00+00:00,-0.0001002,0.0
2023-03-26 08:00:00.015000+00:00,1679817600015,2023-03-26T08:00:00.015000+00:00,0.0,0.0
2023-03-26 16:00:00+00:00,1679846400000,2023-03-26T16:00:00+00:00,0.0,0.0
2023-03-27 00:00:00.019000+00:00,1679875200019,2023-03-27T00:00:00.019000+00:00,-7.754e-05,0.0
2023-03-27 08:00:00.009000+00:00,1679904000009,2023-03-27T08:00:00.009000+00:00,-0.00022919,0.0
2023-03-27 16:00:00+00:00,1679932800000,2023-03-27T16:00:00+00:00,-0.00051772,0.0
2023-03-28 00:00:00.007000+00:00,1679961600007,2023-03-28T00:00:00.007000+00:00,-0.00070515,0.0
2023-03-28 08:00:00+00:00,1679990400000,2023-03-28T08:00:00+00:00,-0.00010119,0.0
2023-03-28 16:00:00.013000+00:00,1680019200013,2023-03-28T16:00:00.013000+00:00,0.0,0.0
2023-03-29 00:00:00.010000+00:00,1680048000010,2023-03-29T00:00:00.010000+00:00,-6.976e-05,0.0
2023-03-29 08:00:00.006000+00:00,1680076800006,2023-03-29T08:00:00.006000+00:00,0.0,0.0
2023-03-29 16:00:00.014000+00:00,1680105600014,2023-03-29T16:00:00.014000+00:00,-2.235e-05,0.0
2023-03-30 00:00:00+00:00,1680134400000,2023-03-30T00:00:00+00:00,0.0,0.0
2023-03-30 08:00:00+00:00,1680163200000,2023-03-30T08:00:00+00:00,-4.867e-05,0.0
2023-03-30 16:00:00.006000+00:00,1680192000006,2023-03-30T16:00:00.006000+00:00,-0.00012381,0.0
2023-03-31 00:00:00.003000+00:00,1680220800003,2023-03-31T00:00:00.003000+00:00,-0.00035389,0.0
2023-03-31 08:00:00.006000+00:00,1680249600006,2023-03-31T08:00:00.006000+00:00,-0.00038577,0.0
2023-03-31 16:00:00.011000+00:00,1680278400011,2023-03-31T16:00:00.011000+00:00,-0.00014589,0.0
2023-04-01 00:00:00+00:00,1680307200000,2023-04-01T00:00:00+00:00,-0.00079807,0.0
2023-04-01 08:00:00+00:00,1680336000000,2023-04-01T08:00:00+00:00,-0.00018883,0.0
2023-04-01 16:00:00.018000+00:00,1680364800018,2023-04-01T16:00:00.018000+00:00,-4.123e-05,0.0
2023-04-02 00:00:00.013000+00:00,1680393600013,2023-04-02T00:00:00.013000+00:00,-0.00029164,0.0
2023-04-02 08:00:00.014000+00:00,1680422400014,2023-04-02T08:00:00.014000+00:00,-0.00021911,0.0
2023-04-02 16:00:00.001000+00:00,1680451200001,2023-04-02T16:00:00.001000+00:00,-0.00014268,0.0
2023-04-03 00:00:00+00:00,1680480000000,2023-04-03T00:00:00+00:00,-0.0004329,0.0
2023-04-03 08:00:00.013000+00:00,1680508800013,2023-04-03T08:00:00.013000+00:00,-2.311e-05,0.0
2023-04-03 16:00:00.011000+00:00,1680537600011,2023-04-03T16:00:00.011000+00:00,-0.00020305,0.0
2023-04-04 00:00:00.002000+00:00,1680566400002,2023-04-04T00:00:00.002000+00:00,-0.00067885,0.0
2023-04-04 08:00:00.017000+00:00,1680595200017,2023-04-04T08:00:00.017000+00:00,-7.503e-05,0.0
2023-04-04 16:00:00.008000+00:00,1680624000008,2023-04-04T16:00:00.008000+00:00,0.0,0.0
2023-04-05 00:00:00+00:00,1680652800000,2023-04-05T00:00:00+00:00,0.0,0.0
2023-04-05 08:00:00.016000+00:00,1680681600016,2023-04-05T08:00:00.016000+00:00,0.0,0.0
2023-04-05 16:00:00.004000+00:00,1680710400004,2023-04-05T16:00:00.004000+00:00,0.0,0.0
2023-04-06 00:00:00+00:00,1680739200000,2023-04-06T00:00:00+00:00,0.0,0.0
2023-04-06 08:00:00.011000+00:00,1680768000011,2023-04-06T08:00:00.011000+00:00,0.0,0.0
2023-04-06 16:00:00+00:00,1680796800000,2023-04-06T16:00:00+00:00,0.0,0.0
2023-04-07 00:00:00.006000+00:00,1680825600006,2023-04-07T00:00:00.006000+00:00,-0.0001102,0.0
2023-04-07 08:00:00.005000+00:00,1680854400005,2023-04-07T08:00:00.005000+00:00,-0.00034537,0.0
2023-04-07 16:00:00+00:00,1680883200000,2023-04-07T16:00:00+00:00,-5.462e-05,0.0
2023-04-08 00:00:00+00:00,1680912000000,2023-04-08T00:00:00+00:00,-5.522e-05,0.0
2023-04-08 08:00:00.014000+00:00,1680940800014,2023-04-08T08:00:00.014000+00:00,0.0,0.0
2023-04-08 16:00:00.018000+00:00,1680969600018,2023-04-08T16:00:00.018000+00:00,0.0,0.0
2023-04-09 00:00:00.013000+00:00,1680998400013,2023-04-09T00:00:00.013000+00:00,0.0,0.0
2023-04-09 08:00:00.024000+00:00,1681027200024,2023-04-09T08:00:00.024000+00:00,0.0,0.0
2023-04-09 16:00:00.010000+00:00,1681056000010,2023-04-09T16:00:00.010000+00:00,0.0,0.0
2023-04-10 00:00:00+00:00,1681084800000,2023-04-10T00:00:00+00:00,0.0,0.0
2023-04-10 08:00:00.010000+00:00,1681113600010,2023-04-10T08:00:00.010000+00:00,0.0,0.0
2023-04-10 16:00:00.006000+00:00,1681142400006,2023-04-10T16:00:00.006000+00:00,0.0,0.0
2023-04-11 00:00:00.008000+00:00,1681171200008,2023-04-11T00:00:00.008000+00:00,-0.00012022,0.0
2023-04-11 08:00:00.007000+00:00,1681200000007,2023-04-11T08:00:00.007000+00:00,7.404e-05,0.0
2023-04-11 16:00:00.016000+00:00,1681228800016,2023-04-11T16:00:00.016000+00:00,2.76e-05,0.0
2023-04-12 00:00:00.006000+00:00,1681257600006,2023-04-12T00:00:00.006000+00:00,0.0,0.0
2023-04-12 08:00:00.008000+00:00,1681286400008,2023-04-12T08:00:00.008000+00:00,0.0,0.0
2023-04-12 16:00:00.014000+00:00,1681315200014,2023-04-12T16:00:00.014000+00:00,0.0,0.0
2023-04-13 00:00:00.027000+00:00,1681344000027,2023-04-13T00:00:00.027000+00:00,0.0,0.0
2023-04-13 08:00:00.010000+00:00,1681372800010,2023-04-13T08:00:00.010000+00:00,0.0,0.0
2023-04-13 16:00:00+00:00,1681401600000,2023-04-13T16:00:00+00:00,1.014e-05,0.0
2023-04-14 00:00:00.001000+00:00,1681430400001,2023-04-14T00:00:00.001000+00:00,1.185e-05,0.0
2023-04-14 08:00:00.008000+00:00,1681459200008,2023-04-14T08:00:00.008000+00:00,0.0002423,0.0
2023-04-14 16:00:00.007000+00:00,1681488000007,2023-04-14T16:00:00.007000+00:00,5.877e-05,0.0
2023-04-15 00:00:00.007000+00:00,1681516800007,2023-04-15T00:00:00.007000+00:00,0.0,0.0
2023-04-15 08:00:00.007000+00:00,1681545600007,2023-04-15T08:00:00.007000+00:00,3.5e-06,0.0
2023-04-15 16:00:00.011000+00:00,1681574400011,2023-04-15T16:00:00.011000+00:00,0.00030622,0.0
2023-04-16 00:00:00.014000+00:00,1681603200014,2023-04-16T00:00:00.014000+00:00,6.872e-05,0.0
2023-04-16 08:00:00.007000+00:00,1681632000007,2023-04-16T08:00:00.007000+00:00,9.232e-05,0.0
2023-04-16 16:00:00.002000+00:00,1681660800002,2023-04-16T16:00:00.002000+00:00,0.00045468,0.0
2023-04-17 00:00:00.017000+00:00,1681689600017,2023-04-17T00:00:00.017000+00:00,0.0002929,0.0
2023-04-17 08:00:00.006000+00:00,1681718400006,2023-04-17T08:00:00.006000+00:00,0.000243,0.0
2023-04-17 16:00:00+00:00,1681747200000,2023-04-17T16:00:00+00:00,0.00023012,0.0
2023-04-18 00:00:00.013000+00:00,1681776000013,2023-04-18T00:00:00.013000+00:00,0.00023453,0.0
2023-04-18 08:00:00.017000+00:00,1681804800017,2023-04-18T08:00:00.017000+00:00,7.434e-05,0.0
2023-04-18 16:00:00+00:00,1681833600000,2023-04-18T16:00:00+00:00,0.0,0.0
2023-04-19 00:00:00.022000+00:00,1681862400022,2023-04-19T00:00:00.022000+00:00,0.0,0.0
2023-04-19 08:00:00.014000+00:00,1681891200014,2023-04-19T08:00:00.014000+00:00,0.0,0.0
2023-04-19 16:00:00+00:00,1681920000000,2023-04-19T16:00:00+00:00,0.0,0.0
2023-04-20 00:00:00.010000+00:00,1681948800010,2023-04-20T00:00:00.010000+00:00,0.0,0.0
2023-04-20 08:00:00.012000+00:00,1681977600012,2023-04-20T08:00:00.012000+00:00,0.0,0.0
2023-04-20 16:00:00.012000+00:00,1682006400012,2023-04-20T16:00:00.012000+00:00,0.0,0.0
2023-04-21 00:00:00.009000+00:00,1682035200009,2023-04-21T00:00:00.009000+00:00,0.0,0.0
2023-04-21 08:00:00.009000+00:00,1682064000009,2023-04-21T08:00:00.009000+00:00,0.0,0.0
2023-04-21 16:00:00.003000+00:00,1682092800003,2023-04-21T16:00:00.003000+00:00,-0.00010197,0.0
2023-04-22 00:00:00+00:00,1682121600000,2023-04-22T00:00:00+00:00,-0.0001808,0.0
2023-04-22 08:00:00+00:00,1682150400000,2023-04-22T08:00:00+00:00,-0.00039367,0.0
2023-04-22 16:00:00.016000+00:00,1682179200016,2023-04-22T16:00:00.016000+00:00,-8.421e-05,0.0
2023-04-23 00:00:00.009000+00:00,1682208000009,2023-04-23T00:00:00.009000+00:00,-0.00047608,0.0
2023-04-23 08:00:00.020000+00:00,1682236800020,2023-04-23T08:00:00.020000+00:00,-0.00050601,0.0
2023-04-23 16:00:00.007000+00:00,1682265600007,2023-04-23T16:00:00.007000+00:00,-0.00073647,0.0
2023-04-24 00:00:00+00:00,1682294400000,2023-04-24T00:00:00+00:00,-0.00032731,0.0
2023-04-24 08:00:00.008000+00:00,1682323200008,2023-04-24T08:00:00.008000+00:00,-0.00079834,0.0
2023-04-24 16:00:00.006000+00:00,1682352000006,2023-04-24T16:00:00.006000+00:00,-0.00089166,0.0
2023-04-25 00:00:00.014000+00:00,1682380800014,2023-04-25T00:00:00.014000+00:00,-0.00079578,0.0
2023-04-25 08:00:00.009000+00:00,1682409600009,2023-04-25T08:00:00.009000+00:00,-0.00102839,0.0
2023-04-25 16:00:00.015000+00:00,1682438400015,2023-04-25T16:00:00.015000+00:00,-0.00083442,0.0
2023-04-26 00:00:00.015000+00:00,1682467200015,2023-04-26T00:00:00.015000+00:00,-0.00065033,0.0
2023-04-26 08:00:00.013000+00:00,1682496000013,2023-04-26T08:00:00.013000+00:00,-0.0005485,0.0
2023-04-26 16:00:00.001000+00:00,1682524800001,2023-04-26T16:00:00.001000+00:00,-0.0005203,0.0
2023-04-27 00:00:00.014000+00:00,1682553600014,2023-04-27T00:00:00.014000+00:00,-0.00116648,0.0
2023-04-27 08:00:00.008000+00:00,1682582400008,2023-04-27T08:00:00.008000+00:00,-0.00064239,0.0
2023-04-27 16:00:00.005000+00:00,1682611200005,2023-04-27T16:00:00.005000+00:00,-0.00070822,0.0
2023-04-28 00:00:00.011000+00:00,1682640000011,2023-04-28T00:00:00.011000+00:00,-0.00101999,0.0
2023-04-28 08:00:00.007000+00:00,1682668800007,2023-04-28T08:00:00.007000+00:00,-0.00194664,0.0
2023-04-28 16:00:00.006000+00:00,1682697600006,2023-04-28T16:00:00.006000+00:00,0.0,0.0
2023-04-29 00:00:00.004000+00:00,1682726400004,2023-04-29T00:00:00.004000+00:00,-0.00011978,0.0
2023-04-29 08:00:00.016000+00:00,1682755200016,2023-04-29T08:00:00.016000+00:00,0.0,0.0
2023-04-29 16:00:00.001000+00:00,1682784000001,2023-04-29T16:00:00.001000+00:00,-0.00018576,0.0
2023-04-30 00:00:00.008000+00:00,1682812800008,2023-04-30T00:00:00.008000+00:00,-0.00012369,0.0
2023-04-30 08:00:00+00:00,1682841600000,2023-04-30T08:00:00+00:00,0.0,0.0
2023-04-30 16:00:00.010000+00:00,1682870400010,2023-04-30T16:00:00.010000+00:00,0.0,0.0
2023-05-01 00:00:00.004000+00:00,1682899200004,2023-05-01T00:00:00.004000+00:00,-0.00105825,0.0
2023-05-01 08:00:00.008000+00:00,1682928000008,2023-05-01T08:00:00.008000+00:00,-0.00094339,0.0
2023-05-01 16:00:00.014000+00:00,1682956800014,2023-05-01T16:00:00.014000+00:00,-0.00120421,0.0
2023-05-02 00:00:00.015000+00:00,1682985600015,2023-05-02T00:00:00.015000+00:00,-0.00149947,0.0
2023-05-02 08:00:00.018000+00:00,1683014400018,2023-05-02T08:00:00.018000+00:00,-0.00126006,0.0
2023-05-02 16:00:00+00:00,1683043200000,2023-05-02T16:00:00+00:00,-0.00119084,0.0
2023-05-03 00:00:00.009000+00:00,1683072000009,2023-05-03T00:00:00.009000+00:00,-0.00146523,0.0
2023-05-03 08:00:00.003000+00:00,1683100800003,2023-05-03T08:00:00.003000+00:00,0.0,0.0
2023-05-03 16:00:00.011000+00:00,1683129600011,2023-05-03T16:00:00.011000+00:00,0.0,0.0
2023-05-04 00:00:00+00:00,1683158400000,2023-05-04T00:00:00+00:00,0.0,0.0
2023-05-04 08:00:00+00:00,1683187200000,2023-05-04T08:00:00+00:00,0.0,0.0
2023-05-04 16:00:00.011000+00:00,1683216000011,2023-05-04T16:00:00.011000+00:00,-2.435e-05,0.0
2023-05-05 00:00:00.002000+00:00,1683244800002,2023-05-05T00:00:00.002000+00:00,0.0,0.0
2023-05-05 08:00:00+00:00,1683273600000,2023-05-05T08:00:00+00:00,-4.602e-05,0.0
2023-05-05 16:00:00+00:00,1683302400000,2023-05-05T16:00:00+00:00,0.0,0.0
2023-05-06 00:00:00.009000+00:00,1683331200009,2023-05-06T00:00:00.009000+00:00,-8.753e-05,0.0
2023-05-06 08:00:00+00:00,1683360000000,2023-05-06T08:00:00+00:00,-6.943e-05,0.0
2023-05-06 16:00:00+00:00,1683388800000,2023-05-06T16:00:00+00:00,-0.00027804,0.0
2023-05-07 00:00:00+00:00,1683417600000,2023-05-07T00:00:00+00:00,-7.751e-05,0.0
2023-05-07 08:00:00+00:00,1683446400000,2023-05-07T08:00:00+00:00,-4.936e-05,0.0
2023-05-07 16:00:00.006000+00:00,1683475200006,2023-05-07T16:00:00.006000+00:00,-0.00010733,0.0
2023-05-08 00:00:00+00:00,1683504000000,2023-05-08T00:00:00+00:00,-0.00010221,0.0
2023-05-08 08:00:00.007000+00:00,1683532800007,2023-05-08T08:00:00.007000+00:00,-0.00035917,0.0
2023-05-08 16:00:00.015000+00:00,1683561600015,2023-05-08T16:00:00.015000+00:00,-0.00025582,0.0
2023-05-09 00:00:00.015000+00:00,1683590400015,2023-05-09T00:00:00.015000+00:00,-0.00022409,0.0
2023-05-09 08:00:00+00:00,1683619200000,2023-05-09T08:00:00+00:00,-0.00036709,0.0
2023-05-09 16:00:00+00:00,1683648000000,2023-05-09T16:00:00+00:00,-0.00032443,0.0
2023-05-10 00:00:00.007000+00:00,1683676800007,2023-05-10T00:00:00.007000+00:00,-8.759e-05,0.0
2023-05-10 08:00:00.003000+00:00,1683705600003,2023-05-10T08:00:00.003000+00:00,-4.315e-05,0.0
2023-05-10 16:00:00+00:00,1683734400000,2023-05-10T16:00:00+00:00,-0.00058032,0.0
2023-05-11 00:00:00.011000+00:00,1683763200011,2023-05-11T00:00:00.011000+00:00,-3.111e-05,0.0
2023-05-11 08:00:00+00:00,1683792000000,2023-05-11T08:00:00+00:00,0.0,0.0
2023-05-11 16:00:00.005000+00:00,1683820800005,2023-05-11T16:00:00.005000+00:00,-0.00028224,0.0
2023-05-12 00:00:00.020000+00:00,1683849600020,2023-05-12T00:00:00.020000+00:00,-0.00036925,0.0
2023-05-12 08:00:00.001000+00:00,1683878400001,2023-05-12T08:00:00.001000+00:00,0.0,0.0
2023-05-12 16:00:00.010000+00:00,1683907200010,2023-05-12T16:00:00.010000+00:00,-8.151e-05,0.0
2023-05-13 00:00:00+00:00,1683936000000,2023-05-13T00:00:00+00:00,-7.953e-05,0.0
2023-05-13 08:00:00+00:00,1683964800000,2023-05-13T08:00:00+00:00,0.0,0.0
2023-05-13 16:00:00.026000+00:00,1683993600026,2023-05-13T16:00:00.026000+00:00,-2.203e-05,0.0
2023-05-14 00:00:00.029000+00:00,1684022400029,2023-05-14T00:00:00.029000+00:00,0.0,0.0
2023-05-14 08:00:00.010000+00:00,1684051200010,2023-05-14T08:00:00.010000+00:00,0.0,0.0
2023-05-14 16:00:00.008000+00:00,1684080000008,2023-05-14T16:00:00.008000+00:00,0.0,0.0
2023-05-15 00:00:00.006000+00:00,1684108800006,2023-05-15T00:00:00.006000+00:00,-0.00018597,0.0
2023-05-15 08:00:00.005000+00:00,1684137600005,2023-05-15T08:00:00.005000+00:00,0.0,0.0
2023-05-15 16:00:00.008000+00:00,1684166400008,2023-05-15T16:00:00.008000+00:00,0.0,0.0
2023-05-16 00:00:00.021000+00:00,1684195200021,2023-05-16T00:00:00.021000+00:00,-4.595e-05,0.0
2023-05-16 08:00:00+00:00,1684224000000,2023-05-16T08:00:00+00:00,-1.285e-05,0.0
2023-05-16 16:00:00+00:00,1684252800000,2023-05-16T16:00:00+00:00,-6.776e-05,0.0
2023-05-17 00:00:00.010000+00:00,1684281600010,2023-05-17T00:00:00.010000+00:00,-4.674e-05,0.0
2023-05-17 08:00:00+00:00,1684310400000,2023-05-17T08:00:00+00:00,0.0,0.0
2023-05-17 16:00:00.001000+00:00,1684339200001,2023-05-17T16:00:00.001000+00:00,-1.822e-05,0.0
2023-05-18 00:00:00+00:00,1684368000000,2023-05-18T00:00:00+00:00,0.0,0.0
2023-05-18 08:00:00.026000+00:00,1684396800026,2023-05-18T08:00:00.026000+00:00,0.0,0.0
2023-05-18 16:00:00.019000+00:00,1684425600019,2023-05-18T16:00:00.019000+00:00,0.0,0.0
2023-05-19 00:00:00+00:00,1684454400000,2023-05-19T00:00:00+00:00,0.0,0.0
2023-05-19 08:00:00.002000+00:00,1684483200002,2023-05-19T08:00:00.002000+00:00,0.0,0.0
2023-05-19 16:00:00+00:00,1684512000000,2023-05-19T16:00:00+00:00,0.0,0.0
2023-05-20 00:00:00.005000+00:00,1684540800005,2023-05-20T00:00:00.005000+00:00,-5.92e-06,0.0
2023-05-20 08:00:00.014000+00:00,1684569600014,2023-05-20T08:00:00.014000+00:00,0.0,0.0
2023-05-20 16:00:00.020000+00:00,1684598400020,2023-05-20T16:00:00.020000+00:00,0.0,0.0
2023-05-21 00:00:00.014000+00:00,1684627200014,2023-05-21T00:00:00.014000+00:00,0.0,0.0
2023-05-21 08:00:00.001000+00:00,1684656000001,2023-05-21T08:00:00.001000+00:00,0.0,0.0
2023-05-21 16:00:00.015000+00:00,1684684800015,2023-05-21T16:00:00.015000+00:00,0.0,0.0
2023-05-22 00:00:00.028000+00:00,1684713600028,2023-05-22T00:00:00.028000+00:00,0.0,0.0
2023-05-22 08:00:00+00:00,1684742400000,2023-05-22T08:00:00+00:00,0.0,0.0
2023-05-22 16:00:00.012000+00:00,1684771200012,2023-05-22T16:00:00.012000+00:00,0.0,0.0
2023-05-23 00:00:00.006000+00:00,1684800000006,2023-05-23T00:00:00.006000+00:00,0.0,0.0
2023-05-23 08:00:00.014000+00:00,1684828800014,2023-05-23T08:00:00.014000+00:00,0.0,0.0
2023-05-23 16:00:00.008000+00:00,1684857600008,2023-05-23T16:00:00.008000+00:00,4.33e-06,0.0
2023-05-24 00:00:00+00:00,1684886400000,2023-05-24T00:00:00+00:00,0.0,0.0
2023-05-24 08:00:00.025000+00:00,1684915200025,2023-05-24T08:00:00.025000+00:00,0.0,0.0
2023-05-24 16:00:00.008000+00:00,1684944000008,2023-05-24T16:00:00.008000+00:00,0.0,0.0
2023-05-25 00:00:00+00:00,1684972800000,2023-05-25T00:00:00+00:00,0.0,0.0
2023-05-25 08:00:00.025000+00:00,1685001600025,2023-05-25T08:00:00.025000+00:00,0.0,0.0
2023-05-25 16:00:00.016000+00:00,1685030400016,2023-05-25T16:00:00.016000+00:00,0.0,0.0
2023-05-26 00:00:00+00:00,1685059200000,2023-05-26T00:00:00+00:00,0.0,0.0
2023-05-26 08:00:00.024000+00:00,1685088000024,2023-05-26T08:00:00.024000+00:00,0.0,0.0
2023-05-26 16:00:00.012000+00:00,1685116800012,2023-05-26T16:00:00.012000+00:00,0.0,0.0
2023-05-27 00:00:00.012000+00:00,1685145600012,2023-05-27T00:00:00.012000+00:00,0.0,0.0
2023-05-27 08:00:00.018000+00:00,1685174400018,2023-05-27T08:00:00.018000+00:00,0.0,0.0
2023-05-27 16:00:00.008000+00:00,1685203200008,2023-05-27T16:00:00.008000+00:00,0.0,0.0
2023-05-28 00:00:00.017000+00:00,1685232000017,2023-05-28T00:00:00.017000+00:00,0.0,0.0
2023-05-28 08:00:00.015000+00:00,1685260800015,2023-05-28T08:00:00.015000+00:00,0.0,0.0
2023-05-28 16:00:00+00:00,1685289600000,2023-05-28T16:00:00+00:00,0.0,0.0
2023-05-29 00:00:00+00:00,1685318400000,2023-05-29T00:00:00+00:00,0.0,0.0
2023-05-29 08:00:00.020000+00:00,1685347200020,2023-05-29T08:00:00.020000+00:00,5.509e-05,0.0
2023-05-29 16:00:00.011000+00:00,1685376000011,2023-05-29T16:00:00.011000+00:00,0.00018433,0.0
2023-05-30 00:00:00.003000+00:00,1685404800003,2023-05-30T00:00:00.003000+00:00,0.00013253,0.0
2023-05-30 08:00:00+00:00,1685433600000,2023-05-30T08:00:00+00:00,0.00020674,0.0
2023-05-30 16:00:00.003000+00:00,1685462400003,2023-05-30T16:00:00.003000+00:00,0.00010472,0.0
2023-05-31 00:00:00.013000+00:00,1685491200013,2023-05-31T00:00:00.013000+00:00,0.0,0.0
2023-05-31 08:00:00+00:00,1685520000000,2023-05-31T08:00:00+00:00,0.0,0.0
2023-05-31 16:00:00+00:00,1685548800000,2023-05-31T16:00:00+00:00,0.0,0.0
2023-06-01 00:00:00.008000+00:00,1685577600008,2023-06-01T00:00:00.008000+00:00,0.0,0.0
2023-06-01 08:00:00.012000+00:00,1685606400012,2023-06-01T08:00:00.012000+00:00,8.187e-05,0.0
2023-06-01 16:00:00+00:00,1685635200000,2023-06-01T16:00:00+00:00,0.0,0.0
2023-06-02 00:00:00+00:00,1685664000000,2023-06-02T00:00:00+00:00,0.0,0.0
2023-06-02 08:00:00.006000+00:00,1685692800006,2023-06-02T08:00:00.006000+00:00,4.057e-05,0.0
2023-06-02 16:00:00.012000+00:00,1685721600012,2023-06-02T16:00:00.012000+00:00,0.0,0.0
2023-06-03 00:00:00+00:00,1685750400000,2023-06-03T00:00:00+00:00,7.832e-05,0.0
2023-06-03 08:00:00.011000+00:00,1685779200011,2023-06-03T08:00:00.011000+00:00,4.591e-05,0.0
2023-06-03 16:00:00.003000+00:00,1685808000003,2023-06-03T16:00:00.003000+00:00,9.43e-06,0.0
2023-06-04 00:00:00+00:00,1685836800000,2023-06-04T00:00:00+00:00,1.7e-07,0.0
2023-06-04 08:00:00+00:00,1685865600000,2023-06-04T08:00:00+00:00,3.122e-05,0.0
2023-06-04 16:00:00+00:00,1685894400000,2023-06-04T16:00:00+00:00,0.00016004,0.0
2023-06-05 00:00:00.005000+00:00,1685923200005,2023-06-05T00:00:00.005000+00:00,0.00010125,0.0
2023-06-05 08:00:00+00:00,1685952000000,2023-06-05T08:00:00+00:00,0.0,0.0
2023-06-05 16:00:00+00:00,1685980800000,2023-06-05T16:00:00+00:00,0.0,0.0
2023-06-06 00:00:00+00:00,1686009600000,2023-06-06T00:00:00+00:00,0.0,0.0
2023-06-06 08:00:00.009000+00:00,1686038400009,2023-06-06T08:00:00.009000+00:00,0.0,0.0
2023-06-06 16:00:00.013000+00:00,1686067200013,2023-06-06T16:00:00.013000+00:00,0.0,0.0
2023-06-07 00:00:00+00:00,1686096000000,2023-06-07T00:00:00+00:00,0.0,0.0
2023-06-07 08:00:00.016000+00:00,1686124800016,2023-06-07T08:00:00.016000+00:00,0.0,0.0
2023-06-07 16:00:00+00:00,1686153600000,2023-06-07T16:00:00+00:00,0.0,0.0
2023-06-08 00:00:00.006000+00:00,1686182400006,2023-06-08T00:00:00.006000+00:00,0.0,0.0
2023-06-08 08:00:00+00:00,1686211200000,2023-06-08T08:00:00+00:00,0.0,0.0
2023-06-08 16:00:00+00:00,1686240000000,2023-06-08T16:00:00+00:00,0.0,0.0
2023-06-09 00:00:00+00:00,1686268800000,2023-06-09T00:00:00+00:00,0.0,0.0
2023-06-09 08:00:00+00:00,1686297600000,2023-06-09T08:00:00+00:00,0.0,0.0
2023-06-09 16:00:00+00:00,1686326400000,2023-06-09T16:00:00+00:00,0.0,0.0
2023-06-10 00:00:00+00:00,1686355200000,2023-06-10T00:00:00+00:00,2.811e-05,0.0
2023-06-10 08:00:00+00:00,1686384000000,2023-06-10T08:00:00+00:00,-0.00036574,0.0
2023-06-10 16:00:00+00:00,1686412800000,2023-06-10T16:00:00+00:00,-2.163e-05,0.0
2023-06-11 00:00:00.001000+00:00,1686441600001,2023-06-11T00:00:00.001000+00:00,0.0,0.0
2023-06-11 08:00:00+00:00,1686470400000,2023-06-11T08:00:00+00:00,-0.00018089,0.0
2023-06-11 16:00:00+00:00,1686499200000,2023-06-11T16:00:00+00:00,-0.00028735,0.0
2023-06-12 00:00:00+00:00,1686528000000,2023-06-12T00:00:00+00:00,0.0,0.0
2023-06-12 08:00:00+00:00,1686556800000,2023-06-12T08:00:00+00:00,-0.00070002,0.0
2023-06-12 16:00:00.001000+00:00,1686585600001,2023-06-12T16:00:00.001000+00:00,-6.726e-05,0.0
2023-06-13 00:00:00+00:00,1686614400000,2023-06-13T00:00:00+00:00,0.0,0.0
2023-06-13 08:00:00+00:00,1686643200000,2023-06-13T08:00:00+00:00,-6.27e-05,0.0
2023-06-13 16:00:00+00:00,1686672000000,2023-06-13T16:00:00+00:00,-0.00034303,0.0
2023-06-14 00:00:00+00:00,1686700800000,2023-06-14T00:00:00+00:00,-3.98e-06,0.0
2023-06-14 08:00:00+00:00,1686729600000,2023-06-14T08:00:00+00:00,-0.00044698,0.0
2023-06-14 16:00:00+00:00,1686758400000,2023-06-14T16:00:00+00:00,-0.0004527,0.0
2023-06-15 00:00:00+00:00,1686787200000,2023-06-15T00:00:00+00:00,-0.00031629,0.0
2023-06-15 08:00:00+00:00,1686816000000,2023-06-15T08:00:00+00:00,-7.324e-05,0.0
2023-06-15 16:00:00+00:00,1686844800000,2023-06-15T16:00:00+00:00,0.0,0.0
2023-06-16 00:00:00+00:00,1686873600000,2023-06-16T00:00:00+00:00,-5.371e-05,0.0
2023-06-16 08:00:00+00:00,1686902400000,2023-06-16T08:00:00+00:00,-5.605e-05,0.0
2023-06-16 16:00:00+00:00,1686931200000,2023-06-16T16:00:00+00:00,-0.00017727,0.0
2023-06-17 00:00:00+00:00,1686960000000,2023-06-17T00:00:00+00:00,0.0,0.0
2023-06-17 08:00:00+00:00,1686988800000,2023-06-17T08:00:00+00:00,0.0,0.0
2023-06-17 16:00:00+00:00,1687017600000,2023-06-17T16:00:00+00:00,0.0,0.0
2023-06-18 00:00:00+00:00,1687046400000,2023-06-18T00:00:00+00:00,0.0,0.0
2023-06-18 08:00:00+00:00,1687075200000,2023-06-18T08:00:00+00:00,0.0,0.0
2023-06-18 16:00:00+00:00,1687104000000,2023-06-18T16:00:00+00:00,0.0,0.0
2023-06-19 00:00:00+00:00,1687132800000,2023-06-19T00:00:00+00:00,0.0,0.0
2023-06-19 08:00:00+00:00,1687161600000,2023-06-19T08:00:00+00:00,0.0,0.0
2023-06-19 16:00:00+00:00,1687190400000,2023-06-19T16:00:00+00:00,0.0,0.0
2023-06-20 00:00:00.001000+00:00,1687219200001,2023-06-20T00:00:00.001000+00:00,0.0,0.0
2023-06-20 08:00:00+00:00,1687248000000,2023-06-20T08:00:00+00:00,0.0,0.0
2023-06-20 16:00:00+00:00,1687276800000,2023-06-20T16:00:00+00:00,0.0,0.0
2023-06-21 00:00:00+00:00,1687305600000,2023-06-21T00:00:00+00:00,0.0,0.0
2023-06-21 08:00:00+00:00,1687334400000,2023-06-21T08:00:00+00:00,0.0,0.0
2023-06-21 16:00:00+00:00,1687363200000,2023-06-21T16:00:00+00:00,0.0,0.0
2023-06-22 00:00:00+00:00,1687392000000,2023-06-22T00:00:00+00:00,0.0,0.0
2023-06-22 08:00:00.001000+00:00,1687420800001,2023-06-22T08:00:00.001000+00:00,0.0,0.0
2023-06-22 16:00:00+00:00,1687449600000,2023-06-22T16:00:00+00:00,0.0,0.0
2023-06-23 00:00:00+00:00,1687478400000,2023-06-23T00:00:00+00:00,0.0,0.0
2023-06-23 08:00:00+00:00,1687507200000,2023-06-23T08:00:00+00:00,0.0,0.0
2023-06-23 16:00:00+00:00,1687536000000,2023-06-23T16:00:00+00:00,0.0,0.0
2023-06-24 00:00:00+00:00,1687564800000,2023-06-24T00:00:00+00:00,1.262e-05,0.0
2023-06-24 08:00:00+00:00,1687593600000,2023-06-24T08:00:00+00:00,0.0,0.0
2023-06-24 16:00:00+00:00,1687622400000,2023-06-24T16:00:00+00:00,0.0,0.0
2023-06-25 00:00:00+00:00,1687651200000,2023-06-25T00:00:00+00:00,0.0,0.0
2023-06-25 08:00:00+00:00,1687680000000,2023-06-25T08:00:00+00:00,0.0,0.0
2023-06-25 16:00:00+00:00,1687708800000,2023-06-25T16:00:00+00:00,0.0,0.0
2023-06-26 00:00:00+00:00,1687737600000,2023-06-26T00:00:00+00:00,0.0,0.0
2023-06-26 08:00:00+00:00,1687766400000,2023-06-26T08:00:00+00:00,0.0,0.0
2023-06-26 16:00:00+00:00,1687795200000,2023-06-26T16:00:00+00:00,0.0,0.0
2023-06-27 00:00:00+00:00,1687824000000,2023-06-27T00:00:00+00:00,0.0,0.0
2023-06-27 08:00:00+00:00,1687852800000,2023-06-27T08:00:00+00:00,7.353e-05,0.0
2023-06-27 16:00:00+00:00,1687881600000,2023-06-27T16:00:00+00:00,4.009e-05,0.0
2023-06-28 00:00:00+00:00,1687910400000,2023-06-28T00:00:00+00:00,0.0,0.0
2023-06-28 08:00:00+00:00,1687939200000,2023-06-28T08:00:00+00:00,0.0,0.0
2023-06-28 16:00:00+00:00,1687968000000,2023-06-28T16:00:00+00:00,0.0,0.0
2023-06-29 00:00:00+00:00,1687996800000,2023-06-29T00:00:00+00:00,0.0,0.0
2023-06-29 08:00:00+00:00,1688025600000,2023-06-29T08:00:00+00:00,0.0,0.0
2023-06-29 16:00:00+00:00,1688054400000,2023-06-29T16:00:00+00:00,0.0,0.0
2023-06-30 00:00:00+00:00,1688083200000,2023-06-30T00:00:00+00:00,0.0,0.0
2023-06-30 08:00:00+00:00,1688112000000,2023-06-30T08:00:00+00:00,0.0,0.0
2023-06-30 16:00:00.001000+00:00,1688140800001,2023-06-30T16:00:00.001000+00:00,0.0,0.0
2023-07-01 00:00:00+00:00,1688169600000,2023-07-01T00:00:00+00:00,5.352e-05,0.0
2023-07-01 08:00:00+00:00,1688198400000,2023-07-01T08:00:00+00:00,5.349e-05,0.0
2023-07-01 16:00:00+00:00,1688227200000,2023-07-01T16:00:00+00:00,0.00014546,0.0
2023-07-02 00:00:00+00:00,1688256000000,2023-07-02T00:00:00+00:00,0.00014716,0.0
2023-07-02 08:00:00+00:00,1688284800000,2023-07-02T08:00:00+00:00,2.679e-05,0.0
2023-07-02 16:00:00.001000+00:00,1688313600001,2023-07-02T16:00:00.001000+00:00,0.00023805,0.0
2023-07-03 00:00:00+00:00,1688342400000,2023-07-03T00:00:00+00:00,9.255e-05,0.0
2023-07-03 08:00:00+00:00,1688371200000,2023-07-03T08:00:00+00:00,0.0001912,0.0
2023-07-03 16:00:00+00:00,1688400000000,2023-07-03T16:00:00+00:00,9.428e-05,0.0
2023-07-04 00:00:00.001000+00:00,1688428800001,2023-07-04T00:00:00.001000+00:00,0.0,0.0
2023-07-04 08:00:00+00:00,1688457600000,2023-07-04T08:00:00+00:00,0.0,0.0
2023-07-04 16:00:00+00:00,1688486400000,2023-07-04T16:00:00+00:00,0.0,0.0
2023-07-05 00:00:00+00:00,1688515200000,2023-07-05T00:00:00+00:00,0.0,0.0
2023-07-05 08:00:00+00:00,1688544000000,2023-07-05T08:00:00+00:00,0.0,0.0
2023-07-05 16:00:00+00:00,1688572800000,2023-07-05T16:00:00+00:00,0.0,0.0
2023-07-06 00:00:00+00:00,1688601600000,2023-07-06T00:00:00+00:00,0.0,0.0
2023-07-06 08:00:00+00:00,1688630400000,2023-07-06T08:00:00+00:00,0.0,0.0
2023-07-06 16:00:00+00:00,1688659200000,2023-07-06T16:00:00+00:00,0.0,0.0
2023-07-07 00:00:00+00:00,1688688000000,2023-07-07T00:00:00+00:00,-0.00046009,0.0
2023-07-07 08:00:00+00:00,1688716800000,2023-07-07T08:00:00+00:00,-0.00016651,0.0
2023-07-07 16:00:00+00:00,1688745600000,2023-07-07T16:00:00+00:00,-9.253e-05,0.0
2023-07-08 00:00:00+00:00,1688774400000,2023-07-08T00:00:00+00:00,-9.236e-05,0.0
2023-07-08 08:00:00+00:00,1688803200000,2023-07-08T08:00:00+00:00,-7.741e-05,0.0
2023-07-08 16:00:00+00:00,1688832000000,2023-07-08T16:00:00+00:00,0.0,0.0
2023-07-09 00:00:00+00:00,1688860800000,2023-07-09T00:00:00+00:00,-4.91e-06,0.0
2023-07-09 08:00:00+00:00,1688889600000,2023-07-09T08:00:00+00:00,0.0,0.0
2023-07-09 16:00:00+00:00,1688918400000,2023-07-09T16:00:00+00:00,-8.229e-05,0.0
2023-07-10 00:00:00+00:00,1688947200000,2023-07-10T00:00:00+00:00,-0.00012524,0.0
2023-07-10 08:00:00+00:00,1688976000000,2023-07-10T08:00:00+00:00,-4.39e-06,0.0
2023-07-10 16:00:00+00:00,1689004800000,2023-07-10T16:00:00+00:00,-0.00012535,0.0
2023-07-11 00:00:00+00:00,1689033600000,2023-07-11T00:00:00+00:00,-0.00025923,0.0
2023-07-11 08:00:00+00:00,1689062400000,2023-07-11T08:00:00+00:00,-0.00074001,0.0
2023-07-11 16:00:00+00:00,1689091200000,2023-07-11T16:00:00+00:00,-0.00074761,0.0
2023-07-12 00:00:00+00:00,1689120000000,2023-07-12T00:00:00+00:00,-0.00035487,0.0
2023-07-12 08:00:00+00:00,1689148800000,2023-07-12T08:00:00+00:00,-0.0006544,0.0
2023-07-12 16:00:00+00:00,1689177600000,2023-07-12T16:00:00+00:00,-0.00059837,0.0
2023-07-13 00:00:00+00:00,1689206400000,2023-07-13T00:00:00+00:00,-0.00108561,0.0
2023-07-13 08:00:00+00:00,1689235200000,2023-07-13T08:00:00+00:00,-0.00074145,0.0
2023-07-13 16:00:00+00:00,1689264000000,2023-07-13T16:00:00+00:00,-0.00082611,0.0
2023-07-14 00:00:00+00:00,1689292800000,2023-07-14T00:00:00+00:00,0.0,0.0
2023-07-14 08:00:00+00:00,1689321600000,2023-07-14T08:00:00+00:00,-0.00042246,0.0
2023-07-14 16:00:00+00:00,1689350400000,2023-07-14T16:00:00+00:00,-0.00049717,0.0
2023-07-15 00:00:00+00:00,1689379200000,2023-07-15T00:00:00+00:00,-0.00116654,0.0
2023-07-15 08:00:00+00:00,1689408000000,2023-07-15T08:00:00+00:00,-0.00054039,0.0
2023-07-15 16:00:00+00:00,1689436800000,2023-07-15T16:00:00+00:00,-0.000673,0.0
2023-07-16 00:00:00.001000+00:00,1689465600001,2023-07-16T00:00:00.001000+00:00,-0.00082346,0.0
2023-07-16 08:00:00+00:00,1689494400000,2023-07-16T08:00:00+00:00,-0.00077424,0.0
2023-07-16 16:00:00+00:00,1689523200000,2023-07-16T16:00:00+00:00,-0.00076813,0.0
2023-07-17 00:00:00+00:00,1689552000000,2023-07-17T00:00:00+00:00,-0.00180248,0.0
2023-07-17 08:00:00+00:00,1689580800000,2023-07-17T08:00:00+00:00,-0.00025688,0.0
2023-07-17 16:00:00+00:00,1689609600000,2023-07-17T16:00:00+00:00,-0.00034131,0.0
2023-07-18 00:00:00+00:00,1689638400000,2023-07-18T00:00:00+00:00,-0.00013206,0.0
2023-07-18 08:00:00+00:00,1689667200000,2023-07-18T08:00:00+00:00,-0.00037172,0.0
2023-07-18 16:00:00+00:00,1689696000000,2023-07-18T16:00:00+00:00,0.0,0.0
2023-07-19 00:00:00+00:00,1689724800000,2023-07-19T00:00:00+00:00,0.0,0.0
2023-07-19 08:00:00+00:00,1689753600000,2023-07-19T08:00:00+00:00,0.00014002,0.0
2023-07-19 16:00:00.001000+00:00,1689782400001,2023-07-19T16:00:00.001000+00:00,0.00010374,0.0
2023-07-20 00:00:00+00:00,1689811200000,2023-07-20T00:00:00+00:00,4.559e-05,0.0
2023-07-20 08:00:00+00:00,1689840000000,2023-07-20T08:00:00+00:00,0.00013033,0.0
2023-07-20 16:00:00+00:00,1689868800000,2023-07-20T16:00:00+00:00,0.0,0.0
2023-07-21 00:00:00.001000+00:00,1689897600001,2023-07-21T00:00:00.001000+00:00,7.509e-05,0.0
2023-07-21 08:00:00+00:00,1689926400000,2023-07-21T08:00:00+00:00,2.789e-05,0.0
2023-07-21 16:00:00+00:00,1689955200000,2023-07-21T16:00:00+00:00,0.0002497,0.0
2023-07-22 00:00:00+00:00,1689984000000,2023-07-22T00:00:00+00:00,0.00013559,0.0
2023-07-22 08:00:00+00:00,1690012800000,2023-07-22T08:00:00+00:00,6.965e-05,0.0
2023-07-22 16:00:00+00:00,1690041600000,2023-07-22T16:00:00+00:00,0.0,0.0
2023-07-23 00:00:00+00:00,1690070400000,2023-07-23T00:00:00+00:00,0.0,0.0
2023-07-23 08:00:00+00:00,1690099200000,2023-07-23T08:00:00+00:00,8.296e-05,0.0
2023-07-23 16:00:00+00:00,1690128000000,2023-07-23T16:00:00+00:00,7.037e-05,0.0
2023-07-24 00:00:00+00:00,1690156800000,2023-07-24T00:00:00+00:00,0.0,0.0
2023-07-24 08:00:00+00:00,1690185600000,2023-07-24T08:00:00+00:00,1.192e-05,0.0
2023-07-24 16:00:00+00:00,1690214400000,2023-07-24T16:00:00+00:00,0.0,0.0
2023-07-25 00:00:00+00:00,1690243200000,2023-07-25T00:00:00+00:00,0.0,0.0
2023-07-25 08:00:00+00:00,1690272000000,2023-07-25T08:00:00+00:00,8.855e-05,0.0
2023-07-25 16:00:00+00:00,1690300800000,2023-07-25T16:00:00+00:00,0.0,0.0
2023-07-26 00:00:00+00:00,1690329600000,2023-07-26T00:00:00+00:00,0.0,0.0
2023-07-26 08:00:00.001000+00:00,1690358400001,2023-07-26T08:00:00.001000+00:00,1.89e-06,0.0
2023-07-26 16:00:00+00:00,1690387200000,2023-07-26T16:00:00+00:00,0.0,0.0
2023-07-27 00:00:00+00:00,1690416000000,2023-07-27T00:00:00+00:00,0.0,0.0
2023-07-27 08:00:00+00:00,1690444800000,2023-07-27T08:00:00+00:00,4.979e-05,0.0
2023-07-27 16:00:00.001000+00:00,1690473600001,2023-07-27T16:00:00.001000+00:00,2.458e-05,0.0
2023-07-28 00:00:00+00:00,1690502400000,2023-07-28T00:00:00+00:00,1.6e-05,0.0
2023-07-28 08:00:00+00:00,1690531200000,2023-07-28T08:00:00+00:00,0.0,0.0
2023-07-28 16:00:00+00:00,1690560000000,2023-07-28T16:00:00+00:00,5.712e-05,0.0
2023-07-29 00:00:00+00:00,1690588800000,2023-07-29T00:00:00+00:00,0.0,0.0
2023-07-29 08:00:00+00:00,1690617600000,2023-07-29T08:00:00+00:00,0.0,0.0
2023-07-29 16:00:00.001000+00:00,1690646400001,2023-07-29T16:00:00.001000+00:00,9.95e-05,0.0
2023-07-30 00:00:00+00:00,1690675200000,2023-07-30T00:00:00+00:00,4.905e-05,0.0
2023-07-30 08:00:00+00:00,1690704000000,2023-07-30T08:00:00+00:00,8.003e-05,0.0
2023-07-30 16:00:00+00:00,1690732800000,2023-07-30T16:00:00+00:00,0.00011335,0.0
2023-07-31 00:00:00+00:00,1690761600000,2023-07-31T00:00:00+00:00,9.227e-05,0.0
2023-07-31 08:00:00+00:00,1690790400000,2023-07-31T08:00:00+00:00,7.364e-05,0.0
2023-07-31 16:00:00.001000+00:00,1690819200001,2023-07-31T16:00:00.001000+00:00,4.11e-05,0.0
2023-08-01 00:00:00+00:00,1690848000000,2023-08-01T00:00:00+00:00,0.0,0.0
2023-08-01 08:00:00+00:00,1690876800000,2023-08-01T08:00:00+00:00,7.317e-05,0.0
2023-08-01 16:00:00+00:00,1690905600000,2023-08-01T16:00:00+00:00,6.759e-05,0.0
2023-08-02 00:00:00+00:00,1690934400000,2023-08-02T00:00:00+00:00,0.0,0.0
2023-08-02 08:00:00+00:00,1690963200000,2023-08-02T08:00:00+00:00,0.0,0.0
2023-08-02 16:00:00+00:00,1690992000000,2023-08-02T16:00:00+00:00,0.0,0.0
2023-08-03 00:00:00+00:00,1691020800000,2023-08-03T00:00:00+00:00,0.0,0.0
2023-08-03 08:00:00+00:00,1691049600000,2023-08-03T08:00:00+00:00,0.0,0.0
2023-08-03 16:00:00.001000+00:00,1691078400001,2023-08-03T16:00:00.001000+00:00,0.0,0.0
2023-08-04 00:00:00+00:00,1691107200000,2023-08-04T00:00:00+00:00,0.0,0.0
2023-08-04 08:00:00+00:00,1691136000000,2023-08-04T08:00:00+00:00,0.0,0.0
2023-08-04 16:00:00+00:00,1691164800000,2023-08-04T16:00:00+00:00,0.0,0.0
2023-08-05 00:00:00+00:00,1691193600000,2023-08-05T00:00:00+00:00,0.0,0.0
2023-08-05 08:00:00+00:00,1691222400000,2023-08-05T08:00:00+00:00,0.0,0.0
2023-08-05 16:00:00.001000+00:00,1691251200001,2023-08-05T16:00:00.001000+00:00,0.0,0.0
2023-08-06 00:00:00+00:00,1691280000000,2023-08-06T00:00:00+00:00,0.0,0.0
2023-08-06 08:00:00.001000+00:00,1691308800001,2023-08-06T08:00:00.001000+00:00,1.099e-05,0.0
2023-08-06 16:00:00.005000+00:00,1691337600005,2023-08-06T16:00:00.005000+00:00,0.0,0.0
2023-08-07 00:00:00+00:00,1691366400000,2023-08-07T00:00:00+00:00,0.0,0.0
2023-08-07 08:00:00+00:00,1691395200000,2023-08-07T08:00:00+00:00,0.0,0.0
2023-08-07 16:00:00+00:00,1691424000000,2023-08-07T16:00:00+00:00,0.0,0.0
2023-08-08 00:00:00+00:00,1691452800000,2023-08-08T00:00:00+00:00,0.0,0.0
2023-08-08 08:00:00+00:00,1691481600000,2023-08-08T08:00:00+00:00,0.0,0.0
2023-08-08 16:00:00+00:00,1691510400000,2023-08-08T16:00:00+00:00,0.0,0.0
2023-08-09 00:00:00+00:00,1691539200000,2023-08-09T00:00:00+00:00,0.00015375,0.0
2023-08-09 08:00:00+00:00,1691568000000,2023-08-09T08:00:00+00:00,0.0,0.0
2023-08-09 16:00:00+00:00,1691596800000,2023-08-09T16:00:00+00:00,0.0,0.0
2023-08-10 00:00:00.001000+00:00,1691625600001,2023-08-10T00:00:00.001000+00:00,0.0,0.0
2023-08-10 08:00:00+00:00,1691654400000,2023-08-10T08:00:00+00:00,0.0,0.0
2023-08-10 16:00:00+00:00,1691683200000,2023-08-10T16:00:00+00:00,0.0,0.0
2023-08-11 00:00:00+00:00,1691712000000,2023-08-11T00:00:00+00:00,-0.00015036,0.0
2023-08-11 08:00:00+00:00,1691740800000,2023-08-11T08:00:00+00:00,-0.00026946,0.0
2023-08-11 16:00:00+00:00,1691769600000,2023-08-11T16:00:00+00:00,-0.00023724,0.0
2023-08-12 00:00:00+00:00,1691798400000,2023-08-12T00:00:00+00:00,-0.00022644,0.0
2023-08-12 08:00:00+00:00,1691827200000,2023-08-12T08:00:00+00:00,-0.00015777,0.0
2023-08-12 16:00:00+00:00,1691856000000,2023-08-12T16:00:00+00:00,-0.00020833,0.0
2023-08-13 00:00:00+00:00,1691884800000,2023-08-13T00:00:00+00:00,-0.00029203,0.0
2023-08-13 08:00:00+00:00,1691913600000,2023-08-13T08:00:00+00:00,-0.00019929,0.0
2023-08-13 16:00:00+00:00,1691942400000,2023-08-13T16:00:00+00:00,-6.14e-06,0.0
2023-08-14 00:00:00.001000+00:00,1691971200001,2023-08-14T00:00:00.001000+00:00,-3.892e-05,0.0
2023-08-14 08:00:00+00:00,1692000000000,2023-08-14T08:00:00+00:00,-4.676e-05,0.0
2023-08-14 16:00:00+00:00,1692028800000,2023-08-14T16:00:00+00:00,-8.05e-06,0.0
2023-08-15 00:00:00.001000+00:00,1692057600001,2023-08-15T00:00:00.001000+00:00,-9.711e-05,0.0
2023-08-15 08:00:00+00:00,1692086400000,2023-08-15T08:00:00+00:00,-0.00020066,0.0
2023-08-15 16:00:00+00:00,1692115200000,2023-08-15T16:00:00+00:00,0.0,0.0
2023-08-16 00:00:00+00:00,1692144000000,2023-08-16T00:00:00+00:00,-0.00044204,0.0
2023-08-16 08:00:00.001000+00:00,1692172800001,2023-08-16T08:00:00.001000+00:00,-0.0001621,0.0
2023-08-16 16:00:00+00:00,1692201600000,2023-08-16T16:00:00+00:00,-0.000444,0.0
2023-08-17 00:00:00+00:00,1692230400000,2023-08-17T00:00:00+00:00,-0.00027077,0.0
2023-08-17 08:00:00+00:00,1692259200000,2023-08-17T08:00:00+00:00,0.0,0.0
2023-08-17 16:00:00+00:00,1692288000000,2023-08-17T16:00:00+00:00,-0.00018279,0.0
2023-08-18 00:00:00+00:00,1692316800000,2023-08-18T00:00:00+00:00,-0.00074175,0.0
2023-08-18 08:00:00+00:00,1692345600000,2023-08-18T08:00:00+00:00,-5.81e-05,0.0
2023-08-18 16:00:00+00:00,1692374400000,2023-08-18T16:00:00+00:00,-0.00011733,0.0
2023-08-19 00:00:00+00:00,1692403200000,2023-08-19T00:00:00+00:00,-0.00029585,0.0
2023-08-19 08:00:00+00:00,1692432000000,2023-08-19T08:00:00+00:00,-0.00035101,0.0
2023-08-19 16:00:00+00:00,1692460800000,2023-08-19T16:00:00+00:00,-0.00012321,0.0
2023-08-20 00:00:00+00:00,1692489600000,2023-08-20T00:00:00+00:00,-1.186e-05,0.0
2023-08-20 08:00:00+00:00,1692518400000,2023-08-20T08:00:00+00:00,-0.00012416,0.0
2023-08-20 16:00:00+00:00,1692547200000,2023-08-20T16:00:00+00:00,-0.00026855,0.0
2023-08-21 00:00:00+00:00,1692576000000,2023-08-21T00:00:00+00:00,0.0,0.0
2023-08-21 08:00:00+00:00,1692604800000,2023-08-21T08:00:00+00:00,-0.00034238,0.0
2023-08-21 16:00:00+00:00,1692633600000,2023-08-21T16:00:00+00:00,-0.00073843,0.0
2023-08-22 00:00:00+00:00,1692662400000,2023-08-22T00:00:00+00:00,-0.00011188,0.0
2023-08-22 08:00:00+00:00,1692691200000,2023-08-22T08:00:00+00:00,-8.858e-05,0.0
2023-08-22 16:00:00+00:00,1692720000000,2023-08-22T16:00:00+00:00,-0.00084222,0.0
2023-08-23 00:00:00+00:00,1692748800000,2023-08-23T00:00:00+00:00,-0.0005188,0.0
2023-08-23 08:00:00+00:00,1692777600000,2023-08-23T08:00:00+00:00,0.0,0.0
2023-08-23 16:00:00+00:00,1692806400000,2023-08-23T16:00:00+00:00,-6.038e-05,0.0
2023-08-24 00:00:00+00:00,1692835200000,2023-08-24T00:00:00+00:00,-0.00023809,0.0
2023-08-24 08:00:00+00:00,1692864000000,2023-08-24T08:00:00+00:00,0.0,0.0
2023-08-24 16:00:00+00:00,1692892800000,2023-08-24T16:00:00+00:00,0.0,0.0
2023-08-25 00:00:00+00:00,1692921600000,2023-08-25T00:00:00+00:00,0.0,0.0
2023-08-25 08:00:00+00:00,1692950400000,2023-08-25T08:00:00+00:00,0.0,0.0
2023-08-25 16:00:00+00:00,1692979200000,2023-08-25T16:00:00+00:00,0.0,0.0
2023-08-26 00:00:00+00:00,1693008000000,2023-08-26T00:00:00+00:00,0.0,0.0
2023-08-26 08:00:00+00:00,1693036800000,2023-08-26T08:00:00+00:00,0.0,0.0
2023-08-26 16:00:00+00:00,1693065600000,2023-08-26T16:00:00+00:00,0.0,0.0
2023-08-27 00:00:00+00:00,1693094400000,2023-08-27T00:00:00+00:00,0.0,0.0
2023-08-27 08:00:00+00:00,1693123200000,2023-08-27T08:00:00+00:00,0.0,0.0
2023-08-27 16:00:00+00:00,1693152000000,2023-08-27T16:00:00+00:00,0.0,0.0
2023-08-28 00:00:00+00:00,1693180800000,2023-08-28T00:00:00+00:00,0.0,0.0
2023-08-28 08:00:00.001000+00:00,1693209600001,2023-08-28T08:00:00.001000+00:00,0.0,0.0
2023-08-28 16:00:00.001000+00:00,1693238400001,2023-08-28T16:00:00.001000+00:00,0.0,0.0
2023-08-29 00:00:00+00:00,1693267200000,2023-08-29T00:00:00+00:00,0.0,0.0
2023-08-29 08:00:00+00:00,1693296000000,2023-08-29T08:00:00+00:00,0.0,0.0
2023-08-29 16:00:00+00:00,1693324800000,2023-08-29T16:00:00+00:00,0.0,0.0
2023-08-30 00:00:00+00:00,1693353600000,2023-08-30T00:00:00+00:00,0.0,0.0
2023-08-30 08:00:00+00:00,1693382400000,2023-08-30T08:00:00+00:00,0.0,0.0
2023-08-30 16:00:00+00:00,1693411200000,2023-08-30T16:00:00+00:00,0.0,0.0
2023-08-31 00:00:00+00:00,1693440000000,2023-08-31T00:00:00+00:00,0.0,0.0
2023-08-31 08:00:00+00:00,1693468800000,2023-08-31T08:00:00+00:00,0.0,0.0
2023-08-31 16:00:00+00:00,1693497600000,2023-08-31T16:00:00+00:00,0.0,0.0
2023-09-01 00:00:00+00:00,1693526400000,2023-09-01T00:00:00+00:00,0.0,0.0
2023-09-01 08:00:00+00:00,1693555200000,2023-09-01T08:00:00+00:00,0.0,0.0
2023-09-01 16:00:00.001000+00:00,1693584000001,2023-09-01T16:00:00.001000+00:00,0.0,0.0
2023-09-02 00:00:00+00:00,1693612800000,2023-09-02T00:00:00+00:00,0.0,0.0
2023-09-02 08:00:00+00:00,1693641600000,2023-09-02T08:00:00+00:00,0.0,0.0
2023-09-02 16:00:00+00:00,1693670400000,2023-09-02T16:00:00+00:00,0.0,0.0
2023-09-03 00:00:00+00:00,1693699200000,2023-09-03T00:00:00+00:00,0.0,0.0
2023-09-03 08:00:00+00:00,1693728000000,2023-09-03T08:00:00+00:00,0.0,0.0
2023-09-03 16:00:00+00:00,1693756800000,2023-09-03T16:00:00+00:00,0.0,0.0
2023-09-04 00:00:00+00:00,1693785600000,2023-09-04T00:00:00+00:00,0.0,0.0
2023-09-04 08:00:00+00:00,1693814400000,2023-09-04T08:00:00+00:00,0.0,0.0
2023-09-04 16:00:00+00:00,1693843200000,2023-09-04T16:00:00+00:00,0.0,0.0
2023-09-05 00:00:00+00:00,1693872000000,2023-09-05T00:00:00+00:00,0.0,0.0
2023-09-05 08:00:00+00:00,1693900800000,2023-09-05T08:00:00+00:00,0.0,0.0
2023-09-05 16:00:00+00:00,1693929600000,2023-09-05T16:00:00+00:00,0.0,0.0
2023-09-06 00:00:00+00:00,1693958400000,2023-09-06T00:00:00+00:00,0.0,0.0
2023-09-06 08:00:00+00:00,1693987200000,2023-09-06T08:00:00+00:00,0.0,0.0
2023-09-06 16:00:00.001000+00:00,1694016000001,2023-09-06T16:00:00.001000+00:00,0.0,0.0
2023-09-07 00:00:00+00:00,1694044800000,2023-09-07T00:00:00+00:00,0.0,0.0
2023-09-07 08:00:00+00:00,1694073600000,2023-09-07T08:00:00+00:00,0.0,0.0
2023-09-07 16:00:00+00:00,1694102400000,2023-09-07T16:00:00+00:00,0.0,0.0
2023-09-08 00:00:00+00:00,1694131200000,2023-09-08T00:00:00+00:00,0.0,0.0
2023-09-08 08:00:00+00:00,1694160000000,2023-09-08T08:00:00+00:00,0.0,0.0
2023-09-08 16:00:00+00:00,1694188800000,2023-09-08T16:00:00+00:00,0.0,0.0
2023-09-09 00:00:00+00:00,1694217600000,2023-09-09T00:00:00+00:00,0.0,0.0
2023-09-09 08:00:00+00:00,1694246400000,2023-09-09T08:00:00+00:00,0.0,0.0
2023-09-09 16:00:00+00:00,1694275200000,2023-09-09T16:00:00+00:00,0.0,0.0
2023-09-10 00:00:00+00:00,1694304000000,2023-09-10T00:00:00+00:00,0.0,0.0
2023-09-10 08:00:00+00:00,1694332800000,2023-09-10T08:00:00+00:00,0.0,0.0
2023-09-10 16:00:00+00:00,1694361600000,2023-09-10T16:00:00+00:00,0.0,0.0
2023-09-11 00:00:00+00:00,1694390400000,2023-09-11T00:00:00+00:00,0.0,0.0
2023-09-11 08:00:00+00:00,1694419200000,2023-09-11T08:00:00+00:00,0.0,0.0
2023-09-11 16:00:00.001000+00:00,1694448000001,2023-09-11T16:00:00.001000+00:00,0.0,0.0
2023-09-12 00:00:00+00:00,1694476800000,2023-09-12T00:00:00+00:00,0.0,0.0
2023-09-12 08:00:00+00:00,1694505600000,2023-09-12T08:00:00+00:00,0.0,0.0
2023-09-12 16:00:00+00:00,1694534400000,2023-09-12T16:00:00+00:00,0.0,0.0
2023-09-13 00:00:00+00:00,1694563200000,2023-09-13T00:00:00+00:00,0.0,0.0
2023-09-13 08:00:00+00:00,1694592000000,2023-09-13T08:00:00+00:00,0.0,0.0
2023-09-13 16:00:00+00:00,1694620800000,2023-09-13T16:00:00+00:00,0.0,0.0
2023-09-14 00:00:00+00:00,1694649600000,2023-09-14T00:00:00+00:00,0.0,0.0
2023-09-14 08:00:00.001000+00:00,1694678400001,2023-09-14T08:00:00.001000+00:00,0.0,0.0
2023-09-14 16:00:00+00:00,1694707200000,2023-09-14T16:00:00+00:00,0.0,0.0
2023-09-15 00:00:00+00:00,1694736000000,2023-09-15T00:00:00+00:00,0.0,0.0
2023-09-15 08:00:00+00:00,1694764800000,2023-09-15T08:00:00+00:00,-5.152e-05,0.0
2023-09-15 16:00:00+00:00,1694793600000,2023-09-15T16:00:00+00:00,0.0,0.0
2023-09-16 00:00:00+00:00,1694822400000,2023-09-16T00:00:00+00:00,0.0,0.0
2023-09-16 08:00:00+00:00,1694851200000,2023-09-16T08:00:00+00:00,0.0,0.0
2023-09-16 16:00:00+00:00,1694880000000,2023-09-16T16:00:00+00:00,0.0,0.0
2023-09-17 00:00:00+00:00,1694908800000,2023-09-17T00:00:00+00:00,0.0,0.0
2023-09-17 08:00:00+00:00,1694937600000,2023-09-17T08:00:00+00:00,0.0,0.0
2023-09-17 16:00:00+00:00,1694966400000,2023-09-17T16:00:00+00:00,0.0,0.0
2023-09-18 00:00:00+00:00,1694995200000,2023-09-18T00:00:00+00:00,0.0,0.0
2023-09-18 08:00:00+00:00,1695024000000,2023-09-18T08:00:00+00:00,0.0,0.0
2023-09-18 16:00:00+00:00,1695052800000,2023-09-18T16:00:00+00:00,0.0,0.0
2023-09-19 00:00:00+00:00,1695081600000,2023-09-19T00:00:00+00:00,0.0,0.0
2023-09-19 08:00:00.001000+00:00,1695110400001,2023-09-19T08:00:00.001000+00:00,0.0,0.0
2023-09-19 16:00:00+00:00,1695139200000,2023-09-19T16:00:00+00:00,2.55e-05,0.0
2023-09-20 00:00:00+00:00,1695168000000,2023-09-20T00:00:00+00:00,0.0,0.0
2023-09-20 08:00:00+00:00,1695196800000,2023-09-20T08:00:00+00:00,0.0,0.0
2023-09-20 16:00:00+00:00,1695225600000,2023-09-20T16:00:00+00:00,0.0,0.0
2023-09-21 00:00:00.001000+00:00,1695254400001,2023-09-21T00:00:00.001000+00:00,0.0,0.0
2023-09-21 08:00:00+00:00,1695283200000,2023-09-21T08:00:00+00:00,0.0,0.0
2023-09-21 16:00:00+00:00,1695312000000,2023-09-21T16:00:00+00:00,0.0,0.0
2023-09-22 00:00:00+00:00,1695340800000,2023-09-22T00:00:00+00:00,0.0,0.0
2023-09-22 08:00:00+00:00,1695369600000,2023-09-22T08:00:00+00:00,0.0,0.0
2023-09-22 16:00:00+00:00,1695398400000,2023-09-22T16:00:00+00:00,0.0,0.0
2023-09-23 00:00:00+00:00,1695427200000,2023-09-23T00:00:00+00:00,0.0,0.0
2023-09-23 08:00:00+00:00,1695456000000,2023-09-23T08:00:00+00:00,0.0,0.0
2023-09-23 16:00:00+00:00,1695484800000,2023-09-23T16:00:00+00:00,0.0,0.0
2023-09-24 00:00:00+00:00,1695513600000,2023-09-24T00:00:00+00:00,0.0,0.0
2023-09-24 08:00:00+00:00,1695542400000,2023-09-24T08:00:00+00:00,0.0,0.0
2023-09-24 16:00:00+00:00,1695571200000,2023-09-24T16:00:00+00:00,0.0,0.0
2023-09-25 00:00:00+00:00,1695600000000,2023-09-25T00:00:00+00:00,0.0,0.0
2023-09-25 08:00:00+00:00,1695628800000,2023-09-25T08:00:00+00:00,0.0,0.0
2023-09-25 16:00:00+00:00,1695657600000,2023-09-25T16:00:00+00:00,0.0,0.0
2023-09-26 00:00:00+00:00,1695686400000,2023-09-26T00:00:00+00:00,0.0,0.0
2023-09-26 08:00:00+00:00,1695715200000,2023-09-26T08:00:00+00:00,4.495e-05,0.0
2023-09-26 16:00:00+00:00,1695744000000,2023-09-26T16:00:00+00:00,5.343e-05,0.0
2023-09-27 00:00:00+00:00,1695772800000,2023-09-27T00:00:00+00:00,2.201e-05,0.0
2023-09-27 08:00:00.001000+00:00,1695801600001,2023-09-27T08:00:00.001000+00:00,5.011e-05,0.0
2023-09-27 16:00:00+00:00,1695830400000,2023-09-27T16:00:00+00:00,0.0,0.0
2023-09-28 00:00:00+00:00,1695859200000,2023-09-28T00:00:00+00:00,7.853e-05,0.0
2023-09-28 08:00:00+00:00,1695888000000,2023-09-28T08:00:00+00:00,2.381e-05,0.0
2023-09-28 16:00:00+00:00,1695916800000,2023-09-28T16:00:00+00:00,0.0,0.0
2023-09-29 00:00:00+00:00,1695945600000,2023-09-29T00:00:00+00:00,5.45e-06,0.0
2023-09-29 08:00:00+00:00,1695974400000,2023-09-29T08:00:00+00:00,0.0,0.0
2023-09-29 16:00:00+00:00,1696003200000,2023-09-29T16:00:00+00:00,0.0,0.0
2023-09-30 00:00:00+00:00,1696032000000,2023-09-30T00:00:00+00:00,0.0,0.0
2023-09-30 08:00:00+00:00,1696060800000,2023-09-30T08:00:00+00:00,0.0,0.0
2023-09-30 16:00:00+00:00,1696089600000,2023-09-30T16:00:00+00:00,0.0,0.0
2023-10-01 00:00:00+00:00,1696118400000,2023-10-01T00:00:00+00:00,0.0,0.0
2023-10-01 08:00:00+00:00,1696147200000,2023-10-01T08:00:00+00:00,7.729e-05,0.0
2023-10-01 16:00:00+00:00,1696176000000,2023-10-01T16:00:00+00:00,9.797e-05,0.0
2023-10-02 00:00:00+00:00,1696204800000,2023-10-02T00:00:00+00:00,5.97e-05,0.0
2023-10-02 08:00:00+00:00,1696233600000,2023-10-02T08:00:00+00:00,2.968e-05,0.0
2023-10-02 16:00:00+00:00,1696262400000,2023-10-02T16:00:00+00:00,3.182e-05,0.0
2023-10-03 00:00:00+00:00,1696291200000,2023-10-03T00:00:00+00:00,0.0,0.0
2023-10-03 08:00:00+00:00,1696320000000,2023-10-03T08:00:00+00:00,0.0,0.0
2023-10-03 16:00:00+00:00,1696348800000,2023-10-03T16:00:00+00:00,0.0,0.0
2023-10-04 00:00:00+00:00,1696377600000,2023-10-04T00:00:00+00:00,0.0,0.0
2023-10-04 08:00:00+00:00,1696406400000,2023-10-04T08:00:00+00:00,0.0,0.0
2023-10-04 16:00:00+00:00,1696435200000,2023-10-04T16:00:00+00:00,0.0,0.0
2023-10-05 00:00:00+00:00,1696464000000,2023-10-05T00:00:00+00:00,0.0,0.0
2023-10-05 08:00:00+00:00,1696492800000,2023-10-05T08:00:00+00:00,5.114e-05,0.0
2023-10-05 16:00:00.001000+00:00,1696521600001,2023-10-05T16:00:00.001000+00:00,0.0,0.0
2023-10-06 00:00:00+00:00,1696550400000,2023-10-06T00:00:00+00:00,0.0,0.0
2023-10-06 08:00:00+00:00,1696579200000,2023-10-06T08:00:00+00:00,5.307e-05,0.0
2023-10-06 16:00:00+00:00,1696608000000,2023-10-06T16:00:00+00:00,0.0,0.0
2023-10-07 00:00:00+00:00,1696636800000,2023-10-07T00:00:00+00:00,0.0,0.0
2023-10-07 08:00:00+00:00,1696665600000,2023-10-07T08:00:00+00:00,5.017e-05,0.0
2023-10-07 16:00:00+00:00,1696694400000,2023-10-07T16:00:00+00:00,0.0,0.0
2023-10-08 00:00:00+00:00,1696723200000,2023-10-08T00:00:00+00:00,5.667e-05,0.0
2023-10-08 08:00:00.001000+00:00,1696752000001,2023-10-08T08:00:00.001000+00:00,0.00010022,0.0
2023-10-08 16:00:00+00:00,1696780800000,2023-10-08T16:00:00+00:00,0.0,0.0
2023-10-09 00:00:00+00:00,1696809600000,2023-10-09T00:00:00+00:00,0.0,0.0
2023-10-09 08:00:00+00:00,1696838400000,2023-10-09T08:00:00+00:00,0.0,0.0
2023-10-09 16:00:00+00:00,1696867200000,2023-10-09T16:00:00+00:00,0.0,0.0
2023-10-10 00:00:00+00:00,1696896000000,2023-10-10T00:00:00+00:00,0.0,0.0
2023-10-10 08:00:00+00:00,1696924800000,2023-10-10T08:00:00+00:00,0.0,0.0
2023-10-10 16:00:00+00:00,1696953600000,2023-10-10T16:00:00+00:00,0.0,0.0
2023-10-11 00:00:00+00:00,1696982400000,2023-10-11T00:00:00+00:00,0.0,0.0
2023-10-11 08:00:00+00:00,1697011200000,2023-10-11T08:00:00+00:00,0.0,0.0
2023-10-11 16:00:00+00:00,1697040000000,2023-10-11T16:00:00+00:00,0.0,0.0
2023-10-12 00:00:00+00:00,1697068800000,2023-10-12T00:00:00+00:00,0.0,0.0
2023-10-12 08:00:00+00:00,1697097600000,2023-10-12T08:00:00+00:00,0.0,0.0
2023-10-12 16:00:00+00:00,1697126400000,2023-10-12T16:00:00+00:00,0.0,0.0
2023-10-13 00:00:00+00:00,1697155200000,2023-10-13T00:00:00+00:00,0.0,0.0
2023-10-13 08:00:00+00:00,1697184000000,2023-10-13T08:00:00+00:00,0.0,0.0
2023-10-13 16:00:00+00:00,1697212800000,2023-10-13T16:00:00+00:00,0.0,0.0
2023-10-14 00:00:00+00:00,1697241600000,2023-10-14T00:00:00+00:00,0.0,0.0
2023-10-14 08:00:00+00:00,1697270400000,2023-10-14T08:00:00+00:00,0.0,0.0
2023-10-14 16:00:00+00:00,1697299200000,2023-10-14T16:00:00+00:00,0.0,0.0
2023-10-15 00:00:00+00:00,1697328000000,2023-10-15T00:00:00+00:00,0.0,0.0
2023-10-15 08:00:00+00:00,1697356800000,2023-10-15T08:00:00+00:00,0.0,0.0
2023-10-15 16:00:00+00:00,1697385600000,2023-10-15T16:00:00+00:00,0.0,0.0
2023-10-16 00:00:00+00:00,1697414400000,2023-10-16T00:00:00+00:00,0.0,0.0
2023-10-16 08:00:00+00:00,1697443200000,2023-10-16T08:00:00+00:00,0.0,0.0
2023-10-16 16:00:00+00:00,1697472000000,2023-10-16T16:00:00+00:00,1.842e-05,0.0
2023-10-17 00:00:00+00:00,1697500800000,2023-10-17T00:00:00+00:00,7.755e-05,0.0
2023-10-17 08:00:00+00:00,1697529600000,2023-10-17T08:00:00+00:00,0.00010058,0.0
2023-10-17 16:00:00+00:00,1697558400000,2023-10-17T16:00:00+00:00,0.0,0.0
2023-10-18 00:00:00+00:00,1697587200000,2023-10-18T00:00:00+00:00,0.0,0.0
2023-10-18 08:00:00+00:00,1697616000000,2023-10-18T08:00:00+00:00,0.0,0.0
2023-10-18 16:00:00+00:00,1697644800000,2023-10-18T16:00:00+00:00,0.0,0.0
2023-10-19 00:00:00+00:00,1697673600000,2023-10-19T00:00:00+00:00,0.0,0.0
2023-10-19 08:00:00.001000+00:00,1697702400001,2023-10-19T08:00:00.001000+00:00,0.0,0.0
2023-10-19 16:00:00+00:00,1697731200000,2023-10-19T16:00:00+00:00,0.0,0.0
2023-10-20 00:00:00+00:00,1697760000000,2023-10-20T00:00:00+00:00,6.957e-05,0.0
2023-10-20 08:00:00.005000+00:00,1697788800005,2023-10-20T08:00:00.005000+00:00,0.00011408,0.0
2023-10-20 16:00:00+00:00,1697817600000,2023-10-20T16:00:00+00:00,4.644e-05,0.0
2023-10-21 00:00:00+00:00,1697846400000,2023-10-21T00:00:00+00:00,0.0,0.0
2023-10-21 08:00:00+00:00,1697875200000,2023-10-21T08:00:00+00:00,4.906e-05,0.0
2023-10-21 16:00:00+00:00,1697904000000,2023-10-21T16:00:00+00:00,0.00013226,0.0
2023-10-22 00:00:00+00:00,1697932800000,2023-10-22T00:00:00+00:00,0.00014634,0.0
2023-10-22 08:00:00+00:00,1697961600000,2023-10-22T08:00:00+00:00,5.499e-05,0.0
2023-10-22 16:00:00+00:00,1697990400000,2023-10-22T16:00:00+00:00,0.00010372,0.0
2023-10-23 00:00:00+00:00,1698019200000,2023-10-23T00:00:00+00:00,0.00016356,0.0
2023-10-23 08:00:00.001000+00:00,1698048000001,2023-10-23T08:00:00.001000+00:00,0.00016456,0.0
2023-10-23 16:00:00.001000+00:00,1698076800001,2023-10-23T16:00:00.001000+00:00,0.0,0.0
2023-10-24 00:00:00+00:00,1698105600000,2023-10-24T00:00:00+00:00,0.00018908,0.0
2023-10-24 08:00:00+00:00,1698134400000,2023-10-24T08:00:00+00:00,0.00012343,0.0
2023-10-24 16:00:00+00:00,1698163200000,2023-10-24T16:00:00+00:00,8.84e-05,0.0
2023-10-25 00:00:00+00:00,1698192000000,2023-10-25T00:00:00+00:00,9.778e-05,0.0
2023-10-25 08:00:00+00:00,1698220800000,2023-10-25T08:00:00+00:00,7.814e-05,0.0
2023-10-25 16:00:00.001000+00:00,1698249600001,2023-10-25T16:00:00.001000+00:00,0.00028079,0.0
2023-10-26 00:00:00.001000+00:00,1698278400001,2023-10-26T00:00:00.001000+00:00,0.00016568,0.0
2023-10-26 08:00:00+00:00,1698307200000,2023-10-26T08:00:00+00:00,0.0003727,0.0
2023-10-26 16:00:00+00:00,1698336000000,2023-10-26T16:00:00+00:00,8.304e-05,0.0
2023-10-27 00:00:00+00:00,1698364800000,2023-10-27T00:00:00+00:00,8.69e-05,0.0
2023-10-27 08:00:00+00:00,1698393600000,2023-10-27T08:00:00+00:00,0.00020316,0.0
2023-10-27 16:00:00+00:00,1698422400000,2023-10-27T16:00:00+00:00,0.00016698,0.0
2023-10-28 00:00:00+00:00,1698451200000,2023-10-28T00:00:00+00:00,5.912e-05,0.0
2023-10-28 08:00:00.001000+00:00,1698480000001,2023-10-28T08:00:00.001000+00:00,5.005e-05,0.0
2023-10-28 16:00:00+00:00,1698508800000,2023-10-28T16:00:00+00:00,0.0,0.0
2023-10-29 00:00:00+00:00,1698537600000,2023-10-29T00:00:00+00:00,1.209e-05,0.0
2023-10-29 08:00:00+00:00,1698566400000,2023-10-29T08:00:00+00:00,2.392e-05,0.0
2023-10-29 16:00:00+00:00,1698595200000,2023-10-29T16:00:00+00:00,0.00011465,0.0
2023-10-30 00:00:00+00:00,1698624000000,2023-10-30T00:00:00+00:00,0.00011571,0.0
2023-10-30 08:00:00+00:00,1698652800000,2023-10-30T08:00:00+00:00,0.0,0.0
2023-10-30 16:00:00+00:00,1698681600000,2023-10-30T16:00:00+00:00,0.00021025,0.0
2023-10-31 00:00:00.001000+00:00,1698710400001,2023-10-31T00:00:00.001000+00:00,0.0001924,0.0
2023-10-31 08:00:00+00:00,1698739200000,2023-10-31T08:00:00+00:00,9.373e-05,226.01739414
2023-10-31 16:00:00+00:00,1698768000000,2023-10-31T16:00:00+00:00,6.436e-05,224.58
2023-11-01 00:00:00+00:00,1698796800000,2023-11-01T00:00:00+00:00,3.32e-05,226.35
2023-11-01 08:00:00+00:00,1698825600000,2023-11-01T08:00:00+00:00,9.291e-05,224.72
2023-11-01 16:00:00+00:00,1698854400000,2023-11-01T16:00:00+00:00,6.57e-06,223.39780804
2023-11-02 00:00:00.001000+00:00,1698883200001,2023-11-02T00:00:00.001000+00:00,0.00045291,228.05385363
2023-11-02 08:00:00+00:00,1698912000000,2023-11-02T08:00:00+00:00,0.0002308,229.97
2023-11-02 16:00:00+00:00,1698940800000,2023-11-02T16:00:00+00:00,0.00018876,229.57
2023-11-03 00:00:00+00:00,1698969600000,2023-11-03T00:00:00+00:00,0.00031866,231.95332231
2023-11-03 08:00:00+00:00,1698998400000,2023-11-03T08:00:00+00:00,0.00015085,229.90032027
2023-11-03 16:00:00+00:00,1699027200000,2023-11-03T16:00:00+00:00,0.0,229.58998864
2023-11-04 00:00:00+00:00,1699056000000,2023-11-04T00:00:00+00:00,0.00014468,230.36049053
2023-11-04 08:00:00+00:00,1699084800000,2023-11-04T08:00:00+00:00,0.00011035,231.91
2023-11-04 16:00:00+00:00,1699113600000,2023-11-04T16:00:00+00:00,0.00020234,234.92
2023-11-05 00:00:00+00:00,1699142400000,2023-11-05T00:00:00+00:00,3.718e-05,237.29271688
2023-11-05 08:00:00+00:00,1699171200000,2023-11-05T08:00:00+00:00,0.00011953,244.63633951
2023-11-05 16:00:00+00:00,1699200000000,2023-11-05T16:00:00+00:00,0.0,240.83
2023-11-06 00:00:00+00:00,1699228800000,2023-11-06T00:00:00+00:00,0.0001156,244.0
2023-11-06 08:00:00.001000+00:00,1699257600001,2023-11-06T08:00:00.001000+00:00,0.00012608,244.46
2023-11-06 16:00:00+00:00,1699286400000,2023-11-06T16:00:00+00:00,0.00028825,251.78215713
2023-11-07 00:00:00.001000+00:00,1699315200001,2023-11-07T00:00:00.001000+00:00,0.00036433,255.20648878
2023-11-07 08:00:00+00:00,1699344000000,2023-11-07T08:00:00+00:00,0.00012425,251.32464029
2023-11-07 16:00:00+00:00,1699372800000,2023-11-07T16:00:00+00:00,0.00018195,244.57389161
2023-11-08 00:00:00+00:00,1699401600000,2023-11-08T00:00:00+00:00,0.00024655,246.38
2023-11-08 08:00:00+00:00,1699430400000,2023-11-08T08:00:00+00:00,0.00032454,246.05
2023-11-08 16:00:00+00:00,1699459200000,2023-11-08T16:00:00+00:00,0.00015094,245.91
2023-11-09 00:00:00+00:00,1699488000000,2023-11-09T00:00:00+00:00,2.084e-05,246.77
2023-11-09 08:00:00+00:00,1699516800000,2023-11-09T08:00:00+00:00,0.00026824,248.48
2023-11-09 16:00:00+00:00,1699545600000,2023-11-09T16:00:00+00:00,0.0002366,251.92086077
2023-11-10 00:00:00+00:00,1699574400000,2023-11-10T00:00:00+00:00,0.0,251.78243156
2023-11-10 08:00:00+00:00,1699603200000,2023-11-10T08:00:00+00:00,0.00034888,251.65206055
2023-11-10 16:00:00+00:00,1699632000000,2023-11-10T16:00:00+00:00,1.874e-05,249.93
2023-11-11 00:00:00+00:00,1699660800000,2023-11-11T00:00:00+00:00,0.0002068,251.12230372
2023-11-11 08:00:00+00:00,1699689600000,2023-11-11T08:00:00+00:00,0.00028954,248.94828386
2023-11-11 16:00:00+00:00,1699718400000,2023-11-11T16:00:00+00:00,0.00030396,253.15
2023-11-12 00:00:00+00:00,1699747200000,2023-11-12T00:00:00+00:00,4.515e-05,251.66
2023-11-12 08:00:00+00:00,1699776000000,2023-11-12T08:00:00+00:00,0.0,250.83
2023-11-12 16:00:00.001000+00:00,1699804800001,2023-11-12T16:00:00.001000+00:00,0.00013559,248.74
2023-11-13 00:00:00+00:00,1699833600000,2023-11-13T00:00:00+00:00,0.0002285,247.62563166
2023-11-13 08:00:00+00:00,1699862400000,2023-11-13T08:00:00+00:00,0.00014417,245.93
2023-11-13 16:00:00+00:00,1699891200000,2023-11-13T16:00:00+00:00,0.00020254,247.24578555
2023-11-14 00:00:00+00:00,1699920000000,2023-11-14T00:00:00+00:00,8.527e-05,241.11508847
2023-11-14 08:00:00+00:00,1699948800000,2023-11-14T08:00:00+00:00,0.0002848,244.55
2023-11-14 16:00:00.001000+00:00,1699977600001,2023-11-14T16:00:00.001000+00:00,0.0001391,244.31
2023-11-15 00:00:00+00:00,1700006400000,2023-11-15T00:00:00+00:00,0.0001202,242.31589515
2023-11-15 08:00:00+00:00,1700035200000,2023-11-15T08:00:00+00:00,0.00010922,245.45
2023-11-15 16:00:00+00:00,1700064000000,2023-11-15T16:00:00+00:00,0.00020872,252.58
2023-11-16 00:00:00+00:00,1700092800000,2023-11-16T00:00:00+00:00,0.00021605,253.94300874
2023-11-16 08:00:00+00:00,1700121600000,2023-11-16T08:00:00+00:00,0.00034375,255.15703287
2023-11-16 16:00:00.001000+00:00,1700150400001,2023-11-16T16:00:00.001000+00:00,4.184e-05,246.5
2023-11-17 00:00:00+00:00,1700179200000,2023-11-17T00:00:00+00:00,0.00011211,242.82
2023-11-17 08:00:00.001000+00:00,1700208000001,2023-11-17T08:00:00.001000+00:00,0.0,244.57122383
2023-11-17 16:00:00.001000+00:00,1700236800001,2023-11-17T16:00:00.001000+00:00,0.0,238.88037147
2023-11-18 00:00:00+00:00,1700265600000,2023-11-18T00:00:00+00:00,9.828e-05,244.97
2023-11-18 08:00:00+00:00,1700294400000,2023-11-18T08:00:00+00:00,7.3e-07,241.94
2023-11-18 16:00:00+00:00,1700323200000,2023-11-18T16:00:00+00:00,0.00010103,244.55
2023-11-19 00:00:00+00:00,1700352000000,2023-11-19T00:00:00+00:00,4.12e-05,244.85054695
2023-11-19 08:00:00+00:00,1700380800000,2023-11-19T08:00:00+00:00,8.239e-05,244.42010017
2023-11-19 16:00:00+00:00,1700409600000,2023-11-19T16:00:00+00:00,0.0,243.60405849
2023-11-20 00:00:00+00:00,1700438400000,2023-11-20T00:00:00+00:00,0.0,246.56
2023-11-20 08:00:00+00:00,1700467200000,2023-11-20T08:00:00+00:00,0.00015667,247.44835673
2023-11-20 16:00:00+00:00,1700496000000,2023-11-20T16:00:00+00:00,0.00027553,248.28
2023-11-21 00:00:00+00:00,1700524800000,2023-11-21T00:00:00+00:00,0.00031647,253.27
2023-11-21 08:00:00+00:00,1700553600000,2023-11-21T08:00:00+00:00,0.00027205,257.43801877
2023-11-21 16:00:00+00:00,1700582400000,2023-11-21T16:00:00+00:00,0.00016938,264.62
2023-11-22 00:00:00+00:00,1700611200000,2023-11-22T00:00:00+00:00,0.0001286,225.67
2023-11-22 08:00:00+00:00,1700640000000,2023-11-22T08:00:00+00:00,0.00011204,233.12557331
2023-11-22 16:00:00+00:00,1700668800000,2023-11-22T16:00:00+00:00,0.0,231.78
2023-11-23 00:00:00+00:00,1700697600000,2023-11-23T00:00:00+00:00,2.091e-05,236.32988999
2023-11-23 08:00:00+00:00,1700726400000,2023-11-23T08:00:00+00:00,1.43e-05,235.29547122
2023-11-23 16:00:00.001000+00:00,1700755200001,2023-11-23T16:00:00.001000+00:00,0.00016511,230.93
2023-11-24 00:00:00+00:00,1700784000000,2023-11-24T00:00:00+00:00,0.0,233.83710302
2023-11-24 08:00:00+00:00,1700812800000,2023-11-24T08:00:00+00:00,0.00019691,235.62
2023-11-24 16:00:00+00:00,1700841600000,2023-11-24T16:00:00+00:00,2.427e-05,235.24
2023-11-25 00:00:00+00:00,1700870400000,2023-11-25T00:00:00+00:00,0.0,232.86
2023-11-25 08:00:00+00:00,1700899200000,2023-11-25T08:00:00+00:00,0.00025756,235.59
2023-11-25 16:00:00+00:00,1700928000000,2023-11-25T16:00:00+00:00,0.00014545,233.73
2023-11-26 00:00:00+00:00,1700956800000,2023-11-26T00:00:00+00:00,0.0001503,234.44
2023-11-26 08:00:00+00:00,1700985600000,2023-11-26T08:00:00+00:00,7.223e-05,233.89340624
2023-11-26 16:00:00+00:00,1701014400000,2023-11-26T16:00:00+00:00,0.0,231.54
2023-11-27 00:00:00+00:00,1701043200000,2023-11-27T00:00:00+00:00,0.0,231.80773312
2023-11-27 08:00:00.001000+00:00,1701072000001,2023-11-27T08:00:00.001000+00:00,0.00015847,229.0480446
2023-11-27 16:00:00+00:00,1701100800000,2023-11-27T16:00:00+00:00,0.00020207,222.90526394
2023-11-28 00:00:00+00:00,1701129600000,2023-11-28T00:00:00+00:00,0.00013513,227.40701939
2023-11-28 08:00:00+00:00,1701158400000,2023-11-28T08:00:00+00:00,0.0,225.95
2023-11-28 16:00:00+00:00,1701187200000,2023-11-28T16:00:00+00:00,0.00020157,229.88722865
2023-11-29 00:00:00.001000+00:00,1701216000001,2023-11-29T00:00:00.001000+00:00,0.00026042,229.63400164
2023-11-29 08:00:00+00:00,1701244800000,2023-11-29T08:00:00+00:00,6.64e-05,230.06291151
2023-11-29 16:00:00+00:00,1701273600000,2023-11-29T16:00:00+00:00,0.00013501,227.6473284
2023-11-30 00:00:00+00:00,1701302400000,2023-11-30T00:00:00+00:00,0.00018377,227.43
2023-11-30 08:00:00+00:00,1701331200000,2023-11-30T08:00:00+00:00,0.00017534,227.9
2023-11-30 16:00:00+00:00,1701360000000,2023-11-30T16:00:00+00:00,0.00026077,226.82230566
2023-12-01 00:00:00+00:00,1701388800000,2023-12-01T00:00:00+00:00,0.00025738,227.67
2023-12-01 08:00:00+00:00,1701417600000,2023-12-01T08:00:00+00:00,0.00010274,228.71
2023-12-01 16:00:00+00:00,1701446400000,2023-12-01T16:00:00+00:00,8.002e-05,228.44630939
2023-12-02 00:00:00+00:00,1701475200000,2023-12-02T00:00:00+00:00,0.00016693,228.64
2023-12-02 08:00:00+00:00,1701504000000,2023-12-02T08:00:00+00:00,0.00013631,228.54
2023-12-02 16:00:00+00:00,1701532800000,2023-12-02T16:00:00+00:00,0.00017616,227.29466236
2023-12-03 00:00:00+00:00,1701561600000,2023-12-03T00:00:00+00:00,0.00019017,229.20169298
2023-12-03 08:00:00+00:00,1701590400000,2023-12-03T08:00:00+00:00,0.00022044,228.27503638
2023-12-03 16:00:00+00:00,1701619200000,2023-12-03T16:00:00+00:00,0.00016106,227.1
2023-12-04 00:00:00+00:00,1701648000000,2023-12-04T00:00:00+00:00,0.00032083,228.224658
2023-12-04 08:00:00+00:00,1701676800000,2023-12-04T08:00:00+00:00,0.00035922,232.09
2023-12-04 16:00:00+00:00,1701705600000,2023-12-04T16:00:00+00:00,5.577e-05,230.06
2023-12-05 00:00:00+00:00,1701734400000,2023-12-05T00:00:00+00:00,0.00018187,233.64502876
2023-12-05 08:00:00+00:00,1701763200000,2023-12-05T08:00:00+00:00,0.0,229.53
2023-12-05 16:00:00+00:00,1701792000000,2023-12-05T16:00:00+00:00,9.039e-05,231.25
2023-12-06 00:00:00+00:00,1701820800000,2023-12-06T00:00:00+00:00,0.00019828,231.37491931
2023-12-06 08:00:00+00:00,1701849600000,2023-12-06T08:00:00+00:00,0.00023706,233.38
2023-12-06 16:00:00+00:00,1701878400000,2023-12-06T16:00:00+00:00,0.00020088,230.15
2023-12-07 00:00:00+00:00,1701907200000,2023-12-07T00:00:00+00:00,0.00019185,229.56273052
2023-12-07 08:00:00+00:00,1701936000000,2023-12-07T08:00:00+00:00,0.00031347,232.69
2023-12-07 16:00:00+00:00,1701964800000,2023-12-07T16:00:00+00:00,0.00027723,232.78380855
2023-12-08 00:00:00+00:00,1701993600000,2023-12-08T00:00:00+00:00,0.00038437,232.8
2023-12-08 08:00:00+00:00,1702022400000,2023-12-08T08:00:00+00:00,0.00044477,232.99721188
2023-12-08 16:00:00+00:00,1702051200000,2023-12-08T16:00:00+00:00,0.00040557,235.10476548
2023-12-09 00:00:00+00:00,1702080000000,2023-12-09T00:00:00+00:00,0.00056478,239.1
2023-12-09 08:00:00+00:00,1702108800000,2023-12-09T08:00:00+00:00,0.00046081,244.16
2023-12-09 16:00:00+00:00,1702137600000,2023-12-09T16:00:00+00:00,0.00034844,240.7
2023-12-10 00:00:00+00:00,1702166400000,2023-12-10T00:00:00+00:00,0.00030973,237.70251482
2023-12-10 08:00:00+00:00,1702195200000,2023-12-10T08:00:00+00:00,0.00025556,240.74
2023-12-10 16:00:00+00:00,1702224000000,2023-12-10T16:00:00+00:00,0.00026895,240.13
2023-12-11 00:00:00+00:00,1702252800000,2023-12-11T00:00:00+00:00,0.00033978,239.92102354
2023-12-11 08:00:00+00:00,1702281600000,2023-12-11T08:00:00+00:00,9.472e-05,232.59766507
2023-12-11 16:00:00+00:00,1702310400000,2023-12-11T16:00:00+00:00,8.78e-05,244.5
2023-12-12 00:00:00+00:00,1702339200000,2023-12-12T00:00:00+00:00,0.0,246.63
2023-12-12 08:00:00+00:00,1702368000000,2023-12-12T08:00:00+00:00,0.0,250.46
2023-12-12 16:00:00+00:00,1702396800000,2023-12-12T16:00:00+00:00,0.0,253.94
2023-12-13 00:00:00+00:00,1702425600000,2023-12-13T00:00:00+00:00,-0.00052326,253.64
2023-12-13 08:00:00+00:00,1702454400000,2023-12-13T08:00:00+00:00,-0.00022655,247.57
2023-12-13 16:00:00.001000+00:00,1702483200001,2023-12-13T16:00:00.001000+00:00,-0.00050377,251.31
2023-12-14 00:00:00+00:00,1702512000000,2023-12-14T00:00:00+00:00,-0.00061075,251.83
2023-12-14 08:00:00+00:00,1702540800000,2023-12-14T08:00:00+00:00,-0.00017671,250.62861124
2023-12-14 16:00:00+00:00,1702569600000,2023-12-14T16:00:00+00:00,-0.00057153,250.97
2023-12-15 00:00:00+00:00,1702598400000,2023-12-15T00:00:00+00:00,0.0,253.13136134
2023-12-15 08:00:00+00:00,1702627200000,2023-12-15T08:00:00+00:00,-0.00012952,248.94262031
2023-12-15 16:00:00+00:00,1702656000000,2023-12-15T16:00:00+00:00,-0.0003711,245.84364014
2023-12-16 00:00:00+00:00,1702684800000,2023-12-16T00:00:00+00:00,-0.00062037,244.55
2023-12-16 08:00:00+00:00,1702713600000,2023-12-16T08:00:00+00:00,-0.00029789,246.63111302
2023-12-16 16:00:00.001000+00:00,1702742400001,2023-12-16T16:00:00.001000+00:00,-0.00017219,246.25150708
2023-12-17 00:00:00+00:00,1702771200000,2023-12-17T00:00:00+00:00,-0.00038977,244.16497029
2023-12-17 08:00:00+00:00,1702800000000,2023-12-17T08:00:00+00:00,0.0,240.3
2023-12-17 16:00:00+00:00,1702828800000,2023-12-17T16:00:00+00:00,0.0,242.19
2023-12-18 00:00:00+00:00,1702857600000,2023-12-18T00:00:00+00:00,0.0,238.97693805
2023-12-18 08:00:00.001000+00:00,1702886400001,2023-12-18T08:00:00.001000+00:00,0.00014795,236.82417774
2023-12-18 16:00:00+00:00,1702915200000,2023-12-18T16:00:00+00:00,0.00012657,237.17
2023-12-19 00:00:00+00:00,1702944000000,2023-12-19T00:00:00+00:00,8.11e-05,241.86
2023-12-19 08:00:00+00:00,1702972800000,2023-12-19T08:00:00+00:00,0.00013199,245.09
2023-12-19 16:00:00+00:00,1703001600000,2023-12-19T16:00:00+00:00,0.0,251.19
2023-12-20 00:00:00+00:00,1703030400000,2023-12-20T00:00:00+00:00,-0.00128946,252.35
2023-12-20 08:00:00+00:00,1703059200000,2023-12-20T08:00:00+00:00,-1.369e-05,256.09
2023-12-20 16:00:00+00:00,1703088000000,2023-12-20T16:00:00+00:00,-0.00036193,257.86
2023-12-21 00:00:00+00:00,1703116800000,2023-12-21T00:00:00+00:00,-0.00094659,259.99
2023-12-21 08:00:00+00:00,1703145600000,2023-12-21T08:00:00+00:00,-0.00059303,260.54
2023-12-21 16:00:00+00:00,1703174400000,2023-12-21T16:00:00+00:00,-0.0001517,271.36001733
2023-12-22 00:00:00+00:00,1703203200000,2023-12-22T00:00:00+00:00,-0.00052916,271.93396004
2023-12-22 08:00:00+00:00,1703232000000,2023-12-22T08:00:00+00:00,-0.00046821,265.18887017
2023-12-22 16:00:00+00:00,1703260800000,2023-12-22T16:00:00+00:00,-5.726e-05,271.55418458
2023-12-23 00:00:00+00:00,1703289600000,2023-12-23T00:00:00+00:00,-0.00016143,271.0750139
2023-12-23 08:00:00.001000+00:00,1703318400001,2023-12-23T08:00:00.001000+00:00,-0.00021826,266.04
2023-12-23 16:00:00+00:00,1703347200000,2023-12-23T16:00:00+00:00,-0.00101472,269.51868552
2023-12-24 00:00:00+00:00,1703376000000,2023-12-24T00:00:00+00:00,-0.0006357,270.76
2023-12-24 08:00:00+00:00,1703404800000,2023-12-24T08:00:00+00:00,-4.087e-05,269.03801763
2023-12-24 16:00:00+00:00,1703433600000,2023-12-24T16:00:00+00:00,-0.00011773,269.09470769
2023-12-25 00:00:00+00:00,1703462400000,2023-12-25T00:00:00+00:00,-0.0005857,264.02
2023-12-25 08:00:00+00:00,1703491200000,2023-12-25T08:00:00+00:00,-0.00016186,264.89174033
2023-12-25 16:00:00+00:00,1703520000000,2023-12-25T16:00:00+00:00,0.0,267.01186136
2023-12-26 00:00:00+00:00,1703548800000,2023-12-26T00:00:00+00:00,0.0,266.55
2023-12-26 08:00:00+00:00,1703577600000,2023-12-26T08:00:00+00:00,0.0,272.87088599
2023-12-26 16:00:00+00:00,1703606400000,2023-12-26T16:00:00+00:00,0.0,296.05017645
2023-12-27 00:00:00+00:00,1703635200000,2023-12-27T00:00:00+00:00,0.0,297.66588695
2023-12-27 08:00:00+00:00,1703664000000,2023-12-27T08:00:00+00:00,0.0,292.82
2023-12-27 16:00:00+00:00,1703692800000,2023-12-27T16:00:00+00:00,-0.00082735,311.39116538
2023-12-28 00:00:00+00:00,1703721600000,2023-12-28T00:00:00+00:00,-0.0010039,323.76
2023-12-28 08:00:00+00:00,1703750400000,2023-12-28T08:00:00+00:00,-0.00047746,323.54
2023-12-28 16:00:00+00:00,1703779200000,2023-12-28T16:00:00+00:00,-0.00114629,328.79243752
2023-12-29 00:00:00.001000+00:00,1703808000001,2023-12-29T00:00:00.001000+00:00,-0.00073016,322.21
2023-12-29 08:00:00+00:00,1703836800000,2023-12-29T08:00:00+00:00,-0.00043385,313.14
2023-12-29 16:00:00+00:00,1703865600000,2023-12-29T16:00:00+00:00,-0.00055142,311.22
2023-12-30 00:00:00.001000+00:00,1703894400001,2023-12-30T00:00:00.001000+00:00,-0.00047138,313.29
2023-12-30 08:00:00+00:00,1703923200000,2023-12-30T08:00:00+00:00,-0.00067585,317.81
2023-12-30 16:00:00+00:00,1703952000000,2023-12-30T16:00:00+00:00,-0.00064912,318.15721004
2023-12-31 00:00:00+00:00,1703980800000,2023-12-31T00:00:00+00:00,-0.0012624,316.71
2023-12-31 08:00:00.001000+00:00,1704009600001,2023-12-31T08:00:00.001000+00:00,-0.00099242,322.1
2023-12-31 16:00:00+00:00,1704038400000,2023-12-31T16:00:00+00:00,-0.00075371,315.30530028
2024-01-01 00:00:00+00:00,1704067200000,2024-01-01T00:00:00+00:00,-0.00115565,311.33
2024-01-01 08:00:00+00:00,1704096000000,2024-01-01T08:00:00+00:00,-0.00043985,310.47544842
2024-01-01 16:00:00+00:00,1704124800000,2024-01-01T16:00:00+00:00,-0.00021335,312.24045914
2024-01-02 00:00:00+00:00,1704153600000,2024-01-02T00:00:00+00:00,-4.388e-05,313.4848514
2024-01-02 08:00:00+00:00,1704182400000,2024-01-02T08:00:00+00:00,-1.968e-05,317.24
2024-01-02 16:00:00+00:00,1704211200000,2024-01-02T16:00:00+00:00,0.0,308.22
2024-01-03 00:00:00+00:00,1704240000000,2024-01-03T00:00:00+00:00,-0.00040129,311.88
2024-01-03 08:00:00+00:00,1704268800000,2024-01-03T08:00:00+00:00,0.0,316.81252076
2024-01-03 16:00:00+00:00,1704297600000,2024-01-03T16:00:00+00:00,-0.00038446,316.85289871
2024-01-04 00:00:00+00:00,1704326400000,2024-01-04T00:00:00+00:00,-0.00036362,315.6
2024-01-04 08:00:00+00:00,1704355200000,2024-01-04T08:00:00+00:00,-0.000126,318.23682433
2024-01-04 16:00:00+00:00,1704384000000,2024-01-04T16:00:00+00:00,-0.00019163,319.49
2024-01-05 00:00:00.001000+00:00,1704412800001,2024-01-05T00:00:00.001000+00:00,-0.00073744,323.04691698
2024-01-05 08:00:00+00:00,1704441600000,2024-01-05T08:00:00+00:00,-0.00058221,317.14
2024-01-05 16:00:00+00:00,1704470400000,2024-01-05T16:00:00+00:00,-0.00096824,313.44759894
2024-01-06 00:00:00+00:00,1704499200000,2024-01-06T00:00:00+00:00,-0.00118881,317.14
2024-01-06 08:00:00+00:00,1704528000000,2024-01-06T08:00:00+00:00,-0.00082243,303.57449363
2024-01-06 16:00:00+00:00,1704556800000,2024-01-06T16:00:00+00:00,-0.00088029,306.55
2024-01-07 00:00:00+00:00,1704585600000,2024-01-07T00:00:00+00:00,-0.0009864,307.2082817
2024-01-07 08:00:00.001000+00:00,1704614400001,2024-01-07T08:00:00.001000+00:00,-0.00098181,308.82
2024-01-07 16:00:00.001000+00:00,1704643200001,2024-01-07T16:00:00.001000+00:00,-0.00075307,305.18
2024-01-08 00:00:00+00:00,1704672000000,2024-01-08T00:00:00+00:00,-0.00087928,302.03
2024-01-08 08:00:00+00:00,1704700800000,2024-01-08T08:00:00+00:00,-0.00046829,298.55817996
2024-01-08 16:00:00+00:00,1704729600000,2024-01-08T16:00:00+00:00,-0.00044893,300.94
2024-01-09 00:00:00.001000+00:00,1704758400001,2024-01-09T00:00:00.001000+00:00,-8.596e-05,303.84
2024-01-09 08:00:00+00:00,1704787200000,2024-01-09T08:00:00+00:00,0.0,304.50204453
2024-01-09 16:00:00+00:00,1704816000000,2024-01-09T16:00:00+00:00,0.0,301.27
2024-01-10 00:00:00+00:00,1704844800000,2024-01-10T00:00:00+00:00,0.0,301.34916774
2024-01-10 08:00:00+00:00,1704873600000,2024-01-10T08:00:00+00:00,0.0,299.91019235
2024-01-10 16:00:00+00:00,1704902400000,2024-01-10T16:00:00+00:00,0.0,294.87
2024-01-11 00:00:00+00:00,1704931200000,2024-01-11T00:00:00+00:00,0.0,305.80539622
2024-01-11 08:00:00+00:00,1704960000000,2024-01-11T08:00:00+00:00,0.0,307.65964125
2024-01-11 16:00:00+00:00,1704988800000,2024-01-11T16:00:00+00:00,0.0,307.57
2024-01-12 00:00:00.001000+00:00,1705017600001,2024-01-12T00:00:00.001000+00:00,3.989e-05,308.5
2024-01-12 08:00:00+00:00,1705046400000,2024-01-12T08:00:00+00:00,3.803e-05,308.88226515
2024-01-12 16:00:00+00:00,1705075200000,2024-01-12T16:00:00+00:00,6.54e-06,305.72855083
2024-01-13 00:00:00+00:00,1705104000000,2024-01-13T00:00:00+00:00,0.0,296.81
2024-01-13 08:00:00+00:00,1705132800000,2024-01-13T08:00:00+00:00,0.0,299.38
2024-01-13 16:00:00.001000+00:00,1705161600001,2024-01-13T16:00:00.001000+00:00,8.384e-05,302.42381237
2024-01-14 00:00:00+00:00,1705190400000,2024-01-14T00:00:00+00:00,0.0,302.35
2024-01-14 08:00:00+00:00,1705219200000,2024-01-14T08:00:00+00:00,0.00012056,304.4641409
2024-01-14 16:00:00.001000+00:00,1705248000001,2024-01-14T16:00:00.001000+00:00,0.0,305.46296751
2024-01-15 00:00:00+00:00,1705276800000,2024-01-15T00:00:00+00:00,5.667e-05,299.67
2024-01-15 08:00:00+00:00,1705305600000,2024-01-15T08:00:00+00:00,0.00016931,315.21361263
2024-01-15 16:00:00+00:00,1705334400000,2024-01-15T16:00:00+00:00,0.0,313.96301985
2024-01-16 00:00:00+00:00,1705363200000,2024-01-16T00:00:00+00:00,-0.00033116,317.26441111
2024-01-16 08:00:00+00:00,1705392000000,2024-01-16T08:00:00+00:00,-0.00050321,316.02847267
2024-01-16 16:00:00.001000+00:00,1705420800001,2024-01-16T16:00:00.001000+00:00,-0.0003672,316.93
2024-01-17 00:00:00+00:00,1705449600000,2024-01-17T00:00:00+00:00,-0.00049143,315.04
2024-01-17 08:00:00+00:00,1705478400000,2024-01-17T08:00:00+00:00,-2.361e-05,308.9
2024-01-17 16:00:00+00:00,1705507200000,2024-01-17T16:00:00+00:00,-0.000561,311.92
2024-01-18 00:00:00.001000+00:00,1705536000001,2024-01-18T00:00:00.001000+00:00,-0.00048308,309.27974245
2024-01-18 08:00:00+00:00,1705564800000,2024-01-18T08:00:00+00:00,0.0,311.48753741
2024-01-18 16:00:00+00:00,1705593600000,2024-01-18T16:00:00+00:00,-0.00051549,314.85
2024-01-19 00:00:00+00:00,1705622400000,2024-01-19T00:00:00+00:00,-0.00045823,312.73
2024-01-19 08:00:00+00:00,1705651200000,2024-01-19T08:00:00+00:00,-0.00055553,311.35178939
2024-01-19 16:00:00.002000+00:00,1705680000002,2024-01-19T16:00:00.002000+00:00,-0.00041823,310.95
2024-01-20 00:00:00+00:00,1705708800000,2024-01-20T00:00:00+00:00,-0.00040077,314.39
2024-01-20 08:00:00.003000+00:00,1705737600003,2024-01-20T08:00:00.003000+00:00,-0.00028879,313.05
2024-01-20 16:00:00+00:00,1705766400000,2024-01-20T16:00:00+00:00,-0.00045503,313.75466172
2024-01-21 00:00:00+00:00,1705795200000,2024-01-21T00:00:00+00:00,-0.00022406,317.04461615
2024-01-21 08:00:00+00:00,1705824000000,2024-01-21T08:00:00+00:00,-0.00023041,317.35
2024-01-21 16:00:00+00:00,1705852800000,2024-01-21T16:00:00+00:00,-0.00038554,318.43
2024-01-22 00:00:00+00:00,1705881600000,2024-01-22T00:00:00+00:00,-0.00018874,318.41
2024-01-22 08:00:00+00:00,1705910400000,2024-01-22T08:00:00+00:00,-0.00052527,317.53
2024-01-22 16:00:00+00:00,1705939200000,2024-01-22T16:00:00+00:00,-0.00063548,310.79
2024-01-23 00:00:00+00:00,1705968000000,2024-01-23T00:00:00+00:00,-0.0003538,305.8
2024-01-23 08:00:00+00:00,1705996800000,2024-01-23T08:00:00+00:00,-0.00048935,307.99
2024-01-23 16:00:00+00:00,1706025600000,2024-01-23T16:00:00+00:00,-6.59e-05,296.64
2024-01-24 00:00:00+00:00,1706054400000,2024-01-24T00:00:00+00:00,-0.00036932,298.52
2024-01-24 08:00:00+00:00,1706083200000,2024-01-24T08:00:00+00:00,0.0,293.13
2024-01-24 16:00:00+00:00,1706112000000,2024-01-24T16:00:00+00:00,-9.307e-05,294.05
2024-01-25 00:00:00+00:00,1706140800000,2024-01-25T00:00:00+00:00,0.0,292.93715922
2024-01-25 08:00:00.001000+00:00,1706169600001,2024-01-25T08:00:00.001000+00:00,0.0,292.18244591
2024-01-25 16:00:00+00:00,1706198400000,2024-01-25T16:00:00+00:00,0.0,292.59662283
2024-01-26 00:00:00.001000+00:00,1706227200001,2024-01-26T00:00:00.001000+00:00,0.0,292.05917366
2024-01-26 08:00:00+00:00,1706256000000,2024-01-26T08:00:00+00:00,0.0,294.63606111
2024-01-26 16:00:00+00:00,1706284800000,2024-01-26T16:00:00+00:00,0.0,302.70854763
2024-01-27 00:00:00+00:00,1706313600000,2024-01-27T00:00:00+00:00,0.0,302.09816357
2024-01-27 08:00:00+00:00,1706342400000,2024-01-27T08:00:00+00:00,0.0,303.14
2024-01-27 16:00:00+00:00,1706371200000,2024-01-27T16:00:00+00:00,0.0,303.6522378
2024-01-28 00:00:00+00:00,1706400000000,2024-01-28T00:00:00+00:00,0.0,305.63313843
2024-01-28 08:00:00+00:00,1706428800000,2024-01-28T08:00:00+00:00,0.0,305.85818269
2024-01-28 16:00:00+00:00,1706457600000,2024-01-28T16:00:00+00:00,0.0,304.96
2024-01-29 00:00:00+00:00,1706486400000,2024-01-29T00:00:00+00:00,0.0,305.24
2024-01-29 08:00:00.001000+00:00,1706515200001,2024-01-29T08:00:00.001000+00:00,0.0,306.03205386
2024-01-29 16:00:00+00:00,1706544000000,2024-01-29T16:00:00+00:00,0.0,308.4
2024-01-30 00:00:00+00:00,1706572800000,2024-01-30T00:00:00+00:00,0.0,310.66742166
2024-01-30 08:00:00+00:00,1706601600000,2024-01-30T08:00:00+00:00,0.0,310.92371435
2024-01-30 16:00:00.001000+00:00,1706630400001,2024-01-30T16:00:00.001000+00:00,0.0,309.12505298
2024-01-31 00:00:00+00:00,1706659200000,2024-01-31T00:00:00+00:00,0.0,307.58
2024-01-31 08:00:00+00:00,1706688000000,2024-01-31T08:00:00+00:00,0.0,306.92
2024-01-31 16:00:00+00:00,1706716800000,2024-01-31T16:00:00+00:00,0.0,304.7
2024-02-01 00:00:00+00:00,1706745600000,2024-02-01T00:00:00+00:00,0.0,300.50845268
2024-02-01 08:00:00+00:00,1706774400000,2024-02-01T08:00:00+00:00,0.0,298.08530778
2024-02-01 16:00:00.002000+00:00,1706803200002,2024-02-01T16:00:00.002000+00:00,0.0,299.85
2024-02-02 00:00:00+00:00,1706832000000,2024-02-02T00:00:00+00:00,0.0,300.12293225
2024-02-02 08:00:00+00:00,1706860800000,2024-02-02T08:00:00+00:00,0.0,303.24453851
2024-02-02 16:00:00+00:00,1706889600000,2024-02-02T16:00:00+00:00,0.0,302.3407128
2024-02-03 00:00:00+00:00,1706918400000,2024-02-03T00:00:00+00:00,0.0,301.33027727
2024-02-03 08:00:00+00:00,1706947200000,2024-02-03T08:00:00+00:00,0.0,302.14358918
2024-02-03 16:00:00.001000+00:00,1706976000001,2024-02-03T16:00:00.001000+00:00,0.0,300.37
2024-02-04 00:00:00+00:00,1707004800000,2024-02-04T00:00:00+00:00,0.0,299.66
2024-02-04 08:00:00.004000+00:00,1707033600004,2024-02-04T08:00:00.004000+00:00,0.0,299.28
2024-02-04 16:00:00+00:00,1707062400000,2024-02-04T16:00:00+00:00,0.0,306.08
2024-02-05 00:00:00+00:00,1707091200000,2024-02-05T00:00:00+00:00,0.0,304.65015407
2024-02-05 08:00:00+00:00,1707120000000,2024-02-05T08:00:00+00:00,0.0,304.55
2024-02-05 16:00:00+00:00,1707148800000,2024-02-05T16:00:00+00:00,-5.372e-05,300.8
2024-02-06 00:00:00+00:00,1707177600000,2024-02-06T00:00:00+00:00,0.0,301.13
2024-02-06 08:00:00.001000+00:00,1707206400001,2024-02-06T08:00:00.001000+00:00,0.0,301.51409888
2024-02-06 16:00:00+00:00,1707235200000,2024-02-06T16:00:00+00:00,0.0,302.72
2024-02-07 00:00:00+00:00,1707264000000,2024-02-07T00:00:00+00:00,0.0,302.77
2024-02-07 08:00:00+00:00,1707292800000,2024-02-07T08:00:00+00:00,0.0,302.33
2024-02-07 16:00:00+00:00,1707321600000,2024-02-07T16:00:00+00:00,0.0,303.32545792
2024-02-08 00:00:00+00:00,1707350400000,2024-02-08T00:00:00+00:00,0.0,307.40959922
2024-02-08 08:00:00+00:00,1707379200000,2024-02-08T08:00:00+00:00,-0.00032307,314.48620583
2024-02-08 16:00:00+00:00,1707408000000,2024-02-08T16:00:00+00:00,-0.00078676,319.66
2024-02-09 00:00:00+00:00,1707436800000,2024-02-09T00:00:00+00:00,-0.00127869,318.52
2024-02-09 08:00:00+00:00,1707465600000,2024-02-09T08:00:00+00:00,-0.00061724,320.63
2024-02-09 16:00:00.001000+00:00,1707494400001,2024-02-09T16:00:00.001000+00:00,-0.00053458,322.09
2024-02-10 00:00:00.001000+00:00,1707523200001,2024-02-10T00:00:00.001000+00:00,-0.00052153,323.78
2024-02-10 08:00:00+00:00,1707552000000,2024-02-10T08:00:00+00:00,-0.00071137,323.05
2024-02-10 16:00:00+00:00,1707580800000,2024-02-10T16:00:00+00:00,-0.00063224,320.73
2024-02-11 00:00:00+00:00,1707609600000,2024-02-11T00:00:00+00:00,-0.00061914,322.59399819
2024-02-11 08:00:00.001000+00:00,1707638400001,2024-02-11T08:00:00.001000+00:00,-0.0005555,323.87
2024-02-11 16:00:00+00:00,1707667200000,2024-02-11T16:00:00+00:00,-0.00056837,320.79141293
2024-02-12 00:00:00+00:00,1707696000000,2024-02-12T00:00:00+00:00,-0.00066055,320.46195192
2024-02-12 08:00:00+00:00,1707724800000,2024-02-12T08:00:00+00:00,-0.00057236,317.99904627
2024-02-12 16:00:00+00:00,1707753600000,2024-02-12T16:00:00+00:00,-0.00035404,321.96856943
2024-02-13 00:00:00+00:00,1707782400000,2024-02-13T00:00:00+00:00,-0.00126582,327.68
2024-02-13 08:00:00+00:00,1707811200000,2024-02-13T08:00:00+00:00,-8.124e-05,325.94470317
2024-02-13 16:00:00+00:00,1707840000000,2024-02-13T16:00:00+00:00,-0.00053432,321.94
2024-02-14 00:00:00+00:00,1707868800000,2024-02-14T00:00:00+00:00,-0.00058355,324.3
2024-02-14 08:00:00+00:00,1707897600000,2024-02-14T08:00:00+00:00,-0.00040106,327.79
2024-02-14 16:00:00+00:00,1707926400000,2024-02-14T16:00:00+00:00,-1.939e-05,332.27
2024-02-15 00:00:00+00:00,1707955200000,2024-02-15T00:00:00+00:00,-0.00028452,333.52329056
2024-02-15 08:00:00+00:00,1707984000000,2024-02-15T08:00:00+00:00,-0.00010744,344.9045603
2024-02-15 16:00:00+00:00,1708012800000,2024-02-15T16:00:00+00:00,0.0,360.37431016
2024-02-16 00:00:00+00:00,1708041600000,2024-02-16T00:00:00+00:00,0.0,353.89622922
2024-02-16 08:00:00+00:00,1708070400000,2024-02-16T08:00:00+00:00,0.0,356.15227961
2024-02-16 16:00:00+00:00,1708099200000,2024-02-16T16:00:00+00:00,-0.00011609,358.23
2024-02-17 00:00:00+00:00,1708128000000,2024-02-17T00:00:00+00:00,0.0,360.27808242
2024-02-17 08:00:00+00:00,1708156800000,2024-02-17T08:00:00+00:00,-0.00010731,359.43140839
2024-02-17 16:00:00+00:00,1708185600000,2024-02-17T16:00:00+00:00,0.0,351.42105163
2024-02-18 00:00:00+00:00,1708214400000,2024-02-18T00:00:00+00:00,-0.00015626,352.41976277
2024-02-18 08:00:00+00:00,1708243200000,2024-02-18T08:00:00+00:00,-0.00023614,355.15497468
2024-02-18 16:00:00+00:00,1708272000000,2024-02-18T16:00:00+00:00,-7.972e-05,352.37405075
2024-02-19 00:00:00+00:00,1708300800000,2024-02-19T00:00:00+00:00,0.0,349.74356336
2024-02-19 08:00:00+00:00,1708329600000,2024-02-19T08:00:00+00:00,0.00035989,354.77
2024-02-19 16:00:00+00:00,1708358400000,2024-02-19T16:00:00+00:00,0.00019102,354.4277058
2024-02-20 00:00:00+00:00,1708387200000,2024-02-20T00:00:00+00:00,0.00034939,351.77619134
2024-02-20 08:00:00+00:00,1708416000000,2024-02-20T08:00:00+00:00,0.00035868,357.81958881
2024-02-20 16:00:00+00:00,1708444800000,2024-02-20T16:00:00+00:00,7.065e-05,351.26502104
2024-02-21 00:00:00+00:00,1708473600000,2024-02-21T00:00:00+00:00,2.817e-05,354.82633152
2024-02-21 08:00:00+00:00,1708502400000,2024-02-21T08:00:00+00:00,0.0001159,360.45
2024-02-21 16:00:00+00:00,1708531200000,2024-02-21T16:00:00+00:00,-0.00048781,369.47
2024-02-22 00:00:00.001000+00:00,1708560000001,2024-02-22T00:00:00.001000+00:00,-0.00052198,378.76002841
2024-02-22 08:00:00.001000+00:00,1708588800001,2024-02-22T08:00:00.001000+00:00,-0.00107399,381.01556082
2024-02-22 16:00:00+00:00,1708617600000,2024-02-22T16:00:00+00:00,-0.00089242,380.71
2024-02-23 00:00:00+00:00,1708646400000,2024-02-23T00:00:00+00:00,-0.00034341,382.34
2024-02-23 08:00:00+00:00,1708675200000,2024-02-23T08:00:00+00:00,-0.00084438,374.5
2024-02-23 16:00:00+00:00,1708704000000,2024-02-23T16:00:00+00:00,-0.00045563,371.28
2024-02-24 00:00:00+00:00,1708732800000,2024-02-24T00:00:00+00:00,-0.00071438,375.29
2024-02-24 08:00:00.001000+00:00,1708761600001,2024-02-24T08:00:00.001000+00:00,-0.00055304,379.3
2024-02-24 16:00:00+00:00,1708790400000,2024-02-24T16:00:00+00:00,-0.00081788,379.19136974
2024-02-25 00:00:00.001000+00:00,1708819200001,2024-02-25T00:00:00.001000+00:00,-0.00096796,381.27
2024-02-25 08:00:00+00:00,1708848000000,2024-02-25T08:00:00+00:00,-0.00076198,380.28
2024-02-25 16:00:00+00:00,1708876800000,2024-02-25T16:00:00+00:00,-0.00028782,384.76
2024-02-26 00:00:00+00:00,1708905600000,2024-02-26T00:00:00+00:00,-0.00017368,388.28
2024-02-26 08:00:00+00:00,1708934400000,2024-02-26T08:00:00+00:00,-0.00031171,386.10918613
2024-02-26 16:00:00+00:00,1708963200000,2024-02-26T16:00:00+00:00,-1.649e-05,396.33
2024-02-27 00:00:00+00:00,1708992000000,2024-02-27T00:00:00+00:00,0.0,401.45
2024-02-27 08:00:00+00:00,1709020800000,2024-02-27T08:00:00+00:00,-0.00022191,395.53
2024-02-27 16:00:00+00:00,1709049600000,2024-02-27T16:00:00+00:00,-0.00042917,392.41
2024-02-28 00:00:00+00:00,1709078400000,2024-02-28T00:00:00+00:00,-0.00062227,394.28
2024-02-28 08:00:00+00:00,1709107200000,2024-02-28T08:00:00+00:00,-0.00064429,400.19
2024-02-28 16:00:00+00:00,1709136000000,2024-02-28T16:00:00+00:00,0.0,413.1
2024-02-29 00:00:00+00:00,1709164800000,2024-02-29T00:00:00+00:00,0.0,414.59
2024-02-29 08:00:00+00:00,1709193600000,2024-02-29T08:00:00+00:00,0.00059364,415.36
2024-02-29 16:00:00+00:00,1709222400000,2024-02-29T16:00:00+00:00,0.00062688,407.77
2024-03-01 00:00:00+00:00,1709251200000,2024-03-01T00:00:00+00:00,0.0002258,399.60825395
2024-03-01 08:00:00+00:00,1709280000000,2024-03-01T08:00:00+00:00,0.00056193,403.95619232
2024-03-01 16:00:00+00:00,1709308800000,2024-03-01T16:00:00+00:00,0.00029595,403.15
2024-03-02 00:00:00+00:00,1709337600000,2024-03-02T00:00:00+00:00,0.00045091,407.66
2024-03-02 08:00:00.001000+00:00,1709366400001,2024-03-02T08:00:00.001000+00:00,0.00060239,409.51391489
2024-03-02 16:00:00+00:00,1709395200000,2024-03-02T16:00:00+00:00,0.00060028,407.98938405
2024-03-03 00:00:00+00:00,1709424000000,2024-03-03T00:00:00+00:00,0.00062465,411.14599175
2024-03-03 08:00:00+00:00,1709452800000,2024-03-03T08:00:00+00:00,0.00056194,407.09
2024-03-03 16:00:00+00:00,1709481600000,2024-03-03T16:00:00+00:00,0.00059759,413.46
2024-03-04 00:00:00+00:00,1709510400000,2024-03-04T00:00:00+00:00,0.00052271,414.73
2024-03-04 08:00:00+00:00,1709539200000,2024-03-04T08:00:00+00:00,0.00066328,417.1620944
2024-03-04 16:00:00+00:00,1709568000000,2024-03-04T16:00:00+00:00,0.00048318,419.06
2024-03-05 00:00:00+00:00,1709596800000,2024-03-05T00:00:00+00:00,0.00045848,418.70452003
2024-03-05 08:00:00+00:00,1709625600000,2024-03-05T08:00:00+00:00,0.00100171,418.64
2024-03-05 16:00:00+00:00,1709654400000,2024-03-05T16:00:00+00:00,0.00068298,416.36
2024-03-06 00:00:00+00:00,1709683200000,2024-03-06T00:00:00+00:00,0.0,394.12828864
2024-03-06 08:00:00.001000+00:00,1709712000001,2024-03-06T08:00:00.001000+00:00,0.00021672,410.83759581
2024-03-06 16:00:00+00:00,1709740800000,2024-03-06T16:00:00+00:00,3.112e-05,419.95
2024-03-07 00:00:00+00:00,1709769600000,2024-03-07T00:00:00+00:00,0.0,429.58957075
2024-03-07 08:00:00+00:00,1709798400000,2024-03-07T08:00:00+00:00,0.00017842,434.4023502
2024-03-07 16:00:00+00:00,1709827200000,2024-03-07T16:00:00+00:00,1.547e-05,449.27
2024-03-08 00:00:00+00:00,1709856000000,2024-03-08T00:00:00+00:00,0.0,474.57826932
2024-03-08 08:00:00+00:00,1709884800000,2024-03-08T08:00:00+00:00,0.0,468.11
2024-03-08 16:00:00+00:00,1709913600000,2024-03-08T16:00:00+00:00,-1.113e-05,472.49363359
2024-03-09 00:00:00+00:00,1709942400000,2024-03-09T00:00:00+00:00,-0.00012383,485.54298282
2024-03-09 08:00:00.001000+00:00,1709971200001,2024-03-09T08:00:00.001000+00:00,-0.00019497,487.16
2024-03-09 16:00:00+00:00,1710000000000,2024-03-09T16:00:00+00:00,-0.00023847,483.98
2024-03-10 00:00:00+00:00,1710028800000,2024-03-10T00:00:00+00:00,-6.201e-05,488.05
2024-03-10 08:00:00+00:00,1710057600000,2024-03-10T08:00:00+00:00,0.0,503.66886578
2024-03-10 16:00:00+00:00,1710086400000,2024-03-10T16:00:00+00:00,0.00036256,521.36
2024-03-11 00:00:00+00:00,1710115200000,2024-03-11T00:00:00+00:00,0.0,529.02856915
2024-03-11 08:00:00+00:00,1710144000000,2024-03-11T08:00:00+00:00,2.344e-05,528.31283302
2024-03-11 16:00:00+00:00,1710172800000,2024-03-11T16:00:00+00:00,7.373e-05,515.90914306
2024-03-12 00:00:00+00:00,1710201600000,2024-03-12T00:00:00+00:00,0.00019661,522.96583562
2024-03-12 08:00:00+00:00,1710230400000,2024-03-12T08:00:00+00:00,0.0005555,539.00875163
2024-03-12 16:00:00+00:00,1710259200000,2024-03-12T16:00:00+00:00,6.989e-05,542.18821407
2024-03-13 00:00:00+00:00,1710288000000,2024-03-13T00:00:00+00:00,0.00034905,537.67883873
2024-03-13 08:00:00.001000+00:00,1710316800001,2024-03-13T08:00:00.001000+00:00,0.00064319,561.33
2024-03-13 16:00:00+00:00,1710345600000,2024-03-13T16:00:00+00:00,0.0006775,583.00105781
2024-03-14 00:00:00.001000+00:00,1710374400001,2024-03-14T00:00:00.001000+00:00,0.00035646,631.02
2024-03-14 08:00:00+00:00,1710403200000,2024-03-14T08:00:00+00:00,0.00044008,607.11256856
2024-03-14 16:00:00+00:00,1710432000000,2024-03-14T16:00:00+00:00,0.0006029,592.97489194
2024-03-15 00:00:00+00:00,1710460800000,2024-03-15T00:00:00+00:00,0.00011662,603.68008397
2024-03-15 08:00:00+00:00,1710489600000,2024-03-15T08:00:00+00:00,0.00012984,582.75830784
2024-03-15 16:00:00+00:00,1710518400000,2024-03-15T16:00:00+00:00,0.0,597.12
2024-03-16 00:00:00+00:00,1710547200000,2024-03-16T00:00:00+00:00,0.00013785,633.49
2024-03-16 08:00:00+00:00,1710576000000,2024-03-16T08:00:00+00:00,0.00024537,615.09
2024-03-16 16:00:00+00:00,1710604800000,2024-03-16T16:00:00+00:00,0.00016812,601.75
2024-03-17 00:00:00+00:00,1710633600000,2024-03-17T00:00:00+00:00,9.557e-05,576.83
2024-03-17 08:00:00+00:00,1710662400000,2024-03-17T08:00:00+00:00,0.0,559.92
2024-03-17 16:00:00+00:00,1710691200000,2024-03-17T16:00:00+00:00,0.0,588.14392621
2024-03-18 00:00:00+00:00,1710720000000,2024-03-18T00:00:00+00:00,0.0,571.55
2024-03-18 08:00:00+00:00,1710748800000,2024-03-18T08:00:00+00:00,0.00015708,577.03861119
2024-03-18 16:00:00.001000+00:00,1710777600001,2024-03-18T16:00:00.001000+00:00,0.0,552.79
2024-03-19 00:00:00+00:00,1710806400000,2024-03-19T00:00:00+00:00,0.00010433,555.66
2024-03-19 08:00:00+00:00,1710835200000,2024-03-19T08:00:00+00:00,0.00019074,529.83683313
2024-03-19 16:00:00.001000+00:00,1710864000001,2024-03-19T16:00:00.001000+00:00,0.00023778,529.77
2024-03-20 00:00:00+00:00,1710892800000,2024-03-20T00:00:00+00:00,0.00021487,507.96
2024-03-20 08:00:00.004000+00:00,1710921600004,2024-03-20T08:00:00.004000+00:00,0.00022256,532.34
2024-03-20 16:00:00+00:00,1710950400000,2024-03-20T16:00:00+00:00,9.585e-05,516.85735606
2024-03-21 00:00:00+00:00,1710979200000,2024-03-21T00:00:00+00:00,2.546e-05,556.99
2024-03-21 08:00:00+00:00,1711008000000,2024-03-21T08:00:00+00:00,0.00013122,550.22521906
2024-03-21 16:00:00+00:00,1711036800000,2024-03-21T16:00:00+00:00,0.0,558.56
2024-03-22 00:00:00+00:00,1711065600000,2024-03-22T00:00:00+00:00,0.00017388,554.11889953
2024-03-22 08:00:00+00:00,1711094400000,2024-03-22T08:00:00+00:00,6.837e-05,584.24708379
2024-03-22 16:00:00+00:00,1711123200000,2024-03-22T16:00:00+00:00,0.00014159,554.19537074
2024-03-23 00:00:00+00:00,1711152000000,2024-03-23T00:00:00+00:00,0.00014453,553.99037166
2024-03-23 08:00:00+00:00,1711180800000,2024-03-23T08:00:00+00:00,0.00016838,555.21304822
2024-03-23 16:00:00+00:00,1711209600000,2024-03-23T16:00:00+00:00,0.0,562.59
2024-03-24 00:00:00+00:00,1711238400000,2024-03-24T00:00:00+00:00,0.0,552.0767414
2024-03-24 08:00:00+00:00,1711267200000,2024-03-24T08:00:00+00:00,0.00021139,553.00882758
2024-03-24 16:00:00+00:00,1711296000000,2024-03-24T16:00:00+00:00,0.00020733,560.74728803
2024-03-25 00:00:00+00:00,1711324800000,2024-03-25T00:00:00+00:00,0.00021885,568.23500417
2024-03-25 08:00:00.001000+00:00,1711353600001,2024-03-25T08:00:00.001000+00:00,0.00024982,584.23
2024-03-25 16:00:00+00:00,1711382400000,2024-03-25T16:00:00+00:00,0.00025865,593.4
2024-03-26 00:00:00+00:00,1711411200000,2024-03-26T00:00:00+00:00,0.00029097,587.45665715
2024-03-26 08:00:00+00:00,1711440000000,2024-03-26T08:00:00+00:00,0.00037308,591.84
2024-03-26 16:00:00+00:00,1711468800000,2024-03-26T16:00:00+00:00,0.00039806,580.15
2024-03-27 00:00:00+00:00,1711497600000,2024-03-27T00:00:00+00:00,0.00031573,580.52153117
2024-03-27 08:00:00.001000+00:00,1711526400001,2024-03-27T08:00:00.001000+00:00,0.00036491,574.51649583
2024-03-27 16:00:00+00:00,1711555200000,2024-03-27T16:00:00+00:00,0.00033014,570.31098664
2024-03-28 00:00:00+00:00,1711584000000,2024-03-28T00:00:00+00:00,0.00042862,574.8
2024-03-28 08:00:00+00:00,1711612800000,2024-03-28T08:00:00+00:00,0.00051984,590.89
2024-03-28 16:00:00+00:00,1711641600000,2024-03-28T16:00:00+00:00,0.00039289,585.48
2024-03-29 00:00:00+00:00,1711670400000,2024-03-29T00:00:00+00:00,0.00036592,583.77237792
2024-03-29 08:00:00+00:00,1711699200000,2024-03-29T08:00:00+00:00,0.000413,607.04593066
2024-03-29 16:00:00+00:00,1711728000000,2024-03-29T16:00:00+00:00,0.0002539,607.55
2024-03-30 00:00:00+00:00,1711756800000,2024-03-30T00:00:00+00:00,0.0,612.29858096
2024-03-30 08:00:00+00:00,1711785600000,2024-03-30T08:00:00+00:00,-7.709e-05,598.77255295
2024-03-30 16:00:00+00:00,1711814400000,2024-03-30T16:00:00+00:00,-0.00037404,604.78
2024-03-31 00:00:00+00:00,1711843200000,2024-03-31T00:00:00+00:00,-5.921e-05,600.25
2024-03-31 08:00:00+00:00,1711872000000,2024-03-31T08:00:00+00:00,-0.0003908,606.10958254
2024-03-31 16:00:00.001000+00:00,1711900800001,2024-03-31T16:00:00.001000+00:00,0.0,601.78
2024-04-01 00:00:00+00:00,1711929600000,2024-04-01T00:00:00+00:00,0.0,606.09693135
2024-04-01 08:00:00+00:00,1711958400000,2024-04-01T08:00:00+00:00,0.0,586.24
2024-04-01 16:00:00+00:00,1711987200000,2024-04-01T16:00:00+00:00,-0.00013645,573.85542791
2024-04-02 00:00:00.007000+00:00,1712016000007,2024-04-02T00:00:00.007000+00:00,0.0,576.27189028
2024-04-02 08:00:00.015000+00:00,1712044800015,2024-04-02T08:00:00.015000+00:00,0.00025814,559.5848025
2024-04-02 16:00:00+00:00,1712073600000,2024-04-02T16:00:00+00:00,0.00030588,552.72532432
2024-04-03 00:00:00+00:00,1712102400000,2024-04-03T00:00:00+00:00,0.00025462,551.76692608
2024-04-03 08:00:00+00:00,1712131200000,2024-04-03T08:00:00+00:00,0.00012544,559.1135232
2024-04-03 16:00:00+00:00,1712160000000,2024-04-03T16:00:00+00:00,0.00020227,556.98
2024-04-04 00:00:00+00:00,1712188800000,2024-04-04T00:00:00+00:00,0.00020277,562.07293083
2024-04-04 08:00:00+00:00,1712217600000,2024-04-04T08:00:00+00:00,0.0,582.73
2024-04-04 16:00:00+00:00,1712246400000,2024-04-04T16:00:00+00:00,0.0,590.0
2024-04-05 00:00:00+00:00,1712275200000,2024-04-05T00:00:00+00:00,-0.00042037,584.41
2024-04-05 08:00:00+00:00,1712304000000,2024-04-05T08:00:00+00:00,-0.00021433,574.32
2024-04-05 16:00:00+00:00,1712332800000,2024-04-05T16:00:00+00:00,-0.00038341,583.13388631
2024-04-06 00:00:00+00:00,1712361600000,2024-04-06T00:00:00+00:00,-0.00062922,577.66
2024-04-06 08:00:00+00:00,1712390400000,2024-04-06T08:00:00+00:00,-0.00027748,582.71725339
2024-04-06 16:00:00+00:00,1712419200000,2024-04-06T16:00:00+00:00,-0.00025256,583.44
2024-04-07 00:00:00+00:00,1712448000000,2024-04-07T00:00:00+00:00,-0.00033926,585.03680374
2024-04-07 08:00:00+00:00,1712476800000,2024-04-07T08:00:00+00:00,-0.00059616,586.54432494
2024-04-07 16:00:00+00:00,1712505600000,2024-04-07T16:00:00+00:00,-0.00049569,583.95
2024-04-08 00:00:00.001000+00:00,1712534400001,2024-04-08T00:00:00.001000+00:00,-0.00019057,583.51676694
2024-04-08 08:00:00+00:00,1712563200000,2024-04-08T08:00:00+00:00,-0.00038431,588.28
2024-04-08 16:00:00.006000+00:00,1712592000006,2024-04-08T16:00:00.006000+00:00,0.0,587.88
2024-04-09 00:00:00+00:00,1712620800000,2024-04-09T00:00:00+00:00,0.00015382,586.73
2024-04-09 08:00:00.001000+00:00,1712649600001,2024-04-09T08:00:00.001000+00:00,0.00016132,574.79812638
2024-04-09 16:00:00.001000+00:00,1712678400001,2024-04-09T16:00:00.001000+00:00,0.0,579.46845134
2024-04-10 00:00:00+00:00,1712707200000,2024-04-10T00:00:00+00:00,0.00024813,580.82
2024-04-10 08:00:00.001000+00:00,1712736000001,2024-04-10T08:00:00.001000+00:00,0.00019449,587.87518461
2024-04-10 16:00:00+00:00,1712764800000,2024-04-10T16:00:00+00:00,0.0001725,593.60761495
2024-04-11 00:00:00+00:00,1712793600000,2024-04-11T00:00:00+00:00,0.00037974,610.03
2024-04-11 08:00:00+00:00,1712822400000,2024-04-11T08:00:00+00:00,8.875e-05,605.07433727
2024-04-11 16:00:00+00:00,1712851200000,2024-04-11T16:00:00+00:00,0.0002061,603.24152659
2024-04-12 00:00:00+00:00,1712880000000,2024-04-12T00:00:00+00:00,0.00021027,604.85
2024-04-12 08:00:00.001000+00:00,1712908800001,2024-04-12T08:00:00.001000+00:00,1.66e-06,621.22
2024-04-12 16:00:00+00:00,1712937600000,2024-04-12T16:00:00+00:00,-0.00022562,611.85500415
2024-04-13 00:00:00+00:00,1712966400000,2024-04-13T00:00:00+00:00,-0.00042828,595.19
2024-04-13 08:00:00+00:00,1712995200000,2024-04-13T08:00:00+00:00,-0.00086248,593.12421827
2024-04-13 16:00:00.001000+00:00,1713024000001,2024-04-13T16:00:00.001000+00:00,-0.00056549,594.3197927
2024-04-14 00:00:00+00:00,1713052800000,2024-04-14T00:00:00+00:00,-0.00088593,553.2881353
2024-04-14 08:00:00+00:00,1713081600000,2024-04-14T08:00:00+00:00,-0.00045375,565.16
2024-04-14 16:00:00+00:00,1713110400000,2024-04-14T16:00:00+00:00,-0.00042313,550.12
2024-04-15 00:00:00+00:00,1713139200000,2024-04-15T00:00:00+00:00,-0.00044113,566.0
2024-04-15 08:00:00.001000+00:00,1713168000001,2024-04-15T08:00:00.001000+00:00,-0.00040679,574.97
2024-04-15 16:00:00+00:00,1713196800000,2024-04-15T16:00:00+00:00,-0.00046815,565.05
2024-04-16 00:00:00.001000+00:00,1713225600001,2024-04-16T00:00:00.001000+00:00,-0.0009491,552.18
2024-04-16 08:00:00+00:00,1713254400000,2024-04-16T08:00:00+00:00,-0.0007775,550.16
2024-04-16 16:00:00+00:00,1713283200000,2024-04-16T16:00:00+00:00,-0.000567,525.04
2024-04-17 00:00:00+00:00,1713312000000,2024-04-17T00:00:00+00:00,-0.00023045,537.52202064
2024-04-17 08:00:00+00:00,1713340800000,2024-04-17T08:00:00+00:00,0.0,543.86606202
2024-04-17 16:00:00+00:00,1713369600000,2024-04-17T16:00:00+00:00,0.0,517.38261496
2024-04-18 00:00:00+00:00,1713398400000,2024-04-18T00:00:00+00:00,0.0,534.02461275
2024-04-18 08:00:00+00:00,1713427200000,2024-04-18T08:00:00+00:00,0.0,543.72733242
2024-04-18 16:00:00+00:00,1713456000000,2024-04-18T16:00:00+00:00,-0.00034552,550.60509529
2024-04-19 00:00:00.001000+00:00,1713484800001,2024-04-19T00:00:00.001000+00:00,0.0,551.95
2024-04-19 08:00:00+00:00,1713513600000,2024-04-19T08:00:00+00:00,-0.00017776,554.93127264
2024-04-19 16:00:00+00:00,1713542400000,2024-04-19T16:00:00+00:00,0.0,559.95181127
2024-04-20 00:00:00+00:00,1713571200000,2024-04-20T00:00:00+00:00,0.0,553.77
2024-04-20 08:00:00+00:00,1713600000000,2024-04-20T08:00:00+00:00,0.0,560.26
2024-04-20 16:00:00+00:00,1713628800000,2024-04-20T16:00:00+00:00,0.0,567.84307079
2024-04-21 00:00:00+00:00,1713657600000,2024-04-21T00:00:00+00:00,-7.72e-06,570.43831614
2024-04-21 08:00:00+00:00,1713686400000,2024-04-21T08:00:00+00:00,-5.246e-05,579.39
2024-04-21 16:00:00+00:00,1713715200000,2024-04-21T16:00:00+00:00,-0.0001,573.6
2024-04-22 00:00:00+00:00,1713744000000,2024-04-22T00:00:00+00:00,0.0,579.37520835
2024-04-22 08:00:00+00:00,1713772800000,2024-04-22T08:00:00+00:00,0.0,602.92794979
2024-04-22 16:00:00+00:00,1713801600000,2024-04-22T16:00:00+00:00,0.0,594.72
2024-04-23 00:00:00+00:00,1713830400000,2024-04-23T00:00:00+00:00,0.0,604.37
2024-04-23 08:00:00+00:00,1713859200000,2024-04-23T08:00:00+00:00,0.0,600.15377146
2024-04-23 16:00:00.001000+00:00,1713888000001,2024-04-23T16:00:00.001000+00:00,-0.00026818,603.71
2024-04-24 00:00:00+00:00,1713916800000,2024-04-24T00:00:00+00:00,-0.00033543,605.74
2024-04-24 08:00:00+00:00,1713945600000,2024-04-24T08:00:00+00:00,-0.00041956,607.61
2024-04-24 16:00:00+00:00,1713974400000,2024-04-24T16:00:00+00:00,-0.00040741,596.88
2024-04-25 00:00:00+00:00,1714003200000,2024-04-25T00:00:00+00:00,-1.528e-05,608.64131705
2024-04-25 08:00:00+00:00,1714032000000,2024-04-25T08:00:00+00:00,-0.00011575,608.13
2024-04-25 16:00:00.010000+00:00,1714060800010,2024-04-25T16:00:00.010000+00:00,-0.00050741,610.85612254
2024-04-26 00:00:00.001000+00:00,1714089600001,2024-04-26T00:00:00.001000+00:00,-0.00057117,612.42
2024-04-26 08:00:00+00:00,1714118400000,2024-04-26T08:00:00+00:00,-0.00065053,607.95
2024-04-26 16:00:00+00:00,1714147200000,2024-04-26T16:00:00+00:00,-0.0004789,598.84416962
2024-04-27 00:00:00+00:00,1714176000000,2024-04-27T00:00:00+00:00,-0.00045974,597.48
2024-04-27 08:00:00.001000+00:00,1714204800001,2024-04-27T08:00:00.001000+00:00,-0.00063467,593.26
2024-04-27 16:00:00+00:00,1714233600000,2024-04-27T16:00:00+00:00,-0.00021197,587.19
2024-04-28 00:00:00+00:00,1714262400000,2024-04-28T00:00:00+00:00,-0.00061995,595.74
2024-04-28 08:00:00+00:00,1714291200000,2024-04-28T08:00:00+00:00,-0.00078809,600.07328333
2024-04-28 16:00:00+00:00,1714320000000,2024-04-28T16:00:00+00:00,-0.00079187,603.49
2024-04-29 00:00:00+00:00,1714348800000,2024-04-29T00:00:00+00:00,-0.00084938,599.62
2024-04-29 08:00:00+00:00,1714377600000,2024-04-29T08:00:00+00:00,-0.00087166,587.56066462
2024-04-29 16:00:00+00:00,1714406400000,2024-04-29T16:00:00+00:00,-0.00065653,592.3
2024-04-30 00:00:00+00:00,1714435200000,2024-04-30T00:00:00+00:00,-0.00042184,592.61
2024-04-30 08:00:00+00:00,1714464000000,2024-04-30T08:00:00+00:00,-0.00015559,598.17
2024-04-30 16:00:00+00:00,1714492800000,2024-04-30T16:00:00+00:00,-0.00070745,560.1929737
2024-05-01 00:00:00+00:00,1714521600000,2024-05-01T00:00:00+00:00,-0.00022922,577.72
2024-05-01 08:00:00+00:00,1714550400000,2024-05-01T08:00:00+00:00,-0.00017534,545.84
2024-05-01 16:00:00+00:00,1714579200000,2024-05-01T16:00:00+00:00,-0.00017136,544.70043287
2024-05-02 00:00:00+00:00,1714608000000,2024-05-02T00:00:00+00:00,-0.00025289,561.50257184
2024-05-02 08:00:00+00:00,1714636800000,2024-05-02T08:00:00+00:00,-1.565e-05,549.16
2024-05-02 16:00:00.002000+00:00,1714665600002,2024-05-02T16:00:00.002000+00:00,-0.0002526,564.32
2024-05-03 00:00:00+00:00,1714694400000,2024-05-03T00:00:00+00:00,-0.00012686,560.2
2024-05-03 08:00:00+00:00,1714723200000,2024-05-03T08:00:00+00:00,-1.017e-05,561.00630538
2024-05-03 16:00:00+00:00,1714752000000,2024-05-03T16:00:00+00:00,-0.00032785,577.27
2024-05-04 00:00:00+00:00,1714780800000,2024-05-04T00:00:00+00:00,-0.000114,586.65
2024-05-04 08:00:00+00:00,1714809600000,2024-05-04T08:00:00+00:00,-0.00015609,583.46583419
2024-05-04 16:00:00+00:00,1714838400000,2024-05-04T16:00:00+00:00,-0.0002685,590.6511218
2024-05-05 00:00:00+00:00,1714867200000,2024-05-05T00:00:00+00:00,-0.00071748,584.79
2024-05-05 08:00:00+00:00,1714896000000,2024-05-05T08:00:00+00:00,-0.00031949,584.6
2024-05-05 16:00:00+00:00,1714924800000,2024-05-05T16:00:00+00:00,-0.0004005,592.78700193
2024-05-06 00:00:00+00:00,1714953600000,2024-05-06T00:00:00+00:00,-8.052e-05,591.56
2024-05-06 08:00:00+00:00,1714982400000,2024-05-06T08:00:00+00:00,-9.37e-05,595.13995444
2024-05-06 16:00:00+00:00,1715011200000,2024-05-06T16:00:00+00:00,-0.00026489,588.63910877
2024-05-07 00:00:00+00:00,1715040000000,2024-05-07T00:00:00+00:00,0.0,587.81
2024-05-07 08:00:00+00:00,1715068800000,2024-05-07T08:00:00+00:00,-8.607e-05,588.25
2024-05-07 16:00:00+00:00,1715097600000,2024-05-07T16:00:00+00:00,0.0,593.94
2024-05-08 00:00:00+00:00,1715126400000,2024-05-08T00:00:00+00:00,0.0,575.96208454
2024-05-08 08:00:00+00:00,1715155200000,2024-05-08T08:00:00+00:00,0.0,579.3
2024-05-08 16:00:00+00:00,1715184000000,2024-05-08T16:00:00+00:00,0.0,582.16
2024-05-09 00:00:00+00:00,1715212800000,2024-05-09T00:00:00+00:00,0.0,588.22
2024-05-09 08:00:00+00:00,1715241600000,2024-05-09T08:00:00+00:00,0.0,600.13007717
2024-05-09 16:00:00+00:00,1715270400000,2024-05-09T16:00:00+00:00,0.0,596.27574916
2024-05-10 00:00:00+00:00,1715299200000,2024-05-10T00:00:00+00:00,-1.814e-05,596.54617053
2024-05-10 08:00:00+00:00,1715328000000,2024-05-10T08:00:00+00:00,-0.00013856,594.94
2024-05-10 16:00:00+00:00,1715356800000,2024-05-10T16:00:00+00:00,-0.00023606,585.75
2024-05-11 00:00:00+00:00,1715385600000,2024-05-11T00:00:00+00:00,-7.794e-05,585.26
2024-05-11 08:00:00+00:00,1715414400000,2024-05-11T08:00:00+00:00,0.0,586.90546608
2024-05-11 16:00:00+00:00,1715443200000,2024-05-11T16:00:00+00:00,0.0,591.1257043
2024-05-12 00:00:00+00:00,1715472000000,2024-05-12T00:00:00+00:00,0.0,592.07967556
2024-05-12 08:00:00+00:00,1715500800000,2024-05-12T08:00:00+00:00,0.0,588.3
2024-05-12 16:00:00+00:00,1715529600000,2024-05-12T16:00:00+00:00,-2.601e-05,594.94079574
2024-05-13 00:00:00.001000+00:00,1715558400001,2024-05-13T00:00:00.001000+00:00,-0.00017911,594.26675004
2024-05-13 08:00:00.001000+00:00,1715587200001,2024-05-13T08:00:00.001000+00:00,-8.47e-05,595.87
2024-05-13 16:00:00+00:00,1715616000000,2024-05-13T16:00:00+00:00,-0.00033836,594.96713047
2024-05-14 00:00:00+00:00,1715644800000,2024-05-14T00:00:00+00:00,-1.301e-05,591.35219414
2024-05-14 08:00:00+00:00,1715673600000,2024-05-14T08:00:00+00:00,-0.00036204,587.92854079
2024-05-14 16:00:00+00:00,1715702400000,2024-05-14T16:00:00+00:00,-0.00129616,568.51
2024-05-15 00:00:00+00:00,1715731200000,2024-05-15T00:00:00+00:00,-0.00101022,566.59
2024-05-15 08:00:00+00:00,1715760000000,2024-05-15T08:00:00+00:00,-0.00069557,568.79532728
2024-05-15 16:00:00+00:00,1715788800000,2024-05-15T16:00:00+00:00,-0.00114578,579.72
2024-05-16 00:00:00.004000+00:00,1715817600004,2024-05-16T00:00:00.004000+00:00,-0.00065658,580.82
2024-05-16 08:00:00+00:00,1715846400000,2024-05-16T08:00:00+00:00,0.0,584.16
2024-05-16 16:00:00+00:00,1715875200000,2024-05-16T16:00:00+00:00,-0.00017077,567.81430239
2024-05-17 00:00:00+00:00,1715904000000,2024-05-17T00:00:00+00:00,-0.00053276,568.48
2024-05-17 08:00:00+00:00,1715932800000,2024-05-17T08:00:00+00:00,-0.00017804,578.18459928
2024-05-17 16:00:00+00:00,1715961600000,2024-05-17T16:00:00+00:00,0.0,582.38
2024-05-18 00:00:00+00:00,1715990400000,2024-05-18T00:00:00+00:00,0.0,580.60736586
2024-05-18 08:00:00+00:00,1716019200000,2024-05-18T08:00:00+00:00,0.0,578.68
2024-05-18 16:00:00+00:00,1716048000000,2024-05-18T16:00:00+00:00,0.0,577.49
2024-05-19 00:00:00+00:00,1716076800000,2024-05-19T00:00:00+00:00,0.0,580.3
2024-05-19 08:00:00+00:00,1716105600000,2024-05-19T08:00:00+00:00,0.0,579.74
2024-05-19 16:00:00+00:00,1716134400000,2024-05-19T16:00:00+00:00,0.0,577.56017512
2024-05-20 00:00:00+00:00,1716163200000,2024-05-20T00:00:00+00:00,0.0,574.31
2024-05-20 08:00:00+00:00,1716192000000,2024-05-20T08:00:00+00:00,-6.392e-05,575.83137476
2024-05-20 16:00:00.003000+00:00,1716220800003,2024-05-20T16:00:00.003000+00:00,-8.546e-05,576.61
2024-05-21 00:00:00+00:00,1716249600000,2024-05-21T00:00:00+00:00,0.0,599.76198048
2024-05-21 08:00:00.001000+00:00,1716278400001,2024-05-21T08:00:00.001000+00:00,0.00019002,630.64662447
2024-05-21 16:00:00+00:00,1716307200000,2024-05-21T16:00:00+00:00,9.749e-05,613.07541391
2024-05-22 00:00:00+00:00,1716336000000,2024-05-22T00:00:00+00:00,0.00016951,618.97089817
2024-05-22 08:00:00+00:00,1716364800000,2024-05-22T08:00:00+00:00,0.00015829,621.79
2024-05-22 16:00:00+00:00,1716393600000,2024-05-22T16:00:00+00:00,0.0001546,621.44731234
2024-05-23 00:00:00+00:00,1716422400000,2024-05-23T00:00:00+00:00,0.00010082,615.2375297
2024-05-23 08:00:00+00:00,1716451200000,2024-05-23T08:00:00+00:00,0.00014596,614.97788075
2024-05-23 16:00:00+00:00,1716480000000,2024-05-23T16:00:00+00:00,0.0,594.53
2024-05-24 00:00:00+00:00,1716508800000,2024-05-24T00:00:00+00:00,0.0,599.66
2024-05-24 08:00:00+00:00,1716537600000,2024-05-24T08:00:00+00:00,4.49e-06,593.34319792
2024-05-24 16:00:00+00:00,1716566400000,2024-05-24T16:00:00+00:00,0.0,597.15
2024-05-25 00:00:00+00:00,1716595200000,2024-05-25T00:00:00+00:00,0.0,600.55
2024-05-25 08:00:00+00:00,1716624000000,2024-05-25T08:00:00+00:00,0.0,601.89389158
2024-05-25 16:00:00+00:00,1716652800000,2024-05-25T16:00:00+00:00,0.0,602.02606782
2024-05-26 00:00:00+00:00,1716681600000,2024-05-26T00:00:00+00:00,0.0,602.48
2024-05-26 08:00:00+00:00,1716710400000,2024-05-26T08:00:00+00:00,8.753e-05,604.45075774
2024-05-26 16:00:00+00:00,1716739200000,2024-05-26T16:00:00+00:00,0.0,602.58377071
2024-05-27 00:00:00+00:00,1716768000000,2024-05-27T00:00:00+00:00,7.614e-05,600.56230237
2024-05-27 08:00:00+00:00,1716796800000,2024-05-27T08:00:00+00:00,0.0001094,603.41
2024-05-27 16:00:00+00:00,1716825600000,2024-05-27T16:00:00+00:00,0.00019809,613.36362909
2024-05-28 00:00:00+00:00,1716854400000,2024-05-28T00:00:00+00:00,0.00017805,604.13
2024-05-28 08:00:00+00:00,1716883200000,2024-05-28T08:00:00+00:00,0.0,597.93
2024-05-28 16:00:00+00:00,1716912000000,2024-05-28T16:00:00+00:00,0.0,601.44
2024-05-29 00:00:00.001000+00:00,1716940800001,2024-05-29T00:00:00.001000+00:00,7.405e-05,601.90547633
2024-05-29 08:00:00+00:00,1716969600000,2024-05-29T08:00:00+00:00,5.977e-05,598.47
2024-05-29 16:00:00+00:00,1716998400000,2024-05-29T16:00:00+00:00,8.769e-05,595.64233049
2024-05-30 00:00:00+00:00,1717027200000,2024-05-30T00:00:00+00:00,0.0,595.74858573
2024-05-30 08:00:00+00:00,1717056000000,2024-05-30T08:00:00+00:00,0.0,589.09
2024-05-30 16:00:00+00:00,1717084800000,2024-05-30T16:00:00+00:00,0.0,596.85452119
2024-05-31 00:00:00+00:00,1717113600000,2024-05-31T00:00:00+00:00,2.222e-05,595.25157906
2024-05-31 08:00:00+00:00,1717142400000,2024-05-31T08:00:00+00:00,0.0,592.09
2024-05-31 16:00:00+00:00,1717171200000,2024-05-31T16:00:00+00:00,7.882e-05,591.54
2024-06-01 00:00:00+00:00,1717200000000,2024-06-01T00:00:00+00:00,0.00019589,594.03
2024-06-01 08:00:00+00:00,1717228800000,2024-06-01T08:00:00+00:00,0.00023411,595.37002775
2024-06-01 16:00:00.001000+00:00,1717257600001,2024-06-01T16:00:00.001000+00:00,0.00013223,596.42434074
2024-06-02 00:00:00+00:00,1717286400000,2024-06-02T00:00:00+00:00,0.00036939,602.39
2024-06-02 08:00:00+00:00,1717315200000,2024-06-02T08:00:00+00:00,0.00022554,600.43705926
2024-06-02 16:00:00+00:00,1717344000000,2024-06-02T16:00:00+00:00,0.00011225,601.81
2024-06-03 00:00:00+00:00,1717372800000,2024-06-03T00:00:00+00:00,0.0002004,603.4
2024-06-03 08:00:00+00:00,1717401600000,2024-06-03T08:00:00+00:00,0.00028495,626.57
2024-06-03 16:00:00+00:00,1717430400000,2024-06-03T16:00:00+00:00,0.00013785,628.10281122
2024-06-04 00:00:00+00:00,1717459200000,2024-06-04T00:00:00+00:00,0.00012196,626.85
2024-06-04 08:00:00+00:00,1717488000000,2024-06-04T08:00:00+00:00,0.00013176,628.98420644
2024-06-04 16:00:00+00:00,1717516800000,2024-06-04T16:00:00+00:00,0.00019423,663.28
2024-06-05 00:00:00+00:00,1717545600000,2024-06-05T00:00:00+00:00,0.00015839,686.0405395
2024-06-05 08:00:00+00:00,1717574400000,2024-06-05T08:00:00+00:00,0.00016022,706.60815522
2024-06-05 16:00:00+00:00,1717603200000,2024-06-05T16:00:00+00:00,0.00020097,705.11
2024-06-06 00:00:00+00:00,1717632000000,2024-06-06T00:00:00+00:00,0.00020144,699.31992101
2024-06-06 08:00:00.008000+00:00,1717660800008,2024-06-06T08:00:00.008000+00:00,0.00017035,704.87
2024-06-06 16:00:00+00:00,1717689600000,2024-06-06T16:00:00+00:00,8.066e-05,703.92
2024-06-07 00:00:00+00:00,1717718400000,2024-06-07T00:00:00+00:00,4.266e-05,711.29
2024-06-07 08:00:00+00:00,1717747200000,2024-06-07T08:00:00+00:00,0.0,697.83713427
2024-06-07 16:00:00+00:00,1717776000000,2024-06-07T16:00:00+00:00,0.0,701.04290993
2024-06-08 00:00:00+00:00,1717804800000,2024-06-08T00:00:00+00:00,0.0,683.94843454
2024-06-08 08:00:00+00:00,1717833600000,2024-06-08T08:00:00+00:00,0.0,694.67890675
2024-06-08 16:00:00+00:00,1717862400000,2024-06-08T16:00:00+00:00,0.0,686.50760894
2024-06-09 00:00:00+00:00,1717891200000,2024-06-09T00:00:00+00:00,0.0,682.61940311
2024-06-09 08:00:00+00:00,1717920000000,2024-06-09T08:00:00+00:00,0.0,679.73
2024-06-09 16:00:00.001000+00:00,1717948800001,2024-06-09T16:00:00.001000+00:00,0.0,676.73408344
2024-06-10 00:00:00+00:00,1717977600000,2024-06-10T00:00:00+00:00,0.0,673.13371712
2024-06-10 08:00:00+00:00,1718006400000,2024-06-10T08:00:00+00:00,0.0,640.95
2024-06-10 16:00:00.001000+00:00,1718035200001,2024-06-10T16:00:00.001000+00:00,0.0,650.54
2024-06-11 00:00:00.001000+00:00,1718064000001,2024-06-11T00:00:00.001000+00:00,0.0,624.99
2024-06-11 08:00:00+00:00,1718092800000,2024-06-11T08:00:00+00:00,0.0,613.68
2024-06-11 16:00:00+00:00,1718121600000,2024-06-11T16:00:00+00:00,0.0,597.64
2024-06-12 00:00:00+00:00,1718150400000,2024-06-12T00:00:00+00:00,0.0,602.18
2024-06-12 08:00:00+00:00,1718179200000,2024-06-12T08:00:00+00:00,0.0,614.59143468
2024-06-12 16:00:00+00:00,1718208000000,2024-06-12T16:00:00+00:00,-8.99e-06,627.98
2024-06-13 00:00:00+00:00,1718236800000,2024-06-13T00:00:00+00:00,0.0,619.28
2024-06-13 08:00:00.001000+00:00,1718265600001,2024-06-13T08:00:00.001000+00:00,0.0,607.29
2024-06-13 16:00:00+00:00,1718294400000,2024-06-13T16:00:00+00:00,0.0,597.19830364
2024-06-14 00:00:00+00:00,1718323200000,2024-06-14T00:00:00+00:00,0.0,599.7646434
2024-06-14 08:00:00+00:00,1718352000000,2024-06-14T08:00:00+00:00,0.0,608.19
2024-06-14 16:00:00+00:00,1718380800000,2024-06-14T16:00:00+00:00,0.0,602.43225855
2024-06-15 00:00:00+00:00,1718409600000,2024-06-15T00:00:00+00:00,0.0,603.11
2024-06-15 08:00:00+00:00,1718438400000,2024-06-15T08:00:00+00:00,0.0,606.73367229
2024-06-15 16:00:00+00:00,1718467200000,2024-06-15T16:00:00+00:00,0.0,607.26
2024-06-16 00:00:00.001000+00:00,1718496000001,2024-06-16T00:00:00.001000+00:00,0.0,607.99
2024-06-16 08:00:00+00:00,1718524800000,2024-06-16T08:00:00+00:00,0.0,606.1
2024-06-16 16:00:00+00:00,1718553600000,2024-06-16T16:00:00+00:00,0.0,610.40266671
2024-06-17 00:00:00+00:00,1718582400000,2024-06-17T00:00:00+00:00,0.0,610.71708403
2024-06-17 08:00:00+00:00,1718611200000,2024-06-17T08:00:00+00:00,0.0,603.66
2024-06-17 16:00:00+00:00,1718640000000,2024-06-17T16:00:00+00:00,0.0,597.32
2024-06-18 00:00:00+00:00,1718668800000,2024-06-18T00:00:00+00:00,0.0,603.98981313
2024-06-18 08:00:00+00:00,1718697600000,2024-06-18T08:00:00+00:00,0.0,593.47724288
2024-06-18 16:00:00+00:00,1718726400000,2024-06-18T16:00:00+00:00,0.0,582.30716143
2024-06-19 00:00:00.001000+00:00,1718755200001,2024-06-19T00:00:00.001000+00:00,0.0,588.50323643
2024-06-19 08:00:00.001000+00:00,1718784000001,2024-06-19T08:00:00.001000+00:00,0.0,603.75
2024-06-19 16:00:00+00:00,1718812800000,2024-06-19T16:00:00+00:00,0.0,592.13991853
2024-06-20 00:00:00+00:00,1718841600000,2024-06-20T00:00:00+00:00,0.0,599.08518951
2024-06-20 08:00:00+00:00,1718870400000,2024-06-20T08:00:00+00:00,0.0,605.2
2024-06-20 16:00:00+00:00,1718899200000,2024-06-20T16:00:00+00:00,0.0,595.84688928
2024-06-21 00:00:00+00:00,1718928000000,2024-06-21T00:00:00+00:00,0.0,587.32
2024-06-21 08:00:00+00:00,1718956800000,2024-06-21T08:00:00+00:00,0.0,583.29451714
2024-06-21 16:00:00+00:00,1718985600000,2024-06-21T16:00:00+00:00,0.0,582.95616052
2024-06-22 00:00:00+00:00,1719014400000,2024-06-22T00:00:00+00:00,0.0,586.11
2024-06-22 08:00:00+00:00,1719043200000,2024-06-22T08:00:00+00:00,0.0,586.88
2024-06-22 16:00:00+00:00,1719072000000,2024-06-22T16:00:00+00:00,0.0,586.71112841
2024-06-23 00:00:00+00:00,1719100800000,2024-06-23T00:00:00+00:00,0.0,590.98
2024-06-23 08:00:00+00:00,1719129600000,2024-06-23T08:00:00+00:00,0.0,592.34
2024-06-23 16:00:00+00:00,1719158400000,2024-06-23T16:00:00+00:00,0.0,585.05792617
2024-06-24 00:00:00.002000+00:00,1719187200002,2024-06-24T00:00:00.002000+00:00,0.0,577.4
2024-06-24 08:00:00+00:00,1719216000000,2024-06-24T08:00:00+00:00,0.0,570.71
2024-06-24 16:00:00+00:00,1719244800000,2024-06-24T16:00:00+00:00,0.0,561.47837968
2024-06-25 00:00:00+00:00,1719273600000,2024-06-25T00:00:00+00:00,0.0,568.04703428
2024-06-25 08:00:00+00:00,1719302400000,2024-06-25T08:00:00+00:00,0.0,571.56
2024-06-25 16:00:00+00:00,1719331200000,2024-06-25T16:00:00+00:00,0.0,577.4
2024-06-26 00:00:00.002000+00:00,1719360000002,2024-06-26T00:00:00.002000+00:00,0.0,577.95
2024-06-26 08:00:00+00:00,1719388800000,2024-06-26T08:00:00+00:00,0.0,578.67193883
2024-06-26 16:00:00+00:00,1719417600000,2024-06-26T16:00:00+00:00,0.0,572.53952425
2024-06-27 00:00:00+00:00,1719446400000,2024-06-27T00:00:00+00:00,0.0,573.08
2024-06-27 08:00:00.001000+00:00,1719475200001,2024-06-27T08:00:00.001000+00:00,0.0,569.54
2024-06-27 16:00:00+00:00,1719504000000,2024-06-27T16:00:00+00:00,0.0,579.42866843
2024-06-28 00:00:00+00:00,1719532800000,2024-06-28T00:00:00+00:00,0.0,581.70880913
2024-06-28 08:00:00+00:00,1719561600000,2024-06-28T08:00:00+00:00,0.0,576.58970134
2024-06-28 16:00:00+00:00,1719590400000,2024-06-28T16:00:00+00:00,0.0,572.44530851
2024-06-29 00:00:00.001000+00:00,1719619200001,2024-06-29T00:00:00.001000+00:00,0.0,567.7
2024-06-29 08:00:00+00:00,1719648000000,2024-06-29T08:00:00+00:00,0.0,570.80951819
2024-06-29 16:00:00+00:00,1719676800000,2024-06-29T16:00:00+00:00,0.0,572.8
2024-06-30 00:00:00+00:00,1719705600000,2024-06-30T00:00:00+00:00,0.0,570.33458227
2024-06-30 08:00:00+00:00,1719734400000,2024-06-30T08:00:00+00:00,0.0,576.24646009
2024-06-30 16:00:00+00:00,1719763200000,2024-06-30T16:00:00+00:00,0.0,577.73337537
2024-07-01 00:00:00+00:00,1719792000000,2024-07-01T00:00:00+00:00,0.0,582.63
2024-07-01 08:00:00+00:00,1719820800000,2024-07-01T08:00:00+00:00,1.551e-05,585.06455527
2024-07-01 16:00:00.001000+00:00,1719849600001,2024-07-01T16:00:00.001000+00:00,0.0,578.14
2024-07-02 00:00:00+00:00,1719878400000,2024-07-02T00:00:00+00:00,0.0,577.16047959
2024-07-02 08:00:00+00:00,1719907200000,2024-07-02T08:00:00+00:00,3.136e-05,578.84
2024-07-02 16:00:00+00:00,1719936000000,2024-07-02T16:00:00+00:00,3.97e-06,575.92185374
2024-07-03 00:00:00+00:00,1719964800000,2024-07-03T00:00:00+00:00,0.00012485,580.30558425
2024-07-03 08:00:00.001000+00:00,1719993600001,2024-07-03T08:00:00.001000+00:00,1.476e-05,566.62
2024-07-03 16:00:00+00:00,1720022400000,2024-07-03T16:00:00+00:00,0.0,558.31
2024-07-04 00:00:00+00:00,1720051200000,2024-07-04T00:00:00+00:00,0.0,556.85656553
2024-07-04 08:00:00+00:00,1720080000000,2024-07-04T08:00:00+00:00,0.0,530.1100505
2024-07-04 16:00:00+00:00,1720108800000,2024-07-04T16:00:00+00:00,0.0,524.99
2024-07-05 00:00:00+00:00,1720137600000,2024-07-05T00:00:00+00:00,0.0,513.30044701
2024-07-05 08:00:00+00:00,1720166400000,2024-07-05T08:00:00+00:00,0.0,472.64472818
2024-07-05 16:00:00+00:00,1720195200000,2024-07-05T16:00:00+00:00,0.0,495.19779182
2024-07-06 00:00:00+00:00,1720224000000,2024-07-06T00:00:00+00:00,0.0,497.54
2024-07-06 08:00:00+00:00,1720252800000,2024-07-06T08:00:00+00:00,0.0,507.75003618
2024-07-06 16:00:00+00:00,1720281600000,2024-07-06T16:00:00+00:00,0.0,518.28
2024-07-07 00:00:00.001000+00:00,1720310400001,2024-07-07T00:00:00.001000+00:00,0.0,526.08226778
2024-07-07 08:00:00+00:00,1720339200000,2024-07-07T08:00:00+00:00,0.0,509.13177087
2024-07-07 16:00:00+00:00,1720368000000,2024-07-07T16:00:00+00:00,0.0,498.02060565
2024-07-08 00:00:00+00:00,1720396800000,2024-07-08T00:00:00+00:00,0.0,490.63
2024-07-08 08:00:00+00:00,1720425600000,2024-07-08T08:00:00+00:00,0.0,501.52868493
2024-07-08 16:00:00+00:00,1720454400000,2024-07-08T16:00:00+00:00,0.0,501.31167319
2024-07-09 00:00:00+00:00,1720483200000,2024-07-09T00:00:00+00:00,0.0,510.37413829
2024-07-09 08:00:00.001000+00:00,1720512000001,2024-07-09T08:00:00.001000+00:00,0.0,512.35838581
2024-07-09 16:00:00+00:00,1720540800000,2024-07-09T16:00:00+00:00,0.0,516.97531166
2024-07-10 00:00:00+00:00,1720569600000,2024-07-10T00:00:00+00:00,0.0,516.70469379
2024-07-10 08:00:00+00:00,1720598400000,2024-07-10T08:00:00+00:00,0.0,522.44
2024-07-10 16:00:00+00:00,1720627200000,2024-07-10T16:00:00+00:00,0.0,524.9879956
2024-07-11 00:00:00.002000+00:00,1720656000002,2024-07-11T00:00:00.002000+00:00,0.0,524.69
2024-07-11 08:00:00.002000+00:00,1720684800002,2024-07-11T08:00:00.002000+00:00,0.0,527.7081182
2024-07-11 16:00:00.004000+00:00,1720713600004,2024-07-11T16:00:00.004000+00:00,0.0,524.33024255
2024-07-12 00:00:00+00:00,1720742400000,2024-07-12T00:00:00+00:00,0.0,524.87
2024-07-12 08:00:00+00:00,1720771200000,2024-07-12T08:00:00+00:00,0.0,521.3272951
2024-07-12 16:00:00+00:00,1720800000000,2024-07-12T16:00:00+00:00,0.0,532.65
2024-07-13 00:00:00+00:00,1720828800000,2024-07-13T00:00:00+00:00,0.0,534.08964936
2024-07-13 08:00:00+00:00,1720857600000,2024-07-13T08:00:00+00:00,0.0,536.17
2024-07-13 16:00:00+00:00,1720886400000,2024-07-13T16:00:00+00:00,0.0,532.07
2024-07-14 00:00:00+00:00,1720915200000,2024-07-14T00:00:00+00:00,0.0,532.40140301
2024-07-14 08:00:00+00:00,1720944000000,2024-07-14T08:00:00+00:00,0.0,537.51
2024-07-14 16:00:00+00:00,1720972800000,2024-07-14T16:00:00+00:00,0.0,536.22
2024-07-15 00:00:00+00:00,1721001600000,2024-07-15T00:00:00+00:00,0.0,544.78737437
2024-07-15 08:00:00+00:00,1721030400000,2024-07-15T08:00:00+00:00,0.0,558.79
2024-07-15 16:00:00+00:00,1721059200000,2024-07-15T16:00:00+00:00,0.0,573.7191784
2024-07-16 00:00:00+00:00,1721088000000,2024-07-16T00:00:00+00:00,0.0,585.1
2024-07-16 08:00:00+00:00,1721116800000,2024-07-16T08:00:00+00:00,0.0,562.44
2024-07-16 16:00:00+00:00,1721145600000,2024-07-16T16:00:00+00:00,0.0,576.7
2024-07-17 00:00:00+00:00,1721174400000,2024-07-17T00:00:00+00:00,0.0,576.06
2024-07-17 08:00:00.001000+00:00,1721203200001,2024-07-17T08:00:00.001000+00:00,0.0,579.85623262
2024-07-17 16:00:00+00:00,1721232000000,2024-07-17T16:00:00+00:00,0.0,572.75511502
2024-07-18 00:00:00+00:00,1721260800000,2024-07-18T00:00:00+00:00,0.0,568.81973218
2024-07-18 08:00:00+00:00,1721289600000,2024-07-18T08:00:00+00:00,0.0,572.26898797
2024-07-18 16:00:00+00:00,1721318400000,2024-07-18T16:00:00+00:00,0.0,565.59
2024-07-19 00:00:00+00:00,1721347200000,2024-07-19T00:00:00+00:00,0.0,571.97
2024-07-19 08:00:00+00:00,1721376000000,2024-07-19T08:00:00+00:00,0.0,568.55172051
2024-07-19 16:00:00+00:00,1721404800000,2024-07-19T16:00:00+00:00,0.0,591.72030863
2024-07-20 00:00:00.001000+00:00,1721433600001,2024-07-20T00:00:00.001000+00:00,0.0,593.56
2024-07-20 08:00:00+00:00,1721462400000,2024-07-20T08:00:00+00:00,0.0,590.03007815
2024-07-20 16:00:00+00:00,1721491200000,2024-07-20T16:00:00+00:00,0.0,595.10435135
2024-07-21 00:00:00+00:00,1721520000000,2024-07-21T00:00:00+00:00,0.0,593.16932499
2024-07-21 08:00:00+00:00,1721548800000,2024-07-21T08:00:00+00:00,0.0,592.68865574
2024-07-21 16:00:00+00:00,1721577600000,2024-07-21T16:00:00+00:00,0.0,599.27837573
2024-07-22 00:00:00+00:00,1721606400000,2024-07-22T00:00:00+00:00,0.0,602.45696923
2024-07-22 08:00:00+00:00,1721635200000,2024-07-22T08:00:00+00:00,0.0,594.03761979
2024-07-22 16:00:00+00:00,1721664000000,2024-07-22T16:00:00+00:00,0.0,592.14528497
2024-07-23 00:00:00+00:00,1721692800000,2024-07-23T00:00:00+00:00,0.0,587.33049872
2024-07-23 08:00:00+00:00,1721721600000,2024-07-23T08:00:00+00:00,0.0,579.77163381
2024-07-23 16:00:00+00:00,1721750400000,2024-07-23T16:00:00+00:00,0.0,585.3072758
2024-07-24 00:00:00+00:00,1721779200000,2024-07-24T00:00:00+00:00,0.0,582.17947224
2024-07-24 08:00:00+00:00,1721808000000,2024-07-24T08:00:00+00:00,0.0,586.19
2024-07-24 16:00:00+00:00,1721836800000,2024-07-24T16:00:00+00:00,0.0,583.39
2024-07-25 00:00:00+00:00,1721865600000,2024-07-25T00:00:00+00:00,0.0,574.79037247
2024-07-25 08:00:00+00:00,1721894400000,2024-07-25T08:00:00+00:00,0.0,561.83853277
2024-07-25 16:00:00+00:00,1721923200000,2024-07-25T16:00:00+00:00,0.0,565.16316714
2024-07-26 00:00:00+00:00,1721952000000,2024-07-26T00:00:00+00:00,0.0,570.94
2024-07-26 08:00:00+00:00,1721980800000,2024-07-26T08:00:00+00:00,0.0,579.64
2024-07-26 16:00:00+00:00,1722009600000,2024-07-26T16:00:00+00:00,0.0,578.68
2024-07-27 00:00:00+00:00,1722038400000,2024-07-27T00:00:00+00:00,0.0,581.00129057
2024-07-27 08:00:00+00:00,1722067200000,2024-07-27T08:00:00+00:00,0.0,587.280796
2024-07-27 16:00:00+00:00,1722096000000,2024-07-27T16:00:00+00:00,0.0,585.69834609
2024-07-28 00:00:00+00:00,1722124800000,2024-07-28T00:00:00+00:00,0.0,581.77432901
2024-07-28 08:00:00+00:00,1722153600000,2024-07-28T08:00:00+00:00,0.0,579.09516878
2024-07-28 16:00:00.001000+00:00,1722182400001,2024-07-28T16:00:00.001000+00:00,0.0,580.67998153
2024-07-29 00:00:00.001000+00:00,1722211200001,2024-07-29T00:00:00.001000+00:00,0.0,584.21
2024-07-29 08:00:00+00:00,1722240000000,2024-07-29T08:00:00+00:00,1.232e-05,594.1373344
2024-07-29 16:00:00.001000+00:00,1722268800001,2024-07-29T16:00:00.001000+00:00,5.116e-05,583.25259771
2024-07-30 00:00:00+00:00,1722297600000,2024-07-30T00:00:00+00:00,0.0,574.46
2024-07-30 08:00:00.001000+00:00,1722326400001,2024-07-30T08:00:00.001000+00:00,0.0,574.73400109
2024-07-30 16:00:00+00:00,1722355200000,2024-07-30T16:00:00+00:00,0.0,574.17
2024-07-31 00:00:00+00:00,1722384000000,2024-07-31T00:00:00+00:00,0.0,588.33
2024-07-31 08:00:00+00:00,1722412800000,2024-07-31T08:00:00+00:00,2.973e-05,586.29
2024-07-31 16:00:00+00:00,1722441600000,2024-07-31T16:00:00+00:00,6.57e-06,586.88494136
2024-08-01 00:00:00+00:00,1722470400000,2024-08-01T00:00:00+00:00,2.4e-07,576.78526988
2024-08-01 08:00:00+00:00,1722499200000,2024-08-01T08:00:00+00:00,0.0,569.15
2024-08-01 16:00:00+00:00,1722528000000,2024-08-01T16:00:00+00:00,1.797e-05,559.12
2024-08-02 00:00:00+00:00,1722556800000,2024-08-02T00:00:00+00:00,0.0,575.31075392
2024-08-02 08:00:00.001000+00:00,1722585600001,2024-08-02T08:00:00.001000+00:00,1.397e-05,570.98
2024-08-02 16:00:00+00:00,1722614400000,2024-08-02T16:00:00+00:00,0.0,559.0
2024-08-03 00:00:00+00:00,1722643200000,2024-08-03T00:00:00+00:00,0.0,543.15
2024-08-03 08:00:00+00:00,1722672000000,2024-08-03T08:00:00+00:00,0.0,541.03900093
2024-08-03 16:00:00.001000+00:00,1722700800001,2024-08-03T16:00:00.001000+00:00,0.0,532.17
2024-08-04 00:00:00+00:00,1722729600000,2024-08-04T00:00:00+00:00,0.0,529.60005907
2024-08-04 08:00:00+00:00,1722758400000,2024-08-04T08:00:00+00:00,0.0,523.73923267
2024-08-04 16:00:00+00:00,1722787200000,2024-08-04T16:00:00+00:00,0.0,501.83309565
2024-08-05 00:00:00+00:00,1722816000000,2024-08-05T00:00:00+00:00,0.0,496.94574207
2024-08-05 08:00:00+00:00,1722844800000,2024-08-05T08:00:00+00:00,0.0,439.02688884
2024-08-05 16:00:00+00:00,1722873600000,2024-08-05T16:00:00+00:00,0.0,462.02
2024-08-06 00:00:00+00:00,1722902400000,2024-08-06T00:00:00+00:00,0.0,464.17
2024-08-06 08:00:00+00:00,1722931200000,2024-08-06T08:00:00+00:00,-0.00010267,491.92
2024-08-06 16:00:00+00:00,1722960000000,2024-08-06T16:00:00+00:00,0.0,487.79
2024-08-07 00:00:00+00:00,1722988800000,2024-08-07T00:00:00+00:00,0.0,484.80756992
2024-08-07 08:00:00.001000+00:00,1723017600001,2024-08-07T08:00:00.001000+00:00,0.0,491.79
2024-08-07 16:00:00+00:00,1723046400000,2024-08-07T16:00:00+00:00,0.0,480.73
2024-08-08 00:00:00.001000+00:00,1723075200001,2024-08-08T00:00:00.001000+00:00,0.0,474.86006681
2024-08-08 08:00:00+00:00,1723104000000,2024-08-08T08:00:00+00:00,0.0,485.29
2024-08-08 16:00:00+00:00,1723132800000,2024-08-08T16:00:00+00:00,0.0,498.9
2024-08-09 00:00:00+00:00,1723161600000,2024-08-09T00:00:00+00:00,0.0,517.04
2024-08-09 08:00:00+00:00,1723190400000,2024-08-09T08:00:00+00:00,0.0,509.54780528
2024-08-09 16:00:00+00:00,1723219200000,2024-08-09T16:00:00+00:00,0.0,501.63
2024-08-10 00:00:00+00:00,1723248000000,2024-08-10T00:00:00+00:00,0.0,508.87
2024-08-10 08:00:00+00:00,1723276800000,2024-08-10T08:00:00+00:00,0.0,512.12551341
2024-08-10 16:00:00+00:00,1723305600000,2024-08-10T16:00:00+00:00,0.0,514.64863597
2024-08-11 00:00:00+00:00,1723334400000,2024-08-11T00:00:00+00:00,0.0,523.3
2024-08-11 08:00:00+00:00,1723363200000,2024-08-11T08:00:00+00:00,0.0,533.6562601
2024-08-11 16:00:00.001000+00:00,1723392000001,2024-08-11T16:00:00.001000+00:00,0.0,520.36932195
2024-08-12 00:00:00+00:00,1723420800000,2024-08-12T00:00:00+00:00,0.0,503.54152657
2024-08-12 08:00:00+00:00,1723449600000,2024-08-12T08:00:00+00:00,0.0,509.68
2024-08-12 16:00:00+00:00,1723478400000,2024-08-12T16:00:00+00:00,0.0,519.59
2024-08-13 00:00:00+00:00,1723507200000,2024-08-13T00:00:00+00:00,0.0,518.45657508
2024-08-13 08:00:00+00:00,1723536000000,2024-08-13T08:00:00+00:00,0.0,523.48319103
2024-08-13 16:00:00+00:00,1723564800000,2024-08-13T16:00:00+00:00,0.0,517.22
2024-08-14 00:00:00+00:00,1723593600000,2024-08-14T00:00:00+00:00,0.0,524.27677889
2024-08-14 08:00:00+00:00,1723622400000,2024-08-14T08:00:00+00:00,0.0,526.60641273
2024-08-14 16:00:00+00:00,1723651200000,2024-08-14T16:00:00+00:00,0.0,524.85124565
2024-08-15 00:00:00+00:00,1723680000000,2024-08-15T00:00:00+00:00,0.0,523.2117911
2024-08-15 08:00:00+00:00,1723708800000,2024-08-15T08:00:00+00:00,0.0,517.27
2024-08-15 16:00:00+00:00,1723737600000,2024-08-15T16:00:00+00:00,0.0,530.94524435
2024-08-16 00:00:00+00:00,1723766400000,2024-08-16T00:00:00+00:00,0.0,518.87
2024-08-16 08:00:00+00:00,1723795200000,2024-08-16T08:00:00+00:00,0.0,523.67
2024-08-16 16:00:00+00:00,1723824000000,2024-08-16T16:00:00+00:00,-6.462e-05,514.66
2024-08-17 00:00:00+00:00,1723852800000,2024-08-17T00:00:00+00:00,-1.124e-05,519.48448167
2024-08-17 08:00:00+00:00,1723881600000,2024-08-17T08:00:00+00:00,0.0,523.27128919
2024-08-17 16:00:00+00:00,1723910400000,2024-08-17T16:00:00+00:00,0.0,534.37321278
2024-08-18 00:00:00+00:00,1723939200000,2024-08-18T00:00:00+00:00,0.0,541.79143229
2024-08-18 08:00:00+00:00,1723968000000,2024-08-18T08:00:00+00:00,0.0,540.53352933
2024-08-18 16:00:00+00:00,1723996800000,2024-08-18T16:00:00+00:00,0.0,538.94
2024-08-19 00:00:00+00:00,1724025600000,2024-08-19T00:00:00+00:00,0.0,531.27
2024-08-19 08:00:00+00:00,1724054400000,2024-08-19T08:00:00+00:00,0.0,533.69718295
2024-08-19 16:00:00.002000+00:00,1724083200002,2024-08-19T16:00:00.002000+00:00,0.0,543.55917518
2024-08-20 00:00:00+00:00,1724112000000,2024-08-20T00:00:00+00:00,0.0,558.75717063
2024-08-20 08:00:00+00:00,1724140800000,2024-08-20T08:00:00+00:00,0.0,569.12874352
2024-08-20 16:00:00.001000+00:00,1724169600001,2024-08-20T16:00:00.001000+00:00,0.0,561.65
2024-08-21 00:00:00.001000+00:00,1724198400001,2024-08-21T00:00:00.001000+00:00,0.0,569.42129403
2024-08-21 08:00:00+00:00,1724227200000,2024-08-21T08:00:00+00:00,0.0,560.78253367
2024-08-21 16:00:00.001000+00:00,1724256000001,2024-08-21T16:00:00.001000+00:00,0.0,554.21
2024-08-22 00:00:00+00:00,1724284800000,2024-08-22T00:00:00+00:00,-8.055e-05,569.8
2024-08-22 08:00:00+00:00,1724313600000,2024-08-22T08:00:00+00:00,0.0,576.71
2024-08-22 16:00:00.008000+00:00,1724342400008,2024-08-22T16:00:00.008000+00:00,0.0,579.55
2024-08-23 00:00:00+00:00,1724371200000,2024-08-23T00:00:00+00:00,-0.00020609,582.8
2024-08-23 08:00:00+00:00,1724400000000,2024-08-23T08:00:00+00:00,-0.00016127,579.29
2024-08-23 16:00:00+00:00,1724428800000,2024-08-23T16:00:00+00:00,-0.00025172,580.37987248
2024-08-24 00:00:00+00:00,1724457600000,2024-08-24T00:00:00+00:00,-0.00033776,591.29
2024-08-24 08:00:00.005000+00:00,1724486400005,2024-08-24T08:00:00.005000+00:00,0.0,578.67143947
2024-08-24 16:00:00+00:00,1724515200000,2024-08-24T16:00:00+00:00,-0.00025018,578.21
2024-08-25 00:00:00+00:00,1724544000000,2024-08-25T00:00:00+00:00,-0.00017985,580.43395373
2024-08-25 08:00:00+00:00,1724572800000,2024-08-25T08:00:00+00:00,-0.00018285,570.66963319
2024-08-25 16:00:00+00:00,1724601600000,2024-08-25T16:00:00+00:00,0.0,574.97
2024-08-26 00:00:00+00:00,1724630400000,2024-08-26T00:00:00+00:00,-6.6e-07,573.57293456
2024-08-26 08:00:00.001000+00:00,1724659200001,2024-08-26T08:00:00.001000+00:00,0.0,561.74773519
2024-08-26 16:00:00+00:00,1724688000000,2024-08-26T16:00:00+00:00,0.0,558.38122372
2024-08-27 00:00:00.001000+00:00,1724716800001,2024-08-27T00:00:00.001000+00:00,0.0,548.1556942
2024-08-27 08:00:00+00:00,1724745600000,2024-08-27T08:00:00+00:00,0.0,555.46193364
2024-08-27 16:00:00+00:00,1724774400000,2024-08-27T16:00:00+00:00,0.0,552.06482293
2024-08-28 00:00:00+00:00,1724803200000,2024-08-28T00:00:00+00:00,0.0,533.17
2024-08-28 08:00:00+00:00,1724832000000,2024-08-28T08:00:00+00:00,0.0,532.78843596
2024-08-28 16:00:00.001000+00:00,1724860800001,2024-08-28T16:00:00.001000+00:00,0.0,533.53
2024-08-29 00:00:00+00:00,1724889600000,2024-08-29T00:00:00+00:00,0.0,536.84555883
2024-08-29 08:00:00.001000+00:00,1724918400001,2024-08-29T08:00:00.001000+00:00,0.0,541.1708458
2024-08-29 16:00:00+00:00,1724947200000,2024-08-29T16:00:00+00:00,0.0,541.34
2024-08-30 00:00:00+00:00,1724976000000,2024-08-30T00:00:00+00:00,0.0,536.41522197
2024-08-30 08:00:00+00:00,1725004800000,2024-08-30T08:00:00+00:00,0.0,533.09254382
2024-08-30 16:00:00+00:00,1725033600000,2024-08-30T16:00:00+00:00,0.0,523.35
2024-08-31 00:00:00+00:00,1725062400000,2024-08-31T00:00:00+00:00,0.0,535.0
2024-08-31 08:00:00+00:00,1725091200000,2024-08-31T08:00:00+00:00,0.0,535.72469273
2024-08-31 16:00:00+00:00,1725120000000,2024-08-31T16:00:00+00:00,0.0,535.78
2024-09-01 00:00:00+00:00,1725148800000,2024-09-01T00:00:00+00:00,0.0,532.88408468
2024-09-01 08:00:00.001000+00:00,1725177600001,2024-09-01T08:00:00.001000+00:00,0.0,521.93600986
2024-09-01 16:00:00+00:00,1725206400000,2024-09-01T16:00:00+00:00,-5.365e-05,520.41595886
2024-09-02 00:00:00.001000+00:00,1725235200001,2024-09-02T00:00:00.001000+00:00,0.0,512.22535575
2024-09-02 08:00:00.001000+00:00,1725264000001,2024-09-02T08:00:00.001000+00:00,0.0,503.25
2024-09-02 16:00:00+00:00,1725292800000,2024-09-02T16:00:00+00:00,0.0,522.16234752
2024-09-03 00:00:00+00:00,1725321600000,2024-09-03T00:00:00+00:00,0.0,526.41
2024-09-03 08:00:00.001000+00:00,1725350400001,2024-09-03T08:00:00.001000+00:00,0.0,535.07
2024-09-03 16:00:00+00:00,1725379200000,2024-09-03T16:00:00+00:00,0.0,522.17823071
2024-09-04 00:00:00+00:00,1725408000000,2024-09-04T00:00:00+00:00,0.0,518.80080162
2024-09-04 08:00:00+00:00,1725436800000,2024-09-04T08:00:00+00:00,0.0,510.33
2024-09-04 16:00:00+00:00,1725465600000,2024-09-04T16:00:00+00:00,0.0,508.89358089
2024-09-05 00:00:00+00:00,1725494400000,2024-09-05T00:00:00+00:00,0.0,507.72771199
2024-09-05 08:00:00+00:00,1725523200000,2024-09-05T08:00:00+00:00,0.0,506.72572027
2024-09-05 16:00:00.005000+00:00,1725552000005,2024-09-05T16:00:00.005000+00:00,0.0,501.47
2024-09-06 00:00:00+00:00,1725580800000,2024-09-06T00:00:00+00:00,0.0,502.48
2024-09-06 08:00:00.001000+00:00,1725609600001,2024-09-06T08:00:00.001000+00:00,0.0,501.38
2024-09-06 16:00:00+00:00,1725638400000,2024-09-06T16:00:00+00:00,0.0,492.50910173
2024-09-07 00:00:00+00:00,1725667200000,2024-09-07T00:00:00+00:00,0.0,487.04
2024-09-07 08:00:00+00:00,1725696000000,2024-09-07T08:00:00+00:00,0.0,495.12946876
2024-09-07 16:00:00+00:00,1725724800000,2024-09-07T16:00:00+00:00,0.0,497.68055301
2024-09-08 00:00:00+00:00,1725753600000,2024-09-08T00:00:00+00:00,0.0,493.37
2024-09-08 08:00:00+00:00,1725782400000,2024-09-08T08:00:00+00:00,0.0,503.02
2024-09-08 16:00:00+00:00,1725811200000,2024-09-08T16:00:00+00:00,0.0,491.61598077
2024-09-09 00:00:00+00:00,1725840000000,2024-09-09T00:00:00+00:00,0.0,503.03
2024-09-09 08:00:00+00:00,1725868800000,2024-09-09T08:00:00+00:00,0.0,506.97028064
2024-09-09 16:00:00.001000+00:00,1725897600001,2024-09-09T16:00:00.001000+00:00,0.0,506.22222695
2024-09-10 00:00:00+00:00,1725926400000,2024-09-10T00:00:00+00:00,3.94e-06,518.91
2024-09-10 08:00:00+00:00,1725955200000,2024-09-10T08:00:00+00:00,0.0,520.2338042
2024-09-10 16:00:00+00:00,1725984000000,2024-09-10T16:00:00+00:00,0.0,514.24170525
2024-09-11 00:00:00+00:00,1726012800000,2024-09-11T00:00:00+00:00,0.0,517.13803771
2024-09-11 08:00:00+00:00,1726041600000,2024-09-11T08:00:00+00:00,0.0,514.1
2024-09-11 16:00:00+00:00,1726070400000,2024-09-11T16:00:00+00:00,0.0,518.1020374
2024-09-12 00:00:00+00:00,1726099200000,2024-09-12T00:00:00+00:00,0.0,530.28962306
2024-09-12 08:00:00+00:00,1726128000000,2024-09-12T08:00:00+00:00,0.0,542.28
2024-09-12 16:00:00+00:00,1726156800000,2024-09-12T16:00:00+00:00,0.0,535.68073776
2024-09-13 00:00:00+00:00,1726185600000,2024-09-13T00:00:00+00:00,0.0,544.55726134
2024-09-13 08:00:00.001000+00:00,1726214400001,2024-09-13T08:00:00.001000+00:00,0.0,542.77116683
2024-09-13 16:00:00.001000+00:00,1726243200001,2024-09-13T16:00:00.001000+00:00,0.0,553.53
2024-09-14 00:00:00+00:00,1726272000000,2024-09-14T00:00:00+00:00,0.0,556.06144403
2024-09-14 08:00:00+00:00,1726300800000,2024-09-14T08:00:00+00:00,0.0,553.67
2024-09-14 16:00:00.001000+00:00,1726329600001,2024-09-14T16:00:00.001000+00:00,0.0,550.87162593
2024-09-15 00:00:00+00:00,1726358400000,2024-09-15T00:00:00+00:00,0.0,553.21
2024-09-15 08:00:00+00:00,1726387200000,2024-09-15T08:00:00+00:00,0.0,554.94575836
2024-09-15 16:00:00+00:00,1726416000000,2024-09-15T16:00:00+00:00,0.0,561.32
2024-09-16 00:00:00+00:00,1726444800000,2024-09-16T00:00:00+00:00,0.0,553.17228932
2024-09-16 08:00:00.001000+00:00,1726473600001,2024-09-16T08:00:00.001000+00:00,-0.00014697,550.34
2024-09-16 16:00:00+00:00,1726502400000,2024-09-16T16:00:00+00:00,-3.343e-05,534.81350481
2024-09-17 00:00:00.001000+00:00,1726531200001,2024-09-17T00:00:00.001000+00:00,-0.00015539,533.37
2024-09-17 08:00:00+00:00,1726560000000,2024-09-17T08:00:00+00:00,-9.55e-06,538.07574086
2024-09-17 16:00:00+00:00,1726588800000,2024-09-17T16:00:00+00:00,-0.00012454,549.73
2024-09-18 00:00:00+00:00,1726617600000,2024-09-18T00:00:00+00:00,-0.00011651,546.03123054
2024-09-18 08:00:00+00:00,1726646400000,2024-09-18T08:00:00+00:00,-0.00012655,545.22052203
2024-09-18 16:00:00.004000+00:00,1726675200004,2024-09-18T16:00:00.004000+00:00,-3.002e-05,537.92841105
2024-09-19 00:00:00+00:00,1726704000000,2024-09-19T00:00:00+00:00,-2.078e-05,559.28996117
2024-09-19 08:00:00+00:00,1726732800000,2024-09-19T08:00:00+00:00,0.0,556.92375324
2024-09-19 16:00:00.001000+00:00,1726761600001,2024-09-19T16:00:00.001000+00:00,-0.00035746,564.83689031
2024-09-20 00:00:00+00:00,1726790400000,2024-09-20T00:00:00+00:00,-7.39e-05,566.85
2024-09-20 08:00:00.001000+00:00,1726819200001,2024-09-20T08:00:00.001000+00:00,0.0,573.54172773
2024-09-20 16:00:00+00:00,1726848000000,2024-09-20T16:00:00+00:00,0.0,569.78
2024-09-21 00:00:00.001000+00:00,1726876800001,2024-09-21T00:00:00.001000+00:00,0.0,568.92590048
2024-09-21 08:00:00+00:00,1726905600000,2024-09-21T08:00:00+00:00,0.0,582.76142144
2024-09-21 16:00:00+00:00,1726934400000,2024-09-21T16:00:00+00:00,0.0,583.78520513
2024-09-22 00:00:00+00:00,1726963200000,2024-09-22T00:00:00+00:00,0.0,588.8467893
2024-09-22 08:00:00+00:00,1726992000000,2024-09-22T08:00:00+00:00,0.0,584.75
2024-09-22 16:00:00+00:00,1727020800000,2024-09-22T16:00:00+00:00,0.0,580.66
2024-09-23 00:00:00+00:00,1727049600000,2024-09-23T00:00:00+00:00,0.0,588.57128884
2024-09-23 08:00:00+00:00,1727078400000,2024-09-23T08:00:00+00:00,0.0,591.16
2024-09-23 16:00:00+00:00,1727107200000,2024-09-23T16:00:00+00:00,0.0,600.85
2024-09-24 00:00:00+00:00,1727136000000,2024-09-24T00:00:00+00:00,6.712e-05,604.97
2024-09-24 08:00:00+00:00,1727164800000,2024-09-24T08:00:00+00:00,0.0,602.51767169
2024-09-24 16:00:00.001000+00:00,1727193600001,2024-09-24T16:00:00.001000+00:00,0.0,606.56
2024-09-25 00:00:00+00:00,1727222400000,2024-09-25T00:00:00+00:00,0.0,605.91048274
2024-09-25 08:00:00.003000+00:00,1727251200003,2024-09-25T08:00:00.003000+00:00,0.0,596.19
2024-09-25 16:00:00+00:00,1727280000000,2024-09-25T16:00:00+00:00,0.0,593.35323807
2024-09-26 00:00:00.005000+00:00,1727308800005,2024-09-26T00:00:00.005000+00:00,0.0,587.58657782
2024-09-26 08:00:00+00:00,1727337600000,2024-09-26T08:00:00+00:00,0.0,596.2280018
2024-09-26 16:00:00+00:00,1727366400000,2024-09-26T16:00:00+00:00,0.0,601.9052617
2024-09-27 00:00:00+00:00,1727395200000,2024-09-27T00:00:00+00:00,0.0,596.41198007
2024-09-27 08:00:00+00:00,1727424000000,2024-09-27T08:00:00+00:00,0.0,604.32
2024-09-27 16:00:00+00:00,1727452800000,2024-09-27T16:00:00+00:00,0.0,609.30519655
2024-09-28 00:00:00+00:00,1727481600000,2024-09-28T00:00:00+00:00,0.0,607.27306482
2024-09-28 08:00:00.001000+00:00,1727510400001,2024-09-28T08:00:00.001000+00:00,5.223e-05,602.74
2024-09-28 16:00:00+00:00,1727539200000,2024-09-28T16:00:00+00:00,0.0,601.1453574
2024-09-29 00:00:00.001000+00:00,1727568000001,2024-09-29T00:00:00.001000+00:00,0.0,601.12
2024-09-29 08:00:00+00:00,1727596800000,2024-09-29T08:00:00+00:00,0.0,593.7481146
2024-09-29 16:00:00+00:00,1727625600000,2024-09-29T16:00:00+00:00,0.0,597.34
2024-09-30 00:00:00+00:00,1727654400000,2024-09-30T00:00:00+00:00,0.0,595.76
2024-09-30 08:00:00.001000+00:00,1727683200001,2024-09-30T08:00:00.001000+00:00,0.0,582.43509785
2024-09-30 16:00:00+00:00,1727712000000,2024-09-30T16:00:00+00:00,0.0,571.24626012
2024-10-01 00:00:00+00:00,1727740800000,2024-10-01T00:00:00+00:00,0.0,567.65
2024-10-01 08:00:00+00:00,1727769600000,2024-10-01T08:00:00+00:00,0.0,581.22
2024-10-01 16:00:00.001000+00:00,1727798400001,2024-10-01T16:00:00.001000+00:00,0.0,561.50818434
2024-10-02 00:00:00+00:00,1727827200000,2024-10-02T00:00:00+00:00,-2.629e-05,547.08959554
2024-10-02 08:00:00+00:00,1727856000000,2024-10-02T08:00:00+00:00,0.0,556.16088113
2024-10-02 16:00:00+00:00,1727884800000,2024-10-02T16:00:00+00:00,0.0,549.25
2024-10-03 00:00:00+00:00,1727913600000,2024-10-03T00:00:00+00:00,0.0,542.38616969
2024-10-03 08:00:00+00:00,1727942400000,2024-10-03T08:00:00+00:00,0.0,545.07
2024-10-03 16:00:00+00:00,1727971200000,2024-10-03T16:00:00+00:00,-0.00013994,541.10595885
2024-10-04 00:00:00+00:00,1728000000000,2024-10-04T00:00:00+00:00,0.0,544.64
2024-10-04 08:00:00+00:00,1728028800000,2024-10-04T08:00:00+00:00,0.0,550.54
2024-10-04 16:00:00.001000+00:00,1728057600001,2024-10-04T16:00:00.001000+00:00,0.0,553.36
2024-10-05 00:00:00+00:00,1728086400000,2024-10-05T00:00:00+00:00,0.0,555.31102073
2024-10-05 08:00:00+00:00,1728115200000,2024-10-05T08:00:00+00:00,0.0,561.64
2024-10-05 16:00:00+00:00,1728144000000,2024-10-05T16:00:00+00:00,0.0,564.32693288
2024-10-06 00:00:00+00:00,1728172800000,2024-10-06T00:00:00+00:00,0.0,563.02553886
2024-10-06 08:00:00.001000+00:00,1728201600001,2024-10-06T08:00:00.001000+00:00,0.0,562.67
2024-10-06 16:00:00+00:00,1728230400000,2024-10-06T16:00:00+00:00,0.0,567.28
2024-10-07 00:00:00+00:00,1728259200000,2024-10-07T00:00:00+00:00,0.0,570.26
2024-10-07 08:00:00+00:00,1728288000000,2024-10-07T08:00:00+00:00,0.0,575.79161945
2024-10-07 16:00:00.001000+00:00,1728316800001,2024-10-07T16:00:00.001000+00:00,0.0,575.67620018
2024-10-08 00:00:00+00:00,1728345600000,2024-10-08T00:00:00+00:00,0.0,564.31894162
2024-10-08 08:00:00+00:00,1728374400000,2024-10-08T08:00:00+00:00,0.0,563.39712867
2024-10-08 16:00:00+00:00,1728403200000,2024-10-08T16:00:00+00:00,0.0,577.64
2024-10-09 00:00:00+00:00,1728432000000,2024-10-09T00:00:00+00:00,-0.00037285,579.97215018
2024-10-09 08:00:00+00:00,1728460800000,2024-10-09T08:00:00+00:00,-0.00055575,581.64
2024-10-09 16:00:00+00:00,1728489600000,2024-10-09T16:00:00+00:00,-0.00031397,580.78
2024-10-10 00:00:00+00:00,1728518400000,2024-10-10T00:00:00+00:00,-7.384e-05,570.35
2024-10-10 08:00:00+00:00,1728547200000,2024-10-10T08:00:00+00:00,-9.86e-05,569.7
2024-10-10 16:00:00+00:00,1728576000000,2024-10-10T16:00:00+00:00,-0.0001291,565.12
2024-10-11 00:00:00+00:00,1728604800000,2024-10-11T00:00:00+00:00,-0.00015143,563.63
2024-10-11 08:00:00+00:00,1728633600000,2024-10-11T08:00:00+00:00,0.0,560.51
2024-10-11 16:00:00.001000+00:00,1728662400001,2024-10-11T16:00:00.001000+00:00,0.0,571.93964794
2024-10-12 00:00:00+00:00,1728691200000,2024-10-12T00:00:00+00:00,0.0,573.65323902
2024-10-12 08:00:00.001000+00:00,1728720000001,2024-10-12T08:00:00.001000+00:00,0.0,575.35
2024-10-12 16:00:00+00:00,1728748800000,2024-10-12T16:00:00+00:00,0.0,575.96572518
2024-10-13 00:00:00+00:00,1728777600000,2024-10-13T00:00:00+00:00,0.0,576.52800325
2024-10-13 08:00:00+00:00,1728806400000,2024-10-13T08:00:00+00:00,0.0,574.23474098
2024-10-13 16:00:00+00:00,1728835200000,2024-10-13T16:00:00+00:00,0.0,566.86274181
2024-10-14 00:00:00+00:00,1728864000000,2024-10-14T00:00:00+00:00,0.0,572.21
2024-10-14 08:00:00+00:00,1728892800000,2024-10-14T08:00:00+00:00,0.0,580.576294
2024-10-14 16:00:00+00:00,1728921600000,2024-10-14T16:00:00+00:00,0.0,588.2
2024-10-15 00:00:00+00:00,1728950400000,2024-10-15T00:00:00+00:00,0.0,589.27185869
2024-10-15 08:00:00+00:00,1728979200000,2024-10-15T08:00:00+00:00,6.46e-05,585.03
2024-10-15 16:00:00+00:00,1729008000000,2024-10-15T16:00:00+00:00,1.914e-05,589.6
2024-10-16 00:00:00+00:00,1729036800000,2024-10-16T00:00:00+00:00,6.645e-05,594.89
2024-10-16 08:00:00.001000+00:00,1729065600001,2024-10-16T08:00:00.001000+00:00,3.157e-05,591.42137403
2024-10-16 16:00:00+00:00,1729094400000,2024-10-16T16:00:00+00:00,0.0,595.45408312
2024-10-17 00:00:00+00:00,1729123200000,2024-10-17T00:00:00+00:00,0.0,601.13
2024-10-17 08:00:00+00:00,1729152000000,2024-10-17T08:00:00+00:00,0.0,597.17408589
2024-10-17 16:00:00.001000+00:00,1729180800001,2024-10-17T16:00:00.001000+00:00,0.0,594.12
2024-10-18 00:00:00.010000+00:00,1729209600010,2024-10-18T00:00:00.010000+00:00,0.0,592.83
2024-10-18 08:00:00.001000+00:00,1729238400001,2024-10-18T08:00:00.001000+00:00,0.0,597.89
2024-10-18 16:00:00+00:00,1729267200000,2024-10-18T16:00:00+00:00,0.0,600.71242367
2024-10-19 00:00:00+00:00,1729296000000,2024-10-19T00:00:00+00:00,0.0,599.03
2024-10-19 08:00:00+00:00,1729324800000,2024-10-19T08:00:00+00:00,0.0,597.75097504
2024-10-19 16:00:00+00:00,1729353600000,2024-10-19T16:00:00+00:00,0.0,596.84905599
2024-10-20 00:00:00+00:00,1729382400000,2024-10-20T00:00:00+00:00,0.0,597.90733105
2024-10-20 08:00:00+00:00,1729411200000,2024-10-20T08:00:00+00:00,0.0,597.58474943
2024-10-20 16:00:00+00:00,1729440000000,2024-10-20T16:00:00+00:00,0.0,599.21
2024-10-21 00:00:00+00:00,1729468800000,2024-10-21T00:00:00+00:00,0.0,606.28
2024-10-21 08:00:00+00:00,1729497600000,2024-10-21T08:00:00+00:00,0.00016124,609.29
2024-10-21 16:00:00+00:00,1729526400000,2024-10-21T16:00:00+00:00,0.0,595.97
2024-10-22 00:00:00+00:00,1729555200000,2024-10-22T00:00:00+00:00,0.0,598.73
2024-10-22 08:00:00+00:00,1729584000000,2024-10-22T08:00:00+00:00,0.0,595.20918031
2024-10-22 16:00:00+00:00,1729612800000,2024-10-22T16:00:00+00:00,0.0,596.70756835
2024-10-23 00:00:00+00:00,1729641600000,2024-10-23T00:00:00+00:00,0.0,593.79418906
2024-10-23 08:00:00+00:00,1729670400000,2024-10-23T08:00:00+00:00,0.0,584.14041084
2024-10-23 16:00:00+00:00,1729699200000,2024-10-23T16:00:00+00:00,0.0,579.61335426
2024-10-24 00:00:00+00:00,1729728000000,2024-10-24T00:00:00+00:00,0.0,584.93149803
2024-10-24 08:00:00+00:00,1729756800000,2024-10-24T08:00:00+00:00,0.0,590.73157116
2024-10-24 16:00:00+00:00,1729785600000,2024-10-24T16:00:00+00:00,0.0,592.49
2024-10-25 00:00:00+00:00,1729814400000,2024-10-25T00:00:00+00:00,0.0,594.65
2024-10-25 08:00:00+00:00,1729843200000,2024-10-25T08:00:00+00:00,0.0,588.59
2024-10-25 16:00:00+00:00,1729872000000,2024-10-25T16:00:00+00:00,0.0,589.78011531
2024-10-26 00:00:00+00:00,1729900800000,2024-10-26T00:00:00+00:00,0.0,574.75267614
2024-10-26 08:00:00.001000+00:00,1729929600001,2024-10-26T08:00:00.001000+00:00,0.0,579.81
2024-10-26 16:00:00+00:00,1729958400000,2024-10-26T16:00:00+00:00,0.0,580.83148221
2024-10-27 00:00:00+00:00,1729987200000,2024-10-27T00:00:00+00:00,0.0,583.35270541
2024-10-27 08:00:00+00:00,1730016000000,2024-10-27T08:00:00+00:00,0.0,584.82191064
2024-10-27 16:00:00+00:00,1730044800000,2024-10-27T16:00:00+00:00,0.0,587.4
2024-10-28 00:00:00+00:00,1730073600000,2024-10-28T00:00:00+00:00,0.0,589.27130757
2024-10-28 08:00:00.001000+00:00,1730102400001,2024-10-28T08:00:00.001000+00:00,0.0,591.60952314
2024-10-28 16:00:00+00:00,1730131200000,2024-10-28T16:00:00+00:00,0.0,590.59192725
2024-10-29 00:00:00+00:00,1730160000000,2024-10-29T00:00:00+00:00,0.0,601.30818749
2024-10-29 08:00:00+00:00,1730188800000,2024-10-29T08:00:00+00:00,4.545e-05,604.47745307
2024-10-29 16:00:00.004000+00:00,1730217600004,2024-10-29T16:00:00.004000+00:00,0.0,610.48188115
2024-10-30 00:00:00+00:00,1730246400000,2024-10-30T00:00:00+00:00,0.0002239,606.71
2024-10-30 08:00:00+00:00,1730275200000,2024-10-30T08:00:00+00:00,0.00014298,602.5
2024-10-30 16:00:00.013000+00:00,1730304000013,2024-10-30T16:00:00.013000+00:00,0.0,597.32
2024-10-31 00:00:00+00:00,1730332800000,2024-10-31T00:00:00+00:00,7.648e-05,595.9
2024-10-31 08:00:00+00:00,1730361600000,2024-10-31T08:00:00+00:00,3.528e-05,588.13
2024-10-31 16:00:00+00:00,1730390400000,2024-10-31T16:00:00+00:00,0.0,580.58055788
2024-11-01 00:00:00+00:00,1730419200000,2024-11-01T00:00:00+00:00,0.0,576.64920029
2024-11-01 08:00:00+00:00,1730448000000,2024-11-01T08:00:00+00:00,0.0,574.76409095
2024-11-01 16:00:00+00:00,1730476800000,2024-11-01T16:00:00+00:00,0.0,571.71
2024-11-02 00:00:00+00:00,1730505600000,2024-11-02T00:00:00+00:00,0.0,572.92
2024-11-02 08:00:00+00:00,1730534400000,2024-11-02T08:00:00+00:00,0.0,576.2245528
2024-11-02 16:00:00+00:00,1730563200000,2024-11-02T16:00:00+00:00,0.0,566.47
2024-11-03 00:00:00+00:00,1730592000000,2024-11-03T00:00:00+00:00,0.0,568.58
2024-11-03 08:00:00+00:00,1730620800000,2024-11-03T08:00:00+00:00,0.0,563.64206705
2024-11-03 16:00:00+00:00,1730649600000,2024-11-03T16:00:00+00:00,0.0,551.79666095
2024-11-04 00:00:00+00:00,1730678400000,2024-11-04T00:00:00+00:00,0.0,557.76833979
2024-11-04 08:00:00+00:00,1730707200000,2024-11-04T08:00:00+00:00,0.0,558.80348077
2024-11-04 16:00:00+00:00,1730736000000,2024-11-04T16:00:00+00:00,0.0,559.56602906
2024-11-05 00:00:00+00:00,1730764800000,2024-11-05T00:00:00+00:00,0.0,552.51
2024-11-05 08:00:00.003000+00:00,1730793600003,2024-11-05T08:00:00.003000+00:00,0.0,560.66082163
2024-11-05 16:00:00.001000+00:00,1730822400001,2024-11-05T16:00:00.001000+00:00,0.0,564.36928256
2024-11-06 00:00:00+00:00,1730851200000,2024-11-06T00:00:00+00:00,0.0,563.29
2024-11-06 08:00:00+00:00,1730880000000,2024-11-06T08:00:00+00:00,2.834e-05,584.23523112
2024-11-06 16:00:00+00:00,1730908800000,2024-11-06T16:00:00+00:00,7.705e-05,583.47
2024-11-07 00:00:00+00:00,1730937600000,2024-11-07T00:00:00+00:00,4.19e-05,592.62
2024-11-07 08:00:00+00:00,1730966400000,2024-11-07T08:00:00+00:00,0.00027164,596.15
2024-11-07 16:00:00+00:00,1730995200000,2024-11-07T16:00:00+00:00,9.543e-05,598.19
2024-11-08 00:00:00+00:00,1731024000000,2024-11-08T00:00:00+00:00,0.00013806,598.71335042
2024-11-08 08:00:00+00:00,1731052800000,2024-11-08T08:00:00+00:00,0.00012525,599.45
2024-11-08 16:00:00+00:00,1731081600000,2024-11-08T16:00:00+00:00,0.00012741,597.75610454
2024-11-09 00:00:00+00:00,1731110400000,2024-11-09T00:00:00+00:00,0.00014585,598.17928844
2024-11-09 08:00:00+00:00,1731139200000,2024-11-09T08:00:00+00:00,0.00018785,629.50170943
2024-11-09 16:00:00+00:00,1731168000000,2024-11-09T16:00:00+00:00,0.00015914,617.34674093
2024-11-10 00:00:00+00:00,1731196800000,2024-11-10T00:00:00+00:00,9.947e-05,625.04038216
2024-11-10 08:00:00+00:00,1731225600000,2024-11-10T08:00:00+00:00,0.00029165,629.88
2024-11-10 16:00:00+00:00,1731254400000,2024-11-10T16:00:00+00:00,0.00039432,640.54
2024-11-11 00:00:00.001000+00:00,1731283200001,2024-11-11T00:00:00.001000+00:00,0.00025293,627.85
2024-11-11 08:00:00+00:00,1731312000000,2024-11-11T08:00:00+00:00,0.00019878,616.38262162
2024-11-11 16:00:00+00:00,1731340800000,2024-11-11T16:00:00+00:00,0.00021978,626.38071012
2024-11-12 00:00:00.002000+00:00,1731369600002,2024-11-12T00:00:00.002000+00:00,0.0004155,660.53
2024-11-12 08:00:00+00:00,1731398400000,2024-11-12T08:00:00+00:00,0.00042666,649.03189263
2024-11-12 16:00:00+00:00,1731427200000,2024-11-12T16:00:00+00:00,0.00029213,625.90335488
2024-11-13 00:00:00+00:00,1731456000000,2024-11-13T00:00:00+00:00,0.00015032,625.71406104
2024-11-13 08:00:00.010000+00:00,1731484800010,2024-11-13T08:00:00.010000+00:00,9.601e-05,607.97501253
2024-11-13 16:00:00+00:00,1731513600000,2024-11-13T16:00:00+00:00,0.0001672,629.58
2024-11-14 00:00:00.001000+00:00,1731542400001,2024-11-14T00:00:00.001000+00:00,0.00010701,621.18
2024-11-14 08:00:00+00:00,1731571200000,2024-11-14T08:00:00+00:00,0.00015621,660.15999798
2024-11-14 16:00:00+00:00,1731600000000,2024-11-14T16:00:00+00:00,0.0,628.5901503
2024-11-15 00:00:00+00:00,1731628800000,2024-11-15T00:00:00+00:00,2.259e-05,622.52678859
2024-11-15 08:00:00+00:00,1731657600000,2024-11-15T08:00:00+00:00,0.0,615.66
2024-11-15 16:00:00+00:00,1731686400000,2024-11-15T16:00:00+00:00,0.0,606.88361864
2024-11-16 00:00:00.001000+00:00,1731715200001,2024-11-16T00:00:00.001000+00:00,0.0,619.61485055
2024-11-16 08:00:00.001000+00:00,1731744000001,2024-11-16T08:00:00.001000+00:00,0.00014634,623.68
2024-11-16 16:00:00+00:00,1731772800000,2024-11-16T16:00:00+00:00,0.00011027,623.60820572
2024-11-17 00:00:00+00:00,1731801600000,2024-11-17T00:00:00+00:00,0.00010792,623.09480155
2024-11-17 08:00:00+00:00,1731830400000,2024-11-17T08:00:00+00:00,0.0,639.04860683
2024-11-17 16:00:00.001000+00:00,1731859200001,2024-11-17T16:00:00.001000+00:00,6.84e-06,625.15
2024-11-18 00:00:00+00:00,1731888000000,2024-11-18T00:00:00+00:00,0.0,618.97428819
2024-11-18 08:00:00+00:00,1731916800000,2024-11-18T08:00:00+00:00,7.4e-06,626.94151179
2024-11-18 16:00:00+00:00,1731945600000,2024-11-18T16:00:00+00:00,0.0,624.69062353
2024-11-19 00:00:00+00:00,1731974400000,2024-11-19T00:00:00+00:00,0.00010006,619.46
2024-11-19 08:00:00+00:00,1732003200000,2024-11-19T08:00:00+00:00,0.00020322,618.01
2024-11-19 16:00:00+00:00,1732032000000,2024-11-19T16:00:00+00:00,0.00021252,615.51
2024-11-20 00:00:00.003000+00:00,1732060800003,2024-11-20T00:00:00.003000+00:00,0.00017739,615.93
2024-11-20 08:00:00+00:00,1732089600000,2024-11-20T08:00:00+00:00,0.00015552,613.24495715
2024-11-20 16:00:00+00:00,1732118400000,2024-11-20T16:00:00+00:00,0.00013045,615.62
2024-11-21 00:00:00.001000+00:00,1732147200001,2024-11-21T00:00:00.001000+00:00,7.61e-05,605.78
2024-11-21 08:00:00+00:00,1732176000000,2024-11-21T08:00:00+00:00,0.0001129,612.85950585
2024-11-21 16:00:00.001000+00:00,1732204800001,2024-11-21T16:00:00.001000+00:00,0.00018601,617.04699908
2024-11-22 00:00:00+00:00,1732233600000,2024-11-22T00:00:00+00:00,0.00026039,622.33
2024-11-22 08:00:00+00:00,1732262400000,2024-11-22T08:00:00+00:00,0.00022074,627.64
2024-11-22 16:00:00.001000+00:00,1732291200001,2024-11-22T16:00:00.001000+00:00,0.00025697,624.95
2024-11-23 00:00:00+00:00,1732320000000,2024-11-23T00:00:00+00:00,0.00025849,633.51
2024-11-23 08:00:00+00:00,1732348800000,2024-11-23T08:00:00+00:00,0.00031409,664.59
2024-11-23 16:00:00+00:00,1732377600000,2024-11-23T16:00:00+00:00,0.00026825,670.13086133
2024-11-24 00:00:00.001000+00:00,1732406400001,2024-11-24T00:00:00.001000+00:00,0.00027182,650.81503322
2024-11-24 08:00:00+00:00,1732435200000,2024-11-24T08:00:00+00:00,0.00023194,673.32
2024-11-24 16:00:00+00:00,1732464000000,2024-11-24T16:00:00+00:00,0.00027586,643.01056309
2024-11-25 00:00:00+00:00,1732492800000,2024-11-25T00:00:00+00:00,0.00016463,660.22
2024-11-25 08:00:00+00:00,1732521600000,2024-11-25T08:00:00+00:00,0.00023382,661.73
2024-11-25 16:00:00+00:00,1732550400000,2024-11-25T16:00:00+00:00,0.00017218,649.0849759
2024-11-26 00:00:00+00:00,1732579200000,2024-11-26T00:00:00+00:00,0.00019876,636.58882881
2024-11-26 08:00:00+00:00,1732608000000,2024-11-26T08:00:00+00:00,0.00021015,641.97
2024-11-26 16:00:00+00:00,1732636800000,2024-11-26T16:00:00+00:00,0.00013059,614.43
2024-11-27 00:00:00+00:00,1732665600000,2024-11-27T00:00:00+00:00,0.00014198,613.94
2024-11-27 08:00:00+00:00,1732694400000,2024-11-27T08:00:00+00:00,0.0001679,622.47
2024-11-27 16:00:00.001000+00:00,1732723200001,2024-11-27T16:00:00.001000+00:00,0.00018095,636.96
2024-11-28 00:00:00+00:00,1732752000000,2024-11-28T00:00:00+00:00,0.00025048,644.66
2024-11-28 08:00:00+00:00,1732780800000,2024-11-28T08:00:00+00:00,0.00029079,650.38394998
2024-11-28 16:00:00+00:00,1732809600000,2024-11-28T16:00:00+00:00,0.00016874,646.73698806
2024-11-29 00:00:00+00:00,1732838400000,2024-11-29T00:00:00+00:00,0.00025917,654.33
2024-11-29 08:00:00+00:00,1732867200000,2024-11-29T08:00:00+00:00,0.00017784,650.19758561
2024-11-29 16:00:00+00:00,1732896000000,2024-11-29T16:00:00+00:00,0.00023522,660.09802074
2024-11-30 00:00:00+00:00,1732924800000,2024-11-30T00:00:00+00:00,0.00025161,655.08695713
2024-11-30 08:00:00+00:00,1732953600000,2024-11-30T08:00:00+00:00,0.00028198,673.66469574
2024-11-30 16:00:00+00:00,1732982400000,2024-11-30T16:00:00+00:00,0.00017695,656.65
2024-12-01 00:00:00+00:00,1733011200000,2024-12-01T00:00:00+00:00,0.00020315,653.88
2024-12-01 08:00:00+00:00,1733040000000,2024-12-01T08:00:00+00:00,0.00023081,651.55979249
2024-12-01 16:00:00+00:00,1733068800000,2024-12-01T16:00:00+00:00,0.00025892,662.74143169
2024-12-02 00:00:00.001000+00:00,1733097600001,2024-12-02T00:00:00.001000+00:00,0.00034152,656.57138441
2024-12-02 08:00:00.001000+00:00,1733126400001,2024-12-02T08:00:00.001000+00:00,0.00025785,647.27
2024-12-02 16:00:00+00:00,1733155200000,2024-12-02T16:00:00+00:00,0.00031152,650.29
2024-12-03 00:00:00+00:00,1733184000000,2024-12-03T00:00:00+00:00,0.00036686,648.3
2024-12-03 08:00:00+00:00,1733212800000,2024-12-03T08:00:00+00:00,0.00043533,648.59
2024-12-03 16:00:00+00:00,1733241600000,2024-12-03T16:00:00+00:00,0.0002647,643.12304368
2024-12-04 00:00:00+00:00,1733270400000,2024-12-04T00:00:00+00:00,0.00027322,735.59442917
2024-12-04 08:00:00+00:00,1733299200000,2024-12-04T08:00:00+00:00,0.00025819,765.25
2024-12-04 16:00:00+00:00,1733328000000,2024-12-04T16:00:00+00:00,0.00030723,756.90560687
2024-12-05 00:00:00.001000+00:00,1733356800001,2024-12-05T00:00:00.001000+00:00,0.00042947,740.43289727
2024-12-05 08:00:00+00:00,1733385600000,2024-12-05T08:00:00+00:00,0.00038805,729.88
2024-12-05 16:00:00+00:00,1733414400000,2024-12-05T16:00:00+00:00,0.00034913,724.84
2024-12-06 00:00:00+00:00,1733443200000,2024-12-06T00:00:00+00:00,0.00028199,717.76
2024-12-06 08:00:00+00:00,1733472000000,2024-12-06T08:00:00+00:00,0.00024535,725.94751228
2024-12-06 16:00:00+00:00,1733500800000,2024-12-06T16:00:00+00:00,0.00018233,733.36
2024-12-07 00:00:00+00:00,1733529600000,2024-12-07T00:00:00+00:00,0.00033562,730.75
2024-12-07 08:00:00+00:00,1733558400000,2024-12-07T08:00:00+00:00,0.00024332,739.18335461
2024-12-07 16:00:00+00:00,1733587200000,2024-12-07T16:00:00+00:00,0.00029675,755.8
2024-12-08 00:00:00+00:00,1733616000000,2024-12-08T00:00:00+00:00,0.00019104,750.34
2024-12-08 08:00:00+00:00,1733644800000,2024-12-08T08:00:00+00:00,0.00025929,747.53
2024-12-08 16:00:00+00:00,1733673600000,2024-12-08T16:00:00+00:00,0.00012175,740.65
2024-12-09 00:00:00+00:00,1733702400000,2024-12-09T00:00:00+00:00,0.0002588,742.45400469
2024-12-09 08:00:00+00:00,1733731200000,2024-12-09T08:00:00+00:00,0.00017589,720.92641065
2024-12-09 16:00:00.001000+00:00,1733760000001,2024-12-09T16:00:00.001000+00:00,0.00021516,715.75
2024-12-10 00:00:00.007000+00:00,1733788800007,2024-12-10T00:00:00.007000+00:00,0.0,689.59
2024-12-10 08:00:00+00:00,1733817600000,2024-12-10T08:00:00+00:00,9.225e-05,693.32
2024-12-10 16:00:00+00:00,1733846400000,2024-12-10T16:00:00+00:00,5.529e-05,657.71148755
2024-12-11 00:00:00+00:00,1733875200000,2024-12-11T00:00:00+00:00,7.477e-05,677.23
2024-12-11 08:00:00+00:00,1733904000000,2024-12-11T08:00:00+00:00,6.03e-05,677.82682812
2024-12-11 16:00:00.001000+00:00,1733932800001,2024-12-11T16:00:00.001000+00:00,7.029e-05,695.48
2024-12-12 00:00:00.001000+00:00,1733961600001,2024-12-12T00:00:00.001000+00:00,8.003e-05,711.64952694
2024-12-12 08:00:00+00:00,1733990400000,2024-12-12T08:00:00+00:00,3.327e-05,715.12098289
2024-12-12 16:00:00.001000+00:00,1734019200001,2024-12-12T16:00:00.001000+00:00,1.34e-05,714.88965642
2024-12-13 00:00:00+00:00,1734048000000,2024-12-13T00:00:00+00:00,8.474e-05,706.18
2024-12-13 08:00:00+00:00,1734076800000,2024-12-13T08:00:00+00:00,0.00010016,701.95811765
2024-12-13 16:00:00.001000+00:00,1734105600001,2024-12-13T16:00:00.001000+00:00,0.0,708.78349004
2024-12-14 00:00:00+00:00,1734134400000,2024-12-14T00:00:00+00:00,0.0,725.73143615
2024-12-14 08:00:00+00:00,1734163200000,2024-12-14T08:00:00+00:00,0.0,728.26
2024-12-14 16:00:00+00:00,1734192000000,2024-12-14T16:00:00+00:00,0.0,715.05881389
2024-12-15 00:00:00+00:00,1734220800000,2024-12-15T00:00:00+00:00,0.0,715.59292069
2024-12-15 08:00:00+00:00,1734249600000,2024-12-15T08:00:00+00:00,0.0,706.53
2024-12-15 16:00:00+00:00,1734278400000,2024-12-15T16:00:00+00:00,0.0,716.79323206
2024-12-16 00:00:00+00:00,1734307200000,2024-12-16T00:00:00+00:00,0.0,719.38926714
2024-12-16 08:00:00.001000+00:00,1734336000001,2024-12-16T08:00:00.001000+00:00,0.0001529,715.99
2024-12-16 16:00:00+00:00,1734364800000,2024-12-16T16:00:00+00:00,0.00010698,718.95
2024-12-17 00:00:00+00:00,1734393600000,2024-12-17T00:00:00+00:00,0.00013724,721.00086209
2024-12-17 08:00:00+00:00,1734422400000,2024-12-17T08:00:00+00:00,6.707e-05,716.56425388
2024-12-17 16:00:00+00:00,1734451200000,2024-12-17T16:00:00+00:00,7.89e-05,730.62373025
2024-12-18 00:00:00+00:00,1734480000000,2024-12-18T00:00:00+00:00,2.2e-05,717.79069439
2024-12-18 08:00:00+00:00,1734508800000,2024-12-18T08:00:00+00:00,0.0,713.48
2024-12-18 16:00:00+00:00,1734537600000,2024-12-18T16:00:00+00:00,1.563e-05,713.26
2024-12-19 00:00:00+00:00,1734566400000,2024-12-19T00:00:00+00:00,0.0,686.44
2024-12-19 08:00:00+00:00,1734595200000,2024-12-19T08:00:00+00:00,0.0,701.78
2024-12-19 16:00:00+00:00,1734624000000,2024-12-19T16:00:00+00:00,0.0,689.96781728
2024-12-20 00:00:00+00:00,1734652800000,2024-12-20T00:00:00+00:00,0.0,665.41627848
2024-12-20 08:00:00.001000+00:00,1734681600001,2024-12-20T08:00:00.001000+00:00,0.0,672.49939241
2024-12-20 16:00:00.014000+00:00,1734710400014,2024-12-20T16:00:00.014000+00:00,-1.1e-05,665.96220226
2024-12-21 00:00:00+00:00,1734739200000,2024-12-21T00:00:00+00:00,0.0,678.35140469
2024-12-21 08:00:00+00:00,1734768000000,2024-12-21T08:00:00+00:00,0.0,689.19
2024-12-21 16:00:00.001000+00:00,1734796800001,2024-12-21T16:00:00.001000+00:00,0.0,667.64748967
2024-12-22 00:00:00+00:00,1734825600000,2024-12-22T00:00:00+00:00,0.0,663.60098435
2024-12-22 08:00:00+00:00,1734854400000,2024-12-22T08:00:00+00:00,0.0,658.99
2024-12-22 16:00:00+00:00,1734883200000,2024-12-22T16:00:00+00:00,0.0,656.95106277
2024-12-23 00:00:00+00:00,1734912000000,2024-12-23T00:00:00+00:00,0.0,649.77461308
2024-12-23 08:00:00+00:00,1734940800000,2024-12-23T08:00:00+00:00,0.0,662.32339471
2024-12-23 16:00:00.001000+00:00,1734969600001,2024-12-23T16:00:00.001000+00:00,-0.00011832,671.15
2024-12-24 00:00:00+00:00,1734998400000,2024-12-24T00:00:00+00:00,-0.00024217,693.95
2024-12-24 08:00:00+00:00,1735027200000,2024-12-24T08:00:00+00:00,-0.00012634,692.62
2024-12-24 16:00:00.001000+00:00,1735056000001,2024-12-24T16:00:00.001000+00:00,0.0,694.92541851
2024-12-25 00:00:00.001000+00:00,1735084800001,2024-12-25T00:00:00.001000+00:00,-8.695e-05,696.63
2024-12-25 08:00:00+00:00,1735113600000,2024-12-25T08:00:00+00:00,0.0,702.05
2024-12-25 16:00:00+00:00,1735142400000,2024-12-25T16:00:00+00:00,0.0,703.36703746
2024-12-26 00:00:00+00:00,1735171200000,2024-12-26T00:00:00+00:00,-8.85e-06,702.16
2024-12-26 08:00:00+00:00,1735200000000,2024-12-26T08:00:00+00:00,0.0,706.3
2024-12-26 16:00:00+00:00,1735228800000,2024-12-26T16:00:00+00:00,-0.00031562,691.17036069
2024-12-27 00:00:00+00:00,1735257600000,2024-12-27T00:00:00+00:00,-0.00016697,688.83420385
2024-12-27 08:00:00+00:00,1735286400000,2024-12-27T08:00:00+00:00,-0.00011848,692.13181981
2024-12-27 16:00:00+00:00,1735315200000,2024-12-27T16:00:00+00:00,0.0,688.61520801
2024-12-28 00:00:00.001000+00:00,1735344000001,2024-12-28T00:00:00.001000+00:00,0.0,691.49
2024-12-28 08:00:00+00:00,1735372800000,2024-12-28T08:00:00+00:00,0.0,695.95214864
2024-12-28 16:00:00+00:00,1735401600000,2024-12-28T16:00:00+00:00,0.0,721.02
2024-12-29 00:00:00+00:00,1735430400000,2024-12-29T00:00:00+00:00,0.0,722.16223484
2024-12-29 08:00:00+00:00,1735459200000,2024-12-29T08:00:00+00:00,0.0,715.95687793
2024-12-29 16:00:00+00:00,1735488000000,2024-12-29T16:00:00+00:00,0.0,710.23866775
2024-12-30 00:00:00+00:00,1735516800000,2024-12-30T00:00:00+00:00,0.0,694.49
2024-12-30 08:00:00.001000+00:00,1735545600001,2024-12-30T08:00:00.001000+00:00,-7.761e-05,697.26310192
2024-12-30 16:00:00+00:00,1735574400000,2024-12-30T16:00:00+00:00,0.0,694.5186923
2024-12-31 00:00:00+00:00,1735603200000,2024-12-31T00:00:00+00:00,0.0,704.76
2024-12-31 08:00:00+00:00,1735632000000,2024-12-31T08:00:00+00:00,-1.412e-05,700.97
2024-12-31 16:00:00+00:00,1735660800000,2024-12-31T16:00:00+00:00,-3.674e-05,710.31
2025-01-01 00:00:00.015000+00:00,1735689600015,2025-01-01T00:00:00.015000+00:00,0.0,702.1580079
2025-01-01 08:00:00+00:00,1735718400000,2025-01-01T08:00:00+00:00,0.0,703.63
2025-01-01 16:00:00.001000+00:00,1735747200001,2025-01-01T16:00:00.001000+00:00,0.0,707.81
2025-01-02 00:00:00+00:00,1735776000000,2025-01-02T00:00:00+00:00,-0.0001709,707.42
2025-01-02 08:00:00.006000+00:00,1735804800006,2025-01-02T08:00:00.006000+00:00,0.0,706.69552002
2025-01-02 16:00:00+00:00,1735833600000,2025-01-02T16:00:00+00:00,0.0,704.54380344
2025-01-03 00:00:00+00:00,1735862400000,2025-01-03T00:00:00+00:00,0.0,706.11
2025-01-03 08:00:00+00:00,1735891200000,2025-01-03T08:00:00+00:00,0.0,700.62545543
2025-01-03 16:00:00+00:00,1735920000000,2025-01-03T16:00:00+00:00,0.0,710.18335097
2025-01-04 00:00:00+00:00,1735948800000,2025-01-04T00:00:00+00:00,0.0,715.19096039
2025-01-04 08:00:00+00:00,1735977600000,2025-01-04T08:00:00+00:00,0.0,718.11
2025-01-04 16:00:00+00:00,1736006400000,2025-01-04T16:00:00+00:00,0.0,709.41406289
2025-01-05 00:00:00+00:00,1736035200000,2025-01-05T00:00:00+00:00,0.0,713.38
2025-01-05 08:00:00+00:00,1736064000000,2025-01-05T08:00:00+00:00,0.0,712.47834271
2025-01-05 16:00:00+00:00,1736092800000,2025-01-05T16:00:00+00:00,0.0,708.21
2025-01-06 00:00:00+00:00,1736121600000,2025-01-06T00:00:00+00:00,0.0,709.24275227
2025-01-06 08:00:00.001000+00:00,1736150400001,2025-01-06T08:00:00.001000+00:00,0.0,714.53667472
2025-01-06 16:00:00+00:00,1736179200000,2025-01-06T16:00:00+00:00,0.0,725.7893221
2025-01-07 00:00:00+00:00,1736208000000,2025-01-07T00:00:00+00:00,9.183e-05,729.81
2025-01-07 08:00:00+00:00,1736236800000,2025-01-07T08:00:00+00:00,0.0,729.97
2025-01-07 16:00:00.008000+00:00,1736265600008,2025-01-07T16:00:00.008000+00:00,-7.515e-05,707.81716668
2025-01-08 00:00:00.001000+00:00,1736294400001,2025-01-08T00:00:00.001000+00:00,-0.00097361,697.24353436
2025-01-08 08:00:00+00:00,1736323200000,2025-01-08T08:00:00+00:00,-0.00038843,693.5495683
2025-01-08 16:00:00+00:00,1736352000000,2025-01-08T16:00:00+00:00,-5.393e-05,693.17
2025-01-09 00:00:00+00:00,1736380800000,2025-01-09T00:00:00+00:00,-0.00020205,695.51270904
2025-01-09 08:00:00+00:00,1736409600000,2025-01-09T08:00:00+00:00,-2.644e-05,690.29
2025-01-09 16:00:00+00:00,1736438400000,2025-01-09T16:00:00+00:00,-6.041e-05,696.51
2025-01-10 00:00:00+00:00,1736467200000,2025-01-10T00:00:00+00:00,-0.00046329,684.89
2025-01-10 08:00:00+00:00,1736496000000,2025-01-10T08:00:00+00:00,-0.00028026,695.17
2025-01-10 16:00:00+00:00,1736524800000,2025-01-10T16:00:00+00:00,0.0,692.89223299
2025-01-11 00:00:00+00:00,1736553600000,2025-01-11T00:00:00+00:00,0.0,693.08029972
2025-01-11 08:00:00+00:00,1736582400000,2025-01-11T08:00:00+00:00,0.0,695.0
2025-01-11 16:00:00+00:00,1736611200000,2025-01-11T16:00:00+00:00,0.0,695.15
2025-01-12 00:00:00+00:00,1736640000000,2025-01-12T00:00:00+00:00,0.0,696.50372807
2025-01-12 08:00:00+00:00,1736668800000,2025-01-12T08:00:00+00:00,0.0,693.90806988
2025-01-12 16:00:00+00:00,1736697600000,2025-01-12T16:00:00+00:00,-5.64e-05,694.77050197
2025-01-13 00:00:00+00:00,1736726400000,2025-01-13T00:00:00+00:00,0.0,692.96
2025-01-13 08:00:00+00:00,1736755200000,2025-01-13T08:00:00+00:00,-0.00038994,682.06
2025-01-13 16:00:00+00:00,1736784000000,2025-01-13T16:00:00+00:00,-0.00056181,676.74518425
2025-01-14 00:00:00+00:00,1736812800000,2025-01-14T00:00:00+00:00,0.0,688.43821976
2025-01-14 08:00:00+00:00,1736841600000,2025-01-14T08:00:00+00:00,0.0,688.95
2025-01-14 16:00:00+00:00,1736870400000,2025-01-14T16:00:00+00:00,0.0,694.95282914
2025-01-15 00:00:00+00:00,1736899200000,2025-01-15T00:00:00+00:00,0.0,698.8637206
2025-01-15 08:00:00+00:00,1736928000000,2025-01-15T08:00:00+00:00,0.0,699.72931367
2025-01-15 16:00:00+00:00,1736956800000,2025-01-15T16:00:00+00:00,0.0,703.95
2025-01-16 00:00:00+00:00,1736985600000,2025-01-16T00:00:00+00:00,0.0,714.40354418
2025-01-16 08:00:00+00:00,1737014400000,2025-01-16T08:00:00+00:00,0.0,711.59281857
2025-01-16 16:00:00+00:00,1737043200000,2025-01-16T16:00:00+00:00,0.0,709.68642261
2025-01-17 00:00:00.004000+00:00,1737072000004,2025-01-17T00:00:00.004000+00:00,0.0,708.03
2025-01-17 08:00:00+00:00,1737100800000,2025-01-17T08:00:00+00:00,3.588e-05,714.87
2025-01-17 16:00:00.008000+00:00,1737129600008,2025-01-17T16:00:00.008000+00:00,0.0,720.51835748
2025-01-18 00:00:00+00:00,1737158400000,2025-01-18T00:00:00+00:00,0.0,722.02631489
2025-01-18 08:00:00.007000+00:00,1737187200007,2025-01-18T08:00:00.007000+00:00,0.0,700.18
2025-01-18 16:00:00+00:00,1737216000000,2025-01-18T16:00:00+00:00,0.0,703.71868094
2025-01-19 00:00:00+00:00,1737244800000,2025-01-19T00:00:00+00:00,0.0,709.91
2025-01-19 08:00:00+00:00,1737273600000,2025-01-19T08:00:00+00:00,0.00014009,705.62880475
2025-01-19 16:00:00+00:00,1737302400000,2025-01-19T16:00:00+00:00,7.785e-05,698.22
2025-01-20 00:00:00+00:00,1737331200000,2025-01-20T00:00:00+00:00,3.183e-05,683.32
2025-01-20 08:00:00.009000+00:00,1737360000009,2025-01-20T08:00:00.009000+00:00,0.00012056,698.93892267
2025-01-20 16:00:00+00:00,1737388800000,2025-01-20T16:00:00+00:00,0.00010734,688.60970004
2025-01-21 00:00:00+00:00,1737417600000,2025-01-21T00:00:00+00:00,8.84e-06,682.83
2025-01-21 08:00:00+00:00,1737446400000,2025-01-21T08:00:00+00:00,5.365e-05,682.73
2025-01-21 16:00:00+00:00,1737475200000,2025-01-21T16:00:00+00:00,9.555e-05,687.68
2025-01-22 00:00:00+00:00,1737504000000,2025-01-22T00:00:00+00:00,0.00011414,692.54
2025-01-22 08:00:00+00:00,1737532800000,2025-01-22T08:00:00+00:00,0.0,697.58151733
2025-01-22 16:00:00+00:00,1737561600000,2025-01-22T16:00:00+00:00,0.0,693.29360911
2025-01-23 00:00:00.001000+00:00,1737590400001,2025-01-23T00:00:00.001000+00:00,7.186e-05,695.9480372
2025-01-23 08:00:00+00:00,1737619200000,2025-01-23T08:00:00+00:00,3.16e-06,687.81208854
2025-01-23 16:00:00+00:00,1737648000000,2025-01-23T16:00:00+00:00,0.0,688.55138312
2025-01-24 00:00:00+00:00,1737676800000,2025-01-24T00:00:00+00:00,0.0,690.10747734
2025-01-24 08:00:00+00:00,1737705600000,2025-01-24T08:00:00+00:00,8.366e-05,686.97596071
2025-01-24 16:00:00+00:00,1737734400000,2025-01-24T16:00:00+00:00,0.0,685.65
2025-01-25 00:00:00+00:00,1737763200000,2025-01-25T00:00:00+00:00,0.0,680.4990232
2025-01-25 08:00:00+00:00,1737792000000,2025-01-25T08:00:00+00:00,0.0,682.22
2025-01-25 16:00:00.001000+00:00,1737820800001,2025-01-25T16:00:00.001000+00:00,8.692e-05,687.77
2025-01-26 00:00:00+00:00,1737849600000,2025-01-26T00:00:00+00:00,7.393e-05,686.74
2025-01-26 08:00:00+00:00,1737878400000,2025-01-26T08:00:00+00:00,0.0,689.88743338
2025-01-26 16:00:00+00:00,1737907200000,2025-01-26T16:00:00+00:00,0.0,685.14
2025-01-27 00:00:00+00:00,1737936000000,2025-01-27T00:00:00+00:00,0.0,666.77162871
2025-01-27 08:00:00+00:00,1737964800000,2025-01-27T08:00:00+00:00,-0.00011806,646.83
2025-01-27 16:00:00+00:00,1737993600000,2025-01-27T16:00:00+00:00,0.0,664.42139683
2025-01-28 00:00:00+00:00,1738022400000,2025-01-28T00:00:00+00:00,0.0,680.17
2025-01-28 08:00:00+00:00,1738051200000,2025-01-28T08:00:00+00:00,0.0,677.82
2025-01-28 16:00:00+00:00,1738080000000,2025-01-28T16:00:00+00:00,0.0,673.1
2025-01-29 00:00:00+00:00,1738108800000,2025-01-29T00:00:00+00:00,0.0,661.11569669
2025-01-29 08:00:00+00:00,1738137600000,2025-01-29T08:00:00+00:00,0.0,674.54738853
2025-01-29 16:00:00+00:00,1738166400000,2025-01-29T16:00:00+00:00,0.0,664.53
2025-01-30 00:00:00+00:00,1738195200000,2025-01-30T00:00:00+00:00,0.0,667.88866677
2025-01-30 08:00:00+00:00,1738224000000,2025-01-30T08:00:00+00:00,0.0,677.13
2025-01-30 16:00:00+00:00,1738252800000,2025-01-30T16:00:00+00:00,0.0,680.68
2025-01-31 00:00:00+00:00,1738281600000,2025-01-31T00:00:00+00:00,0.0,677.84001656
2025-01-31 08:00:00+00:00,1738310400000,2025-01-31T08:00:00+00:00,0.0,677.78
2025-01-31 16:00:00+00:00,1738339200000,2025-01-31T16:00:00+00:00,0.0,688.96445535
2025-02-01 00:00:00+00:00,1738368000000,2025-02-01T00:00:00+00:00,0.0,677.79
2025-02-01 08:00:00+00:00,1738396800000,2025-02-01T08:00:00+00:00,6.065e-05,674.40613726
2025-02-01 16:00:00+00:00,1738425600000,2025-02-01T16:00:00+00:00,0.0,668.32838183
2025-02-02 00:00:00.001000+00:00,1738454400001,2025-02-02T00:00:00.001000+00:00,0.0,652.83
2025-02-02 08:00:00+00:00,1738483200000,2025-02-02T08:00:00+00:00,0.0,653.47017908
2025-02-02 16:00:00+00:00,1738512000000,2025-02-02T16:00:00+00:00,0.0,645.63140393
2025-02-03 00:00:00+00:00,1738540800000,2025-02-03T00:00:00+00:00,0.0,617.59
2025-02-03 08:00:00+00:00,1738569600000,2025-02-03T08:00:00+00:00,0.0,577.65
2025-02-03 16:00:00+00:00,1738598400000,2025-02-03T16:00:00+00:00,0.0,588.4
2025-02-04 00:00:00+00:00,1738627200000,2025-02-04T00:00:00+00:00,0.0,616.76
2025-02-04 08:00:00.001000+00:00,1738656000001,2025-02-04T08:00:00.001000+00:00,0.0,568.93796058
2025-02-04 16:00:00+00:00,1738684800000,2025-02-04T16:00:00+00:00,0.0,582.28509199
2025-02-05 00:00:00.001000+00:00,1738713600001,2025-02-05T00:00:00.001000+00:00,0.0,572.81
2025-02-05 08:00:00.001000+00:00,1738742400001,2025-02-05T08:00:00.001000+00:00,0.0,573.62931154
2025-02-05 16:00:00+00:00,1738771200000,2025-02-05T16:00:00+00:00,0.0,570.131248
2025-02-06 00:00:00.001000+00:00,1738800000001,2025-02-06T00:00:00.001000+00:00,0.0,569.42
2025-02-06 08:00:00.001000+00:00,1738828800001,2025-02-06T08:00:00.001000+00:00,0.0,578.92910848
2025-02-06 16:00:00+00:00,1738857600000,2025-02-06T16:00:00+00:00,-1.062e-05,571.89
2025-02-07 00:00:00+00:00,1738886400000,2025-02-07T00:00:00+00:00,-7.517e-05,571.52665088
2025-02-07 08:00:00+00:00,1738915200000,2025-02-07T08:00:00+00:00,-9.676e-05,581.27243067
2025-02-07 16:00:00+00:00,1738944000000,2025-02-07T16:00:00+00:00,0.0,582.69250245
2025-02-08 00:00:00+00:00,1738972800000,2025-02-08T00:00:00+00:00,0.0,577.50391424
2025-02-08 08:00:00+00:00,1739001600000,2025-02-08T08:00:00+00:00,0.0,579.67
2025-02-08 16:00:00+00:00,1739030400000,2025-02-08T16:00:00+00:00,0.0,596.36
2025-02-09 00:00:00+00:00,1739059200000,2025-02-09T00:00:00+00:00,-4.891e-05,612.27
2025-02-09 08:00:00+00:00,1739088000000,2025-02-09T08:00:00+00:00,-0.00035055,636.11236039
2025-02-09 16:00:00+00:00,1739116800000,2025-02-09T16:00:00+00:00,-4.112e-05,623.94998212
2025-02-10 00:00:00+00:00,1739145600000,2025-02-10T00:00:00+00:00,0.0,615.38261534
2025-02-10 08:00:00+00:00,1739174400000,2025-02-10T08:00:00+00:00,0.0,607.91
2025-02-10 16:00:00+00:00,1739203200000,2025-02-10T16:00:00+00:00,0.0,602.95
2025-02-11 00:00:00+00:00,1739232000000,2025-02-11T00:00:00+00:00,0.0,618.40493056
2025-02-11 08:00:00+00:00,1739260800000,2025-02-11T08:00:00+00:00,0.0,636.68
2025-02-11 16:00:00+00:00,1739289600000,2025-02-11T16:00:00+00:00,0.0,637.54
2025-02-12 00:00:00+00:00,1739318400000,2025-02-12T00:00:00+00:00,-0.00014838,641.69722857
2025-02-12 08:00:00+00:00,1739347200000,2025-02-12T08:00:00+00:00,0.0,636.81110434
2025-02-12 16:00:00.001000+00:00,1739376000001,2025-02-12T16:00:00.001000+00:00,0.0,658.54
2025-02-13 00:00:00.001000+00:00,1739404800001,2025-02-13T00:00:00.001000+00:00,0.0,696.76
2025-02-13 08:00:00+00:00,1739433600000,2025-02-13T08:00:00+00:00,0.0,705.66
2025-02-13 16:00:00.001000+00:00,1739462400001,2025-02-13T16:00:00.001000+00:00,-0.00055066,704.77646995
2025-02-14 00:00:00+00:00,1739491200000,2025-02-14T00:00:00+00:00,0.0,664.4202599
2025-02-14 08:00:00.001000+00:00,1739520000001,2025-02-14T08:00:00.001000+00:00,0.0,668.42313717
2025-02-14 16:00:00+00:00,1739548800000,2025-02-14T16:00:00+00:00,-5.277e-05,664.72
2025-02-15 00:00:00+00:00,1739577600000,2025-02-15T00:00:00+00:00,-0.00010519,659.52946863
2025-02-15 08:00:00+00:00,1739606400000,2025-02-15T08:00:00+00:00,0.0,657.31476244
2025-02-15 16:00:00+00:00,1739635200000,2025-02-15T16:00:00+00:00,-8.377e-05,665.92
2025-02-16 00:00:00+00:00,1739664000000,2025-02-16T00:00:00+00:00,0.0,661.77809272
2025-02-16 08:00:00+00:00,1739692800000,2025-02-16T08:00:00+00:00,-4.157e-05,654.17176364
2025-02-16 16:00:00+00:00,1739721600000,2025-02-16T16:00:00+00:00,-0.00035333,680.73
2025-02-17 00:00:00+00:00,1739750400000,2025-02-17T00:00:00+00:00,-0.00014472,672.65
2025-02-17 08:00:00+00:00,1739779200000,2025-02-17T08:00:00+00:00,0.0,669.89170039
2025-02-17 16:00:00+00:00,1739808000000,2025-02-17T16:00:00+00:00,-0.0001797,669.78
2025-02-18 00:00:00+00:00,1739836800000,2025-02-18T00:00:00+00:00,-4.687e-05,667.12
2025-02-18 08:00:00+00:00,1739865600000,2025-02-18T08:00:00+00:00,-7.162e-05,651.05057618
2025-02-18 16:00:00+00:00,1739894400000,2025-02-18T16:00:00+00:00,-7.734e-05,647.84632169
2025-02-19 00:00:00+00:00,1739923200000,2025-02-19T00:00:00+00:00,0.0,648.04
2025-02-19 08:00:00+00:00,1739952000000,2025-02-19T08:00:00+00:00,0.0,654.57
2025-02-19 16:00:00+00:00,1739980800000,2025-02-19T16:00:00+00:00,-0.00018423,652.04
2025-02-20 00:00:00+00:00,1740009600000,2025-02-20T00:00:00+00:00,0.0,653.23861582
2025-02-20 08:00:00+00:00,1740038400000,2025-02-20T08:00:00+00:00,-2.058e-05,648.50429439
2025-02-20 16:00:00+00:00,1740067200000,2025-02-20T16:00:00+00:00,-0.00010928,647.6
2025-02-21 00:00:00.001000+00:00,1740096000001,2025-02-21T00:00:00.001000+00:00,0.0,655.95
2025-02-21 08:00:00+00:00,1740124800000,2025-02-21T08:00:00+00:00,-0.00011679,655.27766415
2025-02-21 16:00:00+00:00,1740153600000,2025-02-21T16:00:00+00:00,-0.00040529,657.25188469
2025-02-22 00:00:00+00:00,1740182400000,2025-02-22T00:00:00+00:00,-0.00036429,647.11
2025-02-22 08:00:00+00:00,1740211200000,2025-02-22T08:00:00+00:00,-9.168e-05,654.52715135
2025-02-22 16:00:00+00:00,1740240000000,2025-02-22T16:00:00+00:00,-8.452e-05,657.98
2025-02-23 00:00:00+00:00,1740268800000,2025-02-23T00:00:00+00:00,-7.381e-05,668.13
2025-02-23 08:00:00+00:00,1740297600000,2025-02-23T08:00:00+00:00,-0.00020784,666.39
2025-02-23 16:00:00+00:00,1740326400000,2025-02-23T16:00:00+00:00,-8.545e-05,648.28580814
2025-02-24 00:00:00+00:00,1740355200000,2025-02-24T00:00:00+00:00,-0.00052382,657.66
2025-02-24 08:00:00+00:00,1740384000000,2025-02-24T08:00:00+00:00,-0.00010661,644.16104614
2025-02-24 16:00:00+00:00,1740412800000,2025-02-24T16:00:00+00:00,0.0,635.1321392
2025-02-25 00:00:00+00:00,1740441600000,2025-02-25T00:00:00+00:00,-1.384e-05,614.14056852
2025-02-25 08:00:00+00:00,1740470400000,2025-02-25T08:00:00+00:00,0.0,599.44343658
2025-02-25 16:00:00+00:00,1740499200000,2025-02-25T16:00:00+00:00,-3.019e-05,608.59919032
2025-02-26 00:00:00+00:00,1740528000000,2025-02-26T00:00:00+00:00,-0.00033883,622.85138059
2025-02-26 08:00:00+00:00,1740556800000,2025-02-26T08:00:00+00:00,-0.00017781,623.13
2025-02-26 16:00:00+00:00,1740585600000,2025-02-26T16:00:00+00:00,-3.69e-05,623.50120137
2025-02-27 00:00:00.001000+00:00,1740614400001,2025-02-27T00:00:00.001000+00:00,0.0,611.5
2025-02-27 08:00:00+00:00,1740643200000,2025-02-27T08:00:00+00:00,0.0,617.51780839
2025-02-27 16:00:00+00:00,1740672000000,2025-02-27T16:00:00+00:00,0.0,606.20091707
2025-02-28 00:00:00.001000+00:00,1740700800001,2025-02-28T00:00:00.001000+00:00,-4.567e-05,605.27315154
2025-02-28 08:00:00+00:00,1740729600000,2025-02-28T08:00:00+00:00,-6.34e-06,566.88990913
2025-02-28 16:00:00+00:00,1740758400000,2025-02-28T16:00:00+00:00,-0.00010522,588.26364945
2025-03-01 00:00:00+00:00,1740787200000,2025-03-01T00:00:00+00:00,0.0,587.78953533
2025-03-01 08:00:00+00:00,1740816000000,2025-03-01T08:00:00+00:00,-0.00018016,595.44
2025-03-01 16:00:00.001000+00:00,1740844800001,2025-03-01T16:00:00.001000+00:00,-0.00036277,604.09388974
2025-03-02 00:00:00+00:00,1740873600000,2025-03-02T00:00:00+00:00,-0.00025537,607.28
2025-03-02 08:00:00+00:00,1740902400000,2025-03-02T08:00:00+00:00,-1.752e-05,610.21
2025-03-02 16:00:00+00:00,1740931200000,2025-03-02T16:00:00+00:00,0.0,613.10780729
2025-03-03 00:00:00.001000+00:00,1740960000001,2025-03-03T00:00:00.001000+00:00,0.0,623.53
2025-03-03 08:00:00+00:00,1740988800000,2025-03-03T08:00:00+00:00,0.0,607.11
2025-03-03 16:00:00+00:00,1741017600000,2025-03-03T16:00:00+00:00,-0.00027543,591.4
2025-03-04 00:00:00.001000+00:00,1741046400001,2025-03-04T00:00:00.001000+00:00,-0.00018834,575.73
2025-03-04 08:00:00.005000+00:00,1741075200005,2025-03-04T08:00:00.005000+00:00,-5.518e-05,564.77
2025-03-04 16:00:00+00:00,1741104000000,2025-03-04T16:00:00+00:00,0.0,570.62
2025-03-05 00:00:00+00:00,1741132800000,2025-03-05T00:00:00+00:00,0.0,583.82961754
2025-03-05 08:00:00+00:00,1741161600000,2025-03-05T08:00:00+00:00,-9.954e-05,592.83790792
2025-03-05 16:00:00+00:00,1741190400000,2025-03-05T16:00:00+00:00,0.0,590.91231695
2025-03-06 00:00:00+00:00,1741219200000,2025-03-06T00:00:00+00:00,0.0,597.94216994
2025-03-06 08:00:00.001000+00:00,1741248000001,2025-03-06T08:00:00.001000+00:00,0.0,604.71040808
2025-03-06 16:00:00+00:00,1741276800000,2025-03-06T16:00:00+00:00,0.0,600.16676768
2025-03-07 00:00:00+00:00,1741305600000,2025-03-07T00:00:00+00:00,0.0,596.27
2025-03-07 08:00:00.001000+00:00,1741334400001,2025-03-07T08:00:00.001000+00:00,0.0,599.33492517
2025-03-07 16:00:00+00:00,1741363200000,2025-03-07T16:00:00+00:00,0.0,604.09438325
2025-03-08 00:00:00+00:00,1741392000000,2025-03-08T00:00:00+00:00,0.0,594.62564612
2025-03-08 08:00:00.001000+00:00,1741420800001,2025-03-08T08:00:00.001000+00:00,0.0,596.86
2025-03-08 16:00:00.001000+00:00,1741449600001,2025-03-08T16:00:00.001000+00:00,0.0,599.51015736
2025-03-09 00:00:00.001000+00:00,1741478400001,2025-03-09T00:00:00.001000+00:00,0.0,592.80385911
2025-03-09 08:00:00+00:00,1741507200000,2025-03-09T08:00:00+00:00,-9.932e-05,585.72
2025-03-09 16:00:00+00:00,1741536000000,2025-03-09T16:00:00+00:00,-3.136e-05,566.48992854
2025-03-10 00:00:00+00:00,1741564800000,2025-03-10T00:00:00+00:00,-0.00010786,554.38
2025-03-10 08:00:00+00:00,1741593600000,2025-03-10T08:00:00+00:00,0.0,564.38
2025-03-10 16:00:00+00:00,1741622400000,2025-03-10T16:00:00+00:00,0.0,550.0649029
2025-03-11 00:00:00+00:00,1741651200000,2025-03-11T00:00:00+00:00,-6.362e-05,531.2
2025-03-11 08:00:00+00:00,1741680000000,2025-03-11T08:00:00+00:00,-6.049e-05,557.49345577
2025-03-11 16:00:00.001000+00:00,1741708800001,2025-03-11T16:00:00.001000+00:00,0.0,548.84642693
2025-03-12 00:00:00+00:00,1741737600000,2025-03-12T00:00:00+00:00,0.0,551.51804982
2025-03-12 08:00:00+00:00,1741766400000,2025-03-12T08:00:00+00:00,-1.423e-05,555.44
2025-03-12 16:00:00.001000+00:00,1741795200001,2025-03-12T16:00:00.001000+00:00,0.0,552.33
2025-03-13 00:00:00+00:00,1741824000000,2025-03-13T00:00:00+00:00,0.0,569.75
2025-03-13 08:00:00+00:00,1741852800000,2025-03-13T08:00:00+00:00,0.0,578.04
2025-03-13 16:00:00+00:00,1741881600000,2025-03-13T16:00:00+00:00,0.0,581.08
2025-03-14 00:00:00+00:00,1741910400000,2025-03-14T00:00:00+00:00,0.0,579.45
2025-03-14 08:00:00+00:00,1741939200000,2025-03-14T08:00:00+00:00,-4.742e-05,576.4
2025-03-14 16:00:00+00:00,1741968000000,2025-03-14T16:00:00+00:00,-1.454e-05,584.4221239
2025-03-15 00:00:00+00:00,1741996800000,2025-03-15T00:00:00+00:00,-2.856e-05,587.66
2025-03-15 08:00:00+00:00,1742025600000,2025-03-15T08:00:00+00:00,-7.31e-06,590.56
2025-03-15 16:00:00+00:00,1742054400000,2025-03-15T16:00:00+00:00,0.0,603.08757499
2025-03-16 00:00:00+00:00,1742083200000,2025-03-16T00:00:00+00:00,0.0,619.62
2025-03-16 08:00:00+00:00,1742112000000,2025-03-16T08:00:00+00:00,0.0,604.78
2025-03-16 16:00:00+00:00,1742140800000,2025-03-16T16:00:00+00:00,0.0,600.47
2025-03-17 00:00:00+00:00,1742169600000,2025-03-17T00:00:00+00:00,0.0,602.1571744
2025-03-17 08:00:00+00:00,1742198400000,2025-03-17T08:00:00+00:00,0.0,629.58873939
2025-03-17 16:00:00+00:00,1742227200000,2025-03-17T16:00:00+00:00,0.0,629.98172881
2025-03-18 00:00:00+00:00,1742256000000,2025-03-18T00:00:00+00:00,-3.807e-05,631.44547713
2025-03-18 08:00:00+00:00,1742284800000,2025-03-18T08:00:00+00:00,0.0,633.1428096
2025-03-18 16:00:00+00:00,1742313600000,2025-03-18T16:00:00+00:00,0.0,627.13997989
2025-03-19 00:00:00+00:00,1742342400000,2025-03-19T00:00:00+00:00,-0.00010693,627.42
2025-03-19 08:00:00+00:00,1742371200000,2025-03-19T08:00:00+00:00,-0.00010256,615.19
2025-03-19 16:00:00+00:00,1742400000000,2025-03-19T16:00:00+00:00,-0.00015238,609.5414803
2025-03-20 00:00:00+00:00,1742428800000,2025-03-20T00:00:00+00:00,-0.00047322,618.02
2025-03-20 08:00:00+00:00,1742457600000,2025-03-20T08:00:00+00:00,-5.86e-06,623.91411412
2025-03-20 16:00:00+00:00,1742486400000,2025-03-20T16:00:00+00:00,-0.00012553,624.03
2025-03-21 00:00:00+00:00,1742515200000,2025-03-21T00:00:00+00:00,-0.00031252,629.93090643
2025-03-21 08:00:00+00:00,1742544000000,2025-03-21T08:00:00+00:00,-0.00055149,628.94125675
2025-03-21 16:00:00+00:00,1742572800000,2025-03-21T16:00:00+00:00,-0.00034207,633.77645851
2025-03-22 00:00:00+00:00,1742601600000,2025-03-22T00:00:00+00:00,-0.00033579,634.64
2025-03-22 08:00:00.004000+00:00,1742630400004,2025-03-22T08:00:00.004000+00:00,-0.000331,630.58
2025-03-22 16:00:00+00:00,1742659200000,2025-03-22T16:00:00+00:00,-0.00037452,625.25279934
2025-03-23 00:00:00+00:00,1742688000000,2025-03-23T00:00:00+00:00,-0.00029912,626.52912265
2025-03-23 08:00:00+00:00,1742716800000,2025-03-23T08:00:00+00:00,-0.0003243,622.51
2025-03-23 16:00:00+00:00,1742745600000,2025-03-23T16:00:00+00:00,-0.00048595,621.0
2025-03-24 00:00:00+00:00,1742774400000,2025-03-24T00:00:00+00:00,-0.00019082,623.25
2025-03-24 08:00:00+00:00,1742803200000,2025-03-24T08:00:00+00:00,-0.00027641,622.47138396
2025-03-24 16:00:00+00:00,1742832000000,2025-03-24T16:00:00+00:00,-0.00018556,630.67503751
2025-03-25 00:00:00.001000+00:00,1742860800001,2025-03-25T00:00:00.001000+00:00,-0.0001407,636.61989339
2025-03-25 08:00:00+00:00,1742889600000,2025-03-25T08:00:00+00:00,-0.00032595,640.68
2025-03-25 16:00:00+00:00,1742918400000,2025-03-25T16:00:00+00:00,0.0,633.67496506
2025-03-26 00:00:00+00:00,1742947200000,2025-03-26T00:00:00+00:00,0.0,629.5338198
2025-03-26 08:00:00+00:00,1742976000000,2025-03-26T08:00:00+00:00,0.0,633.21398011
2025-03-26 16:00:00.001000+00:00,1743004800001,2025-03-26T16:00:00.001000+00:00,0.0,624.36
2025-03-27 00:00:00.001000+00:00,1743033600001,2025-03-27T00:00:00.001000+00:00,0.0,617.72
2025-03-27 08:00:00.001000+00:00,1743062400001,2025-03-27T08:00:00.001000+00:00,0.0,635.12850998
2025-03-27 16:00:00.002000+00:00,1743091200002,2025-03-27T16:00:00.002000+00:00,-2.32e-05,636.91
2025-03-28 00:00:00.001000+00:00,1743120000001,2025-03-28T00:00:00.001000+00:00,-0.00023061,636.68027521
2025-03-28 08:00:00.001000+00:00,1743148800001,2025-03-28T08:00:00.001000+00:00,-0.00019365,628.04969188
2025-03-28 16:00:00+00:00,1743177600000,2025-03-28T16:00:00+00:00,-3.604e-05,625.09803384
2025-03-29 00:00:00+00:00,1743206400000,2025-03-29T00:00:00+00:00,-0.00026164,619.24790939
2025-03-29 08:00:00+00:00,1743235200000,2025-03-29T08:00:00+00:00,-0.0002202,607.46
2025-03-29 16:00:00+00:00,1743264000000,2025-03-29T16:00:00+00:00,-0.00026952,604.14586492
2025-03-30 00:00:00+00:00,1743292800000,2025-03-30T00:00:00+00:00,-0.00025764,602.59
2025-03-30 08:00:00+00:00,1743321600000,2025-03-30T08:00:00+00:00,-0.00045028,606.14
2025-03-30 16:00:00+00:00,1743350400000,2025-03-30T16:00:00+00:00,-0.00033423,601.81
2025-03-31 00:00:00+00:00,1743379200000,2025-03-31T00:00:00+00:00,-0.00022809,601.95
2025-03-31 08:00:00+00:00,1743408000000,2025-03-31T08:00:00+00:00,-5.04e-05,595.5
2025-03-31 16:00:00+00:00,1743436800000,2025-03-31T16:00:00+00:00,-4.323e-05,604.03928952
2025-04-01 00:00:00+00:00,1743465600000,2025-04-01T00:00:00+00:00,0.0,604.63922145
2025-04-01 08:00:00.001000+00:00,1743494400001,2025-04-01T08:00:00.001000+00:00,0.0,610.11
2025-04-01 16:00:00+00:00,1743523200000,2025-04-01T16:00:00+00:00,-0.00079717,614.12904646
2025-04-02 00:00:00.001000+00:00,1743552000001,2025-04-02T00:00:00.001000+00:00,0.0,610.93
2025-04-02 08:00:00+00:00,1743580800000,2025-04-02T08:00:00+00:00,0.0,600.85402148
2025-04-02 16:00:00+00:00,1743609600000,2025-04-02T16:00:00+00:00,-8.386e-05,604.16183304
2025-04-03 00:00:00+00:00,1743638400000,2025-04-03T00:00:00+00:00,-0.0002478,590.08
2025-04-03 08:00:00+00:00,1743667200000,2025-04-03T08:00:00+00:00,-0.00045003,599.14363236
2025-04-03 16:00:00+00:00,1743696000000,2025-04-03T16:00:00+00:00,0.0,586.19987264
2025-04-04 00:00:00+00:00,1743724800000,2025-04-04T00:00:00+00:00,0.0,592.43
2025-04-04 08:00:00+00:00,1743753600000,2025-04-04T08:00:00+00:00,0.0,598.14057464
2025-04-04 16:00:00+00:00,1743782400000,2025-04-04T16:00:00+00:00,0.0,593.6954656
2025-04-05 00:00:00+00:00,1743811200000,2025-04-05T00:00:00+00:00,0.0,597.84
2025-04-05 08:00:00+00:00,1743840000000,2025-04-05T08:00:00+00:00,0.0,595.85
2025-04-05 16:00:00+00:00,1743868800000,2025-04-05T16:00:00+00:00,0.0,592.0
2025-04-06 00:00:00+00:00,1743897600000,2025-04-06T00:00:00+00:00,0.0,593.14307503
2025-04-06 08:00:00+00:00,1743926400000,2025-04-06T08:00:00+00:00,0.0,590.27710495
2025-04-06 16:00:00.002000+00:00,1743955200002,2025-04-06T16:00:00.002000+00:00,0.0,581.01546605
2025-04-07 00:00:00+00:00,1743984000000,2025-04-07T00:00:00+00:00,0.0,555.35731541
2025-04-07 08:00:00+00:00,1744012800000,2025-04-07T08:00:00+00:00,0.0,529.93402862
2025-04-07 16:00:00+00:00,1744041600000,2025-04-07T16:00:00+00:00,0.0,552.09559972
2025-04-08 00:00:00+00:00,1744070400000,2025-04-08T00:00:00+00:00,0.0,554.60888832
2025-04-08 08:00:00+00:00,1744099200000,2025-04-08T08:00:00+00:00,0.0,559.9527379
2025-04-08 16:00:00+00:00,1744128000000,2025-04-08T16:00:00+00:00,0.0,559.56
2025-04-09 00:00:00+00:00,1744156800000,2025-04-09T00:00:00+00:00,0.0,553.72500032
2025-04-09 08:00:00.001000+00:00,1744185600001,2025-04-09T08:00:00.001000+00:00,0.0,556.58
2025-04-09 16:00:00+00:00,1744214400000,2025-04-09T16:00:00+00:00,0.0,561.15
2025-04-10 00:00:00+00:00,1744243200000,2025-04-10T00:00:00+00:00,0.0,582.12
2025-04-10 08:00:00+00:00,1744272000000,2025-04-10T08:00:00+00:00,0.0,579.25
2025-04-10 16:00:00+00:00,1744300800000,2025-04-10T16:00:00+00:00,0.0,567.9
2025-04-11 00:00:00.001000+00:00,1744329600001,2025-04-11T00:00:00.001000+00:00,0.0,577.79266108
2025-04-11 08:00:00+00:00,1744358400000,2025-04-11T08:00:00+00:00,0.0,581.33
2025-04-11 16:00:00+00:00,1744387200000,2025-04-11T16:00:00+00:00,0.0,584.91
2025-04-12 00:00:00+00:00,1744416000000,2025-04-12T00:00:00+00:00,0.0,585.87816507
2025-04-12 08:00:00.001000+00:00,1744444800001,2025-04-12T08:00:00.001000+00:00,-0.00015552,588.41
2025-04-12 16:00:00+00:00,1744473600000,2025-04-12T16:00:00+00:00,-0.00017994,598.86640479
2025-04-13 00:00:00+00:00,1744502400000,2025-04-13T00:00:00+00:00,0.0,597.1422618
2025-04-13 08:00:00+00:00,1744531200000,2025-04-13T08:00:00+00:00,0.0,593.1048051
2025-04-13 16:00:00+00:00,1744560000000,2025-04-13T16:00:00+00:00,-5.726e-05,583.85552823
2025-04-14 00:00:00+00:00,1744588800000,2025-04-14T00:00:00+00:00,-4.86e-05,584.06
2025-04-14 08:00:00+00:00,1744617600000,2025-04-14T08:00:00+00:00,0.0,590.51
2025-04-14 16:00:00+00:00,1744646400000,2025-04-14T16:00:00+00:00,-0.00013678,585.3836075
2025-04-15 00:00:00+00:00,1744675200000,2025-04-15T00:00:00+00:00,-9.005e-05,584.10988523
2025-04-15 08:00:00+00:00,1744704000000,2025-04-15T08:00:00+00:00,0.0,589.45422998
2025-04-15 16:00:00.001000+00:00,1744732800001,2025-04-15T16:00:00.001000+00:00,0.0,584.29
2025-04-16 00:00:00+00:00,1744761600000,2025-04-16T00:00:00+00:00,-0.00022781,579.20700245
2025-04-16 08:00:00+00:00,1744790400000,2025-04-16T08:00:00+00:00,0.0,577.96
2025-04-16 16:00:00+00:00,1744819200000,2025-04-16T16:00:00+00:00,0.0,583.35826963
2025-04-17 00:00:00.001000+00:00,1744848000001,2025-04-17T00:00:00.001000+00:00,0.0,582.69
2025-04-17 08:00:00+00:00,1744876800000,2025-04-17T08:00:00+00:00,0.0,583.25
2025-04-17 16:00:00.001000+00:00,1744905600001,2025-04-17T16:00:00.001000+00:00,0.0,589.78483813
2025-04-18 00:00:00+00:00,1744934400000,2025-04-18T00:00:00+00:00,0.0,590.36
2025-04-18 08:00:00+00:00,1744963200000,2025-04-18T08:00:00+00:00,-0.00022317,588.15
2025-04-18 16:00:00+00:00,1744992000000,2025-04-18T16:00:00+00:00,-5.807e-05,593.52
2025-04-19 00:00:00+00:00,1745020800000,2025-04-19T00:00:00+00:00,0.0,591.60251414
2025-04-19 08:00:00+00:00,1745049600000,2025-04-19T08:00:00+00:00,-0.000347,592.58
2025-04-19 16:00:00+00:00,1745078400000,2025-04-19T16:00:00+00:00,-0.00041186,588.87
2025-04-20 00:00:00+00:00,1745107200000,2025-04-20T00:00:00+00:00,0.0,591.56
2025-04-20 08:00:00+00:00,1745136000000,2025-04-20T08:00:00+00:00,0.0,593.72
2025-04-20 16:00:00+00:00,1745164800000,2025-04-20T16:00:00+00:00,0.0,587.83943762
2025-04-21 00:00:00+00:00,1745193600000,2025-04-21T00:00:00+00:00,-0.00021758,592.47499545
2025-04-21 08:00:00.005000+00:00,1745222400005,2025-04-21T08:00:00.005000+00:00,0.0,604.3
2025-04-21 16:00:00.003000+00:00,1745251200003,2025-04-21T16:00:00.003000+00:00,0.0,603.94
2025-04-22 00:00:00.008000+00:00,1745280000008,2025-04-22T00:00:00.008000+00:00,-0.00023365,596.93871568
2025-04-22 08:00:00+00:00,1745308800000,2025-04-22T08:00:00+00:00,-0.00010438,604.0016275
2025-04-22 16:00:00+00:00,1745337600000,2025-04-22T16:00:00+00:00,0.0,609.65
2025-04-23 00:00:00+00:00,1745366400000,2025-04-23T00:00:00+00:00,0.0,618.27615729
2025-04-23 08:00:00.002000+00:00,1745395200002,2025-04-23T08:00:00.002000+00:00,0.0,617.54
2025-04-23 16:00:00+00:00,1745424000000,2025-04-23T16:00:00+00:00,0.0,606.69
2025-04-24 00:00:00+00:00,1745452800000,2025-04-24T00:00:00+00:00,0.0,605.45
2025-04-24 08:00:00.001000+00:00,1745481600001,2025-04-24T08:00:00.001000+00:00,0.0,602.92734501
2025-04-24 16:00:00.001000+00:00,1745510400001,2025-04-24T16:00:00.001000+00:00,0.0,598.27
2025-04-25 00:00:00.007000+00:00,1745539200007,2025-04-25T00:00:00.007000+00:00,0.0,601.30158343
2025-04-25 08:00:00.002000+00:00,1745568000002,2025-04-25T08:00:00.002000+00:00,0.0,605.97
2025-04-25 16:00:00.003000+00:00,1745596800003,2025-04-25T16:00:00.003000+00:00,0.0,605.51604281
2025-04-26 00:00:00.002000+00:00,1745625600002,2025-04-26T00:00:00.002000+00:00,0.0,599.61957916
2025-04-26 08:00:00+00:00,1745654400000,2025-04-26T08:00:00+00:00,-5.172e-05,602.11
2025-04-26 16:00:00.002000+00:00,1745683200002,2025-04-26T16:00:00.002000+00:00,0.0,608.17048917
2025-04-27 00:00:00.001000+00:00,1745712000001,2025-04-27T00:00:00.001000+00:00,0.0,607.19470463
2025-04-27 08:00:00+00:00,1745740800000,2025-04-27T08:00:00+00:00,-7.247e-05,599.58
2025-04-27 16:00:00+00:00,1745769600000,2025-04-27T16:00:00+00:00,-8.618e-05,599.16383395
2025-04-28 00:00:00.001000+00:00,1745798400001,2025-04-28T00:00:00.001000+00:00,0.0,603.63
2025-04-28 08:00:00.003000+00:00,1745827200003,2025-04-28T08:00:00.003000+00:00,0.0,605.3
2025-04-28 16:00:00.005000+00:00,1745856000005,2025-04-28T16:00:00.005000+00:00,0.0,600.58
2025-04-29 00:00:00+00:00,1745884800000,2025-04-29T00:00:00+00:00,0.0,605.99
2025-04-29 08:00:00+00:00,1745913600000,2025-04-29T08:00:00+00:00,0.0,609.61
2025-04-29 16:00:00.010000+00:00,1745942400010,2025-04-29T16:00:00.010000+00:00,-4.513e-05,601.18
2025-04-30 00:00:00.001000+00:00,1745971200001,2025-04-30T00:00:00.001000+00:00,-0.00022437,600.74497873
2025-04-30 08:00:00+00:00,1746000000000,2025-04-30T08:00:00+00:00,0.0,602.74738176
2025-04-30 16:00:00.003000+00:00,1746028800003,2025-04-30T16:00:00.003000+00:00,-1.462e-05,596.56710557
2025-05-01 00:00:00+00:00,1746057600000,2025-05-01T00:00:00+00:00,-0.0004973,599.2585238
2025-05-01 08:00:00+00:00,1746086400000,2025-05-01T08:00:00+00:00,0.0,599.65247333
2025-05-01 16:00:00.001000+00:00,1746115200001,2025-05-01T16:00:00.001000+00:00,0.0,602.58709627
2025-05-02 00:00:00+00:00,1746144000000,2025-05-02T00:00:00+00:00,-0.00020135,599.2
2025-05-02 08:00:00+00:00,1746172800000,2025-05-02T08:00:00+00:00,0.0,595.21286076
2025-05-02 16:00:00.003000+00:00,1746201600003,2025-05-02T16:00:00.003000+00:00,0.0,599.42087455
2025-05-03 00:00:00+00:00,1746230400000,2025-05-03T00:00:00+00:00,-6.36e-06,600.57889441
2025-05-03 08:00:00+00:00,1746259200000,2025-05-03T08:00:00+00:00,0.0,597.26
2025-05-03 16:00:00+00:00,1746288000000,2025-05-03T16:00:00+00:00,-3.504e-05,598.39236676
2025-05-04 00:00:00.001000+00:00,1746316800001,2025-05-04T00:00:00.001000+00:00,-1.702e-05,599.06761125
2025-05-04 08:00:00.001000+00:00,1746345600001,2025-05-04T08:00:00.001000+00:00,-3.106e-05,596.65
2025-05-04 16:00:00.002000+00:00,1746374400002,2025-05-04T16:00:00.002000+00:00,-0.00049565,588.82367983
2025-05-05 00:00:00+00:00,1746403200000,2025-05-05T00:00:00+00:00,-0.0003023,585.65
2025-05-05 08:00:00+00:00,1746432000000,2025-05-05T08:00:00+00:00,0.0,591.84715476
2025-05-05 16:00:00.006000+00:00,1746460800006,2025-05-05T16:00:00.006000+00:00,0.0,597.07
2025-05-06 00:00:00.002000+00:00,1746489600002,2025-05-06T00:00:00.002000+00:00,-1.939e-05,597.19
2025-05-06 08:00:00.005000+00:00,1746518400005,2025-05-06T08:00:00.005000+00:00,-0.00046111,598.37
2025-05-06 16:00:00+00:00,1746547200000,2025-05-06T16:00:00+00:00,0.0,598.35469166
2025-05-07 00:00:00.002000+00:00,1746576000002,2025-05-07T00:00:00.002000+00:00,0.0,602.57887852
2025-05-07 08:00:00+00:00,1746604800000,2025-05-07T08:00:00+00:00,0.0,606.62898126
2025-05-07 16:00:00.006000+00:00,1746633600006,2025-05-07T16:00:00.006000+00:00,0.0,600.929332
2025-05-08 00:00:00+00:00,1746662400000,2025-05-08T00:00:00+00:00,-6.247e-05,602.51
2025-05-08 08:00:00.001000+00:00,1746691200001,2025-05-08T08:00:00.001000+00:00,0.0,613.06731849
2025-05-08 16:00:00.002000+00:00,1746720000002,2025-05-08T16:00:00.002000+00:00,0.0,621.16626602
2025-05-09 00:00:00.001000+00:00,1746748800001,2025-05-09T00:00:00.001000+00:00,0.0,629.29
2025-05-09 08:00:00.006000+00:00,1746777600006,2025-05-09T08:00:00.006000+00:00,0.0,631.78
2025-05-09 16:00:00+00:00,1746806400000,2025-05-09T16:00:00+00:00,0.0,636.05415595
2025-05-10 00:00:00.001000+00:00,1746835200001,2025-05-10T00:00:00.001000+00:00,0.0,667.14
2025-05-10 08:00:00+00:00,1746864000000,2025-05-10T08:00:00+00:00,0.0,661.92947453
2025-05-10 16:00:00.001000+00:00,1746892800001,2025-05-10T16:00:00.001000+00:00,0.0,651.88659591
2025-05-11 00:00:00+00:00,1746921600000,2025-05-11T00:00:00+00:00,0.0,664.11
2025-05-11 08:00:00.001000+00:00,1746950400001,2025-05-11T08:00:00.001000+00:00,2.903e-05,656.03390035
2025-05-11 16:00:00.001000+00:00,1746979200001,2025-05-11T16:00:00.001000+00:00,6.49e-06,651.92
2025-05-12 00:00:00.004000+00:00,1747008000004,2025-05-12T00:00:00.004000+00:00,0.0,651.33
2025-05-12 08:00:00+00:00,1747036800000,2025-05-12T08:00:00+00:00,0.0,661.35739909
2025-05-12 16:00:00+00:00,1747065600000,2025-05-12T16:00:00+00:00,6.043e-05,663.97539877
2025-05-13 00:00:00+00:00,1747094400000,2025-05-13T00:00:00+00:00,0.0,660.49
2025-05-13 08:00:00.008000+00:00,1747123200008,2025-05-13T08:00:00.008000+00:00,0.0,649.75111908
2025-05-13 16:00:00.001000+00:00,1747152000001,2025-05-13T16:00:00.001000+00:00,0.0,656.04
2025-05-14 00:00:00.007000+00:00,1747180800007,2025-05-14T00:00:00.007000+00:00,5.012e-05,664.59615458
2025-05-14 08:00:00+00:00,1747209600000,2025-05-14T08:00:00+00:00,0.0,658.57
2025-05-14 16:00:00.002000+00:00,1747238400002,2025-05-14T16:00:00.002000+00:00,0.0,652.41095946
2025-05-15 00:00:00+00:00,1747267200000,2025-05-15T00:00:00+00:00,0.0,652.7729139
2025-05-15 08:00:00.003000+00:00,1747296000003,2025-05-15T08:00:00.003000+00:00,0.0,644.67
2025-05-15 16:00:00+00:00,1747324800000,2025-05-15T16:00:00+00:00,0.0,655.86
2025-05-16 00:00:00.001000+00:00,1747353600001,2025-05-16T00:00:00.001000+00:00,0.0,652.13051709
2025-05-16 08:00:00+00:00,1747382400000,2025-05-16T08:00:00+00:00,0.0,655.48530161
2025-05-16 16:00:00+00:00,1747411200000,2025-05-16T16:00:00+00:00,0.0,652.09
2025-05-17 00:00:00+00:00,1747440000000,2025-05-17T00:00:00+00:00,0.0,646.44286264
2025-05-17 08:00:00.001000+00:00,1747468800001,2025-05-17T08:00:00.001000+00:00,0.0,643.0
2025-05-17 16:00:00.004000+00:00,1747497600004,2025-05-17T16:00:00.004000+00:00,0.0,640.45
2025-05-18 00:00:00+00:00,1747526400000,2025-05-18T00:00:00+00:00,0.0,639.42
2025-05-18 08:00:00+00:00,1747555200000,2025-05-18T08:00:00+00:00,0.0,645.5112492
2025-05-18 16:00:00+00:00,1747584000000,2025-05-18T16:00:00+00:00,0.0,653.97911109
2025-05-19 00:00:00+00:00,1747612800000,2025-05-19T00:00:00+00:00,0.0,651.4094046
2025-05-19 08:00:00.006000+00:00,1747641600006,2025-05-19T08:00:00.006000+00:00,0.0,638.33
2025-05-19 16:00:00.010000+00:00,1747670400010,2025-05-19T16:00:00.010000+00:00,0.0,645.28
2025-05-20 00:00:00+00:00,1747699200000,2025-05-20T00:00:00+00:00,0.0,649.95034546
2025-05-20 08:00:00.002000+00:00,1747728000002,2025-05-20T08:00:00.002000+00:00,0.0,647.6
2025-05-20 16:00:00+00:00,1747756800000,2025-05-20T16:00:00+00:00,0.0,644.66
2025-05-21 00:00:00+00:00,1747785600000,2025-05-21T00:00:00+00:00,0.0,650.35527701
2025-05-21 08:00:00.001000+00:00,1747814400001,2025-05-21T08:00:00.001000+00:00,0.0,653.16139163
2025-05-21 16:00:00.004000+00:00,1747843200004,2025-05-21T16:00:00.004000+00:00,0.0,663.57
2025-05-22 00:00:00.001000+00:00,1747872000001,2025-05-22T00:00:00.001000+00:00,0.0,673.6
2025-05-22 08:00:00+00:00,1747900800000,2025-05-22T08:00:00+00:00,0.0,682.96351825
2025-05-22 16:00:00.002000+00:00,1747929600002,2025-05-22T16:00:00.002000+00:00,0.0,682.12050298
2025-05-23 00:00:00.006000+00:00,1747958400006,2025-05-23T00:00:00.006000+00:00,0.0,686.51658218
2025-05-23 08:00:00+00:00,1747987200000,2025-05-23T08:00:00+00:00,0.0,682.63311981
2025-05-23 16:00:00.007000+00:00,1748016000007,2025-05-23T16:00:00.007000+00:00,0.0,670.73097593
2025-05-24 00:00:00.010000+00:00,1748044800010,2025-05-24T00:00:00.010000+00:00,0.0,656.85
2025-05-24 08:00:00+00:00,1748073600000,2025-05-24T08:00:00+00:00,0.0,668.34
2025-05-24 16:00:00.003000+00:00,1748102400003,2025-05-24T16:00:00.003000+00:00,0.0,674.12890031
2025-05-25 00:00:00.004000+00:00,1748131200004,2025-05-25T00:00:00.004000+00:00,0.0,667.89
2025-05-25 08:00:00+00:00,1748160000000,2025-05-25T08:00:00+00:00,0.0,661.68765773
2025-05-25 16:00:00+00:00,1748188800000,2025-05-25T16:00:00+00:00,0.0,663.03
2025-05-26 00:00:00+00:00,1748217600000,2025-05-26T00:00:00+00:00,0.0,669.13473103
2025-05-26 08:00:00+00:00,1748246400000,2025-05-26T08:00:00+00:00,0.0,674.43
2025-05-26 16:00:00.002000+00:00,1748275200002,2025-05-26T16:00:00.002000+00:00,0.0,675.08
2025-05-27 00:00:00.003000+00:00,1748304000003,2025-05-27T00:00:00.003000+00:00,0.0,673.98290195
2025-05-27 08:00:00.001000+00:00,1748332800001,2025-05-27T08:00:00.001000+00:00,0.0,680.67726798
2025-05-27 16:00:00.005000+00:00,1748361600005,2025-05-27T16:00:00.005000+00:00,0.0,690.7
2025-05-28 00:00:00.002000+00:00,1748390400002,2025-05-28T00:00:00.002000+00:00,0.0,687.14
2025-05-28 08:00:00.003000+00:00,1748419200003,2025-05-28T08:00:00.003000+00:00,0.0,681.71
2025-05-28 16:00:00.002000+00:00,1748448000002,2025-05-28T16:00:00.002000+00:00,0.0,681.66781065
2025-05-29 00:00:00+00:00,1748476800000,2025-05-29T00:00:00+00:00,0.0,686.8
2025-05-29 08:00:00.006000+00:00,1748505600006,2025-05-29T08:00:00.006000+00:00,0.0,684.95
2025-05-29 16:00:00+00:00,1748534400000,2025-05-29T16:00:00+00:00,0.0,680.89
2025-05-30 00:00:00.003000+00:00,1748563200003,2025-05-30T00:00:00.003000+00:00,0.0,674.75138045
2025-05-30 08:00:00.003000+00:00,1748592000003,2025-05-30T08:00:00.003000+00:00,0.0,667.08733917
2025-05-30 16:00:00+00:00,1748620800000,2025-05-30T16:00:00+00:00,0.0,668.53692035
2025-05-31 00:00:00+00:00,1748649600000,2025-05-31T00:00:00+00:00,0.0,655.02144903
2025-05-31 08:00:00+00:00,1748678400000,2025-05-31T08:00:00+00:00,-3.519e-05,653.51123513
2025-05-31 16:00:00+00:00,1748707200000,2025-05-31T16:00:00+00:00,0.0,656.28487644
2025-06-01 00:00:00.001000+00:00,1748736000001,2025-06-01T00:00:00.001000+00:00,0.0,657.92
2025-06-01 08:00:00.002000+00:00,1748764800002,2025-06-01T08:00:00.002000+00:00,-2.485e-05,653.142432
2025-06-01 16:00:00+00:00,1748793600000,2025-06-01T16:00:00+00:00,-1.71e-05,654.2
2025-06-02 00:00:00.001000+00:00,1748822400001,2025-06-02T00:00:00.001000+00:00,0.0,660.66
2025-06-02 08:00:00+00:00,1748851200000,2025-06-02T08:00:00+00:00,0.0,657.99
2025-06-02 16:00:00+00:00,1748880000000,2025-06-02T16:00:00+00:00,0.0,656.93830064
2025-06-03 00:00:00+00:00,1748908800000,2025-06-03T00:00:00+00:00,0.0,665.90554848
2025-06-03 08:00:00+00:00,1748937600000,2025-06-03T08:00:00+00:00,0.0,665.22666905
2025-06-03 16:00:00.001000+00:00,1748966400001,2025-06-03T16:00:00.001000+00:00,0.0,666.85
2025-06-04 00:00:00+00:00,1748995200000,2025-06-04T00:00:00+00:00,0.0,661.33
2025-06-04 08:00:00+00:00,1749024000000,2025-06-04T08:00:00+00:00,0.0,670.81105757
2025-06-04 16:00:00+00:00,1749052800000,2025-06-04T16:00:00+00:00,0.0,669.48230533
2025-06-05 00:00:00.016000+00:00,1749081600016,2025-06-05T00:00:00.016000+00:00,0.0,662.97334198
2025-06-05 08:00:00+00:00,1749110400000,2025-06-05T08:00:00+00:00,0.0,668.37
2025-06-05 16:00:00+00:00,1749139200000,2025-06-05T16:00:00+00:00,0.0,659.04944122
2025-06-06 00:00:00.002000+00:00,1749168000002,2025-06-06T00:00:00.002000+00:00,-0.00017896,632.9
2025-06-06 08:00:00+00:00,1749196800000,2025-06-06T08:00:00+00:00,-0.00016509,640.97
2025-06-06 16:00:00.006000+00:00,1749225600006,2025-06-06T16:00:00.006000+00:00,0.0,647.60655092
2025-06-07 00:00:00+00:00,1749254400000,2025-06-07T00:00:00+00:00,0.0,642.25
2025-06-07 08:00:00+00:00,1749283200000,2025-06-07T08:00:00+00:00,-2.929e-05,648.33
2025-06-07 16:00:00.002000+00:00,1749312000002,2025-06-07T16:00:00.002000+00:00,-3.338e-05,650.4
2025-06-08 00:00:00+00:00,1749340800000,2025-06-08T00:00:00+00:00,0.0,650.41921791
2025-06-08 08:00:00+00:00,1749369600000,2025-06-08T08:00:00+00:00,-5.138e-05,649.0
2025-06-08 16:00:00+00:00,1749398400000,2025-06-08T16:00:00+00:00,0.0,651.59
2025-06-09 00:00:00+00:00,1749427200000,2025-06-09T00:00:00+00:00,0.0,651.64051897
2025-06-09 08:00:00.001000+00:00,1749456000001,2025-06-09T08:00:00.001000+00:00,-0.00013999,648.95581549
2025-06-09 16:00:00.001000+00:00,1749484800001,2025-06-09T16:00:00.001000+00:00,-2.759e-05,656.20443305
2025-06-10 00:00:00+00:00,1749513600000,2025-06-10T00:00:00+00:00,0.0,665.62745314
2025-06-10 08:00:00.001000+00:00,1749542400001,2025-06-10T08:00:00.001000+00:00,0.0,660.61209024
2025-06-10 16:00:00.003000+00:00,1749571200003,2025-06-10T16:00:00.003000+00:00,-2.84e-05,660.96
2025-06-11 00:00:00+00:00,1749600000000,2025-06-11T00:00:00+00:00,0.0,673.5945214
2025-06-11 08:00:00+00:00,1749628800000,2025-06-11T08:00:00+00:00,0.0,670.08
2025-06-11 16:00:00.010000+00:00,1749657600010,2025-06-11T16:00:00.010000+00:00,0.0,669.59
2025-06-12 00:00:00.002000+00:00,1749686400002,2025-06-12T00:00:00.002000+00:00,0.0,667.58
2025-06-12 08:00:00.003000+00:00,1749715200003,2025-06-12T08:00:00.003000+00:00,0.0,667.31
2025-06-12 16:00:00.001000+00:00,1749744000001,2025-06-12T16:00:00.001000+00:00,0.0,659.8533251
2025-06-13 00:00:00+00:00,1749772800000,2025-06-13T00:00:00+00:00,-8.669e-05,654.41
2025-06-13 08:00:00.001000+00:00,1749801600001,2025-06-13T08:00:00.001000+00:00,0.0,654.83972907
2025-06-13 16:00:00.004000+00:00,1749830400004,2025-06-13T16:00:00.004000+00:00,0.0,653.48
2025-06-14 00:00:00+00:00,1749859200000,2025-06-14T00:00:00+00:00,0.0,655.05885644
2025-06-14 08:00:00+00:00,1749888000000,2025-06-14T08:00:00+00:00,-9.685e-05,651.43
2025-06-14 16:00:00+00:00,1749916800000,2025-06-14T16:00:00+00:00,-0.0001498,645.00394996
2025-06-15 00:00:00.005000+00:00,1749945600005,2025-06-15T00:00:00.005000+00:00,-0.00015328,645.24
2025-06-15 08:00:00.009000+00:00,1749974400009,2025-06-15T08:00:00.009000+00:00,0.0,648.82995239
2025-06-15 16:00:00+00:00,1750003200000,2025-06-15T16:00:00+00:00,0.0,647.52
2025-06-16 00:00:00+00:00,1750032000000,2025-06-16T00:00:00+00:00,0.0,647.92
2025-06-16 08:00:00+00:00,1750060800000,2025-06-16T08:00:00+00:00,0.0,655.93311414
2025-06-16 16:00:00.003000+00:00,1750089600003,2025-06-16T16:00:00.003000+00:00,0.0,657.58
2025-06-17 00:00:00+00:00,1750118400000,2025-06-17T00:00:00+00:00,0.0,650.72321601
2025-06-17 08:00:00.006000+00:00,1750147200006,2025-06-17T08:00:00.006000+00:00,0.0,657.88
2025-06-17 16:00:00.001000+00:00,1750176000001,2025-06-17T16:00:00.001000+00:00,0.0,646.36
2025-06-18 00:00:00.001000+00:00,1750204800001,2025-06-18T00:00:00.001000+00:00,0.0,648.04
2025-06-18 08:00:00.001000+00:00,1750233600001,2025-06-18T08:00:00.001000+00:00,0.0,651.44
2025-06-18 16:00:00.001000+00:00,1750262400001,2025-06-18T16:00:00.001000+00:00,-0.00017564,641.64
2025-06-19 00:00:00.005000+00:00,1750291200005,2025-06-19T00:00:00.005000+00:00,-6.854e-05,644.33862308
2025-06-19 08:00:00.003000+00:00,1750320000003,2025-06-19T08:00:00.003000+00:00,0.0,644.56
2025-06-19 16:00:00+00:00,1750348800000,2025-06-19T16:00:00+00:00,0.0,639.48
2025-06-20 00:00:00+00:00,1750377600000,2025-06-20T00:00:00+00:00,0.0,644.51
2025-06-20 08:00:00.002000+00:00,1750406400002,2025-06-20T08:00:00.002000+00:00,0.0,647.46
2025-06-20 16:00:00.001000+00:00,1750435200001,2025-06-20T16:00:00.001000+00:00,0.0,645.5
2025-06-21 00:00:00.002000+00:00,1750464000002,2025-06-21T00:00:00.002000+00:00,0.0,641.65609789
2025-06-21 08:00:00.005000+00:00,1750492800005,2025-06-21T08:00:00.005000+00:00,0.0,641.27
2025-06-21 16:00:00+00:00,1750521600000,2025-06-21T16:00:00+00:00,-0.00015072,636.15900906
2025-06-22 00:00:00.005000+00:00,1750550400005,2025-06-22T00:00:00.005000+00:00,-0.00012535,628.75
2025-06-22 08:00:00+00:00,1750579200000,2025-06-22T08:00:00+00:00,0.0,632.66247001
2025-06-22 16:00:00.003000+00:00,1750608000003,2025-06-22T16:00:00.003000+00:00,0.0,607.5
2025-06-23 00:00:00+00:00,1750636800000,2025-06-23T00:00:00+00:00,0.0,615.72
2025-06-23 08:00:00.004000+00:00,1750665600004,2025-06-23T08:00:00.004000+00:00,0.0,623.89587487
2025-06-23 16:00:00.013000+00:00,1750694400013,2025-06-23T16:00:00.013000+00:00,0.0,622.38313697
2025-06-24 00:00:00.003000+00:00,1750723200003,2025-06-24T00:00:00.003000+00:00,-7.68e-06,640.04488725
2025-06-24 08:00:00+00:00,1750752000000,2025-06-24T08:00:00+00:00,-0.00016409,638.79
2025-06-24 16:00:00+00:00,1750780800000,2025-06-24T16:00:00+00:00,-0.00012123,639.07
2025-06-25 00:00:00.005000+00:00,1750809600005,2025-06-25T00:00:00.005000+00:00,0.0,643.3
2025-06-25 08:00:00+00:00,1750838400000,2025-06-25T08:00:00+00:00,0.0,644.98
2025-06-25 16:00:00.005000+00:00,1750867200005,2025-06-25T16:00:00.005000+00:00,0.0,642.37
2025-06-26 00:00:00+00:00,1750896000000,2025-06-26T00:00:00+00:00,0.0,646.09287108
2025-06-26 08:00:00.006000+00:00,1750924800006,2025-06-26T08:00:00.006000+00:00,0.0,647.28891958
2025-06-26 16:00:00.007000+00:00,1750953600007,2025-06-26T16:00:00.007000+00:00,0.0,644.86649976
2025-06-27 00:00:00+00:00,1750982400000,2025-06-27T00:00:00+00:00,0.0,642.05295027
2025-06-27 08:00:00+00:00,1751011200000,2025-06-27T08:00:00+00:00,0.0,643.45876343
2025-06-27 16:00:00.009000+00:00,1751040000009,2025-06-27T16:00:00.009000+00:00,0.0,646.56
2025-06-28 00:00:00.001000+00:00,1751068800001,2025-06-28T00:00:00.001000+00:00,0.0,645.56
2025-06-28 08:00:00.002000+00:00,1751097600002,2025-06-28T08:00:00.002000+00:00,0.0,646.9
2025-06-28 16:00:00+00:00,1751126400000,2025-06-28T16:00:00+00:00,0.0,646.38
2025-06-29 00:00:00.004000+00:00,1751155200004,2025-06-29T00:00:00.004000+00:00,0.0,648.39731775
2025-06-29 08:00:00.001000+00:00,1751184000001,2025-06-29T08:00:00.001000+00:00,0.0,649.00190142
2025-06-29 16:00:00.001000+00:00,1751212800001,2025-06-29T16:00:00.001000+00:00,0.0,648.84
2025-06-30 00:00:00+00:00,1751241600000,2025-06-30T00:00:00+00:00,0.0,654.93127698
2025-06-30 08:00:00.005000+00:00,1751270400005,2025-06-30T08:00:00.005000+00:00,0.0,654.54
2025-06-30 16:00:00.002000+00:00,1751299200002,2025-06-30T16:00:00.002000+00:00,0.0,656.61
2025-07-01 00:00:00.007000+00:00,1751328000007,2025-07-01T00:00:00.007000+00:00,0.0,656.99
2025-07-01 08:00:00.002000+00:00,1751356800002,2025-07-01T08:00:00.002000+00:00,0.0,653.98
2025-07-01 16:00:00+00:00,1751385600000,2025-07-01T16:00:00+00:00,0.0,645.77863705
2025-07-02 00:00:00.001000+00:00,1751414400001,2025-07-02T00:00:00.001000+00:00,0.0,646.13719113
2025-07-02 08:00:00+00:00,1751443200000,2025-07-02T08:00:00+00:00,0.0,657.6591225
2025-07-02 16:00:00.003000+00:00,1751472000003,2025-07-02T16:00:00.003000+00:00,0.0,661.76
2025-07-03 00:00:00.006000+00:00,1751500800006,2025-07-03T00:00:00.006000+00:00,0.0,659.95666759
2025-07-03 08:00:00.003000+00:00,1751529600003,2025-07-03T08:00:00.003000+00:00,0.0,662.76
2025-07-03 16:00:00.003000+00:00,1751558400003,2025-07-03T16:00:00.003000+00:00,0.0,656.99395965
2025-07-04 00:00:00.005000+00:00,1751587200005,2025-07-04T00:00:00.005000+00:00,0.0,663.88978588
2025-07-04 08:00:00.003000+00:00,1751616000003,2025-07-04T08:00:00.003000+00:00,0.0,656.02943859
2025-07-04 16:00:00.001000+00:00,1751644800001,2025-07-04T16:00:00.001000+00:00,0.0,652.76
2025-07-05 00:00:00.004000+00:00,1751673600004,2025-07-05T00:00:00.004000+00:00,0.0,653.39
2025-07-05 08:00:00.009000+00:00,1751702400009,2025-07-05T08:00:00.009000+00:00,0.0,654.42
2025-07-05 16:00:00.006000+00:00,1751731200006,2025-07-05T16:00:00.006000+00:00,0.0,654.14
2025-07-06 00:00:00.001000+00:00,1751760000001,2025-07-06T00:00:00.001000+00:00,0.0,656.00731709
2025-07-06 08:00:00.002000+00:00,1751788800002,2025-07-06T08:00:00.002000+00:00,0.0,654.55
2025-07-06 16:00:00.004000+00:00,1751817600004,2025-07-06T16:00:00.004000+00:00,0.0,662.96
2025-07-07 00:00:00+00:00,1751846400000,2025-07-07T00:00:00+00:00,0.0,663.111572
2025-07-07 08:00:00.007000+00:00,1751875200007,2025-07-07T08:00:00.007000+00:00,0.0,662.50411454
2025-07-07 16:00:00+00:00,1751904000000,2025-07-07T16:00:00+00:00,0.0,658.83957193
2025-07-08 00:00:00.010000+00:00,1751932800010,2025-07-08T00:00:00.010000+00:00,0.0,661.04
2025-07-08 08:00:00.003000+00:00,1751961600003,2025-07-08T08:00:00.003000+00:00,0.0,659.83
2025-07-08 16:00:00+00:00,1751990400000,2025-07-08T16:00:00+00:00,0.0,658.05
2025-07-09 00:00:00.002000+00:00,1752019200002,2025-07-09T00:00:00.002000+00:00,0.0,660.52005676
2025-07-09 08:00:00.006000+00:00,1752048000006,2025-07-09T08:00:00.006000+00:00,0.0,662.58743955
2025-07-09 16:00:00.001000+00:00,1752076800001,2025-07-09T16:00:00.001000+00:00,0.0,662.52420277
2025-07-10 00:00:00.003000+00:00,1752105600003,2025-07-10T00:00:00.003000+00:00,0.0,668.86313554
2025-07-10 08:00:00+00:00,1752134400000,2025-07-10T08:00:00+00:00,0.0,671.48413592
2025-07-10 16:00:00.004000+00:00,1752163200004,2025-07-10T16:00:00.004000+00:00,0.0,668.14
2025-07-11 00:00:00.004000+00:00,1752192000004,2025-07-11T00:00:00.004000+00:00,0.0,686.21616901
2025-07-11 08:00:00.007000+00:00,1752220800007,2025-07-11T08:00:00.007000+00:00,0.0,685.27036219
2025-07-11 16:00:00.001000+00:00,1752249600001,2025-07-11T16:00:00.001000+00:00,0.0,687.65442428
2025-07-12 00:00:00+00:00,1752278400000,2025-07-12T00:00:00+00:00,0.0,690.39645918
2025-07-12 08:00:00.001000+00:00,1752307200001,2025-07-12T08:00:00.001000+00:00,2.145e-05,694.72
2025-07-12 16:00:00.002000+00:00,1752336000002,2025-07-12T16:00:00.002000+00:00,0.0,681.25059147
2025-07-13 00:00:00.006000+00:00,1752364800006,2025-07-13T00:00:00.006000+00:00,0.0,686.0670906
2025-07-13 08:00:00.001000+00:00,1752393600001,2025-07-13T08:00:00.001000+00:00,0.0,690.43
2025-07-13 16:00:00.003000+00:00,1752422400003,2025-07-13T16:00:00.003000+00:00,0.0,691.48502074
2025-07-14 00:00:00+00:00,1752451200000,2025-07-14T00:00:00+00:00,0.0,692.2933317
2025-07-14 08:00:00+00:00,1752480000000,2025-07-14T08:00:00+00:00,9.44e-05,706.87
2025-07-14 16:00:00+00:00,1752508800000,2025-07-14T16:00:00+00:00,0.0,692.91
2025-07-15 00:00:00.002000+00:00,1752537600002,2025-07-15T00:00:00.002000+00:00,0.0,689.14054187
2025-07-15 08:00:00+00:00,1752566400000,2025-07-15T08:00:00+00:00,0.0,679.17
2025-07-15 16:00:00+00:00,1752595200000,2025-07-15T16:00:00+00:00,0.0,683.09463703
2025-07-16 00:00:00+00:00,1752624000000,2025-07-16T00:00:00+00:00,0.0,690.3254119
2025-07-16 08:00:00+00:00,1752652800000,2025-07-16T08:00:00+00:00,0.0,692.17
2025-07-16 16:00:00.008000+00:00,1752681600008,2025-07-16T16:00:00.008000+00:00,0.0,700.67
2025-07-17 00:00:00.003000+00:00,1752710400003,2025-07-17T00:00:00.003000+00:00,0.0,708.99
2025-07-17 08:00:00+00:00,1752739200000,2025-07-17T08:00:00+00:00,0.0,721.12174424
2025-07-17 16:00:00+00:00,1752768000000,2025-07-17T16:00:00+00:00,4.682e-05,721.6797386
2025-07-18 00:00:00.004000+00:00,1752796800004,2025-07-18T00:00:00.004000+00:00,5.506e-05,721.04420492
2025-07-18 08:00:00+00:00,1752825600000,2025-07-18T08:00:00+00:00,0.00013265,740.44149039
2025-07-18 16:00:00+00:00,1752854400000,2025-07-18T16:00:00+00:00,4.213e-05,737.93
2025-07-19 00:00:00.009000+00:00,1752883200009,2025-07-19T00:00:00.009000+00:00,0.0,730.30969097
2025-07-19 08:00:00+00:00,1752912000000,2025-07-19T08:00:00+00:00,0.0,732.64314891
2025-07-19 16:00:00.002000+00:00,1752940800002,2025-07-19T16:00:00.002000+00:00,0.0,731.09362189
2025-07-20 00:00:00+00:00,1752969600000,2025-07-20T00:00:00+00:00,0.0,733.43
2025-07-20 08:00:00+00:00,1752998400000,2025-07-20T08:00:00+00:00,1.211e-05,745.0
2025-07-20 16:00:00+00:00,1753027200000,2025-07-20T16:00:00+00:00,0.0,751.41
2025-07-21 00:00:00.001000+00:00,1753056000001,2025-07-21T00:00:00.001000+00:00,3.139e-05,757.32
2025-07-21 08:00:00+00:00,1753084800000,2025-07-21T08:00:00+00:00,1.13e-05,760.83000926
2025-07-21 16:00:00.001000+00:00,1753113600001,2025-07-21T16:00:00.001000+00:00,0.00012067,774.62
2025-07-22 00:00:00+00:00,1753142400000,2025-07-22T00:00:00+00:00,0.0,766.51
2025-07-22 08:00:00.010000+00:00,1753171200010,2025-07-22T08:00:00.010000+00:00,0.0,757.76983326
2025-07-22 16:00:00.007000+00:00,1753200000007,2025-07-22T16:00:00.007000+00:00,0.00010652,764.39296022
2025-07-23 00:00:00+00:00,1753228800000,2025-07-23T00:00:00+00:00,0.00024488,787.51712743
2025-07-23 08:00:00.004000+00:00,1753257600004,2025-07-23T08:00:00.004000+00:00,0.00023989,794.75932933
2025-07-23 16:00:00.002000+00:00,1753286400002,2025-07-23T16:00:00.002000+00:00,3.205e-05,784.88711429
2025-07-24 00:00:00+00:00,1753315200000,2025-07-24T00:00:00+00:00,0.0,776.87
2025-07-24 08:00:00.001000+00:00,1753344000001,2025-07-24T08:00:00.001000+00:00,0.0,759.33
2025-07-24 16:00:00+00:00,1753372800000,2025-07-24T16:00:00+00:00,3.908e-05,778.83
2025-07-25 00:00:00+00:00,1753401600000,2025-07-25T00:00:00+00:00,0.0,771.08019387
2025-07-25 08:00:00+00:00,1753430400000,2025-07-25T08:00:00+00:00,0.0,761.73
2025-07-25 16:00:00+00:00,1753459200000,2025-07-25T16:00:00+00:00,1.809e-05,766.21350511
2025-07-26 00:00:00.001000+00:00,1753488000001,2025-07-26T00:00:00.001000+00:00,0.00013733,785.98
2025-07-26 08:00:00.005000+00:00,1753516800005,2025-07-26T08:00:00.005000+00:00,5.6e-06,782.95985046
2025-07-26 16:00:00.001000+00:00,1753545600001,2025-07-26T16:00:00.001000+00:00,1.57e-06,781.70091394
2025-07-27 00:00:00.001000+00:00,1753574400001,2025-07-27T00:00:00.001000+00:00,0.00012703,793.53540788
2025-07-27 08:00:00+00:00,1753603200000,2025-07-27T08:00:00+00:00,0.0,796.84
2025-07-27 16:00:00.008000+00:00,1753632000008,2025-07-27T16:00:00.008000+00:00,9.734e-05,814.59778225
2025-07-28 00:00:00.005000+00:00,1753660800005,2025-07-28T00:00:00.005000+00:00,0.00013252,844.61672483
2025-07-28 08:00:00+00:00,1753689600000,2025-07-28T08:00:00+00:00,0.00010789,856.33
2025-07-28 16:00:00+00:00,1753718400000,2025-07-28T16:00:00+00:00,0.00011022,836.19454132
2025-07-29 00:00:00.001000+00:00,1753747200001,2025-07-29T00:00:00.001000+00:00,5.822e-05,824.47
2025-07-29 08:00:00+00:00,1753776000000,2025-07-29T08:00:00+00:00,7.14e-06,825.8332335
2025-07-29 16:00:00+00:00,1753804800000,2025-07-29T16:00:00+00:00,7.209e-05,805.54
2025-07-30 00:00:00.011000+00:00,1753833600011,2025-07-30T00:00:00.011000+00:00,0.00010428,805.78121121
2025-07-30 08:00:00+00:00,1753862400000,2025-07-30T08:00:00+00:00,3.363e-05,800.94
2025-07-30 16:00:00.008000+00:00,1753891200008,2025-07-30T16:00:00.008000+00:00,3.062e-05,791.12230725
2025-07-31 00:00:00+00:00,1753920000000,2025-07-31T00:00:00+00:00,7.977e-05,793.98818979
2025-07-31 08:00:00.009000+00:00,1753948800009,2025-07-31T08:00:00.009000+00:00,0.0,804.00607579
2025-07-31 16:00:00+00:00,1753977600000,2025-07-31T16:00:00+00:00,0.0,800.05
2025-08-01 00:00:00.001000+00:00,1754006400001,2025-08-01T00:00:00.001000+00:00,0.0,783.49576703
2025-08-01 08:00:00.003000+00:00,1754035200003,2025-08-01T08:00:00.003000+00:00,2.565e-05,773.79
2025-08-01 16:00:00+00:00,1754064000000,2025-08-01T16:00:00+00:00,3.09e-05,764.46
2025-08-02 00:00:00.004000+00:00,1754092800004,2025-08-02T00:00:00.004000+00:00,9.79e-06,757.51454702
2025-08-02 08:00:00+00:00,1754121600000,2025-08-02T08:00:00+00:00,0.0,759.34
2025-08-02 16:00:00+00:00,1754150400000,2025-08-02T16:00:00+00:00,0.0,743.44
2025-08-03 00:00:00+00:00,1754179200000,2025-08-03T00:00:00+00:00,3.677e-05,736.91918691
2025-08-03 08:00:00+00:00,1754208000000,2025-08-03T08:00:00+00:00,0.0,748.31887311
2025-08-03 16:00:00.003000+00:00,1754236800003,2025-08-03T16:00:00.003000+00:00,0.0,748.84
2025-08-04 00:00:00.004000+00:00,1754265600004,2025-08-04T00:00:00.004000+00:00,0.0,751.36656774
2025-08-04 08:00:00+00:00,1754294400000,2025-08-04T08:00:00+00:00,0.0,757.31
2025-08-04 16:00:00.002000+00:00,1754323200002,2025-08-04T16:00:00.002000+00:00,0.0,760.72670637
2025-08-05 00:00:00+00:00,1754352000000,2025-08-05T00:00:00+00:00,0.0,768.83716521
2025-08-05 08:00:00+00:00,1754380800000,2025-08-05T08:00:00+00:00,0.0,757.73
2025-08-05 16:00:00+00:00,1754409600000,2025-08-05T16:00:00+00:00,0.0,749.39
2025-08-06 00:00:00.005000+00:00,1754438400005,2025-08-06T00:00:00.005000+00:00,0.0,755.57
2025-08-06 08:00:00+00:00,1754467200000,2025-08-06T08:00:00+00:00,0.0,763.49
2025-08-06 16:00:00+00:00,1754496000000,2025-08-06T16:00:00+00:00,3.269e-05,769.72
2025-08-07 00:00:00.003000+00:00,1754524800003,2025-08-07T00:00:00.003000+00:00,4.17e-05,769.8721501
2025-08-07 08:00:00.002000+00:00,1754553600002,2025-08-07T08:00:00.002000+00:00,0.0,768.58015697
2025-08-07 16:00:00.002000+00:00,1754582400002,2025-08-07T16:00:00.002000+00:00,0.0,775.93952989
2025-08-08 00:00:00.002000+00:00,1754611200002,2025-08-08T00:00:00.002000+00:00,0.0,788.99
2025-08-08 08:00:00.004000+00:00,1754640000004,2025-08-08T08:00:00.004000+00:00,0.0,790.04212187
2025-08-08 16:00:00+00:00,1754668800000,2025-08-08T16:00:00+00:00,0.0,785.16489274
2025-08-09 00:00:00.005000+00:00,1754697600005,2025-08-09T00:00:00.005000+00:00,0.0,793.69853866
2025-08-09 08:00:00+00:00,1754726400000,2025-08-09T08:00:00+00:00,0.0,810.01438095
2025-08-09 16:00:00.007000+00:00,1754755200007,2025-08-09T16:00:00.007000+00:00,5.501e-05,806.82102276
2025-08-10 00:00:00.003000+00:00,1754784000003,2025-08-10T00:00:00.003000+00:00,0.0,799.15558426
2025-08-10 08:00:00.005000+00:00,1754812800005,2025-08-10T08:00:00.005000+00:00,3.278e-05,799.7370939
2025-08-10 16:00:00.002000+00:00,1754841600002,2025-08-10T16:00:00.002000+00:00,0.0,802.33929337
2025-08-11 00:00:00+00:00,1754870400000,2025-08-11T00:00:00+00:00,0.0,807.50690653
2025-08-11 08:00:00+00:00,1754899200000,2025-08-11T08:00:00+00:00,0.00014301,812.12
2025-08-11 16:00:00+00:00,1754928000000,2025-08-11T16:00:00+00:00,0.0,807.59
2025-08-12 00:00:00+00:00,1754956800000,2025-08-12T00:00:00+00:00,0.0,805.17705848
2025-08-12 08:00:00.001000+00:00,1754985600001,2025-08-12T08:00:00.001000+00:00,0.0,808.0721548
2025-08-12 16:00:00.005000+00:00,1755014400005,2025-08-12T16:00:00.005000+00:00,0.0,821.08021062
2025-08-13 00:00:00+00:00,1755043200000,2025-08-13T00:00:00+00:00,0.0001441,832.98712492
2025-08-13 08:00:00.002000+00:00,1755072000002,2025-08-13T08:00:00.002000+00:00,7.511e-05,847.26929541
2025-08-13 16:00:00.006000+00:00,1755100800006,2025-08-13T16:00:00.006000+00:00,0.00022827,842.12476216
2025-08-14 00:00:00.002000+00:00,1755129600002,2025-08-14T00:00:00.002000+00:00,2.287e-05,848.28357089
2025-08-14 08:00:00.003000+00:00,1755158400003,2025-08-14T08:00:00.003000+00:00,0.00019442,858.29
2025-08-14 16:00:00+00:00,1755187200000,2025-08-14T16:00:00+00:00,8.604e-05,847.4
2025-08-15 00:00:00+00:00,1755216000000,2025-08-15T00:00:00+00:00,0.0,840.8
2025-08-15 08:00:00+00:00,1755244800000,2025-08-15T08:00:00+00:00,0.0,848.61
2025-08-15 16:00:00+00:00,1755273600000,2025-08-15T16:00:00+00:00,0.0,818.89
2025-08-16 00:00:00.004000+00:00,1755302400004,2025-08-16T00:00:00.004000+00:00,0.0,828.0
2025-08-16 08:00:00+00:00,1755331200000,2025-08-16T08:00:00+00:00,0.0,835.82728292
2025-08-16 16:00:00.002000+00:00,1755360000002,2025-08-16T16:00:00.002000+00:00,0.0,832.09300279
2025-08-17 00:00:00+00:00,1755388800000,2025-08-17T00:00:00+00:00,0.0,838.97
2025-08-17 08:00:00.001000+00:00,1755417600001,2025-08-17T08:00:00.001000+00:00,3.44e-06,854.67
2025-08-17 16:00:00.007000+00:00,1755446400007,2025-08-17T16:00:00.007000+00:00,0.0,860.33919557
2025-08-18 00:00:00+00:00,1755475200000,2025-08-18T00:00:00+00:00,3.265e-05,855.92491086
2025-08-18 08:00:00.001000+00:00,1755504000001,2025-08-18T08:00:00.001000+00:00,0.0,830.45
2025-08-18 16:00:00.002000+00:00,1755532800002,2025-08-18T16:00:00.002000+00:00,0.0,842.09930377
2025-08-19 00:00:00+00:00,1755561600000,2025-08-19T00:00:00+00:00,0.0,847.43200062
2025-08-19 08:00:00.001000+00:00,1755590400001,2025-08-19T08:00:00.001000+00:00,0.0,838.49909227
2025-08-19 16:00:00+00:00,1755619200000,2025-08-19T16:00:00+00:00,0.0,832.49450348
2025-08-20 00:00:00+00:00,1755648000000,2025-08-20T00:00:00+00:00,0.0,824.44
2025-08-20 08:00:00+00:00,1755676800000,2025-08-20T08:00:00+00:00,0.0,834.65552678
2025-08-20 16:00:00+00:00,1755705600000,2025-08-20T16:00:00+00:00,0.0,833.45282028
2025-08-21 00:00:00.006000+00:00,1755734400006,2025-08-21T00:00:00.006000+00:00,9.039e-05,869.69399081
2025-08-21 08:00:00+00:00,1755763200000,2025-08-21T08:00:00+00:00,3.769e-05,862.91915589
2025-08-21 16:00:00.003000+00:00,1755792000003,2025-08-21T16:00:00.003000+00:00,0.0,842.2964839
2025-08-22 00:00:00.010000+00:00,1755820800010,2025-08-22T00:00:00.010000+00:00,0.0,839.77116437
2025-08-22 08:00:00.007000+00:00,1755849600007,2025-08-22T08:00:00.007000+00:00,0.0,851.49
2025-08-22 16:00:00.001000+00:00,1755878400001,2025-08-22T16:00:00.001000+00:00,4.832e-05,876.99
2025-08-23 00:00:00.004000+00:00,1755907200004,2025-08-23T00:00:00.004000+00:00,0.00032856,901.0
2025-08-23 08:00:00.006000+00:00,1755936000006,2025-08-23T08:00:00.006000+00:00,0.00018028,887.90926078
2025-08-23 16:00:00+00:00,1755964800000,2025-08-23T16:00:00+00:00,0.00012106,889.17
2025-08-24 00:00:00.001000+00:00,1755993600001,2025-08-24T00:00:00.001000+00:00,0.00011059,880.86
2025-08-24 08:00:00.002000+00:00,1756022400002,2025-08-24T08:00:00.002000+00:00,0.00011701,870.79646286
2025-08-24 16:00:00.001000+00:00,1756051200001,2025-08-24T16:00:00.001000+00:00,0.0,867.72
2025-08-25 00:00:00+00:00,1756080000000,2025-08-25T00:00:00+00:00,9e-08,876.9
2025-08-25 08:00:00.002000+00:00,1756108800002,2025-08-25T08:00:00.002000+00:00,6.642e-05,858.83020066
2025-08-25 16:00:00.002000+00:00,1756137600002,2025-08-25T16:00:00.002000+00:00,0.0,863.79
2025-08-26 00:00:00+00:00,1756166400000,2025-08-26T00:00:00+00:00,0.0,839.63
2025-08-26 08:00:00+00:00,1756195200000,2025-08-26T08:00:00+00:00,2.8e-06,843.03
2025-08-26 16:00:00+00:00,1756224000000,2025-08-26T16:00:00+00:00,0.0,850.04
2025-08-27 00:00:00.003000+00:00,1756252800003,2025-08-27T00:00:00.003000+00:00,4.937e-05,864.16
2025-08-27 08:00:00+00:00,1756281600000,2025-08-27T08:00:00+00:00,0.0,857.64373464
2025-08-27 16:00:00.009000+00:00,1756310400009,2025-08-27T16:00:00.009000+00:00,0.0,865.2
2025-08-28 00:00:00+00:00,1756339200000,2025-08-28T00:00:00+00:00,2.791e-05,855.74
2025-08-28 08:00:00.005000+00:00,1756368000005,2025-08-28T08:00:00.005000+00:00,9.121e-05,869.77883113
2025-08-28 16:00:00.004000+00:00,1756396800004,2025-08-28T16:00:00.004000+00:00,6.997e-05,870.23
2025-08-29 00:00:00+00:00,1756425600000,2025-08-29T00:00:00+00:00,3.288e-05,874.07507168
2025-08-29 08:00:00+00:00,1756454400000,2025-08-29T08:00:00+00:00,1.013e-05,857.55967643
2025-08-29 16:00:00.005000+00:00,1756483200005,2025-08-29T16:00:00.005000+00:00,2.538e-05,858.61
2025-08-30 00:00:00+00:00,1756512000000,2025-08-30T00:00:00+00:00,1.126e-05,862.77550298
2025-08-30 08:00:00.002000+00:00,1756540800002,2025-08-30T08:00:00.002000+00:00,4.455e-05,860.89876327
2025-08-30 16:00:00.003000+00:00,1756569600003,2025-08-30T16:00:00.003000+00:00,0.0,859.45281341
2025-08-31 00:00:00.016000+00:00,1756598400016,2025-08-31T00:00:00.016000+00:00,3.932e-05,862.54048925
2025-08-31 08:00:00+00:00,1756627200000,2025-08-31T08:00:00+00:00,0.0,858.99611035
2025-08-31 16:00:00.001000+00:00,1756656000001,2025-08-31T16:00:00.001000+00:00,0.0,862.3272898
2025-09-01 00:00:00+00:00,1756684800000,2025-09-01T00:00:00+00:00,0.0,858.00663604
2025-09-01 08:00:00+00:00,1756713600000,2025-09-01T08:00:00+00:00,0.0,865.85298569
2025-09-01 16:00:00.001000+00:00,1756742400001,2025-09-01T16:00:00.001000+00:00,0.0,847.52
2025-09-02 00:00:00+00:00,1756771200000,2025-09-02T00:00:00+00:00,0.0,846.12157605
2025-09-02 08:00:00.005000+00:00,1756800000005,2025-09-02T08:00:00.005000+00:00,0.0,855.37
2025-09-02 16:00:00.007000+00:00,1756828800007,2025-09-02T16:00:00.007000+00:00,2.168e-05,847.25
2025-09-03 00:00:00.006000+00:00,1756857600006,2025-09-03T00:00:00.006000+00:00,0.0,852.22
2025-09-03 08:00:00.002000+00:00,1756886400002,2025-09-03T08:00:00.002000+00:00,0.0,854.88
2025-09-03 16:00:00.002000+00:00,1756915200002,2025-09-03T16:00:00.002000+00:00,0.0,860.63
2025-09-04 00:00:00.002000+00:00,1756944000002,2025-09-04T00:00:00.002000+00:00,2.732e-05,855.21
2025-09-04 08:00:00+00:00,1756972800000,2025-09-04T08:00:00+00:00,0.0,847.91139632
2025-09-04 16:00:00+00:00,1757001600000,2025-09-04T16:00:00+00:00,0.0,844.52328349
2025-09-05 00:00:00.001000+00:00,1757030400001,2025-09-05T00:00:00.001000+00:00,0.0,843.74974442
2025-09-05 08:00:00.006000+00:00,1757059200006,2025-09-05T08:00:00.006000+00:00,0.0,850.71
2025-09-05 16:00:00+00:00,1757088000000,2025-09-05T16:00:00+00:00,0.0,849.08
2025-09-06 00:00:00+00:00,1757116800000,2025-09-06T00:00:00+00:00,0.0,850.28
2025-09-06 08:00:00.005000+00:00,1757145600005,2025-09-06T08:00:00.005000+00:00,0.0,859.77259778
2025-09-06 16:00:00+00:00,1757174400000,2025-09-06T16:00:00+00:00,1.384e-05,859.98
2025-09-07 00:00:00+00:00,1757203200000,2025-09-07T00:00:00+00:00,0.0,861.33926659
2025-09-07 08:00:00+00:00,1757232000000,2025-09-07T08:00:00+00:00,0.0,868.120262
2025-09-07 16:00:00+00:00,1757260800000,2025-09-07T16:00:00+00:00,5.222e-05,875.11
2025-09-08 00:00:00.007000+00:00,1757289600007,2025-09-08T00:00:00.007000+00:00,7.418e-05,880.63607088
2025-09-08 08:00:00+00:00,1757318400000,2025-09-08T08:00:00+00:00,0.0,874.51865139
2025-09-08 16:00:00+00:00,1757347200000,2025-09-08T16:00:00+00:00,0.0,880.55589806
2025-09-09 00:00:00+00:00,1757376000000,2025-09-09T00:00:00+00:00,0.00012454,878.46635372
2025-09-09 08:00:00+00:00,1757404800000,2025-09-09T08:00:00+00:00,9.705e-05,881.6968616
2025-09-09 16:00:00+00:00,1757433600000,2025-09-09T16:00:00+00:00,0.0,873.69369584
2025-09-10 00:00:00+00:00,1757462400000,2025-09-10T00:00:00+00:00,0.0,880.24281266
2025-09-10 08:00:00.002000+00:00,1757491200002,2025-09-10T08:00:00.002000+00:00,5.321e-05,883.95832959
2025-09-10 16:00:00+00:00,1757520000000,2025-09-10T16:00:00+00:00,0.00010856,895.8469425
2025-09-11 00:00:00+00:00,1757548800000,2025-09-11T00:00:00+00:00,0.0,894.13522896
2025-09-11 08:00:00+00:00,1757577600000,2025-09-11T08:00:00+00:00,0.0,896.92
2025-09-11 16:00:00.001000+00:00,1757606400001,2025-09-11T16:00:00.001000+00:00,2.308e-05,893.55387445
2025-09-12 00:00:00.002000+00:00,1757635200002,2025-09-12T00:00:00.002000+00:00,0.0,903.13
2025-09-12 08:00:00.001000+00:00,1757664000001,2025-09-12T08:00:00.001000+00:00,3.147e-05,903.89
2025-09-12 16:00:00.005000+00:00,1757692800005,2025-09-12T16:00:00.005000+00:00,0.0001083,907.44
2025-09-13 00:00:00.005000+00:00,1757721600005,2025-09-13T00:00:00.005000+00:00,0.00016022,925.44129039
2025-09-13 08:00:00.002000+00:00,1757750400002,2025-09-13T08:00:00.002000+00:00,0.0001208,925.66
2025-09-13 16:00:00+00:00,1757779200000,2025-09-13T16:00:00+00:00,0.00012118,937.03201277
2025-09-14 00:00:00.006000+00:00,1757808000006,2025-09-14T00:00:00.006000+00:00,0.0,934.17781144
2025-09-14 08:00:00+00:00,1757836800000,2025-09-14T08:00:00+00:00,0.00010453,938.13506564
2025-09-14 16:00:00.001000+00:00,1757865600001,2025-09-14T16:00:00.001000+00:00,0.0,924.87
2025-09-15 00:00:00.006000+00:00,1757894400006,2025-09-15T00:00:00.006000+00:00,0.0,926.80724271
2025-09-15 08:00:00.002000+00:00,1757923200002,2025-09-15T08:00:00.002000+00:00,0.0,923.77627265
2025-09-15 16:00:00.001000+00:00,1757952000001,2025-09-15T16:00:00.001000+00:00,0.0,916.95
2025-09-16 00:00:00.001000+00:00,1757980800001,2025-09-16T00:00:00.001000+00:00,1.95e-06,920.10356564
2025-09-16 08:00:00+00:00,1758009600000,2025-09-16T08:00:00+00:00,0.0,931.32108168
2025-09-16 16:00:00+00:00,1758038400000,2025-09-16T16:00:00+00:00,0.0,938.0
2025-09-17 00:00:00.001000+00:00,1758067200001,2025-09-17T00:00:00.001000+00:00,0.00015544,956.26
2025-09-17 08:00:00+00:00,1758096000000,2025-09-17T08:00:00+00:00,5.771e-05,955.37273716
2025-09-17 16:00:00.003000+00:00,1758124800003,2025-09-17T16:00:00.003000+00:00,6.133e-05,951.62738572
2025-09-18 00:00:00.006000+00:00,1758153600006,2025-09-18T00:00:00.006000+00:00,0.00011161,990.81
2025-09-18 08:00:00.002000+00:00,1758182400002,2025-09-18T08:00:00.002000+00:00,0.00014904,998.81
2025-09-18 16:00:00+00:00,1758211200000,2025-09-18T16:00:00+00:00,7.826e-05,994.01
2025-09-19 00:00:00+00:00,1758240000000,2025-09-19T00:00:00+00:00,3.442e-05,981.75122044
2025-09-19 08:00:00.005000+00:00,1758268800005,2025-09-19T08:00:00.005000+00:00,0.0,995.17
2025-09-19 16:00:00+00:00,1758297600000,2025-09-19T16:00:00+00:00,8.365e-05,983.17
2025-09-20 00:00:00+00:00,1758326400000,2025-09-20T00:00:00+00:00,0.0,984.46979581
2025-09-20 08:00:00+00:00,1758355200000,2025-09-20T08:00:00+00:00,0.0,999.67388551
2025-09-20 16:00:00.002000+00:00,1758384000002,2025-09-20T16:00:00.002000+00:00,0.0,1021.60756349
2025-09-21 00:00:00+00:00,1758412800000,2025-09-21T00:00:00+00:00,0.0,1044.28
2025-09-21 08:00:00+00:00,1758441600000,2025-09-21T08:00:00+00:00,0.0,1074.57
2025-09-21 16:00:00+00:00,1758470400000,2025-09-21T16:00:00+00:00,0.0,1056.65455423
2025-09-22 00:00:00.005000+00:00,1758499200005,2025-09-22T00:00:00.005000+00:00,0.0,1048.25
2025-09-22 08:00:00.003000+00:00,1758528000003,2025-09-22T08:00:00.003000+00:00,4.118e-05,1024.24937139
2025-09-22 16:00:00+00:00,1758556800000,2025-09-22T16:00:00+00:00,7.583e-05,998.27355701
2025-09-23 00:00:00+00:00,1758585600000,2025-09-23T00:00:00+00:00,4.293e-05,993.50041314
2025-09-23 08:00:00.001000+00:00,1758614400001,2025-09-23T08:00:00.001000+00:00,0.0,1002.06802384
2025-09-23 16:00:00+00:00,1758643200000,2025-09-23T16:00:00+00:00,0.0,1022.96085688
2025-09-24 00:00:00.003000+00:00,1758672000003,2025-09-24T00:00:00.003000+00:00,6.267e-05,1016.74207583
2025-09-24 08:00:00.001000+00:00,1758700800001,2025-09-24T08:00:00.001000+00:00,0.0,1018.4
2025-09-24 16:00:00.002000+00:00,1758729600002,2025-09-24T16:00:00.002000+00:00,9.26e-06,1009.7893009
2025-09-25 00:00:00+00:00,1758758400000,2025-09-25T00:00:00+00:00,0.0,1018.81
2025-09-25 08:00:00.001000+00:00,1758787200001,2025-09-25T08:00:00.001000+00:00,0.00011201,992.4
2025-09-25 16:00:00+00:00,1758816000000,2025-09-25T16:00:00+00:00,4.5e-06,995.74
2025-09-26 00:00:00+00:00,1758844800000,2025-09-26T00:00:00+00:00,5.119e-05,946.47849021
2025-09-26 08:00:00+00:00,1758873600000,2025-09-26T08:00:00+00:00,9.24e-06,949.95433881
2025-09-26 16:00:00.008000+00:00,1758902400008,2025-09-26T16:00:00.008000+00:00,0.0,942.73
2025-09-27 00:00:00+00:00,1758931200000,2025-09-27T00:00:00+00:00,0.0,961.19791348
2025-09-27 08:00:00.010000+00:00,1758960000010,2025-09-27T08:00:00.010000+00:00,0.0,972.53741155
2025-09-27 16:00:00.003000+00:00,1758988800003,2025-09-27T16:00:00.003000+00:00,0.0,976.6911089
2025-09-28 00:00:00+00:00,1759017600000,2025-09-28T00:00:00+00:00,0.0,968.71
2025-09-28 08:00:00+00:00,1759046400000,2025-09-28T08:00:00+00:00,0.0,969.80488353
2025-09-28 16:00:00+00:00,1759075200000,2025-09-28T16:00:00+00:00,0.0,976.42536149
2025-09-29 00:00:00+00:00,1759104000000,2025-09-29T00:00:00+00:00,0.0,993.27090571
2025-09-29 08:00:00.002000+00:00,1759132800002,2025-09-29T08:00:00.002000+00:00,0.00016081,1010.5
2025-09-29 16:00:00.001000+00:00,1759161600001,2025-09-29T16:00:00.001000+00:00,0.0,1011.16
2025-09-30 00:00:00.002000+00:00,1759190400002,2025-09-30T00:00:00.002000+00:00,0.0,1030.39907167
2025-09-30 08:00:00.005000+00:00,1759219200005,2025-09-30T08:00:00.005000+00:00,3.761e-05,1020.63
2025-09-30 16:00:00+00:00,1759248000000,2025-09-30T16:00:00+00:00,7.373e-05,998.69768743
2025-10-01 00:00:00+00:00,1759276800000,2025-10-01T00:00:00+00:00,0.0,1008.77
2025-10-01 08:00:00+00:00,1759305600000,2025-10-01T08:00:00+00:00,0.0,1010.21544814
2025-10-01 16:00:00+00:00,1759334400000,2025-10-01T16:00:00+00:00,0.0,1019.36
2025-10-02 00:00:00+00:00,1759363200000,2025-10-02T00:00:00+00:00,0.0,1026.83796169
2025-10-02 08:00:00.013000+00:00,1759392000013,2025-10-02T08:00:00.013000+00:00,0.0,1036.44
2025-10-02 16:00:00+00:00,1759420800000,2025-10-02T16:00:00+00:00,0.0,1056.10814257
2025-10-03 00:00:00.006000+00:00,1759449600006,2025-10-03T00:00:00.006000+00:00,0.00021025,1090.85054878
2025-10-03 08:00:00.006000+00:00,1759478400006,2025-10-03T08:00:00.006000+00:00,9.993e-05,1087.02
2025-10-03 16:00:00+00:00,1759507200000,2025-10-03T16:00:00+00:00,2.968e-05,1164.89
2025-10-04 00:00:00.001000+00:00,1759536000001,2025-10-04T00:00:00.001000+00:00,9.49e-05,1190.23914049
2025-10-04 08:00:00+00:00,1759564800000,2025-10-04T08:00:00+00:00,3.472e-05,1167.49
2025-10-04 16:00:00+00:00,1759593600000,2025-10-04T16:00:00+00:00,3.987e-05,1144.92506245
2025-10-05 00:00:00+00:00,1759622400000,2025-10-05T00:00:00+00:00,4.607e-05,1151.46
2025-10-05 08:00:00.003000+00:00,1759651200003,2025-10-05T08:00:00.003000+00:00,0.0,1178.21186498
2025-10-05 16:00:00.009000+00:00,1759680000009,2025-10-05T16:00:00.009000+00:00,0.0,1158.94929
2025-10-06 00:00:00.004000+00:00,1759708800004,2025-10-06T00:00:00.004000+00:00,0.0,1167.73608654
2025-10-06 08:00:00.002000+00:00,1759737600002,2025-10-06T08:00:00.002000+00:00,6.884e-05,1199.09
2025-10-06 16:00:00.004000+00:00,1759766400004,2025-10-06T16:00:00.004000+00:00,3.841e-05,1222.1
2025-10-07 00:00:00+00:00,1759795200000,2025-10-07T00:00:00+00:00,0.0,1224.38
2025-10-07 08:00:00.003000+00:00,1759824000003,2025-10-07T08:00:00.003000+00:00,0.0,1250.35631361
2025-10-07 16:00:00+00:00,1759852800000,2025-10-07T16:00:00+00:00,6.251e-05,1281.57
2025-10-08 00:00:00+00:00,1759881600000,2025-10-08T00:00:00+00:00,0.0,1305.24530664
2025-10-08 08:00:00.006000+00:00,1759910400006,2025-10-08T08:00:00.006000+00:00,0.0,1312.45687897
2025-10-08 16:00:00.002000+00:00,1759939200002,2025-10-08T16:00:00.002000+00:00,0.0,1293.63088602
2025-10-09 00:00:00.001000+00:00,1759968000001,2025-10-09T00:00:00.001000+00:00,0.0,1306.83
2025-10-09 08:00:00+00:00,1759996800000,2025-10-09T08:00:00+00:00,0.0,1308.84
2025-10-09 16:00:00+00:00,1760025600000,2025-10-09T16:00:00+00:00,0.0,1240.54
2025-10-10 00:00:00.005000+00:00,1760054400005,2025-10-10T00:00:00.005000+00:00,0.0,1255.78162313
2025-10-10 08:00:00.002000+00:00,1760083200002,2025-10-10T08:00:00.002000+00:00,0.0,1264.21
2025-10-10 16:00:00.014000+00:00,1760112000014,2025-10-10T16:00:00.014000+00:00,0.0,1216.25831074
2025-10-11 00:00:00+00:00,1760140800000,2025-10-11T00:00:00+00:00,2.76e-06,1102.30100704
2025-10-11 08:00:00.003000+00:00,1760169600003,2025-10-11T08:00:00.003000+00:00,0.0,1094.94
2025-10-11 16:00:00+00:00,1760198400000,2025-10-11T16:00:00+00:00,0.0,1143.25
2025-10-12 00:00:00.004000+00:00,1760227200004,2025-10-12T00:00:00.004000+00:00,0.0,1134.92596463
2025-10-12 08:00:00.002000+00:00,1760256000002,2025-10-12T08:00:00.002000+00:00,0.0,1160.63509075
2025-10-12 16:00:00+00:00,1760284800000,2025-10-12T16:00:00+00:00,-5.331e-05,1302.38021497
2025-10-13 00:00:00.003000+00:00,1760313600003,2025-10-13T00:00:00.003000+00:00,0.0,1302.86019925
2025-10-13 08:00:00.002000+00:00,1760342400002,2025-10-13T08:00:00.002000+00:00,-0.00030569,1342.35040839
2025-10-13 16:00:00.003000+00:00,1760371200003,2025-10-13T16:00:00.003000+00:00,0.0,1273.20091501
2025-10-14 00:00:00+00:00,1760400000000,2025-10-14T00:00:00+00:00,-0.00027668,1293.85465149
2025-10-14 08:00:00+00:00,1760428800000,2025-10-14T08:00:00+00:00,0.0,1195.04687666
2025-10-14 16:00:00+00:00,1760457600000,2025-10-14T16:00:00+00:00,-0.00016775,1211.82817811
2025-10-15 00:00:00.006000+00:00,1760486400006,2025-10-15T00:00:00.006000+00:00,-0.00020435,1208.08
2025-10-15 08:00:00.002000+00:00,1760515200002,2025-10-15T08:00:00.002000+00:00,0.0,1189.8646882
2025-10-15 16:00:00+00:00,1760544000000,2025-10-15T16:00:00+00:00,0.0,1168.70261561
2025-10-16 00:00:00+00:00,1760572800000,2025-10-16T00:00:00+00:00,0.0,1162.9692331
2025-10-16 08:00:00.003000+00:00,1760601600003,2025-10-16T08:00:00.003000+00:00,0.0,1184.00275013
2025-10-16 16:00:00.002000+00:00,1760630400002,2025-10-16T16:00:00.002000+00:00,0.0,1135.21189053
2025-10-17 00:00:00.001000+00:00,1760659200001,2025-10-17T00:00:00.001000+00:00,0.0,1144.65
2025-10-17 08:00:00.005000+00:00,1760688000005,2025-10-17T08:00:00.005000+00:00,0.0,1062.87507647
2025-10-17 16:00:00.003000+00:00,1760716800003,2025-10-17T16:00:00.003000+00:00,-0.00016779,1073.93155529
2025-10-18 00:00:00+00:00,1760745600000,2025-10-18T00:00:00+00:00,0.0,1070.56520073
2025-10-18 08:00:00.002000+00:00,1760774400002,2025-10-18T08:00:00.002000+00:00,-0.00013138,1118.08281662
2025-10-18 16:00:00.001000+00:00,1760803200001,2025-10-18T16:00:00.001000+00:00,-8.672e-05,1090.74282099
2025-10-19 00:00:00.001000+00:00,1760832000001,2025-10-19T00:00:00.001000+00:00,-1.193e-05,1092.04717913
2025-10-19 08:00:00.001000+00:00,1760860800001,2025-10-19T08:00:00.001000+00:00,0.0,1083.95628272
2025-10-19 16:00:00.001000+00:00,1760889600001,2025-10-19T16:00:00.001000+00:00,-8.195e-05,1118.30841024
2025-10-20 00:00:00.004000+00:00,1760918400004,2025-10-20T00:00:00.004000+00:00,-0.00021765,1109.16623357
2025-10-20 08:00:00.001000+00:00,1760947200001,2025-10-20T08:00:00.001000+00:00,-3.486e-05,1124.61779456
2025-10-20 16:00:00+00:00,1760976000000,2025-10-20T16:00:00+00:00,-0.00035218,1109.92462217
2025-10-21 00:00:00.009000+00:00,1761004800009,2025-10-21T00:00:00.009000+00:00,-2.886e-05,1099.71
2025-10-21 08:00:00+00:00,1761033600000,2025-10-21T08:00:00+00:00,0.0,1072.15406052
2025-10-21 16:00:00+00:00,1761062400000,2025-10-21T16:00:00+00:00,0.0,1111.88
2025-10-22 00:00:00.004000+00:00,1761091200004,2025-10-22T00:00:00.004000+00:00,0.0,1056.60019834
2025-10-22 08:00:00+00:00,1761120000000,2025-10-22T08:00:00+00:00,-0.00014817,1070.73
2025-10-22 16:00:00+00:00,1761148800000,2025-10-22T16:00:00+00:00,-7.842e-05,1080.49
2025-10-23 00:00:00+00:00,1761177600000,2025-10-23T00:00:00+00:00,-6.94e-05,1071.27190761
2025-10-23 08:00:00.001000+00:00,1761206400001,2025-10-23T08:00:00.001000+00:00,0.0,1108.8
2025-10-23 16:00:00.004000+00:00,1761235200004,2025-10-23T16:00:00.004000+00:00,0.0,1129.95339948
2025-10-24 00:00:00+00:00,1761264000000,2025-10-24T00:00:00+00:00,-0.00020182,1125.72354076
2025-10-24 08:00:00+00:00,1761292800000,2025-10-24T08:00:00+00:00,-3.383e-05,1125.10623151
2025-10-24 16:00:00.009000+00:00,1761321600009,2025-10-24T16:00:00.009000+00:00,-0.00021638,1103.57
2025-10-25 00:00:00+00:00,1761350400000,2025-10-25T00:00:00+00:00,-0.00015562,1108.5003094
2025-10-25 08:00:00.001000+00:00,1761379200001,2025-10-25T08:00:00.001000+00:00,-9.134e-05,1111.93972036
2025-10-25 16:00:00.001000+00:00,1761408000001,2025-10-25T16:00:00.001000+00:00,-2.384e-05,1108.15
2025-10-26 00:00:00.001000+00:00,1761436800001,2025-10-26T00:00:00.001000+00:00,0.0,1116.35
2025-10-26 08:00:00.001000+00:00,1761465600001,2025-10-26T08:00:00.001000+00:00,0.0,1120.17
2025-10-26 16:00:00+00:00,1761494400000,2025-10-26T16:00:00+00:00,0.0,1132.9298229
2025-10-27 00:00:00+00:00,1761523200000,2025-10-27T00:00:00+00:00,0.0,1137.96
2025-10-27 08:00:00.005000+00:00,1761552000005,2025-10-27T08:00:00.005000+00:00,0.0,1157.01
2025-10-27 16:00:00+00:00,1761580800000,2025-10-27T16:00:00+00:00,0.0,1143.0
2025-10-28 00:00:00+00:00,1761609600000,2025-10-28T00:00:00+00:00,0.0,1138.38
2025-10-28 08:00:00+00:00,1761638400000,2025-10-28T08:00:00+00:00,-0.00011396,1131.63
2025-10-28 16:00:00.004000+00:00,1761667200004,2025-10-28T16:00:00.004000+00:00,0.0,1135.22931176
2025-10-29 00:00:00.004000+00:00,1761696000004,2025-10-29T00:00:00.004000+00:00,-0.00029777,1102.39901954
2025-10-29 08:00:00.005000+00:00,1761724800005,2025-10-29T08:00:00.005000+00:00,-0.00023533,1115.75769772
2025-10-29 16:00:00+00:00,1761753600000,2025-10-29T16:00:00+00:00,0.0,1099.35
2025-10-30 00:00:00.004000+00:00,1761782400004,2025-10-30T00:00:00.004000+00:00,0.0,1107.5472983
2025-10-30 08:00:00.008000+00:00,1761811200008,2025-10-30T08:00:00.008000+00:00,0.0,1117.98
2025-10-30 16:00:00.001000+00:00,1761840000001,2025-10-30T16:00:00.001000+00:00,-9.47e-05,1076.44398375
2025-10-31 00:00:00+00:00,1761868800000,2025-10-31T00:00:00+00:00,-0.00030437,1078.1
2025-10-31 08:00:00.008000+00:00,1761897600008,2025-10-31T08:00:00.008000+00:00,-0.00010318,1097.92
2025-10-31 16:00:00.007000+00:00,1761926400007,2025-10-31T16:00:00.007000+00:00,0.0,1084.2587915
2025-11-01 00:00:00.001000+00:00,1761955200001,2025-11-01T00:00:00.001000+00:00,-9.114e-05,1088.16
2025-11-01 08:00:00+00:00,1761984000000,2025-11-01T08:00:00+00:00,-8.92e-06,1086.03
2025-11-01 16:00:00+00:00,1762012800000,2025-11-01T16:00:00+00:00,-0.00014754,1091.91
2025-11-02 00:00:00.007000+00:00,1762041600007,2025-11-02T00:00:00.007000+00:00,0.0,1094.22
2025-11-02 08:00:00+00:00,1762070400000,2025-11-02T08:00:00+00:00,0.0,1093.03701233
2025-11-02 16:00:00.001000+00:00,1762099200001,2025-11-02T16:00:00.001000+00:00,0.0,1080.68
2025-11-03 00:00:00+00:00,1762128000000,2025-11-03T00:00:00+00:00,0.0,1083.01920332
2025-11-03 08:00:00.010000+00:00,1762156800010,2025-11-03T08:00:00.010000+00:00,0.0,1029.03
2025-11-03 16:00:00+00:00,1762185600000,2025-11-03T16:00:00+00:00,0.0,980.44899107
2025-11-04 00:00:00.002000+00:00,1762214400002,2025-11-04T00:00:00.002000+00:00,0.0,993.22384028
2025-11-04 08:00:00.004000+00:00,1762243200004,2025-11-04T08:00:00.004000+00:00,0.0,945.07
2025-11-04 16:00:00+00:00,1762272000000,2025-11-04T16:00:00+00:00,0.0,950.08685947
2025-11-05 00:00:00+00:00,1762300800000,2025-11-05T00:00:00+00:00,0.0,936.76860752
2025-11-05 08:00:00+00:00,1762329600000,2025-11-05T08:00:00+00:00,0.0,953.89573159
2025-11-05 16:00:00.004000+00:00,1762358400004,2025-11-05T16:00:00.004000+00:00,0.0,965.3
2025-11-06 00:00:00.001000+00:00,1762387200001,2025-11-06T00:00:00.001000+00:00,0.0,959.27038731
2025-11-06 08:00:00+00:00,1762416000000,2025-11-06T08:00:00+00:00,0.0,951.49379922
2025-11-06 16:00:00.001000+00:00,1762444800001,2025-11-06T16:00:00.001000+00:00,0.0,933.95
2025-11-07 00:00:00.005000+00:00,1762473600005,2025-11-07T00:00:00.005000+00:00,0.0,950.66146685
2025-11-07 08:00:00.003000+00:00,1762502400003,2025-11-07T08:00:00.003000+00:00,0.0,970.62
2025-11-07 16:00:00.005000+00:00,1762531200005,2025-11-07T16:00:00.005000+00:00,0.0,945.08
2025-11-08 00:00:00.011000+00:00,1762560000011,2025-11-08T00:00:00.011000+00:00,0.0,991.2392094
2025-11-08 08:00:00.015000+00:00,1762588800015,2025-11-08T08:00:00.015000+00:00,0.0,995.45577751
2025-11-08 16:00:00.001000+00:00,1762617600001,2025-11-08T16:00:00.001000+00:00,0.0,990.71902482
2025-11-09 00:00:00.004000+00:00,1762646400004,2025-11-09T00:00:00.004000+00:00,0.0,990.82593409
2025-11-09 08:00:00+00:00,1762675200000,2025-11-09T08:00:00+00:00,0.0,989.52071315
2025-11-09 16:00:00.005000+00:00,1762704000005,2025-11-09T16:00:00.005000+00:00,0.0,993.92657392
2025-11-10 00:00:00+00:00,1762732800000,2025-11-10T00:00:00+00:00,0.0,996.12
2025-11-10 08:00:00+00:00,1762761600000,2025-11-10T08:00:00+00:00,-6e-08,1005.38
2025-11-10 16:00:00.003000+00:00,1762790400003,2025-11-10T16:00:00.003000+00:00,-0.00021863,979.17
2025-11-11 00:00:00.007000+00:00,1762819200007,2025-11-11T00:00:00.007000+00:00,-0.00015352,991.53
2025-11-11 08:00:00+00:00,1762848000000,2025-11-11T08:00:00+00:00,0.0,973.74305926
2025-11-11 16:00:00.009000+00:00,1762876800009,2025-11-11T16:00:00.009000+00:00,0.0,975.62
2025-11-12 00:00:00+00:00,1762905600000,2025-11-12T00:00:00+00:00,0.0,957.95298598
2025-11-12 08:00:00.002000+00:00,1762934400002,2025-11-12T08:00:00.002000+00:00,0.0,952.7954993
2025-11-12 16:00:00+00:00,1762963200000,2025-11-12T16:00:00+00:00,0.0,949.08356396
2025-11-13 00:00:00.002000+00:00,1762992000002,2025-11-13T00:00:00.002000+00:00,-2.848e-05,952.51
2025-11-13 08:00:00+00:00,1763020800000,2025-11-13T08:00:00+00:00,0.0,964.70878831
2025-11-13 16:00:00.001000+00:00,1763049600001,2025-11-13T16:00:00.001000+00:00,0.0,957.39201536
2025-11-14 00:00:00+00:00,1763078400000,2025-11-14T00:00:00+00:00,0.0,926.69719364
2025-11-14 08:00:00+00:00,1763107200000,2025-11-14T08:00:00+00:00,0.0,923.17540974
2025-11-14 16:00:00.001000+00:00,1763136000001,2025-11-14T16:00:00.001000+00:00,0.0,925.98051394
2025-11-15 00:00:00.005000+00:00,1763164800005,2025-11-15T00:00:00.005000+00:00,0.0,915.69
2025-11-15 08:00:00+00:00,1763193600000,2025-11-15T08:00:00+00:00,0.0,936.80687723
2025-11-15 16:00:00.001000+00:00,1763222400001,2025-11-15T16:00:00.001000+00:00,0.0,936.83231387
2025-11-16 00:00:00.001000+00:00,1763251200001,2025-11-16T00:00:00.001000+00:00,0.0,932.75341883
2025-11-16 08:00:00+00:00,1763280000000,2025-11-16T08:00:00+00:00,4.995e-05,943.94
2025-11-16 16:00:00+00:00,1763308800000,2025-11-16T16:00:00+00:00,0.0,923.35905767
2025-11-17 00:00:00.003000+00:00,1763337600003,2025-11-17T00:00:00.003000+00:00,0.0,927.05518922
2025-11-17 08:00:00.003000+00:00,1763366400003,2025-11-17T08:00:00.003000+00:00,6.771e-05,935.83847774
2025-11-17 16:00:00+00:00,1763395200000,2025-11-17T16:00:00+00:00,0.0,911.92
2025-11-18 00:00:00.002000+00:00,1763424000002,2025-11-18T00:00:00.002000+00:00,0.0,907.16319781
2025-11-18 08:00:00.004000+00:00,1763452800004,2025-11-18T08:00:00.004000+00:00,5.11e-05,911.03
2025-11-18 16:00:00+00:00,1763481600000,2025-11-18T16:00:00+00:00,6.524e-05,926.49241637
2025-11-19 00:00:00+00:00,1763510400000,2025-11-19T00:00:00+00:00,9.883e-05,933.16966753
2025-11-19 08:00:00+00:00,1763539200000,2025-11-19T08:00:00+00:00,8.9e-05,931.63
2025-11-19 16:00:00.008000+00:00,1763568000008,2025-11-19T16:00:00.008000+00:00,4.58e-06,894.96659967
2025-11-20 00:00:00+00:00,1763596800000,2025-11-20T00:00:00+00:00,0.0,897.73981312
2025-11-20 08:00:00+00:00,1763625600000,2025-11-20T08:00:00+00:00,8.774e-05,908.44
2025-11-20 16:00:00+00:00,1763654400000,2025-11-20T16:00:00+00:00,5.937e-05,890.64
2025-11-21 00:00:00.001000+00:00,1763683200001,2025-11-21T00:00:00.001000+00:00,0.0,867.0
2025-11-21 08:00:00+00:00,1763712000000,2025-11-21T08:00:00+00:00,2.824e-05,832.22030311
2025-11-21 16:00:00.001000+00:00,1763740800001,2025-11-21T16:00:00.001000+00:00,1.02e-05,814.02386272
2025-11-22 00:00:00.004000+00:00,1763769600004,2025-11-22T00:00:00.004000+00:00,5.137e-05,831.0196161
2025-11-22 08:00:00+00:00,1763798400000,2025-11-22T08:00:00+00:00,6.64e-05,832.33665888
2025-11-22 16:00:00+00:00,1763827200000,2025-11-22T16:00:00+00:00,1.61e-05,823.73
2025-11-23 00:00:00+00:00,1763856000000,2025-11-23T00:00:00+00:00,7.803e-05,834.29
2025-11-23 08:00:00.008000+00:00,1763884800008,2025-11-23T08:00:00.008000+00:00,0.0,841.66
2025-11-23 16:00:00.003000+00:00,1763913600003,2025-11-23T16:00:00.003000+00:00,0.0,850.48
2025-11-24 00:00:00.004000+00:00,1763942400004,2025-11-24T00:00:00.004000+00:00,0.0,844.05
2025-11-24 08:00:00+00:00,1763971200000,2025-11-24T08:00:00+00:00,0.00011464,854.47222874
2025-11-24 16:00:00.006000+00:00,1764000000006,2025-11-24T16:00:00.006000+00:00,0.0,844.88
2025-11-25 00:00:00+00:00,1764028800000,2025-11-25T00:00:00+00:00,0.00014383,865.49
2025-11-25 08:00:00.009000+00:00,1764057600009,2025-11-25T08:00:00.009000+00:00,0.0,856.40542277
2025-11-25 16:00:00.007000+00:00,1764086400007,2025-11-25T16:00:00.007000+00:00,0.0,846.35241942
2025-11-26 00:00:00.001000+00:00,1764115200001,2025-11-26T00:00:00.001000+00:00,0.0,863.04513635
2025-11-26 08:00:00.001000+00:00,1764144000001,2025-11-26T08:00:00.001000+00:00,8.7e-06,860.92447293
2025-11-26 16:00:00+00:00,1764172800000,2025-11-26T16:00:00+00:00,0.0,865.58667935
2025-11-27 00:00:00.013000+00:00,1764201600013,2025-11-27T00:00:00.013000+00:00,5.647e-05,892.10243511
2025-11-27 08:00:00+00:00,1764230400000,2025-11-27T08:00:00+00:00,0.0,894.06
2025-11-27 16:00:00.004000+00:00,1764259200004,2025-11-27T16:00:00.004000+00:00,0.0,893.56
2025-11-28 00:00:00.008000+00:00,1764288000008,2025-11-28T00:00:00.008000+00:00,0.0,896.16
2025-11-28 08:00:00+00:00,1764316800000,2025-11-28T08:00:00+00:00,0.0,882.78
2025-11-28 16:00:00.008000+00:00,1764345600008,2025-11-28T16:00:00.008000+00:00,0.0,902.27
2025-11-29 00:00:00+00:00,1764374400000,2025-11-29T00:00:00+00:00,0.0,887.54789919
2025-11-29 08:00:00.005000+00:00,1764403200005,2025-11-29T08:00:00.005000+00:00,0.0,879.47
2025-11-29 16:00:00.001000+00:00,1764432000001,2025-11-29T16:00:00.001000+00:00,0.0,881.25
2025-11-30 00:00:00.003000+00:00,1764460800003,2025-11-30T00:00:00.003000+00:00,0.0,873.26
2025-11-30 08:00:00+00:00,1764489600000,2025-11-30T08:00:00+00:00,0.0,875.0
2025-11-30 16:00:00.004000+00:00,1764518400004,2025-11-30T16:00:00.004000+00:00,0.0,894.34714464
2025-12-01 00:00:00+00:00,1764547200000,2025-12-01T00:00:00+00:00,0.0,875.38908959
2025-12-01 08:00:00.004000+00:00,1764576000004,2025-12-01T08:00:00.004000+00:00,0.0,832.1470416
2025-12-01 16:00:00+00:00,1764604800000,2025-12-01T16:00:00+00:00,0.0,811.82321864
2025-12-02 00:00:00.004000+00:00,1764633600004,2025-12-02T00:00:00.004000+00:00,0.0,826.54467517
2025-12-02 08:00:00+00:00,1764662400000,2025-12-02T08:00:00+00:00,0.0,830.5712823
2025-12-02 16:00:00+00:00,1764691200000,2025-12-02T16:00:00+00:00,0.0,871.19
2025-12-03 00:00:00+00:00,1764720000000,2025-12-03T00:00:00+00:00,0.0,876.93936534
2025-12-03 08:00:00+00:00,1764748800000,2025-12-03T08:00:00+00:00,0.0,897.11936711
2025-12-03 16:00:00.005000+00:00,1764777600005,2025-12-03T16:00:00.005000+00:00,0.0,897.72
2025-12-04 00:00:00.012000+00:00,1764806400012,2025-12-04T00:00:00.012000+00:00,3.446e-05,921.19
2025-12-04 08:00:00+00:00,1764835200000,2025-12-04T08:00:00+00:00,5.603e-05,911.26
2025-12-04 16:00:00.011000+00:00,1764864000011,2025-12-04T16:00:00.011000+00:00,5.758e-05,911.16948386
2025-12-05 00:00:00+00:00,1764892800000,2025-12-05T00:00:00+00:00,2.223e-05,900.46498998
2025-12-05 08:00:00+00:00,1764921600000,2025-12-05T08:00:00+00:00,1.496e-05,902.29
2025-12-05 16:00:00.010000+00:00,1764950400010,2025-12-05T16:00:00.010000+00:00,2.344e-05,889.34
2025-12-06 00:00:00.001000+00:00,1764979200001,2025-12-06T00:00:00.001000+00:00,0.0,883.97
2025-12-06 08:00:00.001000+00:00,1765008000001,2025-12-06T08:00:00.001000+00:00,0.0,884.99918273
2025-12-06 16:00:00.008000+00:00,1765036800008,2025-12-06T16:00:00.008000+00:00,0.0,890.40626462
2025-12-07 00:00:00+00:00,1765065600000,2025-12-07T00:00:00+00:00,0.0,890.61
2025-12-07 08:00:00.004000+00:00,1765094400004,2025-12-07T08:00:00.004000+00:00,0.0,891.77
2025-12-07 16:00:00+00:00,1765123200000,2025-12-07T16:00:00+00:00,0.0,890.88
2025-12-08 00:00:00+00:00,1765152000000,2025-12-08T00:00:00+00:00,0.0,894.65348068
2025-12-08 08:00:00+00:00,1765180800000,2025-12-08T08:00:00+00:00,2.792e-05,903.52844078
2025-12-08 16:00:00.001000+00:00,1765209600001,2025-12-08T16:00:00.001000+00:00,3.235e-05,897.10351234
2025-12-09 00:00:00.001000+00:00,1765238400001,2025-12-09T00:00:00.001000+00:00,0.0,897.34365284
2025-12-09 08:00:00.001000+00:00,1765267200001,2025-12-09T08:00:00.001000+00:00,0.0,889.38828505
2025-12-09 16:00:00.007000+00:00,1765296000007,2025-12-09T16:00:00.007000+00:00,0.0,907.60806405
2025-12-10 00:00:00.007000+00:00,1765324800007,2025-12-10T00:00:00.007000+00:00,1.106e-05,897.62
2025-12-10 08:00:00.002000+00:00,1765353600002,2025-12-10T08:00:00.002000+00:00,0.0,894.14
2025-12-10 16:00:00.012000+00:00,1765382400012,2025-12-10T16:00:00.012000+00:00,0.0,891.48
2025-12-11 00:00:00.001000+00:00,1765411200001,2025-12-11T00:00:00.001000+00:00,3.901e-05,893.88
2025-12-11 08:00:00+00:00,1765440000000,2025-12-11T08:00:00+00:00,0.0,866.92545342
2025-12-11 16:00:00+00:00,1765468800000,2025-12-11T16:00:00+00:00,0.0,865.74
2025-12-12 00:00:00.005000+00:00,1765497600005,2025-12-12T00:00:00.005000+00:00,0.0,886.08646421
2025-12-12 08:00:00.007000+00:00,1765526400007,2025-12-12T08:00:00.007000+00:00,0.0,889.56512061
2025-12-12 16:00:00.002000+00:00,1765555200002,2025-12-12T16:00:00.002000+00:00,0.0,874.36
2025-12-13 00:00:00.001000+00:00,1765584000001,2025-12-13T00:00:00.001000+00:00,0.0,881.84359837
2025-12-13 08:00:00.006000+00:00,1765612800006,2025-12-13T08:00:00.006000+00:00,0.0,886.75709419
2025-12-13 16:00:00+00:00,1765641600000,2025-12-13T16:00:00+00:00,6.184e-05,899.48643385
2025-12-14 00:00:00+00:00,1765670400000,2025-12-14T00:00:00+00:00,3.637e-05,897.37330942
2025-12-14 08:00:00.003000+00:00,1765699200003,2025-12-14T08:00:00.003000+00:00,0.0,896.55
2025-12-14 16:00:00.005000+00:00,1765728000005,2025-12-14T16:00:00.005000+00:00,1.561e-05,887.07524034
2025-12-15 00:00:00+00:00,1765756800000,2025-12-15T00:00:00+00:00,0.0,877.4884664
2025-12-15 08:00:00+00:00,1765785600000,2025-12-15T08:00:00+00:00,0.0,889.87
2025-12-15 16:00:00+00:00,1765814400000,2025-12-15T16:00:00+00:00,0.0,859.0961203
2025-12-16 00:00:00.002000+00:00,1765843200002,2025-12-16T00:00:00.002000+00:00,0.0,858.65250971
2025-12-16 08:00:00+00:00,1765872000000,2025-12-16T08:00:00+00:00,0.0,860.01
2025-12-16 16:00:00.002000+00:00,1765900800002,2025-12-16T16:00:00.002000+00:00,0.0,877.01454751
2025-12-17 00:00:00.004000+00:00,1765929600004,2025-12-17T00:00:00.004000+00:00,0.0,875.93882548
2025-12-17 08:00:00+00:00,1765958400000,2025-12-17T08:00:00+00:00,0.0,868.25
2025-12-17 16:00:00+00:00,1765987200000,2025-12-17T16:00:00+00:00,0.0,854.12183191
2025-12-18 00:00:00.005000+00:00,1766016000005,2025-12-18T00:00:00.005000+00:00,0.0,843.07397126
2025-12-18 08:00:00.007000+00:00,1766044800007,2025-12-18T08:00:00.007000+00:00,0.0,833.63
2025-12-18 16:00:00.001000+00:00,1766073600001,2025-12-18T16:00:00.001000+00:00,0.0,848.28
2025-12-19 00:00:00+00:00,1766102400000,2025-12-19T00:00:00+00:00,0.0,830.10881612
2025-12-19 08:00:00.001000+00:00,1766131200001,2025-12-19T08:00:00.001000+00:00,0.0,843.29
2025-12-19 16:00:00+00:00,1766160000000,2025-12-19T16:00:00+00:00,0.0,846.89
2025-12-20 00:00:00.005000+00:00,1766188800005,2025-12-20T00:00:00.005000+00:00,6.564e-05,856.54
2025-12-20 08:00:00+00:00,1766217600000,2025-12-20T08:00:00+00:00,4.864e-05,854.26740983
2025-12-20 16:00:00.002000+00:00,1766246400002,2025-12-20T16:00:00.002000+00:00,5.854e-05,854.36
2025-12-21 00:00:00+00:00,1766275200000,2025-12-21T00:00:00+00:00,1.097e-05,854.46019138
2025-12-21 08:00:00.009000+00:00,1766304000009,2025-12-21T08:00:00.009000+00:00,0.0,850.31
2025-12-21 16:00:00+00:00,1766332800000,2025-12-21T16:00:00+00:00,5.4e-06,848.99
2025-12-22 00:00:00+00:00,1766361600000,2025-12-22T00:00:00+00:00,1.576e-05,859.14
2025-12-22 08:00:00.005000+00:00,1766390400005,2025-12-22T08:00:00.005000+00:00,0.0,859.08
2025-12-22 16:00:00.009000+00:00,1766419200009,2025-12-22T16:00:00.009000+00:00,8.095e-05,868.26309424
2025-12-23 00:00:00+00:00,1766448000000,2025-12-23T00:00:00+00:00,1.888e-05,858.98374958
2025-12-23 08:00:00+00:00,1766476800000,2025-12-23T08:00:00+00:00,0.0,848.99
2025-12-23 16:00:00.001000+00:00,1766505600001,2025-12-23T16:00:00.001000+00:00,0.0,844.21
2025-12-24 00:00:00.001000+00:00,1766534400001,2025-12-24T00:00:00.001000+00:00,0.0,844.28121659
2025-12-24 08:00:00.001000+00:00,1766563200001,2025-12-24T08:00:00.001000+00:00,0.0,838.11
2025-12-24 16:00:00+00:00,1766592000000,2025-12-24T16:00:00+00:00,0.0,841.2
2025-12-25 00:00:00+00:00,1766620800000,2025-12-25T00:00:00+00:00,0.0,846.9
2025-12-25 08:00:00.001000+00:00,1766649600001,2025-12-25T08:00:00.001000+00:00,0.0,843.52
2025-12-25 16:00:00.005000+00:00,1766678400005,2025-12-25T16:00:00.005000+00:00,0.0,842.27413802
2025-12-26 00:00:00.004000+00:00,1766707200004,2025-12-26T00:00:00.004000+00:00,0.0,829.57485074
2025-12-26 08:00:00.001000+00:00,1766736000001,2025-12-26T08:00:00.001000+00:00,0.0,841.18668071
2025-12-26 16:00:00.007000+00:00,1766764800007,2025-12-26T16:00:00.007000+00:00,0.0,828.91958529
2025-12-27 00:00:00+00:00,1766793600000,2025-12-27T00:00:00+00:00,0.0,834.82865005
2025-12-27 08:00:00+00:00,1766822400000,2025-12-27T08:00:00+00:00,0.0,840.77
2025-12-27 16:00:00.011000+00:00,1766851200011,2025-12-27T16:00:00.011000+00:00,4.901e-05,841.48550109
2025-12-28 00:00:00.008000+00:00,1766880000008,2025-12-28T00:00:00.008000+00:00,4.48e-05,845.56934516
2025-12-28 08:00:00+00:00,1766908800000,2025-12-28T08:00:00+00:00,1.94e-05,844.33543824
2025-12-28 16:00:00+00:00,1766937600000,2025-12-28T16:00:00+00:00,0.00010964,861.07994277
2025-12-29 00:00:00.016000+00:00,1766966400016,2025-12-29T00:00:00.016000+00:00,0.00011598,859.87717849
2025-12-29 08:00:00.001000+00:00,1766995200001,2025-12-29T08:00:00.001000+00:00,0.0,861.05
2025-12-29 16:00:00+00:00,1767024000000,2025-12-29T16:00:00+00:00,0.0,853.88739549
2025-12-30 00:00:00.005000+00:00,1767052800005,2025-12-30T00:00:00.005000+00:00,0.0,852.85
2025-12-30 08:00:00.001000+00:00,1767081600001,2025-12-30T08:00:00.001000+00:00,0.0,854.24
2025-12-30 16:00:00.003000+00:00,1767110400003,2025-12-30T16:00:00.003000+00:00,2.05e-05,863.22929653
2025-12-31 00:00:00.004000+00:00,1767139200004,2025-12-31T00:00:00.004000+00:00,7.039e-05,862.13
2025-12-31 08:00:00.001000+00:00,1767168000001,2025-12-31T08:00:00.001000+00:00,0.0,868.45
2025-12-31 16:00:00.001000+00:00,1767196800001,2025-12-31T16:00:00.001000+00:00,7.346e-05,863.58535172
2026-01-01 00:00:00.008000+00:00,1767225600008,2026-01-01T00:00:00.008000+00:00,6.523e-05,864.69303539
2026-01-01 08:00:00.002000+00:00,1767254400002,2026-01-01T08:00:00.002000+00:00,7.071e-05,859.89710719
2026-01-01 16:00:00.001000+00:00,1767283200001,2026-01-01T16:00:00.001000+00:00,0.0,859.71
2026-01-02 00:00:00.006000+00:00,1767312000006,2026-01-02T00:00:00.006000+00:00,0.0,864.60867558
2026-01-02 08:00:00.007000+00:00,1767340800007,2026-01-02T08:00:00.007000+00:00,0.0,865.17293196
2026-01-02 16:00:00+00:00,1767369600000,2026-01-02T16:00:00+00:00,5.392e-05,878.64765987
2026-01-03 00:00:00.001000+00:00,1767398400001,2026-01-03T00:00:00.001000+00:00,0.00010055,881.87
2026-01-03 08:00:00+00:00,1767427200000,2026-01-03T08:00:00+00:00,3.998e-05,873.56296107
2026-01-03 16:00:00+00:00,1767456000000,2026-01-03T16:00:00+00:00,0.0,873.84879713
2026-01-04 00:00:00+00:00,1767484800000,2026-01-04T00:00:00+00:00,2.126e-05,879.04765679
2026-01-04 08:00:00+00:00,1767513600000,2026-01-04T08:00:00+00:00,4.64e-05,885.09250129
2026-01-04 16:00:00.001000+00:00,1767542400001,2026-01-04T16:00:00.001000+00:00,0.00010041,889.78
2026-01-05 00:00:00+00:00,1767571200000,2026-01-05T00:00:00+00:00,0.00010532,895.99
2026-01-05 08:00:00+00:00,1767600000000,2026-01-05T08:00:00+00:00,8.5e-06,899.67912526
2026-01-05 16:00:00+00:00,1767628800000,2026-01-05T16:00:00+00:00,5.953e-05,906.82
2026-01-06 00:00:00.010000+00:00,1767657600010,2026-01-06T00:00:00.010000+00:00,0.00010224,910.87582922
2026-01-06 08:00:00+00:00,1767686400000,2026-01-06T08:00:00+00:00,0.0,905.24592746
2026-01-06 16:00:00+00:00,1767715200000,2026-01-06T16:00:00+00:00,5.142e-05,919.79
2026-01-07 00:00:00.001000+00:00,1767744000001,2026-01-07T00:00:00.001000+00:00,4.136e-05,918.30947987
2026-01-07 08:00:00.001000+00:00,1767772800001,2026-01-07T08:00:00.001000+00:00,6.57e-05,919.2
2026-01-07 16:00:00.001000+00:00,1767801600001,2026-01-07T16:00:00.001000+00:00,3.29e-06,899.89
2026-01-08 00:00:00.001000+00:00,1767830400001,2026-01-08T00:00:00.001000+00:00,4.555e-05,900.47654196
2026-01-08 08:00:00+00:00,1767859200000,2026-01-08T08:00:00+00:00,0.0,885.02
2026-01-08 16:00:00+00:00,1767888000000,2026-01-08T16:00:00+00:00,0.0,889.05
2026-01-09 00:00:00.003000+00:00,1767916800003,2026-01-09T00:00:00.003000+00:00,0.0,892.55901029
2026-01-09 08:00:00+00:00,1767945600000,2026-01-09T08:00:00+00:00,0.0,893.98068571
2026-01-09 16:00:00.001000+00:00,1767974400001,2026-01-09T16:00:00.001000+00:00,0.0,895.09379616
2026-01-10 00:00:00+00:00,1768003200000,2026-01-10T00:00:00+00:00,1.141e-05,897.34157345
2026-01-10 08:00:00.002000+00:00,1768032000002,2026-01-10T08:00:00.002000+00:00,0.00012634,905.97
2026-01-10 16:00:00.001000+00:00,1768060800001,2026-01-10T16:00:00.001000+00:00,5.12e-06,909.28
2026-01-11 00:00:00.003000+00:00,1768089600003,2026-01-11T00:00:00.003000+00:00,0.000134,908.45
2026-01-11 08:00:00.006000+00:00,1768118400006,2026-01-11T08:00:00.006000+00:00,9.446e-05,914.07380427
2026-01-11 16:00:00+00:00,1768147200000,2026-01-11T16:00:00+00:00,3.344e-05,909.11660603
2026-01-12 00:00:00.005000+00:00,1768176000005,2026-01-12T00:00:00.005000+00:00,0.0,904.61061489
2026-01-12 08:00:00+00:00,1768204800000,2026-01-12T08:00:00+00:00,0.0,905.11
2026-01-12 16:00:00+00:00,1768233600000,2026-01-12T16:00:00+00:00,7.6e-07,904.68970749
2026-01-13 00:00:00.007000+00:00,1768262400007,2026-01-13T00:00:00.007000+00:00,8.828e-05,906.31
2026-01-13 08:00:00.009000+00:00,1768291200009,2026-01-13T08:00:00.009000+00:00,4.761e-05,910.11848809
2026-01-13 16:00:00.002000+00:00,1768320000002,2026-01-13T16:00:00.002000+00:00,0.0001388,917.03862502
2026-01-14 00:00:00+00:00,1768348800000,2026-01-14T00:00:00+00:00,0.00014578,944.25
2026-01-14 08:00:00.001000+00:00,1768377600001,2026-01-14T08:00:00.001000+00:00,0.00011312,937.91
2026-01-14 16:00:00.004000+00:00,1768406400004,2026-01-14T16:00:00.004000+00:00,5.156e-05,942.62617567
2026-01-15 00:00:00+00:00,1768435200000,2026-01-15T00:00:00+00:00,0.00011014,949.05633141
2026-01-15 08:00:00.004000+00:00,1768464000004,2026-01-15T08:00:00.004000+00:00,4.44e-06,939.58265425
2026-01-15 16:00:00.002000+00:00,1768492800002,2026-01-15T16:00:00.002000+00:00,4.633e-05,938.20342658
2026-01-16 00:00:00+00:00,1768521600000,2026-01-16T00:00:00+00:00,0.0,931.52
2026-01-16 08:00:00+00:00,1768550400000,2026-01-16T08:00:00+00:00,0.0,934.41375799
2026-01-16 16:00:00.001000+00:00,1768579200001,2026-01-16T16:00:00.001000+00:00,0.0,927.21497243
2026-01-17 00:00:00+00:00,1768608000000,2026-01-17T00:00:00+00:00,0.0,938.49
2026-01-17 08:00:00+00:00,1768636800000,2026-01-17T08:00:00+00:00,0.0,936.27063557
2026-01-17 16:00:00.002000+00:00,1768665600002,2026-01-17T16:00:00.002000+00:00,0.0,956.03
2026-01-18 00:00:00.001000+00:00,1768694400001,2026-01-18T00:00:00.001000+00:00,4.767e-05,947.57
2026-01-18 08:00:00+00:00,1768723200000,2026-01-18T08:00:00+00:00,0.0,945.08861788
2026-01-18 16:00:00+00:00,1768752000000,2026-01-18T16:00:00+00:00,0.0,950.47
2026-01-19 00:00:00.007000+00:00,1768780800007,2026-01-19T00:00:00.007000+00:00,0.0,932.53556187
2026-01-19 08:00:00.007000+00:00,1768809600007,2026-01-19T08:00:00.007000+00:00,0.0,927.24309174
2026-01-19 16:00:00.007000+00:00,1768838400007,2026-01-19T16:00:00.007000+00:00,0.0,925.78
2026-01-20 00:00:00.005000+00:00,1768867200005,2026-01-20T00:00:00.005000+00:00,1.336e-05,924.12
2026-01-20 08:00:00.001000+00:00,1768896000001,2026-01-20T08:00:00.001000+00:00,0.0,918.10686171
2026-01-20 16:00:00.009000+00:00,1768924800009,2026-01-20T16:00:00.009000+00:00,0.0,905.80139865
2026-01-21 00:00:00.001000+00:00,1768953600001,2026-01-21T00:00:00.001000+00:00,0.0,884.61014811
2026-01-21 08:00:00.011000+00:00,1768982400011,2026-01-21T08:00:00.011000+00:00,0.0,875.73
2026-01-21 16:00:00.011000+00:00,1769011200011,2026-01-21T16:00:00.011000+00:00,0.0,892.69733455
2026-01-22 00:00:00.010000+00:00,1769040000010,2026-01-22T00:00:00.010000+00:00,0.0,883.68
2026-01-22 08:00:00.003000+00:00,1769068800003,2026-01-22T08:00:00.003000+00:00,0.0,888.96
2026-01-22 16:00:00.005000+00:00,1769097600005,2026-01-22T16:00:00.005000+00:00,0.0,883.32
2026-01-23 00:00:00.005000+00:00,1769126400005,2026-01-23T00:00:00.005000+00:00,0.0,888.40052254
2026-01-23 08:00:00+00:00,1769155200000,2026-01-23T08:00:00+00:00,0.0,891.7
2026-01-23 16:00:00.011000+00:00,1769184000011,2026-01-23T16:00:00.011000+00:00,1.487e-05,892.56324705
2026-01-24 00:00:00.011000+00:00,1769212800011,2026-01-24T00:00:00.011000+00:00,4.664e-05,892.08048339
2026-01-24 08:00:00.002000+00:00,1769241600002,2026-01-24T08:00:00.002000+00:00,0.0,892.53
2026-01-24 16:00:00.001000+00:00,1769270400001,2026-01-24T16:00:00.001000+00:00,0.0,889.19313796
2026-01-25 00:00:00.002000+00:00,1769299200002,2026-01-25T00:00:00.002000+00:00,0.0,887.63563043
2026-01-25 08:00:00.011000+00:00,1769328000011,2026-01-25T08:00:00.011000+00:00,3.686e-05,879.99825491
2026-01-25 16:00:00.005000+00:00,1769356800005,2026-01-25T16:00:00.005000+00:00,0.0,878.04
2026-01-26 00:00:00+00:00,1769385600000,2026-01-26T00:00:00+00:00,0.0,866.59980365
2026-01-26 08:00:00.003000+00:00,1769414400003,2026-01-26T08:00:00.003000+00:00,1.338e-05,875.075927
2026-01-26 16:00:00+00:00,1769443200000,2026-01-26T16:00:00+00:00,5.329e-05,872.4433097
2026-01-27 00:00:00.002000+00:00,1769472000002,2026-01-27T00:00:00.002000+00:00,4.882e-05,879.93421092
2026-01-27 08:00:00+00:00,1769500800000,2026-01-27T08:00:00+00:00,0.0,884.06689172
2026-01-27 16:00:00+00:00,1769529600000,2026-01-27T16:00:00+00:00,6.294e-05,886.16027659
2026-01-28 00:00:00+00:00,1769558400000,2026-01-28T00:00:00+00:00,7.193e-05,898.83587203
2026-01-28 08:00:00+00:00,1769587200000,2026-01-28T08:00:00+00:00,2.537e-05,903.78
2026-01-28 16:00:00+00:00,1769616000000,2026-01-28T16:00:00+00:00,0.0,903.25
2026-01-29 00:00:00+00:00,1769644800000,2026-01-29T00:00:00+00:00,3.327e-05,903.45
2026-01-29 08:00:00.009000+00:00,1769673600009,2026-01-29T08:00:00.009000+00:00,3.639e-05,905.13
2026-01-29 16:00:00+00:00,1769702400000,2026-01-29T16:00:00+00:00,2.28e-05,864.30930716
2026-01-30 00:00:00.008000+00:00,1769731200008,2026-01-30T00:00:00.008000+00:00,0.0,868.90653973
2026-01-30 08:00:00+00:00,1769760000000,2026-01-30T08:00:00+00:00,0.0,847.3177733
2026-01-30 16:00:00.001000+00:00,1769788800001,2026-01-30T16:00:00.001000+00:00,0.0,849.98736609
2026-01-31 00:00:00+00:00,1769817600000,2026-01-31T00:00:00+00:00,0.0,859.08112241
2026-01-31 08:00:00.001000+00:00,1769846400001,2026-01-31T08:00:00.001000+00:00,0.0,847.89404123
2026-01-31 16:00:00.009000+00:00,1769875200009,2026-01-31T16:00:00.009000+00:00,0.0,803.11564297
2026-02-01 00:00:00.001000+00:00,1769904000001,2026-02-01T00:00:00.001000+00:00,0.0,781.23403751
2026-02-01 08:00:00.004000+00:00,1769932800004,2026-02-01T08:00:00.004000+00:00,0.0,778.26683105
2026-02-01 16:00:00+00:00,1769961600000,2026-02-01T16:00:00+00:00,0.0,749.80974716
2026-02-02 00:00:00+00:00,1769990400000,2026-02-02T00:00:00+00:00,0.0,758.60986982
2026-02-02 08:00:00.014000+00:00,1770019200014,2026-02-02T08:00:00.014000+00:00,0.0,752.61455552
2026-02-02 16:00:00+00:00,1770048000000,2026-02-02T16:00:00+00:00,0.0,777.76435725
2026-02-03 00:00:00+00:00,1770076800000,2026-02-03T00:00:00+00:00,0.0,774.08938703
2026-02-03 08:00:00.007000+00:00,1770105600007,2026-02-03T08:00:00.007000+00:00,0.0,782.2
2026-02-03 16:00:00+00:00,1770134400000,2026-02-03T16:00:00+00:00,0.0,776.91667078
2026-02-04 00:00:00.002000+00:00,1770163200002,2026-02-04T00:00:00.002000+00:00,0.0,755.16
2026-02-04 08:00:00.007000+00:00,1770192000007,2026-02-04T08:00:00.007000+00:00,0.0,764.54553956
2026-02-04 16:00:00+00:00,1770220800000,2026-02-04T16:00:00+00:00,0.0,733.94
2026-02-05 00:00:00.011000+00:00,1770249600011,2026-02-05T00:00:00.011000+00:00,0.0,697.41130937
2026-02-05 08:00:00+00:00,1770278400000,2026-02-05T08:00:00+00:00,0.0,691.56
2026-02-05 16:00:00.007000+00:00,1770307200007,2026-02-05T16:00:00.007000+00:00,0.0,658.73
2026-02-06 00:00:00+00:00,1770336000000,2026-02-06T00:00:00+00:00,1.73e-05,608.6
2026-02-06 08:00:00.001000+00:00,1770364800001,2026-02-06T08:00:00.001000+00:00,0.0,622.94504805
2026-02-06 16:00:00+00:00,1770393600000,2026-02-06T16:00:00+00:00,0.0,651.14393632
2026-02-07 00:00:00.003000+00:00,1770422400003,2026-02-07T00:00:00.003000+00:00,0.0,657.1
2026-02-07 08:00:00+00:00,1770451200000,2026-02-07T08:00:00+00:00,0.0,638.70601118
2026-02-07 16:00:00.010000+00:00,1770480000010,2026-02-07T16:00:00.010000+00:00,0.0,642.21597449
2026-02-08 00:00:00.003000+00:00,1770508800003,2026-02-08T00:00:00.003000+00:00,0.0,647.06194521
2026-02-08 08:00:00+00:00,1770537600000,2026-02-08T08:00:00+00:00,0.0,643.12
2026-02-08 16:00:00+00:00,1770566400000,2026-02-08T16:00:00+00:00,0.0,643.59
2026-02-09 00:00:00.002000+00:00,1770595200002,2026-02-09T00:00:00.002000+00:00,0.0,639.98104011
2026-02-09 08:00:00.001000+00:00,1770624000001,2026-02-09T08:00:00.001000+00:00,0.0,631.86
2026-02-09 16:00:00.007000+00:00,1770652800007,2026-02-09T16:00:00.007000+00:00,0.0,630.92012986
2026-02-10 00:00:00+00:00,1770681600000,2026-02-10T00:00:00+00:00,0.0,636.40754338
2026-02-10 08:00:00.007000+00:00,1770710400007,2026-02-10T08:00:00.007000+00:00,0.0,631.63
2026-02-10 16:00:00+00:00,1770739200000,2026-02-10T16:00:00+00:00,0.0,619.06
2026-02-11 00:00:00+00:00,1770768000000,2026-02-11T00:00:00+00:00,0.0,619.47
2026-02-11 08:00:00.006000+00:00,1770796800006,2026-02-11T08:00:00.006000+00:00,0.0,600.4292339
2026-02-11 16:00:00+00:00,1770825600000,2026-02-11T16:00:00+00:00,0.0,593.55
2026-02-12 00:00:00+00:00,1770854400000,2026-02-12T00:00:00+00:00,0.0,608.2367466
2026-02-12 08:00:00.001000+00:00,1770883200001,2026-02-12T08:00:00.001000+00:00,0.0,615.38906419
2026-02-12 16:00:00.001000+00:00,1770912000001,2026-02-12T16:00:00.001000+00:00,0.0,609.00255386
2026-02-13 00:00:00.007000+00:00,1770940800007,2026-02-13T00:00:00.007000+00:00,0.0,614.31621065
2026-02-13 08:00:00.003000+00:00,1770969600003,2026-02-13T08:00:00.003000+00:00,0.0,598.09
2026-02-13 16:00:00.005000+00:00,1770998400005,2026-02-13T16:00:00.005000+00:00,0.0,610.22749381
2026-02-14 00:00:00.002000+00:00,1771027200002,2026-02-14T00:00:00.002000+00:00,0.0,619.10677534
2026-02-14 08:00:00.004000+00:00,1771056000004,2026-02-14T08:00:00.004000+00:00,0.0,622.35839194
2026-02-14 16:00:00.002000+00:00,1771084800002,2026-02-14T16:00:00.002000+00:00,0.0,634.89917042
2026-02-15 00:00:00+00:00,1771113600000,2026-02-15T00:00:00+00:00,0.0,632.86123888
2026-02-15 08:00:00.002000+00:00,1771142400002,2026-02-15T08:00:00.002000+00:00,0.0,639.91803379
2026-02-15 16:00:00+00:00,1771171200000,2026-02-15T16:00:00+00:00,0.0,621.5110039
2026-02-16 00:00:00.001000+00:00,1771200000001,2026-02-16T00:00:00.001000+00:00,0.0,615.06657819
2026-02-16 08:00:00.003000+00:00,1771228800003,2026-02-16T08:00:00.003000+00:00,0.0,613.16
2026-02-16 16:00:00+00:00,1771257600000,2026-02-16T16:00:00+00:00,0.0,607.31
2026-02-17 00:00:00.008000+00:00,1771286400008,2026-02-17T00:00:00.008000+00:00,0.0,627.18877169
2026-02-17 08:00:00.001000+00:00,1771315200001,2026-02-17T08:00:00.001000+00:00,0.0,622.93212551
2026-02-17 16:00:00.002000+00:00,1771344000002,2026-02-17T16:00:00.002000+00:00,0.0,615.20861915
2026-02-18 00:00:00+00:00,1771372800000,2026-02-18T00:00:00+00:00,0.0,617.73
2026-02-18 08:00:00+00:00,1771401600000,2026-02-18T08:00:00+00:00,0.0,620.89
2026-02-18 16:00:00.011000+00:00,1771430400011,2026-02-18T16:00:00.011000+00:00,0.0,618.2267455
2026-02-19 00:00:00.013000+00:00,1771459200013,2026-02-19T00:00:00.013000+00:00,0.0,604.4495396
2026-02-19 08:00:00+00:00,1771488000000,2026-02-19T08:00:00+00:00,0.0,610.59394132
2026-02-19 16:00:00.003000+00:00,1771516800003,2026-02-19T16:00:00.003000+00:00,-7.139e-05,600.0
2026-02-20 00:00:00+00:00,1771545600000,2026-02-20T00:00:00+00:00,0.0,607.56
2026-02-20 08:00:00+00:00,1771574400000,2026-02-20T08:00:00+00:00,0.0,611.99901905
2026-02-20 16:00:00+00:00,1771603200000,2026-02-20T16:00:00+00:00,0.0,616.88891512
2026-02-21 00:00:00.004000+00:00,1771632000004,2026-02-21T00:00:00.004000+00:00,0.0,626.09
2026-02-21 08:00:00+00:00,1771660800000,2026-02-21T08:00:00+00:00,0.0,626.10429162
2026-02-21 16:00:00.005000+00:00,1771689600005,2026-02-21T16:00:00.005000+00:00,0.0,627.9290529
2026-02-22 00:00:00.001000+00:00,1771718400001,2026-02-22T00:00:00.001000+00:00,0.0,625.82
2026-02-22 08:00:00.004000+00:00,1771747200004,2026-02-22T08:00:00.004000+00:00,0.0,622.59953712
2026-02-22 16:00:00+00:00,1771776000000,2026-02-22T16:00:00+00:00,0.0,616.05
2026-02-23 00:00:00.001000+00:00,1771804800001,2026-02-23T00:00:00.001000+00:00,0.0,614.89585613
2026-02-23 08:00:00+00:00,1771833600000,2026-02-23T08:00:00+00:00,0.0,598.91
2026-02-23 16:00:00+00:00,1771862400000,2026-02-23T16:00:00+00:00,0.0,604.70093974
2026-02-24 00:00:00.007000+00:00,1771891200007,2026-02-24T00:00:00.007000+00:00,0.0,596.25680708
2026-02-24 08:00:00+00:00,1771920000000,2026-02-24T08:00:00+00:00,0.0,589.48
2026-02-24 16:00:00.001000+00:00,1771948800001,2026-02-24T16:00:00.001000+00:00,0.0,585.8
2026-02-25 00:00:00.001000+00:00,1771977600001,2026-02-25T00:00:00.001000+00:00,0.0,583.4
2026-02-25 08:00:00.007000+00:00,1772006400007,2026-02-25T08:00:00.007000+00:00,0.0,595.9164446
2026-02-25 16:00:00+00:00,1772035200000,2026-02-25T16:00:00+00:00,0.0,621.54
2026-02-26 00:00:00+00:00,1772064000000,2026-02-26T00:00:00+00:00,0.0,629.78524179
2026-02-26 08:00:00.006000+00:00,1772092800006,2026-02-26T08:00:00.006000+00:00,0.0,625.93704475
2026-02-26 16:00:00.002000+00:00,1772121600002,2026-02-26T16:00:00.002000+00:00,0.0,623.43957449
2026-02-27 00:00:00.007000+00:00,1772150400007,2026-02-27T00:00:00.007000+00:00,0.0,625.9952116
2026-02-27 08:00:00+00:00,1772179200000,2026-02-27T08:00:00+00:00,0.0,627.35
2026-02-27 16:00:00.001000+00:00,1772208000001,2026-02-27T16:00:00.001000+00:00,0.0,614.39
2026-02-28 00:00:00+00:00,1772236800000,2026-02-28T00:00:00+00:00,0.0,614.03
2026-02-28 08:00:00+00:00,1772265600000,2026-02-28T08:00:00+00:00,0.0,597.32
2026-02-28 16:00:00.004000+00:00,1772294400004,2026-02-28T16:00:00.004000+00:00,0.0,603.86
2026-03-01 00:00:00.005000+00:00,1772323200005,2026-03-01T00:00:00.005000+00:00,0.0,617.14
2026-03-01 08:00:00+00:00,1772352000000,2026-03-01T08:00:00+00:00,0.0,625.65874451
2026-03-01 16:00:00.002000+00:00,1772380800002,2026-03-01T16:00:00.002000+00:00,0.0,626.67609197
2026-03-02 00:00:00.001000+00:00,1772409600001,2026-03-02T00:00:00.001000+00:00,0.0,618.1209956
2026-03-02 08:00:00.007000+00:00,1772438400007,2026-03-02T08:00:00.007000+00:00,0.0,616.70315107
2026-03-02 16:00:00+00:00,1772467200000,2026-03-02T16:00:00+00:00,0.0,646.65
2026-03-03 00:00:00+00:00,1772496000000,2026-03-03T00:00:00+00:00,0.0,637.78803262
2026-03-03 08:00:00+00:00,1772524800000,2026-03-03T08:00:00+00:00,0.0,633.1981784
2026-03-03 16:00:00.007000+00:00,1772553600007,2026-03-03T16:00:00.007000+00:00,0.0,630.32745941
2026-03-04 00:00:00.001000+00:00,1772582400001,2026-03-04T00:00:00.001000+00:00,0.0,633.51177004
2026-03-04 08:00:00.005000+00:00,1772611200005,2026-03-04T08:00:00.005000+00:00,0.0,640.14321784
2026-03-04 16:00:00+00:00,1772640000000,2026-03-04T16:00:00+00:00,0.0,661.32042773
2026-03-05 00:00:00+00:00,1772668800000,2026-03-05T00:00:00+00:00,0.0,658.12758159
2026-03-05 08:00:00+00:00,1772697600000,2026-03-05T08:00:00+00:00,0.0,650.42
2026-03-05 16:00:00.004000+00:00,1772726400004,2026-03-05T16:00:00.004000+00:00,0.0,652.95492119
2026-03-06 00:00:00.001000+00:00,1772755200001,2026-03-06T00:00:00.001000+00:00,0.0,647.98055765
2026-03-06 08:00:00.001000+00:00,1772784000001,2026-03-06T08:00:00.001000+00:00,0.0,646.8732318
2026-03-06 16:00:00.004000+00:00,1772812800004,2026-03-06T16:00:00.004000+00:00,0.0,627.7486503
2026-03-07 00:00:00.001000+00:00,1772841600001,2026-03-07T00:00:00.001000+00:00,0.0,627.24
2026-03-07 08:00:00.012000+00:00,1772870400012,2026-03-07T08:00:00.012000+00:00,0.0,627.6066386
2026-03-07 16:00:00.001000+00:00,1772899200001,2026-03-07T16:00:00.001000+00:00,0.0,625.02
2026-03-08 00:00:00.001000+00:00,1772928000001,2026-03-08T00:00:00.001000+00:00,0.0,620.16976442
2026-03-08 08:00:00+00:00,1772956800000,2026-03-08T08:00:00+00:00,0.0,619.83852607
2026-03-08 16:00:00.002000+00:00,1772985600002,2026-03-08T16:00:00.002000+00:00,0.0,615.9
2026-03-09 00:00:00+00:00,1773014400000,2026-03-09T00:00:00+00:00,0.0,611.80456947
2026-03-09 08:00:00.004000+00:00,1773043200004,2026-03-09T08:00:00.004000+00:00,0.0,621.77
2026-03-09 16:00:00.003000+00:00,1773072000003,2026-03-09T16:00:00.003000+00:00,0.0,639.3458947
2026-03-10 00:00:00.012000+00:00,1773100800012,2026-03-10T00:00:00.012000+00:00,0.0,634.58664746
2026-03-10 08:00:00.002000+00:00,1773129600002,2026-03-10T08:00:00.002000+00:00,0.0,644.41
2026-03-10 16:00:00.001000+00:00,1773158400001,2026-03-10T16:00:00.001000+00:00,0.0,649.2305024
2026-03-11 00:00:00+00:00,1773187200000,2026-03-11T00:00:00+00:00,0.0,641.89
2026-03-11 08:00:00.007000+00:00,1773216000007,2026-03-11T08:00:00.007000+00:00,0.0,640.43
2026-03-11 16:00:00.010000+00:00,1773244800010,2026-03-11T16:00:00.010000+00:00,0.0,645.93
2026-03-12 00:00:00+00:00,1773273600000,2026-03-12T00:00:00+00:00,0.0,651.6807032
2026-03-12 08:00:00+00:00,1773302400000,2026-03-12T08:00:00+00:00,0.0,645.7
2026-03-12 16:00:00+00:00,1773331200000,2026-03-12T16:00:00+00:00,0.0,650.23068427
2026-03-13 00:00:00.006000+00:00,1773360000006,2026-03-13T00:00:00.006000+00:00,0.0,651.9006484
2026-03-13 08:00:00.001000+00:00,1773388800001,2026-03-13T08:00:00.001000+00:00,0.0,661.38751257
2026-03-13 16:00:00+00:00,1773417600000,2026-03-13T16:00:00+00:00,0.0,662.39
2026-03-14 00:00:00.001000+00:00,1773446400001,2026-03-14T00:00:00.001000+00:00,0.0,655.83443548
2026-03-14 08:00:00+00:00,1773475200000,2026-03-14T08:00:00+00:00,0.0,652.21819488
2026-03-14 16:00:00.007000+00:00,1773504000007,2026-03-14T16:00:00.007000+00:00,0.0,653.38993331
2026-03-15 00:00:00+00:00,1773532800000,2026-03-15T00:00:00+00:00,0.0,657.61592172
2026-03-15 08:00:00+00:00,1773561600000,2026-03-15T08:00:00+00:00,0.0,659.95599382
2026-03-15 16:00:00+00:00,1773590400000,2026-03-15T16:00:00+00:00,0.0,659.67383812
2026-03-16 00:00:00+00:00,1773619200000,2026-03-16T00:00:00+00:00,0.0,674.12
2026-03-16 08:00:00.010000+00:00,1773648000010,2026-03-16T08:00:00.010000+00:00,0.0,678.43478667
2026-03-16 16:00:00+00:00,1773676800000,2026-03-16T16:00:00+00:00,0.0,671.72
2026-03-17 00:00:00+00:00,1773705600000,2026-03-17T00:00:00+00:00,0.0,679.70265647
2026-03-17 08:00:00.002000+00:00,1773734400002,2026-03-17T08:00:00.002000+00:00,0.0,674.19
2026-03-17 16:00:00.011000+00:00,1773763200011,2026-03-17T16:00:00.011000+00:00,0.0,668.3410788
2026-03-18 00:00:00.002000+00:00,1773792000002,2026-03-18T00:00:00.002000+00:00,0.0,668.51
2026-03-18 08:00:00.002000+00:00,1773820800002,2026-03-18T08:00:00.002000+00:00,0.0,673.72355753
2026-03-18 16:00:00.005000+00:00,1773849600005,2026-03-18T16:00:00.005000+00:00,0.0,648.21
2026-03-19 00:00:00+00:00,1773878400000,2026-03-19T00:00:00+00:00,-5.147e-05,651.90902671
2026-03-19 08:00:00.003000+00:00,1773907200003,2026-03-19T08:00:00.003000+00:00,-5.01e-05,644.95502838
2026-03-19 16:00:00.003000+00:00,1773936000003,2026-03-19T16:00:00.003000+00:00,0.0,637.6
2026-03-20 00:00:00.002000+00:00,1773964800002,2026-03-20T00:00:00.002000+00:00,0.0,638.8210481
2026-03-20 08:00:00+00:00,1773993600000,2026-03-20T08:00:00+00:00,-0.00012728,643.69
2026-03-20 16:00:00+00:00,1774022400000,2026-03-20T16:00:00+00:00,0.0,640.2018974
2026-03-21 00:00:00+00:00,1774051200000,2026-03-21T00:00:00+00:00,0.0,642.0
2026-03-21 08:00:00+00:00,1774080000000,2026-03-21T08:00:00+00:00,0.0,642.97
2026-03-21 16:00:00.014000+00:00,1774108800014,2026-03-21T16:00:00.014000+00:00,0.0,642.78620513
2026-03-22 00:00:00.012000+00:00,1774137600012,2026-03-22T00:00:00.012000+00:00,0.0,630.28703354
2026-03-22 08:00:00.007000+00:00,1774166400007,2026-03-22T08:00:00.007000+00:00,0.0,631.77
2026-03-22 16:00:00.002000+00:00,1774195200002,2026-03-22T16:00:00.002000+00:00,-7.288e-05,629.45774017
2026-03-23 00:00:00+00:00,1774224000000,2026-03-23T00:00:00+00:00,-4.454e-05,626.08
2026-03-23 08:00:00.003000+00:00,1774252800003,2026-03-23T08:00:00.003000+00:00,0.0,623.9
2026-03-23 16:00:00.002000+00:00,1774281600002,2026-03-23T16:00:00.002000+00:00,0.0,637.35
2026-03-24 00:00:00+00:00,1774310400000,2026-03-24T00:00:00+00:00,0.0,639.25307763
2026-03-24 08:00:00+00:00,1774339200000,2026-03-24T08:00:00+00:00,0.0,637.89067639
2026-03-24 16:00:00.003000+00:00,1774368000003,2026-03-24T16:00:00.003000+00:00,0.0,630.8913028
2026-03-25 00:00:00+00:00,1774396800000,2026-03-25T00:00:00+00:00,0.0,638.31
2026-03-25 08:00:00+00:00,1774425600000,2026-03-25T08:00:00+00:00,0.0,643.64394901
2026-03-25 16:00:00.013000+00:00,1774454400013,2026-03-25T16:00:00.013000+00:00,0.0,645.79
2026-03-26 00:00:00.001000+00:00,1774483200001,2026-03-26T00:00:00.001000+00:00,0.0,647.78652329
2026-03-26 08:00:00.001000+00:00,1774512000001,2026-03-26T08:00:00.001000+00:00,0.0,635.39
2026-03-26 16:00:00+00:00,1774540800000,2026-03-26T16:00:00+00:00,0.0,626.77
2026-03-27 00:00:00.006000+00:00,1774569600006,2026-03-27T00:00:00.006000+00:00,0.0,628.75
2026-03-27 08:00:00+00:00,1774598400000,2026-03-27T08:00:00+00:00,0.0,628.33724617
2026-03-27 16:00:00+00:00,1774627200000,2026-03-27T16:00:00+00:00,-2.719e-05,610.35443432
2026-03-28 00:00:00.005000+00:00,1774656000005,2026-03-28T00:00:00.005000+00:00,0.0,613.72
2026-03-28 08:00:00.005000+00:00,1774684800005,2026-03-28T08:00:00.005000+00:00,0.0,613.81344749
2026-03-28 16:00:00+00:00,1774713600000,2026-03-28T16:00:00+00:00,0.0,617.05095775
2026-03-29 00:00:00.003000+00:00,1774742400003,2026-03-29T00:00:00.003000+00:00,0.0,610.97123343
2026-03-29 08:00:00.001000+00:00,1774771200001,2026-03-29T08:00:00.001000+00:00,0.0,613.36140639
2026-03-29 16:00:00+00:00,1774800000000,2026-03-29T16:00:00+00:00,0.0,609.4
2026-03-30 00:00:00+00:00,1774828800000,2026-03-30T00:00:00+00:00,0.0,605.8
2026-03-30 08:00:00.005000+00:00,1774857600005,2026-03-30T08:00:00.005000+00:00,0.0,618.24
2026-03-30 16:00:00+00:00,1774886400000,2026-03-30T16:00:00+00:00,0.0,618.73
2026-03-31 00:00:00+00:00,1774915200000,2026-03-31T00:00:00+00:00,0.0,609.3754914
2026-03-31 08:00:00+00:00,1774944000000,2026-03-31T08:00:00+00:00,0.0,611.07880558
2026-03-31 16:00:00+00:00,1774972800000,2026-03-31T16:00:00+00:00,0.0,607.89316244
2026-04-01 00:00:00+00:00,1775001600000,2026-04-01T00:00:00+00:00,0.0,617.64
2026-04-01 08:00:00+00:00,1775030400000,2026-04-01T08:00:00+00:00,4.798e-05,616.72
2026-04-01 16:00:00+00:00,1775059200000,2026-04-01T16:00:00+00:00,3.638e-05,615.20869785
2026-04-02 00:00:00.003000+00:00,1775088000003,2026-04-02T00:00:00.003000+00:00,7.43e-06,611.13909761
2026-04-02 08:00:00.001000+00:00,1775116800001,2026-04-02T08:00:00.001000+00:00,0.0,592.04140882
2026-04-02 16:00:00.001000+00:00,1775145600001,2026-04-02T16:00:00.001000+00:00,0.0,574.29894133
2026-04-03 00:00:00+00:00,1775174400000,2026-04-03T00:00:00+00:00,0.0,583.64357534
2026-04-03 08:00:00.008000+00:00,1775203200008,2026-04-03T08:00:00.008000+00:00,0.0,586.56173608
2026-04-03 16:00:00.008000+00:00,1775232000008,2026-04-03T16:00:00.008000+00:00,0.0,587.17
2026-04-04 00:00:00+00:00,1775260800000,2026-04-04T00:00:00+00:00,0.0,588.45
2026-04-04 08:00:00.003000+00:00,1775289600003,2026-04-04T08:00:00.003000+00:00,0.0,590.19116105
2026-04-04 16:00:00+00:00,1775318400000,2026-04-04T16:00:00+00:00,0.0,591.32342069
2026-04-05 00:00:00.008000+00:00,1775347200008,2026-04-05T00:00:00.008000+00:00,0.0,593.57931963
2026-04-05 08:00:00+00:00,1775376000000,2026-04-05T08:00:00+00:00,0.0,590.61
2026-04-05 16:00:00.001000+00:00,1775404800001,2026-04-05T16:00:00.001000+00:00,0.0,593.37
2026-04-06 00:00:00.004000+00:00,1775433600004,2026-04-06T00:00:00.004000+00:00,0.0,601.76253437
2026-04-06 08:00:00.001000+00:00,1775462400001,2026-04-06T08:00:00.001000+00:00,0.0,604.05
2026-04-06 16:00:00.003000+00:00,1775491200003,2026-04-06T16:00:00.003000+00:00,3.249e-05,608.78770728
2026-04-07 00:00:00+00:00,1775520000000,2026-04-07T00:00:00+00:00,4.57e-06,600.44996406
2026-04-07 08:00:00+00:00,1775548800000,2026-04-07T08:00:00+00:00,0.0,599.39
2026-04-07 16:00:00+00:00,1775577600000,2026-04-07T16:00:00+00:00,0.0,598.75
2026-04-08 00:00:00+00:00,1775606400000,2026-04-08T00:00:00+00:00,0.00010441,620.57623536
2026-04-08 08:00:00+00:00,1775635200000,2026-04-08T08:00:00+00:00,5.151e-05,613.6727032
2026-04-08 16:00:00.006000+00:00,1775664000006,2026-04-08T16:00:00.006000+00:00,4.108e-05,605.63
2026-04-09 00:00:00+00:00,1775692800000,2026-04-09T00:00:00+00:00,2.561e-05,601.41
2026-04-09 08:00:00.010000+00:00,1775721600010,2026-04-09T08:00:00.010000+00:00,1.1e-07,600.3180249
2026-04-09 16:00:00.001000+00:00,1775750400001,2026-04-09T16:00:00.001000+00:00,3.305e-05,606.38671154
2026-04-10 00:00:00+00:00,1775779200000,2026-04-10T00:00:00+00:00,5.621e-05,603.38
2026-04-10 08:00:00.005000+00:00,1775808000005,2026-04-10T08:00:00.005000+00:00,0.0,599.61
2026-04-10 16:00:00+00:00,1775836800000,2026-04-10T16:00:00+00:00,0.0,603.68964586
2026-04-11 00:00:00+00:00,1775865600000,2026-04-11T00:00:00+00:00,9.157e-05,605.93088194
2026-04-11 08:00:00+00:00,1775894400000,2026-04-11T08:00:00+00:00,0.0,606.35184228
2026-04-11 16:00:00.003000+00:00,1775923200003,2026-04-11T16:00:00.003000+00:00,1.54e-06,606.0
2026-04-12 00:00:00+00:00,1775952000000,2026-04-12T00:00:00+00:00,6.577e-05,607.48194064
2026-04-12 08:00:00+00:00,1775980800000,2026-04-12T08:00:00+00:00,0.0,594.32302975
2026-04-12 16:00:00+00:00,1776009600000,2026-04-12T16:00:00+00:00,0.0,591.81
2026-04-13 00:00:00.011000+00:00,1776038400011,2026-04-13T00:00:00.011000+00:00,0.0,592.36823608
2026-04-13 08:00:00.006000+00:00,1776067200006,2026-04-13T08:00:00.006000+00:00,0.0,597.58911137
2026-04-13 16:00:00+00:00,1776096000000,2026-04-13T16:00:00+00:00,0.0,603.78213676
2026-04-14 00:00:00.005000+00:00,1776124800005,2026-04-14T00:00:00.005000+00:00,0.00015422,615.19
2026-04-14 08:00:00.003000+00:00,1776153600003,2026-04-14T08:00:00.003000+00:00,5.862e-05,613.95179876
2026-04-14 16:00:00.001000+00:00,1776182400001,2026-04-14T16:00:00.001000+00:00,3.028e-05,623.8741073
2026-04-15 00:00:00+00:00,1776211200000,2026-04-15T00:00:00+00:00,3.773e-05,614.15597039
2026-04-15 08:00:00+00:00,1776240000000,2026-04-15T08:00:00+00:00,0.0,611.92
2026-04-15 16:00:00+00:00,1776268800000,2026-04-15T16:00:00+00:00,4.407e-05,619.44
2026-04-16 00:00:00.013000+00:00,1776297600013,2026-04-16T00:00:00.013000+00:00,0.00010905,622.99369778
2026-04-16 08:00:00+00:00,1776326400000,2026-04-16T08:00:00+00:00,0.0,622.98
2026-04-16 16:00:00+00:00,1776355200000,2026-04-16T16:00:00+00:00,0.0,625.14
2026-04-17 00:00:00.001000+00:00,1776384000001,2026-04-17T00:00:00.001000+00:00,9.789e-05,636.13796621
2026-04-17 08:00:00.011000+00:00,1776412800011,2026-04-17T08:00:00.011000+00:00,2.34e-06,627.53671163
2026-04-17 16:00:00.001000+00:00,1776441600001,2026-04-17T16:00:00.001000+00:00,0.0,643.68
2026-04-18 00:00:00.001000+00:00,1776470400001,2026-04-18T00:00:00.001000+00:00,1.541e-05,643.50936116
2026-04-18 08:00:00.006000+00:00,1776499200006,2026-04-18T08:00:00.006000+00:00,1.38e-06,643.74665297
2026-04-18 16:00:00+00:00,1776528000000,2026-04-18T16:00:00+00:00,0.0,633.63
2026-04-19 00:00:00.002000+00:00,1776556800002,2026-04-19T00:00:00.002000+00:00,1.261e-05,630.22
2026-04-19 08:00:00.010000+00:00,1776585600010,2026-04-19T08:00:00.010000+00:00,0.0,620.61
2026-04-19 16:00:00.001000+00:00,1776614400001,2026-04-19T16:00:00.001000+00:00,0.0,626.25080303
2026-04-20 00:00:00+00:00,1776643200000,2026-04-20T00:00:00+00:00,0.0,616.27
2026-04-20 08:00:00+00:00,1776672000000,2026-04-20T08:00:00+00:00,3.601e-05,625.03
2026-04-20 16:00:00.001000+00:00,1776700800001,2026-04-20T16:00:00.001000+00:00,1.888e-05,628.6589745
2026-04-21 00:00:00+00:00,1776729600000,2026-04-21T00:00:00+00:00,5.462e-05,629.57
2026-04-21 08:00:00.004000+00:00,1776758400004,2026-04-21T08:00:00.004000+00:00,0.0,633.08
2026-04-21 16:00:00.004000+00:00,1776787200004,2026-04-21T16:00:00.004000+00:00,0.0,632.1100348
2026-04-22 00:00:00.004000+00:00,1776816000004,2026-04-22T00:00:00.004000+00:00,0.0,631.97
2026-04-22 08:00:00+00:00,1776844800000,2026-04-22T08:00:00+00:00,5.781e-05,642.34937696
2026-04-22 16:00:00+00:00,1776873600000,2026-04-22T16:00:00+00:00,7.639e-05,649.49
2026-04-23 00:00:00+00:00,1776902400000,2026-04-23T00:00:00+00:00,1.259e-05,637.81
2026-04-23 08:00:00+00:00,1776931200000,2026-04-23T08:00:00+00:00,0.0,635.86
2026-04-23 16:00:00.004000+00:00,1776960000004,2026-04-23T16:00:00.004000+00:00,0.0,639.96
2026-04-24 00:00:00.006000+00:00,1776988800006,2026-04-24T00:00:00.006000+00:00,3.278e-05,638.82061333
2026-04-24 08:00:00+00:00,1777017600000,2026-04-24T08:00:00+00:00,0.0,635.38
2026-04-24 16:00:00+00:00,1777046400000,2026-04-24T16:00:00+00:00,7.341e-05,639.93
2026-04-25 00:00:00+00:00,1777075200000,2026-04-25T00:00:00+00:00,3.157e-05,636.48806027
2026-04-25 08:00:00.002000+00:00,1777104000002,2026-04-25T08:00:00.002000+00:00,0.0,637.13950828
2026-04-25 16:00:00.002000+00:00,1777132800002,2026-04-25T16:00:00.002000+00:00,0.0,630.2
2026-04-26 00:00:00.003000+00:00,1777161600003,2026-04-26T00:00:00.003000+00:00,0.0,628.9
2026-04-26 08:00:00.007000+00:00,1777190400007,2026-04-26T08:00:00.007000+00:00,3.265e-05,632.77316438
2026-04-26 16:00:00.004000+00:00,1777219200004,2026-04-26T16:00:00.004000+00:00,6.26e-06,632.6
2026-04-27 00:00:00.004000+00:00,1777248000004,2026-04-27T00:00:00.004000+00:00,2.096e-05,636.13699576
2026-04-27 08:00:00+00:00,1777276800000,2026-04-27T08:00:00+00:00,0.0,626.11560938
2026-04-27 16:00:00.002000+00:00,1777305600002,2026-04-27T16:00:00.002000+00:00,0.0,621.22
2026-04-28 00:00:00.001000+00:00,1777334400001,2026-04-28T00:00:00.001000+00:00,0.0,627.18
2026-04-28 08:00:00+00:00,1777363200000,2026-04-28T08:00:00+00:00,0.0,624.55001313
2026-04-28 16:00:00.004000+00:00,1777392000004,2026-04-28T16:00:00.004000+00:00,4.102e-05,623.09641398
2026-04-29 00:00:00.006000+00:00,1777420800006,2026-04-29T00:00:00.006000+00:00,4.604e-05,624.87680365
2026-04-29 08:00:00.011000+00:00,1777449600011,2026-04-29T08:00:00.011000+00:00,0.0,625.29
2026-04-29 16:00:00.003000+00:00,1777478400003,2026-04-29T16:00:00.003000+00:00,0.0,616.66117441
2026-04-30 00:00:00.002000+00:00,1777507200002,2026-04-30T00:00:00.002000+00:00,0.0,617.6239693
2026-04-30 08:00:00+00:00,1777536000000,2026-04-30T08:00:00+00:00,0.0,617.85279668
2026-04-30 16:00:00+00:00,1777564800000,2026-04-30T16:00:00+00:00,6.97e-06,617.29
2026-05-01 00:00:00+00:00,1777593600000,2026-05-01T00:00:00+00:00,1.441e-05,615.61
2026-05-01 08:00:00.005000+00:00,1777622400005,2026-05-01T08:00:00.005000+00:00,0.0,617.7
2026-05-01 16:00:00+00:00,1777651200000,2026-05-01T16:00:00+00:00,1.996e-05,621.2
2026-05-02 00:00:00.006000+00:00,1777680000006,2026-05-02T00:00:00.006000+00:00,6.706e-05,615.71728584
2026-05-02 08:00:00+00:00,1777708800000,2026-05-02T08:00:00+00:00,0.0,616.13
2026-05-02 16:00:00.010000+00:00,1777737600010,2026-05-02T16:00:00.010000+00:00,4.5e-06,618.57214521
2026-05-03 00:00:00.005000+00:00,1777766400005,2026-05-03T00:00:00.005000+00:00,2.275e-05,618.33
2026-05-03 08:00:00.003000+00:00,1777795200003,2026-05-03T08:00:00.003000+00:00,0.0,617.33734407
2026-05-03 16:00:00+00:00,1777824000000,2026-05-03T16:00:00+00:00,5.316e-05,620.28506204
2026-05-04 00:00:00+00:00,1777852800000,2026-05-04T00:00:00+00:00,1.607e-05,617.57796001
2026-05-04 08:00:00+00:00,1777881600000,2026-05-04T08:00:00+00:00,0.00011312,628.85
2026-05-04 16:00:00.003000+00:00,1777910400003,2026-05-04T16:00:00.003000+00:00,2.752e-05,625.75000287
2026-05-05 00:00:00+00:00,1777939200000,2026-05-05T00:00:00+00:00,5.378e-05,622.97875379
2026-05-05 08:00:00.011000+00:00,1777968000011,2026-05-05T08:00:00.011000+00:00,3.103e-05,627.9
2026-05-05 16:00:00+00:00,1777996800000,2026-05-05T16:00:00+00:00,0.00010704,631.38
2026-05-06 00:00:00.010000+00:00,1778025600010,2026-05-06T00:00:00.010000+00:00,0.00011317,630.75
2026-05-06 08:00:00+00:00,1778054400000,2026-05-06T08:00:00+00:00,1.521e-05,638.47213462
2026-05-06 16:00:00.002000+00:00,1778083200002,2026-05-06T16:00:00.002000+00:00,9.46e-05,648.91
2026-05-07 00:00:00+00:00,1778112000000,2026-05-07T00:00:00+00:00,9.945e-05,648.10808928
2026-05-07 08:00:00+00:00,1778140800000,2026-05-07T08:00:00+00:00,4.52e-05,652.43
2026-05-07 16:00:00.004000+00:00,1778169600004,2026-05-07T16:00:00.004000+00:00,5.902e-05,642.77603028
2026-05-08 00:00:00.003000+00:00,1778198400003,2026-05-08T00:00:00.003000+00:00,8.91e-06,637.27880863
2026-05-08 08:00:00.002000+00:00,1778227200002,2026-05-08T08:00:00.002000+00:00,0.0,637.03
2026-05-08 16:00:00.003000+00:00,1778256000003,2026-05-08T16:00:00.003000+00:00,0.0,644.31766369
2026-05-09 00:00:00+00:00,1778284800000,2026-05-09T00:00:00+00:00,2.196e-05,649.76346392
2026-05-09 08:00:00.001000+00:00,1778313600001,2026-05-09T08:00:00.001000+00:00,0.00010676,650.18389561
2026-05-09 16:00:00.002000+00:00,1778342400002,2026-05-09T16:00:00.002000+00:00,7.448e-05,648.04380788
2026-05-10 00:00:00.003000+00:00,1778371200003,2026-05-10T00:00:00.003000+00:00,2.289e-05,650.07103653
2026-05-10 08:00:00+00:00,1778400000000,2026-05-10T08:00:00+00:00,3.11e-06,648.69
2026-05-10 16:00:00+00:00,1778428800000,2026-05-10T16:00:00+00:00,7.97e-05,655.92
2026-05-11 00:00:00+00:00,1778457600000,2026-05-11T00:00:00+00:00,9.23e-05,663.99208356
2026-05-11 08:00:00+00:00,1778486400000,2026-05-11T08:00:00+00:00,8.28e-06,650.9622274
2026-05-11 16:00:00+00:00,1778515200000,2026-05-11T16:00:00+00:00,0.0,661.91147618
2026-05-12 00:00:00.002000+00:00,1778544000002,2026-05-12T00:00:00.002000+00:00,6.651e-05,670.91832561
2026-05-12 08:00:00.008000+00:00,1778572800008,2026-05-12T08:00:00.008000+00:00,0.0,658.86
2026-05-12 16:00:00+00:00,1778601600000,2026-05-12T16:00:00+00:00,0.00015663,652.51280405
2026-05-13 00:00:00.010000+00:00,1778630400010,2026-05-13T00:00:00.010000+00:00,0.0001297,665.23
2026-05-13 08:00:00.003000+00:00,1778659200003,2026-05-13T08:00:00.003000+00:00,6.636e-05,679.34861549
2026-05-13 16:00:00.001000+00:00,1778688000001,2026-05-13T16:00:00.001000+00:00,0.0,664.56042782
2026-05-14 00:00:00.005000+00:00,1778716800005,2026-05-14T00:00:00.005000+00:00,0.0,671.9
2026-05-14 08:00:00+00:00,1778745600000,2026-05-14T08:00:00+00:00,0.0,669.56631648
2026-05-14 16:00:00+00:00,1778774400000,2026-05-14T16:00:00+00:00,0.0,680.19
2026-05-15 00:00:00+00:00,1778803200000,2026-05-15T00:00:00+00:00,0.00012416,678.72326458
2026-05-15 08:00:00.016000+00:00,1778832000016,2026-05-15T08:00:00.016000+00:00,0.0,684.88
2026-05-15 16:00:00.012000+00:00,1778860800012,2026-05-15T16:00:00.012000+00:00,0.0,671.92
2026-05-16 00:00:00.005000+00:00,1778889600005,2026-05-16T00:00:00.005000+00:00,0.0,672.62202712
2026-05-16 08:00:00+00:00,1778918400000,2026-05-16T08:00:00+00:00,0.0,660.95
2026-05-16 16:00:00.005000+00:00,1778947200005,2026-05-16T16:00:00.005000+00:00,0.0,655.47453302
2026-05-17 00:00:00+00:00,1778976000000,2026-05-17T00:00:00+00:00,0.0,656.52
2026-05-17 08:00:00.010000+00:00,1779004800010,2026-05-17T08:00:00.010000+00:00,3.265e-05,655.53148402
2026-05-17 16:00:00.009000+00:00,1779033600009,2026-05-17T16:00:00.009000+00:00,0.0,652.63
2026-05-18 00:00:00.007000+00:00,1779062400007,2026-05-18T00:00:00.007000+00:00,0.0,649.76
2026-05-18 08:00:00.002000+00:00,1779091200002,2026-05-18T08:00:00.002000+00:00,4.297e-05,642.16
2026-05-18 16:00:00.007000+00:00,1779120000007,2026-05-18T16:00:00.007000+00:00,0.0,637.15310363
2026-05-19 00:00:00.001000+00:00,1779148800001,2026-05-19T00:00:00.001000+00:00,0.0,643.80245455
2026-05-19 08:00:00.001000+00:00,1779177600001,2026-05-19T08:00:00.001000+00:00,0.0,646.1
2026-05-19 16:00:00.009000+00:00,1779206400009,2026-05-19T16:00:00.009000+00:00,1.483e-05,639.06551983
2026-05-20 00:00:00.001000+00:00,1779235200001,2026-05-20T00:00:00.001000+00:00,7.62e-05,640.33275083
2026-05-20 08:00:00.006000+00:00,1779264000006,2026-05-20T08:00:00.006000+00:00,8.89e-06,643.7135111
2026-05-20 16:00:00+00:00,1779292800000,2026-05-20T16:00:00+00:00,6.24e-05,649.15
2026-05-21 00:00:00.001000+00:00,1779321600001,2026-05-21T00:00:00.001000+00:00,2.383e-05,649.8
2026-05-21 08:00:00+00:00,1779350400000,2026-05-21T08:00:00+00:00,8.131e-05,653.26
2026-05-21 16:00:00+00:00,1779379200000,2026-05-21T16:00:00+00:00,5.686e-05,652.74933912
2026-05-22 00:00:00+00:00,1779408000000,2026-05-22T00:00:00+00:00,4.007e-05,658.82
2026-05-22 08:00:00.004000+00:00,1779436800004,2026-05-22T08:00:00.004000+00:00,2.067e-05,659.86
2026-05-22 16:00:00.001000+00:00,1779465600001,2026-05-22T16:00:00.001000+00:00,0.0,658.67
2026-05-23 00:00:00.009000+00:00,1779494400009,2026-05-23T00:00:00.009000+00:00,2.14e-06,650.81745845
2026-05-23 08:00:00.001000+00:00,1779523200001,2026-05-23T08:00:00.001000+00:00,0.0,636.9
2026-05-23 16:00:00.003000+00:00,1779552000003,2026-05-23T16:00:00.003000+00:00,0.0,647.85771026
2026-05-24 00:00:00.011000+00:00,1779580800011,2026-05-24T00:00:00.011000+00:00,4.985e-05,656.53423562
2026-05-24 08:00:00.008000+00:00,1779609600008,2026-05-24T08:00:00.008000+00:00,4.422e-05,657.0
2026-05-24 16:00:00+00:00,1779638400000,2026-05-24T16:00:00+00:00,9.4e-05,655.9
2026-05-25 00:00:00.001000+00:00,1779667200001,2026-05-25T00:00:00.001000+00:00,0.0,656.84589639
2026-05-25 08:00:00.001000+00:00,1779696000001,2026-05-25T08:00:00.001000+00:00,6.74e-05,662.33
2026-05-25 16:00:00.001000+00:00,1779724800001,2026-05-25T16:00:00.001000+00:00,4.621e-05,668.08
2026-05-26 00:00:00+00:00,1779753600000,2026-05-26T00:00:00+00:00,5.354e-05,663.47
2026-05-26 08:00:00.003000+00:00,1779782400003,2026-05-26T08:00:00.003000+00:00,0.0,657.99
2026-05-26 16:00:00+00:00,1779811200000,2026-05-26T16:00:00+00:00,2.838e-05,660.57
2026-05-27 00:00:00+00:00,1779840000000,2026-05-27T00:00:00+00:00,3.134e-05,656.7701653
2026-05-27 08:00:00.004000+00:00,1779868800004,2026-05-27T08:00:00.004000+00:00,7.44e-05,653.78
2026-05-27 16:00:00.009000+00:00,1779897600009,2026-05-27T16:00:00.009000+00:00,6.759e-05,658.1345195
2026-05-28 00:00:00.001000+00:00,1779926400001,2026-05-28T00:00:00.001000+00:00,5.788e-05,649.1
2026-05-28 08:00:00+00:00,1779955200000,2026-05-28T08:00:00+00:00,0.0,635.12
2026-05-28 16:00:00.001000+00:00,1779984000001,2026-05-28T16:00:00.001000+00:00,0.0,635.01
2026-05-29 00:00:00+00:00,1780012800000,2026-05-29T00:00:00+00:00,7.032e-05,638.66
2026-05-29 08:00:00.001000+00:00,1780041600001,2026-05-29T08:00:00.001000+00:00,0.0,637.23
2026-05-29 16:00:00.008000+00:00,1780070400008,2026-05-29T16:00:00.008000+00:00,9.1e-06,640.22
2026-05-30 00:00:00+00:00,1780099200000,2026-05-30T00:00:00+00:00,3.792e-05,643.49713666
2026-05-30 08:00:00.001000+00:00,1780128000001,2026-05-30T08:00:00.001000+00:00,0.00010904,673.42016769
2026-05-30 16:00:00+00:00,1780156800000,2026-05-30T16:00:00+00:00,0.00011873,694.91981793
2026-05-31 00:00:00+00:00,1780185600000,2026-05-31T00:00:00+00:00,0.0,718.8876246
2026-05-31 08:00:00+00:00,1780214400000,2026-05-31T08:00:00+00:00,0.0,720.15638733
2026-05-31 16:00:00.004000+00:00,1780243200004,2026-05-31T16:00:00.004000+00:00,1.15e-06,721.20434227
2026-06-01 00:00:00.001000+00:00,1780272000001,2026-06-01T00:00:00.001000+00:00,0.0,710.90006078
2026-06-01 08:00:00.001000+00:00,1780300800001,2026-06-01T08:00:00.001000+00:00,9.172e-05,686.51463546
2026-06-01 16:00:00+00:00,1780329600000,2026-06-01T16:00:00+00:00,0.0,677.87093847
2026-06-02 00:00:00+00:00,1780358400000,2026-06-02T00:00:00+00:00,0.0,693.45
2026-06-02 08:00:00+00:00,1780387200000,2026-06-02T08:00:00+00:00,3.806e-05,682.26506292
2026-06-02 16:00:00+00:00,1780416000000,2026-06-02T16:00:00+00:00,0.0001285,663.67
2026-06-03 00:00:00.013000+00:00,1780444800013,2026-06-03T00:00:00.013000+00:00,3.437e-05,651.0215845
2026-06-03 08:00:00+00:00,1780473600000,2026-06-03T08:00:00+00:00,6.088e-05,644.33
2026-06-03 16:00:00.001000+00:00,1780502400001,2026-06-03T16:00:00.001000+00:00,3.58e-05,633.32130483
2026-06-04 00:00:00.009000+00:00,1780531200009,2026-06-04T00:00:00.009000+00:00,0.0,620.97818776
2026-06-04 08:00:00+00:00,1780560000000,2026-06-04T08:00:00+00:00,5.166e-05,600.56
2026-06-04 16:00:00.003000+00:00,1780588800003,2026-06-04T16:00:00.003000+00:00,0.0,606.68
2026-06-05 00:00:00+00:00,1780617600000,2026-06-05T00:00:00+00:00,0.0,604.83782899
2026-06-05 08:00:00.004000+00:00,1780646400004,2026-06-05T08:00:00.004000+00:00,0.0,593.4
2026-06-05 16:00:00.009000+00:00,1780675200009,2026-06-05T16:00:00.009000+00:00,4.098e-05,579.18
2026-06-06 00:00:00+00:00,1780704000000,2026-06-06T00:00:00+00:00,6.864e-05,572.45
2026-06-06 08:00:00+00:00,1780732800000,2026-06-06T08:00:00+00:00,0.0,579.37
2026-06-06 16:00:00+00:00,1780761600000,2026-06-06T16:00:00+00:00,0.0,576.01
2026-06-07 00:00:00.001000+00:00,1780790400001,2026-06-07T00:00:00.001000+00:00,0.0,574.70017523
2026-06-07 08:00:00+00:00,1780819200000,2026-06-07T08:00:00+00:00,0.0,589.93859305
2026-06-07 16:00:00+00:00,1780848000000,2026-06-07T16:00:00+00:00,0.0,591.76772903
2026-06-08 00:00:00+00:00,1780876800000,2026-06-08T00:00:00+00:00,0.0,604.78608021
2026-06-08 08:00:00.005000+00:00,1780905600005,2026-06-08T08:00:00.005000+00:00,0.0,596.56529688
2026-06-08 16:00:00.004000+00:00,1780934400004,2026-06-08T16:00:00.004000+00:00,0.0,604.39649891
2026-06-09 00:00:00+00:00,1780963200000,2026-06-09T00:00:00+00:00,0.0,602.1092758
2026-06-09 08:00:00+00:00,1780992000000,2026-06-09T08:00:00+00:00,0.0,604.22334886
2026-06-09 16:00:00.001000+00:00,1781020800001,2026-06-09T16:00:00.001000+00:00,0.0,587.25
2026-06-10 00:00:00.001000+00:00,1781049600001,2026-06-10T00:00:00.001000+00:00,8.6e-06,593.8049791
2026-06-10 08:00:00.011000+00:00,1781078400011,2026-06-10T08:00:00.011000+00:00,0.0,588.92
2026-06-10 16:00:00.009000+00:00,1781107200009,2026-06-10T16:00:00.009000+00:00,0.0,597.17809599
2026-06-11 00:00:00+00:00,1781136000000,2026-06-11T00:00:00+00:00,0.0,586.73
2026-06-11 08:00:00.004000+00:00,1781164800004,2026-06-11T08:00:00.004000+00:00,0.0,598.53341026
2026-06-11 16:00:00+00:00,1781193600000,2026-06-11T16:00:00+00:00,4.668e-05,598.92794928
2026-06-12 00:00:00+00:00,1781222400000,2026-06-12T00:00:00+00:00,2.744e-05,605.97
2026-06-12 08:00:00+00:00,1781251200000,2026-06-12T08:00:00+00:00,0.0,600.12865016
2026-06-12 16:00:00+00:00,1781280000000,2026-06-12T16:00:00+00:00,6.548e-05,605.52299741
2026-06-13 00:00:00+00:00,1781308800000,2026-06-13T00:00:00+00:00,0.0,604.04224789
2026-06-13 08:00:00.007000+00:00,1781337600007,2026-06-13T08:00:00.007000+00:00,0.0,603.47392063
2026-06-13 16:00:00.002000+00:00,1781366400002,2026-06-13T16:00:00.002000+00:00,4.204e-05,610.76
2026-06-14 00:00:00.005000+00:00,1781395200005,2026-06-14T00:00:00.005000+00:00,0.0,609.8298325
2026-06-14 08:00:00.009000+00:00,1781424000009,2026-06-14T08:00:00.009000+00:00,0.0,610.45091872
2026-06-14 16:00:00+00:00,1781452800000,2026-06-14T16:00:00+00:00,0.0,608.32
2026-06-15 00:00:00.013000+00:00,1781481600013,2026-06-15T00:00:00.013000+00:00,0.0,617.15757323
2026-06-15 08:00:00.013000+00:00,1781510400013,2026-06-15T08:00:00.013000+00:00,5.384e-05,615.83
2026-06-15 16:00:00.004000+00:00,1781539200004,2026-06-15T16:00:00.004000+00:00,1.223e-05,629.32
2026-06-16 00:00:00+00:00,1781568000000,2026-06-16T00:00:00+00:00,0.0,618.15
2026-06-16 08:00:00+00:00,1781596800000,2026-06-16T08:00:00+00:00,0.0,616.15276208
2026-06-16 16:00:00.001000+00:00,1781625600001,2026-06-16T16:00:00.001000+00:00,0.0,606.64
2026-06-17 00:00:00.012000+00:00,1781654400012,2026-06-17T00:00:00.012000+00:00,3.807e-05,605.38
2026-06-17 08:00:00+00:00,1781683200000,2026-06-17T08:00:00+00:00,5.44e-05,606.98
2026-06-17 16:00:00+00:00,1781712000000,2026-06-17T16:00:00+00:00,5.276e-05,605.95420227
2026-06-18 00:00:00.002000+00:00,1781740800002,2026-06-18T00:00:00.002000+00:00,5.822e-05,601.93
2026-06-18 08:00:00+00:00,1781769600000,2026-06-18T08:00:00+00:00,0.0,589.97
2026-06-18 16:00:00.001000+00:00,1781798400001,2026-06-18T16:00:00.001000+00:00,0.0,573.85
2026-06-19 00:00:00.005000+00:00,1781827200005,2026-06-19T00:00:00.005000+00:00,0.0,578.59
2026-06-19 08:00:00.001000+00:00,1781856000001,2026-06-19T08:00:00.001000+00:00,0.0,574.97
2026-06-19 16:00:00.001000+00:00,1781884800001,2026-06-19T16:00:00.001000+00:00,0.0,578.76600413
2026-06-20 00:00:00.001000+00:00,1781913600001,2026-06-20T00:00:00.001000+00:00,0.0,581.59
2026-06-20 08:00:00+00:00,1781942400000,2026-06-20T08:00:00+00:00,1.83e-05,588.05368384
2026-06-20 16:00:00.001000+00:00,1781971200001,2026-06-20T16:00:00.001000+00:00,4.245e-05,587.52
2026-06-21 00:00:00+00:00,1782000000000,2026-06-21T00:00:00+00:00,0.0,588.30318269
2026-06-21 08:00:00+00:00,1782028800000,2026-06-21T08:00:00+00:00,0.0,591.31
2026-06-21 16:00:00+00:00,1782057600000,2026-06-21T16:00:00+00:00,5.515e-05,590.27634485
2026-06-22 00:00:00+00:00,1782086400000,2026-06-22T00:00:00+00:00,0.0,584.54
2026-06-22 08:00:00+00:00,1782115200000,2026-06-22T08:00:00+00:00,0.0,594.25
2026-06-22 16:00:00.002000+00:00,1782144000002,2026-06-22T16:00:00.002000+00:00,0.0,596.49
2026-06-23 00:00:00.003000+00:00,1782172800003,2026-06-23T00:00:00.003000+00:00,0.0,590.33115668
2026-06-23 08:00:00.005000+00:00,1782201600005,2026-06-23T08:00:00.005000+00:00,0.0,581.06
2026-06-23 16:00:00.002000+00:00,1782230400002,2026-06-23T16:00:00.002000+00:00,0.0,574.65
2026-06-24 00:00:00.005000+00:00,1782259200005,2026-06-24T00:00:00.005000+00:00,0.0,578.1760274
2026-06-24 08:00:00.005000+00:00,1782288000005,2026-06-24T08:00:00.005000+00:00,0.0,577.06239909
2026-06-24 16:00:00.003000+00:00,1782316800003,2026-06-24T16:00:00.003000+00:00,0.0,561.5
2026-06-25 00:00:00+00:00,1782345600000,2026-06-25T00:00:00+00:00,0.0,564.54
2026-06-25 08:00:00+00:00,1782374400000,2026-06-25T08:00:00+00:00,0.0,570.48
2026-06-25 16:00:00+00:00,1782403200000,2026-06-25T16:00:00+00:00,0.0,554.06221361
2026-06-26 00:00:00.010000+00:00,1782432000010,2026-06-26T00:00:00.010000+00:00,0.0,560.7962771
2026-06-26 08:00:00.002000+00:00,1782460800002,2026-06-26T08:00:00.002000+00:00,0.0,569.83
2026-06-26 16:00:00+00:00,1782489600000,2026-06-26T16:00:00+00:00,0.0,565.68192228
2026-06-27 00:00:00+00:00,1782518400000,2026-06-27T00:00:00+00:00,6.039e-05,567.98
2026-06-27 08:00:00+00:00,1782547200000,2026-06-27T08:00:00+00:00,4.127e-05,565.86228578
2026-06-27 16:00:00.009000+00:00,1782576000009,2026-06-27T16:00:00.009000+00:00,6.89e-05,565.87764816
2026-06-28 00:00:00+00:00,1782604800000,2026-06-28T00:00:00+00:00,0.0,557.44
2026-06-28 08:00:00.013000+00:00,1782633600013,2026-06-28T08:00:00.013000+00:00,0.0,556.7
2026-06-28 16:00:00+00:00,1782662400000,2026-06-28T16:00:00+00:00,0.0,554.76891167
2026-06-29 00:00:00.006000+00:00,1782691200006,2026-06-29T00:00:00.006000+00:00,0.0,551.43
2026-06-29 08:00:00.013000+00:00,1782720000013,2026-06-29T08:00:00.013000+00:00,6.52e-06,553.88
2026-06-29 16:00:00.004000+00:00,1782748800004,2026-06-29T16:00:00.004000+00:00,1.584e-05,552.23
2026-06-30 00:00:00+00:00,1782777600000,2026-06-30T00:00:00+00:00,4.028e-05,559.83
2026-06-30 08:00:00+00:00,1782806400000,2026-06-30T08:00:00+00:00,0.0,552.60641553
2026-06-30 16:00:00.005000+00:00,1782835200005,2026-06-30T16:00:00.005000+00:00,0.0,545.21
2026-07-01 00:00:00+00:00,1782864000000,2026-07-01T00:00:00+00:00,8.374e-05,546.84
2026-07-01 08:00:00+00:00,1782892800000,2026-07-01T08:00:00+00:00,1.081e-05,547.13983877
2026-07-01 16:00:00+00:00,1782921600000,2026-07-01T16:00:00+00:00,0.0,554.84
2026-07-02 00:00:00+00:00,1782950400000,2026-07-02T00:00:00+00:00,5.254e-05,550.79339107
2026-07-02 08:00:00+00:00,1782979200000,2026-07-02T08:00:00+00:00,4.503e-05,549.68002802
2026-07-02 16:00:00+00:00,1783008000000,2026-07-02T16:00:00+00:00,0.00010499,562.81736515
2026-07-03 00:00:00+00:00,1783036800000,2026-07-03T00:00:00+00:00,4.19e-05,559.18
2026-07-03 08:00:00.007000+00:00,1783065600007,2026-07-03T08:00:00.007000+00:00,5.653e-05,562.05954983
2026-07-03 16:00:00+00:00,1783094400000,2026-07-03T16:00:00+00:00,0.0001291,566.15
2026-07-04 00:00:00+00:00,1783123200000,2026-07-04T00:00:00+00:00,0.00019594,574.23
2026-07-04 08:00:00+00:00,1783152000000,2026-07-04T08:00:00+00:00,0.00012176,570.06055682
2026-07-04 16:00:00.007000+00:00,1783180800007,2026-07-04T16:00:00.007000+00:00,0.00010833,577.12
2026-07-05 00:00:00.003000+00:00,1783209600003,2026-07-05T00:00:00.003000+00:00,4.393e-05,575.72789954
2026-07-05 08:00:00.001000+00:00,1783238400001,2026-07-05T08:00:00.001000+00:00,3.193e-05,576.02554226
2026-07-05 16:00:00+00:00,1783267200000,2026-07-05T16:00:00+00:00,7.046e-05,587.72
2026-07-06 00:00:00+00:00,1783296000000,2026-07-06T00:00:00+00:00,4.905e-05,590.30320334
2026-07-06 08:00:00+00:00,1783324800000,2026-07-06T08:00:00+00:00,2.64e-05,582.45364554
2026-07-06 16:00:00+00:00,1783353600000,2026-07-06T16:00:00+00:00,7.35e-06,585.08
2026-07-07 00:00:00+00:00,1783382400000,2026-07-07T00:00:00+00:00,2.595e-05,586.29480913
2026-07-07 08:00:00+00:00,1783411200000,2026-07-07T08:00:00+00:00,0.0,578.62
2026-07-07 16:00:00+00:00,1783440000000,2026-07-07T16:00:00+00:00,1.872e-05,585.04507089
2026-07-08 00:00:00+00:00,1783468800000,2026-07-08T00:00:00+00:00,4.957e-05,577.04612822
2026-07-08 08:00:00+00:00,1783497600000,2026-07-08T08:00:00+00:00,1.075e-05,568.18
2026-07-08 16:00:00+00:00,1783526400000,2026-07-08T16:00:00+00:00,0.0,562.68
2026-07-09 00:00:00+00:00,1783555200000,2026-07-09T00:00:00+00:00,3.204e-05,568.97545887
2026-07-09 08:00:00.001000+00:00,1783584000001,2026-07-09T08:00:00.001000+00:00,8.613e-05,573.18
2026-07-09 16:00:00.001000+00:00,1783612800001,2026-07-09T16:00:00.001000+00:00,0.00012025,571.39271536
2026-07-10 00:00:00+00:00,1783641600000,2026-07-10T00:00:00+00:00,7.403e-05,569.05
2026-07-10 08:00:00.005000+00:00,1783670400005,2026-07-10T08:00:00.005000+00:00,0.00011748,574.41
2026-07-10 16:00:00.005000+00:00,1783699200005,2026-07-10T16:00:00.005000+00:00,0.00011027,574.11689702
2026-07-11 00:00:00+00:00,1783728000000,2026-07-11T00:00:00+00:00,9.961e-05,575.72
2026-07-11 08:00:00+00:00,1783756800000,2026-07-11T08:00:00+00:00,5.645e-05,577.26904384
2026-07-11 16:00:00+00:00,1783785600000,2026-07-11T16:00:00+00:00,7.755e-05,580.21
2026-07-12 00:00:00+00:00,1783814400000,2026-07-12T00:00:00+00:00,8.35e-05,574.91
2026-07-12 08:00:00.003000+00:00,1783843200003,2026-07-12T08:00:00.003000+00:00,0.0,572.56617808
2026-07-12 16:00:00+00:00,1783872000000,2026-07-12T16:00:00+00:00,0.00011818,581.47
2026-07-13 00:00:00+00:00,1783900800000,2026-07-13T00:00:00+00:00,4.761e-05,574.17
2026-07-13 08:00:00.001000+00:00,1783929600001,2026-07-13T08:00:00.001000+00:00,1.62e-06,570.29
2026-07-13 16:00:00.004000+00:00,1783958400004,2026-07-13T16:00:00.004000+00:00,3.773e-05,568.94
2026-07-14 00:00:00+00:00,1783987200000,2026-07-14T00:00:00+00:00,0.0,567.80842922
2026-07-14 08:00:00.002000+00:00,1784016000002,2026-07-14T08:00:00.002000+00:00,3.843e-05,570.35683167
2026-07-14 16:00:00.001000+00:00,1784044800001,2026-07-14T16:00:00.001000+00:00,9.807e-05,583.2362526
2026-07-15 00:00:00.005000+00:00,1784073600005,2026-07-15T00:00:00.005000+00:00,0.00012457,582.22
2026-07-15 08:00:00.002000+00:00,1784102400002,2026-07-15T08:00:00.002000+00:00,0.00013454,576.84
2026-07-15 16:00:00+00:00,1784131200000,2026-07-15T16:00:00+00:00,8.756e-05,582.01052511
2026-07-16 00:00:00+00:00,1784160000000,2026-07-16T00:00:00+00:00,0.00014088,581.01799008
2026-07-16 08:00:00.003000+00:00,1784188800003,2026-07-16T08:00:00.003000+00:00,9.816e-05,580.24
2026-07-16 16:00:00.002000+00:00,1784217600002,2026-07-16T16:00:00.002000+00:00,0.0001107,579.87426559
2026-07-17 00:00:00+00:00,1784246400000,2026-07-17T00:00:00+00:00,6.363e-05,572.76159828
2026-07-17 08:00:00.010000+00:00,1784275200010,2026-07-17T08:00:00.010000+00:00,2.252e-05,566.32204135
2026-07-17 16:00:00.004000+00:00,1784304000004,2026-07-17T16:00:00.004000+00:00,0.0,563.21605559
2026-07-18 00:00:00+00:00,1784332800000,2026-07-18T00:00:00+00:00,0.0,568.38235251
2026-07-18 08:00:00+00:00,1784361600000,2026-07-18T08:00:00+00:00,2.518e-05,568.2
2026-07-18 16:00:00.001000+00:00,1784390400001,2026-07-18T16:00:00.001000+00:00,9.856e-05,571.0459418
2026-07-19 00:00:00.003000+00:00,1784419200003,2026-07-19T00:00:00.003000+00:00,6.925e-05,570.99
2026-07-19 08:00:00+00:00,1784448000000,2026-07-19T08:00:00+00:00,2.07e-05,569.32657315
2026-07-19 16:00:00.001000+00:00,1784476800001,2026-07-19T16:00:00.001000+00:00,6.631e-05,570.48268128
2026-07-20 00:00:00+00:00,1784505600000,2026-07-20T00:00:00+00:00,2.43e-06,571.38287671
2026-07-20 08:00:00.001000+00:00,1784534400001,2026-07-20T08:00:00.001000+00:00,0.0,566.88746308
2026-07-20 16:00:00.004000+00:00,1784563200004,2026-07-20T16:00:00.004000+00:00,8.469e-05,574.34
2026-07-21 00:00:00.001000+00:00,1784592000001,2026-07-21T00:00:00.001000+00:00,6.225e-05,571.57489498
2026-07-21 08:00:00+00:00,1784620800000,2026-07-21T08:00:00+00:00,9.386e-05,577.22
2026-07-21 16:00:00.002000+00:00,1784649600002,2026-07-21T16:00:00.002000+00:00,0.00011917,575.52
2026-07-22 00:00:00+00:00,1784678400000,2026-07-22T00:00:00+00:00,0.00015287,574.34293151
2026-07-22 08:00:00+00:00,1784707200000,2026-07-22T08:00:00+00:00,6.61e-05,568.53
2026-07-22 16:00:00.001000+00:00,1784736000001,2026-07-22T16:00:00.001000+00:00,0.00010491,572.88
2026-07-23 00:00:00+00:00,1784764800000,2026-07-23T00:00:00+00:00,5.785e-05,571.38838937
2026-07-23 08:00:00+00:00,1784793600000,2026-07-23T08:00:00+00:00,0.0,570.11371963
2026-07-23 16:00:00+00:00,1784822400000,2026-07-23T16:00:00+00:00,3.257e-05,567.9
2026-07-24 00:00:00+00:00,1784851200000,2026-07-24T00:00:00+00:00,1.896e-05,567.70513151
2026-07-24 08:00:00+00:00,1784880000000,2026-07-24T08:00:00+00:00,0.0,569.73
2026-07-24 16:00:00.008000+00:00,1784908800008,2026-07-24T16:00:00.008000+00:00,0.0,561.63
2026-07-25 00:00:00.002000+00:00,1784937600002,2026-07-25T00:00:00.002000+00:00,9.23e-06,565.24684018
2026-07-25 08:00:00+00:00,1784966400000,2026-07-25T08:00:00+00:00,5.581e-05,565.06
2026-07-25 16:00:00+00:00,1784995200000,2026-07-25T16:00:00+00:00,3.563e-05,567.67
2026-07-26 00:00:00+00:00,1785024000000,2026-07-26T00:00:00+00:00,6.601e-05,569.29
2026-07-26 08:00:00.002000+00:00,1785052800002,2026-07-26T08:00:00.002000+00:00,0.00010218,571.93556164
2026-07-26 16:00:00+00:00,1785081600000,2026-07-26T16:00:00+00:00,0.00010676,574.16032877
2026-07-27 00:00:00.010000+00:00,1785110400010,2026-07-27T00:00:00.010000+00:00,6.721e-05,575.61
2026-07-27 08:00:00+00:00,1785139200000,2026-07-27T08:00:00+00:00,0.0,574.98
2026-07-27 16:00:00.001000+00:00,1785168000001,2026-07-27T16:00:00.001000+00:00,0.0,568.87
2026-07-28 00:00:00+00:00,1785196800000,2026-07-28T00:00:00+00:00,2.237e-05,566.56
2026-07-28 08:00:00+00:00,1785225600000,2026-07-28T08:00:00+00:00,0.0,566.13990959
2026-07-28 16:00:00+00:00,1785254400000,2026-07-28T16:00:00+00:00,7.903e-05,573.67347879
2026-07-29 00:00:00+00:00,1785283200000,2026-07-29T00:00:00+00:00,2.957e-05,571.59
2026-07-29 08:00:00.002000+00:00,1785312000002,2026-07-29T08:00:00.002000+00:00,3.688e-05,572.2
2026-07-29 16:00:00+00:00,1785340800000,2026-07-29T16:00:00+00:00,1.878e-05,568.93
2026-07-30 00:00:00+00:00,1785369600000,2026-07-30T00:00:00+00:00,6.905e-05,572.37003836
2026-07-30 08:00:00+00:00,1785398400000,2026-07-30T08:00:00+00:00,5.247e-05,575.06254026
2026-07-30 16:00:00+00:00,1785427200000,2026-07-30T16:00:00+00:00,0.0001066,591.43345753
2026-07-31 00:00:00.003000+00:00,1785456000003,2026-07-31T00:00:00.003000+00:00,5.15e-05,592.4
2026-07-31 08:00:00+00:00,1785484800000,2026-07-31T08:00:00+00:00,2.909e-05,590.17990411
2026-07-31 16:00:00+00:00,1785513600000,2026-07-31T16:00:00+00:00,5.473e-05,585.8
2026-08-01 00:00:00.001000+00:00,1785542400001,2026-08-01T00:00:00.001000+00:00,1.396e-05,587.31205114
2026-08-01 08:00:00+00:00,1785571200000,2026-08-01T08:00:00+00:00,5.477e-05,590.54465051
2026-08-01 16:00:00+00:00,1785600000000,2026-08-01T16:00:00+00:00,9.812e-05,576.83
2026-08-02 00:00:00+00:00,1785628800000,2026-08-02T00:00:00+00:00,6.616e-05,575.45786758
2026-08-02 08:00:00+00:00,1785657600000,2026-08-02T08:00:00+00:00,6.611e-05,585.77757078
2026-08-02 16:00:00+00:00,1785686400000,2026-08-02T16:00:00+00:00,8.51e-05,586.69
2026-08-03 00:00:00+00:00,1785715200000,2026-08-03T00:00:00+00:00,0.00015493,588.85131135
2026-08-03 08:00:00+00:00,1785744000000,2026-08-03T08:00:00+00:00,5.941e-05,584.0127242
2026-08-03 16:00:00+00:00,1785772800000,2026-08-03T16:00:00+00:00,9.8e-05,592.9431663
2026-08-04 00:00:00.004000+00:00,1785801600004,2026-08-04T00:00:00.004000+00:00,0.00011987,589.73
2026-08-04 08:00:00.002000+00:00,1785830400002,2026-08-04T08:00:00.002000+00:00,2.499e-05,591.0
2026-08-04 16:00:00+00:00,1785859200000,2026-08-04T16:00:00+00:00,3.091e-05,593.57736237
2026-08-05 00:00:00.003000+00:00,1785888000003,2026-08-05T00:00:00.003000+00:00,8.17e-06,593.57626393
2026-08-05 08:00:00.004000+00:00,1785916800004,2026-08-05T08:00:00.004000+00:00,2.061e-05,600.47
2026-08-05 16:00:00+00:00,1785945600000,2026-08-05T16:00:00+00:00,1.565e-05,600.20554743
2026-08-06 00:00:00.002000+00:00,1785974400002,2026-08-06T00:00:00.002000+00:00,0.0,594.11709589
2026-08-06 08:00:00+00:00,1786003200000,2026-08-06T08:00:00+00:00,0.0,595.65
2026-08-06 16:00:00+00:00,1786032000000,2026-08-06T16:00:00+00:00,0.0,592.65248314
2026-08-07 00:00:00+00:00,1786060800000,2026-08-07T00:00:00+00:00,0.0,592.56715413
2026-08-07 08:00:00+00:00,1786089600000,2026-08-07T08:00:00+00:00,0.0,585.80431523
2026-08-07 16:00:00+00:00,1786118400000,2026-08-07T16:00:00+00:00,2.042e-05,592.7
2026-08-08 00:00:00.001000+00:00,1786147200001,2026-08-08T00:00:00.001000+00:00,2.913e-05,592.81
2026-08-08 08:00:00+00:00,1786176000000,2026-08-08T08:00:00+00:00,6.062e-05,594.88882121
2026-08-08 16:00:00.002000+00:00,1786204800002,2026-08-08T16:00:00.002000+00:00,8.649e-05,605.51728578
2026-08-09 00:00:00+00:00,1786233600000,2026-08-09T00:00:00+00:00,3.867e-05,601.0
2026-08-09 08:00:00.005000+00:00,1786262400005,2026-08-09T08:00:00.005000+00:00,2.556e-05,603.46461171
2026-08-09 16:00:00+00:00,1786291200000,2026-08-09T16:00:00+00:00,0.00011833,608.9102895
2026-08-10 00:00:00.001000+00:00,1786320000001,2026-08-10T00:00:00.001000+00:00,0.00011836,602.5
2026-08-10 08:00:00.005000+00:00,1786348800005,2026-08-10T08:00:00.005000+00:00,4.224e-05,604.35
2026-08-10 16:00:00+00:00,1786377600000,2026-08-10T16:00:00+00:00,0.00010793,601.44
2026-08-11 00:00:00+00:00,1786406400000,2026-08-11T00:00:00+00:00,7.867e-05,599.52682706
2026-08-11 08:00:00.006000+00:00,1786435200006,2026-08-11T08:00:00.006000+00:00,6.203e-05,602.81398413
2026-08-11 16:00:00+00:00,1786464000000,2026-08-11T16:00:00+00:00,8.918e-05,608.76783207
2026-08-12 00:00:00.001000+00:00,1786492800001,2026-08-12T00:00:00.001000+00:00,1.08e-05,616.94534868
2026-08-12 08:00:00+00:00,1786521600000,2026-08-12T08:00:00+00:00,7.907e-05,612.65943521
2026-08-12 16:00:00+00:00,1786550400000,2026-08-12T16:00:00+00:00,0.0,611.14663319
2026-08-13 00:00:00+00:00,1786579200000,2026-08-13T00:00:00+00:00,0.0,610.68004018
2026-08-13 08:00:00+00:00,1786608000000,2026-08-13T08:00:00+00:00,0.0,613.87
2026-08-13 16:00:00+00:00,1786636800000,2026-08-13T16:00:00+00:00,0.0,607.72392351
2026-08-14 00:00:00+00:00,1786665600000,2026-08-14T00:00:00+00:00,0.0,610.88
2026-08-14 08:00:00.001000+00:00,1786694400001,2026-08-14T08:00:00.001000+00:00,0.0,607.77
2026-08-14 16:00:00.001000+00:00,1786723200001,2026-08-14T16:00:00.001000+00:00,0.0,606.91
2026-08-15 00:00:00.003000+00:00,1786752000003,2026-08-15T00:00:00.003000+00:00,0.0,608.33
2026-08-15 08:00:00.002000+00:00,1786780800002,2026-08-15T08:00:00.002000+00:00,4.271e-05,611.87562044
2026-08-15 16:00:00+00:00,1786809600000,2026-08-15T16:00:00+00:00,0.0,611.96
2026-08-16 00:00:00+00:00,1786838400000,2026-08-16T00:00:00+00:00,1.29e-06,608.07046119
2026-08-16 08:00:00.002000+00:00,1786867200002,2026-08-16T08:00:00.002000+00:00,0.0,605.92
2026-08-16 16:00:00+00:00,1786896000000,2026-08-16T16:00:00+00:00,0.0,607.73
2026-08-17 00:00:00.001000+00:00,1786924800001,2026-08-17T00:00:00.001000+00:00,0.0,603.32
2026-08-17 08:00:00.003000+00:00,1786953600003,2026-08-17T08:00:00.003000+00:00,0.0,605.31
2026-08-17 16:00:00.005000+00:00,1786982400005,2026-08-17T16:00:00.005000+00:00,1.602e-05,607.47
2026-08-18 00:00:00.006000+00:00,1787011200006,2026-08-18T00:00:00.006000+00:00,4.724e-05,606.13
2026-08-18 08:00:00.001000+00:00,1787040000001,2026-08-18T08:00:00.001000+00:00,1.077e-05,603.67735051
2026-08-18 16:00:00.003000+00:00,1787068800003,2026-08-18T16:00:00.003000+00:00,5.6e-06,603.71
2026-08-19 00:00:00+00:00,1787097600000,2026-08-19T00:00:00+00:00,2.362e-05,604.28
2026-08-19 08:00:00+00:00,1787126400000,2026-08-19T08:00:00+00:00,2.314e-05,602.1696895
2026-08-19 16:00:00.004000+00:00,1787155200004,2026-08-19T16:00:00.004000+00:00,2.929e-05,616.91
2026-08-20 00:00:00.001000+00:00,1787184000001,2026-08-20T00:00:00.001000+00:00,0.00021922,627.97
2026-08-20 08:00:00+00:00,1787212800000,2026-08-20T08:00:00+00:00,6.818e-05,630.83
2026-08-20 16:00:00.005000+00:00,1787241600005,2026-08-20T16:00:00.005000+00:00,0.0,653.07952832
2026-08-21 00:00:00.004000+00:00,1787270400004,2026-08-21T00:00:00.004000+00:00,0.00015178,655.13
2026-08-21 08:00:00+00:00,1787299200000,2026-08-21T08:00:00+00:00,2.448e-05,670.45168927
2026-08-21 16:00:00.001000+00:00,1787328000001,2026-08-21T16:00:00.001000+00:00,0.00021317,679.46567478
2026-08-22 00:00:00+00:00,1787356800000,2026-08-22T00:00:00+00:00,0.00023005,687.51
2026-08-22 08:00:00+00:00,1787385600000,2026-08-22T08:00:00+00:00,0.00032423,706.34192982
2026-08-22 16:00:00+00:00,1787414400000,2026-08-22T16:00:00+00:00,0.00018909,688.92862496
2026-08-23 00:00:00+00:00,1787443200000,2026-08-23T00:00:00+00:00,0.00020804,695.7
2026-08-23 08:00:00+00:00,1787472000000,2026-08-23T08:00:00+00:00,0.0001553,684.33335278
2026-08-23 16:00:00.006000+00:00,1787500800006,2026-08-23T16:00:00.006000+00:00,0.0,695.37
2026-08-24 00:00:00.001000+00:00,1787529600001,2026-08-24T00:00:00.001000+00:00,9.681e-05,702.84
2026-08-24 08:00:00.002000+00:00,1787558400002,2026-08-24T08:00:00.002000+00:00,1.34e-06,698.94088804
2026-08-24 16:00:00+00:00,1787587200000,2026-08-24T16:00:00+00:00,2.642e-05,706.26115876
2026-08-25 00:00:00.001000+00:00,1787616000001,2026-08-25T00:00:00.001000+00:00,0.0,704.6352194
2026-08-25 08:00:00+00:00,1787644800000,2026-08-25T08:00:00+00:00,7.358e-05,706.74
2026-08-25 16:00:00.005000+00:00,1787673600005,2026-08-25T16:00:00.005000+00:00,0.0,700.35
2026-08-26 00:00:00+00:00,1787702400000,2026-08-26T00:00:00+00:00,0.0,694.66231712
2026-08-26 08:00:00.005000+00:00,1787731200005,2026-08-26T08:00:00.005000+00:00,0.0,698.93
2026-08-26 16:00:00+00:00,1787760000000,2026-08-26T16:00:00+00:00,1.995e-05,697.3757488
2026-08-27 00:00:00+00:00,1787788800000,2026-08-27T00:00:00+00:00,8.233e-05,707.9
2026-08-27 08:00:00+00:00,1787817600000,2026-08-27T08:00:00+00:00,1.213e-05,707.79
2026-08-27 16:00:00.013000+00:00,1787846400013,2026-08-27T16:00:00.013000+00:00,4.706e-05,711.80235641
2026-08-28 00:00:00.026000+00:00,1787875200026,2026-08-28T00:00:00.026000+00:00,0.0,712.14
2026-08-28 08:00:00+00:00,1787904000000,2026-08-28T08:00:00+00:00,2.18e-05,707.19
2026-08-28 16:00:00.001000+00:00,1787932800001,2026-08-28T16:00:00.001000+00:00,0.0,696.35
2026-08-29 00:00:00+00:00,1787961600000,2026-08-29T00:00:00+00:00,0.0,691.77
2026-08-29 08:00:00+00:00,1787990400000,2026-08-29T08:00:00+00:00,0.0,688.39
2026-08-29 16:00:00.002000+00:00,1788019200002,2026-08-29T16:00:00.002000+00:00,0.0,691.15
2026-08-30 00:00:00+00:00,1788048000000,2026-08-30T00:00:00+00:00,0.0,692.83069863
2026-08-30 08:00:00+00:00,1788076800000,2026-08-30T08:00:00+00:00,3.789e-05,693.6
2026-08-30 16:00:00.001000+00:00,1788105600001,2026-08-30T16:00:00.001000+00:00,0.0,699.75
2026-08-31 00:00:00.002000+00:00,1788134400002,2026-08-31T00:00:00.002000+00:00,8.8e-07,685.03
2026-08-31 08:00:00.002000+00:00,1788163200002,2026-08-31T08:00:00.002000+00:00,0.0,687.11171233
2026-08-31 16:00:00.001000+00:00,1788192000001,2026-08-31T16:00:00.001000+00:00,0.0,689.89532634
2026-09-01 00:00:00.005000+00:00,1788220800005,2026-09-01T00:00:00.005000+00:00,0.0,691.69929694
2026-09-01 08:00:00+00:00,1788249600000,2026-09-01T08:00:00+00:00,2.811e-05,690.83605023
2026-09-01 16:00:00+00:00,1788278400000,2026-09-01T16:00:00+00:00,0.0,687.09
2026-09-02 00:00:00+00:00,1788307200000,2026-09-02T00:00:00+00:00,8.422e-05,683.35
2026-09-02 08:00:00.001000+00:00,1788336000001,2026-09-02T08:00:00.001000+00:00,0.0,688.03982317
2026-09-02 16:00:00.005000+00:00,1788364800005,2026-09-02T16:00:00.005000+00:00,2.201e-05,688.01
2026-09-03 00:00:00+00:00,1788393600000,2026-09-03T00:00:00+00:00,4.908e-05,689.07
2026-09-03 08:00:00+00:00,1788422400000,2026-09-03T08:00:00+00:00,6.877e-05,698.40343466
2026-09-03 16:00:00+00:00,1788451200000,2026-09-03T16:00:00+00:00,0.00010374,728.05664737
2026-09-04 00:00:00+00:00,1788480000000,2026-09-04T00:00:00+00:00,9.884e-05,725.57537959
2026-09-04 08:00:00+00:00,1788508800000,2026-09-04T08:00:00+00:00,0.00010168,714.95
2026-09-04 16:00:00.009000+00:00,1788537600009,2026-09-04T16:00:00.009000+00:00,7.329e-05,717.04914639
2026-09-05 00:00:00+00:00,1788566400000,2026-09-05T00:00:00+00:00,3.342e-05,721.8
2026-09-05 08:00:00+00:00,1788595200000,2026-09-05T08:00:00+00:00,1.856e-05,738.6870812
2026-09-05 16:00:00.001000+00:00,1788624000001,2026-09-05T16:00:00.001000+00:00,0.00013707,770.38076927
2026-09-06 00:00:00+00:00,1788652800000,2026-09-06T00:00:00+00:00,5.095e-05,766.92082051
2026-09-06 08:00:00+00:00,1788681600000,2026-09-06T08:00:00+00:00,1.931e-05,756.96
2026-09-06 16:00:00.004000+00:00,1788710400004,2026-09-06T16:00:00.004000+00:00,3.078e-05,746.32
2026-09-07 00:00:00.004000+00:00,1788739200004,2026-09-07T00:00:00.004000+00:00,1.725e-05,753.48
2026-09-07 08:00:00+00:00,1788768000000,2026-09-07T08:00:00+00:00,8.399e-05,744.34666563
2026-09-07 16:00:00.003000+00:00,1788796800003,2026-09-07T16:00:00.003000+00:00,5.184e-05,734.92430399
2026-09-08 00:00:00.004000+00:00,1788825600004,2026-09-08T00:00:00.004000+00:00,4.501e-05,740.2972929
2026-09-08 08:00:00.002000+00:00,1788854400002,2026-09-08T08:00:00.002000+00:00,0.0,755.15306816
2026-09-08 16:00:00.001000+00:00,1788883200001,2026-09-08T16:00:00.001000+00:00,0.0,756.60282541
2026-09-09 00:00:00.005000+00:00,1788912000005,2026-09-09T00:00:00.005000+00:00,0.0,752.46
2026-09-09 08:00:00.004000+00:00,1788940800004,2026-09-09T08:00:00.004000+00:00,0.0,754.93076887
2026-09-09 16:00:00.002000+00:00,1788969600002,2026-09-09T16:00:00.002000+00:00,0.0,739.39
2026-09-10 00:00:00+00:00,1788998400000,2026-09-10T00:00:00+00:00,0.0,722.86656318
2026-09-10 08:00:00.007000+00:00,1789027200007,2026-09-10T08:00:00.007000+00:00,0.0,719.23
2026-09-10 16:00:00.002000+00:00,1789056000002,2026-09-10T16:00:00.002000+00:00,0.0,708.15327897
2026-09-11 00:00:00.008000+00:00,1789084800008,2026-09-11T00:00:00.008000+00:00,0.0,709.06207771
2026-09-11 08:00:00+00:00,1789113600000,2026-09-11T08:00:00+00:00,0.0,714.01673335
2026-09-11 16:00:00+00:00,1789142400000,2026-09-11T16:00:00+00:00,0.0,728.94
2026-09-12 00:00:00.001000+00:00,1789171200001,2026-09-12T00:00:00.001000+00:00,0.0,727.09536507
2026-09-12 08:00:00.003000+00:00,1789200000003,2026-09-12T08:00:00.003000+00:00,2.142e-05,733.8635684
2026-09-12 16:00:00+00:00,1789228800000,2026-09-12T16:00:00+00:00,4.935e-05,735.55427161
2026-09-13 00:00:00.002000+00:00,1789257600002,2026-09-13T00:00:00.002000+00:00,3.042e-05,727.98248229
2026-09-13 08:00:00+00:00,1789286400000,2026-09-13T08:00:00+00:00,0.0,722.55
2026-09-13 16:00:00+00:00,1789315200000,2026-09-13T16:00:00+00:00,3.937e-05,719.14
2026-09-14 00:00:00+00:00,1789344000000,2026-09-14T00:00:00+00:00,0.0,716.74
2026-09-14 08:00:00+00:00,1789372800000,2026-09-14T08:00:00+00:00,3.639e-05,725.33781315
2026-09-14 16:00:00+00:00,1789401600000,2026-09-14T16:00:00+00:00,3.327e-05,722.83584054
2026-09-15 00:00:00+00:00,1789430400000,2026-09-15T00:00:00+00:00,1.506e-05,720.82630965
2026-09-15 08:00:00.005000+00:00,1789459200005,2026-09-15T08:00:00.005000+00:00,0.0,715.42
2026-09-15 16:00:00.001000+00:00,1789488000001,2026-09-15T16:00:00.001000+00:00,7.698e-05,719.03330464
2026-09-16 00:00:00.001000+00:00,1789516800001,2026-09-16T00:00:00.001000+00:00,5.244e-05,712.51469647
2026-09-16 08:00:00.002000+00:00,1789545600002,2026-09-16T08:00:00.002000+00:00,9.89e-06,710.01
2026-09-16 16:00:00.001000+00:00,1789574400001,2026-09-16T16:00:00.001000+00:00,3.99e-06,712.01272055
2026-09-17 00:00:00+00:00,1789603200000,2026-09-17T00:00:00+00:00,4.778e-05,726.47844959
2026-09-17 08:00:00.003000+00:00,1789632000003,2026-09-17T08:00:00.003000+00:00,7.198e-05,724.81
2026-09-17 16:00:00+00:00,1789660800000,2026-09-17T16:00:00+00:00,0.0,728.1708
2026-09-18 00:00:00.003000+00:00,1789689600003,2026-09-18T00:00:00.003000+00:00,0.00014131,738.84389893
2026-09-18 08:00:00.006000+00:00,1789718400006,2026-09-18T08:00:00.006000+00:00,0.00016465,753.73540086
2026-09-18 16:00:00+00:00,1789747200000,2026-09-18T16:00:00+00:00,4.726e-05,757.44579569
2026-09-19 00:00:00+00:00,1789776000000,2026-09-19T00:00:00+00:00,0.00010303,761.85476712
2026-09-19 08:00:00.002000+00:00,1789804800002,2026-09-19T08:00:00.002000+00:00,3.404e-05,761.14001495
2026-09-19 16:00:00+00:00,1789833600000,2026-09-19T16:00:00+00:00,0.00011234,767.47779986
2026-09-20 00:00:00+00:00,1789862400000,2026-09-20T00:00:00+00:00,6.834e-05,762.50898111
2026-09-20 08:00:00+00:00,1789891200000,2026-09-20T08:00:00+00:00,4.817e-05,748.31591261
2026-09-20 16:00:00+00:00,1789920000000,2026-09-20T16:00:00+00:00,1.039e-05,757.84
2026-09-21 00:00:00.007000+00:00,1789948800007,2026-09-21T00:00:00.007000+00:00,0.00017949,773.12
2026-09-21 08:00:00.004000+00:00,1789977600004,2026-09-21T08:00:00.004000+00:00,0.00010403,769.13936649
2026-09-21 16:00:00.002000+00:00,1790006400002,2026-09-21T16:00:00.002000+00:00,0.00012419,803.56
2026-09-22 00:00:00+00:00,1790035200000,2026-09-22T00:00:00+00:00,9.668e-05,799.78
2026-09-22 08:00:00.004000+00:00,1790064000004,2026-09-22T08:00:00.004000+00:00,4.587e-05,785.35447617
2026-09-22 16:00:00+00:00,1790092800000,2026-09-22T16:00:00+00:00,2.857e-05,788.40625747
2026-09-23 00:00:00+00:00,1790121600000,2026-09-23T00:00:00+00:00,1.692e-05,788.78125297
2026-09-23 08:00:00.004000+00:00,1790150400004,2026-09-23T08:00:00.004000+00:00,0.0,788.86391186
2026-09-23 16:00:00.004000+00:00,1790179200004,2026-09-23T16:00:00.004000+00:00,0.0,761.43611053
2026-09-24 00:00:00.002000+00:00,1790208000002,2026-09-24T00:00:00.002000+00:00,0.0,767.75395525
2026-09-24 08:00:00+00:00,1790236800000,2026-09-24T08:00:00+00:00,0.0,776.04
2026-09-24 16:00:00.005000+00:00,1790265600005,2026-09-24T16:00:00.005000+00:00,3.842e-05,780.88711033
2026-09-25 00:00:00.002000+00:00,1790294400002,2026-09-25T00:00:00.002000+00:00,1.3e-07,777.14
2026-09-25 08:00:00+00:00,1790323200000,2026-09-25T08:00:00+00:00,8.511e-05,773.87633055
2026-09-25 16:00:00.002000+00:00,1790352000002,2026-09-25T16:00:00.002000+00:00,1.857e-05,774.96898668
2026-09-26 00:00:00+00:00,1790380800000,2026-09-26T00:00:00+00:00,3.477e-05,777.51974886
2026-09-26 08:00:00.001000+00:00,1790409600001,2026-09-26T08:00:00.001000+00:00,0.0,773.89
2026-09-26 16:00:00.001000+00:00,1790438400001,2026-09-26T16:00:00.001000+00:00,0.0,774.67
2026-09-27 00:00:00+00:00,1790467200000,2026-09-27T00:00:00+00:00,0.0,773.74
2026-09-27 08:00:00.001000+00:00,1790496000001,2026-09-27T08:00:00.001000+00:00,0.0,778.8323777
2026-09-27 16:00:00+00:00,1790524800000,2026-09-27T16:00:00+00:00,0.0,774.97978936
2026-09-28 00:00:00+00:00,1790553600000,2026-09-28T00:00:00+00:00,0.0,779.28624475
2026-09-28 08:00:00.001000+00:00,1790582400001,2026-09-28T08:00:00.001000+00:00,0.0,760.53854667
2026-09-28 16:00:00.001000+00:00,1790611200001,2026-09-28T16:00:00.001000+00:00,0.0,763.07
2026-09-29 00:00:00+00:00,1790640000000,2026-09-29T00:00:00+00:00,0.0,764.29670997
2026-09-29 08:00:00+00:00,1790668800000,2026-09-29T08:00:00+00:00,0.0,766.16129276
2026-09-29 16:00:00+00:00,1790697600000,2026-09-29T16:00:00+00:00,0.0,753.87504027
2026-09-30 00:00:00+00:00,1790726400000,2026-09-30T00:00:00+00:00,4.63e-06,759.14349772
2026-09-30 08:00:00+00:00,1790755200000,2026-09-30T08:00:00+00:00,5.818e-05,759.97260113
2026-09-30 16:00:00.002000+00:00,1790784000002,2026-09-30T16:00:00.002000+00:00,8.965e-05,770.12
