ts,timestamp,datetime,funding_rate,mark_price
2020-07-10 08:00:00.001000+00:00,1594368000001,2020-07-10T08:00:00.001000+00:00,0.0001,0.0
2020-07-10 16:00:00+00:00,1594396800000,2020-07-10T16:00:00+00:00,-0.00301393,0.0
2020-07-11 00:00:00+00:00,1594425600000,2020-07-11T00:00:00+00:00,4.111e-05,0.0
2020-07-11 08:00:00+00:00,1594454400000,2020-07-11T08:00:00+00:00,1.285e-05,0.0
2020-07-11 16:00:00+00:00,1594483200000,2020-07-11T16:00:00+00:00,0.0001,0.0
2020-07-12 00:00:00+00:00,1594512000000,2020-07-12T00:00:00+00:00,0.0001,0.0
2020-07-12 08:00:00+00:00,1594540800000,2020-07-12T08:00:00+00:00,0.0001,0.0
2020-07-12 16:00:00+00:00,1594569600000,2020-07-12T16:00:00+00:00,0.0001,0.0
2020-07-13 00:00:00+00:00,1594598400000,2020-07-13T00:00:00+00:00,0.00026293,0.0
2020-07-13 08:00:00.001000+00:00,1594627200001,2020-07-13T08:00:00.001000+00:00,0.0001,0.0
2020-07-13 16:00:00+00:00,1594656000000,2020-07-13T16:00:00+00:00,1.96e-06,0.0
2020-07-14 00:00:00.001000+00:00,1594684800001,2020-07-14T00:00:00.001000+00:00,-0.00070381,0.0
2020-07-14 08:00:00+00:00,1594713600000,2020-07-14T08:00:00+00:00,-0.00122571,0.0
2020-07-14 16:00:00+00:00,1594742400000,2020-07-14T16:00:00+00:00,0.0001,0.0
2020-07-15 00:00:00+00:00,1594771200000,2020-07-15T00:00:00+00:00,0.0001,0.0
2020-07-15 08:00:00+00:00,1594800000000,2020-07-15T08:00:00+00:00,-0.00017488,0.0
2020-07-15 16:00:00+00:00,1594828800000,2020-07-15T16:00:00+00:00,-0.00077381,0.0
2020-07-16 00:00:00+00:00,1594857600000,2020-07-16T00:00:00+00:00,-4.99e-05,0.0
2020-07-16 08:00:00.002000+00:00,1594886400002,2020-07-16T08:00:00.002000+00:00,0.0001,0.0
2020-07-16 16:00:00.001000+00:00,1594915200001,2020-07-16T16:00:00.001000+00:00,0.0001,0.0
2020-07-17 00:00:00.001000+00:00,1594944000001,2020-07-17T00:00:00.001000+00:00,0.00016338,0.0
2020-07-17 08:00:00+00:00,1594972800000,2020-07-17T08:00:00+00:00,0.0001,0.0
2020-07-17 16:00:00+00:00,1595001600000,2020-07-17T16:00:00+00:00,0.0001,0.0
2020-07-18 00:00:00.003000+00:00,1595030400003,2020-07-18T00:00:00.003000+00:00,0.0001,0.0
2020-07-18 08:00:00.001000+00:00,1595059200001,2020-07-18T08:00:00.001000+00:00,0.0001,0.0
2020-07-18 16:00:00+00:00,1595088000000,2020-07-18T16:00:00+00:00,0.0001,0.0
2020-07-19 00:00:00+00:00,1595116800000,2020-07-19T00:00:00+00:00,0.0001,0.0
2020-07-19 08:00:00+00:00,1595145600000,2020-07-19T08:00:00+00:00,0.0001,0.0
2020-07-19 16:00:00+00:00,1595174400000,2020-07-19T16:00:00+00:00,-0.00012246,0.0
2020-07-20 00:00:00+00:00,1595203200000,2020-07-20T00:00:00+00:00,0.0001,0.0
2020-07-20 08:00:00+00:00,1595232000000,2020-07-20T08:00:00+00:00,0.0001,0.0
2020-07-20 16:00:00.001000+00:00,1595260800001,2020-07-20T16:00:00.001000+00:00,0.0001,0.0
2020-07-21 00:00:00+00:00,1595289600000,2020-07-21T00:00:00+00:00,-0.00014116,0.0
2020-07-21 08:00:00.001000+00:00,1595318400001,2020-07-21T08:00:00.001000+00:00,0.0001,0.0
2020-07-21 16:00:00.004000+00:00,1595347200004,2020-07-21T16:00:00.004000+00:00,0.0001,0.0
2020-07-22 00:00:00+00:00,1595376000000,2020-07-22T00:00:00+00:00,0.0001,0.0
2020-07-22 08:00:00+00:00,1595404800000,2020-07-22T08:00:00+00:00,0.0001,0.0
2020-07-22 16:00:00+00:00,1595433600000,2020-07-22T16:00:00+00:00,0.0001,0.0
2020-07-23 00:00:00.001000+00:00,1595462400001,2020-07-23T00:00:00.001000+00:00,0.0001,0.0
2020-07-23 08:00:00+00:00,1595491200000,2020-07-23T08:00:00+00:00,0.0001,0.0
2020-07-23 16:00:00.001000+00:00,1595520000001,2020-07-23T16:00:00.001000+00:00,0.0001,0.0
2020-07-24 00:00:00+00:00,1595548800000,2020-07-24T00:00:00+00:00,0.0001,0.0
2020-07-24 08:00:00+00:00,1595577600000,2020-07-24T08:00:00+00:00,0.0001,0.0
2020-07-24 16:00:00+00:00,1595606400000,2020-07-24T16:00:00+00:00,-0.00012831,0.0
2020-07-25 00:00:00+00:00,1595635200000,2020-07-25T00:00:00+00:00,0.0001,0.0
2020-07-25 08:00:00.001000+00:00,1595664000001,2020-07-25T08:00:00.001000+00:00,0.0001,0.0
2020-07-25 16:00:00+00:00,1595692800000,2020-07-25T16:00:00+00:00,0.0001,0.0
2020-07-26 00:00:00+00:00,1595721600000,2020-07-26T00:00:00+00:00,0.0001,0.0
2020-07-26 08:00:00+00:00,1595750400000,2020-07-26T08:00:00+00:00,0.0001,0.0
2020-07-26 16:00:00+00:00,1595779200000,2020-07-26T16:00:00+00:00,0.0001,0.0
2020-07-27 00:00:00+00:00,1595808000000,2020-07-27T00:00:00+00:00,0.0001,0.0
2020-07-27 08:00:00+00:00,1595836800000,2020-07-27T08:00:00+00:00,0.0001,0.0
2020-07-27 16:00:00+00:00,1595865600000,2020-07-27T16:00:00+00:00,0.0001,0.0
2020-07-28 00:00:00+00:00,1595894400000,2020-07-28T00:00:00+00:00,0.0001,0.0
2020-07-28 08:00:00.001000+00:00,1595923200001,2020-07-28T08:00:00.001000+00:00,0.0001,0.0
2020-07-28 16:00:00+00:00,1595952000000,2020-07-28T16:00:00+00:00,0.0001,0.0
2020-07-29 00:00:00+00:00,1595980800000,2020-07-29T00:00:00+00:00,0.00020606,0.0
2020-07-29 08:00:00+00:00,1596009600000,2020-07-29T08:00:00+00:00,0.0001,0.0
2020-07-29 16:00:00+00:00,1596038400000,2020-07-29T16:00:00+00:00,0.0001,0.0
2020-07-30 00:00:00+00:00,1596067200000,2020-07-30T00:00:00+00:00,0.0001,0.0
2020-07-30 08:00:00.001000+00:00,1596096000001,2020-07-30T08:00:00.001000+00:00,0.0001,0.0
2020-07-30 16:00:00+00:00,1596124800000,2020-07-30T16:00:00+00:00,0.00040705,0.0
2020-07-31 00:00:00+00:00,1596153600000,2020-07-31T00:00:00+00:00,0.0001,0.0
2020-07-31 08:00:00.001000+00:00,1596182400001,2020-07-31T08:00:00.001000+00:00,0.0001,0.0
2020-07-31 16:00:00+00:00,1596211200000,2020-07-31T16:00:00+00:00,0.0001,0.0
2020-08-01 00:00:00.005000+00:00,1596240000005,2020-08-01T00:00:00.005000+00:00,0.0001,0.0
2020-08-01 08:00:00+00:00,1596268800000,2020-08-01T08:00:00+00:00,0.00068087,0.0
2020-08-01 16:00:00.001000+00:00,1596297600001,2020-08-01T16:00:00.001000+00:00,0.0001,0.0
2020-08-02 00:00:00+00:00,1596326400000,2020-08-02T00:00:00+00:00,0.00137919,0.0
2020-08-02 08:00:00.001000+00:00,1596355200001,2020-08-02T08:00:00.001000+00:00,0.0001,0.0
2020-08-02 16:00:00.001000+00:00,1596384000001,2020-08-02T16:00:00.001000+00:00,0.0001,0.0
2020-08-03 00:00:00+00:00,1596412800000,2020-08-03T00:00:00+00:00,0.0001,0.0
2020-08-03 08:00:00.001000+00:00,1596441600001,2020-08-03T08:00:00.001000+00:00,0.0001,0.0
2020-08-03 16:00:00+00:00,1596470400000,2020-08-03T16:00:00+00:00,0.0001,0.0
2020-08-04 00:00:00.003000+00:00,1596499200003,2020-08-04T00:00:00.003000+00:00,0.0001,0.0
2020-08-04 08:00:00+00:00,1596528000000,2020-08-04T08:00:00+00:00,0.0001,0.0
2020-08-04 16:00:00+00:00,1596556800000,2020-08-04T16:00:00+00:00,0.00047835,0.0
2020-08-05 00:00:00+00:00,1596585600000,2020-08-05T00:00:00+00:00,0.0003325,0.0
2020-08-05 08:00:00+00:00,1596614400000,2020-08-05T08:00:00+00:00,0.0001,0.0
2020-08-05 16:00:00+00:00,1596643200000,2020-08-05T16:00:00+00:00,0.0001,0.0
2020-08-06 00:00:00+00:00,1596672000000,2020-08-06T00:00:00+00:00,0.00017576,0.0
2020-08-06 08:00:00.007000+00:00,1596700800007,2020-08-06T08:00:00.007000+00:00,0.00060956,0.0
2020-08-06 16:00:00+00:00,1596729600000,2020-08-06T16:00:00+00:00,0.00045661,0.0
2020-08-07 00:00:00.001000+00:00,1596758400001,2020-08-07T00:00:00.001000+00:00,0.0001,0.0
2020-08-07 08:00:00+00:00,1596787200000,2020-08-07T08:00:00+00:00,0.00047011,0.0
2020-08-07 16:00:00+00:00,1596816000000,2020-08-07T16:00:00+00:00,0.0001,0.0
2020-08-08 00:00:00+00:00,1596844800000,2020-08-08T00:00:00+00:00,0.0001,0.0
2020-08-08 08:00:00+00:00,1596873600000,2020-08-08T08:00:00+00:00,0.0001,0.0
2020-08-08 16:00:00+00:00,1596902400000,2020-08-08T16:00:00+00:00,0.0001,0.0
2020-08-09 00:00:00+00:00,1596931200000,2020-08-09T00:00:00+00:00,0.0001,0.0
2020-08-09 08:00:00+00:00,1596960000000,2020-08-09T08:00:00+00:00,0.00035771,0.0
2020-08-09 16:00:00+00:00,1596988800000,2020-08-09T16:00:00+00:00,0.0001,0.0
2020-08-10 00:00:00.001000+00:00,1597017600001,2020-08-10T00:00:00.001000+00:00,0.0001,0.0
2020-08-10 08:00:00+00:00,1597046400000,2020-08-10T08:00:00+00:00,0.0001,0.0
2020-08-10 16:00:00.001000+00:00,1597075200001,2020-08-10T16:00:00.001000+00:00,0.00030326,0.0
2020-08-11 00:00:00.001000+00:00,1597104000001,2020-08-11T00:00:00.001000+00:00,0.0001,0.0
2020-08-11 08:00:00+00:00,1597132800000,2020-08-11T08:00:00+00:00,0.00021211,0.0
2020-08-11 16:00:00.001000+00:00,1597161600001,2020-08-11T16:00:00.001000+00:00,0.0001,0.0
2020-08-12 00:00:00+00:00,1597190400000,2020-08-12T00:00:00+00:00,0.00029378,0.0
2020-08-12 08:00:00+00:00,1597219200000,2020-08-12T08:00:00+00:00,0.00075149,0.0
2020-08-12 16:00:00+00:00,1597248000000,2020-08-12T16:00:00+00:00,0.00015499,0.0
2020-08-13 00:00:00.002000+00:00,1597276800002,2020-08-13T00:00:00.002000+00:00,0.0001,0.0
2020-08-13 08:00:00+00:00,1597305600000,2020-08-13T08:00:00+00:00,0.0001,0.0
2020-08-13 16:00:00+00:00,1597334400000,2020-08-13T16:00:00+00:00,0.0001,0.0
2020-08-14 00:00:00+00:00,1597363200000,2020-08-14T00:00:00+00:00,0.0001,0.0
2020-08-14 08:00:00+00:00,1597392000000,2020-08-14T08:00:00+00:00,0.0001,0.0
2020-08-14 16:00:00+00:00,1597420800000,2020-08-14T16:00:00+00:00,0.00074047,0.0
2020-08-15 00:00:00+00:00,1597449600000,2020-08-15T00:00:00+00:00,0.00103786,0.0
2020-08-15 08:00:00.001000+00:00,1597478400001,2020-08-15T08:00:00.001000+00:00,0.0001,0.0
2020-08-15 16:00:00.001000+00:00,1597507200001,2020-08-15T16:00:00.001000+00:00,0.00047135,0.0
2020-08-16 00:00:00+00:00,1597536000000,2020-08-16T00:00:00+00:00,0.00030573,0.0
2020-08-16 08:00:00+00:00,1597564800000,2020-08-16T08:00:00+00:00,0.0001,0.0
2020-08-16 16:00:00+00:00,1597593600000,2020-08-16T16:00:00+00:00,0.0001,0.0
2020-08-17 00:00:00+00:00,1597622400000,2020-08-17T00:00:00+00:00,0.00012587,0.0
2020-08-17 08:00:00+00:00,1597651200000,2020-08-17T08:00:00+00:00,0.00065669,0.0
2020-08-17 16:00:00+00:00,1597680000000,2020-08-17T16:00:00+00:00,0.00047078,0.0
2020-08-18 00:00:00.001000+00:00,1597708800001,2020-08-18T00:00:00.001000+00:00,0.00034516,0.0
2020-08-18 08:00:00.008000+00:00,1597737600008,2020-08-18T08:00:00.008000+00:00,0.00065254,0.0
2020-08-18 16:00:00+00:00,1597766400000,2020-08-18T16:00:00+00:00,0.0001,0.0
2020-08-19 00:00:00+00:00,1597795200000,2020-08-19T00:00:00+00:00,0.00021476,0.0
2020-08-19 08:00:00+00:00,1597824000000,2020-08-19T08:00:00+00:00,0.0001,0.0
2020-08-19 16:00:00+00:00,1597852800000,2020-08-19T16:00:00+00:00,0.0001,0.0
2020-08-20 00:00:00.001000+00:00,1597881600001,2020-08-20T00:00:00.001000+00:00,0.0001,0.0
2020-08-20 08:00:00+00:00,1597910400000,2020-08-20T08:00:00+00:00,0.0001,0.0
2020-08-20 16:00:00+00:00,1597939200000,2020-08-20T16:00:00+00:00,0.0001,0.0
2020-08-21 00:00:00+00:00,1597968000000,2020-08-21T00:00:00+00:00,0.0001,0.0
2020-08-21 08:00:00+00:00,1597996800000,2020-08-21T08:00:00+00:00,0.0001,0.0
2020-08-21 16:00:00.017000+00:00,1598025600017,2020-08-21T16:00:00.017000+00:00,0.00013282,0.0
2020-08-22 00:00:00+00:00,1598054400000,2020-08-22T00:00:00+00:00,0.0001,0.0
2020-08-22 08:00:00+00:00,1598083200000,2020-08-22T08:00:00+00:00,0.0001,0.0
2020-08-22 16:00:00+00:00,1598112000000,2020-08-22T16:00:00+00:00,0.0001,0.0
2020-08-23 00:00:00+00:00,1598140800000,2020-08-23T00:00:00+00:00,0.0001,0.0
2020-08-23 08:00:00+00:00,1598169600000,2020-08-23T08:00:00+00:00,0.00025912,0.0
2020-08-23 16:00:00+00:00,1598198400000,2020-08-23T16:00:00+00:00,0.0001,0.0
2020-08-24 00:00:00.006000+00:00,1598227200006,2020-08-24T00:00:00.006000+00:00,0.0001,0.0
2020-08-24 08:00:00.001000+00:00,1598256000001,2020-08-24T08:00:00.001000+00:00,0.00049988,0.0
2020-08-24 16:00:00+00:00,1598284800000,2020-08-24T16:00:00+00:00,0.00018552,0.0
2020-08-25 00:00:00+00:00,1598313600000,2020-08-25T00:00:00+00:00,0.0001,0.0
2020-08-25 08:00:00+00:00,1598342400000,2020-08-25T08:00:00+00:00,0.0001,0.0
2020-08-25 16:00:00+00:00,1598371200000,2020-08-25T16:00:00+00:00,0.0001,0.0
2020-08-26 00:00:00+00:00,1598400000000,2020-08-26T00:00:00+00:00,0.0001,0.0
2020-08-26 08:00:00.008000+00:00,1598428800008,2020-08-26T08:00:00.008000+00:00,-0.00015585,0.0
2020-08-26 16:00:00.002000+00:00,1598457600002,2020-08-26T16:00:00.002000+00:00,-0.00028052,0.0
2020-08-27 00:00:00+00:00,1598486400000,2020-08-27T00:00:00+00:00,0.0001,0.0
2020-08-27 08:00:00.010000+00:00,1598515200010,2020-08-27T08:00:00.010000+00:00,0.0001,0.0
2020-08-27 16:00:00+00:00,1598544000000,2020-08-27T16:00:00+00:00,0.0001,0.0
2020-08-28 00:00:00+00:00,1598572800000,2020-08-28T00:00:00+00:00,0.0001,0.0
2020-08-28 08:00:00.001000+00:00,1598601600001,2020-08-28T08:00:00.001000+00:00,0.0001,0.0
2020-08-28 16:00:00+00:00,1598630400000,2020-08-28T16:00:00+00:00,0.0001,0.0
2020-08-29 00:00:00.002000+00:00,1598659200002,2020-08-29T00:00:00.002000+00:00,9.56e-05,0.0
2020-08-29 08:00:00.006000+00:00,1598688000006,2020-08-29T08:00:00.006000+00:00,0.0001,0.0
2020-08-29 16:00:00.003000+00:00,1598716800003,2020-08-29T16:00:00.003000+00:00,0.0001,0.0
2020-08-30 00:00:00+00:00,1598745600000,2020-08-30T00:00:00+00:00,0.0001,0.0
2020-08-30 08:00:00+00:00,1598774400000,2020-08-30T08:00:00+00:00,0.0001,0.0
2020-08-30 16:00:00+00:00,1598803200000,2020-08-30T16:00:00+00:00,0.0001,0.0
2020-08-31 00:00:00+00:00,1598832000000,2020-08-31T00:00:00+00:00,0.0001,0.0
2020-08-31 08:00:00.001000+00:00,1598860800001,2020-08-31T08:00:00.001000+00:00,0.0001,0.0
2020-08-31 16:00:00.001000+00:00,1598889600001,2020-08-31T16:00:00.001000+00:00,0.0001,0.0
2020-09-01 00:00:00+00:00,1598918400000,2020-09-01T00:00:00+00:00,0.0001,0.0
2020-09-01 08:00:00+00:00,1598947200000,2020-09-01T08:00:00+00:00,0.0001,0.0
2020-09-01 16:00:00+00:00,1598976000000,2020-09-01T16:00:00+00:00,0.0001,0.0
2020-09-02 00:00:00+00:00,1599004800000,2020-09-02T00:00:00+00:00,0.0001,0.0
2020-09-02 08:00:00.006000+00:00,1599033600006,2020-09-02T08:00:00.006000+00:00,0.0001,0.0
2020-09-02 16:00:00+00:00,1599062400000,2020-09-02T16:00:00+00:00,0.0001,0.0
2020-09-03 00:00:00.001000+00:00,1599091200001,2020-09-03T00:00:00.001000+00:00,0.0001,0.0
2020-09-03 08:00:00.004000+00:00,1599120000004,2020-09-03T08:00:00.004000+00:00,0.0001,0.0
2020-09-03 16:00:00+00:00,1599148800000,2020-09-03T16:00:00+00:00,0.0001,0.0
2020-09-04 00:00:00.005000+00:00,1599177600005,2020-09-04T00:00:00.005000+00:00,-8.813e-05,0.0
2020-09-04 08:00:00+00:00,1599206400000,2020-09-04T08:00:00+00:00,-0.00130878,0.0
2020-09-04 16:00:00.006000+00:00,1599235200006,2020-09-04T16:00:00.006000+00:00,0.0001,0.0
2020-09-05 00:00:00+00:00,1599264000000,2020-09-05T00:00:00+00:00,0.0001,0.0
2020-09-05 08:00:00.004000+00:00,1599292800004,2020-09-05T08:00:00.004000+00:00,0.0001,0.0
2020-09-05 16:00:00.001000+00:00,1599321600001,2020-09-05T16:00:00.001000+00:00,-0.00086354,0.0
2020-09-06 00:00:00.004000+00:00,1599350400004,2020-09-06T00:00:00.004000+00:00,-0.00071195,0.0
2020-09-06 08:00:00+00:00,1599379200000,2020-09-06T08:00:00+00:00,-0.00073545,0.0
2020-09-06 16:00:00+00:00,1599408000000,2020-09-06T16:00:00+00:00,-9.537e-05,0.0
2020-09-07 00:00:00.002000+00:00,1599436800002,2020-09-07T00:00:00.002000+00:00,0.0001,0.0
2020-09-07 08:00:00.004000+00:00,1599465600004,2020-09-07T08:00:00.004000+00:00,8.7e-05,0.0
2020-09-07 16:00:00.001000+00:00,1599494400001,2020-09-07T16:00:00.001000+00:00,0.0001,0.0
2020-09-08 00:00:00.007000+00:00,1599523200007,2020-09-08T00:00:00.007000+00:00,0.0001,0.0
2020-09-08 08:00:00.006000+00:00,1599552000006,2020-09-08T08:00:00.006000+00:00,0.0001,0.0
2020-09-08 16:00:00.014000+00:00,1599580800014,2020-09-08T16:00:00.014000+00:00,0.0001,0.0
2020-09-09 00:00:00+00:00,1599609600000,2020-09-09T00:00:00+00:00,0.0001,0.0
2020-09-09 08:00:00+00:00,1599638400000,2020-09-09T08:00:00+00:00,0.0001,0.0
2020-09-09 16:00:00+00:00,1599667200000,2020-09-09T16:00:00+00:00,0.0001,0.0
2020-09-10 00:00:00+00:00,1599696000000,2020-09-10T00:00:00+00:00,0.0001,0.0
2020-09-10 08:00:00.005000+00:00,1599724800005,2020-09-10T08:00:00.005000+00:00,0.0001,0.0
2020-09-10 16:00:00+00:00,1599753600000,2020-09-10T16:00:00+00:00,0.0001,0.0
2020-09-11 00:00:00+00:00,1599782400000,2020-09-11T00:00:00+00:00,-0.00070159,0.0
2020-09-11 08:00:00.008000+00:00,1599811200008,2020-09-11T08:00:00.008000+00:00,-0.00046276,0.0
2020-09-11 16:00:00+00:00,1599840000000,2020-09-11T16:00:00+00:00,-0.00041752,0.0
2020-09-12 00:00:00.008000+00:00,1599868800008,2020-09-12T00:00:00.008000+00:00,0.0001,0.0
2020-09-12 08:00:00+00:00,1599897600000,2020-09-12T08:00:00+00:00,0.0001,0.0
2020-09-12 16:00:00.008000+00:00,1599926400008,2020-09-12T16:00:00.008000+00:00,0.0001,0.0
2020-09-13 00:00:00+00:00,1599955200000,2020-09-13T00:00:00+00:00,0.0001,0.0
2020-09-13 08:00:00+00:00,1599984000000,2020-09-13T08:00:00+00:00,0.0001,0.0
2020-09-13 16:00:00.004000+00:00,1600012800004,2020-09-13T16:00:00.004000+00:00,0.0001,0.0
2020-09-14 00:00:00.003000+00:00,1600041600003,2020-09-14T00:00:00.003000+00:00,0.0001,0.0
2020-09-14 08:00:00.008000+00:00,1600070400008,2020-09-14T08:00:00.008000+00:00,0.0001,0.0
2020-09-14 16:00:00+00:00,1600099200000,2020-09-14T16:00:00+00:00,0.0001,0.0
2020-09-15 00:00:00+00:00,1600128000000,2020-09-15T00:00:00+00:00,-0.00019651,0.0
2020-09-15 08:00:00.010000+00:00,1600156800010,2020-09-15T08:00:00.010000+00:00,5.076e-05,0.0
2020-09-15 16:00:00.003000+00:00,1600185600003,2020-09-15T16:00:00.003000+00:00,7.672e-05,0.0
2020-09-16 00:00:00.014000+00:00,1600214400014,2020-09-16T00:00:00.014000+00:00,-0.00165676,0.0
2020-09-16 08:00:00+00:00,1600243200000,2020-09-16T08:00:00+00:00,0.0001,0.0
2020-09-16 16:00:00.001000+00:00,1600272000001,2020-09-16T16:00:00.001000+00:00,-0.00021291,0.0
2020-09-17 00:00:00.006000+00:00,1600300800006,2020-09-17T00:00:00.006000+00:00,0.0001,0.0
2020-09-17 08:00:00.012000+00:00,1600329600012,2020-09-17T08:00:00.012000+00:00,0.0001,0.0
2020-09-17 16:00:00+00:00,1600358400000,2020-09-17T16:00:00+00:00,0.0001,0.0
2020-09-18 00:00:00.001000+00:00,1600387200001,2020-09-18T00:00:00.001000+00:00,0.0001,0.0
2020-09-18 08:00:00.002000+00:00,1600416000002,2020-09-18T08:00:00.002000+00:00,0.0001,0.0
2020-09-18 16:00:00.002000+00:00,1600444800002,2020-09-18T16:00:00.002000+00:00,0.0001,0.0
2020-09-19 00:00:00+00:00,1600473600000,2020-09-19T00:00:00+00:00,0.0001,0.0
2020-09-19 08:00:00.005000+00:00,1600502400005,2020-09-19T08:00:00.005000+00:00,5.87e-06,0.0
2020-09-19 16:00:00.008000+00:00,1600531200008,2020-09-19T16:00:00.008000+00:00,-4.057e-05,0.0
2020-09-20 00:00:00.002000+00:00,1600560000002,2020-09-20T00:00:00.002000+00:00,-0.00091049,0.0
2020-09-20 08:00:00.005000+00:00,1600588800005,2020-09-20T08:00:00.005000+00:00,3.116e-05,0.0
2020-09-20 16:00:00.005000+00:00,1600617600005,2020-09-20T16:00:00.005000+00:00,0.0001,0.0
2020-09-21 00:00:00+00:00,1600646400000,2020-09-21T00:00:00+00:00,0.0001,0.0
2020-09-21 08:00:00.001000+00:00,1600675200001,2020-09-21T08:00:00.001000+00:00,0.0001,0.0
2020-09-21 16:00:00+00:00,1600704000000,2020-09-21T16:00:00+00:00,-0.00083538,0.0
2020-09-22 00:00:00.001000+00:00,1600732800001,2020-09-22T00:00:00.001000+00:00,-0.00108782,0.0
2020-09-22 08:00:00+00:00,1600761600000,2020-09-22T08:00:00+00:00,-0.00067204,0.0
2020-09-22 16:00:00.004000+00:00,1600790400004,2020-09-22T16:00:00.004000+00:00,-8.134e-05,0.0
2020-09-23 00:00:00.007000+00:00,1600819200007,2020-09-23T00:00:00.007000+00:00,-0.00035487,0.0
2020-09-23 08:00:00.001000+00:00,1600848000001,2020-09-23T08:00:00.001000+00:00,-0.00044215,0.0
2020-09-23 16:00:00.001000+00:00,1600876800001,2020-09-23T16:00:00.001000+00:00,-0.00038616,0.0
2020-09-24 00:00:00+00:00,1600905600000,2020-09-24T00:00:00+00:00,-0.00067262,0.0
2020-09-24 08:00:00+00:00,1600934400000,2020-09-24T08:00:00+00:00,-0.00121838,0.0
2020-09-24 16:00:00+00:00,1600963200000,2020-09-24T16:00:00+00:00,-0.00073621,0.0
2020-09-25 00:00:00.009000+00:00,1600992000009,2020-09-25T00:00:00.009000+00:00,8.416e-05,0.0
2020-09-25 08:00:00.045000+00:00,1601020800045,2020-09-25T08:00:00.045000+00:00,-0.00036614,0.0
2020-09-25 16:00:00+00:00,1601049600000,2020-09-25T16:00:00+00:00,-8.339e-05,0.0
2020-09-26 00:00:00+00:00,1601078400000,2020-09-26T00:00:00+00:00,-0.00102632,0.0
2020-09-26 08:00:00+00:00,1601107200000,2020-09-26T08:00:00+00:00,-0.00026216,0.0
2020-09-26 16:00:00.005000+00:00,1601136000005,2020-09-26T16:00:00.005000+00:00,-0.00013096,0.0
2020-09-27 00:00:00+00:00,1601164800000,2020-09-27T00:00:00+00:00,-0.00040288,0.0
2020-09-27 08:00:00+00:00,1601193600000,2020-09-27T08:00:00+00:00,-0.00074788,0.0
2020-09-27 16:00:00.019000+00:00,1601222400019,2020-09-27T16:00:00.019000+00:00,9.1e-05,0.0
2020-09-28 00:00:00.001000+00:00,1601251200001,2020-09-28T00:00:00.001000+00:00,0.0001,0.0
2020-09-28 08:00:00+00:00,1601280000000,2020-09-28T08:00:00+00:00,4.844e-05,0.0
2020-09-28 16:00:00.002000+00:00,1601308800002,2020-09-28T16:00:00.002000+00:00,0.0001,0.0
2020-09-29 00:00:00+00:00,1601337600000,2020-09-29T00:00:00+00:00,-0.00037903,0.0
2020-09-29 08:00:00+00:00,1601366400000,2020-09-29T08:00:00+00:00,0.0001,0.0
2020-09-29 16:00:00+00:00,1601395200000,2020-09-29T16:00:00+00:00,-0.00013194,0.0
2020-09-30 00:00:00.005000+00:00,1601424000005,2020-09-30T00:00:00.005000+00:00,-0.00057077,0.0
2020-09-30 08:00:00+00:00,1601452800000,2020-09-30T08:00:00+00:00,0.0001,0.0
2020-09-30 16:00:00+00:00,1601481600000,2020-09-30T16:00:00+00:00,0.0001,0.0
2020-10-01 00:00:00+00:00,1601510400000,2020-10-01T00:00:00+00:00,0.0001,0.0
2020-10-01 08:00:00+00:00,1601539200000,2020-10-01T08:00:00+00:00,-0.00038039,0.0
2020-10-01 16:00:00+00:00,1601568000000,2020-10-01T16:00:00+00:00,-8.745e-05,0.0
2020-10-02 00:00:00.011000+00:00,1601596800011,2020-10-02T00:00:00.011000+00:00,0.0001,0.0
2020-10-02 08:00:00+00:00,1601625600000,2020-10-02T08:00:00+00:00,-0.00010268,0.0
2020-10-02 16:00:00.005000+00:00,1601654400005,2020-10-02T16:00:00.005000+00:00,0.0001,0.0
2020-10-03 00:00:00+00:00,1601683200000,2020-10-03T00:00:00+00:00,-0.00022421,0.0
2020-10-03 08:00:00.001000+00:00,1601712000001,2020-10-03T08:00:00.001000+00:00,4.336e-05,0.0
2020-10-03 16:00:00+00:00,1601740800000,2020-10-03T16:00:00+00:00,0.0001,0.0
2020-10-04 00:00:00+00:00,1601769600000,2020-10-04T00:00:00+00:00,-0.00015667,0.0
2020-10-04 08:00:00.003000+00:00,1601798400003,2020-10-04T08:00:00.003000+00:00,0.0001,0.0
2020-10-04 16:00:00.001000+00:00,1601827200001,2020-10-04T16:00:00.001000+00:00,3.04e-06,0.0
2020-10-05 00:00:00+00:00,1601856000000,2020-10-05T00:00:00+00:00,0.0001,0.0
2020-10-05 08:00:00+00:00,1601884800000,2020-10-05T08:00:00+00:00,-0.00032298,0.0
2020-10-05 16:00:00.012000+00:00,1601913600012,2020-10-05T16:00:00.012000+00:00,-0.00012493,0.0
2020-10-06 00:00:00+00:00,1601942400000,2020-10-06T00:00:00+00:00,-2.74e-05,0.0
2020-10-06 08:00:00.005000+00:00,1601971200005,2020-10-06T08:00:00.005000+00:00,-0.00034633,0.0
2020-10-06 16:00:00+00:00,1602000000000,2020-10-06T16:00:00+00:00,-1.528e-05,0.0
2020-10-07 00:00:00+00:00,1602028800000,2020-10-07T00:00:00+00:00,-8.687e-05,0.0
2020-10-07 08:00:00+00:00,1602057600000,2020-10-07T08:00:00+00:00,0.0001,0.0
2020-10-07 16:00:00+00:00,1602086400000,2020-10-07T16:00:00+00:00,0.0001,0.0
2020-10-08 00:00:00+00:00,1602115200000,2020-10-08T00:00:00+00:00,-0.00015541,0.0
2020-10-08 08:00:00.009000+00:00,1602144000009,2020-10-08T08:00:00.009000+00:00,-0.00056364,0.0
2020-10-08 16:00:00.003000+00:00,1602172800003,2020-10-08T16:00:00.003000+00:00,-5.46e-06,0.0
2020-10-09 00:00:00.001000+00:00,1602201600001,2020-10-09T00:00:00.001000+00:00,0.0001,0.0
2020-10-09 08:00:00+00:00,1602230400000,2020-10-09T08:00:00+00:00,0.0001,0.0
2020-10-09 16:00:00.004000+00:00,1602259200004,2020-10-09T16:00:00.004000+00:00,0.0001,0.0
2020-10-10 00:00:00.005000+00:00,1602288000005,2020-10-10T00:00:00.005000+00:00,0.0001,0.0
2020-10-10 08:00:00+00:00,1602316800000,2020-10-10T08:00:00+00:00,-0.00029996,0.0
2020-10-10 16:00:00.011000+00:00,1602345600011,2020-10-10T16:00:00.011000+00:00,0.0001,0.0
2020-10-11 00:00:00.002000+00:00,1602374400002,2020-10-11T00:00:00.002000+00:00,0.0001,0.0
2020-10-11 08:00:00.003000+00:00,1602403200003,2020-10-11T08:00:00.003000+00:00,-0.00059079,0.0
2020-10-11 16:00:00.004000+00:00,1602432000004,2020-10-11T16:00:00.004000+00:00,-0.00035401,0.0
2020-10-12 00:00:00.001000+00:00,1602460800001,2020-10-12T00:00:00.001000+00:00,-9.191e-05,0.0
2020-10-12 08:00:00+00:00,1602489600000,2020-10-12T08:00:00+00:00,0.0001,0.0
2020-10-12 16:00:00.011000+00:00,1602518400011,2020-10-12T16:00:00.011000+00:00,0.0001,0.0
2020-10-13 00:00:00.003000+00:00,1602547200003,2020-10-13T00:00:00.003000+00:00,0.0001,0.0
2020-10-13 08:00:00+00:00,1602576000000,2020-10-13T08:00:00+00:00,0.0001,0.0
2020-10-13 16:00:00.001000+00:00,1602604800001,2020-10-13T16:00:00.001000+00:00,0.0001,0.0
2020-10-14 00:00:00.001000+00:00,1602633600001,2020-10-14T00:00:00.001000+00:00,0.0001,0.0
2020-10-14 08:00:00+00:00,1602662400000,2020-10-14T08:00:00+00:00,4.338e-05,0.0
2020-10-14 16:00:00.001000+00:00,1602691200001,2020-10-14T16:00:00.001000+00:00,-0.00026075,0.0
2020-10-15 00:00:00+00:00,1602720000000,2020-10-15T00:00:00+00:00,0.0001,0.0
2020-10-15 08:00:00+00:00,1602748800000,2020-10-15T08:00:00+00:00,0.0001,0.0
2020-10-15 16:00:00+00:00,1602777600000,2020-10-15T16:00:00+00:00,0.0001,0.0
2020-10-16 00:00:00.002000+00:00,1602806400002,2020-10-16T00:00:00.002000+00:00,9.36e-05,0.0
2020-10-16 08:00:00.003000+00:00,1602835200003,2020-10-16T08:00:00.003000+00:00,0.0001,0.0
2020-10-16 16:00:00+00:00,1602864000000,2020-10-16T16:00:00+00:00,-6.838e-05,0.0
2020-10-17 00:00:00.006000+00:00,1602892800006,2020-10-17T00:00:00.006000+00:00,0.0001,0.0
2020-10-17 08:00:00.007000+00:00,1602921600007,2020-10-17T08:00:00.007000+00:00,2.226e-05,0.0
2020-10-17 16:00:00.009000+00:00,1602950400009,2020-10-17T16:00:00.009000+00:00,5.603e-05,0.0
2020-10-18 00:00:00.006000+00:00,1602979200006,2020-10-18T00:00:00.006000+00:00,0.0001,0.0
2020-10-18 08:00:00+00:00,1603008000000,2020-10-18T08:00:00+00:00,0.0001,0.0
2020-10-18 16:00:00+00:00,1603036800000,2020-10-18T16:00:00+00:00,0.0001,0.0
2020-10-19 00:00:00+00:00,1603065600000,2020-10-19T00:00:00+00:00,0.0001,0.0
2020-10-19 08:00:00+00:00,1603094400000,2020-10-19T08:00:00+00:00,0.0001,0.0
2020-10-19 16:00:00+00:00,1603123200000,2020-10-19T16:00:00+00:00,0.0001,0.0
2020-10-20 00:00:00.015000+00:00,1603152000015,2020-10-20T00:00:00.015000+00:00,0.0001,0.0
2020-10-20 08:00:00+00:00,1603180800000,2020-10-20T08:00:00+00:00,0.0001,0.0
2020-10-20 16:00:00.008000+00:00,1603209600008,2020-10-20T16:00:00.008000+00:00,-0.00038998,0.0
2020-10-21 00:00:00.009000+00:00,1603238400009,2020-10-21T00:00:00.009000+00:00,0.0001,0.0
2020-10-21 08:00:00.004000+00:00,1603267200004,2020-10-21T08:00:00.004000+00:00,0.0001,0.0
2020-10-21 16:00:00+00:00,1603296000000,2020-10-21T16:00:00+00:00,0.0001,0.0
2020-10-22 00:00:00+00:00,1603324800000,2020-10-22T00:00:00+00:00,-4.554e-05,0.0
2020-10-22 08:00:00+00:00,1603353600000,2020-10-22T08:00:00+00:00,0.0001,0.0
2020-10-22 16:00:00.004000+00:00,1603382400004,2020-10-22T16:00:00.004000+00:00,0.0001,0.0
2020-10-23 00:00:00.007000+00:00,1603411200007,2020-10-23T00:00:00.007000+00:00,0.0001,0.0
2020-10-23 08:00:00+00:00,1603440000000,2020-10-23T08:00:00+00:00,0.0001,0.0
2020-10-23 16:00:00+00:00,1603468800000,2020-10-23T16:00:00+00:00,0.0001,0.0
2020-10-24 00:00:00+00:00,1603497600000,2020-10-24T00:00:00+00:00,0.0001,0.0
2020-10-24 08:00:00+00:00,1603526400000,2020-10-24T08:00:00+00:00,0.0001,0.0
2020-10-24 16:00:00.008000+00:00,1603555200008,2020-10-24T16:00:00.008000+00:00,0.0001,0.0
2020-10-25 00:00:00.005000+00:00,1603584000005,2020-10-25T00:00:00.005000+00:00,0.0001,0.0
2020-10-25 08:00:00.014000+00:00,1603612800014,2020-10-25T08:00:00.014000+00:00,0.0001,0.0
2020-10-25 16:00:00+00:00,1603641600000,2020-10-25T16:00:00+00:00,0.0001,0.0
2020-10-26 00:00:00.004000+00:00,1603670400004,2020-10-26T00:00:00.004000+00:00,0.0001,0.0
2020-10-26 08:00:00+00:00,1603699200000,2020-10-26T08:00:00+00:00,0.0001,0.0
2020-10-26 16:00:00+00:00,1603728000000,2020-10-26T16:00:00+00:00,0.0001,0.0
2020-10-27 00:00:00+00:00,1603756800000,2020-10-27T00:00:00+00:00,0.00042988,0.0
2020-10-27 08:00:00+00:00,1603785600000,2020-10-27T08:00:00+00:00,0.00026917,0.0
2020-10-27 16:00:00+00:00,1603814400000,2020-10-27T16:00:00+00:00,0.0001,0.0
2020-10-28 00:00:00+00:00,1603843200000,2020-10-28T00:00:00+00:00,0.0001,0.0
2020-10-28 08:00:00.006000+00:00,1603872000006,2020-10-28T08:00:00.006000+00:00,0.0001,0.0
2020-10-28 16:00:00.001000+00:00,1603900800001,2020-10-28T16:00:00.001000+00:00,0.0001,0.0
2020-10-29 00:00:00+00:00,1603929600000,2020-10-29T00:00:00+00:00,0.0001,0.0
2020-10-29 08:00:00+00:00,1603958400000,2020-10-29T08:00:00+00:00,0.00039265,0.0
2020-10-29 16:00:00+00:00,1603987200000,2020-10-29T16:00:00+00:00,0.0001,0.0
2020-10-30 00:00:00+00:00,1604016000000,2020-10-30T00:00:00+00:00,0.0001,0.0
2020-10-30 08:00:00.002000+00:00,1604044800002,2020-10-30T08:00:00.002000+00:00,0.0001,0.0
2020-10-30 16:00:00.002000+00:00,1604073600002,2020-10-30T16:00:00.002000+00:00,0.0001,0.0
2020-10-31 00:00:00.003000+00:00,1604102400003,2020-10-31T00:00:00.003000+00:00,0.0001,0.0
2020-10-31 08:00:00+00:00,1604131200000,2020-10-31T08:00:00+00:00,0.0001,0.0
2020-10-31 16:00:00+00:00,1604160000000,2020-10-31T16:00:00+00:00,0.0001,0.0
2020-11-01 00:00:00+00:00,1604188800000,2020-11-01T00:00:00+00:00,0.0001,0.0
2020-11-01 08:00:00+00:00,1604217600000,2020-11-01T08:00:00+00:00,0.0001,0.0
2020-11-01 16:00:00+00:00,1604246400000,2020-11-01T16:00:00+00:00,0.0001,0.0
2020-11-02 00:00:00+00:00,1604275200000,2020-11-02T00:00:00+00:00,0.0001,0.0
2020-11-02 08:00:00.010000+00:00,1604304000010,2020-11-02T08:00:00.010000+00:00,0.0001,0.0
2020-11-02 16:00:00+00:00,1604332800000,2020-11-02T16:00:00+00:00,0.0001,0.0
2020-11-03 00:00:00+00:00,1604361600000,2020-11-03T00:00:00+00:00,0.0001,0.0
2020-11-03 08:00:00.004000+00:00,1604390400004,2020-11-03T08:00:00.004000+00:00,0.0001,0.0
2020-11-03 16:00:00.009000+00:00,1604419200009,2020-11-03T16:00:00.009000+00:00,0.0001,0.0
2020-11-04 00:00:00+00:00,1604448000000,2020-11-04T00:00:00+00:00,0.0001,0.0
2020-11-04 08:00:00+00:00,1604476800000,2020-11-04T08:00:00+00:00,0.0001,0.0
2020-11-04 16:00:00.005000+00:00,1604505600005,2020-11-04T16:00:00.005000+00:00,-7.081e-05,0.0
2020-11-05 00:00:00.017000+00:00,1604534400017,2020-11-05T00:00:00.017000+00:00,-9.351e-05,0.0
2020-11-05 08:00:00.001000+00:00,1604563200001,2020-11-05T08:00:00.001000+00:00,-0.00067839,0.0
2020-11-05 16:00:00+00:00,1604592000000,2020-11-05T16:00:00+00:00,0.0001,0.0
2020-11-06 00:00:00+00:00,1604620800000,2020-11-06T00:00:00+00:00,0.0001,0.0
2020-11-06 08:00:00.001000+00:00,1604649600001,2020-11-06T08:00:00.001000+00:00,0.00010017,0.0
2020-11-06 16:00:00.001000+00:00,1604678400001,2020-11-06T16:00:00.001000+00:00,-0.00028677,0.0
2020-11-07 00:00:00.001000+00:00,1604707200001,2020-11-07T00:00:00.001000+00:00,0.0001,0.0
2020-11-07 08:00:00+00:00,1604736000000,2020-11-07T08:00:00+00:00,0.0001,0.0
2020-11-07 16:00:00.006000+00:00,1604764800006,2020-11-07T16:00:00.006000+00:00,0.0001,0.0
2020-11-08 00:00:00+00:00,1604793600000,2020-11-08T00:00:00+00:00,4.735e-05,0.0
2020-11-08 08:00:00+00:00,1604822400000,2020-11-08T08:00:00+00:00,-0.00233085,0.0
2020-11-08 16:00:00+00:00,1604851200000,2020-11-08T16:00:00+00:00,0.0001,0.0
2020-11-09 00:00:00.007000+00:00,1604880000007,2020-11-09T00:00:00.007000+00:00,-1.543e-05,0.0
2020-11-09 08:00:00.001000+00:00,1604908800001,2020-11-09T08:00:00.001000+00:00,-0.00016676,0.0
2020-11-09 16:00:00.002000+00:00,1604937600002,2020-11-09T16:00:00.002000+00:00,9.635e-05,0.0
2020-11-10 00:00:00.003000+00:00,1604966400003,2020-11-10T00:00:00.003000+00:00,0.0001,0.0
2020-11-10 08:00:00.011000+00:00,1604995200011,2020-11-10T08:00:00.011000+00:00,0.00052399,0.0
2020-11-10 16:00:00+00:00,1605024000000,2020-11-10T16:00:00+00:00,0.0001,0.0
2020-11-11 00:00:00+00:00,1605052800000,2020-11-11T00:00:00+00:00,0.00029192,0.0
2020-11-11 08:00:00.009000+00:00,1605081600009,2020-11-11T08:00:00.009000+00:00,0.0001,0.0
2020-11-11 16:00:00.003000+00:00,1605110400003,2020-11-11T16:00:00.003000+00:00,0.00019727,0.0
2020-11-12 00:00:00.001000+00:00,1605139200001,2020-11-12T00:00:00.001000+00:00,0.0001,0.0
2020-11-12 08:00:00.001000+00:00,1605168000001,2020-11-12T08:00:00.001000+00:00,0.00070099,0.0
2020-11-12 16:00:00+00:00,1605196800000,2020-11-12T16:00:00+00:00,0.0001,0.0
2020-11-13 00:00:00+00:00,1605225600000,2020-11-13T00:00:00+00:00,0.0001,0.0
2020-11-13 08:00:00+00:00,1605254400000,2020-11-13T08:00:00+00:00,-0.00028073,0.0
2020-11-13 16:00:00+00:00,1605283200000,2020-11-13T16:00:00+00:00,0.00013454,0.0
2020-11-14 00:00:00.005000+00:00,1605312000005,2020-11-14T00:00:00.005000+00:00,0.0006788,0.0
2020-11-14 08:00:00.004000+00:00,1605340800004,2020-11-14T08:00:00.004000+00:00,0.0001,0.0
2020-11-14 16:00:00.001000+00:00,1605369600001,2020-11-14T16:00:00.001000+00:00,0.0001,0.0
2020-11-15 00:00:00.001000+00:00,1605398400001,2020-11-15T00:00:00.001000+00:00,0.00023972,0.0
2020-11-15 08:00:00+00:00,1605427200000,2020-11-15T08:00:00+00:00,0.00061361,0.0
2020-11-15 16:00:00.003000+00:00,1605456000003,2020-11-15T16:00:00.003000+00:00,0.00045612,0.0
2020-11-16 00:00:00+00:00,1605484800000,2020-11-16T00:00:00+00:00,-0.00027242,0.0
2020-11-16 08:00:00.010000+00:00,1605513600010,2020-11-16T08:00:00.010000+00:00,0.0001,0.0
2020-11-16 16:00:00.001000+00:00,1605542400001,2020-11-16T16:00:00.001000+00:00,0.00131152,0.0
2020-11-17 00:00:00.002000+00:00,1605571200002,2020-11-17T00:00:00.002000+00:00,5.657e-05,0.0
2020-11-17 08:00:00.003000+00:00,1605600000003,2020-11-17T08:00:00.003000+00:00,0.0001,0.0
2020-11-17 16:00:00.003000+00:00,1605628800003,2020-11-17T16:00:00.003000+00:00,-3.719e-05,0.0
2020-11-18 00:00:00.005000+00:00,1605657600005,2020-11-18T00:00:00.005000+00:00,0.00089877,0.0
2020-11-18 08:00:00.006000+00:00,1605686400006,2020-11-18T08:00:00.006000+00:00,0.0001,0.0
2020-11-18 16:00:00+00:00,1605715200000,2020-11-18T16:00:00+00:00,0.0001,0.0
2020-11-19 00:00:00.008000+00:00,1605744000008,2020-11-19T00:00:00.008000+00:00,0.0001,0.0
2020-11-19 08:00:00+00:00,1605772800000,2020-11-19T08:00:00+00:00,0.0001,0.0
2020-11-19 16:00:00.001000+00:00,1605801600001,2020-11-19T16:00:00.001000+00:00,-0.00104952,0.0
2020-11-20 00:00:00.003000+00:00,1605830400003,2020-11-20T00:00:00.003000+00:00,-3.856e-05,0.0
2020-11-20 08:00:00.005000+00:00,1605859200005,2020-11-20T08:00:00.005000+00:00,-0.00025099,0.0
2020-11-20 16:00:00+00:00,1605888000000,2020-11-20T16:00:00+00:00,0.00145151,0.0
2020-11-21 00:00:00+00:00,1605916800000,2020-11-21T00:00:00+00:00,0.00048036,0.0
2020-11-21 08:00:00+00:00,1605945600000,2020-11-21T08:00:00+00:00,0.00151979,0.0
2020-11-21 16:00:00.001000+00:00,1605974400001,2020-11-21T16:00:00.001000+00:00,0.00258554,0.0
2020-11-22 00:00:00.005000+00:00,1606003200005,2020-11-22T00:00:00.005000+00:00,0.00133991,0.0
2020-11-22 08:00:00+00:00,1606032000000,2020-11-22T08:00:00+00:00,0.00037035,0.0
2020-11-22 16:00:00+00:00,1606060800000,2020-11-22T16:00:00+00:00,0.00029477,0.0
2020-11-23 00:00:00.005000+00:00,1606089600005,2020-11-23T00:00:00.005000+00:00,0.00104162,0.0
2020-11-23 08:00:00+00:00,1606118400000,2020-11-23T08:00:00+00:00,0.00078642,0.0
2020-11-23 16:00:00.003000+00:00,1606147200003,2020-11-23T16:00:00.003000+00:00,0.00127205,0.0
2020-11-24 00:00:00+00:00,1606176000000,2020-11-24T00:00:00+00:00,0.00080547,0.0
2020-11-24 08:00:00+00:00,1606204800000,2020-11-24T08:00:00+00:00,0.00185991,0.0
2020-11-24 16:00:00.005000+00:00,1606233600005,2020-11-24T16:00:00.005000+00:00,0.00031235,0.0
2020-11-25 00:00:00.005000+00:00,1606262400005,2020-11-25T00:00:00.005000+00:00,0.00049125,0.0
2020-11-25 08:00:00.005000+00:00,1606291200005,2020-11-25T08:00:00.005000+00:00,0.00059092,0.0
2020-11-25 16:00:00.015000+00:00,1606320000015,2020-11-25T16:00:00.015000+00:00,0.00134576,0.0
2020-11-26 00:00:00.012000+00:00,1606348800012,2020-11-26T00:00:00.012000+00:00,0.00021643,0.0
2020-11-26 08:00:00.002000+00:00,1606377600002,2020-11-26T08:00:00.002000+00:00,0.0001,0.0
2020-11-26 16:00:00.001000+00:00,1606406400001,2020-11-26T16:00:00.001000+00:00,0.0001,0.0
2020-11-27 00:00:00.001000+00:00,1606435200001,2020-11-27T00:00:00.001000+00:00,0.0001,0.0
2020-11-27 08:00:00+00:00,1606464000000,2020-11-27T08:00:00+00:00,0.0001,0.0
2020-11-27 16:00:00.007000+00:00,1606492800007,2020-11-27T16:00:00.007000+00:00,0.0001,0.0
2020-11-28 00:00:00.007000+00:00,1606521600007,2020-11-28T00:00:00.007000+00:00,0.0001,0.0
2020-11-28 08:00:00.012000+00:00,1606550400012,2020-11-28T08:00:00.012000+00:00,0.0001,0.0
2020-11-28 16:00:00+00:00,1606579200000,2020-11-28T16:00:00+00:00,0.0001,0.0
2020-11-29 00:00:00.007000+00:00,1606608000007,2020-11-29T00:00:00.007000+00:00,0.0001,0.0
2020-11-29 08:00:00+00:00,1606636800000,2020-11-29T08:00:00+00:00,0.0001,0.0
2020-11-29 16:00:00+00:00,1606665600000,2020-11-29T16:00:00+00:00,0.0001,0.0
2020-11-30 00:00:00.004000+00:00,1606694400004,2020-11-30T00:00:00.004000+00:00,0.0001,0.0
2020-11-30 08:00:00.007000+00:00,1606723200007,2020-11-30T08:00:00.007000+00:00,0.0001,0.0
2020-11-30 16:00:00+00:00,1606752000000,2020-11-30T16:00:00+00:00,0.0001,0.0
2020-12-01 00:00:00+00:00,1606780800000,2020-12-01T00:00:00+00:00,0.0001,0.0
2020-12-01 08:00:00.003000+00:00,1606809600003,2020-12-01T08:00:00.003000+00:00,0.00027303,0.0
2020-12-01 16:00:00+00:00,1606838400000,2020-12-01T16:00:00+00:00,0.0001,0.0
2020-12-02 00:00:00.001000+00:00,1606867200001,2020-12-02T00:00:00.001000+00:00,0.0001,0.0
2020-12-02 08:00:00.011000+00:00,1606896000011,2020-12-02T08:00:00.011000+00:00,0.0001,0.0
2020-12-02 16:00:00.005000+00:00,1606924800005,2020-12-02T16:00:00.005000+00:00,0.0001,0.0
2020-12-03 00:00:00.001000+00:00,1606953600001,2020-12-03T00:00:00.001000+00:00,0.0001,0.0
2020-12-03 08:00:00.031000+00:00,1606982400031,2020-12-03T08:00:00.031000+00:00,0.0001,0.0
2020-12-03 16:00:00+00:00,1607011200000,2020-12-03T16:00:00+00:00,0.0001,0.0
2020-12-04 00:00:00.006000+00:00,1607040000006,2020-12-04T00:00:00.006000+00:00,0.0001,0.0
2020-12-04 08:00:00.009000+00:00,1607068800009,2020-12-04T08:00:00.009000+00:00,0.0001,0.0
2020-12-04 16:00:00+00:00,1607097600000,2020-12-04T16:00:00+00:00,0.0001,0.0
2020-12-05 00:00:00+00:00,1607126400000,2020-12-05T00:00:00+00:00,2.994e-05,0.0
2020-12-05 08:00:00+00:00,1607155200000,2020-12-05T08:00:00+00:00,0.0001,0.0
2020-12-05 16:00:00+00:00,1607184000000,2020-12-05T16:00:00+00:00,0.0001,0.0
2020-12-06 00:00:00.004000+00:00,1607212800004,2020-12-06T00:00:00.004000+00:00,0.0001,0.0
2020-12-06 08:00:00+00:00,1607241600000,2020-12-06T08:00:00+00:00,0.0001,0.0
2020-12-06 16:00:00.001000+00:00,1607270400001,2020-12-06T16:00:00.001000+00:00,0.0001,0.0
2020-12-07 00:00:00+00:00,1607299200000,2020-12-07T00:00:00+00:00,0.0001,0.0
2020-12-07 08:00:00.008000+00:00,1607328000008,2020-12-07T08:00:00.008000+00:00,0.0001,0.0
2020-12-07 16:00:00+00:00,1607356800000,2020-12-07T16:00:00+00:00,0.0001,0.0
2020-12-08 00:00:00.003000+00:00,1607385600003,2020-12-08T00:00:00.003000+00:00,0.0001,0.0
2020-12-08 08:00:00.003000+00:00,1607414400003,2020-12-08T08:00:00.003000+00:00,0.0001,0.0
2020-12-08 16:00:00.033000+00:00,1607443200033,2020-12-08T16:00:00.033000+00:00,0.0001,0.0
2020-12-09 00:00:00+00:00,1607472000000,2020-12-09T00:00:00+00:00,0.0001,0.0
2020-12-09 08:00:00.010000+00:00,1607500800010,2020-12-09T08:00:00.010000+00:00,0.0001,0.0
2020-12-09 16:00:00+00:00,1607529600000,2020-12-09T16:00:00+00:00,0.0001,0.0
2020-12-10 00:00:00+00:00,1607558400000,2020-12-10T00:00:00+00:00,0.0001,0.0
2020-12-10 08:00:00+00:00,1607587200000,2020-12-10T08:00:00+00:00,0.0001,0.0
2020-12-10 16:00:00.007000+00:00,1607616000007,2020-12-10T16:00:00.007000+00:00,0.0001,0.0
2020-12-11 00:00:00+00:00,1607644800000,2020-12-11T00:00:00+00:00,0.0001,0.0
2020-12-11 08:00:00.016000+00:00,1607673600016,2020-12-11T08:00:00.016000+00:00,0.0001,0.0
2020-12-11 16:00:00.010000+00:00,1607702400010,2020-12-11T16:00:00.010000+00:00,0.0001,0.0
2020-12-12 00:00:00.009000+00:00,1607731200009,2020-12-12T00:00:00.009000+00:00,0.0001,0.0
2020-12-12 08:00:00.002000+00:00,1607760000002,2020-12-12T08:00:00.002000+00:00,0.0001,0.0
2020-12-12 16:00:00+00:00,1607788800000,2020-12-12T16:00:00+00:00,0.0001,0.0
2020-12-13 00:00:00.007000+00:00,1607817600007,2020-12-13T00:00:00.007000+00:00,0.0001,0.0
2020-12-13 08:00:00+00:00,1607846400000,2020-12-13T08:00:00+00:00,0.0001,0.0
2020-12-13 16:00:00+00:00,1607875200000,2020-12-13T16:00:00+00:00,0.0001,0.0
2020-12-14 00:00:00+00:00,1607904000000,2020-12-14T00:00:00+00:00,8.629e-05,0.0
2020-12-14 08:00:00+00:00,1607932800000,2020-12-14T08:00:00+00:00,-0.00031952,0.0
2020-12-14 16:00:00+00:00,1607961600000,2020-12-14T16:00:00+00:00,0.0001,0.0
2020-12-15 00:00:00.006000+00:00,1607990400006,2020-12-15T00:00:00.006000+00:00,0.0001,0.0
2020-12-15 08:00:00.001000+00:00,1608019200001,2020-12-15T08:00:00.001000+00:00,0.0001,0.0
2020-12-15 16:00:00+00:00,1608048000000,2020-12-15T16:00:00+00:00,0.0001,0.0
2020-12-16 00:00:00.001000+00:00,1608076800001,2020-12-16T00:00:00.001000+00:00,0.0001,0.0
2020-12-16 08:00:00+00:00,1608105600000,2020-12-16T08:00:00+00:00,0.0001,0.0
2020-12-16 16:00:00+00:00,1608134400000,2020-12-16T16:00:00+00:00,0.0001,0.0
2020-12-17 00:00:00+00:00,1608163200000,2020-12-17T00:00:00+00:00,0.0001,0.0
2020-12-17 08:00:00+00:00,1608192000000,2020-12-17T08:00:00+00:00,0.0001,0.0
2020-12-17 16:00:00.011000+00:00,1608220800011,2020-12-17T16:00:00.011000+00:00,0.0001,0.0
2020-12-18 00:00:00+00:00,1608249600000,2020-12-18T00:00:00+00:00,0.0001,0.0
2020-12-18 08:00:00+00:00,1608278400000,2020-12-18T08:00:00+00:00,0.00021995,0.0
2020-12-18 16:00:00+00:00,1608307200000,2020-12-18T16:00:00+00:00,0.0001,0.0
2020-12-19 00:00:00+00:00,1608336000000,2020-12-19T00:00:00+00:00,0.0001,0.0
2020-12-19 08:00:00.018000+00:00,1608364800018,2020-12-19T08:00:00.018000+00:00,0.00013871,0.0
2020-12-19 16:00:00+00:00,1608393600000,2020-12-19T16:00:00+00:00,0.00031387,0.0
2020-12-20 00:00:00.001000+00:00,1608422400001,2020-12-20T00:00:00.001000+00:00,0.00089238,0.0
2020-12-20 08:00:00.011000+00:00,1608451200011,2020-12-20T08:00:00.011000+00:00,0.00052213,0.0
2020-12-20 16:00:00.023000+00:00,1608480000023,2020-12-20T16:00:00.023000+00:00,0.0005828,0.0
2020-12-21 00:00:00.011000+00:00,1608508800011,2020-12-21T00:00:00.011000+00:00,0.00031036,0.0
2020-12-21 08:00:00+00:00,1608537600000,2020-12-21T08:00:00+00:00,0.00052378,0.0
2020-12-21 16:00:00+00:00,1608566400000,2020-12-21T16:00:00+00:00,0.0001,0.0
2020-12-22 00:00:00.001000+00:00,1608595200001,2020-12-22T00:00:00.001000+00:00,0.0001,0.0
2020-12-22 08:00:00.006000+00:00,1608624000006,2020-12-22T08:00:00.006000+00:00,0.0001,0.0
2020-12-22 16:00:00+00:00,1608652800000,2020-12-22T16:00:00+00:00,0.0001,0.0
2020-12-23 00:00:00+00:00,1608681600000,2020-12-23T00:00:00+00:00,0.0001,0.0
2020-12-23 08:00:00+00:00,1608710400000,2020-12-23T08:00:00+00:00,0.00017552,0.0
2020-12-23 16:00:00+00:00,1608739200000,2020-12-23T16:00:00+00:00,0.0001,0.0
2020-12-24 00:00:00.012000+00:00,1608768000012,2020-12-24T00:00:00.012000+00:00,0.0001,0.0
2020-12-24 08:00:00.009000+00:00,1608796800009,2020-12-24T08:00:00.009000+00:00,0.0001,0.0
2020-12-24 16:00:00.001000+00:00,1608825600001,2020-12-24T16:00:00.001000+00:00,0.0001,0.0
2020-12-25 00:00:00+00:00,1608854400000,2020-12-25T00:00:00+00:00,0.0001,0.0
2020-12-25 08:00:00+00:00,1608883200000,2020-12-25T08:00:00+00:00,0.0001,0.0
2020-12-25 16:00:00+00:00,1608912000000,2020-12-25T16:00:00+00:00,0.0001,0.0
2020-12-26 00:00:00.009000+00:00,1608940800009,2020-12-26T00:00:00.009000+00:00,0.0001,0.0
2020-12-26 08:00:00.001000+00:00,1608969600001,2020-12-26T08:00:00.001000+00:00,0.0001,0.0
2020-12-26 16:00:00.006000+00:00,1608998400006,2020-12-26T16:00:00.006000+00:00,0.0001,0.0
2020-12-27 00:00:00+00:00,1609027200000,2020-12-27T00:00:00+00:00,0.0001,0.0
2020-12-27 08:00:00+00:00,1609056000000,2020-12-27T08:00:00+00:00,0.000165,0.0
2020-12-27 16:00:00.001000+00:00,1609084800001,2020-12-27T16:00:00.001000+00:00,0.00037657,0.0
2020-12-28 00:00:00.015000+00:00,1609113600015,2020-12-28T00:00:00.015000+00:00,0.00038493,0.0
2020-12-28 08:00:00.019000+00:00,1609142400019,2020-12-28T08:00:00.019000+00:00,0.00031999,0.0
2020-12-28 16:00:00+00:00,1609171200000,2020-12-28T16:00:00+00:00,0.00036008,0.0
2020-12-29 00:00:00.004000+00:00,1609200000004,2020-12-29T00:00:00.004000+00:00,0.00060805,0.0
2020-12-29 08:00:00.003000+00:00,1609228800003,2020-12-29T08:00:00.003000+00:00,0.0003814,0.0
2020-12-29 16:00:00+00:00,1609257600000,2020-12-29T16:00:00+00:00,0.00026593,0.0
2020-12-30 00:00:00.001000+00:00,1609286400001,2020-12-30T00:00:00.001000+00:00,0.0001,0.0
2020-12-30 08:00:00.001000+00:00,1609315200001,2020-12-30T08:00:00.001000+00:00,0.00038472,0.0
2020-12-30 16:00:00.012000+00:00,1609344000012,2020-12-30T16:00:00.012000+00:00,0.0005974,0.0
2020-12-31 00:00:00.009000+00:00,1609372800009,2020-12-31T00:00:00.009000+00:00,0.00016806,0.0
2020-12-31 08:00:00+00:00,1609401600000,2020-12-31T08:00:00+00:00,0.00045058,0.0
2020-12-31 16:00:00.010000+00:00,1609430400010,2020-12-31T16:00:00.010000+00:00,0.00058278,0.0
2021-01-01 00:00:00.002000+00:00,1609459200002,2021-01-01T00:00:00.002000+00:00,0.00042149,0.0
2021-01-01 08:00:00.006000+00:00,1609488000006,2021-01-01T08:00:00.006000+00:00,0.00063967,0.0
2021-01-01 16:00:00.003000+00:00,1609516800003,2021-01-01T16:00:00.003000+00:00,0.00077721,0.0
2021-01-02 00:00:00+00:00,1609545600000,2021-01-02T00:00:00+00:00,0.0001,0.0
2021-01-02 08:00:00+00:00,1609574400000,2021-01-02T08:00:00+00:00,0.00028153,0.0
2021-01-02 16:00:00.006000+00:00,1609603200006,2021-01-02T16:00:00.006000+00:00,-0.00096746,0.0
2021-01-03 00:00:00.018000+00:00,1609632000018,2021-01-03T00:00:00.018000+00:00,0.0001,0.0
2021-01-03 08:00:00+00:00,1609660800000,2021-01-03T08:00:00+00:00,6.928e-05,0.0
2021-01-03 16:00:00.002000+00:00,1609689600002,2021-01-03T16:00:00.002000+00:00,0.0001,0.0
2021-01-04 00:00:00+00:00,1609718400000,2021-01-04T00:00:00+00:00,0.00166402,0.0
2021-01-04 08:00:00+00:00,1609747200000,2021-01-04T08:00:00+00:00,0.00195267,0.0
2021-01-04 16:00:00+00:00,1609776000000,2021-01-04T16:00:00+00:00,0.0001,0.0
2021-01-05 00:00:00.020000+00:00,1609804800020,2021-01-05T00:00:00.020000+00:00,0.0001,0.0
2021-01-05 08:00:00.003000+00:00,1609833600003,2021-01-05T08:00:00.003000+00:00,0.0001,0.0
2021-01-05 16:00:00.003000+00:00,1609862400003,2021-01-05T16:00:00.003000+00:00,0.0001,0.0
2021-01-06 00:00:00.010000+00:00,1609891200010,2021-01-06T00:00:00.010000+00:00,0.00071733,0.0
2021-01-06 08:00:00.003000+00:00,1609920000003,2021-01-06T08:00:00.003000+00:00,0.00129833,0.0
2021-01-06 16:00:00+00:00,1609948800000,2021-01-06T16:00:00+00:00,0.00152435,0.0
2021-01-07 00:00:00.007000+00:00,1609977600007,2021-01-07T00:00:00.007000+00:00,0.00077177,0.0
2021-01-07 08:00:00+00:00,1610006400000,2021-01-07T08:00:00+00:00,0.00084281,0.0
2021-01-07 16:00:00.004000+00:00,1610035200004,2021-01-07T16:00:00.004000+00:00,0.00110237,0.0
2021-01-08 00:00:00+00:00,1610064000000,2021-01-08T00:00:00+00:00,0.00015035,0.0
2021-01-08 08:00:00+00:00,1610092800000,2021-01-08T08:00:00+00:00,0.0001,0.0
2021-01-08 16:00:00+00:00,1610121600000,2021-01-08T16:00:00+00:00,0.00057023,0.0
2021-01-09 00:00:00.009000+00:00,1610150400009,2021-01-09T00:00:00.009000+00:00,0.00013684,0.0
2021-01-09 08:00:00.004000+00:00,1610179200004,2021-01-09T08:00:00.004000+00:00,0.0001,0.0
2021-01-09 16:00:00+00:00,1610208000000,2021-01-09T16:00:00+00:00,0.00106793,0.0
2021-01-10 00:00:00+00:00,1610236800000,2021-01-10T00:00:00+00:00,0.00199637,0.0
2021-01-10 08:00:00.005000+00:00,1610265600005,2021-01-10T08:00:00.005000+00:00,0.00239721,0.0
2021-01-10 16:00:00+00:00,1610294400000,2021-01-10T16:00:00+00:00,0.00014739,0.0
2021-01-11 00:00:00+00:00,1610323200000,2021-01-11T00:00:00+00:00,0.00086554,0.0
2021-01-11 08:00:00.012000+00:00,1610352000012,2021-01-11T08:00:00.012000+00:00,0.0001,0.0
2021-01-11 16:00:00+00:00,1610380800000,2021-01-11T16:00:00+00:00,0.0001,0.0
2021-01-12 00:00:00+00:00,1610409600000,2021-01-12T00:00:00+00:00,0.0001,0.0
2021-01-12 08:00:00+00:00,1610438400000,2021-01-12T08:00:00+00:00,0.0001,0.0
2021-01-12 16:00:00.008000+00:00,1610467200008,2021-01-12T16:00:00.008000+00:00,0.0001,0.0
2021-01-13 00:00:00.001000+00:00,1610496000001,2021-01-13T00:00:00.001000+00:00,0.0001,0.0
2021-01-13 08:00:00+00:00,1610524800000,2021-01-13T08:00:00+00:00,0.0001,0.0
2021-01-13 16:00:00.003000+00:00,1610553600003,2021-01-13T16:00:00.003000+00:00,0.0001,0.0
2021-01-14 00:00:00+00:00,1610582400000,2021-01-14T00:00:00+00:00,0.0001,0.0
2021-01-14 08:00:00.012000+00:00,1610611200012,2021-01-14T08:00:00.012000+00:00,0.0001,0.0
2021-01-14 16:00:00+00:00,1610640000000,2021-01-14T16:00:00+00:00,0.00050428,0.0
2021-01-15 00:00:00.002000+00:00,1610668800002,2021-01-15T00:00:00.002000+00:00,0.00052815,0.0
2021-01-15 08:00:00+00:00,1610697600000,2021-01-15T08:00:00+00:00,0.00067149,0.0
2021-01-15 16:00:00.004000+00:00,1610726400004,2021-01-15T16:00:00.004000+00:00,0.00041737,0.0
2021-01-16 00:00:00+00:00,1610755200000,2021-01-16T00:00:00+00:00,0.0001,0.0
2021-01-16 08:00:00.008000+00:00,1610784000008,2021-01-16T08:00:00.008000+00:00,0.0001,0.0
2021-01-16 16:00:00+00:00,1610812800000,2021-01-16T16:00:00+00:00,0.00027981,0.0
2021-01-17 00:00:00.009000+00:00,1610841600009,2021-01-17T00:00:00.009000+00:00,0.00032909,0.0
2021-01-17 08:00:00+00:00,1610870400000,2021-01-17T08:00:00+00:00,0.0001,0.0
2021-01-17 16:00:00.001000+00:00,1610899200001,2021-01-17T16:00:00.001000+00:00,0.0002313,0.0
2021-01-18 00:00:00+00:00,1610928000000,2021-01-18T00:00:00+00:00,0.00030879,0.0
2021-01-18 08:00:00.004000+00:00,1610956800004,2021-01-18T08:00:00.004000+00:00,0.00068317,0.0
2021-01-18 16:00:00+00:00,1610985600000,2021-01-18T16:00:00+00:00,0.0010587,0.0
2021-01-19 00:00:00+00:00,1611014400000,2021-01-19T00:00:00+00:00,0.00107375,0.0
2021-01-19 08:00:00.005000+00:00,1611043200005,2021-01-19T08:00:00.005000+00:00,0.00180843,0.0
2021-01-19 16:00:00.012000+00:00,1611072000012,2021-01-19T16:00:00.012000+00:00,0.00115799,0.0
2021-01-20 00:00:00.012000+00:00,1611100800012,2021-01-20T00:00:00.012000+00:00,0.00112194,0.0
2021-01-20 08:00:00.001000+00:00,1611129600001,2021-01-20T08:00:00.001000+00:00,0.00078135,0.0
2021-01-20 16:00:00.001000+00:00,1611158400001,2021-01-20T16:00:00.001000+00:00,0.0001,0.0
2021-01-21 00:00:00+00:00,1611187200000,2021-01-21T00:00:00+00:00,0.00017504,0.0
2021-01-21 08:00:00+00:00,1611216000000,2021-01-21T08:00:00+00:00,0.0001,0.0
2021-01-21 16:00:00.004000+00:00,1611244800004,2021-01-21T16:00:00.004000+00:00,0.0001,0.0
2021-01-22 00:00:00.012000+00:00,1611273600012,2021-01-22T00:00:00.012000+00:00,0.0001,0.0
2021-01-22 08:00:00.003000+00:00,1611302400003,2021-01-22T08:00:00.003000+00:00,0.0001,0.0
2021-01-22 16:00:00.001000+00:00,1611331200001,2021-01-22T16:00:00.001000+00:00,0.0001,0.0
2021-01-23 00:00:00+00:00,1611360000000,2021-01-23T00:00:00+00:00,0.0001,0.0
2021-01-23 08:00:00.002000+00:00,1611388800002,2021-01-23T08:00:00.002000+00:00,0.0001,0.0
2021-01-23 16:00:00+00:00,1611417600000,2021-01-23T16:00:00+00:00,0.0001,0.0
2021-01-24 00:00:00.001000+00:00,1611446400001,2021-01-24T00:00:00.001000+00:00,0.0001,0.0
2021-01-24 08:00:00.011000+00:00,1611475200011,2021-01-24T08:00:00.011000+00:00,0.0001,0.0
2021-01-24 16:00:00.005000+00:00,1611504000005,2021-01-24T16:00:00.005000+00:00,0.00010147,0.0
2021-01-25 00:00:00.007000+00:00,1611532800007,2021-01-25T00:00:00.007000+00:00,0.0001,0.0
2021-01-25 08:00:00.012000+00:00,1611561600012,2021-01-25T08:00:00.012000+00:00,0.00013764,0.0
2021-01-25 16:00:00+00:00,1611590400000,2021-01-25T16:00:00+00:00,0.0001,0.0
2021-01-26 00:00:00.007000+00:00,1611619200007,2021-01-26T00:00:00.007000+00:00,0.0001,0.0
2021-01-26 08:00:00+00:00,1611648000000,2021-01-26T08:00:00+00:00,0.0001,0.0
2021-01-26 16:00:00+00:00,1611676800000,2021-01-26T16:00:00+00:00,0.0001,0.0
2021-01-27 00:00:00+00:00,1611705600000,2021-01-27T00:00:00+00:00,0.0001,0.0
2021-01-27 08:00:00.011000+00:00,1611734400011,2021-01-27T08:00:00.011000+00:00,0.0001,0.0
2021-01-27 16:00:00.003000+00:00,1611763200003,2021-01-27T16:00:00.003000+00:00,6.67e-05,0.0
2021-01-28 00:00:00+00:00,1611792000000,2021-01-28T00:00:00+00:00,9.337e-05,0.0
2021-01-28 08:00:00+00:00,1611820800000,2021-01-28T08:00:00+00:00,0.00113171,0.0
2021-01-28 16:00:00+00:00,1611849600000,2021-01-28T16:00:00+00:00,0.0001,0.0
2021-01-29 00:00:00.009000+00:00,1611878400009,2021-01-29T00:00:00.009000+00:00,-0.00199753,0.0
2021-01-29 08:00:00+00:00,1611907200000,2021-01-29T08:00:00+00:00,-0.0075,0.0
2021-01-29 16:00:00+00:00,1611936000000,2021-01-29T16:00:00+00:00,-0.00176806,0.0
2021-01-30 00:00:00+00:00,1611964800000,2021-01-30T00:00:00+00:00,-0.00393366,0.0
2021-01-30 08:00:00+00:00,1611993600000,2021-01-30T08:00:00+00:00,0.0001,0.0
2021-01-30 16:00:00+00:00,1612022400000,2021-01-30T16:00:00+00:00,-4.72e-06,0.0
2021-01-31 00:00:00.009000+00:00,1612051200009,2021-01-31T00:00:00.009000+00:00,0.0001,0.0
2021-01-31 08:00:00+00:00,1612080000000,2021-01-31T08:00:00+00:00,-0.00106541,0.0
2021-01-31 16:00:00+00:00,1612108800000,2021-01-31T16:00:00+00:00,-0.00221647,0.0
2021-02-01 00:00:00.001000+00:00,1612137600001,2021-02-01T00:00:00.001000+00:00,-0.00608022,0.0
2021-02-01 08:00:00.014000+00:00,1612166400014,2021-02-01T08:00:00.014000+00:00,-0.0009359,0.0
2021-02-01 16:00:00+00:00,1612195200000,2021-02-01T16:00:00+00:00,0.00011273,0.0
2021-02-02 00:00:00+00:00,1612224000000,2021-02-02T00:00:00+00:00,-0.00010254,0.0
2021-02-02 08:00:00.006000+00:00,1612252800006,2021-02-02T08:00:00.006000+00:00,-0.00016765,0.0
2021-02-02 16:00:00+00:00,1612281600000,2021-02-02T16:00:00+00:00,0.00085744,0.0
2021-02-03 00:00:00.009000+00:00,1612310400009,2021-02-03T00:00:00.009000+00:00,0.00021534,0.0
2021-02-03 08:00:00.006000+00:00,1612339200006,2021-02-03T08:00:00.006000+00:00,0.00135217,0.0
2021-02-03 16:00:00.006000+00:00,1612368000006,2021-02-03T16:00:00.006000+00:00,0.00157955,0.0
2021-02-04 00:00:00.005000+00:00,1612396800005,2021-02-04T00:00:00.005000+00:00,0.00140809,0.0
2021-02-04 08:00:00+00:00,1612425600000,2021-02-04T08:00:00+00:00,0.00340471,0.0
2021-02-04 16:00:00.011000+00:00,1612454400011,2021-02-04T16:00:00.011000+00:00,-0.00081817,0.0
2021-02-05 00:00:00.009000+00:00,1612483200009,2021-02-05T00:00:00.009000+00:00,-8.9e-05,0.0
2021-02-05 08:00:00.004000+00:00,1612512000004,2021-02-05T08:00:00.004000+00:00,0.0001,0.0
2021-02-05 16:00:00+00:00,1612540800000,2021-02-05T16:00:00+00:00,0.00155272,0.0
2021-02-06 00:00:00.008000+00:00,1612569600008,2021-02-06T00:00:00.008000+00:00,0.0006878,0.0
2021-02-06 08:00:00.009000+00:00,1612598400009,2021-02-06T08:00:00.009000+00:00,0.00086119,0.0
2021-02-06 16:00:00+00:00,1612627200000,2021-02-06T16:00:00+00:00,0.00165646,0.0
2021-02-07 00:00:00+00:00,1612656000000,2021-02-07T00:00:00+00:00,0.00191065,0.0
2021-02-07 08:00:00.005000+00:00,1612684800005,2021-02-07T08:00:00.005000+00:00,0.00102627,0.0
2021-02-07 16:00:00.001000+00:00,1612713600001,2021-02-07T16:00:00.001000+00:00,0.00089046,0.0
2021-02-08 00:00:00+00:00,1612742400000,2021-02-08T00:00:00+00:00,0.00060604,0.0
2021-02-08 08:00:00.001000+00:00,1612771200001,2021-02-08T08:00:00.001000+00:00,0.00098621,0.0
2021-02-08 16:00:00+00:00,1612800000000,2021-02-08T16:00:00+00:00,0.00377995,0.0
2021-02-09 00:00:00.010000+00:00,1612828800010,2021-02-09T00:00:00.010000+00:00,0.00240616,0.0
2021-02-09 08:00:00.006000+00:00,1612857600006,2021-02-09T08:00:00.006000+00:00,0.00300141,0.0
2021-02-09 16:00:00.007000+00:00,1612886400007,2021-02-09T16:00:00.007000+00:00,0.0011976,0.0
2021-02-10 00:00:00.009000+00:00,1612915200009,2021-02-10T00:00:00.009000+00:00,0.00049753,0.0
2021-02-10 08:00:00.014000+00:00,1612944000014,2021-02-10T08:00:00.014000+00:00,0.00173763,0.0
2021-02-10 16:00:00.005000+00:00,1612972800005,2021-02-10T16:00:00.005000+00:00,0.00095984,0.0
2021-02-11 00:00:00+00:00,1613001600000,2021-02-11T00:00:00+00:00,0.0001,0.0
2021-02-11 08:00:00+00:00,1613030400000,2021-02-11T08:00:00+00:00,0.00189626,0.0
2021-02-11 16:00:00+00:00,1613059200000,2021-02-11T16:00:00+00:00,0.00369164,0.0
2021-02-12 00:00:00+00:00,1613088000000,2021-02-12T00:00:00+00:00,0.0023597,0.0
2021-02-12 08:00:00+00:00,1613116800000,2021-02-12T08:00:00+00:00,0.00184068,0.0
2021-02-12 16:00:00+00:00,1613145600000,2021-02-12T16:00:00+00:00,0.00289695,0.0
2021-02-13 00:00:00.001000+00:00,1613174400001,2021-02-13T00:00:00.001000+00:00,0.00375658,0.0
2021-02-13 08:00:00.003000+00:00,1613203200003,2021-02-13T08:00:00.003000+00:00,0.00334924,0.0
2021-02-13 16:00:00+00:00,1613232000000,2021-02-13T16:00:00+00:00,0.00235333,0.0
2021-02-14 00:00:00.013000+00:00,1613260800013,2021-02-14T00:00:00.013000+00:00,0.00242977,0.0
2021-02-14 08:00:00+00:00,1613289600000,2021-02-14T08:00:00+00:00,0.00221745,0.0
2021-02-14 16:00:00.008000+00:00,1613318400008,2021-02-14T16:00:00.008000+00:00,0.00261472,0.0
2021-02-15 00:00:00+00:00,1613347200000,2021-02-15T00:00:00+00:00,0.00156758,0.0
2021-02-15 08:00:00.006000+00:00,1613376000006,2021-02-15T08:00:00.006000+00:00,0.0001,0.0
2021-02-15 16:00:00+00:00,1613404800000,2021-02-15T16:00:00+00:00,0.00098416,0.0
2021-02-16 00:00:00.001000+00:00,1613433600001,2021-02-16T00:00:00.001000+00:00,0.00067896,0.0
2021-02-16 08:00:00+00:00,1613462400000,2021-02-16T08:00:00+00:00,0.00081944,0.0
2021-02-16 16:00:00.010000+00:00,1613491200010,2021-02-16T16:00:00.010000+00:00,0.00150823,0.0
2021-02-17 00:00:00.005000+00:00,1613520000005,2021-02-17T00:00:00.005000+00:00,0.00026822,0.0
2021-02-17 08:00:00.010000+00:00,1613548800010,2021-02-17T08:00:00.010000+00:00,0.00066497,0.0
2021-02-17 16:00:00.008000+00:00,1613577600008,2021-02-17T16:00:00.008000+00:00,0.0024415,0.0
2021-02-18 00:00:00.012000+00:00,1613606400012,2021-02-18T00:00:00.012000+00:00,0.00234505,0.0
2021-02-18 08:00:00+00:00,1613635200000,2021-02-18T08:00:00+00:00,0.00265228,0.0
2021-02-18 16:00:00.009000+00:00,1613664000009,2021-02-18T16:00:00.009000+00:00,0.002949,0.0
2021-02-19 00:00:00.010000+00:00,1613692800010,2021-02-19T00:00:00.010000+00:00,0.00154944,0.0
2021-02-19 08:00:00.002000+00:00,1613721600002,2021-02-19T08:00:00.002000+00:00,0.00178932,0.0
2021-02-19 16:00:00.008000+00:00,1613750400008,2021-02-19T16:00:00.008000+00:00,0.00304962,0.0
2021-02-20 00:00:00+00:00,1613779200000,2021-02-20T00:00:00+00:00,0.00345946,0.0
2021-02-20 08:00:00.009000+00:00,1613808000009,2021-02-20T08:00:00.009000+00:00,0.00368451,0.0
2021-02-20 16:00:00+00:00,1613836800000,2021-02-20T16:00:00+00:00,0.00327571,0.0
2021-02-21 00:00:00.007000+00:00,1613865600007,2021-02-21T00:00:00.007000+00:00,0.00016899,0.0
2021-02-21 08:00:00.012000+00:00,1613894400012,2021-02-21T08:00:00.012000+00:00,0.00125339,0.0
2021-02-21 16:00:00.001000+00:00,1613923200001,2021-02-21T16:00:00.001000+00:00,0.00159681,0.0
2021-02-22 00:00:00.006000+00:00,1613952000006,2021-02-22T00:00:00.006000+00:00,0.0015307,0.0
2021-02-22 08:00:00.002000+00:00,1613980800002,2021-02-22T08:00:00.002000+00:00,0.00142387,0.0
2021-02-22 16:00:00+00:00,1614009600000,2021-02-22T16:00:00+00:00,-0.00058211,0.0
2021-02-23 00:00:00+00:00,1614038400000,2021-02-23T00:00:00+00:00,0.0001,0.0
2021-02-23 08:00:00.006000+00:00,1614067200006,2021-02-23T08:00:00.006000+00:00,0.0001,0.0
2021-02-23 16:00:00+00:00,1614096000000,2021-02-23T16:00:00+00:00,0.0001,0.0
2021-02-24 00:00:00.012000+00:00,1614124800012,2021-02-24T00:00:00.012000+00:00,0.0001,0.0
2021-02-24 08:00:00.016000+00:00,1614153600016,2021-02-24T08:00:00.016000+00:00,0.0001,0.0
2021-02-24 16:00:00.011000+00:00,1614182400011,2021-02-24T16:00:00.011000+00:00,-0.0019953,0.0
2021-02-25 00:00:00.007000+00:00,1614211200007,2021-02-25T00:00:00.007000+00:00,-0.0003121,0.0
2021-02-25 08:00:00+00:00,1614240000000,2021-02-25T08:00:00+00:00,-6.502e-05,0.0
2021-02-25 16:00:00.010000+00:00,1614268800010,2021-02-25T16:00:00.010000+00:00,-0.00062685,0.0
2021-02-26 00:00:00+00:00,1614297600000,2021-02-26T00:00:00+00:00,-0.00077662,0.0
2021-02-26 08:00:00.025000+00:00,1614326400025,2021-02-26T08:00:00.025000+00:00,-0.00010737,0.0
2021-02-26 16:00:00.010000+00:00,1614355200010,2021-02-26T16:00:00.010000+00:00,-0.00010143,0.0
2021-02-27 00:00:00.001000+00:00,1614384000001,2021-02-27T00:00:00.001000+00:00,-0.00024813,0.0
2021-02-27 08:00:00+00:00,1614412800000,2021-02-27T08:00:00+00:00,0.0001,0.0
2021-02-27 16:00:00+00:00,1614441600000,2021-02-27T16:00:00+00:00,0.0001,0.0
2021-02-28 00:00:00.021000+00:00,1614470400021,2021-02-28T00:00:00.021000+00:00,0.0001,0.0
2021-02-28 08:00:00.009000+00:00,1614499200009,2021-02-28T08:00:00.009000+00:00,0.0001,0.0
2021-02-28 16:00:00+00:00,1614528000000,2021-02-28T16:00:00+00:00,0.0001,0.0
2021-03-01 00:00:00+00:00,1614556800000,2021-03-01T00:00:00+00:00,0.0001,0.0
2021-03-01 08:00:00.003000+00:00,1614585600003,2021-03-01T08:00:00.003000+00:00,0.0001,0.0
2021-03-01 16:00:00.001000+00:00,1614614400001,2021-03-01T16:00:00.001000+00:00,0.0001,0.0
2021-03-02 00:00:00+00:00,1614643200000,2021-03-02T00:00:00+00:00,0.0001,0.0
2021-03-02 08:00:00+00:00,1614672000000,2021-03-02T08:00:00+00:00,0.0001,0.0
2021-03-02 16:00:00.004000+00:00,1614700800004,2021-03-02T16:00:00.004000+00:00,0.0001,0.0
2021-03-03 00:00:00+00:00,1614729600000,2021-03-03T00:00:00+00:00,-0.00095339,0.0
2021-03-03 08:00:00.016000+00:00,1614758400016,2021-03-03T08:00:00.016000+00:00,0.0001,0.0
2021-03-03 16:00:00+00:00,1614787200000,2021-03-03T16:00:00+00:00,0.0001,0.0
2021-03-04 00:00:00+00:00,1614816000000,2021-03-04T00:00:00+00:00,0.0001,0.0
2021-03-04 08:00:00.015000+00:00,1614844800015,2021-03-04T08:00:00.015000+00:00,0.0001586,0.0
2021-03-04 16:00:00.001000+00:00,1614873600001,2021-03-04T16:00:00.001000+00:00,0.00032393,0.0
2021-03-05 00:00:00+00:00,1614902400000,2021-03-05T00:00:00+00:00,0.0001,0.0
2021-03-05 08:00:00.002000+00:00,1614931200002,2021-03-05T08:00:00.002000+00:00,0.0001,0.0
2021-03-05 16:00:00.008000+00:00,1614960000008,2021-03-05T16:00:00.008000+00:00,0.00029211,0.0
2021-03-06 00:00:00+00:00,1614988800000,2021-03-06T00:00:00+00:00,0.0001,0.0
2021-03-06 08:00:00+00:00,1615017600000,2021-03-06T08:00:00+00:00,0.0001,0.0
2021-03-06 16:00:00+00:00,1615046400000,2021-03-06T16:00:00+00:00,0.0001,0.0
2021-03-07 00:00:00.006000+00:00,1615075200006,2021-03-07T00:00:00.006000+00:00,0.0001,0.0
2021-03-07 08:00:00.005000+00:00,1615104000005,2021-03-07T08:00:00.005000+00:00,0.0001,0.0
2021-03-07 16:00:00.008000+00:00,1615132800008,2021-03-07T16:00:00.008000+00:00,0.0001,0.0
2021-03-08 00:00:00+00:00,1615161600000,2021-03-08T00:00:00+00:00,0.0001,0.0
2021-03-08 08:00:00+00:00,1615190400000,2021-03-08T08:00:00+00:00,0.00056652,0.0
2021-03-08 16:00:00.006000+00:00,1615219200006,2021-03-08T16:00:00.006000+00:00,0.0004354,0.0
2021-03-09 00:00:00+00:00,1615248000000,2021-03-09T00:00:00+00:00,0.00034968,0.0
2021-03-09 08:00:00+00:00,1615276800000,2021-03-09T08:00:00+00:00,0.00099999,0.0
2021-03-09 16:00:00+00:00,1615305600000,2021-03-09T16:00:00+00:00,0.00136502,0.0
2021-03-10 00:00:00.009000+00:00,1615334400009,2021-03-10T00:00:00.009000+00:00,0.00139099,0.0
2021-03-10 08:00:00.006000+00:00,1615363200006,2021-03-10T08:00:00.006000+00:00,0.00044447,0.0
2021-03-10 16:00:00.008000+00:00,1615392000008,2021-03-10T16:00:00.008000+00:00,0.00090197,0.0
2021-03-11 00:00:00+00:00,1615420800000,2021-03-11T00:00:00+00:00,0.00049405,0.0
2021-03-11 08:00:00+00:00,1615449600000,2021-03-11T08:00:00+00:00,0.00044499,0.0
2021-03-11 16:00:00.014000+00:00,1615478400014,2021-03-11T16:00:00.014000+00:00,0.00096212,0.0
2021-03-12 00:00:00.002000+00:00,1615507200002,2021-03-12T00:00:00.002000+00:00,0.00121196,0.0
2021-03-12 08:00:00.005000+00:00,1615536000005,2021-03-12T08:00:00.005000+00:00,0.00110075,0.0
2021-03-12 16:00:00.011000+00:00,1615564800011,2021-03-12T16:00:00.011000+00:00,0.00070009,0.0
2021-03-13 00:00:00+00:00,1615593600000,2021-03-13T00:00:00+00:00,0.00084765,0.0
2021-03-13 08:00:00.002000+00:00,1615622400002,2021-03-13T08:00:00.002000+00:00,0.00103124,0.0
2021-03-13 16:00:00+00:00,1615651200000,2021-03-13T16:00:00+00:00,0.0016168,0.0
2021-03-14 00:00:00.011000+00:00,1615680000011,2021-03-14T00:00:00.011000+00:00,0.00199427,0.0
2021-03-14 08:00:00+00:00,1615708800000,2021-03-14T08:00:00+00:00,0.00114776,0.0
2021-03-14 16:00:00+00:00,1615737600000,2021-03-14T16:00:00+00:00,0.00105658,0.0
2021-03-15 00:00:00.012000+00:00,1615766400012,2021-03-15T00:00:00.012000+00:00,0.00131686,0.0
2021-03-15 08:00:00.016000+00:00,1615795200016,2021-03-15T08:00:00.016000+00:00,0.00113691,0.0
2021-03-15 16:00:00.030000+00:00,1615824000030,2021-03-15T16:00:00.030000+00:00,0.00081538,0.0
2021-03-16 00:00:00.005000+00:00,1615852800005,2021-03-16T00:00:00.005000+00:00,0.00076365,0.0
2021-03-16 08:00:00.008000+00:00,1615881600008,2021-03-16T08:00:00.008000+00:00,0.00073215,0.0
2021-03-16 16:00:00.012000+00:00,1615910400012,2021-03-16T16:00:00.012000+00:00,0.00038339,0.0
2021-03-17 00:00:00.010000+00:00,1615939200010,2021-03-17T00:00:00.010000+00:00,0.0007064,0.0
2021-03-17 08:00:00+00:00,1615968000000,2021-03-17T08:00:00+00:00,0.00075048,0.0
2021-03-17 16:00:00.009000+00:00,1615996800009,2021-03-17T16:00:00.009000+00:00,0.00097071,0.0
2021-03-18 00:00:00.001000+00:00,1616025600001,2021-03-18T00:00:00.001000+00:00,0.00115057,0.0
2021-03-18 08:00:00+00:00,1616054400000,2021-03-18T08:00:00+00:00,0.00148187,0.0
2021-03-18 16:00:00+00:00,1616083200000,2021-03-18T16:00:00+00:00,0.00156735,0.0
2021-03-19 00:00:00.011000+00:00,1616112000011,2021-03-19T00:00:00.011000+00:00,0.0011603,0.0
2021-03-19 08:00:00.001000+00:00,1616140800001,2021-03-19T08:00:00.001000+00:00,0.00096309,0.0
2021-03-19 16:00:00+00:00,1616169600000,2021-03-19T16:00:00+00:00,0.00114514,0.0
2021-03-20 00:00:00+00:00,1616198400000,2021-03-20T00:00:00+00:00,0.0011101,0.0
2021-03-20 08:00:00+00:00,1616227200000,2021-03-20T08:00:00+00:00,0.00104398,0.0
2021-03-20 16:00:00.007000+00:00,1616256000007,2021-03-20T16:00:00.007000+00:00,0.00161355,0.0
2021-03-21 00:00:00+00:00,1616284800000,2021-03-21T00:00:00+00:00,0.00134516,0.0
2021-03-21 08:00:00+00:00,1616313600000,2021-03-21T08:00:00+00:00,0.00110068,0.0
2021-03-21 16:00:00+00:00,1616342400000,2021-03-21T16:00:00+00:00,0.00080434,0.0
2021-03-22 00:00:00.007000+00:00,1616371200007,2021-03-22T00:00:00.007000+00:00,0.001049,0.0
2021-03-22 08:00:00.001000+00:00,1616400000001,2021-03-22T08:00:00.001000+00:00,0.00114549,0.0
2021-03-22 16:00:00+00:00,1616428800000,2021-03-22T16:00:00+00:00,0.00127647,0.0
2021-03-23 00:00:00+00:00,1616457600000,2021-03-23T00:00:00+00:00,0.00036965,0.0
2021-03-23 08:00:00.010000+00:00,1616486400010,2021-03-23T08:00:00.010000+00:00,0.00010848,0.0
2021-03-23 16:00:00.023000+00:00,1616515200023,2021-03-23T16:00:00.023000+00:00,0.00037765,0.0
2021-03-24 00:00:00.002000+00:00,1616544000002,2021-03-24T00:00:00.002000+00:00,0.00031908,0.0
2021-03-24 08:00:00+00:00,1616572800000,2021-03-24T08:00:00+00:00,0.00036938,0.0
2021-03-24 16:00:00+00:00,1616601600000,2021-03-24T16:00:00+00:00,0.0001,0.0
2021-03-25 00:00:00+00:00,1616630400000,2021-03-25T00:00:00+00:00,0.0001,0.0
2021-03-25 08:00:00+00:00,1616659200000,2021-03-25T08:00:00+00:00,0.0001,0.0
2021-03-25 16:00:00+00:00,1616688000000,2021-03-25T16:00:00+00:00,0.0001,0.0
2021-03-26 00:00:00.008000+00:00,1616716800008,2021-03-26T00:00:00.008000+00:00,0.0001,0.0
2021-03-26 08:00:00+00:00,1616745600000,2021-03-26T08:00:00+00:00,0.00029598,0.0
2021-03-26 16:00:00.012000+00:00,1616774400012,2021-03-26T16:00:00.012000+00:00,0.00027391,0.0
2021-03-27 00:00:00.018000+00:00,1616803200018,2021-03-27T00:00:00.018000+00:00,0.0001,0.0
2021-03-27 08:00:00+00:00,1616832000000,2021-03-27T08:00:00+00:00,0.00054267,0.0
2021-03-27 16:00:00.001000+00:00,1616860800001,2021-03-27T16:00:00.001000+00:00,0.00057407,0.0
2021-03-28 00:00:00+00:00,1616889600000,2021-03-28T00:00:00+00:00,0.0003517,0.0
2021-03-28 08:00:00+00:00,1616918400000,2021-03-28T08:00:00+00:00,0.00050466,0.0
2021-03-28 16:00:00.005000+00:00,1616947200005,2021-03-28T16:00:00.005000+00:00,0.00063084,0.0
2021-03-29 00:00:00.003000+00:00,1616976000003,2021-03-29T00:00:00.003000+00:00,0.00066968,0.0
2021-03-29 08:00:00+00:00,1617004800000,2021-03-29T08:00:00+00:00,0.000823,0.0
2021-03-29 16:00:00+00:00,1617033600000,2021-03-29T16:00:00+00:00,0.00059348,0.0
2021-03-30 00:00:00.018000+00:00,1617062400018,2021-03-30T00:00:00.018000+00:00,0.00057729,0.0
2021-03-30 08:00:00.012000+00:00,1617091200012,2021-03-30T08:00:00.012000+00:00,0.00103681,0.0
2021-03-30 16:00:00.001000+00:00,1617120000001,2021-03-30T16:00:00.001000+00:00,0.00106374,0.0
2021-03-31 00:00:00+00:00,1617148800000,2021-03-31T00:00:00+00:00,0.00093633,0.0
2021-03-31 08:00:00+00:00,1617177600000,2021-03-31T08:00:00+00:00,0.00091863,0.0
2021-03-31 16:00:00+00:00,1617206400000,2021-03-31T16:00:00+00:00,0.00077373,0.0
2021-04-01 00:00:00.025000+00:00,1617235200025,2021-04-01T00:00:00.025000+00:00,0.00114884,0.0
2021-04-01 08:00:00.011000+00:00,1617264000011,2021-04-01T08:00:00.011000+00:00,0.00129137,0.0
2021-04-01 16:00:00.004000+00:00,1617292800004,2021-04-01T16:00:00.004000+00:00,0.00119917,0.0
2021-04-02 00:00:00+00:00,1617321600000,2021-04-02T00:00:00+00:00,0.00043469,0.0
2021-04-02 08:00:00+00:00,1617350400000,2021-04-02T08:00:00+00:00,0.00167545,0.0
2021-04-02 16:00:00+00:00,1617379200000,2021-04-02T16:00:00+00:00,0.00191026,0.0
2021-04-03 00:00:00.003000+00:00,1617408000003,2021-04-03T00:00:00.003000+00:00,0.00208465,0.0
2021-04-03 08:00:00+00:00,1617436800000,2021-04-03T08:00:00+00:00,0.00230775,0.0
2021-04-03 16:00:00+00:00,1617465600000,2021-04-03T16:00:00+00:00,0.00246215,0.0
2021-04-04 00:00:00+00:00,1617494400000,2021-04-04T00:00:00+00:00,0.00056254,0.0
2021-04-04 08:00:00+00:00,1617523200000,2021-04-04T08:00:00+00:00,0.00097354,0.0
2021-04-04 16:00:00.016000+00:00,1617552000016,2021-04-04T16:00:00.016000+00:00,0.00092836,0.0
2021-04-05 00:00:00+00:00,1617580800000,2021-04-05T00:00:00+00:00,0.00110517,0.0
2021-04-05 08:00:00.001000+00:00,1617609600001,2021-04-05T08:00:00.001000+00:00,0.00120745,0.0
2021-04-05 16:00:00.001000+00:00,1617638400001,2021-04-05T16:00:00.001000+00:00,0.00151325,0.0
2021-04-06 00:00:00.010000+00:00,1617667200010,2021-04-06T00:00:00.010000+00:00,0.00148598,0.0
2021-04-06 08:00:00+00:00,1617696000000,2021-04-06T08:00:00+00:00,0.0015813,0.0
2021-04-06 16:00:00.003000+00:00,1617724800003,2021-04-06T16:00:00.003000+00:00,0.00126194,0.0
2021-04-07 00:00:00+00:00,1617753600000,2021-04-07T00:00:00+00:00,0.0009088,0.0
2021-04-07 08:00:00.006000+00:00,1617782400006,2021-04-07T08:00:00.006000+00:00,0.00060886,0.0
2021-04-07 16:00:00.004000+00:00,1617811200004,2021-04-07T16:00:00.004000+00:00,0.00022425,0.0
2021-04-08 00:00:00.013000+00:00,1617840000013,2021-04-08T00:00:00.013000+00:00,0.00067419,0.0
2021-04-08 08:00:00.003000+00:00,1617868800003,2021-04-08T08:00:00.003000+00:00,0.0005803,0.0
2021-04-08 16:00:00.005000+00:00,1617897600005,2021-04-08T16:00:00.005000+00:00,0.00076098,0.0
2021-04-09 00:00:00+00:00,1617926400000,2021-04-09T00:00:00+00:00,0.00079052,0.0
2021-04-09 08:00:00.004000+00:00,1617955200004,2021-04-09T08:00:00.004000+00:00,0.00131395,0.0
2021-04-09 16:00:00.004000+00:00,1617984000004,2021-04-09T16:00:00.004000+00:00,0.00147688,0.0
2021-04-10 00:00:00.011000+00:00,1618012800011,2021-04-10T00:00:00.011000+00:00,0.00109049,0.0
2021-04-10 08:00:00.005000+00:00,1618041600005,2021-04-10T08:00:00.005000+00:00,0.00201315,0.0
2021-04-10 16:00:00+00:00,1618070400000,2021-04-10T16:00:00+00:00,0.00196801,0.0
2021-04-11 00:00:00.004000+00:00,1618099200004,2021-04-11T00:00:00.004000+00:00,0.00152727,0.0
2021-04-11 08:00:00+00:00,1618128000000,2021-04-11T08:00:00+00:00,0.00189816,0.0
2021-04-11 16:00:00+00:00,1618156800000,2021-04-11T16:00:00+00:00,0.00223948,0.0
2021-04-12 00:00:00.001000+00:00,1618185600001,2021-04-12T00:00:00.001000+00:00,0.0016943,0.0
2021-04-12 08:00:00.001000+00:00,1618214400001,2021-04-12T08:00:00.001000+00:00,0.00264711,0.0
2021-04-12 16:00:00.008000+00:00,1618243200008,2021-04-12T16:00:00.008000+00:00,0.00139728,0.0
2021-04-13 00:00:00.003000+00:00,1618272000003,2021-04-13T00:00:00.003000+00:00,0.00177284,0.0
2021-04-13 08:00:00.008000+00:00,1618300800008,2021-04-13T08:00:00.008000+00:00,0.00192977,0.0
2021-04-13 16:00:00.008000+00:00,1618329600008,2021-04-13T16:00:00.008000+00:00,0.00283003,0.0
2021-04-14 00:00:00.008000+00:00,1618358400008,2021-04-14T00:00:00.008000+00:00,0.00285736,0.0
2021-04-14 08:00:00+00:00,1618387200000,2021-04-14T08:00:00+00:00,0.00259466,0.0
2021-04-14 16:00:00.012000+00:00,1618416000012,2021-04-14T16:00:00.012000+00:00,0.0001,0.0
2021-04-15 00:00:00.006000+00:00,1618444800006,2021-04-15T00:00:00.006000+00:00,0.00051257,0.0
2021-04-15 08:00:00+00:00,1618473600000,2021-04-15T08:00:00+00:00,0.0006977,0.0
2021-04-15 16:00:00.008000+00:00,1618502400008,2021-04-15T16:00:00.008000+00:00,0.00071848,0.0
2021-04-16 00:00:00.008000+00:00,1618531200008,2021-04-16T00:00:00.008000+00:00,7.184e-05,0.0
2021-04-16 08:00:00+00:00,1618560000000,2021-04-16T08:00:00+00:00,0.0001,0.0
2021-04-16 16:00:00.002000+00:00,1618588800002,2021-04-16T16:00:00.002000+00:00,-0.00337017,0.0
2021-04-17 00:00:00.008000+00:00,1618617600008,2021-04-17T00:00:00.008000+00:00,0.00065882,0.0
2021-04-17 08:00:00+00:00,1618646400000,2021-04-17T08:00:00+00:00,0.00165331,0.0
2021-04-17 16:00:00.001000+00:00,1618675200001,2021-04-17T16:00:00.001000+00:00,0.00228722,0.0
2021-04-18 00:00:00.006000+00:00,1618704000006,2021-04-18T00:00:00.006000+00:00,0.0013192,0.0
2021-04-18 08:00:00.004000+00:00,1618732800004,2021-04-18T08:00:00.004000+00:00,0.0001,0.0
2021-04-18 16:00:00+00:00,1618761600000,2021-04-18T16:00:00+00:00,0.0001,0.0
2021-04-19 00:00:00+00:00,1618790400000,2021-04-19T00:00:00+00:00,0.00064044,0.0
2021-04-19 08:00:00+00:00,1618819200000,2021-04-19T08:00:00+00:00,0.0007718,0.0
2021-04-19 16:00:00.009000+00:00,1618848000009,2021-04-19T16:00:00.009000+00:00,0.0005462,0.0
2021-04-20 00:00:00.004000+00:00,1618876800004,2021-04-20T00:00:00.004000+00:00,0.00053824,0.0
2021-04-20 08:00:00+00:00,1618905600000,2021-04-20T08:00:00+00:00,0.00021431,0.0
2021-04-20 16:00:00.001000+00:00,1618934400001,2021-04-20T16:00:00.001000+00:00,-2.087e-05,0.0
2021-04-21 00:00:00.013000+00:00,1618963200013,2021-04-21T00:00:00.013000+00:00,0.0001,0.0
2021-04-21 08:00:00.001000+00:00,1618992000001,2021-04-21T08:00:00.001000+00:00,0.0001,0.0
2021-04-21 16:00:00.002000+00:00,1619020800002,2021-04-21T16:00:00.002000+00:00,0.0001,0.0
2021-04-22 00:00:00+00:00,1619049600000,2021-04-22T00:00:00+00:00,0.00024833,0.0
2021-04-22 08:00:00+00:00,1619078400000,2021-04-22T08:00:00+00:00,0.00015262,0.0
2021-04-22 16:00:00.001000+00:00,1619107200001,2021-04-22T16:00:00.001000+00:00,0.0001,0.0
2021-04-23 00:00:00.002000+00:00,1619136000002,2021-04-23T00:00:00.002000+00:00,0.0001,0.0
2021-04-23 08:00:00.009000+00:00,1619164800009,2021-04-23T08:00:00.009000+00:00,0.0001,0.0
2021-04-23 16:00:00.001000+00:00,1619193600001,2021-04-23T16:00:00.001000+00:00,2.864e-05,0.0
2021-04-24 00:00:00.019000+00:00,1619222400019,2021-04-24T00:00:00.019000+00:00,0.0001,0.0
2021-04-24 08:00:00.001000+00:00,1619251200001,2021-04-24T08:00:00.001000+00:00,-0.00016953,0.0
2021-04-24 16:00:00.011000+00:00,1619280000011,2021-04-24T16:00:00.011000+00:00,0.0001,0.0
2021-04-25 00:00:00+00:00,1619308800000,2021-04-25T00:00:00+00:00,-0.0003309,0.0
2021-04-25 08:00:00.010000+00:00,1619337600010,2021-04-25T08:00:00.010000+00:00,-8.465e-05,0.0
2021-04-25 16:00:00+00:00,1619366400000,2021-04-25T16:00:00+00:00,0.0001,0.0
2021-04-26 00:00:00.003000+00:00,1619395200003,2021-04-26T00:00:00.003000+00:00,-0.00081562,0.0
2021-04-26 08:00:00.002000+00:00,1619424000002,2021-04-26T08:00:00.002000+00:00,0.0001,0.0
2021-04-26 16:00:00.004000+00:00,1619452800004,2021-04-26T16:00:00.004000+00:00,0.0001,0.0
2021-04-27 00:00:00+00:00,1619481600000,2021-04-27T00:00:00+00:00,0.00024112,0.0
2021-04-27 08:00:00+00:00,1619510400000,2021-04-27T08:00:00+00:00,0.00052766,0.0
2021-04-27 16:00:00.009000+00:00,1619539200009,2021-04-27T16:00:00.009000+00:00,0.00036456,0.0
2021-04-28 00:00:00+00:00,1619568000000,2021-04-28T00:00:00+00:00,0.00029614,0.0
2021-04-28 08:00:00+00:00,1619596800000,2021-04-28T08:00:00+00:00,0.00014123,0.0
2021-04-28 16:00:00.001000+00:00,1619625600001,2021-04-28T16:00:00.001000+00:00,0.00075197,0.0
2021-04-29 00:00:00.004000+00:00,1619654400004,2021-04-29T00:00:00.004000+00:00,0.0001,0.0
2021-04-29 08:00:00.013000+00:00,1619683200013,2021-04-29T08:00:00.013000+00:00,0.00027906,0.0
2021-04-29 16:00:00.003000+00:00,1619712000003,2021-04-29T16:00:00.003000+00:00,0.00044525,0.0
2021-04-30 00:00:00.004000+00:00,1619740800004,2021-04-30T00:00:00.004000+00:00,0.00015236,0.0
2021-04-30 08:00:00.019000+00:00,1619769600019,2021-04-30T08:00:00.019000+00:00,0.00063122,0.0
2021-04-30 16:00:00.003000+00:00,1619798400003,2021-04-30T16:00:00.003000+00:00,0.00079326,0.0
2021-05-01 00:00:00.002000+00:00,1619827200002,2021-05-01T00:00:00.002000+00:00,0.00050617,0.0
2021-05-01 08:00:00.006000+00:00,1619856000006,2021-05-01T08:00:00.006000+00:00,0.00091168,0.0
2021-05-01 16:00:00+00:00,1619884800000,2021-05-01T16:00:00+00:00,0.00056507,0.0
2021-05-02 00:00:00.010000+00:00,1619913600010,2021-05-02T00:00:00.010000+00:00,0.00105805,0.0
2021-05-02 08:00:00.011000+00:00,1619942400011,2021-05-02T08:00:00.011000+00:00,0.00064962,0.0
2021-05-02 16:00:00.007000+00:00,1619971200007,2021-05-02T16:00:00.007000+00:00,0.00051725,0.0
2021-05-03 00:00:00.003000+00:00,1620000000003,2021-05-03T00:00:00.003000+00:00,0.00074971,0.0
2021-05-03 08:00:00+00:00,1620028800000,2021-05-03T08:00:00+00:00,0.00109798,0.0
2021-05-03 16:00:00.043000+00:00,1620057600043,2021-05-03T16:00:00.043000+00:00,0.00151518,0.0
2021-05-04 00:00:00.004000+00:00,1620086400004,2021-05-04T00:00:00.004000+00:00,0.00115129,0.0
2021-05-04 08:00:00.003000+00:00,1620115200003,2021-05-04T08:00:00.003000+00:00,0.00057391,0.0
2021-05-04 16:00:00.011000+00:00,1620144000011,2021-05-04T16:00:00.011000+00:00,0.00108328,0.0
2021-05-05 00:00:00.001000+00:00,1620172800001,2021-05-05T00:00:00.001000+00:00,0.00052608,0.0
2021-05-05 08:00:00.007000+00:00,1620201600007,2021-05-05T08:00:00.007000+00:00,0.00036197,0.0
2021-05-05 16:00:00.001000+00:00,1620230400001,2021-05-05T16:00:00.001000+00:00,0.00031246,0.0
2021-05-06 00:00:00.003000+00:00,1620259200003,2021-05-06T00:00:00.003000+00:00,0.00069363,0.0
2021-05-06 08:00:00.001000+00:00,1620288000001,2021-05-06T08:00:00.001000+00:00,0.00022015,0.0
2021-05-06 16:00:00+00:00,1620316800000,2021-05-06T16:00:00+00:00,0.0019234,0.0
2021-05-07 00:00:00+00:00,1620345600000,2021-05-07T00:00:00+00:00,0.00079498,0.0
2021-05-07 08:00:00+00:00,1620374400000,2021-05-07T08:00:00+00:00,0.00044333,0.0
2021-05-07 16:00:00.001000+00:00,1620403200001,2021-05-07T16:00:00.001000+00:00,0.0009308,0.0
2021-05-08 00:00:00.006000+00:00,1620432000006,2021-05-08T00:00:00.006000+00:00,0.00130481,0.0
2021-05-08 08:00:00+00:00,1620460800000,2021-05-08T08:00:00+00:00,0.00092286,0.0
2021-05-08 16:00:00+00:00,1620489600000,2021-05-08T16:00:00+00:00,0.00061559,0.0
2021-05-09 00:00:00.005000+00:00,1620518400005,2021-05-09T00:00:00.005000+00:00,0.0001,0.0
2021-05-09 08:00:00.016000+00:00,1620547200016,2021-05-09T08:00:00.016000+00:00,-0.00033803,0.0
2021-05-09 16:00:00+00:00,1620576000000,2021-05-09T16:00:00+00:00,0.0003957,0.0
2021-05-10 00:00:00.004000+00:00,1620604800004,2021-05-10T00:00:00.004000+00:00,-0.0007434,0.0
2021-05-10 08:00:00+00:00,1620633600000,2021-05-10T08:00:00+00:00,0.0001,0.0
2021-05-10 16:00:00.013000+00:00,1620662400013,2021-05-10T16:00:00.013000+00:00,0.0001,0.0
2021-05-11 00:00:00+00:00,1620691200000,2021-05-11T00:00:00+00:00,0.0001,0.0
2021-05-11 08:00:00+00:00,1620720000000,2021-05-11T08:00:00+00:00,0.00014469,0.0
2021-05-11 16:00:00.002000+00:00,1620748800002,2021-05-11T16:00:00.002000+00:00,0.0001,0.0
2021-05-12 00:00:00.004000+00:00,1620777600004,2021-05-12T00:00:00.004000+00:00,0.0001,0.0
2021-05-12 08:00:00.007000+00:00,1620806400007,2021-05-12T08:00:00.007000+00:00,0.0001,0.0
2021-05-12 16:00:00.012000+00:00,1620835200012,2021-05-12T16:00:00.012000+00:00,0.0001,0.0
2021-05-13 00:00:00.016000+00:00,1620864000016,2021-05-13T00:00:00.016000+00:00,0.0001,0.0
2021-05-13 08:00:00+00:00,1620892800000,2021-05-13T08:00:00+00:00,-4.634e-05,0.0
2021-05-13 16:00:00.008000+00:00,1620921600008,2021-05-13T16:00:00.008000+00:00,4.777e-05,0.0
2021-05-14 00:00:00.007000+00:00,1620950400007,2021-05-14T00:00:00.007000+00:00,0.0001,0.0
2021-05-14 08:00:00.001000+00:00,1620979200001,2021-05-14T08:00:00.001000+00:00,0.0001,0.0
2021-05-14 16:00:00.004000+00:00,1621008000004,2021-05-14T16:00:00.004000+00:00,0.0001,0.0
2021-05-15 00:00:00.022000+00:00,1621036800022,2021-05-15T00:00:00.022000+00:00,0.0001,0.0
2021-05-15 08:00:00.014000+00:00,1621065600014,2021-05-15T08:00:00.014000+00:00,0.0001,0.0
2021-05-15 16:00:00.002000+00:00,1621094400002,2021-05-15T16:00:00.002000+00:00,0.0001,0.0
2021-05-16 00:00:00+00:00,1621123200000,2021-05-16T00:00:00+00:00,0.0001,0.0
2021-05-16 08:00:00.003000+00:00,1621152000003,2021-05-16T08:00:00.003000+00:00,0.0001,0.0
2021-05-16 16:00:00.002000+00:00,1621180800002,2021-05-16T16:00:00.002000+00:00,0.0001,0.0
2021-05-17 00:00:00.005000+00:00,1621209600005,2021-05-17T00:00:00.005000+00:00,0.0001,0.0
2021-05-17 08:00:00.001000+00:00,1621238400001,2021-05-17T08:00:00.001000+00:00,0.0001,0.0
2021-05-17 16:00:00+00:00,1621267200000,2021-05-17T16:00:00+00:00,0.0001,0.0
2021-05-18 00:00:00.019000+00:00,1621296000019,2021-05-18T00:00:00.019000+00:00,0.0001,0.0
2021-05-18 08:00:00.001000+00:00,1621324800001,2021-05-18T08:00:00.001000+00:00,0.0001313,0.0
2021-05-18 16:00:00.006000+00:00,1621353600006,2021-05-18T16:00:00.006000+00:00,0.0001,0.0
2021-05-19 00:00:00+00:00,1621382400000,2021-05-19T00:00:00+00:00,0.0001,0.0
2021-05-19 08:00:00.003000+00:00,1621411200003,2021-05-19T08:00:00.003000+00:00,0.0001,0.0
2021-05-19 16:00:00.018000+00:00,1621440000018,2021-05-19T16:00:00.018000+00:00,-0.00125657,0.0
2021-05-20 00:00:00.005000+00:00,1621468800005,2021-05-20T00:00:00.005000+00:00,-0.00025581,0.0
2021-05-20 08:00:00+00:00,1621497600000,2021-05-20T08:00:00+00:00,-0.00023976,0.0
2021-05-20 16:00:00.005000+00:00,1621526400005,2021-05-20T16:00:00.005000+00:00,-1.646e-05,0.0
2021-05-21 00:00:00+00:00,1621555200000,2021-05-21T00:00:00+00:00,0.0001,0.0
2021-05-21 08:00:00+00:00,1621584000000,2021-05-21T08:00:00+00:00,-9.093e-05,0.0
2021-05-21 16:00:00.001000+00:00,1621612800001,2021-05-21T16:00:00.001000+00:00,-0.00022982,0.0
2021-05-22 00:00:00.001000+00:00,1621641600001,2021-05-22T00:00:00.001000+00:00,-0.00037009,0.0
2021-05-22 08:00:00.002000+00:00,1621670400002,2021-05-22T08:00:00.002000+00:00,-0.00032359,0.0
2021-05-22 16:00:00.005000+00:00,1621699200005,2021-05-22T16:00:00.005000+00:00,7.248e-05,0.0
2021-05-23 00:00:00.006000+00:00,1621728000006,2021-05-23T00:00:00.006000+00:00,0.0001,0.0
2021-05-23 08:00:00.004000+00:00,1621756800004,2021-05-23T08:00:00.004000+00:00,0.0001,0.0
2021-05-23 16:00:00.002000+00:00,1621785600002,2021-05-23T16:00:00.002000+00:00,-0.00054423,0.0
2021-05-24 00:00:00.007000+00:00,1621814400007,2021-05-24T00:00:00.007000+00:00,7.206e-05,0.0
2021-05-24 08:00:00.005000+00:00,1621843200005,2021-05-24T08:00:00.005000+00:00,0.0001,0.0
2021-05-24 16:00:00.005000+00:00,1621872000005,2021-05-24T16:00:00.005000+00:00,0.0001,0.0
2021-05-25 00:00:00+00:00,1621900800000,2021-05-25T00:00:00+00:00,3.74e-06,0.0
2021-05-25 08:00:00.014000+00:00,1621929600014,2021-05-25T08:00:00.014000+00:00,-9.724e-05,0.0
2021-05-25 16:00:00+00:00,1621958400000,2021-05-25T16:00:00+00:00,-3.801e-05,0.0
2021-05-26 00:00:00.022000+00:00,1621987200022,2021-05-26T00:00:00.022000+00:00,5.565e-05,0.0
2021-05-26 08:00:00.018000+00:00,1622016000018,2021-05-26T08:00:00.018000+00:00,0.0001,0.0
2021-05-26 16:00:00.004000+00:00,1622044800004,2021-05-26T16:00:00.004000+00:00,-0.00021252,0.0
2021-05-27 00:00:00+00:00,1622073600000,2021-05-27T00:00:00+00:00,9.78e-06,0.0
2021-05-27 08:00:00.017000+00:00,1622102400017,2021-05-27T08:00:00.017000+00:00,-0.00015068,0.0
2021-05-27 16:00:00+00:00,1622131200000,2021-05-27T16:00:00+00:00,0.0001,0.0
2021-05-28 00:00:00.005000+00:00,1622160000005,2021-05-28T00:00:00.005000+00:00,0.0001,0.0
2021-05-28 08:00:00.009000+00:00,1622188800009,2021-05-28T08:00:00.009000+00:00,0.0001,0.0
2021-05-28 16:00:00+00:00,1622217600000,2021-05-28T16:00:00+00:00,0.0001,0.0
2021-05-29 00:00:00.006000+00:00,1622246400006,2021-05-29T00:00:00.006000+00:00,0.0001,0.0
2021-05-29 08:00:00+00:00,1622275200000,2021-05-29T08:00:00+00:00,0.0001,0.0
2021-05-29 16:00:00+00:00,1622304000000,2021-05-29T16:00:00+00:00,0.0001,0.0
2021-05-30 00:00:00.003000+00:00,1622332800003,2021-05-30T00:00:00.003000+00:00,0.0001,0.0
2021-05-30 08:00:00.004000+00:00,1622361600004,2021-05-30T08:00:00.004000+00:00,0.0001,0.0
2021-05-30 16:00:00.018000+00:00,1622390400018,2021-05-30T16:00:00.018000+00:00,0.0001,0.0
2021-05-31 00:00:00.002000+00:00,1622419200002,2021-05-31T00:00:00.002000+00:00,0.0001,0.0
2021-05-31 08:00:00+00:00,1622448000000,2021-05-31T08:00:00+00:00,0.0001,0.0
2021-05-31 16:00:00+00:00,1622476800000,2021-05-31T16:00:00+00:00,0.0001,0.0
2021-06-01 00:00:00.001000+00:00,1622505600001,2021-06-01T00:00:00.001000+00:00,0.0001,0.0
2021-06-01 08:00:00.010000+00:00,1622534400010,2021-06-01T08:00:00.010000+00:00,0.0001,0.0
2021-06-01 16:00:00.010000+00:00,1622563200010,2021-06-01T16:00:00.010000+00:00,0.0001,0.0
2021-06-02 00:00:00.008000+00:00,1622592000008,2021-06-02T00:00:00.008000+00:00,0.0001,0.0
2021-06-02 08:00:00+00:00,1622620800000,2021-06-02T08:00:00+00:00,0.0001,0.0
2021-06-02 16:00:00.007000+00:00,1622649600007,2021-06-02T16:00:00.007000+00:00,0.0001,0.0
2021-06-03 00:00:00.019000+00:00,1622678400019,2021-06-03T00:00:00.019000+00:00,0.0001,0.0
2021-06-03 08:00:00.002000+00:00,1622707200002,2021-06-03T08:00:00.002000+00:00,0.0001,0.0
2021-06-03 16:00:00.003000+00:00,1622736000003,2021-06-03T16:00:00.003000+00:00,0.0001,0.0
2021-06-04 00:00:00.003000+00:00,1622764800003,2021-06-04T00:00:00.003000+00:00,0.0001,0.0
2021-06-04 08:00:00.006000+00:00,1622793600006,2021-06-04T08:00:00.006000+00:00,0.0001,0.0
2021-06-04 16:00:00.002000+00:00,1622822400002,2021-06-04T16:00:00.002000+00:00,0.0001,0.0
2021-06-05 00:00:00+00:00,1622851200000,2021-06-05T00:00:00+00:00,0.0001,0.0
2021-06-05 08:00:00.004000+00:00,1622880000004,2021-06-05T08:00:00.004000+00:00,0.0001,0.0
2021-06-05 16:00:00.020000+00:00,1622908800020,2021-06-05T16:00:00.020000+00:00,0.0001,0.0
2021-06-06 00:00:00+00:00,1622937600000,2021-06-06T00:00:00+00:00,0.0001,0.0
2021-06-06 08:00:00.004000+00:00,1622966400004,2021-06-06T08:00:00.004000+00:00,0.0001,0.0
2021-06-06 16:00:00+00:00,1622995200000,2021-06-06T16:00:00+00:00,0.0001,0.0
2021-06-07 00:00:00.007000+00:00,1623024000007,2021-06-07T00:00:00.007000+00:00,0.0001,0.0
2021-06-07 08:00:00.007000+00:00,1623052800007,2021-06-07T08:00:00.007000+00:00,0.0001,0.0
2021-06-07 16:00:00.003000+00:00,1623081600003,2021-06-07T16:00:00.003000+00:00,0.0001,0.0
2021-06-08 00:00:00+00:00,1623110400000,2021-06-08T00:00:00+00:00,4.624e-05,0.0
2021-06-08 08:00:00+00:00,1623139200000,2021-06-08T08:00:00+00:00,7.966e-05,0.0
2021-06-08 16:00:00.002000+00:00,1623168000002,2021-06-08T16:00:00.002000+00:00,-7.779e-05,0.0
2021-06-09 00:00:00.009000+00:00,1623196800009,2021-06-09T00:00:00.009000+00:00,-6.98e-06,0.0
2021-06-09 08:00:00.002000+00:00,1623225600002,2021-06-09T08:00:00.002000+00:00,4.528e-05,0.0
2021-06-09 16:00:00+00:00,1623254400000,2021-06-09T16:00:00+00:00,0.0001,0.0
2021-06-10 00:00:00.007000+00:00,1623283200007,2021-06-10T00:00:00.007000+00:00,0.0001,0.0
2021-06-10 08:00:00.003000+00:00,1623312000003,2021-06-10T08:00:00.003000+00:00,0.0001,0.0
2021-06-10 16:00:00+00:00,1623340800000,2021-06-10T16:00:00+00:00,0.0001,0.0
2021-06-11 00:00:00.010000+00:00,1623369600010,2021-06-11T00:00:00.010000+00:00,0.0001,0.0
2021-06-11 08:00:00.007000+00:00,1623398400007,2021-06-11T08:00:00.007000+00:00,0.0001,0.0
2021-06-11 16:00:00.006000+00:00,1623427200006,2021-06-11T16:00:00.006000+00:00,0.0001,0.0
2021-06-12 00:00:00.005000+00:00,1623456000005,2021-06-12T00:00:00.005000+00:00,0.0001,0.0
2021-06-12 08:00:00+00:00,1623484800000,2021-06-12T08:00:00+00:00,-1.032e-05,0.0
2021-06-12 16:00:00.018000+00:00,1623513600018,2021-06-12T16:00:00.018000+00:00,-1.804e-05,0.0
2021-06-13 00:00:00.002000+00:00,1623542400002,2021-06-13T00:00:00.002000+00:00,0.0001,0.0
2021-06-13 08:00:00+00:00,1623571200000,2021-06-13T08:00:00+00:00,0.0001,0.0
2021-06-13 16:00:00.003000+00:00,1623600000003,2021-06-13T16:00:00.003000+00:00,0.0001,0.0
2021-06-14 00:00:00+00:00,1623628800000,2021-06-14T00:00:00+00:00,0.0001,0.0
2021-06-14 08:00:00.015000+00:00,1623657600015,2021-06-14T08:00:00.015000+00:00,0.0001,0.0
2021-06-14 16:00:00+00:00,1623686400000,2021-06-14T16:00:00+00:00,0.0001,0.0
2021-06-15 00:00:00+00:00,1623715200000,2021-06-15T00:00:00+00:00,0.0001,0.0
2021-06-15 08:00:00+00:00,1623744000000,2021-06-15T08:00:00+00:00,0.0001,0.0
2021-06-15 16:00:00.004000+00:00,1623772800004,2021-06-15T16:00:00.004000+00:00,0.0001,0.0
2021-06-16 00:00:00.004000+00:00,1623801600004,2021-06-16T00:00:00.004000+00:00,0.0001,0.0
2021-06-16 08:00:00.001000+00:00,1623830400001,2021-06-16T08:00:00.001000+00:00,0.0001,0.0
2021-06-16 16:00:00+00:00,1623859200000,2021-06-16T16:00:00+00:00,0.0001,0.0
2021-06-17 00:00:00.004000+00:00,1623888000004,2021-06-17T00:00:00.004000+00:00,0.0001,0.0
2021-06-17 08:00:00+00:00,1623916800000,2021-06-17T08:00:00+00:00,0.0001,0.0
2021-06-17 16:00:00.002000+00:00,1623945600002,2021-06-17T16:00:00.002000+00:00,0.0001,0.0
2021-06-18 00:00:00.009000+00:00,1623974400009,2021-06-18T00:00:00.009000+00:00,0.0001,0.0
2021-06-18 08:00:00.014000+00:00,1624003200014,2021-06-18T08:00:00.014000+00:00,0.0001,0.0
2021-06-18 16:00:00.007000+00:00,1624032000007,2021-06-18T16:00:00.007000+00:00,0.0001,0.0
2021-06-19 00:00:00.003000+00:00,1624060800003,2021-06-19T00:00:00.003000+00:00,9.486e-05,0.0
2021-06-19 08:00:00.001000+00:00,1624089600001,2021-06-19T08:00:00.001000+00:00,0.0001,0.0
2021-06-19 16:00:00+00:00,1624118400000,2021-06-19T16:00:00+00:00,0.0001,0.0
2021-06-20 00:00:00.005000+00:00,1624147200005,2021-06-20T00:00:00.005000+00:00,0.0001,0.0
2021-06-20 08:00:00+00:00,1624176000000,2021-06-20T08:00:00+00:00,0.0001,0.0
2021-06-20 16:00:00.002000+00:00,1624204800002,2021-06-20T16:00:00.002000+00:00,-0.00047182,0.0
2021-06-21 00:00:00.019000+00:00,1624233600019,2021-06-21T00:00:00.019000+00:00,-0.00020335,0.0
2021-06-21 08:00:00+00:00,1624262400000,2021-06-21T08:00:00+00:00,-0.00026779,0.0
2021-06-21 16:00:00.024000+00:00,1624291200024,2021-06-21T16:00:00.024000+00:00,-0.00024228,0.0
2021-06-22 00:00:00.008000+00:00,1624320000008,2021-06-22T00:00:00.008000+00:00,-0.00091314,0.0
2021-06-22 08:00:00.009000+00:00,1624348800009,2021-06-22T08:00:00.009000+00:00,-0.00064204,0.0
2021-06-22 16:00:00.001000+00:00,1624377600001,2021-06-22T16:00:00.001000+00:00,-0.00070951,0.0
2021-06-23 00:00:00.003000+00:00,1624406400003,2021-06-23T00:00:00.003000+00:00,-0.00059853,0.0
2021-06-23 08:00:00+00:00,1624435200000,2021-06-23T08:00:00+00:00,-0.00052957,0.0
2021-06-23 16:00:00+00:00,1624464000000,2021-06-23T16:00:00+00:00,-6.101e-05,0.0
2021-06-24 00:00:00.009000+00:00,1624492800009,2021-06-24T00:00:00.009000+00:00,4.9e-05,0.0
2021-06-24 08:00:00.018000+00:00,1624521600018,2021-06-24T08:00:00.018000+00:00,-9.072e-05,0.0
2021-06-24 16:00:00.001000+00:00,1624550400001,2021-06-24T16:00:00.001000+00:00,-0.00013877,0.0
2021-06-25 00:00:00.009000+00:00,1624579200009,2021-06-25T00:00:00.009000+00:00,-0.0001725,0.0
2021-06-25 08:00:00.004000+00:00,1624608000004,2021-06-25T08:00:00.004000+00:00,8.25e-06,0.0
2021-06-25 16:00:00+00:00,1624636800000,2021-06-25T16:00:00+00:00,0.0001,0.0
2021-06-26 00:00:00.007000+00:00,1624665600007,2021-06-26T00:00:00.007000+00:00,3.349e-05,0.0
2021-06-26 08:00:00+00:00,1624694400000,2021-06-26T08:00:00+00:00,0.0001,0.0
2021-06-26 16:00:00.002000+00:00,1624723200002,2021-06-26T16:00:00.002000+00:00,-0.00026623,0.0
2021-06-27 00:00:00.005000+00:00,1624752000005,2021-06-27T00:00:00.005000+00:00,-5.844e-05,0.0
2021-06-27 08:00:00.010000+00:00,1624780800010,2021-06-27T08:00:00.010000+00:00,4.843e-05,0.0
2021-06-27 16:00:00.001000+00:00,1624809600001,2021-06-27T16:00:00.001000+00:00,-1.04e-06,0.0
2021-06-28 00:00:00.025000+00:00,1624838400025,2021-06-28T00:00:00.025000+00:00,3.611e-05,0.0
2021-06-28 08:00:00.017000+00:00,1624867200017,2021-06-28T08:00:00.017000+00:00,7.592e-05,0.0
2021-06-28 16:00:00.007000+00:00,1624896000007,2021-06-28T16:00:00.007000+00:00,-4.071e-05,0.0
2021-06-29 00:00:00.008000+00:00,1624924800008,2021-06-29T00:00:00.008000+00:00,-0.00014685,0.0
2021-06-29 08:00:00+00:00,1624953600000,2021-06-29T08:00:00+00:00,-6.082e-05,0.0
2021-06-29 16:00:00+00:00,1624982400000,2021-06-29T16:00:00+00:00,0.0001,0.0
2021-06-30 00:00:00.011000+00:00,1625011200011,2021-06-30T00:00:00.011000+00:00,0.0001,0.0
2021-06-30 08:00:00.044000+00:00,1625040000044,2021-06-30T08:00:00.044000+00:00,5.643e-05,0.0
2021-06-30 16:00:00.005000+00:00,1625068800005,2021-06-30T16:00:00.005000+00:00,0.0001,0.0
2021-07-01 00:00:00+00:00,1625097600000,2021-07-01T00:00:00+00:00,-2.631e-05,0.0
2021-07-01 08:00:00.004000+00:00,1625126400004,2021-07-01T08:00:00.004000+00:00,1.412e-05,0.0
2021-07-01 16:00:00.028000+00:00,1625155200028,2021-07-01T16:00:00.028000+00:00,0.0001,0.0
2021-07-02 00:00:00.002000+00:00,1625184000002,2021-07-02T00:00:00.002000+00:00,0.0001,0.0
2021-07-02 08:00:00.016000+00:00,1625212800016,2021-07-02T08:00:00.016000+00:00,8.837e-05,0.0
2021-07-02 16:00:00.007000+00:00,1625241600007,2021-07-02T16:00:00.007000+00:00,0.0001,0.0
2021-07-03 00:00:00.008000+00:00,1625270400008,2021-07-03T00:00:00.008000+00:00,0.0001,0.0
2021-07-03 08:00:00+00:00,1625299200000,2021-07-03T08:00:00+00:00,0.0001,0.0
2021-07-03 16:00:00.004000+00:00,1625328000004,2021-07-03T16:00:00.004000+00:00,0.0001,0.0
2021-07-04 00:00:00.012000+00:00,1625356800012,2021-07-04T00:00:00.012000+00:00,0.0001,0.0
2021-07-04 08:00:00.002000+00:00,1625385600002,2021-07-04T08:00:00.002000+00:00,0.0001,0.0
2021-07-04 16:00:00.003000+00:00,1625414400003,2021-07-04T16:00:00.003000+00:00,0.0001,0.0
2021-07-05 00:00:00.004000+00:00,1625443200004,2021-07-05T00:00:00.004000+00:00,0.0001,0.0
2021-07-05 08:00:00+00:00,1625472000000,2021-07-05T08:00:00+00:00,0.0001,0.0
2021-07-05 16:00:00.009000+00:00,1625500800009,2021-07-05T16:00:00.009000+00:00,-0.00032559,0.0
2021-07-06 00:00:00.008000+00:00,1625529600008,2021-07-06T00:00:00.008000+00:00,-8.271e-05,0.0
2021-07-06 08:00:00.019000+00:00,1625558400019,2021-07-06T08:00:00.019000+00:00,0.0001,0.0
2021-07-06 16:00:00+00:00,1625587200000,2021-07-06T16:00:00+00:00,0.0001,0.0
2021-07-07 00:00:00.007000+00:00,1625616000007,2021-07-07T00:00:00.007000+00:00,0.0001,0.0
2021-07-07 08:00:00.001000+00:00,1625644800001,2021-07-07T08:00:00.001000+00:00,0.0001,0.0
2021-07-07 16:00:00.008000+00:00,1625673600008,2021-07-07T16:00:00.008000+00:00,0.0001,0.0
2021-07-08 00:00:00.002000+00:00,1625702400002,2021-07-08T00:00:00.002000+00:00,0.0001,0.0
2021-07-08 08:00:00.010000+00:00,1625731200010,2021-07-08T08:00:00.010000+00:00,0.0001,0.0
2021-07-08 16:00:00.003000+00:00,1625760000003,2021-07-08T16:00:00.003000+00:00,0.0001,0.0
2021-07-09 00:00:00+00:00,1625788800000,2021-07-09T00:00:00+00:00,0.0001,0.0
2021-07-09 08:00:00.006000+00:00,1625817600006,2021-07-09T08:00:00.006000+00:00,-2.937e-05,0.0
2021-07-09 16:00:00+00:00,1625846400000,2021-07-09T16:00:00+00:00,0.0001,0.0
2021-07-10 00:00:00.002000+00:00,1625875200002,2021-07-10T00:00:00.002000+00:00,0.0001,0.0
2021-07-10 08:00:00+00:00,1625904000000,2021-07-10T08:00:00+00:00,0.0001,0.0
2021-07-10 16:00:00.001000+00:00,1625932800001,2021-07-10T16:00:00.001000+00:00,0.0001,0.0
2021-07-11 00:00:00.001000+00:00,1625961600001,2021-07-11T00:00:00.001000+00:00,0.0001,0.0
2021-07-11 08:00:00.025000+00:00,1625990400025,2021-07-11T08:00:00.025000+00:00,0.0001,0.0
2021-07-11 16:00:00.006000+00:00,1626019200006,2021-07-11T16:00:00.006000+00:00,0.0001,0.0
2021-07-12 00:00:00+00:00,1626048000000,2021-07-12T00:00:00+00:00,0.0001,0.0
2021-07-12 08:00:00.021000+00:00,1626076800021,2021-07-12T08:00:00.021000+00:00,0.0001,0.0
2021-07-12 16:00:00+00:00,1626105600000,2021-07-12T16:00:00+00:00,0.0001,0.0
2021-07-13 00:00:00+00:00,1626134400000,2021-07-13T00:00:00+00:00,0.0001,0.0
2021-07-13 08:00:00.013000+00:00,1626163200013,2021-07-13T08:00:00.013000+00:00,0.0001,0.0
2021-07-13 16:00:00.005000+00:00,1626192000005,2021-07-13T16:00:00.005000+00:00,0.0001,0.0
2021-07-14 00:00:00+00:00,1626220800000,2021-07-14T00:00:00+00:00,0.0001,0.0
2021-07-14 08:00:00+00:00,1626249600000,2021-07-14T08:00:00+00:00,5.711e-05,0.0
2021-07-14 16:00:00.005000+00:00,1626278400005,2021-07-14T16:00:00.005000+00:00,0.0001,0.0
2021-07-15 00:00:00.005000+00:00,1626307200005,2021-07-15T00:00:00.005000+00:00,0.0001,0.0
2021-07-15 08:00:00.001000+00:00,1626336000001,2021-07-15T08:00:00.001000+00:00,0.0001,0.0
2021-07-15 16:00:00+00:00,1626364800000,2021-07-15T16:00:00+00:00,0.0001,0.0
2021-07-16 00:00:00+00:00,1626393600000,2021-07-16T00:00:00+00:00,0.0001,0.0
2021-07-16 08:00:00+00:00,1626422400000,2021-07-16T08:00:00+00:00,0.0001,0.0
2021-07-16 16:00:00.001000+00:00,1626451200001,2021-07-16T16:00:00.001000+00:00,0.0001,0.0
2021-07-17 00:00:00.004000+00:00,1626480000004,2021-07-17T00:00:00.004000+00:00,9.936e-05,0.0
2021-07-17 08:00:00.009000+00:00,1626508800009,2021-07-17T08:00:00.009000+00:00,4.998e-05,0.0
2021-07-17 16:00:00.006000+00:00,1626537600006,2021-07-17T16:00:00.006000+00:00,5.788e-05,0.0
2021-07-18 00:00:00+00:00,1626566400000,2021-07-18T00:00:00+00:00,0.0001,0.0
2021-07-18 08:00:00.001000+00:00,1626595200001,2021-07-18T08:00:00.001000+00:00,0.0001,0.0
2021-07-18 16:00:00.003000+00:00,1626624000003,2021-07-18T16:00:00.003000+00:00,3.454e-05,0.0
2021-07-19 00:00:00.002000+00:00,1626652800002,2021-07-19T00:00:00.002000+00:00,0.0001,0.0
2021-07-19 08:00:00.006000+00:00,1626681600006,2021-07-19T08:00:00.006000+00:00,3.297e-05,0.0
2021-07-19 16:00:00.006000+00:00,1626710400006,2021-07-19T16:00:00.006000+00:00,-1.736e-05,0.0
2021-07-20 00:00:00.002000+00:00,1626739200002,2021-07-20T00:00:00.002000+00:00,0.0001,0.0
2021-07-20 08:00:00.011000+00:00,1626768000011,2021-07-20T08:00:00.011000+00:00,-0.00025901,0.0
2021-07-20 16:00:00.001000+00:00,1626796800001,2021-07-20T16:00:00.001000+00:00,-2.431e-05,0.0
2021-07-21 00:00:00.022000+00:00,1626825600022,2021-07-21T00:00:00.022000+00:00,-4.249e-05,0.0
2021-07-21 08:00:00+00:00,1626854400000,2021-07-21T08:00:00+00:00,6.987e-05,0.0
2021-07-21 16:00:00.018000+00:00,1626883200018,2021-07-21T16:00:00.018000+00:00,4.144e-05,0.0
2021-07-22 00:00:00.002000+00:00,1626912000002,2021-07-22T00:00:00.002000+00:00,0.0001,0.0
2021-07-22 08:00:00.006000+00:00,1626940800006,2021-07-22T08:00:00.006000+00:00,0.0001,0.0
2021-07-22 16:00:00.010000+00:00,1626969600010,2021-07-22T16:00:00.010000+00:00,0.0001,0.0
2021-07-23 00:00:00.013000+00:00,1626998400013,2021-07-23T00:00:00.013000+00:00,0.0001,0.0
2021-07-23 08:00:00+00:00,1627027200000,2021-07-23T08:00:00+00:00,0.0001,0.0
2021-07-23 16:00:00.005000+00:00,1627056000005,2021-07-23T16:00:00.005000+00:00,0.0001,0.0
2021-07-24 00:00:00+00:00,1627084800000,2021-07-24T00:00:00+00:00,0.0001,0.0
2021-07-24 08:00:00.002000+00:00,1627113600002,2021-07-24T08:00:00.002000+00:00,0.0001,0.0
2021-07-24 16:00:00.001000+00:00,1627142400001,2021-07-24T16:00:00.001000+00:00,0.0001,0.0
2021-07-25 00:00:00.003000+00:00,1627171200003,2021-07-25T00:00:00.003000+00:00,0.0001,0.0
2021-07-25 08:00:00.015000+00:00,1627200000015,2021-07-25T08:00:00.015000+00:00,0.0001,0.0
2021-07-25 16:00:00+00:00,1627228800000,2021-07-25T16:00:00+00:00,0.0001,0.0
2021-07-26 00:00:00+00:00,1627257600000,2021-07-26T00:00:00+00:00,0.0001,0.0
2021-07-26 08:00:00+00:00,1627286400000,2021-07-26T08:00:00+00:00,0.0001,0.0
2021-07-26 16:00:00+00:00,1627315200000,2021-07-26T16:00:00+00:00,0.0001,0.0
2021-07-27 00:00:00.046000+00:00,1627344000046,2021-07-27T00:00:00.046000+00:00,0.0001,0.0
2021-07-27 08:00:00.014000+00:00,1627372800014,2021-07-27T08:00:00.014000+00:00,0.0001,0.0
2021-07-27 16:00:00.007000+00:00,1627401600007,2021-07-27T16:00:00.007000+00:00,0.0001,0.0
2021-07-28 00:00:00+00:00,1627430400000,2021-07-28T00:00:00+00:00,0.0001,0.0
2021-07-28 08:00:00.002000+00:00,1627459200002,2021-07-28T08:00:00.002000+00:00,0.0001,0.0
2021-07-28 16:00:00.005000+00:00,1627488000005,2021-07-28T16:00:00.005000+00:00,0.0001,0.0
2021-07-29 00:00:00.004000+00:00,1627516800004,2021-07-29T00:00:00.004000+00:00,0.0001,0.0
2021-07-29 08:00:00+00:00,1627545600000,2021-07-29T08:00:00+00:00,0.0001,0.0
2021-07-29 16:00:00.007000+00:00,1627574400007,2021-07-29T16:00:00.007000+00:00,0.0001,0.0
2021-07-30 00:00:00.004000+00:00,1627603200004,2021-07-30T00:00:00.004000+00:00,0.0001,0.0
2021-07-30 08:00:00+00:00,1627632000000,2021-07-30T08:00:00+00:00,0.0001,0.0
2021-07-30 16:00:00+00:00,1627660800000,2021-07-30T16:00:00+00:00,0.0001,0.0
2021-07-31 00:00:00+00:00,1627689600000,2021-07-31T00:00:00+00:00,0.0001,0.0
2021-07-31 08:00:00.014000+00:00,1627718400014,2021-07-31T08:00:00.014000+00:00,0.0001,0.0
2021-07-31 16:00:00.003000+00:00,1627747200003,2021-07-31T16:00:00.003000+00:00,0.0001,0.0
2021-08-01 00:00:00.005000+00:00,1627776000005,2021-08-01T00:00:00.005000+00:00,0.0001,0.0
2021-08-01 08:00:00.016000+00:00,1627804800016,2021-08-01T08:00:00.016000+00:00,0.00020359,0.0
2021-08-01 16:00:00.001000+00:00,1627833600001,2021-08-01T16:00:00.001000+00:00,0.00019681,0.0
2021-08-02 00:00:00+00:00,1627862400000,2021-08-02T00:00:00+00:00,0.0001,0.0
2021-08-02 08:00:00.014000+00:00,1627891200014,2021-08-02T08:00:00.014000+00:00,0.0001,0.0
2021-08-02 16:00:00.021000+00:00,1627920000021,2021-08-02T16:00:00.021000+00:00,0.0001,0.0
2021-08-03 00:00:00+00:00,1627948800000,2021-08-03T00:00:00+00:00,0.0001,0.0
2021-08-03 08:00:00+00:00,1627977600000,2021-08-03T08:00:00+00:00,0.0001,0.0
2021-08-03 16:00:00.009000+00:00,1628006400009,2021-08-03T16:00:00.009000+00:00,0.0001,0.0
2021-08-04 00:00:00+00:00,1628035200000,2021-08-04T00:00:00+00:00,0.0001,0.0
2021-08-04 08:00:00+00:00,1628064000000,2021-08-04T08:00:00+00:00,0.0001,0.0
2021-08-04 16:00:00.003000+00:00,1628092800003,2021-08-04T16:00:00.003000+00:00,0.0001,0.0
2021-08-05 00:00:00+00:00,1628121600000,2021-08-05T00:00:00+00:00,0.0001,0.0
2021-08-05 08:00:00+00:00,1628150400000,2021-08-05T08:00:00+00:00,0.0001,0.0
2021-08-05 16:00:00.001000+00:00,1628179200001,2021-08-05T16:00:00.001000+00:00,0.0001,0.0
2021-08-06 00:00:00+00:00,1628208000000,2021-08-06T00:00:00+00:00,0.0001,0.0
2021-08-06 08:00:00.004000+00:00,1628236800004,2021-08-06T08:00:00.004000+00:00,0.0001,0.0
2021-08-06 16:00:00.003000+00:00,1628265600003,2021-08-06T16:00:00.003000+00:00,0.00024257,0.0
2021-08-07 00:00:00.015000+00:00,1628294400015,2021-08-07T00:00:00.015000+00:00,0.00051042,0.0
2021-08-07 08:00:00.001000+00:00,1628323200001,2021-08-07T08:00:00.001000+00:00,0.00058676,0.0
2021-08-07 16:00:00.002000+00:00,1628352000002,2021-08-07T16:00:00.002000+00:00,0.00060928,0.0
2021-08-08 00:00:00+00:00,1628380800000,2021-08-08T00:00:00+00:00,0.00065496,0.0
2021-08-08 08:00:00.002000+00:00,1628409600002,2021-08-08T08:00:00.002000+00:00,0.00044762,0.0
2021-08-08 16:00:00.018000+00:00,1628438400018,2021-08-08T16:00:00.018000+00:00,0.00055772,0.0
2021-08-09 00:00:00+00:00,1628467200000,2021-08-09T00:00:00+00:00,0.00021706,0.0
2021-08-09 08:00:00+00:00,1628496000000,2021-08-09T08:00:00+00:00,0.0004415,0.0
2021-08-09 16:00:00.002000+00:00,1628524800002,2021-08-09T16:00:00.002000+00:00,0.00036113,0.0
2021-08-10 00:00:00+00:00,1628553600000,2021-08-10T00:00:00+00:00,0.0001,0.0
2021-08-10 08:00:00.003000+00:00,1628582400003,2021-08-10T08:00:00.003000+00:00,0.00025552,0.0
2021-08-10 16:00:00+00:00,1628611200000,2021-08-10T16:00:00+00:00,0.00036504,0.0
2021-08-11 00:00:00.006000+00:00,1628640000006,2021-08-11T00:00:00.006000+00:00,0.00071508,0.0
2021-08-11 08:00:00.003000+00:00,1628668800003,2021-08-11T08:00:00.003000+00:00,0.00081207,0.0
2021-08-11 16:00:00+00:00,1628697600000,2021-08-11T16:00:00+00:00,0.00079533,0.0
2021-08-12 00:00:00.013000+00:00,1628726400013,2021-08-12T00:00:00.013000+00:00,0.0002991,0.0
2021-08-12 08:00:00.001000+00:00,1628755200001,2021-08-12T08:00:00.001000+00:00,0.00063279,0.0
2021-08-12 16:00:00+00:00,1628784000000,2021-08-12T16:00:00+00:00,0.00015117,0.0
2021-08-13 00:00:00+00:00,1628812800000,2021-08-13T00:00:00+00:00,0.0001,0.0
2021-08-13 08:00:00+00:00,1628841600000,2021-08-13T08:00:00+00:00,0.00036501,0.0
2021-08-13 16:00:00.002000+00:00,1628870400002,2021-08-13T16:00:00.002000+00:00,0.00028221,0.0
2021-08-14 00:00:00.006000+00:00,1628899200006,2021-08-14T00:00:00.006000+00:00,0.0003723,0.0
2021-08-14 08:00:00+00:00,1628928000000,2021-08-14T08:00:00+00:00,0.0006482,0.0
2021-08-14 16:00:00+00:00,1628956800000,2021-08-14T16:00:00+00:00,0.00057546,0.0
2021-08-15 00:00:00.003000+00:00,1628985600003,2021-08-15T00:00:00.003000+00:00,0.00059794,0.0
2021-08-15 08:00:00+00:00,1629014400000,2021-08-15T08:00:00+00:00,0.00053723,0.0
2021-08-15 16:00:00.007000+00:00,1629043200007,2021-08-15T16:00:00.007000+00:00,0.00048905,0.0
2021-08-16 00:00:00.012000+00:00,1629072000012,2021-08-16T00:00:00.012000+00:00,0.00077534,0.0
2021-08-16 08:00:00.003000+00:00,1629100800003,2021-08-16T08:00:00.003000+00:00,0.00075376,0.0
2021-08-16 16:00:00.010000+00:00,1629129600010,2021-08-16T16:00:00.010000+00:00,0.00030419,0.0
2021-08-17 00:00:00.018000+00:00,1629158400018,2021-08-17T00:00:00.018000+00:00,0.00022657,0.0
2021-08-17 08:00:00.015000+00:00,1629187200015,2021-08-17T08:00:00.015000+00:00,0.00021479,0.0
2021-08-17 16:00:00.006000+00:00,1629216000006,2021-08-17T16:00:00.006000+00:00,0.00022165,0.0
2021-08-18 00:00:00+00:00,1629244800000,2021-08-18T00:00:00+00:00,0.0001,0.0
2021-08-18 08:00:00+00:00,1629273600000,2021-08-18T08:00:00+00:00,0.0001,0.0
2021-08-18 16:00:00.011000+00:00,1629302400011,2021-08-18T16:00:00.011000+00:00,0.0001,0.0
2021-08-19 00:00:00+00:00,1629331200000,2021-08-19T00:00:00+00:00,0.0001,0.0
2021-08-19 08:00:00.014000+00:00,1629360000014,2021-08-19T08:00:00.014000+00:00,0.00017454,0.0
2021-08-19 16:00:00+00:00,1629388800000,2021-08-19T16:00:00+00:00,0.0001,0.0
2021-08-20 00:00:00+00:00,1629417600000,2021-08-20T00:00:00+00:00,0.00040915,0.0
2021-08-20 08:00:00.001000+00:00,1629446400001,2021-08-20T08:00:00.001000+00:00,0.00044864,0.0
2021-08-20 16:00:00.001000+00:00,1629475200001,2021-08-20T16:00:00.001000+00:00,0.0005544,0.0
2021-08-21 00:00:00.005000+00:00,1629504000005,2021-08-21T00:00:00.005000+00:00,0.00020372,0.0
2021-08-21 08:00:00.001000+00:00,1629532800001,2021-08-21T08:00:00.001000+00:00,0.00053922,0.0
2021-08-21 16:00:00+00:00,1629561600000,2021-08-21T16:00:00+00:00,0.00047552,0.0
2021-08-22 00:00:00.005000+00:00,1629590400005,2021-08-22T00:00:00.005000+00:00,0.00038199,0.0
2021-08-22 08:00:00.007000+00:00,1629619200007,2021-08-22T08:00:00.007000+00:00,0.00031329,0.0
2021-08-22 16:00:00.002000+00:00,1629648000002,2021-08-22T16:00:00.002000+00:00,0.00052123,0.0
2021-08-23 00:00:00.003000+00:00,1629676800003,2021-08-23T00:00:00.003000+00:00,0.00029152,0.0
2021-08-23 08:00:00.005000+00:00,1629705600005,2021-08-23T08:00:00.005000+00:00,0.00075426,0.0
2021-08-23 16:00:00.002000+00:00,1629734400002,2021-08-23T16:00:00.002000+00:00,0.00081515,0.0
2021-08-24 00:00:00.006000+00:00,1629763200006,2021-08-24T00:00:00.006000+00:00,0.00078965,0.0
2021-08-24 08:00:00.004000+00:00,1629792000004,2021-08-24T08:00:00.004000+00:00,0.00093203,0.0
2021-08-24 16:00:00+00:00,1629820800000,2021-08-24T16:00:00+00:00,0.00070134,0.0
2021-08-25 00:00:00.015000+00:00,1629849600015,2021-08-25T00:00:00.015000+00:00,0.0001,0.0
2021-08-25 08:00:00+00:00,1629878400000,2021-08-25T08:00:00+00:00,0.00012255,0.0
2021-08-25 16:00:00+00:00,1629907200000,2021-08-25T16:00:00+00:00,0.0001,0.0
2021-08-26 00:00:00.001000+00:00,1629936000001,2021-08-26T00:00:00.001000+00:00,0.00014589,0.0
2021-08-26 08:00:00.016000+00:00,1629964800016,2021-08-26T08:00:00.016000+00:00,0.00020591,0.0
2021-08-26 16:00:00.004000+00:00,1629993600004,2021-08-26T16:00:00.004000+00:00,0.00020401,0.0
2021-08-27 00:00:00.013000+00:00,1630022400013,2021-08-27T00:00:00.013000+00:00,0.00018623,0.0
2021-08-27 08:00:00.001000+00:00,1630051200001,2021-08-27T08:00:00.001000+00:00,0.00026187,0.0
2021-08-27 16:00:00.004000+00:00,1630080000004,2021-08-27T16:00:00.004000+00:00,0.00015768,0.0
2021-08-28 00:00:00+00:00,1630108800000,2021-08-28T00:00:00+00:00,0.00019032,0.0
2021-08-28 08:00:00+00:00,1630137600000,2021-08-28T08:00:00+00:00,0.00052214,0.0
2021-08-28 16:00:00+00:00,1630166400000,2021-08-28T16:00:00+00:00,0.00035501,0.0
2021-08-29 00:00:00+00:00,1630195200000,2021-08-29T00:00:00+00:00,0.00034873,0.0
2021-08-29 08:00:00.002000+00:00,1630224000002,2021-08-29T08:00:00.002000+00:00,0.00020095,0.0
2021-08-29 16:00:00.005000+00:00,1630252800005,2021-08-29T16:00:00.005000+00:00,0.00034429,0.0
2021-08-30 00:00:00.013000+00:00,1630281600013,2021-08-30T00:00:00.013000+00:00,0.00050168,0.0
2021-08-30 08:00:00.008000+00:00,1630310400008,2021-08-30T08:00:00.008000+00:00,0.00081384,0.0
2021-08-30 16:00:00+00:00,1630339200000,2021-08-30T16:00:00+00:00,0.00056891,0.0
2021-08-31 00:00:00+00:00,1630368000000,2021-08-31T00:00:00+00:00,0.00033931,0.0
2021-08-31 08:00:00.007000+00:00,1630396800007,2021-08-31T08:00:00.007000+00:00,0.00029868,0.0
2021-08-31 16:00:00.003000+00:00,1630425600003,2021-08-31T16:00:00.003000+00:00,0.00031072,0.0
2021-09-01 00:00:00+00:00,1630454400000,2021-09-01T00:00:00+00:00,0.00037717,0.0
2021-09-01 08:00:00.006000+00:00,1630483200006,2021-09-01T08:00:00.006000+00:00,0.00035309,0.0
2021-09-01 16:00:00+00:00,1630512000000,2021-09-01T16:00:00+00:00,0.00064436,0.0
2021-09-02 00:00:00.009000+00:00,1630540800009,2021-09-02T00:00:00.009000+00:00,0.00068579,0.0
2021-09-02 08:00:00.006000+00:00,1630569600006,2021-09-02T08:00:00.006000+00:00,0.00119691,0.0
2021-09-02 16:00:00.007000+00:00,1630598400007,2021-09-02T16:00:00.007000+00:00,0.00071133,0.0
2021-09-03 00:00:00.011000+00:00,1630627200011,2021-09-03T00:00:00.011000+00:00,0.00050917,0.0
2021-09-03 08:00:00+00:00,1630656000000,2021-09-03T08:00:00+00:00,0.00081683,0.0
2021-09-03 16:00:00.002000+00:00,1630684800002,2021-09-03T16:00:00.002000+00:00,0.0006845,0.0
2021-09-04 00:00:00.003000+00:00,1630713600003,2021-09-04T00:00:00.003000+00:00,0.00069924,0.0
2021-09-04 08:00:00.008000+00:00,1630742400008,2021-09-04T08:00:00.008000+00:00,0.00112999,0.0
2021-09-04 16:00:00.009000+00:00,1630771200009,2021-09-04T16:00:00.009000+00:00,0.00137079,0.0
2021-09-05 00:00:00.002000+00:00,1630800000002,2021-09-05T00:00:00.002000+00:00,0.00119733,0.0
2021-09-05 08:00:00.002000+00:00,1630828800002,2021-09-05T08:00:00.002000+00:00,0.00086393,0.0
2021-09-05 16:00:00+00:00,1630857600000,2021-09-05T16:00:00+00:00,0.00104803,0.0
2021-09-06 00:00:00.003000+00:00,1630886400003,2021-09-06T00:00:00.003000+00:00,0.00118524,0.0
2021-09-06 08:00:00.008000+00:00,1630915200008,2021-09-06T08:00:00.008000+00:00,0.00147555,0.0
2021-09-06 16:00:00.009000+00:00,1630944000009,2021-09-06T16:00:00.009000+00:00,0.00049934,0.0
2021-09-07 00:00:00.004000+00:00,1630972800004,2021-09-07T00:00:00.004000+00:00,0.00047626,0.0
2021-09-07 08:00:00.002000+00:00,1631001600002,2021-09-07T08:00:00.002000+00:00,0.0007534,0.0
2021-09-07 16:00:00.001000+00:00,1631030400001,2021-09-07T16:00:00.001000+00:00,-0.00325212,0.0
2021-09-08 00:00:00.005000+00:00,1631059200005,2021-09-08T00:00:00.005000+00:00,0.00046722,0.0
2021-09-08 08:00:00+00:00,1631088000000,2021-09-08T08:00:00+00:00,0.0001,0.0
2021-09-08 16:00:00+00:00,1631116800000,2021-09-08T16:00:00+00:00,0.0001,0.0
2021-09-09 00:00:00.006000+00:00,1631145600006,2021-09-09T00:00:00.006000+00:00,0.0001,0.0
2021-09-09 08:00:00.014000+00:00,1631174400014,2021-09-09T08:00:00.014000+00:00,0.0001,0.0
2021-09-09 16:00:00.002000+00:00,1631203200002,2021-09-09T16:00:00.002000+00:00,0.0001,0.0
2021-09-10 00:00:00.001000+00:00,1631232000001,2021-09-10T00:00:00.001000+00:00,0.0001,0.0
2021-09-10 08:00:00.018000+00:00,1631260800018,2021-09-10T08:00:00.018000+00:00,0.0001,0.0
2021-09-10 16:00:00.006000+00:00,1631289600006,2021-09-10T16:00:00.006000+00:00,0.0001,0.0
2021-09-11 00:00:00+00:00,1631318400000,2021-09-11T00:00:00+00:00,0.0001,0.0
2021-09-11 08:00:00.001000+00:00,1631347200001,2021-09-11T08:00:00.001000+00:00,0.0001,0.0
2021-09-11 16:00:00+00:00,1631376000000,2021-09-11T16:00:00+00:00,0.0001,0.0
2021-09-12 00:00:00+00:00,1631404800000,2021-09-12T00:00:00+00:00,0.0001,0.0
2021-09-12 08:00:00.002000+00:00,1631433600002,2021-09-12T08:00:00.002000+00:00,0.0001,0.0
2021-09-12 16:00:00+00:00,1631462400000,2021-09-12T16:00:00+00:00,0.0001,0.0
2021-09-13 00:00:00+00:00,1631491200000,2021-09-13T00:00:00+00:00,0.0001,0.0
2021-09-13 08:00:00.007000+00:00,1631520000007,2021-09-13T08:00:00.007000+00:00,0.0001,0.0
2021-09-13 16:00:00.005000+00:00,1631548800005,2021-09-13T16:00:00.005000+00:00,0.0001,0.0
2021-09-14 00:00:00.002000+00:00,1631577600002,2021-09-14T00:00:00.002000+00:00,0.0001,0.0
2021-09-14 08:00:00+00:00,1631606400000,2021-09-14T08:00:00+00:00,0.0001,0.0
2021-09-14 16:00:00.007000+00:00,1631635200007,2021-09-14T16:00:00.007000+00:00,0.0001,0.0
2021-09-15 00:00:00.012000+00:00,1631664000012,2021-09-15T00:00:00.012000+00:00,0.0001,0.0
2021-09-15 08:00:00.003000+00:00,1631692800003,2021-09-15T08:00:00.003000+00:00,0.0001,0.0
2021-09-15 16:00:00.006000+00:00,1631721600006,2021-09-15T16:00:00.006000+00:00,0.0001,0.0
2021-09-16 00:00:00.008000+00:00,1631750400008,2021-09-16T00:00:00.008000+00:00,0.00011218,0.0
2021-09-16 08:00:00.005000+00:00,1631779200005,2021-09-16T08:00:00.005000+00:00,0.00013009,0.0
2021-09-16 16:00:00.002000+00:00,1631808000002,2021-09-16T16:00:00.002000+00:00,0.0001,0.0
2021-09-17 00:00:00+00:00,1631836800000,2021-09-17T00:00:00+00:00,0.0001,0.0
2021-09-17 08:00:00.047000+00:00,1631865600047,2021-09-17T08:00:00.047000+00:00,0.00036756,0.0
2021-09-17 16:00:00.013000+00:00,1631894400013,2021-09-17T16:00:00.013000+00:00,0.0001,0.0
2021-09-18 00:00:00+00:00,1631923200000,2021-09-18T00:00:00+00:00,0.0001,0.0
2021-09-18 08:00:00.010000+00:00,1631952000010,2021-09-18T08:00:00.010000+00:00,0.0001,0.0
2021-09-18 16:00:00.005000+00:00,1631980800005,2021-09-18T16:00:00.005000+00:00,0.0001,0.0
2021-09-19 00:00:00.006000+00:00,1632009600006,2021-09-19T00:00:00.006000+00:00,0.0001,0.0
2021-09-19 08:00:00.015000+00:00,1632038400015,2021-09-19T08:00:00.015000+00:00,0.0001,0.0
2021-09-19 16:00:00.007000+00:00,1632067200007,2021-09-19T16:00:00.007000+00:00,0.0001,0.0
2021-09-20 00:00:00.018000+00:00,1632096000018,2021-09-20T00:00:00.018000+00:00,0.0001,0.0
2021-09-20 08:00:00+00:00,1632124800000,2021-09-20T08:00:00+00:00,0.0001,0.0
2021-09-20 16:00:00.005000+00:00,1632153600005,2021-09-20T16:00:00.005000+00:00,0.0001,0.0
2021-09-21 00:00:00.005000+00:00,1632182400005,2021-09-21T00:00:00.005000+00:00,0.0001,0.0
2021-09-21 08:00:00.007000+00:00,1632211200007,2021-09-21T08:00:00.007000+00:00,0.0001,0.0
2021-09-21 16:00:00+00:00,1632240000000,2021-09-21T16:00:00+00:00,0.0001,0.0
2021-09-22 00:00:00.005000+00:00,1632268800005,2021-09-22T00:00:00.005000+00:00,0.0001,0.0
2021-09-22 08:00:00.006000+00:00,1632297600006,2021-09-22T08:00:00.006000+00:00,0.0001,0.0
2021-09-22 16:00:00+00:00,1632326400000,2021-09-22T16:00:00+00:00,0.0001,0.0
2021-09-23 00:00:00.003000+00:00,1632355200003,2021-09-23T00:00:00.003000+00:00,0.0001,0.0
2021-09-23 08:00:00+00:00,1632384000000,2021-09-23T08:00:00+00:00,0.0001,0.0
2021-09-23 16:00:00.007000+00:00,1632412800007,2021-09-23T16:00:00.007000+00:00,7.657e-05,0.0
2021-09-24 00:00:00+00:00,1632441600000,2021-09-24T00:00:00+00:00,9.876e-05,0.0
2021-09-24 08:00:00.017000+00:00,1632470400017,2021-09-24T08:00:00.017000+00:00,0.0001,0.0
2021-09-24 16:00:00+00:00,1632499200000,2021-09-24T16:00:00+00:00,1.51e-05,0.0
2021-09-25 00:00:00.007000+00:00,1632528000007,2021-09-25T00:00:00.007000+00:00,-5.196e-05,0.0
2021-09-25 08:00:00.002000+00:00,1632556800002,2021-09-25T08:00:00.002000+00:00,5.668e-05,0.0
2021-09-25 16:00:00.004000+00:00,1632585600004,2021-09-25T16:00:00.004000+00:00,0.0001,0.0
2021-09-26 00:00:00.013000+00:00,1632614400013,2021-09-26T00:00:00.013000+00:00,0.0001,0.0
2021-09-26 08:00:00+00:00,1632643200000,2021-09-26T08:00:00+00:00,-7.196e-05,0.0
2021-09-26 16:00:00.005000+00:00,1632672000005,2021-09-26T16:00:00.005000+00:00,3.771e-05,0.0
2021-09-27 00:00:00+00:00,1632700800000,2021-09-27T00:00:00+00:00,4.72e-05,0.0
2021-09-27 08:00:00.001000+00:00,1632729600001,2021-09-27T08:00:00.001000+00:00,-1.671e-05,0.0
2021-09-27 16:00:00+00:00,1632758400000,2021-09-27T16:00:00+00:00,0.0001,0.0
2021-09-28 00:00:00+00:00,1632787200000,2021-09-28T00:00:00+00:00,8.335e-05,0.0
2021-09-28 08:00:00.014000+00:00,1632816000014,2021-09-28T08:00:00.014000+00:00,8.297e-05,0.0
2021-09-28 16:00:00+00:00,1632844800000,2021-09-28T16:00:00+00:00,0.0001,0.0
2021-09-29 00:00:00+00:00,1632873600000,2021-09-29T00:00:00+00:00,9.593e-05,0.0
2021-09-29 08:00:00.002000+00:00,1632902400002,2021-09-29T08:00:00.002000+00:00,0.0001,0.0
2021-09-29 16:00:00+00:00,1632931200000,2021-09-29T16:00:00+00:00,0.0001,0.0
2021-09-30 00:00:00+00:00,1632960000000,2021-09-30T00:00:00+00:00,0.0001,0.0
2021-09-30 08:00:00.004000+00:00,1632988800004,2021-09-30T08:00:00.004000+00:00,0.0001,0.0
2021-09-30 16:00:00.005000+00:00,1633017600005,2021-09-30T16:00:00.005000+00:00,0.0001,0.0
2021-10-01 00:00:00.012000+00:00,1633046400012,2021-10-01T00:00:00.012000+00:00,0.0001,0.0
2021-10-01 08:00:00.008000+00:00,1633075200008,2021-10-01T08:00:00.008000+00:00,0.0001,0.0
2021-10-01 16:00:00+00:00,1633104000000,2021-10-01T16:00:00+00:00,0.0001,0.0
2021-10-02 00:00:00+00:00,1633132800000,2021-10-02T00:00:00+00:00,0.0001,0.0
2021-10-02 08:00:00.002000+00:00,1633161600002,2021-10-02T08:00:00.002000+00:00,0.0001,0.0
2021-10-02 16:00:00.011000+00:00,1633190400011,2021-10-02T16:00:00.011000+00:00,0.0001,0.0
2021-10-03 00:00:00.019000+00:00,1633219200019,2021-10-03T00:00:00.019000+00:00,0.0001,0.0
2021-10-03 08:00:00.011000+00:00,1633248000011,2021-10-03T08:00:00.011000+00:00,0.0001,0.0
2021-10-03 16:00:00.004000+00:00,1633276800004,2021-10-03T16:00:00.004000+00:00,0.0001,0.0
2021-10-04 00:00:00.004000+00:00,1633305600004,2021-10-04T00:00:00.004000+00:00,0.0001,0.0
2021-10-04 08:00:00+00:00,1633334400000,2021-10-04T08:00:00+00:00,0.0001,0.0
2021-10-04 16:00:00+00:00,1633363200000,2021-10-04T16:00:00+00:00,0.0001,0.0
2021-10-05 00:00:00.007000+00:00,1633392000007,2021-10-05T00:00:00.007000+00:00,0.00019454,0.0
2021-10-05 08:00:00.007000+00:00,1633420800007,2021-10-05T08:00:00.007000+00:00,0.00026474,0.0
2021-10-05 16:00:00.004000+00:00,1633449600004,2021-10-05T16:00:00.004000+00:00,0.0001,0.0
2021-10-06 00:00:00.002000+00:00,1633478400002,2021-10-06T00:00:00.002000+00:00,0.00040113,0.0
2021-10-06 08:00:00+00:00,1633507200000,2021-10-06T08:00:00+00:00,0.00024348,0.0
2021-10-06 16:00:00.003000+00:00,1633536000003,2021-10-06T16:00:00.003000+00:00,0.00014181,0.0
2021-10-07 00:00:00.007000+00:00,1633564800007,2021-10-07T00:00:00.007000+00:00,0.00032087,0.0
2021-10-07 08:00:00.002000+00:00,1633593600002,2021-10-07T08:00:00.002000+00:00,0.00044421,0.0
2021-10-07 16:00:00+00:00,1633622400000,2021-10-07T16:00:00+00:00,0.00048696,0.0
2021-10-08 00:00:00.011000+00:00,1633651200011,2021-10-08T00:00:00.011000+00:00,0.00035957,0.0
2021-10-08 08:00:00.003000+00:00,1633680000003,2021-10-08T08:00:00.003000+00:00,0.00048669,0.0
2021-10-08 16:00:00.002000+00:00,1633708800002,2021-10-08T16:00:00.002000+00:00,0.00054268,0.0
2021-10-09 00:00:00.006000+00:00,1633737600006,2021-10-09T00:00:00.006000+00:00,0.00033883,0.0
2021-10-09 08:00:00.003000+00:00,1633766400003,2021-10-09T08:00:00.003000+00:00,0.00041332,0.0
2021-10-09 16:00:00+00:00,1633795200000,2021-10-09T16:00:00+00:00,0.00029848,0.0
2021-10-10 00:00:00+00:00,1633824000000,2021-10-10T00:00:00+00:00,0.00043259,0.0
2021-10-10 08:00:00.008000+00:00,1633852800008,2021-10-10T08:00:00.008000+00:00,0.00042349,0.0
2021-10-10 16:00:00+00:00,1633881600000,2021-10-10T16:00:00+00:00,0.00057094,0.0
2021-10-11 00:00:00.002000+00:00,1633910400002,2021-10-11T00:00:00.002000+00:00,0.0001,0.0
2021-10-11 08:00:00.001000+00:00,1633939200001,2021-10-11T08:00:00.001000+00:00,0.0001,0.0
2021-10-11 16:00:00.006000+00:00,1633968000006,2021-10-11T16:00:00.006000+00:00,0.00020129,0.0
2021-10-12 00:00:00.008000+00:00,1633996800008,2021-10-12T00:00:00.008000+00:00,0.0001,0.0
2021-10-12 08:00:00.013000+00:00,1634025600013,2021-10-12T08:00:00.013000+00:00,0.0001,0.0
2021-10-12 16:00:00.003000+00:00,1634054400003,2021-10-12T16:00:00.003000+00:00,0.0001,0.0
2021-10-13 00:00:00.003000+00:00,1634083200003,2021-10-13T00:00:00.003000+00:00,0.0001,0.0
2021-10-13 08:00:00.015000+00:00,1634112000015,2021-10-13T08:00:00.015000+00:00,0.0001,0.0
2021-10-13 16:00:00+00:00,1634140800000,2021-10-13T16:00:00+00:00,0.0001,0.0
2021-10-14 00:00:00.011000+00:00,1634169600011,2021-10-14T00:00:00.011000+00:00,0.0001,0.0
2021-10-14 08:00:00.017000+00:00,1634198400017,2021-10-14T08:00:00.017000+00:00,0.0003169,0.0
2021-10-14 16:00:00+00:00,1634227200000,2021-10-14T16:00:00+00:00,0.00037456,0.0
2021-10-15 00:00:00.005000+00:00,1634256000005,2021-10-15T00:00:00.005000+00:00,0.00032938,0.0
2021-10-15 08:00:00.002000+00:00,1634284800002,2021-10-15T08:00:00.002000+00:00,0.00050262,0.0
2021-10-15 16:00:00.005000+00:00,1634313600005,2021-10-15T16:00:00.005000+00:00,0.00041643,0.0
2021-10-16 00:00:00.009000+00:00,1634342400009,2021-10-16T00:00:00.009000+00:00,0.0007005,0.0
2021-10-16 08:00:00+00:00,1634371200000,2021-10-16T08:00:00+00:00,0.00078422,0.0
2021-10-16 16:00:00.003000+00:00,1634400000003,2021-10-16T16:00:00.003000+00:00,0.00034511,0.0
2021-10-17 00:00:00.001000+00:00,1634428800001,2021-10-17T00:00:00.001000+00:00,0.00038681,0.0
2021-10-17 08:00:00.002000+00:00,1634457600002,2021-10-17T08:00:00.002000+00:00,0.00050892,0.0
2021-10-17 16:00:00.002000+00:00,1634486400002,2021-10-17T16:00:00.002000+00:00,0.00046612,0.0
2021-10-18 00:00:00.006000+00:00,1634515200006,2021-10-18T00:00:00.006000+00:00,0.00016462,0.0
2021-10-18 08:00:00.004000+00:00,1634544000004,2021-10-18T08:00:00.004000+00:00,0.00053689,0.0
2021-10-18 16:00:00.001000+00:00,1634572800001,2021-10-18T16:00:00.001000+00:00,0.00078026,0.0
2021-10-19 00:00:00.002000+00:00,1634601600002,2021-10-19T00:00:00.002000+00:00,0.0004474,0.0
2021-10-19 08:00:00+00:00,1634630400000,2021-10-19T08:00:00+00:00,0.0003892,0.0
2021-10-19 16:00:00+00:00,1634659200000,2021-10-19T16:00:00+00:00,0.00046842,0.0
2021-10-20 00:00:00.017000+00:00,1634688000017,2021-10-20T00:00:00.017000+00:00,0.00027303,0.0
2021-10-20 08:00:00.004000+00:00,1634716800004,2021-10-20T08:00:00.004000+00:00,0.00047774,0.0
2021-10-20 16:00:00.020000+00:00,1634745600020,2021-10-20T16:00:00.020000+00:00,0.00042717,0.0
2021-10-21 00:00:00+00:00,1634774400000,2021-10-21T00:00:00+00:00,0.00052495,0.0
2021-10-21 08:00:00+00:00,1634803200000,2021-10-21T08:00:00+00:00,0.0008598,0.0
2021-10-21 16:00:00.008000+00:00,1634832000008,2021-10-21T16:00:00.008000+00:00,0.00061231,0.0
2021-10-22 00:00:00.005000+00:00,1634860800005,2021-10-22T00:00:00.005000+00:00,0.0003174,0.0
2021-10-22 08:00:00.005000+00:00,1634889600005,2021-10-22T08:00:00.005000+00:00,0.00056797,0.0
2021-10-22 16:00:00.018000+00:00,1634918400018,2021-10-22T16:00:00.018000+00:00,0.00043017,0.0
2021-10-23 00:00:00.005000+00:00,1634947200005,2021-10-23T00:00:00.005000+00:00,0.00058354,0.0
2021-10-23 08:00:00.001000+00:00,1634976000001,2021-10-23T08:00:00.001000+00:00,0.0005097,0.0
2021-10-23 16:00:00.004000+00:00,1635004800004,2021-10-23T16:00:00.004000+00:00,0.00051,0.0
2021-10-24 00:00:00.006000+00:00,1635033600006,2021-10-24T00:00:00.006000+00:00,0.00085184,0.0
2021-10-24 08:00:00.012000+00:00,1635062400012,2021-10-24T08:00:00.012000+00:00,0.00086462,0.0
2021-10-24 16:00:00.001000+00:00,1635091200001,2021-10-24T16:00:00.001000+00:00,0.00083881,0.0
2021-10-25 00:00:00.012000+00:00,1635120000012,2021-10-25T00:00:00.012000+00:00,0.0006699,0.0
2021-10-25 08:00:00.002000+00:00,1635148800002,2021-10-25T08:00:00.002000+00:00,0.00060553,0.0
2021-10-25 16:00:00.022000+00:00,1635177600022,2021-10-25T16:00:00.022000+00:00,0.00066,0.0
2021-10-26 00:00:00.005000+00:00,1635206400005,2021-10-26T00:00:00.005000+00:00,0.00066885,0.0
2021-10-26 08:00:00.016000+00:00,1635235200016,2021-10-26T08:00:00.016000+00:00,0.00084469,0.0
2021-10-26 16:00:00+00:00,1635264000000,2021-10-26T16:00:00+00:00,0.0007461,0.0
2021-10-27 00:00:00.004000+00:00,1635292800004,2021-10-27T00:00:00.004000+00:00,0.00043225,0.0
2021-10-27 08:00:00+00:00,1635321600000,2021-10-27T08:00:00+00:00,0.00073485,0.0
2021-10-27 16:00:00.002000+00:00,1635350400002,2021-10-27T16:00:00.002000+00:00,0.0001,0.0
2021-10-28 00:00:00.002000+00:00,1635379200002,2021-10-28T00:00:00.002000+00:00,0.00011048,0.0
2021-10-28 08:00:00+00:00,1635408000000,2021-10-28T08:00:00+00:00,0.0001,0.0
2021-10-28 16:00:00.005000+00:00,1635436800005,2021-10-28T16:00:00.005000+00:00,0.00029341,0.0
2021-10-29 00:00:00+00:00,1635465600000,2021-10-29T00:00:00+00:00,0.00028884,0.0
2021-10-29 08:00:00.007000+00:00,1635494400007,2021-10-29T08:00:00.007000+00:00,0.00046321,0.0
2021-10-29 16:00:00.001000+00:00,1635523200001,2021-10-29T16:00:00.001000+00:00,0.00041302,0.0
2021-10-30 00:00:00+00:00,1635552000000,2021-10-30T00:00:00+00:00,0.00031314,0.0
2021-10-30 08:00:00.001000+00:00,1635580800001,2021-10-30T08:00:00.001000+00:00,0.00059177,0.0
2021-10-30 16:00:00.013000+00:00,1635609600013,2021-10-30T16:00:00.013000+00:00,0.00044672,0.0
2021-10-31 00:00:00.008000+00:00,1635638400008,2021-10-31T00:00:00.008000+00:00,0.00035589,0.0
2021-10-31 08:00:00.010000+00:00,1635667200010,2021-10-31T08:00:00.010000+00:00,0.00062143,0.0
2021-10-31 16:00:00.001000+00:00,1635696000001,2021-10-31T16:00:00.001000+00:00,0.0004012,0.0
2021-11-01 00:00:00.009000+00:00,1635724800009,2021-11-01T00:00:00.009000+00:00,0.00022332,0.0
2021-11-01 08:00:00.014000+00:00,1635753600014,2021-11-01T08:00:00.014000+00:00,0.00056948,0.0
2021-11-01 16:00:00.001000+00:00,1635782400001,2021-11-01T16:00:00.001000+00:00,0.00054972,0.0
2021-11-02 00:00:00+00:00,1635811200000,2021-11-02T00:00:00+00:00,0.00042834,0.0
2021-11-02 08:00:00.007000+00:00,1635840000007,2021-11-02T08:00:00.007000+00:00,0.00058205,0.0
2021-11-02 16:00:00.010000+00:00,1635868800010,2021-11-02T16:00:00.010000+00:00,0.00063368,0.0
2021-11-03 00:00:00.019000+00:00,1635897600019,2021-11-03T00:00:00.019000+00:00,0.00060236,0.0
2021-11-03 08:00:00+00:00,1635926400000,2021-11-03T08:00:00+00:00,0.00069661,0.0
2021-11-03 16:00:00.005000+00:00,1635955200005,2021-11-03T16:00:00.005000+00:00,0.00027232,0.0
2021-11-04 00:00:00.006000+00:00,1635984000006,2021-11-04T00:00:00.006000+00:00,0.00081679,0.0
2021-11-04 08:00:00.004000+00:00,1636012800004,2021-11-04T08:00:00.004000+00:00,0.0007524,0.0
2021-11-04 16:00:00.004000+00:00,1636041600004,2021-11-04T16:00:00.004000+00:00,0.00056931,0.0
2021-11-05 00:00:00+00:00,1636070400000,2021-11-05T00:00:00+00:00,0.00050417,0.0
2021-11-05 08:00:00.013000+00:00,1636099200013,2021-11-05T08:00:00.013000+00:00,0.00052246,0.0
2021-11-05 16:00:00.016000+00:00,1636128000016,2021-11-05T16:00:00.016000+00:00,0.00058701,0.0
2021-11-06 00:00:00.010000+00:00,1636156800010,2021-11-06T00:00:00.010000+00:00,0.00058508,0.0
2021-11-06 08:00:00+00:00,1636185600000,2021-11-06T08:00:00+00:00,0.00048989,0.0
2021-11-06 16:00:00.007000+00:00,1636214400007,2021-11-06T16:00:00.007000+00:00,0.0002534,0.0
2021-11-07 00:00:00.013000+00:00,1636243200013,2021-11-07T00:00:00.013000+00:00,0.00036554,0.0
2021-11-07 08:00:00.005000+00:00,1636272000005,2021-11-07T08:00:00.005000+00:00,0.00058958,0.0
2021-11-07 16:00:00.004000+00:00,1636300800004,2021-11-07T16:00:00.004000+00:00,0.00063263,0.0
2021-11-08 00:00:00.001000+00:00,1636329600001,2021-11-08T00:00:00.001000+00:00,0.0006751,0.0
2021-11-08 08:00:00+00:00,1636358400000,2021-11-08T08:00:00+00:00,0.00067028,0.0
2021-11-08 16:00:00+00:00,1636387200000,2021-11-08T16:00:00+00:00,0.00073579,0.0
2021-11-09 00:00:00+00:00,1636416000000,2021-11-09T00:00:00+00:00,0.00051446,0.0
2021-11-09 08:00:00.014000+00:00,1636444800014,2021-11-09T08:00:00.014000+00:00,0.0004603,0.0
2021-11-09 16:00:00.001000+00:00,1636473600001,2021-11-09T16:00:00.001000+00:00,0.00059972,0.0
2021-11-10 00:00:00+00:00,1636502400000,2021-11-10T00:00:00+00:00,0.00062783,0.0
2021-11-10 08:00:00.003000+00:00,1636531200003,2021-11-10T08:00:00.003000+00:00,0.00046577,0.0
2021-11-10 16:00:00.001000+00:00,1636560000001,2021-11-10T16:00:00.001000+00:00,0.00088314,0.0
2021-11-11 00:00:00.008000+00:00,1636588800008,2021-11-11T00:00:00.008000+00:00,0.0001,0.0
2021-11-11 08:00:00.012000+00:00,1636617600012,2021-11-11T08:00:00.012000+00:00,0.00021812,0.0
2021-11-11 16:00:00.007000+00:00,1636646400007,2021-11-11T16:00:00.007000+00:00,0.00021939,0.0
2021-11-12 00:00:00+00:00,1636675200000,2021-11-12T00:00:00+00:00,0.00042035,0.0
2021-11-12 08:00:00+00:00,1636704000000,2021-11-12T08:00:00+00:00,0.00034392,0.0
2021-11-12 16:00:00.004000+00:00,1636732800004,2021-11-12T16:00:00.004000+00:00,0.00014559,0.0
2021-11-13 00:00:00+00:00,1636761600000,2021-11-13T00:00:00+00:00,0.00012313,0.0
2021-11-13 08:00:00.004000+00:00,1636790400004,2021-11-13T08:00:00.004000+00:00,0.00024047,0.0
2021-11-13 16:00:00.006000+00:00,1636819200006,2021-11-13T16:00:00.006000+00:00,0.00019753,0.0
2021-11-14 00:00:00.010000+00:00,1636848000010,2021-11-14T00:00:00.010000+00:00,0.00011616,0.0
2021-11-14 08:00:00.001000+00:00,1636876800001,2021-11-14T08:00:00.001000+00:00,0.00014711,0.0
2021-11-14 16:00:00+00:00,1636905600000,2021-11-14T16:00:00+00:00,0.00026823,0.0
2021-11-15 00:00:00.008000+00:00,1636934400008,2021-11-15T00:00:00.008000+00:00,0.00028792,0.0
2021-11-15 08:00:00+00:00,1636963200000,2021-11-15T08:00:00+00:00,0.00034448,0.0
2021-11-15 16:00:00+00:00,1636992000000,2021-11-15T16:00:00+00:00,0.00018981,0.0
2021-11-16 00:00:00+00:00,1637020800000,2021-11-16T00:00:00+00:00,0.00029746,0.0
2021-11-16 08:00:00.001000+00:00,1637049600001,2021-11-16T08:00:00.001000+00:00,0.0001,0.0
2021-11-16 16:00:00.018000+00:00,1637078400018,2021-11-16T16:00:00.018000+00:00,0.0001,0.0
2021-11-17 00:00:00.005000+00:00,1637107200005,2021-11-17T00:00:00.005000+00:00,0.0001,0.0
2021-11-17 08:00:00.007000+00:00,1637136000007,2021-11-17T08:00:00.007000+00:00,0.0001,0.0
2021-11-17 16:00:00.003000+00:00,1637164800003,2021-11-17T16:00:00.003000+00:00,0.0001,0.0
2021-11-18 00:00:00.017000+00:00,1637193600017,2021-11-18T00:00:00.017000+00:00,0.0001,0.0
2021-11-18 08:00:00.007000+00:00,1637222400007,2021-11-18T08:00:00.007000+00:00,0.0001,0.0
2021-11-18 16:00:00.011000+00:00,1637251200011,2021-11-18T16:00:00.011000+00:00,0.0001,0.0
2021-11-19 00:00:00+00:00,1637280000000,2021-11-19T00:00:00+00:00,0.0001,0.0
2021-11-19 08:00:00+00:00,1637308800000,2021-11-19T08:00:00+00:00,0.0001,0.0
2021-11-19 16:00:00.005000+00:00,1637337600005,2021-11-19T16:00:00.005000+00:00,0.0001,0.0
2021-11-20 00:00:00.012000+00:00,1637366400012,2021-11-20T00:00:00.012000+00:00,0.0001,0.0
2021-11-20 08:00:00+00:00,1637395200000,2021-11-20T08:00:00+00:00,0.0001,0.0
2021-11-20 16:00:00.007000+00:00,1637424000007,2021-11-20T16:00:00.007000+00:00,0.0001,0.0
2021-11-21 00:00:00+00:00,1637452800000,2021-11-21T00:00:00+00:00,0.0001,0.0
2021-11-21 08:00:00.006000+00:00,1637481600006,2021-11-21T08:00:00.006000+00:00,0.0001,0.0
2021-11-21 16:00:00+00:00,1637510400000,2021-11-21T16:00:00+00:00,0.0001,0.0
2021-11-22 00:00:00.004000+00:00,1637539200004,2021-11-22T00:00:00.004000+00:00,0.0001,0.0
2021-11-22 08:00:00+00:00,1637568000000,2021-11-22T08:00:00+00:00,0.0001,0.0
2021-11-22 16:00:00+00:00,1637596800000,2021-11-22T16:00:00+00:00,0.0001,0.0
2021-11-23 00:00:00.004000+00:00,1637625600004,2021-11-23T00:00:00.004000+00:00,0.0001,0.0
2021-11-23 08:00:00.010000+00:00,1637654400010,2021-11-23T08:00:00.010000+00:00,0.0001,0.0
2021-11-23 16:00:00.005000+00:00,1637683200005,2021-11-23T16:00:00.005000+00:00,0.0001,0.0
2021-11-24 00:00:00.001000+00:00,1637712000001,2021-11-24T00:00:00.001000+00:00,0.00018602,0.0
2021-11-24 08:00:00.003000+00:00,1637740800003,2021-11-24T08:00:00.003000+00:00,0.0001435,0.0
2021-11-24 16:00:00.010000+00:00,1637769600010,2021-11-24T16:00:00.010000+00:00,0.0001,0.0
2021-11-25 00:00:00+00:00,1637798400000,2021-11-25T00:00:00+00:00,0.0001,0.0
2021-11-25 08:00:00.010000+00:00,1637827200010,2021-11-25T08:00:00.010000+00:00,0.00017334,0.0
2021-11-25 16:00:00+00:00,1637856000000,2021-11-25T16:00:00+00:00,0.00010681,0.0
2021-11-26 00:00:00+00:00,1637884800000,2021-11-26T00:00:00+00:00,0.00034842,0.0
2021-11-26 08:00:00+00:00,1637913600000,2021-11-26T08:00:00+00:00,0.0001,0.0
2021-11-26 16:00:00.016000+00:00,1637942400016,2021-11-26T16:00:00.016000+00:00,0.0001,0.0
2021-11-27 00:00:00.005000+00:00,1637971200005,2021-11-27T00:00:00.005000+00:00,0.0001,0.0
2021-11-27 08:00:00.008000+00:00,1638000000008,2021-11-27T08:00:00.008000+00:00,0.0001,0.0
2021-11-27 16:00:00.007000+00:00,1638028800007,2021-11-27T16:00:00.007000+00:00,0.0001,0.0
2021-11-28 00:00:00.018000+00:00,1638057600018,2021-11-28T00:00:00.018000+00:00,0.0001,0.0
2021-11-28 08:00:00+00:00,1638086400000,2021-11-28T08:00:00+00:00,0.0001,0.0
2021-11-28 16:00:00.004000+00:00,1638115200004,2021-11-28T16:00:00.004000+00:00,0.0001,0.0
2021-11-29 00:00:00.002000+00:00,1638144000002,2021-11-29T00:00:00.002000+00:00,0.0001,0.0
2021-11-29 08:00:00.004000+00:00,1638172800004,2021-11-29T08:00:00.004000+00:00,0.0001,0.0
2021-11-29 16:00:00+00:00,1638201600000,2021-11-29T16:00:00+00:00,0.0001,0.0
2021-11-30 00:00:00+00:00,1638230400000,2021-11-30T00:00:00+00:00,0.0001,0.0
2021-11-30 08:00:00.006000+00:00,1638259200006,2021-11-30T08:00:00.006000+00:00,0.0001,0.0
2021-11-30 16:00:00+00:00,1638288000000,2021-11-30T16:00:00+00:00,0.0001,0.0
2021-12-01 00:00:00+00:00,1638316800000,2021-12-01T00:00:00+00:00,0.0001,0.0
2021-12-01 08:00:00+00:00,1638345600000,2021-12-01T08:00:00+00:00,0.0001,0.0
2021-12-01 16:00:00.001000+00:00,1638374400001,2021-12-01T16:00:00.001000+00:00,0.0001,0.0
2021-12-02 00:00:00+00:00,1638403200000,2021-12-02T00:00:00+00:00,0.0001,0.0
2021-12-02 08:00:00.007000+00:00,1638432000007,2021-12-02T08:00:00.007000+00:00,0.0001,0.0
2021-12-02 16:00:00.008000+00:00,1638460800008,2021-12-02T16:00:00.008000+00:00,0.0001,0.0
2021-12-03 00:00:00.004000+00:00,1638489600004,2021-12-03T00:00:00.004000+00:00,0.0001,0.0
2021-12-03 08:00:00.002000+00:00,1638518400002,2021-12-03T08:00:00.002000+00:00,0.0001,0.0
2021-12-03 16:00:00.006000+00:00,1638547200006,2021-12-03T16:00:00.006000+00:00,0.0001,0.0
2021-12-04 00:00:00.006000+00:00,1638576000006,2021-12-04T00:00:00.006000+00:00,0.0001,0.0
2021-12-04 08:00:00.004000+00:00,1638604800004,2021-12-04T08:00:00.004000+00:00,-0.00121599,0.0
2021-12-04 16:00:00+00:00,1638633600000,2021-12-04T16:00:00+00:00,-3.885e-05,0.0
2021-12-05 00:00:00.003000+00:00,1638662400003,2021-12-05T00:00:00.003000+00:00,1.938e-05,0.0
2021-12-05 08:00:00.008000+00:00,1638691200008,2021-12-05T08:00:00.008000+00:00,0.0001,0.0
2021-12-05 16:00:00.007000+00:00,1638720000007,2021-12-05T16:00:00.007000+00:00,9.827e-05,0.0
2021-12-06 00:00:00.009000+00:00,1638748800009,2021-12-06T00:00:00.009000+00:00,-6.379e-05,0.0
2021-12-06 08:00:00.001000+00:00,1638777600001,2021-12-06T08:00:00.001000+00:00,-3.727e-05,0.0
2021-12-06 16:00:00+00:00,1638806400000,2021-12-06T16:00:00+00:00,9.2e-05,0.0
2021-12-07 00:00:00.018000+00:00,1638835200018,2021-12-07T00:00:00.018000+00:00,5.857e-05,0.0
2021-12-07 08:00:00+00:00,1638864000000,2021-12-07T08:00:00+00:00,7.909e-05,0.0
2021-12-07 16:00:00+00:00,1638892800000,2021-12-07T16:00:00+00:00,-6.572e-05,0.0
2021-12-08 00:00:00+00:00,1638921600000,2021-12-08T00:00:00+00:00,-3.678e-05,0.0
2021-12-08 08:00:00.018000+00:00,1638950400018,2021-12-08T08:00:00.018000+00:00,3.584e-05,0.0
2021-12-08 16:00:00.010000+00:00,1638979200010,2021-12-08T16:00:00.010000+00:00,6.803e-05,0.0
2021-12-09 00:00:00.010000+00:00,1639008000010,2021-12-09T00:00:00.010000+00:00,0.0001,0.0
2021-12-09 08:00:00+00:00,1639036800000,2021-12-09T08:00:00+00:00,-6.299e-05,0.0
2021-12-09 16:00:00+00:00,1639065600000,2021-12-09T16:00:00+00:00,-6.876e-05,0.0
2021-12-10 00:00:00+00:00,1639094400000,2021-12-10T00:00:00+00:00,9.775e-05,0.0
2021-12-10 08:00:00.008000+00:00,1639123200008,2021-12-10T08:00:00.008000+00:00,0.0001,0.0
2021-12-10 16:00:00.012000+00:00,1639152000012,2021-12-10T16:00:00.012000+00:00,-4.101e-05,0.0
2021-12-11 00:00:00.009000+00:00,1639180800009,2021-12-11T00:00:00.009000+00:00,0.0001,0.0
2021-12-11 08:00:00.008000+00:00,1639209600008,2021-12-11T08:00:00.008000+00:00,8.706e-05,0.0
2021-12-11 16:00:00+00:00,1639238400000,2021-12-11T16:00:00+00:00,4.11e-05,0.0
2021-12-12 00:00:00.001000+00:00,1639267200001,2021-12-12T00:00:00.001000+00:00,6.733e-05,0.0
2021-12-12 08:00:00.015000+00:00,1639296000015,2021-12-12T08:00:00.015000+00:00,5.208e-05,0.0
2021-12-12 16:00:00.011000+00:00,1639324800011,2021-12-12T16:00:00.011000+00:00,5.962e-05,0.0
2021-12-13 00:00:00.006000+00:00,1639353600006,2021-12-13T00:00:00.006000+00:00,6.573e-05,0.0
2021-12-13 08:00:00.019000+00:00,1639382400019,2021-12-13T08:00:00.019000+00:00,4.002e-05,0.0
2021-12-13 16:00:00+00:00,1639411200000,2021-12-13T16:00:00+00:00,-4.542e-05,0.0
2021-12-14 00:00:00.004000+00:00,1639440000004,2021-12-14T00:00:00.004000+00:00,-0.00019515,0.0
2021-12-14 08:00:00+00:00,1639468800000,2021-12-14T08:00:00+00:00,7.746e-05,0.0
2021-12-14 16:00:00.015000+00:00,1639497600015,2021-12-14T16:00:00.015000+00:00,9.385e-05,0.0
2021-12-15 00:00:00+00:00,1639526400000,2021-12-15T00:00:00+00:00,-7.596e-05,0.0
2021-12-15 08:00:00.008000+00:00,1639555200008,2021-12-15T08:00:00.008000+00:00,0.0001,0.0
2021-12-15 16:00:00.005000+00:00,1639584000005,2021-12-15T16:00:00.005000+00:00,0.0001,0.0
2021-12-16 00:00:00.006000+00:00,1639612800006,2021-12-16T00:00:00.006000+00:00,0.0001,0.0
2021-12-16 08:00:00.009000+00:00,1639641600009,2021-12-16T08:00:00.009000+00:00,0.0001,0.0
2021-12-16 16:00:00+00:00,1639670400000,2021-12-16T16:00:00+00:00,0.0001,0.0
2021-12-17 00:00:00+00:00,1639699200000,2021-12-17T00:00:00+00:00,0.0001,0.0
2021-12-17 08:00:00.005000+00:00,1639728000005,2021-12-17T08:00:00.005000+00:00,0.0001,0.0
2021-12-17 16:00:00.006000+00:00,1639756800006,2021-12-17T16:00:00.006000+00:00,0.0001,0.0
2021-12-18 00:00:00.014000+00:00,1639785600014,2021-12-18T00:00:00.014000+00:00,0.0001,0.0
2021-12-18 08:00:00.012000+00:00,1639814400012,2021-12-18T08:00:00.012000+00:00,0.0001,0.0
2021-12-18 16:00:00+00:00,1639843200000,2021-12-18T16:00:00+00:00,0.0001,0.0
2021-12-19 00:00:00.031000+00:00,1639872000031,2021-12-19T00:00:00.031000+00:00,0.0001,0.0
2021-12-19 08:00:00+00:00,1639900800000,2021-12-19T08:00:00+00:00,0.0001,0.0
2021-12-19 16:00:00.003000+00:00,1639929600003,2021-12-19T16:00:00.003000+00:00,0.0001,0.0
2021-12-20 00:00:00.015000+00:00,1639958400015,2021-12-20T00:00:00.015000+00:00,0.0001,0.0
2021-12-20 08:00:00.007000+00:00,1639987200007,2021-12-20T08:00:00.007000+00:00,0.0001,0.0
2021-12-20 16:00:00.005000+00:00,1640016000005,2021-12-20T16:00:00.005000+00:00,1.99e-05,0.0
2021-12-21 00:00:00.003000+00:00,1640044800003,2021-12-21T00:00:00.003000+00:00,1.142e-05,0.0
2021-12-21 08:00:00.012000+00:00,1640073600012,2021-12-21T08:00:00.012000+00:00,8.44e-06,0.0
2021-12-21 16:00:00.005000+00:00,1640102400005,2021-12-21T16:00:00.005000+00:00,0.0001,0.0
2021-12-22 00:00:00+00:00,1640131200000,2021-12-22T00:00:00+00:00,0.0001,0.0
2021-12-22 08:00:00.001000+00:00,1640160000001,2021-12-22T08:00:00.001000+00:00,0.0001,0.0
2021-12-22 16:00:00.006000+00:00,1640188800006,2021-12-22T16:00:00.006000+00:00,0.0001,0.0
2021-12-23 00:00:00.011000+00:00,1640217600011,2021-12-23T00:00:00.011000+00:00,0.0001,0.0
2021-12-23 08:00:00+00:00,1640246400000,2021-12-23T08:00:00+00:00,0.0001,0.0
2021-12-23 16:00:00+00:00,1640275200000,2021-12-23T16:00:00+00:00,0.0001,0.0
2021-12-24 00:00:00.005000+00:00,1640304000005,2021-12-24T00:00:00.005000+00:00,0.0001,0.0
2021-12-24 08:00:00+00:00,1640332800000,2021-12-24T08:00:00+00:00,0.0001,0.0
2021-12-24 16:00:00.011000+00:00,1640361600011,2021-12-24T16:00:00.011000+00:00,0.0001,0.0
2021-12-25 00:00:00+00:00,1640390400000,2021-12-25T00:00:00+00:00,0.0001,0.0
2021-12-25 08:00:00.001000+00:00,1640419200001,2021-12-25T08:00:00.001000+00:00,0.0001,0.0
2021-12-25 16:00:00.005000+00:00,1640448000005,2021-12-25T16:00:00.005000+00:00,0.0001,0.0
2021-12-26 00:00:00.004000+00:00,1640476800004,2021-12-26T00:00:00.004000+00:00,0.0001,0.0
2021-12-26 08:00:00.002000+00:00,1640505600002,2021-12-26T08:00:00.002000+00:00,0.0001,0.0
2021-12-26 16:00:00+00:00,1640534400000,2021-12-26T16:00:00+00:00,0.0001,0.0
2021-12-27 00:00:00.002000+00:00,1640563200002,2021-12-27T00:00:00.002000+00:00,0.0001,0.0
2021-12-27 08:00:00.005000+00:00,1640592000005,2021-12-27T08:00:00.005000+00:00,0.0001,0.0
2021-12-27 16:00:00+00:00,1640620800000,2021-12-27T16:00:00+00:00,0.0001,0.0
2021-12-28 00:00:00+00:00,1640649600000,2021-12-28T00:00:00+00:00,0.0001,0.0
2021-12-28 08:00:00.012000+00:00,1640678400012,2021-12-28T08:00:00.012000+00:00,0.0001,0.0
2021-12-28 16:00:00+00:00,1640707200000,2021-12-28T16:00:00+00:00,0.0001,0.0
2021-12-29 00:00:00.006000+00:00,1640736000006,2021-12-29T00:00:00.006000+00:00,6.869e-05,0.0
2021-12-29 08:00:00.003000+00:00,1640764800003,2021-12-29T08:00:00.003000+00:00,0.0001,0.0
2021-12-29 16:00:00.004000+00:00,1640793600004,2021-12-29T16:00:00.004000+00:00,0.0001,0.0
2021-12-30 00:00:00.003000+00:00,1640822400003,2021-12-30T00:00:00.003000+00:00,0.0001,0.0
2021-12-30 08:00:00.001000+00:00,1640851200001,2021-12-30T08:00:00.001000+00:00,0.0001,0.0
2021-12-30 16:00:00.017000+00:00,1640880000017,2021-12-30T16:00:00.017000+00:00,0.0001,0.0
2021-12-31 00:00:00.006000+00:00,1640908800006,2021-12-31T00:00:00.006000+00:00,0.0001,0.0
2021-12-31 08:00:00.009000+00:00,1640937600009,2021-12-31T08:00:00.009000+00:00,0.0001,0.0
2021-12-31 16:00:00+00:00,1640966400000,2021-12-31T16:00:00+00:00,0.0001,0.0
2022-01-01 00:00:00.006000+00:00,1640995200006,2022-01-01T00:00:00.006000+00:00,0.0001,0.0
2022-01-01 08:00:00.009000+00:00,1641024000009,2022-01-01T08:00:00.009000+00:00,0.0001,0.0
2022-01-01 16:00:00+00:00,1641052800000,2022-01-01T16:00:00+00:00,0.0001,0.0
2022-01-02 00:00:00.028000+00:00,1641081600028,2022-01-02T00:00:00.028000+00:00,0.0001,0.0
2022-01-02 08:00:00+00:00,1641110400000,2022-01-02T08:00:00+00:00,0.0001,0.0
2022-01-02 16:00:00+00:00,1641139200000,2022-01-02T16:00:00+00:00,0.0001,0.0
2022-01-03 00:00:00.010000+00:00,1641168000010,2022-01-03T00:00:00.010000+00:00,0.0001,0.0
2022-01-03 08:00:00.013000+00:00,1641196800013,2022-01-03T08:00:00.013000+00:00,0.0001,0.0
2022-01-03 16:00:00.018000+00:00,1641225600018,2022-01-03T16:00:00.018000+00:00,0.0001,0.0
2022-01-04 00:00:00+00:00,1641254400000,2022-01-04T00:00:00+00:00,0.0001,0.0
2022-01-04 08:00:00.010000+00:00,1641283200010,2022-01-04T08:00:00.010000+00:00,0.0001,0.0
2022-01-04 16:00:00.002000+00:00,1641312000002,2022-01-04T16:00:00.002000+00:00,0.0001,0.0
2022-01-05 00:00:00.001000+00:00,1641340800001,2022-01-05T00:00:00.001000+00:00,0.0001,0.0
2022-01-05 08:00:00.017000+00:00,1641369600017,2022-01-05T08:00:00.017000+00:00,0.0001,0.0
2022-01-05 16:00:00+00:00,1641398400000,2022-01-05T16:00:00+00:00,0.0001,0.0
2022-01-06 00:00:00.002000+00:00,1641427200002,2022-01-06T00:00:00.002000+00:00,-0.000283,0.0
2022-01-06 08:00:00.021000+00:00,1641456000021,2022-01-06T08:00:00.021000+00:00,-6.991e-05,0.0
2022-01-06 16:00:00.006000+00:00,1641484800006,2022-01-06T16:00:00.006000+00:00,8.787e-05,0.0
2022-01-07 00:00:00.005000+00:00,1641513600005,2022-01-07T00:00:00.005000+00:00,-2.463e-05,0.0
2022-01-07 08:00:00+00:00,1641542400000,2022-01-07T08:00:00+00:00,-0.00014537,0.0
2022-01-07 16:00:00.001000+00:00,1641571200001,2022-01-07T16:00:00.001000+00:00,-9.159e-05,0.0
2022-01-08 00:00:00.014000+00:00,1641600000014,2022-01-08T00:00:00.014000+00:00,0.0001,0.0
2022-01-08 08:00:00.013000+00:00,1641628800013,2022-01-08T08:00:00.013000+00:00,0.0001,0.0
2022-01-08 16:00:00+00:00,1641657600000,2022-01-08T16:00:00+00:00,-2.39e-05,0.0
2022-01-09 00:00:00.003000+00:00,1641686400003,2022-01-09T00:00:00.003000+00:00,-0.00013985,0.0
2022-01-09 08:00:00+00:00,1641715200000,2022-01-09T08:00:00+00:00,-4.159e-05,0.0
2022-01-09 16:00:00+00:00,1641744000000,2022-01-09T16:00:00+00:00,-0.0001026,0.0
2022-01-10 00:00:00+00:00,1641772800000,2022-01-10T00:00:00+00:00,-0.0002303,0.0
2022-01-10 08:00:00.010000+00:00,1641801600010,2022-01-10T08:00:00.010000+00:00,-0.0001475,0.0
2022-01-10 16:00:00.007000+00:00,1641830400007,2022-01-10T16:00:00.007000+00:00,-0.00037477,0.0
2022-01-11 00:00:00.013000+00:00,1641859200013,2022-01-11T00:00:00.013000+00:00,-0.000264,0.0
2022-01-11 08:00:00.004000+00:00,1641888000004,2022-01-11T08:00:00.004000+00:00,9.216e-05,0.0
2022-01-11 16:00:00+00:00,1641916800000,2022-01-11T16:00:00+00:00,1.895e-05,0.0
2022-01-12 00:00:00.012000+00:00,1641945600012,2022-01-12T00:00:00.012000+00:00,-1.57e-05,0.0
2022-01-12 08:00:00.015000+00:00,1641974400015,2022-01-12T08:00:00.015000+00:00,1.363e-05,0.0
2022-01-12 16:00:00+00:00,1642003200000,2022-01-12T16:00:00+00:00,-0.00014556,0.0
2022-01-13 00:00:00.007000+00:00,1642032000007,2022-01-13T00:00:00.007000+00:00,0.0001,0.0
2022-01-13 08:00:00+00:00,1642060800000,2022-01-13T08:00:00+00:00,0.0001,0.0
2022-01-13 16:00:00.014000+00:00,1642089600014,2022-01-13T16:00:00.014000+00:00,0.0001,0.0
2022-01-14 00:00:00+00:00,1642118400000,2022-01-14T00:00:00+00:00,0.0001,0.0
2022-01-14 08:00:00.006000+00:00,1642147200006,2022-01-14T08:00:00.006000+00:00,0.0001,0.0
2022-01-14 16:00:00.014000+00:00,1642176000014,2022-01-14T16:00:00.014000+00:00,-0.00017804,0.0
2022-01-15 00:00:00+00:00,1642204800000,2022-01-15T00:00:00+00:00,0.0001,0.0
2022-01-15 08:00:00.002000+00:00,1642233600002,2022-01-15T08:00:00.002000+00:00,0.0001,0.0
2022-01-15 16:00:00+00:00,1642262400000,2022-01-15T16:00:00+00:00,0.0001,0.0
2022-01-16 00:00:00+00:00,1642291200000,2022-01-16T00:00:00+00:00,0.0001,0.0
2022-01-16 08:00:00.017000+00:00,1642320000017,2022-01-16T08:00:00.017000+00:00,0.0001,0.0
2022-01-16 16:00:00.011000+00:00,1642348800011,2022-01-16T16:00:00.011000+00:00,0.0001,0.0
2022-01-17 00:00:00.005000+00:00,1642377600005,2022-01-17T00:00:00.005000+00:00,0.0001,0.0
2022-01-17 08:00:00.006000+00:00,1642406400006,2022-01-17T08:00:00.006000+00:00,0.0001,0.0
2022-01-17 16:00:00.012000+00:00,1642435200012,2022-01-17T16:00:00.012000+00:00,0.0001,0.0
2022-01-18 00:00:00.020000+00:00,1642464000020,2022-01-18T00:00:00.020000+00:00,0.0001,0.0
2022-01-18 08:00:00+00:00,1642492800000,2022-01-18T08:00:00+00:00,0.0001,0.0
2022-01-18 16:00:00.013000+00:00,1642521600013,2022-01-18T16:00:00.013000+00:00,0.0001,0.0
2022-01-19 00:00:00.001000+00:00,1642550400001,2022-01-19T00:00:00.001000+00:00,5.127e-05,0.0
2022-01-19 08:00:00+00:00,1642579200000,2022-01-19T08:00:00+00:00,9.778e-05,0.0
2022-01-19 16:00:00+00:00,1642608000000,2022-01-19T16:00:00+00:00,0.0001,0.0
2022-01-20 00:00:00.015000+00:00,1642636800015,2022-01-20T00:00:00.015000+00:00,0.0001,0.0
2022-01-20 08:00:00+00:00,1642665600000,2022-01-20T08:00:00+00:00,0.0001,0.0
2022-01-20 16:00:00+00:00,1642694400000,2022-01-20T16:00:00+00:00,0.0001,0.0
2022-01-21 00:00:00.007000+00:00,1642723200007,2022-01-21T00:00:00.007000+00:00,-0.00020174,0.0
2022-01-21 08:00:00.015000+00:00,1642752000015,2022-01-21T08:00:00.015000+00:00,-0.00019908,0.0
2022-01-21 16:00:00+00:00,1642780800000,2022-01-21T16:00:00+00:00,6.641e-05,0.0
2022-01-22 00:00:00.017000+00:00,1642809600017,2022-01-22T00:00:00.017000+00:00,-2.29e-06,0.0
2022-01-22 08:00:00.003000+00:00,1642838400003,2022-01-22T08:00:00.003000+00:00,-0.00029717,0.0
2022-01-22 16:00:00.021000+00:00,1642867200021,2022-01-22T16:00:00.021000+00:00,-0.00039253,0.0
2022-01-23 00:00:00.026000+00:00,1642896000026,2022-01-23T00:00:00.026000+00:00,-0.00022543,0.0
2022-01-23 08:00:00.010000+00:00,1642924800010,2022-01-23T08:00:00.010000+00:00,-0.0002059,0.0
2022-01-23 16:00:00.009000+00:00,1642953600009,2022-01-23T16:00:00.009000+00:00,-0.00018487,0.0
2022-01-24 00:00:00.010000+00:00,1642982400010,2022-01-24T00:00:00.010000+00:00,-1.439e-05,0.0
2022-01-24 08:00:00+00:00,1643011200000,2022-01-24T08:00:00+00:00,-7.567e-05,0.0
2022-01-24 16:00:00.021000+00:00,1643040000021,2022-01-24T16:00:00.021000+00:00,-4.654e-05,0.0
2022-01-25 00:00:00+00:00,1643068800000,2022-01-25T00:00:00+00:00,-0.00016899,0.0
2022-01-25 08:00:00+00:00,1643097600000,2022-01-25T08:00:00+00:00,9.235e-05,0.0
2022-01-25 16:00:00.012000+00:00,1643126400012,2022-01-25T16:00:00.012000+00:00,-8.075e-05,0.0
2022-01-26 00:00:00+00:00,1643155200000,2022-01-26T00:00:00+00:00,-0.00011949,0.0
2022-01-26 08:00:00.001000+00:00,1643184000001,2022-01-26T08:00:00.001000+00:00,-0.00015684,0.0
2022-01-26 16:00:00.005000+00:00,1643212800005,2022-01-26T16:00:00.005000+00:00,-4.73e-05,0.0
2022-01-27 00:00:00.004000+00:00,1643241600004,2022-01-27T00:00:00.004000+00:00,-0.00012216,0.0
2022-01-27 08:00:00.004000+00:00,1643270400004,2022-01-27T08:00:00.004000+00:00,-2.955e-05,0.0
2022-01-27 16:00:00.019000+00:00,1643299200019,2022-01-27T16:00:00.019000+00:00,-3.391e-05,0.0
2022-01-28 00:00:00+00:00,1643328000000,2022-01-28T00:00:00+00:00,-0.00017111,0.0
2022-01-28 08:00:00+00:00,1643356800000,2022-01-28T08:00:00+00:00,-0.00011091,0.0
2022-01-28 16:00:00.025000+00:00,1643385600025,2022-01-28T16:00:00.025000+00:00,9.832e-05,0.0
2022-01-29 00:00:00.017000+00:00,1643414400017,2022-01-29T00:00:00.017000+00:00,-2.935e-05,0.0
2022-01-29 08:00:00+00:00,1643443200000,2022-01-29T08:00:00+00:00,7.566e-05,0.0
2022-01-29 16:00:00.013000+00:00,1643472000013,2022-01-29T16:00:00.013000+00:00,0.0001,0.0
2022-01-30 00:00:00.025000+00:00,1643500800025,2022-01-30T00:00:00.025000+00:00,7.964e-05,0.0
2022-01-30 08:00:00.009000+00:00,1643529600009,2022-01-30T08:00:00.009000+00:00,0.0001,0.0
2022-01-30 16:00:00+00:00,1643558400000,2022-01-30T16:00:00+00:00,3.498e-05,0.0
2022-01-31 00:00:00+00:00,1643587200000,2022-01-31T00:00:00+00:00,-4.692e-05,0.0
2022-01-31 08:00:00+00:00,1643616000000,2022-01-31T08:00:00+00:00,-0.00015712,0.0
2022-01-31 16:00:00+00:00,1643644800000,2022-01-31T16:00:00+00:00,-0.00013889,0.0
2022-02-01 00:00:00.010000+00:00,1643673600010,2022-02-01T00:00:00.010000+00:00,8.181e-05,0.0
2022-02-01 08:00:00+00:00,1643702400000,2022-02-01T08:00:00+00:00,0.0001,0.0
2022-02-01 16:00:00.004000+00:00,1643731200004,2022-02-01T16:00:00.004000+00:00,6.27e-05,0.0
2022-02-02 00:00:00.004000+00:00,1643760000004,2022-02-02T00:00:00.004000+00:00,7.433e-05,0.0
2022-02-02 08:00:00+00:00,1643788800000,2022-02-02T08:00:00+00:00,8.686e-05,0.0
2022-02-02 16:00:00.002000+00:00,1643817600002,2022-02-02T16:00:00.002000+00:00,0.0001,0.0
2022-02-03 00:00:00.002000+00:00,1643846400002,2022-02-03T00:00:00.002000+00:00,-0.00013057,0.0
2022-02-03 08:00:00+00:00,1643875200000,2022-02-03T08:00:00+00:00,-0.00021828,0.0
2022-02-03 16:00:00+00:00,1643904000000,2022-02-03T16:00:00+00:00,3.476e-05,0.0
2022-02-04 00:00:00.018000+00:00,1643932800018,2022-02-04T00:00:00.018000+00:00,-0.00017933,0.0
2022-02-04 08:00:00.005000+00:00,1643961600005,2022-02-04T08:00:00.005000+00:00,-0.00022377,0.0
2022-02-04 16:00:00.010000+00:00,1643990400010,2022-02-04T16:00:00.010000+00:00,7.199e-05,0.0
2022-02-05 00:00:00.014000+00:00,1644019200014,2022-02-05T00:00:00.014000+00:00,0.0001,0.0
2022-02-05 08:00:00+00:00,1644048000000,2022-02-05T08:00:00+00:00,0.0001,0.0
2022-02-05 16:00:00+00:00,1644076800000,2022-02-05T16:00:00+00:00,0.0001,0.0
2022-02-06 00:00:00+00:00,1644105600000,2022-02-06T00:00:00+00:00,0.0001,0.0
2022-02-06 08:00:00+00:00,1644134400000,2022-02-06T08:00:00+00:00,0.0001,0.0
2022-02-06 16:00:00+00:00,1644163200000,2022-02-06T16:00:00+00:00,6.821e-05,0.0
2022-02-07 00:00:00.003000+00:00,1644192000003,2022-02-07T00:00:00.003000+00:00,4.035e-05,0.0
2022-02-07 08:00:00.014000+00:00,1644220800014,2022-02-07T08:00:00.014000+00:00,0.0001,0.0
2022-02-07 16:00:00.003000+00:00,1644249600003,2022-02-07T16:00:00.003000+00:00,0.0001,0.0
2022-02-08 00:00:00.001000+00:00,1644278400001,2022-02-08T00:00:00.001000+00:00,7.065e-05,0.0
2022-02-08 08:00:00.003000+00:00,1644307200003,2022-02-08T08:00:00.003000+00:00,0.0001,0.0
2022-02-08 16:00:00.002000+00:00,1644336000002,2022-02-08T16:00:00.002000+00:00,0.0001,0.0
2022-02-09 00:00:00+00:00,1644364800000,2022-02-09T00:00:00+00:00,-3.519e-05,0.0
2022-02-09 08:00:00.005000+00:00,1644393600005,2022-02-09T08:00:00.005000+00:00,0.0001,0.0
2022-02-09 16:00:00.001000+00:00,1644422400001,2022-02-09T16:00:00.001000+00:00,0.0001,0.0
2022-02-10 00:00:00.012000+00:00,1644451200012,2022-02-10T00:00:00.012000+00:00,0.0001,0.0
2022-02-10 08:00:00+00:00,1644480000000,2022-02-10T08:00:00+00:00,0.0001,0.0
2022-02-10 16:00:00.006000+00:00,1644508800006,2022-02-10T16:00:00.006000+00:00,3.379e-05,0.0
2022-02-11 00:00:00+00:00,1644537600000,2022-02-11T00:00:00+00:00,3.677e-05,0.0
2022-02-11 08:00:00.009000+00:00,1644566400009,2022-02-11T08:00:00.009000+00:00,-4.601e-05,0.0
2022-02-11 16:00:00.015000+00:00,1644595200015,2022-02-11T16:00:00.015000+00:00,0.0001,0.0
2022-02-12 00:00:00.020000+00:00,1644624000020,2022-02-12T00:00:00.020000+00:00,-0.00019164,0.0
2022-02-12 08:00:00.001000+00:00,1644652800001,2022-02-12T08:00:00.001000+00:00,-0.00014116,0.0
2022-02-12 16:00:00.007000+00:00,1644681600007,2022-02-12T16:00:00.007000+00:00,0.0001,0.0
2022-02-13 00:00:00.022000+00:00,1644710400022,2022-02-13T00:00:00.022000+00:00,-3.961e-05,0.0
2022-02-13 08:00:00.001000+00:00,1644739200001,2022-02-13T08:00:00.001000+00:00,-8.77e-06,0.0
2022-02-13 16:00:00.007000+00:00,1644768000007,2022-02-13T16:00:00.007000+00:00,-0.00010107,0.0
2022-02-14 00:00:00.005000+00:00,1644796800005,2022-02-14T00:00:00.005000+00:00,-7.045e-05,0.0
2022-02-14 08:00:00.013000+00:00,1644825600013,2022-02-14T08:00:00.013000+00:00,-2.337e-05,0.0
2022-02-14 16:00:00.019000+00:00,1644854400019,2022-02-14T16:00:00.019000+00:00,-6.001e-05,0.0
2022-02-15 00:00:00.012000+00:00,1644883200012,2022-02-15T00:00:00.012000+00:00,-2.76e-05,0.0
2022-02-15 08:00:00.005000+00:00,1644912000005,2022-02-15T08:00:00.005000+00:00,-0.00016633,0.0
2022-02-15 16:00:00.011000+00:00,1644940800011,2022-02-15T16:00:00.011000+00:00,0.0001,0.0
2022-02-16 00:00:00.009000+00:00,1644969600009,2022-02-16T00:00:00.009000+00:00,0.0001,0.0
2022-02-16 08:00:00.001000+00:00,1644998400001,2022-02-16T08:00:00.001000+00:00,0.0001,0.0
2022-02-16 16:00:00.014000+00:00,1645027200014,2022-02-16T16:00:00.014000+00:00,0.0001,0.0
2022-02-17 00:00:00.018000+00:00,1645056000018,2022-02-17T00:00:00.018000+00:00,0.0001,0.0
2022-02-17 08:00:00+00:00,1645084800000,2022-02-17T08:00:00+00:00,0.0001,0.0
2022-02-17 16:00:00.010000+00:00,1645113600010,2022-02-17T16:00:00.010000+00:00,0.0001,0.0
2022-02-18 00:00:00+00:00,1645142400000,2022-02-18T00:00:00+00:00,-0.00016091,0.0
2022-02-18 08:00:00.002000+00:00,1645171200002,2022-02-18T08:00:00.002000+00:00,-0.00010892,0.0
2022-02-18 16:00:00+00:00,1645200000000,2022-02-18T16:00:00+00:00,9.731e-05,0.0
2022-02-19 00:00:00.007000+00:00,1645228800007,2022-02-19T00:00:00.007000+00:00,-6.144e-05,0.0
2022-02-19 08:00:00+00:00,1645257600000,2022-02-19T08:00:00+00:00,8.403e-05,0.0
2022-02-19 16:00:00.023000+00:00,1645286400023,2022-02-19T16:00:00.023000+00:00,0.0001,0.0
2022-02-20 00:00:00.001000+00:00,1645315200001,2022-02-20T00:00:00.001000+00:00,3.259e-05,0.0
2022-02-20 08:00:00.003000+00:00,1645344000003,2022-02-20T08:00:00.003000+00:00,2.128e-05,0.0
2022-02-20 16:00:00.001000+00:00,1645372800001,2022-02-20T16:00:00.001000+00:00,1.924e-05,0.0
2022-02-21 00:00:00+00:00,1645401600000,2022-02-21T00:00:00+00:00,0.0001,0.0
2022-02-21 08:00:00.001000+00:00,1645430400001,2022-02-21T08:00:00.001000+00:00,9.542e-05,0.0
2022-02-21 16:00:00.005000+00:00,1645459200005,2022-02-21T16:00:00.005000+00:00,7.638e-05,0.0
2022-02-22 00:00:00.005000+00:00,1645488000005,2022-02-22T00:00:00.005000+00:00,-8.085e-05,0.0
2022-02-22 08:00:00+00:00,1645516800000,2022-02-22T08:00:00+00:00,-0.00017697,0.0
2022-02-22 16:00:00+00:00,1645545600000,2022-02-22T16:00:00+00:00,-0.00014823,0.0
2022-02-23 00:00:00.002000+00:00,1645574400002,2022-02-23T00:00:00.002000+00:00,-6.429e-05,0.0
2022-02-23 08:00:00.005000+00:00,1645603200005,2022-02-23T08:00:00.005000+00:00,-0.00015581,0.0
2022-02-23 16:00:00.010000+00:00,1645632000010,2022-02-23T16:00:00.010000+00:00,-4.74e-06,0.0
2022-02-24 00:00:00.008000+00:00,1645660800008,2022-02-24T00:00:00.008000+00:00,-5.37e-05,0.0
2022-02-24 08:00:00.003000+00:00,1645689600003,2022-02-24T08:00:00.003000+00:00,-0.00057284,0.0
2022-02-24 16:00:00.001000+00:00,1645718400001,2022-02-24T16:00:00.001000+00:00,-0.00046992,0.0
2022-02-25 00:00:00+00:00,1645747200000,2022-02-25T00:00:00+00:00,-0.00028492,0.0
2022-02-25 08:00:00.006000+00:00,1645776000006,2022-02-25T08:00:00.006000+00:00,-0.00020103,0.0
2022-02-25 16:00:00.001000+00:00,1645804800001,2022-02-25T16:00:00.001000+00:00,-0.00024102,0.0
2022-02-26 00:00:00.004000+00:00,1645833600004,2022-02-26T00:00:00.004000+00:00,-0.00020415,0.0
2022-02-26 08:00:00.004000+00:00,1645862400004,2022-02-26T08:00:00.004000+00:00,-3.51e-06,0.0
2022-02-26 16:00:00.007000+00:00,1645891200007,2022-02-26T16:00:00.007000+00:00,4.92e-06,0.0
2022-02-27 00:00:00.012000+00:00,1645920000012,2022-02-27T00:00:00.012000+00:00,-7.742e-05,0.0
2022-02-27 08:00:00+00:00,1645948800000,2022-02-27T08:00:00+00:00,-3.639e-05,0.0
2022-02-27 16:00:00+00:00,1645977600000,2022-02-27T16:00:00+00:00,-0.00012409,0.0
2022-02-28 00:00:00+00:00,1646006400000,2022-02-28T00:00:00+00:00,-9.5e-07,0.0
2022-02-28 08:00:00.001000+00:00,1646035200001,2022-02-28T08:00:00.001000+00:00,-0.00010782,0.0
2022-02-28 16:00:00.002000+00:00,1646064000002,2022-02-28T16:00:00.002000+00:00,-6.489e-05,0.0
2022-03-01 00:00:00.002000+00:00,1646092800002,2022-03-01T00:00:00.002000+00:00,0.0001,0.0
2022-03-01 08:00:00.001000+00:00,1646121600001,2022-03-01T08:00:00.001000+00:00,0.0001,0.0
2022-03-01 16:00:00+00:00,1646150400000,2022-03-01T16:00:00+00:00,0.0001,0.0
2022-03-02 00:00:00+00:00,1646179200000,2022-03-02T00:00:00+00:00,0.0001,0.0
2022-03-02 08:00:00+00:00,1646208000000,2022-03-02T08:00:00+00:00,0.0001,0.0
2022-03-02 16:00:00.002000+00:00,1646236800002,2022-03-02T16:00:00.002000+00:00,0.0001,0.0
2022-03-03 00:00:00+00:00,1646265600000,2022-03-03T00:00:00+00:00,0.0001,0.0
2022-03-03 08:00:00+00:00,1646294400000,2022-03-03T08:00:00+00:00,0.0001,0.0
2022-03-03 16:00:00.005000+00:00,1646323200005,2022-03-03T16:00:00.005000+00:00,0.0001,0.0
2022-03-04 00:00:00.018000+00:00,1646352000018,2022-03-04T00:00:00.018000+00:00,9.433e-05,0.0
2022-03-04 08:00:00+00:00,1646380800000,2022-03-04T08:00:00+00:00,4.847e-05,0.0
2022-03-04 16:00:00+00:00,1646409600000,2022-03-04T16:00:00+00:00,0.0001,0.0
2022-03-05 00:00:00.006000+00:00,1646438400006,2022-03-05T00:00:00.006000+00:00,6.715e-05,0.0
2022-03-05 08:00:00.004000+00:00,1646467200004,2022-03-05T08:00:00.004000+00:00,-7.46e-05,0.0
2022-03-05 16:00:00+00:00,1646496000000,2022-03-05T16:00:00+00:00,6.696e-05,0.0
2022-03-06 00:00:00.004000+00:00,1646524800004,2022-03-06T00:00:00.004000+00:00,-6.82e-06,0.0
2022-03-06 08:00:00+00:00,1646553600000,2022-03-06T08:00:00+00:00,-5.251e-05,0.0
2022-03-06 16:00:00.013000+00:00,1646582400013,2022-03-06T16:00:00.013000+00:00,2.448e-05,0.0
2022-03-07 00:00:00.008000+00:00,1646611200008,2022-03-07T00:00:00.008000+00:00,7.852e-05,0.0
2022-03-07 08:00:00.006000+00:00,1646640000006,2022-03-07T08:00:00.006000+00:00,-4.066e-05,0.0
2022-03-07 16:00:00+00:00,1646668800000,2022-03-07T16:00:00+00:00,-1.082e-05,0.0
2022-03-08 00:00:00.008000+00:00,1646697600008,2022-03-08T00:00:00.008000+00:00,-0.00016034,0.0
2022-03-08 08:00:00.002000+00:00,1646726400002,2022-03-08T08:00:00.002000+00:00,-2.383e-05,0.0
2022-03-08 16:00:00+00:00,1646755200000,2022-03-08T16:00:00+00:00,0.0001,0.0
2022-03-09 00:00:00.008000+00:00,1646784000008,2022-03-09T00:00:00.008000+00:00,4.662e-05,0.0
2022-03-09 08:00:00+00:00,1646812800000,2022-03-09T08:00:00+00:00,9.241e-05,0.0
2022-03-09 16:00:00.004000+00:00,1646841600004,2022-03-09T16:00:00.004000+00:00,0.0001,0.0
2022-03-10 00:00:00+00:00,1646870400000,2022-03-10T00:00:00+00:00,0.0001,0.0
2022-03-10 08:00:00.017000+00:00,1646899200017,2022-03-10T08:00:00.017000+00:00,-6.672e-05,0.0
2022-03-10 16:00:00+00:00,1646928000000,2022-03-10T16:00:00+00:00,-0.00010433,0.0
2022-03-11 00:00:00.008000+00:00,1646956800008,2022-03-11T00:00:00.008000+00:00,0.0001,0.0
2022-03-11 08:00:00+00:00,1646985600000,2022-03-11T08:00:00+00:00,-1.342e-05,0.0
2022-03-11 16:00:00.001000+00:00,1647014400001,2022-03-11T16:00:00.001000+00:00,7.11e-05,0.0
2022-03-12 00:00:00.010000+00:00,1647043200010,2022-03-12T00:00:00.010000+00:00,0.0001,0.0
2022-03-12 08:00:00.001000+00:00,1647072000001,2022-03-12T08:00:00.001000+00:00,0.0001,0.0
2022-03-12 16:00:00.002000+00:00,1647100800002,2022-03-12T16:00:00.002000+00:00,0.0001,0.0
2022-03-13 00:00:00.008000+00:00,1647129600008,2022-03-13T00:00:00.008000+00:00,0.0001,0.0
2022-03-13 08:00:00+00:00,1647158400000,2022-03-13T08:00:00+00:00,-1.017e-05,0.0
2022-03-13 16:00:00.002000+00:00,1647187200002,2022-03-13T16:00:00.002000+00:00,-4.261e-05,0.0
2022-03-14 00:00:00.014000+00:00,1647216000014,2022-03-14T00:00:00.014000+00:00,-6.285e-05,0.0
2022-03-14 08:00:00.005000+00:00,1647244800005,2022-03-14T08:00:00.005000+00:00,4.31e-05,0.0
2022-03-14 16:00:00.002000+00:00,1647273600002,2022-03-14T16:00:00.002000+00:00,0.0001,0.0
2022-03-15 00:00:00.008000+00:00,1647302400008,2022-03-15T00:00:00.008000+00:00,-6.494e-05,0.0
2022-03-15 08:00:00+00:00,1647331200000,2022-03-15T08:00:00+00:00,5.012e-05,0.0
2022-03-15 16:00:00.006000+00:00,1647360000006,2022-03-15T16:00:00.006000+00:00,9.183e-05,0.0
2022-03-16 00:00:00.013000+00:00,1647388800013,2022-03-16T00:00:00.013000+00:00,0.0001,0.0
2022-03-16 08:00:00+00:00,1647417600000,2022-03-16T08:00:00+00:00,0.0001,0.0
2022-03-16 16:00:00.008000+00:00,1647446400008,2022-03-16T16:00:00.008000+00:00,2.198e-05,0.0
2022-03-17 00:00:00.004000+00:00,1647475200004,2022-03-17T00:00:00.004000+00:00,0.0001,0.0
2022-03-17 08:00:00+00:00,1647504000000,2022-03-17T08:00:00+00:00,0.0001,0.0
2022-03-17 16:00:00.004000+00:00,1647532800004,2022-03-17T16:00:00.004000+00:00,0.0001,0.0
2022-03-18 00:00:00+00:00,1647561600000,2022-03-18T00:00:00+00:00,0.0001,0.0
2022-03-18 08:00:00+00:00,1647590400000,2022-03-18T08:00:00+00:00,0.0001,0.0
2022-03-18 16:00:00.017000+00:00,1647619200017,2022-03-18T16:00:00.017000+00:00,0.0001,0.0
2022-03-19 00:00:00.008000+00:00,1647648000008,2022-03-19T00:00:00.008000+00:00,0.0001,0.0
2022-03-19 08:00:00.015000+00:00,1647676800015,2022-03-19T08:00:00.015000+00:00,0.0001,0.0
2022-03-19 16:00:00+00:00,1647705600000,2022-03-19T16:00:00+00:00,0.0001,0.0
2022-03-20 00:00:00+00:00,1647734400000,2022-03-20T00:00:00+00:00,0.0001,0.0
2022-03-20 08:00:00.001000+00:00,1647763200001,2022-03-20T08:00:00.001000+00:00,7.235e-05,0.0
2022-03-20 16:00:00.002000+00:00,1647792000002,2022-03-20T16:00:00.002000+00:00,0.0001,0.0
2022-03-21 00:00:00.013000+00:00,1647820800013,2022-03-21T00:00:00.013000+00:00,1.979e-05,0.0
2022-03-21 08:00:00.004000+00:00,1647849600004,2022-03-21T08:00:00.004000+00:00,0.0001,0.0
2022-03-21 16:00:00.010000+00:00,1647878400010,2022-03-21T16:00:00.010000+00:00,0.0001,0.0
2022-03-22 00:00:00.012000+00:00,1647907200012,2022-03-22T00:00:00.012000+00:00,6.083e-05,0.0
2022-03-22 08:00:00.001000+00:00,1647936000001,2022-03-22T08:00:00.001000+00:00,0.0001,0.0
2022-03-22 16:00:00.022000+00:00,1647964800022,2022-03-22T16:00:00.022000+00:00,0.0001,0.0
2022-03-23 00:00:00.007000+00:00,1647993600007,2022-03-23T00:00:00.007000+00:00,0.0001,0.0
2022-03-23 08:00:00+00:00,1648022400000,2022-03-23T08:00:00+00:00,0.0001,0.0
2022-03-23 16:00:00.006000+00:00,1648051200006,2022-03-23T16:00:00.006000+00:00,0.0001,0.0
2022-03-24 00:00:00.013000+00:00,1648080000013,2022-03-24T00:00:00.013000+00:00,0.0001,0.0
2022-03-24 08:00:00.006000+00:00,1648108800006,2022-03-24T08:00:00.006000+00:00,0.0001,0.0
2022-03-24 16:00:00.020000+00:00,1648137600020,2022-03-24T16:00:00.020000+00:00,0.0001,0.0
2022-03-25 00:00:00.010000+00:00,1648166400010,2022-03-25T00:00:00.010000+00:00,0.0001,0.0
2022-03-25 08:00:00.001000+00:00,1648195200001,2022-03-25T08:00:00.001000+00:00,0.0001,0.0
2022-03-25 16:00:00.014000+00:00,1648224000014,2022-03-25T16:00:00.014000+00:00,0.0001,0.0
2022-03-26 00:00:00.020000+00:00,1648252800020,2022-03-26T00:00:00.020000+00:00,0.0001,0.0
2022-03-26 08:00:00.006000+00:00,1648281600006,2022-03-26T08:00:00.006000+00:00,0.0001,0.0
2022-03-26 16:00:00+00:00,1648310400000,2022-03-26T16:00:00+00:00,0.0001,0.0
2022-03-27 00:00:00.004000+00:00,1648339200004,2022-03-27T00:00:00.004000+00:00,0.0001,0.0
2022-03-27 08:00:00.001000+00:00,1648368000001,2022-03-27T08:00:00.001000+00:00,0.0001,0.0
2022-03-27 16:00:00.006000+00:00,1648396800006,2022-03-27T16:00:00.006000+00:00,0.0001,0.0
2022-03-28 00:00:00.012000+00:00,1648425600012,2022-03-28T00:00:00.012000+00:00,0.0001,0.0
2022-03-28 08:00:00.007000+00:00,1648454400007,2022-03-28T08:00:00.007000+00:00,0.0001,0.0
2022-03-28 16:00:00+00:00,1648483200000,2022-03-28T16:00:00+00:00,0.0001,0.0
2022-03-29 00:00:00+00:00,1648512000000,2022-03-29T00:00:00+00:00,0.0001,0.0
2022-03-29 08:00:00.015000+00:00,1648540800015,2022-03-29T08:00:00.015000+00:00,0.0001,0.0
2022-03-29 16:00:00+00:00,1648569600000,2022-03-29T16:00:00+00:00,0.0001,0.0
2022-03-30 00:00:00+00:00,1648598400000,2022-03-30T00:00:00+00:00,0.0001,0.0
2022-03-30 08:00:00.002000+00:00,1648627200002,2022-03-30T08:00:00.002000+00:00,0.0001,0.0
2022-03-30 16:00:00.028000+00:00,1648656000028,2022-03-30T16:00:00.028000+00:00,0.0001,0.0
2022-03-31 00:00:00.017000+00:00,1648684800017,2022-03-31T00:00:00.017000+00:00,0.0001,0.0
2022-03-31 08:00:00+00:00,1648713600000,2022-03-31T08:00:00+00:00,0.0001,0.0
2022-03-31 16:00:00.015000+00:00,1648742400015,2022-03-31T16:00:00.015000+00:00,0.0001,0.0
2022-04-01 00:00:00+00:00,1648771200000,2022-04-01T00:00:00+00:00,0.0001,0.0
2022-04-01 08:00:00+00:00,1648800000000,2022-04-01T08:00:00+00:00,0.0001,0.0
2022-04-01 16:00:00.018000+00:00,1648828800018,2022-04-01T16:00:00.018000+00:00,0.0001,0.0
2022-04-02 00:00:00+00:00,1648857600000,2022-04-02T00:00:00+00:00,0.0001,0.0
2022-04-02 08:00:00.002000+00:00,1648886400002,2022-04-02T08:00:00.002000+00:00,0.0001,0.0
2022-04-02 16:00:00.006000+00:00,1648915200006,2022-04-02T16:00:00.006000+00:00,0.0001,0.0
2022-04-03 00:00:00.018000+00:00,1648944000018,2022-04-03T00:00:00.018000+00:00,0.0001,0.0
2022-04-03 08:00:00.018000+00:00,1648972800018,2022-04-03T08:00:00.018000+00:00,0.0001,0.0
2022-04-03 16:00:00.015000+00:00,1649001600015,2022-04-03T16:00:00.015000+00:00,0.0001,0.0
2022-04-04 00:00:00.006000+00:00,1649030400006,2022-04-04T00:00:00.006000+00:00,0.0001,0.0
2022-04-04 08:00:00+00:00,1649059200000,2022-04-04T08:00:00+00:00,0.0001,0.0
2022-04-04 16:00:00.016000+00:00,1649088000016,2022-04-04T16:00:00.016000+00:00,0.0001,0.0
2022-04-05 00:00:00+00:00,1649116800000,2022-04-05T00:00:00+00:00,0.0001,0.0
2022-04-05 08:00:00.010000+00:00,1649145600010,2022-04-05T08:00:00.010000+00:00,0.0001,0.0
2022-04-05 16:00:00.008000+00:00,1649174400008,2022-04-05T16:00:00.008000+00:00,0.0001,0.0
2022-04-06 00:00:00.001000+00:00,1649203200001,2022-04-06T00:00:00.001000+00:00,0.0001,0.0
2022-04-06 08:00:00.021000+00:00,1649232000021,2022-04-06T08:00:00.021000+00:00,0.0001,0.0
2022-04-06 16:00:00+00:00,1649260800000,2022-04-06T16:00:00+00:00,0.0001,0.0
2022-04-07 00:00:00.009000+00:00,1649289600009,2022-04-07T00:00:00.009000+00:00,0.0001,0.0
2022-04-07 08:00:00+00:00,1649318400000,2022-04-07T08:00:00+00:00,0.0001,0.0
2022-04-07 16:00:00+00:00,1649347200000,2022-04-07T16:00:00+00:00,0.0001,0.0
2022-04-08 00:00:00+00:00,1649376000000,2022-04-08T00:00:00+00:00,0.0001,0.0
2022-04-08 08:00:00.004000+00:00,1649404800004,2022-04-08T08:00:00.004000+00:00,0.0001,0.0
2022-04-08 16:00:00.008000+00:00,1649433600008,2022-04-08T16:00:00.008000+00:00,0.0001,0.0
2022-04-09 00:00:00.008000+00:00,1649462400008,2022-04-09T00:00:00.008000+00:00,8.165e-05,0.0
2022-04-09 08:00:00+00:00,1649491200000,2022-04-09T08:00:00+00:00,6.515e-05,0.0
2022-04-09 16:00:00.001000+00:00,1649520000001,2022-04-09T16:00:00.001000+00:00,0.0001,0.0
2022-04-10 00:00:00.004000+00:00,1649548800004,2022-04-10T00:00:00.004000+00:00,0.0001,0.0
2022-04-10 08:00:00.007000+00:00,1649577600007,2022-04-10T08:00:00.007000+00:00,0.0001,0.0
2022-04-10 16:00:00.016000+00:00,1649606400016,2022-04-10T16:00:00.016000+00:00,0.0001,0.0
2022-04-11 00:00:00+00:00,1649635200000,2022-04-11T00:00:00+00:00,0.0001,0.0
2022-04-11 08:00:00+00:00,1649664000000,2022-04-11T08:00:00+00:00,0.0001,0.0
2022-04-11 16:00:00.009000+00:00,1649692800009,2022-04-11T16:00:00.009000+00:00,4.01e-05,0.0
2022-04-12 00:00:00+00:00,1649721600000,2022-04-12T00:00:00+00:00,-0.0001182,0.0
2022-04-12 08:00:00.006000+00:00,1649750400006,2022-04-12T08:00:00.006000+00:00,-8.936e-05,0.0
2022-04-12 16:00:00.013000+00:00,1649779200013,2022-04-12T16:00:00.013000+00:00,3.081e-05,0.0
2022-04-13 00:00:00.005000+00:00,1649808000005,2022-04-13T00:00:00.005000+00:00,0.0001,0.0
2022-04-13 08:00:00.008000+00:00,1649836800008,2022-04-13T08:00:00.008000+00:00,0.0001,0.0
2022-04-13 16:00:00.013000+00:00,1649865600013,2022-04-13T16:00:00.013000+00:00,0.0001,0.0
2022-04-14 00:00:00.007000+00:00,1649894400007,2022-04-14T00:00:00.007000+00:00,6.468e-05,0.0
2022-04-14 08:00:00+00:00,1649923200000,2022-04-14T08:00:00+00:00,0.0001,0.0
2022-04-14 16:00:00.006000+00:00,1649952000006,2022-04-14T16:00:00.006000+00:00,0.0001,0.0
2022-04-15 00:00:00.008000+00:00,1649980800008,2022-04-15T00:00:00.008000+00:00,0.0001,0.0
2022-04-15 08:00:00.002000+00:00,1650009600002,2022-04-15T08:00:00.002000+00:00,0.0001,0.0
2022-04-15 16:00:00+00:00,1650038400000,2022-04-15T16:00:00+00:00,0.0001,0.0
2022-04-16 00:00:00.011000+00:00,1650067200011,2022-04-16T00:00:00.011000+00:00,8.938e-05,0.0
2022-04-16 08:00:00.007000+00:00,1650096000007,2022-04-16T08:00:00.007000+00:00,0.0001,0.0
2022-04-16 16:00:00.007000+00:00,1650124800007,2022-04-16T16:00:00.007000+00:00,0.0001,0.0
2022-04-17 00:00:00+00:00,1650153600000,2022-04-17T00:00:00+00:00,-4.789e-05,0.0
2022-04-17 08:00:00.004000+00:00,1650182400004,2022-04-17T08:00:00.004000+00:00,0.0001,0.0
2022-04-17 16:00:00+00:00,1650211200000,2022-04-17T16:00:00+00:00,0.0001,0.0
2022-04-18 00:00:00.008000+00:00,1650240000008,2022-04-18T00:00:00.008000+00:00,-4.129e-05,0.0
2022-04-18 08:00:00.012000+00:00,1650268800012,2022-04-18T08:00:00.012000+00:00,-8.22e-06,0.0
2022-04-18 16:00:00+00:00,1650297600000,2022-04-18T16:00:00+00:00,-1.941e-05,0.0
2022-04-19 00:00:00.021000+00:00,1650326400021,2022-04-19T00:00:00.021000+00:00,-2.114e-05,0.0
2022-04-19 08:00:00.031000+00:00,1650355200031,2022-04-19T08:00:00.031000+00:00,0.0001,0.0
2022-04-19 16:00:00+00:00,1650384000000,2022-04-19T16:00:00+00:00,0.0001,0.0
2022-04-20 00:00:00.025000+00:00,1650412800025,2022-04-20T00:00:00.025000+00:00,0.0001,0.0
2022-04-20 08:00:00.003000+00:00,1650441600003,2022-04-20T08:00:00.003000+00:00,0.0001,0.0
2022-04-20 16:00:00+00:00,1650470400000,2022-04-20T16:00:00+00:00,0.0001,0.0
2022-04-21 00:00:00+00:00,1650499200000,2022-04-21T00:00:00+00:00,0.0001,0.0
2022-04-21 08:00:00+00:00,1650528000000,2022-04-21T08:00:00+00:00,0.0001,0.0
2022-04-21 16:00:00.024000+00:00,1650556800024,2022-04-21T16:00:00.024000+00:00,0.0001,0.0
2022-04-22 00:00:00.008000+00:00,1650585600008,2022-04-22T00:00:00.008000+00:00,5.865e-05,0.0
2022-04-22 08:00:00.008000+00:00,1650614400008,2022-04-22T08:00:00.008000+00:00,2.29e-05,0.0
2022-04-22 16:00:00.008000+00:00,1650643200008,2022-04-22T16:00:00.008000+00:00,0.0001,0.0
2022-04-23 00:00:00+00:00,1650672000000,2022-04-23T00:00:00+00:00,0.0001,0.0
2022-04-23 08:00:00+00:00,1650700800000,2022-04-23T08:00:00+00:00,8.261e-05,0.0
2022-04-23 16:00:00.012000+00:00,1650729600012,2022-04-23T16:00:00.012000+00:00,9.926e-05,0.0
2022-04-24 00:00:00.004000+00:00,1650758400004,2022-04-24T00:00:00.004000+00:00,0.0001,0.0
2022-04-24 08:00:00.003000+00:00,1650787200003,2022-04-24T08:00:00.003000+00:00,0.0001,0.0
2022-04-24 16:00:00+00:00,1650816000000,2022-04-24T16:00:00+00:00,-2.401e-05,0.0
2022-04-25 00:00:00.008000+00:00,1650844800008,2022-04-25T00:00:00.008000+00:00,7.173e-05,0.0
2022-04-25 08:00:00.018000+00:00,1650873600018,2022-04-25T08:00:00.018000+00:00,-0.00011601,0.0
2022-04-25 16:00:00+00:00,1650902400000,2022-04-25T16:00:00+00:00,0.0001,0.0
2022-04-26 00:00:00.014000+00:00,1650931200014,2022-04-26T00:00:00.014000+00:00,0.0001,0.0
2022-04-26 08:00:00+00:00,1650960000000,2022-04-26T08:00:00+00:00,0.0001,0.0
2022-04-26 16:00:00.017000+00:00,1650988800017,2022-04-26T16:00:00.017000+00:00,0.0001,0.0
2022-04-27 00:00:00.012000+00:00,1651017600012,2022-04-27T00:00:00.012000+00:00,-2.025e-05,0.0
2022-04-27 08:00:00+00:00,1651046400000,2022-04-27T08:00:00+00:00,-7.386e-05,0.0
2022-04-27 16:00:00.002000+00:00,1651075200002,2022-04-27T16:00:00.002000+00:00,4.75e-06,0.0
2022-04-28 00:00:00+00:00,1651104000000,2022-04-28T00:00:00+00:00,3.076e-05,0.0
2022-04-28 08:00:00.004000+00:00,1651132800004,2022-04-28T08:00:00.004000+00:00,0.0001,0.0
2022-04-28 16:00:00.030000+00:00,1651161600030,2022-04-28T16:00:00.030000+00:00,3.485e-05,0.0
2022-04-29 00:00:00+00:00,1651190400000,2022-04-29T00:00:00+00:00,0.0001,0.0
2022-04-29 08:00:00.016000+00:00,1651219200016,2022-04-29T08:00:00.016000+00:00,0.0001,0.0
2022-04-29 16:00:00.010000+00:00,1651248000010,2022-04-29T16:00:00.010000+00:00,0.0001,0.0
2022-04-30 00:00:00+00:00,1651276800000,2022-04-30T00:00:00+00:00,0.0001,0.0
2022-04-30 08:00:00.005000+00:00,1651305600005,2022-04-30T08:00:00.005000+00:00,0.0001,0.0
2022-04-30 16:00:00.015000+00:00,1651334400015,2022-04-30T16:00:00.015000+00:00,4.246e-05,0.0
2022-05-01 00:00:00+00:00,1651363200000,2022-05-01T00:00:00+00:00,-0.0001,0.0
2022-05-01 08:00:00+00:00,1651392000000,2022-05-01T08:00:00+00:00,0.0001,0.0
2022-05-01 16:00:00.010000+00:00,1651420800010,2022-05-01T16:00:00.010000+00:00,8.93e-06,0.0
2022-05-02 00:00:00.018000+00:00,1651449600018,2022-05-02T00:00:00.018000+00:00,-1.954e-05,0.0
2022-05-02 08:00:00.007000+00:00,1651478400007,2022-05-02T08:00:00.007000+00:00,1.273e-05,0.0
2022-05-02 16:00:00+00:00,1651507200000,2022-05-02T16:00:00+00:00,3.649e-05,0.0
2022-05-03 00:00:00.006000+00:00,1651536000006,2022-05-03T00:00:00.006000+00:00,5.56e-05,0.0
2022-05-03 08:00:00+00:00,1651564800000,2022-05-03T08:00:00+00:00,0.0001,0.0
2022-05-03 16:00:00.021000+00:00,1651593600021,2022-05-03T16:00:00.021000+00:00,5.878e-05,0.0
2022-05-04 00:00:00.007000+00:00,1651622400007,2022-05-04T00:00:00.007000+00:00,6.84e-06,0.0
2022-05-04 08:00:00.011000+00:00,1651651200011,2022-05-04T08:00:00.011000+00:00,0.0001,0.0
2022-05-04 16:00:00+00:00,1651680000000,2022-05-04T16:00:00+00:00,1.632e-05,0.0
2022-05-05 00:00:00.005000+00:00,1651708800005,2022-05-05T00:00:00.005000+00:00,2.015e-05,0.0
2022-05-05 08:00:00.019000+00:00,1651737600019,2022-05-05T08:00:00.019000+00:00,0.0001,0.0
2022-05-05 16:00:00.005000+00:00,1651766400005,2022-05-05T16:00:00.005000+00:00,1.064e-05,0.0
2022-05-06 00:00:00.005000+00:00,1651795200005,2022-05-06T00:00:00.005000+00:00,0.0001,0.0
2022-05-06 08:00:00.001000+00:00,1651824000001,2022-05-06T08:00:00.001000+00:00,-4.093e-05,0.0
2022-05-06 16:00:00.010000+00:00,1651852800010,2022-05-06T16:00:00.010000+00:00,2.253e-05,0.0
2022-05-07 00:00:00.004000+00:00,1651881600004,2022-05-07T00:00:00.004000+00:00,5.987e-05,0.0
2022-05-07 08:00:00.016000+00:00,1651910400016,2022-05-07T08:00:00.016000+00:00,0.0001,0.0
2022-05-07 16:00:00.011000+00:00,1651939200011,2022-05-07T16:00:00.011000+00:00,0.0001,0.0
2022-05-08 00:00:00+00:00,1651968000000,2022-05-08T00:00:00+00:00,5.075e-05,0.0
2022-05-08 08:00:00.007000+00:00,1651996800007,2022-05-08T08:00:00.007000+00:00,7.98e-05,0.0
2022-05-08 16:00:00.015000+00:00,1652025600015,2022-05-08T16:00:00.015000+00:00,0.0001,0.0
2022-05-09 00:00:00+00:00,1652054400000,2022-05-09T00:00:00+00:00,9.185e-05,0.0
2022-05-09 08:00:00.001000+00:00,1652083200001,2022-05-09T08:00:00.001000+00:00,-4.426e-05,0.0
2022-05-09 16:00:00+00:00,1652112000000,2022-05-09T16:00:00+00:00,-9.179e-05,0.0
2022-05-10 00:00:00+00:00,1652140800000,2022-05-10T00:00:00+00:00,-0.00017956,0.0
2022-05-10 08:00:00.007000+00:00,1652169600007,2022-05-10T08:00:00.007000+00:00,1.53e-06,0.0
2022-05-10 16:00:00.008000+00:00,1652198400008,2022-05-10T16:00:00.008000+00:00,0.0001,0.0
2022-05-11 00:00:00.004000+00:00,1652227200004,2022-05-11T00:00:00.004000+00:00,-2.141e-05,0.0
2022-05-11 08:00:00.007000+00:00,1652256000007,2022-05-11T08:00:00.007000+00:00,-0.00012325,0.0
2022-05-11 16:00:00.008000+00:00,1652284800008,2022-05-11T16:00:00.008000+00:00,-0.00046338,0.0
2022-05-12 00:00:00.014000+00:00,1652313600014,2022-05-12T00:00:00.014000+00:00,-0.00044807,0.0
2022-05-12 08:00:00+00:00,1652342400000,2022-05-12T08:00:00+00:00,-0.00136242,0.0
2022-05-12 16:00:00.007000+00:00,1652371200007,2022-05-12T16:00:00.007000+00:00,-0.00068558,0.0
2022-05-13 00:00:00.014000+00:00,1652400000014,2022-05-13T00:00:00.014000+00:00,-0.00011829,0.0
2022-05-13 08:00:00.001000+00:00,1652428800001,2022-05-13T08:00:00.001000+00:00,-0.00010796,0.0
2022-05-13 16:00:00+00:00,1652457600000,2022-05-13T16:00:00+00:00,-0.00013367,0.0
2022-05-14 00:00:00+00:00,1652486400000,2022-05-14T00:00:00+00:00,-0.00013094,0.0
2022-05-14 08:00:00+00:00,1652515200000,2022-05-14T08:00:00+00:00,-1.68e-05,0.0
2022-05-14 16:00:00.001000+00:00,1652544000001,2022-05-14T16:00:00.001000+00:00,-0.00033416,0.0
2022-05-15 00:00:00+00:00,1652572800000,2022-05-15T00:00:00+00:00,-0.00013319,0.0
2022-05-15 08:00:00+00:00,1652601600000,2022-05-15T08:00:00+00:00,5.519e-05,0.0
2022-05-15 16:00:00+00:00,1652630400000,2022-05-15T16:00:00+00:00,-0.00011574,0.0
2022-05-16 00:00:00.021000+00:00,1652659200021,2022-05-16T00:00:00.021000+00:00,-4.432e-05,0.0
2022-05-16 08:00:00.013000+00:00,1652688000013,2022-05-16T08:00:00.013000+00:00,-0.00023712,0.0
2022-05-16 16:00:00.006000+00:00,1652716800006,2022-05-16T16:00:00.006000+00:00,-5.785e-05,0.0
2022-05-17 00:00:00+00:00,1652745600000,2022-05-17T00:00:00+00:00,-0.0001984,0.0
2022-05-17 08:00:00.010000+00:00,1652774400010,2022-05-17T08:00:00.010000+00:00,-0.0002405,0.0
2022-05-17 16:00:00.023000+00:00,1652803200023,2022-05-17T16:00:00.023000+00:00,1.915e-05,0.0
2022-05-18 00:00:00.003000+00:00,1652832000003,2022-05-18T00:00:00.003000+00:00,-0.0001447,0.0
2022-05-18 08:00:00.024000+00:00,1652860800024,2022-05-18T08:00:00.024000+00:00,-0.00018587,0.0
2022-05-18 16:00:00.014000+00:00,1652889600014,2022-05-18T16:00:00.014000+00:00,-0.00022576,0.0
2022-05-19 00:00:00+00:00,1652918400000,2022-05-19T00:00:00+00:00,-0.00010948,0.0
2022-05-19 08:00:00.008000+00:00,1652947200008,2022-05-19T08:00:00.008000+00:00,-0.00016578,0.0
2022-05-19 16:00:00.015000+00:00,1652976000015,2022-05-19T16:00:00.015000+00:00,-4.441e-05,0.0
2022-05-20 00:00:00.001000+00:00,1653004800001,2022-05-20T00:00:00.001000+00:00,3.906e-05,0.0
2022-05-20 08:00:00.003000+00:00,1653033600003,2022-05-20T08:00:00.003000+00:00,0.0001,0.0
2022-05-20 16:00:00.012000+00:00,1653062400012,2022-05-20T16:00:00.012000+00:00,-3.434e-05,0.0
2022-05-21 00:00:00.008000+00:00,1653091200008,2022-05-21T00:00:00.008000+00:00,-2.248e-05,0.0
2022-05-21 08:00:00.001000+00:00,1653120000001,2022-05-21T08:00:00.001000+00:00,-9.683e-05,0.0
2022-05-21 16:00:00.007000+00:00,1653148800007,2022-05-21T16:00:00.007000+00:00,-8.59e-06,0.0
2022-05-22 00:00:00.003000+00:00,1653177600003,2022-05-22T00:00:00.003000+00:00,3.953e-05,0.0
2022-05-22 08:00:00.016000+00:00,1653206400016,2022-05-22T08:00:00.016000+00:00,-6.388e-05,0.0
2022-05-22 16:00:00+00:00,1653235200000,2022-05-22T16:00:00+00:00,6.959e-05,0.0
2022-05-23 00:00:00.011000+00:00,1653264000011,2022-05-23T00:00:00.011000+00:00,6.009e-05,0.0
2022-05-23 08:00:00+00:00,1653292800000,2022-05-23T08:00:00+00:00,0.0001,0.0
2022-05-23 16:00:00.023000+00:00,1653321600023,2022-05-23T16:00:00.023000+00:00,0.0001,0.0
2022-05-24 00:00:00.011000+00:00,1653350400011,2022-05-24T00:00:00.011000+00:00,-0.00022276,0.0
2022-05-24 08:00:00+00:00,1653379200000,2022-05-24T08:00:00+00:00,-0.00016641,0.0
2022-05-24 16:00:00.009000+00:00,1653408000009,2022-05-24T16:00:00.009000+00:00,-0.00013507,0.0
2022-05-25 00:00:00.001000+00:00,1653436800001,2022-05-25T00:00:00.001000+00:00,7.789e-05,0.0
2022-05-25 08:00:00+00:00,1653465600000,2022-05-25T08:00:00+00:00,-2.669e-05,0.0
2022-05-25 16:00:00.015000+00:00,1653494400015,2022-05-25T16:00:00.015000+00:00,6.8e-05,0.0
2022-05-26 00:00:00.005000+00:00,1653523200005,2022-05-26T00:00:00.005000+00:00,2.853e-05,0.0
2022-05-26 08:00:00.001000+00:00,1653552000001,2022-05-26T08:00:00.001000+00:00,-7.145e-05,0.0
2022-05-26 16:00:00+00:00,1653580800000,2022-05-26T16:00:00+00:00,-0.00021537,0.0
2022-05-27 00:00:00.007000+00:00,1653609600007,2022-05-27T00:00:00.007000+00:00,-0.00010466,0.0
2022-05-27 08:00:00.008000+00:00,1653638400008,2022-05-27T08:00:00.008000+00:00,-0.00011979,0.0
2022-05-27 16:00:00+00:00,1653667200000,2022-05-27T16:00:00+00:00,-1.539e-05,0.0
2022-05-28 00:00:00.018000+00:00,1653696000018,2022-05-28T00:00:00.018000+00:00,-0.00015325,0.0
2022-05-28 08:00:00.016000+00:00,1653724800016,2022-05-28T08:00:00.016000+00:00,-8.928e-05,0.0
2022-05-28 16:00:00.013000+00:00,1653753600013,2022-05-28T16:00:00.013000+00:00,1.94e-05,0.0
2022-05-29 00:00:00+00:00,1653782400000,2022-05-29T00:00:00+00:00,-1.487e-05,0.0
2022-05-29 08:00:00.025000+00:00,1653811200025,2022-05-29T08:00:00.025000+00:00,-0.00011118,0.0
2022-05-29 16:00:00.002000+00:00,1653840000002,2022-05-29T16:00:00.002000+00:00,-6.75e-06,0.0
2022-05-30 00:00:00+00:00,1653868800000,2022-05-30T00:00:00+00:00,0.0001,0.0
2022-05-30 08:00:00.013000+00:00,1653897600013,2022-05-30T08:00:00.013000+00:00,0.0001,0.0
2022-05-30 16:00:00.005000+00:00,1653926400005,2022-05-30T16:00:00.005000+00:00,0.0001,0.0
2022-05-31 00:00:00.016000+00:00,1653955200016,2022-05-31T00:00:00.016000+00:00,0.0001,0.0
2022-05-31 08:00:00+00:00,1653984000000,2022-05-31T08:00:00+00:00,0.0001,0.0
2022-05-31 16:00:00+00:00,1654012800000,2022-05-31T16:00:00+00:00,0.0001,0.0
2022-06-01 00:00:00+00:00,1654041600000,2022-06-01T00:00:00+00:00,0.0001,0.0
2022-06-01 08:00:00.011000+00:00,1654070400011,2022-06-01T08:00:00.011000+00:00,0.0001,0.0
2022-06-01 16:00:00+00:00,1654099200000,2022-06-01T16:00:00+00:00,0.0001,0.0
2022-06-02 00:00:00+00:00,1654128000000,2022-06-02T00:00:00+00:00,-0.00014913,0.0
2022-06-02 08:00:00.006000+00:00,1654156800006,2022-06-02T08:00:00.006000+00:00,-3.42e-05,0.0
2022-06-02 16:00:00.021000+00:00,1654185600021,2022-06-02T16:00:00.021000+00:00,4.639e-05,0.0
2022-06-03 00:00:00.016000+00:00,1654214400016,2022-06-03T00:00:00.016000+00:00,8.227e-05,0.0
2022-06-03 08:00:00.016000+00:00,1654243200016,2022-06-03T08:00:00.016000+00:00,-4.59e-06,0.0
2022-06-03 16:00:00.012000+00:00,1654272000012,2022-06-03T16:00:00.012000+00:00,3.37e-06,0.0
2022-06-04 00:00:00.005000+00:00,1654300800005,2022-06-04T00:00:00.005000+00:00,2.796e-05,0.0
2022-06-04 08:00:00+00:00,1654329600000,2022-06-04T08:00:00+00:00,-2.185e-05,0.0
2022-06-04 16:00:00.007000+00:00,1654358400007,2022-06-04T16:00:00.007000+00:00,0.0001,0.0
2022-06-05 00:00:00.005000+00:00,1654387200005,2022-06-05T00:00:00.005000+00:00,0.0001,0.0
2022-06-05 08:00:00.015000+00:00,1654416000015,2022-06-05T08:00:00.015000+00:00,-3.619e-05,0.0
2022-06-05 16:00:00+00:00,1654444800000,2022-06-05T16:00:00+00:00,8.438e-05,0.0
2022-06-06 00:00:00+00:00,1654473600000,2022-06-06T00:00:00+00:00,9.267e-05,0.0
2022-06-06 08:00:00.017000+00:00,1654502400017,2022-06-06T08:00:00.017000+00:00,0.0001,0.0
2022-06-06 16:00:00+00:00,1654531200000,2022-06-06T16:00:00+00:00,0.0001,0.0
2022-06-07 00:00:00+00:00,1654560000000,2022-06-07T00:00:00+00:00,2.637e-05,0.0
2022-06-07 08:00:00.011000+00:00,1654588800011,2022-06-07T08:00:00.011000+00:00,-0.0001366,0.0
2022-06-07 16:00:00+00:00,1654617600000,2022-06-07T16:00:00+00:00,7.488e-05,0.0
2022-06-08 00:00:00.008000+00:00,1654646400008,2022-06-08T00:00:00.008000+00:00,0.0001,0.0
2022-06-08 08:00:00.020000+00:00,1654675200020,2022-06-08T08:00:00.020000+00:00,6.586e-05,0.0
2022-06-08 16:00:00.012000+00:00,1654704000012,2022-06-08T16:00:00.012000+00:00,2.827e-05,0.0
2022-06-09 00:00:00+00:00,1654732800000,2022-06-09T00:00:00+00:00,0.0001,0.0
2022-06-09 08:00:00+00:00,1654761600000,2022-06-09T08:00:00+00:00,0.0001,0.0
2022-06-09 16:00:00+00:00,1654790400000,2022-06-09T16:00:00+00:00,0.0001,0.0
2022-06-10 00:00:00.009000+00:00,1654819200009,2022-06-10T00:00:00.009000+00:00,2.665e-05,0.0
2022-06-10 08:00:00+00:00,1654848000000,2022-06-10T08:00:00+00:00,8.373e-05,0.0
2022-06-10 16:00:00.006000+00:00,1654876800006,2022-06-10T16:00:00.006000+00:00,-0.00015948,0.0
2022-06-11 00:00:00.018000+00:00,1654905600018,2022-06-11T00:00:00.018000+00:00,-0.00018006,0.0
2022-06-11 08:00:00.014000+00:00,1654934400014,2022-06-11T08:00:00.014000+00:00,-1.212e-05,0.0
2022-06-11 16:00:00+00:00,1654963200000,2022-06-11T16:00:00+00:00,-0.00031777,0.0
2022-06-12 00:00:00.015000+00:00,1654992000015,2022-06-12T00:00:00.015000+00:00,-0.00025651,0.0
2022-06-12 08:00:00.019000+00:00,1655020800019,2022-06-12T08:00:00.019000+00:00,-0.0003303,0.0
2022-06-12 16:00:00.010000+00:00,1655049600010,2022-06-12T16:00:00.010000+00:00,-0.00020096,0.0
2022-06-13 00:00:00.009000+00:00,1655078400009,2022-06-13T00:00:00.009000+00:00,-0.00022768,0.0
2022-06-13 08:00:00+00:00,1655107200000,2022-06-13T08:00:00+00:00,-0.00027291,0.0
2022-06-13 16:00:00.007000+00:00,1655136000007,2022-06-13T16:00:00.007000+00:00,-1.325e-05,0.0
2022-06-14 00:00:00.013000+00:00,1655164800013,2022-06-14T00:00:00.013000+00:00,-0.00013049,0.0
2022-06-14 08:00:00.008000+00:00,1655193600008,2022-06-14T08:00:00.008000+00:00,0.0001,0.0
2022-06-14 16:00:00.006000+00:00,1655222400006,2022-06-14T16:00:00.006000+00:00,9.782e-05,0.0
2022-06-15 00:00:00+00:00,1655251200000,2022-06-15T00:00:00+00:00,9.123e-05,0.0
2022-06-15 08:00:00.016000+00:00,1655280000016,2022-06-15T08:00:00.016000+00:00,-0.00020349,0.0
2022-06-15 16:00:00.008000+00:00,1655308800008,2022-06-15T16:00:00.008000+00:00,1.121e-05,0.0
2022-06-16 00:00:00.009000+00:00,1655337600009,2022-06-16T00:00:00.009000+00:00,0.0001,0.0
2022-06-16 08:00:00.016000+00:00,1655366400016,2022-06-16T08:00:00.016000+00:00,0.0001,0.0
2022-06-16 16:00:00+00:00,1655395200000,2022-06-16T16:00:00+00:00,6.051e-05,0.0
2022-06-17 00:00:00.008000+00:00,1655424000008,2022-06-17T00:00:00.008000+00:00,5.99e-05,0.0
2022-06-17 08:00:00.003000+00:00,1655452800003,2022-06-17T08:00:00.003000+00:00,0.0001,0.0
2022-06-17 16:00:00+00:00,1655481600000,2022-06-17T16:00:00+00:00,8.351e-05,0.0
2022-06-18 00:00:00.020000+00:00,1655510400020,2022-06-18T00:00:00.020000+00:00,0.0001,0.0
2022-06-18 08:00:00.025000+00:00,1655539200025,2022-06-18T08:00:00.025000+00:00,2.529e-05,0.0
2022-06-18 16:00:00.014000+00:00,1655568000014,2022-06-18T16:00:00.014000+00:00,5.439e-05,0.0
2022-06-19 00:00:00.012000+00:00,1655596800012,2022-06-19T00:00:00.012000+00:00,-0.00021773,0.0
2022-06-19 08:00:00.012000+00:00,1655625600012,2022-06-19T08:00:00.012000+00:00,-0.00018403,0.0
2022-06-19 16:00:00.008000+00:00,1655654400008,2022-06-19T16:00:00.008000+00:00,3.056e-05,0.0
2022-06-20 00:00:00.016000+00:00,1655683200016,2022-06-20T00:00:00.016000+00:00,0.0001,0.0
2022-06-20 08:00:00+00:00,1655712000000,2022-06-20T08:00:00+00:00,9.532e-05,0.0
2022-06-20 16:00:00.013000+00:00,1655740800013,2022-06-20T16:00:00.013000+00:00,0.0001,0.0
2022-06-21 00:00:00.012000+00:00,1655769600012,2022-06-21T00:00:00.012000+00:00,8.484e-05,0.0
2022-06-21 08:00:00.018000+00:00,1655798400018,2022-06-21T08:00:00.018000+00:00,0.0001,0.0
2022-06-21 16:00:00.010000+00:00,1655827200010,2022-06-21T16:00:00.010000+00:00,0.0001,0.0
2022-06-22 00:00:00+00:00,1655856000000,2022-06-22T00:00:00+00:00,0.0001,0.0
2022-06-22 08:00:00.001000+00:00,1655884800001,2022-06-22T08:00:00.001000+00:00,5.166e-05,0.0
2022-06-22 16:00:00.012000+00:00,1655913600012,2022-06-22T16:00:00.012000+00:00,8.1e-07,0.0
2022-06-23 00:00:00+00:00,1655942400000,2022-06-23T00:00:00+00:00,7.46e-05,0.0
2022-06-23 08:00:00+00:00,1655971200000,2022-06-23T08:00:00+00:00,0.0001,0.0
2022-06-23 16:00:00.016000+00:00,1656000000016,2022-06-23T16:00:00.016000+00:00,1.279e-05,0.0
2022-06-24 00:00:00.005000+00:00,1656028800005,2022-06-24T00:00:00.005000+00:00,6.46e-06,0.0
2022-06-24 08:00:00.004000+00:00,1656057600004,2022-06-24T08:00:00.004000+00:00,0.0001,0.0
2022-06-24 16:00:00.018000+00:00,1656086400018,2022-06-24T16:00:00.018000+00:00,0.0001,0.0
2022-06-25 00:00:00.001000+00:00,1656115200001,2022-06-25T00:00:00.001000+00:00,8.031e-05,0.0
2022-06-25 08:00:00.010000+00:00,1656144000010,2022-06-25T08:00:00.010000+00:00,0.0001,0.0
2022-06-25 16:00:00+00:00,1656172800000,2022-06-25T16:00:00+00:00,7.232e-05,0.0
2022-06-26 00:00:00.002000+00:00,1656201600002,2022-06-26T00:00:00.002000+00:00,0.0001,0.0
2022-06-26 08:00:00.016000+00:00,1656230400016,2022-06-26T08:00:00.016000+00:00,0.0001,0.0
2022-06-26 16:00:00.006000+00:00,1656259200006,2022-06-26T16:00:00.006000+00:00,0.0001,0.0
2022-06-27 00:00:00.008000+00:00,1656288000008,2022-06-27T00:00:00.008000+00:00,0.0001,0.0
2022-06-27 08:00:00+00:00,1656316800000,2022-06-27T08:00:00+00:00,-0.0001323,0.0
2022-06-27 16:00:00.016000+00:00,1656345600016,2022-06-27T16:00:00.016000+00:00,0.0001,0.0
2022-06-28 00:00:00.016000+00:00,1656374400016,2022-06-28T00:00:00.016000+00:00,2.055e-05,0.0
2022-06-28 08:00:00.001000+00:00,1656403200001,2022-06-28T08:00:00.001000+00:00,-2.856e-05,0.0
2022-06-28 16:00:00.005000+00:00,1656432000005,2022-06-28T16:00:00.005000+00:00,6.462e-05,0.0
2022-06-29 00:00:00+00:00,1656460800000,2022-06-29T00:00:00+00:00,-5.048e-05,0.0
2022-06-29 08:00:00.013000+00:00,1656489600013,2022-06-29T08:00:00.013000+00:00,7.559e-05,0.0
2022-06-29 16:00:00+00:00,1656518400000,2022-06-29T16:00:00+00:00,3.346e-05,0.0
2022-06-30 00:00:00+00:00,1656547200000,2022-06-30T00:00:00+00:00,4.006e-05,0.0
2022-06-30 08:00:00+00:00,1656576000000,2022-06-30T08:00:00+00:00,0.0001,0.0
2022-06-30 16:00:00+00:00,1656604800000,2022-06-30T16:00:00+00:00,-8.516e-05,0.0
2022-07-01 00:00:00.001000+00:00,1656633600001,2022-07-01T00:00:00.001000+00:00,1.222e-05,0.0
2022-07-01 08:00:00.017000+00:00,1656662400017,2022-07-01T08:00:00.017000+00:00,-3.516e-05,0.0
2022-07-01 16:00:00.005000+00:00,1656691200005,2022-07-01T16:00:00.005000+00:00,0.0001,0.0
2022-07-02 00:00:00+00:00,1656720000000,2022-07-02T00:00:00+00:00,0.0001,0.0
2022-07-02 08:00:00+00:00,1656748800000,2022-07-02T08:00:00+00:00,0.0001,0.0
2022-07-02 16:00:00.008000+00:00,1656777600008,2022-07-02T16:00:00.008000+00:00,9.468e-05,0.0
2022-07-03 00:00:00.015000+00:00,1656806400015,2022-07-03T00:00:00.015000+00:00,3.853e-05,0.0
2022-07-03 08:00:00.004000+00:00,1656835200004,2022-07-03T08:00:00.004000+00:00,1.446e-05,0.0
2022-07-03 16:00:00.005000+00:00,1656864000005,2022-07-03T16:00:00.005000+00:00,3.44e-05,0.0
2022-07-04 00:00:00.021000+00:00,1656892800021,2022-07-04T00:00:00.021000+00:00,0.0001,0.0
2022-07-04 08:00:00.001000+00:00,1656921600001,2022-07-04T08:00:00.001000+00:00,7.184e-05,0.0
2022-07-04 16:00:00+00:00,1656950400000,2022-07-04T16:00:00+00:00,9.533e-05,0.0
2022-07-05 00:00:00+00:00,1656979200000,2022-07-05T00:00:00+00:00,0.0001,0.0
2022-07-05 08:00:00+00:00,1657008000000,2022-07-05T08:00:00+00:00,0.0001,0.0
2022-07-05 16:00:00.015000+00:00,1657036800015,2022-07-05T16:00:00.015000+00:00,0.0001,0.0
2022-07-06 00:00:00.006000+00:00,1657065600006,2022-07-06T00:00:00.006000+00:00,0.0001,0.0
2022-07-06 08:00:00+00:00,1657094400000,2022-07-06T08:00:00+00:00,0.0001,0.0
2022-07-06 16:00:00+00:00,1657123200000,2022-07-06T16:00:00+00:00,0.0001,0.0
2022-07-07 00:00:00.010000+00:00,1657152000010,2022-07-07T00:00:00.010000+00:00,0.0001,0.0
2022-07-07 08:00:00.010000+00:00,1657180800010,2022-07-07T08:00:00.010000+00:00,0.0001,0.0
2022-07-07 16:00:00.011000+00:00,1657209600011,2022-07-07T16:00:00.011000+00:00,0.0001,0.0
2022-07-08 00:00:00.008000+00:00,1657238400008,2022-07-08T00:00:00.008000+00:00,0.0001,0.0
2022-07-08 08:00:00.009000+00:00,1657267200009,2022-07-08T08:00:00.009000+00:00,0.0001,0.0
2022-07-08 16:00:00+00:00,1657296000000,2022-07-08T16:00:00+00:00,9.39e-06,0.0
2022-07-09 00:00:00+00:00,1657324800000,2022-07-09T00:00:00+00:00,3.98e-05,0.0
2022-07-09 08:00:00+00:00,1657353600000,2022-07-09T08:00:00+00:00,0.0001,0.0
2022-07-09 16:00:00.009000+00:00,1657382400009,2022-07-09T16:00:00.009000+00:00,8.832e-05,0.0
2022-07-10 00:00:00.001000+00:00,1657411200001,2022-07-10T00:00:00.001000+00:00,0.0001,0.0
2022-07-10 08:00:00.002000+00:00,1657440000002,2022-07-10T08:00:00.002000+00:00,7.518e-05,0.0
2022-07-10 16:00:00.001000+00:00,1657468800001,2022-07-10T16:00:00.001000+00:00,0.0001,0.0
2022-07-11 00:00:00+00:00,1657497600000,2022-07-11T00:00:00+00:00,-8.07e-06,0.0
2022-07-11 08:00:00.003000+00:00,1657526400003,2022-07-11T08:00:00.003000+00:00,1.253e-05,0.0
2022-07-11 16:00:00.001000+00:00,1657555200001,2022-07-11T16:00:00.001000+00:00,1.763e-05,0.0
2022-07-12 00:00:00+00:00,1657584000000,2022-07-12T00:00:00+00:00,-0.00014255,0.0
2022-07-12 08:00:00.021000+00:00,1657612800021,2022-07-12T08:00:00.021000+00:00,8.95e-06,0.0
2022-07-12 16:00:00+00:00,1657641600000,2022-07-12T16:00:00+00:00,-5.267e-05,0.0
2022-07-13 00:00:00.012000+00:00,1657670400012,2022-07-13T00:00:00.012000+00:00,-0.00023751,0.0
2022-07-13 08:00:00.022000+00:00,1657699200022,2022-07-13T08:00:00.022000+00:00,-6.307e-05,0.0
2022-07-13 16:00:00.005000+00:00,1657728000005,2022-07-13T16:00:00.005000+00:00,-0.00026618,0.0
2022-07-14 00:00:00.017000+00:00,1657756800017,2022-07-14T00:00:00.017000+00:00,-0.00024563,0.0
2022-07-14 08:00:00.001000+00:00,1657785600001,2022-07-14T08:00:00.001000+00:00,-0.00011171,0.0
2022-07-14 16:00:00+00:00,1657814400000,2022-07-14T16:00:00+00:00,-0.00016534,0.0
2022-07-15 00:00:00.004000+00:00,1657843200004,2022-07-15T00:00:00.004000+00:00,-3.95e-06,0.0
2022-07-15 08:00:00.019000+00:00,1657872000019,2022-07-15T08:00:00.019000+00:00,4.991e-05,0.0
2022-07-15 16:00:00.017000+00:00,1657900800017,2022-07-15T16:00:00.017000+00:00,0.0001,0.0
2022-07-16 00:00:00.021000+00:00,1657929600021,2022-07-16T00:00:00.021000+00:00,0.0001,0.0
2022-07-16 08:00:00.014000+00:00,1657958400014,2022-07-16T08:00:00.014000+00:00,0.0001,0.0
2022-07-16 16:00:00.005000+00:00,1657987200005,2022-07-16T16:00:00.005000+00:00,0.0001,0.0
2022-07-17 00:00:00+00:00,1658016000000,2022-07-17T00:00:00+00:00,0.0001,0.0
2022-07-17 08:00:00.003000+00:00,1658044800003,2022-07-17T08:00:00.003000+00:00,0.0001,0.0
2022-07-17 16:00:00.007000+00:00,1658073600007,2022-07-17T16:00:00.007000+00:00,8.166e-05,0.0
2022-07-18 00:00:00.001000+00:00,1658102400001,2022-07-18T00:00:00.001000+00:00,0.0001,0.0
2022-07-18 08:00:00.004000+00:00,1658131200004,2022-07-18T08:00:00.004000+00:00,0.0001,0.0
2022-07-18 16:00:00.019000+00:00,1658160000019,2022-07-18T16:00:00.019000+00:00,0.0001,0.0
2022-07-19 00:00:00+00:00,1658188800000,2022-07-19T00:00:00+00:00,0.0001,0.0
2022-07-19 08:00:00+00:00,1658217600000,2022-07-19T08:00:00+00:00,0.0001,0.0
2022-07-19 16:00:00.001000+00:00,1658246400001,2022-07-19T16:00:00.001000+00:00,0.0001,0.0
2022-07-20 00:00:00.004000+00:00,1658275200004,2022-07-20T00:00:00.004000+00:00,0.0001,0.0
2022-07-20 08:00:00+00:00,1658304000000,2022-07-20T08:00:00+00:00,0.0001,0.0
2022-07-20 16:00:00.003000+00:00,1658332800003,2022-07-20T16:00:00.003000+00:00,0.0001,0.0
2022-07-21 00:00:00+00:00,1658361600000,2022-07-21T00:00:00+00:00,0.0001,0.0
2022-07-21 08:00:00.018000+00:00,1658390400018,2022-07-21T08:00:00.018000+00:00,0.0001,0.0
2022-07-21 16:00:00.011000+00:00,1658419200011,2022-07-21T16:00:00.011000+00:00,0.0001,0.0
2022-07-22 00:00:00.014000+00:00,1658448000014,2022-07-22T00:00:00.014000+00:00,0.0001,0.0
2022-07-22 08:00:00+00:00,1658476800000,2022-07-22T08:00:00+00:00,0.0001,0.0
2022-07-22 16:00:00+00:00,1658505600000,2022-07-22T16:00:00+00:00,0.0001,0.0
2022-07-23 00:00:00.004000+00:00,1658534400004,2022-07-23T00:00:00.004000+00:00,5.293e-05,0.0
2022-07-23 08:00:00.002000+00:00,1658563200002,2022-07-23T08:00:00.002000+00:00,0.0001,0.0
2022-07-23 16:00:00.001000+00:00,1658592000001,2022-07-23T16:00:00.001000+00:00,0.0001,0.0
2022-07-24 00:00:00+00:00,1658620800000,2022-07-24T00:00:00+00:00,7.022e-05,0.0
2022-07-24 08:00:00.011000+00:00,1658649600011,2022-07-24T08:00:00.011000+00:00,0.0001,0.0
2022-07-24 16:00:00+00:00,1658678400000,2022-07-24T16:00:00+00:00,5.287e-05,0.0
2022-07-25 00:00:00+00:00,1658707200000,2022-07-25T00:00:00+00:00,0.0001,0.0
2022-07-25 08:00:00.014000+00:00,1658736000014,2022-07-25T08:00:00.014000+00:00,-0.0001053,0.0
2022-07-25 16:00:00.006000+00:00,1658764800006,2022-07-25T16:00:00.006000+00:00,6.983e-05,0.0
2022-07-26 00:00:00.010000+00:00,1658793600010,2022-07-26T00:00:00.010000+00:00,-2.608e-05,0.0
2022-07-26 08:00:00+00:00,1658822400000,2022-07-26T08:00:00+00:00,-6.995e-05,0.0
2022-07-26 16:00:00+00:00,1658851200000,2022-07-26T16:00:00+00:00,-8.017e-05,0.0
2022-07-27 00:00:00.008000+00:00,1658880000008,2022-07-27T00:00:00.008000+00:00,-2.886e-05,0.0
2022-07-27 08:00:00+00:00,1658908800000,2022-07-27T08:00:00+00:00,6.715e-05,0.0
2022-07-27 16:00:00.003000+00:00,1658937600003,2022-07-27T16:00:00.003000+00:00,5.673e-05,0.0
2022-07-28 00:00:00.009000+00:00,1658966400009,2022-07-28T00:00:00.009000+00:00,0.0001,0.0
2022-07-28 08:00:00.008000+00:00,1658995200008,2022-07-28T08:00:00.008000+00:00,0.0001,0.0
2022-07-28 16:00:00.013000+00:00,1659024000013,2022-07-28T16:00:00.013000+00:00,0.0001,0.0
2022-07-29 00:00:00+00:00,1659052800000,2022-07-29T00:00:00+00:00,0.0001,0.0
2022-07-29 08:00:00+00:00,1659081600000,2022-07-29T08:00:00+00:00,0.0001,0.0
2022-07-29 16:00:00+00:00,1659110400000,2022-07-29T16:00:00+00:00,0.0001,0.0
2022-07-30 00:00:00.005000+00:00,1659139200005,2022-07-30T00:00:00.005000+00:00,0.0001,0.0
2022-07-30 08:00:00.009000+00:00,1659168000009,2022-07-30T08:00:00.009000+00:00,0.0001,0.0
2022-07-30 16:00:00+00:00,1659196800000,2022-07-30T16:00:00+00:00,0.0001,0.0
2022-07-31 00:00:00.022000+00:00,1659225600022,2022-07-31T00:00:00.022000+00:00,0.0001,0.0
2022-07-31 08:00:00.011000+00:00,1659254400011,2022-07-31T08:00:00.011000+00:00,0.0001,0.0
2022-07-31 16:00:00.019000+00:00,1659283200019,2022-07-31T16:00:00.019000+00:00,0.0001,0.0
2022-08-01 00:00:00.010000+00:00,1659312000010,2022-08-01T00:00:00.010000+00:00,0.0001,0.0
2022-08-01 08:00:00.019000+00:00,1659340800019,2022-08-01T08:00:00.019000+00:00,0.0001,0.0
2022-08-01 16:00:00.017000+00:00,1659369600017,2022-08-01T16:00:00.017000+00:00,0.0001,0.0
2022-08-02 00:00:00+00:00,1659398400000,2022-08-02T00:00:00+00:00,0.0001,0.0
2022-08-02 08:00:00.007000+00:00,1659427200007,2022-08-02T08:00:00.007000+00:00,5.456e-05,0.0
2022-08-02 16:00:00.014000+00:00,1659456000014,2022-08-02T16:00:00.014000+00:00,0.0001,0.0
2022-08-03 00:00:00.001000+00:00,1659484800001,2022-08-03T00:00:00.001000+00:00,0.0001,0.0
2022-08-03 08:00:00.020000+00:00,1659513600020,2022-08-03T08:00:00.020000+00:00,6.18e-05,0.0
2022-08-03 16:00:00.008000+00:00,1659542400008,2022-08-03T16:00:00.008000+00:00,0.0001,0.0
2022-08-04 00:00:00.001000+00:00,1659571200001,2022-08-04T00:00:00.001000+00:00,8.423e-05,0.0
2022-08-04 08:00:00.009000+00:00,1659600000009,2022-08-04T08:00:00.009000+00:00,9.027e-05,0.0
2022-08-04 16:00:00.015000+00:00,1659628800015,2022-08-04T16:00:00.015000+00:00,0.0001,0.0
2022-08-05 00:00:00.005000+00:00,1659657600005,2022-08-05T00:00:00.005000+00:00,0.0001,0.0
2022-08-05 08:00:00+00:00,1659686400000,2022-08-05T08:00:00+00:00,0.0001,0.0
2022-08-05 16:00:00+00:00,1659715200000,2022-08-05T16:00:00+00:00,0.0001,0.0
2022-08-06 00:00:00.021000+00:00,1659744000021,2022-08-06T00:00:00.021000+00:00,0.0001,0.0
2022-08-06 08:00:00+00:00,1659772800000,2022-08-06T08:00:00+00:00,0.0001,0.0
2022-08-06 16:00:00.015000+00:00,1659801600015,2022-08-06T16:00:00.015000+00:00,0.0001,0.0
2022-08-07 00:00:00.013000+00:00,1659830400013,2022-08-07T00:00:00.013000+00:00,0.0001,0.0
2022-08-07 08:00:00+00:00,1659859200000,2022-08-07T08:00:00+00:00,0.0001,0.0
2022-08-07 16:00:00.014000+00:00,1659888000014,2022-08-07T16:00:00.014000+00:00,0.0001,0.0
2022-08-08 00:00:00.009000+00:00,1659916800009,2022-08-08T00:00:00.009000+00:00,0.0001,0.0
2022-08-08 08:00:00.006000+00:00,1659945600006,2022-08-08T08:00:00.006000+00:00,0.0001,0.0
2022-08-08 16:00:00+00:00,1659974400000,2022-08-08T16:00:00+00:00,0.0001,0.0
2022-08-09 00:00:00.020000+00:00,1660003200020,2022-08-09T00:00:00.020000+00:00,0.0001,0.0
2022-08-09 08:00:00+00:00,1660032000000,2022-08-09T08:00:00+00:00,0.0001,0.0
2022-08-09 16:00:00+00:00,1660060800000,2022-08-09T16:00:00+00:00,0.0001,0.0
2022-08-10 00:00:00+00:00,1660089600000,2022-08-10T00:00:00+00:00,8.95e-05,0.0
2022-08-10 08:00:00.016000+00:00,1660118400016,2022-08-10T08:00:00.016000+00:00,3.6e-05,0.0
2022-08-10 16:00:00.018000+00:00,1660147200018,2022-08-10T16:00:00.018000+00:00,0.0001,0.0
2022-08-11 00:00:00.012000+00:00,1660176000012,2022-08-11T00:00:00.012000+00:00,0.0001,0.0
2022-08-11 08:00:00+00:00,1660204800000,2022-08-11T08:00:00+00:00,0.0001,0.0
2022-08-11 16:00:00+00:00,1660233600000,2022-08-11T16:00:00+00:00,0.0001,0.0
2022-08-12 00:00:00.006000+00:00,1660262400006,2022-08-12T00:00:00.006000+00:00,0.0001,0.0
2022-08-12 08:00:00+00:00,1660291200000,2022-08-12T08:00:00+00:00,0.0001,0.0
2022-08-12 16:00:00.005000+00:00,1660320000005,2022-08-12T16:00:00.005000+00:00,0.0001,0.0
2022-08-13 00:00:00.012000+00:00,1660348800012,2022-08-13T00:00:00.012000+00:00,0.0001,0.0
2022-08-13 08:00:00.006000+00:00,1660377600006,2022-08-13T08:00:00.006000+00:00,0.0001,0.0
2022-08-13 16:00:00.018000+00:00,1660406400018,2022-08-13T16:00:00.018000+00:00,0.0001,0.0
2022-08-14 00:00:00+00:00,1660435200000,2022-08-14T00:00:00+00:00,0.0001,0.0
2022-08-14 08:00:00+00:00,1660464000000,2022-08-14T08:00:00+00:00,0.0001,0.0
2022-08-14 16:00:00+00:00,1660492800000,2022-08-14T16:00:00+00:00,0.0001,0.0
2022-08-15 00:00:00.010000+00:00,1660521600010,2022-08-15T00:00:00.010000+00:00,0.0001,0.0
2022-08-15 08:00:00.002000+00:00,1660550400002,2022-08-15T08:00:00.002000+00:00,0.0001,0.0
2022-08-15 16:00:00.010000+00:00,1660579200010,2022-08-15T16:00:00.010000+00:00,5.489e-05,0.0
2022-08-16 00:00:00.010000+00:00,1660608000010,2022-08-16T00:00:00.010000+00:00,0.0001,0.0
2022-08-16 08:00:00.002000+00:00,1660636800002,2022-08-16T08:00:00.002000+00:00,0.0001,0.0
2022-08-16 16:00:00+00:00,1660665600000,2022-08-16T16:00:00+00:00,0.0001,0.0
2022-08-17 00:00:00.020000+00:00,1660694400020,2022-08-17T00:00:00.020000+00:00,0.0001,0.0
2022-08-17 08:00:00.016000+00:00,1660723200016,2022-08-17T08:00:00.016000+00:00,6.043e-05,0.0
2022-08-17 16:00:00.001000+00:00,1660752000001,2022-08-17T16:00:00.001000+00:00,0.0001,0.0
2022-08-18 00:00:00.005000+00:00,1660780800005,2022-08-18T00:00:00.005000+00:00,0.0001,0.0
2022-08-18 08:00:00.012000+00:00,1660809600012,2022-08-18T08:00:00.012000+00:00,8.645e-05,0.0
2022-08-18 16:00:00.013000+00:00,1660838400013,2022-08-18T16:00:00.013000+00:00,0.0001,0.0
2022-08-19 00:00:00+00:00,1660867200000,2022-08-19T00:00:00+00:00,1.907e-05,0.0
2022-08-19 08:00:00+00:00,1660896000000,2022-08-19T08:00:00+00:00,-4.01e-06,0.0
2022-08-19 16:00:00.009000+00:00,1660924800009,2022-08-19T16:00:00.009000+00:00,-4.219e-05,0.0
2022-08-20 00:00:00+00:00,1660953600000,2022-08-20T00:00:00+00:00,2.839e-05,0.0
2022-08-20 08:00:00.005000+00:00,1660982400005,2022-08-20T08:00:00.005000+00:00,9.27e-06,0.0
2022-08-20 16:00:00+00:00,1661011200000,2022-08-20T16:00:00+00:00,2.136e-05,0.0
2022-08-21 00:00:00.010000+00:00,1661040000010,2022-08-21T00:00:00.010000+00:00,4.687e-05,0.0
2022-08-21 08:00:00.013000+00:00,1661068800013,2022-08-21T08:00:00.013000+00:00,-7.347e-05,0.0
2022-08-21 16:00:00+00:00,1661097600000,2022-08-21T16:00:00+00:00,-7.307e-05,0.0
2022-08-22 00:00:00.011000+00:00,1661126400011,2022-08-22T00:00:00.011000+00:00,-1.93e-06,0.0
2022-08-22 08:00:00.005000+00:00,1661155200005,2022-08-22T08:00:00.005000+00:00,-0.00012903,0.0
2022-08-22 16:00:00.005000+00:00,1661184000005,2022-08-22T16:00:00.005000+00:00,4.549e-05,0.0
2022-08-23 00:00:00+00:00,1661212800000,2022-08-23T00:00:00+00:00,8.619e-05,0.0
2022-08-23 08:00:00.021000+00:00,1661241600021,2022-08-23T08:00:00.021000+00:00,0.0001,0.0
2022-08-23 16:00:00.005000+00:00,1661270400005,2022-08-23T16:00:00.005000+00:00,0.0001,0.0
2022-08-24 00:00:00.017000+00:00,1661299200017,2022-08-24T00:00:00.017000+00:00,9.744e-05,0.0
2022-08-24 08:00:00.021000+00:00,1661328000021,2022-08-24T08:00:00.021000+00:00,8.204e-05,0.0
2022-08-24 16:00:00+00:00,1661356800000,2022-08-24T16:00:00+00:00,0.0001,0.0
2022-08-25 00:00:00.003000+00:00,1661385600003,2022-08-25T00:00:00.003000+00:00,5.554e-05,0.0
2022-08-25 08:00:00+00:00,1661414400000,2022-08-25T08:00:00+00:00,0.0001,0.0
2022-08-25 16:00:00.004000+00:00,1661443200004,2022-08-25T16:00:00.004000+00:00,-6.425e-05,0.0
2022-08-26 00:00:00.001000+00:00,1661472000001,2022-08-26T00:00:00.001000+00:00,5.585e-05,0.0
2022-08-26 08:00:00.004000+00:00,1661500800004,2022-08-26T08:00:00.004000+00:00,4.026e-05,0.0
2022-08-26 16:00:00+00:00,1661529600000,2022-08-26T16:00:00+00:00,-3.673e-05,0.0
2022-08-27 00:00:00.010000+00:00,1661558400010,2022-08-27T00:00:00.010000+00:00,-0.00010245,0.0
2022-08-27 08:00:00.007000+00:00,1661587200007,2022-08-27T08:00:00.007000+00:00,-0.0001028,0.0
2022-08-27 16:00:00.008000+00:00,1661616000008,2022-08-27T16:00:00.008000+00:00,6.454e-05,0.0
2022-08-28 00:00:00.019000+00:00,1661644800019,2022-08-28T00:00:00.019000+00:00,-0.00015685,0.0
2022-08-28 08:00:00+00:00,1661673600000,2022-08-28T08:00:00+00:00,-6.437e-05,0.0
2022-08-28 16:00:00+00:00,1661702400000,2022-08-28T16:00:00+00:00,-6.853e-05,0.0
2022-08-29 00:00:00+00:00,1661731200000,2022-08-29T00:00:00+00:00,-0.00010384,0.0
2022-08-29 08:00:00+00:00,1661760000000,2022-08-29T08:00:00+00:00,1.209e-05,0.0
2022-08-29 16:00:00.001000+00:00,1661788800001,2022-08-29T16:00:00.001000+00:00,-8.4e-05,0.0
2022-08-30 00:00:00.001000+00:00,1661817600001,2022-08-30T00:00:00.001000+00:00,2.13e-05,0.0
2022-08-30 08:00:00.005000+00:00,1661846400005,2022-08-30T08:00:00.005000+00:00,0.0001,0.0
2022-08-30 16:00:00.010000+00:00,1661875200010,2022-08-30T16:00:00.010000+00:00,3e-08,0.0
2022-08-31 00:00:00+00:00,1661904000000,2022-08-31T00:00:00+00:00,-0.00020424,0.0
2022-08-31 08:00:00.005000+00:00,1661932800005,2022-08-31T08:00:00.005000+00:00,6.565e-05,0.0
2022-08-31 16:00:00.013000+00:00,1661961600013,2022-08-31T16:00:00.013000+00:00,7.308e-05,0.0
2022-09-01 00:00:00.012000+00:00,1661990400012,2022-09-01T00:00:00.012000+00:00,-3.735e-05,0.0
2022-09-01 08:00:00+00:00,1662019200000,2022-09-01T08:00:00+00:00,-0.00022417,0.0
2022-09-01 16:00:00.013000+00:00,1662048000013,2022-09-01T16:00:00.013000+00:00,0.0001,0.0
2022-09-02 00:00:00.002000+00:00,1662076800002,2022-09-02T00:00:00.002000+00:00,9.171e-05,0.0
2022-09-02 08:00:00.013000+00:00,1662105600013,2022-09-02T08:00:00.013000+00:00,0.0001,0.0
2022-09-02 16:00:00+00:00,1662134400000,2022-09-02T16:00:00+00:00,4.088e-05,0.0
2022-09-03 00:00:00+00:00,1662163200000,2022-09-03T00:00:00+00:00,-6.894e-05,0.0
2022-09-03 08:00:00.002000+00:00,1662192000002,2022-09-03T08:00:00.002000+00:00,5.91e-05,0.0
2022-09-03 16:00:00.007000+00:00,1662220800007,2022-09-03T16:00:00.007000+00:00,0.0001,0.0
2022-09-04 00:00:00.008000+00:00,1662249600008,2022-09-04T00:00:00.008000+00:00,0.0001,0.0
2022-09-04 08:00:00.009000+00:00,1662278400009,2022-09-04T08:00:00.009000+00:00,6.186e-05,0.0
2022-09-04 16:00:00+00:00,1662307200000,2022-09-04T16:00:00+00:00,0.0001,0.0
2022-09-05 00:00:00.015000+00:00,1662336000015,2022-09-05T00:00:00.015000+00:00,0.0001,0.0
2022-09-05 08:00:00.013000+00:00,1662364800013,2022-09-05T08:00:00.013000+00:00,9.474e-05,0.0
2022-09-05 16:00:00.007000+00:00,1662393600007,2022-09-05T16:00:00.007000+00:00,8.716e-05,0.0
2022-09-06 00:00:00.018000+00:00,1662422400018,2022-09-06T00:00:00.018000+00:00,0.0001,0.0
2022-09-06 08:00:00.020000+00:00,1662451200020,2022-09-06T08:00:00.020000+00:00,0.0001,0.0
2022-09-06 16:00:00.028000+00:00,1662480000028,2022-09-06T16:00:00.028000+00:00,0.0001,0.0
2022-09-07 00:00:00.013000+00:00,1662508800013,2022-09-07T00:00:00.013000+00:00,-0.00028664,0.0
2022-09-07 08:00:00.022000+00:00,1662537600022,2022-09-07T08:00:00.022000+00:00,1.765e-05,0.0
2022-09-07 16:00:00.021000+00:00,1662566400021,2022-09-07T16:00:00.021000+00:00,0.0001,0.0
2022-09-08 00:00:00.010000+00:00,1662595200010,2022-09-08T00:00:00.010000+00:00,2.622e-05,0.0
2022-09-08 08:00:00+00:00,1662624000000,2022-09-08T08:00:00+00:00,0.0001,0.0
2022-09-08 16:00:00.003000+00:00,1662652800003,2022-09-08T16:00:00.003000+00:00,0.0001,0.0
2022-09-09 00:00:00.011000+00:00,1662681600011,2022-09-09T00:00:00.011000+00:00,0.0001,0.0
2022-09-09 08:00:00+00:00,1662710400000,2022-09-09T08:00:00+00:00,0.0001,0.0
2022-09-09 16:00:00+00:00,1662739200000,2022-09-09T16:00:00+00:00,0.0001,0.0
2022-09-10 00:00:00.003000+00:00,1662768000003,2022-09-10T00:00:00.003000+00:00,0.0001,0.0
2022-09-10 08:00:00+00:00,1662796800000,2022-09-10T08:00:00+00:00,0.0001,0.0
2022-09-10 16:00:00.012000+00:00,1662825600012,2022-09-10T16:00:00.012000+00:00,0.0001,0.0
2022-09-11 00:00:00.009000+00:00,1662854400009,2022-09-11T00:00:00.009000+00:00,0.0001,0.0
2022-09-11 08:00:00.012000+00:00,1662883200012,2022-09-11T08:00:00.012000+00:00,0.0001,0.0
2022-09-11 16:00:00.005000+00:00,1662912000005,2022-09-11T16:00:00.005000+00:00,0.0001,0.0
2022-09-12 00:00:00.007000+00:00,1662940800007,2022-09-12T00:00:00.007000+00:00,0.0001,0.0
2022-09-12 08:00:00.013000+00:00,1662969600013,2022-09-12T08:00:00.013000+00:00,4.763e-05,0.0
2022-09-12 16:00:00+00:00,1662998400000,2022-09-12T16:00:00+00:00,0.0001,0.0
2022-09-13 00:00:00.004000+00:00,1663027200004,2022-09-13T00:00:00.004000+00:00,0.0001,0.0
2022-09-13 08:00:00+00:00,1663056000000,2022-09-13T08:00:00+00:00,0.0001,0.0
2022-09-13 16:00:00+00:00,1663084800000,2022-09-13T16:00:00+00:00,1.757e-05,0.0
2022-09-14 00:00:00+00:00,1663113600000,2022-09-14T00:00:00+00:00,-4.792e-05,0.0
2022-09-14 08:00:00+00:00,1663142400000,2022-09-14T08:00:00+00:00,9.82e-06,0.0
2022-09-14 16:00:00+00:00,1663171200000,2022-09-14T16:00:00+00:00,0.0001,0.0
2022-09-15 00:00:00.019000+00:00,1663200000019,2022-09-15T00:00:00.019000+00:00,9.911e-05,0.0
2022-09-15 08:00:00.012000+00:00,1663228800012,2022-09-15T08:00:00.012000+00:00,7.927e-05,0.0
2022-09-15 16:00:00.007000+00:00,1663257600007,2022-09-15T16:00:00.007000+00:00,3.726e-05,0.0
2022-09-16 00:00:00+00:00,1663286400000,2022-09-16T00:00:00+00:00,-3.506e-05,0.0
2022-09-16 08:00:00+00:00,1663315200000,2022-09-16T08:00:00+00:00,5.805e-05,0.0
2022-09-16 16:00:00+00:00,1663344000000,2022-09-16T16:00:00+00:00,0.0001,0.0
2022-09-17 00:00:00+00:00,1663372800000,2022-09-17T00:00:00+00:00,3.348e-05,0.0
2022-09-17 08:00:00.012000+00:00,1663401600012,2022-09-17T08:00:00.012000+00:00,1.255e-05,0.0
2022-09-17 16:00:00.017000+00:00,1663430400017,2022-09-17T16:00:00.017000+00:00,4.695e-05,0.0
2022-09-18 00:00:00+00:00,1663459200000,2022-09-18T00:00:00+00:00,3.881e-05,0.0
2022-09-18 08:00:00.004000+00:00,1663488000004,2022-09-18T08:00:00.004000+00:00,0.0001,0.0
2022-09-18 16:00:00+00:00,1663516800000,2022-09-18T16:00:00+00:00,9.206e-05,0.0
2022-09-19 00:00:00.018000+00:00,1663545600018,2022-09-19T00:00:00.018000+00:00,-0.00013075,0.0
2022-09-19 08:00:00.006000+00:00,1663574400006,2022-09-19T08:00:00.006000+00:00,-3.26e-05,0.0
2022-09-19 16:00:00.010000+00:00,1663603200010,2022-09-19T16:00:00.010000+00:00,1.865e-05,0.0
2022-09-20 00:00:00.007000+00:00,1663632000007,2022-09-20T00:00:00.007000+00:00,-0.00010868,0.0
2022-09-20 08:00:00.001000+00:00,1663660800001,2022-09-20T08:00:00.001000+00:00,7.718e-05,0.0
2022-09-20 16:00:00+00:00,1663689600000,2022-09-20T16:00:00+00:00,6.233e-05,0.0
2022-09-21 00:00:00.001000+00:00,1663718400001,2022-09-21T00:00:00.001000+00:00,-7.45e-06,0.0
2022-09-21 08:00:00.005000+00:00,1663747200005,2022-09-21T08:00:00.005000+00:00,7.87e-06,0.0
2022-09-21 16:00:00+00:00,1663776000000,2022-09-21T16:00:00+00:00,-1.634e-05,0.0
2022-09-22 00:00:00+00:00,1663804800000,2022-09-22T00:00:00+00:00,-8.822e-05,0.0
2022-09-22 08:00:00+00:00,1663833600000,2022-09-22T08:00:00+00:00,-0.00016628,0.0
2022-09-22 16:00:00.011000+00:00,1663862400011,2022-09-22T16:00:00.011000+00:00,0.0001,0.0
2022-09-23 00:00:00.023000+00:00,1663891200023,2022-09-23T00:00:00.023000+00:00,6.074e-05,0.0
2022-09-23 08:00:00.004000+00:00,1663920000004,2022-09-23T08:00:00.004000+00:00,0.0001,0.0
2022-09-23 16:00:00.005000+00:00,1663948800005,2022-09-23T16:00:00.005000+00:00,0.0001,0.0
2022-09-24 00:00:00+00:00,1663977600000,2022-09-24T00:00:00+00:00,0.0001,0.0
2022-09-24 08:00:00.005000+00:00,1664006400005,2022-09-24T08:00:00.005000+00:00,0.0001,0.0
2022-09-24 16:00:00+00:00,1664035200000,2022-09-24T16:00:00+00:00,0.0001,0.0
2022-09-25 00:00:00.010000+00:00,1664064000010,2022-09-25T00:00:00.010000+00:00,8.661e-05,0.0
2022-09-25 08:00:00+00:00,1664092800000,2022-09-25T08:00:00+00:00,7.07e-06,0.0
2022-09-25 16:00:00.003000+00:00,1664121600003,2022-09-25T16:00:00.003000+00:00,-1.211e-05,0.0
2022-09-26 00:00:00.001000+00:00,1664150400001,2022-09-26T00:00:00.001000+00:00,1.793e-05,0.0
2022-09-26 08:00:00.006000+00:00,1664179200006,2022-09-26T08:00:00.006000+00:00,0.0001,0.0
2022-09-26 16:00:00+00:00,1664208000000,2022-09-26T16:00:00+00:00,9.286e-05,0.0
2022-09-27 00:00:00.026000+00:00,1664236800026,2022-09-27T00:00:00.026000+00:00,-3.276e-05,0.0
2022-09-27 08:00:00.004000+00:00,1664265600004,2022-09-27T08:00:00.004000+00:00,9.093e-05,0.0
2022-09-27 16:00:00.006000+00:00,1664294400006,2022-09-27T16:00:00.006000+00:00,6.875e-05,0.0
2022-09-28 00:00:00.011000+00:00,1664323200011,2022-09-28T00:00:00.011000+00:00,-3.591e-05,0.0
2022-09-28 08:00:00+00:00,1664352000000,2022-09-28T08:00:00+00:00,7.363e-05,0.0
2022-09-28 16:00:00+00:00,1664380800000,2022-09-28T16:00:00+00:00,6.59e-05,0.0
2022-09-29 00:00:00.010000+00:00,1664409600010,2022-09-29T00:00:00.010000+00:00,0.0001,0.0
2022-09-29 08:00:00+00:00,1664438400000,2022-09-29T08:00:00+00:00,0.0001,0.0
2022-09-29 16:00:00+00:00,1664467200000,2022-09-29T16:00:00+00:00,5.44e-05,0.0
2022-09-30 00:00:00.006000+00:00,1664496000006,2022-09-30T00:00:00.006000+00:00,8.766e-05,0.0
2022-09-30 08:00:00.002000+00:00,1664524800002,2022-09-30T08:00:00.002000+00:00,0.0001,0.0
2022-09-30 16:00:00.007000+00:00,1664553600007,2022-09-30T16:00:00.007000+00:00,0.0001,0.0
2022-10-01 00:00:00.008000+00:00,1664582400008,2022-10-01T00:00:00.008000+00:00,9.886e-05,0.0
2022-10-01 08:00:00.011000+00:00,1664611200011,2022-10-01T08:00:00.011000+00:00,0.0001,0.0
2022-10-01 16:00:00+00:00,1664640000000,2022-10-01T16:00:00+00:00,0.0001,0.0
2022-10-02 00:00:00+00:00,1664668800000,2022-10-02T00:00:00+00:00,-4.49e-06,0.0
2022-10-02 08:00:00+00:00,1664697600000,2022-10-02T08:00:00+00:00,0.0001,0.0
2022-10-02 16:00:00.006000+00:00,1664726400006,2022-10-02T16:00:00.006000+00:00,-3.257e-05,0.0
2022-10-03 00:00:00+00:00,1664755200000,2022-10-03T00:00:00+00:00,4.1e-06,0.0
2022-10-03 08:00:00.014000+00:00,1664784000014,2022-10-03T08:00:00.014000+00:00,0.0001,0.0
2022-10-03 16:00:00.010000+00:00,1664812800010,2022-10-03T16:00:00.010000+00:00,0.0001,0.0
2022-10-04 00:00:00.006000+00:00,1664841600006,2022-10-04T00:00:00.006000+00:00,0.0001,0.0
2022-10-04 08:00:00.004000+00:00,1664870400004,2022-10-04T08:00:00.004000+00:00,0.0001,0.0
2022-10-04 16:00:00.013000+00:00,1664899200013,2022-10-04T16:00:00.013000+00:00,0.0001,0.0
2022-10-05 00:00:00+00:00,1664928000000,2022-10-05T00:00:00+00:00,0.0001,0.0
2022-10-05 08:00:00+00:00,1664956800000,2022-10-05T08:00:00+00:00,0.0001,0.0
2022-10-05 16:00:00.012000+00:00,1664985600012,2022-10-05T16:00:00.012000+00:00,0.0001,0.0
2022-10-06 00:00:00.008000+00:00,1665014400008,2022-10-06T00:00:00.008000+00:00,6.618e-05,0.0
2022-10-06 08:00:00.002000+00:00,1665043200002,2022-10-06T08:00:00.002000+00:00,0.0001,0.0
2022-10-06 16:00:00.006000+00:00,1665072000006,2022-10-06T16:00:00.006000+00:00,0.0001,0.0
2022-10-07 00:00:00+00:00,1665100800000,2022-10-07T00:00:00+00:00,0.0001,0.0
2022-10-07 08:00:00+00:00,1665129600000,2022-10-07T08:00:00+00:00,0.0001,0.0
2022-10-07 16:00:00.007000+00:00,1665158400007,2022-10-07T16:00:00.007000+00:00,0.0001,0.0
2022-10-08 00:00:00.010000+00:00,1665187200010,2022-10-08T00:00:00.010000+00:00,2.276e-05,0.0
2022-10-08 08:00:00.004000+00:00,1665216000004,2022-10-08T08:00:00.004000+00:00,0.0001,0.0
2022-10-08 16:00:00.018000+00:00,1665244800018,2022-10-08T16:00:00.018000+00:00,0.0001,0.0
2022-10-09 00:00:00+00:00,1665273600000,2022-10-09T00:00:00+00:00,1.879e-05,0.0
2022-10-09 08:00:00.007000+00:00,1665302400007,2022-10-09T08:00:00.007000+00:00,0.0001,0.0
2022-10-09 16:00:00.011000+00:00,1665331200011,2022-10-09T16:00:00.011000+00:00,0.0001,0.0
2022-10-10 00:00:00.018000+00:00,1665360000018,2022-10-10T00:00:00.018000+00:00,0.0001,0.0
2022-10-10 08:00:00+00:00,1665388800000,2022-10-10T08:00:00+00:00,6.529e-05,0.0
2022-10-10 16:00:00.026000+00:00,1665417600026,2022-10-10T16:00:00.026000+00:00,0.0001,0.0
2022-10-11 00:00:00.020000+00:00,1665446400020,2022-10-11T00:00:00.020000+00:00,0.0001,0.0
2022-10-11 08:00:00.027000+00:00,1665475200027,2022-10-11T08:00:00.027000+00:00,8.319e-05,0.0
2022-10-11 16:00:00+00:00,1665504000000,2022-10-11T16:00:00+00:00,2.781e-05,0.0
2022-10-12 00:00:00.014000+00:00,1665532800014,2022-10-12T00:00:00.014000+00:00,0.0001,0.0
2022-10-12 08:00:00+00:00,1665561600000,2022-10-12T08:00:00+00:00,4.238e-05,0.0
2022-10-12 16:00:00+00:00,1665590400000,2022-10-12T16:00:00+00:00,0.0001,0.0
2022-10-13 00:00:00.013000+00:00,1665619200013,2022-10-13T00:00:00.013000+00:00,0.0001,0.0
2022-10-13 08:00:00.016000+00:00,1665648000016,2022-10-13T08:00:00.016000+00:00,4.274e-05,0.0
2022-10-13 16:00:00.009000+00:00,1665676800009,2022-10-13T16:00:00.009000+00:00,-8.445e-05,0.0
2022-10-14 00:00:00.020000+00:00,1665705600020,2022-10-14T00:00:00.020000+00:00,8.771e-05,0.0
2022-10-14 08:00:00+00:00,1665734400000,2022-10-14T08:00:00+00:00,0.0001,0.0
2022-10-14 16:00:00.009000+00:00,1665763200009,2022-10-14T16:00:00.009000+00:00,8.674e-05,0.0
2022-10-15 00:00:00.001000+00:00,1665792000001,2022-10-15T00:00:00.001000+00:00,7.544e-05,0.0
2022-10-15 08:00:00.005000+00:00,1665820800005,2022-10-15T08:00:00.005000+00:00,2.187e-05,0.0
2022-10-15 16:00:00.004000+00:00,1665849600004,2022-10-15T16:00:00.004000+00:00,8.977e-05,0.0
2022-10-16 00:00:00.012000+00:00,1665878400012,2022-10-16T00:00:00.012000+00:00,0.0001,0.0
2022-10-16 08:00:00+00:00,1665907200000,2022-10-16T08:00:00+00:00,0.0001,0.0
2022-10-16 16:00:00.010000+00:00,1665936000010,2022-10-16T16:00:00.010000+00:00,9.185e-05,0.0
2022-10-17 00:00:00.012000+00:00,1665964800012,2022-10-17T00:00:00.012000+00:00,5.496e-05,0.0
2022-10-17 08:00:00.010000+00:00,1665993600010,2022-10-17T08:00:00.010000+00:00,7.582e-05,0.0
2022-10-17 16:00:00.017000+00:00,1666022400017,2022-10-17T16:00:00.017000+00:00,9.575e-05,0.0
2022-10-18 00:00:00.010000+00:00,1666051200010,2022-10-18T00:00:00.010000+00:00,9.065e-05,0.0
2022-10-18 08:00:00.008000+00:00,1666080000008,2022-10-18T08:00:00.008000+00:00,0.0001,0.0
2022-10-18 16:00:00+00:00,1666108800000,2022-10-18T16:00:00+00:00,6.128e-05,0.0
2022-10-19 00:00:00.007000+00:00,1666137600007,2022-10-19T00:00:00.007000+00:00,6.825e-05,0.0
2022-10-19 08:00:00.022000+00:00,1666166400022,2022-10-19T08:00:00.022000+00:00,0.0001,0.0
2022-10-19 16:00:00.016000+00:00,1666195200016,2022-10-19T16:00:00.016000+00:00,0.0001,0.0
2022-10-20 00:00:00+00:00,1666224000000,2022-10-20T00:00:00+00:00,3.072e-05,0.0
2022-10-20 08:00:00.013000+00:00,1666252800013,2022-10-20T08:00:00.013000+00:00,0.0001,0.0
2022-10-20 16:00:00+00:00,1666281600000,2022-10-20T16:00:00+00:00,3.343e-05,0.0
2022-10-21 00:00:00.005000+00:00,1666310400005,2022-10-21T00:00:00.005000+00:00,0.0001,0.0
2022-10-21 08:00:00.018000+00:00,1666339200018,2022-10-21T08:00:00.018000+00:00,2.123e-05,0.0
2022-10-21 16:00:00+00:00,1666368000000,2022-10-21T16:00:00+00:00,3.731e-05,0.0
2022-10-22 00:00:00+00:00,1666396800000,2022-10-22T00:00:00+00:00,2.028e-05,0.0
2022-10-22 08:00:00.015000+00:00,1666425600015,2022-10-22T08:00:00.015000+00:00,0.0001,0.0
2022-10-22 16:00:00+00:00,1666454400000,2022-10-22T16:00:00+00:00,0.0001,0.0
2022-10-23 00:00:00.025000+00:00,1666483200025,2022-10-23T00:00:00.025000+00:00,0.0001,0.0
2022-10-23 08:00:00+00:00,1666512000000,2022-10-23T08:00:00+00:00,0.0001,0.0
2022-10-23 16:00:00.004000+00:00,1666540800004,2022-10-23T16:00:00.004000+00:00,0.0001,0.0
2022-10-24 00:00:00.009000+00:00,1666569600009,2022-10-24T00:00:00.009000+00:00,0.0001,0.0
2022-10-24 08:00:00.012000+00:00,1666598400012,2022-10-24T08:00:00.012000+00:00,0.0001,0.0
2022-10-24 16:00:00.002000+00:00,1666627200002,2022-10-24T16:00:00.002000+00:00,0.0001,0.0
2022-10-25 00:00:00.013000+00:00,1666656000013,2022-10-25T00:00:00.013000+00:00,3.613e-05,0.0
2022-10-25 08:00:00.013000+00:00,1666684800013,2022-10-25T08:00:00.013000+00:00,0.0001,0.0
2022-10-25 16:00:00+00:00,1666713600000,2022-10-25T16:00:00+00:00,0.0001,0.0
2022-10-26 00:00:00.006000+00:00,1666742400006,2022-10-26T00:00:00.006000+00:00,0.0001,0.0
2022-10-26 08:00:00.013000+00:00,1666771200013,2022-10-26T08:00:00.013000+00:00,0.0001,0.0
2022-10-26 16:00:00+00:00,1666800000000,2022-10-26T16:00:00+00:00,0.0001,0.0
2022-10-27 00:00:00.009000+00:00,1666828800009,2022-10-27T00:00:00.009000+00:00,0.0001,0.0
2022-10-27 08:00:00.006000+00:00,1666857600006,2022-10-27T08:00:00.006000+00:00,0.0001,0.0
2022-10-27 16:00:00.009000+00:00,1666886400009,2022-10-27T16:00:00.009000+00:00,0.0001,0.0
2022-10-28 00:00:00+00:00,1666915200000,2022-10-28T00:00:00+00:00,2.671e-05,0.0
2022-10-28 08:00:00+00:00,1666944000000,2022-10-28T08:00:00+00:00,7.286e-05,0.0
2022-10-28 16:00:00.007000+00:00,1666972800007,2022-10-28T16:00:00.007000+00:00,-5.875e-05,0.0
2022-10-29 00:00:00+00:00,1667001600000,2022-10-29T00:00:00+00:00,-1.308e-05,0.0
2022-10-29 08:00:00.003000+00:00,1667030400003,2022-10-29T08:00:00.003000+00:00,-9.971e-05,0.0
2022-10-29 16:00:00.010000+00:00,1667059200010,2022-10-29T16:00:00.010000+00:00,-8.916e-05,0.0
2022-10-30 00:00:00+00:00,1667088000000,2022-10-30T00:00:00+00:00,0.0001,0.0
2022-10-30 08:00:00.013000+00:00,1667116800013,2022-10-30T08:00:00.013000+00:00,3.045e-05,0.0
2022-10-30 16:00:00.009000+00:00,1667145600009,2022-10-30T16:00:00.009000+00:00,0.0001,0.0
2022-10-31 00:00:00.012000+00:00,1667174400012,2022-10-31T00:00:00.012000+00:00,9.298e-05,0.0
2022-10-31 08:00:00+00:00,1667203200000,2022-10-31T08:00:00+00:00,3.97e-05,0.0
2022-10-31 16:00:00.010000+00:00,1667232000010,2022-10-31T16:00:00.010000+00:00,0.0001,0.0
2022-11-01 00:00:00+00:00,1667260800000,2022-11-01T00:00:00+00:00,6.58e-05,0.0
2022-11-01 08:00:00+00:00,1667289600000,2022-11-01T08:00:00+00:00,5.579e-05,0.0
2022-11-01 16:00:00+00:00,1667318400000,2022-11-01T16:00:00+00:00,5.6e-05,0.0
2022-11-02 00:00:00+00:00,1667347200000,2022-11-02T00:00:00+00:00,2.22e-06,0.0
2022-11-02 08:00:00+00:00,1667376000000,2022-11-02T08:00:00+00:00,2.898e-05,0.0
2022-11-02 16:00:00.019000+00:00,1667404800019,2022-11-02T16:00:00.019000+00:00,-2.083e-05,0.0
2022-11-03 00:00:00.011000+00:00,1667433600011,2022-11-03T00:00:00.011000+00:00,-4.251e-05,0.0
2022-11-03 08:00:00.016000+00:00,1667462400016,2022-11-03T08:00:00.016000+00:00,7.348e-05,0.0
2022-11-03 16:00:00.005000+00:00,1667491200005,2022-11-03T16:00:00.005000+00:00,4.717e-05,0.0
2022-11-04 00:00:00+00:00,1667520000000,2022-11-04T00:00:00+00:00,-2.24e-05,0.0
2022-11-04 08:00:00.004000+00:00,1667548800004,2022-11-04T08:00:00.004000+00:00,5.436e-05,0.0
2022-11-04 16:00:00.020000+00:00,1667577600020,2022-11-04T16:00:00.020000+00:00,7.286e-05,0.0
2022-11-05 00:00:00.009000+00:00,1667606400009,2022-11-05T00:00:00.009000+00:00,8.258e-05,0.0
2022-11-05 08:00:00.007000+00:00,1667635200007,2022-11-05T08:00:00.007000+00:00,0.0001,0.0
2022-11-05 16:00:00.018000+00:00,1667664000018,2022-11-05T16:00:00.018000+00:00,0.0001,0.0
2022-11-06 00:00:00.009000+00:00,1667692800009,2022-11-06T00:00:00.009000+00:00,7.383e-05,0.0
2022-11-06 08:00:00+00:00,1667721600000,2022-11-06T08:00:00+00:00,0.0001,0.0
2022-11-06 16:00:00.010000+00:00,1667750400010,2022-11-06T16:00:00.010000+00:00,0.0001,0.0
2022-11-07 00:00:00.012000+00:00,1667779200012,2022-11-07T00:00:00.012000+00:00,-7.561e-05,0.0
2022-11-07 08:00:00.014000+00:00,1667808000014,2022-11-07T08:00:00.014000+00:00,0.0001,0.0
2022-11-07 16:00:00.006000+00:00,1667836800006,2022-11-07T16:00:00.006000+00:00,0.0001,0.0
2022-11-08 00:00:00+00:00,1667865600000,2022-11-08T00:00:00+00:00,0.0001,0.0
2022-11-08 08:00:00.001000+00:00,1667894400001,2022-11-08T08:00:00.001000+00:00,-5.846e-05,0.0
2022-11-08 16:00:00.005000+00:00,1667923200005,2022-11-08T16:00:00.005000+00:00,-3.19e-06,0.0
2022-11-09 00:00:00+00:00,1667952000000,2022-11-09T00:00:00+00:00,-0.00050955,0.0
2022-11-09 08:00:00.013000+00:00,1667980800013,2022-11-09T08:00:00.013000+00:00,-1.886e-05,0.0
2022-11-09 16:00:00.004000+00:00,1668009600004,2022-11-09T16:00:00.004000+00:00,8.74e-05,0.0
2022-11-10 00:00:00.006000+00:00,1668038400006,2022-11-10T00:00:00.006000+00:00,-7.545e-05,0.0
2022-11-10 08:00:00+00:00,1668067200000,2022-11-10T08:00:00+00:00,8.537e-05,0.0
2022-11-10 16:00:00.015000+00:00,1668096000015,2022-11-10T16:00:00.015000+00:00,0.0001,0.0
2022-11-11 00:00:00+00:00,1668124800000,2022-11-11T00:00:00+00:00,2.24e-05,0.0
2022-11-11 08:00:00.015000+00:00,1668153600015,2022-11-11T08:00:00.015000+00:00,8.625e-05,0.0
2022-11-11 16:00:00.027000+00:00,1668182400027,2022-11-11T16:00:00.027000+00:00,6.891e-05,0.0
2022-11-12 00:00:00.007000+00:00,1668211200007,2022-11-12T00:00:00.007000+00:00,5.398e-05,0.0
2022-11-12 08:00:00.016000+00:00,1668240000016,2022-11-12T08:00:00.016000+00:00,-2.2e-06,0.0
2022-11-12 16:00:00+00:00,1668268800000,2022-11-12T16:00:00+00:00,5.228e-05,0.0
2022-11-13 00:00:00.004000+00:00,1668297600004,2022-11-13T00:00:00.004000+00:00,-7.711e-05,0.0
2022-11-13 08:00:00+00:00,1668326400000,2022-11-13T08:00:00+00:00,-5.068e-05,0.0
2022-11-13 16:00:00.017000+00:00,1668355200017,2022-11-13T16:00:00.017000+00:00,0.0001,0.0
2022-11-14 00:00:00+00:00,1668384000000,2022-11-14T00:00:00+00:00,0.0001,0.0
2022-11-14 08:00:00+00:00,1668412800000,2022-11-14T08:00:00+00:00,7.51e-06,0.0
2022-11-14 16:00:00+00:00,1668441600000,2022-11-14T16:00:00+00:00,9.715e-05,0.0
2022-11-15 00:00:00.014000+00:00,1668470400014,2022-11-15T00:00:00.014000+00:00,0.0001,0.0
2022-11-15 08:00:00.009000+00:00,1668499200009,2022-11-15T08:00:00.009000+00:00,0.0001,0.0
2022-11-15 16:00:00.010000+00:00,1668528000010,2022-11-15T16:00:00.010000+00:00,0.0001,0.0
2022-11-16 00:00:00.011000+00:00,1668556800011,2022-11-16T00:00:00.011000+00:00,8.109e-05,0.0
2022-11-16 08:00:00.004000+00:00,1668585600004,2022-11-16T08:00:00.004000+00:00,0.0001,0.0
2022-11-16 16:00:00.008000+00:00,1668614400008,2022-11-16T16:00:00.008000+00:00,-3.17e-05,0.0
2022-11-17 00:00:00+00:00,1668643200000,2022-11-17T00:00:00+00:00,-5.898e-05,0.0
2022-11-17 08:00:00+00:00,1668672000000,2022-11-17T08:00:00+00:00,0.0001,0.0
2022-11-17 16:00:00.006000+00:00,1668700800006,2022-11-17T16:00:00.006000+00:00,-3.439e-05,0.0
2022-11-18 00:00:00.004000+00:00,1668729600004,2022-11-18T00:00:00.004000+00:00,-0.00010331,0.0
2022-11-18 08:00:00.016000+00:00,1668758400016,2022-11-18T08:00:00.016000+00:00,0.0001,0.0
2022-11-18 16:00:00+00:00,1668787200000,2022-11-18T16:00:00+00:00,5.523e-05,0.0
2022-11-19 00:00:00+00:00,1668816000000,2022-11-19T00:00:00+00:00,9.829e-05,0.0
2022-11-19 08:00:00.004000+00:00,1668844800004,2022-11-19T08:00:00.004000+00:00,0.0001,0.0
2022-11-19 16:00:00.024000+00:00,1668873600024,2022-11-19T16:00:00.024000+00:00,2.755e-05,0.0
2022-11-20 00:00:00.015000+00:00,1668902400015,2022-11-20T00:00:00.015000+00:00,3.878e-05,0.0
2022-11-20 08:00:00.004000+00:00,1668931200004,2022-11-20T08:00:00.004000+00:00,0.0001,0.0
2022-11-20 16:00:00+00:00,1668960000000,2022-11-20T16:00:00+00:00,6.379e-05,0.0
2022-11-21 00:00:00.006000+00:00,1668988800006,2022-11-21T00:00:00.006000+00:00,-0.00012811,0.0
2022-11-21 08:00:00.015000+00:00,1669017600015,2022-11-21T08:00:00.015000+00:00,-7.367e-05,0.0
2022-11-21 16:00:00+00:00,1669046400000,2022-11-21T16:00:00+00:00,-2.739e-05,0.0
2022-11-22 00:00:00+00:00,1669075200000,2022-11-22T00:00:00+00:00,-6.418e-05,0.0
2022-11-22 08:00:00+00:00,1669104000000,2022-11-22T08:00:00+00:00,0.0001,0.0
2022-11-22 16:00:00+00:00,1669132800000,2022-11-22T16:00:00+00:00,7.556e-05,0.0
2022-11-23 00:00:00+00:00,1669161600000,2022-11-23T00:00:00+00:00,0.0001,0.0
2022-11-23 08:00:00.011000+00:00,1669190400011,2022-11-23T08:00:00.011000+00:00,0.0001,0.0
2022-11-23 16:00:00.014000+00:00,1669219200014,2022-11-23T16:00:00.014000+00:00,5.063e-05,0.0
2022-11-24 00:00:00.007000+00:00,1669248000007,2022-11-24T00:00:00.007000+00:00,0.0001,0.0
2022-11-24 08:00:00.014000+00:00,1669276800014,2022-11-24T08:00:00.014000+00:00,2.316e-05,0.0
2022-11-24 16:00:00.013000+00:00,1669305600013,2022-11-24T16:00:00.013000+00:00,6.684e-05,0.0
2022-11-25 00:00:00.004000+00:00,1669334400004,2022-11-25T00:00:00.004000+00:00,0.0001,0.0
2022-11-25 08:00:00.015000+00:00,1669363200015,2022-11-25T08:00:00.015000+00:00,7.456e-05,0.0
2022-11-25 16:00:00+00:00,1669392000000,2022-11-25T16:00:00+00:00,6.3e-05,0.0
2022-11-26 00:00:00.011000+00:00,1669420800011,2022-11-26T00:00:00.011000+00:00,7.781e-05,0.0
2022-11-26 08:00:00+00:00,1669449600000,2022-11-26T08:00:00+00:00,7.728e-05,0.0
2022-11-26 16:00:00+00:00,1669478400000,2022-11-26T16:00:00+00:00,0.0001,0.0
2022-11-27 00:00:00.012000+00:00,1669507200012,2022-11-27T00:00:00.012000+00:00,0.0001,0.0
2022-11-27 08:00:00+00:00,1669536000000,2022-11-27T08:00:00+00:00,3.258e-05,0.0
2022-11-27 16:00:00.003000+00:00,1669564800003,2022-11-27T16:00:00.003000+00:00,0.0001,0.0
2022-11-28 00:00:00.015000+00:00,1669593600015,2022-11-28T00:00:00.015000+00:00,0.0001,0.0
2022-11-28 08:00:00.004000+00:00,1669622400004,2022-11-28T08:00:00.004000+00:00,-0.00010612,0.0
2022-11-28 16:00:00.011000+00:00,1669651200011,2022-11-28T16:00:00.011000+00:00,1.741e-05,0.0
2022-11-29 00:00:00+00:00,1669680000000,2022-11-29T00:00:00+00:00,0.0001,0.0
2022-11-29 08:00:00.015000+00:00,1669708800015,2022-11-29T08:00:00.015000+00:00,0.0001,0.0
2022-11-29 16:00:00+00:00,1669737600000,2022-11-29T16:00:00+00:00,0.0001,0.0
2022-11-30 00:00:00.007000+00:00,1669766400007,2022-11-30T00:00:00.007000+00:00,2.614e-05,0.0
2022-11-30 08:00:00+00:00,1669795200000,2022-11-30T08:00:00+00:00,4.193e-05,0.0
2022-11-30 16:00:00.015000+00:00,1669824000015,2022-11-30T16:00:00.015000+00:00,4.777e-05,0.0
2022-12-01 00:00:00.001000+00:00,1669852800001,2022-12-01T00:00:00.001000+00:00,-1.019e-05,0.0
2022-12-01 08:00:00.006000+00:00,1669881600006,2022-12-01T08:00:00.006000+00:00,4.589e-05,0.0
2022-12-01 16:00:00+00:00,1669910400000,2022-12-01T16:00:00+00:00,4.28e-06,0.0
2022-12-02 00:00:00.001000+00:00,1669939200001,2022-12-02T00:00:00.001000+00:00,7.5e-07,0.0
2022-12-02 08:00:00.016000+00:00,1669968000016,2022-12-02T08:00:00.016000+00:00,-2.68e-05,0.0
2022-12-02 16:00:00.017000+00:00,1669996800017,2022-12-02T16:00:00.017000+00:00,-3.821e-05,0.0
2022-12-03 00:00:00.006000+00:00,1670025600006,2022-12-03T00:00:00.006000+00:00,-7.544e-05,0.0
2022-12-03 08:00:00+00:00,1670054400000,2022-12-03T08:00:00+00:00,2.542e-05,0.0
2022-12-03 16:00:00.011000+00:00,1670083200011,2022-12-03T16:00:00.011000+00:00,2.729e-05,0.0
2022-12-04 00:00:00.006000+00:00,1670112000006,2022-12-04T00:00:00.006000+00:00,7.694e-05,0.0
2022-12-04 08:00:00+00:00,1670140800000,2022-12-04T08:00:00+00:00,4.658e-05,0.0
2022-12-04 16:00:00.006000+00:00,1670169600006,2022-12-04T16:00:00.006000+00:00,7.611e-05,0.0
2022-12-05 00:00:00.002000+00:00,1670198400002,2022-12-05T00:00:00.002000+00:00,3.75e-06,0.0
2022-12-05 08:00:00.011000+00:00,1670227200011,2022-12-05T08:00:00.011000+00:00,7.264e-05,0.0
2022-12-05 16:00:00.008000+00:00,1670256000008,2022-12-05T16:00:00.008000+00:00,7.643e-05,0.0
2022-12-06 00:00:00.014000+00:00,1670284800014,2022-12-06T00:00:00.014000+00:00,2.34e-06,0.0
2022-12-06 08:00:00.027000+00:00,1670313600027,2022-12-06T08:00:00.027000+00:00,3.078e-05,0.0
2022-12-06 16:00:00.009000+00:00,1670342400009,2022-12-06T16:00:00.009000+00:00,6.644e-05,0.0
2022-12-07 00:00:00+00:00,1670371200000,2022-12-07T00:00:00+00:00,-3.22e-06,0.0
2022-12-07 08:00:00+00:00,1670400000000,2022-12-07T08:00:00+00:00,3.986e-05,0.0
2022-12-07 16:00:00+00:00,1670428800000,2022-12-07T16:00:00+00:00,-6.034e-05,0.0
2022-12-08 00:00:00.006000+00:00,1670457600006,2022-12-08T00:00:00.006000+00:00,4.298e-05,0.0
2022-12-08 08:00:00+00:00,1670486400000,2022-12-08T08:00:00+00:00,3.105e-05,0.0
2022-12-08 16:00:00.014000+00:00,1670515200014,2022-12-08T16:00:00.014000+00:00,3.676e-05,0.0
2022-12-09 00:00:00.017000+00:00,1670544000017,2022-12-09T00:00:00.017000+00:00,-2.2e-05,0.0
2022-12-09 08:00:00.005000+00:00,1670572800005,2022-12-09T08:00:00.005000+00:00,7.291e-05,0.0
2022-12-09 16:00:00+00:00,1670601600000,2022-12-09T16:00:00+00:00,0.0001,0.0
2022-12-10 00:00:00.009000+00:00,1670630400009,2022-12-10T00:00:00.009000+00:00,-9.23e-06,0.0
2022-12-10 08:00:00.010000+00:00,1670659200010,2022-12-10T08:00:00.010000+00:00,0.0001,0.0
2022-12-10 16:00:00.001000+00:00,1670688000001,2022-12-10T16:00:00.001000+00:00,0.0001,0.0
2022-12-11 00:00:00.011000+00:00,1670716800011,2022-12-11T00:00:00.011000+00:00,7.729e-05,0.0
2022-12-11 08:00:00.007000+00:00,1670745600007,2022-12-11T08:00:00.007000+00:00,0.0001,0.0
2022-12-11 16:00:00.011000+00:00,1670774400011,2022-12-11T16:00:00.011000+00:00,4.295e-05,0.0
2022-12-12 00:00:00+00:00,1670803200000,2022-12-12T00:00:00+00:00,5.732e-05,0.0
2022-12-12 08:00:00.004000+00:00,1670832000004,2022-12-12T08:00:00.004000+00:00,-0.0001668,0.0
2022-12-12 16:00:00+00:00,1670860800000,2022-12-12T16:00:00+00:00,2.89e-06,0.0
2022-12-13 00:00:00+00:00,1670889600000,2022-12-13T00:00:00+00:00,-1.513e-05,0.0
2022-12-13 08:00:00.018000+00:00,1670918400018,2022-12-13T08:00:00.018000+00:00,0.0001,0.0
2022-12-13 16:00:00.011000+00:00,1670947200011,2022-12-13T16:00:00.011000+00:00,0.0001,0.0
2022-12-14 00:00:00.010000+00:00,1670976000010,2022-12-14T00:00:00.010000+00:00,0.0001,0.0
2022-12-14 08:00:00.015000+00:00,1671004800015,2022-12-14T08:00:00.015000+00:00,0.0001,0.0
2022-12-14 16:00:00.004000+00:00,1671033600004,2022-12-14T16:00:00.004000+00:00,0.0001,0.0
2022-12-15 00:00:00+00:00,1671062400000,2022-12-15T00:00:00+00:00,-4.03e-06,0.0
2022-12-15 08:00:00.023000+00:00,1671091200023,2022-12-15T08:00:00.023000+00:00,0.0001,0.0
2022-12-15 16:00:00.010000+00:00,1671120000010,2022-12-15T16:00:00.010000+00:00,0.0001,0.0
2022-12-16 00:00:00.016000+00:00,1671148800016,2022-12-16T00:00:00.016000+00:00,8.904e-05,0.0
2022-12-16 08:00:00.011000+00:00,1671177600011,2022-12-16T08:00:00.011000+00:00,0.0001,0.0
2022-12-16 16:00:00.001000+00:00,1671206400001,2022-12-16T16:00:00.001000+00:00,3.45e-05,0.0
2022-12-17 00:00:00.001000+00:00,1671235200001,2022-12-17T00:00:00.001000+00:00,-0.000242,0.0
2022-12-17 08:00:00.011000+00:00,1671264000011,2022-12-17T08:00:00.011000+00:00,3.3e-07,0.0
2022-12-17 16:00:00.011000+00:00,1671292800011,2022-12-17T16:00:00.011000+00:00,8.889e-05,0.0
2022-12-18 00:00:00.008000+00:00,1671321600008,2022-12-18T00:00:00.008000+00:00,4.07e-06,0.0
2022-12-18 08:00:00.001000+00:00,1671350400001,2022-12-18T08:00:00.001000+00:00,-1.75e-06,0.0
2022-12-18 16:00:00.012000+00:00,1671379200012,2022-12-18T16:00:00.012000+00:00,0.0001,0.0
2022-12-19 00:00:00+00:00,1671408000000,2022-12-19T00:00:00+00:00,2.89e-05,0.0
2022-12-19 08:00:00+00:00,1671436800000,2022-12-19T08:00:00+00:00,9.81e-05,0.0
2022-12-19 16:00:00+00:00,1671465600000,2022-12-19T16:00:00+00:00,4.904e-05,0.0
2022-12-20 00:00:00.005000+00:00,1671494400005,2022-12-20T00:00:00.005000+00:00,-0.00019097,0.0
2022-12-20 08:00:00.016000+00:00,1671523200016,2022-12-20T08:00:00.016000+00:00,3.467e-05,0.0
2022-12-20 16:00:00+00:00,1671552000000,2022-12-20T16:00:00+00:00,1.596e-05,0.0
2022-12-21 00:00:00.007000+00:00,1671580800007,2022-12-21T00:00:00.007000+00:00,2.137e-05,0.0
2022-12-21 08:00:00.012000+00:00,1671609600012,2022-12-21T08:00:00.012000+00:00,-1.481e-05,0.0
2022-12-21 16:00:00.017000+00:00,1671638400017,2022-12-21T16:00:00.017000+00:00,6.246e-05,0.0
2022-12-22 00:00:00.004000+00:00,1671667200004,2022-12-22T00:00:00.004000+00:00,4.271e-05,0.0
2022-12-22 08:00:00+00:00,1671696000000,2022-12-22T08:00:00+00:00,-4.866e-05,0.0
2022-12-22 16:00:00.001000+00:00,1671724800001,2022-12-22T16:00:00.001000+00:00,-5.058e-05,0.0
2022-12-23 00:00:00.018000+00:00,1671753600018,2022-12-23T00:00:00.018000+00:00,-1.697e-05,0.0
2022-12-23 08:00:00+00:00,1671782400000,2022-12-23T08:00:00+00:00,-2.918e-05,0.0
2022-12-23 16:00:00+00:00,1671811200000,2022-12-23T16:00:00+00:00,3.129e-05,0.0
2022-12-24 00:00:00.001000+00:00,1671840000001,2022-12-24T00:00:00.001000+00:00,4.978e-05,0.0
2022-12-24 08:00:00.007000+00:00,1671868800007,2022-12-24T08:00:00.007000+00:00,2.195e-05,0.0
2022-12-24 16:00:00.008000+00:00,1671897600008,2022-12-24T16:00:00.008000+00:00,9.455e-05,0.0
2022-12-25 00:00:00+00:00,1671926400000,2022-12-25T00:00:00+00:00,-0.00011049,0.0
2022-12-25 08:00:00.013000+00:00,1671955200013,2022-12-25T08:00:00.013000+00:00,3.978e-05,0.0
2022-12-25 16:00:00+00:00,1671984000000,2022-12-25T16:00:00+00:00,3.998e-05,0.0
2022-12-26 00:00:00.001000+00:00,1672012800001,2022-12-26T00:00:00.001000+00:00,-0.00012735,0.0
2022-12-26 08:00:00+00:00,1672041600000,2022-12-26T08:00:00+00:00,2.977e-05,0.0
2022-12-26 16:00:00.005000+00:00,1672070400005,2022-12-26T16:00:00.005000+00:00,1.167e-05,0.0
2022-12-27 00:00:00.005000+00:00,1672099200005,2022-12-27T00:00:00.005000+00:00,3.214e-05,0.0
2022-12-27 08:00:00.010000+00:00,1672128000010,2022-12-27T08:00:00.010000+00:00,-3.445e-05,0.0
2022-12-27 16:00:00.006000+00:00,1672156800006,2022-12-27T16:00:00.006000+00:00,5.51e-05,0.0
2022-12-28 00:00:00.010000+00:00,1672185600010,2022-12-28T00:00:00.010000+00:00,0.0001,0.0
2022-12-28 08:00:00.010000+00:00,1672214400010,2022-12-28T08:00:00.010000+00:00,-7.66e-05,0.0
2022-12-28 16:00:00.010000+00:00,1672243200010,2022-12-28T16:00:00.010000+00:00,1.844e-05,0.0
2022-12-29 00:00:00.011000+00:00,1672272000011,2022-12-29T00:00:00.011000+00:00,6.848e-05,0.0
2022-12-29 08:00:00+00:00,1672300800000,2022-12-29T08:00:00+00:00,0.0001,0.0
2022-12-29 16:00:00.008000+00:00,1672329600008,2022-12-29T16:00:00.008000+00:00,8.526e-05,0.0
2022-12-30 00:00:00+00:00,1672358400000,2022-12-30T00:00:00+00:00,-3.37e-06,0.0
2022-12-30 08:00:00+00:00,1672387200000,2022-12-30T08:00:00+00:00,4.708e-05,0.0
2022-12-30 16:00:00+00:00,1672416000000,2022-12-30T16:00:00+00:00,-4.272e-05,0.0
2022-12-31 00:00:00.014000+00:00,1672444800014,2022-12-31T00:00:00.014000+00:00,-0.00016427,0.0
2022-12-31 08:00:00+00:00,1672473600000,2022-12-31T08:00:00+00:00,8.19e-06,0.0
2022-12-31 16:00:00+00:00,1672502400000,2022-12-31T16:00:00+00:00,-5.3e-07,0.0
2023-01-01 00:00:00+00:00,1672531200000,2023-01-01T00:00:00+00:00,0.0001,0.0
2023-01-01 08:00:00.008000+00:00,1672560000008,2023-01-01T08:00:00.008000+00:00,8.475e-05,0.0
2023-01-01 16:00:00+00:00,1672588800000,2023-01-01T16:00:00+00:00,0.0001,0.0
2023-01-02 00:00:00+00:00,1672617600000,2023-01-02T00:00:00+00:00,1.969e-05,0.0
2023-01-02 08:00:00.008000+00:00,1672646400008,2023-01-02T08:00:00.008000+00:00,0.0001,0.0
2023-01-02 16:00:00.015000+00:00,1672675200015,2023-01-02T16:00:00.015000+00:00,0.0001,0.0
2023-01-03 00:00:00.003000+00:00,1672704000003,2023-01-03T00:00:00.003000+00:00,0.0001,0.0
2023-01-03 08:00:00.018000+00:00,1672732800018,2023-01-03T08:00:00.018000+00:00,0.0001,0.0
2023-01-03 16:00:00+00:00,1672761600000,2023-01-03T16:00:00+00:00,0.0001,0.0
2023-01-04 00:00:00+00:00,1672790400000,2023-01-04T00:00:00+00:00,1.074e-05,0.0
2023-01-04 08:00:00.016000+00:00,1672819200016,2023-01-04T08:00:00.016000+00:00,0.0001,0.0
2023-01-04 16:00:00.011000+00:00,1672848000011,2023-01-04T16:00:00.011000+00:00,0.0001,0.0
2023-01-05 00:00:00.009000+00:00,1672876800009,2023-01-05T00:00:00.009000+00:00,0.0001,0.0
2023-01-05 08:00:00.011000+00:00,1672905600011,2023-01-05T08:00:00.011000+00:00,0.0001,0.0
2023-01-05 16:00:00+00:00,1672934400000,2023-01-05T16:00:00+00:00,0.0001,0.0
2023-01-06 00:00:00.005000+00:00,1672963200005,2023-01-06T00:00:00.005000+00:00,0.0001,0.0
2023-01-06 08:00:00.001000+00:00,1672992000001,2023-01-06T08:00:00.001000+00:00,0.0001,0.0
2023-01-06 16:00:00+00:00,1673020800000,2023-01-06T16:00:00+00:00,0.0001,0.0
2023-01-07 00:00:00.006000+00:00,1673049600006,2023-01-07T00:00:00.006000+00:00,0.0001,0.0
2023-01-07 08:00:00.017000+00:00,1673078400017,2023-01-07T08:00:00.017000+00:00,0.0001,0.0
2023-01-07 16:00:00+00:00,1673107200000,2023-01-07T16:00:00+00:00,0.0001,0.0
2023-01-08 00:00:00.015000+00:00,1673136000015,2023-01-08T00:00:00.015000+00:00,0.0001,0.0
2023-01-08 08:00:00+00:00,1673164800000,2023-01-08T08:00:00+00:00,0.0001,0.0
2023-01-08 16:00:00.010000+00:00,1673193600010,2023-01-08T16:00:00.010000+00:00,0.0001,0.0
2023-01-09 00:00:00.003000+00:00,1673222400003,2023-01-09T00:00:00.003000+00:00,0.0001,0.0
2023-01-09 08:00:00+00:00,1673251200000,2023-01-09T08:00:00+00:00,0.0001,0.0
2023-01-09 16:00:00.006000+00:00,1673280000006,2023-01-09T16:00:00.006000+00:00,0.0001,0.0
2023-01-10 00:00:00.003000+00:00,1673308800003,2023-01-10T00:00:00.003000+00:00,0.0001,0.0
2023-01-10 08:00:00.021000+00:00,1673337600021,2023-01-10T08:00:00.021000+00:00,0.0001,0.0
2023-01-10 16:00:00+00:00,1673366400000,2023-01-10T16:00:00+00:00,0.0001,0.0
2023-01-11 00:00:00.011000+00:00,1673395200011,2023-01-11T00:00:00.011000+00:00,0.0001,0.0
2023-01-11 08:00:00.006000+00:00,1673424000006,2023-01-11T08:00:00.006000+00:00,0.0001,0.0
2023-01-11 16:00:00.004000+00:00,1673452800004,2023-01-11T16:00:00.004000+00:00,0.0001,0.0
2023-01-12 00:00:00+00:00,1673481600000,2023-01-12T00:00:00+00:00,0.0001,0.0
2023-01-12 08:00:00+00:00,1673510400000,2023-01-12T08:00:00+00:00,0.0001,0.0
2023-01-12 16:00:00+00:00,1673539200000,2023-01-12T16:00:00+00:00,0.0001,0.0
2023-01-13 00:00:00.004000+00:00,1673568000004,2023-01-13T00:00:00.004000+00:00,0.0001,0.0
2023-01-13 08:00:00+00:00,1673596800000,2023-01-13T08:00:00+00:00,0.0001,0.0
2023-01-13 16:00:00.018000+00:00,1673625600018,2023-01-13T16:00:00.018000+00:00,0.0001,0.0
2023-01-14 00:00:00+00:00,1673654400000,2023-01-14T00:00:00+00:00,0.0001,0.0
2023-01-14 08:00:00.001000+00:00,1673683200001,2023-01-14T08:00:00.001000+00:00,0.0008242,0.0
2023-01-14 16:00:00+00:00,1673712000000,2023-01-14T16:00:00+00:00,0.00022263,0.0
2023-01-15 00:00:00.010000+00:00,1673740800010,2023-01-15T00:00:00.010000+00:00,0.00015737,0.0
2023-01-15 08:00:00.002000+00:00,1673769600002,2023-01-15T08:00:00.002000+00:00,0.00048349,0.0
2023-01-15 16:00:00+00:00,1673798400000,2023-01-15T16:00:00+00:00,0.00029155,0.0
2023-01-16 00:00:00.010000+00:00,1673827200010,2023-01-16T00:00:00.010000+00:00,0.00036816,0.0
2023-01-16 08:00:00.007000+00:00,1673856000007,2023-01-16T08:00:00.007000+00:00,0.00019146,0.0
2023-01-16 16:00:00+00:00,1673884800000,2023-01-16T16:00:00+00:00,0.0001,0.0
2023-01-17 00:00:00.004000+00:00,1673913600004,2023-01-17T00:00:00.004000+00:00,0.0001,0.0
2023-01-17 08:00:00.005000+00:00,1673942400005,2023-01-17T08:00:00.005000+00:00,0.00017842,0.0
2023-01-17 16:00:00.001000+00:00,1673971200001,2023-01-17T16:00:00.001000+00:00,0.0001,0.0
2023-01-18 00:00:00.008000+00:00,1674000000008,2023-01-18T00:00:00.008000+00:00,0.0001,0.0
2023-01-18 08:00:00.009000+00:00,1674028800009,2023-01-18T08:00:00.009000+00:00,0.0001,0.0
2023-01-18 16:00:00.017000+00:00,1674057600017,2023-01-18T16:00:00.017000+00:00,0.0001,0.0
2023-01-19 00:00:00+00:00,1674086400000,2023-01-19T00:00:00+00:00,0.0001,0.0
2023-01-19 08:00:00.015000+00:00,1674115200015,2023-01-19T08:00:00.015000+00:00,0.0001,0.0
2023-01-19 16:00:00.012000+00:00,1674144000012,2023-01-19T16:00:00.012000+00:00,0.0001,0.0
2023-01-20 00:00:00+00:00,1674172800000,2023-01-20T00:00:00+00:00,0.0001,0.0
2023-01-20 08:00:00+00:00,1674201600000,2023-01-20T08:00:00+00:00,0.0001,0.0
2023-01-20 16:00:00+00:00,1674230400000,2023-01-20T16:00:00+00:00,0.0001,0.0
2023-01-21 00:00:00.013000+00:00,1674259200013,2023-01-21T00:00:00.013000+00:00,0.0001,0.0
2023-01-21 08:00:00.001000+00:00,1674288000001,2023-01-21T08:00:00.001000+00:00,0.00032257,0.0
2023-01-21 16:00:00.016000+00:00,1674316800016,2023-01-21T16:00:00.016000+00:00,0.00025945,0.0
2023-01-22 00:00:00+00:00,1674345600000,2023-01-22T00:00:00+00:00,0.0001385,0.0
2023-01-22 08:00:00+00:00,1674374400000,2023-01-22T08:00:00+00:00,0.00031023,0.0
2023-01-22 16:00:00.023000+00:00,1674403200023,2023-01-22T16:00:00.023000+00:00,0.0001,0.0
2023-01-23 00:00:00.014000+00:00,1674432000014,2023-01-23T00:00:00.014000+00:00,0.0001,0.0
2023-01-23 08:00:00.014000+00:00,1674460800014,2023-01-23T08:00:00.014000+00:00,0.00029134,0.0
2023-01-23 16:00:00.016000+00:00,1674489600016,2023-01-23T16:00:00.016000+00:00,0.00024277,0.0
2023-01-24 00:00:00.008000+00:00,1674518400008,2023-01-24T00:00:00.008000+00:00,0.0001,0.0
2023-01-24 08:00:00.008000+00:00,1674547200008,2023-01-24T08:00:00.008000+00:00,0.00025128,0.0
2023-01-24 16:00:00+00:00,1674576000000,2023-01-24T16:00:00+00:00,0.0001,0.0
2023-01-25 00:00:00.012000+00:00,1674604800012,2023-01-25T00:00:00.012000+00:00,0.0001,0.0
2023-01-25 08:00:00+00:00,1674633600000,2023-01-25T08:00:00+00:00,0.0001,0.0
2023-01-25 16:00:00.010000+00:00,1674662400010,2023-01-25T16:00:00.010000+00:00,0.0001,0.0
2023-01-26 00:00:00.010000+00:00,1674691200010,2023-01-26T00:00:00.010000+00:00,0.0001,0.0
2023-01-26 08:00:00.003000+00:00,1674720000003,2023-01-26T08:00:00.003000+00:00,0.0001,0.0
2023-01-26 16:00:00.020000+00:00,1674748800020,2023-01-26T16:00:00.020000+00:00,0.0001,0.0
2023-01-27 00:00:00.008000+00:00,1674777600008,2023-01-27T00:00:00.008000+00:00,0.0001,0.0
2023-01-27 08:00:00+00:00,1674806400000,2023-01-27T08:00:00+00:00,0.0001,0.0
2023-01-27 16:00:00+00:00,1674835200000,2023-01-27T16:00:00+00:00,0.0001,0.0
2023-01-28 00:00:00.009000+00:00,1674864000009,2023-01-28T00:00:00.009000+00:00,0.0001,0.0
2023-01-28 08:00:00.018000+00:00,1674892800018,2023-01-28T08:00:00.018000+00:00,0.0001978,0.0
2023-01-28 16:00:00.005000+00:00,1674921600005,2023-01-28T16:00:00.005000+00:00,0.0001,0.0
2023-01-29 00:00:00.011000+00:00,1674950400011,2023-01-29T00:00:00.011000+00:00,0.0001,0.0
2023-01-29 08:00:00+00:00,1674979200000,2023-01-29T08:00:00+00:00,0.0001,0.0
2023-01-29 16:00:00.008000+00:00,1675008000008,2023-01-29T16:00:00.008000+00:00,0.0001,0.0
2023-01-30 00:00:00.001000+00:00,1675036800001,2023-01-30T00:00:00.001000+00:00,0.0001,0.0
2023-01-30 08:00:00+00:00,1675065600000,2023-01-30T08:00:00+00:00,0.00016215,0.0
2023-01-30 16:00:00+00:00,1675094400000,2023-01-30T16:00:00+00:00,0.0001,0.0
2023-01-31 00:00:00.005000+00:00,1675123200005,2023-01-31T00:00:00.005000+00:00,0.0001,0.0
2023-01-31 08:00:00+00:00,1675152000000,2023-01-31T08:00:00+00:00,0.0001,0.0
2023-01-31 16:00:00.007000+00:00,1675180800007,2023-01-31T16:00:00.007000+00:00,0.0001,0.0
2023-02-01 00:00:00.013000+00:00,1675209600013,2023-02-01T00:00:00.013000+00:00,0.0001,0.0
2023-02-01 08:00:00+00:00,1675238400000,2023-02-01T08:00:00+00:00,0.00018747,0.0
2023-02-01 16:00:00.012000+00:00,1675267200012,2023-02-01T16:00:00.012000+00:00,0.0001,0.0
2023-02-02 00:00:00.004000+00:00,1675296000004,2023-02-02T00:00:00.004000+00:00,0.0001,0.0
2023-02-02 08:00:00.023000+00:00,1675324800023,2023-02-02T08:00:00.023000+00:00,0.00049987,0.0
2023-02-02 16:00:00.003000+00:00,1675353600003,2023-02-02T16:00:00.003000+00:00,0.0002187,0.0
2023-02-03 00:00:00.010000+00:00,1675382400010,2023-02-03T00:00:00.010000+00:00,0.0001,0.0
2023-02-03 08:00:00+00:00,1675411200000,2023-02-03T08:00:00+00:00,0.0001,0.0
2023-02-03 16:00:00+00:00,1675440000000,2023-02-03T16:00:00+00:00,0.00026226,0.0
2023-02-04 00:00:00.010000+00:00,1675468800010,2023-02-04T00:00:00.010000+00:00,0.0001,0.0
2023-02-04 08:00:00+00:00,1675497600000,2023-02-04T08:00:00+00:00,0.0001,0.0
2023-02-04 16:00:00+00:00,1675526400000,2023-02-04T16:00:00+00:00,0.00013731,0.0
2023-02-05 00:00:00.016000+00:00,1675555200016,2023-02-05T00:00:00.016000+00:00,0.0001,0.0
2023-02-05 08:00:00.009000+00:00,1675584000009,2023-02-05T08:00:00.009000+00:00,0.0001,0.0
2023-02-05 16:00:00.018000+00:00,1675612800018,2023-02-05T16:00:00.018000+00:00,0.0001,0.0
2023-02-06 00:00:00.001000+00:00,1675641600001,2023-02-06T00:00:00.001000+00:00,0.0001,0.0
2023-02-06 08:00:00+00:00,1675670400000,2023-02-06T08:00:00+00:00,0.0001,0.0
2023-02-06 16:00:00.012000+00:00,1675699200012,2023-02-06T16:00:00.012000+00:00,0.0001,0.0
2023-02-07 00:00:00.004000+00:00,1675728000004,2023-02-07T00:00:00.004000+00:00,0.0001,0.0
2023-02-07 08:00:00.011000+00:00,1675756800011,2023-02-07T08:00:00.011000+00:00,0.0001,0.0
2023-02-07 16:00:00.018000+00:00,1675785600018,2023-02-07T16:00:00.018000+00:00,0.0001,0.0
2023-02-08 00:00:00.009000+00:00,1675814400009,2023-02-08T00:00:00.009000+00:00,0.0001,0.0
2023-02-08 08:00:00.010000+00:00,1675843200010,2023-02-08T08:00:00.010000+00:00,0.0001,0.0
2023-02-08 16:00:00+00:00,1675872000000,2023-02-08T16:00:00+00:00,0.0001,0.0
2023-02-09 00:00:00.014000+00:00,1675900800014,2023-02-09T00:00:00.014000+00:00,0.0001,0.0
2023-02-09 08:00:00.006000+00:00,1675929600006,2023-02-09T08:00:00.006000+00:00,0.0001,0.0
2023-02-09 16:00:00.001000+00:00,1675958400001,2023-02-09T16:00:00.001000+00:00,0.0001,0.0
2023-02-10 00:00:00.012000+00:00,1675987200012,2023-02-10T00:00:00.012000+00:00,-4.123e-05,0.0
2023-02-10 08:00:00.005000+00:00,1676016000005,2023-02-10T08:00:00.005000+00:00,0.0001,0.0
2023-02-10 16:00:00.020000+00:00,1676044800020,2023-02-10T16:00:00.020000+00:00,0.0001,0.0
2023-02-11 00:00:00.007000+00:00,1676073600007,2023-02-11T00:00:00.007000+00:00,-3.5e-05,0.0
2023-02-11 08:00:00.002000+00:00,1676102400002,2023-02-11T08:00:00.002000+00:00,9.81e-05,0.0
2023-02-11 16:00:00.021000+00:00,1676131200021,2023-02-11T16:00:00.021000+00:00,-2.382e-05,0.0
2023-02-12 00:00:00.004000+00:00,1676160000004,2023-02-12T00:00:00.004000+00:00,-3.855e-05,0.0
2023-02-12 08:00:00+00:00,1676188800000,2023-02-12T08:00:00+00:00,8.505e-05,0.0
2023-02-12 16:00:00.002000+00:00,1676217600002,2023-02-12T16:00:00.002000+00:00,6.517e-05,0.0
2023-02-13 00:00:00.006000+00:00,1676246400006,2023-02-13T00:00:00.006000+00:00,2.205e-05,0.0
2023-02-13 08:00:00.008000+00:00,1676275200008,2023-02-13T08:00:00.008000+00:00,4.971e-05,0.0
2023-02-13 16:00:00.002000+00:00,1676304000002,2023-02-13T16:00:00.002000+00:00,8.376e-05,0.0
2023-02-14 00:00:00.013000+00:00,1676332800013,2023-02-14T00:00:00.013000+00:00,0.0001,0.0
2023-02-14 08:00:00.014000+00:00,1676361600014,2023-02-14T08:00:00.014000+00:00,0.0001,0.0
2023-02-14 16:00:00.016000+00:00,1676390400016,2023-02-14T16:00:00.016000+00:00,0.0001,0.0
2023-02-15 00:00:00.011000+00:00,1676419200011,2023-02-15T00:00:00.011000+00:00,0.0001,0.0
2023-02-15 08:00:00+00:00,1676448000000,2023-02-15T08:00:00+00:00,1.485e-05,0.0
2023-02-15 16:00:00.005000+00:00,1676476800005,2023-02-15T16:00:00.005000+00:00,0.0001,0.0
2023-02-16 00:00:00.019000+00:00,1676505600019,2023-02-16T00:00:00.019000+00:00,0.0001,0.0
2023-02-16 08:00:00+00:00,1676534400000,2023-02-16T08:00:00+00:00,0.0001,0.0
2023-02-16 16:00:00.001000+00:00,1676563200001,2023-02-16T16:00:00.001000+00:00,0.00015425,0.0
2023-02-17 00:00:00.003000+00:00,1676592000003,2023-02-17T00:00:00.003000+00:00,0.0001,0.0
2023-02-17 08:00:00.016000+00:00,1676620800016,2023-02-17T08:00:00.016000+00:00,0.0001,0.0
2023-02-17 16:00:00+00:00,1676649600000,2023-02-17T16:00:00+00:00,0.0001,0.0
2023-02-18 00:00:00.011000+00:00,1676678400011,2023-02-18T00:00:00.011000+00:00,0.0001,0.0
2023-02-18 08:00:00+00:00,1676707200000,2023-02-18T08:00:00+00:00,0.0001,0.0
2023-02-18 16:00:00.007000+00:00,1676736000007,2023-02-18T16:00:00.007000+00:00,0.0001,0.0
2023-02-19 00:00:00.019000+00:00,1676764800019,2023-02-19T00:00:00.019000+00:00,0.0001,0.0
2023-02-19 08:00:00.005000+00:00,1676793600005,2023-02-19T08:00:00.005000+00:00,0.0001,0.0
2023-02-19 16:00:00.003000+00:00,1676822400003,2023-02-19T16:00:00.003000+00:00,0.00011716,0.0
2023-02-20 00:00:00.006000+00:00,1676851200006,2023-02-20T00:00:00.006000+00:00,0.0001,0.0
2023-02-20 08:00:00.008000+00:00,1676880000008,2023-02-20T08:00:00.008000+00:00,0.0001,0.0
2023-02-20 16:00:00.006000+00:00,1676908800006,2023-02-20T16:00:00.006000+00:00,0.0001,0.0
2023-02-21 00:00:00.001000+00:00,1676937600001,2023-02-21T00:00:00.001000+00:00,0.00016064,0.0
2023-02-21 08:00:00.004000+00:00,1676966400004,2023-02-21T08:00:00.004000+00:00,0.00019514,0.0
2023-02-21 16:00:00.011000+00:00,1676995200011,2023-02-21T16:00:00.011000+00:00,0.0001,0.0
2023-02-22 00:00:00.009000+00:00,1677024000009,2023-02-22T00:00:00.009000+00:00,0.0001,0.0
2023-02-22 08:00:00.010000+00:00,1677052800010,2023-02-22T08:00:00.010000+00:00,0.0001,0.0
2023-02-22 16:00:00+00:00,1677081600000,2023-02-22T16:00:00+00:00,0.0001,0.0
2023-02-23 00:00:00.006000+00:00,1677110400006,2023-02-23T00:00:00.006000+00:00,0.0001,0.0
2023-02-23 08:00:00.005000+00:00,1677139200005,2023-02-23T08:00:00.005000+00:00,0.0001,0.0
2023-02-23 16:00:00.002000+00:00,1677168000002,2023-02-23T16:00:00.002000+00:00,0.0001,0.0
2023-02-24 00:00:00.015000+00:00,1677196800015,2023-02-24T00:00:00.015000+00:00,0.0001,0.0
2023-02-24 08:00:00.011000+00:00,1677225600011,2023-02-24T08:00:00.011000+00:00,0.0001,0.0
2023-02-24 16:00:00.014000+00:00,1677254400014,2023-02-24T16:00:00.014000+00:00,0.0001,0.0
2023-02-25 00:00:00.015000+00:00,1677283200015,2023-02-25T00:00:00.015000+00:00,-4.172e-05,0.0
2023-02-25 08:00:00.015000+00:00,1677312000015,2023-02-25T08:00:00.015000+00:00,0.0001,0.0
2023-02-25 16:00:00.015000+00:00,1677340800015,2023-02-25T16:00:00.015000+00:00,6.129e-05,0.0
2023-02-26 00:00:00.007000+00:00,1677369600007,2023-02-26T00:00:00.007000+00:00,-1.032e-05,0.0
2023-02-26 08:00:00.012000+00:00,1677398400012,2023-02-26T08:00:00.012000+00:00,2.108e-05,0.0
2023-02-26 16:00:00+00:00,1677427200000,2023-02-26T16:00:00+00:00,4.46e-05,0.0
2023-02-27 00:00:00.011000+00:00,1677456000011,2023-02-27T00:00:00.011000+00:00,-6.187e-05,0.0
2023-02-27 08:00:00.003000+00:00,1677484800003,2023-02-27T08:00:00.003000+00:00,9.118e-05,0.0
2023-02-27 16:00:00+00:00,1677513600000,2023-02-27T16:00:00+00:00,0.0001,0.0
2023-02-28 00:00:00.011000+00:00,1677542400011,2023-02-28T00:00:00.011000+00:00,7.662e-05,0.0
2023-02-28 08:00:00.018000+00:00,1677571200018,2023-02-28T08:00:00.018000+00:00,0.0001,0.0
2023-02-28 16:00:00.005000+00:00,1677600000005,2023-02-28T16:00:00.005000+00:00,0.0001,0.0
2023-03-01 00:00:00.016000+00:00,1677628800016,2023-03-01T00:00:00.016000+00:00,0.0001,0.0
2023-03-01 08:00:00+00:00,1677657600000,2023-03-01T08:00:00+00:00,0.0001,0.0
2023-03-01 16:00:00.008000+00:00,1677686400008,2023-03-01T16:00:00.008000+00:00,0.0001,0.0
2023-03-02 00:00:00.009000+00:00,1677715200009,2023-03-02T00:00:00.009000+00:00,0.0001,0.0
2023-03-02 08:00:00.013000+00:00,1677744000013,2023-03-02T08:00:00.013000+00:00,0.0001,0.0
2023-03-02 16:00:00+00:00,1677772800000,2023-03-02T16:00:00+00:00,-8.02e-05,0.0
2023-03-03 00:00:00+00:00,1677801600000,2023-03-03T00:00:00+00:00,-6.93e-05,0.0
2023-03-03 08:00:00.013000+00:00,1677830400013,2023-03-03T08:00:00.013000+00:00,4.197e-05,0.0
2023-03-03 16:00:00+00:00,1677859200000,2023-03-03T16:00:00+00:00,2.99e-05,0.0
2023-03-04 00:00:00.001000+00:00,1677888000001,2023-03-04T00:00:00.001000+00:00,0.0001,0.0
2023-03-04 08:00:00.008000+00:00,1677916800008,2023-03-04T08:00:00.008000+00:00,6.263e-05,0.0
2023-03-04 16:00:00.012000+00:00,1677945600012,2023-03-04T16:00:00.012000+00:00,0.0001,0.0
2023-03-05 00:00:00+00:00,1677974400000,2023-03-05T00:00:00+00:00,4.32e-06,0.0
2023-03-05 08:00:00+00:00,1678003200000,2023-03-05T08:00:00+00:00,8.686e-05,0.0
2023-03-05 16:00:00.015000+00:00,1678032000015,2023-03-05T16:00:00.015000+00:00,0.0001,0.0
2023-03-06 00:00:00.007000+00:00,1678060800007,2023-03-06T00:00:00.007000+00:00,6.723e-05,0.0
2023-03-06 08:00:00.017000+00:00,1678089600017,2023-03-06T08:00:00.017000+00:00,7.146e-05,0.0
2023-03-06 16:00:00+00:00,1678118400000,2023-03-06T16:00:00+00:00,3.175e-05,0.0
2023-03-07 00:00:00.009000+00:00,1678147200009,2023-03-07T00:00:00.009000+00:00,9.388e-05,0.0
2023-03-07 08:00:00.016000+00:00,1678176000016,2023-03-07T08:00:00.016000+00:00,0.0001,0.0
2023-03-07 16:00:00.017000+00:00,1678204800017,2023-03-07T16:00:00.017000+00:00,6.357e-05,0.0
2023-03-08 00:00:00+00:00,1678233600000,2023-03-08T00:00:00+00:00,0.0001,0.0
2023-03-08 08:00:00.014000+00:00,1678262400014,2023-03-08T08:00:00.014000+00:00,7.591e-05,0.0
2023-03-08 16:00:00.021000+00:00,1678291200021,2023-03-08T16:00:00.021000+00:00,8.588e-05,0.0
2023-03-09 00:00:00.010000+00:00,1678320000010,2023-03-09T00:00:00.010000+00:00,5.941e-05,0.0
2023-03-09 08:00:00.013000+00:00,1678348800013,2023-03-09T08:00:00.013000+00:00,0.0001,0.0
2023-03-09 16:00:00.002000+00:00,1678377600002,2023-03-09T16:00:00.002000+00:00,0.0001,0.0
2023-03-10 00:00:00+00:00,1678406400000,2023-03-10T00:00:00+00:00,-0.00023731,0.0
2023-03-10 08:00:00+00:00,1678435200000,2023-03-10T08:00:00+00:00,-5.149e-05,0.0
2023-03-10 16:00:00.005000+00:00,1678464000005,2023-03-10T16:00:00.005000+00:00,7.29e-06,0.0
2023-03-11 00:00:00.011000+00:00,1678492800011,2023-03-11T00:00:00.011000+00:00,2.461e-05,0.0
2023-03-11 08:00:00.003000+00:00,1678521600003,2023-03-11T08:00:00.003000+00:00,6.242e-05,0.0
2023-03-11 16:00:00.011000+00:00,1678550400011,2023-03-11T16:00:00.011000+00:00,5.462e-05,0.0
2023-03-12 00:00:00.001000+00:00,1678579200001,2023-03-12T00:00:00.001000+00:00,0.0001,0.0
2023-03-12 08:00:00+00:00,1678608000000,2023-03-12T08:00:00+00:00,0.0001,0.0
2023-03-12 16:00:00.005000+00:00,1678636800005,2023-03-12T16:00:00.005000+00:00,0.0001,0.0
2023-03-13 00:00:00.010000+00:00,1678665600010,2023-03-13T00:00:00.010000+00:00,0.0001,0.0
2023-03-13 08:00:00.018000+00:00,1678694400018,2023-03-13T08:00:00.018000+00:00,0.0001,0.0
2023-03-13 16:00:00.003000+00:00,1678723200003,2023-03-13T16:00:00.003000+00:00,0.0001,0.0
2023-03-14 00:00:00.010000+00:00,1678752000010,2023-03-14T00:00:00.010000+00:00,5.422e-05,0.0
2023-03-14 08:00:00.009000+00:00,1678780800009,2023-03-14T08:00:00.009000+00:00,0.0001,0.0
2023-03-14 16:00:00.010000+00:00,1678809600010,2023-03-14T16:00:00.010000+00:00,0.0001,0.0
2023-03-15 00:00:00.011000+00:00,1678838400011,2023-03-15T00:00:00.011000+00:00,0.00035006,0.0
2023-03-15 08:00:00+00:00,1678867200000,2023-03-15T08:00:00+00:00,0.0001582,0.0
2023-03-15 16:00:00.012000+00:00,1678896000012,2023-03-15T16:00:00.012000+00:00,0.0001,0.0
2023-03-16 00:00:00.004000+00:00,1678924800004,2023-03-16T00:00:00.004000+00:00,0.0001,0.0
2023-03-16 08:00:00.018000+00:00,1678953600018,2023-03-16T08:00:00.018000+00:00,0.0001,0.0
2023-03-16 16:00:00.005000+00:00,1678982400005,2023-03-16T16:00:00.005000+00:00,0.0001,0.0
2023-03-17 00:00:00.017000+00:00,1679011200017,2023-03-17T00:00:00.017000+00:00,0.0001,0.0
2023-03-17 08:00:00.010000+00:00,1679040000010,2023-03-17T08:00:00.010000+00:00,0.0001,0.0
2023-03-17 16:00:00.003000+00:00,1679068800003,2023-03-17T16:00:00.003000+00:00,0.0001,0.0
2023-03-18 00:00:00.012000+00:00,1679097600012,2023-03-18T00:00:00.012000+00:00,0.0001,0.0
2023-03-18 08:00:00+00:00,1679126400000,2023-03-18T08:00:00+00:00,0.0001,0.0
2023-03-18 16:00:00.016000+00:00,1679155200016,2023-03-18T16:00:00.016000+00:00,0.0001,0.0
2023-03-19 00:00:00.013000+00:00,1679184000013,2023-03-19T00:00:00.013000+00:00,0.0001,0.0
2023-03-19 08:00:00.024000+00:00,1679212800024,2023-03-19T08:00:00.024000+00:00,0.0001,0.0
2023-03-19 16:00:00+00:00,1679241600000,2023-03-19T16:00:00+00:00,0.0001,0.0
2023-03-20 00:00:00.005000+00:00,1679270400005,2023-03-20T00:00:00.005000+00:00,0.0001,0.0
2023-03-20 08:00:00.012000+00:00,1679299200012,2023-03-20T08:00:00.012000+00:00,0.0001,0.0
2023-03-20 16:00:00.015000+00:00,1679328000015,2023-03-20T16:00:00.015000+00:00,0.0001,0.0
2023-03-21 00:00:00.006000+00:00,1679356800006,2023-03-21T00:00:00.006000+00:00,3.105e-05,0.0
2023-03-21 08:00:00.004000+00:00,1679385600004,2023-03-21T08:00:00.004000+00:00,0.0001,0.0
2023-03-21 16:00:00.003000+00:00,1679414400003,2023-03-21T16:00:00.003000+00:00,0.0001,0.0
2023-03-22 00:00:00+00:00,1679443200000,2023-03-22T00:00:00+00:00,0.0001,0.0
2023-03-22 08:00:00.003000+00:00,1679472000003,2023-03-22T08:00:00.003000+00:00,0.0001,0.0
2023-03-22 16:00:00+00:00,1679500800000,2023-03-22T16:00:00+00:00,0.0001,0.0
2023-03-23 00:00:00.016000+00:00,1679529600016,2023-03-23T00:00:00.016000+00:00,0.0001,0.0
2023-03-23 08:00:00.001000+00:00,1679558400001,2023-03-23T08:00:00.001000+00:00,0.0001,0.0
2023-03-23 16:00:00.013000+00:00,1679587200013,2023-03-23T16:00:00.013000+00:00,0.0001,0.0
2023-03-24 00:00:00.013000+00:00,1679616000013,2023-03-24T00:00:00.013000+00:00,0.0001,0.0
2023-03-24 08:00:00.012000+00:00,1679644800012,2023-03-24T08:00:00.012000+00:00,0.0001,0.0
2023-03-24 16:00:00.027000+00:00,1679673600027,2023-03-24T16:00:00.027000+00:00,0.0001,0.0
2023-03-25 00:00:00.015000+00:00,1679702400015,2023-03-25T00:00:00.015000+00:00,8.523e-05,0.0
2023-03-25 08:00:00.011000+00:00,1679731200011,2023-03-25T08:00:00.011000+00:00,0.0001,0.0
2023-03-25 16:00:00.011000+00:00,1679760000011,2023-03-25T16:00:00.011000+00:00,0.0001,0.0
2023-03-26 00:00:00+00:00,1679788800000,2023-03-26T00:00:00+00:00,-4.361e-05,0.0
2023-03-26 08:00:00.015000+00:00,1679817600015,2023-03-26T08:00:00.015000+00:00,0.0001,0.0
2023-03-26 16:00:00+00:00,1679846400000,2023-03-26T16:00:00+00:00,0.0001,0.0
2023-03-27 00:00:00.019000+00:00,1679875200019,2023-03-27T00:00:00.019000+00:00,4.188e-05,0.0
2023-03-27 08:00:00.009000+00:00,1679904000009,2023-03-27T08:00:00.009000+00:00,-1.88e-06,0.0
2023-03-27 16:00:00+00:00,1679932800000,2023-03-27T16:00:00+00:00,7.038e-05,0.0
2023-03-28 00:00:00.007000+00:00,1679961600007,2023-03-28T00:00:00.007000+00:00,-2.343e-05,0.0
2023-03-28 08:00:00+00:00,1679990400000,2023-03-28T08:00:00+00:00,4.603e-05,0.0
2023-03-28 16:00:00.013000+00:00,1680019200013,2023-03-28T16:00:00.013000+00:00,3.001e-05,0.0
2023-03-29 00:00:00.010000+00:00,1680048000010,2023-03-29T00:00:00.010000+00:00,8.974e-05,0.0
2023-03-29 08:00:00.006000+00:00,1680076800006,2023-03-29T08:00:00.006000+00:00,0.0001,0.0
2023-03-29 16:00:00.014000+00:00,1680105600014,2023-03-29T16:00:00.014000+00:00,0.0001,0.0
2023-03-30 00:00:00+00:00,1680134400000,2023-03-30T00:00:00+00:00,0.0001,0.0
2023-03-30 08:00:00+00:00,1680163200000,2023-03-30T08:00:00+00:00,0.0001,0.0
2023-03-30 16:00:00.006000+00:00,1680192000006,2023-03-30T16:00:00.006000+00:00,0.0001,0.0
2023-03-31 00:00:00.003000+00:00,1680220800003,2023-03-31T00:00:00.003000+00:00,1.79e-05,0.0
2023-03-31 08:00:00.006000+00:00,1680249600006,2023-03-31T08:00:00.006000+00:00,3.494e-05,0.0
2023-03-31 16:00:00.011000+00:00,1680278400011,2023-03-31T16:00:00.011000+00:00,0.0001,0.0
2023-04-01 00:00:00+00:00,1680307200000,2023-04-01T00:00:00+00:00,0.0001,0.0
2023-04-01 08:00:00+00:00,1680336000000,2023-04-01T08:00:00+00:00,0.0001,0.0
2023-04-01 16:00:00.018000+00:00,1680364800018,2023-04-01T16:00:00.018000+00:00,0.0001,0.0
2023-04-02 00:00:00.013000+00:00,1680393600013,2023-04-02T00:00:00.013000+00:00,0.0001,0.0
2023-04-02 08:00:00.014000+00:00,1680422400014,2023-04-02T08:00:00.014000+00:00,0.0001,0.0
2023-04-02 16:00:00.001000+00:00,1680451200001,2023-04-02T16:00:00.001000+00:00,0.0001,0.0
2023-04-03 00:00:00+00:00,1680480000000,2023-04-03T00:00:00+00:00,2.988e-05,0.0
2023-04-03 08:00:00.013000+00:00,1680508800013,2023-04-03T08:00:00.013000+00:00,4.8e-05,0.0
2023-04-03 16:00:00.011000+00:00,1680537600011,2023-04-03T16:00:00.011000+00:00,6.517e-05,0.0
2023-04-04 00:00:00.002000+00:00,1680566400002,2023-04-04T00:00:00.002000+00:00,0.0001,0.0
2023-04-04 08:00:00.017000+00:00,1680595200017,2023-04-04T08:00:00.017000+00:00,0.0001,0.0
2023-04-04 16:00:00.008000+00:00,1680624000008,2023-04-04T16:00:00.008000+00:00,0.0001,0.0
2023-04-05 00:00:00+00:00,1680652800000,2023-04-05T00:00:00+00:00,0.0001,0.0
2023-04-05 08:00:00.016000+00:00,1680681600016,2023-04-05T08:00:00.016000+00:00,0.0001,0.0
2023-04-05 16:00:00.004000+00:00,1680710400004,2023-04-05T16:00:00.004000+00:00,0.0001,0.0
2023-04-06 00:00:00+00:00,1680739200000,2023-04-06T00:00:00+00:00,0.0001,0.0
2023-04-06 08:00:00.011000+00:00,1680768000011,2023-04-06T08:00:00.011000+00:00,0.0001,0.0
2023-04-06 16:00:00+00:00,1680796800000,2023-04-06T16:00:00+00:00,0.0001,0.0
2023-04-07 00:00:00.006000+00:00,1680825600006,2023-04-07T00:00:00.006000+00:00,1.732e-05,0.0
2023-04-07 08:00:00.005000+00:00,1680854400005,2023-04-07T08:00:00.005000+00:00,0.0001,0.0
2023-04-07 16:00:00+00:00,1680883200000,2023-04-07T16:00:00+00:00,4.62e-06,0.0
2023-04-08 00:00:00+00:00,1680912000000,2023-04-08T00:00:00+00:00,2.238e-05,0.0
2023-04-08 08:00:00.014000+00:00,1680940800014,2023-04-08T08:00:00.014000+00:00,7.23e-05,0.0
2023-04-08 16:00:00.018000+00:00,1680969600018,2023-04-08T16:00:00.018000+00:00,0.0001,0.0
2023-04-09 00:00:00.013000+00:00,1680998400013,2023-04-09T00:00:00.013000+00:00,5.193e-05,0.0
2023-04-09 08:00:00.024000+00:00,1681027200024,2023-04-09T08:00:00.024000+00:00,0.0001,0.0
2023-04-09 16:00:00.010000+00:00,1681056000010,2023-04-09T16:00:00.010000+00:00,9.8e-06,0.0
2023-04-10 00:00:00+00:00,1681084800000,2023-04-10T00:00:00+00:00,0.0001,0.0
2023-04-10 08:00:00.010000+00:00,1681113600010,2023-04-10T08:00:00.010000+00:00,0.0001,0.0
2023-04-10 16:00:00.006000+00:00,1681142400006,2023-04-10T16:00:00.006000+00:00,0.0001,0.0
2023-04-11 00:00:00.008000+00:00,1681171200008,2023-04-11T00:00:00.008000+00:00,0.0001,0.0
2023-04-11 08:00:00.007000+00:00,1681200000007,2023-04-11T08:00:00.007000+00:00,0.0001,0.0
2023-04-11 16:00:00.016000+00:00,1681228800016,2023-04-11T16:00:00.016000+00:00,0.0001,0.0
2023-04-12 00:00:00.006000+00:00,1681257600006,2023-04-12T00:00:00.006000+00:00,0.0001,0.0
2023-04-12 08:00:00.008000+00:00,1681286400008,2023-04-12T08:00:00.008000+00:00,6.102e-05,0.0
2023-04-12 16:00:00.014000+00:00,1681315200014,2023-04-12T16:00:00.014000+00:00,9.883e-05,0.0
2023-04-13 00:00:00.027000+00:00,1681344000027,2023-04-13T00:00:00.027000+00:00,0.0001,0.0
2023-04-13 08:00:00.010000+00:00,1681372800010,2023-04-13T08:00:00.010000+00:00,0.0001,0.0
2023-04-13 16:00:00+00:00,1681401600000,2023-04-13T16:00:00+00:00,0.0001,0.0
2023-04-14 00:00:00.001000+00:00,1681430400001,2023-04-14T00:00:00.001000+00:00,0.0001,0.0
2023-04-14 08:00:00.008000+00:00,1681459200008,2023-04-14T08:00:00.008000+00:00,0.00020602,0.0
2023-04-14 16:00:00.007000+00:00,1681488000007,2023-04-14T16:00:00.007000+00:00,0.0001,0.0
2023-04-15 00:00:00.007000+00:00,1681516800007,2023-04-15T00:00:00.007000+00:00,0.0001,0.0
2023-04-15 08:00:00.007000+00:00,1681545600007,2023-04-15T08:00:00.007000+00:00,0.0001,0.0
2023-04-15 16:00:00.011000+00:00,1681574400011,2023-04-15T16:00:00.011000+00:00,0.00015162,0.0
2023-04-16 00:00:00.014000+00:00,1681603200014,2023-04-16T00:00:00.014000+00:00,0.0001,0.0
2023-04-16 08:00:00.007000+00:00,1681632000007,2023-04-16T08:00:00.007000+00:00,0.00016432,0.0
2023-04-16 16:00:00.002000+00:00,1681660800002,2023-04-16T16:00:00.002000+00:00,0.00011126,0.0
2023-04-17 00:00:00.017000+00:00,1681689600017,2023-04-17T00:00:00.017000+00:00,0.00025175,0.0
2023-04-17 08:00:00.006000+00:00,1681718400006,2023-04-17T08:00:00.006000+00:00,0.0001,0.0
2023-04-17 16:00:00+00:00,1681747200000,2023-04-17T16:00:00+00:00,0.00029736,0.0
2023-04-18 00:00:00.013000+00:00,1681776000013,2023-04-18T00:00:00.013000+00:00,0.0001,0.0
2023-04-18 08:00:00.017000+00:00,1681804800017,2023-04-18T08:00:00.017000+00:00,0.0001,0.0
2023-04-18 16:00:00+00:00,1681833600000,2023-04-18T16:00:00+00:00,0.00016293,0.0
2023-04-19 00:00:00.022000+00:00,1681862400022,2023-04-19T00:00:00.022000+00:00,0.0001,0.0
2023-04-19 08:00:00.014000+00:00,1681891200014,2023-04-19T08:00:00.014000+00:00,0.0001,0.0
2023-04-19 16:00:00+00:00,1681920000000,2023-04-19T16:00:00+00:00,0.0001,0.0
2023-04-20 00:00:00.010000+00:00,1681948800010,2023-04-20T00:00:00.010000+00:00,8.958e-05,0.0
2023-04-20 08:00:00.012000+00:00,1681977600012,2023-04-20T08:00:00.012000+00:00,0.0001,0.0
2023-04-20 16:00:00.012000+00:00,1682006400012,2023-04-20T16:00:00.012000+00:00,3.655e-05,0.0
2023-04-21 00:00:00.009000+00:00,1682035200009,2023-04-21T00:00:00.009000+00:00,-1.631e-05,0.0
2023-04-21 08:00:00.009000+00:00,1682064000009,2023-04-21T08:00:00.009000+00:00,4.013e-05,0.0
2023-04-21 16:00:00.003000+00:00,1682092800003,2023-04-21T16:00:00.003000+00:00,0.0001,0.0
2023-04-22 00:00:00+00:00,1682121600000,2023-04-22T00:00:00+00:00,-8.628e-05,0.0
2023-04-22 08:00:00+00:00,1682150400000,2023-04-22T08:00:00+00:00,-5.621e-05,0.0
2023-04-22 16:00:00.016000+00:00,1682179200016,2023-04-22T16:00:00.016000+00:00,3.929e-05,0.0
2023-04-23 00:00:00.009000+00:00,1682208000009,2023-04-23T00:00:00.009000+00:00,9.298e-05,0.0
2023-04-23 08:00:00.020000+00:00,1682236800020,2023-04-23T08:00:00.020000+00:00,7.148e-05,0.0
2023-04-23 16:00:00.007000+00:00,1682265600007,2023-04-23T16:00:00.007000+00:00,0.0001,0.0
2023-04-24 00:00:00+00:00,1682294400000,2023-04-24T00:00:00+00:00,1.919e-05,0.0
2023-04-24 08:00:00.008000+00:00,1682323200008,2023-04-24T08:00:00.008000+00:00,0.0001,0.0
2023-04-24 16:00:00.006000+00:00,1682352000006,2023-04-24T16:00:00.006000+00:00,9.437e-05,0.0
2023-04-25 00:00:00.014000+00:00,1682380800014,2023-04-25T00:00:00.014000+00:00,-1.84e-05,0.0
2023-04-25 08:00:00.009000+00:00,1682409600009,2023-04-25T08:00:00.009000+00:00,7.18e-05,0.0
2023-04-25 16:00:00.015000+00:00,1682438400015,2023-04-25T16:00:00.015000+00:00,0.0001,0.0
2023-04-26 00:00:00.015000+00:00,1682467200015,2023-04-26T00:00:00.015000+00:00,0.0001,0.0
2023-04-26 08:00:00.013000+00:00,1682496000013,2023-04-26T08:00:00.013000+00:00,0.0001,0.0
2023-04-26 16:00:00.001000+00:00,1682524800001,2023-04-26T16:00:00.001000+00:00,0.0001,0.0
2023-04-27 00:00:00.014000+00:00,1682553600014,2023-04-27T00:00:00.014000+00:00,-7.997e-05,0.0
2023-04-27 08:00:00.008000+00:00,1682582400008,2023-04-27T08:00:00.008000+00:00,0.0001,0.0
2023-04-27 16:00:00.005000+00:00,1682611200005,2023-04-27T16:00:00.005000+00:00,9.08e-05,0.0
2023-04-28 00:00:00.011000+00:00,1682640000011,2023-04-28T00:00:00.011000+00:00,6.96e-05,0.0
2023-04-28 08:00:00.007000+00:00,1682668800007,2023-04-28T08:00:00.007000+00:00,9.852e-05,0.0
2023-04-28 16:00:00.006000+00:00,1682697600006,2023-04-28T16:00:00.006000+00:00,8.22e-05,0.0
2023-04-29 00:00:00.004000+00:00,1682726400004,2023-04-29T00:00:00.004000+00:00,0.0001,0.0
2023-04-29 08:00:00.016000+00:00,1682755200016,2023-04-29T08:00:00.016000+00:00,5.258e-05,0.0
2023-04-29 16:00:00.001000+00:00,1682784000001,2023-04-29T16:00:00.001000+00:00,0.0001,0.0
2023-04-30 00:00:00.008000+00:00,1682812800008,2023-04-30T00:00:00.008000+00:00,6.131e-05,0.0
2023-04-30 08:00:00+00:00,1682841600000,2023-04-30T08:00:00+00:00,7.806e-05,0.0
2023-04-30 16:00:00.010000+00:00,1682870400010,2023-04-30T16:00:00.010000+00:00,0.0001,0.0
2023-05-01 00:00:00.004000+00:00,1682899200004,2023-05-01T00:00:00.004000+00:00,6.737e-05,0.0
2023-05-01 08:00:00.008000+00:00,1682928000008,2023-05-01T08:00:00.008000+00:00,7.382e-05,0.0
2023-05-01 16:00:00.014000+00:00,1682956800014,2023-05-01T16:00:00.014000+00:00,9.191e-05,0.0
2023-05-02 00:00:00.015000+00:00,1682985600015,2023-05-02T00:00:00.015000+00:00,8.964e-05,0.0
2023-05-02 08:00:00.018000+00:00,1683014400018,2023-05-02T08:00:00.018000+00:00,0.0001,0.0
2023-05-02 16:00:00+00:00,1683043200000,2023-05-02T16:00:00+00:00,6.72e-05,0.0
2023-05-03 00:00:00.009000+00:00,1683072000009,2023-05-03T00:00:00.009000+00:00,5.928e-05,0.0
2023-05-03 08:00:00.003000+00:00,1683100800003,2023-05-03T08:00:00.003000+00:00,0.0001,0.0
2023-05-03 16:00:00.011000+00:00,1683129600011,2023-05-03T16:00:00.011000+00:00,4.495e-05,0.0
2023-05-04 00:00:00+00:00,1683158400000,2023-05-04T00:00:00+00:00,0.0001,0.0
2023-05-04 08:00:00+00:00,1683187200000,2023-05-04T08:00:00+00:00,0.0001,0.0
2023-05-04 16:00:00.011000+00:00,1683216000011,2023-05-04T16:00:00.011000+00:00,5.805e-05,0.0
2023-05-05 00:00:00.002000+00:00,1683244800002,2023-05-05T00:00:00.002000+00:00,0.0001,0.0
2023-05-05 08:00:00+00:00,1683273600000,2023-05-05T08:00:00+00:00,0.0001,0.0
2023-05-05 16:00:00+00:00,1683302400000,2023-05-05T16:00:00+00:00,0.0001,0.0
2023-05-06 00:00:00.009000+00:00,1683331200009,2023-05-06T00:00:00.009000+00:00,0.0001,0.0
2023-05-06 08:00:00+00:00,1683360000000,2023-05-06T08:00:00+00:00,0.0001,0.0
2023-05-06 16:00:00+00:00,1683388800000,2023-05-06T16:00:00+00:00,-8.183e-05,0.0
2023-05-07 00:00:00+00:00,1683417600000,2023-05-07T00:00:00+00:00,-2.201e-05,0.0
2023-05-07 08:00:00+00:00,1683446400000,2023-05-07T08:00:00+00:00,5.57e-05,0.0
2023-05-07 16:00:00.006000+00:00,1683475200006,2023-05-07T16:00:00.006000+00:00,1.601e-05,0.0
2023-05-08 00:00:00+00:00,1683504000000,2023-05-08T00:00:00+00:00,4.618e-05,0.0
2023-05-08 08:00:00.007000+00:00,1683532800007,2023-05-08T08:00:00.007000+00:00,-8.42e-06,0.0
2023-05-08 16:00:00.015000+00:00,1683561600015,2023-05-08T16:00:00.015000+00:00,3.081e-05,0.0
2023-05-09 00:00:00.015000+00:00,1683590400015,2023-05-09T00:00:00.015000+00:00,-0.00019397,0.0
2023-05-09 08:00:00+00:00,1683619200000,2023-05-09T08:00:00+00:00,-1.597e-05,0.0
2023-05-09 16:00:00+00:00,1683648000000,2023-05-09T16:00:00+00:00,4.188e-05,0.0
2023-05-10 00:00:00.007000+00:00,1683676800007,2023-05-10T00:00:00.007000+00:00,-4.638e-05,0.0
2023-05-10 08:00:00.003000+00:00,1683705600003,2023-05-10T08:00:00.003000+00:00,4.871e-05,0.0
2023-05-10 16:00:00+00:00,1683734400000,2023-05-10T16:00:00+00:00,2.818e-05,0.0
2023-05-11 00:00:00.011000+00:00,1683763200011,2023-05-11T00:00:00.011000+00:00,0.0001,0.0
2023-05-11 08:00:00+00:00,1683792000000,2023-05-11T08:00:00+00:00,0.0001,0.0
2023-05-11 16:00:00.005000+00:00,1683820800005,2023-05-11T16:00:00.005000+00:00,-4.134e-05,0.0
2023-05-12 00:00:00.020000+00:00,1683849600020,2023-05-12T00:00:00.020000+00:00,9.621e-05,0.0
2023-05-12 08:00:00.001000+00:00,1683878400001,2023-05-12T08:00:00.001000+00:00,0.0001,0.0
2023-05-12 16:00:00.010000+00:00,1683907200010,2023-05-12T16:00:00.010000+00:00,8.895e-05,0.0
2023-05-13 00:00:00+00:00,1683936000000,2023-05-13T00:00:00+00:00,4.385e-05,0.0
2023-05-13 08:00:00+00:00,1683964800000,2023-05-13T08:00:00+00:00,0.0001,0.0
2023-05-13 16:00:00.026000+00:00,1683993600026,2023-05-13T16:00:00.026000+00:00,7.738e-05,0.0
2023-05-14 00:00:00.029000+00:00,1684022400029,2023-05-14T00:00:00.029000+00:00,5.59e-06,0.0
2023-05-14 08:00:00.010000+00:00,1684051200010,2023-05-14T08:00:00.010000+00:00,0.0001,0.0
2023-05-14 16:00:00.008000+00:00,1684080000008,2023-05-14T16:00:00.008000+00:00,0.0001,0.0
2023-05-15 00:00:00.006000+00:00,1684108800006,2023-05-15T00:00:00.006000+00:00,3.703e-05,0.0
2023-05-15 08:00:00.005000+00:00,1684137600005,2023-05-15T08:00:00.005000+00:00,9.795e-05,0.0
2023-05-15 16:00:00.008000+00:00,1684166400008,2023-05-15T16:00:00.008000+00:00,0.0001,0.0
2023-05-16 00:00:00.021000+00:00,1684195200021,2023-05-16T00:00:00.021000+00:00,4.876e-05,0.0
2023-05-16 08:00:00+00:00,1684224000000,2023-05-16T08:00:00+00:00,7.23e-05,0.0
2023-05-16 16:00:00+00:00,1684252800000,2023-05-16T16:00:00+00:00,8.033e-05,0.0
2023-05-17 00:00:00.010000+00:00,1684281600010,2023-05-17T00:00:00.010000+00:00,0.0001,0.0
2023-05-17 08:00:00+00:00,1684310400000,2023-05-17T08:00:00+00:00,0.0001,0.0
2023-05-17 16:00:00.001000+00:00,1684339200001,2023-05-17T16:00:00.001000+00:00,0.0001,0.0
2023-05-18 00:00:00+00:00,1684368000000,2023-05-18T00:00:00+00:00,0.0001,0.0
2023-05-18 08:00:00.026000+00:00,1684396800026,2023-05-18T08:00:00.026000+00:00,0.0001,0.0
2023-05-18 16:00:00.019000+00:00,1684425600019,2023-05-18T16:00:00.019000+00:00,0.0001,0.0
2023-05-19 00:00:00+00:00,1684454400000,2023-05-19T00:00:00+00:00,0.0001,0.0
2023-05-19 08:00:00.002000+00:00,1684483200002,2023-05-19T08:00:00.002000+00:00,0.0001,0.0
2023-05-19 16:00:00+00:00,1684512000000,2023-05-19T16:00:00+00:00,0.0001,0.0
2023-05-20 00:00:00.005000+00:00,1684540800005,2023-05-20T00:00:00.005000+00:00,0.0001,0.0
2023-05-20 08:00:00.014000+00:00,1684569600014,2023-05-20T08:00:00.014000+00:00,0.0001,0.0
2023-05-20 16:00:00.020000+00:00,1684598400020,2023-05-20T16:00:00.020000+00:00,7.178e-05,0.0
2023-05-21 00:00:00.014000+00:00,1684627200014,2023-05-21T00:00:00.014000+00:00,0.0001,0.0
2023-05-21 08:00:00.001000+00:00,1684656000001,2023-05-21T08:00:00.001000+00:00,0.0001,0.0
2023-05-21 16:00:00.015000+00:00,1684684800015,2023-05-21T16:00:00.015000+00:00,2.962e-05,0.0
2023-05-22 00:00:00.028000+00:00,1684713600028,2023-05-22T00:00:00.028000+00:00,-5.303e-05,0.0
2023-05-22 08:00:00+00:00,1684742400000,2023-05-22T08:00:00+00:00,4.7e-07,0.0
2023-05-22 16:00:00.012000+00:00,1684771200012,2023-05-22T16:00:00.012000+00:00,0.0001,0.0
2023-05-23 00:00:00.006000+00:00,1684800000006,2023-05-23T00:00:00.006000+00:00,0.0001,0.0
2023-05-23 08:00:00.014000+00:00,1684828800014,2023-05-23T08:00:00.014000+00:00,0.0001,0.0
2023-05-23 16:00:00.008000+00:00,1684857600008,2023-05-23T16:00:00.008000+00:00,0.0001,0.0
2023-05-24 00:00:00+00:00,1684886400000,2023-05-24T00:00:00+00:00,0.0001,0.0
2023-05-24 08:00:00.025000+00:00,1684915200025,2023-05-24T08:00:00.025000+00:00,3.66e-06,0.0
2023-05-24 16:00:00.008000+00:00,1684944000008,2023-05-24T16:00:00.008000+00:00,8.082e-05,0.0
2023-05-25 00:00:00+00:00,1684972800000,2023-05-25T00:00:00+00:00,4.655e-05,0.0
2023-05-25 08:00:00.025000+00:00,1685001600025,2023-05-25T08:00:00.025000+00:00,0.0001,0.0
2023-05-25 16:00:00.016000+00:00,1685030400016,2023-05-25T16:00:00.016000+00:00,8.085e-05,0.0
2023-05-26 00:00:00+00:00,1685059200000,2023-05-26T00:00:00+00:00,0.0001,0.0
2023-05-26 08:00:00.024000+00:00,1685088000024,2023-05-26T08:00:00.024000+00:00,0.0001,0.0
2023-05-26 16:00:00.012000+00:00,1685116800012,2023-05-26T16:00:00.012000+00:00,0.0001,0.0
2023-05-27 00:00:00.012000+00:00,1685145600012,2023-05-27T00:00:00.012000+00:00,0.0001,0.0
2023-05-27 08:00:00.018000+00:00,1685174400018,2023-05-27T08:00:00.018000+00:00,0.0001,0.0
2023-05-27 16:00:00.008000+00:00,1685203200008,2023-05-27T16:00:00.008000+00:00,0.0001,0.0
2023-05-28 00:00:00.017000+00:00,1685232000017,2023-05-28T00:00:00.017000+00:00,0.0001,0.0
2023-05-28 08:00:00.015000+00:00,1685260800015,2023-05-28T08:00:00.015000+00:00,0.0001,0.0
2023-05-28 16:00:00+00:00,1685289600000,2023-05-28T16:00:00+00:00,0.0001,0.0
2023-05-29 00:00:00+00:00,1685318400000,2023-05-29T00:00:00+00:00,0.0001,0.0
2023-05-29 08:00:00.020000+00:00,1685347200020,2023-05-29T08:00:00.020000+00:00,0.0001,0.0
2023-05-29 16:00:00.011000+00:00,1685376000011,2023-05-29T16:00:00.011000+00:00,0.0001,0.0
2023-05-30 00:00:00.003000+00:00,1685404800003,2023-05-30T00:00:00.003000+00:00,0.0001,0.0
2023-05-30 08:00:00+00:00,1685433600000,2023-05-30T08:00:00+00:00,0.0001,0.0
2023-05-30 16:00:00.003000+00:00,1685462400003,2023-05-30T16:00:00.003000+00:00,0.0001,0.0
2023-05-31 00:00:00.013000+00:00,1685491200013,2023-05-31T00:00:00.013000+00:00,0.0001,0.0
2023-05-31 08:00:00+00:00,1685520000000,2023-05-31T08:00:00+00:00,0.0001,0.0
2023-05-31 16:00:00+00:00,1685548800000,2023-05-31T16:00:00+00:00,7.972e-05,0.0
2023-06-01 00:00:00.008000+00:00,1685577600008,2023-06-01T00:00:00.008000+00:00,0.0001,0.0
2023-06-01 08:00:00.012000+00:00,1685606400012,2023-06-01T08:00:00.012000+00:00,0.0001,0.0
2023-06-01 16:00:00+00:00,1685635200000,2023-06-01T16:00:00+00:00,0.0001,0.0
2023-06-02 00:00:00+00:00,1685664000000,2023-06-02T00:00:00+00:00,0.0001,0.0
2023-06-02 08:00:00.006000+00:00,1685692800006,2023-06-02T08:00:00.006000+00:00,0.0001,0.0
2023-06-02 16:00:00.012000+00:00,1685721600012,2023-06-02T16:00:00.012000+00:00,0.0001,0.0
2023-06-03 00:00:00+00:00,1685750400000,2023-06-03T00:00:00+00:00,0.0001,0.0
2023-06-03 08:00:00.011000+00:00,1685779200011,2023-06-03T08:00:00.011000+00:00,0.0001,0.0
2023-06-03 16:00:00.003000+00:00,1685808000003,2023-06-03T16:00:00.003000+00:00,0.0001,0.0
2023-06-04 00:00:00+00:00,1685836800000,2023-06-04T00:00:00+00:00,0.0001,0.0
2023-06-04 08:00:00+00:00,1685865600000,2023-06-04T08:00:00+00:00,0.0001,0.0
2023-06-04 16:00:00+00:00,1685894400000,2023-06-04T16:00:00+00:00,0.0001,0.0
2023-06-05 00:00:00.005000+00:00,1685923200005,2023-06-05T00:00:00.005000+00:00,0.0001,0.0
2023-06-05 08:00:00+00:00,1685952000000,2023-06-05T08:00:00+00:00,0.0001,0.0
2023-06-05 16:00:00+00:00,1685980800000,2023-06-05T16:00:00+00:00,0.0001,0.0
2023-06-06 00:00:00+00:00,1686009600000,2023-06-06T00:00:00+00:00,-0.00020041,0.0
2023-06-06 08:00:00.009000+00:00,1686038400009,2023-06-06T08:00:00.009000+00:00,-0.00016663,0.0
2023-06-06 16:00:00.013000+00:00,1686067200013,2023-06-06T16:00:00.013000+00:00,5.181e-05,0.0
2023-06-07 00:00:00+00:00,1686096000000,2023-06-07T00:00:00+00:00,0.0001,0.0
2023-06-07 08:00:00.016000+00:00,1686124800016,2023-06-07T08:00:00.016000+00:00,0.0001,0.0
2023-06-07 16:00:00+00:00,1686153600000,2023-06-07T16:00:00+00:00,-6.802e-05,0.0
2023-06-08 00:00:00.006000+00:00,1686182400006,2023-06-08T00:00:00.006000+00:00,9.358e-05,0.0
2023-06-08 08:00:00+00:00,1686211200000,2023-06-08T08:00:00+00:00,5.533e-05,0.0
2023-06-08 16:00:00+00:00,1686240000000,2023-06-08T16:00:00+00:00,0.0001,0.0
2023-06-09 00:00:00+00:00,1686268800000,2023-06-09T00:00:00+00:00,0.0001,0.0
2023-06-09 08:00:00+00:00,1686297600000,2023-06-09T08:00:00+00:00,0.0001,0.0
2023-06-09 16:00:00+00:00,1686326400000,2023-06-09T16:00:00+00:00,0.0001,0.0
2023-06-10 00:00:00+00:00,1686355200000,2023-06-10T00:00:00+00:00,0.0001,0.0
2023-06-10 08:00:00+00:00,1686384000000,2023-06-10T08:00:00+00:00,0.0001,0.0
2023-06-10 16:00:00+00:00,1686412800000,2023-06-10T16:00:00+00:00,-0.00030659,0.0
2023-06-11 00:00:00.001000+00:00,1686441600001,2023-06-11T00:00:00.001000+00:00,-0.00017314,0.0
2023-06-11 08:00:00+00:00,1686470400000,2023-06-11T08:00:00+00:00,-0.00014816,0.0
2023-06-11 16:00:00+00:00,1686499200000,2023-06-11T16:00:00+00:00,-9.488e-05,0.0
2023-06-12 00:00:00+00:00,1686528000000,2023-06-12T00:00:00+00:00,3.98e-06,0.0
2023-06-12 08:00:00+00:00,1686556800000,2023-06-12T08:00:00+00:00,3.196e-05,0.0
2023-06-12 16:00:00.001000+00:00,1686585600001,2023-06-12T16:00:00.001000+00:00,-3.949e-05,0.0
2023-06-13 00:00:00+00:00,1686614400000,2023-06-13T00:00:00+00:00,8.939e-05,0.0
2023-06-13 08:00:00+00:00,1686643200000,2023-06-13T08:00:00+00:00,7.573e-05,0.0
2023-06-13 16:00:00+00:00,1686672000000,2023-06-13T16:00:00+00:00,4.004e-05,0.0
2023-06-14 00:00:00+00:00,1686700800000,2023-06-14T00:00:00+00:00,-7.13e-06,0.0
2023-06-14 08:00:00+00:00,1686729600000,2023-06-14T08:00:00+00:00,9.012e-05,0.0
2023-06-14 16:00:00+00:00,1686758400000,2023-06-14T16:00:00+00:00,0.0001,0.0
2023-06-15 00:00:00+00:00,1686787200000,2023-06-15T00:00:00+00:00,-0.00018482,0.0
2023-06-15 08:00:00+00:00,1686816000000,2023-06-15T08:00:00+00:00,-3.998e-05,0.0
2023-06-15 16:00:00+00:00,1686844800000,2023-06-15T16:00:00+00:00,9.496e-05,0.0
2023-06-16 00:00:00+00:00,1686873600000,2023-06-16T00:00:00+00:00,0.0001,0.0
2023-06-16 08:00:00+00:00,1686902400000,2023-06-16T08:00:00+00:00,0.0001,0.0
2023-06-16 16:00:00+00:00,1686931200000,2023-06-16T16:00:00+00:00,0.0001,0.0
2023-06-17 00:00:00+00:00,1686960000000,2023-06-17T00:00:00+00:00,0.0001,0.0
2023-06-17 08:00:00+00:00,1686988800000,2023-06-17T08:00:00+00:00,6.627e-05,0.0
2023-06-17 16:00:00+00:00,1687017600000,2023-06-17T16:00:00+00:00,3.629e-05,0.0
2023-06-18 00:00:00+00:00,1687046400000,2023-06-18T00:00:00+00:00,-1.98e-06,0.0
2023-06-18 08:00:00+00:00,1687075200000,2023-06-18T08:00:00+00:00,8.697e-05,0.0
2023-06-18 16:00:00+00:00,1687104000000,2023-06-18T16:00:00+00:00,0.0001,0.0
2023-06-19 00:00:00+00:00,1687132800000,2023-06-19T00:00:00+00:00,2.64e-06,0.0
2023-06-19 08:00:00+00:00,1687161600000,2023-06-19T08:00:00+00:00,0.0001,0.0
2023-06-19 16:00:00+00:00,1687190400000,2023-06-19T16:00:00+00:00,4.79e-06,0.0
2023-06-20 00:00:00.001000+00:00,1687219200001,2023-06-20T00:00:00.001000+00:00,0.0001,0.0
2023-06-20 08:00:00+00:00,1687248000000,2023-06-20T08:00:00+00:00,0.0001,0.0
2023-06-20 16:00:00+00:00,1687276800000,2023-06-20T16:00:00+00:00,1.649e-05,0.0
2023-06-21 00:00:00+00:00,1687305600000,2023-06-21T00:00:00+00:00,3.861e-05,0.0
2023-06-21 08:00:00+00:00,1687334400000,2023-06-21T08:00:00+00:00,4.355e-05,0.0
2023-06-21 16:00:00+00:00,1687363200000,2023-06-21T16:00:00+00:00,9.583e-05,0.0
2023-06-22 00:00:00+00:00,1687392000000,2023-06-22T00:00:00+00:00,0.0001,0.0
2023-06-22 08:00:00.001000+00:00,1687420800001,2023-06-22T08:00:00.001000+00:00,0.0001,0.0
2023-06-22 16:00:00+00:00,1687449600000,2023-06-22T16:00:00+00:00,0.0001,0.0
2023-06-23 00:00:00+00:00,1687478400000,2023-06-23T00:00:00+00:00,0.0001,0.0
2023-06-23 08:00:00+00:00,1687507200000,2023-06-23T08:00:00+00:00,0.0001,0.0
2023-06-23 16:00:00+00:00,1687536000000,2023-06-23T16:00:00+00:00,0.0001,0.0
2023-06-24 00:00:00+00:00,1687564800000,2023-06-24T00:00:00+00:00,0.0001,0.0
2023-06-24 08:00:00+00:00,1687593600000,2023-06-24T08:00:00+00:00,0.0001,0.0
2023-06-24 16:00:00+00:00,1687622400000,2023-06-24T16:00:00+00:00,6.193e-05,0.0
2023-06-25 00:00:00+00:00,1687651200000,2023-06-25T00:00:00+00:00,8.44e-05,0.0
2023-06-25 08:00:00+00:00,1687680000000,2023-06-25T08:00:00+00:00,0.0001,0.0
2023-06-25 16:00:00+00:00,1687708800000,2023-06-25T16:00:00+00:00,0.0001,0.0
2023-06-26 00:00:00+00:00,1687737600000,2023-06-26T00:00:00+00:00,0.0001,0.0
2023-06-26 08:00:00+00:00,1687766400000,2023-06-26T08:00:00+00:00,0.0001,0.0
2023-06-26 16:00:00+00:00,1687795200000,2023-06-26T16:00:00+00:00,0.0001,0.0
2023-06-27 00:00:00+00:00,1687824000000,2023-06-27T00:00:00+00:00,-0.00013867,0.0
2023-06-27 08:00:00+00:00,1687852800000,2023-06-27T08:00:00+00:00,9.978e-05,0.0
2023-06-27 16:00:00+00:00,1687881600000,2023-06-27T16:00:00+00:00,6.877e-05,0.0
2023-06-28 00:00:00+00:00,1687910400000,2023-06-28T00:00:00+00:00,0.0001,0.0
2023-06-28 08:00:00+00:00,1687939200000,2023-06-28T08:00:00+00:00,8.757e-05,0.0
2023-06-28 16:00:00+00:00,1687968000000,2023-06-28T16:00:00+00:00,3.061e-05,0.0
2023-06-29 00:00:00+00:00,1687996800000,2023-06-29T00:00:00+00:00,-0.00032377,0.0
2023-06-29 08:00:00+00:00,1688025600000,2023-06-29T08:00:00+00:00,-0.00010754,0.0
2023-06-29 16:00:00+00:00,1688054400000,2023-06-29T16:00:00+00:00,4.153e-05,0.0
2023-06-30 00:00:00+00:00,1688083200000,2023-06-30T00:00:00+00:00,2.841e-05,0.0
2023-06-30 08:00:00+00:00,1688112000000,2023-06-30T08:00:00+00:00,0.0001,0.0
2023-06-30 16:00:00.001000+00:00,1688140800001,2023-06-30T16:00:00.001000+00:00,0.0001,0.0
2023-07-01 00:00:00+00:00,1688169600000,2023-07-01T00:00:00+00:00,9.19e-05,0.0
2023-07-01 08:00:00+00:00,1688198400000,2023-07-01T08:00:00+00:00,0.0001,0.0
2023-07-01 16:00:00+00:00,1688227200000,2023-07-01T16:00:00+00:00,0.0001,0.0
2023-07-02 00:00:00+00:00,1688256000000,2023-07-02T00:00:00+00:00,0.0001,0.0
2023-07-02 08:00:00+00:00,1688284800000,2023-07-02T08:00:00+00:00,0.0001,0.0
2023-07-02 16:00:00.001000+00:00,1688313600001,2023-07-02T16:00:00.001000+00:00,0.0001,0.0
2023-07-03 00:00:00+00:00,1688342400000,2023-07-03T00:00:00+00:00,0.0001,0.0
2023-07-03 08:00:00+00:00,1688371200000,2023-07-03T08:00:00+00:00,0.0001,0.0
2023-07-03 16:00:00+00:00,1688400000000,2023-07-03T16:00:00+00:00,0.0001,0.0
2023-07-04 00:00:00.001000+00:00,1688428800001,2023-07-04T00:00:00.001000+00:00,0.0001,0.0
2023-07-04 08:00:00+00:00,1688457600000,2023-07-04T08:00:00+00:00,0.0001,0.0
2023-07-04 16:00:00+00:00,1688486400000,2023-07-04T16:00:00+00:00,0.0001,0.0
2023-07-05 00:00:00+00:00,1688515200000,2023-07-05T00:00:00+00:00,0.0001,0.0
2023-07-05 08:00:00+00:00,1688544000000,2023-07-05T08:00:00+00:00,0.0001,0.0
2023-07-05 16:00:00+00:00,1688572800000,2023-07-05T16:00:00+00:00,-6.686e-05,0.0
2023-07-06 00:00:00+00:00,1688601600000,2023-07-06T00:00:00+00:00,-0.00010215,0.0
2023-07-06 08:00:00+00:00,1688630400000,2023-07-06T08:00:00+00:00,2.289e-05,0.0
2023-07-06 16:00:00+00:00,1688659200000,2023-07-06T16:00:00+00:00,-5.135e-05,0.0
2023-07-07 00:00:00+00:00,1688688000000,2023-07-07T00:00:00+00:00,-3.705e-05,0.0
2023-07-07 08:00:00+00:00,1688716800000,2023-07-07T08:00:00+00:00,5.839e-05,0.0
2023-07-07 16:00:00+00:00,1688745600000,2023-07-07T16:00:00+00:00,-4.697e-05,0.0
2023-07-08 00:00:00+00:00,1688774400000,2023-07-08T00:00:00+00:00,-8.078e-05,0.0
2023-07-08 08:00:00+00:00,1688803200000,2023-07-08T08:00:00+00:00,-2.672e-05,0.0
2023-07-08 16:00:00+00:00,1688832000000,2023-07-08T16:00:00+00:00,2.148e-05,0.0
2023-07-09 00:00:00+00:00,1688860800000,2023-07-09T00:00:00+00:00,-5.484e-05,0.0
2023-07-09 08:00:00+00:00,1688889600000,2023-07-09T08:00:00+00:00,1.768e-05,0.0
2023-07-09 16:00:00+00:00,1688918400000,2023-07-09T16:00:00+00:00,9.83e-06,0.0
2023-07-10 00:00:00+00:00,1688947200000,2023-07-10T00:00:00+00:00,8.72e-06,0.0
2023-07-10 08:00:00+00:00,1688976000000,2023-07-10T08:00:00+00:00,-4.751e-05,0.0
2023-07-10 16:00:00+00:00,1689004800000,2023-07-10T16:00:00+00:00,0.0001,0.0
2023-07-11 00:00:00+00:00,1689033600000,2023-07-11T00:00:00+00:00,0.0001,0.0
2023-07-11 08:00:00+00:00,1689062400000,2023-07-11T08:00:00+00:00,0.0001,0.0
2023-07-11 16:00:00+00:00,1689091200000,2023-07-11T16:00:00+00:00,6.298e-05,0.0
2023-07-12 00:00:00+00:00,1689120000000,2023-07-12T00:00:00+00:00,1.013e-05,0.0
2023-07-12 08:00:00+00:00,1689148800000,2023-07-12T08:00:00+00:00,0.0001,0.0
2023-07-12 16:00:00+00:00,1689177600000,2023-07-12T16:00:00+00:00,0.0001,0.0
2023-07-13 00:00:00+00:00,1689206400000,2023-07-13T00:00:00+00:00,-0.00013033,0.0
2023-07-13 08:00:00+00:00,1689235200000,2023-07-13T08:00:00+00:00,0.0001,0.0
2023-07-13 16:00:00+00:00,1689264000000,2023-07-13T16:00:00+00:00,0.0001,0.0
2023-07-14 00:00:00+00:00,1689292800000,2023-07-14T00:00:00+00:00,0.0001,0.0
2023-07-14 08:00:00+00:00,1689321600000,2023-07-14T08:00:00+00:00,0.0001,0.0
2023-07-14 16:00:00+00:00,1689350400000,2023-07-14T16:00:00+00:00,0.0001,0.0
2023-07-15 00:00:00+00:00,1689379200000,2023-07-15T00:00:00+00:00,0.0001,0.0
2023-07-15 08:00:00+00:00,1689408000000,2023-07-15T08:00:00+00:00,0.0001,0.0
2023-07-15 16:00:00+00:00,1689436800000,2023-07-15T16:00:00+00:00,0.0001,0.0
2023-07-16 00:00:00.001000+00:00,1689465600001,2023-07-16T00:00:00.001000+00:00,0.0001,0.0
2023-07-16 08:00:00+00:00,1689494400000,2023-07-16T08:00:00+00:00,0.0001,0.0
2023-07-16 16:00:00+00:00,1689523200000,2023-07-16T16:00:00+00:00,0.0001,0.0
2023-07-17 00:00:00+00:00,1689552000000,2023-07-17T00:00:00+00:00,1.5e-05,0.0
2023-07-17 08:00:00+00:00,1689580800000,2023-07-17T08:00:00+00:00,0.0001,0.0
2023-07-17 16:00:00+00:00,1689609600000,2023-07-17T16:00:00+00:00,0.0001,0.0
2023-07-18 00:00:00+00:00,1689638400000,2023-07-18T00:00:00+00:00,0.0001,0.0
2023-07-18 08:00:00+00:00,1689667200000,2023-07-18T08:00:00+00:00,0.0001,0.0
2023-07-18 16:00:00+00:00,1689696000000,2023-07-18T16:00:00+00:00,0.0001,0.0
2023-07-19 00:00:00+00:00,1689724800000,2023-07-19T00:00:00+00:00,0.0001,0.0
2023-07-19 08:00:00+00:00,1689753600000,2023-07-19T08:00:00+00:00,0.0001,0.0
2023-07-19 16:00:00.001000+00:00,1689782400001,2023-07-19T16:00:00.001000+00:00,0.0001,0.0
2023-07-20 00:00:00+00:00,1689811200000,2023-07-20T00:00:00+00:00,0.0001,0.0
2023-07-20 08:00:00+00:00,1689840000000,2023-07-20T08:00:00+00:00,0.0001,0.0
2023-07-20 16:00:00+00:00,1689868800000,2023-07-20T16:00:00+00:00,0.0001,0.0
2023-07-21 00:00:00.001000+00:00,1689897600001,2023-07-21T00:00:00.001000+00:00,3.175e-05,0.0
2023-07-21 08:00:00+00:00,1689926400000,2023-07-21T08:00:00+00:00,0.0001,0.0
2023-07-21 16:00:00+00:00,1689955200000,2023-07-21T16:00:00+00:00,0.0001,0.0
2023-07-22 00:00:00+00:00,1689984000000,2023-07-22T00:00:00+00:00,5.417e-05,0.0
2023-07-22 08:00:00+00:00,1690012800000,2023-07-22T08:00:00+00:00,7.69e-05,0.0
2023-07-22 16:00:00+00:00,1690041600000,2023-07-22T16:00:00+00:00,0.0001,0.0
2023-07-23 00:00:00+00:00,1690070400000,2023-07-23T00:00:00+00:00,0.0001,0.0
2023-07-23 08:00:00+00:00,1690099200000,2023-07-23T08:00:00+00:00,0.0001,0.0
2023-07-23 16:00:00+00:00,1690128000000,2023-07-23T16:00:00+00:00,0.0001,0.0
2023-07-24 00:00:00+00:00,1690156800000,2023-07-24T00:00:00+00:00,0.0001,0.0
2023-07-24 08:00:00+00:00,1690185600000,2023-07-24T08:00:00+00:00,0.0001,0.0
2023-07-24 16:00:00+00:00,1690214400000,2023-07-24T16:00:00+00:00,7.991e-05,0.0
2023-07-25 00:00:00+00:00,1690243200000,2023-07-25T00:00:00+00:00,2.033e-05,0.0
2023-07-25 08:00:00+00:00,1690272000000,2023-07-25T08:00:00+00:00,5.32e-06,0.0
2023-07-25 16:00:00+00:00,1690300800000,2023-07-25T16:00:00+00:00,5.709e-05,0.0
2023-07-26 00:00:00+00:00,1690329600000,2023-07-26T00:00:00+00:00,5.723e-05,0.0
2023-07-26 08:00:00.001000+00:00,1690358400001,2023-07-26T08:00:00.001000+00:00,9.264e-05,0.0
2023-07-26 16:00:00+00:00,1690387200000,2023-07-26T16:00:00+00:00,4.067e-05,0.0
2023-07-27 00:00:00+00:00,1690416000000,2023-07-27T00:00:00+00:00,9.257e-05,0.0
2023-07-27 08:00:00+00:00,1690444800000,2023-07-27T08:00:00+00:00,9.476e-05,0.0
2023-07-27 16:00:00.001000+00:00,1690473600001,2023-07-27T16:00:00.001000+00:00,0.0001,0.0
2023-07-28 00:00:00+00:00,1690502400000,2023-07-28T00:00:00+00:00,4.231e-05,0.0
2023-07-28 08:00:00+00:00,1690531200000,2023-07-28T08:00:00+00:00,0.0001,0.0
2023-07-28 16:00:00+00:00,1690560000000,2023-07-28T16:00:00+00:00,6.354e-05,0.0
2023-07-29 00:00:00+00:00,1690588800000,2023-07-29T00:00:00+00:00,0.0001,0.0
2023-07-29 08:00:00+00:00,1690617600000,2023-07-29T08:00:00+00:00,3.675e-05,0.0
2023-07-29 16:00:00.001000+00:00,1690646400001,2023-07-29T16:00:00.001000+00:00,0.0001,0.0
2023-07-30 00:00:00+00:00,1690675200000,2023-07-30T00:00:00+00:00,0.0001,0.0
2023-07-30 08:00:00+00:00,1690704000000,2023-07-30T08:00:00+00:00,0.0001,0.0
2023-07-30 16:00:00+00:00,1690732800000,2023-07-30T16:00:00+00:00,0.0001,0.0
2023-07-31 00:00:00+00:00,1690761600000,2023-07-31T00:00:00+00:00,-3.474e-05,0.0
2023-07-31 08:00:00+00:00,1690790400000,2023-07-31T08:00:00+00:00,0.0001,0.0
2023-07-31 16:00:00.001000+00:00,1690819200001,2023-07-31T16:00:00.001000+00:00,2.927e-05,0.0
2023-08-01 00:00:00+00:00,1690848000000,2023-08-01T00:00:00+00:00,-2.36e-06,0.0
2023-08-01 08:00:00+00:00,1690876800000,2023-08-01T08:00:00+00:00,0.0001,0.0
2023-08-01 16:00:00+00:00,1690905600000,2023-08-01T16:00:00+00:00,0.0001,0.0
2023-08-02 00:00:00+00:00,1690934400000,2023-08-02T00:00:00+00:00,0.0001,0.0
2023-08-02 08:00:00+00:00,1690963200000,2023-08-02T08:00:00+00:00,0.0001,0.0
2023-08-02 16:00:00+00:00,1690992000000,2023-08-02T16:00:00+00:00,9.463e-05,0.0
2023-08-03 00:00:00+00:00,1691020800000,2023-08-03T00:00:00+00:00,5.775e-05,0.0
2023-08-03 08:00:00+00:00,1691049600000,2023-08-03T08:00:00+00:00,0.0001,0.0
2023-08-03 16:00:00.001000+00:00,1691078400001,2023-08-03T16:00:00.001000+00:00,0.0001,0.0
2023-08-04 00:00:00+00:00,1691107200000,2023-08-04T00:00:00+00:00,6.343e-05,0.0
2023-08-04 08:00:00+00:00,1691136000000,2023-08-04T08:00:00+00:00,0.0001,0.0
2023-08-04 16:00:00+00:00,1691164800000,2023-08-04T16:00:00+00:00,9.556e-05,0.0
2023-08-05 00:00:00+00:00,1691193600000,2023-08-05T00:00:00+00:00,3.118e-05,0.0
2023-08-05 08:00:00+00:00,1691222400000,2023-08-05T08:00:00+00:00,9.808e-05,0.0
2023-08-05 16:00:00.001000+00:00,1691251200001,2023-08-05T16:00:00.001000+00:00,0.0001,0.0
2023-08-06 00:00:00+00:00,1691280000000,2023-08-06T00:00:00+00:00,6.287e-05,0.0
2023-08-06 08:00:00.001000+00:00,1691308800001,2023-08-06T08:00:00.001000+00:00,0.0001,0.0
2023-08-06 16:00:00.005000+00:00,1691337600005,2023-08-06T16:00:00.005000+00:00,0.0001,0.0
2023-08-07 00:00:00+00:00,1691366400000,2023-08-07T00:00:00+00:00,0.0001,0.0
2023-08-07 08:00:00+00:00,1691395200000,2023-08-07T08:00:00+00:00,0.0001,0.0
2023-08-07 16:00:00+00:00,1691424000000,2023-08-07T16:00:00+00:00,5.665e-05,0.0
2023-08-08 00:00:00+00:00,1691452800000,2023-08-08T00:00:00+00:00,0.0001,0.0
2023-08-08 08:00:00+00:00,1691481600000,2023-08-08T08:00:00+00:00,7.843e-05,0.0
2023-08-08 16:00:00+00:00,1691510400000,2023-08-08T16:00:00+00:00,0.0001,0.0
2023-08-09 00:00:00+00:00,1691539200000,2023-08-09T00:00:00+00:00,0.0001,0.0
2023-08-09 08:00:00+00:00,1691568000000,2023-08-09T08:00:00+00:00,0.0001,0.0
2023-08-09 16:00:00+00:00,1691596800000,2023-08-09T16:00:00+00:00,0.0001,0.0
2023-08-10 00:00:00.001000+00:00,1691625600001,2023-08-10T00:00:00.001000+00:00,0.0001,0.0
2023-08-10 08:00:00+00:00,1691654400000,2023-08-10T08:00:00+00:00,0.0001,0.0
2023-08-10 16:00:00+00:00,1691683200000,2023-08-10T16:00:00+00:00,0.0001,0.0
2023-08-11 00:00:00+00:00,1691712000000,2023-08-11T00:00:00+00:00,0.0001,0.0
2023-08-11 08:00:00+00:00,1691740800000,2023-08-11T08:00:00+00:00,0.0001,0.0
2023-08-11 16:00:00+00:00,1691769600000,2023-08-11T16:00:00+00:00,0.0001,0.0
2023-08-12 00:00:00+00:00,1691798400000,2023-08-12T00:00:00+00:00,9.396e-05,0.0
2023-08-12 08:00:00+00:00,1691827200000,2023-08-12T08:00:00+00:00,0.0001,0.0
2023-08-12 16:00:00+00:00,1691856000000,2023-08-12T16:00:00+00:00,0.0001,0.0
2023-08-13 00:00:00+00:00,1691884800000,2023-08-13T00:00:00+00:00,0.0001,0.0
2023-08-13 08:00:00+00:00,1691913600000,2023-08-13T08:00:00+00:00,0.0001,0.0
2023-08-13 16:00:00+00:00,1691942400000,2023-08-13T16:00:00+00:00,0.0001,0.0
2023-08-14 00:00:00.001000+00:00,1691971200001,2023-08-14T00:00:00.001000+00:00,0.0001,0.0
2023-08-14 08:00:00+00:00,1692000000000,2023-08-14T08:00:00+00:00,0.0001,0.0
2023-08-14 16:00:00+00:00,1692028800000,2023-08-14T16:00:00+00:00,0.0001,0.0
2023-08-15 00:00:00.001000+00:00,1692057600001,2023-08-15T00:00:00.001000+00:00,5.154e-05,0.0
2023-08-15 08:00:00+00:00,1692086400000,2023-08-15T08:00:00+00:00,0.0001,0.0
2023-08-15 16:00:00+00:00,1692115200000,2023-08-15T16:00:00+00:00,0.0001,0.0
2023-08-16 00:00:00+00:00,1692144000000,2023-08-16T00:00:00+00:00,-0.00025536,0.0
2023-08-16 08:00:00.001000+00:00,1692172800001,2023-08-16T08:00:00.001000+00:00,-2.05e-05,0.0
2023-08-16 16:00:00+00:00,1692201600000,2023-08-16T16:00:00+00:00,-2.142e-05,0.0
2023-08-17 00:00:00+00:00,1692230400000,2023-08-17T00:00:00+00:00,3.57e-05,0.0
2023-08-17 08:00:00+00:00,1692259200000,2023-08-17T08:00:00+00:00,9.719e-05,0.0
2023-08-17 16:00:00+00:00,1692288000000,2023-08-17T16:00:00+00:00,7.18e-05,0.0
2023-08-18 00:00:00+00:00,1692316800000,2023-08-18T00:00:00+00:00,-0.0002732,0.0
2023-08-18 08:00:00+00:00,1692345600000,2023-08-18T08:00:00+00:00,-0.00010591,0.0
2023-08-18 16:00:00+00:00,1692374400000,2023-08-18T16:00:00+00:00,1.605e-05,0.0
2023-08-19 00:00:00+00:00,1692403200000,2023-08-19T00:00:00+00:00,-9.425e-05,0.0
2023-08-19 08:00:00+00:00,1692432000000,2023-08-19T08:00:00+00:00,1.948e-05,0.0
2023-08-19 16:00:00+00:00,1692460800000,2023-08-19T16:00:00+00:00,9.675e-05,0.0
2023-08-20 00:00:00+00:00,1692489600000,2023-08-20T00:00:00+00:00,-0.00011762,0.0
2023-08-20 08:00:00+00:00,1692518400000,2023-08-20T08:00:00+00:00,8.98e-06,0.0
2023-08-20 16:00:00+00:00,1692547200000,2023-08-20T16:00:00+00:00,8.64e-06,0.0
2023-08-21 00:00:00+00:00,1692576000000,2023-08-21T00:00:00+00:00,-4.293e-05,0.0
2023-08-21 08:00:00+00:00,1692604800000,2023-08-21T08:00:00+00:00,0.0001,0.0
2023-08-21 16:00:00+00:00,1692633600000,2023-08-21T16:00:00+00:00,7.91e-05,0.0
2023-08-22 00:00:00+00:00,1692662400000,2023-08-22T00:00:00+00:00,-9.72e-06,0.0
2023-08-22 08:00:00+00:00,1692691200000,2023-08-22T08:00:00+00:00,3.894e-05,0.0
2023-08-22 16:00:00+00:00,1692720000000,2023-08-22T16:00:00+00:00,4.98e-05,0.0
2023-08-23 00:00:00+00:00,1692748800000,2023-08-23T00:00:00+00:00,-5.133e-05,0.0
2023-08-23 08:00:00+00:00,1692777600000,2023-08-23T08:00:00+00:00,7.635e-05,0.0
2023-08-23 16:00:00+00:00,1692806400000,2023-08-23T16:00:00+00:00,5.608e-05,0.0
2023-08-24 00:00:00+00:00,1692835200000,2023-08-24T00:00:00+00:00,-8.905e-05,0.0
2023-08-24 08:00:00+00:00,1692864000000,2023-08-24T08:00:00+00:00,-5.17e-05,0.0
2023-08-24 16:00:00+00:00,1692892800000,2023-08-24T16:00:00+00:00,8.189e-05,0.0
2023-08-25 00:00:00+00:00,1692921600000,2023-08-25T00:00:00+00:00,6.138e-05,0.0
2023-08-25 08:00:00+00:00,1692950400000,2023-08-25T08:00:00+00:00,0.0001,0.0
2023-08-25 16:00:00+00:00,1692979200000,2023-08-25T16:00:00+00:00,-1.4e-07,0.0
2023-08-26 00:00:00+00:00,1693008000000,2023-08-26T00:00:00+00:00,-9.21e-06,0.0
2023-08-26 08:00:00+00:00,1693036800000,2023-08-26T08:00:00+00:00,7.784e-05,0.0
2023-08-26 16:00:00+00:00,1693065600000,2023-08-26T16:00:00+00:00,2.534e-05,0.0
2023-08-27 00:00:00+00:00,1693094400000,2023-08-27T00:00:00+00:00,4.439e-05,0.0
2023-08-27 08:00:00+00:00,1693123200000,2023-08-27T08:00:00+00:00,-6.631e-05,0.0
2023-08-27 16:00:00+00:00,1693152000000,2023-08-27T16:00:00+00:00,-8.204e-05,0.0
2023-08-28 00:00:00+00:00,1693180800000,2023-08-28T00:00:00+00:00,6.886e-05,0.0
2023-08-28 08:00:00.001000+00:00,1693209600001,2023-08-28T08:00:00.001000+00:00,2.78e-05,0.0
2023-08-28 16:00:00.001000+00:00,1693238400001,2023-08-28T16:00:00.001000+00:00,0.0001,0.0
2023-08-29 00:00:00+00:00,1693267200000,2023-08-29T00:00:00+00:00,0.0001,0.0
2023-08-29 08:00:00+00:00,1693296000000,2023-08-29T08:00:00+00:00,0.0001,0.0
2023-08-29 16:00:00+00:00,1693324800000,2023-08-29T16:00:00+00:00,-0.00010604,0.0
2023-08-30 00:00:00+00:00,1693353600000,2023-08-30T00:00:00+00:00,0.0001,0.0
2023-08-30 08:00:00+00:00,1693382400000,2023-08-30T08:00:00+00:00,9.083e-05,0.0
2023-08-30 16:00:00+00:00,1693411200000,2023-08-30T16:00:00+00:00,3.367e-05,0.0
2023-08-31 00:00:00+00:00,1693440000000,2023-08-31T00:00:00+00:00,-3.333e-05,0.0
2023-08-31 08:00:00+00:00,1693468800000,2023-08-31T08:00:00+00:00,0.0001,0.0
2023-08-31 16:00:00+00:00,1693497600000,2023-08-31T16:00:00+00:00,0.0001,0.0
2023-09-01 00:00:00+00:00,1693526400000,2023-09-01T00:00:00+00:00,9.791e-05,0.0
2023-09-01 08:00:00+00:00,1693555200000,2023-09-01T08:00:00+00:00,0.0001,0.0
2023-09-01 16:00:00.001000+00:00,1693584000001,2023-09-01T16:00:00.001000+00:00,0.0001,0.0
2023-09-02 00:00:00+00:00,1693612800000,2023-09-02T00:00:00+00:00,7.145e-05,0.0
2023-09-02 08:00:00+00:00,1693641600000,2023-09-02T08:00:00+00:00,9.922e-05,0.0
2023-09-02 16:00:00+00:00,1693670400000,2023-09-02T16:00:00+00:00,3.731e-05,0.0
2023-09-03 00:00:00+00:00,1693699200000,2023-09-03T00:00:00+00:00,-9.4e-05,0.0
2023-09-03 08:00:00+00:00,1693728000000,2023-09-03T08:00:00+00:00,7.805e-05,0.0
2023-09-03 16:00:00+00:00,1693756800000,2023-09-03T16:00:00+00:00,-7.417e-05,0.0
2023-09-04 00:00:00+00:00,1693785600000,2023-09-04T00:00:00+00:00,-1.887e-05,0.0
2023-09-04 08:00:00+00:00,1693814400000,2023-09-04T08:00:00+00:00,-1.091e-05,0.0
2023-09-04 16:00:00+00:00,1693843200000,2023-09-04T16:00:00+00:00,-1.097e-05,0.0
2023-09-05 00:00:00+00:00,1693872000000,2023-09-05T00:00:00+00:00,4.123e-05,0.0
2023-09-05 08:00:00+00:00,1693900800000,2023-09-05T08:00:00+00:00,0.0001,0.0
2023-09-05 16:00:00+00:00,1693929600000,2023-09-05T16:00:00+00:00,2.476e-05,0.0
2023-09-06 00:00:00+00:00,1693958400000,2023-09-06T00:00:00+00:00,5.304e-05,0.0
2023-09-06 08:00:00+00:00,1693987200000,2023-09-06T08:00:00+00:00,2.842e-05,0.0
2023-09-06 16:00:00.001000+00:00,1694016000001,2023-09-06T16:00:00.001000+00:00,1.713e-05,0.0
2023-09-07 00:00:00+00:00,1694044800000,2023-09-07T00:00:00+00:00,5.56e-05,0.0
2023-09-07 08:00:00+00:00,1694073600000,2023-09-07T08:00:00+00:00,0.0001,0.0
2023-09-07 16:00:00+00:00,1694102400000,2023-09-07T16:00:00+00:00,-3.9e-07,0.0
2023-09-08 00:00:00+00:00,1694131200000,2023-09-08T00:00:00+00:00,0.0001,0.0
2023-09-08 08:00:00+00:00,1694160000000,2023-09-08T08:00:00+00:00,0.0001,0.0
2023-09-08 16:00:00+00:00,1694188800000,2023-09-08T16:00:00+00:00,-0.00010399,0.0
2023-09-09 00:00:00+00:00,1694217600000,2023-09-09T00:00:00+00:00,0.0001,0.0
2023-09-09 08:00:00+00:00,1694246400000,2023-09-09T08:00:00+00:00,0.0001,0.0
2023-09-09 16:00:00+00:00,1694275200000,2023-09-09T16:00:00+00:00,7.131e-05,0.0
2023-09-10 00:00:00+00:00,1694304000000,2023-09-10T00:00:00+00:00,-0.00013621,0.0
2023-09-10 08:00:00+00:00,1694332800000,2023-09-10T08:00:00+00:00,-9.56e-05,0.0
2023-09-10 16:00:00+00:00,1694361600000,2023-09-10T16:00:00+00:00,-0.00011195,0.0
2023-09-11 00:00:00+00:00,1694390400000,2023-09-11T00:00:00+00:00,-1.44e-06,0.0
2023-09-11 08:00:00+00:00,1694419200000,2023-09-11T08:00:00+00:00,1.068e-05,0.0
2023-09-11 16:00:00.001000+00:00,1694448000001,2023-09-11T16:00:00.001000+00:00,5.28e-06,0.0
2023-09-12 00:00:00+00:00,1694476800000,2023-09-12T00:00:00+00:00,-7.355e-05,0.0
2023-09-12 08:00:00+00:00,1694505600000,2023-09-12T08:00:00+00:00,4.667e-05,0.0
2023-09-12 16:00:00+00:00,1694534400000,2023-09-12T16:00:00+00:00,0.0001,0.0
2023-09-13 00:00:00+00:00,1694563200000,2023-09-13T00:00:00+00:00,7.741e-05,0.0
2023-09-13 08:00:00+00:00,1694592000000,2023-09-13T08:00:00+00:00,6.42e-05,0.0
2023-09-13 16:00:00+00:00,1694620800000,2023-09-13T16:00:00+00:00,0.0001,0.0
2023-09-14 00:00:00+00:00,1694649600000,2023-09-14T00:00:00+00:00,-1.105e-05,0.0
2023-09-14 08:00:00.001000+00:00,1694678400001,2023-09-14T08:00:00.001000+00:00,-2.536e-05,0.0
2023-09-14 16:00:00+00:00,1694707200000,2023-09-14T16:00:00+00:00,0.0001,0.0
2023-09-15 00:00:00+00:00,1694736000000,2023-09-15T00:00:00+00:00,1.734e-05,0.0
2023-09-15 08:00:00+00:00,1694764800000,2023-09-15T08:00:00+00:00,7.941e-05,0.0
2023-09-15 16:00:00+00:00,1694793600000,2023-09-15T16:00:00+00:00,0.0001,0.0
2023-09-16 00:00:00+00:00,1694822400000,2023-09-16T00:00:00+00:00,0.0001,0.0
2023-09-16 08:00:00+00:00,1694851200000,2023-09-16T08:00:00+00:00,6.625e-05,0.0
2023-09-16 16:00:00+00:00,1694880000000,2023-09-16T16:00:00+00:00,-6.121e-05,0.0
2023-09-17 00:00:00+00:00,1694908800000,2023-09-17T00:00:00+00:00,3.184e-05,0.0
2023-09-17 08:00:00+00:00,1694937600000,2023-09-17T08:00:00+00:00,0.0001,0.0
2023-09-17 16:00:00+00:00,1694966400000,2023-09-17T16:00:00+00:00,0.0001,0.0
2023-09-18 00:00:00+00:00,1694995200000,2023-09-18T00:00:00+00:00,-5.001e-05,0.0
2023-09-18 08:00:00+00:00,1695024000000,2023-09-18T08:00:00+00:00,0.0001,0.0
2023-09-18 16:00:00+00:00,1695052800000,2023-09-18T16:00:00+00:00,0.0001,0.0
2023-09-19 00:00:00+00:00,1695081600000,2023-09-19T00:00:00+00:00,-5.57e-06,0.0
2023-09-19 08:00:00.001000+00:00,1695110400001,2023-09-19T08:00:00.001000+00:00,0.0001,0.0
2023-09-19 16:00:00+00:00,1695139200000,2023-09-19T16:00:00+00:00,0.0001,0.0
2023-09-20 00:00:00+00:00,1695168000000,2023-09-20T00:00:00+00:00,-2.394e-05,0.0
2023-09-20 08:00:00+00:00,1695196800000,2023-09-20T08:00:00+00:00,-2.933e-05,0.0
2023-09-20 16:00:00+00:00,1695225600000,2023-09-20T16:00:00+00:00,-1.32e-06,0.0
2023-09-21 00:00:00.001000+00:00,1695254400001,2023-09-21T00:00:00.001000+00:00,0.0001,0.0
2023-09-21 08:00:00+00:00,1695283200000,2023-09-21T08:00:00+00:00,0.0001,0.0
2023-09-21 16:00:00+00:00,1695312000000,2023-09-21T16:00:00+00:00,3.696e-05,0.0
2023-09-22 00:00:00+00:00,1695340800000,2023-09-22T00:00:00+00:00,-9.48e-06,0.0
2023-09-22 08:00:00+00:00,1695369600000,2023-09-22T08:00:00+00:00,8.525e-05,0.0
2023-09-22 16:00:00+00:00,1695398400000,2023-09-22T16:00:00+00:00,9.833e-05,0.0
2023-09-23 00:00:00+00:00,1695427200000,2023-09-23T00:00:00+00:00,3.97e-05,0.0
2023-09-23 08:00:00+00:00,1695456000000,2023-09-23T08:00:00+00:00,0.0001,0.0
2023-09-23 16:00:00+00:00,1695484800000,2023-09-23T16:00:00+00:00,9.251e-05,0.0
2023-09-24 00:00:00+00:00,1695513600000,2023-09-24T00:00:00+00:00,4.133e-05,0.0
2023-09-24 08:00:00+00:00,1695542400000,2023-09-24T08:00:00+00:00,0.0001,0.0
2023-09-24 16:00:00+00:00,1695571200000,2023-09-24T16:00:00+00:00,0.0001,0.0
2023-09-25 00:00:00+00:00,1695600000000,2023-09-25T00:00:00+00:00,-2.606e-05,0.0
2023-09-25 08:00:00+00:00,1695628800000,2023-09-25T08:00:00+00:00,0.0001,0.0
2023-09-25 16:00:00+00:00,1695657600000,2023-09-25T16:00:00+00:00,-3.973e-05,0.0
2023-09-26 00:00:00+00:00,1695686400000,2023-09-26T00:00:00+00:00,9.089e-05,0.0
2023-09-26 08:00:00+00:00,1695715200000,2023-09-26T08:00:00+00:00,0.0001,0.0
2023-09-26 16:00:00+00:00,1695744000000,2023-09-26T16:00:00+00:00,4.802e-05,0.0
2023-09-27 00:00:00+00:00,1695772800000,2023-09-27T00:00:00+00:00,7.165e-05,0.0
2023-09-27 08:00:00.001000+00:00,1695801600001,2023-09-27T08:00:00.001000+00:00,0.0001,0.0
2023-09-27 16:00:00+00:00,1695830400000,2023-09-27T16:00:00+00:00,0.0001,0.0
2023-09-28 00:00:00+00:00,1695859200000,2023-09-28T00:00:00+00:00,0.0001,0.0
2023-09-28 08:00:00+00:00,1695888000000,2023-09-28T08:00:00+00:00,0.0001,0.0
2023-09-28 16:00:00+00:00,1695916800000,2023-09-28T16:00:00+00:00,0.0001,0.0
2023-09-29 00:00:00+00:00,1695945600000,2023-09-29T00:00:00+00:00,8.649e-05,0.0
2023-09-29 08:00:00+00:00,1695974400000,2023-09-29T08:00:00+00:00,0.0001,0.0
2023-09-29 16:00:00+00:00,1696003200000,2023-09-29T16:00:00+00:00,6.761e-05,0.0
2023-09-30 00:00:00+00:00,1696032000000,2023-09-30T00:00:00+00:00,9.057e-05,0.0
2023-09-30 08:00:00+00:00,1696060800000,2023-09-30T08:00:00+00:00,8.258e-05,0.0
2023-09-30 16:00:00+00:00,1696089600000,2023-09-30T16:00:00+00:00,6.857e-05,0.0
2023-10-01 00:00:00+00:00,1696118400000,2023-10-01T00:00:00+00:00,-3.393e-05,0.0
2023-10-01 08:00:00+00:00,1696147200000,2023-10-01T08:00:00+00:00,2.158e-05,0.0
2023-10-01 16:00:00+00:00,1696176000000,2023-10-01T16:00:00+00:00,0.0001,0.0
2023-10-02 00:00:00+00:00,1696204800000,2023-10-02T00:00:00+00:00,4.937e-05,0.0
2023-10-02 08:00:00+00:00,1696233600000,2023-10-02T08:00:00+00:00,8.938e-05,0.0
2023-10-02 16:00:00+00:00,1696262400000,2023-10-02T16:00:00+00:00,0.0001,0.0
2023-10-03 00:00:00+00:00,1696291200000,2023-10-03T00:00:00+00:00,7.232e-05,0.0
2023-10-03 08:00:00+00:00,1696320000000,2023-10-03T08:00:00+00:00,0.0001,0.0
2023-10-03 16:00:00+00:00,1696348800000,2023-10-03T16:00:00+00:00,3.566e-05,0.0
2023-10-04 00:00:00+00:00,1696377600000,2023-10-04T00:00:00+00:00,-4.853e-05,0.0
2023-10-04 08:00:00+00:00,1696406400000,2023-10-04T08:00:00+00:00,4.938e-05,0.0
2023-10-04 16:00:00+00:00,1696435200000,2023-10-04T16:00:00+00:00,-9.377e-05,0.0
2023-10-05 00:00:00+00:00,1696464000000,2023-10-05T00:00:00+00:00,-4.638e-05,0.0
2023-10-05 08:00:00+00:00,1696492800000,2023-10-05T08:00:00+00:00,4.143e-05,0.0
2023-10-05 16:00:00.001000+00:00,1696521600001,2023-10-05T16:00:00.001000+00:00,1.794e-05,0.0
2023-10-06 00:00:00+00:00,1696550400000,2023-10-06T00:00:00+00:00,6.433e-05,0.0
2023-10-06 08:00:00+00:00,1696579200000,2023-10-06T08:00:00+00:00,0.0001,0.0
2023-10-06 16:00:00+00:00,1696608000000,2023-10-06T16:00:00+00:00,5.956e-05,0.0
2023-10-07 00:00:00+00:00,1696636800000,2023-10-07T00:00:00+00:00,9.118e-05,0.0
2023-10-07 08:00:00+00:00,1696665600000,2023-10-07T08:00:00+00:00,5.878e-05,0.0
2023-10-07 16:00:00+00:00,1696694400000,2023-10-07T16:00:00+00:00,0.0001,0.0
2023-10-08 00:00:00+00:00,1696723200000,2023-10-08T00:00:00+00:00,0.0001,0.0
2023-10-08 08:00:00.001000+00:00,1696752000001,2023-10-08T08:00:00.001000+00:00,0.0001,0.0
2023-10-08 16:00:00+00:00,1696780800000,2023-10-08T16:00:00+00:00,3.555e-05,0.0
2023-10-09 00:00:00+00:00,1696809600000,2023-10-09T00:00:00+00:00,-3.469e-05,0.0
2023-10-09 08:00:00+00:00,1696838400000,2023-10-09T08:00:00+00:00,1.187e-05,0.0
2023-10-09 16:00:00+00:00,1696867200000,2023-10-09T16:00:00+00:00,-0.00032408,0.0
2023-10-10 00:00:00+00:00,1696896000000,2023-10-10T00:00:00+00:00,-7.27e-05,0.0
2023-10-10 08:00:00+00:00,1696924800000,2023-10-10T08:00:00+00:00,-6.692e-05,0.0
2023-10-10 16:00:00+00:00,1696953600000,2023-10-10T16:00:00+00:00,-0.00011165,0.0
2023-10-11 00:00:00+00:00,1696982400000,2023-10-11T00:00:00+00:00,-0.00010004,0.0
2023-10-11 08:00:00+00:00,1697011200000,2023-10-11T08:00:00+00:00,9.489e-05,0.0
2023-10-11 16:00:00+00:00,1697040000000,2023-10-11T16:00:00+00:00,-1.449e-05,0.0
2023-10-12 00:00:00+00:00,1697068800000,2023-10-12T00:00:00+00:00,-7.531e-05,0.0
2023-10-12 08:00:00+00:00,1697097600000,2023-10-12T08:00:00+00:00,-0.00015501,0.0
2023-10-12 16:00:00+00:00,1697126400000,2023-10-12T16:00:00+00:00,0.0001,0.0
2023-10-13 00:00:00+00:00,1697155200000,2023-10-13T00:00:00+00:00,7.746e-05,0.0
2023-10-13 08:00:00+00:00,1697184000000,2023-10-13T08:00:00+00:00,8.316e-05,0.0
2023-10-13 16:00:00+00:00,1697212800000,2023-10-13T16:00:00+00:00,7.99e-06,0.0
2023-10-14 00:00:00+00:00,1697241600000,2023-10-14T00:00:00+00:00,0.0001,0.0
2023-10-14 08:00:00+00:00,1697270400000,2023-10-14T08:00:00+00:00,-1.875e-05,0.0
2023-10-14 16:00:00+00:00,1697299200000,2023-10-14T16:00:00+00:00,0.0001,0.0
2023-10-15 00:00:00+00:00,1697328000000,2023-10-15T00:00:00+00:00,0.0001,0.0
2023-10-15 08:00:00+00:00,1697356800000,2023-10-15T08:00:00+00:00,0.0001,0.0
2023-10-15 16:00:00+00:00,1697385600000,2023-10-15T16:00:00+00:00,6.255e-05,0.0
2023-10-16 00:00:00+00:00,1697414400000,2023-10-16T00:00:00+00:00,7.668e-05,0.0
2023-10-16 08:00:00+00:00,1697443200000,2023-10-16T08:00:00+00:00,0.0001,0.0
2023-10-16 16:00:00+00:00,1697472000000,2023-10-16T16:00:00+00:00,9.301e-05,0.0
2023-10-17 00:00:00+00:00,1697500800000,2023-10-17T00:00:00+00:00,2.544e-05,0.0
2023-10-17 08:00:00+00:00,1697529600000,2023-10-17T08:00:00+00:00,0.0001,0.0
2023-10-17 16:00:00+00:00,1697558400000,2023-10-17T16:00:00+00:00,0.0001,0.0
2023-10-18 00:00:00+00:00,1697587200000,2023-10-18T00:00:00+00:00,0.0001,0.0
2023-10-18 08:00:00+00:00,1697616000000,2023-10-18T08:00:00+00:00,9.347e-05,0.0
2023-10-18 16:00:00+00:00,1697644800000,2023-10-18T16:00:00+00:00,8.565e-05,0.0
2023-10-19 00:00:00+00:00,1697673600000,2023-10-19T00:00:00+00:00,-2.621e-05,0.0
2023-10-19 08:00:00.001000+00:00,1697702400001,2023-10-19T08:00:00.001000+00:00,7.594e-05,0.0
2023-10-19 16:00:00+00:00,1697731200000,2023-10-19T16:00:00+00:00,2.191e-05,0.0
2023-10-20 00:00:00+00:00,1697760000000,2023-10-20T00:00:00+00:00,0.0001,0.0
2023-10-20 08:00:00.005000+00:00,1697788800005,2023-10-20T08:00:00.005000+00:00,6.732e-05,0.0
2023-10-20 16:00:00+00:00,1697817600000,2023-10-20T16:00:00+00:00,0.0001,0.0
2023-10-21 00:00:00+00:00,1697846400000,2023-10-21T00:00:00+00:00,0.0001,0.0
2023-10-21 08:00:00+00:00,1697875200000,2023-10-21T08:00:00+00:00,0.0001,0.0
2023-10-21 16:00:00+00:00,1697904000000,2023-10-21T16:00:00+00:00,7.59e-05,0.0
2023-10-22 00:00:00+00:00,1697932800000,2023-10-22T00:00:00+00:00,2.365e-05,0.0
2023-10-22 08:00:00+00:00,1697961600000,2023-10-22T08:00:00+00:00,7.856e-05,0.0
2023-10-22 16:00:00+00:00,1697990400000,2023-10-22T16:00:00+00:00,6e-05,0.0
2023-10-23 00:00:00+00:00,1698019200000,2023-10-23T00:00:00+00:00,0.0001,0.0
2023-10-23 08:00:00.001000+00:00,1698048000001,2023-10-23T08:00:00.001000+00:00,0.0001,0.0
2023-10-23 16:00:00.001000+00:00,1698076800001,2023-10-23T16:00:00.001000+00:00,0.0001,0.0
2023-10-24 00:00:00+00:00,1698105600000,2023-10-24T00:00:00+00:00,0.0001,0.0
2023-10-24 08:00:00+00:00,1698134400000,2023-10-24T08:00:00+00:00,0.0001,0.0
2023-10-24 16:00:00+00:00,1698163200000,2023-10-24T16:00:00+00:00,0.0001,0.0
2023-10-25 00:00:00+00:00,1698192000000,2023-10-25T00:00:00+00:00,0.0001,0.0
2023-10-25 08:00:00+00:00,1698220800000,2023-10-25T08:00:00+00:00,0.0001,0.0
2023-10-25 16:00:00.001000+00:00,1698249600001,2023-10-25T16:00:00.001000+00:00,0.0001,0.0
2023-10-26 00:00:00.001000+00:00,1698278400001,2023-10-26T00:00:00.001000+00:00,0.0001,0.0
2023-10-26 08:00:00+00:00,1698307200000,2023-10-26T08:00:00+00:00,0.0001,0.0
2023-10-26 16:00:00+00:00,1698336000000,2023-10-26T16:00:00+00:00,0.0001,0.0
2023-10-27 00:00:00+00:00,1698364800000,2023-10-27T00:00:00+00:00,0.0001,0.0
2023-10-27 08:00:00+00:00,1698393600000,2023-10-27T08:00:00+00:00,0.0001,0.0
2023-10-27 16:00:00+00:00,1698422400000,2023-10-27T16:00:00+00:00,0.0001,0.0
2023-10-28 00:00:00+00:00,1698451200000,2023-10-28T00:00:00+00:00,0.0001,0.0
2023-10-28 08:00:00.001000+00:00,1698480000001,2023-10-28T08:00:00.001000+00:00,0.0001,0.0
2023-10-28 16:00:00+00:00,1698508800000,2023-10-28T16:00:00+00:00,0.0001,0.0
2023-10-29 00:00:00+00:00,1698537600000,2023-10-29T00:00:00+00:00,0.0001,0.0
2023-10-29 08:00:00+00:00,1698566400000,2023-10-29T08:00:00+00:00,0.00018542,0.0
2023-10-29 16:00:00+00:00,1698595200000,2023-10-29T16:00:00+00:00,0.00012121,0.0
2023-10-30 00:00:00+00:00,1698624000000,2023-10-30T00:00:00+00:00,0.00010494,0.0
2023-10-30 08:00:00+00:00,1698652800000,2023-10-30T08:00:00+00:00,0.0001,0.0
2023-10-30 16:00:00+00:00,1698681600000,2023-10-30T16:00:00+00:00,0.0001,0.0
2023-10-31 00:00:00.001000+00:00,1698710400001,2023-10-31T00:00:00.001000+00:00,0.00036905,0.0
2023-10-31 08:00:00+00:00,1698739200000,2023-10-31T08:00:00+00:00,0.00015566,0.06855213
2023-10-31 16:00:00+00:00,1698768000000,2023-10-31T16:00:00+00:00,0.0001,0.06725
2023-11-01 00:00:00+00:00,1698796800000,2023-11-01T00:00:00+00:00,0.0001,0.06830023
2023-11-01 08:00:00+00:00,1698825600000,2023-11-01T08:00:00+00:00,0.0001,0.06684691
2023-11-01 16:00:00+00:00,1698854400000,2023-11-01T16:00:00+00:00,0.0001,0.06617604
2023-11-02 00:00:00.001000+00:00,1698883200001,2023-11-02T00:00:00.001000+00:00,0.00031721,0.0689582
2023-11-02 08:00:00+00:00,1698912000000,2023-11-02T08:00:00+00:00,0.00025385,0.06977
2023-11-02 16:00:00+00:00,1698940800000,2023-11-02T16:00:00+00:00,0.00019966,0.06750513
2023-11-03 00:00:00+00:00,1698969600000,2023-11-03T00:00:00+00:00,0.0001,0.0679347
2023-11-03 08:00:00+00:00,1698998400000,2023-11-03T08:00:00+00:00,0.0001,0.06750763
2023-11-03 16:00:00+00:00,1699027200000,2023-11-03T16:00:00+00:00,0.0001219,0.06777715
2023-11-04 00:00:00+00:00,1699056000000,2023-11-04T00:00:00+00:00,0.0001,0.06812396
2023-11-04 08:00:00+00:00,1699084800000,2023-11-04T08:00:00+00:00,0.00021181,0.06879
2023-11-04 16:00:00+00:00,1699113600000,2023-11-04T16:00:00+00:00,0.000188,0.0683
2023-11-05 00:00:00+00:00,1699142400000,2023-11-05T00:00:00+00:00,0.00012991,0.06914
2023-11-05 08:00:00+00:00,1699171200000,2023-11-05T08:00:00+00:00,0.00022472,0.06965988
2023-11-05 16:00:00+00:00,1699200000000,2023-11-05T16:00:00+00:00,0.0001587,0.06990686
2023-11-06 00:00:00+00:00,1699228800000,2023-11-06T00:00:00+00:00,0.00020959,0.07111
2023-11-06 08:00:00.001000+00:00,1699257600001,2023-11-06T08:00:00.001000+00:00,0.00011717,0.07136214
2023-11-06 16:00:00+00:00,1699286400000,2023-11-06T16:00:00+00:00,0.00019251,0.0738485
2023-11-07 00:00:00.001000+00:00,1699315200001,2023-11-07T00:00:00.001000+00:00,0.0001,0.07642632
2023-11-07 08:00:00+00:00,1699344000000,2023-11-07T08:00:00+00:00,0.0001,0.0755
2023-11-07 16:00:00+00:00,1699372800000,2023-11-07T16:00:00+00:00,0.0001,0.07227305
2023-11-08 00:00:00+00:00,1699401600000,2023-11-08T00:00:00+00:00,0.0001,0.07342663
2023-11-08 08:00:00+00:00,1699430400000,2023-11-08T08:00:00+00:00,0.0001,0.07373359
2023-11-08 16:00:00+00:00,1699459200000,2023-11-08T16:00:00+00:00,0.0001,0.0740443
2023-11-09 00:00:00+00:00,1699488000000,2023-11-09T00:00:00+00:00,0.0001,0.07535125
2023-11-09 08:00:00+00:00,1699516800000,2023-11-09T08:00:00+00:00,0.00022535,0.07585
2023-11-09 16:00:00+00:00,1699545600000,2023-11-09T16:00:00+00:00,0.00027145,0.07574
2023-11-10 00:00:00+00:00,1699574400000,2023-11-10T00:00:00+00:00,0.0001,0.07355542
2023-11-10 08:00:00+00:00,1699603200000,2023-11-10T08:00:00+00:00,0.0001,0.0743391
2023-11-10 16:00:00+00:00,1699632000000,2023-11-10T16:00:00+00:00,0.0001,0.0733
2023-11-11 00:00:00+00:00,1699660800000,2023-11-11T00:00:00+00:00,0.00020749,0.07546873
2023-11-11 08:00:00+00:00,1699689600000,2023-11-11T08:00:00+00:00,0.00017927,0.07858
2023-11-11 16:00:00+00:00,1699718400000,2023-11-11T16:00:00+00:00,0.00037359,0.08017621
2023-11-12 00:00:00+00:00,1699747200000,2023-11-12T00:00:00+00:00,0.00026008,0.0785
2023-11-12 08:00:00+00:00,1699776000000,2023-11-12T08:00:00+00:00,0.00011835,0.07947
2023-11-12 16:00:00.001000+00:00,1699804800001,2023-11-12T16:00:00.001000+00:00,0.00011742,0.07852123
2023-11-13 00:00:00+00:00,1699833600000,2023-11-13T00:00:00+00:00,0.00010041,0.07798156
2023-11-13 08:00:00+00:00,1699862400000,2023-11-13T08:00:00+00:00,0.00035859,0.07725
2023-11-13 16:00:00+00:00,1699891200000,2023-11-13T16:00:00+00:00,0.00024215,0.07711362
2023-11-14 00:00:00+00:00,1699920000000,2023-11-14T00:00:00+00:00,0.0001,0.07457439
2023-11-14 08:00:00+00:00,1699948800000,2023-11-14T08:00:00+00:00,0.00026734,0.07521
2023-11-14 16:00:00.001000+00:00,1699977600001,2023-11-14T16:00:00.001000+00:00,0.00013011,0.07401737
2023-11-15 00:00:00+00:00,1700006400000,2023-11-15T00:00:00+00:00,0.0001,0.07241858
2023-11-15 08:00:00+00:00,1700035200000,2023-11-15T08:00:00+00:00,0.00010057,0.07359227
2023-11-15 16:00:00+00:00,1700064000000,2023-11-15T16:00:00+00:00,0.00027155,0.07447024
2023-11-16 00:00:00+00:00,1700092800000,2023-11-16T00:00:00+00:00,0.00018365,0.07625362
2023-11-16 08:00:00+00:00,1700121600000,2023-11-16T08:00:00+00:00,0.0003502,0.07945662
2023-11-16 16:00:00.001000+00:00,1700150400001,2023-11-16T16:00:00.001000+00:00,0.00035663,0.0769351
2023-11-17 00:00:00+00:00,1700179200000,2023-11-17T00:00:00+00:00,0.00014759,0.07949
2023-11-17 08:00:00.001000+00:00,1700208000001,2023-11-17T08:00:00.001000+00:00,0.00014753,0.08270789
2023-11-17 16:00:00.001000+00:00,1700236800001,2023-11-17T16:00:00.001000+00:00,0.0001306,0.08002839
2023-11-18 00:00:00+00:00,1700265600000,2023-11-18T00:00:00+00:00,0.0001,0.08650779
2023-11-18 08:00:00+00:00,1700294400000,2023-11-18T08:00:00+00:00,0.0001,0.08355522
2023-11-18 16:00:00+00:00,1700323200000,2023-11-18T16:00:00+00:00,0.0001,0.08101811
2023-11-19 00:00:00+00:00,1700352000000,2023-11-19T00:00:00+00:00,0.0001,0.08032
2023-11-19 08:00:00+00:00,1700380800000,2023-11-19T08:00:00+00:00,0.0001,0.07936
2023-11-19 16:00:00+00:00,1700409600000,2023-11-19T16:00:00+00:00,0.0001,0.07838693
2023-11-20 00:00:00+00:00,1700438400000,2023-11-20T00:00:00+00:00,0.0001,0.08046789
2023-11-20 08:00:00+00:00,1700467200000,2023-11-20T08:00:00+00:00,0.0001947,0.08106
2023-11-20 16:00:00+00:00,1700496000000,2023-11-20T16:00:00+00:00,0.00010326,0.0805
2023-11-21 00:00:00+00:00,1700524800000,2023-11-21T00:00:00+00:00,0.00012412,0.07774
2023-11-21 08:00:00+00:00,1700553600000,2023-11-21T08:00:00+00:00,0.0001,0.07627433
2023-11-21 16:00:00+00:00,1700582400000,2023-11-21T16:00:00+00:00,0.0001,0.07593776
2023-11-22 00:00:00+00:00,1700611200000,2023-11-22T00:00:00+00:00,0.0001,0.07173112
2023-11-22 08:00:00+00:00,1700640000000,2023-11-22T08:00:00+00:00,0.0001,0.07424
2023-11-22 16:00:00+00:00,1700668800000,2023-11-22T16:00:00+00:00,0.0001,0.07423689
2023-11-23 00:00:00+00:00,1700697600000,2023-11-23T00:00:00+00:00,0.0001,0.07571978
2023-11-23 08:00:00+00:00,1700726400000,2023-11-23T08:00:00+00:00,0.0001,0.07574937
2023-11-23 16:00:00.001000+00:00,1700755200001,2023-11-23T16:00:00.001000+00:00,0.0001,0.07503664
2023-11-24 00:00:00+00:00,1700784000000,2023-11-24T00:00:00+00:00,0.0001,0.07617268
2023-11-24 08:00:00+00:00,1700812800000,2023-11-24T08:00:00+00:00,0.0001,0.07772047
2023-11-24 16:00:00+00:00,1700841600000,2023-11-24T16:00:00+00:00,0.0001,0.07789584
2023-11-25 00:00:00+00:00,1700870400000,2023-11-25T00:00:00+00:00,0.0001,0.07820119
2023-11-25 08:00:00+00:00,1700899200000,2023-11-25T08:00:00+00:00,0.0001,0.07887
2023-11-25 16:00:00+00:00,1700928000000,2023-11-25T16:00:00+00:00,0.00012286,0.07839
2023-11-26 00:00:00+00:00,1700956800000,2023-11-26T00:00:00+00:00,0.0001,0.07894286
2023-11-26 08:00:00+00:00,1700985600000,2023-11-26T08:00:00+00:00,0.0001,0.0782732
2023-11-26 16:00:00+00:00,1701014400000,2023-11-26T16:00:00+00:00,0.0001,0.07732253
2023-11-27 00:00:00+00:00,1701043200000,2023-11-27T00:00:00+00:00,0.0001,0.07866855
2023-11-27 08:00:00.001000+00:00,1701072000001,2023-11-27T08:00:00.001000+00:00,0.0001,0.08089313
2023-11-27 16:00:00+00:00,1701100800000,2023-11-27T16:00:00+00:00,0.0001,0.07721176
2023-11-28 00:00:00+00:00,1701129600000,2023-11-28T00:00:00+00:00,0.0001,0.07883
2023-11-28 08:00:00+00:00,1701158400000,2023-11-28T08:00:00+00:00,0.0001,0.07729743
2023-11-28 16:00:00+00:00,1701187200000,2023-11-28T16:00:00+00:00,0.0001,0.07998628
2023-11-29 00:00:00.001000+00:00,1701216000001,2023-11-29T00:00:00.001000+00:00,0.0001,0.08086
2023-11-29 08:00:00+00:00,1701244800000,2023-11-29T08:00:00+00:00,0.0001,0.08094231
2023-11-29 16:00:00+00:00,1701273600000,2023-11-29T16:00:00+00:00,0.0001,0.08024677
2023-11-30 00:00:00+00:00,1701302400000,2023-11-30T00:00:00+00:00,0.0001,0.08049126
2023-11-30 08:00:00+00:00,1701331200000,2023-11-30T08:00:00+00:00,0.0001,0.08163026
2023-11-30 16:00:00+00:00,1701360000000,2023-11-30T16:00:00+00:00,0.0001,0.08240398
2023-12-01 00:00:00+00:00,1701388800000,2023-12-01T00:00:00+00:00,0.0001,0.08347956
2023-12-01 08:00:00+00:00,1701417600000,2023-12-01T08:00:00+00:00,0.0001,0.08424
2023-12-01 16:00:00+00:00,1701446400000,2023-12-01T16:00:00+00:00,0.0001,0.08298795
2023-12-02 00:00:00+00:00,1701475200000,2023-12-02T00:00:00+00:00,0.0001,0.08386
2023-12-02 08:00:00+00:00,1701504000000,2023-12-02T08:00:00+00:00,0.0001,0.08379487
2023-12-02 16:00:00+00:00,1701532800000,2023-12-02T16:00:00+00:00,0.0001,0.08436829
2023-12-03 00:00:00+00:00,1701561600000,2023-12-03T00:00:00+00:00,0.0001,0.08623
2023-12-03 08:00:00+00:00,1701590400000,2023-12-03T08:00:00+00:00,0.00020393,0.08544567
2023-12-03 16:00:00+00:00,1701619200000,2023-12-03T16:00:00+00:00,0.0001,0.08401538
2023-12-04 00:00:00+00:00,1701648000000,2023-12-04T00:00:00+00:00,0.0001,0.0857337
2023-12-04 08:00:00+00:00,1701676800000,2023-12-04T08:00:00+00:00,0.00032177,0.09060284
2023-12-04 16:00:00+00:00,1701705600000,2023-12-04T16:00:00+00:00,0.0001,0.0894
2023-12-05 00:00:00+00:00,1701734400000,2023-12-05T00:00:00+00:00,0.0001,0.09192975
2023-12-05 08:00:00+00:00,1701763200000,2023-12-05T08:00:00+00:00,0.0001,0.08845409
2023-12-05 16:00:00+00:00,1701792000000,2023-12-05T16:00:00+00:00,0.0001,0.08983
2023-12-06 00:00:00+00:00,1701820800000,2023-12-06T00:00:00+00:00,0.0001254,0.09429595
2023-12-06 08:00:00+00:00,1701849600000,2023-12-06T08:00:00+00:00,0.0001,0.10275676
2023-12-06 16:00:00+00:00,1701878400000,2023-12-06T16:00:00+00:00,0.00014636,0.10079979
2023-12-07 00:00:00+00:00,1701907200000,2023-12-07T00:00:00+00:00,0.00023156,0.09498
2023-12-07 08:00:00+00:00,1701936000000,2023-12-07T08:00:00+00:00,0.00014133,0.09767017
2023-12-07 16:00:00+00:00,1701964800000,2023-12-07T16:00:00+00:00,0.00024177,0.09632
2023-12-08 00:00:00+00:00,1701993600000,2023-12-08T00:00:00+00:00,0.00040236,0.09595
2023-12-08 08:00:00+00:00,1702022400000,2023-12-08T08:00:00+00:00,0.00024385,0.0974632
2023-12-08 16:00:00+00:00,1702051200000,2023-12-08T16:00:00+00:00,0.00020194,0.09795
2023-12-09 00:00:00+00:00,1702080000000,2023-12-09T00:00:00+00:00,0.00032603,0.10172
2023-12-09 08:00:00+00:00,1702108800000,2023-12-09T08:00:00+00:00,0.0004397,0.10484
2023-12-09 16:00:00+00:00,1702137600000,2023-12-09T16:00:00+00:00,0.00047806,0.10121555
2023-12-10 00:00:00+00:00,1702166400000,2023-12-10T00:00:00+00:00,0.0002142,0.09851083
2023-12-10 08:00:00+00:00,1702195200000,2023-12-10T08:00:00+00:00,0.00037766,0.10013
2023-12-10 16:00:00+00:00,1702224000000,2023-12-10T16:00:00+00:00,0.00031964,0.10079
2023-12-11 00:00:00+00:00,1702252800000,2023-12-11T00:00:00+00:00,0.0003439,0.10196776
2023-12-11 08:00:00+00:00,1702281600000,2023-12-11T08:00:00+00:00,0.0001,0.09699404
2023-12-11 16:00:00+00:00,1702310400000,2023-12-11T16:00:00+00:00,0.0001,0.09537232
2023-12-12 00:00:00+00:00,1702339200000,2023-12-12T00:00:00+00:00,0.0001,0.09417299
2023-12-12 08:00:00+00:00,1702368000000,2023-12-12T08:00:00+00:00,0.0001,0.09687771
2023-12-12 16:00:00+00:00,1702396800000,2023-12-12T16:00:00+00:00,0.00017383,0.09414
2023-12-13 00:00:00+00:00,1702425600000,2023-12-13T00:00:00+00:00,0.0001,0.09383207
2023-12-13 08:00:00+00:00,1702454400000,2023-12-13T08:00:00+00:00,0.0001,0.09158101
2023-12-13 16:00:00.001000+00:00,1702483200001,2023-12-13T16:00:00.001000+00:00,0.0001,0.09305622
2023-12-14 00:00:00+00:00,1702512000000,2023-12-14T00:00:00+00:00,0.0001,0.09642047
2023-12-14 08:00:00+00:00,1702540800000,2023-12-14T08:00:00+00:00,0.0001,0.09639977
2023-12-14 16:00:00+00:00,1702569600000,2023-12-14T16:00:00+00:00,0.0001,0.09557845
2023-12-15 00:00:00+00:00,1702598400000,2023-12-15T00:00:00+00:00,0.0001,0.09838
2023-12-15 08:00:00+00:00,1702627200000,2023-12-15T08:00:00+00:00,0.00018556,0.09599927
2023-12-15 16:00:00+00:00,1702656000000,2023-12-15T16:00:00+00:00,0.0001,0.09399319
2023-12-16 00:00:00+00:00,1702684800000,2023-12-16T00:00:00+00:00,0.0001,0.09303169
2023-12-16 08:00:00+00:00,1702713600000,2023-12-16T08:00:00+00:00,0.0001,0.09380718
2023-12-16 16:00:00.001000+00:00,1702742400001,2023-12-16T16:00:00.001000+00:00,0.0001,0.09507
2023-12-17 00:00:00+00:00,1702771200000,2023-12-17T00:00:00+00:00,0.0001,0.09716018
2023-12-17 08:00:00+00:00,1702800000000,2023-12-17T08:00:00+00:00,0.0001,0.09393673
2023-12-17 16:00:00+00:00,1702828800000,2023-12-17T16:00:00+00:00,0.00010706,0.09464529
2023-12-18 00:00:00+00:00,1702857600000,2023-12-18T00:00:00+00:00,0.0001,0.09297214
2023-12-18 08:00:00.001000+00:00,1702886400001,2023-12-18T08:00:00.001000+00:00,0.0001,0.09088514
2023-12-18 16:00:00+00:00,1702915200000,2023-12-18T16:00:00+00:00,0.0001,0.08903701
2023-12-19 00:00:00+00:00,1702944000000,2023-12-19T00:00:00+00:00,0.0001,0.09212879
2023-12-19 08:00:00+00:00,1702972800000,2023-12-19T08:00:00+00:00,0.0001,0.0932
2023-12-19 16:00:00+00:00,1703001600000,2023-12-19T16:00:00+00:00,0.0001,0.09136
2023-12-20 00:00:00+00:00,1703030400000,2023-12-20T00:00:00+00:00,0.0001,0.09026608
2023-12-20 08:00:00+00:00,1703059200000,2023-12-20T08:00:00+00:00,0.00011469,0.09043
2023-12-20 16:00:00+00:00,1703088000000,2023-12-20T16:00:00+00:00,0.0001,0.09303926
2023-12-21 00:00:00+00:00,1703116800000,2023-12-21T00:00:00+00:00,0.00024142,0.09157456
2023-12-21 08:00:00+00:00,1703145600000,2023-12-21T08:00:00+00:00,0.00035556,0.09158
2023-12-21 16:00:00+00:00,1703174400000,2023-12-21T16:00:00+00:00,0.00024984,0.09141
2023-12-22 00:00:00+00:00,1703203200000,2023-12-22T00:00:00+00:00,0.00033748,0.09506376
2023-12-22 08:00:00+00:00,1703232000000,2023-12-22T08:00:00+00:00,0.00031602,0.09262652
2023-12-22 16:00:00+00:00,1703260800000,2023-12-22T16:00:00+00:00,0.00033018,0.09389
2023-12-23 00:00:00+00:00,1703289600000,2023-12-23T00:00:00+00:00,0.00034928,0.09502365
2023-12-23 08:00:00.001000+00:00,1703318400001,2023-12-23T08:00:00.001000+00:00,0.00021318,0.09264
2023-12-23 16:00:00+00:00,1703347200000,2023-12-23T16:00:00+00:00,0.00032786,0.09309479
2023-12-24 00:00:00+00:00,1703376000000,2023-12-24T00:00:00+00:00,0.00033859,0.09351533
2023-12-24 08:00:00+00:00,1703404800000,2023-12-24T08:00:00+00:00,0.00036768,0.09347
2023-12-24 16:00:00+00:00,1703433600000,2023-12-24T16:00:00+00:00,0.00045794,0.09382
2023-12-25 00:00:00+00:00,1703462400000,2023-12-25T00:00:00+00:00,0.00022718,0.09175
2023-12-25 08:00:00+00:00,1703491200000,2023-12-25T08:00:00+00:00,0.00025381,0.09261842
2023-12-25 16:00:00+00:00,1703520000000,2023-12-25T16:00:00+00:00,0.00041768,0.09381006
2023-12-26 00:00:00+00:00,1703548800000,2023-12-26T00:00:00+00:00,0.00053714,0.09438331
2023-12-26 08:00:00+00:00,1703577600000,2023-12-26T08:00:00+00:00,0.0002611,0.09272216
2023-12-26 16:00:00+00:00,1703606400000,2023-12-26T16:00:00+00:00,0.00044854,0.09159968
2023-12-27 00:00:00+00:00,1703635200000,2023-12-27T00:00:00+00:00,0.0001,0.09142328
2023-12-27 08:00:00+00:00,1703664000000,2023-12-27T08:00:00+00:00,0.00014526,0.09193673
2023-12-27 16:00:00+00:00,1703692800000,2023-12-27T16:00:00+00:00,0.0004619,0.09336
2023-12-28 00:00:00+00:00,1703721600000,2023-12-28T00:00:00+00:00,0.00047802,0.09374473
2023-12-28 08:00:00+00:00,1703750400000,2023-12-28T08:00:00+00:00,0.00056982,0.09355
2023-12-28 16:00:00+00:00,1703779200000,2023-12-28T16:00:00+00:00,0.00046646,0.09143
2023-12-29 00:00:00.001000+00:00,1703808000001,2023-12-29T00:00:00.001000+00:00,0.00039439,0.0918
2023-12-29 08:00:00+00:00,1703836800000,2023-12-29T08:00:00+00:00,0.00043116,0.09135715
2023-12-29 16:00:00+00:00,1703865600000,2023-12-29T16:00:00+00:00,0.00051294,0.09166
2023-12-30 00:00:00.001000+00:00,1703894400001,2023-12-30T00:00:00.001000+00:00,0.0001,0.09097312
2023-12-30 08:00:00+00:00,1703923200000,2023-12-30T08:00:00+00:00,0.00040406,0.09055
2023-12-30 16:00:00+00:00,1703952000000,2023-12-30T16:00:00+00:00,0.0002636,0.09089
2023-12-31 00:00:00+00:00,1703980800000,2023-12-31T00:00:00+00:00,0.00028895,0.09006917
2023-12-31 08:00:00.001000+00:00,1704009600001,2023-12-31T08:00:00.001000+00:00,0.00023869,0.09051481
2023-12-31 16:00:00+00:00,1704038400000,2023-12-31T16:00:00+00:00,0.00032113,0.09016167
2024-01-01 00:00:00+00:00,1704067200000,2024-01-01T00:00:00+00:00,0.00022291,0.08957
2024-01-01 08:00:00+00:00,1704096000000,2024-01-01T08:00:00+00:00,0.00018953,0.08967649
2024-01-01 16:00:00+00:00,1704124800000,2024-01-01T16:00:00+00:00,0.00041893,0.09108145
2024-01-02 00:00:00+00:00,1704153600000,2024-01-02T00:00:00+00:00,0.0005603,0.09209
2024-01-02 08:00:00+00:00,1704182400000,2024-01-02T08:00:00+00:00,0.00052026,0.09354663
2024-01-02 16:00:00+00:00,1704211200000,2024-01-02T16:00:00+00:00,0.00069049,0.09150837
2024-01-03 00:00:00+00:00,1704240000000,2024-01-03T00:00:00+00:00,0.00037951,0.09112409
2024-01-03 08:00:00+00:00,1704268800000,2024-01-03T08:00:00+00:00,0.00037008,0.09171
2024-01-03 16:00:00+00:00,1704297600000,2024-01-03T16:00:00+00:00,0.0001,0.08245156
2024-01-04 00:00:00+00:00,1704326400000,2024-01-04T00:00:00+00:00,0.0001,0.08197495
2024-01-04 08:00:00+00:00,1704355200000,2024-01-04T08:00:00+00:00,0.0001,0.08228126
2024-01-04 16:00:00+00:00,1704384000000,2024-01-04T16:00:00+00:00,0.0001,0.08406879
2024-01-05 00:00:00.001000+00:00,1704412800001,2024-01-05T00:00:00.001000+00:00,0.0001,0.08399
2024-01-05 08:00:00+00:00,1704441600000,2024-01-05T08:00:00+00:00,0.0001,0.08281
2024-01-05 16:00:00+00:00,1704470400000,2024-01-05T16:00:00+00:00,0.0001,0.08194
2024-01-06 00:00:00+00:00,1704499200000,2024-01-06T00:00:00+00:00,0.0001,0.08266
2024-01-06 08:00:00+00:00,1704528000000,2024-01-06T08:00:00+00:00,0.0001,0.08020626
2024-01-06 16:00:00+00:00,1704556800000,2024-01-06T16:00:00+00:00,0.0001,0.08145872
2024-01-07 00:00:00+00:00,1704585600000,2024-01-07T00:00:00+00:00,0.0001,0.0805763
2024-01-07 08:00:00.001000+00:00,1704614400001,2024-01-07T08:00:00.001000+00:00,0.0001,0.08071458
2024-01-07 16:00:00.001000+00:00,1704643200001,2024-01-07T16:00:00.001000+00:00,0.0001,0.0794343
2024-01-08 00:00:00+00:00,1704672000000,2024-01-08T00:00:00+00:00,0.0001,0.07821752
2024-01-08 08:00:00+00:00,1704700800000,2024-01-08T08:00:00+00:00,0.0001,0.07761369
2024-01-08 16:00:00+00:00,1704729600000,2024-01-08T16:00:00+00:00,0.0001,0.07907
2024-01-09 00:00:00.001000+00:00,1704758400001,2024-01-09T00:00:00.001000+00:00,0.0001,0.08133
2024-01-09 08:00:00+00:00,1704787200000,2024-01-09T08:00:00+00:00,0.0001,0.08048279
2024-01-09 16:00:00+00:00,1704816000000,2024-01-09T16:00:00+00:00,0.0001,0.07825906
2024-01-10 00:00:00+00:00,1704844800000,2024-01-10T00:00:00+00:00,0.0001,0.07923485
2024-01-10 08:00:00+00:00,1704873600000,2024-01-10T08:00:00+00:00,0.0001,0.0786374
2024-01-10 16:00:00+00:00,1704902400000,2024-01-10T16:00:00+00:00,0.0001,0.07836403
2024-01-11 00:00:00+00:00,1704931200000,2024-01-11T00:00:00+00:00,0.0001,0.08308276
2024-01-11 08:00:00+00:00,1704960000000,2024-01-11T08:00:00+00:00,0.0001,0.08382
2024-01-11 16:00:00+00:00,1704988800000,2024-01-11T16:00:00+00:00,0.0001,0.0849632
2024-01-12 00:00:00.001000+00:00,1705017600001,2024-01-12T00:00:00.001000+00:00,0.0001,0.08457408
2024-01-12 08:00:00+00:00,1705046400000,2024-01-12T08:00:00+00:00,0.0001,0.0841
2024-01-12 16:00:00+00:00,1705075200000,2024-01-12T16:00:00+00:00,0.0001,0.08272
2024-01-13 00:00:00+00:00,1705104000000,2024-01-13T00:00:00+00:00,0.0001,0.08008
2024-01-13 08:00:00+00:00,1705132800000,2024-01-13T08:00:00+00:00,0.0001,0.0808
2024-01-13 16:00:00.001000+00:00,1705161600001,2024-01-13T16:00:00.001000+00:00,0.0001,0.08121
2024-01-14 00:00:00+00:00,1705190400000,2024-01-14T00:00:00+00:00,0.0001,0.08089877
2024-01-14 08:00:00+00:00,1705219200000,2024-01-14T08:00:00+00:00,0.0001,0.08255934
2024-01-14 16:00:00.001000+00:00,1705248000001,2024-01-14T16:00:00.001000+00:00,0.0001,0.08204174
2024-01-15 00:00:00+00:00,1705276800000,2024-01-15T00:00:00+00:00,0.0001,0.08003
2024-01-15 08:00:00+00:00,1705305600000,2024-01-15T08:00:00+00:00,0.0001,0.08090425
2024-01-15 16:00:00+00:00,1705334400000,2024-01-15T16:00:00+00:00,0.0001,0.08026159
2024-01-16 00:00:00+00:00,1705363200000,2024-01-16T00:00:00+00:00,0.0001,0.08108516
2024-01-16 08:00:00+00:00,1705392000000,2024-01-16T08:00:00+00:00,0.0001,0.08095184
2024-01-16 16:00:00.001000+00:00,1705420800001,2024-01-16T16:00:00.001000+00:00,0.0001,0.08130719
2024-01-17 00:00:00+00:00,1705449600000,2024-01-17T00:00:00+00:00,0.0001,0.08136812
2024-01-17 08:00:00+00:00,1705478400000,2024-01-17T08:00:00+00:00,0.0001,0.08041304
2024-01-17 16:00:00+00:00,1705507200000,2024-01-17T16:00:00+00:00,0.0001,0.08008
2024-01-18 00:00:00.001000+00:00,1705536000001,2024-01-18T00:00:00.001000+00:00,0.0001,0.08059
2024-01-18 08:00:00+00:00,1705564800000,2024-01-18T08:00:00+00:00,0.0001,0.08074893
2024-01-18 16:00:00+00:00,1705593600000,2024-01-18T16:00:00+00:00,0.0001,0.08009818
2024-01-19 00:00:00+00:00,1705622400000,2024-01-19T00:00:00+00:00,0.0001,0.07806417
2024-01-19 08:00:00+00:00,1705651200000,2024-01-19T08:00:00+00:00,0.0001,0.07814555
2024-01-19 16:00:00.002000+00:00,1705680000002,2024-01-19T16:00:00.002000+00:00,0.0001,0.07743375
2024-01-20 00:00:00+00:00,1705708800000,2024-01-20T00:00:00+00:00,0.0001,0.07858951
2024-01-20 08:00:00.003000+00:00,1705737600003,2024-01-20T08:00:00.003000+00:00,0.0001,0.07921417
2024-01-20 16:00:00+00:00,1705766400000,2024-01-20T16:00:00+00:00,0.0001,0.07923215
2024-01-21 00:00:00+00:00,1705795200000,2024-01-21T00:00:00+00:00,0.0001,0.08776022
2024-01-21 08:00:00+00:00,1705824000000,2024-01-21T08:00:00+00:00,0.0001,0.08584446
2024-01-21 16:00:00+00:00,1705852800000,2024-01-21T16:00:00+00:00,0.0001,0.08723
2024-01-22 00:00:00+00:00,1705881600000,2024-01-22T00:00:00+00:00,0.0001,0.08547609
2024-01-22 08:00:00+00:00,1705910400000,2024-01-22T08:00:00+00:00,0.0001,0.08338235
2024-01-22 16:00:00+00:00,1705939200000,2024-01-22T16:00:00+00:00,0.0001,0.08410943
2024-01-23 00:00:00+00:00,1705968000000,2024-01-23T00:00:00+00:00,0.0001,0.08054813
2024-01-23 08:00:00+00:00,1705996800000,2024-01-23T08:00:00+00:00,0.0001,0.07975039
2024-01-23 16:00:00+00:00,1706025600000,2024-01-23T16:00:00+00:00,0.0001,0.07752096
2024-01-24 00:00:00+00:00,1706054400000,2024-01-24T00:00:00+00:00,0.0001,0.07817
2024-01-24 08:00:00+00:00,1706083200000,2024-01-24T08:00:00+00:00,0.0001,0.07954228
2024-01-24 16:00:00+00:00,1706112000000,2024-01-24T16:00:00+00:00,0.0001,0.0791316
2024-01-25 00:00:00+00:00,1706140800000,2024-01-25T00:00:00+00:00,0.0001,0.07906801
2024-01-25 08:00:00.001000+00:00,1706169600001,2024-01-25T08:00:00.001000+00:00,0.0001,0.07819929
2024-01-25 16:00:00+00:00,1706198400000,2024-01-25T16:00:00+00:00,0.0001,0.07739
2024-01-26 00:00:00.001000+00:00,1706227200001,2024-01-26T00:00:00.001000+00:00,0.0001,0.07792756
2024-01-26 08:00:00+00:00,1706256000000,2024-01-26T08:00:00+00:00,0.0001,0.07782543
2024-01-26 16:00:00+00:00,1706284800000,2024-01-26T16:00:00+00:00,0.0001,0.07946
2024-01-27 00:00:00+00:00,1706313600000,2024-01-27T00:00:00+00:00,0.0001,0.07981328
2024-01-27 08:00:00+00:00,1706342400000,2024-01-27T08:00:00+00:00,0.0001,0.07937407
2024-01-27 16:00:00+00:00,1706371200000,2024-01-27T16:00:00+00:00,0.0001,0.07957879
2024-01-28 00:00:00+00:00,1706400000000,2024-01-28T00:00:00+00:00,0.0001,0.08011812
2024-01-28 08:00:00+00:00,1706428800000,2024-01-28T08:00:00+00:00,0.0001,0.08019
2024-01-28 16:00:00+00:00,1706457600000,2024-01-28T16:00:00+00:00,0.0001,0.07959096
2024-01-29 00:00:00+00:00,1706486400000,2024-01-29T00:00:00+00:00,0.0001,0.07881126
2024-01-29 08:00:00.001000+00:00,1706515200001,2024-01-29T08:00:00.001000+00:00,0.0001,0.07846
2024-01-29 16:00:00+00:00,1706544000000,2024-01-29T16:00:00+00:00,0.0001,0.08222022
2024-01-30 00:00:00+00:00,1706572800000,2024-01-30T00:00:00+00:00,0.0001,0.08135
2024-01-30 08:00:00+00:00,1706601600000,2024-01-30T08:00:00+00:00,0.0001,0.08138885
2024-01-30 16:00:00.001000+00:00,1706630400001,2024-01-30T16:00:00.001000+00:00,0.0001,0.08119
2024-01-31 00:00:00+00:00,1706659200000,2024-01-31T00:00:00+00:00,0.0001,0.0797154
2024-01-31 08:00:00+00:00,1706688000000,2024-01-31T08:00:00+00:00,0.0001,0.07975
2024-01-31 16:00:00+00:00,1706716800000,2024-01-31T16:00:00+00:00,0.0001,0.0795
2024-02-01 00:00:00+00:00,1706745600000,2024-02-01T00:00:00+00:00,0.0001,0.07873981
2024-02-01 08:00:00+00:00,1706774400000,2024-02-01T08:00:00+00:00,0.0001,0.07880052
2024-02-01 16:00:00.002000+00:00,1706803200002,2024-02-01T16:00:00.002000+00:00,0.0001,0.07894
2024-02-02 00:00:00+00:00,1706832000000,2024-02-02T00:00:00+00:00,0.0001,0.07933
2024-02-02 08:00:00+00:00,1706860800000,2024-02-02T08:00:00+00:00,0.0001,0.07977
2024-02-02 16:00:00+00:00,1706889600000,2024-02-02T16:00:00+00:00,0.0001,0.07937
2024-02-03 00:00:00+00:00,1706918400000,2024-02-03T00:00:00+00:00,0.0001,0.07925555
2024-02-03 08:00:00+00:00,1706947200000,2024-02-03T08:00:00+00:00,0.0001,0.07897
2024-02-03 16:00:00.001000+00:00,1706976000001,2024-02-03T16:00:00.001000+00:00,0.0001,0.07905
2024-02-04 00:00:00+00:00,1707004800000,2024-02-04T00:00:00+00:00,0.0001,0.07871
2024-02-04 08:00:00.004000+00:00,1707033600004,2024-02-04T08:00:00.004000+00:00,0.0001,0.07863
2024-02-04 16:00:00+00:00,1707062400000,2024-02-04T16:00:00+00:00,0.0001,0.0791
2024-02-05 00:00:00+00:00,1707091200000,2024-02-05T00:00:00+00:00,0.0001,0.07825833
2024-02-05 08:00:00+00:00,1707120000000,2024-02-05T08:00:00+00:00,0.0001,0.07871696
2024-02-05 16:00:00+00:00,1707148800000,2024-02-05T16:00:00+00:00,0.0001,0.0787
2024-02-06 00:00:00+00:00,1707177600000,2024-02-06T00:00:00+00:00,0.0001,0.07831029
2024-02-06 08:00:00.001000+00:00,1707206400001,2024-02-06T08:00:00.001000+00:00,0.0001,0.07846406
2024-02-06 16:00:00+00:00,1707235200000,2024-02-06T16:00:00+00:00,0.0001,0.0785424
2024-02-07 00:00:00+00:00,1707264000000,2024-02-07T00:00:00+00:00,0.0001,0.07849506
2024-02-07 08:00:00+00:00,1707292800000,2024-02-07T08:00:00+00:00,0.0001,0.07835654
2024-02-07 16:00:00+00:00,1707321600000,2024-02-07T16:00:00+00:00,0.0001,0.07896049
2024-02-08 00:00:00+00:00,1707350400000,2024-02-08T00:00:00+00:00,0.0001,0.08013089
2024-02-08 08:00:00+00:00,1707379200000,2024-02-08T08:00:00+00:00,0.0001,0.0799053
2024-02-08 16:00:00+00:00,1707408000000,2024-02-08T16:00:00+00:00,0.0001,0.08072557
2024-02-09 00:00:00+00:00,1707436800000,2024-02-09T00:00:00+00:00,0.0001,0.07986
2024-02-09 08:00:00+00:00,1707465600000,2024-02-09T08:00:00+00:00,0.0001,0.08189073
2024-02-09 16:00:00.001000+00:00,1707494400001,2024-02-09T16:00:00.001000+00:00,0.0001,0.08144024
2024-02-10 00:00:00.001000+00:00,1707523200001,2024-02-10T00:00:00.001000+00:00,0.0001,0.08155936
2024-02-10 08:00:00+00:00,1707552000000,2024-02-10T08:00:00+00:00,0.0001,0.08125745
2024-02-10 16:00:00+00:00,1707580800000,2024-02-10T16:00:00+00:00,0.0001,0.08111568
2024-02-11 00:00:00+00:00,1707609600000,2024-02-11T00:00:00+00:00,0.0001,0.08138259
2024-02-11 08:00:00.001000+00:00,1707638400001,2024-02-11T08:00:00.001000+00:00,0.0001,0.08286697
2024-02-11 16:00:00+00:00,1707667200000,2024-02-11T16:00:00+00:00,0.0001,0.08181
2024-02-12 00:00:00+00:00,1707696000000,2024-02-12T00:00:00+00:00,0.0001,0.08123339
2024-02-12 08:00:00+00:00,1707724800000,2024-02-12T08:00:00+00:00,0.0001,0.0803655
2024-02-12 16:00:00+00:00,1707753600000,2024-02-12T16:00:00+00:00,0.0001,0.08160008
2024-02-13 00:00:00+00:00,1707782400000,2024-02-13T00:00:00+00:00,0.0001,0.08229
2024-02-13 08:00:00+00:00,1707811200000,2024-02-13T08:00:00+00:00,0.00018857,0.08256785
2024-02-13 16:00:00+00:00,1707840000000,2024-02-13T16:00:00+00:00,0.00013418,0.08099471
2024-02-14 00:00:00+00:00,1707868800000,2024-02-14T00:00:00+00:00,0.00018664,0.0811
2024-02-14 08:00:00+00:00,1707897600000,2024-02-14T08:00:00+00:00,0.0001,0.0817924
2024-02-14 16:00:00+00:00,1707926400000,2024-02-14T16:00:00+00:00,0.00038729,0.08320777
2024-02-15 00:00:00+00:00,1707955200000,2024-02-15T00:00:00+00:00,0.00037785,0.08557
2024-02-15 08:00:00+00:00,1707984000000,2024-02-15T08:00:00+00:00,0.00025577,0.0855773
2024-02-15 16:00:00+00:00,1708012800000,2024-02-15T16:00:00+00:00,0.0001237,0.0851
2024-02-16 00:00:00+00:00,1708041600000,2024-02-16T00:00:00+00:00,0.00022411,0.08534
2024-02-16 08:00:00+00:00,1708070400000,2024-02-16T08:00:00+00:00,0.00028397,0.08519
2024-02-16 16:00:00+00:00,1708099200000,2024-02-16T16:00:00+00:00,0.00017699,0.08548971
2024-02-17 00:00:00+00:00,1708128000000,2024-02-17T00:00:00+00:00,0.00023524,0.08594
2024-02-17 08:00:00+00:00,1708156800000,2024-02-17T08:00:00+00:00,0.0001312,0.08524609
2024-02-17 16:00:00+00:00,1708185600000,2024-02-17T16:00:00+00:00,0.0001,0.08300697
2024-02-18 00:00:00+00:00,1708214400000,2024-02-18T00:00:00+00:00,0.00011747,0.08357797
2024-02-18 08:00:00+00:00,1708243200000,2024-02-18T08:00:00+00:00,0.00021794,0.08391
2024-02-18 16:00:00+00:00,1708272000000,2024-02-18T16:00:00+00:00,0.00015904,0.08397
2024-02-19 00:00:00+00:00,1708300800000,2024-02-19T00:00:00+00:00,0.00023872,0.08524
2024-02-19 08:00:00+00:00,1708329600000,2024-02-19T08:00:00+00:00,0.00028442,0.08665829
2024-02-19 16:00:00+00:00,1708358400000,2024-02-19T16:00:00+00:00,0.00043884,0.0876
2024-02-20 00:00:00+00:00,1708387200000,2024-02-20T00:00:00+00:00,0.0002904,0.08949
2024-02-20 08:00:00+00:00,1708416000000,2024-02-20T08:00:00+00:00,0.00025025,0.08749491
2024-02-20 16:00:00+00:00,1708444800000,2024-02-20T16:00:00+00:00,0.00012405,0.08457512
2024-02-21 00:00:00+00:00,1708473600000,2024-02-21T00:00:00+00:00,0.0001,0.08616516
2024-02-21 08:00:00+00:00,1708502400000,2024-02-21T08:00:00+00:00,0.0001,0.08429814
2024-02-21 16:00:00+00:00,1708531200000,2024-02-21T16:00:00+00:00,0.0001,0.08339853
2024-02-22 00:00:00.001000+00:00,1708560000001,2024-02-22T00:00:00.001000+00:00,0.0001,0.08462583
2024-02-22 08:00:00.001000+00:00,1708588800001,2024-02-22T08:00:00.001000+00:00,0.00010925,0.08515924
2024-02-22 16:00:00+00:00,1708617600000,2024-02-22T16:00:00+00:00,0.00026221,0.08498
2024-02-23 00:00:00+00:00,1708646400000,2024-02-23T00:00:00+00:00,0.00029037,0.08414493
2024-02-23 08:00:00+00:00,1708675200000,2024-02-23T08:00:00+00:00,0.00025336,0.08366422
2024-02-23 16:00:00+00:00,1708704000000,2024-02-23T16:00:00+00:00,0.00018578,0.08380751
2024-02-24 00:00:00+00:00,1708732800000,2024-02-24T00:00:00+00:00,0.00027477,0.08456513
2024-02-24 08:00:00.001000+00:00,1708761600001,2024-02-24T08:00:00.001000+00:00,0.00029308,0.08514
2024-02-24 16:00:00+00:00,1708790400000,2024-02-24T16:00:00+00:00,0.00027881,0.08579
2024-02-25 00:00:00.001000+00:00,1708819200001,2024-02-25T00:00:00.001000+00:00,0.00036182,0.08622
2024-02-25 08:00:00+00:00,1708848000000,2024-02-25T08:00:00+00:00,0.0004009,0.08603555
2024-02-25 16:00:00+00:00,1708876800000,2024-02-25T16:00:00+00:00,0.00020772,0.08636345
2024-02-26 00:00:00+00:00,1708905600000,2024-02-26T00:00:00+00:00,0.00054579,0.08616332
2024-02-26 08:00:00+00:00,1708934400000,2024-02-26T08:00:00+00:00,0.00034405,0.08553644
2024-02-26 16:00:00+00:00,1708963200000,2024-02-26T16:00:00+00:00,0.00017343,0.0866483
2024-02-27 00:00:00+00:00,1708992000000,2024-02-27T00:00:00+00:00,0.00039982,0.08932
2024-02-27 08:00:00+00:00,1709020800000,2024-02-27T08:00:00+00:00,0.00065997,0.09188
2024-02-27 16:00:00+00:00,1709049600000,2024-02-27T16:00:00+00:00,0.00044313,0.0959771
2024-02-28 00:00:00+00:00,1709078400000,2024-02-28T00:00:00+00:00,0.00040132,0.09769
2024-02-28 08:00:00+00:00,1709107200000,2024-02-28T08:00:00+00:00,0.00022673,0.09692
2024-02-28 16:00:00+00:00,1709136000000,2024-02-28T16:00:00+00:00,0.00060162,0.10020423
2024-02-29 00:00:00+00:00,1709164800000,2024-02-29T00:00:00+00:00,0.00040614,0.11596
2024-02-29 08:00:00+00:00,1709193600000,2024-02-29T08:00:00+00:00,0.00078836,0.12816
2024-02-29 16:00:00+00:00,1709222400000,2024-02-29T16:00:00+00:00,0.0007485,0.13426798
2024-03-01 00:00:00+00:00,1709251200000,2024-03-01T00:00:00+00:00,0.00069545,0.11738503
2024-03-01 08:00:00+00:00,1709280000000,2024-03-01T08:00:00+00:00,0.00060754,0.11846
2024-03-01 16:00:00+00:00,1709308800000,2024-03-01T16:00:00+00:00,0.00053525,0.12443
2024-03-02 00:00:00+00:00,1709337600000,2024-03-02T00:00:00+00:00,0.00068518,0.13951552
2024-03-02 08:00:00.001000+00:00,1709366400001,2024-03-02T08:00:00.001000+00:00,0.00087727,0.14686866
2024-03-02 16:00:00+00:00,1709395200000,2024-03-02T16:00:00+00:00,0.00070534,0.13767
2024-03-03 00:00:00+00:00,1709424000000,2024-03-03T00:00:00+00:00,0.00061388,0.14210548
2024-03-03 08:00:00+00:00,1709452800000,2024-03-03T08:00:00+00:00,0.00069223,0.13136
2024-03-03 16:00:00+00:00,1709481600000,2024-03-03T16:00:00+00:00,0.00062328,0.14038
2024-03-04 00:00:00+00:00,1709510400000,2024-03-04T00:00:00+00:00,0.00072633,0.15369
2024-03-04 08:00:00+00:00,1709539200000,2024-03-04T08:00:00+00:00,0.00064212,0.16393
2024-03-04 16:00:00+00:00,1709568000000,2024-03-04T16:00:00+00:00,0.00061052,0.17186834
2024-03-05 00:00:00+00:00,1709596800000,2024-03-05T00:00:00+00:00,0.00051204,0.18201765
2024-03-05 08:00:00+00:00,1709625600000,2024-03-05T08:00:00+00:00,0.00102757,0.17829
2024-03-05 16:00:00+00:00,1709654400000,2024-03-05T16:00:00+00:00,0.00078334,0.17306
2024-03-06 00:00:00+00:00,1709683200000,2024-03-06T00:00:00+00:00,0.0001,0.15312951
2024-03-06 08:00:00.001000+00:00,1709712000001,2024-03-06T08:00:00.001000+00:00,0.00025286,0.16804
2024-03-06 16:00:00+00:00,1709740800000,2024-03-06T16:00:00+00:00,0.00036982,0.16129
2024-03-07 00:00:00+00:00,1709769600000,2024-03-07T00:00:00+00:00,0.00018274,0.15787979
2024-03-07 08:00:00+00:00,1709798400000,2024-03-07T08:00:00+00:00,0.00028267,0.15118718
2024-03-07 16:00:00+00:00,1709827200000,2024-03-07T16:00:00+00:00,0.0005384,0.1589499
2024-03-08 00:00:00+00:00,1709856000000,2024-03-08T00:00:00+00:00,0.00055773,0.15773335
2024-03-08 08:00:00+00:00,1709884800000,2024-03-08T08:00:00+00:00,0.00058396,0.16484604
2024-03-08 16:00:00+00:00,1709913600000,2024-03-08T16:00:00+00:00,0.0005871,0.16361215
2024-03-09 00:00:00+00:00,1709942400000,2024-03-09T00:00:00+00:00,0.00036961,0.16463745
2024-03-09 08:00:00.001000+00:00,1709971200001,2024-03-09T08:00:00.001000+00:00,0.00052347,0.1678453
2024-03-09 16:00:00+00:00,1710000000000,2024-03-09T16:00:00+00:00,0.00060312,0.16999
2024-03-10 00:00:00+00:00,1710028800000,2024-03-10T00:00:00+00:00,0.00092314,0.17897525
2024-03-10 08:00:00+00:00,1710057600000,2024-03-10T08:00:00+00:00,0.0007414,0.17624553
2024-03-10 16:00:00+00:00,1710086400000,2024-03-10T16:00:00+00:00,0.00051308,0.17241
2024-03-11 00:00:00+00:00,1710115200000,2024-03-11T00:00:00+00:00,0.00047646,0.17001943
2024-03-11 08:00:00+00:00,1710144000000,2024-03-11T08:00:00+00:00,0.00056768,0.17643
2024-03-11 16:00:00+00:00,1710172800000,2024-03-11T16:00:00+00:00,0.00082056,0.17443
2024-03-12 00:00:00+00:00,1710201600000,2024-03-12T00:00:00+00:00,0.00086897,0.18230484
2024-03-12 08:00:00+00:00,1710230400000,2024-03-12T08:00:00+00:00,0.0005499,0.17257
2024-03-12 16:00:00+00:00,1710259200000,2024-03-12T16:00:00+00:00,0.00047181,0.17016
2024-03-13 00:00:00+00:00,1710288000000,2024-03-13T00:00:00+00:00,0.00044828,0.1683
2024-03-13 08:00:00.001000+00:00,1710316800001,2024-03-13T08:00:00.001000+00:00,0.0007323,0.17246
2024-03-13 16:00:00+00:00,1710345600000,2024-03-13T16:00:00+00:00,0.00068219,0.1668772
2024-03-14 00:00:00.001000+00:00,1710374400001,2024-03-14T00:00:00.001000+00:00,0.00046713,0.16912
2024-03-14 08:00:00+00:00,1710403200000,2024-03-14T08:00:00+00:00,0.00081938,0.18642
2024-03-14 16:00:00+00:00,1710432000000,2024-03-14T16:00:00+00:00,0.00044838,0.17290701
2024-03-15 00:00:00+00:00,1710460800000,2024-03-15T00:00:00+00:00,0.00038264,0.17735973
2024-03-15 08:00:00+00:00,1710489600000,2024-03-15T08:00:00+00:00,0.00012373,0.16784711
2024-03-15 16:00:00+00:00,1710518400000,2024-03-15T16:00:00+00:00,0.00017954,0.16237
2024-03-16 00:00:00+00:00,1710547200000,2024-03-16T00:00:00+00:00,0.00013401,0.16359727
2024-03-16 08:00:00+00:00,1710576000000,2024-03-16T08:00:00+00:00,0.00028457,0.16329324
2024-03-16 16:00:00+00:00,1710604800000,2024-03-16T16:00:00+00:00,0.00018354,0.15402791
2024-03-17 00:00:00+00:00,1710633600000,2024-03-17T00:00:00+00:00,0.00015904,0.14261
2024-03-17 08:00:00+00:00,1710662400000,2024-03-17T08:00:00+00:00,0.00025619,0.14098
2024-03-17 16:00:00+00:00,1710691200000,2024-03-17T16:00:00+00:00,0.00021395,0.15292796
2024-03-18 00:00:00+00:00,1710720000000,2024-03-18T00:00:00+00:00,0.0001,0.15438
2024-03-18 08:00:00+00:00,1710748800000,2024-03-18T08:00:00+00:00,0.00025102,0.14947778
2024-03-18 16:00:00.001000+00:00,1710777600001,2024-03-18T16:00:00.001000+00:00,0.00034633,0.14382
2024-03-19 00:00:00+00:00,1710806400000,2024-03-19T00:00:00+00:00,0.00024317,0.1435796
2024-03-19 08:00:00+00:00,1710835200000,2024-03-19T08:00:00+00:00,0.00024204,0.13279747
2024-03-19 16:00:00.001000+00:00,1710864000001,2024-03-19T16:00:00.001000+00:00,0.00010485,0.13426695
2024-03-20 00:00:00+00:00,1710892800000,2024-03-20T00:00:00+00:00,0.00025641,0.12887
2024-03-20 08:00:00.004000+00:00,1710921600004,2024-03-20T08:00:00.004000+00:00,0.00023434,0.13348396
2024-03-20 16:00:00+00:00,1710950400000,2024-03-20T16:00:00+00:00,0.00015808,0.13229687
2024-03-21 00:00:00+00:00,1710979200000,2024-03-21T00:00:00+00:00,0.00022588,0.15221
2024-03-21 08:00:00+00:00,1711008000000,2024-03-21T08:00:00+00:00,0.00014776,0.1539106
2024-03-21 16:00:00+00:00,1711036800000,2024-03-21T16:00:00+00:00,0.0001,0.15693
2024-03-22 00:00:00+00:00,1711065600000,2024-03-22T00:00:00+00:00,0.00022561,0.15547069
2024-03-22 08:00:00+00:00,1711094400000,2024-03-22T08:00:00+00:00,0.00016087,0.16314316
2024-03-22 16:00:00+00:00,1711123200000,2024-03-22T16:00:00+00:00,0.0001,0.14976111
2024-03-23 00:00:00+00:00,1711152000000,2024-03-23T00:00:00+00:00,0.00014841,0.1529951
2024-03-23 08:00:00+00:00,1711180800000,2024-03-23T08:00:00+00:00,0.00014683,0.16138946
2024-03-23 16:00:00+00:00,1711209600000,2024-03-23T16:00:00+00:00,0.00013248,0.16670369
2024-03-24 00:00:00+00:00,1711238400000,2024-03-24T00:00:00+00:00,0.00016201,0.16198304
2024-03-24 08:00:00+00:00,1711267200000,2024-03-24T08:00:00+00:00,0.0001,0.17396104
2024-03-24 16:00:00+00:00,1711296000000,2024-03-24T16:00:00+00:00,0.00017401,0.17501
2024-03-25 00:00:00+00:00,1711324800000,2024-03-25T00:00:00+00:00,0.00017399,0.1766
2024-03-25 08:00:00.001000+00:00,1711353600001,2024-03-25T08:00:00.001000+00:00,0.0001,0.17145903
2024-03-25 16:00:00+00:00,1711382400000,2024-03-25T16:00:00+00:00,0.00024876,0.18304884
2024-03-26 00:00:00+00:00,1711411200000,2024-03-26T00:00:00+00:00,0.00034626,0.17535727
2024-03-26 08:00:00+00:00,1711440000000,2024-03-26T08:00:00+00:00,0.00024098,0.17933542
2024-03-26 16:00:00+00:00,1711468800000,2024-03-26T16:00:00+00:00,0.00034912,0.17864
2024-03-27 00:00:00+00:00,1711497600000,2024-03-27T00:00:00+00:00,0.00038869,0.18244691
2024-03-27 08:00:00.001000+00:00,1711526400001,2024-03-27T08:00:00.001000+00:00,0.00048614,0.18298763
2024-03-27 16:00:00+00:00,1711555200000,2024-03-27T16:00:00+00:00,0.0004896,0.18799
2024-03-28 00:00:00+00:00,1711584000000,2024-03-28T00:00:00+00:00,0.00055772,0.19066703
2024-03-28 08:00:00+00:00,1711612800000,2024-03-28T08:00:00+00:00,0.00039111,0.20019951
2024-03-28 16:00:00+00:00,1711641600000,2024-03-28T16:00:00+00:00,0.00064918,0.21762
2024-03-29 00:00:00+00:00,1711670400000,2024-03-29T00:00:00+00:00,0.00049765,0.2202
2024-03-29 08:00:00+00:00,1711699200000,2024-03-29T08:00:00+00:00,0.00053486,0.20972718
2024-03-29 16:00:00+00:00,1711728000000,2024-03-29T16:00:00+00:00,0.00044307,0.20890795
2024-03-30 00:00:00+00:00,1711756800000,2024-03-30T00:00:00+00:00,0.00047129,0.21312205
2024-03-30 08:00:00+00:00,1711785600000,2024-03-30T08:00:00+00:00,0.00042609,0.20631
2024-03-30 16:00:00+00:00,1711814400000,2024-03-30T16:00:00+00:00,0.00062265,0.20397991
2024-03-31 00:00:00+00:00,1711843200000,2024-03-31T00:00:00+00:00,0.0003155,0.19927638
2024-03-31 08:00:00+00:00,1711872000000,2024-03-31T08:00:00+00:00,0.00030309,0.20706
2024-03-31 16:00:00.001000+00:00,1711900800001,2024-03-31T16:00:00.001000+00:00,0.00033863,0.21264
2024-04-01 00:00:00+00:00,1711929600000,2024-04-01T00:00:00+00:00,0.00079016,0.22024
2024-04-01 08:00:00+00:00,1711958400000,2024-04-01T08:00:00+00:00,0.0004616,0.20710749
2024-04-01 16:00:00+00:00,1711987200000,2024-04-01T16:00:00+00:00,0.00025674,0.19919327
2024-04-02 00:00:00.007000+00:00,1712016000007,2024-04-02T00:00:00.007000+00:00,0.00022216,0.20513
2024-04-02 08:00:00.015000+00:00,1712044800015,2024-04-02T08:00:00.015000+00:00,0.0001,0.18685894
2024-04-02 16:00:00+00:00,1712073600000,2024-04-02T16:00:00+00:00,0.00010331,0.18159
2024-04-03 00:00:00+00:00,1712102400000,2024-04-03T00:00:00+00:00,0.0001,0.18259
2024-04-03 08:00:00+00:00,1712131200000,2024-04-03T08:00:00+00:00,0.00014006,0.18460844
2024-04-03 16:00:00+00:00,1712160000000,2024-04-03T16:00:00+00:00,0.00013286,0.179
2024-04-04 00:00:00+00:00,1712188800000,2024-04-04T00:00:00+00:00,0.00014612,0.17535
2024-04-04 08:00:00+00:00,1712217600000,2024-04-04T08:00:00+00:00,0.00023691,0.17910269
2024-04-04 16:00:00+00:00,1712246400000,2024-04-04T16:00:00+00:00,0.0001,0.18324421
2024-04-05 00:00:00+00:00,1712275200000,2024-04-05T00:00:00+00:00,0.0001,0.18007
2024-04-05 08:00:00+00:00,1712304000000,2024-04-05T08:00:00+00:00,0.00018256,0.1742945
2024-04-05 16:00:00+00:00,1712332800000,2024-04-05T16:00:00+00:00,0.0001,0.17647
2024-04-06 00:00:00+00:00,1712361600000,2024-04-06T00:00:00+00:00,0.0001,0.17726221
2024-04-06 08:00:00+00:00,1712390400000,2024-04-06T08:00:00+00:00,0.00011397,0.18444496
2024-04-06 16:00:00+00:00,1712419200000,2024-04-06T16:00:00+00:00,0.00015982,0.18340659
2024-04-07 00:00:00+00:00,1712448000000,2024-04-07T00:00:00+00:00,0.0001,0.18588804
2024-04-07 08:00:00+00:00,1712476800000,2024-04-07T08:00:00+00:00,0.0001269,0.19531
2024-04-07 16:00:00+00:00,1712505600000,2024-04-07T16:00:00+00:00,0.0001,0.20011124
2024-04-08 00:00:00.001000+00:00,1712534400001,2024-04-08T00:00:00.001000+00:00,0.00013139,0.19893463
2024-04-08 08:00:00+00:00,1712563200000,2024-04-08T08:00:00+00:00,0.00014529,0.20617703
2024-04-08 16:00:00.006000+00:00,1712592000006,2024-04-08T16:00:00.006000+00:00,0.00023751,0.20302855
2024-04-09 00:00:00+00:00,1712620800000,2024-04-09T00:00:00+00:00,0.00023143,0.20276
2024-04-09 08:00:00.001000+00:00,1712649600001,2024-04-09T08:00:00.001000+00:00,0.00022699,0.1973428
2024-04-09 16:00:00.001000+00:00,1712678400001,2024-04-09T16:00:00.001000+00:00,0.00021067,0.1902005
2024-04-10 00:00:00+00:00,1712707200000,2024-04-10T00:00:00+00:00,0.00011149,0.18920085
2024-04-10 08:00:00.001000+00:00,1712736000001,2024-04-10T08:00:00.001000+00:00,0.00017658,0.19042423
2024-04-10 16:00:00+00:00,1712764800000,2024-04-10T16:00:00+00:00,0.00013627,0.19334
2024-04-11 00:00:00+00:00,1712793600000,2024-04-11T00:00:00+00:00,0.00022855,0.1999
2024-04-11 08:00:00+00:00,1712822400000,2024-04-11T08:00:00+00:00,0.00015919,0.20102
2024-04-11 16:00:00+00:00,1712851200000,2024-04-11T16:00:00+00:00,0.00024163,0.1926662
2024-04-12 00:00:00+00:00,1712880000000,2024-04-12T00:00:00+00:00,0.00012554,0.19394
2024-04-12 08:00:00.001000+00:00,1712908800001,2024-04-12T08:00:00.001000+00:00,0.00016948,0.19795
2024-04-12 16:00:00+00:00,1712937600000,2024-04-12T16:00:00+00:00,0.00012902,0.19341
2024-04-13 00:00:00+00:00,1712966400000,2024-04-13T00:00:00+00:00,0.0001,0.17404411
2024-04-13 08:00:00+00:00,1712995200000,2024-04-13T08:00:00+00:00,0.0001,0.1712504
2024-04-13 16:00:00.001000+00:00,1713024000001,2024-04-13T16:00:00.001000+00:00,0.0001,0.17060744
2024-04-14 00:00:00+00:00,1713052800000,2024-04-14T00:00:00+00:00,0.0001,0.15250466
2024-04-14 08:00:00+00:00,1713081600000,2024-04-14T08:00:00+00:00,0.0001,0.15864867
2024-04-14 16:00:00+00:00,1713110400000,2024-04-14T16:00:00+00:00,0.0001,0.15105309
2024-04-15 00:00:00+00:00,1713139200000,2024-04-15T00:00:00+00:00,4.863e-05,0.16202396
2024-04-15 08:00:00.001000+00:00,1713168000001,2024-04-15T08:00:00.001000+00:00,3.119e-05,0.1653636
2024-04-15 16:00:00+00:00,1713196800000,2024-04-15T16:00:00+00:00,9.853e-05,0.15439
2024-04-16 00:00:00.001000+00:00,1713225600001,2024-04-16T00:00:00.001000+00:00,7.492e-05,0.16115
2024-04-16 08:00:00+00:00,1713254400000,2024-04-16T08:00:00+00:00,-2.532e-05,0.15723
2024-04-16 16:00:00+00:00,1713283200000,2024-04-16T16:00:00+00:00,-2.218e-05,0.14784
2024-04-17 00:00:00+00:00,1713312000000,2024-04-17T00:00:00+00:00,8.4e-07,0.15594592
2024-04-17 08:00:00+00:00,1713340800000,2024-04-17T08:00:00+00:00,5.81e-05,0.1547
2024-04-17 16:00:00+00:00,1713369600000,2024-04-17T16:00:00+00:00,2.635e-05,0.14588014
2024-04-18 00:00:00+00:00,1713398400000,2024-04-18T00:00:00+00:00,-5.707e-05,0.14750752
2024-04-18 08:00:00+00:00,1713427200000,2024-04-18T08:00:00+00:00,7.532e-05,0.14249
2024-04-18 16:00:00+00:00,1713456000000,2024-04-18T16:00:00+00:00,5.429e-05,0.15048
2024-04-19 00:00:00.001000+00:00,1713484800001,2024-04-19T00:00:00.001000+00:00,1.12e-05,0.15214924
2024-04-19 08:00:00+00:00,1713513600000,2024-04-19T08:00:00+00:00,8.267e-05,0.15194
2024-04-19 16:00:00+00:00,1713542400000,2024-04-19T16:00:00+00:00,8.774e-05,0.15251424
2024-04-20 00:00:00+00:00,1713571200000,2024-04-20T00:00:00+00:00,8.464e-05,0.15627
2024-04-20 08:00:00+00:00,1713600000000,2024-04-20T08:00:00+00:00,-4.614e-05,0.15443
2024-04-20 16:00:00+00:00,1713628800000,2024-04-20T16:00:00+00:00,9.7e-06,0.15791
2024-04-21 00:00:00+00:00,1713657600000,2024-04-21T00:00:00+00:00,0.0001,0.16255411
2024-04-21 08:00:00+00:00,1713686400000,2024-04-21T08:00:00+00:00,2.543e-05,0.16301
2024-04-21 16:00:00+00:00,1713715200000,2024-04-21T16:00:00+00:00,5.625e-05,0.16013
2024-04-22 00:00:00+00:00,1713744000000,2024-04-22T00:00:00+00:00,4.1e-06,0.15815453
2024-04-22 08:00:00+00:00,1713772800000,2024-04-22T08:00:00+00:00,3.338e-05,0.16044
2024-04-22 16:00:00+00:00,1713801600000,2024-04-22T16:00:00+00:00,2.466e-05,0.1584972
2024-04-23 00:00:00+00:00,1713830400000,2024-04-23T00:00:00+00:00,2.669e-05,0.16114407
2024-04-23 08:00:00+00:00,1713859200000,2024-04-23T08:00:00+00:00,4.373e-05,0.15738916
2024-04-23 16:00:00.001000+00:00,1713888000001,2024-04-23T16:00:00.001000+00:00,8.879e-05,0.16107
2024-04-24 00:00:00+00:00,1713916800000,2024-04-24T00:00:00+00:00,0.0001,0.15972985
2024-04-24 08:00:00+00:00,1713945600000,2024-04-24T08:00:00+00:00,8.543e-05,0.16123571
2024-04-24 16:00:00+00:00,1713974400000,2024-04-24T16:00:00+00:00,5.191e-05,0.15266
2024-04-25 00:00:00+00:00,1714003200000,2024-04-25T00:00:00+00:00,3.174e-05,0.1513
2024-04-25 08:00:00+00:00,1714032000000,2024-04-25T08:00:00+00:00,6.134e-05,0.15004187
2024-04-25 16:00:00.010000+00:00,1714060800010,2024-04-25T16:00:00.010000+00:00,0.0001,0.15142295
2024-04-26 00:00:00.001000+00:00,1714089600001,2024-04-26T00:00:00.001000+00:00,-5.713e-05,0.15123
2024-04-26 08:00:00+00:00,1714118400000,2024-04-26T08:00:00+00:00,3.1e-05,0.15011
2024-04-26 16:00:00+00:00,1714147200000,2024-04-26T16:00:00+00:00,4.962e-05,0.1481721
2024-04-27 00:00:00+00:00,1714176000000,2024-04-27T00:00:00+00:00,5.04e-05,0.14791
2024-04-27 08:00:00.001000+00:00,1714204800001,2024-04-27T08:00:00.001000+00:00,5.729e-05,0.14501
2024-04-27 16:00:00+00:00,1714233600000,2024-04-27T16:00:00+00:00,9.119e-05,0.14557
2024-04-28 00:00:00+00:00,1714262400000,2024-04-28T00:00:00+00:00,5.674e-05,0.14767
2024-04-28 08:00:00+00:00,1714291200000,2024-04-28T08:00:00+00:00,8.208e-05,0.15006
2024-04-28 16:00:00+00:00,1714320000000,2024-04-28T16:00:00+00:00,0.0001,0.14987
2024-04-29 00:00:00+00:00,1714348800000,2024-04-29T00:00:00+00:00,0.0001,0.14659
2024-04-29 08:00:00+00:00,1714377600000,2024-04-29T08:00:00+00:00,-3e-06,0.141453
2024-04-29 16:00:00+00:00,1714406400000,2024-04-29T16:00:00+00:00,9.017e-05,0.14317
2024-04-30 00:00:00+00:00,1714435200000,2024-04-30T00:00:00+00:00,3.634e-05,0.14334
2024-04-30 08:00:00+00:00,1714464000000,2024-04-30T08:00:00+00:00,3.781e-05,0.1419973
2024-04-30 16:00:00+00:00,1714492800000,2024-04-30T16:00:00+00:00,2.266e-05,0.13429
2024-05-01 00:00:00+00:00,1714521600000,2024-05-01T00:00:00+00:00,-7.32e-05,0.13329
2024-05-01 08:00:00+00:00,1714550400000,2024-05-01T08:00:00+00:00,7.52e-05,0.12462
2024-05-01 16:00:00+00:00,1714579200000,2024-05-01T16:00:00+00:00,9.25e-06,0.1209
2024-05-02 00:00:00+00:00,1714608000000,2024-05-02T00:00:00+00:00,-7.76e-05,0.13014
2024-05-02 08:00:00+00:00,1714636800000,2024-05-02T08:00:00+00:00,3.286e-05,0.12682269
2024-05-02 16:00:00.002000+00:00,1714665600002,2024-05-02T16:00:00.002000+00:00,1.542e-05,0.13337
2024-05-03 00:00:00+00:00,1714694400000,2024-05-03T00:00:00+00:00,-3.101e-05,0.13187
2024-05-03 08:00:00+00:00,1714723200000,2024-05-03T08:00:00+00:00,-6.276e-05,0.1323684
2024-05-03 16:00:00+00:00,1714752000000,2024-05-03T16:00:00+00:00,9.181e-05,0.13880741
2024-05-04 00:00:00+00:00,1714780800000,2024-05-04T00:00:00+00:00,2.169e-05,0.14603441
2024-05-04 08:00:00+00:00,1714809600000,2024-05-04T08:00:00+00:00,8.923e-05,0.15005764
2024-05-04 16:00:00+00:00,1714838400000,2024-05-04T16:00:00+00:00,5.66e-06,0.16321922
2024-05-05 00:00:00+00:00,1714867200000,2024-05-05T00:00:00+00:00,5.163e-05,0.16007419
2024-05-05 08:00:00+00:00,1714896000000,2024-05-05T08:00:00+00:00,-5.312e-05,0.16165124
2024-05-05 16:00:00+00:00,1714924800000,2024-05-05T16:00:00+00:00,4.639e-05,0.16179
2024-05-06 00:00:00+00:00,1714953600000,2024-05-06T00:00:00+00:00,2.341e-05,0.16091475
2024-05-06 08:00:00+00:00,1714982400000,2024-05-06T08:00:00+00:00,0.0001,0.16413486
2024-05-06 16:00:00+00:00,1715011200000,2024-05-06T16:00:00+00:00,0.0001,0.1581125
2024-05-07 00:00:00+00:00,1715040000000,2024-05-07T00:00:00+00:00,5.921e-05,0.15642
2024-05-07 08:00:00+00:00,1715068800000,2024-05-07T08:00:00+00:00,0.0001,0.15593
2024-05-07 16:00:00+00:00,1715097600000,2024-05-07T16:00:00+00:00,7.881e-05,0.15641384
2024-05-08 00:00:00+00:00,1715126400000,2024-05-08T00:00:00+00:00,0.0001,0.14993545
2024-05-08 08:00:00+00:00,1715155200000,2024-05-08T08:00:00+00:00,0.0001,0.1477587
2024-05-08 16:00:00+00:00,1715184000000,2024-05-08T16:00:00+00:00,0.0001,0.14850247
2024-05-09 00:00:00+00:00,1715212800000,2024-05-09T00:00:00+00:00,9.765e-05,0.14314319
2024-05-09 08:00:00+00:00,1715241600000,2024-05-09T08:00:00+00:00,2.876e-05,0.14605084
2024-05-09 16:00:00+00:00,1715270400000,2024-05-09T16:00:00+00:00,7.828e-05,0.14881339
2024-05-10 00:00:00+00:00,1715299200000,2024-05-10T00:00:00+00:00,-3.938e-05,0.15211
2024-05-10 08:00:00+00:00,1715328000000,2024-05-10T08:00:00+00:00,0.0001,0.15231552
2024-05-10 16:00:00+00:00,1715356800000,2024-05-10T16:00:00+00:00,0.0001,0.14488
2024-05-11 00:00:00+00:00,1715385600000,2024-05-11T00:00:00+00:00,1.38e-05,0.14383835
2024-05-11 08:00:00+00:00,1715414400000,2024-05-11T08:00:00+00:00,3.462e-05,0.14443302
2024-05-11 16:00:00+00:00,1715443200000,2024-05-11T16:00:00+00:00,9.389e-05,0.14447
2024-05-12 00:00:00+00:00,1715472000000,2024-05-12T00:00:00+00:00,-9.66e-06,0.14300325
2024-05-12 08:00:00+00:00,1715500800000,2024-05-12T08:00:00+00:00,6.825e-05,0.14015353
2024-05-12 16:00:00+00:00,1715529600000,2024-05-12T16:00:00+00:00,0.0001,0.14306283
2024-05-13 00:00:00.001000+00:00,1715558400001,2024-05-13T00:00:00.001000+00:00,6.32e-06,0.14112267
2024-05-13 08:00:00.001000+00:00,1715587200001,2024-05-13T08:00:00.001000+00:00,0.0001,0.14267
2024-05-13 16:00:00+00:00,1715616000000,2024-05-13T16:00:00+00:00,0.0001,0.15239
2024-05-14 00:00:00+00:00,1715644800000,2024-05-14T00:00:00+00:00,0.0001,0.14858
2024-05-14 08:00:00+00:00,1715673600000,2024-05-14T08:00:00+00:00,0.0001,0.15230216
2024-05-14 16:00:00+00:00,1715702400000,2024-05-14T16:00:00+00:00,0.0001,0.14808
2024-05-15 00:00:00+00:00,1715731200000,2024-05-15T00:00:00+00:00,-2.39e-05,0.14543741
2024-05-15 08:00:00+00:00,1715760000000,2024-05-15T08:00:00+00:00,5.432e-05,0.14946
2024-05-15 16:00:00+00:00,1715788800000,2024-05-15T16:00:00+00:00,0.0001,0.15136
2024-05-16 00:00:00.004000+00:00,1715817600004,2024-05-16T00:00:00.004000+00:00,0.0001,0.155295
2024-05-16 08:00:00+00:00,1715846400000,2024-05-16T08:00:00+00:00,0.0001,0.15603
2024-05-16 16:00:00+00:00,1715875200000,2024-05-16T16:00:00+00:00,0.0001,0.15144
2024-05-17 00:00:00+00:00,1715904000000,2024-05-17T00:00:00+00:00,5.102e-05,0.14963
2024-05-17 08:00:00+00:00,1715932800000,2024-05-17T08:00:00+00:00,3.501e-05,0.15369142
2024-05-17 16:00:00+00:00,1715961600000,2024-05-17T16:00:00+00:00,0.0001,0.15554523
2024-05-18 00:00:00+00:00,1715990400000,2024-05-18T00:00:00+00:00,0.0001,0.1555
2024-05-18 08:00:00+00:00,1716019200000,2024-05-18T08:00:00+00:00,0.0001,0.15450693
2024-05-18 16:00:00+00:00,1716048000000,2024-05-18T16:00:00+00:00,0.0001,0.15282087
2024-05-19 00:00:00+00:00,1716076800000,2024-05-19T00:00:00+00:00,0.0001,0.15295
2024-05-19 08:00:00+00:00,1716105600000,2024-05-19T08:00:00+00:00,0.0001,0.15397141
2024-05-19 16:00:00+00:00,1716134400000,2024-05-19T16:00:00+00:00,1.49e-05,0.15032661
2024-05-20 00:00:00+00:00,1716163200000,2024-05-20T00:00:00+00:00,-2.545e-05,0.14898
2024-05-20 08:00:00+00:00,1716192000000,2024-05-20T08:00:00+00:00,0.0001,0.15099
2024-05-20 16:00:00.003000+00:00,1716220800003,2024-05-20T16:00:00.003000+00:00,0.0001,0.1522513
2024-05-21 00:00:00+00:00,1716249600000,2024-05-21T00:00:00+00:00,0.0001,0.16575687
2024-05-21 08:00:00.001000+00:00,1716278400001,2024-05-21T08:00:00.001000+00:00,0.0001,0.16411807
2024-05-21 16:00:00+00:00,1716307200000,2024-05-21T16:00:00+00:00,0.0001,0.16632
2024-05-22 00:00:00+00:00,1716336000000,2024-05-22T00:00:00+00:00,0.0001,0.17032811
2024-05-22 08:00:00+00:00,1716364800000,2024-05-22T08:00:00+00:00,0.0001,0.16818
2024-05-22 16:00:00+00:00,1716393600000,2024-05-22T16:00:00+00:00,0.0001,0.16981
2024-05-23 00:00:00+00:00,1716422400000,2024-05-23T00:00:00+00:00,0.0001336,0.16637
2024-05-23 08:00:00+00:00,1716451200000,2024-05-23T08:00:00+00:00,0.00016781,0.1670854
2024-05-23 16:00:00+00:00,1716480000000,2024-05-23T16:00:00+00:00,0.0001,0.1595073
2024-05-24 00:00:00+00:00,1716508800000,2024-05-24T00:00:00+00:00,0.0001,0.15977575
2024-05-24 08:00:00+00:00,1716537600000,2024-05-24T08:00:00+00:00,0.0001,0.15853
2024-05-24 16:00:00+00:00,1716566400000,2024-05-24T16:00:00+00:00,0.0001,0.16663
2024-05-25 00:00:00+00:00,1716595200000,2024-05-25T00:00:00+00:00,0.0001,0.16387
2024-05-25 08:00:00+00:00,1716624000000,2024-05-25T08:00:00+00:00,0.0001,0.16556767
2024-05-25 16:00:00+00:00,1716652800000,2024-05-25T16:00:00+00:00,0.0001,0.1670005
2024-05-26 00:00:00+00:00,1716681600000,2024-05-26T00:00:00+00:00,0.00010874,0.17407587
2024-05-26 08:00:00+00:00,1716710400000,2024-05-26T08:00:00+00:00,0.0001,0.17274578
2024-05-26 16:00:00+00:00,1716739200000,2024-05-26T16:00:00+00:00,0.0001,0.16740993
2024-05-27 00:00:00+00:00,1716768000000,2024-05-27T00:00:00+00:00,0.0001,0.16625
2024-05-27 08:00:00+00:00,1716796800000,2024-05-27T08:00:00+00:00,0.0001,0.166
2024-05-27 16:00:00+00:00,1716825600000,2024-05-27T16:00:00+00:00,0.00014857,0.17258
2024-05-28 00:00:00+00:00,1716854400000,2024-05-28T00:00:00+00:00,0.0001,0.16919
2024-05-28 08:00:00+00:00,1716883200000,2024-05-28T08:00:00+00:00,0.0001,0.16388
2024-05-28 16:00:00+00:00,1716912000000,2024-05-28T16:00:00+00:00,0.0001,0.16392912
2024-05-29 00:00:00.001000+00:00,1716940800001,2024-05-29T00:00:00.001000+00:00,0.00010934,0.16511
2024-05-29 08:00:00+00:00,1716969600000,2024-05-29T08:00:00+00:00,0.00023355,0.16694194
2024-05-29 16:00:00+00:00,1716998400000,2024-05-29T16:00:00+00:00,0.00018983,0.16383593
2024-05-30 00:00:00+00:00,1717027200000,2024-05-30T00:00:00+00:00,0.00010661,0.16396
2024-05-30 08:00:00+00:00,1717056000000,2024-05-30T08:00:00+00:00,0.0001,0.15849
2024-05-30 16:00:00+00:00,1717084800000,2024-05-30T16:00:00+00:00,0.0001,0.16414
2024-05-31 00:00:00+00:00,1717113600000,2024-05-31T00:00:00+00:00,0.0001,0.15954
2024-05-31 08:00:00+00:00,1717142400000,2024-05-31T08:00:00+00:00,0.0001095,0.15988
2024-05-31 16:00:00+00:00,1717171200000,2024-05-31T16:00:00+00:00,0.0001,0.15669329
2024-06-01 00:00:00+00:00,1717200000000,2024-06-01T00:00:00+00:00,0.0001,0.15909
2024-06-01 08:00:00+00:00,1717228800000,2024-06-01T08:00:00+00:00,0.000165,0.15914
2024-06-01 16:00:00.001000+00:00,1717257600001,2024-06-01T16:00:00.001000+00:00,0.00012866,0.16017833
2024-06-02 00:00:00+00:00,1717286400000,2024-06-02T00:00:00+00:00,0.00014582,0.16041304
2024-06-02 08:00:00+00:00,1717315200000,2024-06-02T08:00:00+00:00,0.00018313,0.15881362
2024-06-02 16:00:00+00:00,1717344000000,2024-06-02T16:00:00+00:00,0.0001,0.15883832
2024-06-03 00:00:00+00:00,1717372800000,2024-06-03T00:00:00+00:00,0.0001,0.15718
2024-06-03 08:00:00+00:00,1717401600000,2024-06-03T08:00:00+00:00,0.00024883,0.16167
2024-06-03 16:00:00+00:00,1717430400000,2024-06-03T16:00:00+00:00,0.0001,0.16139577
2024-06-04 00:00:00+00:00,1717459200000,2024-06-04T00:00:00+00:00,0.00013674,0.15841
2024-06-04 08:00:00+00:00,1717488000000,2024-06-04T08:00:00+00:00,0.0001,0.15832356
2024-06-04 16:00:00+00:00,1717516800000,2024-06-04T16:00:00+00:00,0.0001,0.16037663
2024-06-05 00:00:00+00:00,1717545600000,2024-06-05T00:00:00+00:00,0.00019917,0.16147876
2024-06-05 08:00:00+00:00,1717574400000,2024-06-05T08:00:00+00:00,0.00028729,0.16412
2024-06-05 16:00:00+00:00,1717603200000,2024-06-05T16:00:00+00:00,0.00018711,0.16357
2024-06-06 00:00:00+00:00,1717632000000,2024-06-06T00:00:00+00:00,0.00025164,0.16341
2024-06-06 08:00:00.008000+00:00,1717660800008,2024-06-06T08:00:00.008000+00:00,0.00022174,0.16222
2024-06-06 16:00:00+00:00,1717689600000,2024-06-06T16:00:00+00:00,0.00019389,0.16313
2024-06-07 00:00:00+00:00,1717718400000,2024-06-07T00:00:00+00:00,0.0001,0.16026
2024-06-07 08:00:00+00:00,1717747200000,2024-06-07T08:00:00+00:00,0.00014243,0.16110846
2024-06-07 16:00:00+00:00,1717776000000,2024-06-07T16:00:00+00:00,0.0001,0.16008019
2024-06-08 00:00:00+00:00,1717804800000,2024-06-08T00:00:00+00:00,0.0001,0.14821
2024-06-08 08:00:00+00:00,1717833600000,2024-06-08T08:00:00+00:00,0.0001,0.14833156
2024-06-08 16:00:00+00:00,1717862400000,2024-06-08T16:00:00+00:00,0.0001,0.14631666
2024-06-09 00:00:00+00:00,1717891200000,2024-06-09T00:00:00+00:00,0.0001,0.14589
2024-06-09 08:00:00+00:00,1717920000000,2024-06-09T08:00:00+00:00,0.0001,0.14566593
2024-06-09 16:00:00.001000+00:00,1717948800001,2024-06-09T16:00:00.001000+00:00,0.0001,0.14681488
2024-06-10 00:00:00+00:00,1717977600000,2024-06-10T00:00:00+00:00,0.0001,0.14675626
2024-06-10 08:00:00+00:00,1718006400000,2024-06-10T08:00:00+00:00,0.0001,0.14341678
2024-06-10 16:00:00.001000+00:00,1718035200001,2024-06-10T16:00:00.001000+00:00,0.0001,0.14705
2024-06-11 00:00:00.001000+00:00,1718064000001,2024-06-11T00:00:00.001000+00:00,0.0001,0.14475486
2024-06-11 08:00:00+00:00,1718092800000,2024-06-11T08:00:00+00:00,0.0001,0.14105
2024-06-11 16:00:00+00:00,1718121600000,2024-06-11T16:00:00+00:00,0.0001,0.13677
2024-06-12 00:00:00+00:00,1718150400000,2024-06-12T00:00:00+00:00,0.0001,0.13801
2024-06-12 08:00:00+00:00,1718179200000,2024-06-12T08:00:00+00:00,0.0001,0.14000382
2024-06-12 16:00:00+00:00,1718208000000,2024-06-12T16:00:00+00:00,0.0001,0.14952313
2024-06-13 00:00:00+00:00,1718236800000,2024-06-13T00:00:00+00:00,0.0001,0.14628133
2024-06-13 08:00:00.001000+00:00,1718265600001,2024-06-13T08:00:00.001000+00:00,0.0001,0.14396
2024-06-13 16:00:00+00:00,1718294400000,2024-06-13T16:00:00+00:00,0.0001,0.14111792
2024-06-14 00:00:00+00:00,1718323200000,2024-06-14T00:00:00+00:00,0.0001,0.14109512
2024-06-14 08:00:00+00:00,1718352000000,2024-06-14T08:00:00+00:00,0.0001,0.14268
2024-06-14 16:00:00+00:00,1718380800000,2024-06-14T16:00:00+00:00,0.0001,0.13939785
2024-06-15 00:00:00+00:00,1718409600000,2024-06-15T00:00:00+00:00,2.69e-05,0.13490335
2024-06-15 08:00:00+00:00,1718438400000,2024-06-15T08:00:00+00:00,0.0001,0.13624
2024-06-15 16:00:00+00:00,1718467200000,2024-06-15T16:00:00+00:00,3.58e-05,0.13683
2024-06-16 00:00:00.001000+00:00,1718496000001,2024-06-16T00:00:00.001000+00:00,0.0001,0.1367
2024-06-16 08:00:00+00:00,1718524800000,2024-06-16T08:00:00+00:00,0.0001,0.13617
2024-06-16 16:00:00+00:00,1718553600000,2024-06-16T16:00:00+00:00,-2.872e-05,0.13691124
2024-06-17 00:00:00+00:00,1718582400000,2024-06-17T00:00:00+00:00,1.28e-06,0.13711248
2024-06-17 08:00:00+00:00,1718611200000,2024-06-17T08:00:00+00:00,0.0001,0.13374708
2024-06-17 16:00:00+00:00,1718640000000,2024-06-17T16:00:00+00:00,0.0001,0.12954315
2024-06-18 00:00:00+00:00,1718668800000,2024-06-18T00:00:00+00:00,1.334e-05,0.12871757
2024-06-18 08:00:00+00:00,1718697600000,2024-06-18T08:00:00+00:00,2.068e-05,0.12268417
2024-06-18 16:00:00+00:00,1718726400000,2024-06-18T16:00:00+00:00,1.756e-05,0.11931644
2024-06-19 00:00:00.001000+00:00,1718755200001,2024-06-19T00:00:00.001000+00:00,-4.158e-05,0.12217
2024-06-19 08:00:00.001000+00:00,1718784000001,2024-06-19T08:00:00.001000+00:00,-3.724e-05,0.12539
2024-06-19 16:00:00+00:00,1718812800000,2024-06-19T16:00:00+00:00,0.0001,0.12210742
2024-06-20 00:00:00+00:00,1718841600000,2024-06-20T00:00:00+00:00,-3.3e-05,0.1224245
2024-06-20 08:00:00+00:00,1718870400000,2024-06-20T08:00:00+00:00,-9.345e-05,0.12580893
2024-06-20 16:00:00+00:00,1718899200000,2024-06-20T16:00:00+00:00,-4.35e-06,0.12257
2024-06-21 00:00:00+00:00,1718928000000,2024-06-21T00:00:00+00:00,5.548e-05,0.12445423
2024-06-21 08:00:00+00:00,1718956800000,2024-06-21T08:00:00+00:00,2.593e-05,0.12349035
2024-06-21 16:00:00+00:00,1718985600000,2024-06-21T16:00:00+00:00,8.541e-05,0.12270785
2024-06-22 00:00:00+00:00,1719014400000,2024-06-22T00:00:00+00:00,7.799e-05,0.1241124
2024-06-22 08:00:00+00:00,1719043200000,2024-06-22T08:00:00+00:00,6.154e-05,0.12396
2024-06-22 16:00:00+00:00,1719072000000,2024-06-22T16:00:00+00:00,8.417e-05,0.12506271
2024-06-23 00:00:00+00:00,1719100800000,2024-06-23T00:00:00+00:00,-2.09e-06,0.1237006
2024-06-23 08:00:00+00:00,1719129600000,2024-06-23T08:00:00+00:00,-6.26e-06,0.1248769
2024-06-23 16:00:00+00:00,1719158400000,2024-06-23T16:00:00+00:00,-1.829e-05,0.12266
2024-06-24 00:00:00.002000+00:00,1719187200002,2024-06-24T00:00:00.002000+00:00,0.0001,0.12215135
2024-06-24 08:00:00+00:00,1719216000000,2024-06-24T08:00:00+00:00,-1.085e-05,0.11845614
2024-06-24 16:00:00+00:00,1719244800000,2024-06-24T16:00:00+00:00,6.928e-05,0.11693
2024-06-25 00:00:00+00:00,1719273600000,2024-06-25T00:00:00+00:00,8.361e-05,0.11894
2024-06-25 08:00:00+00:00,1719302400000,2024-06-25T08:00:00+00:00,0.0001,0.12192365
2024-06-25 16:00:00+00:00,1719331200000,2024-06-25T16:00:00+00:00,0.0001,0.12703
2024-06-26 00:00:00.002000+00:00,1719360000002,2024-06-26T00:00:00.002000+00:00,0.0001,0.12611
2024-06-26 08:00:00+00:00,1719388800000,2024-06-26T08:00:00+00:00,0.0001,0.12576
2024-06-26 16:00:00+00:00,1719417600000,2024-06-26T16:00:00+00:00,0.0001,0.1238063
2024-06-27 00:00:00+00:00,1719446400000,2024-06-27T00:00:00+00:00,0.0001,0.12274
2024-06-27 08:00:00.001000+00:00,1719475200001,2024-06-27T08:00:00.001000+00:00,0.0001,0.12119201
2024-06-27 16:00:00+00:00,1719504000000,2024-06-27T16:00:00+00:00,0.0001,0.12357208
2024-06-28 00:00:00+00:00,1719532800000,2024-06-28T00:00:00+00:00,0.0001,0.12707
2024-06-28 08:00:00+00:00,1719561600000,2024-06-28T08:00:00+00:00,0.0001,0.12529171
2024-06-28 16:00:00+00:00,1719590400000,2024-06-28T16:00:00+00:00,0.0001,0.12551937
2024-06-29 00:00:00.001000+00:00,1719619200001,2024-06-29T00:00:00.001000+00:00,0.0001,0.12301
2024-06-29 08:00:00+00:00,1719648000000,2024-06-29T08:00:00+00:00,-3.123e-05,0.12392
2024-06-29 16:00:00+00:00,1719676800000,2024-06-29T16:00:00+00:00,-8.573e-05,0.12367087
2024-06-30 00:00:00+00:00,1719705600000,2024-06-30T00:00:00+00:00,0.0001,0.12181787
2024-06-30 08:00:00+00:00,1719734400000,2024-06-30T08:00:00+00:00,9.13e-05,0.1226
2024-06-30 16:00:00+00:00,1719763200000,2024-06-30T16:00:00+00:00,0.0001,0.12277
2024-07-01 00:00:00+00:00,1719792000000,2024-07-01T00:00:00+00:00,0.0001,0.12445
2024-07-01 08:00:00+00:00,1719820800000,2024-07-01T08:00:00+00:00,0.0001,0.12637808
2024-07-01 16:00:00.001000+00:00,1719849600001,2024-07-01T16:00:00.001000+00:00,0.0001,0.12467943
2024-07-02 00:00:00+00:00,1719878400000,2024-07-02T00:00:00+00:00,0.0001,0.12345
2024-07-02 08:00:00+00:00,1719907200000,2024-07-02T08:00:00+00:00,0.0001,0.12296758
2024-07-02 16:00:00+00:00,1719936000000,2024-07-02T16:00:00+00:00,0.0001,0.12279
2024-07-03 00:00:00+00:00,1719964800000,2024-07-03T00:00:00+00:00,0.0001,0.12528
2024-07-03 08:00:00.001000+00:00,1719993600001,2024-07-03T08:00:00.001000+00:00,3.991e-05,0.1215
2024-07-03 16:00:00+00:00,1720022400000,2024-07-03T16:00:00+00:00,1.45e-06,0.11818083
2024-07-04 00:00:00+00:00,1720051200000,2024-07-04T00:00:00+00:00,0.0001,0.11842
2024-07-04 08:00:00+00:00,1720080000000,2024-07-04T08:00:00+00:00,2.148e-05,0.11208
2024-07-04 16:00:00+00:00,1720108800000,2024-07-04T16:00:00+00:00,-5.403e-05,0.10972276
2024-07-05 00:00:00+00:00,1720137600000,2024-07-05T00:00:00+00:00,-6.291e-05,0.10499321
2024-07-05 08:00:00+00:00,1720166400000,2024-07-05T08:00:00+00:00,-6.251e-05,0.09638426
2024-07-05 16:00:00+00:00,1720195200000,2024-07-05T16:00:00+00:00,-0.00019883,0.1033527
2024-07-06 00:00:00+00:00,1720224000000,2024-07-06T00:00:00+00:00,-0.00012917,0.10538
2024-07-06 08:00:00+00:00,1720252800000,2024-07-06T08:00:00+00:00,4.06e-06,0.10809102
2024-07-06 16:00:00+00:00,1720281600000,2024-07-06T16:00:00+00:00,8.033e-05,0.1091446
2024-07-07 00:00:00.001000+00:00,1720310400001,2024-07-07T00:00:00.001000+00:00,2.524e-05,0.11337141
2024-07-07 08:00:00+00:00,1720339200000,2024-07-07T08:00:00+00:00,8.213e-05,0.10995744
2024-07-07 16:00:00+00:00,1720368000000,2024-07-07T16:00:00+00:00,4.634e-05,0.10673
2024-07-08 00:00:00+00:00,1720396800000,2024-07-08T00:00:00+00:00,5.64e-05,0.10409
2024-07-08 08:00:00+00:00,1720425600000,2024-07-08T08:00:00+00:00,1.035e-05,0.1042
2024-07-08 16:00:00+00:00,1720454400000,2024-07-08T16:00:00+00:00,-2.617e-05,0.10543713
2024-07-09 00:00:00+00:00,1720483200000,2024-07-09T00:00:00+00:00,7.855e-05,0.10755504
2024-07-09 08:00:00.001000+00:00,1720512000001,2024-07-09T08:00:00.001000+00:00,-7.548e-05,0.10791677
2024-07-09 16:00:00+00:00,1720540800000,2024-07-09T16:00:00+00:00,0.0001,0.10777382
2024-07-10 00:00:00+00:00,1720569600000,2024-07-10T00:00:00+00:00,2.45e-05,0.10751
2024-07-10 08:00:00+00:00,1720598400000,2024-07-10T08:00:00+00:00,0.0001,0.10965712
2024-07-10 16:00:00+00:00,1720627200000,2024-07-10T16:00:00+00:00,0.0001,0.10935304
2024-07-11 00:00:00.002000+00:00,1720656000002,2024-07-11T00:00:00.002000+00:00,-4.176e-05,0.10794743
2024-07-11 08:00:00.002000+00:00,1720684800002,2024-07-11T08:00:00.002000+00:00,0.0001,0.10891
2024-07-11 16:00:00.004000+00:00,1720713600004,2024-07-11T16:00:00.004000+00:00,0.0001,0.10729942
2024-07-12 00:00:00+00:00,1720742400000,2024-07-12T00:00:00+00:00,5e-05,0.10656812
2024-07-12 08:00:00+00:00,1720771200000,2024-07-12T08:00:00+00:00,4.273e-05,0.10620774
2024-07-12 16:00:00+00:00,1720800000000,2024-07-12T16:00:00+00:00,0.0001,0.10726
2024-07-13 00:00:00+00:00,1720828800000,2024-07-13T00:00:00+00:00,5.075e-05,0.1075938
2024-07-13 08:00:00+00:00,1720857600000,2024-07-13T08:00:00+00:00,0.0001,0.10928
2024-07-13 16:00:00+00:00,1720886400000,2024-07-13T16:00:00+00:00,0.0001,0.11072
2024-07-14 00:00:00+00:00,1720915200000,2024-07-14T00:00:00+00:00,0.0001,0.11227
2024-07-14 08:00:00+00:00,1720944000000,2024-07-14T08:00:00+00:00,6.053e-05,0.11351
2024-07-14 16:00:00+00:00,1720972800000,2024-07-14T16:00:00+00:00,0.0001,0.1127
2024-07-15 00:00:00+00:00,1721001600000,2024-07-15T00:00:00+00:00,9.128e-05,0.11533685
2024-07-15 08:00:00+00:00,1721030400000,2024-07-15T08:00:00+00:00,3.408e-05,0.11864028
2024-07-15 16:00:00+00:00,1721059200000,2024-07-15T16:00:00+00:00,7.369e-05,0.11860927
2024-07-16 00:00:00+00:00,1721088000000,2024-07-16T00:00:00+00:00,0.0001,0.12487362
2024-07-16 08:00:00+00:00,1721116800000,2024-07-16T08:00:00+00:00,0.0001,0.12078
2024-07-16 16:00:00+00:00,1721145600000,2024-07-16T16:00:00+00:00,2.105e-05,0.1256
2024-07-17 00:00:00+00:00,1721174400000,2024-07-17T00:00:00+00:00,9.906e-05,0.12474
2024-07-17 08:00:00.001000+00:00,1721203200001,2024-07-17T08:00:00.001000+00:00,0.0001,0.12534
2024-07-17 16:00:00+00:00,1721232000000,2024-07-17T16:00:00+00:00,4.93e-05,0.12285
2024-07-18 00:00:00+00:00,1721260800000,2024-07-18T00:00:00+00:00,6.359e-05,0.12170964
2024-07-18 08:00:00+00:00,1721289600000,2024-07-18T08:00:00+00:00,0.0001,0.12148
2024-07-18 16:00:00+00:00,1721318400000,2024-07-18T16:00:00+00:00,8.978e-05,0.11793
2024-07-19 00:00:00+00:00,1721347200000,2024-07-19T00:00:00+00:00,2.753e-05,0.11948026
2024-07-19 08:00:00+00:00,1721376000000,2024-07-19T08:00:00+00:00,0.0001,0.11912
2024-07-19 16:00:00+00:00,1721404800000,2024-07-19T16:00:00+00:00,0.0001,0.12322
2024-07-20 00:00:00.001000+00:00,1721433600001,2024-07-20T00:00:00.001000+00:00,0.0001,0.12540993
2024-07-20 08:00:00+00:00,1721462400000,2024-07-20T08:00:00+00:00,0.0001,0.12740574
2024-07-20 16:00:00+00:00,1721491200000,2024-07-20T16:00:00+00:00,0.0001,0.1348
2024-07-21 00:00:00+00:00,1721520000000,2024-07-21T00:00:00+00:00,0.0001,0.13413709
2024-07-21 08:00:00+00:00,1721548800000,2024-07-21T08:00:00+00:00,0.0001,0.13090562
2024-07-21 16:00:00+00:00,1721577600000,2024-07-21T16:00:00+00:00,6.853e-05,0.13146945
2024-07-22 00:00:00+00:00,1721606400000,2024-07-22T00:00:00+00:00,0.0001,0.14024
2024-07-22 08:00:00+00:00,1721635200000,2024-07-22T08:00:00+00:00,0.0001,0.13697042
2024-07-22 16:00:00+00:00,1721664000000,2024-07-22T16:00:00+00:00,6.058e-05,0.13972
2024-07-23 00:00:00+00:00,1721692800000,2024-07-23T00:00:00+00:00,0.0001,0.13774483
2024-07-23 08:00:00+00:00,1721721600000,2024-07-23T08:00:00+00:00,0.0001,0.1344859
2024-07-23 16:00:00+00:00,1721750400000,2024-07-23T16:00:00+00:00,0.0001,0.13188765
2024-07-24 00:00:00+00:00,1721779200000,2024-07-24T00:00:00+00:00,0.0001,0.13024
2024-07-24 08:00:00+00:00,1721808000000,2024-07-24T08:00:00+00:00,0.0001,0.1322441
2024-07-24 16:00:00+00:00,1721836800000,2024-07-24T16:00:00+00:00,0.0001,0.13161264
2024-07-25 00:00:00+00:00,1721865600000,2024-07-25T00:00:00+00:00,7.262e-05,0.12788431
2024-07-25 08:00:00+00:00,1721894400000,2024-07-25T08:00:00+00:00,3.18e-05,0.12358832
2024-07-25 16:00:00+00:00,1721923200000,2024-07-25T16:00:00+00:00,0.0001,0.12405065
2024-07-26 00:00:00+00:00,1721952000000,2024-07-26T00:00:00+00:00,0.0001,0.12518972
2024-07-26 08:00:00+00:00,1721980800000,2024-07-26T08:00:00+00:00,0.0001,0.12901011
2024-07-26 16:00:00+00:00,1722009600000,2024-07-26T16:00:00+00:00,0.0001,0.13015
2024-07-27 00:00:00+00:00,1722038400000,2024-07-27T00:00:00+00:00,9.252e-05,0.13416
2024-07-27 08:00:00+00:00,1722067200000,2024-07-27T08:00:00+00:00,0.0001,0.13416314
2024-07-27 16:00:00+00:00,1722096000000,2024-07-27T16:00:00+00:00,0.0001,0.1345139
2024-07-28 00:00:00+00:00,1722124800000,2024-07-28T00:00:00+00:00,4.735e-05,0.13139036
2024-07-28 08:00:00+00:00,1722153600000,2024-07-28T08:00:00+00:00,0.0001,0.13045273
2024-07-28 16:00:00.001000+00:00,1722182400001,2024-07-28T16:00:00.001000+00:00,3.24e-05,0.12941
2024-07-29 00:00:00.001000+00:00,1722211200001,2024-07-29T00:00:00.001000+00:00,3.597e-05,0.12996
2024-07-29 08:00:00+00:00,1722240000000,2024-07-29T08:00:00+00:00,9.689e-05,0.13450345
2024-07-29 16:00:00.001000+00:00,1722268800001,2024-07-29T16:00:00.001000+00:00,0.0001,0.12984832
2024-07-30 00:00:00+00:00,1722297600000,2024-07-30T00:00:00+00:00,5.351e-05,0.12836
2024-07-30 08:00:00.001000+00:00,1722326400001,2024-07-30T08:00:00.001000+00:00,6.43e-05,0.13004
2024-07-30 16:00:00+00:00,1722355200000,2024-07-30T16:00:00+00:00,7.608e-05,0.12726474
2024-07-31 00:00:00+00:00,1722384000000,2024-07-31T00:00:00+00:00,-5.528e-05,0.12542
2024-07-31 08:00:00+00:00,1722412800000,2024-07-31T08:00:00+00:00,0.0001,0.12603571
2024-07-31 16:00:00+00:00,1722441600000,2024-07-31T16:00:00+00:00,2.253e-05,0.12611
2024-08-01 00:00:00+00:00,1722470400000,2024-08-01T00:00:00+00:00,3.949e-05,0.12186841
2024-08-01 08:00:00+00:00,1722499200000,2024-08-01T08:00:00+00:00,-2.265e-05,0.12035556
2024-08-01 16:00:00+00:00,1722528000000,2024-08-01T16:00:00+00:00,3.31e-05,0.11585341
2024-08-02 00:00:00+00:00,1722556800000,2024-08-02T00:00:00+00:00,-4.257e-05,0.11895868
2024-08-02 08:00:00.001000+00:00,1722585600001,2024-08-02T08:00:00.001000+00:00,2.243e-05,0.11630308
2024-08-02 16:00:00+00:00,1722614400000,2024-08-02T16:00:00+00:00,4.881e-05,0.11324926
2024-08-03 00:00:00+00:00,1722643200000,2024-08-03T00:00:00+00:00,0.0001,0.11150991
2024-08-03 08:00:00+00:00,1722672000000,2024-08-03T08:00:00+00:00,9.609e-05,0.11377543
2024-08-03 16:00:00.001000+00:00,1722700800001,2024-08-03T16:00:00.001000+00:00,3.947e-05,0.11053499
2024-08-04 00:00:00+00:00,1722729600000,2024-08-04T00:00:00+00:00,-3.14e-06,0.10807
2024-08-04 08:00:00+00:00,1722758400000,2024-08-04T08:00:00+00:00,8.468e-05,0.10662634
2024-08-04 16:00:00+00:00,1722787200000,2024-08-04T16:00:00+00:00,2.499e-05,0.10312949
2024-08-05 00:00:00+00:00,1722816000000,2024-08-05T00:00:00+00:00,-7.356e-05,0.10372476
2024-08-05 08:00:00+00:00,1722844800000,2024-08-05T08:00:00+00:00,1.121e-05,0.08881102
2024-08-05 16:00:00+00:00,1722873600000,2024-08-05T16:00:00+00:00,9.18e-06,0.09517
2024-08-06 00:00:00+00:00,1722902400000,2024-08-06T00:00:00+00:00,-4.654e-05,0.09428
2024-08-06 08:00:00+00:00,1722931200000,2024-08-06T08:00:00+00:00,-9.648e-05,0.09922
2024-08-06 16:00:00+00:00,1722960000000,2024-08-06T16:00:00+00:00,-2.877e-05,0.09759227
2024-08-07 00:00:00+00:00,1722988800000,2024-08-07T00:00:00+00:00,5.228e-05,0.09638
2024-08-07 08:00:00.001000+00:00,1723017600001,2024-08-07T08:00:00.001000+00:00,3.135e-05,0.09878
2024-08-07 16:00:00+00:00,1723046400000,2024-08-07T16:00:00+00:00,3.08e-06,0.09806196
2024-08-08 00:00:00.001000+00:00,1723075200001,2024-08-08T00:00:00.001000+00:00,7.317e-05,0.09555
2024-08-08 08:00:00+00:00,1723104000000,2024-08-08T08:00:00+00:00,8.437e-05,0.09913241
2024-08-08 16:00:00+00:00,1723132800000,2024-08-08T16:00:00+00:00,1.358e-05,0.10369517
2024-08-09 00:00:00+00:00,1723161600000,2024-08-09T00:00:00+00:00,4.095e-05,0.10742408
2024-08-09 08:00:00+00:00,1723190400000,2024-08-09T08:00:00+00:00,6.341e-05,0.10488336
2024-08-09 16:00:00+00:00,1723219200000,2024-08-09T16:00:00+00:00,8.299e-05,0.10165882
2024-08-10 00:00:00+00:00,1723248000000,2024-08-10T00:00:00+00:00,-2.502e-05,0.10379
2024-08-10 08:00:00+00:00,1723276800000,2024-08-10T08:00:00+00:00,3.72e-05,0.10468898
2024-08-10 16:00:00+00:00,1723305600000,2024-08-10T16:00:00+00:00,-8.405e-05,0.10423635
2024-08-11 00:00:00+00:00,1723334400000,2024-08-11T00:00:00+00:00,-3.824e-05,0.10512012
2024-08-11 08:00:00+00:00,1723363200000,2024-08-11T08:00:00+00:00,3.562e-05,0.10972
2024-08-11 16:00:00.001000+00:00,1723392000001,2024-08-11T16:00:00.001000+00:00,-6.009e-05,0.10459
2024-08-12 00:00:00+00:00,1723420800000,2024-08-12T00:00:00+00:00,-2.926e-05,0.10054
2024-08-12 08:00:00+00:00,1723449600000,2024-08-12T08:00:00+00:00,5.832e-05,0.10307642
2024-08-12 16:00:00+00:00,1723478400000,2024-08-12T16:00:00+00:00,7.055e-05,0.1070935
2024-08-13 00:00:00+00:00,1723507200000,2024-08-13T00:00:00+00:00,0.0001,0.10782413
2024-08-13 08:00:00+00:00,1723536000000,2024-08-13T08:00:00+00:00,-4.44e-06,0.10459342
2024-08-13 16:00:00+00:00,1723564800000,2024-08-13T16:00:00+00:00,1.746e-05,0.10511057
2024-08-14 00:00:00+00:00,1723593600000,2024-08-14T00:00:00+00:00,-3.662e-05,0.106308
2024-08-14 08:00:00+00:00,1723622400000,2024-08-14T08:00:00+00:00,2.726e-05,0.10561649
2024-08-14 16:00:00+00:00,1723651200000,2024-08-14T16:00:00+00:00,-5.229e-05,0.10317746
2024-08-15 00:00:00+00:00,1723680000000,2024-08-15T00:00:00+00:00,2.515e-05,0.10238728
2024-08-15 08:00:00+00:00,1723708800000,2024-08-15T08:00:00+00:00,0.0001,0.10254613
2024-08-15 16:00:00+00:00,1723737600000,2024-08-15T16:00:00+00:00,5.706e-05,0.1042686
2024-08-16 00:00:00+00:00,1723766400000,2024-08-16T00:00:00+00:00,-0.00015554,0.10013
2024-08-16 08:00:00+00:00,1723795200000,2024-08-16T08:00:00+00:00,3.605e-05,0.10167
2024-08-16 16:00:00+00:00,1723824000000,2024-08-16T16:00:00+00:00,-8.56e-06,0.09832148
2024-08-17 00:00:00+00:00,1723852800000,2024-08-17T00:00:00+00:00,4.938e-05,0.10029035
2024-08-17 08:00:00+00:00,1723881600000,2024-08-17T08:00:00+00:00,2.113e-05,0.10119
2024-08-17 16:00:00+00:00,1723910400000,2024-08-17T16:00:00+00:00,6.515e-05,0.10205054
2024-08-18 00:00:00+00:00,1723939200000,2024-08-18T00:00:00+00:00,0.0001,0.10271
2024-08-18 08:00:00+00:00,1723968000000,2024-08-18T08:00:00+00:00,5.589e-05,0.10219873
2024-08-18 16:00:00+00:00,1723996800000,2024-08-18T16:00:00+00:00,1.033e-05,0.1032
2024-08-19 00:00:00+00:00,1724025600000,2024-08-19T00:00:00+00:00,-1.375e-05,0.09998077
2024-08-19 08:00:00+00:00,1724054400000,2024-08-19T08:00:00+00:00,-6.467e-05,0.09984917
2024-08-19 16:00:00.002000+00:00,1724083200002,2024-08-19T16:00:00.002000+00:00,0.0001,0.09984236
2024-08-20 00:00:00+00:00,1724112000000,2024-08-20T00:00:00+00:00,-5.525e-05,0.10127724
2024-08-20 08:00:00+00:00,1724140800000,2024-08-20T08:00:00+00:00,0.0001,0.10545
2024-08-20 16:00:00.001000+00:00,1724169600001,2024-08-20T16:00:00.001000+00:00,1.503e-05,0.10214964
2024-08-21 00:00:00.001000+00:00,1724198400001,2024-08-21T00:00:00.001000+00:00,1.37e-06,0.10292332
2024-08-21 08:00:00+00:00,1724227200000,2024-08-21T08:00:00+00:00,2.27e-05,0.10458
2024-08-21 16:00:00.001000+00:00,1724256000001,2024-08-21T16:00:00.001000+00:00,0.0001,0.10371
2024-08-22 00:00:00+00:00,1724284800000,2024-08-22T00:00:00+00:00,-1.068e-05,0.10612805
2024-08-22 08:00:00+00:00,1724313600000,2024-08-22T08:00:00+00:00,8.903e-05,0.10583995
2024-08-22 16:00:00.008000+00:00,1724342400008,2024-08-22T16:00:00.008000+00:00,4.446e-05,0.10512753
2024-08-23 00:00:00+00:00,1724371200000,2024-08-23T00:00:00+00:00,-3.371e-05,0.10522
2024-08-23 08:00:00+00:00,1724400000000,2024-08-23T08:00:00+00:00,9.991e-05,0.10716
2024-08-23 16:00:00+00:00,1724428800000,2024-08-23T16:00:00+00:00,5.888e-05,0.10984079
2024-08-24 00:00:00+00:00,1724457600000,2024-08-24T00:00:00+00:00,3.479e-05,0.11288
2024-08-24 08:00:00.005000+00:00,1724486400005,2024-08-24T08:00:00.005000+00:00,-2.178e-05,0.11231488
2024-08-24 16:00:00+00:00,1724515200000,2024-08-24T16:00:00+00:00,2.894e-05,0.1120871
2024-08-25 00:00:00+00:00,1724544000000,2024-08-25T00:00:00+00:00,3.401e-05,0.1125121
2024-08-25 08:00:00+00:00,1724572800000,2024-08-25T08:00:00+00:00,-3.61e-06,0.10836653
2024-08-25 16:00:00+00:00,1724601600000,2024-08-25T16:00:00+00:00,-6.23e-06,0.11017
2024-08-26 00:00:00+00:00,1724630400000,2024-08-26T00:00:00+00:00,-5.15e-05,0.10954411
2024-08-26 08:00:00.001000+00:00,1724659200001,2024-08-26T08:00:00.001000+00:00,3.413e-05,0.10869853
2024-08-26 16:00:00+00:00,1724688000000,2024-08-26T16:00:00+00:00,0.0001,0.1069895
2024-08-27 00:00:00.001000+00:00,1724716800001,2024-08-27T00:00:00.001000+00:00,5.088e-05,0.10513456
2024-08-27 08:00:00+00:00,1724745600000,2024-08-27T08:00:00+00:00,1.81e-05,0.10598474
2024-08-27 16:00:00+00:00,1724774400000,2024-08-27T16:00:00+00:00,0.0001,0.10387544
2024-08-28 00:00:00+00:00,1724803200000,2024-08-28T00:00:00+00:00,-0.00012923,0.09884
2024-08-28 08:00:00+00:00,1724832000000,2024-08-28T08:00:00+00:00,-1.959e-05,0.09802
2024-08-28 16:00:00.001000+00:00,1724860800001,2024-08-28T16:00:00.001000+00:00,0.0001,0.09952883
2024-08-29 00:00:00+00:00,1724889600000,2024-08-29T00:00:00+00:00,2.1e-06,0.09954689
2024-08-29 08:00:00.001000+00:00,1724918400001,2024-08-29T08:00:00.001000+00:00,-0.00013335,0.10056
2024-08-29 16:00:00+00:00,1724947200000,2024-08-29T16:00:00+00:00,-2.586e-05,0.10191462
2024-08-30 00:00:00+00:00,1724976000000,2024-08-30T00:00:00+00:00,-8.18e-06,0.10034176
2024-08-30 08:00:00+00:00,1725004800000,2024-08-30T08:00:00+00:00,0.0001,0.10069262
2024-08-30 16:00:00+00:00,1725033600000,2024-08-30T16:00:00+00:00,8.463e-05,0.0984
2024-08-31 00:00:00+00:00,1725062400000,2024-08-31T00:00:00+00:00,-1.298e-05,0.10175
2024-08-31 08:00:00+00:00,1725091200000,2024-08-31T08:00:00+00:00,0.0001,0.10106071
2024-08-31 16:00:00+00:00,1725120000000,2024-08-31T16:00:00+00:00,3.542e-05,0.1016046
2024-09-01 00:00:00+00:00,1725148800000,2024-09-01T00:00:00+00:00,9.18e-05,0.10122583
2024-09-01 08:00:00.001000+00:00,1725177600001,2024-09-01T08:00:00.001000+00:00,7.62e-06,0.09967236
2024-09-01 16:00:00+00:00,1725206400000,2024-09-01T16:00:00+00:00,-3.053e-05,0.09849
2024-09-02 00:00:00.001000+00:00,1725235200001,2024-09-02T00:00:00.001000+00:00,-0.00017853,0.09505636
2024-09-02 08:00:00.001000+00:00,1725264000001,2024-09-02T08:00:00.001000+00:00,-1.024e-05,0.09448
2024-09-02 16:00:00+00:00,1725292800000,2024-09-02T16:00:00+00:00,-7.86e-05,0.09732
2024-09-03 00:00:00+00:00,1725321600000,2024-09-03T00:00:00+00:00,0.0001,0.09906773
2024-09-03 08:00:00.001000+00:00,1725350400001,2024-09-03T08:00:00.001000+00:00,0.0001,0.09955
2024-09-03 16:00:00+00:00,1725379200000,2024-09-03T16:00:00+00:00,0.0001,0.09685835
2024-09-04 00:00:00+00:00,1725408000000,2024-09-04T00:00:00+00:00,-2.07e-05,0.09674298
2024-09-04 08:00:00+00:00,1725436800000,2024-09-04T08:00:00+00:00,5.373e-05,0.09628763
2024-09-04 16:00:00+00:00,1725465600000,2024-09-04T16:00:00+00:00,-4.307e-05,0.098528
2024-09-05 00:00:00+00:00,1725494400000,2024-09-05T00:00:00+00:00,4.946e-05,0.09797
2024-09-05 08:00:00+00:00,1725523200000,2024-09-05T08:00:00+00:00,8.481e-05,0.09758
2024-09-05 16:00:00.005000+00:00,1725552000005,2024-09-05T16:00:00.005000+00:00,0.0001,0.09683
2024-09-06 00:00:00+00:00,1725580800000,2024-09-06T00:00:00+00:00,6.639e-05,0.0984078
2024-09-06 08:00:00.001000+00:00,1725609600001,2024-09-06T08:00:00.001000+00:00,-1.219e-05,0.09738839
2024-09-06 16:00:00+00:00,1725638400000,2024-09-06T16:00:00+00:00,-1.359e-05,0.09366289
2024-09-07 00:00:00+00:00,1725667200000,2024-09-07T00:00:00+00:00,-8.494e-05,0.09246445
2024-09-07 08:00:00+00:00,1725696000000,2024-09-07T08:00:00+00:00,-2.712e-05,0.09394
2024-09-07 16:00:00+00:00,1725724800000,2024-09-07T16:00:00+00:00,-5.017e-05,0.09541382
2024-09-08 00:00:00+00:00,1725753600000,2024-09-08T00:00:00+00:00,0.0001,0.09534
2024-09-08 08:00:00+00:00,1725782400000,2024-09-08T08:00:00+00:00,0.0001,0.09558111
2024-09-08 16:00:00+00:00,1725811200000,2024-09-08T16:00:00+00:00,0.0001,0.09439174
2024-09-09 00:00:00+00:00,1725840000000,2024-09-09T00:00:00+00:00,-7.45e-06,0.09610112
2024-09-09 08:00:00+00:00,1725868800000,2024-09-09T08:00:00+00:00,5.155e-05,0.09712659
2024-09-09 16:00:00.001000+00:00,1725897600001,2024-09-09T16:00:00.001000+00:00,-1.582e-05,0.09886
2024-09-10 00:00:00+00:00,1725926400000,2024-09-10T00:00:00+00:00,6.011e-05,0.10375715
2024-09-10 08:00:00+00:00,1725955200000,2024-09-10T08:00:00+00:00,-4.83e-06,0.10370806
2024-09-10 16:00:00+00:00,1725984000000,2024-09-10T16:00:00+00:00,0.0001,0.10159896
2024-09-11 00:00:00+00:00,1726012800000,2024-09-11T00:00:00+00:00,3.867e-05,0.10274
2024-09-11 08:00:00+00:00,1726041600000,2024-09-11T08:00:00+00:00,5.65e-06,0.10086
2024-09-11 16:00:00+00:00,1726070400000,2024-09-11T16:00:00+00:00,-2.221e-05,0.09995669
2024-09-12 00:00:00+00:00,1726099200000,2024-09-12T00:00:00+00:00,-4.4e-07,0.10125
2024-09-12 08:00:00+00:00,1726128000000,2024-09-12T08:00:00+00:00,5e-07,0.1025579
2024-09-12 16:00:00+00:00,1726156800000,2024-09-12T16:00:00+00:00,4.751e-05,0.10065024
2024-09-13 00:00:00+00:00,1726185600000,2024-09-13T00:00:00+00:00,-4.63e-06,0.10267556
2024-09-13 08:00:00.001000+00:00,1726214400001,2024-09-13T08:00:00.001000+00:00,5.295e-05,0.10339
2024-09-13 16:00:00.001000+00:00,1726243200001,2024-09-13T16:00:00.001000+00:00,0.0001,0.10802374
2024-09-14 00:00:00+00:00,1726272000000,2024-09-14T00:00:00+00:00,-2.406e-05,0.1069
2024-09-14 08:00:00+00:00,1726300800000,2024-09-14T08:00:00+00:00,4.011e-05,0.10664446
2024-09-14 16:00:00.001000+00:00,1726329600001,2024-09-14T16:00:00.001000+00:00,2.315e-05,0.10552989
2024-09-15 00:00:00+00:00,1726358400000,2024-09-15T00:00:00+00:00,0.0001,0.10534399
2024-09-15 08:00:00+00:00,1726387200000,2024-09-15T08:00:00+00:00,6.35e-05,0.10569841
2024-09-15 16:00:00+00:00,1726416000000,2024-09-15T16:00:00+00:00,9.169e-05,0.10612155
2024-09-16 00:00:00+00:00,1726444800000,2024-09-16T00:00:00+00:00,0.0001,0.10276066
2024-09-16 08:00:00.001000+00:00,1726473600001,2024-09-16T08:00:00.001000+00:00,-6.784e-05,0.10236
2024-09-16 16:00:00+00:00,1726502400000,2024-09-16T16:00:00+00:00,-4.338e-05,0.09994042
2024-09-17 00:00:00.001000+00:00,1726531200001,2024-09-17T00:00:00.001000+00:00,-8.579e-05,0.0996
2024-09-17 08:00:00+00:00,1726560000000,2024-09-17T08:00:00+00:00,4.706e-05,0.1008
2024-09-17 16:00:00+00:00,1726588800000,2024-09-17T16:00:00+00:00,3.78e-06,0.10225
2024-09-18 00:00:00+00:00,1726617600000,2024-09-18T00:00:00+00:00,8.068e-05,0.10107077
2024-09-18 08:00:00+00:00,1726646400000,2024-09-18T08:00:00+00:00,4.5e-07,0.10153
2024-09-18 16:00:00.004000+00:00,1726675200004,2024-09-18T16:00:00.004000+00:00,0.0001,0.10002061
2024-09-19 00:00:00+00:00,1726704000000,2024-09-19T00:00:00+00:00,0.0001,0.10381
2024-09-19 08:00:00+00:00,1726732800000,2024-09-19T08:00:00+00:00,7.813e-05,0.10414336
2024-09-19 16:00:00.001000+00:00,1726761600001,2024-09-19T16:00:00.001000+00:00,3.497e-05,0.10498
2024-09-20 00:00:00+00:00,1726790400000,2024-09-20T00:00:00+00:00,0.0001,0.10496
2024-09-20 08:00:00.001000+00:00,1726819200001,2024-09-20T08:00:00.001000+00:00,0.0001,0.10662
2024-09-20 16:00:00+00:00,1726848000000,2024-09-20T16:00:00+00:00,6.128e-05,0.10511
2024-09-21 00:00:00.001000+00:00,1726876800001,2024-09-21T00:00:00.001000+00:00,6.299e-05,0.1054892
2024-09-21 08:00:00+00:00,1726905600000,2024-09-21T08:00:00+00:00,8.643e-05,0.10547327
2024-09-21 16:00:00+00:00,1726934400000,2024-09-21T16:00:00+00:00,0.0001,0.10926733
2024-09-22 00:00:00+00:00,1726963200000,2024-09-22T00:00:00+00:00,9.964e-05,0.10991751
2024-09-22 08:00:00+00:00,1726992000000,2024-09-22T08:00:00+00:00,0.0001,0.10788
2024-09-22 16:00:00+00:00,1727020800000,2024-09-22T16:00:00+00:00,5.728e-05,0.10564526
2024-09-23 00:00:00+00:00,1727049600000,2024-09-23T00:00:00+00:00,1.69e-05,0.10630096
2024-09-23 08:00:00+00:00,1727078400000,2024-09-23T08:00:00+00:00,0.0001,0.10711178
2024-09-23 16:00:00+00:00,1727107200000,2024-09-23T16:00:00+00:00,0.0001,0.10719
2024-09-24 00:00:00+00:00,1727136000000,2024-09-24T00:00:00+00:00,4.371e-05,0.108
2024-09-24 08:00:00+00:00,1727164800000,2024-09-24T08:00:00+00:00,0.0001,0.10818
2024-09-24 16:00:00.001000+00:00,1727193600001,2024-09-24T16:00:00.001000+00:00,0.0001,0.10744
2024-09-25 00:00:00+00:00,1727222400000,2024-09-25T00:00:00+00:00,0.0001,0.10973
2024-09-25 08:00:00.003000+00:00,1727251200003,2024-09-25T08:00:00.003000+00:00,5.251e-05,0.10895191
2024-09-25 16:00:00+00:00,1727280000000,2024-09-25T16:00:00+00:00,8.675e-05,0.10884172
2024-09-26 00:00:00.005000+00:00,1727308800005,2024-09-26T00:00:00.005000+00:00,0.0001,0.10843
2024-09-26 08:00:00+00:00,1727337600000,2024-09-26T08:00:00+00:00,0.0001,0.11342242
2024-09-26 16:00:00+00:00,1727366400000,2024-09-26T16:00:00+00:00,0.0001,0.11668656
2024-09-27 00:00:00+00:00,1727395200000,2024-09-27T00:00:00+00:00,0.0001,0.11811
2024-09-27 08:00:00+00:00,1727424000000,2024-09-27T08:00:00+00:00,8.86e-05,0.12285
2024-09-27 16:00:00+00:00,1727452800000,2024-09-27T16:00:00+00:00,8.404e-05,0.12687
2024-09-28 00:00:00+00:00,1727481600000,2024-09-28T00:00:00+00:00,7.194e-05,0.12345735
2024-09-28 08:00:00.001000+00:00,1727510400001,2024-09-28T08:00:00.001000+00:00,6.243e-05,0.12182575
2024-09-28 16:00:00+00:00,1727539200000,2024-09-28T16:00:00+00:00,0.0001,0.131
2024-09-29 00:00:00.001000+00:00,1727568000001,2024-09-29T00:00:00.001000+00:00,0.0001,0.12808374
2024-09-29 08:00:00+00:00,1727596800000,2024-09-29T08:00:00+00:00,0.0001,0.1259701
2024-09-29 16:00:00+00:00,1727625600000,2024-09-29T16:00:00+00:00,0.0001,0.12602971
2024-09-30 00:00:00+00:00,1727654400000,2024-09-30T00:00:00+00:00,7.794e-05,0.12435758
2024-09-30 08:00:00.001000+00:00,1727683200001,2024-09-30T08:00:00.001000+00:00,0.0001,0.12288119
2024-09-30 16:00:00+00:00,1727712000000,2024-09-30T16:00:00+00:00,7.457e-05,0.11710544
2024-10-01 00:00:00+00:00,1727740800000,2024-10-01T00:00:00+00:00,9.6e-05,0.11420997
2024-10-01 08:00:00+00:00,1727769600000,2024-10-01T08:00:00+00:00,-3.42e-05,0.11855489
2024-10-01 16:00:00.001000+00:00,1727798400001,2024-10-01T16:00:00.001000+00:00,5.517e-05,0.11063556
2024-10-02 00:00:00+00:00,1727827200000,2024-10-02T00:00:00+00:00,-2.23e-06,0.1068
2024-10-02 08:00:00+00:00,1727856000000,2024-10-02T08:00:00+00:00,2.231e-05,0.10841353
2024-10-02 16:00:00+00:00,1727884800000,2024-10-02T16:00:00+00:00,0.0001,0.10617948
2024-10-03 00:00:00+00:00,1727913600000,2024-10-03T00:00:00+00:00,7.026e-05,0.10458278
2024-10-03 08:00:00+00:00,1727942400000,2024-10-03T08:00:00+00:00,2.731e-05,0.10461
2024-10-03 16:00:00+00:00,1727971200000,2024-10-03T16:00:00+00:00,6.138e-05,0.10397738
2024-10-04 00:00:00+00:00,1728000000000,2024-10-04T00:00:00+00:00,2.892e-05,0.10502
2024-10-04 08:00:00+00:00,1728028800000,2024-10-04T08:00:00+00:00,8.559e-05,0.10794281
2024-10-04 16:00:00.001000+00:00,1728057600001,2024-10-04T16:00:00.001000+00:00,-3.692e-05,0.10817838
2024-10-05 00:00:00+00:00,1728086400000,2024-10-05T00:00:00+00:00,6.765e-05,0.10919
2024-10-05 08:00:00+00:00,1728115200000,2024-10-05T08:00:00+00:00,4.454e-05,0.10871
2024-10-05 16:00:00+00:00,1728144000000,2024-10-05T16:00:00+00:00,2.918e-05,0.10969
2024-10-06 00:00:00+00:00,1728172800000,2024-10-06T00:00:00+00:00,0.0001,0.10937224
2024-10-06 08:00:00.001000+00:00,1728201600001,2024-10-06T08:00:00.001000+00:00,0.0001,0.10891
2024-10-06 16:00:00+00:00,1728230400000,2024-10-06T16:00:00+00:00,0.0001,0.11209365
2024-10-07 00:00:00+00:00,1728259200000,2024-10-07T00:00:00+00:00,0.0001,0.11153
2024-10-07 08:00:00+00:00,1728288000000,2024-10-07T08:00:00+00:00,8.458e-05,0.11361676
2024-10-07 16:00:00.001000+00:00,1728316800001,2024-10-07T16:00:00.001000+00:00,0.0001,0.11182
2024-10-08 00:00:00+00:00,1728345600000,2024-10-08T00:00:00+00:00,3.26e-06,0.10837
2024-10-08 08:00:00+00:00,1728374400000,2024-10-08T08:00:00+00:00,0.0001,0.10733169
2024-10-08 16:00:00+00:00,1728403200000,2024-10-08T16:00:00+00:00,4.281e-05,0.10639802
2024-10-09 00:00:00+00:00,1728432000000,2024-10-09T00:00:00+00:00,-5.59e-05,0.10704848
2024-10-09 08:00:00+00:00,1728460800000,2024-10-09T08:00:00+00:00,8.58e-05,0.10892509
2024-10-09 16:00:00+00:00,1728489600000,2024-10-09T16:00:00+00:00,7.108e-05,0.11057
2024-10-10 00:00:00+00:00,1728518400000,2024-10-10T00:00:00+00:00,6.612e-05,0.10790662
2024-10-10 08:00:00+00:00,1728547200000,2024-10-10T08:00:00+00:00,3.25e-05,0.10724
2024-10-10 16:00:00+00:00,1728576000000,2024-10-10T16:00:00+00:00,-2.826e-05,0.10534
2024-10-11 00:00:00+00:00,1728604800000,2024-10-11T00:00:00+00:00,-9.86e-06,0.1059624
2024-10-11 08:00:00+00:00,1728633600000,2024-10-11T08:00:00+00:00,0.0001,0.10769598
2024-10-11 16:00:00.001000+00:00,1728662400001,2024-10-11T16:00:00.001000+00:00,-1.872e-05,0.10990196
2024-10-12 00:00:00+00:00,1728691200000,2024-10-12T00:00:00+00:00,0.0001,0.11077015
2024-10-12 08:00:00.001000+00:00,1728720000001,2024-10-12T08:00:00.001000+00:00,0.0001,0.11124165
2024-10-12 16:00:00+00:00,1728748800000,2024-10-12T16:00:00+00:00,0.0001,0.11140685
2024-10-13 00:00:00+00:00,1728777600000,2024-10-13T00:00:00+00:00,9.362e-05,0.11132985
2024-10-13 08:00:00+00:00,1728806400000,2024-10-13T08:00:00+00:00,0.0001,0.11150711
2024-10-13 16:00:00+00:00,1728835200000,2024-10-13T16:00:00+00:00,1.21e-05,0.1095
2024-10-14 00:00:00+00:00,1728864000000,2024-10-14T00:00:00+00:00,0.0001,0.11136205
2024-10-14 08:00:00+00:00,1728892800000,2024-10-14T08:00:00+00:00,0.0001,0.11241
2024-10-14 16:00:00+00:00,1728921600000,2024-10-14T16:00:00+00:00,0.0001,0.11561379
2024-10-15 00:00:00+00:00,1728950400000,2024-10-15T00:00:00+00:00,0.0001,0.11664763
2024-10-15 08:00:00+00:00,1728979200000,2024-10-15T08:00:00+00:00,0.0001,0.11580723
2024-10-15 16:00:00+00:00,1729008000000,2024-10-15T16:00:00+00:00,0.0001,0.11286
2024-10-16 00:00:00+00:00,1729036800000,2024-10-16T00:00:00+00:00,0.0001,0.11746478
2024-10-16 08:00:00.001000+00:00,1729065600001,2024-10-16T08:00:00.001000+00:00,0.0001,0.12016871
2024-10-16 16:00:00+00:00,1729094400000,2024-10-16T16:00:00+00:00,0.0001,0.12619066
2024-10-17 00:00:00+00:00,1729123200000,2024-10-17T00:00:00+00:00,0.0001,0.12571439
2024-10-17 08:00:00+00:00,1729152000000,2024-10-17T08:00:00+00:00,0.0001,0.12203222
2024-10-17 16:00:00.001000+00:00,1729180800001,2024-10-17T16:00:00.001000+00:00,0.0001,0.12278009
2024-10-18 00:00:00.010000+00:00,1729209600010,2024-10-18T00:00:00.010000+00:00,0.0001,0.12963518
2024-10-18 08:00:00.001000+00:00,1729238400001,2024-10-18T08:00:00.001000+00:00,0.0001,0.13468248
2024-10-18 16:00:00+00:00,1729267200000,2024-10-18T16:00:00+00:00,0.0001,0.13762712
2024-10-19 00:00:00+00:00,1729296000000,2024-10-19T00:00:00+00:00,0.0001,0.13716473
2024-10-19 08:00:00+00:00,1729324800000,2024-10-19T08:00:00+00:00,0.0001,0.14398
2024-10-19 16:00:00+00:00,1729353600000,2024-10-19T16:00:00+00:00,0.0001,0.14385251
2024-10-20 00:00:00+00:00,1729382400000,2024-10-20T00:00:00+00:00,0.0001,0.14403902
2024-10-20 08:00:00+00:00,1729411200000,2024-10-20T08:00:00+00:00,0.0001,0.14283794
2024-10-20 16:00:00+00:00,1729440000000,2024-10-20T16:00:00+00:00,0.0001,0.13842709
2024-10-21 00:00:00+00:00,1729468800000,2024-10-21T00:00:00+00:00,0.0001,0.14213382
2024-10-21 08:00:00+00:00,1729497600000,2024-10-21T08:00:00+00:00,0.0001,0.1462134
2024-10-21 16:00:00+00:00,1729526400000,2024-10-21T16:00:00+00:00,0.0001,0.1407445
2024-10-22 00:00:00+00:00,1729555200000,2024-10-22T00:00:00+00:00,0.0001,0.14366008
2024-10-22 08:00:00+00:00,1729584000000,2024-10-22T08:00:00+00:00,0.0001,0.14442761
2024-10-22 16:00:00+00:00,1729612800000,2024-10-22T16:00:00+00:00,0.0001,0.13937
2024-10-23 00:00:00+00:00,1729641600000,2024-10-23T00:00:00+00:00,6.961e-05,0.13973806
2024-10-23 08:00:00+00:00,1729670400000,2024-10-23T08:00:00+00:00,0.0001,0.1396532
2024-10-23 16:00:00+00:00,1729699200000,2024-10-23T16:00:00+00:00,0.0001,0.13937197
2024-10-24 00:00:00+00:00,1729728000000,2024-10-24T00:00:00+00:00,0.0001,0.13997507
2024-10-24 08:00:00+00:00,1729756800000,2024-10-24T08:00:00+00:00,0.0001,0.13835525
2024-10-24 16:00:00+00:00,1729785600000,2024-10-24T16:00:00+00:00,0.0001,0.14056893
2024-10-25 00:00:00+00:00,1729814400000,2024-10-25T00:00:00+00:00,0.0001,0.14188
2024-10-25 08:00:00+00:00,1729843200000,2024-10-25T08:00:00+00:00,0.0001,0.13805
2024-10-25 16:00:00+00:00,1729872000000,2024-10-25T16:00:00+00:00,2.071e-05,0.13633379
2024-10-26 00:00:00+00:00,1729900800000,2024-10-26T00:00:00+00:00,5.609e-05,0.13163627
2024-10-26 08:00:00.001000+00:00,1729929600001,2024-10-26T08:00:00.001000+00:00,0.0001,0.13435
2024-10-26 16:00:00+00:00,1729958400000,2024-10-26T16:00:00+00:00,0.0001,0.13346574
2024-10-27 00:00:00+00:00,1729987200000,2024-10-27T00:00:00+00:00,0.0001,0.13738934
2024-10-27 08:00:00+00:00,1730016000000,2024-10-27T08:00:00+00:00,0.0001,0.13814
2024-10-27 16:00:00+00:00,1730044800000,2024-10-27T16:00:00+00:00,0.0001,0.14099
2024-10-28 00:00:00+00:00,1730073600000,2024-10-28T00:00:00+00:00,0.0001,0.14431526
2024-10-28 08:00:00.001000+00:00,1730102400001,2024-10-28T08:00:00.001000+00:00,0.0001,0.1433516
2024-10-28 16:00:00+00:00,1730131200000,2024-10-28T16:00:00+00:00,0.0001,0.14793
2024-10-29 00:00:00+00:00,1730160000000,2024-10-29T00:00:00+00:00,0.0001,0.16138024
2024-10-29 08:00:00+00:00,1730188800000,2024-10-29T08:00:00+00:00,0.0001,0.1647129
2024-10-29 16:00:00.004000+00:00,1730217600004,2024-10-29T16:00:00.004000+00:00,0.0001,0.17271774
2024-10-30 00:00:00+00:00,1730246400000,2024-10-30T00:00:00+00:00,0.0001,0.17588756
2024-10-30 08:00:00+00:00,1730275200000,2024-10-30T08:00:00+00:00,0.0001,0.1727019
2024-10-30 16:00:00.013000+00:00,1730304000013,2024-10-30T16:00:00.013000+00:00,0.0001,0.16535483
2024-10-31 00:00:00+00:00,1730332800000,2024-10-31T00:00:00+00:00,0.0001,0.16826414
2024-10-31 08:00:00+00:00,1730361600000,2024-10-31T08:00:00+00:00,0.0001,0.1720329
2024-10-31 16:00:00+00:00,1730390400000,2024-10-31T16:00:00+00:00,0.0001,0.16607786
2024-11-01 00:00:00+00:00,1730419200000,2024-11-01T00:00:00+00:00,0.0001,0.16163954
2024-11-01 08:00:00+00:00,1730448000000,2024-11-01T08:00:00+00:00,0.0001,0.15599489
2024-11-01 16:00:00+00:00,1730476800000,2024-11-01T16:00:00+00:00,0.0001,0.15926435
2024-11-02 00:00:00+00:00,1730505600000,2024-11-02T00:00:00+00:00,0.0001,0.15908794
2024-11-02 08:00:00+00:00,1730534400000,2024-11-02T08:00:00+00:00,0.0001,0.16195428
2024-11-02 16:00:00+00:00,1730563200000,2024-11-02T16:00:00+00:00,8.249e-05,0.15697448
2024-11-03 00:00:00+00:00,1730592000000,2024-11-03T00:00:00+00:00,0.0001,0.15958388
2024-11-03 08:00:00+00:00,1730620800000,2024-11-03T08:00:00+00:00,0.0001,0.15183394
2024-11-03 16:00:00+00:00,1730649600000,2024-11-03T16:00:00+00:00,0.0001,0.14590946
2024-11-04 00:00:00+00:00,1730678400000,2024-11-04T00:00:00+00:00,0.0001,0.15128
2024-11-04 08:00:00+00:00,1730707200000,2024-11-04T08:00:00+00:00,0.0001,0.1508
2024-11-04 16:00:00+00:00,1730736000000,2024-11-04T16:00:00+00:00,1.267e-05,0.15810157
2024-11-05 00:00:00+00:00,1730764800000,2024-11-05T00:00:00+00:00,6.048e-05,0.15817
2024-11-05 08:00:00.003000+00:00,1730793600003,2024-11-05T08:00:00.003000+00:00,5.296e-05,0.16768162
2024-11-05 16:00:00.001000+00:00,1730822400001,2024-11-05T16:00:00.001000+00:00,0.0001,0.17454
2024-11-06 00:00:00+00:00,1730851200000,2024-11-06T00:00:00+00:00,0.0001,0.16994433
2024-11-06 08:00:00+00:00,1730880000000,2024-11-06T08:00:00+00:00,0.0001,0.19987603
2024-11-06 16:00:00+00:00,1730908800000,2024-11-06T16:00:00+00:00,0.0001,0.19172745
2024-11-07 00:00:00+00:00,1730937600000,2024-11-07T00:00:00+00:00,0.0001,0.19647553
2024-11-07 08:00:00+00:00,1730966400000,2024-11-07T08:00:00+00:00,0.00011847,0.19168
2024-11-07 16:00:00+00:00,1730995200000,2024-11-07T16:00:00+00:00,0.0001,0.19432428
2024-11-08 00:00:00+00:00,1731024000000,2024-11-08T00:00:00+00:00,0.0001,0.19327224
2024-11-08 08:00:00+00:00,1731052800000,2024-11-08T08:00:00+00:00,0.0001,0.19982957
2024-11-08 16:00:00+00:00,1731081600000,2024-11-08T16:00:00+00:00,0.0001,0.19718
2024-11-09 00:00:00+00:00,1731110400000,2024-11-09T00:00:00+00:00,0.0001,0.20198905
2024-11-09 08:00:00+00:00,1731139200000,2024-11-09T08:00:00+00:00,0.0001,0.20935
2024-11-09 16:00:00+00:00,1731168000000,2024-11-09T16:00:00+00:00,0.0001,0.20548252
2024-11-10 00:00:00+00:00,1731196800000,2024-11-10T00:00:00+00:00,0.0001,0.21893649
2024-11-10 08:00:00+00:00,1731225600000,2024-11-10T08:00:00+00:00,0.00016856,0.22678072
2024-11-10 16:00:00+00:00,1731254400000,2024-11-10T16:00:00+00:00,0.0003804,0.24722
2024-11-11 00:00:00.001000+00:00,1731283200001,2024-11-11T00:00:00.001000+00:00,0.00029942,0.27779304
2024-11-11 08:00:00+00:00,1731312000000,2024-11-11T08:00:00+00:00,0.00011479,0.28181536
2024-11-11 16:00:00+00:00,1731340800000,2024-11-11T16:00:00+00:00,0.0001,0.30999885
2024-11-12 00:00:00.002000+00:00,1731369600002,2024-11-12T00:00:00.002000+00:00,0.00026371,0.35175808
2024-11-12 08:00:00+00:00,1731398400000,2024-11-12T08:00:00+00:00,0.00037443,0.41227652
2024-11-12 16:00:00+00:00,1731427200000,2024-11-12T16:00:00+00:00,0.00033691,0.37192934
2024-11-13 00:00:00+00:00,1731456000000,2024-11-13T00:00:00+00:00,0.00025607,0.37986929
2024-11-13 08:00:00.010000+00:00,1731484800010,2024-11-13T08:00:00.010000+00:00,0.0001,0.37763451
2024-11-13 16:00:00+00:00,1731513600000,2024-11-13T16:00:00+00:00,0.00015169,0.42042
2024-11-14 00:00:00.001000+00:00,1731542400001,2024-11-14T00:00:00.001000+00:00,0.0001,0.39906933
2024-11-14 08:00:00+00:00,1731571200000,2024-11-14T08:00:00+00:00,0.0001,0.39799378
2024-11-14 16:00:00+00:00,1731600000000,2024-11-14T16:00:00+00:00,0.0001,0.38418284
2024-11-15 00:00:00+00:00,1731628800000,2024-11-15T00:00:00+00:00,0.0001,0.36272867
2024-11-15 08:00:00+00:00,1731657600000,2024-11-15T08:00:00+00:00,0.0001,0.36611
2024-11-15 16:00:00+00:00,1731686400000,2024-11-15T16:00:00+00:00,0.0001,0.35679391
2024-11-16 00:00:00.001000+00:00,1731715200001,2024-11-16T00:00:00.001000+00:00,0.0001,0.38193852
2024-11-16 08:00:00.001000+00:00,1731744000001,2024-11-16T08:00:00.001000+00:00,0.00021024,0.37887
2024-11-16 16:00:00+00:00,1731772800000,2024-11-16T16:00:00+00:00,0.00034555,0.36586
2024-11-17 00:00:00+00:00,1731801600000,2024-11-17T00:00:00+00:00,0.00023724,0.36423443
2024-11-17 08:00:00+00:00,1731830400000,2024-11-17T08:00:00+00:00,0.0001,0.35918485
2024-11-17 16:00:00.001000+00:00,1731859200001,2024-11-17T16:00:00.001000+00:00,0.00034675,0.36352
2024-11-18 00:00:00+00:00,1731888000000,2024-11-18T00:00:00+00:00,0.00033668,0.36720271
2024-11-18 08:00:00+00:00,1731916800000,2024-11-18T08:00:00+00:00,0.00040828,0.37532
2024-11-18 16:00:00+00:00,1731945600000,2024-11-18T16:00:00+00:00,0.0001,0.37824257
2024-11-19 00:00:00+00:00,1731974400000,2024-11-19T00:00:00+00:00,0.00024425,0.37135032
2024-11-19 08:00:00+00:00,1732003200000,2024-11-19T08:00:00+00:00,0.0004184,0.38851625
2024-11-19 16:00:00+00:00,1732032000000,2024-11-19T16:00:00+00:00,0.0001,0.395
2024-11-20 00:00:00.003000+00:00,1732060800003,2024-11-20T00:00:00.003000+00:00,0.0001025,0.39080662
2024-11-20 08:00:00+00:00,1732089600000,2024-11-20T08:00:00+00:00,0.0001,0.39004
2024-11-20 16:00:00+00:00,1732118400000,2024-11-20T16:00:00+00:00,0.00014273,0.39294874
2024-11-21 00:00:00.001000+00:00,1732147200001,2024-11-21T00:00:00.001000+00:00,0.0001,0.37784467
2024-11-21 08:00:00+00:00,1732176000000,2024-11-21T08:00:00+00:00,0.0001,0.38532763
2024-11-21 16:00:00.001000+00:00,1732204800001,2024-11-21T16:00:00.001000+00:00,0.0001,0.38045926
2024-11-22 00:00:00+00:00,1732233600000,2024-11-22T00:00:00+00:00,0.00026783,0.38697395
2024-11-22 08:00:00+00:00,1732262400000,2024-11-22T08:00:00+00:00,0.00036559,0.39144559
2024-11-22 16:00:00.001000+00:00,1732291200001,2024-11-22T16:00:00.001000+00:00,0.00037518,0.4037331
2024-11-23 00:00:00+00:00,1732320000000,2024-11-23T00:00:00+00:00,0.00035086,0.41301
2024-11-23 08:00:00+00:00,1732348800000,2024-11-23T08:00:00+00:00,0.00063331,0.46169419
2024-11-23 16:00:00+00:00,1732377600000,2024-11-23T16:00:00+00:00,0.00056339,0.45539866
2024-11-24 00:00:00.001000+00:00,1732406400001,2024-11-24T00:00:00.001000+00:00,0.0001,0.43041894
2024-11-24 08:00:00+00:00,1732435200000,2024-11-24T08:00:00+00:00,0.00027602,0.43884
2024-11-24 16:00:00+00:00,1732464000000,2024-11-24T16:00:00+00:00,0.00024673,0.40218778
2024-11-25 00:00:00+00:00,1732492800000,2024-11-25T00:00:00+00:00,0.0001,0.43046417
2024-11-25 08:00:00+00:00,1732521600000,2024-11-25T08:00:00+00:00,0.0002913,0.42867
2024-11-25 16:00:00+00:00,1732550400000,2024-11-25T16:00:00+00:00,0.00017976,0.41435755
2024-11-26 00:00:00+00:00,1732579200000,2024-11-26T00:00:00+00:00,0.0001,0.39289
2024-11-26 08:00:00+00:00,1732608000000,2024-11-26T08:00:00+00:00,0.00019826,0.39824
2024-11-26 16:00:00+00:00,1732636800000,2024-11-26T16:00:00+00:00,0.0001,0.37947093
2024-11-27 00:00:00+00:00,1732665600000,2024-11-27T00:00:00+00:00,0.0001,0.38729
2024-11-27 08:00:00+00:00,1732694400000,2024-11-27T08:00:00+00:00,0.00013379,0.39774
2024-11-27 16:00:00.001000+00:00,1732723200001,2024-11-27T16:00:00.001000+00:00,0.0001656,0.40134
2024-11-28 00:00:00+00:00,1732752000000,2024-11-28T00:00:00+00:00,0.00016316,0.40127785
2024-11-28 08:00:00+00:00,1732780800000,2024-11-28T08:00:00+00:00,0.00010132,0.40309896
2024-11-28 16:00:00+00:00,1732809600000,2024-11-28T16:00:00+00:00,0.00010378,0.39291142
2024-11-29 00:00:00+00:00,1732838400000,2024-11-29T00:00:00+00:00,0.00020196,0.40186325
2024-11-29 08:00:00+00:00,1732867200000,2024-11-29T08:00:00+00:00,0.00027359,0.40066668
2024-11-29 16:00:00+00:00,1732896000000,2024-11-29T16:00:00+00:00,0.00029969,0.41852
2024-11-30 00:00:00+00:00,1732924800000,2024-11-30T00:00:00+00:00,0.00030277,0.42656286
2024-11-30 08:00:00+00:00,1732953600000,2024-11-30T08:00:00+00:00,0.00025546,0.43175
2024-11-30 16:00:00+00:00,1732982400000,2024-11-30T16:00:00+00:00,0.00022188,0.42296
2024-12-01 00:00:00+00:00,1733011200000,2024-12-01T00:00:00+00:00,0.00025873,0.42179
2024-12-01 08:00:00+00:00,1733040000000,2024-12-01T08:00:00+00:00,0.00022679,0.42741879
2024-12-01 16:00:00+00:00,1733068800000,2024-12-01T16:00:00+00:00,0.00011173,0.42861502
2024-12-02 00:00:00.001000+00:00,1733097600001,2024-12-02T00:00:00.001000+00:00,0.00055902,0.44092
2024-12-02 08:00:00.001000+00:00,1733126400001,2024-12-02T08:00:00.001000+00:00,0.00018994,0.42872092
2024-12-02 16:00:00+00:00,1733155200000,2024-12-02T16:00:00+00:00,0.00011197,0.43368735
2024-12-03 00:00:00+00:00,1733184000000,2024-12-03T00:00:00+00:00,0.00036142,0.42494834
2024-12-03 08:00:00+00:00,1733212800000,2024-12-03T08:00:00+00:00,0.00051503,0.4169
2024-12-03 16:00:00+00:00,1733241600000,2024-12-03T16:00:00+00:00,0.00012244,0.40622452
2024-12-04 00:00:00+00:00,1733270400000,2024-12-04T00:00:00+00:00,0.0004215,0.40665
2024-12-04 08:00:00+00:00,1733299200000,2024-12-04T08:00:00+00:00,0.00044774,0.42108104
2024-12-04 16:00:00+00:00,1733328000000,2024-12-04T16:00:00+00:00,0.00032802,0.41332942
2024-12-05 00:00:00.001000+00:00,1733356800001,2024-12-05T00:00:00.001000+00:00,0.00033226,0.43310417
2024-12-05 08:00:00+00:00,1733385600000,2024-12-05T08:00:00+00:00,0.00070264,0.43991337
2024-12-05 16:00:00+00:00,1733414400000,2024-12-05T16:00:00+00:00,0.00048066,0.43929
2024-12-06 00:00:00+00:00,1733443200000,2024-12-06T00:00:00+00:00,0.00038139,0.42718
2024-12-06 08:00:00+00:00,1733472000000,2024-12-06T08:00:00+00:00,0.0004284,0.43692872
2024-12-06 16:00:00+00:00,1733500800000,2024-12-06T16:00:00+00:00,0.00011806,0.43267144
2024-12-07 00:00:00+00:00,1733529600000,2024-12-07T00:00:00+00:00,0.00044794,0.43503142
2024-12-07 08:00:00+00:00,1733558400000,2024-12-07T08:00:00+00:00,0.00039236,0.44823988
2024-12-07 16:00:00+00:00,1733587200000,2024-12-07T16:00:00+00:00,0.00038653,0.45313
2024-12-08 00:00:00+00:00,1733616000000,2024-12-08T00:00:00+00:00,0.00066812,0.45332
2024-12-08 08:00:00+00:00,1733644800000,2024-12-08T08:00:00+00:00,0.00040738,0.46532907
2024-12-08 16:00:00+00:00,1733673600000,2024-12-08T16:00:00+00:00,0.00014485,0.46136
2024-12-09 00:00:00+00:00,1733702400000,2024-12-09T00:00:00+00:00,0.00029186,0.46669
2024-12-09 08:00:00+00:00,1733731200000,2024-12-09T08:00:00+00:00,0.0001414,0.44604524
2024-12-09 16:00:00.001000+00:00,1733760000001,2024-12-09T16:00:00.001000+00:00,0.0001,0.43413
2024-12-10 00:00:00.007000+00:00,1733788800007,2024-12-10T00:00:00.007000+00:00,0.0001,0.4142778
2024-12-10 08:00:00+00:00,1733817600000,2024-12-10T08:00:00+00:00,0.0001,0.40921661
2024-12-10 16:00:00+00:00,1733846400000,2024-12-10T16:00:00+00:00,0.0001,0.37291696
2024-12-11 00:00:00+00:00,1733875200000,2024-12-11T00:00:00+00:00,3.841e-05,0.39379058
2024-12-11 08:00:00+00:00,1733904000000,2024-12-11T08:00:00+00:00,0.0001,0.38670829
2024-12-11 16:00:00.001000+00:00,1733932800001,2024-12-11T16:00:00.001000+00:00,0.0001,0.41290957
2024-12-12 00:00:00.001000+00:00,1733961600001,2024-12-12T00:00:00.001000+00:00,0.0001,0.41404
2024-12-12 08:00:00+00:00,1733990400000,2024-12-12T08:00:00+00:00,0.0001,0.41374
2024-12-12 16:00:00.001000+00:00,1734019200001,2024-12-12T16:00:00.001000+00:00,0.0001,0.41481
2024-12-13 00:00:00+00:00,1734048000000,2024-12-13T00:00:00+00:00,0.0001,0.40609851
2024-12-13 08:00:00+00:00,1734076800000,2024-12-13T08:00:00+00:00,0.0001,0.40437
2024-12-13 16:00:00.001000+00:00,1734105600001,2024-12-13T16:00:00.001000+00:00,0.0001,0.40276
2024-12-14 00:00:00+00:00,1734134400000,2024-12-14T00:00:00+00:00,0.0001,0.40903445
2024-12-14 08:00:00+00:00,1734163200000,2024-12-14T08:00:00+00:00,0.0001,0.40926
2024-12-14 16:00:00+00:00,1734192000000,2024-12-14T16:00:00+00:00,0.0001,0.39712884
2024-12-15 00:00:00+00:00,1734220800000,2024-12-15T00:00:00+00:00,0.0001,0.39805
2024-12-15 08:00:00+00:00,1734249600000,2024-12-15T08:00:00+00:00,1.095e-05,0.39582753
2024-12-15 16:00:00+00:00,1734278400000,2024-12-15T16:00:00+00:00,0.0001,0.40284
2024-12-16 00:00:00+00:00,1734307200000,2024-12-16T00:00:00+00:00,0.0001,0.40641
2024-12-16 08:00:00.001000+00:00,1734336000001,2024-12-16T08:00:00.001000+00:00,0.0001,0.40430331
2024-12-16 16:00:00+00:00,1734364800000,2024-12-16T16:00:00+00:00,0.0001,0.40020678
2024-12-17 00:00:00+00:00,1734393600000,2024-12-17T00:00:00+00:00,0.0001,0.40188044
2024-12-17 08:00:00+00:00,1734422400000,2024-12-17T08:00:00+00:00,0.0001,0.39767683
2024-12-17 16:00:00+00:00,1734451200000,2024-12-17T16:00:00+00:00,0.0001,0.39851847
2024-12-18 00:00:00+00:00,1734480000000,2024-12-18T00:00:00+00:00,0.0001,0.39402574
2024-12-18 08:00:00+00:00,1734508800000,2024-12-18T08:00:00+00:00,2.74e-05,0.38372678
2024-12-18 16:00:00+00:00,1734537600000,2024-12-18T16:00:00+00:00,6.334e-05,0.38418359
2024-12-19 00:00:00+00:00,1734566400000,2024-12-19T00:00:00+00:00,-0.00010401,0.3581168
2024-12-19 08:00:00+00:00,1734595200000,2024-12-19T08:00:00+00:00,8.173e-05,0.36285009
2024-12-19 16:00:00+00:00,1734624000000,2024-12-19T16:00:00+00:00,3.638e-05,0.35191935
2024-12-20 00:00:00+00:00,1734652800000,2024-12-20T00:00:00+00:00,-0.0001805,0.31417
2024-12-20 08:00:00.001000+00:00,1734681600001,2024-12-20T08:00:00.001000+00:00,8.079e-05,0.31676199
2024-12-20 16:00:00.014000+00:00,1734710400014,2024-12-20T16:00:00.014000+00:00,-6.54e-05,0.30454
2024-12-21 00:00:00+00:00,1734739200000,2024-12-21T00:00:00+00:00,6.944e-05,0.31779
2024-12-21 08:00:00+00:00,1734768000000,2024-12-21T08:00:00+00:00,-0.00011222,0.34615712
2024-12-21 16:00:00.001000+00:00,1734796800001,2024-12-21T16:00:00.001000+00:00,7.087e-05,0.32685213
2024-12-22 00:00:00+00:00,1734825600000,2024-12-22T00:00:00+00:00,5.272e-05,0.32027
2024-12-22 08:00:00+00:00,1734854400000,2024-12-22T08:00:00+00:00,6.972e-05,0.31291559
2024-12-22 16:00:00+00:00,1734883200000,2024-12-22T16:00:00+00:00,-3.343e-05,0.31271
2024-12-23 00:00:00+00:00,1734912000000,2024-12-23T00:00:00+00:00,-1.71e-05,0.31247044
2024-12-23 08:00:00+00:00,1734940800000,2024-12-23T08:00:00+00:00,2.979e-05,0.31244
2024-12-23 16:00:00.001000+00:00,1734969600001,2024-12-23T16:00:00.001000+00:00,-3.872e-05,0.30506
2024-12-24 00:00:00+00:00,1734998400000,2024-12-24T00:00:00+00:00,0.0001,0.32481
2024-12-24 08:00:00+00:00,1735027200000,2024-12-24T08:00:00+00:00,4.579e-05,0.32147
2024-12-24 16:00:00.001000+00:00,1735056000001,2024-12-24T16:00:00.001000+00:00,-1.995e-05,0.33625
2024-12-25 00:00:00.001000+00:00,1735084800001,2024-12-25T00:00:00.001000+00:00,-1.967e-05,0.33704547
2024-12-25 08:00:00+00:00,1735113600000,2024-12-25T08:00:00+00:00,-3.176e-05,0.33139176
2024-12-25 16:00:00+00:00,1735142400000,2024-12-25T16:00:00+00:00,-0.00010236,0.33045
2024-12-26 00:00:00+00:00,1735171200000,2024-12-26T00:00:00+00:00,7.149e-05,0.33419
2024-12-26 08:00:00+00:00,1735200000000,2024-12-26T08:00:00+00:00,-2.965e-05,0.32355
2024-12-26 16:00:00+00:00,1735228800000,2024-12-26T16:00:00+00:00,1.776e-05,0.31433
2024-12-27 00:00:00+00:00,1735257600000,2024-12-27T00:00:00+00:00,2.621e-05,0.31257142
2024-12-27 08:00:00+00:00,1735286400000,2024-12-27T08:00:00+00:00,-4.522e-05,0.31150789
2024-12-27 16:00:00+00:00,1735315200000,2024-12-27T16:00:00+00:00,-2.24e-05,0.31175
2024-12-28 00:00:00.001000+00:00,1735344000001,2024-12-28T00:00:00.001000+00:00,4.726e-05,0.31175
2024-12-28 08:00:00+00:00,1735372800000,2024-12-28T08:00:00+00:00,3.847e-05,0.3149033
2024-12-28 16:00:00+00:00,1735401600000,2024-12-28T16:00:00+00:00,6.029e-05,0.31861
2024-12-29 00:00:00+00:00,1735430400000,2024-12-29T00:00:00+00:00,0.0001,0.32429
2024-12-29 08:00:00+00:00,1735459200000,2024-12-29T08:00:00+00:00,0.0001,0.32924
2024-12-29 16:00:00+00:00,1735488000000,2024-12-29T16:00:00+00:00,9.536e-05,0.31969725
2024-12-30 00:00:00+00:00,1735516800000,2024-12-30T00:00:00+00:00,2.163e-05,0.31418
2024-12-30 08:00:00.001000+00:00,1735545600001,2024-12-30T08:00:00.001000+00:00,5.743e-05,0.32032321
2024-12-30 16:00:00+00:00,1735574400000,2024-12-30T16:00:00+00:00,7.798e-05,0.3107809
2024-12-31 00:00:00+00:00,1735603200000,2024-12-31T00:00:00+00:00,9.594e-05,0.31382
2024-12-31 08:00:00+00:00,1735632000000,2024-12-31T08:00:00+00:00,6.013e-05,0.31206137
2024-12-31 16:00:00+00:00,1735660800000,2024-12-31T16:00:00+00:00,0.0001,0.32743049
2025-01-01 00:00:00.015000+00:00,1735689600015,2025-01-01T00:00:00.015000+00:00,6.602e-05,0.31583125
2025-01-01 08:00:00+00:00,1735718400000,2025-01-01T08:00:00+00:00,2.596e-05,0.31664
2025-01-01 16:00:00.001000+00:00,1735747200001,2025-01-01T16:00:00.001000+00:00,5.957e-05,0.32024075
2025-01-02 00:00:00+00:00,1735776000000,2025-01-02T00:00:00+00:00,0.0001,0.32504
2025-01-02 08:00:00.006000+00:00,1735804800006,2025-01-02T08:00:00.006000+00:00,0.0001,0.33427472
2025-01-02 16:00:00+00:00,1735833600000,2025-01-02T16:00:00+00:00,0.0001,0.33683
2025-01-03 00:00:00+00:00,1735862400000,2025-01-03T00:00:00+00:00,4.207e-05,0.33879
2025-01-03 08:00:00+00:00,1735891200000,2025-01-03T08:00:00+00:00,3.031e-05,0.33666216
2025-01-03 16:00:00+00:00,1735920000000,2025-01-03T16:00:00+00:00,0.0001,0.36599695
2025-01-04 00:00:00+00:00,1735948800000,2025-01-04T00:00:00+00:00,0.0001,0.37988638
2025-01-04 08:00:00+00:00,1735977600000,2025-01-04T08:00:00+00:00,0.0001,0.38789754
2025-01-04 16:00:00+00:00,1736006400000,2025-01-04T16:00:00+00:00,0.0001,0.37931237
2025-01-05 00:00:00+00:00,1736035200000,2025-01-05T00:00:00+00:00,0.0001,0.39467
2025-01-05 08:00:00+00:00,1736064000000,2025-01-05T08:00:00+00:00,6.344e-05,0.38962561
2025-01-05 16:00:00+00:00,1736092800000,2025-01-05T16:00:00+00:00,0.0001,0.38345
2025-01-06 00:00:00+00:00,1736121600000,2025-01-06T00:00:00+00:00,0.0001,0.38219
2025-01-06 08:00:00.001000+00:00,1736150400001,2025-01-06T08:00:00.001000+00:00,-1.32e-05,0.38295177
2025-01-06 16:00:00+00:00,1736179200000,2025-01-06T16:00:00+00:00,0.0001,0.3894
2025-01-07 00:00:00+00:00,1736208000000,2025-01-07T00:00:00+00:00,0.0001,0.38767932
2025-01-07 08:00:00+00:00,1736236800000,2025-01-07T08:00:00+00:00,0.0001,0.39156
2025-01-07 16:00:00.008000+00:00,1736265600008,2025-01-07T16:00:00.008000+00:00,7.968e-05,0.36385541
2025-01-08 00:00:00.001000+00:00,1736294400001,2025-01-08T00:00:00.001000+00:00,-0.00017755,0.34780448
2025-01-08 08:00:00+00:00,1736323200000,2025-01-08T08:00:00+00:00,0.0001,0.34437383
2025-01-08 16:00:00+00:00,1736352000000,2025-01-08T16:00:00+00:00,3.32e-05,0.34626632
2025-01-09 00:00:00+00:00,1736380800000,2025-01-09T00:00:00+00:00,5.26e-06,0.34208135
2025-01-09 08:00:00+00:00,1736409600000,2025-01-09T08:00:00+00:00,9.592e-05,0.33169
2025-01-09 16:00:00+00:00,1736438400000,2025-01-09T16:00:00+00:00,-2.099e-05,0.33288
2025-01-10 00:00:00+00:00,1736467200000,2025-01-10T00:00:00+00:00,-0.00018591,0.32072824
2025-01-10 08:00:00+00:00,1736496000000,2025-01-10T08:00:00+00:00,-0.00019486,0.33539
2025-01-10 16:00:00+00:00,1736524800000,2025-01-10T16:00:00+00:00,1.506e-05,0.32828
2025-01-11 00:00:00+00:00,1736553600000,2025-01-11T00:00:00+00:00,-0.00016415,0.33364612
2025-01-11 08:00:00+00:00,1736582400000,2025-01-11T08:00:00+00:00,-2.886e-05,0.33172
2025-01-11 16:00:00+00:00,1736611200000,2025-01-11T16:00:00+00:00,-1.16e-05,0.33457
2025-01-12 00:00:00+00:00,1736640000000,2025-01-12T00:00:00+00:00,-9.273e-05,0.341
2025-01-12 08:00:00+00:00,1736668800000,2025-01-12T08:00:00+00:00,-8.906e-05,0.33994
2025-01-12 16:00:00+00:00,1736697600000,2025-01-12T16:00:00+00:00,3.022e-05,0.34032
2025-01-13 00:00:00+00:00,1736726400000,2025-01-13T00:00:00+00:00,6.182e-05,0.3357453
2025-01-13 08:00:00+00:00,1736755200000,2025-01-13T08:00:00+00:00,-1.727e-05,0.32829
2025-01-13 16:00:00+00:00,1736784000000,2025-01-13T16:00:00+00:00,-1.182e-05,0.32451138
2025-01-14 00:00:00+00:00,1736812800000,2025-01-14T00:00:00+00:00,1.734e-05,0.33791
2025-01-14 08:00:00+00:00,1736841600000,2025-01-14T08:00:00+00:00,0.0001,0.34262
2025-01-14 16:00:00+00:00,1736870400000,2025-01-14T16:00:00+00:00,6.83e-05,0.35288587
2025-01-15 00:00:00+00:00,1736899200000,2025-01-15T00:00:00+00:00,7.467e-05,0.35579
2025-01-15 08:00:00+00:00,1736928000000,2025-01-15T08:00:00+00:00,-2.833e-05,0.36077
2025-01-15 16:00:00+00:00,1736956800000,2025-01-15T16:00:00+00:00,1.192e-05,0.37095
2025-01-16 00:00:00+00:00,1736985600000,2025-01-16T00:00:00+00:00,5.499e-05,0.38517333
2025-01-16 08:00:00+00:00,1737014400000,2025-01-16T08:00:00+00:00,0.0001,0.37963
2025-01-16 16:00:00+00:00,1737043200000,2025-01-16T16:00:00+00:00,0.0001,0.38143905
2025-01-17 00:00:00.004000+00:00,1737072000004,2025-01-17T00:00:00.004000+00:00,0.0001,0.37633
2025-01-17 08:00:00+00:00,1737100800000,2025-01-17T08:00:00+00:00,9.595e-05,0.39532
2025-01-17 16:00:00.008000+00:00,1737129600008,2025-01-17T16:00:00.008000+00:00,0.0001,0.41281
2025-01-18 00:00:00+00:00,1737158400000,2025-01-18T00:00:00+00:00,0.0001,0.41512316
2025-01-18 08:00:00.007000+00:00,1737187200007,2025-01-18T08:00:00.007000+00:00,0.0001,0.3951231
2025-01-18 16:00:00+00:00,1737216000000,2025-01-18T16:00:00+00:00,0.0001,0.3975006
2025-01-19 00:00:00+00:00,1737244800000,2025-01-19T00:00:00+00:00,0.0001,0.39626
2025-01-19 08:00:00+00:00,1737273600000,2025-01-19T08:00:00+00:00,0.0001,0.39236
2025-01-19 16:00:00+00:00,1737302400000,2025-01-19T16:00:00+00:00,0.0001,0.38806153
2025-01-20 00:00:00+00:00,1737331200000,2025-01-20T00:00:00+00:00,0.0001,0.35822
2025-01-20 08:00:00.009000+00:00,1737360000009,2025-01-20T08:00:00.009000+00:00,2.597e-05,0.376
2025-01-20 16:00:00+00:00,1737388800000,2025-01-20T16:00:00+00:00,0.0001,0.36756
2025-01-21 00:00:00+00:00,1737417600000,2025-01-21T00:00:00+00:00,5.955e-05,0.3544
2025-01-21 08:00:00+00:00,1737446400000,2025-01-21T08:00:00+00:00,5.116e-05,0.34225
2025-01-21 16:00:00+00:00,1737475200000,2025-01-21T16:00:00+00:00,7.525e-05,0.37947
2025-01-22 00:00:00+00:00,1737504000000,2025-01-22T00:00:00+00:00,0.0001,0.37176
2025-01-22 08:00:00+00:00,1737532800000,2025-01-22T08:00:00+00:00,6.478e-05,0.36476
2025-01-22 16:00:00+00:00,1737561600000,2025-01-22T16:00:00+00:00,1.414e-05,0.36030234
2025-01-23 00:00:00.001000+00:00,1737590400001,2025-01-23T00:00:00.001000+00:00,6.071e-05,0.36272
2025-01-23 08:00:00+00:00,1737619200000,2025-01-23T08:00:00+00:00,0.0001,0.35379
2025-01-23 16:00:00+00:00,1737648000000,2025-01-23T16:00:00+00:00,4.991e-05,0.35385
2025-01-24 00:00:00+00:00,1737676800000,2025-01-24T00:00:00+00:00,3.191e-05,0.35194
2025-01-24 08:00:00+00:00,1737705600000,2025-01-24T08:00:00+00:00,2.448e-05,0.3574
2025-01-24 16:00:00+00:00,1737734400000,2025-01-24T16:00:00+00:00,3.671e-05,0.3599
2025-01-25 00:00:00+00:00,1737763200000,2025-01-25T00:00:00+00:00,-5.8e-06,0.35065
2025-01-25 08:00:00+00:00,1737792000000,2025-01-25T08:00:00+00:00,-5.578e-05,0.34838
2025-01-25 16:00:00.001000+00:00,1737820800001,2025-01-25T16:00:00.001000+00:00,5.332e-05,0.3561
2025-01-26 00:00:00+00:00,1737849600000,2025-01-26T00:00:00+00:00,6.74e-05,0.35337
2025-01-26 08:00:00+00:00,1737878400000,2025-01-26T08:00:00+00:00,9.05e-06,0.35448
2025-01-26 16:00:00+00:00,1737907200000,2025-01-26T16:00:00+00:00,-8.469e-05,0.35087
2025-01-27 00:00:00+00:00,1737936000000,2025-01-27T00:00:00+00:00,-9.788e-05,0.33585472
2025-01-27 08:00:00+00:00,1737964800000,2025-01-27T08:00:00+00:00,-2.32e-06,0.31497
2025-01-27 16:00:00+00:00,1737993600000,2025-01-27T16:00:00+00:00,-0.00015045,0.32612
2025-01-28 00:00:00+00:00,1738022400000,2025-01-28T00:00:00+00:00,3.307e-05,0.33376965
2025-01-28 08:00:00+00:00,1738051200000,2025-01-28T08:00:00+00:00,-2.335e-05,0.33424135
2025-01-28 16:00:00+00:00,1738080000000,2025-01-28T16:00:00+00:00,-1.256e-05,0.333
2025-01-29 00:00:00+00:00,1738108800000,2025-01-29T00:00:00+00:00,6.265e-05,0.31854144
2025-01-29 08:00:00+00:00,1738137600000,2025-01-29T08:00:00+00:00,0.0001,0.33223
2025-01-29 16:00:00+00:00,1738166400000,2025-01-29T16:00:00+00:00,7.889e-05,0.32421
2025-01-30 00:00:00+00:00,1738195200000,2025-01-30T00:00:00+00:00,1.6e-07,0.32388
2025-01-30 08:00:00+00:00,1738224000000,2025-01-30T08:00:00+00:00,0.0001,0.33090717
2025-01-30 16:00:00+00:00,1738252800000,2025-01-30T16:00:00+00:00,5.076e-05,0.3363
2025-01-31 00:00:00+00:00,1738281600000,2025-01-31T00:00:00+00:00,3.961e-05,0.33136
2025-01-31 08:00:00+00:00,1738310400000,2025-01-31T08:00:00+00:00,-5.64e-06,0.32802714
2025-01-31 16:00:00+00:00,1738339200000,2025-01-31T16:00:00+00:00,0.0001,0.33950128
2025-02-01 00:00:00+00:00,1738368000000,2025-02-01T00:00:00+00:00,-7.1e-06,0.3287364
2025-02-01 08:00:00+00:00,1738396800000,2025-02-01T08:00:00+00:00,0.0001,0.3255
2025-02-01 16:00:00+00:00,1738425600000,2025-02-01T16:00:00+00:00,7.055e-05,0.32189
2025-02-02 00:00:00.001000+00:00,1738454400001,2025-02-02T00:00:00.001000+00:00,3.134e-05,0.30775967
2025-02-02 08:00:00+00:00,1738483200000,2025-02-02T08:00:00+00:00,1.549e-05,0.30008
2025-02-02 16:00:00+00:00,1738512000000,2025-02-02T16:00:00+00:00,3.098e-05,0.29451
2025-02-03 00:00:00+00:00,1738540800000,2025-02-03T00:00:00+00:00,2.403e-05,0.26788
2025-02-03 08:00:00+00:00,1738569600000,2025-02-03T08:00:00+00:00,-0.00010187,0.25567756
2025-02-03 16:00:00+00:00,1738598400000,2025-02-03T16:00:00+00:00,-5.983e-05,0.26829049
2025-02-04 00:00:00+00:00,1738627200000,2025-02-04T00:00:00+00:00,-5.581e-05,0.28471197
2025-02-04 08:00:00.001000+00:00,1738656000001,2025-02-04T08:00:00.001000+00:00,2.422e-05,0.25969918
2025-02-04 16:00:00+00:00,1738684800000,2025-02-04T16:00:00+00:00,-3.99e-05,0.26869
2025-02-05 00:00:00.001000+00:00,1738713600001,2025-02-05T00:00:00.001000+00:00,3.745e-05,0.2633
2025-02-05 08:00:00.001000+00:00,1738742400001,2025-02-05T08:00:00.001000+00:00,6.536e-05,0.26528
2025-02-05 16:00:00+00:00,1738771200000,2025-02-05T16:00:00+00:00,-1.96e-06,0.26316
2025-02-06 00:00:00.001000+00:00,1738800000001,2025-02-06T00:00:00.001000+00:00,5.572e-05,0.25604348
2025-02-06 08:00:00.001000+00:00,1738828800001,2025-02-06T08:00:00.001000+00:00,-1.787e-05,0.26304
2025-02-06 16:00:00+00:00,1738857600000,2025-02-06T16:00:00+00:00,7.498e-05,0.24913598
2025-02-07 00:00:00+00:00,1738886400000,2025-02-07T00:00:00+00:00,-0.00011729,0.24776726
2025-02-07 08:00:00+00:00,1738915200000,2025-02-07T08:00:00+00:00,4.669e-05,0.24878
2025-02-07 16:00:00+00:00,1738944000000,2025-02-07T16:00:00+00:00,4.45e-06,0.25444
2025-02-08 00:00:00+00:00,1738972800000,2025-02-08T00:00:00+00:00,-4.178e-05,0.24636
2025-02-08 08:00:00+00:00,1739001600000,2025-02-08T08:00:00+00:00,0.0001,0.24788452
2025-02-08 16:00:00+00:00,1739030400000,2025-02-08T16:00:00+00:00,9.105e-05,0.24854
2025-02-09 00:00:00+00:00,1739059200000,2025-02-09T00:00:00+00:00,3e-08,0.25274
2025-02-09 08:00:00+00:00,1739088000000,2025-02-09T08:00:00+00:00,-2.886e-05,0.25585
2025-02-09 16:00:00+00:00,1739116800000,2025-02-09T16:00:00+00:00,6.574e-05,0.25313
2025-02-10 00:00:00+00:00,1739145600000,2025-02-10T00:00:00+00:00,1.084e-05,0.24875323
2025-02-10 08:00:00+00:00,1739174400000,2025-02-10T08:00:00+00:00,9.046e-05,0.25071
2025-02-10 16:00:00+00:00,1739203200000,2025-02-10T16:00:00+00:00,9.31e-05,0.25133
2025-02-11 00:00:00+00:00,1739232000000,2025-02-11T00:00:00+00:00,9.598e-05,0.25529961
2025-02-11 08:00:00+00:00,1739260800000,2025-02-11T08:00:00+00:00,4.309e-05,0.26642
2025-02-11 16:00:00+00:00,1739289600000,2025-02-11T16:00:00+00:00,4.25e-05,0.259
2025-02-12 00:00:00+00:00,1739318400000,2025-02-12T00:00:00+00:00,-0.000112,0.25293433
2025-02-12 08:00:00+00:00,1739347200000,2025-02-12T08:00:00+00:00,-5.029e-05,0.2534
2025-02-12 16:00:00.001000+00:00,1739376000001,2025-02-12T16:00:00.001000+00:00,0.0001,0.25427
2025-02-13 00:00:00.001000+00:00,1739404800001,2025-02-13T00:00:00.001000+00:00,9.687e-05,0.26411
2025-02-13 08:00:00+00:00,1739433600000,2025-02-13T08:00:00+00:00,7.034e-05,0.2583
2025-02-13 16:00:00.001000+00:00,1739462400001,2025-02-13T16:00:00.001000+00:00,-3.787e-05,0.25727307
2025-02-14 00:00:00+00:00,1739491200000,2025-02-14T00:00:00+00:00,-6.6e-07,0.2623
2025-02-14 08:00:00.001000+00:00,1739520000001,2025-02-14T08:00:00.001000+00:00,0.0001,0.26378196
2025-02-14 16:00:00+00:00,1739548800000,2025-02-14T16:00:00+00:00,8.49e-05,0.27210399
2025-02-15 00:00:00+00:00,1739577600000,2025-02-15T00:00:00+00:00,1.818e-05,0.27163474
2025-02-15 08:00:00+00:00,1739606400000,2025-02-15T08:00:00+00:00,3.354e-05,0.2751872
2025-02-15 16:00:00+00:00,1739635200000,2025-02-15T16:00:00+00:00,-5.366e-05,0.2752
2025-02-16 00:00:00+00:00,1739664000000,2025-02-16T00:00:00+00:00,-4.24e-06,0.2716
2025-02-16 08:00:00+00:00,1739692800000,2025-02-16T08:00:00+00:00,-6.827e-05,0.26941
2025-02-16 16:00:00+00:00,1739721600000,2025-02-16T16:00:00+00:00,-4.749e-05,0.26755325
2025-02-17 00:00:00+00:00,1739750400000,2025-02-17T00:00:00+00:00,2.204e-05,0.26543566
2025-02-17 08:00:00+00:00,1739779200000,2025-02-17T08:00:00+00:00,1.968e-05,0.25962
2025-02-17 16:00:00+00:00,1739808000000,2025-02-17T16:00:00+00:00,-2.994e-05,0.26018713
2025-02-18 00:00:00+00:00,1739836800000,2025-02-18T00:00:00+00:00,2.887e-05,0.2580667
2025-02-18 08:00:00+00:00,1739865600000,2025-02-18T08:00:00+00:00,-2.204e-05,0.25047864
2025-02-18 16:00:00+00:00,1739894400000,2025-02-18T16:00:00+00:00,-3.458e-05,0.24674
2025-02-19 00:00:00+00:00,1739923200000,2025-02-19T00:00:00+00:00,1.151e-05,0.25120412
2025-02-19 08:00:00+00:00,1739952000000,2025-02-19T08:00:00+00:00,-2.711e-05,0.25375889
2025-02-19 16:00:00+00:00,1739980800000,2025-02-19T16:00:00+00:00,3.284e-05,0.25224
2025-02-20 00:00:00+00:00,1740009600000,2025-02-20T00:00:00+00:00,8.46e-06,0.25472381
2025-02-20 08:00:00+00:00,1740038400000,2025-02-20T08:00:00+00:00,-1.337e-05,0.25448
2025-02-20 16:00:00+00:00,1740067200000,2025-02-20T16:00:00+00:00,6.85e-05,0.25082
2025-02-21 00:00:00.001000+00:00,1740096000001,2025-02-21T00:00:00.001000+00:00,-5.792e-05,0.25458
2025-02-21 08:00:00+00:00,1740124800000,2025-02-21T08:00:00+00:00,5.321e-05,0.25307
2025-02-21 16:00:00+00:00,1740153600000,2025-02-21T16:00:00+00:00,-2.118e-05,0.25227
2025-02-22 00:00:00+00:00,1740182400000,2025-02-22T00:00:00+00:00,0.0001,0.23942
2025-02-22 08:00:00+00:00,1740211200000,2025-02-22T08:00:00+00:00,-4.646e-05,0.24377
2025-02-22 16:00:00+00:00,1740240000000,2025-02-22T16:00:00+00:00,-1.782e-05,0.24553
2025-02-23 00:00:00+00:00,1740268800000,2025-02-23T00:00:00+00:00,4.317e-05,0.24643
2025-02-23 08:00:00+00:00,1740297600000,2025-02-23T08:00:00+00:00,1.862e-05,0.24679
2025-02-23 16:00:00+00:00,1740326400000,2025-02-23T16:00:00+00:00,2.548e-05,0.24065264
2025-02-24 00:00:00+00:00,1740355200000,2025-02-24T00:00:00+00:00,-1.409e-05,0.24269
2025-02-24 08:00:00+00:00,1740384000000,2025-02-24T08:00:00+00:00,-8.327e-05,0.23311
2025-02-24 16:00:00+00:00,1740412800000,2025-02-24T16:00:00+00:00,3.687e-05,0.22537
2025-02-25 00:00:00+00:00,1740441600000,2025-02-25T00:00:00+00:00,6.126e-05,0.21041981
2025-02-25 08:00:00+00:00,1740470400000,2025-02-25T08:00:00+00:00,-2.265e-05,0.20392353
2025-02-25 16:00:00+00:00,1740499200000,2025-02-25T16:00:00+00:00,8.79e-06,0.20334509
2025-02-26 00:00:00+00:00,1740528000000,2025-02-26T00:00:00+00:00,-5.35e-05,0.21146
2025-02-26 08:00:00+00:00,1740556800000,2025-02-26T08:00:00+00:00,-3.895e-05,0.21004812
2025-02-26 16:00:00+00:00,1740585600000,2025-02-26T16:00:00+00:00,5.034e-05,0.20982363
2025-02-27 00:00:00.001000+00:00,1740614400001,2025-02-27T00:00:00.001000+00:00,9.162e-05,0.20346
2025-02-27 08:00:00+00:00,1740643200000,2025-02-27T08:00:00+00:00,9.222e-05,0.2086
2025-02-27 16:00:00+00:00,1740672000000,2025-02-27T16:00:00+00:00,0.0001,0.20911981
2025-02-28 00:00:00.001000+00:00,1740700800001,2025-02-28T00:00:00.001000+00:00,-1.482e-05,0.20677
2025-02-28 08:00:00+00:00,1740729600000,2025-02-28T08:00:00+00:00,1.605e-05,0.18536831
2025-02-28 16:00:00+00:00,1740758400000,2025-02-28T16:00:00+00:00,-7.845e-05,0.19742
2025-03-01 00:00:00+00:00,1740787200000,2025-03-01T00:00:00+00:00,0.0001,0.2017675
2025-03-01 08:00:00+00:00,1740816000000,2025-03-01T08:00:00+00:00,4.566e-05,0.20408
2025-03-01 16:00:00.001000+00:00,1740844800001,2025-03-01T16:00:00.001000+00:00,8.653e-05,0.20200314
2025-03-02 00:00:00+00:00,1740873600000,2025-03-02T00:00:00+00:00,1.686e-05,0.20662
2025-03-02 08:00:00+00:00,1740902400000,2025-03-02T08:00:00+00:00,9.159e-05,0.20704
2025-03-02 16:00:00+00:00,1740931200000,2025-03-02T16:00:00+00:00,-8e-06,0.21066184
2025-03-03 00:00:00.001000+00:00,1740960000001,2025-03-03T00:00:00.001000+00:00,-3.283e-05,0.23923
2025-03-03 08:00:00+00:00,1740988800000,2025-03-03T08:00:00+00:00,-2.55e-06,0.22239
2025-03-03 16:00:00+00:00,1741017600000,2025-03-03T16:00:00+00:00,-0.00011526,0.21511
2025-03-04 00:00:00.001000+00:00,1741046400001,2025-03-04T00:00:00.001000+00:00,-8.714e-05,0.19903
2025-03-04 08:00:00.005000+00:00,1741075200005,2025-03-04T08:00:00.005000+00:00,-4.883e-05,0.19193
2025-03-04 16:00:00+00:00,1741104000000,2025-03-04T16:00:00+00:00,-3.808e-05,0.19281
2025-03-05 00:00:00+00:00,1741132800000,2025-03-05T00:00:00+00:00,4.44e-06,0.19898
2025-03-05 08:00:00+00:00,1741161600000,2025-03-05T08:00:00+00:00,6.62e-06,0.19951758
2025-03-05 16:00:00+00:00,1741190400000,2025-03-05T16:00:00+00:00,1.343e-05,0.1996965
2025-03-06 00:00:00+00:00,1741219200000,2025-03-06T00:00:00+00:00,3.394e-05,0.20462224
2025-03-06 08:00:00.001000+00:00,1741248000001,2025-03-06T08:00:00.001000+00:00,1.54e-05,0.2087
2025-03-06 16:00:00+00:00,1741276800000,2025-03-06T16:00:00+00:00,1.039e-05,0.20659
2025-03-07 00:00:00+00:00,1741305600000,2025-03-07T00:00:00+00:00,-0.00010773,0.2014
2025-03-07 08:00:00.001000+00:00,1741334400001,2025-03-07T08:00:00.001000+00:00,5.71e-06,0.20068
2025-03-07 16:00:00+00:00,1741363200000,2025-03-07T16:00:00+00:00,9.391e-05,0.20486637
2025-03-08 00:00:00+00:00,1741392000000,2025-03-08T00:00:00+00:00,4.618e-05,0.1983
2025-03-08 08:00:00.001000+00:00,1741420800001,2025-03-08T08:00:00.001000+00:00,-1.988e-05,0.19635213
2025-03-08 16:00:00.001000+00:00,1741449600001,2025-03-08T16:00:00.001000+00:00,5.32e-05,0.19454875
2025-03-09 00:00:00.001000+00:00,1741478400001,2025-03-09T00:00:00.001000+00:00,-3.055e-05,0.19221
2025-03-09 08:00:00+00:00,1741507200000,2025-03-09T08:00:00+00:00,6.688e-05,0.19134822
2025-03-09 16:00:00+00:00,1741536000000,2025-03-09T16:00:00+00:00,-5.76e-06,0.17728
2025-03-10 00:00:00+00:00,1741564800000,2025-03-10T00:00:00+00:00,-2.664e-05,0.16795
2025-03-10 08:00:00+00:00,1741593600000,2025-03-10T08:00:00+00:00,-4.717e-05,0.17372
2025-03-10 16:00:00+00:00,1741622400000,2025-03-10T16:00:00+00:00,-2.274e-05,0.16713473
2025-03-11 00:00:00+00:00,1741651200000,2025-03-11T00:00:00+00:00,-2.727e-05,0.15400795
2025-03-11 08:00:00+00:00,1741680000000,2025-03-11T08:00:00+00:00,-7.33e-06,0.15870284
2025-03-11 16:00:00.001000+00:00,1741708800001,2025-03-11T16:00:00.001000+00:00,7.443e-05,0.16108
2025-03-12 00:00:00+00:00,1741737600000,2025-03-12T00:00:00+00:00,3.982e-05,0.16448
2025-03-12 08:00:00+00:00,1741766400000,2025-03-12T08:00:00+00:00,7.204e-05,0.16537619
2025-03-12 16:00:00.001000+00:00,1741795200001,2025-03-12T16:00:00.001000+00:00,-2.744e-05,0.16518321
2025-03-13 00:00:00+00:00,1741824000000,2025-03-13T00:00:00+00:00,-3.24e-06,0.17234
2025-03-13 08:00:00+00:00,1741852800000,2025-03-13T08:00:00+00:00,4.7e-07,0.16968
2025-03-13 16:00:00+00:00,1741881600000,2025-03-13T16:00:00+00:00,0.0001,0.16595663
2025-03-14 00:00:00+00:00,1741910400000,2025-03-14T00:00:00+00:00,2.479e-05,0.16513
2025-03-14 08:00:00+00:00,1741939200000,2025-03-14T08:00:00+00:00,0.0001,0.16838
2025-03-14 16:00:00+00:00,1741968000000,2025-03-14T16:00:00+00:00,9.059e-05,0.1733357
2025-03-15 00:00:00+00:00,1741996800000,2025-03-15T00:00:00+00:00,3.243e-05,0.17187
2025-03-15 08:00:00+00:00,1742025600000,2025-03-15T08:00:00+00:00,3.265e-05,0.17204
2025-03-15 16:00:00+00:00,1742054400000,2025-03-15T16:00:00+00:00,4.728e-05,0.17671
2025-03-16 00:00:00+00:00,1742083200000,2025-03-16T00:00:00+00:00,-1.88e-06,0.17586
2025-03-16 08:00:00+00:00,1742112000000,2025-03-16T08:00:00+00:00,5.701e-05,0.17545
2025-03-16 16:00:00+00:00,1742140800000,2025-03-16T16:00:00+00:00,-3.554e-05,0.16806163
2025-03-17 00:00:00+00:00,1742169600000,2025-03-17T00:00:00+00:00,4.56e-06,0.16806341
2025-03-17 08:00:00+00:00,1742198400000,2025-03-17T08:00:00+00:00,5.262e-05,0.17255
2025-03-17 16:00:00+00:00,1742227200000,2025-03-17T16:00:00+00:00,-3.89e-06,0.17213
2025-03-18 00:00:00+00:00,1742256000000,2025-03-18T00:00:00+00:00,2.958e-05,0.17325
2025-03-18 08:00:00+00:00,1742284800000,2025-03-18T08:00:00+00:00,-6.937e-05,0.16771446
2025-03-18 16:00:00+00:00,1742313600000,2025-03-18T16:00:00+00:00,-8.257e-05,0.16359
2025-03-19 00:00:00+00:00,1742342400000,2025-03-19T00:00:00+00:00,-4.478e-05,0.16794
2025-03-19 08:00:00+00:00,1742371200000,2025-03-19T08:00:00+00:00,6.252e-05,0.16715
2025-03-19 16:00:00+00:00,1742400000000,2025-03-19T16:00:00+00:00,7.422e-05,0.17333
2025-03-20 00:00:00+00:00,1742428800000,2025-03-20T00:00:00+00:00,0.0001,0.1779
2025-03-20 08:00:00+00:00,1742457600000,2025-03-20T08:00:00+00:00,8.03e-05,0.17411427
2025-03-20 16:00:00+00:00,1742486400000,2025-03-20T16:00:00+00:00,-2.773e-05,0.16963936
2025-03-21 00:00:00+00:00,1742515200000,2025-03-21T00:00:00+00:00,-3.535e-05,0.16938
2025-03-21 08:00:00+00:00,1742544000000,2025-03-21T08:00:00+00:00,2.85e-05,0.16837
2025-03-21 16:00:00+00:00,1742572800000,2025-03-21T16:00:00+00:00,-9.148e-05,0.16542
2025-03-22 00:00:00+00:00,1742601600000,2025-03-22T00:00:00+00:00,-3.412e-05,0.16719498
2025-03-22 08:00:00.004000+00:00,1742630400004,2025-03-22T08:00:00.004000+00:00,9.4e-06,0.16885
2025-03-22 16:00:00+00:00,1742659200000,2025-03-22T16:00:00+00:00,3.231e-05,0.16796
2025-03-23 00:00:00+00:00,1742688000000,2025-03-23T00:00:00+00:00,-1.1e-05,0.16729
2025-03-23 08:00:00+00:00,1742716800000,2025-03-23T08:00:00+00:00,7.409e-05,0.16953622
2025-03-23 16:00:00+00:00,1742745600000,2025-03-23T16:00:00+00:00,0.0001,0.17192769
2025-03-24 00:00:00+00:00,1742774400000,2025-03-24T00:00:00+00:00,8.735e-05,0.17255
2025-03-24 08:00:00+00:00,1742803200000,2025-03-24T08:00:00+00:00,0.0001,0.17485142
2025-03-24 16:00:00+00:00,1742832000000,2025-03-24T16:00:00+00:00,9.763e-05,0.18338
2025-03-25 00:00:00.001000+00:00,1742860800001,2025-03-25T00:00:00.001000+00:00,0.0001,0.18292711
2025-03-25 08:00:00+00:00,1742889600000,2025-03-25T08:00:00+00:00,7.345e-05,0.18294
2025-03-25 16:00:00+00:00,1742918400000,2025-03-25T16:00:00+00:00,-2.949e-05,0.19069998
2025-03-26 00:00:00+00:00,1742947200000,2025-03-26T00:00:00+00:00,9.861e-05,0.19058367
2025-03-26 08:00:00+00:00,1742976000000,2025-03-26T08:00:00+00:00,3.331e-05,0.20119
2025-03-26 16:00:00.001000+00:00,1743004800001,2025-03-26T16:00:00.001000+00:00,6.148e-05,0.19614189
2025-03-27 00:00:00.001000+00:00,1743033600001,2025-03-27T00:00:00.001000+00:00,-6.66e-06,0.19480154
2025-03-27 08:00:00.001000+00:00,1743062400001,2025-03-27T08:00:00.001000+00:00,-6.86e-06,0.19596
2025-03-27 16:00:00.002000+00:00,1743091200002,2025-03-27T16:00:00.002000+00:00,-1.026e-05,0.19200772
2025-03-28 00:00:00.001000+00:00,1743120000001,2025-03-28T00:00:00.001000+00:00,4.15e-06,0.19039
2025-03-28 08:00:00.001000+00:00,1743148800001,2025-03-28T08:00:00.001000+00:00,6.002e-05,0.18151969
2025-03-28 16:00:00+00:00,1743177600000,2025-03-28T16:00:00+00:00,-1.91e-05,0.17941
2025-03-29 00:00:00+00:00,1743206400000,2025-03-29T00:00:00+00:00,3.609e-05,0.18013
2025-03-29 08:00:00+00:00,1743235200000,2025-03-29T08:00:00+00:00,6.656e-05,0.17467125
2025-03-29 16:00:00+00:00,1743264000000,2025-03-29T16:00:00+00:00,-3.712e-05,0.16971854
2025-03-30 00:00:00+00:00,1743292800000,2025-03-30T00:00:00+00:00,-5.591e-05,0.16945
2025-03-30 08:00:00+00:00,1743321600000,2025-03-30T08:00:00+00:00,-6.651e-05,0.17036593
2025-03-30 16:00:00+00:00,1743350400000,2025-03-30T16:00:00+00:00,7.2e-06,0.16851
2025-03-31 00:00:00+00:00,1743379200000,2025-03-31T00:00:00+00:00,-4.63e-05,0.16645
2025-03-31 08:00:00+00:00,1743408000000,2025-03-31T08:00:00+00:00,1.743e-05,0.16333
2025-03-31 16:00:00+00:00,1743436800000,2025-03-31T16:00:00+00:00,9.83e-06,0.1669788
2025-04-01 00:00:00+00:00,1743465600000,2025-04-01T00:00:00+00:00,4.656e-05,0.1665875
2025-04-01 08:00:00.001000+00:00,1743494400001,2025-04-01T08:00:00.001000+00:00,-5.361e-05,0.1695516
2025-04-01 16:00:00+00:00,1743523200000,2025-04-01T16:00:00+00:00,4.16e-05,0.17487
2025-04-02 00:00:00.001000+00:00,1743552000001,2025-04-02T00:00:00.001000+00:00,4.565e-05,0.17391
2025-04-02 08:00:00+00:00,1743580800000,2025-04-02T08:00:00+00:00,6.944e-05,0.16964608
2025-04-02 16:00:00+00:00,1743609600000,2025-04-02T16:00:00+00:00,2.182e-05,0.1761
2025-04-03 00:00:00+00:00,1743638400000,2025-04-03T00:00:00+00:00,2.15e-05,0.16376
2025-04-03 08:00:00+00:00,1743667200000,2025-04-03T08:00:00+00:00,4.423e-05,0.16426677
2025-04-03 16:00:00+00:00,1743696000000,2025-04-03T16:00:00+00:00,-5.321e-05,0.15832
2025-04-04 00:00:00+00:00,1743724800000,2025-04-04T00:00:00+00:00,-6.49e-05,0.16218
2025-04-04 08:00:00+00:00,1743753600000,2025-04-04T08:00:00+00:00,2.396e-05,0.16624
2025-04-04 16:00:00+00:00,1743782400000,2025-04-04T16:00:00+00:00,8.733e-05,0.16749
2025-04-05 00:00:00+00:00,1743811200000,2025-04-05T00:00:00+00:00,0.0001,0.17120828
2025-04-05 08:00:00+00:00,1743840000000,2025-04-05T08:00:00+00:00,0.0001,0.16934
2025-04-05 16:00:00+00:00,1743868800000,2025-04-05T16:00:00+00:00,8.17e-05,0.16717597
2025-04-06 00:00:00+00:00,1743897600000,2025-04-06T00:00:00+00:00,8.467e-05,0.16888706
2025-04-06 08:00:00+00:00,1743926400000,2025-04-06T08:00:00+00:00,4.13e-05,0.165
2025-04-06 16:00:00.002000+00:00,1743955200002,2025-04-06T16:00:00.002000+00:00,-6.233e-05,0.16170601
2025-04-07 00:00:00+00:00,1743984000000,2025-04-07T00:00:00+00:00,-8.59e-06,0.14916519
2025-04-07 08:00:00+00:00,1744012800000,2025-04-07T08:00:00+00:00,1.767e-05,0.13220628
2025-04-07 16:00:00+00:00,1744041600000,2025-04-07T16:00:00+00:00,-2.563e-05,0.14699969
2025-04-08 00:00:00+00:00,1744070400000,2025-04-08T00:00:00+00:00,2.442e-05,0.14951
2025-04-08 08:00:00+00:00,1744099200000,2025-04-08T08:00:00+00:00,-7.17e-06,0.1507043
2025-04-08 16:00:00+00:00,1744128000000,2025-04-08T16:00:00+00:00,3.95e-05,0.15077
2025-04-09 00:00:00+00:00,1744156800000,2025-04-09T00:00:00+00:00,3.469e-05,0.14219
2025-04-09 08:00:00.001000+00:00,1744185600001,2025-04-09T08:00:00.001000+00:00,-5.687e-05,0.14675
2025-04-09 16:00:00+00:00,1744214400000,2025-04-09T16:00:00+00:00,7.463e-05,0.14606
2025-04-10 00:00:00+00:00,1744243200000,2025-04-10T00:00:00+00:00,0.0001,0.16028
2025-04-10 08:00:00+00:00,1744272000000,2025-04-10T08:00:00+00:00,1.686e-05,0.15603
2025-04-10 16:00:00+00:00,1744300800000,2025-04-10T16:00:00+00:00,5.18e-06,0.14948
2025-04-11 00:00:00.001000+00:00,1744329600001,2025-04-11T00:00:00.001000+00:00,3.796e-05,0.15351637
2025-04-11 08:00:00+00:00,1744358400000,2025-04-11T08:00:00+00:00,5.386e-05,0.15705
2025-04-11 16:00:00+00:00,1744387200000,2025-04-11T16:00:00+00:00,0.0001,0.15861
2025-04-12 00:00:00+00:00,1744416000000,2025-04-12T00:00:00+00:00,9.133e-05,0.15997074
2025-04-12 08:00:00.001000+00:00,1744444800001,2025-04-12T08:00:00.001000+00:00,4.817e-05,0.1629
2025-04-12 16:00:00+00:00,1744473600000,2025-04-12T16:00:00+00:00,4.416e-05,0.16742
2025-04-13 00:00:00+00:00,1744502400000,2025-04-13T00:00:00+00:00,2.638e-05,0.16757217
2025-04-13 08:00:00+00:00,1744531200000,2025-04-13T08:00:00+00:00,0.0001,0.16406394
2025-04-13 16:00:00+00:00,1744560000000,2025-04-13T16:00:00+00:00,6.797e-05,0.1622858
2025-04-14 00:00:00+00:00,1744588800000,2025-04-14T00:00:00+00:00,0.0001,0.16251
2025-04-14 08:00:00+00:00,1744617600000,2025-04-14T08:00:00+00:00,2.22e-05,0.16435
2025-04-14 16:00:00+00:00,1744646400000,2025-04-14T16:00:00+00:00,-1.435e-05,0.16022
2025-04-15 00:00:00+00:00,1744675200000,2025-04-15T00:00:00+00:00,-0.0001205,0.15846
2025-04-15 08:00:00+00:00,1744704000000,2025-04-15T08:00:00+00:00,-7.629e-05,0.1599625
2025-04-15 16:00:00.001000+00:00,1744732800001,2025-04-15T16:00:00.001000+00:00,-4.331e-05,0.15577
2025-04-16 00:00:00+00:00,1744761600000,2025-04-16T00:00:00+00:00,-1.27e-05,0.15350607
2025-04-16 08:00:00+00:00,1744790400000,2025-04-16T08:00:00+00:00,-1.894e-05,0.15272829
2025-04-16 16:00:00+00:00,1744819200000,2025-04-16T16:00:00+00:00,-1.668e-05,0.15509013
2025-04-17 00:00:00.001000+00:00,1744848000001,2025-04-17T00:00:00.001000+00:00,4.938e-05,0.15465008
2025-04-17 08:00:00+00:00,1744876800000,2025-04-17T08:00:00+00:00,4.145e-05,0.15664
2025-04-17 16:00:00.001000+00:00,1744905600001,2025-04-17T16:00:00.001000+00:00,-1.745e-05,0.15518649
2025-04-18 00:00:00+00:00,1744934400000,2025-04-18T00:00:00+00:00,4.13e-06,0.15579
2025-04-18 08:00:00+00:00,1744963200000,2025-04-18T08:00:00+00:00,-7.92e-06,0.15507
2025-04-18 16:00:00+00:00,1744992000000,2025-04-18T16:00:00+00:00,5.041e-05,0.15628532
2025-04-19 00:00:00+00:00,1745020800000,2025-04-19T00:00:00+00:00,0.0001,0.15753513
2025-04-19 08:00:00+00:00,1745049600000,2025-04-19T08:00:00+00:00,0.0001,0.15901966
2025-04-19 16:00:00+00:00,1745078400000,2025-04-19T16:00:00+00:00,7.601e-05,0.15774
2025-04-20 00:00:00+00:00,1745107200000,2025-04-20T00:00:00+00:00,7.828e-05,0.15726
2025-04-20 08:00:00+00:00,1745136000000,2025-04-20T08:00:00+00:00,0.0001,0.15701
2025-04-20 16:00:00+00:00,1745164800000,2025-04-20T16:00:00+00:00,-7.54e-05,0.1528
2025-04-21 00:00:00+00:00,1745193600000,2025-04-21T00:00:00+00:00,8.89e-06,0.15519662
2025-04-21 08:00:00.005000+00:00,1745222400005,2025-04-21T08:00:00.005000+00:00,0.0001,0.16190398
2025-04-21 16:00:00.003000+00:00,1745251200003,2025-04-21T16:00:00.003000+00:00,0.0001,0.16047433
2025-04-22 00:00:00.008000+00:00,1745280000008,2025-04-22T00:00:00.008000+00:00,8.131e-05,0.15926321
2025-04-22 08:00:00+00:00,1745308800000,2025-04-22T08:00:00+00:00,0.0001,0.16377989
2025-04-22 16:00:00+00:00,1745337600000,2025-04-22T16:00:00+00:00,0.0001,0.17187
2025-04-23 00:00:00+00:00,1745366400000,2025-04-23T00:00:00+00:00,0.0001,0.17856455
2025-04-23 08:00:00.002000+00:00,1745395200002,2025-04-23T08:00:00.002000+00:00,0.0001,0.18212
2025-04-23 16:00:00+00:00,1745424000000,2025-04-23T16:00:00+00:00,0.0001,0.17841823
2025-04-24 00:00:00+00:00,1745452800000,2025-04-24T00:00:00+00:00,0.0001,0.17859413
2025-04-24 08:00:00.001000+00:00,1745481600001,2025-04-24T08:00:00.001000+00:00,0.0001,0.17240233
2025-04-24 16:00:00.001000+00:00,1745510400001,2025-04-24T16:00:00.001000+00:00,6.561e-05,0.1784
2025-04-25 00:00:00.007000+00:00,1745539200007,2025-04-25T00:00:00.007000+00:00,0.0001,0.18246
2025-04-25 08:00:00.002000+00:00,1745568000002,2025-04-25T08:00:00.002000+00:00,0.0001,0.18241
2025-04-25 16:00:00.003000+00:00,1745596800003,2025-04-25T16:00:00.003000+00:00,6.68e-05,0.18263
2025-04-26 00:00:00.002000+00:00,1745625600002,2025-04-26T00:00:00.002000+00:00,9.774e-05,0.18154
2025-04-26 08:00:00+00:00,1745654400000,2025-04-26T08:00:00+00:00,8.82e-06,0.18592
2025-04-26 16:00:00.002000+00:00,1745683200002,2025-04-26T16:00:00.002000+00:00,2.243e-05,0.18236958
2025-04-27 00:00:00.001000+00:00,1745712000001,2025-04-27T00:00:00.001000+00:00,-7.611e-05,0.18181
2025-04-27 08:00:00+00:00,1745740800000,2025-04-27T08:00:00+00:00,7.464e-05,0.18017695
2025-04-27 16:00:00+00:00,1745769600000,2025-04-27T16:00:00+00:00,6.479e-05,0.18001
2025-04-28 00:00:00.001000+00:00,1745798400001,2025-04-28T00:00:00.001000+00:00,3.706e-05,0.17923
2025-04-28 08:00:00.003000+00:00,1745827200003,2025-04-28T08:00:00.003000+00:00,8.078e-05,0.18116502
2025-04-28 16:00:00.005000+00:00,1745856000005,2025-04-28T16:00:00.005000+00:00,-5.958e-05,0.17564
2025-04-29 00:00:00+00:00,1745884800000,2025-04-29T00:00:00+00:00,3.774e-05,0.17896
2025-04-29 08:00:00+00:00,1745913600000,2025-04-29T08:00:00+00:00,0.0001,0.17963
2025-04-29 16:00:00.010000+00:00,1745942400010,2025-04-29T16:00:00.010000+00:00,1.163e-05,0.17802783
2025-04-30 00:00:00.001000+00:00,1745971200001,2025-04-30T00:00:00.001000+00:00,-8.768e-05,0.17457411
2025-04-30 08:00:00+00:00,1746000000000,2025-04-30T08:00:00+00:00,-6.965e-05,0.17337
2025-04-30 16:00:00.003000+00:00,1746028800003,2025-04-30T16:00:00.003000+00:00,-8.174e-05,0.16966
2025-05-01 00:00:00+00:00,1746057600000,2025-05-01T00:00:00+00:00,1.67e-05,0.17217351
2025-05-01 08:00:00+00:00,1746086400000,2025-05-01T08:00:00+00:00,7.872e-05,0.17523
2025-05-01 16:00:00.001000+00:00,1746115200001,2025-05-01T16:00:00.001000+00:00,0.0001,0.18057557
2025-05-02 00:00:00+00:00,1746144000000,2025-05-02T00:00:00+00:00,0.0001,0.18059083
2025-05-02 08:00:00+00:00,1746172800000,2025-05-02T08:00:00+00:00,6.873e-05,0.17926
2025-05-02 16:00:00.003000+00:00,1746201600003,2025-05-02T16:00:00.003000+00:00,6.792e-05,0.18138
2025-05-03 00:00:00+00:00,1746230400000,2025-05-03T00:00:00+00:00,4.762e-05,0.18142
2025-05-03 08:00:00+00:00,1746259200000,2025-05-03T08:00:00+00:00,1.327e-05,0.17883717
2025-05-03 16:00:00+00:00,1746288000000,2025-05-03T16:00:00+00:00,4.606e-05,0.17844602
2025-05-04 00:00:00.001000+00:00,1746316800001,2025-05-04T00:00:00.001000+00:00,9.44e-06,0.17556496
2025-05-04 08:00:00.001000+00:00,1746345600001,2025-05-04T08:00:00.001000+00:00,-9.94e-06,0.17514
2025-05-04 16:00:00.002000+00:00,1746374400002,2025-05-04T16:00:00.002000+00:00,-1.556e-05,0.17362
2025-05-05 00:00:00+00:00,1746403200000,2025-05-05T00:00:00+00:00,-7.879e-05,0.17039
2025-05-05 08:00:00+00:00,1746432000000,2025-05-05T08:00:00+00:00,-3.963e-05,0.17348896
2025-05-05 16:00:00.006000+00:00,1746460800006,2025-05-05T16:00:00.006000+00:00,-8.009e-05,0.16889
2025-05-06 00:00:00.002000+00:00,1746489600002,2025-05-06T00:00:00.002000+00:00,-1.072e-05,0.1705
2025-05-06 08:00:00.005000+00:00,1746518400005,2025-05-06T08:00:00.005000+00:00,1.705e-05,0.16929787
2025-05-06 16:00:00+00:00,1746547200000,2025-05-06T16:00:00+00:00,1.691e-05,0.16657
2025-05-07 00:00:00.002000+00:00,1746576000002,2025-05-07T00:00:00.002000+00:00,7.112e-05,0.17211
2025-05-07 08:00:00+00:00,1746604800000,2025-05-07T08:00:00+00:00,5.421e-05,0.17323
2025-05-07 16:00:00.006000+00:00,1746633600006,2025-05-07T16:00:00.006000+00:00,5.902e-05,0.17077
2025-05-08 00:00:00+00:00,1746662400000,2025-05-08T00:00:00+00:00,4.074e-05,0.17193921
2025-05-08 08:00:00.001000+00:00,1746691200001,2025-05-08T08:00:00.001000+00:00,0.0001,0.18142549
2025-05-08 16:00:00.002000+00:00,1746720000002,2025-05-08T16:00:00.002000+00:00,0.0001,0.18930944
2025-05-09 00:00:00.001000+00:00,1746748800001,2025-05-09T00:00:00.001000+00:00,0.0001,0.1981195
2025-05-09 08:00:00.006000+00:00,1746777600006,2025-05-09T08:00:00.006000+00:00,0.0001,0.20586094
2025-05-09 16:00:00+00:00,1746806400000,2025-05-09T16:00:00+00:00,0.0001,0.20420867
2025-05-10 00:00:00.001000+00:00,1746835200001,2025-05-10T00:00:00.001000+00:00,0.0001,0.20523264
2025-05-10 08:00:00+00:00,1746864000000,2025-05-10T08:00:00+00:00,0.0001,0.22411
2025-05-10 16:00:00.001000+00:00,1746892800001,2025-05-10T16:00:00.001000+00:00,0.0001,0.22698
2025-05-11 00:00:00+00:00,1746921600000,2025-05-11T00:00:00+00:00,0.0001,0.25050912
2025-05-11 08:00:00.001000+00:00,1746950400001,2025-05-11T08:00:00.001000+00:00,0.0001,0.23025
2025-05-11 16:00:00.001000+00:00,1746979200001,2025-05-11T16:00:00.001000+00:00,5.785e-05,0.22686
2025-05-12 00:00:00.004000+00:00,1747008000004,2025-05-12T00:00:00.004000+00:00,3.834e-05,0.23172
2025-05-12 08:00:00+00:00,1747036800000,2025-05-12T08:00:00+00:00,8.624e-05,0.24398
2025-05-12 16:00:00+00:00,1747065600000,2025-05-12T16:00:00+00:00,0.0001,0.23235
2025-05-13 00:00:00+00:00,1747094400000,2025-05-13T00:00:00+00:00,2.17e-06,0.2309
2025-05-13 08:00:00.008000+00:00,1747123200008,2025-05-13T08:00:00.008000+00:00,9.248e-05,0.22399248
2025-05-13 16:00:00.001000+00:00,1747152000001,2025-05-13T16:00:00.001000+00:00,9.394e-05,0.23292171
2025-05-14 00:00:00.007000+00:00,1747180800007,2025-05-14T00:00:00.007000+00:00,0.0001,0.24073075
2025-05-14 08:00:00+00:00,1747209600000,2025-05-14T08:00:00+00:00,0.0001,0.23704
2025-05-14 16:00:00.002000+00:00,1747238400002,2025-05-14T16:00:00.002000+00:00,5.801e-05,0.23286
2025-05-15 00:00:00+00:00,1747267200000,2025-05-15T00:00:00+00:00,8.215e-05,0.23267
2025-05-15 08:00:00.003000+00:00,1747296000003,2025-05-15T08:00:00.003000+00:00,8.267e-05,0.22361
2025-05-15 16:00:00+00:00,1747324800000,2025-05-15T16:00:00+00:00,-1.668e-05,0.22511256
2025-05-16 00:00:00.001000+00:00,1747353600001,2025-05-16T00:00:00.001000+00:00,-4.912e-05,0.2193005
2025-05-16 08:00:00+00:00,1747382400000,2025-05-16T08:00:00+00:00,1.871e-05,0.22571
2025-05-16 16:00:00+00:00,1747411200000,2025-05-16T16:00:00+00:00,9.839e-05,0.22888103
2025-05-17 00:00:00+00:00,1747440000000,2025-05-17T00:00:00+00:00,1.92e-05,0.22102
2025-05-17 08:00:00.001000+00:00,1747468800001,2025-05-17T08:00:00.001000+00:00,-4.771e-05,0.2170559
2025-05-17 16:00:00.004000+00:00,1747497600004,2025-05-17T16:00:00.004000+00:00,2.338e-05,0.21494863
2025-05-18 00:00:00+00:00,1747526400000,2025-05-18T00:00:00+00:00,2.615e-05,0.2145
2025-05-18 08:00:00+00:00,1747555200000,2025-05-18T08:00:00+00:00,-1.153e-05,0.22177371
2025-05-18 16:00:00+00:00,1747584000000,2025-05-18T16:00:00+00:00,0.0001,0.23654228
2025-05-19 00:00:00+00:00,1747612800000,2025-05-19T00:00:00+00:00,8.583e-05,0.23296
2025-05-19 08:00:00.006000+00:00,1747641600006,2025-05-19T08:00:00.006000+00:00,-6.235e-05,0.21779021
2025-05-19 16:00:00.010000+00:00,1747670400010,2025-05-19T16:00:00.010000+00:00,-6.722e-05,0.22114172
2025-05-20 00:00:00+00:00,1747699200000,2025-05-20T00:00:00+00:00,0.0001,0.224341
2025-05-20 08:00:00.002000+00:00,1747728000002,2025-05-20T08:00:00.002000+00:00,8.232e-05,0.22240942
2025-05-20 16:00:00+00:00,1747756800000,2025-05-20T16:00:00+00:00,-6.344e-05,0.2205
2025-05-21 00:00:00+00:00,1747785600000,2025-05-21T00:00:00+00:00,0.0001,0.2261
2025-05-21 08:00:00.001000+00:00,1747814400001,2025-05-21T08:00:00.001000+00:00,0.0001,0.22652
2025-05-21 16:00:00.004000+00:00,1747843200004,2025-05-21T16:00:00.004000+00:00,5.136e-05,0.23179317
2025-05-22 00:00:00.001000+00:00,1747872000001,2025-05-22T00:00:00.001000+00:00,0.0001,0.2339755
2025-05-22 08:00:00+00:00,1747900800000,2025-05-22T08:00:00+00:00,0.0001,0.24101
2025-05-22 16:00:00.002000+00:00,1747929600002,2025-05-22T16:00:00.002000+00:00,0.0001,0.2412
2025-05-23 00:00:00.006000+00:00,1747958400006,2025-05-23T00:00:00.006000+00:00,0.0001,0.2454849
2025-05-23 08:00:00+00:00,1747987200000,2025-05-23T08:00:00+00:00,0.0001,0.24339
2025-05-23 16:00:00.007000+00:00,1748016000007,2025-05-23T16:00:00.007000+00:00,2.259e-05,0.23431
2025-05-24 00:00:00.010000+00:00,1748044800010,2025-05-24T00:00:00.010000+00:00,8.052e-05,0.22506997
2025-05-24 08:00:00+00:00,1748073600000,2025-05-24T08:00:00+00:00,-4.39e-05,0.22722
2025-05-24 16:00:00.003000+00:00,1748102400003,2025-05-24T16:00:00.003000+00:00,-9.352e-05,0.2276055
2025-05-25 00:00:00.004000+00:00,1748131200004,2025-05-25T00:00:00.004000+00:00,-5.088e-05,0.225
2025-05-25 08:00:00+00:00,1748160000000,2025-05-25T08:00:00+00:00,-1.04e-05,0.22126
2025-05-25 16:00:00+00:00,1748188800000,2025-05-25T16:00:00+00:00,1.095e-05,0.21841
2025-05-26 00:00:00+00:00,1748217600000,2025-05-26T00:00:00+00:00,1.289e-05,0.22478
2025-05-26 08:00:00+00:00,1748246400000,2025-05-26T08:00:00+00:00,2.939e-05,0.22975332
2025-05-26 16:00:00.002000+00:00,1748275200002,2025-05-26T16:00:00.002000+00:00,9.827e-05,0.22684
2025-05-27 00:00:00.003000+00:00,1748304000003,2025-05-27T00:00:00.003000+00:00,6.561e-05,0.22585559
2025-05-27 08:00:00.001000+00:00,1748332800001,2025-05-27T08:00:00.001000+00:00,0.0001,0.22765
2025-05-27 16:00:00.005000+00:00,1748361600005,2025-05-27T16:00:00.005000+00:00,0.0001,0.22857487
2025-05-28 00:00:00.002000+00:00,1748390400002,2025-05-28T00:00:00.002000+00:00,3.18e-05,0.22588
2025-05-28 08:00:00.003000+00:00,1748419200003,2025-05-28T08:00:00.003000+00:00,8.57e-06,0.2225
2025-05-28 16:00:00.002000+00:00,1748448000002,2025-05-28T16:00:00.002000+00:00,1.04e-06,0.21823
2025-05-29 00:00:00+00:00,1748476800000,2025-05-29T00:00:00+00:00,3.144e-05,0.22087268
2025-05-29 08:00:00.006000+00:00,1748505600006,2025-05-29T08:00:00.006000+00:00,0.0001,0.22428
2025-05-29 16:00:00+00:00,1748534400000,2025-05-29T16:00:00+00:00,0.0001,0.21951
2025-05-30 00:00:00.003000+00:00,1748563200003,2025-05-30T00:00:00.003000+00:00,-4.292e-05,0.2148262
2025-05-30 08:00:00.003000+00:00,1748592000003,2025-05-30T08:00:00.003000+00:00,4.087e-05,0.20418
2025-05-30 16:00:00+00:00,1748620800000,2025-05-30T16:00:00+00:00,3.287e-05,0.20193977
2025-05-31 00:00:00+00:00,1748649600000,2025-05-31T00:00:00+00:00,5.564e-05,0.19349
2025-05-31 08:00:00+00:00,1748678400000,2025-05-31T08:00:00+00:00,3.884e-05,0.18917
2025-05-31 16:00:00+00:00,1748707200000,2025-05-31T16:00:00+00:00,2.822e-05,0.19169
2025-06-01 00:00:00.001000+00:00,1748736000001,2025-06-01T00:00:00.001000+00:00,-1.869e-05,0.19242
2025-06-01 08:00:00.002000+00:00,1748764800002,2025-06-01T08:00:00.002000+00:00,-3.376e-05,0.18999748
2025-06-01 16:00:00+00:00,1748793600000,2025-06-01T16:00:00+00:00,7.042e-05,0.19174124
2025-06-02 00:00:00.001000+00:00,1748822400001,2025-06-02T00:00:00.001000+00:00,7.157e-05,0.19353
2025-06-02 08:00:00+00:00,1748851200000,2025-06-02T08:00:00+00:00,5.424e-05,0.19179
2025-06-02 16:00:00+00:00,1748880000000,2025-06-02T16:00:00+00:00,7.448e-05,0.19181
2025-06-03 00:00:00+00:00,1748908800000,2025-06-03T00:00:00+00:00,0.0001,0.19498
2025-06-03 08:00:00+00:00,1748937600000,2025-06-03T08:00:00+00:00,1.244e-05,0.19515
2025-06-03 16:00:00.001000+00:00,1748966400001,2025-06-03T16:00:00.001000+00:00,2.866e-05,0.19727
2025-06-04 00:00:00+00:00,1748995200000,2025-06-04T00:00:00+00:00,6.535e-05,0.19302
2025-06-04 08:00:00+00:00,1749024000000,2025-06-04T08:00:00+00:00,0.0001,0.19533986
2025-06-04 16:00:00+00:00,1749052800000,2025-06-04T16:00:00+00:00,1.4e-05,0.1927471
2025-06-05 00:00:00.016000+00:00,1749081600016,2025-06-05T00:00:00.016000+00:00,3.909e-05,0.18803326
2025-06-05 08:00:00+00:00,1749110400000,2025-06-05T08:00:00+00:00,6.495e-05,0.1884
2025-06-05 16:00:00+00:00,1749139200000,2025-06-05T16:00:00+00:00,8.145e-05,0.18922691
2025-06-06 00:00:00.002000+00:00,1749168000002,2025-06-06T00:00:00.002000+00:00,-6.883e-05,0.17095
2025-06-06 08:00:00+00:00,1749196800000,2025-06-06T08:00:00+00:00,-2.465e-05,0.17473
2025-06-06 16:00:00.006000+00:00,1749225600006,2025-06-06T16:00:00.006000+00:00,6.223e-05,0.18178627
2025-06-07 00:00:00+00:00,1749254400000,2025-06-07T00:00:00+00:00,7.779e-05,0.17869
2025-06-07 08:00:00+00:00,1749283200000,2025-06-07T08:00:00+00:00,5.17e-06,0.18524404
2025-06-07 16:00:00.002000+00:00,1749312000002,2025-06-07T16:00:00.002000+00:00,8.656e-05,0.18658617
2025-06-08 00:00:00+00:00,1749340800000,2025-06-08T00:00:00+00:00,-2.23e-06,0.18502
2025-06-08 08:00:00+00:00,1749369600000,2025-06-08T08:00:00+00:00,4.005e-05,0.18291145
2025-06-08 16:00:00+00:00,1749398400000,2025-06-08T16:00:00+00:00,1.457e-05,0.18399
2025-06-09 00:00:00+00:00,1749427200000,2025-06-09T00:00:00+00:00,6.928e-05,0.18409093
2025-06-09 08:00:00.001000+00:00,1749456000001,2025-06-09T08:00:00.001000+00:00,1.615e-05,0.18143123
2025-06-09 16:00:00.001000+00:00,1749484800001,2025-06-09T16:00:00.001000+00:00,6.878e-05,0.18439
2025-06-10 00:00:00+00:00,1749513600000,2025-06-10T00:00:00+00:00,0.0001,0.19481
2025-06-10 08:00:00.001000+00:00,1749542400001,2025-06-10T08:00:00.001000+00:00,0.0001,0.1909
2025-06-10 16:00:00.003000+00:00,1749571200003,2025-06-10T16:00:00.003000+00:00,4.141e-05,0.191
2025-06-11 00:00:00+00:00,1749600000000,2025-06-11T00:00:00+00:00,0.0001,0.1984038
2025-06-11 08:00:00+00:00,1749628800000,2025-06-11T08:00:00+00:00,0.0001,0.20239
2025-06-11 16:00:00.010000+00:00,1749657600010,2025-06-11T16:00:00.010000+00:00,8.119e-05,0.20314435
2025-06-12 00:00:00.002000+00:00,1749686400002,2025-06-12T00:00:00.002000+00:00,2.046e-05,0.19285043
2025-06-12 08:00:00.003000+00:00,1749715200003,2025-06-12T08:00:00.003000+00:00,1.603e-05,0.18946527
2025-06-12 16:00:00.001000+00:00,1749744000001,2025-06-12T16:00:00.001000+00:00,2.8e-06,0.18579665
2025-06-13 00:00:00+00:00,1749772800000,2025-06-13T00:00:00+00:00,1.933e-05,0.18103085
2025-06-13 08:00:00.001000+00:00,1749801600001,2025-06-13T08:00:00.001000+00:00,-3.676e-05,0.17428
2025-06-13 16:00:00.004000+00:00,1749830400004,2025-06-13T16:00:00.004000+00:00,2.656e-05,0.17777
2025-06-14 00:00:00+00:00,1749859200000,2025-06-14T00:00:00+00:00,9.142e-05,0.18032
2025-06-14 08:00:00+00:00,1749888000000,2025-06-14T08:00:00+00:00,2.512e-05,0.17652272
2025-06-14 16:00:00+00:00,1749916800000,2025-06-14T16:00:00+00:00,8.163e-05,0.17666519
2025-06-15 00:00:00.005000+00:00,1749945600005,2025-06-15T00:00:00.005000+00:00,5.489e-05,0.17818
2025-06-15 08:00:00.009000+00:00,1749974400009,2025-06-15T08:00:00.009000+00:00,6.502e-05,0.17551802
2025-06-15 16:00:00+00:00,1750003200000,2025-06-15T16:00:00+00:00,1.474e-05,0.17586
2025-06-16 00:00:00+00:00,1750032000000,2025-06-16T00:00:00+00:00,3.646e-05,0.17544153
2025-06-16 08:00:00+00:00,1750060800000,2025-06-16T08:00:00+00:00,4.797e-05,0.17822
2025-06-16 16:00:00.003000+00:00,1750089600003,2025-06-16T16:00:00.003000+00:00,5.295e-05,0.17749
2025-06-17 00:00:00+00:00,1750118400000,2025-06-17T00:00:00+00:00,2.398e-05,0.17263561
2025-06-17 08:00:00.006000+00:00,1750147200006,2025-06-17T08:00:00.006000+00:00,5.482e-05,0.17374195
2025-06-17 16:00:00.001000+00:00,1750176000001,2025-06-17T16:00:00.001000+00:00,2.74e-05,0.16781
2025-06-18 00:00:00.001000+00:00,1750204800001,2025-06-18T00:00:00.001000+00:00,6.803e-05,0.1692832
2025-06-18 08:00:00.001000+00:00,1750233600001,2025-06-18T08:00:00.001000+00:00,0.0001,0.17113
2025-06-18 16:00:00.001000+00:00,1750262400001,2025-06-18T16:00:00.001000+00:00,7.46e-05,0.16808
2025-06-19 00:00:00.005000+00:00,1750291200005,2025-06-19T00:00:00.005000+00:00,5.951e-05,0.17058312
2025-06-19 08:00:00.003000+00:00,1750320000003,2025-06-19T08:00:00.003000+00:00,7.045e-05,0.1699163
2025-06-19 16:00:00+00:00,1750348800000,2025-06-19T16:00:00+00:00,3.004e-05,0.16821
2025-06-20 00:00:00+00:00,1750377600000,2025-06-20T00:00:00+00:00,6.766e-05,0.17085895
2025-06-20 08:00:00.002000+00:00,1750406400002,2025-06-20T08:00:00.002000+00:00,3.808e-05,0.17047
2025-06-20 16:00:00.001000+00:00,1750435200001,2025-06-20T16:00:00.001000+00:00,-5.01e-06,0.16593
2025-06-21 00:00:00.002000+00:00,1750464000002,2025-06-21T00:00:00.002000+00:00,-3.937e-05,0.16227
2025-06-21 08:00:00.005000+00:00,1750492800005,2025-06-21T08:00:00.005000+00:00,6.688e-05,0.16277
2025-06-21 16:00:00+00:00,1750521600000,2025-06-21T16:00:00+00:00,-5.45e-06,0.16013
2025-06-22 00:00:00.005000+00:00,1750550400005,2025-06-22T00:00:00.005000+00:00,6.2e-06,0.15441073
2025-06-22 08:00:00+00:00,1750579200000,2025-06-22T08:00:00+00:00,0.0001,0.15622
2025-06-22 16:00:00.003000+00:00,1750608000003,2025-06-22T16:00:00.003000+00:00,1.954e-05,0.14619737
2025-06-23 00:00:00+00:00,1750636800000,2025-06-23T00:00:00+00:00,4.515e-05,0.15119
2025-06-23 08:00:00.004000+00:00,1750665600004,2025-06-23T08:00:00.004000+00:00,7.48e-06,0.15376873
2025-06-23 16:00:00.013000+00:00,1750694400013,2025-06-23T16:00:00.013000+00:00,-4.51e-06,0.15237
2025-06-24 00:00:00.003000+00:00,1750723200003,2025-06-24T00:00:00.003000+00:00,6.537e-05,0.16371
2025-06-24 08:00:00+00:00,1750752000000,2025-06-24T08:00:00+00:00,1.241e-05,0.16312137
2025-06-24 16:00:00+00:00,1750780800000,2025-06-24T16:00:00+00:00,2.437e-05,0.1635
2025-06-25 00:00:00.005000+00:00,1750809600005,2025-06-25T00:00:00.005000+00:00,3.345e-05,0.16564813
2025-06-25 08:00:00+00:00,1750838400000,2025-06-25T08:00:00+00:00,6.808e-05,0.16623107
2025-06-25 16:00:00.005000+00:00,1750867200005,2025-06-25T16:00:00.005000+00:00,4.294e-05,0.1629
2025-06-26 00:00:00+00:00,1750896000000,2025-06-26T00:00:00+00:00,6.114e-05,0.16451102
2025-06-26 08:00:00.006000+00:00,1750924800006,2025-06-26T08:00:00.006000+00:00,-5.207e-05,0.16478698
2025-06-26 16:00:00.007000+00:00,1750953600007,2025-06-26T16:00:00.007000+00:00,2.42e-06,0.16003708
2025-06-27 00:00:00+00:00,1750982400000,2025-06-27T00:00:00+00:00,7.86e-05,0.15994
2025-06-27 08:00:00+00:00,1751011200000,2025-06-27T08:00:00+00:00,7.156e-05,0.16071324
2025-06-27 16:00:00.009000+00:00,1751040000009,2025-06-27T16:00:00.009000+00:00,-4.55e-05,0.16102
2025-06-28 00:00:00.001000+00:00,1751068800001,2025-06-28T00:00:00.001000+00:00,8.521e-05,0.16096
2025-06-28 08:00:00.002000+00:00,1751097600002,2025-06-28T08:00:00.002000+00:00,9.424e-05,0.16318
2025-06-28 16:00:00+00:00,1751126400000,2025-06-28T16:00:00+00:00,2.765e-05,0.16286
2025-06-29 00:00:00.004000+00:00,1751155200004,2025-06-29T00:00:00.004000+00:00,1.26e-05,0.16357
2025-06-29 08:00:00.001000+00:00,1751184000001,2025-06-29T08:00:00.001000+00:00,6.53e-05,0.16385
2025-06-29 16:00:00.001000+00:00,1751212800001,2025-06-29T16:00:00.001000+00:00,-3.892e-05,0.16328492
2025-06-30 00:00:00+00:00,1751241600000,2025-06-30T00:00:00+00:00,9.942e-05,0.16938
2025-06-30 08:00:00.005000+00:00,1751270400005,2025-06-30T08:00:00.005000+00:00,6.437e-05,0.16574032
2025-06-30 16:00:00.002000+00:00,1751299200002,2025-06-30T16:00:00.002000+00:00,1.407e-05,0.16486129
2025-07-01 00:00:00.007000+00:00,1751328000007,2025-07-01T00:00:00.007000+00:00,6.636e-05,0.16509077
2025-07-01 08:00:00.002000+00:00,1751356800002,2025-07-01T08:00:00.002000+00:00,7.71e-05,0.16244646
2025-07-01 16:00:00+00:00,1751385600000,2025-07-01T16:00:00+00:00,8.45e-06,0.15928
2025-07-02 00:00:00.001000+00:00,1751414400001,2025-07-02T00:00:00.001000+00:00,-6.097e-05,0.15769107
2025-07-02 08:00:00+00:00,1751443200000,2025-07-02T08:00:00+00:00,-5.59e-06,0.16077
2025-07-02 16:00:00.003000+00:00,1751472000003,2025-07-02T16:00:00.003000+00:00,0.0001,0.16573
2025-07-03 00:00:00.006000+00:00,1751500800006,2025-07-03T00:00:00.006000+00:00,0.0001,0.16867
2025-07-03 08:00:00.003000+00:00,1751529600003,2025-07-03T08:00:00.003000+00:00,0.0001,0.17444
2025-07-03 16:00:00.003000+00:00,1751558400003,2025-07-03T16:00:00.003000+00:00,0.0001,0.16956
2025-07-04 00:00:00.005000+00:00,1751587200005,2025-07-04T00:00:00.005000+00:00,7.379e-05,0.17195
2025-07-04 08:00:00.003000+00:00,1751616000003,2025-07-04T08:00:00.003000+00:00,9.048e-05,0.16656215
2025-07-04 16:00:00.001000+00:00,1751644800001,2025-07-04T16:00:00.001000+00:00,-2.565e-05,0.1630881
2025-07-05 00:00:00.004000+00:00,1751673600004,2025-07-05T00:00:00.004000+00:00,-7.207e-05,0.16279
2025-07-05 08:00:00.009000+00:00,1751702400009,2025-07-05T08:00:00.009000+00:00,-3.317e-05,0.16435
2025-07-05 16:00:00.006000+00:00,1751731200006,2025-07-05T16:00:00.006000+00:00,6.02e-05,0.16294
2025-07-06 00:00:00.001000+00:00,1751760000001,2025-07-06T00:00:00.001000+00:00,-2.326e-05,0.16413
2025-07-06 08:00:00.002000+00:00,1751788800002,2025-07-06T08:00:00.002000+00:00,1.653e-05,0.16373
2025-07-06 16:00:00.004000+00:00,1751817600004,2025-07-06T16:00:00.004000+00:00,0.0001,0.17012
2025-07-07 00:00:00+00:00,1751846400000,2025-07-07T00:00:00+00:00,0.0001,0.17191478
2025-07-07 08:00:00.007000+00:00,1751875200007,2025-07-07T08:00:00.007000+00:00,0.0001,0.17316038
2025-07-07 16:00:00+00:00,1751904000000,2025-07-07T16:00:00+00:00,1.03e-05,0.16848
2025-07-08 00:00:00.010000+00:00,1751932800010,2025-07-08T00:00:00.010000+00:00,-3.2e-07,0.16782173
2025-07-08 08:00:00.003000+00:00,1751961600003,2025-07-08T08:00:00.003000+00:00,4.338e-05,0.16869
2025-07-08 16:00:00+00:00,1751990400000,2025-07-08T16:00:00+00:00,8.556e-05,0.16917
2025-07-09 00:00:00.002000+00:00,1752019200002,2025-07-09T00:00:00.002000+00:00,0.0001,0.17085
2025-07-09 08:00:00.006000+00:00,1752048000006,2025-07-09T08:00:00.006000+00:00,7.082e-05,0.17184
2025-07-09 16:00:00.001000+00:00,1752076800001,2025-07-09T16:00:00.001000+00:00,0.0001,0.17295
2025-07-10 00:00:00.003000+00:00,1752105600003,2025-07-10T00:00:00.003000+00:00,0.0001,0.18051
2025-07-10 08:00:00+00:00,1752134400000,2025-07-10T08:00:00+00:00,0.0001,0.18164
2025-07-10 16:00:00.004000+00:00,1752163200004,2025-07-10T16:00:00.004000+00:00,0.0001,0.18051315
2025-07-11 00:00:00.004000+00:00,1752192000004,2025-07-11T00:00:00.004000+00:00,0.0001,0.19502257
2025-07-11 08:00:00.007000+00:00,1752220800007,2025-07-11T08:00:00.007000+00:00,0.0001,0.1964293
2025-07-11 16:00:00.001000+00:00,1752249600001,2025-07-11T16:00:00.001000+00:00,0.0001,0.20117623
2025-07-12 00:00:00+00:00,1752278400000,2025-07-12T00:00:00+00:00,0.0001,0.20104424
2025-07-12 08:00:00.001000+00:00,1752307200001,2025-07-12T08:00:00.001000+00:00,0.0001,0.2012
2025-07-12 16:00:00.002000+00:00,1752336000002,2025-07-12T16:00:00.002000+00:00,0.0001,0.19309933
2025-07-13 00:00:00.006000+00:00,1752364800006,2025-07-13T00:00:00.006000+00:00,0.0001,0.19733
2025-07-13 08:00:00.001000+00:00,1752393600001,2025-07-13T08:00:00.001000+00:00,0.0001,0.19931
2025-07-13 16:00:00.003000+00:00,1752422400003,2025-07-13T16:00:00.003000+00:00,6.117e-05,0.20006597
2025-07-14 00:00:00+00:00,1752451200000,2025-07-14T00:00:00+00:00,9.44e-05,0.19845198
2025-07-14 08:00:00+00:00,1752480000000,2025-07-14T08:00:00+00:00,0.0001,0.2076
2025-07-14 16:00:00+00:00,1752508800000,2025-07-14T16:00:00+00:00,0.0001,0.19927066
2025-07-15 00:00:00.002000+00:00,1752537600002,2025-07-15T00:00:00.002000+00:00,0.0001,0.19739298
2025-07-15 08:00:00+00:00,1752566400000,2025-07-15T08:00:00+00:00,0.0001,0.19067
2025-07-15 16:00:00+00:00,1752595200000,2025-07-15T16:00:00+00:00,6.227e-05,0.19264
2025-07-16 00:00:00+00:00,1752624000000,2025-07-16T00:00:00+00:00,0.0001,0.19916
2025-07-16 08:00:00+00:00,1752652800000,2025-07-16T08:00:00+00:00,0.0001,0.19906625
2025-07-16 16:00:00.008000+00:00,1752681600008,2025-07-16T16:00:00.008000+00:00,0.0001,0.20324
2025-07-17 00:00:00.003000+00:00,1752710400003,2025-07-17T00:00:00.003000+00:00,0.0001,0.21270866
2025-07-17 08:00:00+00:00,1752739200000,2025-07-17T08:00:00+00:00,0.0001,0.212
2025-07-17 16:00:00+00:00,1752768000000,2025-07-17T16:00:00+00:00,0.0001,0.21381537
2025-07-18 00:00:00.004000+00:00,1752796800004,2025-07-18T00:00:00.004000+00:00,0.0001,0.21825047
2025-07-18 08:00:00+00:00,1752825600000,2025-07-18T08:00:00+00:00,0.0001,0.23928
2025-07-18 16:00:00+00:00,1752854400000,2025-07-18T16:00:00+00:00,0.0001,0.23724755
2025-07-19 00:00:00.009000+00:00,1752883200009,2025-07-19T00:00:00.009000+00:00,0.0001,0.23576
2025-07-19 08:00:00+00:00,1752912000000,2025-07-19T08:00:00+00:00,0.0001,0.25374123
2025-07-19 16:00:00.002000+00:00,1752940800002,2025-07-19T16:00:00.002000+00:00,0.0001,0.24232
2025-07-20 00:00:00+00:00,1752969600000,2025-07-20T00:00:00+00:00,0.0001,0.24136
2025-07-20 08:00:00+00:00,1752998400000,2025-07-20T08:00:00+00:00,0.0001,0.25136
2025-07-20 16:00:00+00:00,1753027200000,2025-07-20T16:00:00+00:00,0.0001,0.25413
2025-07-21 00:00:00.001000+00:00,1753056000001,2025-07-21T00:00:00.001000+00:00,0.0001,0.27378
2025-07-21 08:00:00+00:00,1753084800000,2025-07-21T08:00:00+00:00,0.0001,0.2735635
2025-07-21 16:00:00.001000+00:00,1753113600001,2025-07-21T16:00:00.001000+00:00,0.0001,0.28232
2025-07-22 00:00:00+00:00,1753142400000,2025-07-22T00:00:00+00:00,0.0001,0.27140983
2025-07-22 08:00:00.010000+00:00,1753171200010,2025-07-22T08:00:00.010000+00:00,0.0001,0.26652936
2025-07-22 16:00:00.007000+00:00,1753200000007,2025-07-22T16:00:00.007000+00:00,0.0001,0.26656983
2025-07-23 00:00:00+00:00,1753228800000,2025-07-23T00:00:00+00:00,0.0001,0.27103661
2025-07-23 08:00:00.004000+00:00,1753257600004,2025-07-23T08:00:00.004000+00:00,0.0001,0.26016
2025-07-23 16:00:00.002000+00:00,1753286400002,2025-07-23T16:00:00.002000+00:00,0.0001,0.24968585
2025-07-24 00:00:00+00:00,1753315200000,2025-07-24T00:00:00+00:00,0.0001,0.24066683
2025-07-24 08:00:00.001000+00:00,1753344000001,2025-07-24T08:00:00.001000+00:00,0.0001,0.23292655
2025-07-24 16:00:00+00:00,1753372800000,2025-07-24T16:00:00+00:00,0.0001,0.23997634
2025-07-25 00:00:00+00:00,1753401600000,2025-07-25T00:00:00+00:00,0.0001,0.23205
2025-07-25 08:00:00+00:00,1753430400000,2025-07-25T08:00:00+00:00,0.0001,0.22587171
2025-07-25 16:00:00+00:00,1753459200000,2025-07-25T16:00:00+00:00,0.0001,0.22430289
2025-07-26 00:00:00.001000+00:00,1753488000001,2025-07-26T00:00:00.001000+00:00,0.0001,0.23663374
2025-07-26 08:00:00.005000+00:00,1753516800005,2025-07-26T08:00:00.005000+00:00,0.0001,0.23685
2025-07-26 16:00:00.001000+00:00,1753545600001,2025-07-26T16:00:00.001000+00:00,0.0001,0.23865561
2025-07-27 00:00:00.001000+00:00,1753574400001,2025-07-27T00:00:00.001000+00:00,0.0001,0.23537
2025-07-27 08:00:00+00:00,1753603200000,2025-07-27T08:00:00+00:00,0.0001,0.23690581
2025-07-27 16:00:00.008000+00:00,1753632000008,2025-07-27T16:00:00.008000+00:00,8.689e-05,0.23668398
2025-07-28 00:00:00.005000+00:00,1753660800005,2025-07-28T00:00:00.005000+00:00,0.0001,0.24058
2025-07-28 08:00:00+00:00,1753689600000,2025-07-28T08:00:00+00:00,0.0001,0.24326322
2025-07-28 16:00:00+00:00,1753718400000,2025-07-28T16:00:00+00:00,0.0001,0.23213
2025-07-29 00:00:00.001000+00:00,1753747200001,2025-07-29T00:00:00.001000+00:00,6.002e-05,0.22604553
2025-07-29 08:00:00+00:00,1753776000000,2025-07-29T08:00:00+00:00,2.6e-07,0.23169
2025-07-29 16:00:00+00:00,1753804800000,2025-07-29T16:00:00+00:00,5.355e-05,0.2226138
2025-07-30 00:00:00.011000+00:00,1753833600011,2025-07-30T00:00:00.011000+00:00,8.098e-05,0.22381751
2025-07-30 08:00:00+00:00,1753862400000,2025-07-30T08:00:00+00:00,5.904e-05,0.22186857
2025-07-30 16:00:00.008000+00:00,1753891200008,2025-07-30T16:00:00.008000+00:00,4.271e-05,0.22133
2025-07-31 00:00:00+00:00,1753920000000,2025-07-31T00:00:00+00:00,9.53e-05,0.21986707
2025-07-31 08:00:00.009000+00:00,1753948800009,2025-07-31T08:00:00.009000+00:00,0.0001,0.22346898
2025-07-31 16:00:00+00:00,1753977600000,2025-07-31T16:00:00+00:00,3.944e-05,0.21753167
2025-08-01 00:00:00.001000+00:00,1754006400001,2025-08-01T00:00:00.001000+00:00,7.237e-05,0.20967025
2025-08-01 08:00:00.003000+00:00,1754035200003,2025-08-01T08:00:00.003000+00:00,6.515e-05,0.20589503
2025-08-01 16:00:00+00:00,1754064000000,2025-08-01T16:00:00+00:00,7.968e-05,0.20953
2025-08-02 00:00:00.004000+00:00,1754092800004,2025-08-02T00:00:00.004000+00:00,2.347e-05,0.20086
2025-08-02 08:00:00+00:00,1754121600000,2025-08-02T08:00:00+00:00,7.798e-05,0.20007
2025-08-02 16:00:00+00:00,1754150400000,2025-08-02T16:00:00+00:00,7.945e-05,0.19450056
2025-08-03 00:00:00+00:00,1754179200000,2025-08-03T00:00:00+00:00,6.425e-05,0.19093
2025-08-03 08:00:00+00:00,1754208000000,2025-08-03T08:00:00+00:00,1.531e-05,0.1962
2025-08-03 16:00:00.003000+00:00,1754236800003,2025-08-03T16:00:00.003000+00:00,8.074e-05,0.19885
2025-08-04 00:00:00.004000+00:00,1754265600004,2025-08-04T00:00:00.004000+00:00,9.36e-05,0.19866
2025-08-04 08:00:00+00:00,1754294400000,2025-08-04T08:00:00+00:00,2.434e-05,0.20299402
2025-08-04 16:00:00.002000+00:00,1754323200002,2025-08-04T16:00:00.002000+00:00,4.07e-05,0.20376884
2025-08-05 00:00:00+00:00,1754352000000,2025-08-05T00:00:00+00:00,1.65e-05,0.2103
2025-08-05 08:00:00+00:00,1754380800000,2025-08-05T08:00:00+00:00,8.275e-05,0.20183861
2025-08-05 16:00:00+00:00,1754409600000,2025-08-05T16:00:00+00:00,1.607e-05,0.19814
2025-08-06 00:00:00.005000+00:00,1754438400005,2025-08-06T00:00:00.005000+00:00,-1.167e-05,0.19971302
2025-08-06 08:00:00+00:00,1754467200000,2025-08-06T08:00:00+00:00,2.198e-05,0.20126
2025-08-06 16:00:00+00:00,1754496000000,2025-08-06T16:00:00+00:00,6.671e-05,0.20514936
2025-08-07 00:00:00.003000+00:00,1754524800003,2025-08-07T00:00:00.003000+00:00,0.0001,0.20519318
2025-08-07 08:00:00.002000+00:00,1754553600002,2025-08-07T08:00:00.002000+00:00,0.0001,0.20566
2025-08-07 16:00:00.002000+00:00,1754582400002,2025-08-07T16:00:00.002000+00:00,0.0001,0.21425
2025-08-08 00:00:00.002000+00:00,1754611200002,2025-08-08T00:00:00.002000+00:00,4.61e-05,0.22217401
2025-08-08 08:00:00.004000+00:00,1754640000004,2025-08-08T08:00:00.004000+00:00,0.0001,0.22443
2025-08-08 16:00:00+00:00,1754668800000,2025-08-08T16:00:00+00:00,9.65e-05,0.22115
2025-08-09 00:00:00.005000+00:00,1754697600005,2025-08-09T00:00:00.005000+00:00,5.213e-05,0.23036
2025-08-09 08:00:00+00:00,1754726400000,2025-08-09T08:00:00+00:00,2.556e-05,0.23571625
2025-08-09 16:00:00.007000+00:00,1754755200007,2025-08-09T16:00:00.007000+00:00,9.99e-05,0.24071376
2025-08-10 00:00:00.003000+00:00,1754784000003,2025-08-10T00:00:00.003000+00:00,9.793e-05,0.23989607
2025-08-10 08:00:00.005000+00:00,1754812800005,2025-08-10T08:00:00.005000+00:00,0.0001,0.23235203
2025-08-10 16:00:00.002000+00:00,1754841600002,2025-08-10T16:00:00.002000+00:00,0.0001,0.23254298
2025-08-11 00:00:00+00:00,1754870400000,2025-08-11T00:00:00+00:00,0.0001,0.23377
2025-08-11 08:00:00+00:00,1754899200000,2025-08-11T08:00:00+00:00,7.432e-05,0.23333555
2025-08-11 16:00:00+00:00,1754928000000,2025-08-11T16:00:00+00:00,0.0001,0.23139024
2025-08-12 00:00:00+00:00,1754956800000,2025-08-12T00:00:00+00:00,0.0001,0.22198
2025-08-12 08:00:00.001000+00:00,1754985600001,2025-08-12T08:00:00.001000+00:00,0.0001,0.22509
2025-08-12 16:00:00.005000+00:00,1755014400005,2025-08-12T16:00:00.005000+00:00,4.695e-05,0.22945
2025-08-13 00:00:00+00:00,1755043200000,2025-08-13T00:00:00+00:00,0.0001,0.23571255
2025-08-13 08:00:00.002000+00:00,1755072000002,2025-08-13T08:00:00.002000+00:00,0.0001,0.24479829
2025-08-13 16:00:00.006000+00:00,1755100800006,2025-08-13T16:00:00.006000+00:00,0.0001,0.24119406
2025-08-14 00:00:00.002000+00:00,1755129600002,2025-08-14T00:00:00.002000+00:00,0.0001,0.24479
2025-08-14 08:00:00.003000+00:00,1755158400003,2025-08-14T08:00:00.003000+00:00,0.0001,0.2450725
2025-08-14 16:00:00+00:00,1755187200000,2025-08-14T16:00:00+00:00,0.0001,0.22531916
2025-08-15 00:00:00+00:00,1755216000000,2025-08-15T00:00:00+00:00,-6.509e-05,0.22370812
2025-08-15 08:00:00+00:00,1755244800000,2025-08-15T08:00:00+00:00,-2.987e-05,0.23054502
2025-08-15 16:00:00+00:00,1755273600000,2025-08-15T16:00:00+00:00,0.0001,0.2223
2025-08-16 00:00:00.004000+00:00,1755302400004,2025-08-16T00:00:00.004000+00:00,2.897e-05,0.22875
2025-08-16 08:00:00+00:00,1755331200000,2025-08-16T08:00:00+00:00,0.0001,0.233
2025-08-16 16:00:00.002000+00:00,1755360000002,2025-08-16T16:00:00.002000+00:00,8.389e-05,0.22854176
2025-08-17 00:00:00+00:00,1755388800000,2025-08-17T00:00:00+00:00,-5.12e-06,0.23103
2025-08-17 08:00:00.001000+00:00,1755417600001,2025-08-17T08:00:00.001000+00:00,0.0001,0.2327693
2025-08-17 16:00:00.007000+00:00,1755446400007,2025-08-17T16:00:00.007000+00:00,6.571e-05,0.24149
2025-08-18 00:00:00+00:00,1755475200000,2025-08-18T00:00:00+00:00,3.039e-05,0.23448331
2025-08-18 08:00:00.001000+00:00,1755504000001,2025-08-18T08:00:00.001000+00:00,7.1e-06,0.22168516
2025-08-18 16:00:00.002000+00:00,1755532800002,2025-08-18T16:00:00.002000+00:00,-3.96e-05,0.22351816
2025-08-19 00:00:00+00:00,1755561600000,2025-08-19T00:00:00+00:00,-1.654e-05,0.22253
2025-08-19 08:00:00.001000+00:00,1755590400001,2025-08-19T08:00:00.001000+00:00,8.678e-05,0.21766
2025-08-19 16:00:00+00:00,1755619200000,2025-08-19T16:00:00+00:00,6.159e-05,0.21431
2025-08-20 00:00:00+00:00,1755648000000,2025-08-20T00:00:00+00:00,0.0001,0.20935392
2025-08-20 08:00:00+00:00,1755676800000,2025-08-20T08:00:00+00:00,2.249e-05,0.21253
2025-08-20 16:00:00+00:00,1755705600000,2025-08-20T16:00:00+00:00,3.49e-05,0.21499
2025-08-21 00:00:00.006000+00:00,1755734400006,2025-08-21T00:00:00.006000+00:00,5.1e-05,0.2216
2025-08-21 08:00:00+00:00,1755763200000,2025-08-21T08:00:00+00:00,0.0001,0.22132
2025-08-21 16:00:00.003000+00:00,1755792000003,2025-08-21T16:00:00.003000+00:00,8.069e-05,0.21537
2025-08-22 00:00:00.010000+00:00,1755820800010,2025-08-22T00:00:00.010000+00:00,0.0001,0.21466
2025-08-22 08:00:00.007000+00:00,1755849600007,2025-08-22T08:00:00.007000+00:00,7.351e-05,0.21786233
2025-08-22 16:00:00.001000+00:00,1755878400001,2025-08-22T16:00:00.001000+00:00,8.114e-05,0.23012114
2025-08-23 00:00:00.004000+00:00,1755907200004,2025-08-23T00:00:00.004000+00:00,0.0001,0.2405
2025-08-23 08:00:00.006000+00:00,1755936000006,2025-08-23T08:00:00.006000+00:00,0.0001,0.23713317
2025-08-23 16:00:00+00:00,1755964800000,2025-08-23T16:00:00+00:00,0.0001,0.23639146
2025-08-24 00:00:00.001000+00:00,1755993600001,2025-08-24T00:00:00.001000+00:00,0.0001,0.23628293
2025-08-24 08:00:00.002000+00:00,1756022400002,2025-08-24T08:00:00.002000+00:00,0.0001,0.23215
2025-08-24 16:00:00.001000+00:00,1756051200001,2025-08-24T16:00:00.001000+00:00,7.277e-05,0.23114643
2025-08-25 00:00:00+00:00,1756080000000,2025-08-25T00:00:00+00:00,9.743e-05,0.2317706
2025-08-25 08:00:00.002000+00:00,1756108800002,2025-08-25T08:00:00.002000+00:00,4.991e-05,0.22062996
2025-08-25 16:00:00.002000+00:00,1756137600002,2025-08-25T16:00:00.002000+00:00,-2.219e-05,0.21839
2025-08-26 00:00:00+00:00,1756166400000,2025-08-26T00:00:00+00:00,-9.169e-05,0.20954
2025-08-26 08:00:00+00:00,1756195200000,2025-08-26T08:00:00+00:00,-3.787e-05,0.21114
2025-08-26 16:00:00+00:00,1756224000000,2025-08-26T16:00:00+00:00,-4.269e-05,0.2126123
2025-08-27 00:00:00.003000+00:00,1756252800003,2025-08-27T00:00:00.003000+00:00,7.187e-05,0.21833
2025-08-27 08:00:00+00:00,1756281600000,2025-08-27T08:00:00+00:00,0.0001,0.21875
2025-08-27 16:00:00.009000+00:00,1756310400009,2025-08-27T16:00:00.009000+00:00,0.0001,0.22154708
2025-08-28 00:00:00+00:00,1756339200000,2025-08-28T00:00:00+00:00,0.0001,0.2188436
2025-08-28 08:00:00.005000+00:00,1756368000005,2025-08-28T08:00:00.005000+00:00,0.0001,0.2239
2025-08-28 16:00:00.004000+00:00,1756396800004,2025-08-28T16:00:00.004000+00:00,0.0001,0.22113392
2025-08-29 00:00:00+00:00,1756425600000,2025-08-29T00:00:00+00:00,0.0001,0.22430427
2025-08-29 08:00:00+00:00,1756454400000,2025-08-29T08:00:00+00:00,9.185e-05,0.21453
2025-08-29 16:00:00.005000+00:00,1756483200005,2025-08-29T16:00:00.005000+00:00,7.561e-05,0.21316
2025-08-30 00:00:00+00:00,1756512000000,2025-08-30T00:00:00+00:00,1.584e-05,0.2138
2025-08-30 08:00:00.002000+00:00,1756540800002,2025-08-30T08:00:00.002000+00:00,0.0001,0.21717
2025-08-30 16:00:00.003000+00:00,1756569600003,2025-08-30T16:00:00.003000+00:00,0.0001,0.21595
2025-08-31 00:00:00.016000+00:00,1756598400016,2025-08-31T00:00:00.016000+00:00,0.0001,0.21586
2025-08-31 08:00:00+00:00,1756627200000,2025-08-31T08:00:00+00:00,0.0001,0.21789
2025-08-31 16:00:00.001000+00:00,1756656000001,2025-08-31T16:00:00.001000+00:00,0.0001,0.21848
2025-09-01 00:00:00+00:00,1756684800000,2025-09-01T00:00:00+00:00,9.89e-05,0.21358222
2025-09-01 08:00:00+00:00,1756713600000,2025-09-01T08:00:00+00:00,5.901e-05,0.2179
2025-09-01 16:00:00.001000+00:00,1756742400001,2025-09-01T16:00:00.001000+00:00,0.0001,0.21334168
2025-09-02 00:00:00+00:00,1756771200000,2025-09-02T00:00:00+00:00,9.92e-06,0.21063
2025-09-02 08:00:00.005000+00:00,1756800000005,2025-09-02T08:00:00.005000+00:00,0.0001,0.21221339
2025-09-02 16:00:00.007000+00:00,1756828800007,2025-09-02T16:00:00.007000+00:00,9.922e-05,0.2092806
2025-09-03 00:00:00.006000+00:00,1756857600006,2025-09-03T00:00:00.006000+00:00,0.0001,0.21481
2025-09-03 08:00:00.002000+00:00,1756886400002,2025-09-03T08:00:00.002000+00:00,0.0001,0.21602053
2025-09-03 16:00:00.002000+00:00,1756915200002,2025-09-03T16:00:00.002000+00:00,0.0001,0.21879
2025-09-04 00:00:00.002000+00:00,1756944000002,2025-09-04T00:00:00.002000+00:00,0.0001,0.22023249
2025-09-04 08:00:00+00:00,1756972800000,2025-09-04T08:00:00+00:00,5.84e-05,0.21515186
2025-09-04 16:00:00+00:00,1757001600000,2025-09-04T16:00:00+00:00,2.616e-05,0.21222897
2025-09-05 00:00:00.001000+00:00,1757030400001,2025-09-05T00:00:00.001000+00:00,1.315e-05,0.21230074
2025-09-05 08:00:00.006000+00:00,1757059200006,2025-09-05T08:00:00.006000+00:00,0.0001,0.21801988
2025-09-05 16:00:00+00:00,1757088000000,2025-09-05T16:00:00+00:00,9.07e-05,0.21409045
2025-09-06 00:00:00+00:00,1757116800000,2025-09-06T00:00:00+00:00,0.0001,0.21777546
2025-09-06 08:00:00.005000+00:00,1757145600005,2025-09-06T08:00:00.005000+00:00,8.947e-05,0.21578341
2025-09-06 16:00:00+00:00,1757174400000,2025-09-06T16:00:00+00:00,-2.299e-05,0.21377206
2025-09-07 00:00:00+00:00,1757203200000,2025-09-07T00:00:00+00:00,-5.6e-07,0.21568488
2025-09-07 08:00:00+00:00,1757232000000,2025-09-07T08:00:00+00:00,0.0001,0.2172
2025-09-07 16:00:00+00:00,1757260800000,2025-09-07T16:00:00+00:00,0.0001,0.22357081
2025-09-08 00:00:00.007000+00:00,1757289600007,2025-09-08T00:00:00.007000+00:00,9.278e-05,0.22868
2025-09-08 08:00:00+00:00,1757318400000,2025-09-08T08:00:00+00:00,8.476e-05,0.23251794
2025-09-08 16:00:00+00:00,1757347200000,2025-09-08T16:00:00+00:00,0.0001,0.2383
2025-09-09 00:00:00+00:00,1757376000000,2025-09-09T00:00:00+00:00,0.0001,0.24157
2025-09-09 08:00:00+00:00,1757404800000,2025-09-09T08:00:00+00:00,0.0001,0.24018
2025-09-09 16:00:00+00:00,1757433600000,2025-09-09T16:00:00+00:00,0.0001,0.23818
2025-09-10 00:00:00+00:00,1757462400000,2025-09-10T00:00:00+00:00,4.374e-05,0.24051
2025-09-10 08:00:00.002000+00:00,1757491200002,2025-09-10T08:00:00.002000+00:00,5.444e-05,0.24126
2025-09-10 16:00:00+00:00,1757520000000,2025-09-10T16:00:00+00:00,0.0001,0.24359
2025-09-11 00:00:00+00:00,1757548800000,2025-09-11T00:00:00+00:00,6.962e-05,0.24525711
2025-09-11 08:00:00+00:00,1757577600000,2025-09-11T08:00:00+00:00,0.0001,0.24958822
2025-09-11 16:00:00.001000+00:00,1757606400001,2025-09-11T16:00:00.001000+00:00,1.14e-05,0.24679
2025-09-12 00:00:00.002000+00:00,1757635200002,2025-09-12T00:00:00.002000+00:00,6.04e-05,0.25596497
2025-09-12 08:00:00.001000+00:00,1757664000001,2025-09-12T08:00:00.001000+00:00,0.0001,0.26005206
2025-09-12 16:00:00.005000+00:00,1757692800005,2025-09-12T16:00:00.005000+00:00,0.0001,0.26628
2025-09-13 00:00:00.005000+00:00,1757721600005,2025-09-13T00:00:00.005000+00:00,0.0001,0.27546561
2025-09-13 08:00:00.002000+00:00,1757750400002,2025-09-13T08:00:00.002000+00:00,0.0001,0.28303
2025-09-13 16:00:00+00:00,1757779200000,2025-09-13T16:00:00+00:00,0.0001,0.29694251
2025-09-14 00:00:00.006000+00:00,1757808000006,2025-09-14T00:00:00.006000+00:00,0.0001,0.28928
2025-09-14 08:00:00+00:00,1757836800000,2025-09-14T08:00:00+00:00,0.0001,0.29164417
2025-09-14 16:00:00.001000+00:00,1757865600001,2025-09-14T16:00:00.001000+00:00,0.0001,0.27380244
2025-09-15 00:00:00.006000+00:00,1757894400006,2025-09-15T00:00:00.006000+00:00,0.0001,0.27786201
2025-09-15 08:00:00.002000+00:00,1757923200002,2025-09-15T08:00:00.002000+00:00,0.0001,0.26819457
2025-09-15 16:00:00.001000+00:00,1757952000001,2025-09-15T16:00:00.001000+00:00,5.651e-05,0.26410753
2025-09-16 00:00:00.001000+00:00,1757980800001,2025-09-16T00:00:00.001000+00:00,1.87e-06,0.26818
2025-09-16 08:00:00+00:00,1758009600000,2025-09-16T08:00:00+00:00,0.0001,0.26759
2025-09-16 16:00:00+00:00,1758038400000,2025-09-16T16:00:00+00:00,2.46e-05,0.26614
2025-09-17 00:00:00.001000+00:00,1758067200001,2025-09-17T00:00:00.001000+00:00,-2.969e-05,0.26984
2025-09-17 08:00:00+00:00,1758096000000,2025-09-17T08:00:00+00:00,5.728e-05,0.26845
2025-09-17 16:00:00.003000+00:00,1758124800003,2025-09-17T16:00:00.003000+00:00,3.869e-05,0.26529
2025-09-18 00:00:00.006000+00:00,1758153600006,2025-09-18T00:00:00.006000+00:00,2.687e-05,0.28241
2025-09-18 08:00:00.002000+00:00,1758182400002,2025-09-18T08:00:00.002000+00:00,9.133e-05,0.27972
2025-09-18 16:00:00+00:00,1758211200000,2025-09-18T16:00:00+00:00,4.652e-05,0.28654399
2025-09-19 00:00:00+00:00,1758240000000,2025-09-19T00:00:00+00:00,8.947e-05,0.27839492
2025-09-19 08:00:00.005000+00:00,1758268800005,2025-09-19T08:00:00.005000+00:00,0.0001,0.275078
2025-09-19 16:00:00+00:00,1758297600000,2025-09-19T16:00:00+00:00,9.696e-05,0.26645656
2025-09-20 00:00:00+00:00,1758326400000,2025-09-20T00:00:00+00:00,-4.87e-06,0.26514729
2025-09-20 08:00:00+00:00,1758355200000,2025-09-20T08:00:00+00:00,4.131e-05,0.26643315
2025-09-20 16:00:00.002000+00:00,1758384000002,2025-09-20T16:00:00.002000+00:00,2.204e-05,0.26869045
2025-09-21 00:00:00+00:00,1758412800000,2025-09-21T00:00:00+00:00,9.41e-06,0.26747
2025-09-21 08:00:00+00:00,1758441600000,2025-09-21T08:00:00+00:00,4.324e-05,0.26808
2025-09-21 16:00:00+00:00,1758470400000,2025-09-21T16:00:00+00:00,8.203e-05,0.26551
2025-09-22 00:00:00.005000+00:00,1758499200005,2025-09-22T00:00:00.005000+00:00,2.913e-05,0.26061
2025-09-22 08:00:00.003000+00:00,1758528000003,2025-09-22T08:00:00.003000+00:00,-9.48e-06,0.2376
2025-09-22 16:00:00+00:00,1758556800000,2025-09-22T16:00:00+00:00,-2.725e-05,0.2394
2025-09-23 00:00:00+00:00,1758585600000,2025-09-23T00:00:00+00:00,2.411e-05,0.24111195
2025-09-23 08:00:00.001000+00:00,1758614400001,2025-09-23T08:00:00.001000+00:00,6.534e-05,0.24136
2025-09-23 16:00:00+00:00,1758643200000,2025-09-23T16:00:00+00:00,2.219e-05,0.24059
2025-09-24 00:00:00.003000+00:00,1758672000003,2025-09-24T00:00:00.003000+00:00,8.144e-05,0.23699
2025-09-24 08:00:00.001000+00:00,1758700800001,2025-09-24T08:00:00.001000+00:00,8.018e-05,0.23943
2025-09-24 16:00:00.002000+00:00,1758729600002,2025-09-24T16:00:00.002000+00:00,8.73e-06,0.24546523
2025-09-25 00:00:00+00:00,1758758400000,2025-09-25T00:00:00+00:00,4e-05,0.24094513
2025-09-25 08:00:00.001000+00:00,1758787200001,2025-09-25T08:00:00.001000+00:00,-1.303e-05,0.23316909
2025-09-25 16:00:00+00:00,1758816000000,2025-09-25T16:00:00+00:00,2.999e-05,0.23098
2025-09-26 00:00:00+00:00,1758844800000,2025-09-26T00:00:00+00:00,3.908e-05,0.22282
2025-09-26 08:00:00+00:00,1758873600000,2025-09-26T08:00:00+00:00,5.649e-05,0.22697261
2025-09-26 16:00:00.008000+00:00,1758902400008,2025-09-26T16:00:00.008000+00:00,0.0001,0.227177
2025-09-27 00:00:00+00:00,1758931200000,2025-09-27T00:00:00+00:00,6.492e-05,0.23232
2025-09-27 08:00:00.010000+00:00,1758960000010,2025-09-27T08:00:00.010000+00:00,0.0001,0.2310052
2025-09-27 16:00:00.003000+00:00,1758988800003,2025-09-27T16:00:00.003000+00:00,0.0001,0.23009
2025-09-28 00:00:00+00:00,1759017600000,2025-09-28T00:00:00+00:00,7.58e-05,0.23067
2025-09-28 08:00:00+00:00,1759046400000,2025-09-28T08:00:00+00:00,1.48e-05,0.22908715
2025-09-28 16:00:00+00:00,1759075200000,2025-09-28T16:00:00+00:00,2.725e-05,0.22972
2025-09-29 00:00:00+00:00,1759104000000,2025-09-29T00:00:00+00:00,0.0001,0.23722443
2025-09-29 08:00:00.002000+00:00,1759132800002,2025-09-29T08:00:00.002000+00:00,8.93e-05,0.2324315
2025-09-29 16:00:00.001000+00:00,1759161600001,2025-09-29T16:00:00.001000+00:00,-2.594e-05,0.23362
2025-09-30 00:00:00.002000+00:00,1759190400002,2025-09-30T00:00:00.002000+00:00,5.367e-05,0.23469
2025-09-30 08:00:00.005000+00:00,1759219200005,2025-09-30T08:00:00.005000+00:00,-2.92e-05,0.23194
2025-09-30 16:00:00+00:00,1759248000000,2025-09-30T16:00:00+00:00,-6.72e-05,0.22789
2025-10-01 00:00:00+00:00,1759276800000,2025-10-01T00:00:00+00:00,0.0001,0.23282
2025-10-01 08:00:00+00:00,1759305600000,2025-10-01T08:00:00+00:00,0.0001,0.23335
2025-10-01 16:00:00+00:00,1759334400000,2025-10-01T16:00:00+00:00,3.43e-05,0.24518
2025-10-02 00:00:00+00:00,1759363200000,2025-10-02T00:00:00+00:00,6.658e-05,0.24896363
2025-10-02 08:00:00.013000+00:00,1759392000013,2025-10-02T08:00:00.013000+00:00,3.522e-05,0.25578
2025-10-02 16:00:00+00:00,1759420800000,2025-10-02T16:00:00+00:00,0.0001,0.25481
2025-10-03 00:00:00.006000+00:00,1759449600006,2025-10-03T00:00:00.006000+00:00,9.988e-05,0.26190146
2025-10-03 08:00:00.006000+00:00,1759478400006,2025-10-03T08:00:00.006000+00:00,0.0001,0.25529
2025-10-03 16:00:00+00:00,1759507200000,2025-10-03T16:00:00+00:00,2.871e-05,0.2605
2025-10-04 00:00:00.001000+00:00,1759536000001,2025-10-04T00:00:00.001000+00:00,0.0001,0.25811
2025-10-04 08:00:00+00:00,1759564800000,2025-10-04T08:00:00+00:00,3.773e-05,0.25388825
2025-10-04 16:00:00+00:00,1759593600000,2025-10-04T16:00:00+00:00,-2.221e-05,0.24757
2025-10-05 00:00:00+00:00,1759622400000,2025-10-05T00:00:00+00:00,1.203e-05,0.25073337
2025-10-05 08:00:00.003000+00:00,1759651200003,2025-10-05T08:00:00.003000+00:00,0.0001,0.26391
2025-10-05 16:00:00.009000+00:00,1759680000009,2025-10-05T16:00:00.009000+00:00,0.0001,0.25623
2025-10-06 00:00:00.004000+00:00,1759708800004,2025-10-06T00:00:00.004000+00:00,-2.685e-05,0.25269947
2025-10-06 08:00:00.002000+00:00,1759737600002,2025-10-06T08:00:00.002000+00:00,5.952e-05,0.25496
2025-10-06 16:00:00.004000+00:00,1759766400004,2025-10-06T16:00:00.004000+00:00,0.0001,0.26684307
2025-10-07 00:00:00+00:00,1759795200000,2025-10-07T00:00:00+00:00,0.0001,0.26601
2025-10-07 08:00:00.003000+00:00,1759824000003,2025-10-07T08:00:00.003000+00:00,0.0001,0.26025
2025-10-07 16:00:00+00:00,1759852800000,2025-10-07T16:00:00+00:00,4.808e-05,0.25138
2025-10-08 00:00:00+00:00,1759881600000,2025-10-08T00:00:00+00:00,-3.221e-05,0.2467696
2025-10-08 08:00:00.006000+00:00,1759910400006,2025-10-08T08:00:00.006000+00:00,6.845e-05,0.2465
2025-10-08 16:00:00.002000+00:00,1759939200002,2025-10-08T16:00:00.002000+00:00,6.681e-05,0.25316
2025-10-09 00:00:00.001000+00:00,1759968000001,2025-10-09T00:00:00.001000+00:00,0.0001,0.25559179
2025-10-09 08:00:00+00:00,1759996800000,2025-10-09T08:00:00+00:00,1.365e-05,0.24718
2025-10-09 16:00:00+00:00,1760025600000,2025-10-09T16:00:00+00:00,2.15e-05,0.2446645
2025-10-10 00:00:00.005000+00:00,1760054400005,2025-10-10T00:00:00.005000+00:00,9.706e-05,0.24843
2025-10-10 08:00:00.002000+00:00,1760083200002,2025-10-10T08:00:00.002000+00:00,0.0001,0.24719
2025-10-10 16:00:00.014000+00:00,1760112000014,2025-10-10T16:00:00.014000+00:00,0.0001,0.23774
2025-10-11 00:00:00+00:00,1760140800000,2025-10-11T00:00:00+00:00,0.00045253,0.19313
2025-10-11 08:00:00.003000+00:00,1760169600003,2025-10-11T08:00:00.003000+00:00,-0.0002366,0.1911066
2025-10-11 16:00:00+00:00,1760198400000,2025-10-11T16:00:00+00:00,-0.00014742,0.19194
2025-10-12 00:00:00.004000+00:00,1760227200004,2025-10-12T00:00:00.004000+00:00,-0.00011681,0.18515
2025-10-12 08:00:00.002000+00:00,1760256000002,2025-10-12T08:00:00.002000+00:00,-0.00010444,0.1897
2025-10-12 16:00:00+00:00,1760284800000,2025-10-12T16:00:00+00:00,-3.99e-05,0.20511953
2025-10-13 00:00:00.003000+00:00,1760313600003,2025-10-13T00:00:00.003000+00:00,-2.835e-05,0.20704
2025-10-13 08:00:00.002000+00:00,1760342400002,2025-10-13T08:00:00.002000+00:00,-4.833e-05,0.20975707
2025-10-13 16:00:00.003000+00:00,1760371200003,2025-10-13T16:00:00.003000+00:00,-7.42e-06,0.20997
2025-10-14 00:00:00+00:00,1760400000000,2025-10-14T00:00:00+00:00,6.155e-05,0.21371
2025-10-14 08:00:00+00:00,1760428800000,2025-10-14T08:00:00+00:00,8.728e-05,0.19785827
2025-10-14 16:00:00+00:00,1760457600000,2025-10-14T16:00:00+00:00,-3.401e-05,0.20335238
2025-10-15 00:00:00.006000+00:00,1760486400006,2025-10-15T00:00:00.006000+00:00,2.415e-05,0.20427161
2025-10-15 08:00:00.002000+00:00,1760515200002,2025-10-15T08:00:00.002000+00:00,3.94e-05,0.20463796
2025-10-15 16:00:00+00:00,1760544000000,2025-10-15T16:00:00+00:00,-4.106e-05,0.19861196
2025-10-16 00:00:00+00:00,1760572800000,2025-10-16T00:00:00+00:00,-1.239e-05,0.19611
2025-10-16 08:00:00.003000+00:00,1760601600003,2025-10-16T08:00:00.003000+00:00,-6.104e-05,0.19733231
2025-10-16 16:00:00.002000+00:00,1760630400002,2025-10-16T16:00:00.002000+00:00,-1.36e-06,0.18930182
2025-10-17 00:00:00.001000+00:00,1760659200001,2025-10-17T00:00:00.001000+00:00,-1.077e-05,0.18837
2025-10-17 08:00:00.005000+00:00,1760688000005,2025-10-17T08:00:00.005000+00:00,-3.57e-06,0.17853
2025-10-17 16:00:00.003000+00:00,1760716800003,2025-10-17T16:00:00.003000+00:00,-1.688e-05,0.18479146
2025-10-18 00:00:00+00:00,1760745600000,2025-10-18T00:00:00+00:00,-6.348e-05,0.18463
2025-10-18 08:00:00.002000+00:00,1760774400002,2025-10-18T08:00:00.002000+00:00,-2.13e-05,0.18776
2025-10-18 16:00:00.001000+00:00,1760803200001,2025-10-18T16:00:00.001000+00:00,-8.194e-05,0.18754
2025-10-19 00:00:00.001000+00:00,1760832000001,2025-10-19T00:00:00.001000+00:00,-3.031e-05,0.18950829
2025-10-19 08:00:00.001000+00:00,1760860800001,2025-10-19T08:00:00.001000+00:00,-1.482e-05,0.18869
2025-10-19 16:00:00.001000+00:00,1760889600001,2025-10-19T16:00:00.001000+00:00,4.724e-05,0.19642
2025-10-20 00:00:00.004000+00:00,1760918400004,2025-10-20T00:00:00.004000+00:00,9.42e-05,0.19526115
2025-10-20 08:00:00.001000+00:00,1760947200001,2025-10-20T08:00:00.001000+00:00,8.284e-05,0.20117853
2025-10-20 16:00:00+00:00,1760976000000,2025-10-20T16:00:00+00:00,3.349e-05,0.19921481
2025-10-21 00:00:00.009000+00:00,1761004800009,2025-10-21T00:00:00.009000+00:00,0.0001,0.19991
2025-10-21 08:00:00+00:00,1761033600000,2025-10-21T08:00:00+00:00,2.951e-05,0.19416549
2025-10-21 16:00:00+00:00,1761062400000,2025-10-21T16:00:00+00:00,9.551e-05,0.20432
2025-10-22 00:00:00.004000+00:00,1761091200004,2025-10-22T00:00:00.004000+00:00,5.871e-05,0.19418
2025-10-22 08:00:00+00:00,1761120000000,2025-10-22T08:00:00+00:00,-8.814e-05,0.19184
2025-10-22 16:00:00+00:00,1761148800000,2025-10-22T16:00:00+00:00,-4.032e-05,0.19206
2025-10-23 00:00:00+00:00,1761177600000,2025-10-23T00:00:00+00:00,8.654e-05,0.18980197
2025-10-23 08:00:00.001000+00:00,1761206400001,2025-10-23T08:00:00.001000+00:00,2.239e-05,0.19393
2025-10-23 16:00:00.004000+00:00,1761235200004,2025-10-23T16:00:00.004000+00:00,8.653e-05,0.19542
2025-10-24 00:00:00+00:00,1761264000000,2025-10-24T00:00:00+00:00,0.0001,0.19484575
2025-10-24 08:00:00+00:00,1761292800000,2025-10-24T08:00:00+00:00,0.0001,0.19667
2025-10-24 16:00:00.009000+00:00,1761321600009,2025-10-24T16:00:00.009000+00:00,5.659e-05,0.19486
2025-10-25 00:00:00+00:00,1761350400000,2025-10-25T00:00:00+00:00,0.0001,0.1976881
2025-10-25 08:00:00.001000+00:00,1761379200001,2025-10-25T08:00:00.001000+00:00,0.0001,0.19789297
2025-10-25 16:00:00.001000+00:00,1761408000001,2025-10-25T16:00:00.001000+00:00,7.87e-05,0.1961687
2025-10-26 00:00:00.001000+00:00,1761436800001,2025-10-26T00:00:00.001000+00:00,3.381e-05,0.19641998
2025-10-26 08:00:00.001000+00:00,1761465600001,2025-10-26T08:00:00.001000+00:00,2.4e-07,0.1966
2025-10-26 16:00:00+00:00,1761494400000,2025-10-26T16:00:00+00:00,0.0001,0.20301
2025-10-27 00:00:00+00:00,1761523200000,2025-10-27T00:00:00+00:00,0.0001,0.20573
2025-10-27 08:00:00.005000+00:00,1761552000005,2025-10-27T08:00:00.005000+00:00,0.0001,0.20623
2025-10-27 16:00:00+00:00,1761580800000,2025-10-27T16:00:00+00:00,4.055e-05,0.20291
2025-10-28 00:00:00+00:00,1761609600000,2025-10-28T00:00:00+00:00,9.691e-05,0.2003
2025-10-28 08:00:00+00:00,1761638400000,2025-10-28T08:00:00+00:00,6.89e-06,0.20022267
2025-10-28 16:00:00.004000+00:00,1761667200004,2025-10-28T16:00:00.004000+00:00,-3.8e-06,0.19965544
2025-10-29 00:00:00.004000+00:00,1761696000004,2025-10-29T00:00:00.004000+00:00,-7.161e-05,0.19352525
2025-10-29 08:00:00.005000+00:00,1761724800005,2025-10-29T08:00:00.005000+00:00,-0.00011307,0.19424703
2025-10-29 16:00:00+00:00,1761753600000,2025-10-29T16:00:00+00:00,-3.614e-05,0.19101
2025-10-30 00:00:00.004000+00:00,1761782400004,2025-10-30T00:00:00.004000+00:00,7.491e-05,0.19228684
2025-10-30 08:00:00.008000+00:00,1761811200008,2025-10-30T08:00:00.008000+00:00,-2.011e-05,0.19256
2025-10-30 16:00:00.001000+00:00,1761840000001,2025-10-30T16:00:00.001000+00:00,-0.00011438,0.18058
2025-10-31 00:00:00+00:00,1761868800000,2025-10-31T00:00:00+00:00,-0.00014643,0.18256
2025-10-31 08:00:00.008000+00:00,1761897600008,2025-10-31T08:00:00.008000+00:00,7.208e-05,0.18441
2025-10-31 16:00:00.007000+00:00,1761926400007,2025-10-31T16:00:00.007000+00:00,2.53e-06,0.18592328
2025-11-01 00:00:00.001000+00:00,1761955200001,2025-11-01T00:00:00.001000+00:00,6.001e-05,0.18635
2025-11-01 08:00:00+00:00,1761984000000,2025-11-01T08:00:00+00:00,6.47e-05,0.187
2025-11-01 16:00:00+00:00,1762012800000,2025-11-01T16:00:00+00:00,9.233e-05,0.18724
2025-11-02 00:00:00.007000+00:00,1762041600007,2025-11-02T00:00:00.007000+00:00,5.004e-05,0.18726
2025-11-02 08:00:00+00:00,1762070400000,2025-11-02T08:00:00+00:00,5.038e-05,0.18813
2025-11-02 16:00:00.001000+00:00,1762099200001,2025-11-02T16:00:00.001000+00:00,2.611e-05,0.18335728
2025-11-03 00:00:00+00:00,1762128000000,2025-11-03T00:00:00+00:00,8.18e-05,0.18629763
2025-11-03 08:00:00.010000+00:00,1762156800010,2025-11-03T08:00:00.010000+00:00,-0.0001308,0.17342677
2025-11-03 16:00:00+00:00,1762185600000,2025-11-03T16:00:00+00:00,-0.00010886,0.16689
2025-11-04 00:00:00.002000+00:00,1762214400002,2025-11-04T00:00:00.002000+00:00,3.099e-05,0.16733236
2025-11-04 08:00:00.004000+00:00,1762243200004,2025-11-04T08:00:00.004000+00:00,3.14e-05,0.16192
2025-11-04 16:00:00+00:00,1762272000000,2025-11-04T16:00:00+00:00,8.12e-05,0.16388
2025-11-05 00:00:00+00:00,1762300800000,2025-11-05T00:00:00+00:00,9.842e-05,0.16217392
2025-11-05 08:00:00+00:00,1762329600000,2025-11-05T08:00:00+00:00,9.22e-05,0.16484
2025-11-05 16:00:00.004000+00:00,1762358400004,2025-11-05T16:00:00.004000+00:00,-4.63e-06,0.16720865
2025-11-06 00:00:00.001000+00:00,1762387200001,2025-11-06T00:00:00.001000+00:00,-3.123e-05,0.16713
2025-11-06 08:00:00+00:00,1762416000000,2025-11-06T08:00:00+00:00,4.926e-05,0.16318615
2025-11-06 16:00:00.001000+00:00,1762444800001,2025-11-06T16:00:00.001000+00:00,-2.664e-05,0.15910929
2025-11-07 00:00:00.005000+00:00,1762473600005,2025-11-07T00:00:00.005000+00:00,2.685e-05,0.16155735
2025-11-07 08:00:00.003000+00:00,1762502400003,2025-11-07T08:00:00.003000+00:00,0.0001,0.16693136
2025-11-07 16:00:00.005000+00:00,1762531200005,2025-11-07T16:00:00.005000+00:00,0.0001,0.16894596
2025-11-08 00:00:00.011000+00:00,1762560000011,2025-11-08T00:00:00.011000+00:00,0.0001,0.17873173
2025-11-08 08:00:00.015000+00:00,1762588800015,2025-11-08T08:00:00.015000+00:00,0.0001,0.18013013
2025-11-08 16:00:00.001000+00:00,1762617600001,2025-11-08T16:00:00.001000+00:00,8.754e-05,0.17391374
2025-11-09 00:00:00.004000+00:00,1762646400004,2025-11-09T00:00:00.004000+00:00,-7.8e-06,0.17597
2025-11-09 08:00:00+00:00,1762675200000,2025-11-09T08:00:00+00:00,6.61e-05,0.17512382
2025-11-09 16:00:00.005000+00:00,1762704000005,2025-11-09T16:00:00.005000+00:00,-5.37e-06,0.178
2025-11-10 00:00:00+00:00,1762732800000,2025-11-10T00:00:00+00:00,7.881e-05,0.17922
2025-11-10 08:00:00+00:00,1762761600000,2025-11-10T08:00:00+00:00,5.265e-05,0.18123223
2025-11-10 16:00:00.003000+00:00,1762790400003,2025-11-10T16:00:00.003000+00:00,-1.329e-05,0.17915
2025-11-11 00:00:00.007000+00:00,1762819200007,2025-11-11T00:00:00.007000+00:00,1.817e-05,0.1817
2025-11-11 08:00:00+00:00,1762848000000,2025-11-11T08:00:00+00:00,-4.993e-05,0.17631249
2025-11-11 16:00:00.009000+00:00,1762876800009,2025-11-11T16:00:00.009000+00:00,6.972e-05,0.17609143
2025-11-12 00:00:00+00:00,1762905600000,2025-11-12T00:00:00+00:00,1.502e-05,0.17198
2025-11-12 08:00:00.002000+00:00,1762934400002,2025-11-12T08:00:00.002000+00:00,8e-08,0.17133462
2025-11-12 16:00:00+00:00,1762963200000,2025-11-12T16:00:00+00:00,5.875e-05,0.17130101
2025-11-13 00:00:00.002000+00:00,1762992000002,2025-11-13T00:00:00.002000+00:00,-3.942e-05,0.17009
2025-11-13 08:00:00+00:00,1763020800000,2025-11-13T08:00:00+00:00,6.768e-05,0.17567194
2025-11-13 16:00:00.001000+00:00,1763049600001,2025-11-13T16:00:00.001000+00:00,0.0001,0.17270865
2025-11-14 00:00:00+00:00,1763078400000,2025-11-14T00:00:00+00:00,-0.00012823,0.16374541
2025-11-14 08:00:00+00:00,1763107200000,2025-11-14T08:00:00+00:00,5.129e-05,0.16501
2025-11-14 16:00:00.001000+00:00,1763136000001,2025-11-14T16:00:00.001000+00:00,6.219e-05,0.1628
2025-11-15 00:00:00.005000+00:00,1763164800005,2025-11-15T00:00:00.005000+00:00,-2.683e-05,0.157582
2025-11-15 08:00:00+00:00,1763193600000,2025-11-15T08:00:00+00:00,0.0001,0.16298
2025-11-15 16:00:00.001000+00:00,1763222400001,2025-11-15T16:00:00.001000+00:00,9.089e-05,0.16304
2025-11-16 00:00:00.001000+00:00,1763251200001,2025-11-16T00:00:00.001000+00:00,0.0001,0.16309
2025-11-16 08:00:00+00:00,1763280000000,2025-11-16T08:00:00+00:00,6.791e-05,0.16400096
2025-11-16 16:00:00+00:00,1763308800000,2025-11-16T16:00:00+00:00,-1.359e-05,0.15852
2025-11-17 00:00:00.003000+00:00,1763337600003,2025-11-17T00:00:00.003000+00:00,-1.494e-05,0.15850822
2025-11-17 08:00:00.003000+00:00,1763366400003,2025-11-17T08:00:00.003000+00:00,9.451e-05,0.16177549
2025-11-17 16:00:00+00:00,1763395200000,2025-11-17T16:00:00+00:00,9.084e-05,0.15835448
2025-11-18 00:00:00.002000+00:00,1763424000002,2025-11-18T00:00:00.002000+00:00,-0.00010361,0.15205
2025-11-18 08:00:00.004000+00:00,1763452800004,2025-11-18T08:00:00.004000+00:00,0.0001,0.15503
2025-11-18 16:00:00+00:00,1763481600000,2025-11-18T16:00:00+00:00,0.0001,0.15915
2025-11-19 00:00:00+00:00,1763510400000,2025-11-19T00:00:00+00:00,0.0001,0.16168
2025-11-19 08:00:00+00:00,1763539200000,2025-11-19T08:00:00+00:00,7.834e-05,0.15885
2025-11-19 16:00:00.008000+00:00,1763568000008,2025-11-19T16:00:00.008000+00:00,6.143e-05,0.15446
2025-11-20 00:00:00+00:00,1763596800000,2025-11-20T00:00:00+00:00,-4.22e-05,0.15453
2025-11-20 08:00:00+00:00,1763625600000,2025-11-20T08:00:00+00:00,0.0001,0.15816
2025-11-20 16:00:00+00:00,1763654400000,2025-11-20T16:00:00+00:00,0.0001,0.15735
2025-11-21 00:00:00.001000+00:00,1763683200001,2025-11-21T00:00:00.001000+00:00,-7.973e-05,0.14888
2025-11-21 08:00:00+00:00,1763712000000,2025-11-21T08:00:00+00:00,-8.081e-05,0.1402981
2025-11-21 16:00:00.001000+00:00,1763740800001,2025-11-21T16:00:00.001000+00:00,2.428e-05,0.13788
2025-11-22 00:00:00.004000+00:00,1763769600004,2025-11-22T00:00:00.004000+00:00,2.808e-05,0.14022528
2025-11-22 08:00:00+00:00,1763798400000,2025-11-22T08:00:00+00:00,1.63e-05,0.13960447
2025-11-22 16:00:00+00:00,1763827200000,2025-11-22T16:00:00+00:00,-5.02e-06,0.13812
2025-11-23 00:00:00+00:00,1763856000000,2025-11-23T00:00:00+00:00,4.6e-05,0.14018837
2025-11-23 08:00:00.008000+00:00,1763884800008,2025-11-23T08:00:00.008000+00:00,-7.686e-05,0.14283236
2025-11-23 16:00:00.003000+00:00,1763913600003,2025-11-23T16:00:00.003000+00:00,1.193e-05,0.14717
2025-11-24 00:00:00.004000+00:00,1763942400004,2025-11-24T00:00:00.004000+00:00,-2.885e-05,0.14495657
2025-11-24 08:00:00+00:00,1763971200000,2025-11-24T08:00:00+00:00,7.5e-06,0.14618
2025-11-24 16:00:00.006000+00:00,1764000000006,2025-11-24T16:00:00.006000+00:00,8.181e-05,0.14675
2025-11-25 00:00:00+00:00,1764028800000,2025-11-25T00:00:00+00:00,9.329e-05,0.15174627
2025-11-25 08:00:00.009000+00:00,1764057600009,2025-11-25T08:00:00.009000+00:00,2.867e-05,0.1492
2025-11-25 16:00:00.007000+00:00,1764086400007,2025-11-25T16:00:00.007000+00:00,-3.973e-05,0.14791
2025-11-26 00:00:00.001000+00:00,1764115200001,2025-11-26T00:00:00.001000+00:00,9.307e-05,0.15295
2025-11-26 08:00:00.001000+00:00,1764144000001,2025-11-26T08:00:00.001000+00:00,1.977e-05,0.15232813
2025-11-26 16:00:00+00:00,1764172800000,2025-11-26T16:00:00+00:00,-2.489e-05,0.15062
2025-11-27 00:00:00.013000+00:00,1764201600013,2025-11-27T00:00:00.013000+00:00,0.0001,0.15467
2025-11-27 08:00:00+00:00,1764230400000,2025-11-27T08:00:00+00:00,-5.7e-06,0.15417324
2025-11-27 16:00:00.004000+00:00,1764259200004,2025-11-27T16:00:00.004000+00:00,-3.123e-05,0.1539
2025-11-28 00:00:00.008000+00:00,1764288000008,2025-11-28T00:00:00.008000+00:00,-8.81e-06,0.15256448
2025-11-28 08:00:00+00:00,1764316800000,2025-11-28T08:00:00+00:00,-4.313e-05,0.14976469
2025-11-28 16:00:00.008000+00:00,1764345600008,2025-11-28T16:00:00.008000+00:00,3.33e-06,0.15367
2025-11-29 00:00:00+00:00,1764374400000,2025-11-29T00:00:00+00:00,-1.539e-05,0.15010201
2025-11-29 08:00:00.005000+00:00,1764403200005,2025-11-29T08:00:00.005000+00:00,3.616e-05,0.14897
2025-11-29 16:00:00.001000+00:00,1764432000001,2025-11-29T16:00:00.001000+00:00,1.85e-06,0.14940136
2025-11-30 00:00:00.003000+00:00,1764460800003,2025-11-30T00:00:00.003000+00:00,6.812e-05,0.14829
2025-11-30 08:00:00+00:00,1764489600000,2025-11-30T08:00:00+00:00,6.599e-05,0.14918369
2025-11-30 16:00:00.004000+00:00,1764518400004,2025-11-30T16:00:00.004000+00:00,-7.4e-07,0.1493
2025-12-01 00:00:00+00:00,1764547200000,2025-12-01T00:00:00+00:00,-4.318e-05,0.14592296
2025-12-01 08:00:00.004000+00:00,1764576000004,2025-12-01T08:00:00.004000+00:00,-9.221e-05,0.1376435
2025-12-01 16:00:00+00:00,1764604800000,2025-12-01T16:00:00+00:00,-6.697e-05,0.13379528
2025-12-02 00:00:00.004000+00:00,1764633600004,2025-12-02T00:00:00.004000+00:00,-0.00011936,0.13538282
2025-12-02 08:00:00+00:00,1764662400000,2025-12-02T08:00:00+00:00,-3.572e-05,0.13554
2025-12-02 16:00:00+00:00,1764691200000,2025-12-02T16:00:00+00:00,-6.62e-06,0.14627
2025-12-03 00:00:00+00:00,1764720000000,2025-12-03T00:00:00+00:00,9.97e-05,0.14570909
2025-12-03 08:00:00+00:00,1764748800000,2025-12-03T08:00:00+00:00,5.609e-05,0.15045
2025-12-03 16:00:00.005000+00:00,1764777600005,2025-12-03T16:00:00.005000+00:00,7.413e-05,0.14911386
2025-12-04 00:00:00.012000+00:00,1764806400012,2025-12-04T00:00:00.012000+00:00,7.079e-05,0.15161647
2025-12-04 08:00:00+00:00,1764835200000,2025-12-04T08:00:00+00:00,8.828e-05,0.14981
2025-12-04 16:00:00.011000+00:00,1764864000011,2025-12-04T16:00:00.011000+00:00,9.58e-05,0.15016
2025-12-05 00:00:00+00:00,1764892800000,2025-12-05T00:00:00+00:00,9.105e-05,0.14734
2025-12-05 08:00:00+00:00,1764921600000,2025-12-05T08:00:00+00:00,4.694e-05,0.14739062
2025-12-05 16:00:00.010000+00:00,1764950400010,2025-12-05T16:00:00.010000+00:00,1.716e-05,0.14245128
2025-12-06 00:00:00.001000+00:00,1764979200001,2025-12-06T00:00:00.001000+00:00,-0.00010042,0.13947
2025-12-06 08:00:00.001000+00:00,1765008000001,2025-12-06T08:00:00.001000+00:00,-3.412e-05,0.13922
2025-12-06 16:00:00.008000+00:00,1765036800008,2025-12-06T16:00:00.008000+00:00,-3.965e-05,0.13952
2025-12-07 00:00:00+00:00,1765065600000,2025-12-07T00:00:00+00:00,5.305e-05,0.1397
2025-12-07 08:00:00.004000+00:00,1765094400004,2025-12-07T08:00:00.004000+00:00,-3.949e-05,0.13942
2025-12-07 16:00:00+00:00,1765123200000,2025-12-07T16:00:00+00:00,-1.193e-05,0.13923419
2025-12-08 00:00:00+00:00,1765152000000,2025-12-08T00:00:00+00:00,-1.48e-05,0.13859
2025-12-08 08:00:00+00:00,1765180800000,2025-12-08T08:00:00+00:00,8.003e-05,0.14214307
2025-12-08 16:00:00.001000+00:00,1765209600001,2025-12-08T16:00:00.001000+00:00,9.172e-05,0.14240326
2025-12-09 00:00:00.001000+00:00,1765238400001,2025-12-09T00:00:00.001000+00:00,0.0001,0.14254
2025-12-09 08:00:00.001000+00:00,1765267200001,2025-12-09T08:00:00.001000+00:00,5.875e-05,0.14071139
2025-12-09 16:00:00.007000+00:00,1765296000007,2025-12-09T16:00:00.007000+00:00,5.382e-05,0.14624
2025-12-10 00:00:00.007000+00:00,1765324800007,2025-12-10T00:00:00.007000+00:00,0.0001,0.14789
2025-12-10 08:00:00.002000+00:00,1765353600002,2025-12-10T08:00:00.002000+00:00,-1.941e-05,0.14662
2025-12-10 16:00:00.012000+00:00,1765382400012,2025-12-10T16:00:00.012000+00:00,-1.34e-06,0.14510038
2025-12-11 00:00:00.001000+00:00,1765411200001,2025-12-11T00:00:00.001000+00:00,4.415e-05,0.14328015
2025-12-11 08:00:00+00:00,1765440000000,2025-12-11T08:00:00+00:00,-8.866e-05,0.13803579
2025-12-11 16:00:00+00:00,1765468800000,2025-12-11T16:00:00+00:00,-7.076e-05,0.13705907
2025-12-12 00:00:00.005000+00:00,1765497600005,2025-12-12T00:00:00.005000+00:00,5.894e-05,0.14028
2025-12-12 08:00:00.007000+00:00,1765526400007,2025-12-12T08:00:00.007000+00:00,2.417e-05,0.14054
2025-12-12 16:00:00.002000+00:00,1765555200002,2025-12-12T16:00:00.002000+00:00,3.936e-05,0.13556664
2025-12-13 00:00:00.001000+00:00,1765584000001,2025-12-13T00:00:00.001000+00:00,-8.071e-05,0.13684382
2025-12-13 08:00:00.006000+00:00,1765612800006,2025-12-13T08:00:00.006000+00:00,4.469e-05,0.1377
2025-12-13 16:00:00+00:00,1765641600000,2025-12-13T16:00:00+00:00,8.276e-05,0.13943823
2025-12-14 00:00:00+00:00,1765670400000,2025-12-14T00:00:00+00:00,0.0001,0.13897
2025-12-14 08:00:00.003000+00:00,1765699200003,2025-12-14T08:00:00.003000+00:00,4.352e-05,0.13819
2025-12-14 16:00:00.005000+00:00,1765728000005,2025-12-14T16:00:00.005000+00:00,-1.158e-05,0.1353914
2025-12-15 00:00:00+00:00,1765756800000,2025-12-15T00:00:00+00:00,-8.026e-05,0.134
2025-12-15 08:00:00+00:00,1765785600000,2025-12-15T08:00:00+00:00,5.18e-05,0.13626139
2025-12-15 16:00:00+00:00,1765814400000,2025-12-15T16:00:00+00:00,-4.43e-06,0.13065
2025-12-16 00:00:00.002000+00:00,1765843200002,2025-12-16T00:00:00.002000+00:00,-0.00012442,0.12968
2025-12-16 08:00:00+00:00,1765872000000,2025-12-16T08:00:00+00:00,1.14e-06,0.12836
2025-12-16 16:00:00.002000+00:00,1765900800002,2025-12-16T16:00:00.002000+00:00,4.903e-05,0.13261
2025-12-17 00:00:00.004000+00:00,1765929600004,2025-12-17T00:00:00.004000+00:00,3.811e-05,0.13171
2025-12-17 08:00:00+00:00,1765958400000,2025-12-17T08:00:00+00:00,7.406e-05,0.13082248
2025-12-17 16:00:00+00:00,1765987200000,2025-12-17T16:00:00+00:00,5.487e-05,0.12988
2025-12-18 00:00:00.005000+00:00,1766016000005,2025-12-18T00:00:00.005000+00:00,-2.463e-05,0.12626975
2025-12-18 08:00:00.007000+00:00,1766044800007,2025-12-18T08:00:00.007000+00:00,-5.158e-05,0.12477
2025-12-18 16:00:00.001000+00:00,1766073600001,2025-12-18T16:00:00.001000+00:00,8.293e-05,0.12947
2025-12-19 00:00:00+00:00,1766102400000,2025-12-19T00:00:00+00:00,-3.22e-05,0.12197837
2025-12-19 08:00:00.001000+00:00,1766131200001,2025-12-19T08:00:00.001000+00:00,5.932e-05,0.1279
2025-12-19 16:00:00+00:00,1766160000000,2025-12-19T16:00:00+00:00,0.0001,0.12957185
2025-12-20 00:00:00.005000+00:00,1766188800005,2025-12-20T00:00:00.005000+00:00,8.939e-05,0.13215694
2025-12-20 08:00:00+00:00,1766217600000,2025-12-20T08:00:00+00:00,2.889e-05,0.13150474
2025-12-20 16:00:00.002000+00:00,1766246400002,2025-12-20T16:00:00.002000+00:00,6.068e-05,0.13205
2025-12-21 00:00:00+00:00,1766275200000,2025-12-21T00:00:00+00:00,7.082e-05,0.13188
2025-12-21 08:00:00.009000+00:00,1766304000009,2025-12-21T08:00:00.009000+00:00,2.93e-05,0.1313
2025-12-21 16:00:00+00:00,1766332800000,2025-12-21T16:00:00+00:00,1.089e-05,0.12946522
2025-12-22 00:00:00+00:00,1766361600000,2025-12-22T00:00:00+00:00,-1.261e-05,0.13106
2025-12-22 08:00:00.005000+00:00,1766390400005,2025-12-22T08:00:00.005000+00:00,1.239e-05,0.13203333
2025-12-22 16:00:00.009000+00:00,1766419200009,2025-12-22T16:00:00.009000+00:00,5.548e-05,0.13434
2025-12-23 00:00:00+00:00,1766448000000,2025-12-23T00:00:00+00:00,-1.65e-05,0.13249
2025-12-23 08:00:00+00:00,1766476800000,2025-12-23T08:00:00+00:00,6.691e-05,0.13040546
2025-12-23 16:00:00.001000+00:00,1766505600001,2025-12-23T16:00:00.001000+00:00,1.593e-05,0.12942216
2025-12-24 00:00:00.001000+00:00,1766534400001,2025-12-24T00:00:00.001000+00:00,4.177e-05,0.12923
2025-12-24 08:00:00.001000+00:00,1766563200001,2025-12-24T08:00:00.001000+00:00,4.037e-05,0.12702
2025-12-24 16:00:00+00:00,1766592000000,2025-12-24T16:00:00+00:00,1.289e-05,0.12832898
2025-12-25 00:00:00+00:00,1766620800000,2025-12-25T00:00:00+00:00,0.0001,0.12849
2025-12-25 08:00:00.001000+00:00,1766649600001,2025-12-25T08:00:00.001000+00:00,6.815e-05,0.12788
2025-12-25 16:00:00.005000+00:00,1766678400005,2025-12-25T16:00:00.005000+00:00,-2.609e-05,0.12757
2025-12-26 00:00:00.004000+00:00,1766707200004,2025-12-26T00:00:00.004000+00:00,4.282e-05,0.1235748
2025-12-26 08:00:00.001000+00:00,1766736000001,2025-12-26T08:00:00.001000+00:00,6.091e-05,0.12532
2025-12-26 16:00:00.007000+00:00,1766764800007,2025-12-26T16:00:00.007000+00:00,-3.004e-05,0.12206
2025-12-27 00:00:00+00:00,1766793600000,2025-12-27T00:00:00+00:00,-8.976e-05,0.12206
2025-12-27 08:00:00+00:00,1766822400000,2025-12-27T08:00:00+00:00,2.54e-05,0.12264766
2025-12-27 16:00:00.011000+00:00,1766851200011,2025-12-27T16:00:00.011000+00:00,5.477e-05,0.12297411
2025-12-28 00:00:00.008000+00:00,1766880000008,2025-12-28T00:00:00.008000+00:00,3.66e-06,0.12431
2025-12-28 08:00:00+00:00,1766908800000,2025-12-28T08:00:00+00:00,8.404e-05,0.12409
2025-12-28 16:00:00+00:00,1766937600000,2025-12-28T16:00:00+00:00,5.826e-05,0.12421
2025-12-29 00:00:00.016000+00:00,1766966400016,2025-12-29T00:00:00.016000+00:00,4.2e-06,0.1238849
2025-12-29 08:00:00.001000+00:00,1766995200001,2025-12-29T08:00:00.001000+00:00,0.0001,0.1271
2025-12-29 16:00:00+00:00,1767024000000,2025-12-29T16:00:00+00:00,-1.906e-05,0.12403
2025-12-30 00:00:00.005000+00:00,1767052800005,2025-12-30T00:00:00.005000+00:00,-7.613e-05,0.1228
2025-12-30 08:00:00.001000+00:00,1767081600001,2025-12-30T08:00:00.001000+00:00,-5.154e-05,0.12365
2025-12-30 16:00:00.003000+00:00,1767110400003,2025-12-30T16:00:00.003000+00:00,8.116e-05,0.12449
2025-12-31 00:00:00.004000+00:00,1767139200004,2025-12-31T00:00:00.004000+00:00,-1.727e-05,0.12328505
2025-12-31 08:00:00.001000+00:00,1767168000001,2025-12-31T08:00:00.001000+00:00,-5.672e-05,0.12332
2025-12-31 16:00:00.001000+00:00,1767196800001,2025-12-31T16:00:00.001000+00:00,-4.87e-06,0.12109
2026-01-01 00:00:00.008000+00:00,1767225600008,2026-01-01T00:00:00.008000+00:00,-9.368e-05,0.11741
2026-01-01 08:00:00.002000+00:00,1767254400002,2026-01-01T08:00:00.002000+00:00,-2.743e-05,0.11838102
2026-01-01 16:00:00.001000+00:00,1767283200001,2026-01-01T16:00:00.001000+00:00,0.0001,0.12463
2026-01-02 00:00:00.006000+00:00,1767312000006,2026-01-02T00:00:00.006000+00:00,0.0001,0.12679294
2026-01-02 08:00:00.007000+00:00,1767340800007,2026-01-02T08:00:00.007000+00:00,0.0001,0.1279
2026-01-02 16:00:00+00:00,1767369600000,2026-01-02T16:00:00+00:00,0.0001,0.13524
2026-01-03 00:00:00.001000+00:00,1767398400001,2026-01-03T00:00:00.001000+00:00,0.0001,0.14183488
2026-01-03 08:00:00+00:00,1767427200000,2026-01-03T08:00:00+00:00,0.0001,0.13998
2026-01-03 16:00:00+00:00,1767456000000,2026-01-03T16:00:00+00:00,0.0001,0.14221147
2026-01-04 00:00:00+00:00,1767484800000,2026-01-04T00:00:00+00:00,0.0001,0.14308133
2026-01-04 08:00:00+00:00,1767513600000,2026-01-04T08:00:00+00:00,0.0001,0.15143388
2026-01-04 16:00:00.001000+00:00,1767542400001,2026-01-04T16:00:00.001000+00:00,0.0001,0.15139315
2026-01-05 00:00:00+00:00,1767571200000,2026-01-05T00:00:00+00:00,0.0001,0.14945899
2026-01-05 08:00:00+00:00,1767600000000,2026-01-05T08:00:00+00:00,5.494e-05,0.14992586
2026-01-05 16:00:00+00:00,1767628800000,2026-01-05T16:00:00+00:00,3.678e-05,0.14878639
2026-01-06 00:00:00.010000+00:00,1767657600010,2026-01-06T00:00:00.010000+00:00,8.963e-05,0.15165706
2026-01-06 08:00:00+00:00,1767686400000,2026-01-06T08:00:00+00:00,3.508e-05,0.1495
2026-01-06 16:00:00+00:00,1767715200000,2026-01-06T16:00:00+00:00,5.316e-05,0.14990483
2026-01-07 00:00:00.001000+00:00,1767744000001,2026-01-07T00:00:00.001000+00:00,7.807e-05,0.15049
2026-01-07 08:00:00.001000+00:00,1767772800001,2026-01-07T08:00:00.001000+00:00,5.284e-05,0.14899
2026-01-07 16:00:00.001000+00:00,1767801600001,2026-01-07T16:00:00.001000+00:00,4.783e-05,0.14605221
2026-01-08 00:00:00.001000+00:00,1767830400001,2026-01-08T00:00:00.001000+00:00,6.238e-05,0.14633
2026-01-08 08:00:00+00:00,1767859200000,2026-01-08T08:00:00+00:00,8.702e-05,0.14392
2026-01-08 16:00:00+00:00,1767888000000,2026-01-08T16:00:00+00:00,3.5e-06,0.14181233
2026-01-09 00:00:00.003000+00:00,1767916800003,2026-01-09T00:00:00.003000+00:00,4.733e-05,0.14189
2026-01-09 08:00:00+00:00,1767945600000,2026-01-09T08:00:00+00:00,4.77e-06,0.1419
2026-01-09 16:00:00.001000+00:00,1767974400001,2026-01-09T16:00:00.001000+00:00,2.259e-05,0.14205
2026-01-10 00:00:00+00:00,1768003200000,2026-01-10T00:00:00+00:00,2.896e-05,0.14065797
2026-01-10 08:00:00.002000+00:00,1768032000002,2026-01-10T08:00:00.002000+00:00,3.999e-05,0.14031515
2026-01-10 16:00:00.001000+00:00,1768060800001,2026-01-10T16:00:00.001000+00:00,-6.39e-06,0.13992687
2026-01-11 00:00:00.003000+00:00,1768089600003,2026-01-11T00:00:00.003000+00:00,5.36e-06,0.13958042
2026-01-11 08:00:00.006000+00:00,1768118400006,2026-01-11T08:00:00.006000+00:00,9.517e-05,0.13995289
2026-01-11 16:00:00+00:00,1768147200000,2026-01-11T16:00:00+00:00,9.3e-07,0.13808
2026-01-12 00:00:00.005000+00:00,1768176000005,2026-01-12T00:00:00.005000+00:00,-4.23e-06,0.13795
2026-01-12 08:00:00+00:00,1768204800000,2026-01-12T08:00:00+00:00,1.844e-05,0.13785
2026-01-12 16:00:00+00:00,1768233600000,2026-01-12T16:00:00+00:00,1.627e-05,0.13841624
2026-01-13 00:00:00.007000+00:00,1768262400007,2026-01-13T00:00:00.007000+00:00,-2.02e-06,0.13654
2026-01-13 08:00:00.009000+00:00,1768291200009,2026-01-13T08:00:00.009000+00:00,7.289e-05,0.13858596
2026-01-13 16:00:00.002000+00:00,1768320000002,2026-01-13T16:00:00.002000+00:00,0.0001,0.14205721
2026-01-14 00:00:00+00:00,1768348800000,2026-01-14T00:00:00+00:00,0.0001,0.14822
2026-01-14 08:00:00.001000+00:00,1768377600001,2026-01-14T08:00:00.001000+00:00,0.0001,0.14841116
2026-01-14 16:00:00.004000+00:00,1768406400004,2026-01-14T16:00:00.004000+00:00,8.885e-05,0.14891
2026-01-15 00:00:00+00:00,1768435200000,2026-01-15T00:00:00+00:00,7.726e-05,0.14712244
2026-01-15 08:00:00.004000+00:00,1768464000004,2026-01-15T08:00:00.004000+00:00,-1.98e-05,0.1441
2026-01-15 16:00:00.002000+00:00,1768492800002,2026-01-15T16:00:00.002000+00:00,1.2e-06,0.14209
2026-01-16 00:00:00+00:00,1768521600000,2026-01-16T00:00:00+00:00,-3.042e-05,0.13997901
2026-01-16 08:00:00+00:00,1768550400000,2026-01-16T08:00:00+00:00,2.522e-05,0.13994128
2026-01-16 16:00:00.001000+00:00,1768579200001,2026-01-16T16:00:00.001000+00:00,-3.83e-06,0.13595
2026-01-17 00:00:00+00:00,1768608000000,2026-01-17T00:00:00+00:00,-3.47e-05,0.13805271
2026-01-17 08:00:00+00:00,1768636800000,2026-01-17T08:00:00+00:00,-1.522e-05,0.13725
2026-01-17 16:00:00.002000+00:00,1768665600002,2026-01-17T16:00:00.002000+00:00,-1.609e-05,0.13946642
2026-01-18 00:00:00.001000+00:00,1768694400001,2026-01-18T00:00:00.001000+00:00,3.375e-05,0.13782836
2026-01-18 08:00:00+00:00,1768723200000,2026-01-18T08:00:00+00:00,-1.312e-05,0.13708
2026-01-18 16:00:00+00:00,1768752000000,2026-01-18T16:00:00+00:00,-6.9e-07,0.13651
2026-01-19 00:00:00.007000+00:00,1768780800007,2026-01-19T00:00:00.007000+00:00,2.438e-05,0.13158228
2026-01-19 08:00:00.007000+00:00,1768809600007,2026-01-19T08:00:00.007000+00:00,-1.481e-05,0.12713
2026-01-19 16:00:00.007000+00:00,1768838400007,2026-01-19T16:00:00.007000+00:00,-2.592e-05,0.12774046
2026-01-20 00:00:00.005000+00:00,1768867200005,2026-01-20T00:00:00.005000+00:00,7.602e-05,0.12909
2026-01-20 08:00:00.001000+00:00,1768896000001,2026-01-20T08:00:00.001000+00:00,4.471e-05,0.12671
2026-01-20 16:00:00.009000+00:00,1768924800009,2026-01-20T16:00:00.009000+00:00,1.121e-05,0.12515404
2026-01-21 00:00:00.001000+00:00,1768953600001,2026-01-21T00:00:00.001000+00:00,-9.23e-06,0.12329168
2026-01-21 08:00:00.011000+00:00,1768982400011,2026-01-21T08:00:00.011000+00:00,2.726e-05,0.12492428
2026-01-21 16:00:00.011000+00:00,1769011200011,2026-01-21T16:00:00.011000+00:00,-2.782e-05,0.12631337
2026-01-22 00:00:00.010000+00:00,1769040000010,2026-01-22T00:00:00.010000+00:00,6.287e-05,0.1264511
2026-01-22 08:00:00.003000+00:00,1769068800003,2026-01-22T08:00:00.003000+00:00,5.905e-05,0.12605
2026-01-22 16:00:00.005000+00:00,1769097600005,2026-01-22T16:00:00.005000+00:00,7.77e-06,0.12426229
2026-01-23 00:00:00.005000+00:00,1769126400005,2026-01-23T00:00:00.005000+00:00,-2.751e-05,0.12431
2026-01-23 08:00:00+00:00,1769155200000,2026-01-23T08:00:00+00:00,2.076e-05,0.12500672
2026-01-23 16:00:00.011000+00:00,1769184000011,2026-01-23T16:00:00.011000+00:00,-3.507e-05,0.12464
2026-01-24 00:00:00.011000+00:00,1769212800011,2026-01-24T00:00:00.011000+00:00,2.791e-05,0.12471
2026-01-24 08:00:00.002000+00:00,1769241600002,2026-01-24T08:00:00.002000+00:00,5.92e-06,0.1241229
2026-01-24 16:00:00.001000+00:00,1769270400001,2026-01-24T16:00:00.001000+00:00,4.335e-05,0.12363265
2026-01-25 00:00:00.002000+00:00,1769299200002,2026-01-25T00:00:00.002000+00:00,5.142e-05,0.12415205
2026-01-25 08:00:00.011000+00:00,1769328000011,2026-01-25T08:00:00.011000+00:00,-5.83e-06,0.12294
2026-01-25 16:00:00.005000+00:00,1769356800005,2026-01-25T16:00:00.005000+00:00,-4.02e-05,0.12223081
2026-01-26 00:00:00+00:00,1769385600000,2026-01-26T00:00:00+00:00,-0.00010208,0.11938175
2026-01-26 08:00:00.003000+00:00,1769414400003,2026-01-26T08:00:00.003000+00:00,5.045e-05,0.12168
2026-01-26 16:00:00+00:00,1769443200000,2026-01-26T16:00:00+00:00,2.82e-06,0.12219
2026-01-27 00:00:00.002000+00:00,1769472000002,2026-01-27T00:00:00.002000+00:00,2.538e-05,0.12228
2026-01-27 08:00:00+00:00,1769500800000,2026-01-27T08:00:00+00:00,-3.757e-05,0.12211176
2026-01-27 16:00:00+00:00,1769529600000,2026-01-27T16:00:00+00:00,1.586e-05,0.12294394
2026-01-28 00:00:00+00:00,1769558400000,2026-01-28T00:00:00+00:00,8.395e-05,0.12614
2026-01-28 08:00:00+00:00,1769587200000,2026-01-28T08:00:00+00:00,7.658e-05,0.12548
2026-01-28 16:00:00+00:00,1769616000000,2026-01-28T16:00:00+00:00,6.919e-05,0.12456566
2026-01-29 00:00:00+00:00,1769644800000,2026-01-29T00:00:00+00:00,0.0001,0.12495346
2026-01-29 08:00:00.009000+00:00,1769673600009,2026-01-29T08:00:00.009000+00:00,-1.937e-05,0.12194
2026-01-29 16:00:00+00:00,1769702400000,2026-01-29T16:00:00+00:00,-8.92e-05,0.11612
2026-01-30 00:00:00.008000+00:00,1769731200008,2026-01-30T00:00:00.008000+00:00,-0.00016899,0.11720962
2026-01-30 08:00:00+00:00,1769760000000,2026-01-30T08:00:00+00:00,-0.00011255,0.11449102
2026-01-30 16:00:00.001000+00:00,1769788800001,2026-01-30T16:00:00.001000+00:00,-3.928e-05,0.11603817
2026-01-31 00:00:00+00:00,1769817600000,2026-01-31T00:00:00+00:00,2.929e-05,0.11576
2026-01-31 08:00:00.001000+00:00,1769846400001,2026-01-31T08:00:00.001000+00:00,-8.74e-06,0.11274
2026-01-31 16:00:00.009000+00:00,1769875200009,2026-01-31T16:00:00.009000+00:00,-0.00019169,0.1067
2026-02-01 00:00:00.001000+00:00,1769904000001,2026-02-01T00:00:00.001000+00:00,-0.00026033,0.1041777
2026-02-01 08:00:00.004000+00:00,1769932800004,2026-02-01T08:00:00.004000+00:00,-0.00010038,0.10574902
2026-02-01 16:00:00+00:00,1769961600000,2026-02-01T16:00:00+00:00,3.141e-05,0.10405
2026-02-02 00:00:00+00:00,1769990400000,2026-02-02T00:00:00+00:00,-4.013e-05,0.10421
2026-02-02 08:00:00.014000+00:00,1770019200014,2026-02-02T08:00:00.014000+00:00,-4.36e-06,0.10305
2026-02-02 16:00:00+00:00,1770048000000,2026-02-02T16:00:00+00:00,-3.823e-05,0.10947
2026-02-03 00:00:00+00:00,1770076800000,2026-02-03T00:00:00+00:00,-0.00011637,0.10785
2026-02-03 08:00:00.007000+00:00,1770105600007,2026-02-03T08:00:00.007000+00:00,-3.432e-05,0.10819303
2026-02-03 16:00:00+00:00,1770134400000,2026-02-03T16:00:00+00:00,-6.983e-05,0.1101
2026-02-04 00:00:00.002000+00:00,1770163200002,2026-02-04T00:00:00.002000+00:00,2.147e-05,0.10595404
2026-02-04 08:00:00.007000+00:00,1770192000007,2026-02-04T08:00:00.007000+00:00,1.271e-05,0.10841
2026-02-04 16:00:00+00:00,1770220800000,2026-02-04T16:00:00+00:00,-7.29e-05,0.10339
2026-02-05 00:00:00.011000+00:00,1770249600011,2026-02-05T00:00:00.011000+00:00,1.451e-05,0.10378
2026-02-05 08:00:00+00:00,1770278400000,2026-02-05T08:00:00+00:00,8.32e-06,0.10111
2026-02-05 16:00:00.007000+00:00,1770307200007,2026-02-05T16:00:00.007000+00:00,-4.738e-05,0.09416
2026-02-06 00:00:00+00:00,1770336000000,2026-02-06T00:00:00+00:00,-9.981e-05,0.08842538
2026-02-06 08:00:00.001000+00:00,1770364800001,2026-02-06T08:00:00.001000+00:00,-6.742e-05,0.09068
2026-02-06 16:00:00+00:00,1770393600000,2026-02-06T16:00:00+00:00,-0.00012569,0.09637
2026-02-07 00:00:00.003000+00:00,1770422400003,2026-02-07T00:00:00.003000+00:00,5.24e-06,0.09841215
2026-02-07 08:00:00+00:00,1770451200000,2026-02-07T08:00:00+00:00,3.26e-06,0.09583396
2026-02-07 16:00:00.010000+00:00,1770480000010,2026-02-07T16:00:00.010000+00:00,6.01e-05,0.09678
2026-02-08 00:00:00.003000+00:00,1770508800003,2026-02-08T00:00:00.003000+00:00,3.901e-05,0.09819
2026-02-08 08:00:00+00:00,1770537600000,2026-02-08T08:00:00+00:00,-1.745e-05,0.09682
2026-02-08 16:00:00+00:00,1770566400000,2026-02-08T16:00:00+00:00,-8.154e-05,0.09727
2026-02-09 00:00:00.002000+00:00,1770595200002,2026-02-09T00:00:00.002000+00:00,-5.827e-05,0.09657
2026-02-09 08:00:00.001000+00:00,1770624000001,2026-02-09T08:00:00.001000+00:00,-6.378e-05,0.0952786
2026-02-09 16:00:00.007000+00:00,1770652800007,2026-02-09T16:00:00.007000+00:00,1.055e-05,0.09517
2026-02-10 00:00:00+00:00,1770681600000,2026-02-10T00:00:00+00:00,4.066e-05,0.09607259
2026-02-10 08:00:00.007000+00:00,1770710400007,2026-02-10T08:00:00.007000+00:00,-4.048e-05,0.09361
2026-02-10 16:00:00+00:00,1770739200000,2026-02-10T16:00:00+00:00,-0.0001043,0.09299
2026-02-11 00:00:00+00:00,1770768000000,2026-02-11T00:00:00+00:00,-1.465e-05,0.09272
2026-02-11 08:00:00.006000+00:00,1770796800006,2026-02-11T08:00:00.006000+00:00,-6.827e-05,0.09050766
2026-02-11 16:00:00+00:00,1770825600000,2026-02-11T16:00:00+00:00,-7.003e-05,0.08898
2026-02-12 00:00:00+00:00,1770854400000,2026-02-12T00:00:00+00:00,-1.19e-05,0.091061
2026-02-12 08:00:00.001000+00:00,1770883200001,2026-02-12T08:00:00.001000+00:00,-5.85e-06,0.09291346
2026-02-12 16:00:00.001000+00:00,1770912000001,2026-02-12T16:00:00.001000+00:00,9.84e-06,0.09319
2026-02-13 00:00:00.007000+00:00,1770940800007,2026-02-13T00:00:00.007000+00:00,2.145e-05,0.09295409
2026-02-13 08:00:00.003000+00:00,1770969600003,2026-02-13T08:00:00.003000+00:00,7.096e-05,0.093
2026-02-13 16:00:00.005000+00:00,1770998400005,2026-02-13T16:00:00.005000+00:00,1.059e-05,0.09529714
2026-02-14 00:00:00.002000+00:00,1771027200002,2026-02-14T00:00:00.002000+00:00,3.844e-05,0.09666542
2026-02-14 08:00:00.004000+00:00,1771056000004,2026-02-14T08:00:00.004000+00:00,2.143e-05,0.0965131
2026-02-14 16:00:00.002000+00:00,1771084800002,2026-02-14T16:00:00.002000+00:00,6.395e-05,0.10394
2026-02-15 00:00:00+00:00,1771113600000,2026-02-15T00:00:00+00:00,7.85e-05,0.11099449
2026-02-15 08:00:00.002000+00:00,1771142400002,2026-02-15T08:00:00.002000+00:00,1.861e-05,0.11602
2026-02-15 16:00:00+00:00,1771171200000,2026-02-15T16:00:00+00:00,8.451e-05,0.10771
2026-02-16 00:00:00.001000+00:00,1771200000001,2026-02-16T00:00:00.001000+00:00,-7.155e-05,0.10262
2026-02-16 08:00:00.003000+00:00,1771228800003,2026-02-16T08:00:00.003000+00:00,-6.847e-05,0.10196392
2026-02-16 16:00:00+00:00,1771257600000,2026-02-16T16:00:00+00:00,-8.315e-05,0.0995009
2026-02-17 00:00:00.008000+00:00,1771286400008,2026-02-17T00:00:00.008000+00:00,-7.616e-05,0.10097
2026-02-17 08:00:00.001000+00:00,1771315200001,2026-02-17T08:00:00.001000+00:00,-3.879e-05,0.09972
2026-02-17 16:00:00.002000+00:00,1771344000002,2026-02-17T16:00:00.002000+00:00,7.71e-06,0.10044
2026-02-18 00:00:00+00:00,1771372800000,2026-02-18T00:00:00+00:00,-7.484e-05,0.10061
2026-02-18 08:00:00+00:00,1771401600000,2026-02-18T08:00:00+00:00,-8.343e-05,0.10137
2026-02-18 16:00:00.011000+00:00,1771430400011,2026-02-18T16:00:00.011000+00:00,-1.407e-05,0.10105
2026-02-19 00:00:00.013000+00:00,1771459200013,2026-02-19T00:00:00.013000+00:00,-4.235e-05,0.0985
2026-02-19 08:00:00+00:00,1771488000000,2026-02-19T08:00:00+00:00,-6.52e-06,0.09830018
2026-02-19 16:00:00.003000+00:00,1771516800003,2026-02-19T16:00:00.003000+00:00,1.999e-05,0.0968
2026-02-20 00:00:00+00:00,1771545600000,2026-02-20T00:00:00+00:00,5.58e-05,0.09832
2026-02-20 08:00:00+00:00,1771574400000,2026-02-20T08:00:00+00:00,-4.929e-05,0.09855054
2026-02-20 16:00:00+00:00,1771603200000,2026-02-20T16:00:00+00:00,-2.488e-05,0.10026
2026-02-21 00:00:00.004000+00:00,1771632000004,2026-02-21T00:00:00.004000+00:00,-2.2e-07,0.10005002
2026-02-21 08:00:00+00:00,1771660800000,2026-02-21T08:00:00+00:00,2.851e-05,0.10004
2026-02-21 16:00:00.005000+00:00,1771689600005,2026-02-21T16:00:00.005000+00:00,-0.00011933,0.09996167
2026-02-22 00:00:00.001000+00:00,1771718400001,2026-02-22T00:00:00.001000+00:00,-6.956e-05,0.09838619
2026-02-22 08:00:00.004000+00:00,1771747200004,2026-02-22T08:00:00.004000+00:00,-9.87e-05,0.09724475
2026-02-22 16:00:00+00:00,1771776000000,2026-02-22T16:00:00+00:00,-8.514e-05,0.0957
2026-02-23 00:00:00.001000+00:00,1771804800001,2026-02-23T00:00:00.001000+00:00,-8.585e-05,0.09552
2026-02-23 08:00:00+00:00,1771833600000,2026-02-23T08:00:00+00:00,-3.756e-05,0.09483
2026-02-23 16:00:00+00:00,1771862400000,2026-02-23T16:00:00+00:00,5.811e-05,0.09493076
2026-02-24 00:00:00.007000+00:00,1771891200007,2026-02-24T00:00:00.007000+00:00,-2.14e-05,0.09262108
2026-02-24 08:00:00+00:00,1771920000000,2026-02-24T08:00:00+00:00,-6.498e-05,0.0912
2026-02-24 16:00:00.001000+00:00,1771948800001,2026-02-24T16:00:00.001000+00:00,-2.699e-05,0.09172155
2026-02-25 00:00:00.001000+00:00,1771977600001,2026-02-25T00:00:00.001000+00:00,3.966e-05,0.09132
2026-02-25 08:00:00.007000+00:00,1772006400007,2026-02-25T08:00:00.007000+00:00,-9.097e-05,0.09278599
2026-02-25 16:00:00+00:00,1772035200000,2026-02-25T16:00:00+00:00,8.098e-05,0.10155046
2026-02-26 00:00:00+00:00,1772064000000,2026-02-26T00:00:00+00:00,0.0001,0.1009297
2026-02-26 08:00:00.006000+00:00,1772092800006,2026-02-26T08:00:00.006000+00:00,-2.959e-05,0.09952
2026-02-26 16:00:00.002000+00:00,1772121600002,2026-02-26T16:00:00.002000+00:00,-3.64e-06,0.09855335
2026-02-27 00:00:00.007000+00:00,1772150400007,2026-02-27T00:00:00.007000+00:00,-1.476e-05,0.09695
2026-02-27 08:00:00+00:00,1772179200000,2026-02-27T08:00:00+00:00,-2.79e-06,0.09837175
2026-02-27 16:00:00.001000+00:00,1772208000001,2026-02-27T16:00:00.001000+00:00,-4.753e-05,0.09397688
2026-02-28 00:00:00+00:00,1772236800000,2026-02-28T00:00:00+00:00,-0.00010157,0.09332001
2026-02-28 08:00:00+00:00,1772265600000,2026-02-28T08:00:00+00:00,-0.00010511,0.08929519
2026-02-28 16:00:00.004000+00:00,1772294400004,2026-02-28T16:00:00.004000+00:00,-0.00010575,0.09074
2026-03-01 00:00:00.005000+00:00,1772323200005,2026-03-01T00:00:00.005000+00:00,-3.797e-05,0.09401408
2026-03-01 08:00:00+00:00,1772352000000,2026-03-01T08:00:00+00:00,5.895e-05,0.0948
2026-03-01 16:00:00.002000+00:00,1772380800002,2026-03-01T16:00:00.002000+00:00,2.982e-05,0.0938
2026-03-02 00:00:00.001000+00:00,1772409600001,2026-03-02T00:00:00.001000+00:00,4.6e-06,0.09185
2026-03-02 08:00:00.007000+00:00,1772438400007,2026-03-02T08:00:00.007000+00:00,3.702e-05,0.09169
2026-03-02 16:00:00+00:00,1772467200000,2026-03-02T16:00:00+00:00,-4.13e-06,0.09563219
2026-03-03 00:00:00+00:00,1772496000000,2026-03-03T00:00:00+00:00,8.053e-05,0.09352522
2026-03-03 08:00:00+00:00,1772524800000,2026-03-03T08:00:00+00:00,-0.00011761,0.0913038
2026-03-03 16:00:00.007000+00:00,1772553600007,2026-03-03T16:00:00.007000+00:00,-0.00017465,0.09015
2026-03-04 00:00:00.001000+00:00,1772582400001,2026-03-04T00:00:00.001000+00:00,-0.00018443,0.08992399
2026-03-04 08:00:00.005000+00:00,1772611200005,2026-03-04T08:00:00.005000+00:00,-8.762e-05,0.09010515
2026-03-04 16:00:00+00:00,1772640000000,2026-03-04T16:00:00+00:00,8.455e-05,0.09899
2026-03-05 00:00:00+00:00,1772668800000,2026-03-05T00:00:00+00:00,0.0001,0.09891235
2026-03-05 08:00:00+00:00,1772697600000,2026-03-05T08:00:00+00:00,1.045e-05,0.09565
2026-03-05 16:00:00.004000+00:00,1772726400004,2026-03-05T16:00:00.004000+00:00,-6.87e-05,0.09423
2026-03-06 00:00:00.001000+00:00,1772755200001,2026-03-06T00:00:00.001000+00:00,4.964e-05,0.09353674
2026-03-06 08:00:00.001000+00:00,1772784000001,2026-03-06T08:00:00.001000+00:00,-9.969e-05,0.09394
2026-03-06 16:00:00.004000+00:00,1772812800004,2026-03-06T16:00:00.004000+00:00,-0.00012658,0.09019492
2026-03-07 00:00:00.001000+00:00,1772841600001,2026-03-07T00:00:00.001000+00:00,-0.00012826,0.09123
2026-03-07 08:00:00.012000+00:00,1772870400012,2026-03-07T08:00:00.012000+00:00,-1.661e-05,0.09053
2026-03-07 16:00:00.001000+00:00,1772899200001,2026-03-07T16:00:00.001000+00:00,-0.00014095,0.08995806
2026-03-08 00:00:00.001000+00:00,1772928000001,2026-03-08T00:00:00.001000+00:00,-0.00011339,0.08987
2026-03-08 08:00:00+00:00,1772956800000,2026-03-08T08:00:00+00:00,-0.00013641,0.08927215
2026-03-08 16:00:00.002000+00:00,1772985600002,2026-03-08T16:00:00.002000+00:00,-0.00016514,0.08866175
2026-03-09 00:00:00+00:00,1773014400000,2026-03-09T00:00:00+00:00,-0.00013484,0.08908878
2026-03-09 08:00:00.004000+00:00,1773043200004,2026-03-09T08:00:00.004000+00:00,-1.365e-05,0.0899337
2026-03-09 16:00:00.003000+00:00,1773072000003,2026-03-09T16:00:00.003000+00:00,-8.71e-06,0.09108207
2026-03-10 00:00:00.012000+00:00,1773100800012,2026-03-10T00:00:00.012000+00:00,-8.843e-05,0.09043502
2026-03-10 08:00:00.002000+00:00,1773129600002,2026-03-10T08:00:00.002000+00:00,-8.741e-05,0.09228
2026-03-10 16:00:00.001000+00:00,1773158400001,2026-03-10T16:00:00.001000+00:00,0.0001,0.09911989
2026-03-11 00:00:00+00:00,1773187200000,2026-03-11T00:00:00+00:00,9.159e-05,0.09447
2026-03-11 08:00:00.007000+00:00,1773216000007,2026-03-11T08:00:00.007000+00:00,-0.00010238,0.09189
2026-03-11 16:00:00.010000+00:00,1773244800010,2026-03-11T16:00:00.010000+00:00,-0.00011309,0.09231
2026-03-12 00:00:00+00:00,1773273600000,2026-03-12T00:00:00+00:00,-7.38e-06,0.09284
2026-03-12 08:00:00+00:00,1773302400000,2026-03-12T08:00:00+00:00,-0.00016651,0.09284
2026-03-12 16:00:00+00:00,1773331200000,2026-03-12T16:00:00+00:00,7.767e-05,0.09406
2026-03-13 00:00:00.006000+00:00,1773360000006,2026-03-13T00:00:00.006000+00:00,6.599e-05,0.0947
2026-03-13 08:00:00.001000+00:00,1773388800001,2026-03-13T08:00:00.001000+00:00,4.334e-05,0.09647
2026-03-13 16:00:00+00:00,1773417600000,2026-03-13T16:00:00+00:00,0.0001,0.09795789
2026-03-14 00:00:00.001000+00:00,1773446400001,2026-03-14T00:00:00.001000+00:00,0.0001,0.09592
2026-03-14 08:00:00+00:00,1773475200000,2026-03-14T08:00:00+00:00,9.015e-05,0.09458005
2026-03-14 16:00:00.007000+00:00,1773504000007,2026-03-14T16:00:00.007000+00:00,-7.5e-06,0.09487526
2026-03-15 00:00:00+00:00,1773532800000,2026-03-15T00:00:00+00:00,8.8e-06,0.09598478
2026-03-15 08:00:00+00:00,1773561600000,2026-03-15T08:00:00+00:00,-5.212e-05,0.09557
2026-03-15 16:00:00+00:00,1773590400000,2026-03-15T16:00:00+00:00,-4.953e-05,0.09492837
2026-03-16 00:00:00+00:00,1773619200000,2026-03-16T00:00:00+00:00,1.7e-07,0.09735
2026-03-16 08:00:00.010000+00:00,1773648000010,2026-03-16T08:00:00.010000+00:00,0.0001,0.102
2026-03-16 16:00:00+00:00,1773676800000,2026-03-16T16:00:00+00:00,0.0001,0.10004
2026-03-17 00:00:00+00:00,1773705600000,2026-03-17T00:00:00+00:00,0.0001,0.10299402
2026-03-17 08:00:00.002000+00:00,1773734400002,2026-03-17T08:00:00.002000+00:00,3.476e-05,0.1004811
2026-03-17 16:00:00.011000+00:00,1773763200011,2026-03-17T16:00:00.011000+00:00,-1.451e-05,0.09961581
2026-03-18 00:00:00.002000+00:00,1773792000002,2026-03-18T00:00:00.002000+00:00,6.063e-05,0.10012
2026-03-18 08:00:00.002000+00:00,1773820800002,2026-03-18T08:00:00.002000+00:00,7.262e-05,0.0995067
2026-03-18 16:00:00.005000+00:00,1773849600005,2026-03-18T16:00:00.005000+00:00,-8.87e-05,0.0943072
2026-03-19 00:00:00+00:00,1773878400000,2026-03-19T00:00:00+00:00,-5.717e-05,0.0952
2026-03-19 08:00:00.003000+00:00,1773907200003,2026-03-19T08:00:00.003000+00:00,3.931e-05,0.09433
2026-03-19 16:00:00.003000+00:00,1773936000003,2026-03-19T16:00:00.003000+00:00,-4.674e-05,0.09282
2026-03-20 00:00:00.002000+00:00,1773964800002,2026-03-20T00:00:00.002000+00:00,-5.902e-05,0.09349
2026-03-20 08:00:00+00:00,1773993600000,2026-03-20T08:00:00+00:00,-1.404e-05,0.09402623
2026-03-20 16:00:00+00:00,1774022400000,2026-03-20T16:00:00+00:00,-2.568e-05,0.09417
2026-03-21 00:00:00+00:00,1774051200000,2026-03-21T00:00:00+00:00,8.06e-06,0.09413
2026-03-21 08:00:00+00:00,1774080000000,2026-03-21T08:00:00+00:00,-6.038e-05,0.09431015
2026-03-21 16:00:00.014000+00:00,1774108800014,2026-03-21T16:00:00.014000+00:00,-7.184e-05,0.09459582
2026-03-22 00:00:00.012000+00:00,1774137600012,2026-03-22T00:00:00.012000+00:00,-7.41e-05,0.09129593
2026-03-22 08:00:00.007000+00:00,1774166400007,2026-03-22T08:00:00.007000+00:00,-3.507e-05,0.09128467
2026-03-22 16:00:00.002000+00:00,1774195200002,2026-03-22T16:00:00.002000+00:00,-4.447e-05,0.09158182
2026-03-23 00:00:00+00:00,1774224000000,2026-03-23T00:00:00+00:00,-0.00011686,0.0900991
2026-03-23 08:00:00.003000+00:00,1774252800003,2026-03-23T08:00:00.003000+00:00,-4.453e-05,0.09039
2026-03-23 16:00:00.002000+00:00,1774281600002,2026-03-23T16:00:00.002000+00:00,-5.97e-06,0.09376092
2026-03-24 00:00:00+00:00,1774310400000,2026-03-24T00:00:00+00:00,0.0001,0.09409
2026-03-24 08:00:00+00:00,1774339200000,2026-03-24T08:00:00+00:00,1.168e-05,0.09521
2026-03-24 16:00:00.003000+00:00,1774368000003,2026-03-24T16:00:00.003000+00:00,-3.422e-05,0.09331334
2026-03-25 00:00:00+00:00,1774396800000,2026-03-25T00:00:00+00:00,6.472e-05,0.09506073
2026-03-25 08:00:00+00:00,1774425600000,2026-03-25T08:00:00+00:00,0.0001,0.09677
2026-03-25 16:00:00.013000+00:00,1774454400013,2026-03-25T16:00:00.013000+00:00,0.0001,0.09592974
2026-03-26 00:00:00.001000+00:00,1774483200001,2026-03-26T00:00:00.001000+00:00,8.915e-05,0.09613
2026-03-26 08:00:00.001000+00:00,1774512000001,2026-03-26T08:00:00.001000+00:00,-5.046e-05,0.09269
2026-03-26 16:00:00+00:00,1774540800000,2026-03-26T16:00:00+00:00,-0.00011762,0.09090565
2026-03-27 00:00:00.006000+00:00,1774569600006,2026-03-27T00:00:00.006000+00:00,-6.496e-05,0.09201
2026-03-27 08:00:00+00:00,1774598400000,2026-03-27T08:00:00+00:00,8.57e-06,0.09217179
2026-03-27 16:00:00+00:00,1774627200000,2026-03-27T16:00:00+00:00,-0.00011541,0.09030981
2026-03-28 00:00:00.005000+00:00,1774656000005,2026-03-28T00:00:00.005000+00:00,-0.00010329,0.09005
2026-03-28 08:00:00.005000+00:00,1774684800005,2026-03-28T08:00:00.005000+00:00,-3.903e-05,0.09117
2026-03-28 16:00:00+00:00,1774713600000,2026-03-28T16:00:00+00:00,0.0001,0.09400018
2026-03-29 00:00:00.003000+00:00,1774742400003,2026-03-29T00:00:00.003000+00:00,7.74e-05,0.0909255
2026-03-29 08:00:00.001000+00:00,1774771200001,2026-03-29T08:00:00.001000+00:00,-4.965e-05,0.09114
2026-03-29 16:00:00+00:00,1774800000000,2026-03-29T16:00:00+00:00,-6.654e-05,0.09011
2026-03-30 00:00:00+00:00,1774828800000,2026-03-30T00:00:00+00:00,-2.588e-05,0.09039137
2026-03-30 08:00:00.005000+00:00,1774857600005,2026-03-30T08:00:00.005000+00:00,0.0001,0.09332
2026-03-30 16:00:00+00:00,1774886400000,2026-03-30T16:00:00+00:00,0.0001,0.09287
2026-03-31 00:00:00+00:00,1774915200000,2026-03-31T00:00:00+00:00,-7.58e-05,0.09078055
2026-03-31 08:00:00+00:00,1774944000000,2026-03-31T08:00:00+00:00,5.413e-05,0.09123
2026-03-31 16:00:00+00:00,1774972800000,2026-03-31T16:00:00+00:00,-3.312e-05,0.09038
2026-04-01 00:00:00+00:00,1775001600000,2026-04-01T00:00:00+00:00,0.0001,0.09228
2026-04-01 08:00:00+00:00,1775030400000,2026-04-01T08:00:00+00:00,0.0001,0.09323
2026-04-01 16:00:00+00:00,1775059200000,2026-04-01T16:00:00+00:00,-2.23e-06,0.09302
2026-04-02 00:00:00.003000+00:00,1775088000003,2026-04-02T00:00:00.003000+00:00,9.762e-05,0.09215799
2026-04-02 08:00:00.001000+00:00,1775116800001,2026-04-02T08:00:00.001000+00:00,-0.00013452,0.09020241
2026-04-02 16:00:00.001000+00:00,1775145600001,2026-04-02T16:00:00.001000+00:00,-2.289e-05,0.09029
2026-04-03 00:00:00+00:00,1775174400000,2026-04-03T00:00:00+00:00,1.761e-05,0.09035515
2026-04-03 08:00:00.008000+00:00,1775203200008,2026-04-03T08:00:00.008000+00:00,0.0001,0.09112255
2026-04-03 16:00:00.008000+00:00,1775232000008,2026-04-03T16:00:00.008000+00:00,0.0001,0.09148
2026-04-04 00:00:00+00:00,1775260800000,2026-04-04T00:00:00+00:00,0.0001,0.09151896
2026-04-04 08:00:00.003000+00:00,1775289600003,2026-04-04T08:00:00.003000+00:00,-3.09e-05,0.09132
2026-04-04 16:00:00+00:00,1775318400000,2026-04-04T16:00:00+00:00,-5.133e-05,0.09172077
2026-04-05 00:00:00.008000+00:00,1775347200008,2026-04-05T00:00:00.008000+00:00,0.0001,0.09203
2026-04-05 08:00:00+00:00,1775376000000,2026-04-05T08:00:00+00:00,-5.838e-05,0.09003815
2026-04-05 16:00:00.001000+00:00,1775404800001,2026-04-05T16:00:00.001000+00:00,-8.998e-05,0.09062848
2026-04-06 00:00:00.004000+00:00,1775433600004,2026-04-06T00:00:00.004000+00:00,8.06e-05,0.09234
2026-04-06 08:00:00.001000+00:00,1775462400001,2026-04-06T08:00:00.001000+00:00,0.0001,0.09205371
2026-04-06 16:00:00.003000+00:00,1775491200003,2026-04-06T16:00:00.003000+00:00,0.0001,0.09279
2026-04-07 00:00:00+00:00,1775520000000,2026-04-07T00:00:00+00:00,-4.248e-05,0.09053692
2026-04-07 08:00:00+00:00,1775548800000,2026-04-07T08:00:00+00:00,-8.483e-05,0.09057159
2026-04-07 16:00:00+00:00,1775577600000,2026-04-07T16:00:00+00:00,-4.725e-05,0.09035
2026-04-08 00:00:00+00:00,1775606400000,2026-04-08T00:00:00+00:00,0.0001,0.0949
2026-04-08 08:00:00+00:00,1775635200000,2026-04-08T08:00:00+00:00,0.0001,0.09455
2026-04-08 16:00:00.006000+00:00,1775664000006,2026-04-08T16:00:00.006000+00:00,0.0001,0.09338
2026-04-09 00:00:00+00:00,1775692800000,2026-04-09T00:00:00+00:00,5.606e-05,0.0923601
2026-04-09 08:00:00.010000+00:00,1775721600010,2026-04-09T08:00:00.010000+00:00,-5.032e-05,0.09134614
2026-04-09 16:00:00.001000+00:00,1775750400001,2026-04-09T16:00:00.001000+00:00,-5.276e-05,0.09285
2026-04-10 00:00:00+00:00,1775779200000,2026-04-10T00:00:00+00:00,0.0001,0.09256
2026-04-10 08:00:00.005000+00:00,1775808000005,2026-04-10T08:00:00.005000+00:00,-2.501e-05,0.09223741
2026-04-10 16:00:00+00:00,1775836800000,2026-04-10T16:00:00+00:00,3.933e-05,0.09329
2026-04-11 00:00:00+00:00,1775865600000,2026-04-11T00:00:00+00:00,0.0001,0.09365102
2026-04-11 08:00:00+00:00,1775894400000,2026-04-11T08:00:00+00:00,-4.554e-05,0.09284188
2026-04-11 16:00:00.003000+00:00,1775923200003,2026-04-11T16:00:00.003000+00:00,-6.403e-05,0.09270274
2026-04-12 00:00:00+00:00,1775952000000,2026-04-12T00:00:00+00:00,0.0001,0.09304
2026-04-12 08:00:00+00:00,1775980800000,2026-04-12T08:00:00+00:00,-8.132e-05,0.09133439
2026-04-12 16:00:00+00:00,1776009600000,2026-04-12T16:00:00+00:00,-9.99e-05,0.09059206
2026-04-13 00:00:00.011000+00:00,1776038400011,2026-04-13T00:00:00.011000+00:00,-5.95e-05,0.09078593
2026-04-13 08:00:00.006000+00:00,1776067200006,2026-04-13T08:00:00.006000+00:00,-4.679e-05,0.09084
2026-04-13 16:00:00+00:00,1776096000000,2026-04-13T16:00:00+00:00,7.985e-05,0.09167105
2026-04-14 00:00:00.005000+00:00,1776124800005,2026-04-14T00:00:00.005000+00:00,0.0001,0.09409
2026-04-14 08:00:00.003000+00:00,1776153600003,2026-04-14T08:00:00.003000+00:00,4.455e-05,0.09356
2026-04-14 16:00:00.001000+00:00,1776182400001,2026-04-14T16:00:00.001000+00:00,0.0001,0.09538
2026-04-15 00:00:00+00:00,1776211200000,2026-04-15T00:00:00+00:00,-2.485e-05,0.0929
2026-04-15 08:00:00+00:00,1776240000000,2026-04-15T08:00:00+00:00,-2.616e-05,0.09276298
2026-04-15 16:00:00+00:00,1776268800000,2026-04-15T16:00:00+00:00,9.84e-06,0.09353256
2026-04-16 00:00:00.013000+00:00,1776297600013,2026-04-16T00:00:00.013000+00:00,0.0001,0.09486
2026-04-16 08:00:00+00:00,1776326400000,2026-04-16T08:00:00+00:00,0.0001,0.09644313
2026-04-16 16:00:00+00:00,1776355200000,2026-04-16T16:00:00+00:00,0.0001,0.09726878
2026-04-17 00:00:00.001000+00:00,1776384000001,2026-04-17T00:00:00.001000+00:00,0.0001,0.09917993
2026-04-17 08:00:00.011000+00:00,1776412800011,2026-04-17T08:00:00.011000+00:00,5.043e-05,0.09802
2026-04-17 16:00:00.001000+00:00,1776441600001,2026-04-17T16:00:00.001000+00:00,3.821e-05,0.10053
2026-04-18 00:00:00.001000+00:00,1776470400001,2026-04-18T00:00:00.001000+00:00,0.0001,0.09938673
2026-04-18 08:00:00.006000+00:00,1776499200006,2026-04-18T08:00:00.006000+00:00,2.917e-05,0.09881046
2026-04-18 16:00:00+00:00,1776528000000,2026-04-18T16:00:00+00:00,-7.036e-05,0.09594
2026-04-19 00:00:00.002000+00:00,1776556800002,2026-04-19T00:00:00.002000+00:00,-8.729e-05,0.09472214
2026-04-19 08:00:00.010000+00:00,1776585600010,2026-04-19T08:00:00.010000+00:00,-3.64e-06,0.09409
2026-04-19 16:00:00.001000+00:00,1776614400001,2026-04-19T16:00:00.001000+00:00,-3.509e-05,0.09554153
2026-04-20 00:00:00+00:00,1776643200000,2026-04-20T00:00:00+00:00,-2.116e-05,0.09296143
2026-04-20 08:00:00+00:00,1776672000000,2026-04-20T08:00:00+00:00,1.08e-05,0.0945
2026-04-20 16:00:00.001000+00:00,1776700800001,2026-04-20T16:00:00.001000+00:00,2.277e-05,0.09491127
2026-04-21 00:00:00+00:00,1776729600000,2026-04-21T00:00:00+00:00,4.43e-05,0.09515
2026-04-21 08:00:00.004000+00:00,1776758400004,2026-04-21T08:00:00.004000+00:00,-4.799e-05,0.09522
2026-04-21 16:00:00.004000+00:00,1776787200004,2026-04-21T16:00:00.004000+00:00,3.1e-07,0.09473226
2026-04-22 00:00:00.004000+00:00,1776816000004,2026-04-22T00:00:00.004000+00:00,2.14e-06,0.0951308
2026-04-22 08:00:00+00:00,1776844800000,2026-04-22T08:00:00+00:00,0.0001,0.09749
2026-04-22 16:00:00+00:00,1776873600000,2026-04-22T16:00:00+00:00,0.0001,0.09783472
2026-04-23 00:00:00+00:00,1776902400000,2026-04-23T00:00:00+00:00,6.031e-05,0.09558611
2026-04-23 08:00:00+00:00,1776931200000,2026-04-23T08:00:00+00:00,0.0001,0.09589608
2026-04-23 16:00:00.004000+00:00,1776960000004,2026-04-23T16:00:00.004000+00:00,0.0001,0.09733
2026-04-24 00:00:00.006000+00:00,1776988800006,2026-04-24T00:00:00.006000+00:00,0.0001,0.09709
2026-04-24 08:00:00+00:00,1777017600000,2026-04-24T08:00:00+00:00,0.0001,0.09778
2026-04-24 16:00:00+00:00,1777046400000,2026-04-24T16:00:00+00:00,0.0001,0.09805064
2026-04-25 00:00:00+00:00,1777075200000,2026-04-25T00:00:00+00:00,0.0001,0.09839
2026-04-25 08:00:00.002000+00:00,1777104000002,2026-04-25T08:00:00.002000+00:00,8.444e-05,0.09838
2026-04-25 16:00:00.002000+00:00,1777132800002,2026-04-25T16:00:00.002000+00:00,7.376e-05,0.09814963
2026-04-26 00:00:00.003000+00:00,1777161600003,2026-04-26T00:00:00.003000+00:00,2.003e-05,0.09796028
2026-04-26 08:00:00.007000+00:00,1777190400007,2026-04-26T08:00:00.007000+00:00,5.31e-05,0.09853
2026-04-26 16:00:00.004000+00:00,1777219200004,2026-04-26T16:00:00.004000+00:00,7.31e-05,0.09898
2026-04-27 00:00:00.004000+00:00,1777248000004,2026-04-27T00:00:00.004000+00:00,1.391e-05,0.09916
2026-04-27 08:00:00+00:00,1777276800000,2026-04-27T08:00:00+00:00,-2.544e-05,0.09777037
2026-04-27 16:00:00.002000+00:00,1777305600002,2026-04-27T16:00:00.002000+00:00,6.463e-05,0.09716714
2026-04-28 00:00:00.001000+00:00,1777334400001,2026-04-28T00:00:00.001000+00:00,0.0001,0.09890191
2026-04-28 08:00:00+00:00,1777363200000,2026-04-28T08:00:00+00:00,0.0001,0.0996
2026-04-28 16:00:00.004000+00:00,1777392000004,2026-04-28T16:00:00.004000+00:00,0.0001,0.09950311
2026-04-29 00:00:00.006000+00:00,1777420800006,2026-04-29T00:00:00.006000+00:00,4.318e-05,0.09928679
2026-04-29 08:00:00.011000+00:00,1777449600011,2026-04-29T08:00:00.011000+00:00,0.0001,0.10492
2026-04-29 16:00:00.003000+00:00,1777478400003,2026-04-29T16:00:00.003000+00:00,0.0001,0.10332
2026-04-30 00:00:00.002000+00:00,1777507200002,2026-04-30T00:00:00.002000+00:00,-3.357e-05,0.10401273
2026-04-30 08:00:00+00:00,1777536000000,2026-04-30T08:00:00+00:00,8.341e-05,0.10694515
2026-04-30 16:00:00+00:00,1777564800000,2026-04-30T16:00:00+00:00,1.917e-05,0.10703138
2026-05-01 00:00:00+00:00,1777593600000,2026-05-01T00:00:00+00:00,-1.716e-05,0.10646531
2026-05-01 08:00:00.005000+00:00,1777622400005,2026-05-01T08:00:00.005000+00:00,3.054e-05,0.10819212
2026-05-01 16:00:00+00:00,1777651200000,2026-05-01T16:00:00+00:00,3.104e-05,0.10939785
2026-05-02 00:00:00.006000+00:00,1777680000006,2026-05-02T00:00:00.006000+00:00,-1.081e-05,0.10846187
2026-05-02 08:00:00+00:00,1777708800000,2026-05-02T08:00:00+00:00,1.943e-05,0.10785
2026-05-02 16:00:00.010000+00:00,1777737600010,2026-05-02T16:00:00.010000+00:00,2.318e-05,0.10895376
2026-05-03 00:00:00.005000+00:00,1777766400005,2026-05-03T00:00:00.005000+00:00,4.413e-05,0.10845273
2026-05-03 08:00:00.003000+00:00,1777795200003,2026-05-03T08:00:00.003000+00:00,-1.114e-05,0.10786
2026-05-03 16:00:00+00:00,1777824000000,2026-05-03T16:00:00+00:00,6.039e-05,0.10843
2026-05-04 00:00:00+00:00,1777852800000,2026-05-04T00:00:00+00:00,5.19e-06,0.10822997
2026-05-04 08:00:00+00:00,1777881600000,2026-05-04T08:00:00+00:00,8.05e-05,0.11229
2026-05-04 16:00:00.003000+00:00,1777910400003,2026-05-04T16:00:00.003000+00:00,2.113e-05,0.1102
2026-05-05 00:00:00+00:00,1777939200000,2026-05-05T00:00:00+00:00,1.832e-05,0.11005
2026-05-05 08:00:00.011000+00:00,1777968000011,2026-05-05T08:00:00.011000+00:00,6.311e-05,0.1114
2026-05-05 16:00:00+00:00,1777996800000,2026-05-05T16:00:00+00:00,4.317e-05,0.11233
2026-05-06 00:00:00.010000+00:00,1778025600010,2026-05-06T00:00:00.010000+00:00,9.555e-05,0.11478
2026-05-06 08:00:00+00:00,1778054400000,2026-05-06T08:00:00+00:00,4.503e-05,0.1157
2026-05-06 16:00:00.002000+00:00,1778083200002,2026-05-06T16:00:00.002000+00:00,-8.869e-05,0.11301133
2026-05-07 00:00:00+00:00,1778112000000,2026-05-07T00:00:00+00:00,-4.49e-06,0.11239095
2026-05-07 08:00:00+00:00,1778140800000,2026-05-07T08:00:00+00:00,-6.956e-05,0.11163093
2026-05-07 16:00:00.004000+00:00,1778169600004,2026-05-07T16:00:00.004000+00:00,1.665e-05,0.10793
2026-05-08 00:00:00.003000+00:00,1778198400003,2026-05-08T00:00:00.003000+00:00,-4.021e-05,0.1077917
2026-05-08 08:00:00.002000+00:00,1778227200002,2026-05-08T08:00:00.002000+00:00,-1.252e-05,0.10626693
2026-05-08 16:00:00.003000+00:00,1778256000003,2026-05-08T16:00:00.003000+00:00,2.561e-05,0.10802
2026-05-09 00:00:00+00:00,1778284800000,2026-05-09T00:00:00+00:00,1.241e-05,0.10948
2026-05-09 08:00:00.001000+00:00,1778313600001,2026-05-09T08:00:00.001000+00:00,5.533e-05,0.11017
2026-05-09 16:00:00.002000+00:00,1778342400002,2026-05-09T16:00:00.002000+00:00,6.837e-05,0.10856368
2026-05-10 00:00:00.003000+00:00,1778371200003,2026-05-10T00:00:00.003000+00:00,-2.009e-05,0.10868863
2026-05-10 08:00:00+00:00,1778400000000,2026-05-10T08:00:00+00:00,-4.175e-05,0.10848516
2026-05-10 16:00:00+00:00,1778428800000,2026-05-10T16:00:00+00:00,2.033e-05,0.10906259
2026-05-11 00:00:00+00:00,1778457600000,2026-05-11T00:00:00+00:00,9.789e-05,0.11242
2026-05-11 08:00:00+00:00,1778486400000,2026-05-11T08:00:00+00:00,0.0001,0.10924
2026-05-11 16:00:00+00:00,1778515200000,2026-05-11T16:00:00+00:00,0.0001,0.11089
2026-05-12 00:00:00.002000+00:00,1778544000002,2026-05-12T00:00:00.002000+00:00,0.0001,0.11127872
2026-05-12 08:00:00.008000+00:00,1778572800008,2026-05-12T08:00:00.008000+00:00,0.0001,0.10983372
2026-05-12 16:00:00+00:00,1778601600000,2026-05-12T16:00:00+00:00,6.359e-05,0.10863
2026-05-13 00:00:00.010000+00:00,1778630400010,2026-05-13T00:00:00.010000+00:00,0.0001,0.11012
2026-05-13 08:00:00.003000+00:00,1778659200003,2026-05-13T08:00:00.003000+00:00,0.0001,0.11229
2026-05-13 16:00:00.001000+00:00,1778688000001,2026-05-13T16:00:00.001000+00:00,0.0001,0.10989828
2026-05-14 00:00:00.005000+00:00,1778716800005,2026-05-14T00:00:00.005000+00:00,5.937e-05,0.11261
2026-05-14 08:00:00+00:00,1778745600000,2026-05-14T08:00:00+00:00,9.732e-05,0.11386207
2026-05-14 16:00:00+00:00,1778774400000,2026-05-14T16:00:00+00:00,-7.676e-05,0.11383732
2026-05-15 00:00:00+00:00,1778803200000,2026-05-15T00:00:00+00:00,-3.496e-05,0.11539392
2026-05-15 08:00:00.016000+00:00,1778832000016,2026-05-15T08:00:00.016000+00:00,-6.7e-05,0.11482334
2026-05-15 16:00:00.012000+00:00,1778860800012,2026-05-15T16:00:00.012000+00:00,-7.203e-05,0.11151
2026-05-16 00:00:00.005000+00:00,1778889600005,2026-05-16T00:00:00.005000+00:00,7.471e-05,0.11331
2026-05-16 08:00:00+00:00,1778918400000,2026-05-16T08:00:00+00:00,-2.081e-05,0.11005699
2026-05-16 16:00:00.005000+00:00,1778947200005,2026-05-16T16:00:00.005000+00:00,-2.45e-06,0.10965
2026-05-17 00:00:00+00:00,1778976000000,2026-05-17T00:00:00+00:00,7.144e-05,0.10933
2026-05-17 08:00:00.010000+00:00,1779004800010,2026-05-17T08:00:00.010000+00:00,1.699e-05,0.11013185
2026-05-17 16:00:00.009000+00:00,1779033600009,2026-05-17T16:00:00.009000+00:00,6.188e-05,0.11039337
2026-05-18 00:00:00.007000+00:00,1779062400007,2026-05-18T00:00:00.007000+00:00,-4.78e-05,0.10893744
2026-05-18 08:00:00.002000+00:00,1779091200002,2026-05-18T08:00:00.002000+00:00,6.85e-06,0.10424443
2026-05-18 16:00:00.007000+00:00,1779120000007,2026-05-18T16:00:00.007000+00:00,-2.652e-05,0.10387
2026-05-19 00:00:00.001000+00:00,1779148800001,2026-05-19T00:00:00.001000+00:00,-1.694e-05,0.10472
2026-05-19 08:00:00.001000+00:00,1779177600001,2026-05-19T08:00:00.001000+00:00,-1.324e-05,0.10513
2026-05-19 16:00:00.009000+00:00,1779206400009,2026-05-19T16:00:00.009000+00:00,6.08e-06,0.10354194
2026-05-20 00:00:00.001000+00:00,1779235200001,2026-05-20T00:00:00.001000+00:00,3.083e-05,0.10293553
2026-05-20 08:00:00.006000+00:00,1779264000006,2026-05-20T08:00:00.006000+00:00,1.22e-05,0.10356
2026-05-20 16:00:00+00:00,1779292800000,2026-05-20T16:00:00+00:00,-5.7e-06,0.10414
2026-05-21 00:00:00.001000+00:00,1779321600001,2026-05-21T00:00:00.001000+00:00,8.18e-06,0.10365
2026-05-21 08:00:00+00:00,1779350400000,2026-05-21T08:00:00+00:00,3.599e-05,0.1056
2026-05-21 16:00:00+00:00,1779379200000,2026-05-21T16:00:00+00:00,2.583e-05,0.10465009
2026-05-22 00:00:00+00:00,1779408000000,2026-05-22T00:00:00+00:00,0.0001,0.10562
2026-05-22 08:00:00.004000+00:00,1779436800004,2026-05-22T08:00:00.004000+00:00,4.056e-05,0.10553102
2026-05-22 16:00:00.001000+00:00,1779465600001,2026-05-22T16:00:00.001000+00:00,4.339e-05,0.10603264
2026-05-23 00:00:00.009000+00:00,1779494400009,2026-05-23T00:00:00.009000+00:00,2.457e-05,0.10227347
2026-05-23 08:00:00.001000+00:00,1779523200001,2026-05-23T08:00:00.001000+00:00,-2.86e-06,0.0988865
2026-05-23 16:00:00.003000+00:00,1779552000003,2026-05-23T16:00:00.003000+00:00,4.92e-06,0.10103991
2026-05-24 00:00:00.011000+00:00,1779580800011,2026-05-24T00:00:00.011000+00:00,8.65e-05,0.1030134
2026-05-24 08:00:00.008000+00:00,1779609600008,2026-05-24T08:00:00.008000+00:00,2.937e-05,0.10284533
2026-05-24 16:00:00+00:00,1779638400000,2026-05-24T16:00:00+00:00,3.077e-05,0.1019
2026-05-25 00:00:00.001000+00:00,1779667200001,2026-05-25T00:00:00.001000+00:00,9.76e-06,0.10221
2026-05-25 08:00:00.001000+00:00,1779696000001,2026-05-25T08:00:00.001000+00:00,8.499e-05,0.10277
2026-05-25 16:00:00.001000+00:00,1779724800001,2026-05-25T16:00:00.001000+00:00,5.759e-05,0.10294
2026-05-26 00:00:00+00:00,1779753600000,2026-05-26T00:00:00+00:00,5.913e-05,0.10208224
2026-05-26 08:00:00.003000+00:00,1779782400003,2026-05-26T08:00:00.003000+00:00,8.1e-06,0.10112
2026-05-26 16:00:00+00:00,1779811200000,2026-05-26T16:00:00+00:00,7.485e-05,0.10198218
2026-05-27 00:00:00+00:00,1779840000000,2026-05-27T00:00:00+00:00,-3.495e-05,0.10098192
2026-05-27 08:00:00.004000+00:00,1779868800004,2026-05-27T08:00:00.004000+00:00,7.714e-05,0.10212
2026-05-27 16:00:00.009000+00:00,1779897600009,2026-05-27T16:00:00.009000+00:00,7.953e-05,0.10255
2026-05-28 00:00:00.001000+00:00,1779926400001,2026-05-28T00:00:00.001000+00:00,-1.301e-05,0.10044
2026-05-28 08:00:00+00:00,1779955200000,2026-05-28T08:00:00+00:00,-7.454e-05,0.09867138
2026-05-28 16:00:00.001000+00:00,1779984000001,2026-05-28T16:00:00.001000+00:00,4.507e-05,0.09842074
2026-05-29 00:00:00+00:00,1780012800000,2026-05-29T00:00:00+00:00,0.0001,0.09951121
2026-05-29 08:00:00.001000+00:00,1780041600001,2026-05-29T08:00:00.001000+00:00,0.0001,0.09958353
2026-05-29 16:00:00.008000+00:00,1780070400008,2026-05-29T16:00:00.008000+00:00,2.898e-05,0.10036539
2026-05-30 00:00:00+00:00,1780099200000,2026-05-30T00:00:00+00:00,7.49e-05,0.09965
2026-05-30 08:00:00.001000+00:00,1780128000001,2026-05-30T08:00:00.001000+00:00,5.439e-05,0.10124245
2026-05-30 16:00:00+00:00,1780156800000,2026-05-30T16:00:00+00:00,-8.03e-06,0.10129
2026-05-31 00:00:00+00:00,1780185600000,2026-05-31T00:00:00+00:00,7.738e-05,0.10056
2026-05-31 08:00:00+00:00,1780214400000,2026-05-31T08:00:00+00:00,7.582e-05,0.10054142
2026-05-31 16:00:00.004000+00:00,1780243200004,2026-05-31T16:00:00.004000+00:00,3.376e-05,0.0998
2026-06-01 00:00:00.001000+00:00,1780272000001,2026-06-01T00:00:00.001000+00:00,3.009e-05,0.10038707
2026-06-01 08:00:00.001000+00:00,1780300800001,2026-06-01T08:00:00.001000+00:00,5.635e-05,0.09916
2026-06-01 16:00:00+00:00,1780329600000,2026-06-01T16:00:00+00:00,0.0001,0.09827846
2026-06-02 00:00:00+00:00,1780358400000,2026-06-02T00:00:00+00:00,0.0001,0.10105337
2026-06-02 08:00:00+00:00,1780387200000,2026-06-02T08:00:00+00:00,1.177e-05,0.09917414
2026-06-02 16:00:00+00:00,1780416000000,2026-06-02T16:00:00+00:00,-1.355e-05,0.09482183
2026-06-03 00:00:00.013000+00:00,1780444800013,2026-06-03T00:00:00.013000+00:00,-3.611e-05,0.09271
2026-06-03 08:00:00+00:00,1780473600000,2026-06-03T08:00:00+00:00,8.397e-05,0.09414
2026-06-03 16:00:00.001000+00:00,1780502400001,2026-06-03T16:00:00.001000+00:00,8.395e-05,0.09277
2026-06-04 00:00:00.009000+00:00,1780531200009,2026-06-04T00:00:00.009000+00:00,1.319e-05,0.09137
2026-06-04 08:00:00+00:00,1780560000000,2026-06-04T08:00:00+00:00,5.434e-05,0.08872328
2026-06-04 16:00:00.003000+00:00,1780588800003,2026-06-04T16:00:00.003000+00:00,-1.174e-05,0.08948083
2026-06-05 00:00:00+00:00,1780617600000,2026-06-05T00:00:00+00:00,-1.933e-05,0.08852906
2026-06-05 08:00:00.004000+00:00,1780646400004,2026-06-05T08:00:00.004000+00:00,-4.271e-05,0.08496
2026-06-05 16:00:00.009000+00:00,1780675200009,2026-06-05T16:00:00.009000+00:00,2.475e-05,0.08151142
2026-06-06 00:00:00+00:00,1780704000000,2026-06-06T00:00:00+00:00,3.375e-05,0.08142713
2026-06-06 08:00:00+00:00,1780732800000,2026-06-06T08:00:00+00:00,3.534e-05,0.08146
2026-06-06 16:00:00+00:00,1780761600000,2026-06-06T16:00:00+00:00,4.718e-05,0.08164
2026-06-07 00:00:00.001000+00:00,1780790400001,2026-06-07T00:00:00.001000+00:00,-5.421e-05,0.08187184
2026-06-07 08:00:00+00:00,1780819200000,2026-06-07T08:00:00+00:00,-7.719e-05,0.08490749
2026-06-07 16:00:00+00:00,1780848000000,2026-06-07T16:00:00+00:00,7.999e-05,0.08460329
2026-06-08 00:00:00+00:00,1780876800000,2026-06-08T00:00:00+00:00,2.347e-05,0.08622
2026-06-08 08:00:00.005000+00:00,1780905600005,2026-06-08T08:00:00.005000+00:00,1.083e-05,0.08562
2026-06-08 16:00:00.004000+00:00,1780934400004,2026-06-08T16:00:00.004000+00:00,3.034e-05,0.08692
2026-06-09 00:00:00+00:00,1780963200000,2026-06-09T00:00:00+00:00,-7.598e-05,0.0863
2026-06-09 08:00:00+00:00,1780992000000,2026-06-09T08:00:00+00:00,8.798e-05,0.08636615
2026-06-09 16:00:00.001000+00:00,1781020800001,2026-06-09T16:00:00.001000+00:00,5.52e-06,0.08409
2026-06-10 00:00:00.001000+00:00,1781049600001,2026-06-10T00:00:00.001000+00:00,8.528e-05,0.08476
2026-06-10 08:00:00.011000+00:00,1781078400011,2026-06-10T08:00:00.011000+00:00,-2.574e-05,0.08419
2026-06-10 16:00:00.009000+00:00,1781107200009,2026-06-10T16:00:00.009000+00:00,3.08e-06,0.08509
2026-06-11 00:00:00+00:00,1781136000000,2026-06-11T00:00:00+00:00,1.304e-05,0.08290941
2026-06-11 08:00:00.004000+00:00,1781164800004,2026-06-11T08:00:00.004000+00:00,7.047e-05,0.08483221
2026-06-11 16:00:00+00:00,1781193600000,2026-06-11T16:00:00+00:00,7.26e-05,0.08491
2026-06-12 00:00:00+00:00,1781222400000,2026-06-12T00:00:00+00:00,4.564e-05,0.08603
2026-06-12 08:00:00+00:00,1781251200000,2026-06-12T08:00:00+00:00,1.291e-05,0.08591051
2026-06-12 16:00:00+00:00,1781280000000,2026-06-12T16:00:00+00:00,-1.718e-05,0.08738028
2026-06-13 00:00:00+00:00,1781308800000,2026-06-13T00:00:00+00:00,5.952e-05,0.08595
2026-06-13 08:00:00.007000+00:00,1781337600007,2026-06-13T08:00:00.007000+00:00,-2.7e-05,0.08703
2026-06-13 16:00:00.002000+00:00,1781366400002,2026-06-13T16:00:00.002000+00:00,0.0001,0.08831005
2026-06-14 00:00:00.005000+00:00,1781395200005,2026-06-14T00:00:00.005000+00:00,3.03e-06,0.08783
2026-06-14 08:00:00.009000+00:00,1781424000009,2026-06-14T08:00:00.009000+00:00,1.088e-05,0.0871388
2026-06-14 16:00:00+00:00,1781452800000,2026-06-14T16:00:00+00:00,2.381e-05,0.08626
2026-06-15 00:00:00.013000+00:00,1781481600013,2026-06-15T00:00:00.013000+00:00,7.95e-05,0.08886
2026-06-15 08:00:00.013000+00:00,1781510400013,2026-06-15T08:00:00.013000+00:00,7.326e-05,0.08847464
2026-06-15 16:00:00.004000+00:00,1781539200004,2026-06-15T16:00:00.004000+00:00,9.537e-05,0.09064455
2026-06-16 00:00:00+00:00,1781568000000,2026-06-16T00:00:00+00:00,-1.369e-05,0.08809
2026-06-16 08:00:00+00:00,1781596800000,2026-06-16T08:00:00+00:00,-5.967e-05,0.08780433
2026-06-16 16:00:00.001000+00:00,1781625600001,2026-06-16T16:00:00.001000+00:00,3.421e-05,0.08714824
2026-06-17 00:00:00.012000+00:00,1781654400012,2026-06-17T00:00:00.012000+00:00,0.0001,0.08712872
2026-06-17 08:00:00+00:00,1781683200000,2026-06-17T08:00:00+00:00,3.924e-05,0.08685892
2026-06-17 16:00:00+00:00,1781712000000,2026-06-17T16:00:00+00:00,-5.572e-05,0.08724466
2026-06-18 00:00:00.002000+00:00,1781740800002,2026-06-18T00:00:00.002000+00:00,2.51e-06,0.08588
2026-06-18 08:00:00+00:00,1781769600000,2026-06-18T08:00:00+00:00,-3.073e-05,0.08488
2026-06-18 16:00:00.001000+00:00,1781798400001,2026-06-18T16:00:00.001000+00:00,3.024e-05,0.08195
2026-06-19 00:00:00.005000+00:00,1781827200005,2026-06-19T00:00:00.005000+00:00,4.183e-05,0.08348
2026-06-19 08:00:00.001000+00:00,1781856000001,2026-06-19T08:00:00.001000+00:00,-4.223e-05,0.08229319
2026-06-19 16:00:00.001000+00:00,1781884800001,2026-06-19T16:00:00.001000+00:00,-3.099e-05,0.08317
2026-06-20 00:00:00.001000+00:00,1781913600001,2026-06-20T00:00:00.001000+00:00,7.5e-07,0.08350579
2026-06-20 08:00:00+00:00,1781942400000,2026-06-20T08:00:00+00:00,4.9e-07,0.08404
2026-06-20 16:00:00.001000+00:00,1781971200001,2026-06-20T16:00:00.001000+00:00,-4.583e-05,0.08369354
2026-06-21 00:00:00+00:00,1782000000000,2026-06-21T00:00:00+00:00,4.61e-05,0.08366787
2026-06-21 08:00:00+00:00,1782028800000,2026-06-21T08:00:00+00:00,-6.632e-05,0.08346
2026-06-21 16:00:00+00:00,1782057600000,2026-06-21T16:00:00+00:00,4.411e-05,0.08340038
2026-06-22 00:00:00+00:00,1782086400000,2026-06-22T00:00:00+00:00,1.597e-05,0.08221
2026-06-22 08:00:00+00:00,1782115200000,2026-06-22T08:00:00+00:00,2.027e-05,0.08347
2026-06-22 16:00:00.002000+00:00,1782144000002,2026-06-22T16:00:00.002000+00:00,2.51e-05,0.08358973
2026-06-23 00:00:00.003000+00:00,1782172800003,2026-06-23T00:00:00.003000+00:00,-2.023e-05,0.08243
2026-06-23 08:00:00.005000+00:00,1782201600005,2026-06-23T08:00:00.005000+00:00,-7.829e-05,0.07994
2026-06-23 16:00:00.002000+00:00,1782230400002,2026-06-23T16:00:00.002000+00:00,-3.316e-05,0.07879
2026-06-24 00:00:00.005000+00:00,1782259200005,2026-06-24T00:00:00.005000+00:00,-1.024e-05,0.07882841
2026-06-24 08:00:00.005000+00:00,1782288000005,2026-06-24T08:00:00.005000+00:00,-5.068e-05,0.07882
2026-06-24 16:00:00.003000+00:00,1782316800003,2026-06-24T16:00:00.003000+00:00,-8.076e-05,0.07474
2026-06-25 00:00:00+00:00,1782345600000,2026-06-25T00:00:00+00:00,5.894e-05,0.07609
2026-06-25 08:00:00+00:00,1782374400000,2026-06-25T08:00:00+00:00,3.071e-05,0.07732
2026-06-25 16:00:00+00:00,1782403200000,2026-06-25T16:00:00+00:00,1.45e-06,0.07339
2026-06-26 00:00:00.010000+00:00,1782432000010,2026-06-26T00:00:00.010000+00:00,3.95e-05,0.07487
2026-06-26 08:00:00.002000+00:00,1782460800002,2026-06-26T08:00:00.002000+00:00,6.373e-05,0.07506832
2026-06-26 16:00:00+00:00,1782489600000,2026-06-26T16:00:00+00:00,4.136e-05,0.07496
2026-06-27 00:00:00+00:00,1782518400000,2026-06-27T00:00:00+00:00,4.581e-05,0.07575
2026-06-27 08:00:00+00:00,1782547200000,2026-06-27T08:00:00+00:00,4.296e-05,0.07579
2026-06-27 16:00:00.009000+00:00,1782576000009,2026-06-27T16:00:00.009000+00:00,-5.69e-06,0.07619154
2026-06-28 00:00:00+00:00,1782604800000,2026-06-28T00:00:00+00:00,-7.5e-07,0.07445816
2026-06-28 08:00:00.013000+00:00,1782633600013,2026-06-28T08:00:00.013000+00:00,-3.176e-05,0.07375453
2026-06-28 16:00:00+00:00,1782662400000,2026-06-28T16:00:00+00:00,-2.157e-05,0.07355
2026-06-29 00:00:00.006000+00:00,1782691200006,2026-06-29T00:00:00.006000+00:00,-2.792e-05,0.07316645
2026-06-29 08:00:00.013000+00:00,1782720000013,2026-06-29T08:00:00.013000+00:00,2.851e-05,0.07276
2026-06-29 16:00:00.004000+00:00,1782748800004,2026-06-29T16:00:00.004000+00:00,-9.47e-06,0.07279104
2026-06-30 00:00:00+00:00,1782777600000,2026-06-30T00:00:00+00:00,1.59e-05,0.07339128
2026-06-30 08:00:00+00:00,1782806400000,2026-06-30T08:00:00+00:00,-2.88e-06,0.07236185
2026-06-30 16:00:00.005000+00:00,1782835200005,2026-06-30T16:00:00.005000+00:00,-6.34e-06,0.07069044
2026-07-01 00:00:00+00:00,1782864000000,2026-07-01T00:00:00+00:00,8.955e-05,0.07204091
2026-07-01 08:00:00+00:00,1782892800000,2026-07-01T08:00:00+00:00,4.431e-05,0.07146192
2026-07-01 16:00:00+00:00,1782921600000,2026-07-01T16:00:00+00:00,6.791e-05,0.07334364
2026-07-02 00:00:00+00:00,1782950400000,2026-07-02T00:00:00+00:00,2.7e-07,0.07218889
2026-07-02 08:00:00+00:00,1782979200000,2026-07-02T08:00:00+00:00,2.435e-05,0.07250568
2026-07-02 16:00:00+00:00,1783008000000,2026-07-02T16:00:00+00:00,0.0001,0.07449
2026-07-03 00:00:00+00:00,1783036800000,2026-07-03T00:00:00+00:00,4.714e-05,0.07415
2026-07-03 08:00:00.007000+00:00,1783065600007,2026-07-03T08:00:00.007000+00:00,0.0001,0.07527
2026-07-03 16:00:00+00:00,1783094400000,2026-07-03T16:00:00+00:00,0.0001,0.07631874
2026-07-04 00:00:00+00:00,1783123200000,2026-07-04T00:00:00+00:00,0.0001,0.07751413
2026-07-04 08:00:00+00:00,1783152000000,2026-07-04T08:00:00+00:00,0.0001,0.07691
2026-07-04 16:00:00.007000+00:00,1783180800007,2026-07-04T16:00:00.007000+00:00,0.0001,0.07855
2026-07-05 00:00:00.003000+00:00,1783209600003,2026-07-05T00:00:00.003000+00:00,0.0001,0.07762907
2026-07-05 08:00:00.001000+00:00,1783238400001,2026-07-05T08:00:00.001000+00:00,3.894e-05,0.0761373
2026-07-05 16:00:00+00:00,1783267200000,2026-07-05T16:00:00+00:00,0.0001,0.07713006
2026-07-06 00:00:00+00:00,1783296000000,2026-07-06T00:00:00+00:00,0.0001,0.07785
2026-07-06 08:00:00+00:00,1783324800000,2026-07-06T08:00:00+00:00,8.336e-05,0.07689
2026-07-06 16:00:00+00:00,1783353600000,2026-07-06T16:00:00+00:00,2.713e-05,0.07622
2026-07-07 00:00:00+00:00,1783382400000,2026-07-07T00:00:00+00:00,0.0001,0.07663
2026-07-07 08:00:00+00:00,1783411200000,2026-07-07T08:00:00+00:00,-1.677e-05,0.07494211
2026-07-07 16:00:00+00:00,1783440000000,2026-07-07T16:00:00+00:00,5.002e-05,0.07516
2026-07-08 00:00:00+00:00,1783468800000,2026-07-08T00:00:00+00:00,4.686e-05,0.07413015
2026-07-08 08:00:00+00:00,1783497600000,2026-07-08T08:00:00+00:00,-5.2e-07,0.07241822
2026-07-08 16:00:00+00:00,1783526400000,2026-07-08T16:00:00+00:00,5.97e-06,0.07183203
2026-07-09 00:00:00+00:00,1783555200000,2026-07-09T00:00:00+00:00,6.866e-05,0.07238
2026-07-09 08:00:00.001000+00:00,1783584000001,2026-07-09T08:00:00.001000+00:00,5.952e-05,0.07277658
2026-07-09 16:00:00.001000+00:00,1783612800001,2026-07-09T16:00:00.001000+00:00,5.165e-05,0.07261
2026-07-10 00:00:00+00:00,1783641600000,2026-07-10T00:00:00+00:00,3.147e-05,0.07287
2026-07-10 08:00:00.005000+00:00,1783670400005,2026-07-10T08:00:00.005000+00:00,9.544e-05,0.07373497
2026-07-10 16:00:00.005000+00:00,1783699200005,2026-07-10T16:00:00.005000+00:00,9.551e-05,0.07403
2026-07-11 00:00:00+00:00,1783728000000,2026-07-11T00:00:00+00:00,9.327e-05,0.07408424
2026-07-11 08:00:00+00:00,1783756800000,2026-07-11T08:00:00+00:00,0.0001,0.07426149
2026-07-11 16:00:00+00:00,1783785600000,2026-07-11T16:00:00+00:00,0.0001,0.0753
2026-07-12 00:00:00+00:00,1783814400000,2026-07-12T00:00:00+00:00,5.205e-05,0.07315743
2026-07-12 08:00:00.003000+00:00,1783843200003,2026-07-12T08:00:00.003000+00:00,-1.25e-05,0.0729
2026-07-12 16:00:00+00:00,1783872000000,2026-07-12T16:00:00+00:00,4.567e-05,0.07369089
2026-07-13 00:00:00+00:00,1783900800000,2026-07-13T00:00:00+00:00,-3.63e-06,0.07269
2026-07-13 08:00:00.001000+00:00,1783929600001,2026-07-13T08:00:00.001000+00:00,-4.602e-05,0.07233389
2026-07-13 16:00:00.004000+00:00,1783958400004,2026-07-13T16:00:00.004000+00:00,-1.82e-06,0.07204563
2026-07-14 00:00:00+00:00,1783987200000,2026-07-14T00:00:00+00:00,-1.11e-06,0.07194
2026-07-14 08:00:00.002000+00:00,1784016000002,2026-07-14T08:00:00.002000+00:00,8.814e-05,0.07215
2026-07-14 16:00:00.001000+00:00,1784044800001,2026-07-14T16:00:00.001000+00:00,0.0001,0.07488
2026-07-15 00:00:00.005000+00:00,1784073600005,2026-07-15T00:00:00.005000+00:00,7.995e-05,0.07442
2026-07-15 08:00:00.002000+00:00,1784102400002,2026-07-15T08:00:00.002000+00:00,9.404e-05,0.0739683
2026-07-15 16:00:00+00:00,1784131200000,2026-07-15T16:00:00+00:00,9.641e-05,0.07459
2026-07-16 00:00:00+00:00,1784160000000,2026-07-16T00:00:00+00:00,0.0001,0.0740582
2026-07-16 08:00:00.003000+00:00,1784188800003,2026-07-16T08:00:00.003000+00:00,6.511e-05,0.07352045
2026-07-16 16:00:00.002000+00:00,1784217600002,2026-07-16T16:00:00.002000+00:00,6.116e-05,0.0736
2026-07-17 00:00:00+00:00,1784246400000,2026-07-17T00:00:00+00:00,5.036e-05,0.07234658
2026-07-17 08:00:00.010000+00:00,1784275200010,2026-07-17T08:00:00.010000+00:00,-5.44e-05,0.07163
2026-07-17 16:00:00.004000+00:00,1784304000004,2026-07-17T16:00:00.004000+00:00,1.845e-05,0.07212
2026-07-18 00:00:00+00:00,1784332800000,2026-07-18T00:00:00+00:00,5.576e-05,0.07252
2026-07-18 08:00:00+00:00,1784361600000,2026-07-18T08:00:00+00:00,7.48e-06,0.07227
2026-07-18 16:00:00.001000+00:00,1784390400001,2026-07-18T16:00:00.001000+00:00,4.382e-05,0.07215063
2026-07-19 00:00:00.003000+00:00,1784419200003,2026-07-19T00:00:00.003000+00:00,8.69e-05,0.07248792
2026-07-19 08:00:00+00:00,1784448000000,2026-07-19T08:00:00+00:00,5.359e-05,0.07243
2026-07-19 16:00:00.001000+00:00,1784476800001,2026-07-19T16:00:00.001000+00:00,5.285e-05,0.07243505
2026-07-20 00:00:00+00:00,1784505600000,2026-07-20T00:00:00+00:00,-1.342e-05,0.07238
2026-07-20 08:00:00.001000+00:00,1784534400001,2026-07-20T08:00:00.001000+00:00,-3.45e-05,0.07182
2026-07-20 16:00:00.004000+00:00,1784563200004,2026-07-20T16:00:00.004000+00:00,8.786e-05,0.0733426
2026-07-21 00:00:00.001000+00:00,1784592000001,2026-07-21T00:00:00.001000+00:00,0.0001,0.07215
2026-07-21 08:00:00+00:00,1784620800000,2026-07-21T08:00:00+00:00,0.0001,0.07333
2026-07-21 16:00:00.002000+00:00,1784649600002,2026-07-21T16:00:00.002000+00:00,0.0001,0.07345913
2026-07-22 00:00:00+00:00,1784678400000,2026-07-22T00:00:00+00:00,0.0001,0.0733588
2026-07-22 08:00:00+00:00,1784707200000,2026-07-22T08:00:00+00:00,4.835e-05,0.07218541
2026-07-22 16:00:00.001000+00:00,1784736000001,2026-07-22T16:00:00.001000+00:00,8.337e-05,0.0730566
2026-07-23 00:00:00+00:00,1784764800000,2026-07-23T00:00:00+00:00,-2.62e-06,0.07296
2026-07-23 08:00:00+00:00,1784793600000,2026-07-23T08:00:00+00:00,-3.174e-05,0.07218
2026-07-23 16:00:00+00:00,1784822400000,2026-07-23T16:00:00+00:00,-8.144e-05,0.06972
2026-07-24 00:00:00+00:00,1784851200000,2026-07-24T00:00:00+00:00,-0.00013699,0.06916423
2026-07-24 08:00:00+00:00,1784880000000,2026-07-24T08:00:00+00:00,-3.38e-05,0.0700207
2026-07-24 16:00:00.008000+00:00,1784908800008,2026-07-24T16:00:00.008000+00:00,-2.812e-05,0.06918
2026-07-25 00:00:00.002000+00:00,1784937600002,2026-07-25T00:00:00.002000+00:00,-1.336e-05,0.06953938
2026-07-25 08:00:00+00:00,1784966400000,2026-07-25T08:00:00+00:00,5.9e-07,0.06931
2026-07-25 16:00:00+00:00,1784995200000,2026-07-25T16:00:00+00:00,4.723e-05,0.07119
2026-07-26 00:00:00+00:00,1785024000000,2026-07-26T00:00:00+00:00,0.0001,0.0717
2026-07-26 08:00:00.002000+00:00,1785052800002,2026-07-26T08:00:00.002000+00:00,0.0001,0.07324594
2026-07-26 16:00:00+00:00,1785081600000,2026-07-26T16:00:00+00:00,9.495e-05,0.07306
2026-07-27 00:00:00.010000+00:00,1785110400010,2026-07-27T00:00:00.010000+00:00,4.026e-05,0.07336
2026-07-27 08:00:00+00:00,1785139200000,2026-07-27T08:00:00+00:00,8.132e-05,0.07283
2026-07-27 16:00:00.001000+00:00,1785168000001,2026-07-27T16:00:00.001000+00:00,3.523e-05,0.07132
2026-07-28 00:00:00+00:00,1785196800000,2026-07-28T00:00:00+00:00,1.924e-05,0.07032827
2026-07-28 08:00:00+00:00,1785225600000,2026-07-28T08:00:00+00:00,-2.97e-06,0.07010005
2026-07-28 16:00:00+00:00,1785254400000,2026-07-28T16:00:00+00:00,5.786e-05,0.07077549
2026-07-29 00:00:00+00:00,1785283200000,2026-07-29T00:00:00+00:00,9.292e-05,0.07085235
2026-07-29 08:00:00.002000+00:00,1785312000002,2026-07-29T08:00:00.002000+00:00,8.902e-05,0.07096559
2026-07-29 16:00:00+00:00,1785340800000,2026-07-29T16:00:00+00:00,-1.396e-05,0.07016315
2026-07-30 00:00:00+00:00,1785369600000,2026-07-30T00:00:00+00:00,-1.126e-05,0.07012
2026-07-30 08:00:00+00:00,1785398400000,2026-07-30T08:00:00+00:00,-9.3e-07,0.06975046
2026-07-30 16:00:00+00:00,1785427200000,2026-07-30T16:00:00+00:00,8.894e-05,0.07054
2026-07-31 00:00:00.003000+00:00,1785456000003,2026-07-31T00:00:00.003000+00:00,7.61e-05,0.07055433
2026-07-31 08:00:00+00:00,1785484800000,2026-07-31T08:00:00+00:00,-4.701e-05,0.07000102
2026-07-31 16:00:00+00:00,1785513600000,2026-07-31T16:00:00+00:00,2.029e-05,0.06900456
2026-08-01 00:00:00.001000+00:00,1785542400001,2026-08-01T00:00:00.001000+00:00,4.982e-05,0.06957347
2026-08-01 08:00:00+00:00,1785571200000,2026-08-01T08:00:00+00:00,7.813e-05,0.06984077
2026-08-01 16:00:00+00:00,1785600000000,2026-08-01T16:00:00+00:00,0.0001,0.07009
2026-08-02 00:00:00+00:00,1785628800000,2026-08-02T00:00:00+00:00,-6.625e-05,0.0691
2026-08-02 08:00:00+00:00,1785657600000,2026-08-02T08:00:00+00:00,0.0001,0.07039
2026-08-02 16:00:00+00:00,1785686400000,2026-08-02T16:00:00+00:00,0.0001,0.07028
2026-08-03 00:00:00+00:00,1785715200000,2026-08-03T00:00:00+00:00,0.0001,0.07078322
2026-08-03 08:00:00+00:00,1785744000000,2026-08-03T08:00:00+00:00,2.717e-05,0.06924498
2026-08-03 16:00:00+00:00,1785772800000,2026-08-03T16:00:00+00:00,1.662e-05,0.07046737
2026-08-04 00:00:00.004000+00:00,1785801600004,2026-08-04T00:00:00.004000+00:00,0.0001,0.0702
2026-08-04 08:00:00.002000+00:00,1785830400002,2026-08-04T08:00:00.002000+00:00,8.428e-05,0.07025
2026-08-04 16:00:00+00:00,1785859200000,2026-08-04T16:00:00+00:00,0.0001,0.07021815
2026-08-05 00:00:00.003000+00:00,1785888000003,2026-08-05T00:00:00.003000+00:00,0.0001,0.07003241
2026-08-05 08:00:00.004000+00:00,1785916800004,2026-08-05T08:00:00.004000+00:00,2.573e-05,0.06982
2026-08-05 16:00:00+00:00,1785945600000,2026-08-05T16:00:00+00:00,1.772e-05,0.06966
2026-08-06 00:00:00.002000+00:00,1785974400002,2026-08-06T00:00:00.002000+00:00,8.119e-05,0.07000438
2026-08-06 08:00:00+00:00,1786003200000,2026-08-06T08:00:00+00:00,-2.49e-06,0.06977179
2026-08-06 16:00:00+00:00,1786032000000,2026-08-06T16:00:00+00:00,-7.279e-05,0.06899
2026-08-07 00:00:00+00:00,1786060800000,2026-08-07T00:00:00+00:00,-9.48e-06,0.06906
2026-08-07 08:00:00+00:00,1786089600000,2026-08-07T08:00:00+00:00,8.367e-05,0.06927
2026-08-07 16:00:00+00:00,1786118400000,2026-08-07T16:00:00+00:00,0.0001,0.06992
2026-08-08 00:00:00.001000+00:00,1786147200001,2026-08-08T00:00:00.001000+00:00,4.985e-05,0.06961
2026-08-08 08:00:00+00:00,1786176000000,2026-08-08T08:00:00+00:00,9.25e-05,0.07022
2026-08-08 16:00:00.002000+00:00,1786204800002,2026-08-08T16:00:00.002000+00:00,0.0001,0.07114
2026-08-09 00:00:00+00:00,1786233600000,2026-08-09T00:00:00+00:00,0.0001,0.07040749
2026-08-09 08:00:00.005000+00:00,1786262400005,2026-08-09T08:00:00.005000+00:00,4.33e-05,0.07011869
2026-08-09 16:00:00+00:00,1786291200000,2026-08-09T16:00:00+00:00,0.0001,0.07067
2026-08-10 00:00:00.001000+00:00,1786320000001,2026-08-10T00:00:00.001000+00:00,0.0001,0.0692968
2026-08-10 08:00:00.005000+00:00,1786348800005,2026-08-10T08:00:00.005000+00:00,5.562e-05,0.06999338
2026-08-10 16:00:00+00:00,1786377600000,2026-08-10T16:00:00+00:00,6.492e-05,0.06963228
2026-08-11 00:00:00+00:00,1786406400000,2026-08-11T00:00:00+00:00,0.0001,0.06966096
2026-08-11 08:00:00.006000+00:00,1786435200006,2026-08-11T08:00:00.006000+00:00,0.0001,0.0701
2026-08-11 16:00:00+00:00,1786464000000,2026-08-11T16:00:00+00:00,0.0001,0.07057972
2026-08-12 00:00:00.001000+00:00,1786492800001,2026-08-12T00:00:00.001000+00:00,0.0001,0.07187
2026-08-12 08:00:00+00:00,1786521600000,2026-08-12T08:00:00+00:00,0.0001,0.07168
2026-08-12 16:00:00+00:00,1786550400000,2026-08-12T16:00:00+00:00,1.312e-05,0.07080092
2026-08-13 00:00:00+00:00,1786579200000,2026-08-13T00:00:00+00:00,-3.543e-05,0.06966
2026-08-13 08:00:00+00:00,1786608000000,2026-08-13T08:00:00+00:00,7.15e-05,0.07054426
2026-08-13 16:00:00+00:00,1786636800000,2026-08-13T16:00:00+00:00,2.764e-05,0.06968521
2026-08-14 00:00:00+00:00,1786665600000,2026-08-14T00:00:00+00:00,4.707e-05,0.0701478
2026-08-14 08:00:00.001000+00:00,1786694400001,2026-08-14T08:00:00.001000+00:00,-4.61e-06,0.06964565
2026-08-14 16:00:00.001000+00:00,1786723200001,2026-08-14T16:00:00.001000+00:00,4.962e-05,0.06987143
2026-08-15 00:00:00.003000+00:00,1786752000003,2026-08-15T00:00:00.003000+00:00,0.0001,0.07005
2026-08-15 08:00:00.002000+00:00,1786780800002,2026-08-15T08:00:00.002000+00:00,4.654e-05,0.07003
2026-08-15 16:00:00+00:00,1786809600000,2026-08-15T16:00:00+00:00,8.893e-05,0.07003558
2026-08-16 00:00:00+00:00,1786838400000,2026-08-16T00:00:00+00:00,1.94e-05,0.06958
2026-08-16 08:00:00.002000+00:00,1786867200002,2026-08-16T08:00:00.002000+00:00,6.131e-05,0.06987089
2026-08-16 16:00:00+00:00,1786896000000,2026-08-16T16:00:00+00:00,0.0001,0.07002235
2026-08-17 00:00:00.001000+00:00,1786924800001,2026-08-17T00:00:00.001000+00:00,-2.485e-05,0.06956
2026-08-17 08:00:00.003000+00:00,1786953600003,2026-08-17T08:00:00.003000+00:00,0.0001,0.0702882
2026-08-17 16:00:00.005000+00:00,1786982400005,2026-08-17T16:00:00.005000+00:00,0.0001,0.07048
2026-08-18 00:00:00.006000+00:00,1787011200006,2026-08-18T00:00:00.006000+00:00,6.074e-05,0.07037
2026-08-18 08:00:00.001000+00:00,1787040000001,2026-08-18T08:00:00.001000+00:00,-5.95e-06,0.06984411
2026-08-18 16:00:00.003000+00:00,1787068800003,2026-08-18T16:00:00.003000+00:00,5.592e-05,0.07029
2026-08-19 00:00:00+00:00,1787097600000,2026-08-19T00:00:00+00:00,4.191e-05,0.07023
2026-08-19 08:00:00+00:00,1787126400000,2026-08-19T08:00:00+00:00,1.883e-05,0.0699071
2026-08-19 16:00:00.004000+00:00,1787155200004,2026-08-19T16:00:00.004000+00:00,0.0001,0.07249
2026-08-20 00:00:00.001000+00:00,1787184000001,2026-08-20T00:00:00.001000+00:00,0.0001,0.07504195
2026-08-20 08:00:00+00:00,1787212800000,2026-08-20T08:00:00+00:00,0.0001,0.07530122
2026-08-20 16:00:00.005000+00:00,1787241600005,2026-08-20T16:00:00.005000+00:00,0.0001,0.08021508
2026-08-21 00:00:00.004000+00:00,1787270400004,2026-08-21T00:00:00.004000+00:00,0.0001,0.080447
2026-08-21 08:00:00+00:00,1787299200000,2026-08-21T08:00:00+00:00,0.0001,0.08345
2026-08-21 16:00:00.001000+00:00,1787328000001,2026-08-21T16:00:00.001000+00:00,0.0001,0.08380564
2026-08-22 00:00:00+00:00,1787356800000,2026-08-22T00:00:00+00:00,0.0001,0.09157
2026-08-22 08:00:00+00:00,1787385600000,2026-08-22T08:00:00+00:00,0.0001,0.09306
2026-08-22 16:00:00+00:00,1787414400000,2026-08-22T16:00:00+00:00,0.0001,0.09033818
2026-08-23 00:00:00+00:00,1787443200000,2026-08-23T00:00:00+00:00,0.0001,0.09188493
2026-08-23 08:00:00+00:00,1787472000000,2026-08-23T08:00:00+00:00,0.0001,0.09031267
2026-08-23 16:00:00.006000+00:00,1787500800006,2026-08-23T16:00:00.006000+00:00,0.0001,0.09244333
2026-08-24 00:00:00.001000+00:00,1787529600001,2026-08-24T00:00:00.001000+00:00,0.0001,0.09341146
2026-08-24 08:00:00.002000+00:00,1787558400002,2026-08-24T08:00:00.002000+00:00,0.0001,0.09137
2026-08-24 16:00:00+00:00,1787587200000,2026-08-24T16:00:00+00:00,0.0001,0.09123954
2026-08-25 00:00:00.001000+00:00,1787616000001,2026-08-25T00:00:00.001000+00:00,0.0001,0.0901
2026-08-25 08:00:00+00:00,1787644800000,2026-08-25T08:00:00+00:00,0.0001,0.09080662
2026-08-25 16:00:00.005000+00:00,1787673600005,2026-08-25T16:00:00.005000+00:00,0.0001,0.08917827
2026-08-26 00:00:00+00:00,1787702400000,2026-08-26T00:00:00+00:00,0.0001,0.08568
2026-08-26 08:00:00.005000+00:00,1787731200005,2026-08-26T08:00:00.005000+00:00,0.0001,0.08660303
2026-08-26 16:00:00+00:00,1787760000000,2026-08-26T16:00:00+00:00,0.0001,0.08448257
2026-08-27 00:00:00+00:00,1787788800000,2026-08-27T00:00:00+00:00,0.0001,0.08764582
2026-08-27 08:00:00+00:00,1787817600000,2026-08-27T08:00:00+00:00,0.0001,0.08710675
2026-08-27 16:00:00.013000+00:00,1787846400013,2026-08-27T16:00:00.013000+00:00,6.949e-05,0.08865
2026-08-28 00:00:00.026000+00:00,1787875200026,2026-08-28T00:00:00.026000+00:00,5.056e-05,0.0891
2026-08-28 08:00:00+00:00,1787904000000,2026-08-28T08:00:00+00:00,5.664e-05,0.08748011
2026-08-28 16:00:00.001000+00:00,1787932800001,2026-08-28T16:00:00.001000+00:00,4.78e-06,0.08585
2026-08-29 00:00:00+00:00,1787961600000,2026-08-29T00:00:00+00:00,5.062e-05,0.08522
2026-08-29 08:00:00+00:00,1787990400000,2026-08-29T08:00:00+00:00,5.73e-05,0.08440027
2026-08-29 16:00:00.002000+00:00,1788019200002,2026-08-29T16:00:00.002000+00:00,6.018e-05,0.08512
2026-08-30 00:00:00+00:00,1788048000000,2026-08-30T00:00:00+00:00,5.456e-05,0.08524657
2026-08-30 08:00:00+00:00,1788076800000,2026-08-30T08:00:00+00:00,3.858e-05,0.0845898
2026-08-30 16:00:00.001000+00:00,1788105600001,2026-08-30T16:00:00.001000+00:00,4.192e-05,0.08533
2026-08-31 00:00:00.002000+00:00,1788134400002,2026-08-31T00:00:00.002000+00:00,9.94e-06,0.0820068
2026-08-31 08:00:00.002000+00:00,1788163200002,2026-08-31T08:00:00.002000+00:00,5.141e-05,0.08269
2026-08-31 16:00:00.001000+00:00,1788192000001,2026-08-31T16:00:00.001000+00:00,8.336e-05,0.08279
2026-09-01 00:00:00.005000+00:00,1788220800005,2026-09-01T00:00:00.005000+00:00,0.0001,0.0828175
2026-09-01 08:00:00+00:00,1788249600000,2026-09-01T08:00:00+00:00,5.065e-05,0.08333746
2026-09-01 16:00:00+00:00,1788278400000,2026-09-01T16:00:00+00:00,0.0001,0.08267
2026-09-02 00:00:00+00:00,1788307200000,2026-09-02T00:00:00+00:00,8.36e-05,0.08164
2026-09-02 08:00:00.001000+00:00,1788336000001,2026-09-02T08:00:00.001000+00:00,0.0001,0.08164
2026-09-02 16:00:00.005000+00:00,1788364800005,2026-09-02T16:00:00.005000+00:00,9.669e-05,0.08163
2026-09-03 00:00:00+00:00,1788393600000,2026-09-03T00:00:00+00:00,0.0001,0.08172719
2026-09-03 08:00:00+00:00,1788422400000,2026-09-03T08:00:00+00:00,7.59e-05,0.08286
2026-09-03 16:00:00+00:00,1788451200000,2026-09-03T16:00:00+00:00,0.0001,0.08922
2026-09-04 00:00:00+00:00,1788480000000,2026-09-04T00:00:00+00:00,0.0001,0.08780475
2026-09-04 08:00:00+00:00,1788508800000,2026-09-04T08:00:00+00:00,0.0001,0.08698947
2026-09-04 16:00:00.009000+00:00,1788537600009,2026-09-04T16:00:00.009000+00:00,5.403e-05,0.08436724
2026-09-05 00:00:00+00:00,1788566400000,2026-09-05T00:00:00+00:00,2.405e-05,0.08475
2026-09-05 08:00:00+00:00,1788595200000,2026-09-05T08:00:00+00:00,0.0001,0.08576
2026-09-05 16:00:00.001000+00:00,1788624000001,2026-09-05T16:00:00.001000+00:00,0.0001,0.08757
2026-09-06 00:00:00+00:00,1788652800000,2026-09-06T00:00:00+00:00,0.0001,0.08963975
2026-09-06 08:00:00+00:00,1788681600000,2026-09-06T08:00:00+00:00,0.0001,0.09082265
2026-09-06 16:00:00.004000+00:00,1788710400004,2026-09-06T16:00:00.004000+00:00,8.146e-05,0.08893262
2026-09-07 00:00:00.004000+00:00,1788739200004,2026-09-07T00:00:00.004000+00:00,7.374e-05,0.09087484
2026-09-07 08:00:00+00:00,1788768000000,2026-09-07T08:00:00+00:00,0.0001,0.08936
2026-09-07 16:00:00.003000+00:00,1788796800003,2026-09-07T16:00:00.003000+00:00,9.564e-05,0.08892
2026-09-08 00:00:00.004000+00:00,1788825600004,2026-09-08T00:00:00.004000+00:00,5.611e-05,0.09046
2026-09-08 08:00:00.002000+00:00,1788854400002,2026-09-08T08:00:00.002000+00:00,2.121e-05,0.08926
2026-09-08 16:00:00.001000+00:00,1788883200001,2026-09-08T16:00:00.001000+00:00,8.837e-05,0.09061
2026-09-09 00:00:00.005000+00:00,1788912000005,2026-09-09T00:00:00.005000+00:00,0.0001,0.09001
2026-09-09 08:00:00.004000+00:00,1788940800004,2026-09-09T08:00:00.004000+00:00,9.227e-05,0.09084
2026-09-09 16:00:00.002000+00:00,1788969600002,2026-09-09T16:00:00.002000+00:00,-1.205e-05,0.08888
2026-09-10 00:00:00+00:00,1788998400000,2026-09-10T00:00:00+00:00,-4.654e-05,0.08611114
2026-09-10 08:00:00.007000+00:00,1789027200007,2026-09-10T08:00:00.007000+00:00,2.038e-05,0.08531111
2026-09-10 16:00:00.002000+00:00,1789056000002,2026-09-10T16:00:00.002000+00:00,4.9e-06,0.08368
2026-09-11 00:00:00.008000+00:00,1789084800008,2026-09-11T00:00:00.008000+00:00,3.605e-05,0.08287167
2026-09-11 08:00:00+00:00,1789113600000,2026-09-11T08:00:00+00:00,2.45e-06,0.08377
2026-09-11 16:00:00+00:00,1789142400000,2026-09-11T16:00:00+00:00,5.697e-05,0.08495
2026-09-12 00:00:00.001000+00:00,1789171200001,2026-09-12T00:00:00.001000+00:00,3.176e-05,0.0842641
2026-09-12 08:00:00.003000+00:00,1789200000003,2026-09-12T08:00:00.003000+00:00,6.355e-05,0.08472
2026-09-12 16:00:00+00:00,1789228800000,2026-09-12T16:00:00+00:00,0.0001,0.08507185
2026-09-13 00:00:00.002000+00:00,1789257600002,2026-09-13T00:00:00.002000+00:00,3.662e-05,0.08479
2026-09-13 08:00:00+00:00,1789286400000,2026-09-13T08:00:00+00:00,2.152e-05,0.08413018
2026-09-13 16:00:00+00:00,1789315200000,2026-09-13T16:00:00+00:00,-3.48e-06,0.08345222
2026-09-14 00:00:00+00:00,1789344000000,2026-09-14T00:00:00+00:00,7.77e-06,0.08236
2026-09-14 08:00:00+00:00,1789372800000,2026-09-14T08:00:00+00:00,9.478e-05,0.08431334
2026-09-14 16:00:00+00:00,1789401600000,2026-09-14T16:00:00+00:00,3.006e-05,0.084
2026-09-15 00:00:00+00:00,1789430400000,2026-09-15T00:00:00+00:00,0.0001,0.08361946
2026-09-15 08:00:00.005000+00:00,1789459200005,2026-09-15T08:00:00.005000+00:00,4.576e-05,0.08251
2026-09-15 16:00:00.001000+00:00,1789488000001,2026-09-15T16:00:00.001000+00:00,1.153e-05,0.08164
2026-09-16 00:00:00.001000+00:00,1789516800001,2026-09-16T00:00:00.001000+00:00,4.703e-05,0.08003491
2026-09-16 08:00:00.002000+00:00,1789545600002,2026-09-16T08:00:00.002000+00:00,5.418e-05,0.07964
2026-09-16 16:00:00.001000+00:00,1789574400001,2026-09-16T16:00:00.001000+00:00,2.595e-05,0.079
2026-09-17 00:00:00+00:00,1789603200000,2026-09-17T00:00:00+00:00,5.635e-05,0.08088
2026-09-17 08:00:00.003000+00:00,1789632000003,2026-09-17T08:00:00.003000+00:00,5.03e-06,0.08115468
2026-09-17 16:00:00+00:00,1789660800000,2026-09-17T16:00:00+00:00,4.36e-05,0.08196
2026-09-18 00:00:00.003000+00:00,1789689600003,2026-09-18T00:00:00.003000+00:00,0.0001,0.08168011
2026-09-18 08:00:00.006000+00:00,1789718400006,2026-09-18T08:00:00.006000+00:00,0.0001,0.08445
2026-09-18 16:00:00+00:00,1789747200000,2026-09-18T16:00:00+00:00,0.0001,0.08748
2026-09-19 00:00:00+00:00,1789776000000,2026-09-19T00:00:00+00:00,0.0001,0.08745341
2026-09-19 08:00:00.002000+00:00,1789804800002,2026-09-19T08:00:00.002000+00:00,0.0001,0.0866878
2026-09-19 16:00:00+00:00,1789833600000,2026-09-19T16:00:00+00:00,0.0001,0.08892
2026-09-20 00:00:00+00:00,1789862400000,2026-09-20T00:00:00+00:00,0.0001,0.08771
2026-09-20 08:00:00+00:00,1789891200000,2026-09-20T08:00:00+00:00,0.0001,0.08486518
2026-09-20 16:00:00+00:00,1789920000000,2026-09-20T16:00:00+00:00,4.861e-05,0.08578652
2026-09-21 00:00:00.007000+00:00,1789948800007,2026-09-21T00:00:00.007000+00:00,9.461e-05,0.08725089
2026-09-21 08:00:00.004000+00:00,1789977600004,2026-09-21T08:00:00.004000+00:00,0.0001,0.08973122
2026-09-21 16:00:00.002000+00:00,1790006400002,2026-09-21T16:00:00.002000+00:00,0.0001,0.09732
2026-09-22 00:00:00+00:00,1790035200000,2026-09-22T00:00:00+00:00,0.0001,0.09985927
2026-09-22 08:00:00.004000+00:00,1790064000004,2026-09-22T08:00:00.004000+00:00,0.0001,0.09884
2026-09-22 16:00:00+00:00,1790092800000,2026-09-22T16:00:00+00:00,0.0001,0.09999
2026-09-23 00:00:00+00:00,1790121600000,2026-09-23T00:00:00+00:00,0.0001,0.10039578
2026-09-23 08:00:00.004000+00:00,1790150400004,2026-09-23T08:00:00.004000+00:00,0.0001,0.10085
2026-09-23 16:00:00.004000+00:00,1790179200004,2026-09-23T16:00:00.004000+00:00,0.0001,0.09273
2026-09-24 00:00:00.002000+00:00,1790208000002,2026-09-24T00:00:00.002000+00:00,-1.761e-05,0.09267395
2026-09-24 08:00:00+00:00,1790236800000,2026-09-24T08:00:00+00:00,2.381e-05,0.09457014
2026-09-24 16:00:00.005000+00:00,1790265600005,2026-09-24T16:00:00.005000+00:00,4.318e-05,0.09562
2026-09-25 00:00:00.002000+00:00,1790294400002,2026-09-25T00:00:00.002000+00:00,9.707e-05,0.09573755
2026-09-25 08:00:00+00:00,1790323200000,2026-09-25T08:00:00+00:00,0.0001,0.09546298
2026-09-25 16:00:00.002000+00:00,1790352000002,2026-09-25T16:00:00.002000+00:00,0.0001,0.0974
2026-09-26 00:00:00+00:00,1790380800000,2026-09-26T00:00:00+00:00,0.0001,0.09893405
2026-09-26 08:00:00.001000+00:00,1790409600001,2026-09-26T08:00:00.001000+00:00,0.0001,0.09789984
2026-09-26 16:00:00.001000+00:00,1790438400001,2026-09-26T16:00:00.001000+00:00,4.519e-05,0.09864
2026-09-27 00:00:00+00:00,1790467200000,2026-09-27T00:00:00+00:00,2.777e-05,0.09669079
2026-09-27 08:00:00.001000+00:00,1790496000001,2026-09-27T08:00:00.001000+00:00,4.793e-05,0.09808178
2026-09-27 16:00:00+00:00,1790524800000,2026-09-27T16:00:00+00:00,8.141e-05,0.09688
2026-09-28 00:00:00+00:00,1790553600000,2026-09-28T00:00:00+00:00,5.866e-05,0.09685
2026-09-28 08:00:00.001000+00:00,1790582400001,2026-09-28T08:00:00.001000+00:00,9.8e-06,0.09247
2026-09-28 16:00:00.001000+00:00,1790611200001,2026-09-28T16:00:00.001000+00:00,2.986e-05,0.09333
2026-09-29 00:00:00+00:00,1790640000000,2026-09-29T00:00:00+00:00,2.853e-05,0.0939
2026-09-29 08:00:00+00:00,1790668800000,2026-09-29T08:00:00+00:00,0.0001,0.09502197
2026-09-29 16:00:00+00:00,1790697600000,2026-09-29T16:00:00+00:00,0.0001,0.09370052
2026-09-30 00:00:00+00:00,1790726400000,2026-09-30T00:00:00+00:00,8.708e-05,0.09385
2026-09-30 08:00:00+00:00,1790755200000,2026-09-30T08:00:00+00:00,8.316e-05,0.09373503
2026-09-30 16:00:00.002000+00:00,1790784000002,2026-09-30T16:00:00.002000+00:00,0.0001,0.09534
