ts,timestamp,datetime,funding_rate,mark_price
2020-01-01 00:00:00+00:00,1577836800000,2020-01-01T00:00:00+00:00,0.0001,0.0
2020-01-01 08:00:00+00:00,1577865600000,2020-01-01T08:00:00+00:00,7.354e-05,0.0
2020-01-01 16:00:00+00:00,1577894400000,2020-01-01T16:00:00+00:00,-0.00016125,0.0
2020-01-02 00:00:00.002000+00:00,1577923200002,2020-01-02T00:00:00.002000+00:00,5.047e-05,0.0
2020-01-02 08:00:00+00:00,1577952000000,2020-01-02T08:00:00+00:00,0.0001,0.0
2020-01-02 16:00:00+00:00,1577980800000,2020-01-02T16:00:00+00:00,0.0001,0.0
2020-01-03 00:00:00+00:00,1578009600000,2020-01-03T00:00:00+00:00,0.0001,0.0
2020-01-03 08:00:00+00:00,1578038400000,2020-01-03T08:00:00+00:00,0.0001,0.0
2020-01-03 16:00:00.001000+00:00,1578067200001,2020-01-03T16:00:00.001000+00:00,0.0001,0.0
2020-01-04 00:00:00+00:00,1578096000000,2020-01-04T00:00:00+00:00,0.0001,0.0
2020-01-04 08:00:00+00:00,1578124800000,2020-01-04T08:00:00+00:00,0.0001,0.0
2020-01-04 16:00:00+00:00,1578153600000,2020-01-04T16:00:00+00:00,0.0001,0.0
2020-01-05 00:00:00+00:00,1578182400000,2020-01-05T00:00:00+00:00,0.0001,0.0
2020-01-05 08:00:00+00:00,1578211200000,2020-01-05T08:00:00+00:00,0.0001,0.0
2020-01-05 16:00:00+00:00,1578240000000,2020-01-05T16:00:00+00:00,0.0001,0.0
2020-01-06 00:00:00+00:00,1578268800000,2020-01-06T00:00:00+00:00,0.0001,0.0
2020-01-06 08:00:00+00:00,1578297600000,2020-01-06T08:00:00+00:00,0.0001,0.0
2020-01-06 16:00:00+00:00,1578326400000,2020-01-06T16:00:00+00:00,0.0001,0.0
2020-01-07 00:00:00+00:00,1578355200000,2020-01-07T00:00:00+00:00,0.0001,0.0
2020-01-07 08:00:00.001000+00:00,1578384000001,2020-01-07T08:00:00.001000+00:00,0.0001,0.0
2020-01-07 16:00:00+00:00,1578412800000,2020-01-07T16:00:00+00:00,0.0001,0.0
2020-01-08 00:00:00+00:00,1578441600000,2020-01-08T00:00:00+00:00,0.0001,0.0
2020-01-08 08:00:00+00:00,1578470400000,2020-01-08T08:00:00+00:00,0.0001,0.0
2020-01-08 16:00:00.001000+00:00,1578499200001,2020-01-08T16:00:00.001000+00:00,0.0001,0.0
2020-01-09 00:00:00+00:00,1578528000000,2020-01-09T00:00:00+00:00,0.0001,0.0
2020-01-09 08:00:00+00:00,1578556800000,2020-01-09T08:00:00+00:00,0.0001,0.0
2020-01-09 16:00:00+00:00,1578585600000,2020-01-09T16:00:00+00:00,0.0001,0.0
2020-01-10 00:00:00+00:00,1578614400000,2020-01-10T00:00:00+00:00,0.0001,0.0
2020-01-10 08:00:00+00:00,1578643200000,2020-01-10T08:00:00+00:00,0.0001,0.0
2020-01-10 16:00:00+00:00,1578672000000,2020-01-10T16:00:00+00:00,0.0001,0.0
2020-01-11 00:00:00+00:00,1578700800000,2020-01-11T00:00:00+00:00,0.0001,0.0
2020-01-11 08:00:00+00:00,1578729600000,2020-01-11T08:00:00+00:00,0.0001,0.0
2020-01-11 16:00:00+00:00,1578758400000,2020-01-11T16:00:00+00:00,0.0001,0.0
2020-01-12 00:00:00+00:00,1578787200000,2020-01-12T00:00:00+00:00,0.0001,0.0
2020-01-12 08:00:00+00:00,1578816000000,2020-01-12T08:00:00+00:00,0.0001,0.0
2020-01-12 16:00:00+00:00,1578844800000,2020-01-12T16:00:00+00:00,0.0001,0.0
2020-01-13 00:00:00.001000+00:00,1578873600001,2020-01-13T00:00:00.001000+00:00,0.0001,0.0
2020-01-13 08:00:00+00:00,1578902400000,2020-01-13T08:00:00+00:00,0.0001,0.0
2020-01-13 16:00:00+00:00,1578931200000,2020-01-13T16:00:00+00:00,0.0001,0.0
2020-01-14 00:00:00+00:00,1578960000000,2020-01-14T00:00:00+00:00,0.0001,0.0
2020-01-14 08:00:00+00:00,1578988800000,2020-01-14T08:00:00+00:00,0.0001,0.0
2020-01-14 16:00:00.001000+00:00,1579017600001,2020-01-14T16:00:00.001000+00:00,0.0001,0.0
2020-01-15 00:00:00+00:00,1579046400000,2020-01-15T00:00:00+00:00,0.00011544,0.0
2020-01-15 08:00:00+00:00,1579075200000,2020-01-15T08:00:00+00:00,0.00020223,0.0
2020-01-15 16:00:00+00:00,1579104000000,2020-01-15T16:00:00+00:00,0.00031864,0.0
2020-01-16 00:00:00+00:00,1579132800000,2020-01-16T00:00:00+00:00,0.00017165,0.0
2020-01-16 08:00:00+00:00,1579161600000,2020-01-16T08:00:00+00:00,0.00038406,0.0
2020-01-16 16:00:00+00:00,1579190400000,2020-01-16T16:00:00+00:00,0.0004224,0.0
2020-01-17 00:00:00+00:00,1579219200000,2020-01-17T00:00:00+00:00,0.00018772,0.0
2020-01-17 08:00:00+00:00,1579248000000,2020-01-17T08:00:00+00:00,0.0001,0.0
2020-01-17 16:00:00+00:00,1579276800000,2020-01-17T16:00:00+00:00,0.00020327,0.0
2020-01-18 00:00:00.001000+00:00,1579305600001,2020-01-18T00:00:00.001000+00:00,0.0001,0.0
2020-01-18 08:00:00.001000+00:00,1579334400001,2020-01-18T08:00:00.001000+00:00,0.0001,0.0
2020-01-18 16:00:00+00:00,1579363200000,2020-01-18T16:00:00+00:00,0.00011014,0.0
2020-01-19 00:00:00+00:00,1579392000000,2020-01-19T00:00:00+00:00,0.00044662,0.0
2020-01-19 08:00:00+00:00,1579420800000,2020-01-19T08:00:00+00:00,0.00019851,0.0
2020-01-19 16:00:00+00:00,1579449600000,2020-01-19T16:00:00+00:00,0.00023852,0.0
2020-01-20 00:00:00+00:00,1579478400000,2020-01-20T00:00:00+00:00,0.00047503,0.0
2020-01-20 08:00:00+00:00,1579507200000,2020-01-20T08:00:00+00:00,0.00054081,0.0
2020-01-20 16:00:00+00:00,1579536000000,2020-01-20T16:00:00+00:00,0.00038562,0.0
2020-01-21 00:00:00+00:00,1579564800000,2020-01-21T00:00:00+00:00,0.00021637,0.0
2020-01-21 08:00:00+00:00,1579593600000,2020-01-21T08:00:00+00:00,0.00016823,0.0
2020-01-21 16:00:00+00:00,1579622400000,2020-01-21T16:00:00+00:00,0.00018627,0.0
2020-01-22 00:00:00+00:00,1579651200000,2020-01-22T00:00:00+00:00,0.0001535,0.0
2020-01-22 08:00:00.001000+00:00,1579680000001,2020-01-22T08:00:00.001000+00:00,0.0001,0.0
2020-01-22 16:00:00+00:00,1579708800000,2020-01-22T16:00:00+00:00,0.0001,0.0
2020-01-23 00:00:00+00:00,1579737600000,2020-01-23T00:00:00+00:00,0.0001,0.0
2020-01-23 08:00:00+00:00,1579766400000,2020-01-23T08:00:00+00:00,0.0001,0.0
2020-01-23 16:00:00+00:00,1579795200000,2020-01-23T16:00:00+00:00,0.00021994,0.0
2020-01-24 00:00:00+00:00,1579824000000,2020-01-24T00:00:00+00:00,0.00017114,0.0
2020-01-24 08:00:00+00:00,1579852800000,2020-01-24T08:00:00+00:00,0.00017748,0.0
2020-01-24 16:00:00.001000+00:00,1579881600001,2020-01-24T16:00:00.001000+00:00,0.00025923,0.0
2020-01-25 00:00:00+00:00,1579910400000,2020-01-25T00:00:00+00:00,0.0001,0.0
2020-01-25 08:00:00+00:00,1579939200000,2020-01-25T08:00:00+00:00,0.0001,0.0
2020-01-25 16:00:00.001000+00:00,1579968000001,2020-01-25T16:00:00.001000+00:00,0.00027793,0.0
2020-01-26 00:00:00+00:00,1579996800000,2020-01-26T00:00:00+00:00,0.00031959,0.0
2020-01-26 08:00:00+00:00,1580025600000,2020-01-26T08:00:00+00:00,0.00026387,0.0
2020-01-26 16:00:00+00:00,1580054400000,2020-01-26T16:00:00+00:00,0.0001,0.0
2020-01-27 00:00:00+00:00,1580083200000,2020-01-27T00:00:00+00:00,0.0001,0.0
2020-01-27 08:00:00.001000+00:00,1580112000001,2020-01-27T08:00:00.001000+00:00,0.0001,0.0
2020-01-27 16:00:00+00:00,1580140800000,2020-01-27T16:00:00+00:00,0.0001,0.0
2020-01-28 00:00:00+00:00,1580169600000,2020-01-28T00:00:00+00:00,0.00010167,0.0
2020-01-28 08:00:00+00:00,1580198400000,2020-01-28T08:00:00+00:00,0.00049212,0.0
2020-01-28 16:00:00+00:00,1580227200000,2020-01-28T16:00:00+00:00,0.00091788,0.0
2020-01-29 00:00:00.001000+00:00,1580256000001,2020-01-29T00:00:00.001000+00:00,0.00122251,0.0
2020-01-29 08:00:00+00:00,1580284800000,2020-01-29T08:00:00+00:00,0.0010613,0.0
2020-01-29 16:00:00.002000+00:00,1580313600002,2020-01-29T16:00:00.002000+00:00,0.00055576,0.0
2020-01-30 00:00:00+00:00,1580342400000,2020-01-30T00:00:00+00:00,0.00054882,0.0
2020-01-30 08:00:00+00:00,1580371200000,2020-01-30T08:00:00+00:00,0.00049058,0.0
2020-01-30 16:00:00+00:00,1580400000000,2020-01-30T16:00:00+00:00,0.00054951,0.0
2020-01-31 00:00:00+00:00,1580428800000,2020-01-31T00:00:00+00:00,0.00082589,0.0
2020-01-31 08:00:00+00:00,1580457600000,2020-01-31T08:00:00+00:00,0.00132017,0.0
2020-01-31 16:00:00+00:00,1580486400000,2020-01-31T16:00:00+00:00,0.00093741,0.0
2020-02-01 00:00:00+00:00,1580515200000,2020-02-01T00:00:00+00:00,0.0007201,0.0
2020-02-01 08:00:00+00:00,1580544000000,2020-02-01T08:00:00+00:00,0.00070775,0.0
2020-02-01 16:00:00+00:00,1580572800000,2020-02-01T16:00:00+00:00,0.00052861,0.0
2020-02-02 00:00:00+00:00,1580601600000,2020-02-02T00:00:00+00:00,0.000352,0.0
2020-02-02 08:00:00+00:00,1580630400000,2020-02-02T08:00:00+00:00,0.00016128,0.0
2020-02-02 16:00:00+00:00,1580659200000,2020-02-02T16:00:00+00:00,0.0001,0.0
2020-02-03 00:00:00+00:00,1580688000000,2020-02-03T00:00:00+00:00,0.0001,0.0
2020-02-03 08:00:00+00:00,1580716800000,2020-02-03T08:00:00+00:00,0.0001,0.0
2020-02-03 16:00:00+00:00,1580745600000,2020-02-03T16:00:00+00:00,0.0001,0.0
2020-02-04 00:00:00+00:00,1580774400000,2020-02-04T00:00:00+00:00,0.00036575,0.0
2020-02-04 08:00:00.001000+00:00,1580803200001,2020-02-04T08:00:00.001000+00:00,0.00014722,0.0
2020-02-04 16:00:00+00:00,1580832000000,2020-02-04T16:00:00+00:00,0.00039381,0.0
2020-02-05 00:00:00.002000+00:00,1580860800002,2020-02-05T00:00:00.002000+00:00,0.0001,0.0
2020-02-05 08:00:00+00:00,1580889600000,2020-02-05T08:00:00+00:00,0.0001,0.0
2020-02-05 16:00:00+00:00,1580918400000,2020-02-05T16:00:00+00:00,0.00095515,0.0
2020-02-06 00:00:00+00:00,1580947200000,2020-02-06T00:00:00+00:00,0.00112654,0.0
2020-02-06 08:00:00+00:00,1580976000000,2020-02-06T08:00:00+00:00,0.00077325,0.0
2020-02-06 16:00:00+00:00,1581004800000,2020-02-06T16:00:00+00:00,0.00053238,0.0
2020-02-07 00:00:00+00:00,1581033600000,2020-02-07T00:00:00+00:00,0.00032775,0.0
2020-02-07 08:00:00+00:00,1581062400000,2020-02-07T08:00:00+00:00,0.00014913,0.0
2020-02-07 16:00:00.001000+00:00,1581091200001,2020-02-07T16:00:00.001000+00:00,0.00045718,0.0
2020-02-08 00:00:00+00:00,1581120000000,2020-02-08T00:00:00+00:00,0.00026524,0.0
2020-02-08 08:00:00+00:00,1581148800000,2020-02-08T08:00:00+00:00,0.00027312,0.0
2020-02-08 16:00:00+00:00,1581177600000,2020-02-08T16:00:00+00:00,0.00029946,0.0
2020-02-09 00:00:00+00:00,1581206400000,2020-02-09T00:00:00+00:00,0.00097062,0.0
2020-02-09 08:00:00+00:00,1581235200000,2020-02-09T08:00:00+00:00,0.00063224,0.0
2020-02-09 16:00:00+00:00,1581264000000,2020-02-09T16:00:00+00:00,0.00136228,0.0
2020-02-10 00:00:00+00:00,1581292800000,2020-02-10T00:00:00+00:00,0.00130685,0.0
2020-02-10 08:00:00+00:00,1581321600000,2020-02-10T08:00:00+00:00,0.00193444,0.0
2020-02-10 16:00:00.009000+00:00,1581350400009,2020-02-10T16:00:00.009000+00:00,0.00295694,0.0
2020-02-11 00:00:00+00:00,1581379200000,2020-02-11T00:00:00+00:00,0.0011812,0.0
2020-02-11 08:00:00+00:00,1581408000000,2020-02-11T08:00:00+00:00,0.00150902,0.0
2020-02-11 16:00:00+00:00,1581436800000,2020-02-11T16:00:00+00:00,0.00107512,0.0
2020-02-12 00:00:00+00:00,1581465600000,2020-02-12T00:00:00+00:00,0.0028447,0.0
2020-02-12 08:00:00.001000+00:00,1581494400001,2020-02-12T08:00:00.001000+00:00,0.0036719,0.0
2020-02-12 16:00:00+00:00,1581523200000,2020-02-12T16:00:00+00:00,0.00148984,0.0
2020-02-13 00:00:00.001000+00:00,1581552000001,2020-02-13T00:00:00.001000+00:00,0.00119193,0.0
2020-02-13 08:00:00+00:00,1581580800000,2020-02-13T08:00:00+00:00,0.00141789,0.0
2020-02-13 16:00:00+00:00,1581609600000,2020-02-13T16:00:00+00:00,0.0017895,0.0
2020-02-14 00:00:00+00:00,1581638400000,2020-02-14T00:00:00+00:00,0.00133922,0.0
2020-02-14 08:00:00+00:00,1581667200000,2020-02-14T08:00:00+00:00,0.00081527,0.0
2020-02-14 16:00:00+00:00,1581696000000,2020-02-14T16:00:00+00:00,0.00097804,0.0
2020-02-15 00:00:00+00:00,1581724800000,2020-02-15T00:00:00+00:00,0.00084363,0.0
2020-02-15 08:00:00+00:00,1581753600000,2020-02-15T08:00:00+00:00,0.00099519,0.0
2020-02-15 16:00:00+00:00,1581782400000,2020-02-15T16:00:00+00:00,0.00116429,0.0
2020-02-16 00:00:00+00:00,1581811200000,2020-02-16T00:00:00+00:00,0.00191229,0.0
2020-02-16 08:00:00+00:00,1581840000000,2020-02-16T08:00:00+00:00,0.00042143,0.0
2020-02-16 16:00:00+00:00,1581868800000,2020-02-16T16:00:00+00:00,0.00063291,0.0
2020-02-17 00:00:00+00:00,1581897600000,2020-02-17T00:00:00+00:00,0.0006537,0.0
2020-02-17 08:00:00+00:00,1581926400000,2020-02-17T08:00:00+00:00,0.00052153,0.0
2020-02-17 16:00:00+00:00,1581955200000,2020-02-17T16:00:00+00:00,0.00088411,0.0
2020-02-18 00:00:00+00:00,1581984000000,2020-02-18T00:00:00+00:00,0.00024205,0.0
2020-02-18 08:00:00+00:00,1582012800000,2020-02-18T08:00:00+00:00,0.00012422,0.0
2020-02-18 16:00:00+00:00,1582041600000,2020-02-18T16:00:00+00:00,0.00023619,0.0
2020-02-19 00:00:00+00:00,1582070400000,2020-02-19T00:00:00+00:00,0.0007174,0.0
2020-02-19 08:00:00.001000+00:00,1582099200001,2020-02-19T08:00:00.001000+00:00,0.00095567,0.0
2020-02-19 16:00:00+00:00,1582128000000,2020-02-19T16:00:00+00:00,0.00068394,0.0
2020-02-20 00:00:00.004000+00:00,1582156800004,2020-02-20T00:00:00.004000+00:00,0.0001949,0.0
2020-02-20 08:00:00+00:00,1582185600000,2020-02-20T08:00:00+00:00,0.0001,0.0
2020-02-20 16:00:00+00:00,1582214400000,2020-02-20T16:00:00+00:00,0.00053851,0.0
2020-02-21 00:00:00+00:00,1582243200000,2020-02-21T00:00:00+00:00,0.00069899,0.0
2020-02-21 08:00:00+00:00,1582272000000,2020-02-21T08:00:00+00:00,0.0005353,0.0
2020-02-21 16:00:00+00:00,1582300800000,2020-02-21T16:00:00+00:00,0.0005742,0.0
2020-02-22 00:00:00+00:00,1582329600000,2020-02-22T00:00:00+00:00,0.00051605,0.0
2020-02-22 08:00:00.001000+00:00,1582358400001,2020-02-22T08:00:00.001000+00:00,0.00056424,0.0
2020-02-22 16:00:00+00:00,1582387200000,2020-02-22T16:00:00+00:00,0.00045883,0.0
2020-02-23 00:00:00+00:00,1582416000000,2020-02-23T00:00:00+00:00,0.00077311,0.0
2020-02-23 08:00:00+00:00,1582444800000,2020-02-23T08:00:00+00:00,0.00043317,0.0
2020-02-23 16:00:00+00:00,1582473600000,2020-02-23T16:00:00+00:00,0.00048157,0.0
2020-02-24 00:00:00.015000+00:00,1582502400015,2020-02-24T00:00:00.015000+00:00,0.00054128,0.0
2020-02-24 08:00:00+00:00,1582531200000,2020-02-24T08:00:00+00:00,0.00037142,0.0
2020-02-24 16:00:00+00:00,1582560000000,2020-02-24T16:00:00+00:00,0.00020954,0.0
2020-02-25 00:00:00.001000+00:00,1582588800001,2020-02-25T00:00:00.001000+00:00,0.00031422,0.0
2020-02-25 08:00:00+00:00,1582617600000,2020-02-25T08:00:00+00:00,0.00040545,0.0
2020-02-25 16:00:00.001000+00:00,1582646400001,2020-02-25T16:00:00.001000+00:00,0.00052084,0.0
2020-02-26 00:00:00+00:00,1582675200000,2020-02-26T00:00:00+00:00,0.00047129,0.0
2020-02-26 08:00:00.001000+00:00,1582704000001,2020-02-26T08:00:00.001000+00:00,0.00079802,0.0
2020-02-26 16:00:00+00:00,1582732800000,2020-02-26T16:00:00+00:00,0.00071497,0.0
2020-02-27 00:00:00.001000+00:00,1582761600001,2020-02-27T00:00:00.001000+00:00,0.0001,0.0
2020-02-27 08:00:00.001000+00:00,1582790400001,2020-02-27T08:00:00.001000+00:00,0.00025833,0.0
2020-02-27 16:00:00+00:00,1582819200000,2020-02-27T16:00:00+00:00,0.00010335,0.0
2020-02-28 00:00:00+00:00,1582848000000,2020-02-28T00:00:00+00:00,0.00012465,0.0
2020-02-28 08:00:00+00:00,1582876800000,2020-02-28T08:00:00+00:00,0.00025289,0.0
2020-02-28 16:00:00+00:00,1582905600000,2020-02-28T16:00:00+00:00,0.00030522,0.0
2020-02-29 00:00:00+00:00,1582934400000,2020-02-29T00:00:00+00:00,0.00040998,0.0
2020-02-29 08:00:00+00:00,1582963200000,2020-02-29T08:00:00+00:00,0.00055451,0.0
2020-02-29 16:00:00+00:00,1582992000000,2020-02-29T16:00:00+00:00,0.00047771,0.0
2020-03-01 00:00:00+00:00,1583020800000,2020-03-01T00:00:00+00:00,0.00032216,0.0
2020-03-01 08:00:00+00:00,1583049600000,2020-03-01T08:00:00+00:00,0.00018986,0.0
2020-03-01 16:00:00.001000+00:00,1583078400001,2020-03-01T16:00:00.001000+00:00,0.00015628,0.0
2020-03-02 00:00:00+00:00,1583107200000,2020-03-02T00:00:00+00:00,0.00014747,0.0
2020-03-02 08:00:00+00:00,1583136000000,2020-03-02T08:00:00+00:00,0.00015638,0.0
2020-03-02 16:00:00.004000+00:00,1583164800004,2020-03-02T16:00:00.004000+00:00,0.0001,0.0
2020-03-03 00:00:00+00:00,1583193600000,2020-03-03T00:00:00+00:00,0.0001,0.0
2020-03-03 08:00:00.003000+00:00,1583222400003,2020-03-03T08:00:00.003000+00:00,0.0001,0.0
2020-03-03 16:00:00+00:00,1583251200000,2020-03-03T16:00:00+00:00,0.00031403,0.0
2020-03-04 00:00:00.002000+00:00,1583280000002,2020-03-04T00:00:00.002000+00:00,0.00030731,0.0
2020-03-04 08:00:00+00:00,1583308800000,2020-03-04T08:00:00+00:00,0.00030432,0.0
2020-03-04 16:00:00.001000+00:00,1583337600001,2020-03-04T16:00:00.001000+00:00,0.00032821,0.0
2020-03-05 00:00:00+00:00,1583366400000,2020-03-05T00:00:00+00:00,0.00029022,0.0
2020-03-05 08:00:00+00:00,1583395200000,2020-03-05T08:00:00+00:00,0.00039893,0.0
2020-03-05 16:00:00+00:00,1583424000000,2020-03-05T16:00:00+00:00,0.00036018,0.0
2020-03-06 00:00:00.003000+00:00,1583452800003,2020-03-06T00:00:00.003000+00:00,0.0003738,0.0
2020-03-06 08:00:00+00:00,1583481600000,2020-03-06T08:00:00+00:00,0.0001,0.0
2020-03-06 16:00:00+00:00,1583510400000,2020-03-06T16:00:00+00:00,0.0001,0.0
2020-03-07 00:00:00+00:00,1583539200000,2020-03-07T00:00:00+00:00,0.0001,0.0
2020-03-07 08:00:00.001000+00:00,1583568000001,2020-03-07T08:00:00.001000+00:00,0.0001,0.0
2020-03-07 16:00:00+00:00,1583596800000,2020-03-07T16:00:00+00:00,0.00013739,0.0
2020-03-08 00:00:00.001000+00:00,1583625600001,2020-03-08T00:00:00.001000+00:00,0.00032347,0.0
2020-03-08 08:00:00+00:00,1583654400000,2020-03-08T08:00:00+00:00,0.0004582,0.0
2020-03-08 16:00:00.006000+00:00,1583683200006,2020-03-08T16:00:00.006000+00:00,0.00037933,0.0
2020-03-09 00:00:00+00:00,1583712000000,2020-03-09T00:00:00+00:00,0.0001,0.0
2020-03-09 08:00:00+00:00,1583740800000,2020-03-09T08:00:00+00:00,0.00011432,0.0
2020-03-09 16:00:00+00:00,1583769600000,2020-03-09T16:00:00+00:00,0.00016188,0.0
2020-03-10 00:00:00+00:00,1583798400000,2020-03-10T00:00:00+00:00,0.00025018,0.0
2020-03-10 08:00:00+00:00,1583827200000,2020-03-10T08:00:00+00:00,0.0001,0.0
2020-03-10 16:00:00+00:00,1583856000000,2020-03-10T16:00:00+00:00,0.00025409,0.0
2020-03-11 00:00:00.001000+00:00,1583884800001,2020-03-11T00:00:00.001000+00:00,0.0001,0.0
2020-03-11 08:00:00+00:00,1583913600000,2020-03-11T08:00:00+00:00,0.00016304,0.0
2020-03-11 16:00:00+00:00,1583942400000,2020-03-11T16:00:00+00:00,0.00037247,0.0
2020-03-12 00:00:00.001000+00:00,1583971200001,2020-03-12T00:00:00.001000+00:00,0.00036391,0.0
2020-03-12 08:00:00.001000+00:00,1584000000001,2020-03-12T08:00:00.001000+00:00,0.00054526,0.0
2020-03-12 16:00:00+00:00,1584028800000,2020-03-12T16:00:00+00:00,0.0001,0.0
2020-03-13 00:00:00+00:00,1584057600000,2020-03-13T00:00:00+00:00,0.0001,0.0
2020-03-13 08:00:00+00:00,1584086400000,2020-03-13T08:00:00+00:00,-0.00281778,0.0
2020-03-13 16:00:00.002000+00:00,1584115200002,2020-03-13T16:00:00.002000+00:00,-0.00027991,0.0
2020-03-14 00:00:00+00:00,1584144000000,2020-03-14T00:00:00+00:00,0.0001,0.0
2020-03-14 08:00:00.001000+00:00,1584172800001,2020-03-14T08:00:00.001000+00:00,0.0001,0.0
2020-03-14 16:00:00+00:00,1584201600000,2020-03-14T16:00:00+00:00,0.0001,0.0
2020-03-15 00:00:00+00:00,1584230400000,2020-03-15T00:00:00+00:00,0.0001,0.0
2020-03-15 08:00:00+00:00,1584259200000,2020-03-15T08:00:00+00:00,0.0001,0.0
2020-03-15 16:00:00.001000+00:00,1584288000001,2020-03-15T16:00:00.001000+00:00,0.0001,0.0
2020-03-16 00:00:00+00:00,1584316800000,2020-03-16T00:00:00+00:00,0.0001,0.0
2020-03-16 08:00:00+00:00,1584345600000,2020-03-16T08:00:00+00:00,0.0001,0.0
2020-03-16 16:00:00.001000+00:00,1584374400001,2020-03-16T16:00:00.001000+00:00,-0.00022932,0.0
2020-03-17 00:00:00+00:00,1584403200000,2020-03-17T00:00:00+00:00,0.0001,0.0
2020-03-17 08:00:00+00:00,1584432000000,2020-03-17T08:00:00+00:00,0.0001,0.0
2020-03-17 16:00:00+00:00,1584460800000,2020-03-17T16:00:00+00:00,0.0001,0.0
2020-03-18 00:00:00+00:00,1584489600000,2020-03-18T00:00:00+00:00,0.0001,0.0
2020-03-18 08:00:00+00:00,1584518400000,2020-03-18T08:00:00+00:00,0.0001,0.0
2020-03-18 16:00:00+00:00,1584547200000,2020-03-18T16:00:00+00:00,0.0001,0.0
2020-03-19 00:00:00+00:00,1584576000000,2020-03-19T00:00:00+00:00,0.0001,0.0
2020-03-19 08:00:00+00:00,1584604800000,2020-03-19T08:00:00+00:00,0.0001,0.0
2020-03-19 16:00:00+00:00,1584633600000,2020-03-19T16:00:00+00:00,0.0001,0.0
2020-03-20 00:00:00+00:00,1584662400000,2020-03-20T00:00:00+00:00,0.0001,0.0
2020-03-20 08:00:00+00:00,1584691200000,2020-03-20T08:00:00+00:00,0.0001,0.0
2020-03-20 16:00:00+00:00,1584720000000,2020-03-20T16:00:00+00:00,0.0001,0.0
2020-03-21 00:00:00+00:00,1584748800000,2020-03-21T00:00:00+00:00,0.0001,0.0
2020-03-21 08:00:00+00:00,1584777600000,2020-03-21T08:00:00+00:00,0.0001,0.0
2020-03-21 16:00:00+00:00,1584806400000,2020-03-21T16:00:00+00:00,0.0001,0.0
2020-03-22 00:00:00+00:00,1584835200000,2020-03-22T00:00:00+00:00,0.0001,0.0
2020-03-22 08:00:00.001000+00:00,1584864000001,2020-03-22T08:00:00.001000+00:00,0.0001,0.0
2020-03-22 16:00:00+00:00,1584892800000,2020-03-22T16:00:00+00:00,0.0001,0.0
2020-03-23 00:00:00+00:00,1584921600000,2020-03-23T00:00:00+00:00,0.0001,0.0
2020-03-23 08:00:00+00:00,1584950400000,2020-03-23T08:00:00+00:00,0.0001,0.0
2020-03-23 16:00:00+00:00,1584979200000,2020-03-23T16:00:00+00:00,0.0001,0.0
2020-03-24 00:00:00+00:00,1585008000000,2020-03-24T00:00:00+00:00,0.0001,0.0
2020-03-24 08:00:00+00:00,1585036800000,2020-03-24T08:00:00+00:00,0.0001,0.0
2020-03-24 16:00:00+00:00,1585065600000,2020-03-24T16:00:00+00:00,0.0001,0.0
2020-03-25 00:00:00+00:00,1585094400000,2020-03-25T00:00:00+00:00,0.0001,0.0
2020-03-25 08:00:00+00:00,1585123200000,2020-03-25T08:00:00+00:00,0.0001,0.0
2020-03-25 16:00:00.001000+00:00,1585152000001,2020-03-25T16:00:00.001000+00:00,0.0001,0.0
2020-03-26 00:00:00.006000+00:00,1585180800006,2020-03-26T00:00:00.006000+00:00,0.0001,0.0
2020-03-26 08:00:00.002000+00:00,1585209600002,2020-03-26T08:00:00.002000+00:00,0.0001,0.0
2020-03-26 16:00:00+00:00,1585238400000,2020-03-26T16:00:00+00:00,0.0001,0.0
2020-03-27 00:00:00+00:00,1585267200000,2020-03-27T00:00:00+00:00,0.0001,0.0
2020-03-27 08:00:00+00:00,1585296000000,2020-03-27T08:00:00+00:00,0.0001,0.0
2020-03-27 16:00:00+00:00,1585324800000,2020-03-27T16:00:00+00:00,0.0001,0.0
2020-03-28 00:00:00+00:00,1585353600000,2020-03-28T00:00:00+00:00,0.0001,0.0
2020-03-28 08:00:00+00:00,1585382400000,2020-03-28T08:00:00+00:00,-2.715e-05,0.0
2020-03-28 16:00:00+00:00,1585411200000,2020-03-28T16:00:00+00:00,0.0001,0.0
2020-03-29 00:00:00+00:00,1585440000000,2020-03-29T00:00:00+00:00,0.0001,0.0
2020-03-29 08:00:00.001000+00:00,1585468800001,2020-03-29T08:00:00.001000+00:00,0.0001,0.0
2020-03-29 16:00:00+00:00,1585497600000,2020-03-29T16:00:00+00:00,0.0001,0.0
2020-03-30 00:00:00+00:00,1585526400000,2020-03-30T00:00:00+00:00,0.0001,0.0
2020-03-30 08:00:00+00:00,1585555200000,2020-03-30T08:00:00+00:00,-9.91e-05,0.0
2020-03-30 16:00:00+00:00,1585584000000,2020-03-30T16:00:00+00:00,0.0001,0.0
2020-03-31 00:00:00+00:00,1585612800000,2020-03-31T00:00:00+00:00,0.0001,0.0
2020-03-31 08:00:00.001000+00:00,1585641600001,2020-03-31T08:00:00.001000+00:00,0.0001,0.0
2020-03-31 16:00:00.001000+00:00,1585670400001,2020-03-31T16:00:00.001000+00:00,0.0001,0.0
2020-04-01 00:00:00.002000+00:00,1585699200002,2020-04-01T00:00:00.002000+00:00,0.0001,0.0
2020-04-01 08:00:00+00:00,1585728000000,2020-04-01T08:00:00+00:00,0.0001,0.0
2020-04-01 16:00:00.001000+00:00,1585756800001,2020-04-01T16:00:00.001000+00:00,-7.368e-05,0.0
2020-04-02 00:00:00+00:00,1585785600000,2020-04-02T00:00:00+00:00,-5.17e-05,0.0
2020-04-02 08:00:00+00:00,1585814400000,2020-04-02T08:00:00+00:00,0.0001,0.0
2020-04-02 16:00:00+00:00,1585843200000,2020-04-02T16:00:00+00:00,0.0001,0.0
2020-04-03 00:00:00+00:00,1585872000000,2020-04-03T00:00:00+00:00,0.0001,0.0
2020-04-03 08:00:00+00:00,1585900800000,2020-04-03T08:00:00+00:00,0.0001,0.0
2020-04-03 16:00:00+00:00,1585929600000,2020-04-03T16:00:00+00:00,0.0001,0.0
2020-04-04 00:00:00+00:00,1585958400000,2020-04-04T00:00:00+00:00,4.881e-05,0.0
2020-04-04 08:00:00+00:00,1585987200000,2020-04-04T08:00:00+00:00,0.0001,0.0
2020-04-04 16:00:00+00:00,1586016000000,2020-04-04T16:00:00+00:00,0.0001,0.0
2020-04-05 00:00:00.001000+00:00,1586044800001,2020-04-05T00:00:00.001000+00:00,0.0001,0.0
2020-04-05 08:00:00+00:00,1586073600000,2020-04-05T08:00:00+00:00,3.554e-05,0.0
2020-04-05 16:00:00+00:00,1586102400000,2020-04-05T16:00:00+00:00,0.0001,0.0
2020-04-06 00:00:00+00:00,1586131200000,2020-04-06T00:00:00+00:00,0.0001,0.0
2020-04-06 08:00:00+00:00,1586160000000,2020-04-06T08:00:00+00:00,7.54e-05,0.0
2020-04-06 16:00:00+00:00,1586188800000,2020-04-06T16:00:00+00:00,5.027e-05,0.0
2020-04-07 00:00:00+00:00,1586217600000,2020-04-07T00:00:00+00:00,-0.00014221,0.0
2020-04-07 08:00:00+00:00,1586246400000,2020-04-07T08:00:00+00:00,-8.712e-05,0.0
2020-04-07 16:00:00+00:00,1586275200000,2020-04-07T16:00:00+00:00,8.758e-05,0.0
2020-04-08 00:00:00+00:00,1586304000000,2020-04-08T00:00:00+00:00,0.0001,0.0
2020-04-08 08:00:00+00:00,1586332800000,2020-04-08T08:00:00+00:00,0.0001,0.0
2020-04-08 16:00:00+00:00,1586361600000,2020-04-08T16:00:00+00:00,0.0001,0.0
2020-04-09 00:00:00+00:00,1586390400000,2020-04-09T00:00:00+00:00,0.0001,0.0
2020-04-09 08:00:00.001000+00:00,1586419200001,2020-04-09T08:00:00.001000+00:00,0.0001,0.0
2020-04-09 16:00:00+00:00,1586448000000,2020-04-09T16:00:00+00:00,0.0001,0.0
2020-04-10 00:00:00.001000+00:00,1586476800001,2020-04-10T00:00:00.001000+00:00,0.0001,0.0
2020-04-10 08:00:00+00:00,1586505600000,2020-04-10T08:00:00+00:00,0.0001,0.0
2020-04-10 16:00:00+00:00,1586534400000,2020-04-10T16:00:00+00:00,0.0001,0.0
2020-04-11 00:00:00+00:00,1586563200000,2020-04-11T00:00:00+00:00,-6.9e-06,0.0
2020-04-11 08:00:00+00:00,1586592000000,2020-04-11T08:00:00+00:00,9.267e-05,0.0
2020-04-11 16:00:00+00:00,1586620800000,2020-04-11T16:00:00+00:00,0.0001,0.0
2020-04-12 00:00:00+00:00,1586649600000,2020-04-12T00:00:00+00:00,0.0001,0.0
2020-04-12 08:00:00.006000+00:00,1586678400006,2020-04-12T08:00:00.006000+00:00,1.985e-05,0.0
2020-04-12 16:00:00.001000+00:00,1586707200001,2020-04-12T16:00:00.001000+00:00,0.0001,0.0
2020-04-13 00:00:00.001000+00:00,1586736000001,2020-04-13T00:00:00.001000+00:00,0.0001,0.0
2020-04-13 08:00:00+00:00,1586764800000,2020-04-13T08:00:00+00:00,0.0001,0.0
2020-04-13 16:00:00+00:00,1586793600000,2020-04-13T16:00:00+00:00,0.0001,0.0
2020-04-14 00:00:00+00:00,1586822400000,2020-04-14T00:00:00+00:00,0.0001,0.0
2020-04-14 08:00:00+00:00,1586851200000,2020-04-14T08:00:00+00:00,0.0001,0.0
2020-04-14 16:00:00+00:00,1586880000000,2020-04-14T16:00:00+00:00,0.0001,0.0
2020-04-15 00:00:00+00:00,1586908800000,2020-04-15T00:00:00+00:00,0.0001,0.0
2020-04-15 08:00:00+00:00,1586937600000,2020-04-15T08:00:00+00:00,0.0001,0.0
2020-04-15 16:00:00+00:00,1586966400000,2020-04-15T16:00:00+00:00,0.0001,0.0
2020-04-16 00:00:00+00:00,1586995200000,2020-04-16T00:00:00+00:00,0.0001,0.0
2020-04-16 08:00:00+00:00,1587024000000,2020-04-16T08:00:00+00:00,-2.526e-05,0.0
2020-04-16 16:00:00+00:00,1587052800000,2020-04-16T16:00:00+00:00,0.0001,0.0
2020-04-17 00:00:00+00:00,1587081600000,2020-04-17T00:00:00+00:00,0.0001,0.0
2020-04-17 08:00:00+00:00,1587110400000,2020-04-17T08:00:00+00:00,0.0001,0.0
2020-04-17 16:00:00+00:00,1587139200000,2020-04-17T16:00:00+00:00,0.0001,0.0
2020-04-18 00:00:00+00:00,1587168000000,2020-04-18T00:00:00+00:00,0.0001,0.0
2020-04-18 08:00:00+00:00,1587196800000,2020-04-18T08:00:00+00:00,9.454e-05,0.0
2020-04-18 16:00:00+00:00,1587225600000,2020-04-18T16:00:00+00:00,0.0001,0.0
2020-04-19 00:00:00+00:00,1587254400000,2020-04-19T00:00:00+00:00,0.0001,0.0
2020-04-19 08:00:00+00:00,1587283200000,2020-04-19T08:00:00+00:00,0.0001,0.0
2020-04-19 16:00:00+00:00,1587312000000,2020-04-19T16:00:00+00:00,0.0001,0.0
2020-04-20 00:00:00+00:00,1587340800000,2020-04-20T00:00:00+00:00,0.0001,0.0
2020-04-20 08:00:00+00:00,1587369600000,2020-04-20T08:00:00+00:00,0.0001,0.0
2020-04-20 16:00:00+00:00,1587398400000,2020-04-20T16:00:00+00:00,0.0001,0.0
2020-04-21 00:00:00+00:00,1587427200000,2020-04-21T00:00:00+00:00,0.0001,0.0
2020-04-21 08:00:00.001000+00:00,1587456000001,2020-04-21T08:00:00.001000+00:00,0.0001,0.0
2020-04-21 16:00:00+00:00,1587484800000,2020-04-21T16:00:00+00:00,0.0001,0.0
2020-04-22 00:00:00.001000+00:00,1587513600001,2020-04-22T00:00:00.001000+00:00,0.0001,0.0
2020-04-22 08:00:00+00:00,1587542400000,2020-04-22T08:00:00+00:00,0.0001,0.0
2020-04-22 16:00:00+00:00,1587571200000,2020-04-22T16:00:00+00:00,0.0001,0.0
2020-04-23 00:00:00+00:00,1587600000000,2020-04-23T00:00:00+00:00,0.0001,0.0
2020-04-23 08:00:00.001000+00:00,1587628800001,2020-04-23T08:00:00.001000+00:00,0.0001,0.0
2020-04-23 16:00:00+00:00,1587657600000,2020-04-23T16:00:00+00:00,0.0001,0.0
2020-04-24 00:00:00+00:00,1587686400000,2020-04-24T00:00:00+00:00,0.0001,0.0
2020-04-24 08:00:00+00:00,1587715200000,2020-04-24T08:00:00+00:00,0.0001,0.0
2020-04-24 16:00:00+00:00,1587744000000,2020-04-24T16:00:00+00:00,0.0001,0.0
2020-04-25 00:00:00.003000+00:00,1587772800003,2020-04-25T00:00:00.003000+00:00,0.0001,0.0
2020-04-25 08:00:00+00:00,1587801600000,2020-04-25T08:00:00+00:00,0.0001,0.0
2020-04-25 16:00:00+00:00,1587830400000,2020-04-25T16:00:00+00:00,0.0001,0.0
2020-04-26 00:00:00+00:00,1587859200000,2020-04-26T00:00:00+00:00,0.0001,0.0
2020-04-26 08:00:00+00:00,1587888000000,2020-04-26T08:00:00+00:00,0.0001,0.0
2020-04-26 16:00:00+00:00,1587916800000,2020-04-26T16:00:00+00:00,0.0001,0.0
2020-04-27 00:00:00+00:00,1587945600000,2020-04-27T00:00:00+00:00,0.0001,0.0
2020-04-27 08:00:00.005000+00:00,1587974400005,2020-04-27T08:00:00.005000+00:00,0.0001,0.0
2020-04-27 16:00:00+00:00,1588003200000,2020-04-27T16:00:00+00:00,0.0001,0.0
2020-04-28 00:00:00+00:00,1588032000000,2020-04-28T00:00:00+00:00,0.0001,0.0
2020-04-28 08:00:00+00:00,1588060800000,2020-04-28T08:00:00+00:00,0.0001,0.0
2020-04-28 16:00:00+00:00,1588089600000,2020-04-28T16:00:00+00:00,0.0001,0.0
2020-04-29 00:00:00+00:00,1588118400000,2020-04-29T00:00:00+00:00,0.0001,0.0
2020-04-29 08:00:00.001000+00:00,1588147200001,2020-04-29T08:00:00.001000+00:00,0.0001,0.0
2020-04-29 16:00:00+00:00,1588176000000,2020-04-29T16:00:00+00:00,0.0001,0.0
2020-04-30 00:00:00+00:00,1588204800000,2020-04-30T00:00:00+00:00,0.0001,0.0
2020-04-30 08:00:00+00:00,1588233600000,2020-04-30T08:00:00+00:00,0.00040543,0.0
2020-04-30 16:00:00+00:00,1588262400000,2020-04-30T16:00:00+00:00,0.0001,0.0
2020-05-01 00:00:00+00:00,1588291200000,2020-05-01T00:00:00+00:00,0.0001,0.0
2020-05-01 08:00:00+00:00,1588320000000,2020-05-01T08:00:00+00:00,0.0001963,0.0
2020-05-01 16:00:00+00:00,1588348800000,2020-05-01T16:00:00+00:00,0.00033541,0.0
2020-05-02 00:00:00+00:00,1588377600000,2020-05-02T00:00:00+00:00,0.00020286,0.0
2020-05-02 08:00:00+00:00,1588406400000,2020-05-02T08:00:00+00:00,0.00028799,0.0
2020-05-02 16:00:00+00:00,1588435200000,2020-05-02T16:00:00+00:00,0.00065493,0.0
2020-05-03 00:00:00+00:00,1588464000000,2020-05-03T00:00:00+00:00,0.0002053,0.0
2020-05-03 08:00:00+00:00,1588492800000,2020-05-03T08:00:00+00:00,0.00033679,0.0
2020-05-03 16:00:00+00:00,1588521600000,2020-05-03T16:00:00+00:00,0.00030318,0.0
2020-05-04 00:00:00+00:00,1588550400000,2020-05-04T00:00:00+00:00,0.0001,0.0
2020-05-04 08:00:00.005000+00:00,1588579200005,2020-05-04T08:00:00.005000+00:00,0.00020259,0.0
2020-05-04 16:00:00+00:00,1588608000000,2020-05-04T16:00:00+00:00,0.00018353,0.0
2020-05-05 00:00:00+00:00,1588636800000,2020-05-05T00:00:00+00:00,0.00021158,0.0
2020-05-05 08:00:00+00:00,1588665600000,2020-05-05T08:00:00+00:00,0.00033589,0.0
2020-05-05 16:00:00+00:00,1588694400000,2020-05-05T16:00:00+00:00,0.0001,0.0
2020-05-06 00:00:00.001000+00:00,1588723200001,2020-05-06T00:00:00.001000+00:00,0.0001,0.0
2020-05-06 08:00:00+00:00,1588752000000,2020-05-06T08:00:00+00:00,0.00023099,0.0
2020-05-06 16:00:00+00:00,1588780800000,2020-05-06T16:00:00+00:00,0.00058198,0.0
2020-05-07 00:00:00+00:00,1588809600000,2020-05-07T00:00:00+00:00,0.0001,0.0
2020-05-07 08:00:00.011000+00:00,1588838400011,2020-05-07T08:00:00.011000+00:00,0.0001,0.0
2020-05-07 16:00:00+00:00,1588867200000,2020-05-07T16:00:00+00:00,0.00010111,0.0
2020-05-08 00:00:00+00:00,1588896000000,2020-05-08T00:00:00+00:00,0.000687,0.0
2020-05-08 08:00:00.001000+00:00,1588924800001,2020-05-08T08:00:00.001000+00:00,0.00027607,0.0
2020-05-08 16:00:00+00:00,1588953600000,2020-05-08T16:00:00+00:00,0.00021374,0.0
2020-05-09 00:00:00+00:00,1588982400000,2020-05-09T00:00:00+00:00,0.00039213,0.0
2020-05-09 08:00:00+00:00,1589011200000,2020-05-09T08:00:00+00:00,0.00018668,0.0
2020-05-09 16:00:00+00:00,1589040000000,2020-05-09T16:00:00+00:00,0.000217,0.0
2020-05-10 00:00:00+00:00,1589068800000,2020-05-10T00:00:00+00:00,0.00015215,0.0
2020-05-10 08:00:00+00:00,1589097600000,2020-05-10T08:00:00+00:00,0.0001,0.0
2020-05-10 16:00:00+00:00,1589126400000,2020-05-10T16:00:00+00:00,0.0001,0.0
2020-05-11 00:00:00+00:00,1589155200000,2020-05-11T00:00:00+00:00,0.0001,0.0
2020-05-11 08:00:00+00:00,1589184000000,2020-05-11T08:00:00+00:00,0.0001,0.0
2020-05-11 16:00:00+00:00,1589212800000,2020-05-11T16:00:00+00:00,0.0001,0.0
2020-05-12 00:00:00+00:00,1589241600000,2020-05-12T00:00:00+00:00,0.0001,0.0
2020-05-12 08:00:00.001000+00:00,1589270400001,2020-05-12T08:00:00.001000+00:00,0.0001,0.0
2020-05-12 16:00:00+00:00,1589299200000,2020-05-12T16:00:00+00:00,0.0001,0.0
2020-05-13 00:00:00+00:00,1589328000000,2020-05-13T00:00:00+00:00,0.0001,0.0
2020-05-13 08:00:00+00:00,1589356800000,2020-05-13T08:00:00+00:00,0.0001,0.0
2020-05-13 16:00:00+00:00,1589385600000,2020-05-13T16:00:00+00:00,0.0001,0.0
2020-05-14 00:00:00+00:00,1589414400000,2020-05-14T00:00:00+00:00,0.0001,0.0
2020-05-14 08:00:00+00:00,1589443200000,2020-05-14T08:00:00+00:00,0.0001,0.0
2020-05-14 16:00:00+00:00,1589472000000,2020-05-14T16:00:00+00:00,0.0001,0.0
2020-05-15 00:00:00+00:00,1589500800000,2020-05-15T00:00:00+00:00,4.486e-05,0.0
2020-05-15 08:00:00+00:00,1589529600000,2020-05-15T08:00:00+00:00,-3.957e-05,0.0
2020-05-15 16:00:00.001000+00:00,1589558400001,2020-05-15T16:00:00.001000+00:00,0.0001,0.0
2020-05-16 00:00:00.008000+00:00,1589587200008,2020-05-16T00:00:00.008000+00:00,0.0001,0.0
2020-05-16 08:00:00+00:00,1589616000000,2020-05-16T08:00:00+00:00,-5.47e-05,0.0
2020-05-16 16:00:00+00:00,1589644800000,2020-05-16T16:00:00+00:00,0.0001,0.0
2020-05-17 00:00:00.002000+00:00,1589673600002,2020-05-17T00:00:00.002000+00:00,0.0001,0.0
2020-05-17 08:00:00+00:00,1589702400000,2020-05-17T08:00:00+00:00,-4.057e-05,0.0
2020-05-17 16:00:00+00:00,1589731200000,2020-05-17T16:00:00+00:00,0.0001,0.0
2020-05-18 00:00:00+00:00,1589760000000,2020-05-18T00:00:00+00:00,0.0001,0.0
2020-05-18 08:00:00+00:00,1589788800000,2020-05-18T08:00:00+00:00,0.0001,0.0
2020-05-18 16:00:00.001000+00:00,1589817600001,2020-05-18T16:00:00.001000+00:00,0.0001,0.0
2020-05-19 00:00:00.005000+00:00,1589846400005,2020-05-19T00:00:00.005000+00:00,0.0001,0.0
2020-05-19 08:00:00+00:00,1589875200000,2020-05-19T08:00:00+00:00,0.0001,0.0
2020-05-19 16:00:00+00:00,1589904000000,2020-05-19T16:00:00+00:00,0.0001,0.0
2020-05-20 00:00:00+00:00,1589932800000,2020-05-20T00:00:00+00:00,0.0001,0.0
2020-05-20 08:00:00+00:00,1589961600000,2020-05-20T08:00:00+00:00,0.0001,0.0
2020-05-20 16:00:00.006000+00:00,1589990400006,2020-05-20T16:00:00.006000+00:00,0.0001,0.0
2020-05-21 00:00:00+00:00,1590019200000,2020-05-21T00:00:00+00:00,0.0001,0.0
2020-05-21 08:00:00+00:00,1590048000000,2020-05-21T08:00:00+00:00,0.0001,0.0
2020-05-21 16:00:00+00:00,1590076800000,2020-05-21T16:00:00+00:00,0.0001,0.0
2020-05-22 00:00:00.006000+00:00,1590105600006,2020-05-22T00:00:00.006000+00:00,3.518e-05,0.0
2020-05-22 08:00:00+00:00,1590134400000,2020-05-22T08:00:00+00:00,0.0001,0.0
2020-05-22 16:00:00+00:00,1590163200000,2020-05-22T16:00:00+00:00,0.0001,0.0
2020-05-23 00:00:00.003000+00:00,1590192000003,2020-05-23T00:00:00.003000+00:00,0.0001,0.0
2020-05-23 08:00:00+00:00,1590220800000,2020-05-23T08:00:00+00:00,0.0001,0.0
2020-05-23 16:00:00+00:00,1590249600000,2020-05-23T16:00:00+00:00,0.0001,0.0
2020-05-24 00:00:00.006000+00:00,1590278400006,2020-05-24T00:00:00.006000+00:00,0.0001,0.0
2020-05-24 08:00:00+00:00,1590307200000,2020-05-24T08:00:00+00:00,0.0001,0.0
2020-05-24 16:00:00+00:00,1590336000000,2020-05-24T16:00:00+00:00,0.0001,0.0
2020-05-25 00:00:00+00:00,1590364800000,2020-05-25T00:00:00+00:00,0.0001,0.0
2020-05-25 08:00:00+00:00,1590393600000,2020-05-25T08:00:00+00:00,0.0001,0.0
2020-05-25 16:00:00+00:00,1590422400000,2020-05-25T16:00:00+00:00,0.0001,0.0
2020-05-26 00:00:00+00:00,1590451200000,2020-05-26T00:00:00+00:00,0.0001,0.0
2020-05-26 08:00:00.006000+00:00,1590480000006,2020-05-26T08:00:00.006000+00:00,0.0001,0.0
2020-05-26 16:00:00+00:00,1590508800000,2020-05-26T16:00:00+00:00,0.0001,0.0
2020-05-27 00:00:00+00:00,1590537600000,2020-05-27T00:00:00+00:00,0.0001,0.0
2020-05-27 08:00:00+00:00,1590566400000,2020-05-27T08:00:00+00:00,0.0001,0.0
2020-05-27 16:00:00+00:00,1590595200000,2020-05-27T16:00:00+00:00,0.0001,0.0
2020-05-28 00:00:00+00:00,1590624000000,2020-05-28T00:00:00+00:00,0.0001,0.0
2020-05-28 08:00:00+00:00,1590652800000,2020-05-28T08:00:00+00:00,0.0001,0.0
2020-05-28 16:00:00+00:00,1590681600000,2020-05-28T16:00:00+00:00,0.0001,0.0
2020-05-29 00:00:00+00:00,1590710400000,2020-05-29T00:00:00+00:00,0.0001,0.0
2020-05-29 08:00:00+00:00,1590739200000,2020-05-29T08:00:00+00:00,0.0001,0.0
2020-05-29 16:00:00+00:00,1590768000000,2020-05-29T16:00:00+00:00,0.0001,0.0
2020-05-30 00:00:00+00:00,1590796800000,2020-05-30T00:00:00+00:00,0.0001,0.0
2020-05-30 08:00:00.001000+00:00,1590825600001,2020-05-30T08:00:00.001000+00:00,0.0001,0.0
2020-05-30 16:00:00+00:00,1590854400000,2020-05-30T16:00:00+00:00,0.0001,0.0
2020-05-31 00:00:00+00:00,1590883200000,2020-05-31T00:00:00+00:00,0.0001,0.0
2020-05-31 08:00:00.001000+00:00,1590912000001,2020-05-31T08:00:00.001000+00:00,0.0001,0.0
2020-05-31 16:00:00+00:00,1590940800000,2020-05-31T16:00:00+00:00,0.0001,0.0
2020-06-01 00:00:00+00:00,1590969600000,2020-06-01T00:00:00+00:00,0.0001,0.0
2020-06-01 08:00:00.001000+00:00,1590998400001,2020-06-01T08:00:00.001000+00:00,0.0001,0.0
2020-06-01 16:00:00+00:00,1591027200000,2020-06-01T16:00:00+00:00,0.0001,0.0
2020-06-02 00:00:00+00:00,1591056000000,2020-06-02T00:00:00+00:00,0.00034764,0.0
2020-06-02 08:00:00.002000+00:00,1591084800002,2020-06-02T08:00:00.002000+00:00,0.00018222,0.0
2020-06-02 16:00:00+00:00,1591113600000,2020-06-02T16:00:00+00:00,0.0001,0.0
2020-06-03 00:00:00+00:00,1591142400000,2020-06-03T00:00:00+00:00,0.0001,0.0
2020-06-03 08:00:00+00:00,1591171200000,2020-06-03T08:00:00+00:00,0.0001,0.0
2020-06-03 16:00:00.002000+00:00,1591200000002,2020-06-03T16:00:00.002000+00:00,0.0001,0.0
2020-06-04 00:00:00.001000+00:00,1591228800001,2020-06-04T00:00:00.001000+00:00,0.0001,0.0
2020-06-04 08:00:00.004000+00:00,1591257600004,2020-06-04T08:00:00.004000+00:00,0.0001,0.0
2020-06-04 16:00:00.001000+00:00,1591286400001,2020-06-04T16:00:00.001000+00:00,0.0001,0.0
2020-06-05 00:00:00.001000+00:00,1591315200001,2020-06-05T00:00:00.001000+00:00,0.0001,0.0
2020-06-05 08:00:00+00:00,1591344000000,2020-06-05T08:00:00+00:00,0.0001,0.0
2020-06-05 16:00:00.001000+00:00,1591372800001,2020-06-05T16:00:00.001000+00:00,0.0001,0.0
2020-06-06 00:00:00+00:00,1591401600000,2020-06-06T00:00:00+00:00,0.0001,0.0
2020-06-06 08:00:00+00:00,1591430400000,2020-06-06T08:00:00+00:00,0.0001,0.0
2020-06-06 16:00:00+00:00,1591459200000,2020-06-06T16:00:00+00:00,0.0001,0.0
2020-06-07 00:00:00+00:00,1591488000000,2020-06-07T00:00:00+00:00,0.0001,0.0
2020-06-07 08:00:00+00:00,1591516800000,2020-06-07T08:00:00+00:00,0.0001,0.0
2020-06-07 16:00:00.006000+00:00,1591545600006,2020-06-07T16:00:00.006000+00:00,0.0001,0.0
2020-06-08 00:00:00.008000+00:00,1591574400008,2020-06-08T00:00:00.008000+00:00,0.0001,0.0
2020-06-08 08:00:00.007000+00:00,1591603200007,2020-06-08T08:00:00.007000+00:00,0.0002108,0.0
2020-06-08 16:00:00+00:00,1591632000000,2020-06-08T16:00:00+00:00,0.00023671,0.0
2020-06-09 00:00:00+00:00,1591660800000,2020-06-09T00:00:00+00:00,0.00021431,0.0
2020-06-09 08:00:00+00:00,1591689600000,2020-06-09T08:00:00+00:00,0.0001,0.0
2020-06-09 16:00:00+00:00,1591718400000,2020-06-09T16:00:00+00:00,0.00012471,0.0
2020-06-10 00:00:00+00:00,1591747200000,2020-06-10T00:00:00+00:00,0.0001,0.0
2020-06-10 08:00:00+00:00,1591776000000,2020-06-10T08:00:00+00:00,0.0001,0.0
2020-06-10 16:00:00+00:00,1591804800000,2020-06-10T16:00:00+00:00,0.0001,0.0
2020-06-11 00:00:00.008000+00:00,1591833600008,2020-06-11T00:00:00.008000+00:00,0.00023457,0.0
2020-06-11 08:00:00.001000+00:00,1591862400001,2020-06-11T08:00:00.001000+00:00,0.0001,0.0
2020-06-11 16:00:00+00:00,1591891200000,2020-06-11T16:00:00+00:00,0.0001,0.0
2020-06-12 00:00:00.003000+00:00,1591920000003,2020-06-12T00:00:00.003000+00:00,0.0001,0.0
2020-06-12 08:00:00+00:00,1591948800000,2020-06-12T08:00:00+00:00,0.0001,0.0
2020-06-12 16:00:00.002000+00:00,1591977600002,2020-06-12T16:00:00.002000+00:00,0.0001,0.0
2020-06-13 00:00:00+00:00,1592006400000,2020-06-13T00:00:00+00:00,0.0001,0.0
2020-06-13 08:00:00.001000+00:00,1592035200001,2020-06-13T08:00:00.001000+00:00,0.0001,0.0
2020-06-13 16:00:00+00:00,1592064000000,2020-06-13T16:00:00+00:00,0.0001,0.0
2020-06-14 00:00:00.007000+00:00,1592092800007,2020-06-14T00:00:00.007000+00:00,0.0001,0.0
2020-06-14 08:00:00+00:00,1592121600000,2020-06-14T08:00:00+00:00,0.0001,0.0
2020-06-14 16:00:00.001000+00:00,1592150400001,2020-06-14T16:00:00.001000+00:00,0.0001,0.0
2020-06-15 00:00:00+00:00,1592179200000,2020-06-15T00:00:00+00:00,0.0001,0.0
2020-06-15 08:00:00.001000+00:00,1592208000001,2020-06-15T08:00:00.001000+00:00,0.0001,0.0
2020-06-15 16:00:00+00:00,1592236800000,2020-06-15T16:00:00+00:00,0.0001,0.0
2020-06-16 00:00:00.002000+00:00,1592265600002,2020-06-16T00:00:00.002000+00:00,0.0001,0.0
2020-06-16 08:00:00+00:00,1592294400000,2020-06-16T08:00:00+00:00,0.0001,0.0
2020-06-16 16:00:00.006000+00:00,1592323200006,2020-06-16T16:00:00.006000+00:00,0.0001,0.0
2020-06-17 00:00:00+00:00,1592352000000,2020-06-17T00:00:00+00:00,0.0001,0.0
2020-06-17 08:00:00.007000+00:00,1592380800007,2020-06-17T08:00:00.007000+00:00,0.0001,0.0
2020-06-17 16:00:00+00:00,1592409600000,2020-06-17T16:00:00+00:00,0.0001,0.0
2020-06-18 00:00:00.003000+00:00,1592438400003,2020-06-18T00:00:00.003000+00:00,0.0001,0.0
2020-06-18 08:00:00.001000+00:00,1592467200001,2020-06-18T08:00:00.001000+00:00,0.0001,0.0
2020-06-18 16:00:00.002000+00:00,1592496000002,2020-06-18T16:00:00.002000+00:00,0.0001,0.0
2020-06-19 00:00:00.001000+00:00,1592524800001,2020-06-19T00:00:00.001000+00:00,0.0001,0.0
2020-06-19 08:00:00.003000+00:00,1592553600003,2020-06-19T08:00:00.003000+00:00,0.0001,0.0
2020-06-19 16:00:00+00:00,1592582400000,2020-06-19T16:00:00+00:00,0.0001,0.0
2020-06-20 00:00:00+00:00,1592611200000,2020-06-20T00:00:00+00:00,0.0001,0.0
2020-06-20 08:00:00.009000+00:00,1592640000009,2020-06-20T08:00:00.009000+00:00,0.0001,0.0
2020-06-20 16:00:00.006000+00:00,1592668800006,2020-06-20T16:00:00.006000+00:00,0.0001,0.0
2020-06-21 00:00:00+00:00,1592697600000,2020-06-21T00:00:00+00:00,0.0001,0.0
2020-06-21 08:00:00+00:00,1592726400000,2020-06-21T08:00:00+00:00,0.0001,0.0
2020-06-21 16:00:00+00:00,1592755200000,2020-06-21T16:00:00+00:00,0.0001,0.0
2020-06-22 00:00:00+00:00,1592784000000,2020-06-22T00:00:00+00:00,0.0001,0.0
2020-06-22 08:00:00+00:00,1592812800000,2020-06-22T08:00:00+00:00,0.0001,0.0
2020-06-22 16:00:00.001000+00:00,1592841600001,2020-06-22T16:00:00.001000+00:00,0.0001,0.0
2020-06-23 00:00:00+00:00,1592870400000,2020-06-23T00:00:00+00:00,0.0001,0.0
2020-06-23 08:00:00.002000+00:00,1592899200002,2020-06-23T08:00:00.002000+00:00,0.0001,0.0
2020-06-23 16:00:00+00:00,1592928000000,2020-06-23T16:00:00+00:00,0.0001,0.0
2020-06-24 00:00:00.001000+00:00,1592956800001,2020-06-24T00:00:00.001000+00:00,0.0001,0.0
2020-06-24 08:00:00+00:00,1592985600000,2020-06-24T08:00:00+00:00,0.0001,0.0
2020-06-24 16:00:00+00:00,1593014400000,2020-06-24T16:00:00+00:00,0.0001,0.0
2020-06-25 00:00:00+00:00,1593043200000,2020-06-25T00:00:00+00:00,0.0001,0.0
2020-06-25 08:00:00+00:00,1593072000000,2020-06-25T08:00:00+00:00,0.0001,0.0
2020-06-25 16:00:00+00:00,1593100800000,2020-06-25T16:00:00+00:00,0.0001,0.0
2020-06-26 00:00:00+00:00,1593129600000,2020-06-26T00:00:00+00:00,0.0001,0.0
2020-06-26 08:00:00+00:00,1593158400000,2020-06-26T08:00:00+00:00,0.0001,0.0
2020-06-26 16:00:00+00:00,1593187200000,2020-06-26T16:00:00+00:00,0.0001,0.0
2020-06-27 00:00:00.003000+00:00,1593216000003,2020-06-27T00:00:00.003000+00:00,0.0001,0.0
2020-06-27 08:00:00.004000+00:00,1593244800004,2020-06-27T08:00:00.004000+00:00,0.0001,0.0
2020-06-27 16:00:00+00:00,1593273600000,2020-06-27T16:00:00+00:00,0.0001,0.0
2020-06-28 00:00:00.003000+00:00,1593302400003,2020-06-28T00:00:00.003000+00:00,0.0001,0.0
2020-06-28 08:00:00.001000+00:00,1593331200001,2020-06-28T08:00:00.001000+00:00,0.0001,0.0
2020-06-28 16:00:00+00:00,1593360000000,2020-06-28T16:00:00+00:00,0.0001,0.0
2020-06-29 00:00:00+00:00,1593388800000,2020-06-29T00:00:00+00:00,0.0001,0.0
2020-06-29 08:00:00.005000+00:00,1593417600005,2020-06-29T08:00:00.005000+00:00,0.0001,0.0
2020-06-29 16:00:00+00:00,1593446400000,2020-06-29T16:00:00+00:00,0.0001,0.0
2020-06-30 00:00:00+00:00,1593475200000,2020-06-30T00:00:00+00:00,0.0001,0.0
2020-06-30 08:00:00.001000+00:00,1593504000001,2020-06-30T08:00:00.001000+00:00,0.0001,0.0
2020-06-30 16:00:00.002000+00:00,1593532800002,2020-06-30T16:00:00.002000+00:00,0.0001,0.0
2020-07-01 00:00:00.002000+00:00,1593561600002,2020-07-01T00:00:00.002000+00:00,0.0001,0.0
2020-07-01 08:00:00+00:00,1593590400000,2020-07-01T08:00:00+00:00,0.0001,0.0
2020-07-01 16:00:00+00:00,1593619200000,2020-07-01T16:00:00+00:00,0.0001,0.0
2020-07-02 00:00:00.001000+00:00,1593648000001,2020-07-02T00:00:00.001000+00:00,0.0001,0.0
2020-07-02 08:00:00.001000+00:00,1593676800001,2020-07-02T08:00:00.001000+00:00,0.0001,0.0
2020-07-02 16:00:00+00:00,1593705600000,2020-07-02T16:00:00+00:00,0.0001,0.0
2020-07-03 00:00:00+00:00,1593734400000,2020-07-03T00:00:00+00:00,0.0001,0.0
2020-07-03 08:00:00.001000+00:00,1593763200001,2020-07-03T08:00:00.001000+00:00,0.0001,0.0
2020-07-03 16:00:00+00:00,1593792000000,2020-07-03T16:00:00+00:00,0.0001,0.0
2020-07-04 00:00:00.002000+00:00,1593820800002,2020-07-04T00:00:00.002000+00:00,0.0001,0.0
2020-07-04 08:00:00.002000+00:00,1593849600002,2020-07-04T08:00:00.002000+00:00,0.0001,0.0
2020-07-04 16:00:00.001000+00:00,1593878400001,2020-07-04T16:00:00.001000+00:00,0.0001,0.0
2020-07-05 00:00:00+00:00,1593907200000,2020-07-05T00:00:00+00:00,0.0001,0.0
2020-07-05 08:00:00+00:00,1593936000000,2020-07-05T08:00:00+00:00,0.0001,0.0
2020-07-05 16:00:00+00:00,1593964800000,2020-07-05T16:00:00+00:00,0.0001,0.0
2020-07-06 00:00:00+00:00,1593993600000,2020-07-06T00:00:00+00:00,0.0001,0.0
2020-07-06 08:00:00.001000+00:00,1594022400001,2020-07-06T08:00:00.001000+00:00,0.0001,0.0
2020-07-06 16:00:00+00:00,1594051200000,2020-07-06T16:00:00+00:00,0.0001,0.0
2020-07-07 00:00:00+00:00,1594080000000,2020-07-07T00:00:00+00:00,0.0001,0.0
2020-07-07 08:00:00.006000+00:00,1594108800006,2020-07-07T08:00:00.006000+00:00,0.0001,0.0
2020-07-07 16:00:00+00:00,1594137600000,2020-07-07T16:00:00+00:00,0.0001,0.0
2020-07-08 00:00:00+00:00,1594166400000,2020-07-08T00:00:00+00:00,0.0001,0.0
2020-07-08 08:00:00+00:00,1594195200000,2020-07-08T08:00:00+00:00,0.0001,0.0
2020-07-08 16:00:00+00:00,1594224000000,2020-07-08T16:00:00+00:00,0.0001,0.0
2020-07-09 00:00:00.001000+00:00,1594252800001,2020-07-09T00:00:00.001000+00:00,0.00011645,0.0
2020-07-09 08:00:00.002000+00:00,1594281600002,2020-07-09T08:00:00.002000+00:00,0.00011218,0.0
2020-07-09 16:00:00+00:00,1594310400000,2020-07-09T16:00:00+00:00,0.00010104,0.0
2020-07-10 00:00:00+00:00,1594339200000,2020-07-10T00:00:00+00:00,0.0001,0.0
2020-07-10 08:00:00.001000+00:00,1594368000001,2020-07-10T08:00:00.001000+00:00,0.0001,0.0
2020-07-10 16:00:00+00:00,1594396800000,2020-07-10T16:00:00+00:00,0.0001,0.0
2020-07-11 00:00:00+00:00,1594425600000,2020-07-11T00:00:00+00:00,0.0001,0.0
2020-07-11 08:00:00+00:00,1594454400000,2020-07-11T08:00:00+00:00,0.0001,0.0
2020-07-11 16:00:00+00:00,1594483200000,2020-07-11T16:00:00+00:00,0.0001,0.0
2020-07-12 00:00:00+00:00,1594512000000,2020-07-12T00:00:00+00:00,0.0001,0.0
2020-07-12 08:00:00+00:00,1594540800000,2020-07-12T08:00:00+00:00,0.0001,0.0
2020-07-12 16:00:00+00:00,1594569600000,2020-07-12T16:00:00+00:00,0.0001,0.0
2020-07-13 00:00:00+00:00,1594598400000,2020-07-13T00:00:00+00:00,0.0001,0.0
2020-07-13 08:00:00.001000+00:00,1594627200001,2020-07-13T08:00:00.001000+00:00,0.0001,0.0
2020-07-13 16:00:00+00:00,1594656000000,2020-07-13T16:00:00+00:00,0.00012899,0.0
2020-07-14 00:00:00.001000+00:00,1594684800001,2020-07-14T00:00:00.001000+00:00,0.0001,0.0
2020-07-14 08:00:00+00:00,1594713600000,2020-07-14T08:00:00+00:00,0.0001,0.0
2020-07-14 16:00:00+00:00,1594742400000,2020-07-14T16:00:00+00:00,0.0001,0.0
2020-07-15 00:00:00+00:00,1594771200000,2020-07-15T00:00:00+00:00,0.0001,0.0
2020-07-15 08:00:00+00:00,1594800000000,2020-07-15T08:00:00+00:00,0.0001,0.0
2020-07-15 16:00:00+00:00,1594828800000,2020-07-15T16:00:00+00:00,0.0001,0.0
2020-07-16 00:00:00+00:00,1594857600000,2020-07-16T00:00:00+00:00,0.0001,0.0
2020-07-16 08:00:00.002000+00:00,1594886400002,2020-07-16T08:00:00.002000+00:00,0.0001,0.0
2020-07-16 16:00:00.001000+00:00,1594915200001,2020-07-16T16:00:00.001000+00:00,0.0001,0.0
2020-07-17 00:00:00.001000+00:00,1594944000001,2020-07-17T00:00:00.001000+00:00,0.0001,0.0
2020-07-17 08:00:00+00:00,1594972800000,2020-07-17T08:00:00+00:00,0.0001,0.0
2020-07-17 16:00:00+00:00,1595001600000,2020-07-17T16:00:00+00:00,0.0001,0.0
2020-07-18 00:00:00.003000+00:00,1595030400003,2020-07-18T00:00:00.003000+00:00,0.0001,0.0
2020-07-18 08:00:00.001000+00:00,1595059200001,2020-07-18T08:00:00.001000+00:00,0.0001,0.0
2020-07-18 16:00:00+00:00,1595088000000,2020-07-18T16:00:00+00:00,0.0001,0.0
2020-07-19 00:00:00+00:00,1595116800000,2020-07-19T00:00:00+00:00,0.0001,0.0
2020-07-19 08:00:00+00:00,1595145600000,2020-07-19T08:00:00+00:00,0.0001,0.0
2020-07-19 16:00:00+00:00,1595174400000,2020-07-19T16:00:00+00:00,0.0001,0.0
2020-07-20 00:00:00+00:00,1595203200000,2020-07-20T00:00:00+00:00,0.0001,0.0
2020-07-20 08:00:00+00:00,1595232000000,2020-07-20T08:00:00+00:00,0.0001,0.0
2020-07-20 16:00:00.001000+00:00,1595260800001,2020-07-20T16:00:00.001000+00:00,0.0001,0.0
2020-07-21 00:00:00+00:00,1595289600000,2020-07-21T00:00:00+00:00,0.0001,0.0
2020-07-21 08:00:00.001000+00:00,1595318400001,2020-07-21T08:00:00.001000+00:00,0.0001,0.0
2020-07-21 16:00:00.004000+00:00,1595347200004,2020-07-21T16:00:00.004000+00:00,0.0001,0.0
2020-07-22 00:00:00+00:00,1595376000000,2020-07-22T00:00:00+00:00,0.0001,0.0
2020-07-22 08:00:00+00:00,1595404800000,2020-07-22T08:00:00+00:00,0.0001,0.0
2020-07-22 16:00:00+00:00,1595433600000,2020-07-22T16:00:00+00:00,0.0001,0.0
2020-07-23 00:00:00.001000+00:00,1595462400001,2020-07-23T00:00:00.001000+00:00,0.00055183,0.0
2020-07-23 08:00:00+00:00,1595491200000,2020-07-23T08:00:00+00:00,0.00079591,0.0
2020-07-23 16:00:00.001000+00:00,1595520000001,2020-07-23T16:00:00.001000+00:00,0.00047433,0.0
2020-07-24 00:00:00+00:00,1595548800000,2020-07-24T00:00:00+00:00,0.00058285,0.0
2020-07-24 08:00:00+00:00,1595577600000,2020-07-24T08:00:00+00:00,0.0009435,0.0
2020-07-24 16:00:00+00:00,1595606400000,2020-07-24T16:00:00+00:00,0.00042763,0.0
2020-07-25 00:00:00+00:00,1595635200000,2020-07-25T00:00:00+00:00,0.00032733,0.0
2020-07-25 08:00:00.001000+00:00,1595664000001,2020-07-25T08:00:00.001000+00:00,0.00019115,0.0
2020-07-25 16:00:00+00:00,1595692800000,2020-07-25T16:00:00+00:00,0.00023376,0.0
2020-07-26 00:00:00+00:00,1595721600000,2020-07-26T00:00:00+00:00,0.00039999,0.0
2020-07-26 08:00:00+00:00,1595750400000,2020-07-26T08:00:00+00:00,0.00091914,0.0
2020-07-26 16:00:00+00:00,1595779200000,2020-07-26T16:00:00+00:00,0.00090981,0.0
2020-07-27 00:00:00+00:00,1595808000000,2020-07-27T00:00:00+00:00,0.00069401,0.0
2020-07-27 08:00:00+00:00,1595836800000,2020-07-27T08:00:00+00:00,0.00076669,0.0
2020-07-27 16:00:00+00:00,1595865600000,2020-07-27T16:00:00+00:00,0.00091745,0.0
2020-07-28 00:00:00+00:00,1595894400000,2020-07-28T00:00:00+00:00,0.00113558,0.0
2020-07-28 08:00:00.001000+00:00,1595923200001,2020-07-28T08:00:00.001000+00:00,0.00120926,0.0
2020-07-28 16:00:00+00:00,1595952000000,2020-07-28T16:00:00+00:00,0.00114134,0.0
2020-07-29 00:00:00+00:00,1595980800000,2020-07-29T00:00:00+00:00,0.00086449,0.0
2020-07-29 08:00:00+00:00,1596009600000,2020-07-29T08:00:00+00:00,0.00095544,0.0
2020-07-29 16:00:00+00:00,1596038400000,2020-07-29T16:00:00+00:00,0.00071643,0.0
2020-07-30 00:00:00+00:00,1596067200000,2020-07-30T00:00:00+00:00,0.0006881,0.0
2020-07-30 08:00:00.001000+00:00,1596096000001,2020-07-30T08:00:00.001000+00:00,0.00062728,0.0
2020-07-30 16:00:00+00:00,1596124800000,2020-07-30T16:00:00+00:00,0.0006027,0.0
2020-07-31 00:00:00+00:00,1596153600000,2020-07-31T00:00:00+00:00,0.00108946,0.0
2020-07-31 08:00:00.001000+00:00,1596182400001,2020-07-31T08:00:00.001000+00:00,0.00070112,0.0
2020-07-31 16:00:00+00:00,1596211200000,2020-07-31T16:00:00+00:00,0.00061106,0.0
2020-08-01 00:00:00.005000+00:00,1596240000005,2020-08-01T00:00:00.005000+00:00,0.00035058,0.0
2020-08-01 08:00:00+00:00,1596268800000,2020-08-01T08:00:00+00:00,0.00044202,0.0
2020-08-01 16:00:00.001000+00:00,1596297600001,2020-08-01T16:00:00.001000+00:00,0.00053847,0.0
2020-08-02 00:00:00+00:00,1596326400000,2020-08-02T00:00:00+00:00,0.00163562,0.0
2020-08-02 08:00:00.001000+00:00,1596355200001,2020-08-02T08:00:00.001000+00:00,0.00094879,0.0
2020-08-02 16:00:00.001000+00:00,1596384000001,2020-08-02T16:00:00.001000+00:00,0.00033067,0.0
2020-08-03 00:00:00+00:00,1596412800000,2020-08-03T00:00:00+00:00,0.0002917,0.0
2020-08-03 08:00:00.001000+00:00,1596441600001,2020-08-03T08:00:00.001000+00:00,0.00050577,0.0
2020-08-03 16:00:00+00:00,1596470400000,2020-08-03T16:00:00+00:00,0.00054445,0.0
2020-08-04 00:00:00.003000+00:00,1596499200003,2020-08-04T00:00:00.003000+00:00,0.00036557,0.0
2020-08-04 08:00:00+00:00,1596528000000,2020-08-04T08:00:00+00:00,0.00054679,0.0
2020-08-04 16:00:00+00:00,1596556800000,2020-08-04T16:00:00+00:00,0.00063177,0.0
2020-08-05 00:00:00+00:00,1596585600000,2020-08-05T00:00:00+00:00,0.00061202,0.0
2020-08-05 08:00:00+00:00,1596614400000,2020-08-05T08:00:00+00:00,0.00053408,0.0
2020-08-05 16:00:00+00:00,1596643200000,2020-08-05T16:00:00+00:00,0.0008946,0.0
2020-08-06 00:00:00+00:00,1596672000000,2020-08-06T00:00:00+00:00,0.00062437,0.0
2020-08-06 08:00:00.007000+00:00,1596700800007,2020-08-06T08:00:00.007000+00:00,0.00056598,0.0
2020-08-06 16:00:00+00:00,1596729600000,2020-08-06T16:00:00+00:00,0.00069781,0.0
2020-08-07 00:00:00.001000+00:00,1596758400001,2020-08-07T00:00:00.001000+00:00,0.00052275,0.0
2020-08-07 08:00:00+00:00,1596787200000,2020-08-07T08:00:00+00:00,0.00046696,0.0
2020-08-07 16:00:00+00:00,1596816000000,2020-08-07T16:00:00+00:00,0.00029683,0.0
2020-08-08 00:00:00+00:00,1596844800000,2020-08-08T00:00:00+00:00,0.0001,0.0
2020-08-08 08:00:00+00:00,1596873600000,2020-08-08T08:00:00+00:00,0.00020749,0.0
2020-08-08 16:00:00+00:00,1596902400000,2020-08-08T16:00:00+00:00,0.00044084,0.0
2020-08-09 00:00:00+00:00,1596931200000,2020-08-09T00:00:00+00:00,0.00032833,0.0
2020-08-09 08:00:00+00:00,1596960000000,2020-08-09T08:00:00+00:00,0.00046489,0.0
2020-08-09 16:00:00+00:00,1596988800000,2020-08-09T16:00:00+00:00,0.00034455,0.0
2020-08-10 00:00:00.001000+00:00,1597017600001,2020-08-10T00:00:00.001000+00:00,0.00033424,0.0
2020-08-10 08:00:00+00:00,1597046400000,2020-08-10T08:00:00+00:00,0.00108975,0.0
2020-08-10 16:00:00.001000+00:00,1597075200001,2020-08-10T16:00:00.001000+00:00,0.00052034,0.0
2020-08-11 00:00:00.001000+00:00,1597104000001,2020-08-11T00:00:00.001000+00:00,0.00048022,0.0
2020-08-11 08:00:00+00:00,1597132800000,2020-08-11T08:00:00+00:00,0.00052529,0.0
2020-08-11 16:00:00.001000+00:00,1597161600001,2020-08-11T16:00:00.001000+00:00,0.00052038,0.0
2020-08-12 00:00:00+00:00,1597190400000,2020-08-12T00:00:00+00:00,0.00034144,0.0
2020-08-12 08:00:00+00:00,1597219200000,2020-08-12T08:00:00+00:00,0.00034577,0.0
2020-08-12 16:00:00+00:00,1597248000000,2020-08-12T16:00:00+00:00,0.00024038,0.0
2020-08-13 00:00:00.002000+00:00,1597276800002,2020-08-13T00:00:00.002000+00:00,0.00031747,0.0
2020-08-13 08:00:00+00:00,1597305600000,2020-08-13T08:00:00+00:00,0.0006053,0.0
2020-08-13 16:00:00+00:00,1597334400000,2020-08-13T16:00:00+00:00,0.00051653,0.0
2020-08-14 00:00:00+00:00,1597363200000,2020-08-14T00:00:00+00:00,0.00136967,0.0
2020-08-14 08:00:00+00:00,1597392000000,2020-08-14T08:00:00+00:00,0.00146832,0.0
2020-08-14 16:00:00+00:00,1597420800000,2020-08-14T16:00:00+00:00,0.00124102,0.0
2020-08-15 00:00:00+00:00,1597449600000,2020-08-15T00:00:00+00:00,0.0007934,0.0
2020-08-15 08:00:00.001000+00:00,1597478400001,2020-08-15T08:00:00.001000+00:00,0.00084015,0.0
2020-08-15 16:00:00.001000+00:00,1597507200001,2020-08-15T16:00:00.001000+00:00,0.00075821,0.0
2020-08-16 00:00:00+00:00,1597536000000,2020-08-16T00:00:00+00:00,0.0009221,0.0
2020-08-16 08:00:00+00:00,1597564800000,2020-08-16T08:00:00+00:00,0.00086801,0.0
2020-08-16 16:00:00+00:00,1597593600000,2020-08-16T16:00:00+00:00,0.00046248,0.0
2020-08-17 00:00:00+00:00,1597622400000,2020-08-17T00:00:00+00:00,0.00074992,0.0
2020-08-17 08:00:00+00:00,1597651200000,2020-08-17T08:00:00+00:00,0.00061133,0.0
2020-08-17 16:00:00+00:00,1597680000000,2020-08-17T16:00:00+00:00,0.00103523,0.0
2020-08-18 00:00:00.001000+00:00,1597708800001,2020-08-18T00:00:00.001000+00:00,0.00133232,0.0
2020-08-18 08:00:00.008000+00:00,1597737600008,2020-08-18T08:00:00.008000+00:00,0.00085913,0.0
2020-08-18 16:00:00+00:00,1597766400000,2020-08-18T16:00:00+00:00,0.00054732,0.0
2020-08-19 00:00:00+00:00,1597795200000,2020-08-19T00:00:00+00:00,0.00034355,0.0
2020-08-19 08:00:00+00:00,1597824000000,2020-08-19T08:00:00+00:00,0.00021587,0.0
2020-08-19 16:00:00+00:00,1597852800000,2020-08-19T16:00:00+00:00,0.00040187,0.0
2020-08-20 00:00:00.001000+00:00,1597881600001,2020-08-20T00:00:00.001000+00:00,0.00035614,0.0
2020-08-20 08:00:00+00:00,1597910400000,2020-08-20T08:00:00+00:00,0.00026745,0.0
2020-08-20 16:00:00+00:00,1597939200000,2020-08-20T16:00:00+00:00,0.0001,0.0
2020-08-21 00:00:00+00:00,1597968000000,2020-08-21T00:00:00+00:00,0.0001,0.0
2020-08-21 08:00:00+00:00,1597996800000,2020-08-21T08:00:00+00:00,0.0001,0.0
2020-08-21 16:00:00.017000+00:00,1598025600017,2020-08-21T16:00:00.017000+00:00,0.00021092,0.0
2020-08-22 00:00:00+00:00,1598054400000,2020-08-22T00:00:00+00:00,0.0001,0.0
2020-08-22 08:00:00+00:00,1598083200000,2020-08-22T08:00:00+00:00,0.0001,0.0
2020-08-22 16:00:00+00:00,1598112000000,2020-08-22T16:00:00+00:00,0.0001,0.0
2020-08-23 00:00:00+00:00,1598140800000,2020-08-23T00:00:00+00:00,0.00016169,0.0
2020-08-23 08:00:00+00:00,1598169600000,2020-08-23T08:00:00+00:00,0.00014517,0.0
2020-08-23 16:00:00+00:00,1598198400000,2020-08-23T16:00:00+00:00,0.00030687,0.0
2020-08-24 00:00:00.006000+00:00,1598227200006,2020-08-24T00:00:00.006000+00:00,0.00031572,0.0
2020-08-24 08:00:00.001000+00:00,1598256000001,2020-08-24T08:00:00.001000+00:00,0.00022508,0.0
2020-08-24 16:00:00+00:00,1598284800000,2020-08-24T16:00:00+00:00,0.00031958,0.0
2020-08-25 00:00:00+00:00,1598313600000,2020-08-25T00:00:00+00:00,0.0002243,0.0
2020-08-25 08:00:00+00:00,1598342400000,2020-08-25T08:00:00+00:00,0.00011335,0.0
2020-08-25 16:00:00+00:00,1598371200000,2020-08-25T16:00:00+00:00,0.00011631,0.0
2020-08-26 00:00:00+00:00,1598400000000,2020-08-26T00:00:00+00:00,0.00020921,0.0
2020-08-26 08:00:00.008000+00:00,1598428800008,2020-08-26T08:00:00.008000+00:00,0.0001,0.0
2020-08-26 16:00:00.002000+00:00,1598457600002,2020-08-26T16:00:00.002000+00:00,0.00015004,0.0
2020-08-27 00:00:00+00:00,1598486400000,2020-08-27T00:00:00+00:00,0.00011281,0.0
2020-08-27 08:00:00.010000+00:00,1598515200010,2020-08-27T08:00:00.010000+00:00,0.0001,0.0
2020-08-27 16:00:00+00:00,1598544000000,2020-08-27T16:00:00+00:00,0.0001,0.0
2020-08-28 00:00:00+00:00,1598572800000,2020-08-28T00:00:00+00:00,0.0001,0.0
2020-08-28 08:00:00.001000+00:00,1598601600001,2020-08-28T08:00:00.001000+00:00,0.0001,0.0
2020-08-28 16:00:00+00:00,1598630400000,2020-08-28T16:00:00+00:00,0.00012226,0.0
2020-08-29 00:00:00.002000+00:00,1598659200002,2020-08-29T00:00:00.002000+00:00,0.0001,0.0
2020-08-29 08:00:00.006000+00:00,1598688000006,2020-08-29T08:00:00.006000+00:00,0.0001,0.0
2020-08-29 16:00:00.003000+00:00,1598716800003,2020-08-29T16:00:00.003000+00:00,0.0001,0.0
2020-08-30 00:00:00+00:00,1598745600000,2020-08-30T00:00:00+00:00,0.0001,0.0
2020-08-30 08:00:00+00:00,1598774400000,2020-08-30T08:00:00+00:00,0.0001,0.0
2020-08-30 16:00:00+00:00,1598803200000,2020-08-30T16:00:00+00:00,0.0001,0.0
2020-08-31 00:00:00+00:00,1598832000000,2020-08-31T00:00:00+00:00,0.0001,0.0
2020-08-31 08:00:00.001000+00:00,1598860800001,2020-08-31T08:00:00.001000+00:00,0.0001,0.0
2020-08-31 16:00:00.001000+00:00,1598889600001,2020-08-31T16:00:00.001000+00:00,0.0001,0.0
2020-09-01 00:00:00+00:00,1598918400000,2020-09-01T00:00:00+00:00,0.0001,0.0
2020-09-01 08:00:00+00:00,1598947200000,2020-09-01T08:00:00+00:00,0.00027103,0.0
2020-09-01 16:00:00+00:00,1598976000000,2020-09-01T16:00:00+00:00,0.00055077,0.0
2020-09-02 00:00:00+00:00,1599004800000,2020-09-02T00:00:00+00:00,0.00045898,0.0
2020-09-02 08:00:00.006000+00:00,1599033600006,2020-09-02T08:00:00.006000+00:00,0.00060012,0.0
2020-09-02 16:00:00+00:00,1599062400000,2020-09-02T16:00:00+00:00,0.0001,0.0
2020-09-03 00:00:00.001000+00:00,1599091200001,2020-09-03T00:00:00.001000+00:00,0.00014859,0.0
2020-09-03 08:00:00.004000+00:00,1599120000004,2020-09-03T08:00:00.004000+00:00,0.0001,0.0
2020-09-03 16:00:00+00:00,1599148800000,2020-09-03T16:00:00+00:00,0.0001,0.0
2020-09-04 00:00:00.005000+00:00,1599177600005,2020-09-04T00:00:00.005000+00:00,0.00010813,0.0
2020-09-04 08:00:00+00:00,1599206400000,2020-09-04T08:00:00+00:00,0.00020118,0.0
2020-09-04 16:00:00.006000+00:00,1599235200006,2020-09-04T16:00:00.006000+00:00,0.0001181,0.0
2020-09-05 00:00:00+00:00,1599264000000,2020-09-05T00:00:00+00:00,0.0001,0.0
2020-09-05 08:00:00.004000+00:00,1599292800004,2020-09-05T08:00:00.004000+00:00,0.0001,0.0
2020-09-05 16:00:00.001000+00:00,1599321600001,2020-09-05T16:00:00.001000+00:00,0.0001,0.0
2020-09-06 00:00:00.004000+00:00,1599350400004,2020-09-06T00:00:00.004000+00:00,0.0001,0.0
2020-09-06 08:00:00+00:00,1599379200000,2020-09-06T08:00:00+00:00,0.0001,0.0
2020-09-06 16:00:00+00:00,1599408000000,2020-09-06T16:00:00+00:00,0.0001,0.0
2020-09-07 00:00:00.002000+00:00,1599436800002,2020-09-07T00:00:00.002000+00:00,0.0001,0.0
2020-09-07 08:00:00.004000+00:00,1599465600004,2020-09-07T08:00:00.004000+00:00,6.48e-05,0.0
2020-09-07 16:00:00.001000+00:00,1599494400001,2020-09-07T16:00:00.001000+00:00,0.0001,0.0
2020-09-08 00:00:00.007000+00:00,1599523200007,2020-09-08T00:00:00.007000+00:00,0.0001,0.0
2020-09-08 08:00:00.006000+00:00,1599552000006,2020-09-08T08:00:00.006000+00:00,0.0001,0.0
2020-09-08 16:00:00.014000+00:00,1599580800014,2020-09-08T16:00:00.014000+00:00,0.0001,0.0
2020-09-09 00:00:00+00:00,1599609600000,2020-09-09T00:00:00+00:00,0.0001,0.0
2020-09-09 08:00:00+00:00,1599638400000,2020-09-09T08:00:00+00:00,0.0001,0.0
2020-09-09 16:00:00+00:00,1599667200000,2020-09-09T16:00:00+00:00,0.0001,0.0
2020-09-10 00:00:00+00:00,1599696000000,2020-09-10T00:00:00+00:00,0.0001,0.0
2020-09-10 08:00:00.005000+00:00,1599724800005,2020-09-10T08:00:00.005000+00:00,0.0001,0.0
2020-09-10 16:00:00+00:00,1599753600000,2020-09-10T16:00:00+00:00,6.538e-05,0.0
2020-09-11 00:00:00+00:00,1599782400000,2020-09-11T00:00:00+00:00,3.498e-05,0.0
2020-09-11 08:00:00.008000+00:00,1599811200008,2020-09-11T08:00:00.008000+00:00,9.323e-05,0.0
2020-09-11 16:00:00+00:00,1599840000000,2020-09-11T16:00:00+00:00,7.151e-05,0.0
2020-09-12 00:00:00.008000+00:00,1599868800008,2020-09-12T00:00:00.008000+00:00,0.0001,0.0
2020-09-12 08:00:00+00:00,1599897600000,2020-09-12T08:00:00+00:00,0.0001,0.0
2020-09-12 16:00:00.008000+00:00,1599926400008,2020-09-12T16:00:00.008000+00:00,3.731e-05,0.0
2020-09-13 00:00:00+00:00,1599955200000,2020-09-13T00:00:00+00:00,0.0001,0.0
2020-09-13 08:00:00+00:00,1599984000000,2020-09-13T08:00:00+00:00,0.0001,0.0
2020-09-13 16:00:00.004000+00:00,1600012800004,2020-09-13T16:00:00.004000+00:00,0.0001,0.0
2020-09-14 00:00:00.003000+00:00,1600041600003,2020-09-14T00:00:00.003000+00:00,0.0001,0.0
2020-09-14 08:00:00.008000+00:00,1600070400008,2020-09-14T08:00:00.008000+00:00,0.0001,0.0
2020-09-14 16:00:00+00:00,1600099200000,2020-09-14T16:00:00+00:00,0.0001,0.0
2020-09-15 00:00:00+00:00,1600128000000,2020-09-15T00:00:00+00:00,0.0001,0.0
2020-09-15 08:00:00.010000+00:00,1600156800010,2020-09-15T08:00:00.010000+00:00,0.0001,0.0
2020-09-15 16:00:00.003000+00:00,1600185600003,2020-09-15T16:00:00.003000+00:00,0.0001,0.0
2020-09-16 00:00:00.014000+00:00,1600214400014,2020-09-16T00:00:00.014000+00:00,0.0001,0.0
2020-09-16 08:00:00+00:00,1600243200000,2020-09-16T08:00:00+00:00,0.0001,0.0
2020-09-16 16:00:00.001000+00:00,1600272000001,2020-09-16T16:00:00.001000+00:00,0.0001,0.0
2020-09-17 00:00:00.006000+00:00,1600300800006,2020-09-17T00:00:00.006000+00:00,0.0001,0.0
2020-09-17 08:00:00.012000+00:00,1600329600012,2020-09-17T08:00:00.012000+00:00,0.0001,0.0
2020-09-17 16:00:00+00:00,1600358400000,2020-09-17T16:00:00+00:00,0.0001,0.0
2020-09-18 00:00:00.001000+00:00,1600387200001,2020-09-18T00:00:00.001000+00:00,0.0001,0.0
2020-09-18 08:00:00.002000+00:00,1600416000002,2020-09-18T08:00:00.002000+00:00,0.0001,0.0
2020-09-18 16:00:00.002000+00:00,1600444800002,2020-09-18T16:00:00.002000+00:00,0.0001,0.0
2020-09-19 00:00:00+00:00,1600473600000,2020-09-19T00:00:00+00:00,0.0001,0.0
2020-09-19 08:00:00.005000+00:00,1600502400005,2020-09-19T08:00:00.005000+00:00,0.0001,0.0
2020-09-19 16:00:00.008000+00:00,1600531200008,2020-09-19T16:00:00.008000+00:00,0.0001,0.0
2020-09-20 00:00:00.002000+00:00,1600560000002,2020-09-20T00:00:00.002000+00:00,0.0001,0.0
2020-09-20 08:00:00.005000+00:00,1600588800005,2020-09-20T08:00:00.005000+00:00,0.0001,0.0
2020-09-20 16:00:00.005000+00:00,1600617600005,2020-09-20T16:00:00.005000+00:00,-8e-07,0.0
2020-09-21 00:00:00+00:00,1600646400000,2020-09-21T00:00:00+00:00,-1.481e-05,0.0
2020-09-21 08:00:00.001000+00:00,1600675200001,2020-09-21T08:00:00.001000+00:00,0.0001,0.0
2020-09-21 16:00:00+00:00,1600704000000,2020-09-21T16:00:00+00:00,5.075e-05,0.0
2020-09-22 00:00:00.001000+00:00,1600732800001,2020-09-22T00:00:00.001000+00:00,-0.00022757,0.0
2020-09-22 08:00:00+00:00,1600761600000,2020-09-22T08:00:00+00:00,9.7e-07,0.0
2020-09-22 16:00:00.004000+00:00,1600790400004,2020-09-22T16:00:00.004000+00:00,1.01e-05,0.0
2020-09-23 00:00:00.007000+00:00,1600819200007,2020-09-23T00:00:00.007000+00:00,0.0001,0.0
2020-09-23 08:00:00.001000+00:00,1600848000001,2020-09-23T08:00:00.001000+00:00,1.632e-05,0.0
2020-09-23 16:00:00.001000+00:00,1600876800001,2020-09-23T16:00:00.001000+00:00,0.0001,0.0
2020-09-24 00:00:00+00:00,1600905600000,2020-09-24T00:00:00+00:00,-1.579e-05,0.0
2020-09-24 08:00:00+00:00,1600934400000,2020-09-24T08:00:00+00:00,3.064e-05,0.0
2020-09-24 16:00:00+00:00,1600963200000,2020-09-24T16:00:00+00:00,5.598e-05,0.0
2020-09-25 00:00:00.009000+00:00,1600992000009,2020-09-25T00:00:00.009000+00:00,5.361e-05,0.0
2020-09-25 08:00:00.045000+00:00,1601020800045,2020-09-25T08:00:00.045000+00:00,0.0001,0.0
2020-09-25 16:00:00+00:00,1601049600000,2020-09-25T16:00:00+00:00,0.0001,0.0
2020-09-26 00:00:00+00:00,1601078400000,2020-09-26T00:00:00+00:00,0.0001,0.0
2020-09-26 08:00:00+00:00,1601107200000,2020-09-26T08:00:00+00:00,0.0001,0.0
2020-09-26 16:00:00.005000+00:00,1601136000005,2020-09-26T16:00:00.005000+00:00,0.0001,0.0
2020-09-27 00:00:00+00:00,1601164800000,2020-09-27T00:00:00+00:00,0.0001,0.0
2020-09-27 08:00:00+00:00,1601193600000,2020-09-27T08:00:00+00:00,0.0001,0.0
2020-09-27 16:00:00.019000+00:00,1601222400019,2020-09-27T16:00:00.019000+00:00,0.0001,0.0
2020-09-28 00:00:00.001000+00:00,1601251200001,2020-09-28T00:00:00.001000+00:00,0.0001,0.0
2020-09-28 08:00:00+00:00,1601280000000,2020-09-28T08:00:00+00:00,0.0001,0.0
2020-09-28 16:00:00.002000+00:00,1601308800002,2020-09-28T16:00:00.002000+00:00,0.0001,0.0
2020-09-29 00:00:00+00:00,1601337600000,2020-09-29T00:00:00+00:00,0.0001,0.0
2020-09-29 08:00:00+00:00,1601366400000,2020-09-29T08:00:00+00:00,-1.526e-05,0.0
2020-09-29 16:00:00+00:00,1601395200000,2020-09-29T16:00:00+00:00,7.388e-05,0.0
2020-09-30 00:00:00.005000+00:00,1601424000005,2020-09-30T00:00:00.005000+00:00,0.0001,0.0
2020-09-30 08:00:00+00:00,1601452800000,2020-09-30T08:00:00+00:00,0.0001,0.0
2020-09-30 16:00:00+00:00,1601481600000,2020-09-30T16:00:00+00:00,-2.8e-06,0.0
2020-10-01 00:00:00+00:00,1601510400000,2020-10-01T00:00:00+00:00,9.937e-05,0.0
2020-10-01 08:00:00+00:00,1601539200000,2020-10-01T08:00:00+00:00,0.0001,0.0
2020-10-01 16:00:00+00:00,1601568000000,2020-10-01T16:00:00+00:00,0.0001,0.0
2020-10-02 00:00:00.011000+00:00,1601596800011,2020-10-02T00:00:00.011000+00:00,4.321e-05,0.0
2020-10-02 08:00:00+00:00,1601625600000,2020-10-02T08:00:00+00:00,0.0001,0.0
2020-10-02 16:00:00.005000+00:00,1601654400005,2020-10-02T16:00:00.005000+00:00,-3.462e-05,0.0
2020-10-03 00:00:00+00:00,1601683200000,2020-10-03T00:00:00+00:00,5.867e-05,0.0
2020-10-03 08:00:00.001000+00:00,1601712000001,2020-10-03T08:00:00.001000+00:00,-0.00011916,0.0
2020-10-03 16:00:00+00:00,1601740800000,2020-10-03T16:00:00+00:00,-3.221e-05,0.0
2020-10-04 00:00:00+00:00,1601769600000,2020-10-04T00:00:00+00:00,-6.7e-06,0.0
2020-10-04 08:00:00.003000+00:00,1601798400003,2020-10-04T08:00:00.003000+00:00,0.0001,0.0
2020-10-04 16:00:00.001000+00:00,1601827200001,2020-10-04T16:00:00.001000+00:00,-6.384e-05,0.0
2020-10-05 00:00:00+00:00,1601856000000,2020-10-05T00:00:00+00:00,0.0001,0.0
2020-10-05 08:00:00+00:00,1601884800000,2020-10-05T08:00:00+00:00,3.05e-06,0.0
2020-10-05 16:00:00.012000+00:00,1601913600012,2020-10-05T16:00:00.012000+00:00,-1.442e-05,0.0
2020-10-06 00:00:00+00:00,1601942400000,2020-10-06T00:00:00+00:00,-4.499e-05,0.0
2020-10-06 08:00:00.005000+00:00,1601971200005,2020-10-06T08:00:00.005000+00:00,9.514e-05,0.0
2020-10-06 16:00:00+00:00,1602000000000,2020-10-06T16:00:00+00:00,4.4e-07,0.0
2020-10-07 00:00:00+00:00,1602028800000,2020-10-07T00:00:00+00:00,-7.208e-05,0.0
2020-10-07 08:00:00+00:00,1602057600000,2020-10-07T08:00:00+00:00,2.716e-05,0.0
2020-10-07 16:00:00+00:00,1602086400000,2020-10-07T16:00:00+00:00,7.205e-05,0.0
2020-10-08 00:00:00+00:00,1602115200000,2020-10-08T00:00:00+00:00,0.0001,0.0
2020-10-08 08:00:00.009000+00:00,1602144000009,2020-10-08T08:00:00.009000+00:00,0.0001,0.0
2020-10-08 16:00:00.003000+00:00,1602172800003,2020-10-08T16:00:00.003000+00:00,0.0001,0.0
2020-10-09 00:00:00.001000+00:00,1602201600001,2020-10-09T00:00:00.001000+00:00,0.0001,0.0
2020-10-09 08:00:00+00:00,1602230400000,2020-10-09T08:00:00+00:00,0.0001,0.0
2020-10-09 16:00:00.004000+00:00,1602259200004,2020-10-09T16:00:00.004000+00:00,0.0001,0.0
2020-10-10 00:00:00.005000+00:00,1602288000005,2020-10-10T00:00:00.005000+00:00,0.0001,0.0
2020-10-10 08:00:00+00:00,1602316800000,2020-10-10T08:00:00+00:00,0.0001733,0.0
2020-10-10 16:00:00.011000+00:00,1602345600011,2020-10-10T16:00:00.011000+00:00,0.00027917,0.0
2020-10-11 00:00:00.002000+00:00,1602374400002,2020-10-11T00:00:00.002000+00:00,0.00011995,0.0
2020-10-11 08:00:00.003000+00:00,1602403200003,2020-10-11T08:00:00.003000+00:00,0.00013127,0.0
2020-10-11 16:00:00.004000+00:00,1602432000004,2020-10-11T16:00:00.004000+00:00,0.0001,0.0
2020-10-12 00:00:00.001000+00:00,1602460800001,2020-10-12T00:00:00.001000+00:00,0.0001,0.0
2020-10-12 08:00:00+00:00,1602489600000,2020-10-12T08:00:00+00:00,0.0001,0.0
2020-10-12 16:00:00.011000+00:00,1602518400011,2020-10-12T16:00:00.011000+00:00,0.0001,0.0
2020-10-13 00:00:00.003000+00:00,1602547200003,2020-10-13T00:00:00.003000+00:00,0.0002191,0.0
2020-10-13 08:00:00+00:00,1602576000000,2020-10-13T08:00:00+00:00,0.0001,0.0
2020-10-13 16:00:00.001000+00:00,1602604800001,2020-10-13T16:00:00.001000+00:00,0.0001,0.0
2020-10-14 00:00:00.001000+00:00,1602633600001,2020-10-14T00:00:00.001000+00:00,0.0001,0.0
2020-10-14 08:00:00+00:00,1602662400000,2020-10-14T08:00:00+00:00,0.0001,0.0
2020-10-14 16:00:00.001000+00:00,1602691200001,2020-10-14T16:00:00.001000+00:00,0.0001,0.0
2020-10-15 00:00:00+00:00,1602720000000,2020-10-15T00:00:00+00:00,0.0001,0.0
2020-10-15 08:00:00+00:00,1602748800000,2020-10-15T08:00:00+00:00,0.0001,0.0
2020-10-15 16:00:00+00:00,1602777600000,2020-10-15T16:00:00+00:00,0.0001,0.0
2020-10-16 00:00:00.002000+00:00,1602806400002,2020-10-16T00:00:00.002000+00:00,0.0001,0.0
2020-10-16 08:00:00.003000+00:00,1602835200003,2020-10-16T08:00:00.003000+00:00,0.0001,0.0
2020-10-16 16:00:00+00:00,1602864000000,2020-10-16T16:00:00+00:00,0.0001,0.0
2020-10-17 00:00:00.006000+00:00,1602892800006,2020-10-17T00:00:00.006000+00:00,0.0001,0.0
2020-10-17 08:00:00.007000+00:00,1602921600007,2020-10-17T08:00:00.007000+00:00,0.0001,0.0
2020-10-17 16:00:00.009000+00:00,1602950400009,2020-10-17T16:00:00.009000+00:00,0.0001,0.0
2020-10-18 00:00:00.006000+00:00,1602979200006,2020-10-18T00:00:00.006000+00:00,0.0001,0.0
2020-10-18 08:00:00+00:00,1603008000000,2020-10-18T08:00:00+00:00,0.0001,0.0
2020-10-18 16:00:00+00:00,1603036800000,2020-10-18T16:00:00+00:00,0.0001,0.0
2020-10-19 00:00:00+00:00,1603065600000,2020-10-19T00:00:00+00:00,0.0001,0.0
2020-10-19 08:00:00+00:00,1603094400000,2020-10-19T08:00:00+00:00,0.0001,0.0
2020-10-19 16:00:00+00:00,1603123200000,2020-10-19T16:00:00+00:00,0.0001,0.0
2020-10-20 00:00:00.015000+00:00,1603152000015,2020-10-20T00:00:00.015000+00:00,0.00011516,0.0
2020-10-20 08:00:00+00:00,1603180800000,2020-10-20T08:00:00+00:00,0.00037754,0.0
2020-10-20 16:00:00.008000+00:00,1603209600008,2020-10-20T16:00:00.008000+00:00,0.0001,0.0
2020-10-21 00:00:00.009000+00:00,1603238400009,2020-10-21T00:00:00.009000+00:00,0.0001,0.0
2020-10-21 08:00:00.004000+00:00,1603267200004,2020-10-21T08:00:00.004000+00:00,0.00031887,0.0
2020-10-21 16:00:00+00:00,1603296000000,2020-10-21T16:00:00+00:00,0.00050823,0.0
2020-10-22 00:00:00+00:00,1603324800000,2020-10-22T00:00:00+00:00,0.00083557,0.0
2020-10-22 08:00:00+00:00,1603353600000,2020-10-22T08:00:00+00:00,0.00052961,0.0
2020-10-22 16:00:00.004000+00:00,1603382400004,2020-10-22T16:00:00.004000+00:00,0.00074052,0.0
2020-10-23 00:00:00.007000+00:00,1603411200007,2020-10-23T00:00:00.007000+00:00,0.0005259,0.0
2020-10-23 08:00:00+00:00,1603440000000,2020-10-23T08:00:00+00:00,0.00033468,0.0
2020-10-23 16:00:00+00:00,1603468800000,2020-10-23T16:00:00+00:00,0.00024975,0.0
2020-10-24 00:00:00+00:00,1603497600000,2020-10-24T00:00:00+00:00,0.00051273,0.0
2020-10-24 08:00:00+00:00,1603526400000,2020-10-24T08:00:00+00:00,0.00042291,0.0
2020-10-24 16:00:00.008000+00:00,1603555200008,2020-10-24T16:00:00.008000+00:00,0.00034696,0.0
2020-10-25 00:00:00.005000+00:00,1603584000005,2020-10-25T00:00:00.005000+00:00,0.00039795,0.0
2020-10-25 08:00:00.014000+00:00,1603612800014,2020-10-25T08:00:00.014000+00:00,0.0001,0.0
2020-10-25 16:00:00+00:00,1603641600000,2020-10-25T16:00:00+00:00,0.0001,0.0
2020-10-26 00:00:00.004000+00:00,1603670400004,2020-10-26T00:00:00.004000+00:00,0.0001,0.0
2020-10-26 08:00:00+00:00,1603699200000,2020-10-26T08:00:00+00:00,0.0001,0.0
2020-10-26 16:00:00+00:00,1603728000000,2020-10-26T16:00:00+00:00,0.0002133,0.0
2020-10-27 00:00:00+00:00,1603756800000,2020-10-27T00:00:00+00:00,0.0001,0.0
2020-10-27 08:00:00+00:00,1603785600000,2020-10-27T08:00:00+00:00,0.0001,0.0
2020-10-27 16:00:00+00:00,1603814400000,2020-10-27T16:00:00+00:00,0.00018409,0.0
2020-10-28 00:00:00+00:00,1603843200000,2020-10-28T00:00:00+00:00,0.00015253,0.0
2020-10-28 08:00:00.006000+00:00,1603872000006,2020-10-28T08:00:00.006000+00:00,0.0001,0.0
2020-10-28 16:00:00.001000+00:00,1603900800001,2020-10-28T16:00:00.001000+00:00,0.0001,0.0
2020-10-29 00:00:00+00:00,1603929600000,2020-10-29T00:00:00+00:00,0.0001,0.0
2020-10-29 08:00:00+00:00,1603958400000,2020-10-29T08:00:00+00:00,0.0001,0.0
2020-10-29 16:00:00+00:00,1603987200000,2020-10-29T16:00:00+00:00,0.0001,0.0
2020-10-30 00:00:00+00:00,1604016000000,2020-10-30T00:00:00+00:00,0.0001,0.0
2020-10-30 08:00:00.002000+00:00,1604044800002,2020-10-30T08:00:00.002000+00:00,0.0001,0.0
2020-10-30 16:00:00.002000+00:00,1604073600002,2020-10-30T16:00:00.002000+00:00,0.0001,0.0
2020-10-31 00:00:00.003000+00:00,1604102400003,2020-10-31T00:00:00.003000+00:00,0.0001,0.0
2020-10-31 08:00:00+00:00,1604131200000,2020-10-31T08:00:00+00:00,0.0001,0.0
2020-10-31 16:00:00+00:00,1604160000000,2020-10-31T16:00:00+00:00,0.0001,0.0
2020-11-01 00:00:00+00:00,1604188800000,2020-11-01T00:00:00+00:00,0.0001,0.0
2020-11-01 08:00:00+00:00,1604217600000,2020-11-01T08:00:00+00:00,0.0001,0.0
2020-11-01 16:00:00+00:00,1604246400000,2020-11-01T16:00:00+00:00,0.0001,0.0
2020-11-02 00:00:00+00:00,1604275200000,2020-11-02T00:00:00+00:00,0.0001,0.0
2020-11-02 08:00:00.010000+00:00,1604304000010,2020-11-02T08:00:00.010000+00:00,0.00030095,0.0
2020-11-02 16:00:00+00:00,1604332800000,2020-11-02T16:00:00+00:00,0.0001,0.0
2020-11-03 00:00:00+00:00,1604361600000,2020-11-03T00:00:00+00:00,0.0001,0.0
2020-11-03 08:00:00.004000+00:00,1604390400004,2020-11-03T08:00:00.004000+00:00,0.0001,0.0
2020-11-03 16:00:00.009000+00:00,1604419200009,2020-11-03T16:00:00.009000+00:00,0.0001,0.0
2020-11-04 00:00:00+00:00,1604448000000,2020-11-04T00:00:00+00:00,0.0001,0.0
2020-11-04 08:00:00+00:00,1604476800000,2020-11-04T08:00:00+00:00,0.0001,0.0
2020-11-04 16:00:00.005000+00:00,1604505600005,2020-11-04T16:00:00.005000+00:00,0.0001,0.0
2020-11-05 00:00:00.017000+00:00,1604534400017,2020-11-05T00:00:00.017000+00:00,0.00076235,0.0
2020-11-05 08:00:00.001000+00:00,1604563200001,2020-11-05T08:00:00.001000+00:00,0.00073669,0.0
2020-11-05 16:00:00+00:00,1604592000000,2020-11-05T16:00:00+00:00,0.00069168,0.0
2020-11-06 00:00:00+00:00,1604620800000,2020-11-06T00:00:00+00:00,0.00035727,0.0
2020-11-06 08:00:00.001000+00:00,1604649600001,2020-11-06T08:00:00.001000+00:00,0.0007547,0.0
2020-11-06 16:00:00.001000+00:00,1604678400001,2020-11-06T16:00:00.001000+00:00,0.00073654,0.0
2020-11-07 00:00:00.001000+00:00,1604707200001,2020-11-07T00:00:00.001000+00:00,0.00048047,0.0
2020-11-07 08:00:00+00:00,1604736000000,2020-11-07T08:00:00+00:00,0.00103009,0.0
2020-11-07 16:00:00.006000+00:00,1604764800006,2020-11-07T16:00:00.006000+00:00,0.0005895,0.0
2020-11-08 00:00:00+00:00,1604793600000,2020-11-08T00:00:00+00:00,0.00021269,0.0
2020-11-08 08:00:00+00:00,1604822400000,2020-11-08T08:00:00+00:00,0.00034732,0.0
2020-11-08 16:00:00+00:00,1604851200000,2020-11-08T16:00:00+00:00,0.00058594,0.0
2020-11-09 00:00:00.007000+00:00,1604880000007,2020-11-09T00:00:00.007000+00:00,0.00050128,0.0
2020-11-09 08:00:00.001000+00:00,1604908800001,2020-11-09T08:00:00.001000+00:00,0.00025588,0.0
2020-11-09 16:00:00.002000+00:00,1604937600002,2020-11-09T16:00:00.002000+00:00,0.00028775,0.0
2020-11-10 00:00:00.003000+00:00,1604966400003,2020-11-10T00:00:00.003000+00:00,0.00016695,0.0
2020-11-10 08:00:00.011000+00:00,1604995200011,2020-11-10T08:00:00.011000+00:00,0.0003373,0.0
2020-11-10 16:00:00+00:00,1605024000000,2020-11-10T16:00:00+00:00,0.00036401,0.0
2020-11-11 00:00:00+00:00,1605052800000,2020-11-11T00:00:00+00:00,0.00043021,0.0
2020-11-11 08:00:00.009000+00:00,1605081600009,2020-11-11T08:00:00.009000+00:00,0.00018601,0.0
2020-11-11 16:00:00.003000+00:00,1605110400003,2020-11-11T16:00:00.003000+00:00,0.00041035,0.0
2020-11-12 00:00:00.001000+00:00,1605139200001,2020-11-12T00:00:00.001000+00:00,0.00039191,0.0
2020-11-12 08:00:00.001000+00:00,1605168000001,2020-11-12T08:00:00.001000+00:00,0.0001,0.0
2020-11-12 16:00:00+00:00,1605196800000,2020-11-12T16:00:00+00:00,0.0001,0.0
2020-11-13 00:00:00+00:00,1605225600000,2020-11-13T00:00:00+00:00,0.0001,0.0
2020-11-13 08:00:00+00:00,1605254400000,2020-11-13T08:00:00+00:00,0.0001,0.0
2020-11-13 16:00:00+00:00,1605283200000,2020-11-13T16:00:00+00:00,0.00051032,0.0
2020-11-14 00:00:00.005000+00:00,1605312000005,2020-11-14T00:00:00.005000+00:00,0.00058724,0.0
2020-11-14 08:00:00.004000+00:00,1605340800004,2020-11-14T08:00:00.004000+00:00,0.00011914,0.0
2020-11-14 16:00:00.001000+00:00,1605369600001,2020-11-14T16:00:00.001000+00:00,0.0001,0.0
2020-11-15 00:00:00.001000+00:00,1605398400001,2020-11-15T00:00:00.001000+00:00,0.0001,0.0
2020-11-15 08:00:00+00:00,1605427200000,2020-11-15T08:00:00+00:00,0.0001,0.0
2020-11-15 16:00:00.003000+00:00,1605456000003,2020-11-15T16:00:00.003000+00:00,0.0001,0.0
2020-11-16 00:00:00+00:00,1605484800000,2020-11-16T00:00:00+00:00,0.0001,0.0
2020-11-16 08:00:00.010000+00:00,1605513600010,2020-11-16T08:00:00.010000+00:00,0.0001,0.0
2020-11-16 16:00:00.001000+00:00,1605542400001,2020-11-16T16:00:00.001000+00:00,0.0001,0.0
2020-11-17 00:00:00.002000+00:00,1605571200002,2020-11-17T00:00:00.002000+00:00,0.0001,0.0
2020-11-17 08:00:00.003000+00:00,1605600000003,2020-11-17T08:00:00.003000+00:00,0.00024182,0.0
2020-11-17 16:00:00.003000+00:00,1605628800003,2020-11-17T16:00:00.003000+00:00,0.0003788,0.0
2020-11-18 00:00:00.005000+00:00,1605657600005,2020-11-18T00:00:00.005000+00:00,0.00089819,0.0
2020-11-18 08:00:00.006000+00:00,1605686400006,2020-11-18T08:00:00.006000+00:00,0.00037818,0.0
2020-11-18 16:00:00+00:00,1605715200000,2020-11-18T16:00:00+00:00,0.0001,0.0
2020-11-19 00:00:00.008000+00:00,1605744000008,2020-11-19T00:00:00.008000+00:00,0.0001,0.0
2020-11-19 08:00:00+00:00,1605772800000,2020-11-19T08:00:00+00:00,0.00014096,0.0
2020-11-19 16:00:00.001000+00:00,1605801600001,2020-11-19T16:00:00.001000+00:00,0.00038994,0.0
2020-11-20 00:00:00.003000+00:00,1605830400003,2020-11-20T00:00:00.003000+00:00,0.00016511,0.0
2020-11-20 08:00:00.005000+00:00,1605859200005,2020-11-20T08:00:00.005000+00:00,0.00078136,0.0
2020-11-20 16:00:00+00:00,1605888000000,2020-11-20T16:00:00+00:00,0.0007993,0.0
2020-11-21 00:00:00+00:00,1605916800000,2020-11-21T00:00:00+00:00,0.00011376,0.0
2020-11-21 08:00:00+00:00,1605945600000,2020-11-21T08:00:00+00:00,0.00012145,0.0
2020-11-21 16:00:00.001000+00:00,1605974400001,2020-11-21T16:00:00.001000+00:00,0.00075533,0.0
2020-11-22 00:00:00.005000+00:00,1606003200005,2020-11-22T00:00:00.005000+00:00,0.00080539,0.0
2020-11-22 08:00:00+00:00,1606032000000,2020-11-22T08:00:00+00:00,0.0008501,0.0
2020-11-22 16:00:00+00:00,1606060800000,2020-11-22T16:00:00+00:00,0.00073816,0.0
2020-11-23 00:00:00.005000+00:00,1606089600005,2020-11-23T00:00:00.005000+00:00,0.00158187,0.0
2020-11-23 08:00:00+00:00,1606118400000,2020-11-23T08:00:00+00:00,0.00114125,0.0
2020-11-23 16:00:00.003000+00:00,1606147200003,2020-11-23T16:00:00.003000+00:00,0.00085758,0.0
2020-11-24 00:00:00+00:00,1606176000000,2020-11-24T00:00:00+00:00,0.00064276,0.0
2020-11-24 08:00:00+00:00,1606204800000,2020-11-24T08:00:00+00:00,0.00091981,0.0
2020-11-24 16:00:00.005000+00:00,1606233600005,2020-11-24T16:00:00.005000+00:00,0.00116688,0.0
2020-11-25 00:00:00.005000+00:00,1606262400005,2020-11-25T00:00:00.005000+00:00,0.00073994,0.0
2020-11-25 08:00:00.005000+00:00,1606291200005,2020-11-25T08:00:00.005000+00:00,0.00053128,0.0
2020-11-25 16:00:00.015000+00:00,1606320000015,2020-11-25T16:00:00.015000+00:00,0.00116534,0.0
2020-11-26 00:00:00.012000+00:00,1606348800012,2020-11-26T00:00:00.012000+00:00,0.00048837,0.0
2020-11-26 08:00:00.002000+00:00,1606377600002,2020-11-26T08:00:00.002000+00:00,0.0001,0.0
2020-11-26 16:00:00.001000+00:00,1606406400001,2020-11-26T16:00:00.001000+00:00,0.00013275,0.0
2020-11-27 00:00:00.001000+00:00,1606435200001,2020-11-27T00:00:00.001000+00:00,0.0002475,0.0
2020-11-27 08:00:00+00:00,1606464000000,2020-11-27T08:00:00+00:00,0.0001,0.0
2020-11-27 16:00:00.007000+00:00,1606492800007,2020-11-27T16:00:00.007000+00:00,0.0001,0.0
2020-11-28 00:00:00.007000+00:00,1606521600007,2020-11-28T00:00:00.007000+00:00,0.0001,0.0
2020-11-28 08:00:00.012000+00:00,1606550400012,2020-11-28T08:00:00.012000+00:00,0.0001,0.0
2020-11-28 16:00:00+00:00,1606579200000,2020-11-28T16:00:00+00:00,0.0001,0.0
2020-11-29 00:00:00.007000+00:00,1606608000007,2020-11-29T00:00:00.007000+00:00,0.0001,0.0
2020-11-29 08:00:00+00:00,1606636800000,2020-11-29T08:00:00+00:00,0.0001,0.0
2020-11-29 16:00:00+00:00,1606665600000,2020-11-29T16:00:00+00:00,0.0001,0.0
2020-11-30 00:00:00.004000+00:00,1606694400004,2020-11-30T00:00:00.004000+00:00,0.0001,0.0
2020-11-30 08:00:00.007000+00:00,1606723200007,2020-11-30T08:00:00.007000+00:00,0.00036965,0.0
2020-11-30 16:00:00+00:00,1606752000000,2020-11-30T16:00:00+00:00,0.00090116,0.0
2020-12-01 00:00:00+00:00,1606780800000,2020-12-01T00:00:00+00:00,0.00039869,0.0
2020-12-01 08:00:00.003000+00:00,1606809600003,2020-12-01T08:00:00.003000+00:00,0.00058752,0.0
2020-12-01 16:00:00+00:00,1606838400000,2020-12-01T16:00:00+00:00,0.00031592,0.0
2020-12-02 00:00:00.001000+00:00,1606867200001,2020-12-02T00:00:00.001000+00:00,0.00019429,0.0
2020-12-02 08:00:00.011000+00:00,1606896000011,2020-12-02T08:00:00.011000+00:00,0.00045805,0.0
2020-12-02 16:00:00.005000+00:00,1606924800005,2020-12-02T16:00:00.005000+00:00,0.0001,0.0
2020-12-03 00:00:00.001000+00:00,1606953600001,2020-12-03T00:00:00.001000+00:00,0.0001,0.0
2020-12-03 08:00:00.031000+00:00,1606982400031,2020-12-03T08:00:00.031000+00:00,0.0001,0.0
2020-12-03 16:00:00+00:00,1607011200000,2020-12-03T16:00:00+00:00,0.00077331,0.0
2020-12-04 00:00:00.006000+00:00,1607040000006,2020-12-04T00:00:00.006000+00:00,0.00037142,0.0
2020-12-04 08:00:00.009000+00:00,1607068800009,2020-12-04T08:00:00.009000+00:00,0.00015116,0.0
2020-12-04 16:00:00+00:00,1607097600000,2020-12-04T16:00:00+00:00,0.0001,0.0
2020-12-05 00:00:00+00:00,1607126400000,2020-12-05T00:00:00+00:00,0.00027833,0.0
2020-12-05 08:00:00+00:00,1607155200000,2020-12-05T08:00:00+00:00,0.0001,0.0
2020-12-05 16:00:00+00:00,1607184000000,2020-12-05T16:00:00+00:00,0.00016022,0.0
2020-12-06 00:00:00.004000+00:00,1607212800004,2020-12-06T00:00:00.004000+00:00,0.0001,0.0
2020-12-06 08:00:00+00:00,1607241600000,2020-12-06T08:00:00+00:00,0.0001,0.0
2020-12-06 16:00:00.001000+00:00,1607270400001,2020-12-06T16:00:00.001000+00:00,0.0001,0.0
2020-12-07 00:00:00+00:00,1607299200000,2020-12-07T00:00:00+00:00,0.0001,0.0
2020-12-07 08:00:00.008000+00:00,1607328000008,2020-12-07T08:00:00.008000+00:00,0.0001,0.0
2020-12-07 16:00:00+00:00,1607356800000,2020-12-07T16:00:00+00:00,0.0001,0.0
2020-12-08 00:00:00.003000+00:00,1607385600003,2020-12-08T00:00:00.003000+00:00,0.00029366,0.0
2020-12-08 08:00:00.003000+00:00,1607414400003,2020-12-08T08:00:00.003000+00:00,0.00017744,0.0
2020-12-08 16:00:00.033000+00:00,1607443200033,2020-12-08T16:00:00.033000+00:00,0.0001,0.0
2020-12-09 00:00:00+00:00,1607472000000,2020-12-09T00:00:00+00:00,0.00013842,0.0
2020-12-09 08:00:00.010000+00:00,1607500800010,2020-12-09T08:00:00.010000+00:00,0.0001,0.0
2020-12-09 16:00:00+00:00,1607529600000,2020-12-09T16:00:00+00:00,0.0001,0.0
2020-12-10 00:00:00+00:00,1607558400000,2020-12-10T00:00:00+00:00,0.0001,0.0
2020-12-10 08:00:00+00:00,1607587200000,2020-12-10T08:00:00+00:00,0.0001,0.0
2020-12-10 16:00:00.007000+00:00,1607616000007,2020-12-10T16:00:00.007000+00:00,0.0001,0.0
2020-12-11 00:00:00+00:00,1607644800000,2020-12-11T00:00:00+00:00,0.00017393,0.0
2020-12-11 08:00:00.016000+00:00,1607673600016,2020-12-11T08:00:00.016000+00:00,0.00012389,0.0
2020-12-11 16:00:00.010000+00:00,1607702400010,2020-12-11T16:00:00.010000+00:00,0.0001,0.0
2020-12-12 00:00:00.009000+00:00,1607731200009,2020-12-12T00:00:00.009000+00:00,0.0001,0.0
2020-12-12 08:00:00.002000+00:00,1607760000002,2020-12-12T08:00:00.002000+00:00,0.0001,0.0
2020-12-12 16:00:00+00:00,1607788800000,2020-12-12T16:00:00+00:00,0.0001,0.0
2020-12-13 00:00:00.007000+00:00,1607817600007,2020-12-13T00:00:00.007000+00:00,0.0001,0.0
2020-12-13 08:00:00+00:00,1607846400000,2020-12-13T08:00:00+00:00,0.0001,0.0
2020-12-13 16:00:00+00:00,1607875200000,2020-12-13T16:00:00+00:00,0.0001,0.0
2020-12-14 00:00:00+00:00,1607904000000,2020-12-14T00:00:00+00:00,0.0001,0.0
2020-12-14 08:00:00+00:00,1607932800000,2020-12-14T08:00:00+00:00,0.0001,0.0
2020-12-14 16:00:00+00:00,1607961600000,2020-12-14T16:00:00+00:00,0.0001,0.0
2020-12-15 00:00:00.006000+00:00,1607990400006,2020-12-15T00:00:00.006000+00:00,0.0001,0.0
2020-12-15 08:00:00.001000+00:00,1608019200001,2020-12-15T08:00:00.001000+00:00,0.0001,0.0
2020-12-15 16:00:00+00:00,1608048000000,2020-12-15T16:00:00+00:00,0.0001,0.0
2020-12-16 00:00:00.001000+00:00,1608076800001,2020-12-16T00:00:00.001000+00:00,0.0001,0.0
2020-12-16 08:00:00+00:00,1608105600000,2020-12-16T08:00:00+00:00,0.0001,0.0
2020-12-16 16:00:00+00:00,1608134400000,2020-12-16T16:00:00+00:00,0.0010246,0.0
2020-12-17 00:00:00+00:00,1608163200000,2020-12-17T00:00:00+00:00,0.00050069,0.0
2020-12-17 08:00:00+00:00,1608192000000,2020-12-17T08:00:00+00:00,0.00073138,0.0
2020-12-17 16:00:00.011000+00:00,1608220800011,2020-12-17T16:00:00.011000+00:00,0.00133961,0.0
2020-12-18 00:00:00+00:00,1608249600000,2020-12-18T00:00:00+00:00,0.00026396,0.0
2020-12-18 08:00:00+00:00,1608278400000,2020-12-18T08:00:00+00:00,0.00050887,0.0
2020-12-18 16:00:00+00:00,1608307200000,2020-12-18T16:00:00+00:00,0.00061589,0.0
2020-12-19 00:00:00+00:00,1608336000000,2020-12-19T00:00:00+00:00,0.00064688,0.0
2020-12-19 08:00:00.018000+00:00,1608364800018,2020-12-19T08:00:00.018000+00:00,0.00052066,0.0
2020-12-19 16:00:00+00:00,1608393600000,2020-12-19T16:00:00+00:00,0.00088042,0.0
2020-12-20 00:00:00.001000+00:00,1608422400001,2020-12-20T00:00:00.001000+00:00,0.00072872,0.0
2020-12-20 08:00:00.011000+00:00,1608451200011,2020-12-20T08:00:00.011000+00:00,0.00030872,0.0
2020-12-20 16:00:00.023000+00:00,1608480000023,2020-12-20T16:00:00.023000+00:00,0.00058382,0.0
2020-12-21 00:00:00.011000+00:00,1608508800011,2020-12-21T00:00:00.011000+00:00,0.00019993,0.0
2020-12-21 08:00:00+00:00,1608537600000,2020-12-21T08:00:00+00:00,0.00041128,0.0
2020-12-21 16:00:00+00:00,1608566400000,2020-12-21T16:00:00+00:00,0.00017551,0.0
2020-12-22 00:00:00.001000+00:00,1608595200001,2020-12-22T00:00:00.001000+00:00,0.00013065,0.0
2020-12-22 08:00:00.006000+00:00,1608624000006,2020-12-22T08:00:00.006000+00:00,0.00012634,0.0
2020-12-22 16:00:00+00:00,1608652800000,2020-12-22T16:00:00+00:00,0.0001,0.0
2020-12-23 00:00:00+00:00,1608681600000,2020-12-23T00:00:00+00:00,0.00033124,0.0
2020-12-23 08:00:00+00:00,1608710400000,2020-12-23T08:00:00+00:00,0.00019732,0.0
2020-12-23 16:00:00+00:00,1608739200000,2020-12-23T16:00:00+00:00,0.0001,0.0
2020-12-24 00:00:00.012000+00:00,1608768000012,2020-12-24T00:00:00.012000+00:00,0.0001,0.0
2020-12-24 08:00:00.009000+00:00,1608796800009,2020-12-24T08:00:00.009000+00:00,0.0001,0.0
2020-12-24 16:00:00.001000+00:00,1608825600001,2020-12-24T16:00:00.001000+00:00,0.0001,0.0
2020-12-25 00:00:00+00:00,1608854400000,2020-12-25T00:00:00+00:00,0.0001,0.0
2020-12-25 08:00:00+00:00,1608883200000,2020-12-25T08:00:00+00:00,0.0001,0.0
2020-12-25 16:00:00+00:00,1608912000000,2020-12-25T16:00:00+00:00,0.00010889,0.0
2020-12-26 00:00:00.009000+00:00,1608940800009,2020-12-26T00:00:00.009000+00:00,0.0001,0.0
2020-12-26 08:00:00.001000+00:00,1608969600001,2020-12-26T08:00:00.001000+00:00,0.0001,0.0
2020-12-26 16:00:00.006000+00:00,1608998400006,2020-12-26T16:00:00.006000+00:00,0.0001,0.0
2020-12-27 00:00:00+00:00,1609027200000,2020-12-27T00:00:00+00:00,0.00037063,0.0
2020-12-27 08:00:00+00:00,1609056000000,2020-12-27T08:00:00+00:00,0.00049062,0.0
2020-12-27 16:00:00.001000+00:00,1609084800001,2020-12-27T16:00:00.001000+00:00,0.00068798,0.0
2020-12-28 00:00:00.015000+00:00,1609113600015,2020-12-28T00:00:00.015000+00:00,0.0006785,0.0
2020-12-28 08:00:00.019000+00:00,1609142400019,2020-12-28T08:00:00.019000+00:00,0.00096296,0.0
2020-12-28 16:00:00+00:00,1609171200000,2020-12-28T16:00:00+00:00,0.0007751,0.0
2020-12-29 00:00:00.004000+00:00,1609200000004,2020-12-29T00:00:00.004000+00:00,0.00063783,0.0
2020-12-29 08:00:00.003000+00:00,1609228800003,2020-12-29T08:00:00.003000+00:00,0.00076943,0.0
2020-12-29 16:00:00+00:00,1609257600000,2020-12-29T16:00:00+00:00,0.00062907,0.0
2020-12-30 00:00:00.001000+00:00,1609286400001,2020-12-30T00:00:00.001000+00:00,0.00075238,0.0
2020-12-30 08:00:00.001000+00:00,1609315200001,2020-12-30T08:00:00.001000+00:00,0.00090448,0.0
2020-12-30 16:00:00.012000+00:00,1609344000012,2020-12-30T16:00:00.012000+00:00,0.00055831,0.0
2020-12-31 00:00:00.009000+00:00,1609372800009,2020-12-31T00:00:00.009000+00:00,0.00078059,0.0
2020-12-31 08:00:00+00:00,1609401600000,2020-12-31T08:00:00+00:00,0.00039102,0.0
2020-12-31 16:00:00.010000+00:00,1609430400010,2020-12-31T16:00:00.010000+00:00,0.0003487,0.0
2021-01-01 00:00:00.002000+00:00,1609459200002,2021-01-01T00:00:00.002000+00:00,0.00034491,0.0
2021-01-01 08:00:00.006000+00:00,1609488000006,2021-01-01T08:00:00.006000+00:00,0.00061141,0.0
2021-01-01 16:00:00.003000+00:00,1609516800003,2021-01-01T16:00:00.003000+00:00,0.00056803,0.0
2021-01-02 00:00:00+00:00,1609545600000,2021-01-02T00:00:00+00:00,0.00025572,0.0
2021-01-02 08:00:00+00:00,1609574400000,2021-01-02T08:00:00+00:00,0.00049233,0.0
2021-01-02 16:00:00.006000+00:00,1609603200006,2021-01-02T16:00:00.006000+00:00,0.00109186,0.0
2021-01-03 00:00:00.018000+00:00,1609632000018,2021-01-03T00:00:00.018000+00:00,0.00062004,0.0
2021-01-03 08:00:00+00:00,1609660800000,2021-01-03T08:00:00+00:00,0.00074404,0.0
2021-01-03 16:00:00.002000+00:00,1609689600002,2021-01-03T16:00:00.002000+00:00,0.00171498,0.0
2021-01-04 00:00:00+00:00,1609718400000,2021-01-04T00:00:00+00:00,0.00295549,0.0
2021-01-04 08:00:00+00:00,1609747200000,2021-01-04T08:00:00+00:00,0.00375,0.0
2021-01-04 16:00:00+00:00,1609776000000,2021-01-04T16:00:00+00:00,0.00085432,0.0
2021-01-05 00:00:00.020000+00:00,1609804800020,2021-01-05T00:00:00.020000+00:00,0.00102541,0.0
2021-01-05 08:00:00.003000+00:00,1609833600003,2021-01-05T08:00:00.003000+00:00,0.0004305,0.0
2021-01-05 16:00:00.003000+00:00,1609862400003,2021-01-05T16:00:00.003000+00:00,0.00102796,0.0
2021-01-06 00:00:00.010000+00:00,1609891200010,2021-01-06T00:00:00.010000+00:00,0.0018218,0.0
2021-01-06 08:00:00.003000+00:00,1609920000003,2021-01-06T08:00:00.003000+00:00,0.00222459,0.0
2021-01-06 16:00:00+00:00,1609948800000,2021-01-06T16:00:00+00:00,0.00253317,0.0
2021-01-07 00:00:00.007000+00:00,1609977600007,2021-01-07T00:00:00.007000+00:00,0.00114512,0.0
2021-01-07 08:00:00+00:00,1610006400000,2021-01-07T08:00:00+00:00,0.00165953,0.0
2021-01-07 16:00:00.004000+00:00,1610035200004,2021-01-07T16:00:00.004000+00:00,0.00176605,0.0
2021-01-08 00:00:00+00:00,1610064000000,2021-01-08T00:00:00+00:00,0.00171757,0.0
2021-01-08 08:00:00+00:00,1610092800000,2021-01-08T08:00:00+00:00,0.00077262,0.0
2021-01-08 16:00:00+00:00,1610121600000,2021-01-08T16:00:00+00:00,0.00137534,0.0
2021-01-09 00:00:00.009000+00:00,1610150400009,2021-01-09T00:00:00.009000+00:00,0.0006769,0.0
2021-01-09 08:00:00.004000+00:00,1610179200004,2021-01-09T08:00:00.004000+00:00,0.00068612,0.0
2021-01-09 16:00:00+00:00,1610208000000,2021-01-09T16:00:00+00:00,0.00156908,0.0
2021-01-10 00:00:00+00:00,1610236800000,2021-01-10T00:00:00+00:00,0.00340522,0.0
2021-01-10 08:00:00.005000+00:00,1610265600005,2021-01-10T08:00:00.005000+00:00,0.00202919,0.0
2021-01-10 16:00:00+00:00,1610294400000,2021-01-10T16:00:00+00:00,0.00126049,0.0
2021-01-11 00:00:00+00:00,1610323200000,2021-01-11T00:00:00+00:00,0.00177547,0.0
2021-01-11 08:00:00.012000+00:00,1610352000012,2021-01-11T08:00:00.012000+00:00,0.0006624,0.0
2021-01-11 16:00:00+00:00,1610380800000,2021-01-11T16:00:00+00:00,0.00039691,0.0
2021-01-12 00:00:00+00:00,1610409600000,2021-01-12T00:00:00+00:00,0.0001,0.0
2021-01-12 08:00:00+00:00,1610438400000,2021-01-12T08:00:00+00:00,0.00045084,0.0
2021-01-12 16:00:00.008000+00:00,1610467200008,2021-01-12T16:00:00.008000+00:00,0.00058059,0.0
2021-01-13 00:00:00.001000+00:00,1610496000001,2021-01-13T00:00:00.001000+00:00,0.00037339,0.0
2021-01-13 08:00:00+00:00,1610524800000,2021-01-13T08:00:00+00:00,0.0001184,0.0
2021-01-13 16:00:00.003000+00:00,1610553600003,2021-01-13T16:00:00.003000+00:00,0.00040496,0.0
2021-01-14 00:00:00+00:00,1610582400000,2021-01-14T00:00:00+00:00,0.00054804,0.0
2021-01-14 08:00:00.012000+00:00,1610611200012,2021-01-14T08:00:00.012000+00:00,0.0005229,0.0
2021-01-14 16:00:00+00:00,1610640000000,2021-01-14T16:00:00+00:00,0.0007165,0.0
2021-01-15 00:00:00.002000+00:00,1610668800002,2021-01-15T00:00:00.002000+00:00,0.00027278,0.0
2021-01-15 08:00:00+00:00,1610697600000,2021-01-15T08:00:00+00:00,0.00055774,0.0
2021-01-15 16:00:00.004000+00:00,1610726400004,2021-01-15T16:00:00.004000+00:00,0.00087472,0.0
2021-01-16 00:00:00+00:00,1610755200000,2021-01-16T00:00:00+00:00,0.00014675,0.0
2021-01-16 08:00:00.008000+00:00,1610784000008,2021-01-16T08:00:00.008000+00:00,0.00054404,0.0
2021-01-16 16:00:00+00:00,1610812800000,2021-01-16T16:00:00+00:00,0.00152456,0.0
2021-01-17 00:00:00.009000+00:00,1610841600009,2021-01-17T00:00:00.009000+00:00,0.00106467,0.0
2021-01-17 08:00:00+00:00,1610870400000,2021-01-17T08:00:00+00:00,0.00050098,0.0
2021-01-17 16:00:00.001000+00:00,1610899200001,2021-01-17T16:00:00.001000+00:00,0.00051088,0.0
2021-01-18 00:00:00+00:00,1610928000000,2021-01-18T00:00:00+00:00,0.00109082,0.0
2021-01-18 08:00:00.004000+00:00,1610956800004,2021-01-18T08:00:00.004000+00:00,0.00028606,0.0
2021-01-18 16:00:00+00:00,1610985600000,2021-01-18T16:00:00+00:00,0.00109269,0.0
2021-01-19 00:00:00+00:00,1611014400000,2021-01-19T00:00:00+00:00,0.00121462,0.0
2021-01-19 08:00:00.005000+00:00,1611043200005,2021-01-19T08:00:00.005000+00:00,0.00197982,0.0
2021-01-19 16:00:00.012000+00:00,1611072000012,2021-01-19T16:00:00.012000+00:00,0.00199604,0.0
2021-01-20 00:00:00.012000+00:00,1611100800012,2021-01-20T00:00:00.012000+00:00,0.00153883,0.0
2021-01-20 08:00:00.001000+00:00,1611129600001,2021-01-20T08:00:00.001000+00:00,0.00072796,0.0
2021-01-20 16:00:00.001000+00:00,1611158400001,2021-01-20T16:00:00.001000+00:00,0.00048461,0.0
2021-01-21 00:00:00+00:00,1611187200000,2021-01-21T00:00:00+00:00,0.00034937,0.0
2021-01-21 08:00:00+00:00,1611216000000,2021-01-21T08:00:00+00:00,0.00065753,0.0
2021-01-21 16:00:00.004000+00:00,1611244800004,2021-01-21T16:00:00.004000+00:00,0.00037547,0.0
2021-01-22 00:00:00.012000+00:00,1611273600012,2021-01-22T00:00:00.012000+00:00,0.00020251,0.0
2021-01-22 08:00:00.003000+00:00,1611302400003,2021-01-22T08:00:00.003000+00:00,0.00016737,0.0
2021-01-22 16:00:00.001000+00:00,1611331200001,2021-01-22T16:00:00.001000+00:00,0.0001,0.0
2021-01-23 00:00:00+00:00,1611360000000,2021-01-23T00:00:00+00:00,0.00015431,0.0
2021-01-23 08:00:00.002000+00:00,1611388800002,2021-01-23T08:00:00.002000+00:00,0.00020659,0.0
2021-01-23 16:00:00+00:00,1611417600000,2021-01-23T16:00:00+00:00,0.00028319,0.0
2021-01-24 00:00:00.001000+00:00,1611446400001,2021-01-24T00:00:00.001000+00:00,0.00093097,0.0
2021-01-24 08:00:00.011000+00:00,1611475200011,2021-01-24T08:00:00.011000+00:00,0.00058705,0.0
2021-01-24 16:00:00.005000+00:00,1611504000005,2021-01-24T16:00:00.005000+00:00,0.00094274,0.0
2021-01-25 00:00:00.007000+00:00,1611532800007,2021-01-25T00:00:00.007000+00:00,0.00050723,0.0
2021-01-25 08:00:00.012000+00:00,1611561600012,2021-01-25T08:00:00.012000+00:00,0.00105754,0.0
2021-01-25 16:00:00+00:00,1611590400000,2021-01-25T16:00:00+00:00,0.00093264,0.0
2021-01-26 00:00:00.007000+00:00,1611619200007,2021-01-26T00:00:00.007000+00:00,0.00034093,0.0
2021-01-26 08:00:00+00:00,1611648000000,2021-01-26T08:00:00+00:00,0.00031895,0.0
2021-01-26 16:00:00+00:00,1611676800000,2021-01-26T16:00:00+00:00,0.0001,0.0
2021-01-27 00:00:00+00:00,1611705600000,2021-01-27T00:00:00+00:00,0.00036342,0.0
2021-01-27 08:00:00.011000+00:00,1611734400011,2021-01-27T08:00:00.011000+00:00,0.0001,0.0
2021-01-27 16:00:00.003000+00:00,1611763200003,2021-01-27T16:00:00.003000+00:00,0.0001,0.0
2021-01-28 00:00:00+00:00,1611792000000,2021-01-28T00:00:00+00:00,0.00014794,0.0
2021-01-28 08:00:00+00:00,1611820800000,2021-01-28T08:00:00+00:00,0.0001,0.0
2021-01-28 16:00:00+00:00,1611849600000,2021-01-28T16:00:00+00:00,0.00056884,0.0
2021-01-29 00:00:00.009000+00:00,1611878400009,2021-01-29T00:00:00.009000+00:00,0.00112844,0.0
2021-01-29 08:00:00+00:00,1611907200000,2021-01-29T08:00:00+00:00,0.00061388,0.0
2021-01-29 16:00:00+00:00,1611936000000,2021-01-29T16:00:00+00:00,0.00241392,0.0
2021-01-30 00:00:00+00:00,1611964800000,2021-01-30T00:00:00+00:00,0.00094051,0.0
2021-01-30 08:00:00+00:00,1611993600000,2021-01-30T08:00:00+00:00,0.00037882,0.0
2021-01-30 16:00:00+00:00,1612022400000,2021-01-30T16:00:00+00:00,0.00072777,0.0
2021-01-31 00:00:00.009000+00:00,1612051200009,2021-01-31T00:00:00.009000+00:00,0.00115111,0.0
2021-01-31 08:00:00+00:00,1612080000000,2021-01-31T08:00:00+00:00,0.00113497,0.0
2021-01-31 16:00:00+00:00,1612108800000,2021-01-31T16:00:00+00:00,0.00072236,0.0
2021-02-01 00:00:00.001000+00:00,1612137600001,2021-02-01T00:00:00.001000+00:00,0.00025014,0.0
2021-02-01 08:00:00.014000+00:00,1612166400014,2021-02-01T08:00:00.014000+00:00,0.00055359,0.0
2021-02-01 16:00:00+00:00,1612195200000,2021-02-01T16:00:00+00:00,0.00061764,0.0
2021-02-02 00:00:00+00:00,1612224000000,2021-02-02T00:00:00+00:00,0.00050304,0.0
2021-02-02 08:00:00.006000+00:00,1612252800006,2021-02-02T08:00:00.006000+00:00,0.00120708,0.0
2021-02-02 16:00:00+00:00,1612281600000,2021-02-02T16:00:00+00:00,0.00165937,0.0
2021-02-03 00:00:00.009000+00:00,1612310400009,2021-02-03T00:00:00.009000+00:00,0.00151935,0.0
2021-02-03 08:00:00.006000+00:00,1612339200006,2021-02-03T08:00:00.006000+00:00,0.00155522,0.0
2021-02-03 16:00:00.006000+00:00,1612368000006,2021-02-03T16:00:00.006000+00:00,0.00167923,0.0
2021-02-04 00:00:00.005000+00:00,1612396800005,2021-02-04T00:00:00.005000+00:00,0.00146092,0.0
2021-02-04 08:00:00+00:00,1612425600000,2021-02-04T08:00:00+00:00,0.00135459,0.0
2021-02-04 16:00:00.011000+00:00,1612454400011,2021-02-04T16:00:00.011000+00:00,0.00145079,0.0
2021-02-05 00:00:00.009000+00:00,1612483200009,2021-02-05T00:00:00.009000+00:00,0.00113736,0.0
2021-02-05 08:00:00.004000+00:00,1612512000004,2021-02-05T08:00:00.004000+00:00,0.0017643,0.0
2021-02-05 16:00:00+00:00,1612540800000,2021-02-05T16:00:00+00:00,0.00155465,0.0
2021-02-06 00:00:00.008000+00:00,1612569600008,2021-02-06T00:00:00.008000+00:00,0.00117123,0.0
2021-02-06 08:00:00.009000+00:00,1612598400009,2021-02-06T08:00:00.009000+00:00,0.00107002,0.0
2021-02-06 16:00:00+00:00,1612627200000,2021-02-06T16:00:00+00:00,0.00143968,0.0
2021-02-07 00:00:00+00:00,1612656000000,2021-02-07T00:00:00+00:00,0.00171115,0.0
2021-02-07 08:00:00.005000+00:00,1612684800005,2021-02-07T08:00:00.005000+00:00,0.00051183,0.0
2021-02-07 16:00:00.001000+00:00,1612713600001,2021-02-07T16:00:00.001000+00:00,0.00065683,0.0
2021-02-08 00:00:00+00:00,1612742400000,2021-02-08T00:00:00+00:00,0.0001,0.0
2021-02-08 08:00:00.001000+00:00,1612771200001,2021-02-08T08:00:00.001000+00:00,0.00039877,0.0
2021-02-08 16:00:00+00:00,1612800000000,2021-02-08T16:00:00+00:00,0.00284408,0.0
2021-02-09 00:00:00.010000+00:00,1612828800010,2021-02-09T00:00:00.010000+00:00,0.00227548,0.0
2021-02-09 08:00:00.006000+00:00,1612857600006,2021-02-09T08:00:00.006000+00:00,0.00193315,0.0
2021-02-09 16:00:00.007000+00:00,1612886400007,2021-02-09T16:00:00.007000+00:00,0.00143234,0.0
2021-02-10 00:00:00.009000+00:00,1612915200009,2021-02-10T00:00:00.009000+00:00,0.00156788,0.0
2021-02-10 08:00:00.014000+00:00,1612944000014,2021-02-10T08:00:00.014000+00:00,0.00218071,0.0
2021-02-10 16:00:00.005000+00:00,1612972800005,2021-02-10T16:00:00.005000+00:00,0.00085146,0.0
2021-02-11 00:00:00+00:00,1613001600000,2021-02-11T00:00:00+00:00,0.00071884,0.0
2021-02-11 08:00:00+00:00,1613030400000,2021-02-11T08:00:00+00:00,0.00065956,0.0
2021-02-11 16:00:00+00:00,1613059200000,2021-02-11T16:00:00+00:00,0.00180566,0.0
2021-02-12 00:00:00+00:00,1613088000000,2021-02-12T00:00:00+00:00,0.00092117,0.0
2021-02-12 08:00:00+00:00,1613116800000,2021-02-12T08:00:00+00:00,0.00050482,0.0
2021-02-12 16:00:00+00:00,1613145600000,2021-02-12T16:00:00+00:00,0.00153886,0.0
2021-02-13 00:00:00.001000+00:00,1613174400001,2021-02-13T00:00:00.001000+00:00,0.00228313,0.0
2021-02-13 08:00:00.003000+00:00,1613203200003,2021-02-13T08:00:00.003000+00:00,0.00173035,0.0
2021-02-13 16:00:00+00:00,1613232000000,2021-02-13T16:00:00+00:00,0.00094692,0.0
2021-02-14 00:00:00.013000+00:00,1613260800013,2021-02-14T00:00:00.013000+00:00,0.00110785,0.0
2021-02-14 08:00:00+00:00,1613289600000,2021-02-14T08:00:00+00:00,0.00176822,0.0
2021-02-14 16:00:00.008000+00:00,1613318400008,2021-02-14T16:00:00.008000+00:00,0.0012426,0.0
2021-02-15 00:00:00+00:00,1613347200000,2021-02-15T00:00:00+00:00,0.0007946,0.0
2021-02-15 08:00:00.006000+00:00,1613376000006,2021-02-15T08:00:00.006000+00:00,0.00013827,0.0
2021-02-15 16:00:00+00:00,1613404800000,2021-02-15T16:00:00+00:00,0.00081146,0.0
2021-02-16 00:00:00.001000+00:00,1613433600001,2021-02-16T00:00:00.001000+00:00,0.00104485,0.0
2021-02-16 08:00:00+00:00,1613462400000,2021-02-16T08:00:00+00:00,0.00112937,0.0
2021-02-16 16:00:00.010000+00:00,1613491200010,2021-02-16T16:00:00.010000+00:00,0.00114441,0.0
2021-02-17 00:00:00.005000+00:00,1613520000005,2021-02-17T00:00:00.005000+00:00,0.00092761,0.0
2021-02-17 08:00:00.010000+00:00,1613548800010,2021-02-17T08:00:00.010000+00:00,0.00106083,0.0
2021-02-17 16:00:00.008000+00:00,1613577600008,2021-02-17T16:00:00.008000+00:00,0.00232282,0.0
2021-02-18 00:00:00.012000+00:00,1613606400012,2021-02-18T00:00:00.012000+00:00,0.0019495,0.0
2021-02-18 08:00:00+00:00,1613635200000,2021-02-18T08:00:00+00:00,0.00202078,0.0
2021-02-18 16:00:00.009000+00:00,1613664000009,2021-02-18T16:00:00.009000+00:00,0.00118984,0.0
2021-02-19 00:00:00.010000+00:00,1613692800010,2021-02-19T00:00:00.010000+00:00,0.00082051,0.0
2021-02-19 08:00:00.002000+00:00,1613721600002,2021-02-19T08:00:00.002000+00:00,0.00139773,0.0
2021-02-19 16:00:00.008000+00:00,1613750400008,2021-02-19T16:00:00.008000+00:00,0.00169023,0.0
2021-02-20 00:00:00+00:00,1613779200000,2021-02-20T00:00:00+00:00,0.00196264,0.0
2021-02-20 08:00:00.009000+00:00,1613808000009,2021-02-20T08:00:00.009000+00:00,0.00189841,0.0
2021-02-20 16:00:00+00:00,1613836800000,2021-02-20T16:00:00+00:00,0.0018588,0.0
2021-02-21 00:00:00.007000+00:00,1613865600007,2021-02-21T00:00:00.007000+00:00,0.00051516,0.0
2021-02-21 08:00:00.012000+00:00,1613894400012,2021-02-21T08:00:00.012000+00:00,0.0004355,0.0
2021-02-21 16:00:00.001000+00:00,1613923200001,2021-02-21T16:00:00.001000+00:00,0.00107233,0.0
2021-02-22 00:00:00.006000+00:00,1613952000006,2021-02-22T00:00:00.006000+00:00,0.00077647,0.0
2021-02-22 08:00:00.002000+00:00,1613980800002,2021-02-22T08:00:00.002000+00:00,0.00047334,0.0
2021-02-22 16:00:00+00:00,1614009600000,2021-02-22T16:00:00+00:00,0.00034567,0.0
2021-02-23 00:00:00+00:00,1614038400000,2021-02-23T00:00:00+00:00,0.0001,0.0
2021-02-23 08:00:00.006000+00:00,1614067200006,2021-02-23T08:00:00.006000+00:00,0.00026168,0.0
2021-02-23 16:00:00+00:00,1614096000000,2021-02-23T16:00:00+00:00,0.0001,0.0
2021-02-24 00:00:00.012000+00:00,1614124800012,2021-02-24T00:00:00.012000+00:00,0.00013438,0.0
2021-02-24 08:00:00.016000+00:00,1614153600016,2021-02-24T08:00:00.016000+00:00,0.00039328,0.0
2021-02-24 16:00:00.011000+00:00,1614182400011,2021-02-24T16:00:00.011000+00:00,0.00028758,0.0
2021-02-25 00:00:00.007000+00:00,1614211200007,2021-02-25T00:00:00.007000+00:00,0.0004677,0.0
2021-02-25 08:00:00+00:00,1614240000000,2021-02-25T08:00:00+00:00,0.00016178,0.0
2021-02-25 16:00:00.010000+00:00,1614268800010,2021-02-25T16:00:00.010000+00:00,0.0001,0.0
2021-02-26 00:00:00+00:00,1614297600000,2021-02-26T00:00:00+00:00,0.0001,0.0
2021-02-26 08:00:00.025000+00:00,1614326400025,2021-02-26T08:00:00.025000+00:00,0.00014852,0.0
2021-02-26 16:00:00.010000+00:00,1614355200010,2021-02-26T16:00:00.010000+00:00,0.00037736,0.0
2021-02-27 00:00:00.001000+00:00,1614384000001,2021-02-27T00:00:00.001000+00:00,0.00018181,0.0
2021-02-27 08:00:00+00:00,1614412800000,2021-02-27T08:00:00+00:00,0.0006196,0.0
2021-02-27 16:00:00+00:00,1614441600000,2021-02-27T16:00:00+00:00,0.0001,0.0
2021-02-28 00:00:00.021000+00:00,1614470400021,2021-02-28T00:00:00.021000+00:00,0.0001,0.0
2021-02-28 08:00:00.009000+00:00,1614499200009,2021-02-28T08:00:00.009000+00:00,0.0001,0.0
2021-02-28 16:00:00+00:00,1614528000000,2021-02-28T16:00:00+00:00,0.0001,0.0
2021-03-01 00:00:00+00:00,1614556800000,2021-03-01T00:00:00+00:00,0.0001,0.0
2021-03-01 08:00:00.003000+00:00,1614585600003,2021-03-01T08:00:00.003000+00:00,0.00033427,0.0
2021-03-01 16:00:00.001000+00:00,1614614400001,2021-03-01T16:00:00.001000+00:00,0.00049119,0.0
2021-03-02 00:00:00+00:00,1614643200000,2021-03-02T00:00:00+00:00,0.00049538,0.0
2021-03-02 08:00:00+00:00,1614672000000,2021-03-02T08:00:00+00:00,0.00035713,0.0
2021-03-02 16:00:00.004000+00:00,1614700800004,2021-03-02T16:00:00.004000+00:00,0.00039154,0.0
2021-03-03 00:00:00+00:00,1614729600000,2021-03-03T00:00:00+00:00,0.0001,0.0
2021-03-03 08:00:00.016000+00:00,1614758400016,2021-03-03T08:00:00.016000+00:00,0.0001,0.0
2021-03-03 16:00:00+00:00,1614787200000,2021-03-03T16:00:00+00:00,0.00087091,0.0
2021-03-04 00:00:00+00:00,1614816000000,2021-03-04T00:00:00+00:00,0.00047552,0.0
2021-03-04 08:00:00.015000+00:00,1614844800015,2021-03-04T08:00:00.015000+00:00,0.00015927,0.0
2021-03-04 16:00:00.001000+00:00,1614873600001,2021-03-04T16:00:00.001000+00:00,0.00033061,0.0
2021-03-05 00:00:00+00:00,1614902400000,2021-03-05T00:00:00+00:00,0.00024885,0.0
2021-03-05 08:00:00.002000+00:00,1614931200002,2021-03-05T08:00:00.002000+00:00,0.00022561,0.0
2021-03-05 16:00:00.008000+00:00,1614960000008,2021-03-05T16:00:00.008000+00:00,0.0001,0.0
2021-03-06 00:00:00+00:00,1614988800000,2021-03-06T00:00:00+00:00,0.00031476,0.0
2021-03-06 08:00:00+00:00,1615017600000,2021-03-06T08:00:00+00:00,0.00057512,0.0
2021-03-06 16:00:00+00:00,1615046400000,2021-03-06T16:00:00+00:00,0.00032891,0.0
2021-03-07 00:00:00.006000+00:00,1615075200006,2021-03-07T00:00:00.006000+00:00,0.00066496,0.0
2021-03-07 08:00:00.005000+00:00,1615104000005,2021-03-07T08:00:00.005000+00:00,0.00023263,0.0
2021-03-07 16:00:00.008000+00:00,1615132800008,2021-03-07T16:00:00.008000+00:00,0.00056927,0.0
2021-03-08 00:00:00+00:00,1615161600000,2021-03-08T00:00:00+00:00,0.00011144,0.0
2021-03-08 08:00:00+00:00,1615190400000,2021-03-08T08:00:00+00:00,0.00045102,0.0
2021-03-08 16:00:00.006000+00:00,1615219200006,2021-03-08T16:00:00.006000+00:00,0.00056057,0.0
2021-03-09 00:00:00+00:00,1615248000000,2021-03-09T00:00:00+00:00,0.00014784,0.0
2021-03-09 08:00:00+00:00,1615276800000,2021-03-09T08:00:00+00:00,0.00085203,0.0
2021-03-09 16:00:00+00:00,1615305600000,2021-03-09T16:00:00+00:00,0.00101744,0.0
2021-03-10 00:00:00.009000+00:00,1615334400009,2021-03-10T00:00:00.009000+00:00,0.00058485,0.0
2021-03-10 08:00:00.006000+00:00,1615363200006,2021-03-10T08:00:00.006000+00:00,0.0005129,0.0
2021-03-10 16:00:00.008000+00:00,1615392000008,2021-03-10T16:00:00.008000+00:00,0.00105856,0.0
2021-03-11 00:00:00+00:00,1615420800000,2021-03-11T00:00:00+00:00,0.00079368,0.0
2021-03-11 08:00:00+00:00,1615449600000,2021-03-11T08:00:00+00:00,0.00034874,0.0
2021-03-11 16:00:00.014000+00:00,1615478400014,2021-03-11T16:00:00.014000+00:00,0.00080049,0.0
2021-03-12 00:00:00.002000+00:00,1615507200002,2021-03-12T00:00:00.002000+00:00,0.00132622,0.0
2021-03-12 08:00:00.005000+00:00,1615536000005,2021-03-12T08:00:00.005000+00:00,0.00072213,0.0
2021-03-12 16:00:00.011000+00:00,1615564800011,2021-03-12T16:00:00.011000+00:00,0.00034512,0.0
2021-03-13 00:00:00+00:00,1615593600000,2021-03-13T00:00:00+00:00,0.00030351,0.0
2021-03-13 08:00:00.002000+00:00,1615622400002,2021-03-13T08:00:00.002000+00:00,0.00039972,0.0
2021-03-13 16:00:00+00:00,1615651200000,2021-03-13T16:00:00+00:00,0.00155198,0.0
2021-03-14 00:00:00.011000+00:00,1615680000011,2021-03-14T00:00:00.011000+00:00,0.00113056,0.0
2021-03-14 08:00:00+00:00,1615708800000,2021-03-14T08:00:00+00:00,0.001048,0.0
2021-03-14 16:00:00+00:00,1615737600000,2021-03-14T16:00:00+00:00,0.00113023,0.0
2021-03-15 00:00:00.012000+00:00,1615766400012,2021-03-15T00:00:00.012000+00:00,0.00077413,0.0
2021-03-15 08:00:00.016000+00:00,1615795200016,2021-03-15T08:00:00.016000+00:00,0.00081452,0.0
2021-03-15 16:00:00.030000+00:00,1615824000030,2021-03-15T16:00:00.030000+00:00,0.00013021,0.0
2021-03-16 00:00:00.005000+00:00,1615852800005,2021-03-16T00:00:00.005000+00:00,0.0001,0.0
2021-03-16 08:00:00.008000+00:00,1615881600008,2021-03-16T08:00:00.008000+00:00,0.00045668,0.0
2021-03-16 16:00:00.012000+00:00,1615910400012,2021-03-16T16:00:00.012000+00:00,0.00039653,0.0
2021-03-17 00:00:00.010000+00:00,1615939200010,2021-03-17T00:00:00.010000+00:00,0.00064671,0.0
2021-03-17 08:00:00+00:00,1615968000000,2021-03-17T08:00:00+00:00,0.00034812,0.0
2021-03-17 16:00:00.009000+00:00,1615996800009,2021-03-17T16:00:00.009000+00:00,0.00031521,0.0
2021-03-18 00:00:00.001000+00:00,1616025600001,2021-03-18T00:00:00.001000+00:00,0.00099682,0.0
2021-03-18 08:00:00+00:00,1616054400000,2021-03-18T08:00:00+00:00,0.00067631,0.0
2021-03-18 16:00:00+00:00,1616083200000,2021-03-18T16:00:00+00:00,0.00038027,0.0
2021-03-19 00:00:00.011000+00:00,1616112000011,2021-03-19T00:00:00.011000+00:00,0.0001,0.0
2021-03-19 08:00:00.001000+00:00,1616140800001,2021-03-19T08:00:00.001000+00:00,0.0001,0.0
2021-03-19 16:00:00+00:00,1616169600000,2021-03-19T16:00:00+00:00,0.00037762,0.0
2021-03-20 00:00:00+00:00,1616198400000,2021-03-20T00:00:00+00:00,0.00061811,0.0
2021-03-20 08:00:00+00:00,1616227200000,2021-03-20T08:00:00+00:00,0.000511,0.0
2021-03-20 16:00:00.007000+00:00,1616256000007,2021-03-20T16:00:00.007000+00:00,0.00102646,0.0
2021-03-21 00:00:00+00:00,1616284800000,2021-03-21T00:00:00+00:00,0.00068264,0.0
2021-03-21 08:00:00+00:00,1616313600000,2021-03-21T08:00:00+00:00,0.0001,0.0
2021-03-21 16:00:00+00:00,1616342400000,2021-03-21T16:00:00+00:00,0.00019064,0.0
2021-03-22 00:00:00.007000+00:00,1616371200007,2021-03-22T00:00:00.007000+00:00,0.00053821,0.0
2021-03-22 08:00:00.001000+00:00,1616400000001,2021-03-22T08:00:00.001000+00:00,0.00042754,0.0
2021-03-22 16:00:00+00:00,1616428800000,2021-03-22T16:00:00+00:00,0.00044797,0.0
2021-03-23 00:00:00+00:00,1616457600000,2021-03-23T00:00:00+00:00,0.0001,0.0
2021-03-23 08:00:00.010000+00:00,1616486400010,2021-03-23T08:00:00.010000+00:00,0.00019899,0.0
2021-03-23 16:00:00.023000+00:00,1616515200023,2021-03-23T16:00:00.023000+00:00,0.0003309,0.0
2021-03-24 00:00:00.002000+00:00,1616544000002,2021-03-24T00:00:00.002000+00:00,0.00050608,0.0
2021-03-24 08:00:00+00:00,1616572800000,2021-03-24T08:00:00+00:00,0.00010655,0.0
2021-03-24 16:00:00+00:00,1616601600000,2021-03-24T16:00:00+00:00,0.0004169,0.0
2021-03-25 00:00:00+00:00,1616630400000,2021-03-25T00:00:00+00:00,0.0001,0.0
2021-03-25 08:00:00+00:00,1616659200000,2021-03-25T08:00:00+00:00,0.0001,0.0
2021-03-25 16:00:00+00:00,1616688000000,2021-03-25T16:00:00+00:00,0.00035938,0.0
2021-03-26 00:00:00.008000+00:00,1616716800008,2021-03-26T00:00:00.008000+00:00,0.00042431,0.0
2021-03-26 08:00:00+00:00,1616745600000,2021-03-26T08:00:00+00:00,0.0001,0.0
2021-03-26 16:00:00.012000+00:00,1616774400012,2021-03-26T16:00:00.012000+00:00,0.0001,0.0
2021-03-27 00:00:00.018000+00:00,1616803200018,2021-03-27T00:00:00.018000+00:00,0.0001,0.0
2021-03-27 08:00:00+00:00,1616832000000,2021-03-27T08:00:00+00:00,0.00015922,0.0
2021-03-27 16:00:00.001000+00:00,1616860800001,2021-03-27T16:00:00.001000+00:00,0.00034067,0.0
2021-03-28 00:00:00+00:00,1616889600000,2021-03-28T00:00:00+00:00,0.00025751,0.0
2021-03-28 08:00:00+00:00,1616918400000,2021-03-28T08:00:00+00:00,0.00029541,0.0
2021-03-28 16:00:00.005000+00:00,1616947200005,2021-03-28T16:00:00.005000+00:00,0.00031424,0.0
2021-03-29 00:00:00.003000+00:00,1616976000003,2021-03-29T00:00:00.003000+00:00,0.00022015,0.0
2021-03-29 08:00:00+00:00,1617004800000,2021-03-29T08:00:00+00:00,0.00043803,0.0
2021-03-29 16:00:00+00:00,1617033600000,2021-03-29T16:00:00+00:00,0.00084253,0.0
2021-03-30 00:00:00.018000+00:00,1617062400018,2021-03-30T00:00:00.018000+00:00,0.00074011,0.0
2021-03-30 08:00:00.012000+00:00,1617091200012,2021-03-30T08:00:00.012000+00:00,0.00056645,0.0
2021-03-30 16:00:00.001000+00:00,1617120000001,2021-03-30T16:00:00.001000+00:00,0.00036654,0.0
2021-03-31 00:00:00+00:00,1617148800000,2021-03-31T00:00:00+00:00,0.00076506,0.0
2021-03-31 08:00:00+00:00,1617177600000,2021-03-31T08:00:00+00:00,0.0010713,0.0
2021-03-31 16:00:00+00:00,1617206400000,2021-03-31T16:00:00+00:00,0.00038554,0.0
2021-04-01 00:00:00.025000+00:00,1617235200025,2021-04-01T00:00:00.025000+00:00,0.00156864,0.0
2021-04-01 08:00:00.011000+00:00,1617264000011,2021-04-01T08:00:00.011000+00:00,0.00109222,0.0
2021-04-01 16:00:00.004000+00:00,1617292800004,2021-04-01T16:00:00.004000+00:00,0.00064672,0.0
2021-04-02 00:00:00+00:00,1617321600000,2021-04-02T00:00:00+00:00,0.00050452,0.0
2021-04-02 08:00:00+00:00,1617350400000,2021-04-02T08:00:00+00:00,0.00121799,0.0
2021-04-02 16:00:00+00:00,1617379200000,2021-04-02T16:00:00+00:00,0.00116568,0.0
2021-04-03 00:00:00.003000+00:00,1617408000003,2021-04-03T00:00:00.003000+00:00,0.00082856,0.0
2021-04-03 08:00:00+00:00,1617436800000,2021-04-03T08:00:00+00:00,0.00143194,0.0
2021-04-03 16:00:00+00:00,1617465600000,2021-04-03T16:00:00+00:00,0.00086456,0.0
2021-04-04 00:00:00+00:00,1617494400000,2021-04-04T00:00:00+00:00,0.00060523,0.0
2021-04-04 08:00:00+00:00,1617523200000,2021-04-04T08:00:00+00:00,0.00106146,0.0
2021-04-04 16:00:00.016000+00:00,1617552000016,2021-04-04T16:00:00.016000+00:00,0.00038114,0.0
2021-04-05 00:00:00+00:00,1617580800000,2021-04-05T00:00:00+00:00,0.00072788,0.0
2021-04-05 08:00:00.001000+00:00,1617609600001,2021-04-05T08:00:00.001000+00:00,0.00074688,0.0
2021-04-05 16:00:00.001000+00:00,1617638400001,2021-04-05T16:00:00.001000+00:00,0.00085226,0.0
2021-04-06 00:00:00.010000+00:00,1617667200010,2021-04-06T00:00:00.010000+00:00,0.00161366,0.0
2021-04-06 08:00:00+00:00,1617696000000,2021-04-06T08:00:00+00:00,0.00064189,0.0
2021-04-06 16:00:00.003000+00:00,1617724800003,2021-04-06T16:00:00.003000+00:00,0.00061542,0.0
2021-04-07 00:00:00+00:00,1617753600000,2021-04-07T00:00:00+00:00,0.00049128,0.0
2021-04-07 08:00:00.006000+00:00,1617782400006,2021-04-07T08:00:00.006000+00:00,0.00069613,0.0
2021-04-07 16:00:00.004000+00:00,1617811200004,2021-04-07T16:00:00.004000+00:00,0.00032907,0.0
2021-04-08 00:00:00.013000+00:00,1617840000013,2021-04-08T00:00:00.013000+00:00,0.00021468,0.0
2021-04-08 08:00:00.003000+00:00,1617868800003,2021-04-08T08:00:00.003000+00:00,0.00026979,0.0
2021-04-08 16:00:00.005000+00:00,1617897600005,2021-04-08T16:00:00.005000+00:00,0.00031551,0.0
2021-04-09 00:00:00+00:00,1617926400000,2021-04-09T00:00:00+00:00,0.00038906,0.0
2021-04-09 08:00:00.004000+00:00,1617955200004,2021-04-09T08:00:00.004000+00:00,0.00043318,0.0
2021-04-09 16:00:00.004000+00:00,1617984000004,2021-04-09T16:00:00.004000+00:00,0.00064034,0.0
2021-04-10 00:00:00.011000+00:00,1618012800011,2021-04-10T00:00:00.011000+00:00,0.0001,0.0
2021-04-10 08:00:00.005000+00:00,1618041600005,2021-04-10T08:00:00.005000+00:00,0.00209663,0.0
2021-04-10 16:00:00+00:00,1618070400000,2021-04-10T16:00:00+00:00,0.00120257,0.0
2021-04-11 00:00:00.004000+00:00,1618099200004,2021-04-11T00:00:00.004000+00:00,0.00055892,0.0
2021-04-11 08:00:00+00:00,1618128000000,2021-04-11T08:00:00+00:00,0.00086343,0.0
2021-04-11 16:00:00+00:00,1618156800000,2021-04-11T16:00:00+00:00,0.00091114,0.0
2021-04-12 00:00:00.001000+00:00,1618185600001,2021-04-12T00:00:00.001000+00:00,0.00099657,0.0
2021-04-12 08:00:00.001000+00:00,1618214400001,2021-04-12T08:00:00.001000+00:00,0.00164512,0.0
2021-04-12 16:00:00.008000+00:00,1618243200008,2021-04-12T16:00:00.008000+00:00,0.00067862,0.0
2021-04-13 00:00:00.003000+00:00,1618272000003,2021-04-13T00:00:00.003000+00:00,0.00047138,0.0
2021-04-13 08:00:00.008000+00:00,1618300800008,2021-04-13T08:00:00.008000+00:00,0.00117821,0.0
2021-04-13 16:00:00.008000+00:00,1618329600008,2021-04-13T16:00:00.008000+00:00,0.00167603,0.0
2021-04-14 00:00:00.008000+00:00,1618358400008,2021-04-14T00:00:00.008000+00:00,0.00152762,0.0
2021-04-14 08:00:00+00:00,1618387200000,2021-04-14T08:00:00+00:00,0.00203587,0.0
2021-04-14 16:00:00.012000+00:00,1618416000012,2021-04-14T16:00:00.012000+00:00,0.00095658,0.0
2021-04-15 00:00:00.006000+00:00,1618444800006,2021-04-15T00:00:00.006000+00:00,0.00113562,0.0
2021-04-15 08:00:00+00:00,1618473600000,2021-04-15T08:00:00+00:00,0.00110097,0.0
2021-04-15 16:00:00.008000+00:00,1618502400008,2021-04-15T16:00:00.008000+00:00,0.00104862,0.0
2021-04-16 00:00:00.008000+00:00,1618531200008,2021-04-16T00:00:00.008000+00:00,0.00146805,0.0
2021-04-16 08:00:00+00:00,1618560000000,2021-04-16T08:00:00+00:00,0.00135711,0.0
2021-04-16 16:00:00.002000+00:00,1618588800002,2021-04-16T16:00:00.002000+00:00,0.0010812,0.0
2021-04-17 00:00:00.008000+00:00,1618617600008,2021-04-17T00:00:00.008000+00:00,0.00076639,0.0
2021-04-17 08:00:00+00:00,1618646400000,2021-04-17T08:00:00+00:00,0.0009833,0.0
2021-04-17 16:00:00.001000+00:00,1618675200001,2021-04-17T16:00:00.001000+00:00,0.00063599,0.0
2021-04-18 00:00:00.006000+00:00,1618704000006,2021-04-18T00:00:00.006000+00:00,0.00052118,0.0
2021-04-18 08:00:00.004000+00:00,1618732800004,2021-04-18T08:00:00.004000+00:00,0.00022241,0.0
2021-04-18 16:00:00+00:00,1618761600000,2021-04-18T16:00:00+00:00,0.00044396,0.0
2021-04-19 00:00:00+00:00,1618790400000,2021-04-19T00:00:00+00:00,0.0001,0.0
2021-04-19 08:00:00+00:00,1618819200000,2021-04-19T08:00:00+00:00,0.0001,0.0
2021-04-19 16:00:00.009000+00:00,1618848000009,2021-04-19T16:00:00.009000+00:00,0.0005192,0.0
2021-04-20 00:00:00.004000+00:00,1618876800004,2021-04-20T00:00:00.004000+00:00,0.0001,0.0
2021-04-20 08:00:00+00:00,1618905600000,2021-04-20T08:00:00+00:00,0.00021279,0.0
2021-04-20 16:00:00.001000+00:00,1618934400001,2021-04-20T16:00:00.001000+00:00,0.0001,0.0
2021-04-21 00:00:00.013000+00:00,1618963200013,2021-04-21T00:00:00.013000+00:00,0.0001,0.0
2021-04-21 08:00:00.001000+00:00,1618992000001,2021-04-21T08:00:00.001000+00:00,0.0001,0.0
2021-04-21 16:00:00.002000+00:00,1619020800002,2021-04-21T16:00:00.002000+00:00,0.0001,0.0
2021-04-22 00:00:00+00:00,1619049600000,2021-04-22T00:00:00+00:00,0.00023315,0.0
2021-04-22 08:00:00+00:00,1619078400000,2021-04-22T08:00:00+00:00,0.00011151,0.0
2021-04-22 16:00:00.001000+00:00,1619107200001,2021-04-22T16:00:00.001000+00:00,0.0001,0.0
2021-04-23 00:00:00.002000+00:00,1619136000002,2021-04-23T00:00:00.002000+00:00,0.0003898,0.0
2021-04-23 08:00:00.009000+00:00,1619164800009,2021-04-23T08:00:00.009000+00:00,0.00041263,0.0
2021-04-23 16:00:00.001000+00:00,1619193600001,2021-04-23T16:00:00.001000+00:00,0.0001,0.0
2021-04-24 00:00:00.019000+00:00,1619222400019,2021-04-24T00:00:00.019000+00:00,0.00010335,0.0
2021-04-24 08:00:00.001000+00:00,1619251200001,2021-04-24T08:00:00.001000+00:00,0.00030056,0.0
2021-04-24 16:00:00.011000+00:00,1619280000011,2021-04-24T16:00:00.011000+00:00,0.0001,0.0
2021-04-25 00:00:00+00:00,1619308800000,2021-04-25T00:00:00+00:00,0.0001,0.0
2021-04-25 08:00:00.010000+00:00,1619337600010,2021-04-25T08:00:00.010000+00:00,0.0001,0.0
2021-04-25 16:00:00+00:00,1619366400000,2021-04-25T16:00:00+00:00,0.0001,0.0
2021-04-26 00:00:00.003000+00:00,1619395200003,2021-04-26T00:00:00.003000+00:00,0.0001,0.0
2021-04-26 08:00:00.002000+00:00,1619424000002,2021-04-26T08:00:00.002000+00:00,0.0001,0.0
2021-04-26 16:00:00.004000+00:00,1619452800004,2021-04-26T16:00:00.004000+00:00,0.0001,0.0
2021-04-27 00:00:00+00:00,1619481600000,2021-04-27T00:00:00+00:00,0.0001,0.0
2021-04-27 08:00:00+00:00,1619510400000,2021-04-27T08:00:00+00:00,0.0001,0.0
2021-04-27 16:00:00.009000+00:00,1619539200009,2021-04-27T16:00:00.009000+00:00,0.00040663,0.0
2021-04-28 00:00:00+00:00,1619568000000,2021-04-28T00:00:00+00:00,0.00034144,0.0
2021-04-28 08:00:00+00:00,1619596800000,2021-04-28T08:00:00+00:00,0.00019211,0.0
2021-04-28 16:00:00.001000+00:00,1619625600001,2021-04-28T16:00:00.001000+00:00,0.0001,0.0
2021-04-29 00:00:00.004000+00:00,1619654400004,2021-04-29T00:00:00.004000+00:00,0.0001,0.0
2021-04-29 08:00:00.013000+00:00,1619683200013,2021-04-29T08:00:00.013000+00:00,0.0001,0.0
2021-04-29 16:00:00.003000+00:00,1619712000003,2021-04-29T16:00:00.003000+00:00,0.0001,0.0
2021-04-30 00:00:00.004000+00:00,1619740800004,2021-04-30T00:00:00.004000+00:00,0.00014665,0.0
2021-04-30 08:00:00.019000+00:00,1619769600019,2021-04-30T08:00:00.019000+00:00,0.00011668,0.0
2021-04-30 16:00:00.003000+00:00,1619798400003,2021-04-30T16:00:00.003000+00:00,0.00051157,0.0
2021-05-01 00:00:00.002000+00:00,1619827200002,2021-05-01T00:00:00.002000+00:00,0.0001,0.0
2021-05-01 08:00:00.006000+00:00,1619856000006,2021-05-01T08:00:00.006000+00:00,0.00035155,0.0
2021-05-01 16:00:00+00:00,1619884800000,2021-05-01T16:00:00+00:00,0.00012262,0.0
2021-05-02 00:00:00.010000+00:00,1619913600010,2021-05-02T00:00:00.010000+00:00,0.00023451,0.0
2021-05-02 08:00:00.011000+00:00,1619942400011,2021-05-02T08:00:00.011000+00:00,0.00039722,0.0
2021-05-02 16:00:00.007000+00:00,1619971200007,2021-05-02T16:00:00.007000+00:00,0.0001,0.0
2021-05-03 00:00:00.003000+00:00,1620000000003,2021-05-03T00:00:00.003000+00:00,0.0001,0.0
2021-05-03 08:00:00+00:00,1620028800000,2021-05-03T08:00:00+00:00,0.0001,0.0
2021-05-03 16:00:00.043000+00:00,1620057600043,2021-05-03T16:00:00.043000+00:00,0.00061627,0.0
2021-05-04 00:00:00.004000+00:00,1620086400004,2021-05-04T00:00:00.004000+00:00,0.00031687,0.0
2021-05-04 08:00:00.003000+00:00,1620115200003,2021-05-04T08:00:00.003000+00:00,0.00070707,0.0
2021-05-04 16:00:00.011000+00:00,1620144000011,2021-05-04T16:00:00.011000+00:00,0.00071637,0.0
2021-05-05 00:00:00.001000+00:00,1620172800001,2021-05-05T00:00:00.001000+00:00,0.00038408,0.0
2021-05-05 08:00:00.007000+00:00,1620201600007,2021-05-05T08:00:00.007000+00:00,0.00078274,0.0
2021-05-05 16:00:00.001000+00:00,1620230400001,2021-05-05T16:00:00.001000+00:00,0.00087977,0.0
2021-05-06 00:00:00.003000+00:00,1620259200003,2021-05-06T00:00:00.003000+00:00,0.00068239,0.0
2021-05-06 08:00:00.001000+00:00,1620288000001,2021-05-06T08:00:00.001000+00:00,0.00066648,0.0
2021-05-06 16:00:00+00:00,1620316800000,2021-05-06T16:00:00+00:00,0.00110886,0.0
2021-05-07 00:00:00+00:00,1620345600000,2021-05-07T00:00:00+00:00,0.00026032,0.0
2021-05-07 08:00:00+00:00,1620374400000,2021-05-07T08:00:00+00:00,0.00049147,0.0
2021-05-07 16:00:00.001000+00:00,1620403200001,2021-05-07T16:00:00.001000+00:00,0.00038025,0.0
2021-05-08 00:00:00.006000+00:00,1620432000006,2021-05-08T00:00:00.006000+00:00,0.00047199,0.0
2021-05-08 08:00:00+00:00,1620460800000,2021-05-08T08:00:00+00:00,0.00070136,0.0
2021-05-08 16:00:00+00:00,1620489600000,2021-05-08T16:00:00+00:00,0.00030149,0.0
2021-05-09 00:00:00.005000+00:00,1620518400005,2021-05-09T00:00:00.005000+00:00,0.00058991,0.0
2021-05-09 08:00:00.016000+00:00,1620547200016,2021-05-09T08:00:00.016000+00:00,0.00041522,0.0
2021-05-09 16:00:00+00:00,1620576000000,2021-05-09T16:00:00+00:00,0.00054148,0.0
2021-05-10 00:00:00.004000+00:00,1620604800004,2021-05-10T00:00:00.004000+00:00,0.00068787,0.0
2021-05-10 08:00:00+00:00,1620633600000,2021-05-10T08:00:00+00:00,0.0006638,0.0
2021-05-10 16:00:00.013000+00:00,1620662400013,2021-05-10T16:00:00.013000+00:00,0.00075749,0.0
2021-05-11 00:00:00+00:00,1620691200000,2021-05-11T00:00:00+00:00,0.00041169,0.0
2021-05-11 08:00:00+00:00,1620720000000,2021-05-11T08:00:00+00:00,0.00043204,0.0
2021-05-11 16:00:00.002000+00:00,1620748800002,2021-05-11T16:00:00.002000+00:00,0.00029649,0.0
2021-05-12 00:00:00.004000+00:00,1620777600004,2021-05-12T00:00:00.004000+00:00,0.0001,0.0
2021-05-12 08:00:00.007000+00:00,1620806400007,2021-05-12T08:00:00.007000+00:00,0.00047462,0.0
2021-05-12 16:00:00.012000+00:00,1620835200012,2021-05-12T16:00:00.012000+00:00,0.00054381,0.0
2021-05-13 00:00:00.016000+00:00,1620864000016,2021-05-13T00:00:00.016000+00:00,0.00040983,0.0
2021-05-13 08:00:00+00:00,1620892800000,2021-05-13T08:00:00+00:00,0.00014687,0.0
2021-05-13 16:00:00.008000+00:00,1620921600008,2021-05-13T16:00:00.008000+00:00,0.0001,0.0
2021-05-14 00:00:00.007000+00:00,1620950400007,2021-05-14T00:00:00.007000+00:00,0.0001,0.0
2021-05-14 08:00:00.001000+00:00,1620979200001,2021-05-14T08:00:00.001000+00:00,0.0001,0.0
2021-05-14 16:00:00.004000+00:00,1621008000004,2021-05-14T16:00:00.004000+00:00,0.0001,0.0
2021-05-15 00:00:00.022000+00:00,1621036800022,2021-05-15T00:00:00.022000+00:00,0.00038785,0.0
2021-05-15 08:00:00.014000+00:00,1621065600014,2021-05-15T08:00:00.014000+00:00,0.00052101,0.0
2021-05-15 16:00:00.002000+00:00,1621094400002,2021-05-15T16:00:00.002000+00:00,0.00046056,0.0
2021-05-16 00:00:00+00:00,1621123200000,2021-05-16T00:00:00+00:00,0.00030702,0.0
2021-05-16 08:00:00.003000+00:00,1621152000003,2021-05-16T08:00:00.003000+00:00,0.00013134,0.0
2021-05-16 16:00:00.002000+00:00,1621180800002,2021-05-16T16:00:00.002000+00:00,0.00018829,0.0
2021-05-17 00:00:00.005000+00:00,1621209600005,2021-05-17T00:00:00.005000+00:00,0.00015608,0.0
2021-05-17 08:00:00.001000+00:00,1621238400001,2021-05-17T08:00:00.001000+00:00,0.000335,0.0
2021-05-17 16:00:00+00:00,1621267200000,2021-05-17T16:00:00+00:00,0.0007001,0.0
2021-05-18 00:00:00.019000+00:00,1621296000019,2021-05-18T00:00:00.019000+00:00,0.00018459,0.0
2021-05-18 08:00:00.001000+00:00,1621324800001,2021-05-18T08:00:00.001000+00:00,0.0001,0.0
2021-05-18 16:00:00.006000+00:00,1621353600006,2021-05-18T16:00:00.006000+00:00,0.0006146,0.0
2021-05-19 00:00:00+00:00,1621382400000,2021-05-19T00:00:00+00:00,0.0001,0.0
2021-05-19 08:00:00.003000+00:00,1621411200003,2021-05-19T08:00:00.003000+00:00,0.00053311,0.0
2021-05-19 16:00:00.018000+00:00,1621440000018,2021-05-19T16:00:00.018000+00:00,-0.00356332,0.0
2021-05-20 00:00:00.005000+00:00,1621468800005,2021-05-20T00:00:00.005000+00:00,0.00011828,0.0
2021-05-20 08:00:00+00:00,1621497600000,2021-05-20T08:00:00+00:00,0.0001,0.0
2021-05-20 16:00:00.005000+00:00,1621526400005,2021-05-20T16:00:00.005000+00:00,0.0001,0.0
2021-05-21 00:00:00+00:00,1621555200000,2021-05-21T00:00:00+00:00,0.0001,0.0
2021-05-21 08:00:00+00:00,1621584000000,2021-05-21T08:00:00+00:00,0.0001,0.0
2021-05-21 16:00:00.001000+00:00,1621612800001,2021-05-21T16:00:00.001000+00:00,0.0001,0.0
2021-05-22 00:00:00.001000+00:00,1621641600001,2021-05-22T00:00:00.001000+00:00,0.0001,0.0
2021-05-22 08:00:00.002000+00:00,1621670400002,2021-05-22T08:00:00.002000+00:00,0.0001,0.0
2021-05-22 16:00:00.005000+00:00,1621699200005,2021-05-22T16:00:00.005000+00:00,0.0001,0.0
2021-05-23 00:00:00.006000+00:00,1621728000006,2021-05-23T00:00:00.006000+00:00,0.0001,0.0
2021-05-23 08:00:00.004000+00:00,1621756800004,2021-05-23T08:00:00.004000+00:00,0.0001,0.0
2021-05-23 16:00:00.002000+00:00,1621785600002,2021-05-23T16:00:00.002000+00:00,0.0001,0.0
2021-05-24 00:00:00.007000+00:00,1621814400007,2021-05-24T00:00:00.007000+00:00,0.0001,0.0
2021-05-24 08:00:00.005000+00:00,1621843200005,2021-05-24T08:00:00.005000+00:00,0.0001,0.0
2021-05-24 16:00:00.005000+00:00,1621872000005,2021-05-24T16:00:00.005000+00:00,0.0001,0.0
2021-05-25 00:00:00+00:00,1621900800000,2021-05-25T00:00:00+00:00,0.0001,0.0
2021-05-25 08:00:00.014000+00:00,1621929600014,2021-05-25T08:00:00.014000+00:00,0.0001,0.0
2021-05-25 16:00:00+00:00,1621958400000,2021-05-25T16:00:00+00:00,0.0001,0.0
2021-05-26 00:00:00.022000+00:00,1621987200022,2021-05-26T00:00:00.022000+00:00,0.0001,0.0
2021-05-26 08:00:00.018000+00:00,1622016000018,2021-05-26T08:00:00.018000+00:00,0.0001,0.0
2021-05-26 16:00:00.004000+00:00,1622044800004,2021-05-26T16:00:00.004000+00:00,0.0001,0.0
2021-05-27 00:00:00+00:00,1622073600000,2021-05-27T00:00:00+00:00,0.0001,0.0
2021-05-27 08:00:00.017000+00:00,1622102400017,2021-05-27T08:00:00.017000+00:00,0.0001,0.0
2021-05-27 16:00:00+00:00,1622131200000,2021-05-27T16:00:00+00:00,0.0001,0.0
2021-05-28 00:00:00.005000+00:00,1622160000005,2021-05-28T00:00:00.005000+00:00,0.0001,0.0
2021-05-28 08:00:00.009000+00:00,1622188800009,2021-05-28T08:00:00.009000+00:00,0.0001,0.0
2021-05-28 16:00:00+00:00,1622217600000,2021-05-28T16:00:00+00:00,0.0001,0.0
2021-05-29 00:00:00.006000+00:00,1622246400006,2021-05-29T00:00:00.006000+00:00,0.0001,0.0
2021-05-29 08:00:00+00:00,1622275200000,2021-05-29T08:00:00+00:00,0.0001,0.0
2021-05-29 16:00:00+00:00,1622304000000,2021-05-29T16:00:00+00:00,0.0001,0.0
2021-05-30 00:00:00.003000+00:00,1622332800003,2021-05-30T00:00:00.003000+00:00,0.0001,0.0
2021-05-30 08:00:00.004000+00:00,1622361600004,2021-05-30T08:00:00.004000+00:00,0.0001,0.0
2021-05-30 16:00:00.018000+00:00,1622390400018,2021-05-30T16:00:00.018000+00:00,0.0001,0.0
2021-05-31 00:00:00.002000+00:00,1622419200002,2021-05-31T00:00:00.002000+00:00,0.0001,0.0
2021-05-31 08:00:00+00:00,1622448000000,2021-05-31T08:00:00+00:00,0.0001,0.0
2021-05-31 16:00:00+00:00,1622476800000,2021-05-31T16:00:00+00:00,0.0001,0.0
2021-06-01 00:00:00.001000+00:00,1622505600001,2021-06-01T00:00:00.001000+00:00,0.0001,0.0
2021-06-01 08:00:00.010000+00:00,1622534400010,2021-06-01T08:00:00.010000+00:00,0.0001,0.0
2021-06-01 16:00:00.010000+00:00,1622563200010,2021-06-01T16:00:00.010000+00:00,0.0001,0.0
2021-06-02 00:00:00.008000+00:00,1622592000008,2021-06-02T00:00:00.008000+00:00,0.0001,0.0
2021-06-02 08:00:00+00:00,1622620800000,2021-06-02T08:00:00+00:00,0.0001,0.0
2021-06-02 16:00:00.007000+00:00,1622649600007,2021-06-02T16:00:00.007000+00:00,0.0001,0.0
2021-06-03 00:00:00.019000+00:00,1622678400019,2021-06-03T00:00:00.019000+00:00,0.0001,0.0
2021-06-03 08:00:00.002000+00:00,1622707200002,2021-06-03T08:00:00.002000+00:00,0.0001,0.0
2021-06-03 16:00:00.003000+00:00,1622736000003,2021-06-03T16:00:00.003000+00:00,0.0001,0.0
2021-06-04 00:00:00.003000+00:00,1622764800003,2021-06-04T00:00:00.003000+00:00,0.0001,0.0
2021-06-04 08:00:00.006000+00:00,1622793600006,2021-06-04T08:00:00.006000+00:00,0.0001,0.0
2021-06-04 16:00:00.002000+00:00,1622822400002,2021-06-04T16:00:00.002000+00:00,0.0001,0.0
2021-06-05 00:00:00+00:00,1622851200000,2021-06-05T00:00:00+00:00,0.0001,0.0
2021-06-05 08:00:00.004000+00:00,1622880000004,2021-06-05T08:00:00.004000+00:00,0.0001,0.0
2021-06-05 16:00:00.020000+00:00,1622908800020,2021-06-05T16:00:00.020000+00:00,0.0001,0.0
2021-06-06 00:00:00+00:00,1622937600000,2021-06-06T00:00:00+00:00,0.0001,0.0
2021-06-06 08:00:00.004000+00:00,1622966400004,2021-06-06T08:00:00.004000+00:00,0.0001,0.0
2021-06-06 16:00:00+00:00,1622995200000,2021-06-06T16:00:00+00:00,0.0001,0.0
2021-06-07 00:00:00.007000+00:00,1623024000007,2021-06-07T00:00:00.007000+00:00,0.0001,0.0
2021-06-07 08:00:00.007000+00:00,1623052800007,2021-06-07T08:00:00.007000+00:00,0.0001,0.0
2021-06-07 16:00:00.003000+00:00,1623081600003,2021-06-07T16:00:00.003000+00:00,0.0001,0.0
2021-06-08 00:00:00+00:00,1623110400000,2021-06-08T00:00:00+00:00,0.0001,0.0
2021-06-08 08:00:00+00:00,1623139200000,2021-06-08T08:00:00+00:00,0.0001,0.0
2021-06-08 16:00:00.002000+00:00,1623168000002,2021-06-08T16:00:00.002000+00:00,0.0001,0.0
2021-06-09 00:00:00.009000+00:00,1623196800009,2021-06-09T00:00:00.009000+00:00,0.0001,0.0
2021-06-09 08:00:00.002000+00:00,1623225600002,2021-06-09T08:00:00.002000+00:00,0.0001,0.0
2021-06-09 16:00:00+00:00,1623254400000,2021-06-09T16:00:00+00:00,0.0001,0.0
2021-06-10 00:00:00.007000+00:00,1623283200007,2021-06-10T00:00:00.007000+00:00,0.0001,0.0
2021-06-10 08:00:00.003000+00:00,1623312000003,2021-06-10T08:00:00.003000+00:00,0.0001,0.0
2021-06-10 16:00:00+00:00,1623340800000,2021-06-10T16:00:00+00:00,0.0001,0.0
2021-06-11 00:00:00.010000+00:00,1623369600010,2021-06-11T00:00:00.010000+00:00,0.0001,0.0
2021-06-11 08:00:00.007000+00:00,1623398400007,2021-06-11T08:00:00.007000+00:00,0.0001,0.0
2021-06-11 16:00:00.006000+00:00,1623427200006,2021-06-11T16:00:00.006000+00:00,8.683e-05,0.0
2021-06-12 00:00:00.005000+00:00,1623456000005,2021-06-12T00:00:00.005000+00:00,0.0001,0.0
2021-06-12 08:00:00+00:00,1623484800000,2021-06-12T08:00:00+00:00,0.0001,0.0
2021-06-12 16:00:00.018000+00:00,1623513600018,2021-06-12T16:00:00.018000+00:00,0.0001,0.0
2021-06-13 00:00:00.002000+00:00,1623542400002,2021-06-13T00:00:00.002000+00:00,0.0001,0.0
2021-06-13 08:00:00+00:00,1623571200000,2021-06-13T08:00:00+00:00,0.0001,0.0
2021-06-13 16:00:00.003000+00:00,1623600000003,2021-06-13T16:00:00.003000+00:00,0.0001,0.0
2021-06-14 00:00:00+00:00,1623628800000,2021-06-14T00:00:00+00:00,0.0001,0.0
2021-06-14 08:00:00.015000+00:00,1623657600015,2021-06-14T08:00:00.015000+00:00,0.0001,0.0
2021-06-14 16:00:00+00:00,1623686400000,2021-06-14T16:00:00+00:00,3.785e-05,0.0
2021-06-15 00:00:00+00:00,1623715200000,2021-06-15T00:00:00+00:00,0.0001,0.0
2021-06-15 08:00:00+00:00,1623744000000,2021-06-15T08:00:00+00:00,0.0001,0.0
2021-06-15 16:00:00.004000+00:00,1623772800004,2021-06-15T16:00:00.004000+00:00,0.0001,0.0
2021-06-16 00:00:00.004000+00:00,1623801600004,2021-06-16T00:00:00.004000+00:00,0.0001,0.0
2021-06-16 08:00:00.001000+00:00,1623830400001,2021-06-16T08:00:00.001000+00:00,0.0001,0.0
2021-06-16 16:00:00+00:00,1623859200000,2021-06-16T16:00:00+00:00,0.0001,0.0
2021-06-17 00:00:00.004000+00:00,1623888000004,2021-06-17T00:00:00.004000+00:00,0.0001,0.0
2021-06-17 08:00:00+00:00,1623916800000,2021-06-17T08:00:00+00:00,0.0001,0.0
2021-06-17 16:00:00.002000+00:00,1623945600002,2021-06-17T16:00:00.002000+00:00,0.0001,0.0
2021-06-18 00:00:00.009000+00:00,1623974400009,2021-06-18T00:00:00.009000+00:00,-5.78e-06,0.0
2021-06-18 08:00:00.014000+00:00,1624003200014,2021-06-18T08:00:00.014000+00:00,9.549e-05,0.0
2021-06-18 16:00:00.007000+00:00,1624032000007,2021-06-18T16:00:00.007000+00:00,0.0001,0.0
2021-06-19 00:00:00.003000+00:00,1624060800003,2021-06-19T00:00:00.003000+00:00,-0.00018201,0.0
2021-06-19 08:00:00.001000+00:00,1624089600001,2021-06-19T08:00:00.001000+00:00,-1.78e-06,0.0
2021-06-19 16:00:00+00:00,1624118400000,2021-06-19T16:00:00+00:00,0.0001,0.0
2021-06-20 00:00:00.005000+00:00,1624147200005,2021-06-20T00:00:00.005000+00:00,4.657e-05,0.0
2021-06-20 08:00:00+00:00,1624176000000,2021-06-20T08:00:00+00:00,7.41e-06,0.0
2021-06-20 16:00:00.002000+00:00,1624204800002,2021-06-20T16:00:00.002000+00:00,-0.00024432,0.0
2021-06-21 00:00:00.019000+00:00,1624233600019,2021-06-21T00:00:00.019000+00:00,4.439e-05,0.0
2021-06-21 08:00:00+00:00,1624262400000,2021-06-21T08:00:00+00:00,-7.382e-05,0.0
2021-06-21 16:00:00.024000+00:00,1624291200024,2021-06-21T16:00:00.024000+00:00,-7.303e-05,0.0
2021-06-22 00:00:00.008000+00:00,1624320000008,2021-06-22T00:00:00.008000+00:00,0.0001,0.0
2021-06-22 08:00:00.009000+00:00,1624348800009,2021-06-22T08:00:00.009000+00:00,4.434e-05,0.0
2021-06-22 16:00:00.001000+00:00,1624377600001,2021-06-22T16:00:00.001000+00:00,-7.59e-06,0.0
2021-06-23 00:00:00.003000+00:00,1624406400003,2021-06-23T00:00:00.003000+00:00,4.046e-05,0.0
2021-06-23 08:00:00+00:00,1624435200000,2021-06-23T08:00:00+00:00,-9.115e-05,0.0
2021-06-23 16:00:00+00:00,1624464000000,2021-06-23T16:00:00+00:00,-6.683e-05,0.0
2021-06-24 00:00:00.009000+00:00,1624492800009,2021-06-24T00:00:00.009000+00:00,-4.432e-05,0.0
2021-06-24 08:00:00.018000+00:00,1624521600018,2021-06-24T08:00:00.018000+00:00,0.0001,0.0
2021-06-24 16:00:00.001000+00:00,1624550400001,2021-06-24T16:00:00.001000+00:00,0.0001,0.0
2021-06-25 00:00:00.009000+00:00,1624579200009,2021-06-25T00:00:00.009000+00:00,0.0001,0.0
2021-06-25 08:00:00.004000+00:00,1624608000004,2021-06-25T08:00:00.004000+00:00,0.0001,0.0
2021-06-25 16:00:00+00:00,1624636800000,2021-06-25T16:00:00+00:00,7.207e-05,0.0
2021-06-26 00:00:00.007000+00:00,1624665600007,2021-06-26T00:00:00.007000+00:00,4.234e-05,0.0
2021-06-26 08:00:00+00:00,1624694400000,2021-06-26T08:00:00+00:00,-5.794e-05,0.0
2021-06-26 16:00:00.002000+00:00,1624723200002,2021-06-26T16:00:00.002000+00:00,-0.00014961,0.0
2021-06-27 00:00:00.005000+00:00,1624752000005,2021-06-27T00:00:00.005000+00:00,-6.018e-05,0.0
2021-06-27 08:00:00.010000+00:00,1624780800010,2021-06-27T08:00:00.010000+00:00,-0.00027281,0.0
2021-06-27 16:00:00.001000+00:00,1624809600001,2021-06-27T16:00:00.001000+00:00,-0.00013791,0.0
2021-06-28 00:00:00.025000+00:00,1624838400025,2021-06-28T00:00:00.025000+00:00,-4.311e-05,0.0
2021-06-28 08:00:00.017000+00:00,1624867200017,2021-06-28T08:00:00.017000+00:00,0.0001,0.0
2021-06-28 16:00:00.007000+00:00,1624896000007,2021-06-28T16:00:00.007000+00:00,-2.358e-05,0.0
2021-06-29 00:00:00.008000+00:00,1624924800008,2021-06-29T00:00:00.008000+00:00,8.669e-05,0.0
2021-06-29 08:00:00+00:00,1624953600000,2021-06-29T08:00:00+00:00,6.012e-05,0.0
2021-06-29 16:00:00+00:00,1624982400000,2021-06-29T16:00:00+00:00,-0.00011947,0.0
2021-06-30 00:00:00.011000+00:00,1625011200011,2021-06-30T00:00:00.011000+00:00,0.0001,0.0
2021-06-30 08:00:00.044000+00:00,1625040000044,2021-06-30T08:00:00.044000+00:00,0.0001,0.0
2021-06-30 16:00:00.005000+00:00,1625068800005,2021-06-30T16:00:00.005000+00:00,0.0001,0.0
2021-07-01 00:00:00+00:00,1625097600000,2021-07-01T00:00:00+00:00,0.0001,0.0
2021-07-01 08:00:00.004000+00:00,1625126400004,2021-07-01T08:00:00.004000+00:00,0.0001,0.0
2021-07-01 16:00:00.028000+00:00,1625155200028,2021-07-01T16:00:00.028000+00:00,4.853e-05,0.0
2021-07-02 00:00:00.002000+00:00,1625184000002,2021-07-02T00:00:00.002000+00:00,-9.5e-07,0.0
2021-07-02 08:00:00.016000+00:00,1625212800016,2021-07-02T08:00:00.016000+00:00,-2.734e-05,0.0
2021-07-02 16:00:00.007000+00:00,1625241600007,2021-07-02T16:00:00.007000+00:00,-0.00014398,0.0
2021-07-03 00:00:00.008000+00:00,1625270400008,2021-07-03T00:00:00.008000+00:00,7.139e-05,0.0
2021-07-03 08:00:00+00:00,1625299200000,2021-07-03T08:00:00+00:00,2.925e-05,0.0
2021-07-03 16:00:00.004000+00:00,1625328000004,2021-07-03T16:00:00.004000+00:00,-3.943e-05,0.0
2021-07-04 00:00:00.012000+00:00,1625356800012,2021-07-04T00:00:00.012000+00:00,0.0001,0.0
2021-07-04 08:00:00.002000+00:00,1625385600002,2021-07-04T08:00:00.002000+00:00,0.0001,0.0
2021-07-04 16:00:00.003000+00:00,1625414400003,2021-07-04T16:00:00.003000+00:00,0.0001,0.0
2021-07-05 00:00:00.004000+00:00,1625443200004,2021-07-05T00:00:00.004000+00:00,2.596e-05,0.0
2021-07-05 08:00:00+00:00,1625472000000,2021-07-05T08:00:00+00:00,0.0001,0.0
2021-07-05 16:00:00.009000+00:00,1625500800009,2021-07-05T16:00:00.009000+00:00,7.226e-05,0.0
2021-07-06 00:00:00.008000+00:00,1625529600008,2021-07-06T00:00:00.008000+00:00,2.925e-05,0.0
2021-07-06 08:00:00.019000+00:00,1625558400019,2021-07-06T08:00:00.019000+00:00,-3.935e-05,0.0
2021-07-06 16:00:00+00:00,1625587200000,2021-07-06T16:00:00+00:00,9.559e-05,0.0
2021-07-07 00:00:00.007000+00:00,1625616000007,2021-07-07T00:00:00.007000+00:00,3.679e-05,0.0
2021-07-07 08:00:00.001000+00:00,1625644800001,2021-07-07T08:00:00.001000+00:00,9.363e-05,0.0
2021-07-07 16:00:00.008000+00:00,1625673600008,2021-07-07T16:00:00.008000+00:00,0.0001,0.0
2021-07-08 00:00:00.002000+00:00,1625702400002,2021-07-08T00:00:00.002000+00:00,-1.075e-05,0.0
2021-07-08 08:00:00.010000+00:00,1625731200010,2021-07-08T08:00:00.010000+00:00,8.639e-05,0.0
2021-07-08 16:00:00.003000+00:00,1625760000003,2021-07-08T16:00:00.003000+00:00,0.0001,0.0
2021-07-09 00:00:00+00:00,1625788800000,2021-07-09T00:00:00+00:00,0.0001,0.0
2021-07-09 08:00:00.006000+00:00,1625817600006,2021-07-09T08:00:00.006000+00:00,2.471e-05,0.0
2021-07-09 16:00:00+00:00,1625846400000,2021-07-09T16:00:00+00:00,0.0001,0.0
2021-07-10 00:00:00.002000+00:00,1625875200002,2021-07-10T00:00:00.002000+00:00,0.0001,0.0
2021-07-10 08:00:00+00:00,1625904000000,2021-07-10T08:00:00+00:00,0.0001,0.0
2021-07-10 16:00:00.001000+00:00,1625932800001,2021-07-10T16:00:00.001000+00:00,0.0001,0.0
2021-07-11 00:00:00.001000+00:00,1625961600001,2021-07-11T00:00:00.001000+00:00,0.0001,0.0
2021-07-11 08:00:00.025000+00:00,1625990400025,2021-07-11T08:00:00.025000+00:00,0.0001,0.0
2021-07-11 16:00:00.006000+00:00,1626019200006,2021-07-11T16:00:00.006000+00:00,0.0001,0.0
2021-07-12 00:00:00+00:00,1626048000000,2021-07-12T00:00:00+00:00,0.0001,0.0
2021-07-12 08:00:00.021000+00:00,1626076800021,2021-07-12T08:00:00.021000+00:00,0.0001,0.0
2021-07-12 16:00:00+00:00,1626105600000,2021-07-12T16:00:00+00:00,0.0001,0.0
2021-07-13 00:00:00+00:00,1626134400000,2021-07-13T00:00:00+00:00,0.0001,0.0
2021-07-13 08:00:00.013000+00:00,1626163200013,2021-07-13T08:00:00.013000+00:00,-1.436e-05,0.0
2021-07-13 16:00:00.005000+00:00,1626192000005,2021-07-13T16:00:00.005000+00:00,0.0001,0.0
2021-07-14 00:00:00+00:00,1626220800000,2021-07-14T00:00:00+00:00,0.0001,0.0
2021-07-14 08:00:00+00:00,1626249600000,2021-07-14T08:00:00+00:00,0.0001,0.0
2021-07-14 16:00:00.005000+00:00,1626278400005,2021-07-14T16:00:00.005000+00:00,-1.55e-05,0.0
2021-07-15 00:00:00.005000+00:00,1626307200005,2021-07-15T00:00:00.005000+00:00,5.808e-05,0.0
2021-07-15 08:00:00.001000+00:00,1626336000001,2021-07-15T08:00:00.001000+00:00,0.0001,0.0
2021-07-15 16:00:00+00:00,1626364800000,2021-07-15T16:00:00+00:00,9.847e-05,0.0
2021-07-16 00:00:00+00:00,1626393600000,2021-07-16T00:00:00+00:00,0.0001,0.0
2021-07-16 08:00:00+00:00,1626422400000,2021-07-16T08:00:00+00:00,0.0001,0.0
2021-07-16 16:00:00.001000+00:00,1626451200001,2021-07-16T16:00:00.001000+00:00,6.785e-05,0.0
2021-07-17 00:00:00.004000+00:00,1626480000004,2021-07-17T00:00:00.004000+00:00,0.0001,0.0
2021-07-17 08:00:00.009000+00:00,1626508800009,2021-07-17T08:00:00.009000+00:00,0.0001,0.0
2021-07-17 16:00:00.006000+00:00,1626537600006,2021-07-17T16:00:00.006000+00:00,5.313e-05,0.0
2021-07-18 00:00:00+00:00,1626566400000,2021-07-18T00:00:00+00:00,0.0001,0.0
2021-07-18 08:00:00.001000+00:00,1626595200001,2021-07-18T08:00:00.001000+00:00,0.0001,0.0
2021-07-18 16:00:00.003000+00:00,1626624000003,2021-07-18T16:00:00.003000+00:00,0.0001,0.0
2021-07-19 00:00:00.002000+00:00,1626652800002,2021-07-19T00:00:00.002000+00:00,1.98e-06,0.0
2021-07-19 08:00:00.006000+00:00,1626681600006,2021-07-19T08:00:00.006000+00:00,6.91e-06,0.0
2021-07-19 16:00:00.006000+00:00,1626710400006,2021-07-19T16:00:00.006000+00:00,3.1e-06,0.0
2021-07-20 00:00:00.002000+00:00,1626739200002,2021-07-20T00:00:00.002000+00:00,-2.156e-05,0.0
2021-07-20 08:00:00.011000+00:00,1626768000011,2021-07-20T08:00:00.011000+00:00,-0.00041611,0.0
2021-07-20 16:00:00.001000+00:00,1626796800001,2021-07-20T16:00:00.001000+00:00,-5.126e-05,0.0
2021-07-21 00:00:00.022000+00:00,1626825600022,2021-07-21T00:00:00.022000+00:00,1.65e-06,0.0
2021-07-21 08:00:00+00:00,1626854400000,2021-07-21T08:00:00+00:00,-0.00025489,0.0
2021-07-21 16:00:00.018000+00:00,1626883200018,2021-07-21T16:00:00.018000+00:00,-0.00028858,0.0
2021-07-22 00:00:00.002000+00:00,1626912000002,2021-07-22T00:00:00.002000+00:00,0.0001,0.0
2021-07-22 08:00:00.006000+00:00,1626940800006,2021-07-22T08:00:00.006000+00:00,0.0001,0.0
2021-07-22 16:00:00.010000+00:00,1626969600010,2021-07-22T16:00:00.010000+00:00,0.0001,0.0
2021-07-23 00:00:00.013000+00:00,1626998400013,2021-07-23T00:00:00.013000+00:00,8.643e-05,0.0
2021-07-23 08:00:00+00:00,1627027200000,2021-07-23T08:00:00+00:00,0.0001,0.0
2021-07-23 16:00:00.005000+00:00,1627056000005,2021-07-23T16:00:00.005000+00:00,0.0001,0.0
2021-07-24 00:00:00+00:00,1627084800000,2021-07-24T00:00:00+00:00,0.0001,0.0
2021-07-24 08:00:00.002000+00:00,1627113600002,2021-07-24T08:00:00.002000+00:00,0.0001,0.0
2021-07-24 16:00:00.001000+00:00,1627142400001,2021-07-24T16:00:00.001000+00:00,-2.614e-05,0.0
2021-07-25 00:00:00.003000+00:00,1627171200003,2021-07-25T00:00:00.003000+00:00,-1.521e-05,0.0
2021-07-25 08:00:00.015000+00:00,1627200000015,2021-07-25T08:00:00.015000+00:00,4.969e-05,0.0
2021-07-25 16:00:00+00:00,1627228800000,2021-07-25T16:00:00+00:00,0.0001,0.0
2021-07-26 00:00:00+00:00,1627257600000,2021-07-26T00:00:00+00:00,0.0001,0.0
2021-07-26 08:00:00+00:00,1627286400000,2021-07-26T08:00:00+00:00,0.0001,0.0
2021-07-26 16:00:00+00:00,1627315200000,2021-07-26T16:00:00+00:00,0.0001,0.0
2021-07-27 00:00:00.046000+00:00,1627344000046,2021-07-27T00:00:00.046000+00:00,0.0001,0.0
2021-07-27 08:00:00.014000+00:00,1627372800014,2021-07-27T08:00:00.014000+00:00,0.0001,0.0
2021-07-27 16:00:00.007000+00:00,1627401600007,2021-07-27T16:00:00.007000+00:00,0.0001,0.0
2021-07-28 00:00:00+00:00,1627430400000,2021-07-28T00:00:00+00:00,0.0001,0.0
2021-07-28 08:00:00.002000+00:00,1627459200002,2021-07-28T08:00:00.002000+00:00,0.0001,0.0
2021-07-28 16:00:00.005000+00:00,1627488000005,2021-07-28T16:00:00.005000+00:00,5.618e-05,0.0
2021-07-29 00:00:00.004000+00:00,1627516800004,2021-07-29T00:00:00.004000+00:00,5.723e-05,0.0
2021-07-29 08:00:00+00:00,1627545600000,2021-07-29T08:00:00+00:00,0.0001,0.0
2021-07-29 16:00:00.007000+00:00,1627574400007,2021-07-29T16:00:00.007000+00:00,0.0001,0.0
2021-07-30 00:00:00.004000+00:00,1627603200004,2021-07-30T00:00:00.004000+00:00,0.0001,0.0
2021-07-30 08:00:00+00:00,1627632000000,2021-07-30T08:00:00+00:00,0.0001,0.0
2021-07-30 16:00:00+00:00,1627660800000,2021-07-30T16:00:00+00:00,0.0001,0.0
2021-07-31 00:00:00+00:00,1627689600000,2021-07-31T00:00:00+00:00,0.0001,0.0
2021-07-31 08:00:00.014000+00:00,1627718400014,2021-07-31T08:00:00.014000+00:00,0.0001,0.0
2021-07-31 16:00:00.003000+00:00,1627747200003,2021-07-31T16:00:00.003000+00:00,0.0001,0.0
2021-08-01 00:00:00.005000+00:00,1627776000005,2021-08-01T00:00:00.005000+00:00,0.0001,0.0
2021-08-01 08:00:00.016000+00:00,1627804800016,2021-08-01T08:00:00.016000+00:00,0.0001,0.0
2021-08-01 16:00:00.001000+00:00,1627833600001,2021-08-01T16:00:00.001000+00:00,0.0001,0.0
2021-08-02 00:00:00+00:00,1627862400000,2021-08-02T00:00:00+00:00,0.0001,0.0
2021-08-02 08:00:00.014000+00:00,1627891200014,2021-08-02T08:00:00.014000+00:00,0.0001,0.0
2021-08-02 16:00:00.021000+00:00,1627920000021,2021-08-02T16:00:00.021000+00:00,0.0001,0.0
2021-08-03 00:00:00+00:00,1627948800000,2021-08-03T00:00:00+00:00,0.0001,0.0
2021-08-03 08:00:00+00:00,1627977600000,2021-08-03T08:00:00+00:00,0.0001,0.0
2021-08-03 16:00:00.009000+00:00,1628006400009,2021-08-03T16:00:00.009000+00:00,7.59e-06,0.0
2021-08-04 00:00:00+00:00,1628035200000,2021-08-04T00:00:00+00:00,2.73e-06,0.0
2021-08-04 08:00:00+00:00,1628064000000,2021-08-04T08:00:00+00:00,0.0001,0.0
2021-08-04 16:00:00.003000+00:00,1628092800003,2021-08-04T16:00:00.003000+00:00,9.39e-05,0.0
2021-08-05 00:00:00+00:00,1628121600000,2021-08-05T00:00:00+00:00,0.0001,0.0
2021-08-05 08:00:00+00:00,1628150400000,2021-08-05T08:00:00+00:00,0.0001,0.0
2021-08-05 16:00:00.001000+00:00,1628179200001,2021-08-05T16:00:00.001000+00:00,0.0001,0.0
2021-08-06 00:00:00+00:00,1628208000000,2021-08-06T00:00:00+00:00,0.0001,0.0
2021-08-06 08:00:00.004000+00:00,1628236800004,2021-08-06T08:00:00.004000+00:00,0.0001,0.0
2021-08-06 16:00:00.003000+00:00,1628265600003,2021-08-06T16:00:00.003000+00:00,0.0001,0.0
2021-08-07 00:00:00.015000+00:00,1628294400015,2021-08-07T00:00:00.015000+00:00,0.0001,0.0
2021-08-07 08:00:00.001000+00:00,1628323200001,2021-08-07T08:00:00.001000+00:00,0.0001,0.0
2021-08-07 16:00:00.002000+00:00,1628352000002,2021-08-07T16:00:00.002000+00:00,0.00018202,0.0
2021-08-08 00:00:00+00:00,1628380800000,2021-08-08T00:00:00+00:00,0.00013627,0.0
2021-08-08 08:00:00.002000+00:00,1628409600002,2021-08-08T08:00:00.002000+00:00,0.0001,0.0
2021-08-08 16:00:00.018000+00:00,1628438400018,2021-08-08T16:00:00.018000+00:00,0.0001,0.0
2021-08-09 00:00:00+00:00,1628467200000,2021-08-09T00:00:00+00:00,0.00014093,0.0
2021-08-09 08:00:00+00:00,1628496000000,2021-08-09T08:00:00+00:00,0.00021302,0.0
2021-08-09 16:00:00.002000+00:00,1628524800002,2021-08-09T16:00:00.002000+00:00,0.0001,0.0
2021-08-10 00:00:00+00:00,1628553600000,2021-08-10T00:00:00+00:00,0.00045734,0.0
2021-08-10 08:00:00.003000+00:00,1628582400003,2021-08-10T08:00:00.003000+00:00,0.0001,0.0
2021-08-10 16:00:00+00:00,1628611200000,2021-08-10T16:00:00+00:00,0.0001,0.0
2021-08-11 00:00:00.006000+00:00,1628640000006,2021-08-11T00:00:00.006000+00:00,0.00043227,0.0
2021-08-11 08:00:00.003000+00:00,1628668800003,2021-08-11T08:00:00.003000+00:00,0.00025633,0.0
2021-08-11 16:00:00+00:00,1628697600000,2021-08-11T16:00:00+00:00,0.0001,0.0
2021-08-12 00:00:00.013000+00:00,1628726400013,2021-08-12T00:00:00.013000+00:00,0.0001,0.0
2021-08-12 08:00:00.001000+00:00,1628755200001,2021-08-12T08:00:00.001000+00:00,0.0001371,0.0
2021-08-12 16:00:00+00:00,1628784000000,2021-08-12T16:00:00+00:00,0.00018477,0.0
2021-08-13 00:00:00+00:00,1628812800000,2021-08-13T00:00:00+00:00,0.0001,0.0
2021-08-13 08:00:00+00:00,1628841600000,2021-08-13T08:00:00+00:00,0.0001,0.0
2021-08-13 16:00:00.002000+00:00,1628870400002,2021-08-13T16:00:00.002000+00:00,0.00042196,0.0
2021-08-14 00:00:00.006000+00:00,1628899200006,2021-08-14T00:00:00.006000+00:00,0.0001,0.0
2021-08-14 08:00:00+00:00,1628928000000,2021-08-14T08:00:00+00:00,0.00025028,0.0
2021-08-14 16:00:00+00:00,1628956800000,2021-08-14T16:00:00+00:00,0.00051663,0.0
2021-08-15 00:00:00.003000+00:00,1628985600003,2021-08-15T00:00:00.003000+00:00,0.00037689,0.0
2021-08-15 08:00:00+00:00,1629014400000,2021-08-15T08:00:00+00:00,0.00015074,0.0
2021-08-15 16:00:00.007000+00:00,1629043200007,2021-08-15T16:00:00.007000+00:00,0.0001,0.0
2021-08-16 00:00:00.012000+00:00,1629072000012,2021-08-16T00:00:00.012000+00:00,0.00025793,0.0
2021-08-16 08:00:00.003000+00:00,1629100800003,2021-08-16T08:00:00.003000+00:00,0.0001,0.0
2021-08-16 16:00:00.010000+00:00,1629129600010,2021-08-16T16:00:00.010000+00:00,0.0001,0.0
2021-08-17 00:00:00.018000+00:00,1629158400018,2021-08-17T00:00:00.018000+00:00,0.0001,0.0
2021-08-17 08:00:00.015000+00:00,1629187200015,2021-08-17T08:00:00.015000+00:00,0.0001,0.0
2021-08-17 16:00:00.006000+00:00,1629216000006,2021-08-17T16:00:00.006000+00:00,0.0001,0.0
2021-08-18 00:00:00+00:00,1629244800000,2021-08-18T00:00:00+00:00,0.0001,0.0
2021-08-18 08:00:00+00:00,1629273600000,2021-08-18T08:00:00+00:00,0.0001,0.0
2021-08-18 16:00:00.011000+00:00,1629302400011,2021-08-18T16:00:00.011000+00:00,0.0001,0.0
2021-08-19 00:00:00+00:00,1629331200000,2021-08-19T00:00:00+00:00,0.0001,0.0
2021-08-19 08:00:00.014000+00:00,1629360000014,2021-08-19T08:00:00.014000+00:00,0.0001,0.0
2021-08-19 16:00:00+00:00,1629388800000,2021-08-19T16:00:00+00:00,0.0001,0.0
2021-08-20 00:00:00+00:00,1629417600000,2021-08-20T00:00:00+00:00,0.00023469,0.0
2021-08-20 08:00:00.001000+00:00,1629446400001,2021-08-20T08:00:00.001000+00:00,0.00015342,0.0
2021-08-20 16:00:00.001000+00:00,1629475200001,2021-08-20T16:00:00.001000+00:00,0.00036239,0.0
2021-08-21 00:00:00.005000+00:00,1629504000005,2021-08-21T00:00:00.005000+00:00,0.0001,0.0
2021-08-21 08:00:00.001000+00:00,1629532800001,2021-08-21T08:00:00.001000+00:00,0.0001,0.0
2021-08-21 16:00:00+00:00,1629561600000,2021-08-21T16:00:00+00:00,0.00036746,0.0
2021-08-22 00:00:00.005000+00:00,1629590400005,2021-08-22T00:00:00.005000+00:00,0.0002266,0.0
2021-08-22 08:00:00.007000+00:00,1629619200007,2021-08-22T08:00:00.007000+00:00,0.00018006,0.0
2021-08-22 16:00:00.002000+00:00,1629648000002,2021-08-22T16:00:00.002000+00:00,0.0001,0.0
2021-08-23 00:00:00.003000+00:00,1629676800003,2021-08-23T00:00:00.003000+00:00,0.0001,0.0
2021-08-23 08:00:00.005000+00:00,1629705600005,2021-08-23T08:00:00.005000+00:00,0.00113675,0.0
2021-08-23 16:00:00.002000+00:00,1629734400002,2021-08-23T16:00:00.002000+00:00,0.00035008,0.0
2021-08-24 00:00:00.006000+00:00,1629763200006,2021-08-24T00:00:00.006000+00:00,0.00032752,0.0
2021-08-24 08:00:00.004000+00:00,1629792000004,2021-08-24T08:00:00.004000+00:00,0.00030158,0.0
2021-08-24 16:00:00+00:00,1629820800000,2021-08-24T16:00:00+00:00,0.00056014,0.0
2021-08-25 00:00:00.015000+00:00,1629849600015,2021-08-25T00:00:00.015000+00:00,0.00019472,0.0
2021-08-25 08:00:00+00:00,1629878400000,2021-08-25T08:00:00+00:00,0.00016989,0.0
2021-08-25 16:00:00+00:00,1629907200000,2021-08-25T16:00:00+00:00,0.0001,0.0
2021-08-26 00:00:00.001000+00:00,1629936000001,2021-08-26T00:00:00.001000+00:00,0.0001,0.0
2021-08-26 08:00:00.016000+00:00,1629964800016,2021-08-26T08:00:00.016000+00:00,0.0001,0.0
2021-08-26 16:00:00.004000+00:00,1629993600004,2021-08-26T16:00:00.004000+00:00,0.0001,0.0
2021-08-27 00:00:00.013000+00:00,1630022400013,2021-08-27T00:00:00.013000+00:00,0.0001,0.0
2021-08-27 08:00:00.001000+00:00,1630051200001,2021-08-27T08:00:00.001000+00:00,0.0001,0.0
2021-08-27 16:00:00.004000+00:00,1630080000004,2021-08-27T16:00:00.004000+00:00,0.0001,0.0
2021-08-28 00:00:00+00:00,1630108800000,2021-08-28T00:00:00+00:00,0.0001,0.0
2021-08-28 08:00:00+00:00,1630137600000,2021-08-28T08:00:00+00:00,0.00014426,0.0
2021-08-28 16:00:00+00:00,1630166400000,2021-08-28T16:00:00+00:00,0.00011073,0.0
2021-08-29 00:00:00+00:00,1630195200000,2021-08-29T00:00:00+00:00,0.00016779,0.0
2021-08-29 08:00:00.002000+00:00,1630224000002,2021-08-29T08:00:00.002000+00:00,0.0001,0.0
2021-08-29 16:00:00.005000+00:00,1630252800005,2021-08-29T16:00:00.005000+00:00,0.0001,0.0
2021-08-30 00:00:00.013000+00:00,1630281600013,2021-08-30T00:00:00.013000+00:00,0.0001,0.0
2021-08-30 08:00:00.008000+00:00,1630310400008,2021-08-30T08:00:00.008000+00:00,0.0001,0.0
2021-08-30 16:00:00+00:00,1630339200000,2021-08-30T16:00:00+00:00,0.0001,0.0
2021-08-31 00:00:00+00:00,1630368000000,2021-08-31T00:00:00+00:00,0.0001,0.0
2021-08-31 08:00:00.007000+00:00,1630396800007,2021-08-31T08:00:00.007000+00:00,0.0001,0.0
2021-08-31 16:00:00.003000+00:00,1630425600003,2021-08-31T16:00:00.003000+00:00,0.00020707,0.0
2021-09-01 00:00:00+00:00,1630454400000,2021-09-01T00:00:00+00:00,0.0001,0.0
2021-09-01 08:00:00.006000+00:00,1630483200006,2021-09-01T08:00:00.006000+00:00,0.0001,0.0
2021-09-01 16:00:00+00:00,1630512000000,2021-09-01T16:00:00+00:00,0.0001,0.0
2021-09-02 00:00:00.009000+00:00,1630540800009,2021-09-02T00:00:00.009000+00:00,0.00025742,0.0
2021-09-02 08:00:00.006000+00:00,1630569600006,2021-09-02T08:00:00.006000+00:00,0.00079808,0.0
2021-09-02 16:00:00.007000+00:00,1630598400007,2021-09-02T16:00:00.007000+00:00,0.0002889,0.0
2021-09-03 00:00:00.011000+00:00,1630627200011,2021-09-03T00:00:00.011000+00:00,0.00027417,0.0
2021-09-03 08:00:00+00:00,1630656000000,2021-09-03T08:00:00+00:00,0.00037778,0.0
2021-09-03 16:00:00.002000+00:00,1630684800002,2021-09-03T16:00:00.002000+00:00,0.00065309,0.0
2021-09-04 00:00:00.003000+00:00,1630713600003,2021-09-04T00:00:00.003000+00:00,0.00076883,0.0
2021-09-04 08:00:00.008000+00:00,1630742400008,2021-09-04T08:00:00.008000+00:00,0.0007142,0.0
2021-09-04 16:00:00.009000+00:00,1630771200009,2021-09-04T16:00:00.009000+00:00,0.0007567,0.0
2021-09-05 00:00:00.002000+00:00,1630800000002,2021-09-05T00:00:00.002000+00:00,0.00070354,0.0
2021-09-05 08:00:00.002000+00:00,1630828800002,2021-09-05T08:00:00.002000+00:00,0.00058378,0.0
2021-09-05 16:00:00+00:00,1630857600000,2021-09-05T16:00:00+00:00,0.00080725,0.0
2021-09-06 00:00:00.003000+00:00,1630886400003,2021-09-06T00:00:00.003000+00:00,0.00085353,0.0
2021-09-06 08:00:00.008000+00:00,1630915200008,2021-09-06T08:00:00.008000+00:00,0.00041269,0.0
2021-09-06 16:00:00.009000+00:00,1630944000009,2021-09-06T16:00:00.009000+00:00,0.00044698,0.0
2021-09-07 00:00:00.004000+00:00,1630972800004,2021-09-07T00:00:00.004000+00:00,0.00058234,0.0
2021-09-07 08:00:00.002000+00:00,1631001600002,2021-09-07T08:00:00.002000+00:00,0.00066382,0.0
2021-09-07 16:00:00.001000+00:00,1631030400001,2021-09-07T16:00:00.001000+00:00,0.0001,0.0
2021-09-08 00:00:00.005000+00:00,1631059200005,2021-09-08T00:00:00.005000+00:00,0.0001,0.0
2021-09-08 08:00:00+00:00,1631088000000,2021-09-08T08:00:00+00:00,0.0001,0.0
2021-09-08 16:00:00+00:00,1631116800000,2021-09-08T16:00:00+00:00,0.0001,0.0
2021-09-09 00:00:00.006000+00:00,1631145600006,2021-09-09T00:00:00.006000+00:00,0.0001,0.0
2021-09-09 08:00:00.014000+00:00,1631174400014,2021-09-09T08:00:00.014000+00:00,0.0001,0.0
2021-09-09 16:00:00.002000+00:00,1631203200002,2021-09-09T16:00:00.002000+00:00,0.0001,0.0
2021-09-10 00:00:00.001000+00:00,1631232000001,2021-09-10T00:00:00.001000+00:00,0.0001,0.0
2021-09-10 08:00:00.018000+00:00,1631260800018,2021-09-10T08:00:00.018000+00:00,0.0001,0.0
2021-09-10 16:00:00.006000+00:00,1631289600006,2021-09-10T16:00:00.006000+00:00,0.0001,0.0
2021-09-11 00:00:00+00:00,1631318400000,2021-09-11T00:00:00+00:00,0.0001,0.0
2021-09-11 08:00:00.001000+00:00,1631347200001,2021-09-11T08:00:00.001000+00:00,0.0001,0.0
2021-09-11 16:00:00+00:00,1631376000000,2021-09-11T16:00:00+00:00,0.0001,0.0
2021-09-12 00:00:00+00:00,1631404800000,2021-09-12T00:00:00+00:00,0.0001,0.0
2021-09-12 08:00:00.002000+00:00,1631433600002,2021-09-12T08:00:00.002000+00:00,0.0001,0.0
2021-09-12 16:00:00+00:00,1631462400000,2021-09-12T16:00:00+00:00,0.0001,0.0
2021-09-13 00:00:00+00:00,1631491200000,2021-09-13T00:00:00+00:00,0.0001,0.0
2021-09-13 08:00:00.007000+00:00,1631520000007,2021-09-13T08:00:00.007000+00:00,0.0001,0.0
2021-09-13 16:00:00.005000+00:00,1631548800005,2021-09-13T16:00:00.005000+00:00,0.0001,0.0
2021-09-14 00:00:00.002000+00:00,1631577600002,2021-09-14T00:00:00.002000+00:00,0.0001,0.0
2021-09-14 08:00:00+00:00,1631606400000,2021-09-14T08:00:00+00:00,0.0001,0.0
2021-09-14 16:00:00.007000+00:00,1631635200007,2021-09-14T16:00:00.007000+00:00,0.0001,0.0
2021-09-15 00:00:00.012000+00:00,1631664000012,2021-09-15T00:00:00.012000+00:00,0.0001,0.0
2021-09-15 08:00:00.003000+00:00,1631692800003,2021-09-15T08:00:00.003000+00:00,0.0001,0.0
2021-09-15 16:00:00.006000+00:00,1631721600006,2021-09-15T16:00:00.006000+00:00,0.0001,0.0
2021-09-16 00:00:00.008000+00:00,1631750400008,2021-09-16T00:00:00.008000+00:00,0.0001,0.0
2021-09-16 08:00:00.005000+00:00,1631779200005,2021-09-16T08:00:00.005000+00:00,0.0001,0.0
2021-09-16 16:00:00.002000+00:00,1631808000002,2021-09-16T16:00:00.002000+00:00,0.0001,0.0
2021-09-17 00:00:00+00:00,1631836800000,2021-09-17T00:00:00+00:00,0.0001,0.0
2021-09-17 08:00:00.047000+00:00,1631865600047,2021-09-17T08:00:00.047000+00:00,0.0001,0.0
2021-09-17 16:00:00.013000+00:00,1631894400013,2021-09-17T16:00:00.013000+00:00,0.0001,0.0
2021-09-18 00:00:00+00:00,1631923200000,2021-09-18T00:00:00+00:00,0.0001,0.0
2021-09-18 08:00:00.010000+00:00,1631952000010,2021-09-18T08:00:00.010000+00:00,0.0001,0.0
2021-09-18 16:00:00.005000+00:00,1631980800005,2021-09-18T16:00:00.005000+00:00,0.0001,0.0
2021-09-19 00:00:00.006000+00:00,1632009600006,2021-09-19T00:00:00.006000+00:00,0.0001,0.0
2021-09-19 08:00:00.015000+00:00,1632038400015,2021-09-19T08:00:00.015000+00:00,0.0001,0.0
2021-09-19 16:00:00.007000+00:00,1632067200007,2021-09-19T16:00:00.007000+00:00,0.0001,0.0
2021-09-20 00:00:00.018000+00:00,1632096000018,2021-09-20T00:00:00.018000+00:00,0.0001,0.0
2021-09-20 08:00:00+00:00,1632124800000,2021-09-20T08:00:00+00:00,0.0001,0.0
2021-09-20 16:00:00.005000+00:00,1632153600005,2021-09-20T16:00:00.005000+00:00,0.0001,0.0
2021-09-21 00:00:00.005000+00:00,1632182400005,2021-09-21T00:00:00.005000+00:00,0.0001,0.0
2021-09-21 08:00:00.007000+00:00,1632211200007,2021-09-21T08:00:00.007000+00:00,0.0001,0.0
2021-09-21 16:00:00+00:00,1632240000000,2021-09-21T16:00:00+00:00,0.0001,0.0
2021-09-22 00:00:00.005000+00:00,1632268800005,2021-09-22T00:00:00.005000+00:00,0.0001,0.0
2021-09-22 08:00:00.006000+00:00,1632297600006,2021-09-22T08:00:00.006000+00:00,0.0001,0.0
2021-09-22 16:00:00+00:00,1632326400000,2021-09-22T16:00:00+00:00,0.0001,0.0
2021-09-23 00:00:00.003000+00:00,1632355200003,2021-09-23T00:00:00.003000+00:00,0.0001,0.0
2021-09-23 08:00:00+00:00,1632384000000,2021-09-23T08:00:00+00:00,0.0001,0.0
2021-09-23 16:00:00.007000+00:00,1632412800007,2021-09-23T16:00:00.007000+00:00,0.0001,0.0
2021-09-24 00:00:00+00:00,1632441600000,2021-09-24T00:00:00+00:00,5.5e-07,0.0
2021-09-24 08:00:00.017000+00:00,1632470400017,2021-09-24T08:00:00.017000+00:00,8.75e-06,0.0
2021-09-24 16:00:00+00:00,1632499200000,2021-09-24T16:00:00+00:00,-0.0001122,0.0
2021-09-25 00:00:00.007000+00:00,1632528000007,2021-09-25T00:00:00.007000+00:00,-7.48e-06,0.0
2021-09-25 08:00:00.002000+00:00,1632556800002,2021-09-25T08:00:00.002000+00:00,-1.988e-05,0.0
2021-09-25 16:00:00.004000+00:00,1632585600004,2021-09-25T16:00:00.004000+00:00,3.479e-05,0.0
2021-09-26 00:00:00.013000+00:00,1632614400013,2021-09-26T00:00:00.013000+00:00,0.0001,0.0
2021-09-26 08:00:00+00:00,1632643200000,2021-09-26T08:00:00+00:00,2.634e-05,0.0
2021-09-26 16:00:00.005000+00:00,1632672000005,2021-09-26T16:00:00.005000+00:00,2.827e-05,0.0
2021-09-27 00:00:00+00:00,1632700800000,2021-09-27T00:00:00+00:00,0.0001,0.0
2021-09-27 08:00:00.001000+00:00,1632729600001,2021-09-27T08:00:00.001000+00:00,0.0001,0.0
2021-09-27 16:00:00+00:00,1632758400000,2021-09-27T16:00:00+00:00,0.0001,0.0
2021-09-28 00:00:00+00:00,1632787200000,2021-09-28T00:00:00+00:00,-8.56e-06,0.0
2021-09-28 08:00:00.014000+00:00,1632816000014,2021-09-28T08:00:00.014000+00:00,2.806e-05,0.0
2021-09-28 16:00:00+00:00,1632844800000,2021-09-28T16:00:00+00:00,1.524e-05,0.0
2021-09-29 00:00:00+00:00,1632873600000,2021-09-29T00:00:00+00:00,-8.501e-05,0.0
2021-09-29 08:00:00.002000+00:00,1632902400002,2021-09-29T08:00:00.002000+00:00,-2.112e-05,0.0
2021-09-29 16:00:00+00:00,1632931200000,2021-09-29T16:00:00+00:00,0.0001,0.0
2021-09-30 00:00:00+00:00,1632960000000,2021-09-30T00:00:00+00:00,-0.00012951,0.0
2021-09-30 08:00:00.004000+00:00,1632988800004,2021-09-30T08:00:00.004000+00:00,0.0001,0.0
2021-09-30 16:00:00.005000+00:00,1633017600005,2021-09-30T16:00:00.005000+00:00,0.0001,0.0
2021-10-01 00:00:00.012000+00:00,1633046400012,2021-10-01T00:00:00.012000+00:00,4.598e-05,0.0
2021-10-01 08:00:00.008000+00:00,1633075200008,2021-10-01T08:00:00.008000+00:00,2.073e-05,0.0
2021-10-01 16:00:00+00:00,1633104000000,2021-10-01T16:00:00+00:00,0.0001,0.0
2021-10-02 00:00:00+00:00,1633132800000,2021-10-02T00:00:00+00:00,0.0001,0.0
2021-10-02 08:00:00.002000+00:00,1633161600002,2021-10-02T08:00:00.002000+00:00,0.0001,0.0
2021-10-02 16:00:00.011000+00:00,1633190400011,2021-10-02T16:00:00.011000+00:00,0.0001,0.0
2021-10-03 00:00:00.019000+00:00,1633219200019,2021-10-03T00:00:00.019000+00:00,0.0001,0.0
2021-10-03 08:00:00.011000+00:00,1633248000011,2021-10-03T08:00:00.011000+00:00,0.0001,0.0
2021-10-03 16:00:00.004000+00:00,1633276800004,2021-10-03T16:00:00.004000+00:00,0.0001,0.0
2021-10-04 00:00:00.004000+00:00,1633305600004,2021-10-04T00:00:00.004000+00:00,0.0001,0.0
2021-10-04 08:00:00+00:00,1633334400000,2021-10-04T08:00:00+00:00,0.0001,0.0
2021-10-04 16:00:00+00:00,1633363200000,2021-10-04T16:00:00+00:00,0.0001,0.0
2021-10-05 00:00:00.007000+00:00,1633392000007,2021-10-05T00:00:00.007000+00:00,0.0001,0.0
2021-10-05 08:00:00.007000+00:00,1633420800007,2021-10-05T08:00:00.007000+00:00,0.0001,0.0
2021-10-05 16:00:00.004000+00:00,1633449600004,2021-10-05T16:00:00.004000+00:00,0.0001,0.0
2021-10-06 00:00:00.002000+00:00,1633478400002,2021-10-06T00:00:00.002000+00:00,0.0001,0.0
2021-10-06 08:00:00+00:00,1633507200000,2021-10-06T08:00:00+00:00,0.0001,0.0
2021-10-06 16:00:00.003000+00:00,1633536000003,2021-10-06T16:00:00.003000+00:00,0.00014323,0.0
2021-10-07 00:00:00.007000+00:00,1633564800007,2021-10-07T00:00:00.007000+00:00,0.00031991,0.0
2021-10-07 08:00:00.002000+00:00,1633593600002,2021-10-07T08:00:00.002000+00:00,0.00019601,0.0
2021-10-07 16:00:00+00:00,1633622400000,2021-10-07T16:00:00+00:00,0.00024648,0.0
2021-10-08 00:00:00.011000+00:00,1633651200011,2021-10-08T00:00:00.011000+00:00,0.00018942,0.0
2021-10-08 08:00:00.003000+00:00,1633680000003,2021-10-08T08:00:00.003000+00:00,0.0001,0.0
2021-10-08 16:00:00.002000+00:00,1633708800002,2021-10-08T16:00:00.002000+00:00,0.00026363,0.0
2021-10-09 00:00:00.006000+00:00,1633737600006,2021-10-09T00:00:00.006000+00:00,0.0001,0.0
2021-10-09 08:00:00.003000+00:00,1633766400003,2021-10-09T08:00:00.003000+00:00,0.0001,0.0
2021-10-09 16:00:00+00:00,1633795200000,2021-10-09T16:00:00+00:00,0.0001,0.0
2021-10-10 00:00:00+00:00,1633824000000,2021-10-10T00:00:00+00:00,0.0001,0.0
2021-10-10 08:00:00.008000+00:00,1633852800008,2021-10-10T08:00:00.008000+00:00,0.0001,0.0
2021-10-10 16:00:00+00:00,1633881600000,2021-10-10T16:00:00+00:00,0.0001,0.0
2021-10-11 00:00:00.002000+00:00,1633910400002,2021-10-11T00:00:00.002000+00:00,0.0001,0.0
2021-10-11 08:00:00.001000+00:00,1633939200001,2021-10-11T08:00:00.001000+00:00,0.0001,0.0
2021-10-11 16:00:00.006000+00:00,1633968000006,2021-10-11T16:00:00.006000+00:00,0.0003307,0.0
2021-10-12 00:00:00.008000+00:00,1633996800008,2021-10-12T00:00:00.008000+00:00,0.0001,0.0
2021-10-12 08:00:00.013000+00:00,1634025600013,2021-10-12T08:00:00.013000+00:00,0.0001,0.0
2021-10-12 16:00:00.003000+00:00,1634054400003,2021-10-12T16:00:00.003000+00:00,0.0001,0.0
2021-10-13 00:00:00.003000+00:00,1634083200003,2021-10-13T00:00:00.003000+00:00,0.0001,0.0
2021-10-13 08:00:00.015000+00:00,1634112000015,2021-10-13T08:00:00.015000+00:00,0.0001,0.0
2021-10-13 16:00:00+00:00,1634140800000,2021-10-13T16:00:00+00:00,0.0001,0.0
2021-10-14 00:00:00.011000+00:00,1634169600011,2021-10-14T00:00:00.011000+00:00,0.00018908,0.0
2021-10-14 08:00:00.017000+00:00,1634198400017,2021-10-14T08:00:00.017000+00:00,0.00028381,0.0
2021-10-14 16:00:00+00:00,1634227200000,2021-10-14T16:00:00+00:00,0.00032142,0.0
2021-10-15 00:00:00.005000+00:00,1634256000005,2021-10-15T00:00:00.005000+00:00,0.00041315,0.0
2021-10-15 08:00:00.002000+00:00,1634284800002,2021-10-15T08:00:00.002000+00:00,0.00039194,0.0
2021-10-15 16:00:00.005000+00:00,1634313600005,2021-10-15T16:00:00.005000+00:00,0.00023043,0.0
2021-10-16 00:00:00.009000+00:00,1634342400009,2021-10-16T00:00:00.009000+00:00,0.00031365,0.0
2021-10-16 08:00:00+00:00,1634371200000,2021-10-16T08:00:00+00:00,0.00024049,0.0
2021-10-16 16:00:00.003000+00:00,1634400000003,2021-10-16T16:00:00.003000+00:00,0.00052591,0.0
2021-10-17 00:00:00.001000+00:00,1634428800001,2021-10-17T00:00:00.001000+00:00,0.00033305,0.0
2021-10-17 08:00:00.002000+00:00,1634457600002,2021-10-17T08:00:00.002000+00:00,0.00037505,0.0
2021-10-17 16:00:00.002000+00:00,1634486400002,2021-10-17T16:00:00.002000+00:00,0.00053706,0.0
2021-10-18 00:00:00.006000+00:00,1634515200006,2021-10-18T00:00:00.006000+00:00,0.00023924,0.0
2021-10-18 08:00:00.004000+00:00,1634544000004,2021-10-18T08:00:00.004000+00:00,0.0003827,0.0
2021-10-18 16:00:00.001000+00:00,1634572800001,2021-10-18T16:00:00.001000+00:00,0.0001968,0.0
2021-10-19 00:00:00.002000+00:00,1634601600002,2021-10-19T00:00:00.002000+00:00,0.00036846,0.0
2021-10-19 08:00:00+00:00,1634630400000,2021-10-19T08:00:00+00:00,0.00035703,0.0
2021-10-19 16:00:00+00:00,1634659200000,2021-10-19T16:00:00+00:00,0.00020322,0.0
2021-10-20 00:00:00.017000+00:00,1634688000017,2021-10-20T00:00:00.017000+00:00,0.00030103,0.0
2021-10-20 08:00:00.004000+00:00,1634716800004,2021-10-20T08:00:00.004000+00:00,0.00022709,0.0
2021-10-20 16:00:00.020000+00:00,1634745600020,2021-10-20T16:00:00.020000+00:00,0.00072515,0.0
2021-10-21 00:00:00+00:00,1634774400000,2021-10-21T00:00:00+00:00,0.00050619,0.0
2021-10-21 08:00:00+00:00,1634803200000,2021-10-21T08:00:00+00:00,0.00051537,0.0
2021-10-21 16:00:00.008000+00:00,1634832000008,2021-10-21T16:00:00.008000+00:00,0.00080402,0.0
2021-10-22 00:00:00.005000+00:00,1634860800005,2021-10-22T00:00:00.005000+00:00,0.00035282,0.0
2021-10-22 08:00:00.005000+00:00,1634889600005,2021-10-22T08:00:00.005000+00:00,0.00034276,0.0
2021-10-22 16:00:00.018000+00:00,1634918400018,2021-10-22T16:00:00.018000+00:00,0.00032256,0.0
2021-10-23 00:00:00.005000+00:00,1634947200005,2021-10-23T00:00:00.005000+00:00,0.00023902,0.0
2021-10-23 08:00:00.001000+00:00,1634976000001,2021-10-23T08:00:00.001000+00:00,0.00015138,0.0
2021-10-23 16:00:00.004000+00:00,1635004800004,2021-10-23T16:00:00.004000+00:00,0.00024606,0.0
2021-10-24 00:00:00.006000+00:00,1635033600006,2021-10-24T00:00:00.006000+00:00,0.00018961,0.0
2021-10-24 08:00:00.012000+00:00,1635062400012,2021-10-24T08:00:00.012000+00:00,0.00046408,0.0
2021-10-24 16:00:00.001000+00:00,1635091200001,2021-10-24T16:00:00.001000+00:00,0.00039289,0.0
2021-10-25 00:00:00.012000+00:00,1635120000012,2021-10-25T00:00:00.012000+00:00,0.00019298,0.0
2021-10-25 08:00:00.002000+00:00,1635148800002,2021-10-25T08:00:00.002000+00:00,0.00047527,0.0
2021-10-25 16:00:00.022000+00:00,1635177600022,2021-10-25T16:00:00.022000+00:00,0.00048823,0.0
2021-10-26 00:00:00.005000+00:00,1635206400005,2021-10-26T00:00:00.005000+00:00,0.00039142,0.0
2021-10-26 08:00:00.016000+00:00,1635235200016,2021-10-26T08:00:00.016000+00:00,0.00037012,0.0
2021-10-26 16:00:00+00:00,1635264000000,2021-10-26T16:00:00+00:00,0.00043832,0.0
2021-10-27 00:00:00.004000+00:00,1635292800004,2021-10-27T00:00:00.004000+00:00,0.00030844,0.0
2021-10-27 08:00:00+00:00,1635321600000,2021-10-27T08:00:00+00:00,0.00059665,0.0
2021-10-27 16:00:00.002000+00:00,1635350400002,2021-10-27T16:00:00.002000+00:00,0.00012399,0.0
2021-10-28 00:00:00.002000+00:00,1635379200002,2021-10-28T00:00:00.002000+00:00,0.00019556,0.0
2021-10-28 08:00:00+00:00,1635408000000,2021-10-28T08:00:00+00:00,0.0001,0.0
2021-10-28 16:00:00.005000+00:00,1635436800005,2021-10-28T16:00:00.005000+00:00,0.0001,0.0
2021-10-29 00:00:00+00:00,1635465600000,2021-10-29T00:00:00+00:00,0.00025971,0.0
2021-10-29 08:00:00.007000+00:00,1635494400007,2021-10-29T08:00:00.007000+00:00,0.00040402,0.0
2021-10-29 16:00:00.001000+00:00,1635523200001,2021-10-29T16:00:00.001000+00:00,0.00037311,0.0
2021-10-30 00:00:00+00:00,1635552000000,2021-10-30T00:00:00+00:00,0.00013087,0.0
2021-10-30 08:00:00.001000+00:00,1635580800001,2021-10-30T08:00:00.001000+00:00,0.00046654,0.0
2021-10-30 16:00:00.013000+00:00,1635609600013,2021-10-30T16:00:00.013000+00:00,0.00024213,0.0
2021-10-31 00:00:00.008000+00:00,1635638400008,2021-10-31T00:00:00.008000+00:00,0.00013682,0.0
2021-10-31 08:00:00.010000+00:00,1635667200010,2021-10-31T08:00:00.010000+00:00,0.0001,0.0
2021-10-31 16:00:00.001000+00:00,1635696000001,2021-10-31T16:00:00.001000+00:00,0.00021779,0.0
2021-11-01 00:00:00.009000+00:00,1635724800009,2021-11-01T00:00:00.009000+00:00,0.00024088,0.0
2021-11-01 08:00:00.014000+00:00,1635753600014,2021-11-01T08:00:00.014000+00:00,0.00013798,0.0
2021-11-01 16:00:00.001000+00:00,1635782400001,2021-11-01T16:00:00.001000+00:00,0.00026687,0.0
2021-11-02 00:00:00+00:00,1635811200000,2021-11-02T00:00:00+00:00,0.00020736,0.0
2021-11-02 08:00:00.007000+00:00,1635840000007,2021-11-02T08:00:00.007000+00:00,0.00045079,0.0
2021-11-02 16:00:00.010000+00:00,1635868800010,2021-11-02T16:00:00.010000+00:00,0.00052167,0.0
2021-11-03 00:00:00.019000+00:00,1635897600019,2021-11-03T00:00:00.019000+00:00,0.0001,0.0
2021-11-03 08:00:00+00:00,1635926400000,2021-11-03T08:00:00+00:00,0.00044614,0.0
2021-11-03 16:00:00.005000+00:00,1635955200005,2021-11-03T16:00:00.005000+00:00,0.00025564,0.0
2021-11-04 00:00:00.006000+00:00,1635984000006,2021-11-04T00:00:00.006000+00:00,0.00047967,0.0
2021-11-04 08:00:00.004000+00:00,1636012800004,2021-11-04T08:00:00.004000+00:00,0.0003137,0.0
2021-11-04 16:00:00.004000+00:00,1636041600004,2021-11-04T16:00:00.004000+00:00,0.00028111,0.0
2021-11-05 00:00:00+00:00,1636070400000,2021-11-05T00:00:00+00:00,0.0002238,0.0
2021-11-05 08:00:00.013000+00:00,1636099200013,2021-11-05T08:00:00.013000+00:00,0.00014351,0.0
2021-11-05 16:00:00.016000+00:00,1636128000016,2021-11-05T16:00:00.016000+00:00,0.00033389,0.0
2021-11-06 00:00:00.010000+00:00,1636156800010,2021-11-06T00:00:00.010000+00:00,0.00040376,0.0
2021-11-06 08:00:00+00:00,1636185600000,2021-11-06T08:00:00+00:00,0.00043015,0.0
2021-11-06 16:00:00.007000+00:00,1636214400007,2021-11-06T16:00:00.007000+00:00,0.0001,0.0
2021-11-07 00:00:00.013000+00:00,1636243200013,2021-11-07T00:00:00.013000+00:00,0.00023166,0.0
2021-11-07 08:00:00.005000+00:00,1636272000005,2021-11-07T08:00:00.005000+00:00,0.00018519,0.0
2021-11-07 16:00:00.004000+00:00,1636300800004,2021-11-07T16:00:00.004000+00:00,0.00032259,0.0
2021-11-08 00:00:00.001000+00:00,1636329600001,2021-11-08T00:00:00.001000+00:00,0.00021005,0.0
2021-11-08 08:00:00+00:00,1636358400000,2021-11-08T08:00:00+00:00,0.00028714,0.0
2021-11-08 16:00:00+00:00,1636387200000,2021-11-08T16:00:00+00:00,0.00023,0.0
2021-11-09 00:00:00+00:00,1636416000000,2021-11-09T00:00:00+00:00,0.0001,0.0
2021-11-09 08:00:00.014000+00:00,1636444800014,2021-11-09T08:00:00.014000+00:00,0.0001,0.0
2021-11-09 16:00:00.001000+00:00,1636473600001,2021-11-09T16:00:00.001000+00:00,0.0001,0.0
2021-11-10 00:00:00+00:00,1636502400000,2021-11-10T00:00:00+00:00,0.00021036,0.0
2021-11-10 08:00:00.003000+00:00,1636531200003,2021-11-10T08:00:00.003000+00:00,0.00020446,0.0
2021-11-10 16:00:00.001000+00:00,1636560000001,2021-11-10T16:00:00.001000+00:00,0.00027928,0.0
2021-11-11 00:00:00.008000+00:00,1636588800008,2021-11-11T00:00:00.008000+00:00,0.0001722,0.0
2021-11-11 08:00:00.012000+00:00,1636617600012,2021-11-11T08:00:00.012000+00:00,0.00015754,0.0
2021-11-11 16:00:00.007000+00:00,1636646400007,2021-11-11T16:00:00.007000+00:00,0.0001,0.0
2021-11-12 00:00:00+00:00,1636675200000,2021-11-12T00:00:00+00:00,0.0001,0.0
2021-11-12 08:00:00+00:00,1636704000000,2021-11-12T08:00:00+00:00,0.0001,0.0
2021-11-12 16:00:00.004000+00:00,1636732800004,2021-11-12T16:00:00.004000+00:00,0.0001,0.0
2021-11-13 00:00:00+00:00,1636761600000,2021-11-13T00:00:00+00:00,0.0001,0.0
2021-11-13 08:00:00.004000+00:00,1636790400004,2021-11-13T08:00:00.004000+00:00,0.0001,0.0
2021-11-13 16:00:00.006000+00:00,1636819200006,2021-11-13T16:00:00.006000+00:00,0.0001,0.0
2021-11-14 00:00:00.010000+00:00,1636848000010,2021-11-14T00:00:00.010000+00:00,0.0001,0.0
2021-11-14 08:00:00.001000+00:00,1636876800001,2021-11-14T08:00:00.001000+00:00,0.0001,0.0
2021-11-14 16:00:00+00:00,1636905600000,2021-11-14T16:00:00+00:00,0.0001,0.0
2021-11-15 00:00:00.008000+00:00,1636934400008,2021-11-15T00:00:00.008000+00:00,0.00023003,0.0
2021-11-15 08:00:00+00:00,1636963200000,2021-11-15T08:00:00+00:00,0.0002453,0.0
2021-11-15 16:00:00+00:00,1636992000000,2021-11-15T16:00:00+00:00,0.0001,0.0
2021-11-16 00:00:00+00:00,1637020800000,2021-11-16T00:00:00+00:00,0.00015753,0.0
2021-11-16 08:00:00.001000+00:00,1637049600001,2021-11-16T08:00:00.001000+00:00,0.0001,0.0
2021-11-16 16:00:00.018000+00:00,1637078400018,2021-11-16T16:00:00.018000+00:00,0.0001,0.0
2021-11-17 00:00:00.005000+00:00,1637107200005,2021-11-17T00:00:00.005000+00:00,0.0001,0.0
2021-11-17 08:00:00.007000+00:00,1637136000007,2021-11-17T08:00:00.007000+00:00,0.0001,0.0
2021-11-17 16:00:00.003000+00:00,1637164800003,2021-11-17T16:00:00.003000+00:00,0.0001,0.0
2021-11-18 00:00:00.017000+00:00,1637193600017,2021-11-18T00:00:00.017000+00:00,0.0001,0.0
2021-11-18 08:00:00.007000+00:00,1637222400007,2021-11-18T08:00:00.007000+00:00,0.0001,0.0
2021-11-18 16:00:00.011000+00:00,1637251200011,2021-11-18T16:00:00.011000+00:00,0.0001,0.0
2021-11-19 00:00:00+00:00,1637280000000,2021-11-19T00:00:00+00:00,0.0001,0.0
2021-11-19 08:00:00+00:00,1637308800000,2021-11-19T08:00:00+00:00,0.0001,0.0
2021-11-19 16:00:00.005000+00:00,1637337600005,2021-11-19T16:00:00.005000+00:00,0.0001,0.0
2021-11-20 00:00:00.012000+00:00,1637366400012,2021-11-20T00:00:00.012000+00:00,0.0001,0.0
2021-11-20 08:00:00+00:00,1637395200000,2021-11-20T08:00:00+00:00,0.0001,0.0
2021-11-20 16:00:00.007000+00:00,1637424000007,2021-11-20T16:00:00.007000+00:00,0.0001,0.0
2021-11-21 00:00:00+00:00,1637452800000,2021-11-21T00:00:00+00:00,0.0001,0.0
2021-11-21 08:00:00.006000+00:00,1637481600006,2021-11-21T08:00:00.006000+00:00,0.0001,0.0
2021-11-21 16:00:00+00:00,1637510400000,2021-11-21T16:00:00+00:00,0.0001,0.0
2021-11-22 00:00:00.004000+00:00,1637539200004,2021-11-22T00:00:00.004000+00:00,0.0001,0.0
2021-11-22 08:00:00+00:00,1637568000000,2021-11-22T08:00:00+00:00,0.0001,0.0
2021-11-22 16:00:00+00:00,1637596800000,2021-11-22T16:00:00+00:00,0.0001,0.0
2021-11-23 00:00:00.004000+00:00,1637625600004,2021-11-23T00:00:00.004000+00:00,0.0001,0.0
2021-11-23 08:00:00.010000+00:00,1637654400010,2021-11-23T08:00:00.010000+00:00,0.0001,0.0
2021-11-23 16:00:00.005000+00:00,1637683200005,2021-11-23T16:00:00.005000+00:00,0.0001,0.0
2021-11-24 00:00:00.001000+00:00,1637712000001,2021-11-24T00:00:00.001000+00:00,0.0001,0.0
2021-11-24 08:00:00.003000+00:00,1637740800003,2021-11-24T08:00:00.003000+00:00,0.0001,0.0
2021-11-24 16:00:00.010000+00:00,1637769600010,2021-11-24T16:00:00.010000+00:00,0.0001,0.0
2021-11-25 00:00:00+00:00,1637798400000,2021-11-25T00:00:00+00:00,0.0001,0.0
2021-11-25 08:00:00.010000+00:00,1637827200010,2021-11-25T08:00:00.010000+00:00,0.0001,0.0
2021-11-25 16:00:00+00:00,1637856000000,2021-11-25T16:00:00+00:00,0.00035137,0.0
2021-11-26 00:00:00+00:00,1637884800000,2021-11-26T00:00:00+00:00,0.00026113,0.0
2021-11-26 08:00:00+00:00,1637913600000,2021-11-26T08:00:00+00:00,0.00027132,0.0
2021-11-26 16:00:00.016000+00:00,1637942400016,2021-11-26T16:00:00.016000+00:00,0.0001,0.0
2021-11-27 00:00:00.005000+00:00,1637971200005,2021-11-27T00:00:00.005000+00:00,0.0001,0.0
2021-11-27 08:00:00.008000+00:00,1638000000008,2021-11-27T08:00:00.008000+00:00,0.0001,0.0
2021-11-27 16:00:00.007000+00:00,1638028800007,2021-11-27T16:00:00.007000+00:00,0.0001,0.0
2021-11-28 00:00:00.018000+00:00,1638057600018,2021-11-28T00:00:00.018000+00:00,0.0001,0.0
2021-11-28 08:00:00+00:00,1638086400000,2021-11-28T08:00:00+00:00,0.0001,0.0
2021-11-28 16:00:00.004000+00:00,1638115200004,2021-11-28T16:00:00.004000+00:00,0.0001,0.0
2021-11-29 00:00:00.002000+00:00,1638144000002,2021-11-29T00:00:00.002000+00:00,0.0001,0.0
2021-11-29 08:00:00.004000+00:00,1638172800004,2021-11-29T08:00:00.004000+00:00,0.0001,0.0
2021-11-29 16:00:00+00:00,1638201600000,2021-11-29T16:00:00+00:00,0.0001,0.0
2021-11-30 00:00:00+00:00,1638230400000,2021-11-30T00:00:00+00:00,0.0001,0.0
2021-11-30 08:00:00.006000+00:00,1638259200006,2021-11-30T08:00:00.006000+00:00,0.0001,0.0
2021-11-30 16:00:00+00:00,1638288000000,2021-11-30T16:00:00+00:00,0.00019202,0.0
2021-12-01 00:00:00+00:00,1638316800000,2021-12-01T00:00:00+00:00,0.0001625,0.0
2021-12-01 08:00:00+00:00,1638345600000,2021-12-01T08:00:00+00:00,0.0001,0.0
2021-12-01 16:00:00.001000+00:00,1638374400001,2021-12-01T16:00:00.001000+00:00,0.0001,0.0
2021-12-02 00:00:00+00:00,1638403200000,2021-12-02T00:00:00+00:00,0.0001,0.0
2021-12-02 08:00:00.007000+00:00,1638432000007,2021-12-02T08:00:00.007000+00:00,0.0001,0.0
2021-12-02 16:00:00.008000+00:00,1638460800008,2021-12-02T16:00:00.008000+00:00,0.0001,0.0
2021-12-03 00:00:00.004000+00:00,1638489600004,2021-12-03T00:00:00.004000+00:00,0.00012562,0.0
2021-12-03 08:00:00.002000+00:00,1638518400002,2021-12-03T08:00:00.002000+00:00,0.0001,0.0
2021-12-03 16:00:00.006000+00:00,1638547200006,2021-12-03T16:00:00.006000+00:00,0.0001,0.0
2021-12-04 00:00:00.006000+00:00,1638576000006,2021-12-04T00:00:00.006000+00:00,0.0001,0.0
2021-12-04 08:00:00.004000+00:00,1638604800004,2021-12-04T08:00:00.004000+00:00,6.583e-05,0.0
2021-12-04 16:00:00+00:00,1638633600000,2021-12-04T16:00:00+00:00,0.0001,0.0
2021-12-05 00:00:00.003000+00:00,1638662400003,2021-12-05T00:00:00.003000+00:00,0.0001,0.0
2021-12-05 08:00:00.008000+00:00,1638691200008,2021-12-05T08:00:00.008000+00:00,0.0001,0.0
2021-12-05 16:00:00.007000+00:00,1638720000007,2021-12-05T16:00:00.007000+00:00,0.0001,0.0
2021-12-06 00:00:00.009000+00:00,1638748800009,2021-12-06T00:00:00.009000+00:00,0.0001,0.0
2021-12-06 08:00:00.001000+00:00,1638777600001,2021-12-06T08:00:00.001000+00:00,0.0001,0.0
2021-12-06 16:00:00+00:00,1638806400000,2021-12-06T16:00:00+00:00,0.0001,0.0
2021-12-07 00:00:00.018000+00:00,1638835200018,2021-12-07T00:00:00.018000+00:00,0.0001,0.0
2021-12-07 08:00:00+00:00,1638864000000,2021-12-07T08:00:00+00:00,7.06e-05,0.0
2021-12-07 16:00:00+00:00,1638892800000,2021-12-07T16:00:00+00:00,0.0001,0.0
2021-12-08 00:00:00+00:00,1638921600000,2021-12-08T00:00:00+00:00,0.0001,0.0
2021-12-08 08:00:00.018000+00:00,1638950400018,2021-12-08T08:00:00.018000+00:00,0.0001,0.0
2021-12-08 16:00:00.010000+00:00,1638979200010,2021-12-08T16:00:00.010000+00:00,0.0001,0.0
2021-12-09 00:00:00.010000+00:00,1639008000010,2021-12-09T00:00:00.010000+00:00,0.0001,0.0
2021-12-09 08:00:00+00:00,1639036800000,2021-12-09T08:00:00+00:00,0.0001,0.0
2021-12-09 16:00:00+00:00,1639065600000,2021-12-09T16:00:00+00:00,0.0001,0.0
2021-12-10 00:00:00+00:00,1639094400000,2021-12-10T00:00:00+00:00,0.0001,0.0
2021-12-10 08:00:00.008000+00:00,1639123200008,2021-12-10T08:00:00.008000+00:00,0.0001,0.0
2021-12-10 16:00:00.012000+00:00,1639152000012,2021-12-10T16:00:00.012000+00:00,-1.037e-05,0.0
2021-12-11 00:00:00.009000+00:00,1639180800009,2021-12-11T00:00:00.009000+00:00,0.0001,0.0
2021-12-11 08:00:00.008000+00:00,1639209600008,2021-12-11T08:00:00.008000+00:00,0.0001,0.0
2021-12-11 16:00:00+00:00,1639238400000,2021-12-11T16:00:00+00:00,8.719e-05,0.0
2021-12-12 00:00:00.001000+00:00,1639267200001,2021-12-12T00:00:00.001000+00:00,0.0001,0.0
2021-12-12 08:00:00.015000+00:00,1639296000015,2021-12-12T08:00:00.015000+00:00,0.0001,0.0
2021-12-12 16:00:00.011000+00:00,1639324800011,2021-12-12T16:00:00.011000+00:00,0.0001,0.0
2021-12-13 00:00:00.006000+00:00,1639353600006,2021-12-13T00:00:00.006000+00:00,0.0001,0.0
2021-12-13 08:00:00.019000+00:00,1639382400019,2021-12-13T08:00:00.019000+00:00,-5.974e-05,0.0
2021-12-13 16:00:00+00:00,1639411200000,2021-12-13T16:00:00+00:00,4.163e-05,0.0
2021-12-14 00:00:00.004000+00:00,1639440000004,2021-12-14T00:00:00.004000+00:00,-5.267e-05,0.0
2021-12-14 08:00:00+00:00,1639468800000,2021-12-14T08:00:00+00:00,0.0001,0.0
2021-12-14 16:00:00.015000+00:00,1639497600015,2021-12-14T16:00:00.015000+00:00,0.0001,0.0
2021-12-15 00:00:00+00:00,1639526400000,2021-12-15T00:00:00+00:00,0.0001,0.0
2021-12-15 08:00:00.008000+00:00,1639555200008,2021-12-15T08:00:00.008000+00:00,0.0001,0.0
2021-12-15 16:00:00.005000+00:00,1639584000005,2021-12-15T16:00:00.005000+00:00,0.0001,0.0
2021-12-16 00:00:00.006000+00:00,1639612800006,2021-12-16T00:00:00.006000+00:00,0.0001,0.0
2021-12-16 08:00:00.009000+00:00,1639641600009,2021-12-16T08:00:00.009000+00:00,0.0001,0.0
2021-12-16 16:00:00+00:00,1639670400000,2021-12-16T16:00:00+00:00,3.234e-05,0.0
2021-12-17 00:00:00+00:00,1639699200000,2021-12-17T00:00:00+00:00,0.0001,0.0
2021-12-17 08:00:00.005000+00:00,1639728000005,2021-12-17T08:00:00.005000+00:00,0.0001,0.0
2021-12-17 16:00:00.006000+00:00,1639756800006,2021-12-17T16:00:00.006000+00:00,0.0001,0.0
2021-12-18 00:00:00.014000+00:00,1639785600014,2021-12-18T00:00:00.014000+00:00,0.0001,0.0
2021-12-18 08:00:00.012000+00:00,1639814400012,2021-12-18T08:00:00.012000+00:00,5.422e-05,0.0
2021-12-18 16:00:00+00:00,1639843200000,2021-12-18T16:00:00+00:00,0.0001,0.0
2021-12-19 00:00:00.031000+00:00,1639872000031,2021-12-19T00:00:00.031000+00:00,4.353e-05,0.0
2021-12-19 08:00:00+00:00,1639900800000,2021-12-19T08:00:00+00:00,0.0001,0.0
2021-12-19 16:00:00.003000+00:00,1639929600003,2021-12-19T16:00:00.003000+00:00,0.0001,0.0
2021-12-20 00:00:00.015000+00:00,1639958400015,2021-12-20T00:00:00.015000+00:00,0.0001,0.0
2021-12-20 08:00:00.007000+00:00,1639987200007,2021-12-20T08:00:00.007000+00:00,0.0001,0.0
2021-12-20 16:00:00.005000+00:00,1640016000005,2021-12-20T16:00:00.005000+00:00,0.0001,0.0
2021-12-21 00:00:00.003000+00:00,1640044800003,2021-12-21T00:00:00.003000+00:00,0.0001,0.0
2021-12-21 08:00:00.012000+00:00,1640073600012,2021-12-21T08:00:00.012000+00:00,0.0001,0.0
2021-12-21 16:00:00.005000+00:00,1640102400005,2021-12-21T16:00:00.005000+00:00,0.0001,0.0
2021-12-22 00:00:00+00:00,1640131200000,2021-12-22T00:00:00+00:00,0.0001,0.0
2021-12-22 08:00:00.001000+00:00,1640160000001,2021-12-22T08:00:00.001000+00:00,0.0001,0.0
2021-12-22 16:00:00.006000+00:00,1640188800006,2021-12-22T16:00:00.006000+00:00,0.0001,0.0
2021-12-23 00:00:00.011000+00:00,1640217600011,2021-12-23T00:00:00.011000+00:00,0.0001,0.0
2021-12-23 08:00:00+00:00,1640246400000,2021-12-23T08:00:00+00:00,0.0001,0.0
2021-12-23 16:00:00+00:00,1640275200000,2021-12-23T16:00:00+00:00,3.383e-05,0.0
2021-12-24 00:00:00.005000+00:00,1640304000005,2021-12-24T00:00:00.005000+00:00,0.0001,0.0
2021-12-24 08:00:00+00:00,1640332800000,2021-12-24T08:00:00+00:00,0.0001,0.0
2021-12-24 16:00:00.011000+00:00,1640361600011,2021-12-24T16:00:00.011000+00:00,0.0001,0.0
2021-12-25 00:00:00+00:00,1640390400000,2021-12-25T00:00:00+00:00,0.0001,0.0
2021-12-25 08:00:00.001000+00:00,1640419200001,2021-12-25T08:00:00.001000+00:00,0.0001,0.0
2021-12-25 16:00:00.005000+00:00,1640448000005,2021-12-25T16:00:00.005000+00:00,0.0001,0.0
2021-12-26 00:00:00.004000+00:00,1640476800004,2021-12-26T00:00:00.004000+00:00,0.0001,0.0
2021-12-26 08:00:00.002000+00:00,1640505600002,2021-12-26T08:00:00.002000+00:00,0.0001,0.0
2021-12-26 16:00:00+00:00,1640534400000,2021-12-26T16:00:00+00:00,0.0001,0.0
2021-12-27 00:00:00.002000+00:00,1640563200002,2021-12-27T00:00:00.002000+00:00,0.0001,0.0
2021-12-27 08:00:00.005000+00:00,1640592000005,2021-12-27T08:00:00.005000+00:00,0.0001,0.0
2021-12-27 16:00:00+00:00,1640620800000,2021-12-27T16:00:00+00:00,0.0001,0.0
2021-12-28 00:00:00+00:00,1640649600000,2021-12-28T00:00:00+00:00,0.0001,0.0
2021-12-28 08:00:00.012000+00:00,1640678400012,2021-12-28T08:00:00.012000+00:00,2.254e-05,0.0
2021-12-28 16:00:00+00:00,1640707200000,2021-12-28T16:00:00+00:00,4.226e-05,0.0
2021-12-29 00:00:00.006000+00:00,1640736000006,2021-12-29T00:00:00.006000+00:00,8.064e-05,0.0
2021-12-29 08:00:00.003000+00:00,1640764800003,2021-12-29T08:00:00.003000+00:00,0.0001,0.0
2021-12-29 16:00:00.004000+00:00,1640793600004,2021-12-29T16:00:00.004000+00:00,6.859e-05,0.0
2021-12-30 00:00:00.003000+00:00,1640822400003,2021-12-30T00:00:00.003000+00:00,9.232e-05,0.0
2021-12-30 08:00:00.001000+00:00,1640851200001,2021-12-30T08:00:00.001000+00:00,-7.64e-06,0.0
2021-12-30 16:00:00.017000+00:00,1640880000017,2021-12-30T16:00:00.017000+00:00,0.0001,0.0
2021-12-31 00:00:00.006000+00:00,1640908800006,2021-12-31T00:00:00.006000+00:00,6.849e-05,0.0
2021-12-31 08:00:00.009000+00:00,1640937600009,2021-12-31T08:00:00.009000+00:00,9.72e-06,0.0
2021-12-31 16:00:00+00:00,1640966400000,2021-12-31T16:00:00+00:00,0.0001,0.0
2022-01-01 00:00:00.006000+00:00,1640995200006,2022-01-01T00:00:00.006000+00:00,0.0001,0.0
2022-01-01 08:00:00.009000+00:00,1641024000009,2022-01-01T08:00:00.009000+00:00,0.0001,0.0
2022-01-01 16:00:00+00:00,1641052800000,2022-01-01T16:00:00+00:00,0.0001,0.0
2022-01-02 00:00:00.028000+00:00,1641081600028,2022-01-02T00:00:00.028000+00:00,3.876e-05,0.0
2022-01-02 08:00:00+00:00,1641110400000,2022-01-02T08:00:00+00:00,2.263e-05,0.0
2022-01-02 16:00:00+00:00,1641139200000,2022-01-02T16:00:00+00:00,6.714e-05,0.0
2022-01-03 00:00:00.010000+00:00,1641168000010,2022-01-03T00:00:00.010000+00:00,6.973e-05,0.0
2022-01-03 08:00:00.013000+00:00,1641196800013,2022-01-03T08:00:00.013000+00:00,5.084e-05,0.0
2022-01-03 16:00:00.018000+00:00,1641225600018,2022-01-03T16:00:00.018000+00:00,7.394e-05,0.0
2022-01-04 00:00:00+00:00,1641254400000,2022-01-04T00:00:00+00:00,0.0001,0.0
2022-01-04 08:00:00.010000+00:00,1641283200010,2022-01-04T08:00:00.010000+00:00,0.0001,0.0
2022-01-04 16:00:00.002000+00:00,1641312000002,2022-01-04T16:00:00.002000+00:00,0.0001,0.0
2022-01-05 00:00:00.001000+00:00,1641340800001,2022-01-05T00:00:00.001000+00:00,0.0001,0.0
2022-01-05 08:00:00.017000+00:00,1641369600017,2022-01-05T08:00:00.017000+00:00,0.0001,0.0
2022-01-05 16:00:00+00:00,1641398400000,2022-01-05T16:00:00+00:00,0.0001,0.0
2022-01-06 00:00:00.002000+00:00,1641427200002,2022-01-06T00:00:00.002000+00:00,5.376e-05,0.0
2022-01-06 08:00:00.021000+00:00,1641456000021,2022-01-06T08:00:00.021000+00:00,0.0001,0.0
2022-01-06 16:00:00.006000+00:00,1641484800006,2022-01-06T16:00:00.006000+00:00,4.332e-05,0.0
2022-01-07 00:00:00.005000+00:00,1641513600005,2022-01-07T00:00:00.005000+00:00,1.935e-05,0.0
2022-01-07 08:00:00+00:00,1641542400000,2022-01-07T08:00:00+00:00,0.0001,0.0
2022-01-07 16:00:00.001000+00:00,1641571200001,2022-01-07T16:00:00.001000+00:00,0.0001,0.0
2022-01-08 00:00:00.014000+00:00,1641600000014,2022-01-08T00:00:00.014000+00:00,0.0001,0.0
2022-01-08 08:00:00.013000+00:00,1641628800013,2022-01-08T08:00:00.013000+00:00,0.0001,0.0
2022-01-08 16:00:00+00:00,1641657600000,2022-01-08T16:00:00+00:00,0.0001,0.0
2022-01-09 00:00:00.003000+00:00,1641686400003,2022-01-09T00:00:00.003000+00:00,0.0001,0.0
2022-01-09 08:00:00+00:00,1641715200000,2022-01-09T08:00:00+00:00,-7.234e-05,0.0
2022-01-09 16:00:00+00:00,1641744000000,2022-01-09T16:00:00+00:00,5.47e-05,0.0
2022-01-10 00:00:00+00:00,1641772800000,2022-01-10T00:00:00+00:00,-0.00014593,0.0
2022-01-10 08:00:00.010000+00:00,1641801600010,2022-01-10T08:00:00.010000+00:00,-6.361e-05,0.0
2022-01-10 16:00:00.007000+00:00,1641830400007,2022-01-10T16:00:00.007000+00:00,1.599e-05,0.0
2022-01-11 00:00:00.013000+00:00,1641859200013,2022-01-11T00:00:00.013000+00:00,0.0001,0.0
2022-01-11 08:00:00.004000+00:00,1641888000004,2022-01-11T08:00:00.004000+00:00,6.198e-05,0.0
2022-01-11 16:00:00+00:00,1641916800000,2022-01-11T16:00:00+00:00,2.718e-05,0.0
2022-01-12 00:00:00.012000+00:00,1641945600012,2022-01-12T00:00:00.012000+00:00,-6.878e-05,0.0
2022-01-12 08:00:00.015000+00:00,1641974400015,2022-01-12T08:00:00.015000+00:00,8.036e-05,0.0
2022-01-12 16:00:00+00:00,1642003200000,2022-01-12T16:00:00+00:00,-0.00019812,0.0
2022-01-13 00:00:00.007000+00:00,1642032000007,2022-01-13T00:00:00.007000+00:00,-2.315e-05,0.0
2022-01-13 08:00:00+00:00,1642060800000,2022-01-13T08:00:00+00:00,0.0001,0.0
2022-01-13 16:00:00.014000+00:00,1642089600014,2022-01-13T16:00:00.014000+00:00,-1.444e-05,0.0
2022-01-14 00:00:00+00:00,1642118400000,2022-01-14T00:00:00+00:00,0.0001,0.0
2022-01-14 08:00:00.006000+00:00,1642147200006,2022-01-14T08:00:00.006000+00:00,0.0001,0.0
2022-01-14 16:00:00.014000+00:00,1642176000014,2022-01-14T16:00:00.014000+00:00,-1.294e-05,0.0
2022-01-15 00:00:00+00:00,1642204800000,2022-01-15T00:00:00+00:00,9.632e-05,0.0
2022-01-15 08:00:00.002000+00:00,1642233600002,2022-01-15T08:00:00.002000+00:00,0.0001,0.0
2022-01-15 16:00:00+00:00,1642262400000,2022-01-15T16:00:00+00:00,0.0001,0.0
2022-01-16 00:00:00+00:00,1642291200000,2022-01-16T00:00:00+00:00,2.224e-05,0.0
2022-01-16 08:00:00.017000+00:00,1642320000017,2022-01-16T08:00:00.017000+00:00,9.785e-05,0.0
2022-01-16 16:00:00.011000+00:00,1642348800011,2022-01-16T16:00:00.011000+00:00,8.585e-05,0.0
2022-01-17 00:00:00.005000+00:00,1642377600005,2022-01-17T00:00:00.005000+00:00,2.683e-05,0.0
2022-01-17 08:00:00.006000+00:00,1642406400006,2022-01-17T08:00:00.006000+00:00,4.25e-05,0.0
2022-01-17 16:00:00.012000+00:00,1642435200012,2022-01-17T16:00:00.012000+00:00,-5.944e-05,0.0
2022-01-18 00:00:00.020000+00:00,1642464000020,2022-01-18T00:00:00.020000+00:00,7.549e-05,0.0
2022-01-18 08:00:00+00:00,1642492800000,2022-01-18T08:00:00+00:00,3.626e-05,0.0
2022-01-18 16:00:00.013000+00:00,1642521600013,2022-01-18T16:00:00.013000+00:00,0.0001,0.0
2022-01-19 00:00:00.001000+00:00,1642550400001,2022-01-19T00:00:00.001000+00:00,0.0001,0.0
2022-01-19 08:00:00+00:00,1642579200000,2022-01-19T08:00:00+00:00,-1.72e-05,0.0
2022-01-19 16:00:00+00:00,1642608000000,2022-01-19T16:00:00+00:00,0.0001,0.0
2022-01-20 00:00:00.015000+00:00,1642636800015,2022-01-20T00:00:00.015000+00:00,0.0001,0.0
2022-01-20 08:00:00+00:00,1642665600000,2022-01-20T08:00:00+00:00,0.0001,0.0
2022-01-20 16:00:00+00:00,1642694400000,2022-01-20T16:00:00+00:00,0.0001,0.0
2022-01-21 00:00:00.007000+00:00,1642723200007,2022-01-21T00:00:00.007000+00:00,-8.05e-06,0.0
2022-01-21 08:00:00.015000+00:00,1642752000015,2022-01-21T08:00:00.015000+00:00,-5.915e-05,0.0
2022-01-21 16:00:00+00:00,1642780800000,2022-01-21T16:00:00+00:00,8.447e-05,0.0
2022-01-22 00:00:00.017000+00:00,1642809600017,2022-01-22T00:00:00.017000+00:00,7.145e-05,0.0
2022-01-22 08:00:00.003000+00:00,1642838400003,2022-01-22T08:00:00.003000+00:00,0.0001,0.0
2022-01-22 16:00:00.021000+00:00,1642867200021,2022-01-22T16:00:00.021000+00:00,9.327e-05,0.0
2022-01-23 00:00:00.026000+00:00,1642896000026,2022-01-23T00:00:00.026000+00:00,0.0001,0.0
2022-01-23 08:00:00.010000+00:00,1642924800010,2022-01-23T08:00:00.010000+00:00,-5.208e-05,0.0
2022-01-23 16:00:00.009000+00:00,1642953600009,2022-01-23T16:00:00.009000+00:00,-0.0001332,0.0
2022-01-24 00:00:00.010000+00:00,1642982400010,2022-01-24T00:00:00.010000+00:00,0.0001,0.0
2022-01-24 08:00:00+00:00,1643011200000,2022-01-24T08:00:00+00:00,-0.00011775,0.0
2022-01-24 16:00:00.021000+00:00,1643040000021,2022-01-24T16:00:00.021000+00:00,0.0001,0.0
2022-01-25 00:00:00+00:00,1643068800000,2022-01-25T00:00:00+00:00,1.695e-05,0.0
2022-01-25 08:00:00+00:00,1643097600000,2022-01-25T08:00:00+00:00,5.831e-05,0.0
2022-01-25 16:00:00.012000+00:00,1643126400012,2022-01-25T16:00:00.012000+00:00,-7.88e-05,0.0
2022-01-26 00:00:00+00:00,1643155200000,2022-01-26T00:00:00+00:00,-4.048e-05,0.0
2022-01-26 08:00:00.001000+00:00,1643184000001,2022-01-26T08:00:00.001000+00:00,-7.941e-05,0.0
2022-01-26 16:00:00.005000+00:00,1643212800005,2022-01-26T16:00:00.005000+00:00,-0.00020069,0.0
2022-01-27 00:00:00.004000+00:00,1643241600004,2022-01-27T00:00:00.004000+00:00,-8.756e-05,0.0
2022-01-27 08:00:00.004000+00:00,1643270400004,2022-01-27T08:00:00.004000+00:00,2.801e-05,0.0
2022-01-27 16:00:00.019000+00:00,1643299200019,2022-01-27T16:00:00.019000+00:00,-0.00014218,0.0
2022-01-28 00:00:00+00:00,1643328000000,2022-01-28T00:00:00+00:00,-8.132e-05,0.0
2022-01-28 08:00:00+00:00,1643356800000,2022-01-28T08:00:00+00:00,-2.97e-06,0.0
2022-01-28 16:00:00.025000+00:00,1643385600025,2022-01-28T16:00:00.025000+00:00,-8.379e-05,0.0
2022-01-29 00:00:00.017000+00:00,1643414400017,2022-01-29T00:00:00.017000+00:00,-8.5e-06,0.0
2022-01-29 08:00:00+00:00,1643443200000,2022-01-29T08:00:00+00:00,0.0001,0.0
2022-01-29 16:00:00.013000+00:00,1643472000013,2022-01-29T16:00:00.013000+00:00,-9.97e-06,0.0
2022-01-30 00:00:00.025000+00:00,1643500800025,2022-01-30T00:00:00.025000+00:00,2.848e-05,0.0
2022-01-30 08:00:00.009000+00:00,1643529600009,2022-01-30T08:00:00.009000+00:00,-6.536e-05,0.0
2022-01-30 16:00:00+00:00,1643558400000,2022-01-30T16:00:00+00:00,2.989e-05,0.0
2022-01-31 00:00:00+00:00,1643587200000,2022-01-31T00:00:00+00:00,5.139e-05,0.0
2022-01-31 08:00:00+00:00,1643616000000,2022-01-31T08:00:00+00:00,-0.00010687,0.0
2022-01-31 16:00:00+00:00,1643644800000,2022-01-31T16:00:00+00:00,-1.151e-05,0.0
2022-02-01 00:00:00.010000+00:00,1643673600010,2022-02-01T00:00:00.010000+00:00,0.0001,0.0
2022-02-01 08:00:00+00:00,1643702400000,2022-02-01T08:00:00+00:00,-0.00010276,0.0
2022-02-01 16:00:00.004000+00:00,1643731200004,2022-02-01T16:00:00.004000+00:00,-0.00020797,0.0
2022-02-02 00:00:00.004000+00:00,1643760000004,2022-02-02T00:00:00.004000+00:00,-6.256e-05,0.0
2022-02-02 08:00:00+00:00,1643788800000,2022-02-02T08:00:00+00:00,-1.7e-07,0.0
2022-02-02 16:00:00.002000+00:00,1643817600002,2022-02-02T16:00:00.002000+00:00,4.07e-06,0.0
2022-02-03 00:00:00.002000+00:00,1643846400002,2022-02-03T00:00:00.002000+00:00,-0.00038034,0.0
2022-02-03 08:00:00+00:00,1643875200000,2022-02-03T08:00:00+00:00,-5.85e-05,0.0
2022-02-03 16:00:00+00:00,1643904000000,2022-02-03T16:00:00+00:00,-7.881e-05,0.0
2022-02-04 00:00:00.018000+00:00,1643932800018,2022-02-04T00:00:00.018000+00:00,0.0001,0.0
2022-02-04 08:00:00.005000+00:00,1643961600005,2022-02-04T08:00:00.005000+00:00,8.786e-05,0.0
2022-02-04 16:00:00.010000+00:00,1643990400010,2022-02-04T16:00:00.010000+00:00,0.0001,0.0
2022-02-05 00:00:00.014000+00:00,1644019200014,2022-02-05T00:00:00.014000+00:00,0.0001,0.0
2022-02-05 08:00:00+00:00,1644048000000,2022-02-05T08:00:00+00:00,7.456e-05,0.0
2022-02-05 16:00:00+00:00,1644076800000,2022-02-05T16:00:00+00:00,4.351e-05,0.0
2022-02-06 00:00:00+00:00,1644105600000,2022-02-06T00:00:00+00:00,0.0001,0.0
2022-02-06 08:00:00+00:00,1644134400000,2022-02-06T08:00:00+00:00,0.0001,0.0
2022-02-06 16:00:00+00:00,1644163200000,2022-02-06T16:00:00+00:00,0.0001,0.0
2022-02-07 00:00:00.003000+00:00,1644192000003,2022-02-07T00:00:00.003000+00:00,-7.25e-06,0.0
2022-02-07 08:00:00.014000+00:00,1644220800014,2022-02-07T08:00:00.014000+00:00,8.15e-05,0.0
2022-02-07 16:00:00.003000+00:00,1644249600003,2022-02-07T16:00:00.003000+00:00,1.491e-05,0.0
2022-02-08 00:00:00.001000+00:00,1644278400001,2022-02-08T00:00:00.001000+00:00,0.0001,0.0
2022-02-08 08:00:00.003000+00:00,1644307200003,2022-02-08T08:00:00.003000+00:00,1.62e-05,0.0
2022-02-08 16:00:00.002000+00:00,1644336000002,2022-02-08T16:00:00.002000+00:00,7.718e-05,0.0
2022-02-09 00:00:00+00:00,1644364800000,2022-02-09T00:00:00+00:00,0.0001,0.0
2022-02-09 08:00:00.005000+00:00,1644393600005,2022-02-09T08:00:00.005000+00:00,-1.62e-06,0.0
2022-02-09 16:00:00.001000+00:00,1644422400001,2022-02-09T16:00:00.001000+00:00,7.116e-05,0.0
2022-02-10 00:00:00.012000+00:00,1644451200012,2022-02-10T00:00:00.012000+00:00,-2.777e-05,0.0
2022-02-10 08:00:00+00:00,1644480000000,2022-02-10T08:00:00+00:00,-3.259e-05,0.0
2022-02-10 16:00:00.006000+00:00,1644508800006,2022-02-10T16:00:00.006000+00:00,1.908e-05,0.0
2022-02-11 00:00:00+00:00,1644537600000,2022-02-11T00:00:00+00:00,-0.00011327,0.0
2022-02-11 08:00:00.009000+00:00,1644566400009,2022-02-11T08:00:00.009000+00:00,0.0001,0.0
2022-02-11 16:00:00.015000+00:00,1644595200015,2022-02-11T16:00:00.015000+00:00,-4.783e-05,0.0
2022-02-12 00:00:00.020000+00:00,1644624000020,2022-02-12T00:00:00.020000+00:00,0.0001,0.0
2022-02-12 08:00:00.001000+00:00,1644652800001,2022-02-12T08:00:00.001000+00:00,0.0001,0.0
2022-02-12 16:00:00.007000+00:00,1644681600007,2022-02-12T16:00:00.007000+00:00,0.0001,0.0
2022-02-13 00:00:00.022000+00:00,1644710400022,2022-02-13T00:00:00.022000+00:00,1.665e-05,0.0
2022-02-13 08:00:00.001000+00:00,1644739200001,2022-02-13T08:00:00.001000+00:00,6.235e-05,0.0
2022-02-13 16:00:00.007000+00:00,1644768000007,2022-02-13T16:00:00.007000+00:00,-2.875e-05,0.0
2022-02-14 00:00:00.005000+00:00,1644796800005,2022-02-14T00:00:00.005000+00:00,9.155e-05,0.0
2022-02-14 08:00:00.013000+00:00,1644825600013,2022-02-14T08:00:00.013000+00:00,6.358e-05,0.0
2022-02-14 16:00:00.019000+00:00,1644854400019,2022-02-14T16:00:00.019000+00:00,0.0001,0.0
2022-02-15 00:00:00.012000+00:00,1644883200012,2022-02-15T00:00:00.012000+00:00,7.379e-05,0.0
2022-02-15 08:00:00.005000+00:00,1644912000005,2022-02-15T08:00:00.005000+00:00,4.572e-05,0.0
2022-02-15 16:00:00.011000+00:00,1644940800011,2022-02-15T16:00:00.011000+00:00,-5.099e-05,0.0
2022-02-16 00:00:00.009000+00:00,1644969600009,2022-02-16T00:00:00.009000+00:00,0.0001,0.0
2022-02-16 08:00:00.001000+00:00,1644998400001,2022-02-16T08:00:00.001000+00:00,0.0001,0.0
2022-02-16 16:00:00.014000+00:00,1645027200014,2022-02-16T16:00:00.014000+00:00,0.0001,0.0
2022-02-17 00:00:00.018000+00:00,1645056000018,2022-02-17T00:00:00.018000+00:00,0.0001,0.0
2022-02-17 08:00:00+00:00,1645084800000,2022-02-17T08:00:00+00:00,1.611e-05,0.0
2022-02-17 16:00:00.010000+00:00,1645113600010,2022-02-17T16:00:00.010000+00:00,4.771e-05,0.0
2022-02-18 00:00:00+00:00,1645142400000,2022-02-18T00:00:00+00:00,-3.865e-05,0.0
2022-02-18 08:00:00.002000+00:00,1645171200002,2022-02-18T08:00:00.002000+00:00,-9.187e-05,0.0
2022-02-18 16:00:00+00:00,1645200000000,2022-02-18T16:00:00+00:00,3.508e-05,0.0
2022-02-19 00:00:00.007000+00:00,1645228800007,2022-02-19T00:00:00.007000+00:00,0.0001,0.0
2022-02-19 08:00:00+00:00,1645257600000,2022-02-19T08:00:00+00:00,7.039e-05,0.0
2022-02-19 16:00:00.023000+00:00,1645286400023,2022-02-19T16:00:00.023000+00:00,4.883e-05,0.0
2022-02-20 00:00:00.001000+00:00,1645315200001,2022-02-20T00:00:00.001000+00:00,-3.349e-05,0.0
2022-02-20 08:00:00.003000+00:00,1645344000003,2022-02-20T08:00:00.003000+00:00,5.414e-05,0.0
2022-02-20 16:00:00.001000+00:00,1645372800001,2022-02-20T16:00:00.001000+00:00,3.264e-05,0.0
2022-02-21 00:00:00+00:00,1645401600000,2022-02-21T00:00:00+00:00,7.012e-05,0.0
2022-02-21 08:00:00.001000+00:00,1645430400001,2022-02-21T08:00:00.001000+00:00,-0.00014003,0.0
2022-02-21 16:00:00.005000+00:00,1645459200005,2022-02-21T16:00:00.005000+00:00,7.007e-05,0.0
2022-02-22 00:00:00.005000+00:00,1645488000005,2022-02-22T00:00:00.005000+00:00,8.65e-06,0.0
2022-02-22 08:00:00+00:00,1645516800000,2022-02-22T08:00:00+00:00,-3.63e-05,0.0
2022-02-22 16:00:00+00:00,1645545600000,2022-02-22T16:00:00+00:00,5.962e-05,0.0
2022-02-23 00:00:00.002000+00:00,1645574400002,2022-02-23T00:00:00.002000+00:00,9.188e-05,0.0
2022-02-23 08:00:00.005000+00:00,1645603200005,2022-02-23T08:00:00.005000+00:00,-3.926e-05,0.0
2022-02-23 16:00:00.010000+00:00,1645632000010,2022-02-23T16:00:00.010000+00:00,-3.644e-05,0.0
2022-02-24 00:00:00.008000+00:00,1645660800008,2022-02-24T00:00:00.008000+00:00,-1.113e-05,0.0
2022-02-24 08:00:00.003000+00:00,1645689600003,2022-02-24T08:00:00.003000+00:00,-3.56e-05,0.0
2022-02-24 16:00:00.001000+00:00,1645718400001,2022-02-24T16:00:00.001000+00:00,-6.14e-05,0.0
2022-02-25 00:00:00+00:00,1645747200000,2022-02-25T00:00:00+00:00,0.0001,0.0
2022-02-25 08:00:00.006000+00:00,1645776000006,2022-02-25T08:00:00.006000+00:00,0.0001,0.0
2022-02-25 16:00:00.001000+00:00,1645804800001,2022-02-25T16:00:00.001000+00:00,0.0001,0.0
2022-02-26 00:00:00.004000+00:00,1645833600004,2022-02-26T00:00:00.004000+00:00,0.0001,0.0
2022-02-26 08:00:00.004000+00:00,1645862400004,2022-02-26T08:00:00.004000+00:00,0.0001,0.0
2022-02-26 16:00:00.007000+00:00,1645891200007,2022-02-26T16:00:00.007000+00:00,0.0001,0.0
2022-02-27 00:00:00.012000+00:00,1645920000012,2022-02-27T00:00:00.012000+00:00,0.0001,0.0
2022-02-27 08:00:00+00:00,1645948800000,2022-02-27T08:00:00+00:00,5.07e-06,0.0
2022-02-27 16:00:00+00:00,1645977600000,2022-02-27T16:00:00+00:00,0.0001,0.0
2022-02-28 00:00:00+00:00,1646006400000,2022-02-28T00:00:00+00:00,-0.00015064,0.0
2022-02-28 08:00:00.001000+00:00,1646035200001,2022-02-28T08:00:00.001000+00:00,-9.02e-05,0.0
2022-02-28 16:00:00.002000+00:00,1646064000002,2022-02-28T16:00:00.002000+00:00,5.573e-05,0.0
2022-03-01 00:00:00.002000+00:00,1646092800002,2022-03-01T00:00:00.002000+00:00,0.0001,0.0
2022-03-01 08:00:00.001000+00:00,1646121600001,2022-03-01T08:00:00.001000+00:00,0.0001,0.0
2022-03-01 16:00:00+00:00,1646150400000,2022-03-01T16:00:00+00:00,0.0001,0.0
2022-03-02 00:00:00+00:00,1646179200000,2022-03-02T00:00:00+00:00,0.0001,0.0
2022-03-02 08:00:00+00:00,1646208000000,2022-03-02T08:00:00+00:00,0.0001,0.0
2022-03-02 16:00:00.002000+00:00,1646236800002,2022-03-02T16:00:00.002000+00:00,0.0001,0.0
2022-03-03 00:00:00+00:00,1646265600000,2022-03-03T00:00:00+00:00,0.0001,0.0
2022-03-03 08:00:00+00:00,1646294400000,2022-03-03T08:00:00+00:00,0.0001,0.0
2022-03-03 16:00:00.005000+00:00,1646323200005,2022-03-03T16:00:00.005000+00:00,0.0001,0.0
2022-03-04 00:00:00.018000+00:00,1646352000018,2022-03-04T00:00:00.018000+00:00,0.0001,0.0
2022-03-04 08:00:00+00:00,1646380800000,2022-03-04T08:00:00+00:00,0.0001,0.0
2022-03-04 16:00:00+00:00,1646409600000,2022-03-04T16:00:00+00:00,0.0001,0.0
2022-03-05 00:00:00.006000+00:00,1646438400006,2022-03-05T00:00:00.006000+00:00,5.192e-05,0.0
2022-03-05 08:00:00.004000+00:00,1646467200004,2022-03-05T08:00:00.004000+00:00,1.52e-05,0.0
2022-03-05 16:00:00+00:00,1646496000000,2022-03-05T16:00:00+00:00,3.064e-05,0.0
2022-03-06 00:00:00.004000+00:00,1646524800004,2022-03-06T00:00:00.004000+00:00,-8.875e-05,0.0
2022-03-06 08:00:00+00:00,1646553600000,2022-03-06T08:00:00+00:00,5.669e-05,0.0
2022-03-06 16:00:00.013000+00:00,1646582400013,2022-03-06T16:00:00.013000+00:00,7.5e-05,0.0
2022-03-07 00:00:00.008000+00:00,1646611200008,2022-03-07T00:00:00.008000+00:00,3.909e-05,0.0
2022-03-07 08:00:00.006000+00:00,1646640000006,2022-03-07T08:00:00.006000+00:00,-1e-05,0.0
2022-03-07 16:00:00+00:00,1646668800000,2022-03-07T16:00:00+00:00,8.669e-05,0.0
2022-03-08 00:00:00.008000+00:00,1646697600008,2022-03-08T00:00:00.008000+00:00,-0.00010024,0.0
2022-03-08 08:00:00.002000+00:00,1646726400002,2022-03-08T08:00:00.002000+00:00,0.0001,0.0
2022-03-08 16:00:00+00:00,1646755200000,2022-03-08T16:00:00+00:00,0.0001,0.0
2022-03-09 00:00:00.008000+00:00,1646784000008,2022-03-09T00:00:00.008000+00:00,6.224e-05,0.0
2022-03-09 08:00:00+00:00,1646812800000,2022-03-09T08:00:00+00:00,0.0001,0.0
2022-03-09 16:00:00.004000+00:00,1646841600004,2022-03-09T16:00:00.004000+00:00,0.0001,0.0
2022-03-10 00:00:00+00:00,1646870400000,2022-03-10T00:00:00+00:00,0.0001,0.0
2022-03-10 08:00:00.017000+00:00,1646899200017,2022-03-10T08:00:00.017000+00:00,5.56e-05,0.0
2022-03-10 16:00:00+00:00,1646928000000,2022-03-10T16:00:00+00:00,-3.951e-05,0.0
2022-03-11 00:00:00.008000+00:00,1646956800008,2022-03-11T00:00:00.008000+00:00,2.542e-05,0.0
2022-03-11 08:00:00+00:00,1646985600000,2022-03-11T08:00:00+00:00,-5.91e-05,0.0
2022-03-11 16:00:00.001000+00:00,1647014400001,2022-03-11T16:00:00.001000+00:00,8.211e-05,0.0
2022-03-12 00:00:00.010000+00:00,1647043200010,2022-03-12T00:00:00.010000+00:00,0.0001,0.0
2022-03-12 08:00:00.001000+00:00,1647072000001,2022-03-12T08:00:00.001000+00:00,5.025e-05,0.0
2022-03-12 16:00:00.002000+00:00,1647100800002,2022-03-12T16:00:00.002000+00:00,6.255e-05,0.0
2022-03-13 00:00:00.008000+00:00,1647129600008,2022-03-13T00:00:00.008000+00:00,2.116e-05,0.0
2022-03-13 08:00:00+00:00,1647158400000,2022-03-13T08:00:00+00:00,0.0001,0.0
2022-03-13 16:00:00.002000+00:00,1647187200002,2022-03-13T16:00:00.002000+00:00,-2.698e-05,0.0
2022-03-14 00:00:00.014000+00:00,1647216000014,2022-03-14T00:00:00.014000+00:00,-0.00010352,0.0
2022-03-14 08:00:00.005000+00:00,1647244800005,2022-03-14T08:00:00.005000+00:00,0.0001,0.0
2022-03-14 16:00:00.002000+00:00,1647273600002,2022-03-14T16:00:00.002000+00:00,0.0001,0.0
2022-03-15 00:00:00.008000+00:00,1647302400008,2022-03-15T00:00:00.008000+00:00,0.0001,0.0
2022-03-15 08:00:00+00:00,1647331200000,2022-03-15T08:00:00+00:00,-3.21e-06,0.0
2022-03-15 16:00:00.006000+00:00,1647360000006,2022-03-15T16:00:00.006000+00:00,-4.856e-05,0.0
2022-03-16 00:00:00.013000+00:00,1647388800013,2022-03-16T00:00:00.013000+00:00,0.0001,0.0
2022-03-16 08:00:00+00:00,1647417600000,2022-03-16T08:00:00+00:00,9.131e-05,0.0
2022-03-16 16:00:00.008000+00:00,1647446400008,2022-03-16T16:00:00.008000+00:00,5.316e-05,0.0
2022-03-17 00:00:00.004000+00:00,1647475200004,2022-03-17T00:00:00.004000+00:00,0.0001,0.0
2022-03-17 08:00:00+00:00,1647504000000,2022-03-17T08:00:00+00:00,0.0001,0.0
2022-03-17 16:00:00.004000+00:00,1647532800004,2022-03-17T16:00:00.004000+00:00,0.0001,0.0
2022-03-18 00:00:00+00:00,1647561600000,2022-03-18T00:00:00+00:00,0.0001,0.0
2022-03-18 08:00:00+00:00,1647590400000,2022-03-18T08:00:00+00:00,4.709e-05,0.0
2022-03-18 16:00:00.017000+00:00,1647619200017,2022-03-18T16:00:00.017000+00:00,5.917e-05,0.0
2022-03-19 00:00:00.008000+00:00,1647648000008,2022-03-19T00:00:00.008000+00:00,0.0001,0.0
2022-03-19 08:00:00.015000+00:00,1647676800015,2022-03-19T08:00:00.015000+00:00,0.0001,0.0
2022-03-19 16:00:00+00:00,1647705600000,2022-03-19T16:00:00+00:00,0.0001,0.0
2022-03-20 00:00:00+00:00,1647734400000,2022-03-20T00:00:00+00:00,0.0001,0.0
2022-03-20 08:00:00.001000+00:00,1647763200001,2022-03-20T08:00:00.001000+00:00,0.0001,0.0
2022-03-20 16:00:00.002000+00:00,1647792000002,2022-03-20T16:00:00.002000+00:00,0.0001,0.0
2022-03-21 00:00:00.013000+00:00,1647820800013,2022-03-21T00:00:00.013000+00:00,0.0001,0.0
2022-03-21 08:00:00.004000+00:00,1647849600004,2022-03-21T08:00:00.004000+00:00,0.0001,0.0
2022-03-21 16:00:00.010000+00:00,1647878400010,2022-03-21T16:00:00.010000+00:00,0.0001,0.0
2022-03-22 00:00:00.012000+00:00,1647907200012,2022-03-22T00:00:00.012000+00:00,0.0001,0.0
2022-03-22 08:00:00.001000+00:00,1647936000001,2022-03-22T08:00:00.001000+00:00,0.0001,0.0
2022-03-22 16:00:00.022000+00:00,1647964800022,2022-03-22T16:00:00.022000+00:00,0.0001,0.0
2022-03-23 00:00:00.007000+00:00,1647993600007,2022-03-23T00:00:00.007000+00:00,0.0001,0.0
2022-03-23 08:00:00+00:00,1648022400000,2022-03-23T08:00:00+00:00,8.504e-05,0.0
2022-03-23 16:00:00.006000+00:00,1648051200006,2022-03-23T16:00:00.006000+00:00,-3.582e-05,0.0
2022-03-24 00:00:00.013000+00:00,1648080000013,2022-03-24T00:00:00.013000+00:00,-1.813e-05,0.0
2022-03-24 08:00:00.006000+00:00,1648108800006,2022-03-24T08:00:00.006000+00:00,0.0001,0.0
2022-03-24 16:00:00.020000+00:00,1648137600020,2022-03-24T16:00:00.020000+00:00,0.0001,0.0
2022-03-25 00:00:00.010000+00:00,1648166400010,2022-03-25T00:00:00.010000+00:00,0.0001,0.0
2022-03-25 08:00:00.001000+00:00,1648195200001,2022-03-25T08:00:00.001000+00:00,0.0001,0.0
2022-03-25 16:00:00.014000+00:00,1648224000014,2022-03-25T16:00:00.014000+00:00,0.0001,0.0
2022-03-26 00:00:00.020000+00:00,1648252800020,2022-03-26T00:00:00.020000+00:00,0.0001,0.0
2022-03-26 08:00:00.006000+00:00,1648281600006,2022-03-26T08:00:00.006000+00:00,4.979e-05,0.0
2022-03-26 16:00:00+00:00,1648310400000,2022-03-26T16:00:00+00:00,0.0001,0.0
2022-03-27 00:00:00.004000+00:00,1648339200004,2022-03-27T00:00:00.004000+00:00,7.576e-05,0.0
2022-03-27 08:00:00.001000+00:00,1648368000001,2022-03-27T08:00:00.001000+00:00,7.27e-06,0.0
2022-03-27 16:00:00.006000+00:00,1648396800006,2022-03-27T16:00:00.006000+00:00,-1.708e-05,0.0
2022-03-28 00:00:00.012000+00:00,1648425600012,2022-03-28T00:00:00.012000+00:00,0.0001,0.0
2022-03-28 08:00:00.007000+00:00,1648454400007,2022-03-28T08:00:00.007000+00:00,0.0001,0.0
2022-03-28 16:00:00+00:00,1648483200000,2022-03-28T16:00:00+00:00,0.0001,0.0
2022-03-29 00:00:00+00:00,1648512000000,2022-03-29T00:00:00+00:00,0.0001,0.0
2022-03-29 08:00:00.015000+00:00,1648540800015,2022-03-29T08:00:00.015000+00:00,0.0001,0.0
2022-03-29 16:00:00+00:00,1648569600000,2022-03-29T16:00:00+00:00,8.269e-05,0.0
2022-03-30 00:00:00+00:00,1648598400000,2022-03-30T00:00:00+00:00,0.0001,0.0
2022-03-30 08:00:00.002000+00:00,1648627200002,2022-03-30T08:00:00.002000+00:00,0.0001,0.0
2022-03-30 16:00:00.028000+00:00,1648656000028,2022-03-30T16:00:00.028000+00:00,0.0001,0.0
2022-03-31 00:00:00.017000+00:00,1648684800017,2022-03-31T00:00:00.017000+00:00,0.0001,0.0
2022-03-31 08:00:00+00:00,1648713600000,2022-03-31T08:00:00+00:00,0.0001,0.0
2022-03-31 16:00:00.015000+00:00,1648742400015,2022-03-31T16:00:00.015000+00:00,0.0001,0.0
2022-04-01 00:00:00+00:00,1648771200000,2022-04-01T00:00:00+00:00,0.0001,0.0
2022-04-01 08:00:00+00:00,1648800000000,2022-04-01T08:00:00+00:00,0.0001,0.0
2022-04-01 16:00:00.018000+00:00,1648828800018,2022-04-01T16:00:00.018000+00:00,0.0001,0.0
2022-04-02 00:00:00+00:00,1648857600000,2022-04-02T00:00:00+00:00,0.0001,0.0
2022-04-02 08:00:00.002000+00:00,1648886400002,2022-04-02T08:00:00.002000+00:00,0.0001,0.0
2022-04-02 16:00:00.006000+00:00,1648915200006,2022-04-02T16:00:00.006000+00:00,0.0001,0.0
2022-04-03 00:00:00.018000+00:00,1648944000018,2022-04-03T00:00:00.018000+00:00,0.0001,0.0
2022-04-03 08:00:00.018000+00:00,1648972800018,2022-04-03T08:00:00.018000+00:00,0.0001,0.0
2022-04-03 16:00:00.015000+00:00,1649001600015,2022-04-03T16:00:00.015000+00:00,0.0001,0.0
2022-04-04 00:00:00.006000+00:00,1649030400006,2022-04-04T00:00:00.006000+00:00,0.0001,0.0
2022-04-04 08:00:00+00:00,1649059200000,2022-04-04T08:00:00+00:00,2.896e-05,0.0
2022-04-04 16:00:00.016000+00:00,1649088000016,2022-04-04T16:00:00.016000+00:00,0.0001,0.0
2022-04-05 00:00:00+00:00,1649116800000,2022-04-05T00:00:00+00:00,0.0001,0.0
2022-04-05 08:00:00.010000+00:00,1649145600010,2022-04-05T08:00:00.010000+00:00,0.0001,0.0
2022-04-05 16:00:00.008000+00:00,1649174400008,2022-04-05T16:00:00.008000+00:00,7.974e-05,0.0
2022-04-06 00:00:00.001000+00:00,1649203200001,2022-04-06T00:00:00.001000+00:00,9.47e-05,0.0
2022-04-06 08:00:00.021000+00:00,1649232000021,2022-04-06T08:00:00.021000+00:00,-0.00014471,0.0
2022-04-06 16:00:00+00:00,1649260800000,2022-04-06T16:00:00+00:00,6.028e-05,0.0
2022-04-07 00:00:00.009000+00:00,1649289600009,2022-04-07T00:00:00.009000+00:00,8.854e-05,0.0
2022-04-07 08:00:00+00:00,1649318400000,2022-04-07T08:00:00+00:00,-9.945e-05,0.0
2022-04-07 16:00:00+00:00,1649347200000,2022-04-07T16:00:00+00:00,4.585e-05,0.0
2022-04-08 00:00:00+00:00,1649376000000,2022-04-08T00:00:00+00:00,-9.963e-05,0.0
2022-04-08 08:00:00.004000+00:00,1649404800004,2022-04-08T08:00:00.004000+00:00,-3.214e-05,0.0
2022-04-08 16:00:00.008000+00:00,1649433600008,2022-04-08T16:00:00.008000+00:00,0.0001,0.0
2022-04-09 00:00:00.008000+00:00,1649462400008,2022-04-09T00:00:00.008000+00:00,0.0001,0.0
2022-04-09 08:00:00+00:00,1649491200000,2022-04-09T08:00:00+00:00,0.0001,0.0
2022-04-09 16:00:00.001000+00:00,1649520000001,2022-04-09T16:00:00.001000+00:00,0.0001,0.0
2022-04-10 00:00:00.004000+00:00,1649548800004,2022-04-10T00:00:00.004000+00:00,0.0001,0.0
2022-04-10 08:00:00.007000+00:00,1649577600007,2022-04-10T08:00:00.007000+00:00,0.0001,0.0
2022-04-10 16:00:00.016000+00:00,1649606400016,2022-04-10T16:00:00.016000+00:00,5.98e-05,0.0
2022-04-11 00:00:00+00:00,1649635200000,2022-04-11T00:00:00+00:00,4.676e-05,0.0
2022-04-11 08:00:00+00:00,1649664000000,2022-04-11T08:00:00+00:00,0.0001,0.0
2022-04-11 16:00:00.009000+00:00,1649692800009,2022-04-11T16:00:00.009000+00:00,0.0001,0.0
2022-04-12 00:00:00+00:00,1649721600000,2022-04-12T00:00:00+00:00,-3.306e-05,0.0
2022-04-12 08:00:00.006000+00:00,1649750400006,2022-04-12T08:00:00.006000+00:00,-4.036e-05,0.0
2022-04-12 16:00:00.013000+00:00,1649779200013,2022-04-12T16:00:00.013000+00:00,-0.00016064,0.0
2022-04-13 00:00:00.005000+00:00,1649808000005,2022-04-13T00:00:00.005000+00:00,-2.262e-05,0.0
2022-04-13 08:00:00.008000+00:00,1649836800008,2022-04-13T08:00:00.008000+00:00,-0.00016876,0.0
2022-04-13 16:00:00.013000+00:00,1649865600013,2022-04-13T16:00:00.013000+00:00,3.222e-05,0.0
2022-04-14 00:00:00.007000+00:00,1649894400007,2022-04-14T00:00:00.007000+00:00,-2.2e-05,0.0
2022-04-14 08:00:00+00:00,1649923200000,2022-04-14T08:00:00+00:00,5.593e-05,0.0
2022-04-14 16:00:00.006000+00:00,1649952000006,2022-04-14T16:00:00.006000+00:00,-3.051e-05,0.0
2022-04-15 00:00:00.008000+00:00,1649980800008,2022-04-15T00:00:00.008000+00:00,-0.00012221,0.0
2022-04-15 08:00:00.002000+00:00,1650009600002,2022-04-15T08:00:00.002000+00:00,-3.677e-05,0.0
2022-04-15 16:00:00+00:00,1650038400000,2022-04-15T16:00:00+00:00,-3.34e-06,0.0
2022-04-16 00:00:00.011000+00:00,1650067200011,2022-04-16T00:00:00.011000+00:00,-2.9e-05,0.0
2022-04-16 08:00:00.007000+00:00,1650096000007,2022-04-16T08:00:00.007000+00:00,-0.00012314,0.0
2022-04-16 16:00:00.007000+00:00,1650124800007,2022-04-16T16:00:00.007000+00:00,-3.323e-05,0.0
2022-04-17 00:00:00+00:00,1650153600000,2022-04-17T00:00:00+00:00,2.48e-05,0.0
2022-04-17 08:00:00.004000+00:00,1650182400004,2022-04-17T08:00:00.004000+00:00,-6.458e-05,0.0
2022-04-17 16:00:00+00:00,1650211200000,2022-04-17T16:00:00+00:00,2.937e-05,0.0
2022-04-18 00:00:00.008000+00:00,1650240000008,2022-04-18T00:00:00.008000+00:00,-5.257e-05,0.0
2022-04-18 08:00:00.012000+00:00,1650268800012,2022-04-18T08:00:00.012000+00:00,-4.41e-05,0.0
2022-04-18 16:00:00+00:00,1650297600000,2022-04-18T16:00:00+00:00,-0.00013169,0.0
2022-04-19 00:00:00.021000+00:00,1650326400021,2022-04-19T00:00:00.021000+00:00,8.478e-05,0.0
2022-04-19 08:00:00.031000+00:00,1650355200031,2022-04-19T08:00:00.031000+00:00,3.976e-05,0.0
2022-04-19 16:00:00+00:00,1650384000000,2022-04-19T16:00:00+00:00,2.251e-05,0.0
2022-04-20 00:00:00.025000+00:00,1650412800025,2022-04-20T00:00:00.025000+00:00,0.0001,0.0
2022-04-20 08:00:00.003000+00:00,1650441600003,2022-04-20T08:00:00.003000+00:00,6.595e-05,0.0
2022-04-20 16:00:00+00:00,1650470400000,2022-04-20T16:00:00+00:00,-1.05e-06,0.0
2022-04-21 00:00:00+00:00,1650499200000,2022-04-21T00:00:00+00:00,-9.577e-05,0.0
2022-04-21 08:00:00+00:00,1650528000000,2022-04-21T08:00:00+00:00,-0.00012991,0.0
2022-04-21 16:00:00.024000+00:00,1650556800024,2022-04-21T16:00:00.024000+00:00,-9.56e-06,0.0
2022-04-22 00:00:00.008000+00:00,1650585600008,2022-04-22T00:00:00.008000+00:00,-0.00011914,0.0
2022-04-22 08:00:00.008000+00:00,1650614400008,2022-04-22T08:00:00.008000+00:00,-0.00017158,0.0
2022-04-22 16:00:00.008000+00:00,1650643200008,2022-04-22T16:00:00.008000+00:00,-2.649e-05,0.0
2022-04-23 00:00:00+00:00,1650672000000,2022-04-23T00:00:00+00:00,3.778e-05,0.0
2022-04-23 08:00:00+00:00,1650700800000,2022-04-23T08:00:00+00:00,-0.00010115,0.0
2022-04-23 16:00:00.012000+00:00,1650729600012,2022-04-23T16:00:00.012000+00:00,-8.574e-05,0.0
2022-04-24 00:00:00.004000+00:00,1650758400004,2022-04-24T00:00:00.004000+00:00,-9.091e-05,0.0
2022-04-24 08:00:00.003000+00:00,1650787200003,2022-04-24T08:00:00.003000+00:00,-5.652e-05,0.0
2022-04-24 16:00:00+00:00,1650816000000,2022-04-24T16:00:00+00:00,3.41e-06,0.0
2022-04-25 00:00:00.008000+00:00,1650844800008,2022-04-25T00:00:00.008000+00:00,3.21e-06,0.0
2022-04-25 08:00:00.018000+00:00,1650873600018,2022-04-25T08:00:00.018000+00:00,-8.588e-05,0.0
2022-04-25 16:00:00+00:00,1650902400000,2022-04-25T16:00:00+00:00,-0.00024996,0.0
2022-04-26 00:00:00.014000+00:00,1650931200014,2022-04-26T00:00:00.014000+00:00,0.0001,0.0
2022-04-26 08:00:00+00:00,1650960000000,2022-04-26T08:00:00+00:00,0.0001,0.0
2022-04-26 16:00:00.017000+00:00,1650988800017,2022-04-26T16:00:00.017000+00:00,4.991e-05,0.0
2022-04-27 00:00:00.012000+00:00,1651017600012,2022-04-27T00:00:00.012000+00:00,-0.00014242,0.0
2022-04-27 08:00:00+00:00,1651046400000,2022-04-27T08:00:00+00:00,-0.0002569,0.0
2022-04-27 16:00:00.002000+00:00,1651075200002,2022-04-27T16:00:00.002000+00:00,2.591e-05,0.0
2022-04-28 00:00:00+00:00,1651104000000,2022-04-28T00:00:00+00:00,-1.675e-05,0.0
2022-04-28 08:00:00.004000+00:00,1651132800004,2022-04-28T08:00:00.004000+00:00,-5.776e-05,0.0
2022-04-28 16:00:00.030000+00:00,1651161600030,2022-04-28T16:00:00.030000+00:00,0.0001,0.0
2022-04-29 00:00:00+00:00,1651190400000,2022-04-29T00:00:00+00:00,0.0001,0.0
2022-04-29 08:00:00.016000+00:00,1651219200016,2022-04-29T08:00:00.016000+00:00,0.0001,0.0
2022-04-29 16:00:00.010000+00:00,1651248000010,2022-04-29T16:00:00.010000+00:00,4.578e-05,0.0
2022-04-30 00:00:00+00:00,1651276800000,2022-04-30T00:00:00+00:00,-8.896e-05,0.0
2022-04-30 08:00:00.005000+00:00,1651305600005,2022-04-30T08:00:00.005000+00:00,-5.202e-05,0.0
2022-04-30 16:00:00.015000+00:00,1651334400015,2022-04-30T16:00:00.015000+00:00,-5.736e-05,0.0
2022-05-01 00:00:00+00:00,1651363200000,2022-05-01T00:00:00+00:00,-7.153e-05,0.0
2022-05-01 08:00:00+00:00,1651392000000,2022-05-01T08:00:00+00:00,-0.00016213,0.0
2022-05-01 16:00:00.010000+00:00,1651420800010,2022-05-01T16:00:00.010000+00:00,-4.432e-05,0.0
2022-05-02 00:00:00.018000+00:00,1651449600018,2022-05-02T00:00:00.018000+00:00,4.92e-05,0.0
2022-05-02 08:00:00.007000+00:00,1651478400007,2022-05-02T08:00:00.007000+00:00,-7.704e-05,0.0
2022-05-02 16:00:00+00:00,1651507200000,2022-05-02T16:00:00+00:00,-2.36e-06,0.0
2022-05-03 00:00:00.006000+00:00,1651536000006,2022-05-03T00:00:00.006000+00:00,8.762e-05,0.0
2022-05-03 08:00:00+00:00,1651564800000,2022-05-03T08:00:00+00:00,6.446e-05,0.0
2022-05-03 16:00:00.021000+00:00,1651593600021,2022-05-03T16:00:00.021000+00:00,8.725e-05,0.0
2022-05-04 00:00:00.007000+00:00,1651622400007,2022-05-04T00:00:00.007000+00:00,9.221e-05,0.0
2022-05-04 08:00:00.011000+00:00,1651651200011,2022-05-04T08:00:00.011000+00:00,0.0001,0.0
2022-05-04 16:00:00+00:00,1651680000000,2022-05-04T16:00:00+00:00,0.0001,0.0
2022-05-05 00:00:00.005000+00:00,1651708800005,2022-05-05T00:00:00.005000+00:00,0.0001,0.0
2022-05-05 08:00:00.019000+00:00,1651737600019,2022-05-05T08:00:00.019000+00:00,0.0001,0.0
2022-05-05 16:00:00.005000+00:00,1651766400005,2022-05-05T16:00:00.005000+00:00,0.0001,0.0
2022-05-06 00:00:00.005000+00:00,1651795200005,2022-05-06T00:00:00.005000+00:00,-5.032e-05,0.0
2022-05-06 08:00:00.001000+00:00,1651824000001,2022-05-06T08:00:00.001000+00:00,-4.64e-05,0.0
2022-05-06 16:00:00.010000+00:00,1651852800010,2022-05-06T16:00:00.010000+00:00,-2.46e-06,0.0
2022-05-07 00:00:00.004000+00:00,1651881600004,2022-05-07T00:00:00.004000+00:00,5.836e-05,0.0
2022-05-07 08:00:00.016000+00:00,1651910400016,2022-05-07T08:00:00.016000+00:00,0.0001,0.0
2022-05-07 16:00:00.011000+00:00,1651939200011,2022-05-07T16:00:00.011000+00:00,7.282e-05,0.0
2022-05-08 00:00:00+00:00,1651968000000,2022-05-08T00:00:00+00:00,9.867e-05,0.0
2022-05-08 08:00:00.007000+00:00,1651996800007,2022-05-08T08:00:00.007000+00:00,0.0001,0.0
2022-05-08 16:00:00.015000+00:00,1652025600015,2022-05-08T16:00:00.015000+00:00,0.0001,0.0
2022-05-09 00:00:00+00:00,1652054400000,2022-05-09T00:00:00+00:00,0.0001,0.0
2022-05-09 08:00:00.001000+00:00,1652083200001,2022-05-09T08:00:00.001000+00:00,9.424e-05,0.0
2022-05-09 16:00:00+00:00,1652112000000,2022-05-09T16:00:00+00:00,9.769e-05,0.0
2022-05-10 00:00:00+00:00,1652140800000,2022-05-10T00:00:00+00:00,9.833e-05,0.0
2022-05-10 08:00:00.007000+00:00,1652169600007,2022-05-10T08:00:00.007000+00:00,6.098e-05,0.0
2022-05-10 16:00:00.008000+00:00,1652198400008,2022-05-10T16:00:00.008000+00:00,0.0001,0.0
2022-05-11 00:00:00.004000+00:00,1652227200004,2022-05-11T00:00:00.004000+00:00,7.598e-05,0.0
2022-05-11 08:00:00.007000+00:00,1652256000007,2022-05-11T08:00:00.007000+00:00,0.0001,0.0
2022-05-11 16:00:00.008000+00:00,1652284800008,2022-05-11T16:00:00.008000+00:00,7.639e-05,0.0
2022-05-12 00:00:00.014000+00:00,1652313600014,2022-05-12T00:00:00.014000+00:00,-0.00018602,0.0
2022-05-12 08:00:00+00:00,1652342400000,2022-05-12T08:00:00+00:00,-0.00079682,0.0
2022-05-12 16:00:00.007000+00:00,1652371200007,2022-05-12T16:00:00.007000+00:00,-0.00028645,0.0
2022-05-13 00:00:00.014000+00:00,1652400000014,2022-05-13T00:00:00.014000+00:00,-9.107e-05,0.0
2022-05-13 08:00:00.001000+00:00,1652428800001,2022-05-13T08:00:00.001000+00:00,-0.00016008,0.0
2022-05-13 16:00:00+00:00,1652457600000,2022-05-13T16:00:00+00:00,-2.742e-05,0.0
2022-05-14 00:00:00+00:00,1652486400000,2022-05-14T00:00:00+00:00,5.029e-05,0.0
2022-05-14 08:00:00+00:00,1652515200000,2022-05-14T08:00:00+00:00,9.124e-05,0.0
2022-05-14 16:00:00.001000+00:00,1652544000001,2022-05-14T16:00:00.001000+00:00,6.884e-05,0.0
2022-05-15 00:00:00+00:00,1652572800000,2022-05-15T00:00:00+00:00,0.0001,0.0
2022-05-15 08:00:00+00:00,1652601600000,2022-05-15T08:00:00+00:00,7.136e-05,0.0
2022-05-15 16:00:00+00:00,1652630400000,2022-05-15T16:00:00+00:00,7.168e-05,0.0
2022-05-16 00:00:00.021000+00:00,1652659200021,2022-05-16T00:00:00.021000+00:00,0.0001,0.0
2022-05-16 08:00:00.013000+00:00,1652688000013,2022-05-16T08:00:00.013000+00:00,0.0001,0.0
2022-05-16 16:00:00.006000+00:00,1652716800006,2022-05-16T16:00:00.006000+00:00,-3.34e-06,0.0
2022-05-17 00:00:00+00:00,1652745600000,2022-05-17T00:00:00+00:00,1.965e-05,0.0
2022-05-17 08:00:00.010000+00:00,1652774400010,2022-05-17T08:00:00.010000+00:00,-0.00010278,0.0
2022-05-17 16:00:00.023000+00:00,1652803200023,2022-05-17T16:00:00.023000+00:00,8.48e-06,0.0
2022-05-18 00:00:00.003000+00:00,1652832000003,2022-05-18T00:00:00.003000+00:00,7.107e-05,0.0
2022-05-18 08:00:00.024000+00:00,1652860800024,2022-05-18T08:00:00.024000+00:00,-1.537e-05,0.0
2022-05-18 16:00:00.014000+00:00,1652889600014,2022-05-18T16:00:00.014000+00:00,-7.218e-05,0.0
2022-05-19 00:00:00+00:00,1652918400000,2022-05-19T00:00:00+00:00,-5.373e-05,0.0
2022-05-19 08:00:00.008000+00:00,1652947200008,2022-05-19T08:00:00.008000+00:00,4.9e-06,0.0
2022-05-19 16:00:00.015000+00:00,1652976000015,2022-05-19T16:00:00.015000+00:00,3.757e-05,0.0
2022-05-20 00:00:00.001000+00:00,1653004800001,2022-05-20T00:00:00.001000+00:00,0.0001,0.0
2022-05-20 08:00:00.003000+00:00,1653033600003,2022-05-20T08:00:00.003000+00:00,0.0001,0.0
2022-05-20 16:00:00.012000+00:00,1653062400012,2022-05-20T16:00:00.012000+00:00,6.647e-05,0.0
2022-05-21 00:00:00.008000+00:00,1653091200008,2022-05-21T00:00:00.008000+00:00,9.991e-05,0.0
2022-05-21 08:00:00.001000+00:00,1653120000001,2022-05-21T08:00:00.001000+00:00,-2.669e-05,0.0
2022-05-21 16:00:00.007000+00:00,1653148800007,2022-05-21T16:00:00.007000+00:00,-3.6e-06,0.0
2022-05-22 00:00:00.003000+00:00,1653177600003,2022-05-22T00:00:00.003000+00:00,4.308e-05,0.0
2022-05-22 08:00:00.016000+00:00,1653206400016,2022-05-22T08:00:00.016000+00:00,5.296e-05,0.0
2022-05-22 16:00:00+00:00,1653235200000,2022-05-22T16:00:00+00:00,0.0001,0.0
2022-05-23 00:00:00.011000+00:00,1653264000011,2022-05-23T00:00:00.011000+00:00,0.0001,0.0
2022-05-23 08:00:00+00:00,1653292800000,2022-05-23T08:00:00+00:00,0.0001,0.0
2022-05-23 16:00:00.023000+00:00,1653321600023,2022-05-23T16:00:00.023000+00:00,0.0001,0.0
2022-05-24 00:00:00.011000+00:00,1653350400011,2022-05-24T00:00:00.011000+00:00,-7.86e-05,0.0
2022-05-24 08:00:00+00:00,1653379200000,2022-05-24T08:00:00+00:00,-4.871e-05,0.0
2022-05-24 16:00:00.009000+00:00,1653408000009,2022-05-24T16:00:00.009000+00:00,-4.04e-05,0.0
2022-05-25 00:00:00.001000+00:00,1653436800001,2022-05-25T00:00:00.001000+00:00,1.228e-05,0.0
2022-05-25 08:00:00+00:00,1653465600000,2022-05-25T08:00:00+00:00,0.0001,0.0
2022-05-25 16:00:00.015000+00:00,1653494400015,2022-05-25T16:00:00.015000+00:00,6.424e-05,0.0
2022-05-26 00:00:00.005000+00:00,1653523200005,2022-05-26T00:00:00.005000+00:00,0.0001,0.0
2022-05-26 08:00:00.001000+00:00,1653552000001,2022-05-26T08:00:00.001000+00:00,3.287e-05,0.0
2022-05-26 16:00:00+00:00,1653580800000,2022-05-26T16:00:00+00:00,-0.00014343,0.0
2022-05-27 00:00:00.007000+00:00,1653609600007,2022-05-27T00:00:00.007000+00:00,0.0001,0.0
2022-05-27 08:00:00.008000+00:00,1653638400008,2022-05-27T08:00:00.008000+00:00,-1.53e-06,0.0
2022-05-27 16:00:00+00:00,1653667200000,2022-05-27T16:00:00+00:00,5.35e-05,0.0
2022-05-28 00:00:00.018000+00:00,1653696000018,2022-05-28T00:00:00.018000+00:00,0.0001,0.0
2022-05-28 08:00:00.016000+00:00,1653724800016,2022-05-28T08:00:00.016000+00:00,6.376e-05,0.0
2022-05-28 16:00:00.013000+00:00,1653753600013,2022-05-28T16:00:00.013000+00:00,3.132e-05,0.0
2022-05-29 00:00:00+00:00,1653782400000,2022-05-29T00:00:00+00:00,0.0001,0.0
2022-05-29 08:00:00.025000+00:00,1653811200025,2022-05-29T08:00:00.025000+00:00,1.764e-05,0.0
2022-05-29 16:00:00.002000+00:00,1653840000002,2022-05-29T16:00:00.002000+00:00,1.83e-05,0.0
2022-05-30 00:00:00+00:00,1653868800000,2022-05-30T00:00:00+00:00,6.492e-05,0.0
2022-05-30 08:00:00.013000+00:00,1653897600013,2022-05-30T08:00:00.013000+00:00,1.622e-05,0.0
2022-05-30 16:00:00.005000+00:00,1653926400005,2022-05-30T16:00:00.005000+00:00,0.0001,0.0
2022-05-31 00:00:00.016000+00:00,1653955200016,2022-05-31T00:00:00.016000+00:00,7.761e-05,0.0
2022-05-31 08:00:00+00:00,1653984000000,2022-05-31T08:00:00+00:00,0.0001,0.0
2022-05-31 16:00:00+00:00,1654012800000,2022-05-31T16:00:00+00:00,0.0001,0.0
2022-06-01 00:00:00+00:00,1654041600000,2022-06-01T00:00:00+00:00,0.0001,0.0
2022-06-01 08:00:00.011000+00:00,1654070400011,2022-06-01T08:00:00.011000+00:00,0.0001,0.0
2022-06-01 16:00:00+00:00,1654099200000,2022-06-01T16:00:00+00:00,0.0001,0.0
2022-06-02 00:00:00+00:00,1654128000000,2022-06-02T00:00:00+00:00,-8.505e-05,0.0
2022-06-02 08:00:00.006000+00:00,1654156800006,2022-06-02T08:00:00.006000+00:00,4.628e-05,0.0
2022-06-02 16:00:00.021000+00:00,1654185600021,2022-06-02T16:00:00.021000+00:00,3.599e-05,0.0
2022-06-03 00:00:00.016000+00:00,1654214400016,2022-06-03T00:00:00.016000+00:00,5.262e-05,0.0
2022-06-03 08:00:00.016000+00:00,1654243200016,2022-06-03T08:00:00.016000+00:00,0.0001,0.0
2022-06-03 16:00:00.012000+00:00,1654272000012,2022-06-03T16:00:00.012000+00:00,2.737e-05,0.0
2022-06-04 00:00:00.005000+00:00,1654300800005,2022-06-04T00:00:00.005000+00:00,0.0001,0.0
2022-06-04 08:00:00+00:00,1654329600000,2022-06-04T08:00:00+00:00,0.0001,0.0
2022-06-04 16:00:00.007000+00:00,1654358400007,2022-06-04T16:00:00.007000+00:00,3e-05,0.0
2022-06-05 00:00:00.005000+00:00,1654387200005,2022-06-05T00:00:00.005000+00:00,3.407e-05,0.0
2022-06-05 08:00:00.015000+00:00,1654416000015,2022-06-05T08:00:00.015000+00:00,5.246e-05,0.0
2022-06-05 16:00:00+00:00,1654444800000,2022-06-05T16:00:00+00:00,5.865e-05,0.0
2022-06-06 00:00:00+00:00,1654473600000,2022-06-06T00:00:00+00:00,0.0001,0.0
2022-06-06 08:00:00.017000+00:00,1654502400017,2022-06-06T08:00:00.017000+00:00,9.597e-05,0.0
2022-06-06 16:00:00+00:00,1654531200000,2022-06-06T16:00:00+00:00,0.0001,0.0
2022-06-07 00:00:00+00:00,1654560000000,2022-06-07T00:00:00+00:00,0.0001,0.0
2022-06-07 08:00:00.011000+00:00,1654588800011,2022-06-07T08:00:00.011000+00:00,-3.071e-05,0.0
2022-06-07 16:00:00+00:00,1654617600000,2022-06-07T16:00:00+00:00,1.156e-05,0.0
2022-06-08 00:00:00.008000+00:00,1654646400008,2022-06-08T00:00:00.008000+00:00,0.0001,0.0
2022-06-08 08:00:00.020000+00:00,1654675200020,2022-06-08T08:00:00.020000+00:00,7.041e-05,0.0
2022-06-08 16:00:00.012000+00:00,1654704000012,2022-06-08T16:00:00.012000+00:00,0.0001,0.0
2022-06-09 00:00:00+00:00,1654732800000,2022-06-09T00:00:00+00:00,0.0001,0.0
2022-06-09 08:00:00+00:00,1654761600000,2022-06-09T08:00:00+00:00,5.421e-05,0.0
2022-06-09 16:00:00+00:00,1654790400000,2022-06-09T16:00:00+00:00,0.0001,0.0
2022-06-10 00:00:00.009000+00:00,1654819200009,2022-06-10T00:00:00.009000+00:00,0.0001,0.0
2022-06-10 08:00:00+00:00,1654848000000,2022-06-10T08:00:00+00:00,0.0001,0.0
2022-06-10 16:00:00.006000+00:00,1654876800006,2022-06-10T16:00:00.006000+00:00,-0.00010846,0.0
2022-06-11 00:00:00.018000+00:00,1654905600018,2022-06-11T00:00:00.018000+00:00,-0.00013495,0.0
2022-06-11 08:00:00.014000+00:00,1654934400014,2022-06-11T08:00:00.014000+00:00,-0.00018605,0.0
2022-06-11 16:00:00+00:00,1654963200000,2022-06-11T16:00:00+00:00,-9.29e-05,0.0
2022-06-12 00:00:00.015000+00:00,1654992000015,2022-06-12T00:00:00.015000+00:00,-6.025e-05,0.0
2022-06-12 08:00:00.019000+00:00,1655020800019,2022-06-12T08:00:00.019000+00:00,-9.914e-05,0.0
2022-06-12 16:00:00.010000+00:00,1655049600010,2022-06-12T16:00:00.010000+00:00,-6.827e-05,0.0
2022-06-13 00:00:00.009000+00:00,1655078400009,2022-06-13T00:00:00.009000+00:00,1.579e-05,0.0
2022-06-13 08:00:00+00:00,1655107200000,2022-06-13T08:00:00+00:00,-2.19e-06,0.0
2022-06-13 16:00:00.007000+00:00,1655136000007,2022-06-13T16:00:00.007000+00:00,-5.144e-05,0.0
2022-06-14 00:00:00.013000+00:00,1655164800013,2022-06-14T00:00:00.013000+00:00,-4.066e-05,0.0
2022-06-14 08:00:00.008000+00:00,1655193600008,2022-06-14T08:00:00.008000+00:00,-5.061e-05,0.0
2022-06-14 16:00:00.006000+00:00,1655222400006,2022-06-14T16:00:00.006000+00:00,-2.999e-05,0.0
2022-06-15 00:00:00+00:00,1655251200000,2022-06-15T00:00:00+00:00,-5.37e-05,0.0
2022-06-15 08:00:00.016000+00:00,1655280000016,2022-06-15T08:00:00.016000+00:00,-0.0001643,0.0
2022-06-15 16:00:00.008000+00:00,1655308800008,2022-06-15T16:00:00.008000+00:00,-9.52e-06,0.0
2022-06-16 00:00:00.009000+00:00,1655337600009,2022-06-16T00:00:00.009000+00:00,-1.444e-05,0.0
2022-06-16 08:00:00.016000+00:00,1655366400016,2022-06-16T08:00:00.016000+00:00,6.616e-05,0.0
2022-06-16 16:00:00+00:00,1655395200000,2022-06-16T16:00:00+00:00,-0.00010424,0.0
2022-06-17 00:00:00.008000+00:00,1655424000008,2022-06-17T00:00:00.008000+00:00,-0.00012406,0.0
2022-06-17 08:00:00.003000+00:00,1655452800003,2022-06-17T08:00:00.003000+00:00,-5.634e-05,0.0
2022-06-17 16:00:00+00:00,1655481600000,2022-06-17T16:00:00+00:00,-0.00014982,0.0
2022-06-18 00:00:00.020000+00:00,1655510400020,2022-06-18T00:00:00.020000+00:00,-7.277e-05,0.0
2022-06-18 08:00:00.025000+00:00,1655539200025,2022-06-18T08:00:00.025000+00:00,-0.00029164,0.0
2022-06-18 16:00:00.014000+00:00,1655568000014,2022-06-18T16:00:00.014000+00:00,-7.606e-05,0.0
2022-06-19 00:00:00.012000+00:00,1655596800012,2022-06-19T00:00:00.012000+00:00,-0.00018722,0.0
2022-06-19 08:00:00.012000+00:00,1655625600012,2022-06-19T08:00:00.012000+00:00,-0.0001769,0.0
2022-06-19 16:00:00.008000+00:00,1655654400008,2022-06-19T16:00:00.008000+00:00,0.0001,0.0
2022-06-20 00:00:00.016000+00:00,1655683200016,2022-06-20T00:00:00.016000+00:00,0.0001,0.0
2022-06-20 08:00:00+00:00,1655712000000,2022-06-20T08:00:00+00:00,-2.176e-05,0.0
2022-06-20 16:00:00.013000+00:00,1655740800013,2022-06-20T16:00:00.013000+00:00,8.444e-05,0.0
2022-06-21 00:00:00.012000+00:00,1655769600012,2022-06-21T00:00:00.012000+00:00,6.015e-05,0.0
2022-06-21 08:00:00.018000+00:00,1655798400018,2022-06-21T08:00:00.018000+00:00,4.698e-05,0.0
2022-06-21 16:00:00.010000+00:00,1655827200010,2022-06-21T16:00:00.010000+00:00,5.33e-05,0.0
2022-06-22 00:00:00+00:00,1655856000000,2022-06-22T00:00:00+00:00,-4.89e-05,0.0
2022-06-22 08:00:00.001000+00:00,1655884800001,2022-06-22T08:00:00.001000+00:00,-2.551e-05,0.0
2022-06-22 16:00:00.012000+00:00,1655913600012,2022-06-22T16:00:00.012000+00:00,-8.679e-05,0.0
2022-06-23 00:00:00+00:00,1655942400000,2022-06-23T00:00:00+00:00,-4.408e-05,0.0
2022-06-23 08:00:00+00:00,1655971200000,2022-06-23T08:00:00+00:00,-6.496e-05,0.0
2022-06-23 16:00:00.016000+00:00,1656000000016,2022-06-23T16:00:00.016000+00:00,-0.00010151,0.0
2022-06-24 00:00:00.005000+00:00,1656028800005,2022-06-24T00:00:00.005000+00:00,4.046e-05,0.0
2022-06-24 08:00:00.004000+00:00,1656057600004,2022-06-24T08:00:00.004000+00:00,8.003e-05,0.0
2022-06-24 16:00:00.018000+00:00,1656086400018,2022-06-24T16:00:00.018000+00:00,0.0001,0.0
2022-06-25 00:00:00.001000+00:00,1656115200001,2022-06-25T00:00:00.001000+00:00,-3.928e-05,0.0
2022-06-25 08:00:00.010000+00:00,1656144000010,2022-06-25T08:00:00.010000+00:00,3.156e-05,0.0
2022-06-25 16:00:00+00:00,1656172800000,2022-06-25T16:00:00+00:00,6.42e-06,0.0
2022-06-26 00:00:00.002000+00:00,1656201600002,2022-06-26T00:00:00.002000+00:00,0.0001,0.0
2022-06-26 08:00:00.016000+00:00,1656230400016,2022-06-26T08:00:00.016000+00:00,2.837e-05,0.0
2022-06-26 16:00:00.006000+00:00,1656259200006,2022-06-26T16:00:00.006000+00:00,-8.522e-05,0.0
2022-06-27 00:00:00.008000+00:00,1656288000008,2022-06-27T00:00:00.008000+00:00,-0.00010252,0.0
2022-06-27 08:00:00+00:00,1656316800000,2022-06-27T08:00:00+00:00,-4.323e-05,0.0
2022-06-27 16:00:00.016000+00:00,1656345600016,2022-06-27T16:00:00.016000+00:00,-3.606e-05,0.0
2022-06-28 00:00:00.016000+00:00,1656374400016,2022-06-28T00:00:00.016000+00:00,9.02e-06,0.0
2022-06-28 08:00:00.001000+00:00,1656403200001,2022-06-28T08:00:00.001000+00:00,-2.707e-05,0.0
2022-06-28 16:00:00.005000+00:00,1656432000005,2022-06-28T16:00:00.005000+00:00,6.622e-05,0.0
2022-06-29 00:00:00+00:00,1656460800000,2022-06-29T00:00:00+00:00,3.172e-05,0.0
2022-06-29 08:00:00.013000+00:00,1656489600013,2022-06-29T08:00:00.013000+00:00,1.728e-05,0.0
2022-06-29 16:00:00+00:00,1656518400000,2022-06-29T16:00:00+00:00,1.147e-05,0.0
2022-06-30 00:00:00+00:00,1656547200000,2022-06-30T00:00:00+00:00,3.467e-05,0.0
2022-06-30 08:00:00+00:00,1656576000000,2022-06-30T08:00:00+00:00,-6.766e-05,0.0
2022-06-30 16:00:00+00:00,1656604800000,2022-06-30T16:00:00+00:00,-0.00021692,0.0
2022-07-01 00:00:00.001000+00:00,1656633600001,2022-07-01T00:00:00.001000+00:00,-0.00013323,0.0
2022-07-01 08:00:00.017000+00:00,1656662400017,2022-07-01T08:00:00.017000+00:00,4.122e-05,0.0
2022-07-01 16:00:00.005000+00:00,1656691200005,2022-07-01T16:00:00.005000+00:00,-9.037e-05,0.0
2022-07-02 00:00:00+00:00,1656720000000,2022-07-02T00:00:00+00:00,-4.5e-06,0.0
2022-07-02 08:00:00+00:00,1656748800000,2022-07-02T08:00:00+00:00,-4.376e-05,0.0
2022-07-02 16:00:00.008000+00:00,1656777600008,2022-07-02T16:00:00.008000+00:00,-4.429e-05,0.0
2022-07-03 00:00:00.015000+00:00,1656806400015,2022-07-03T00:00:00.015000+00:00,8.102e-05,0.0
2022-07-03 08:00:00.004000+00:00,1656835200004,2022-07-03T08:00:00.004000+00:00,2.344e-05,0.0
2022-07-03 16:00:00.005000+00:00,1656864000005,2022-07-03T16:00:00.005000+00:00,-9.636e-05,0.0
2022-07-04 00:00:00.021000+00:00,1656892800021,2022-07-04T00:00:00.021000+00:00,8.487e-05,0.0
2022-07-04 08:00:00.001000+00:00,1656921600001,2022-07-04T08:00:00.001000+00:00,-0.00014236,0.0
2022-07-04 16:00:00+00:00,1656950400000,2022-07-04T16:00:00+00:00,6.349e-05,0.0
2022-07-05 00:00:00+00:00,1656979200000,2022-07-05T00:00:00+00:00,8.23e-06,0.0
2022-07-05 08:00:00+00:00,1657008000000,2022-07-05T08:00:00+00:00,1.762e-05,0.0
2022-07-05 16:00:00.015000+00:00,1657036800015,2022-07-05T16:00:00.015000+00:00,4.28e-05,0.0
2022-07-06 00:00:00.006000+00:00,1657065600006,2022-07-06T00:00:00.006000+00:00,0.0001,0.0
2022-07-06 08:00:00+00:00,1657094400000,2022-07-06T08:00:00+00:00,0.0001,0.0
2022-07-06 16:00:00+00:00,1657123200000,2022-07-06T16:00:00+00:00,4.373e-05,0.0
2022-07-07 00:00:00.010000+00:00,1657152000010,2022-07-07T00:00:00.010000+00:00,0.0001,0.0
2022-07-07 08:00:00.010000+00:00,1657180800010,2022-07-07T08:00:00.010000+00:00,0.0001,0.0
2022-07-07 16:00:00.011000+00:00,1657209600011,2022-07-07T16:00:00.011000+00:00,6.891e-05,0.0
2022-07-08 00:00:00.008000+00:00,1657238400008,2022-07-08T00:00:00.008000+00:00,0.0001,0.0
2022-07-08 08:00:00.009000+00:00,1657267200009,2022-07-08T08:00:00.009000+00:00,0.0001,0.0
2022-07-08 16:00:00+00:00,1657296000000,2022-07-08T16:00:00+00:00,5.505e-05,0.0
2022-07-09 00:00:00+00:00,1657324800000,2022-07-09T00:00:00+00:00,5.118e-05,0.0
2022-07-09 08:00:00+00:00,1657353600000,2022-07-09T08:00:00+00:00,2.685e-05,0.0
2022-07-09 16:00:00.009000+00:00,1657382400009,2022-07-09T16:00:00.009000+00:00,3.206e-05,0.0
2022-07-10 00:00:00.001000+00:00,1657411200001,2022-07-10T00:00:00.001000+00:00,4.544e-05,0.0
2022-07-10 08:00:00.002000+00:00,1657440000002,2022-07-10T08:00:00.002000+00:00,0.0001,0.0
2022-07-10 16:00:00.001000+00:00,1657468800001,2022-07-10T16:00:00.001000+00:00,6.604e-05,0.0
2022-07-11 00:00:00+00:00,1657497600000,2022-07-11T00:00:00+00:00,1.102e-05,0.0
2022-07-11 08:00:00.003000+00:00,1657526400003,2022-07-11T08:00:00.003000+00:00,4.204e-05,0.0
2022-07-11 16:00:00.001000+00:00,1657555200001,2022-07-11T16:00:00.001000+00:00,5.881e-05,0.0
2022-07-12 00:00:00+00:00,1657584000000,2022-07-12T00:00:00+00:00,6.653e-05,0.0
2022-07-12 08:00:00.021000+00:00,1657612800021,2022-07-12T08:00:00.021000+00:00,-2.208e-05,0.0
2022-07-12 16:00:00+00:00,1657641600000,2022-07-12T16:00:00+00:00,-0.00010622,0.0
2022-07-13 00:00:00.012000+00:00,1657670400012,2022-07-13T00:00:00.012000+00:00,-0.00017917,0.0
2022-07-13 08:00:00.022000+00:00,1657699200022,2022-07-13T08:00:00.022000+00:00,-0.00019746,0.0
2022-07-13 16:00:00.005000+00:00,1657728000005,2022-07-13T16:00:00.005000+00:00,-0.00012686,0.0
2022-07-14 00:00:00.017000+00:00,1657756800017,2022-07-14T00:00:00.017000+00:00,-0.00012921,0.0
2022-07-14 08:00:00.001000+00:00,1657785600001,2022-07-14T08:00:00.001000+00:00,1.264e-05,0.0
2022-07-14 16:00:00+00:00,1657814400000,2022-07-14T16:00:00+00:00,-5.017e-05,0.0
2022-07-15 00:00:00.004000+00:00,1657843200004,2022-07-15T00:00:00.004000+00:00,0.0001,0.0
2022-07-15 08:00:00.019000+00:00,1657872000019,2022-07-15T08:00:00.019000+00:00,4.667e-05,0.0
2022-07-15 16:00:00.017000+00:00,1657900800017,2022-07-15T16:00:00.017000+00:00,-4.53e-06,0.0
2022-07-16 00:00:00.021000+00:00,1657929600021,2022-07-16T00:00:00.021000+00:00,5.458e-05,0.0
2022-07-16 08:00:00.014000+00:00,1657958400014,2022-07-16T08:00:00.014000+00:00,7.053e-05,0.0
2022-07-16 16:00:00.005000+00:00,1657987200005,2022-07-16T16:00:00.005000+00:00,3.638e-05,0.0
2022-07-17 00:00:00+00:00,1658016000000,2022-07-17T00:00:00+00:00,0.0001,0.0
2022-07-17 08:00:00.003000+00:00,1658044800003,2022-07-17T08:00:00.003000+00:00,8e-08,0.0
2022-07-17 16:00:00.007000+00:00,1658073600007,2022-07-17T16:00:00.007000+00:00,-6.39e-06,0.0
2022-07-18 00:00:00.001000+00:00,1658102400001,2022-07-18T00:00:00.001000+00:00,-2.025e-05,0.0
2022-07-18 08:00:00.004000+00:00,1658131200004,2022-07-18T08:00:00.004000+00:00,-8.57e-06,0.0
2022-07-18 16:00:00.019000+00:00,1658160000019,2022-07-18T16:00:00.019000+00:00,7.25e-05,0.0
2022-07-19 00:00:00+00:00,1658188800000,2022-07-19T00:00:00+00:00,0.0001,0.0
2022-07-19 08:00:00+00:00,1658217600000,2022-07-19T08:00:00+00:00,0.0001,0.0
2022-07-19 16:00:00.001000+00:00,1658246400001,2022-07-19T16:00:00.001000+00:00,4.242e-05,0.0
2022-07-20 00:00:00.004000+00:00,1658275200004,2022-07-20T00:00:00.004000+00:00,5.437e-05,0.0
2022-07-20 08:00:00+00:00,1658304000000,2022-07-20T08:00:00+00:00,-4.179e-05,0.0
2022-07-20 16:00:00.003000+00:00,1658332800003,2022-07-20T16:00:00.003000+00:00,2.871e-05,0.0
2022-07-21 00:00:00+00:00,1658361600000,2022-07-21T00:00:00+00:00,0.0001,0.0
2022-07-21 08:00:00.018000+00:00,1658390400018,2022-07-21T08:00:00.018000+00:00,0.0001,0.0
2022-07-21 16:00:00.011000+00:00,1658419200011,2022-07-21T16:00:00.011000+00:00,0.0001,0.0
2022-07-22 00:00:00.014000+00:00,1658448000014,2022-07-22T00:00:00.014000+00:00,0.0001,0.0
2022-07-22 08:00:00+00:00,1658476800000,2022-07-22T08:00:00+00:00,0.0001,0.0
2022-07-22 16:00:00+00:00,1658505600000,2022-07-22T16:00:00+00:00,9.317e-05,0.0
2022-07-23 00:00:00.004000+00:00,1658534400004,2022-07-23T00:00:00.004000+00:00,5.463e-05,0.0
2022-07-23 08:00:00.002000+00:00,1658563200002,2022-07-23T08:00:00.002000+00:00,6.541e-05,0.0
2022-07-23 16:00:00.001000+00:00,1658592000001,2022-07-23T16:00:00.001000+00:00,0.0001,0.0
2022-07-24 00:00:00+00:00,1658620800000,2022-07-24T00:00:00+00:00,0.0001,0.0
2022-07-24 08:00:00.011000+00:00,1658649600011,2022-07-24T08:00:00.011000+00:00,0.0001,0.0
2022-07-24 16:00:00+00:00,1658678400000,2022-07-24T16:00:00+00:00,0.0001,0.0
2022-07-25 00:00:00+00:00,1658707200000,2022-07-25T00:00:00+00:00,0.0001,0.0
2022-07-25 08:00:00.014000+00:00,1658736000014,2022-07-25T08:00:00.014000+00:00,-1.134e-05,0.0
2022-07-25 16:00:00.006000+00:00,1658764800006,2022-07-25T16:00:00.006000+00:00,7.434e-05,0.0
2022-07-26 00:00:00.010000+00:00,1658793600010,2022-07-26T00:00:00.010000+00:00,6.69e-05,0.0
2022-07-26 08:00:00+00:00,1658822400000,2022-07-26T08:00:00+00:00,7.151e-05,0.0
2022-07-26 16:00:00+00:00,1658851200000,2022-07-26T16:00:00+00:00,0.0001,0.0
2022-07-27 00:00:00.008000+00:00,1658880000008,2022-07-27T00:00:00.008000+00:00,7.41e-06,0.0
2022-07-27 08:00:00+00:00,1658908800000,2022-07-27T08:00:00+00:00,8.204e-05,0.0
2022-07-27 16:00:00.003000+00:00,1658937600003,2022-07-27T16:00:00.003000+00:00,3.325e-05,0.0
2022-07-28 00:00:00.009000+00:00,1658966400009,2022-07-28T00:00:00.009000+00:00,0.0001,0.0
2022-07-28 08:00:00.008000+00:00,1658995200008,2022-07-28T08:00:00.008000+00:00,0.0001,0.0
2022-07-28 16:00:00.013000+00:00,1659024000013,2022-07-28T16:00:00.013000+00:00,0.0001,0.0
2022-07-29 00:00:00+00:00,1659052800000,2022-07-29T00:00:00+00:00,0.0001,0.0
2022-07-29 08:00:00+00:00,1659081600000,2022-07-29T08:00:00+00:00,0.0001,0.0
2022-07-29 16:00:00+00:00,1659110400000,2022-07-29T16:00:00+00:00,0.0001,0.0
2022-07-30 00:00:00.005000+00:00,1659139200005,2022-07-30T00:00:00.005000+00:00,0.0001,0.0
2022-07-30 08:00:00.009000+00:00,1659168000009,2022-07-30T08:00:00.009000+00:00,0.0001,0.0
2022-07-30 16:00:00+00:00,1659196800000,2022-07-30T16:00:00+00:00,5.049e-05,0.0
2022-07-31 00:00:00.022000+00:00,1659225600022,2022-07-31T00:00:00.022000+00:00,4.431e-05,0.0
2022-07-31 08:00:00.011000+00:00,1659254400011,2022-07-31T08:00:00.011000+00:00,0.0001,0.0
2022-07-31 16:00:00.019000+00:00,1659283200019,2022-07-31T16:00:00.019000+00:00,5.528e-05,0.0
2022-08-01 00:00:00.010000+00:00,1659312000010,2022-08-01T00:00:00.010000+00:00,9.823e-05,0.0
2022-08-01 08:00:00.019000+00:00,1659340800019,2022-08-01T08:00:00.019000+00:00,0.0001,0.0
2022-08-01 16:00:00.017000+00:00,1659369600017,2022-08-01T16:00:00.017000+00:00,6.285e-05,0.0
2022-08-02 00:00:00+00:00,1659398400000,2022-08-02T00:00:00+00:00,0.0001,0.0
2022-08-02 08:00:00.007000+00:00,1659427200007,2022-08-02T08:00:00.007000+00:00,1.617e-05,0.0
2022-08-02 16:00:00.014000+00:00,1659456000014,2022-08-02T16:00:00.014000+00:00,1.593e-05,0.0
2022-08-03 00:00:00.001000+00:00,1659484800001,2022-08-03T00:00:00.001000+00:00,6.888e-05,0.0
2022-08-03 08:00:00.020000+00:00,1659513600020,2022-08-03T08:00:00.020000+00:00,3.68e-06,0.0
2022-08-03 16:00:00.008000+00:00,1659542400008,2022-08-03T16:00:00.008000+00:00,-3.047e-05,0.0
2022-08-04 00:00:00.001000+00:00,1659571200001,2022-08-04T00:00:00.001000+00:00,1.183e-05,0.0
2022-08-04 08:00:00.009000+00:00,1659600000009,2022-08-04T08:00:00.009000+00:00,7.702e-05,0.0
2022-08-04 16:00:00.015000+00:00,1659628800015,2022-08-04T16:00:00.015000+00:00,7.119e-05,0.0
2022-08-05 00:00:00.005000+00:00,1659657600005,2022-08-05T00:00:00.005000+00:00,7.649e-05,0.0
2022-08-05 08:00:00+00:00,1659686400000,2022-08-05T08:00:00+00:00,0.0001,0.0
2022-08-05 16:00:00+00:00,1659715200000,2022-08-05T16:00:00+00:00,0.0001,0.0
2022-08-06 00:00:00.021000+00:00,1659744000021,2022-08-06T00:00:00.021000+00:00,0.0001,0.0
2022-08-06 08:00:00+00:00,1659772800000,2022-08-06T08:00:00+00:00,0.0001,0.0
2022-08-06 16:00:00.015000+00:00,1659801600015,2022-08-06T16:00:00.015000+00:00,0.0001,0.0
2022-08-07 00:00:00.013000+00:00,1659830400013,2022-08-07T00:00:00.013000+00:00,0.0001,0.0
2022-08-07 08:00:00+00:00,1659859200000,2022-08-07T08:00:00+00:00,-2.278e-05,0.0
2022-08-07 16:00:00.014000+00:00,1659888000014,2022-08-07T16:00:00.014000+00:00,2.801e-05,0.0
2022-08-08 00:00:00.009000+00:00,1659916800009,2022-08-08T00:00:00.009000+00:00,-1.33e-05,0.0
2022-08-08 08:00:00.006000+00:00,1659945600006,2022-08-08T08:00:00.006000+00:00,2.805e-05,0.0
2022-08-08 16:00:00+00:00,1659974400000,2022-08-08T16:00:00+00:00,0.0001,0.0
2022-08-09 00:00:00.020000+00:00,1660003200020,2022-08-09T00:00:00.020000+00:00,5.993e-05,0.0
2022-08-09 08:00:00+00:00,1660032000000,2022-08-09T08:00:00+00:00,-3.21e-06,0.0
2022-08-09 16:00:00+00:00,1660060800000,2022-08-09T16:00:00+00:00,-0.00014349,0.0
2022-08-10 00:00:00+00:00,1660089600000,2022-08-10T00:00:00+00:00,-0.00010375,0.0
2022-08-10 08:00:00.016000+00:00,1660118400016,2022-08-10T08:00:00.016000+00:00,-3.238e-05,0.0
2022-08-10 16:00:00.018000+00:00,1660147200018,2022-08-10T16:00:00.018000+00:00,0.0001,0.0
2022-08-11 00:00:00.012000+00:00,1660176000012,2022-08-11T00:00:00.012000+00:00,0.0001,0.0
2022-08-11 08:00:00+00:00,1660204800000,2022-08-11T08:00:00+00:00,4.392e-05,0.0
2022-08-11 16:00:00+00:00,1660233600000,2022-08-11T16:00:00+00:00,1.783e-05,0.0
2022-08-12 00:00:00.006000+00:00,1660262400006,2022-08-12T00:00:00.006000+00:00,2.566e-05,0.0
2022-08-12 08:00:00+00:00,1660291200000,2022-08-12T08:00:00+00:00,5.216e-05,0.0
2022-08-12 16:00:00.005000+00:00,1660320000005,2022-08-12T16:00:00.005000+00:00,8.336e-05,0.0
2022-08-13 00:00:00.012000+00:00,1660348800012,2022-08-13T00:00:00.012000+00:00,7.636e-05,0.0
2022-08-13 08:00:00.006000+00:00,1660377600006,2022-08-13T08:00:00.006000+00:00,4.086e-05,0.0
2022-08-13 16:00:00.018000+00:00,1660406400018,2022-08-13T16:00:00.018000+00:00,2.735e-05,0.0
2022-08-14 00:00:00+00:00,1660435200000,2022-08-14T00:00:00+00:00,3.144e-05,0.0
2022-08-14 08:00:00+00:00,1660464000000,2022-08-14T08:00:00+00:00,8.292e-05,0.0
2022-08-14 16:00:00+00:00,1660492800000,2022-08-14T16:00:00+00:00,2.19e-06,0.0
2022-08-15 00:00:00.010000+00:00,1660521600010,2022-08-15T00:00:00.010000+00:00,-6.757e-05,0.0
2022-08-15 08:00:00.002000+00:00,1660550400002,2022-08-15T08:00:00.002000+00:00,3.991e-05,0.0
2022-08-15 16:00:00.010000+00:00,1660579200010,2022-08-15T16:00:00.010000+00:00,-4.854e-05,0.0
2022-08-16 00:00:00.010000+00:00,1660608000010,2022-08-16T00:00:00.010000+00:00,-6.945e-05,0.0
2022-08-16 08:00:00.002000+00:00,1660636800002,2022-08-16T08:00:00.002000+00:00,3.333e-05,0.0
2022-08-16 16:00:00+00:00,1660665600000,2022-08-16T16:00:00+00:00,3.842e-05,0.0
2022-08-17 00:00:00.020000+00:00,1660694400020,2022-08-17T00:00:00.020000+00:00,5.927e-05,0.0
2022-08-17 08:00:00.016000+00:00,1660723200016,2022-08-17T08:00:00.016000+00:00,6.626e-05,0.0
2022-08-17 16:00:00.001000+00:00,1660752000001,2022-08-17T16:00:00.001000+00:00,4.034e-05,0.0
2022-08-18 00:00:00.005000+00:00,1660780800005,2022-08-18T00:00:00.005000+00:00,2.314e-05,0.0
2022-08-18 08:00:00.012000+00:00,1660809600012,2022-08-18T08:00:00.012000+00:00,9.463e-05,0.0
2022-08-18 16:00:00.013000+00:00,1660838400013,2022-08-18T16:00:00.013000+00:00,3.449e-05,0.0
2022-08-19 00:00:00+00:00,1660867200000,2022-08-19T00:00:00+00:00,5.275e-05,0.0
2022-08-19 08:00:00+00:00,1660896000000,2022-08-19T08:00:00+00:00,0.0001,0.0
2022-08-19 16:00:00.009000+00:00,1660924800009,2022-08-19T16:00:00.009000+00:00,1.435e-05,0.0
2022-08-20 00:00:00+00:00,1660953600000,2022-08-20T00:00:00+00:00,4.557e-05,0.0
2022-08-20 08:00:00.005000+00:00,1660982400005,2022-08-20T08:00:00.005000+00:00,-3.743e-05,0.0
2022-08-20 16:00:00+00:00,1661011200000,2022-08-20T16:00:00+00:00,9.91e-06,0.0
2022-08-21 00:00:00.010000+00:00,1661040000010,2022-08-21T00:00:00.010000+00:00,-1.408e-05,0.0
2022-08-21 08:00:00.013000+00:00,1661068800013,2022-08-21T08:00:00.013000+00:00,1.912e-05,0.0
2022-08-21 16:00:00+00:00,1661097600000,2022-08-21T16:00:00+00:00,-5.859e-05,0.0
2022-08-22 00:00:00.011000+00:00,1661126400011,2022-08-22T00:00:00.011000+00:00,-5.605e-05,0.0
2022-08-22 08:00:00.005000+00:00,1661155200005,2022-08-22T08:00:00.005000+00:00,6.886e-05,0.0
2022-08-22 16:00:00.005000+00:00,1661184000005,2022-08-22T16:00:00.005000+00:00,7.481e-05,0.0
2022-08-23 00:00:00+00:00,1661212800000,2022-08-23T00:00:00+00:00,6.559e-05,0.0
2022-08-23 08:00:00.021000+00:00,1661241600021,2022-08-23T08:00:00.021000+00:00,-1.8e-05,0.0
2022-08-23 16:00:00.005000+00:00,1661270400005,2022-08-23T16:00:00.005000+00:00,-9.315e-05,0.0
2022-08-24 00:00:00.017000+00:00,1661299200017,2022-08-24T00:00:00.017000+00:00,-8.879e-05,0.0
2022-08-24 08:00:00.021000+00:00,1661328000021,2022-08-24T08:00:00.021000+00:00,-2.313e-05,0.0
2022-08-24 16:00:00+00:00,1661356800000,2022-08-24T16:00:00+00:00,5.38e-06,0.0
2022-08-25 00:00:00.003000+00:00,1661385600003,2022-08-25T00:00:00.003000+00:00,-9.281e-05,0.0
2022-08-25 08:00:00+00:00,1661414400000,2022-08-25T08:00:00+00:00,-1.814e-05,0.0
2022-08-25 16:00:00.004000+00:00,1661443200004,2022-08-25T16:00:00.004000+00:00,2.635e-05,0.0
2022-08-26 00:00:00.001000+00:00,1661472000001,2022-08-26T00:00:00.001000+00:00,4.613e-05,0.0
2022-08-26 08:00:00.004000+00:00,1661500800004,2022-08-26T08:00:00.004000+00:00,2.49e-05,0.0
2022-08-26 16:00:00+00:00,1661529600000,2022-08-26T16:00:00+00:00,8.902e-05,0.0
2022-08-27 00:00:00.010000+00:00,1661558400010,2022-08-27T00:00:00.010000+00:00,-0.0002075,0.0
2022-08-27 08:00:00.007000+00:00,1661587200007,2022-08-27T08:00:00.007000+00:00,-7.754e-05,0.0
2022-08-27 16:00:00.008000+00:00,1661616000008,2022-08-27T16:00:00.008000+00:00,-0.000272,0.0
2022-08-28 00:00:00.019000+00:00,1661644800019,2022-08-28T00:00:00.019000+00:00,-0.0002537,0.0
2022-08-28 08:00:00+00:00,1661673600000,2022-08-28T08:00:00+00:00,-0.0002688,0.0
2022-08-28 16:00:00+00:00,1661702400000,2022-08-28T16:00:00+00:00,1.893e-05,0.0
2022-08-29 00:00:00+00:00,1661731200000,2022-08-29T00:00:00+00:00,-0.00024797,0.0
2022-08-29 08:00:00+00:00,1661760000000,2022-08-29T08:00:00+00:00,-0.00017053,0.0
2022-08-29 16:00:00.001000+00:00,1661788800001,2022-08-29T16:00:00.001000+00:00,-6.657e-05,0.0
2022-08-30 00:00:00.001000+00:00,1661817600001,2022-08-30T00:00:00.001000+00:00,-9.478e-05,0.0
2022-08-30 08:00:00.005000+00:00,1661846400005,2022-08-30T08:00:00.005000+00:00,-6.689e-05,0.0
2022-08-30 16:00:00.010000+00:00,1661875200010,2022-08-30T16:00:00.010000+00:00,-5.782e-05,0.0
2022-08-31 00:00:00+00:00,1661904000000,2022-08-31T00:00:00+00:00,-0.00011151,0.0
2022-08-31 08:00:00.005000+00:00,1661932800005,2022-08-31T08:00:00.005000+00:00,-2.5e-07,0.0
2022-08-31 16:00:00.013000+00:00,1661961600013,2022-08-31T16:00:00.013000+00:00,7.105e-05,0.0
2022-09-01 00:00:00.012000+00:00,1661990400012,2022-09-01T00:00:00.012000+00:00,-1.273e-05,0.0
2022-09-01 08:00:00+00:00,1662019200000,2022-09-01T08:00:00+00:00,9.18e-06,0.0
2022-09-01 16:00:00.013000+00:00,1662048000013,2022-09-01T16:00:00.013000+00:00,-7.998e-05,0.0
2022-09-02 00:00:00.002000+00:00,1662076800002,2022-09-02T00:00:00.002000+00:00,5.469e-05,0.0
2022-09-02 08:00:00.013000+00:00,1662105600013,2022-09-02T08:00:00.013000+00:00,3.291e-05,0.0
2022-09-02 16:00:00+00:00,1662134400000,2022-09-02T16:00:00+00:00,-1.84e-05,0.0
2022-09-03 00:00:00+00:00,1662163200000,2022-09-03T00:00:00+00:00,-0.00012553,0.0
2022-09-03 08:00:00.002000+00:00,1662192000002,2022-09-03T08:00:00.002000+00:00,-0.00010187,0.0
2022-09-03 16:00:00.007000+00:00,1662220800007,2022-09-03T16:00:00.007000+00:00,-9.441e-05,0.0
2022-09-04 00:00:00.008000+00:00,1662249600008,2022-09-04T00:00:00.008000+00:00,1.789e-05,0.0
2022-09-04 08:00:00.009000+00:00,1662278400009,2022-09-04T08:00:00.009000+00:00,-4.425e-05,0.0
2022-09-04 16:00:00+00:00,1662307200000,2022-09-04T16:00:00+00:00,-9.236e-05,0.0
2022-09-05 00:00:00.015000+00:00,1662336000015,2022-09-05T00:00:00.015000+00:00,8.77e-06,0.0
2022-09-05 08:00:00.013000+00:00,1662364800013,2022-09-05T08:00:00.013000+00:00,-0.00010286,0.0
2022-09-05 16:00:00.007000+00:00,1662393600007,2022-09-05T16:00:00.007000+00:00,-5.01e-05,0.0
2022-09-06 00:00:00.018000+00:00,1662422400018,2022-09-06T00:00:00.018000+00:00,-0.00016568,0.0
2022-09-06 08:00:00.020000+00:00,1662451200020,2022-09-06T08:00:00.020000+00:00,-0.00013291,0.0
2022-09-06 16:00:00.028000+00:00,1662480000028,2022-09-06T16:00:00.028000+00:00,-2.352e-05,0.0
2022-09-07 00:00:00.013000+00:00,1662508800013,2022-09-07T00:00:00.013000+00:00,-0.0001677,0.0
2022-09-07 08:00:00.022000+00:00,1662537600022,2022-09-07T08:00:00.022000+00:00,-0.00027449,0.0
2022-09-07 16:00:00.021000+00:00,1662566400021,2022-09-07T16:00:00.021000+00:00,-0.00018414,0.0
2022-09-08 00:00:00.010000+00:00,1662595200010,2022-09-08T00:00:00.010000+00:00,1.215e-05,0.0
2022-09-08 08:00:00+00:00,1662624000000,2022-09-08T08:00:00+00:00,-1.24e-05,0.0
2022-09-08 16:00:00.003000+00:00,1662652800003,2022-09-08T16:00:00.003000+00:00,-6.039e-05,0.0
2022-09-09 00:00:00.011000+00:00,1662681600011,2022-09-09T00:00:00.011000+00:00,-8.28e-05,0.0
2022-09-09 08:00:00+00:00,1662710400000,2022-09-09T08:00:00+00:00,-3.837e-05,0.0
2022-09-09 16:00:00+00:00,1662739200000,2022-09-09T16:00:00+00:00,-0.00012468,0.0
2022-09-10 00:00:00.003000+00:00,1662768000003,2022-09-10T00:00:00.003000+00:00,-7.115e-05,0.0
2022-09-10 08:00:00+00:00,1662796800000,2022-09-10T08:00:00+00:00,-0.00020439,0.0
2022-09-10 16:00:00.012000+00:00,1662825600012,2022-09-10T16:00:00.012000+00:00,-0.00014116,0.0
2022-09-11 00:00:00.009000+00:00,1662854400009,2022-09-11T00:00:00.009000+00:00,-0.00011556,0.0
2022-09-11 08:00:00.012000+00:00,1662883200012,2022-09-11T08:00:00.012000+00:00,-0.00016606,0.0
2022-09-11 16:00:00.005000+00:00,1662912000005,2022-09-11T16:00:00.005000+00:00,-0.00031696,0.0
2022-09-12 00:00:00.007000+00:00,1662940800007,2022-09-12T00:00:00.007000+00:00,-0.00034442,0.0
2022-09-12 08:00:00.013000+00:00,1662969600013,2022-09-12T08:00:00.013000+00:00,-0.0002761,0.0
2022-09-12 16:00:00+00:00,1662998400000,2022-09-12T16:00:00+00:00,-0.00038902,0.0
2022-09-13 00:00:00.004000+00:00,1663027200004,2022-09-13T00:00:00.004000+00:00,-0.00028397,0.0
2022-09-13 08:00:00+00:00,1663056000000,2022-09-13T08:00:00+00:00,-0.00047985,0.0
2022-09-13 16:00:00+00:00,1663084800000,2022-09-13T16:00:00+00:00,-0.0004662,0.0
2022-09-14 00:00:00+00:00,1663113600000,2022-09-14T00:00:00+00:00,-0.00111142,0.0
2022-09-14 08:00:00+00:00,1663142400000,2022-09-14T08:00:00+00:00,-0.00182506,0.0
2022-09-14 16:00:00+00:00,1663171200000,2022-09-14T16:00:00+00:00,-0.00172134,0.0
2022-09-15 00:00:00.019000+00:00,1663200000019,2022-09-15T00:00:00.019000+00:00,-0.00301937,0.0
2022-09-15 08:00:00.012000+00:00,1663228800012,2022-09-15T08:00:00.012000+00:00,-0.00216987,0.0
2022-09-15 16:00:00.007000+00:00,1663257600007,2022-09-15T16:00:00.007000+00:00,-0.00010393,0.0
2022-09-16 00:00:00+00:00,1663286400000,2022-09-16T00:00:00+00:00,-7.76e-06,0.0
2022-09-16 08:00:00+00:00,1663315200000,2022-09-16T08:00:00+00:00,-2.35e-06,0.0
2022-09-16 16:00:00+00:00,1663344000000,2022-09-16T16:00:00+00:00,0.0001,0.0
2022-09-17 00:00:00+00:00,1663372800000,2022-09-17T00:00:00+00:00,7.4e-05,0.0
2022-09-17 08:00:00.012000+00:00,1663401600012,2022-09-17T08:00:00.012000+00:00,7.913e-05,0.0
2022-09-17 16:00:00.017000+00:00,1663430400017,2022-09-17T16:00:00.017000+00:00,4.111e-05,0.0
2022-09-18 00:00:00+00:00,1663459200000,2022-09-18T00:00:00+00:00,8.41e-06,0.0
2022-09-18 08:00:00.004000+00:00,1663488000004,2022-09-18T08:00:00.004000+00:00,8.234e-05,0.0
2022-09-18 16:00:00+00:00,1663516800000,2022-09-18T16:00:00+00:00,6.342e-05,0.0
2022-09-19 00:00:00.018000+00:00,1663545600018,2022-09-19T00:00:00.018000+00:00,-0.00010281,0.0
2022-09-19 08:00:00.006000+00:00,1663574400006,2022-09-19T08:00:00.006000+00:00,-4.91e-06,0.0
2022-09-19 16:00:00.010000+00:00,1663603200010,2022-09-19T16:00:00.010000+00:00,-9.737e-05,0.0
2022-09-20 00:00:00.007000+00:00,1663632000007,2022-09-20T00:00:00.007000+00:00,-0.00010865,0.0
2022-09-20 08:00:00.001000+00:00,1663660800001,2022-09-20T08:00:00.001000+00:00,-0.00012011,0.0
2022-09-20 16:00:00+00:00,1663689600000,2022-09-20T16:00:00+00:00,2.77e-06,0.0
2022-09-21 00:00:00.001000+00:00,1663718400001,2022-09-21T00:00:00.001000+00:00,-3.849e-05,0.0
2022-09-21 08:00:00.005000+00:00,1663747200005,2022-09-21T08:00:00.005000+00:00,-2.285e-05,0.0
2022-09-21 16:00:00+00:00,1663776000000,2022-09-21T16:00:00+00:00,-7.656e-05,0.0
2022-09-22 00:00:00+00:00,1663804800000,2022-09-22T00:00:00+00:00,-0.00024234,0.0
2022-09-22 08:00:00+00:00,1663833600000,2022-09-22T08:00:00+00:00,-0.00023437,0.0
2022-09-22 16:00:00.011000+00:00,1663862400011,2022-09-22T16:00:00.011000+00:00,-0.00013047,0.0
2022-09-23 00:00:00.023000+00:00,1663891200023,2022-09-23T00:00:00.023000+00:00,-1.456e-05,0.0
2022-09-23 08:00:00.004000+00:00,1663920000004,2022-09-23T08:00:00.004000+00:00,-4.759e-05,0.0
2022-09-23 16:00:00.005000+00:00,1663948800005,2022-09-23T16:00:00.005000+00:00,-5.042e-05,0.0
2022-09-24 00:00:00+00:00,1663977600000,2022-09-24T00:00:00+00:00,1.491e-05,0.0
2022-09-24 08:00:00.005000+00:00,1664006400005,2022-09-24T08:00:00.005000+00:00,4.468e-05,0.0
2022-09-24 16:00:00+00:00,1664035200000,2022-09-24T16:00:00+00:00,-8.115e-05,0.0
2022-09-25 00:00:00.010000+00:00,1664064000010,2022-09-25T00:00:00.010000+00:00,1.22e-06,0.0
2022-09-25 08:00:00+00:00,1664092800000,2022-09-25T08:00:00+00:00,-4.292e-05,0.0
2022-09-25 16:00:00.003000+00:00,1664121600003,2022-09-25T16:00:00.003000+00:00,4.49e-06,0.0
2022-09-26 00:00:00.001000+00:00,1664150400001,2022-09-26T00:00:00.001000+00:00,4.23e-06,0.0
2022-09-26 08:00:00.006000+00:00,1664179200006,2022-09-26T08:00:00.006000+00:00,0.0001,0.0
2022-09-26 16:00:00+00:00,1664208000000,2022-09-26T16:00:00+00:00,-1.379e-05,0.0
2022-09-27 00:00:00.026000+00:00,1664236800026,2022-09-27T00:00:00.026000+00:00,2.194e-05,0.0
2022-09-27 08:00:00.004000+00:00,1664265600004,2022-09-27T08:00:00.004000+00:00,1.777e-05,0.0
2022-09-27 16:00:00.006000+00:00,1664294400006,2022-09-27T16:00:00.006000+00:00,1.303e-05,0.0
2022-09-28 00:00:00.011000+00:00,1664323200011,2022-09-28T00:00:00.011000+00:00,-1.018e-05,0.0
2022-09-28 08:00:00+00:00,1664352000000,2022-09-28T08:00:00+00:00,-2.348e-05,0.0
2022-09-28 16:00:00+00:00,1664380800000,2022-09-28T16:00:00+00:00,-7.573e-05,0.0
2022-09-29 00:00:00.010000+00:00,1664409600010,2022-09-29T00:00:00.010000+00:00,6.004e-05,0.0
2022-09-29 08:00:00+00:00,1664438400000,2022-09-29T08:00:00+00:00,0.0001,0.0
2022-09-29 16:00:00+00:00,1664467200000,2022-09-29T16:00:00+00:00,2.149e-05,0.0
2022-09-30 00:00:00.006000+00:00,1664496000006,2022-09-30T00:00:00.006000+00:00,1.17e-05,0.0
2022-09-30 08:00:00.002000+00:00,1664524800002,2022-09-30T08:00:00.002000+00:00,7.176e-05,0.0
2022-09-30 16:00:00.007000+00:00,1664553600007,2022-09-30T16:00:00.007000+00:00,0.0001,0.0
2022-10-01 00:00:00.008000+00:00,1664582400008,2022-10-01T00:00:00.008000+00:00,8.185e-05,0.0
2022-10-01 08:00:00.011000+00:00,1664611200011,2022-10-01T08:00:00.011000+00:00,6.857e-05,0.0
2022-10-01 16:00:00+00:00,1664640000000,2022-10-01T16:00:00+00:00,5.117e-05,0.0
2022-10-02 00:00:00+00:00,1664668800000,2022-10-02T00:00:00+00:00,1.239e-05,0.0
2022-10-02 08:00:00+00:00,1664697600000,2022-10-02T08:00:00+00:00,4.395e-05,0.0
2022-10-02 16:00:00.006000+00:00,1664726400006,2022-10-02T16:00:00.006000+00:00,-2.183e-05,0.0
2022-10-03 00:00:00+00:00,1664755200000,2022-10-03T00:00:00+00:00,-2.23e-05,0.0
2022-10-03 08:00:00.014000+00:00,1664784000014,2022-10-03T08:00:00.014000+00:00,2.229e-05,0.0
2022-10-03 16:00:00.010000+00:00,1664812800010,2022-10-03T16:00:00.010000+00:00,-9.98e-06,0.0
2022-10-04 00:00:00.006000+00:00,1664841600006,2022-10-04T00:00:00.006000+00:00,7.858e-05,0.0
2022-10-04 08:00:00.004000+00:00,1664870400004,2022-10-04T08:00:00.004000+00:00,0.0001,0.0
2022-10-04 16:00:00.013000+00:00,1664899200013,2022-10-04T16:00:00.013000+00:00,3.575e-05,0.0
2022-10-05 00:00:00+00:00,1664928000000,2022-10-05T00:00:00+00:00,1.819e-05,0.0
2022-10-05 08:00:00+00:00,1664956800000,2022-10-05T08:00:00+00:00,3.45e-06,0.0
2022-10-05 16:00:00.012000+00:00,1664985600012,2022-10-05T16:00:00.012000+00:00,-3.017e-05,0.0
2022-10-06 00:00:00.008000+00:00,1665014400008,2022-10-06T00:00:00.008000+00:00,2.418e-05,0.0
2022-10-06 08:00:00.002000+00:00,1665043200002,2022-10-06T08:00:00.002000+00:00,5.188e-05,0.0
2022-10-06 16:00:00.006000+00:00,1665072000006,2022-10-06T16:00:00.006000+00:00,-1.15e-05,0.0
2022-10-07 00:00:00+00:00,1665100800000,2022-10-07T00:00:00+00:00,2.157e-05,0.0
2022-10-07 08:00:00+00:00,1665129600000,2022-10-07T08:00:00+00:00,3.248e-05,0.0
2022-10-07 16:00:00.007000+00:00,1665158400007,2022-10-07T16:00:00.007000+00:00,3.9e-06,0.0
2022-10-08 00:00:00.010000+00:00,1665187200010,2022-10-08T00:00:00.010000+00:00,5.904e-05,0.0
2022-10-08 08:00:00.004000+00:00,1665216000004,2022-10-08T08:00:00.004000+00:00,6.993e-05,0.0
2022-10-08 16:00:00.018000+00:00,1665244800018,2022-10-08T16:00:00.018000+00:00,8.939e-05,0.0
2022-10-09 00:00:00+00:00,1665273600000,2022-10-09T00:00:00+00:00,3.902e-05,0.0
2022-10-09 08:00:00.007000+00:00,1665302400007,2022-10-09T08:00:00.007000+00:00,1.819e-05,0.0
2022-10-09 16:00:00.011000+00:00,1665331200011,2022-10-09T16:00:00.011000+00:00,-5.165e-05,0.0
2022-10-10 00:00:00.018000+00:00,1665360000018,2022-10-10T00:00:00.018000+00:00,4.749e-05,0.0
2022-10-10 08:00:00+00:00,1665388800000,2022-10-10T08:00:00+00:00,2.784e-05,0.0
2022-10-10 16:00:00.026000+00:00,1665417600026,2022-10-10T16:00:00.026000+00:00,2.352e-05,0.0
2022-10-11 00:00:00.020000+00:00,1665446400020,2022-10-11T00:00:00.020000+00:00,7.133e-05,0.0
2022-10-11 08:00:00.027000+00:00,1665475200027,2022-10-11T08:00:00.027000+00:00,3.552e-05,0.0
2022-10-11 16:00:00+00:00,1665504000000,2022-10-11T16:00:00+00:00,4.405e-05,0.0
2022-10-12 00:00:00.014000+00:00,1665532800014,2022-10-12T00:00:00.014000+00:00,8.85e-05,0.0
2022-10-12 08:00:00+00:00,1665561600000,2022-10-12T08:00:00+00:00,-1.598e-05,0.0
2022-10-12 16:00:00+00:00,1665590400000,2022-10-12T16:00:00+00:00,7.18e-06,0.0
2022-10-13 00:00:00.013000+00:00,1665619200013,2022-10-13T00:00:00.013000+00:00,-0.00018211,0.0
2022-10-13 08:00:00.016000+00:00,1665648000016,2022-10-13T08:00:00.016000+00:00,8.18e-05,0.0
2022-10-13 16:00:00.009000+00:00,1665676800009,2022-10-13T16:00:00.009000+00:00,-0.00010154,0.0
2022-10-14 00:00:00.020000+00:00,1665705600020,2022-10-14T00:00:00.020000+00:00,2e-06,0.0
2022-10-14 08:00:00+00:00,1665734400000,2022-10-14T08:00:00+00:00,0.0001,0.0
2022-10-14 16:00:00.009000+00:00,1665763200009,2022-10-14T16:00:00.009000+00:00,0.0001,0.0
2022-10-15 00:00:00.001000+00:00,1665792000001,2022-10-15T00:00:00.001000+00:00,5.95e-05,0.0
2022-10-15 08:00:00.005000+00:00,1665820800005,2022-10-15T08:00:00.005000+00:00,-5.48e-06,0.0
2022-10-15 16:00:00.004000+00:00,1665849600004,2022-10-15T16:00:00.004000+00:00,-8.01e-06,0.0
2022-10-16 00:00:00.012000+00:00,1665878400012,2022-10-16T00:00:00.012000+00:00,2.73e-06,0.0
2022-10-16 08:00:00+00:00,1665907200000,2022-10-16T08:00:00+00:00,-1.934e-05,0.0
2022-10-16 16:00:00.010000+00:00,1665936000010,2022-10-16T16:00:00.010000+00:00,1.261e-05,0.0
2022-10-17 00:00:00.012000+00:00,1665964800012,2022-10-17T00:00:00.012000+00:00,7.5e-06,0.0
2022-10-17 08:00:00.010000+00:00,1665993600010,2022-10-17T08:00:00.010000+00:00,3.595e-05,0.0
2022-10-17 16:00:00.017000+00:00,1666022400017,2022-10-17T16:00:00.017000+00:00,5.61e-05,0.0
2022-10-18 00:00:00.010000+00:00,1666051200010,2022-10-18T00:00:00.010000+00:00,6.43e-05,0.0
2022-10-18 08:00:00.008000+00:00,1666080000008,2022-10-18T08:00:00.008000+00:00,5.818e-05,0.0
2022-10-18 16:00:00+00:00,1666108800000,2022-10-18T16:00:00+00:00,8.2e-05,0.0
2022-10-19 00:00:00.007000+00:00,1666137600007,2022-10-19T00:00:00.007000+00:00,6.911e-05,0.0
2022-10-19 08:00:00.022000+00:00,1666166400022,2022-10-19T08:00:00.022000+00:00,0.0001,0.0
2022-10-19 16:00:00.016000+00:00,1666195200016,2022-10-19T16:00:00.016000+00:00,3.885e-05,0.0
2022-10-20 00:00:00+00:00,1666224000000,2022-10-20T00:00:00+00:00,1.115e-05,0.0
2022-10-20 08:00:00.013000+00:00,1666252800013,2022-10-20T08:00:00.013000+00:00,6.032e-05,0.0
2022-10-20 16:00:00+00:00,1666281600000,2022-10-20T16:00:00+00:00,-5.194e-05,0.0
2022-10-21 00:00:00.005000+00:00,1666310400005,2022-10-21T00:00:00.005000+00:00,0.0001,0.0
2022-10-21 08:00:00.018000+00:00,1666339200018,2022-10-21T08:00:00.018000+00:00,1.939e-05,0.0
2022-10-21 16:00:00+00:00,1666368000000,2022-10-21T16:00:00+00:00,2.595e-05,0.0
2022-10-22 00:00:00+00:00,1666396800000,2022-10-22T00:00:00+00:00,2.568e-05,0.0
2022-10-22 08:00:00.015000+00:00,1666425600015,2022-10-22T08:00:00.015000+00:00,-7.96e-06,0.0
2022-10-22 16:00:00+00:00,1666454400000,2022-10-22T16:00:00+00:00,-3.726e-05,0.0
2022-10-23 00:00:00.025000+00:00,1666483200025,2022-10-23T00:00:00.025000+00:00,1.025e-05,0.0
2022-10-23 08:00:00+00:00,1666512000000,2022-10-23T08:00:00+00:00,2.352e-05,0.0
2022-10-23 16:00:00.004000+00:00,1666540800004,2022-10-23T16:00:00.004000+00:00,0.0001,0.0
2022-10-24 00:00:00.009000+00:00,1666569600009,2022-10-24T00:00:00.009000+00:00,9.274e-05,0.0
2022-10-24 08:00:00.012000+00:00,1666598400012,2022-10-24T08:00:00.012000+00:00,0.0001,0.0
2022-10-24 16:00:00.002000+00:00,1666627200002,2022-10-24T16:00:00.002000+00:00,-2.685e-05,0.0
2022-10-25 00:00:00.013000+00:00,1666656000013,2022-10-25T00:00:00.013000+00:00,-5.643e-05,0.0
2022-10-25 08:00:00.013000+00:00,1666684800013,2022-10-25T08:00:00.013000+00:00,3.537e-05,0.0
2022-10-25 16:00:00+00:00,1666713600000,2022-10-25T16:00:00+00:00,1.973e-05,0.0
2022-10-26 00:00:00.006000+00:00,1666742400006,2022-10-26T00:00:00.006000+00:00,0.0001,0.0
2022-10-26 08:00:00.013000+00:00,1666771200013,2022-10-26T08:00:00.013000+00:00,-2.452e-05,0.0
2022-10-26 16:00:00+00:00,1666800000000,2022-10-26T16:00:00+00:00,0.0001,0.0
2022-10-27 00:00:00.009000+00:00,1666828800009,2022-10-27T00:00:00.009000+00:00,8.299e-05,0.0
2022-10-27 08:00:00.006000+00:00,1666857600006,2022-10-27T08:00:00.006000+00:00,5.005e-05,0.0
2022-10-27 16:00:00.009000+00:00,1666886400009,2022-10-27T16:00:00.009000+00:00,-3.37e-05,0.0
2022-10-28 00:00:00+00:00,1666915200000,2022-10-28T00:00:00+00:00,2.272e-05,0.0
2022-10-28 08:00:00+00:00,1666944000000,2022-10-28T08:00:00+00:00,4.042e-05,0.0
2022-10-28 16:00:00.007000+00:00,1666972800007,2022-10-28T16:00:00.007000+00:00,1.87e-05,0.0
2022-10-29 00:00:00+00:00,1667001600000,2022-10-29T00:00:00+00:00,6.207e-05,0.0
2022-10-29 08:00:00.003000+00:00,1667030400003,2022-10-29T08:00:00.003000+00:00,8.203e-05,0.0
2022-10-29 16:00:00.010000+00:00,1667059200010,2022-10-29T16:00:00.010000+00:00,0.0001,0.0
2022-10-30 00:00:00+00:00,1667088000000,2022-10-30T00:00:00+00:00,7.735e-05,0.0
2022-10-30 08:00:00.013000+00:00,1667116800013,2022-10-30T08:00:00.013000+00:00,9.296e-05,0.0
2022-10-30 16:00:00.009000+00:00,1667145600009,2022-10-30T16:00:00.009000+00:00,0.0001,0.0
2022-10-31 00:00:00.012000+00:00,1667174400012,2022-10-31T00:00:00.012000+00:00,6.308e-05,0.0
2022-10-31 08:00:00+00:00,1667203200000,2022-10-31T08:00:00+00:00,0.0001,0.0
2022-10-31 16:00:00.010000+00:00,1667232000010,2022-10-31T16:00:00.010000+00:00,-2.88e-06,0.0
2022-11-01 00:00:00+00:00,1667260800000,2022-11-01T00:00:00+00:00,7.95e-06,0.0
2022-11-01 08:00:00+00:00,1667289600000,2022-11-01T08:00:00+00:00,-5.701e-05,0.0
2022-11-01 16:00:00+00:00,1667318400000,2022-11-01T16:00:00+00:00,1.321e-05,0.0
2022-11-02 00:00:00+00:00,1667347200000,2022-11-02T00:00:00+00:00,7.678e-05,0.0
2022-11-02 08:00:00+00:00,1667376000000,2022-11-02T08:00:00+00:00,2.913e-05,0.0
2022-11-02 16:00:00.019000+00:00,1667404800019,2022-11-02T16:00:00.019000+00:00,5.813e-05,0.0
2022-11-03 00:00:00.011000+00:00,1667433600011,2022-11-03T00:00:00.011000+00:00,-8.892e-05,0.0
2022-11-03 08:00:00.016000+00:00,1667462400016,2022-11-03T08:00:00.016000+00:00,-7.732e-05,0.0
2022-11-03 16:00:00.005000+00:00,1667491200005,2022-11-03T16:00:00.005000+00:00,2.55e-06,0.0
2022-11-04 00:00:00+00:00,1667520000000,2022-11-04T00:00:00+00:00,1.398e-05,0.0
2022-11-04 08:00:00.004000+00:00,1667548800004,2022-11-04T08:00:00.004000+00:00,9.293e-05,0.0
2022-11-04 16:00:00.020000+00:00,1667577600020,2022-11-04T16:00:00.020000+00:00,0.0001,0.0
2022-11-05 00:00:00.009000+00:00,1667606400009,2022-11-05T00:00:00.009000+00:00,9.19e-05,0.0
2022-11-05 08:00:00.007000+00:00,1667635200007,2022-11-05T08:00:00.007000+00:00,1.474e-05,0.0
2022-11-05 16:00:00.018000+00:00,1667664000018,2022-11-05T16:00:00.018000+00:00,5.826e-05,0.0
2022-11-06 00:00:00.009000+00:00,1667692800009,2022-11-06T00:00:00.009000+00:00,8.014e-05,0.0
2022-11-06 08:00:00+00:00,1667721600000,2022-11-06T08:00:00+00:00,0.0001,0.0
2022-11-06 16:00:00.010000+00:00,1667750400010,2022-11-06T16:00:00.010000+00:00,4.026e-05,0.0
2022-11-07 00:00:00.012000+00:00,1667779200012,2022-11-07T00:00:00.012000+00:00,2.594e-05,0.0
2022-11-07 08:00:00.014000+00:00,1667808000014,2022-11-07T08:00:00.014000+00:00,-2.72e-06,0.0
2022-11-07 16:00:00.006000+00:00,1667836800006,2022-11-07T16:00:00.006000+00:00,0.0001,0.0
2022-11-08 00:00:00+00:00,1667865600000,2022-11-08T00:00:00+00:00,-5.728e-05,0.0
2022-11-08 08:00:00.001000+00:00,1667894400001,2022-11-08T08:00:00.001000+00:00,-0.00011539,0.0
2022-11-08 16:00:00.005000+00:00,1667923200005,2022-11-08T16:00:00.005000+00:00,7.883e-05,0.0
2022-11-09 00:00:00+00:00,1667952000000,2022-11-09T00:00:00+00:00,-0.00038496,0.0
2022-11-09 08:00:00.013000+00:00,1667980800013,2022-11-09T08:00:00.013000+00:00,-0.00012169,0.0
2022-11-09 16:00:00.004000+00:00,1668009600004,2022-11-09T16:00:00.004000+00:00,-0.00054682,0.0
2022-11-10 00:00:00.006000+00:00,1668038400006,2022-11-10T00:00:00.006000+00:00,-0.00060149,0.0
2022-11-10 08:00:00+00:00,1668067200000,2022-11-10T08:00:00+00:00,-0.000543,0.0
2022-11-10 16:00:00.015000+00:00,1668096000015,2022-11-10T16:00:00.015000+00:00,-0.00015464,0.0
2022-11-11 00:00:00+00:00,1668124800000,2022-11-11T00:00:00+00:00,-0.00016788,0.0
2022-11-11 08:00:00.015000+00:00,1668153600015,2022-11-11T08:00:00.015000+00:00,-0.00013634,0.0
2022-11-11 16:00:00.027000+00:00,1668182400027,2022-11-11T16:00:00.027000+00:00,2.873e-05,0.0
2022-11-12 00:00:00.007000+00:00,1668211200007,2022-11-12T00:00:00.007000+00:00,9.985e-05,0.0
2022-11-12 08:00:00.016000+00:00,1668240000016,2022-11-12T08:00:00.016000+00:00,4.863e-05,0.0
2022-11-12 16:00:00+00:00,1668268800000,2022-11-12T16:00:00+00:00,9.984e-05,0.0
2022-11-13 00:00:00.004000+00:00,1668297600004,2022-11-13T00:00:00.004000+00:00,-9.28e-06,0.0
2022-11-13 08:00:00+00:00,1668326400000,2022-11-13T08:00:00+00:00,-8.449e-05,0.0
2022-11-13 16:00:00.017000+00:00,1668355200017,2022-11-13T16:00:00.017000+00:00,-1.748e-05,0.0
2022-11-14 00:00:00+00:00,1668384000000,2022-11-14T00:00:00+00:00,2.81e-05,0.0
2022-11-14 08:00:00+00:00,1668412800000,2022-11-14T08:00:00+00:00,2.254e-05,0.0
2022-11-14 16:00:00+00:00,1668441600000,2022-11-14T16:00:00+00:00,5.237e-05,0.0
2022-11-15 00:00:00.014000+00:00,1668470400014,2022-11-15T00:00:00.014000+00:00,-8.644e-05,0.0
2022-11-15 08:00:00.009000+00:00,1668499200009,2022-11-15T08:00:00.009000+00:00,4.951e-05,0.0
2022-11-15 16:00:00.010000+00:00,1668528000010,2022-11-15T16:00:00.010000+00:00,-4.197e-05,0.0
2022-11-16 00:00:00.011000+00:00,1668556800011,2022-11-16T00:00:00.011000+00:00,-9.137e-05,0.0
2022-11-16 08:00:00.004000+00:00,1668585600004,2022-11-16T08:00:00.004000+00:00,1.19e-06,0.0
2022-11-16 16:00:00.008000+00:00,1668614400008,2022-11-16T16:00:00.008000+00:00,-4.556e-05,0.0
2022-11-17 00:00:00+00:00,1668643200000,2022-11-17T00:00:00+00:00,-9.394e-05,0.0
2022-11-17 08:00:00+00:00,1668672000000,2022-11-17T08:00:00+00:00,2.558e-05,0.0
2022-11-17 16:00:00.006000+00:00,1668700800006,2022-11-17T16:00:00.006000+00:00,-0.00010849,0.0
2022-11-18 00:00:00.004000+00:00,1668729600004,2022-11-18T00:00:00.004000+00:00,-8.46e-05,0.0
2022-11-18 08:00:00.016000+00:00,1668758400016,2022-11-18T08:00:00.016000+00:00,-6.951e-05,0.0
2022-11-18 16:00:00+00:00,1668787200000,2022-11-18T16:00:00+00:00,-5.327e-05,0.0
2022-11-19 00:00:00+00:00,1668816000000,2022-11-19T00:00:00+00:00,6.481e-05,0.0
2022-11-19 08:00:00.004000+00:00,1668844800004,2022-11-19T08:00:00.004000+00:00,4.413e-05,0.0
2022-11-19 16:00:00.024000+00:00,1668873600024,2022-11-19T16:00:00.024000+00:00,5.99e-05,0.0
2022-11-20 00:00:00.015000+00:00,1668902400015,2022-11-20T00:00:00.015000+00:00,3.77e-06,0.0
2022-11-20 08:00:00.004000+00:00,1668931200004,2022-11-20T08:00:00.004000+00:00,5.73e-05,0.0
2022-11-20 16:00:00+00:00,1668960000000,2022-11-20T16:00:00+00:00,-2.008e-05,0.0
2022-11-21 00:00:00.006000+00:00,1668988800006,2022-11-21T00:00:00.006000+00:00,-0.00020459,0.0
2022-11-21 08:00:00.015000+00:00,1669017600015,2022-11-21T08:00:00.015000+00:00,-2.17e-05,0.0
2022-11-21 16:00:00+00:00,1669046400000,2022-11-21T16:00:00+00:00,4.666e-05,0.0
2022-11-22 00:00:00+00:00,1669075200000,2022-11-22T00:00:00+00:00,-6.623e-05,0.0
2022-11-22 08:00:00+00:00,1669104000000,2022-11-22T08:00:00+00:00,-2.821e-05,0.0
2022-11-22 16:00:00+00:00,1669132800000,2022-11-22T16:00:00+00:00,6.368e-05,0.0
2022-11-23 00:00:00+00:00,1669161600000,2022-11-23T00:00:00+00:00,6.088e-05,0.0
2022-11-23 08:00:00.011000+00:00,1669190400011,2022-11-23T08:00:00.011000+00:00,-4.079e-05,0.0
2022-11-23 16:00:00.014000+00:00,1669219200014,2022-11-23T16:00:00.014000+00:00,-9.414e-05,0.0
2022-11-24 00:00:00.007000+00:00,1669248000007,2022-11-24T00:00:00.007000+00:00,4.96e-05,0.0
2022-11-24 08:00:00.014000+00:00,1669276800014,2022-11-24T08:00:00.014000+00:00,-6.135e-05,0.0
2022-11-24 16:00:00.013000+00:00,1669305600013,2022-11-24T16:00:00.013000+00:00,3.796e-05,0.0
2022-11-25 00:00:00.004000+00:00,1669334400004,2022-11-25T00:00:00.004000+00:00,5.572e-05,0.0
2022-11-25 08:00:00.015000+00:00,1669363200015,2022-11-25T08:00:00.015000+00:00,5.499e-05,0.0
2022-11-25 16:00:00+00:00,1669392000000,2022-11-25T16:00:00+00:00,-3.074e-05,0.0
2022-11-26 00:00:00.011000+00:00,1669420800011,2022-11-26T00:00:00.011000+00:00,-4.472e-05,0.0
2022-11-26 08:00:00+00:00,1669449600000,2022-11-26T08:00:00+00:00,-5.666e-05,0.0
2022-11-26 16:00:00+00:00,1669478400000,2022-11-26T16:00:00+00:00,-6.554e-05,0.0
2022-11-27 00:00:00.012000+00:00,1669507200012,2022-11-27T00:00:00.012000+00:00,-4.687e-05,0.0
2022-11-27 08:00:00+00:00,1669536000000,2022-11-27T08:00:00+00:00,-0.00011497,0.0
2022-11-27 16:00:00.003000+00:00,1669564800003,2022-11-27T16:00:00.003000+00:00,3.854e-05,0.0
2022-11-28 00:00:00.015000+00:00,1669593600015,2022-11-28T00:00:00.015000+00:00,3.42e-06,0.0
2022-11-28 08:00:00.004000+00:00,1669622400004,2022-11-28T08:00:00.004000+00:00,-2.557e-05,0.0
2022-11-28 16:00:00.011000+00:00,1669651200011,2022-11-28T16:00:00.011000+00:00,-0.00012317,0.0
2022-11-29 00:00:00+00:00,1669680000000,2022-11-29T00:00:00+00:00,3.832e-05,0.0
2022-11-29 08:00:00.015000+00:00,1669708800015,2022-11-29T08:00:00.015000+00:00,2.946e-05,0.0
2022-11-29 16:00:00+00:00,1669737600000,2022-11-29T16:00:00+00:00,0.0001,0.0
2022-11-30 00:00:00.007000+00:00,1669766400007,2022-11-30T00:00:00.007000+00:00,9.218e-05,0.0
2022-11-30 08:00:00+00:00,1669795200000,2022-11-30T08:00:00+00:00,0.0001,0.0
2022-11-30 16:00:00.015000+00:00,1669824000015,2022-11-30T16:00:00.015000+00:00,0.0001,0.0
2022-12-01 00:00:00.001000+00:00,1669852800001,2022-12-01T00:00:00.001000+00:00,-1.967e-05,0.0
2022-12-01 08:00:00.006000+00:00,1669881600006,2022-12-01T08:00:00.006000+00:00,3.623e-05,0.0
2022-12-01 16:00:00+00:00,1669910400000,2022-12-01T16:00:00+00:00,0.0001,0.0
2022-12-02 00:00:00.001000+00:00,1669939200001,2022-12-02T00:00:00.001000+00:00,0.0001,0.0
2022-12-02 08:00:00.016000+00:00,1669968000016,2022-12-02T08:00:00.016000+00:00,-2.44e-06,0.0
2022-12-02 16:00:00.017000+00:00,1669996800017,2022-12-02T16:00:00.017000+00:00,4.87e-05,0.0
2022-12-03 00:00:00.006000+00:00,1670025600006,2022-12-03T00:00:00.006000+00:00,-4.81e-06,0.0
2022-12-03 08:00:00+00:00,1670054400000,2022-12-03T08:00:00+00:00,-2.779e-05,0.0
2022-12-03 16:00:00.011000+00:00,1670083200011,2022-12-03T16:00:00.011000+00:00,-2.251e-05,0.0
2022-12-04 00:00:00.006000+00:00,1670112000006,2022-12-04T00:00:00.006000+00:00,-4.991e-05,0.0
2022-12-04 08:00:00+00:00,1670140800000,2022-12-04T08:00:00+00:00,-1.49e-06,0.0
2022-12-04 16:00:00.006000+00:00,1670169600006,2022-12-04T16:00:00.006000+00:00,3.593e-05,0.0
2022-12-05 00:00:00.002000+00:00,1670198400002,2022-12-05T00:00:00.002000+00:00,5.566e-05,0.0
2022-12-05 08:00:00.011000+00:00,1670227200011,2022-12-05T08:00:00.011000+00:00,-2.459e-05,0.0
2022-12-05 16:00:00.008000+00:00,1670256000008,2022-12-05T16:00:00.008000+00:00,5.578e-05,0.0
2022-12-06 00:00:00.014000+00:00,1670284800014,2022-12-06T00:00:00.014000+00:00,4.181e-05,0.0
2022-12-06 08:00:00.027000+00:00,1670313600027,2022-12-06T08:00:00.027000+00:00,1.389e-05,0.0
2022-12-06 16:00:00.009000+00:00,1670342400009,2022-12-06T16:00:00.009000+00:00,4.364e-05,0.0
2022-12-07 00:00:00+00:00,1670371200000,2022-12-07T00:00:00+00:00,8.029e-05,0.0
2022-12-07 08:00:00+00:00,1670400000000,2022-12-07T08:00:00+00:00,5.95e-06,0.0
2022-12-07 16:00:00+00:00,1670428800000,2022-12-07T16:00:00+00:00,-2.33e-06,0.0
2022-12-08 00:00:00.006000+00:00,1670457600006,2022-12-08T00:00:00.006000+00:00,6.3e-07,0.0
2022-12-08 08:00:00+00:00,1670486400000,2022-12-08T08:00:00+00:00,1.744e-05,0.0
2022-12-08 16:00:00.014000+00:00,1670515200014,2022-12-08T16:00:00.014000+00:00,-9.2e-07,0.0
2022-12-09 00:00:00.017000+00:00,1670544000017,2022-12-09T00:00:00.017000+00:00,0.0001,0.0
2022-12-09 08:00:00.005000+00:00,1670572800005,2022-12-09T08:00:00.005000+00:00,6.855e-05,0.0
2022-12-09 16:00:00+00:00,1670601600000,2022-12-09T16:00:00+00:00,4.9e-05,0.0
2022-12-10 00:00:00.009000+00:00,1670630400009,2022-12-10T00:00:00.009000+00:00,-1.674e-05,0.0
2022-12-10 08:00:00.010000+00:00,1670659200010,2022-12-10T08:00:00.010000+00:00,6.407e-05,0.0
2022-12-10 16:00:00.001000+00:00,1670688000001,2022-12-10T16:00:00.001000+00:00,6.841e-05,0.0
2022-12-11 00:00:00.011000+00:00,1670716800011,2022-12-11T00:00:00.011000+00:00,-2.288e-05,0.0
2022-12-11 08:00:00.007000+00:00,1670745600007,2022-12-11T08:00:00.007000+00:00,1.946e-05,0.0
2022-12-11 16:00:00.011000+00:00,1670774400011,2022-12-11T16:00:00.011000+00:00,1.359e-05,0.0
2022-12-12 00:00:00+00:00,1670803200000,2022-12-12T00:00:00+00:00,3.843e-05,0.0
2022-12-12 08:00:00.004000+00:00,1670832000004,2022-12-12T08:00:00.004000+00:00,-2.359e-05,0.0
2022-12-12 16:00:00+00:00,1670860800000,2022-12-12T16:00:00+00:00,-2.692e-05,0.0
2022-12-13 00:00:00+00:00,1670889600000,2022-12-13T00:00:00+00:00,8.949e-05,0.0
2022-12-13 08:00:00.018000+00:00,1670918400018,2022-12-13T08:00:00.018000+00:00,0.0001,0.0
2022-12-13 16:00:00.011000+00:00,1670947200011,2022-12-13T16:00:00.011000+00:00,0.0001,0.0
2022-12-14 00:00:00.010000+00:00,1670976000010,2022-12-14T00:00:00.010000+00:00,0.0001,0.0
2022-12-14 08:00:00.015000+00:00,1671004800015,2022-12-14T08:00:00.015000+00:00,0.0001,0.0
2022-12-14 16:00:00.004000+00:00,1671033600004,2022-12-14T16:00:00.004000+00:00,0.0001,0.0
2022-12-15 00:00:00+00:00,1671062400000,2022-12-15T00:00:00+00:00,0.0001,0.0
2022-12-15 08:00:00.023000+00:00,1671091200023,2022-12-15T08:00:00.023000+00:00,0.0001,0.0
2022-12-15 16:00:00.010000+00:00,1671120000010,2022-12-15T16:00:00.010000+00:00,0.0001,0.0
2022-12-16 00:00:00.016000+00:00,1671148800016,2022-12-16T00:00:00.016000+00:00,0.0001,0.0
2022-12-16 08:00:00.011000+00:00,1671177600011,2022-12-16T08:00:00.011000+00:00,0.0001,0.0
2022-12-16 16:00:00.001000+00:00,1671206400001,2022-12-16T16:00:00.001000+00:00,-3.78e-05,0.0
2022-12-17 00:00:00.001000+00:00,1671235200001,2022-12-17T00:00:00.001000+00:00,8.697e-05,0.0
2022-12-17 08:00:00.011000+00:00,1671264000011,2022-12-17T08:00:00.011000+00:00,-6.429e-05,0.0
2022-12-17 16:00:00.011000+00:00,1671292800011,2022-12-17T16:00:00.011000+00:00,3.413e-05,0.0
2022-12-18 00:00:00.008000+00:00,1671321600008,2022-12-18T00:00:00.008000+00:00,5.955e-05,0.0
2022-12-18 08:00:00.001000+00:00,1671350400001,2022-12-18T08:00:00.001000+00:00,7.9e-05,0.0
2022-12-18 16:00:00.012000+00:00,1671379200012,2022-12-18T16:00:00.012000+00:00,4.105e-05,0.0
2022-12-19 00:00:00+00:00,1671408000000,2022-12-19T00:00:00+00:00,-3.395e-05,0.0
2022-12-19 08:00:00+00:00,1671436800000,2022-12-19T08:00:00+00:00,5.7e-06,0.0
2022-12-19 16:00:00+00:00,1671465600000,2022-12-19T16:00:00+00:00,-6.01e-06,0.0
2022-12-20 00:00:00.005000+00:00,1671494400005,2022-12-20T00:00:00.005000+00:00,8.479e-05,0.0
2022-12-20 08:00:00.016000+00:00,1671523200016,2022-12-20T08:00:00.016000+00:00,4.111e-05,0.0
2022-12-20 16:00:00+00:00,1671552000000,2022-12-20T16:00:00+00:00,9.832e-05,0.0
2022-12-21 00:00:00.007000+00:00,1671580800007,2022-12-21T00:00:00.007000+00:00,4.626e-05,0.0
2022-12-21 08:00:00.012000+00:00,1671609600012,2022-12-21T08:00:00.012000+00:00,8.575e-05,0.0
2022-12-21 16:00:00.017000+00:00,1671638400017,2022-12-21T16:00:00.017000+00:00,6.565e-05,0.0
2022-12-22 00:00:00.004000+00:00,1671667200004,2022-12-22T00:00:00.004000+00:00,8.923e-05,0.0
2022-12-22 08:00:00+00:00,1671696000000,2022-12-22T08:00:00+00:00,9.813e-05,0.0
2022-12-22 16:00:00.001000+00:00,1671724800001,2022-12-22T16:00:00.001000+00:00,7.887e-05,0.0
2022-12-23 00:00:00.018000+00:00,1671753600018,2022-12-23T00:00:00.018000+00:00,7.468e-05,0.0
2022-12-23 08:00:00+00:00,1671782400000,2022-12-23T08:00:00+00:00,0.0001,0.0
2022-12-23 16:00:00+00:00,1671811200000,2022-12-23T16:00:00+00:00,-7.28e-06,0.0
2022-12-24 00:00:00.001000+00:00,1671840000001,2022-12-24T00:00:00.001000+00:00,6.767e-05,0.0
2022-12-24 08:00:00.007000+00:00,1671868800007,2022-12-24T08:00:00.007000+00:00,0.0001,0.0
2022-12-24 16:00:00.008000+00:00,1671897600008,2022-12-24T16:00:00.008000+00:00,5.27e-06,0.0
2022-12-25 00:00:00+00:00,1671926400000,2022-12-25T00:00:00+00:00,-3.84e-06,0.0
2022-12-25 08:00:00.013000+00:00,1671955200013,2022-12-25T08:00:00.013000+00:00,4.1e-07,0.0
2022-12-25 16:00:00+00:00,1671984000000,2022-12-25T16:00:00+00:00,1.343e-05,0.0
2022-12-26 00:00:00.001000+00:00,1672012800001,2022-12-26T00:00:00.001000+00:00,6.962e-05,0.0
2022-12-26 08:00:00+00:00,1672041600000,2022-12-26T08:00:00+00:00,1.023e-05,0.0
2022-12-26 16:00:00.005000+00:00,1672070400005,2022-12-26T16:00:00.005000+00:00,2.594e-05,0.0
2022-12-27 00:00:00.005000+00:00,1672099200005,2022-12-27T00:00:00.005000+00:00,0.0001,0.0
2022-12-27 08:00:00.010000+00:00,1672128000010,2022-12-27T08:00:00.010000+00:00,2.226e-05,0.0
2022-12-27 16:00:00.006000+00:00,1672156800006,2022-12-27T16:00:00.006000+00:00,7.546e-05,0.0
2022-12-28 00:00:00.010000+00:00,1672185600010,2022-12-28T00:00:00.010000+00:00,0.0001,0.0
2022-12-28 08:00:00.010000+00:00,1672214400010,2022-12-28T08:00:00.010000+00:00,6.253e-05,0.0
2022-12-28 16:00:00.010000+00:00,1672243200010,2022-12-28T16:00:00.010000+00:00,-2.352e-05,0.0
2022-12-29 00:00:00.011000+00:00,1672272000011,2022-12-29T00:00:00.011000+00:00,0.0001,0.0
2022-12-29 08:00:00+00:00,1672300800000,2022-12-29T08:00:00+00:00,5.835e-05,0.0
2022-12-29 16:00:00.008000+00:00,1672329600008,2022-12-29T16:00:00.008000+00:00,0.0001,0.0
2022-12-30 00:00:00+00:00,1672358400000,2022-12-30T00:00:00+00:00,0.0001,0.0
2022-12-30 08:00:00+00:00,1672387200000,2022-12-30T08:00:00+00:00,0.0001,0.0
2022-12-30 16:00:00+00:00,1672416000000,2022-12-30T16:00:00+00:00,0.0001,0.0
2022-12-31 00:00:00.014000+00:00,1672444800014,2022-12-31T00:00:00.014000+00:00,0.0001,0.0
2022-12-31 08:00:00+00:00,1672473600000,2022-12-31T08:00:00+00:00,0.0001,0.0
2022-12-31 16:00:00+00:00,1672502400000,2022-12-31T16:00:00+00:00,0.0001,0.0
2023-01-01 00:00:00+00:00,1672531200000,2023-01-01T00:00:00+00:00,0.0001,0.0
2023-01-01 08:00:00.008000+00:00,1672560000008,2023-01-01T08:00:00.008000+00:00,0.0001,0.0
2023-01-01 16:00:00+00:00,1672588800000,2023-01-01T16:00:00+00:00,0.0001,0.0
2023-01-02 00:00:00+00:00,1672617600000,2023-01-02T00:00:00+00:00,0.0001,0.0
2023-01-02 08:00:00.008000+00:00,1672646400008,2023-01-02T08:00:00.008000+00:00,8.878e-05,0.0
2023-01-02 16:00:00.015000+00:00,1672675200015,2023-01-02T16:00:00.015000+00:00,7.464e-05,0.0
2023-01-03 00:00:00.003000+00:00,1672704000003,2023-01-03T00:00:00.003000+00:00,8.9e-06,0.0
2023-01-03 08:00:00.018000+00:00,1672732800018,2023-01-03T08:00:00.018000+00:00,5.228e-05,0.0
2023-01-03 16:00:00+00:00,1672761600000,2023-01-03T16:00:00+00:00,2.948e-05,0.0
2023-01-04 00:00:00+00:00,1672790400000,2023-01-04T00:00:00+00:00,7.609e-05,0.0
2023-01-04 08:00:00.016000+00:00,1672819200016,2023-01-04T08:00:00.016000+00:00,0.0001,0.0
2023-01-04 16:00:00.011000+00:00,1672848000011,2023-01-04T16:00:00.011000+00:00,0.0001,0.0
2023-01-05 00:00:00.009000+00:00,1672876800009,2023-01-05T00:00:00.009000+00:00,0.0001,0.0
2023-01-05 08:00:00.011000+00:00,1672905600011,2023-01-05T08:00:00.011000+00:00,0.0001,0.0
2023-01-05 16:00:00+00:00,1672934400000,2023-01-05T16:00:00+00:00,0.0001,0.0
2023-01-06 00:00:00.005000+00:00,1672963200005,2023-01-06T00:00:00.005000+00:00,0.0001,0.0
2023-01-06 08:00:00.001000+00:00,1672992000001,2023-01-06T08:00:00.001000+00:00,0.0001,0.0
2023-01-06 16:00:00+00:00,1673020800000,2023-01-06T16:00:00+00:00,0.0001,0.0
2023-01-07 00:00:00.006000+00:00,1673049600006,2023-01-07T00:00:00.006000+00:00,5.444e-05,0.0
2023-01-07 08:00:00.017000+00:00,1673078400017,2023-01-07T08:00:00.017000+00:00,4.199e-05,0.0
2023-01-07 16:00:00+00:00,1673107200000,2023-01-07T16:00:00+00:00,7.19e-05,0.0
2023-01-08 00:00:00.015000+00:00,1673136000015,2023-01-08T00:00:00.015000+00:00,2.131e-05,0.0
2023-01-08 08:00:00+00:00,1673164800000,2023-01-08T08:00:00+00:00,8.826e-05,0.0
2023-01-08 16:00:00.010000+00:00,1673193600010,2023-01-08T16:00:00.010000+00:00,8.657e-05,0.0
2023-01-09 00:00:00.003000+00:00,1673222400003,2023-01-09T00:00:00.003000+00:00,4.312e-05,0.0
2023-01-09 08:00:00+00:00,1673251200000,2023-01-09T08:00:00+00:00,7.617e-05,0.0
2023-01-09 16:00:00.006000+00:00,1673280000006,2023-01-09T16:00:00.006000+00:00,0.0001,0.0
2023-01-10 00:00:00.003000+00:00,1673308800003,2023-01-10T00:00:00.003000+00:00,0.0001,0.0
2023-01-10 08:00:00.021000+00:00,1673337600021,2023-01-10T08:00:00.021000+00:00,0.0001,0.0
2023-01-10 16:00:00+00:00,1673366400000,2023-01-10T16:00:00+00:00,0.0001,0.0
2023-01-11 00:00:00.011000+00:00,1673395200011,2023-01-11T00:00:00.011000+00:00,0.0001,0.0
2023-01-11 08:00:00.006000+00:00,1673424000006,2023-01-11T08:00:00.006000+00:00,0.0001,0.0
2023-01-11 16:00:00.004000+00:00,1673452800004,2023-01-11T16:00:00.004000+00:00,2.778e-05,0.0
2023-01-12 00:00:00+00:00,1673481600000,2023-01-12T00:00:00+00:00,0.0001,0.0
2023-01-12 08:00:00+00:00,1673510400000,2023-01-12T08:00:00+00:00,0.0001,0.0
2023-01-12 16:00:00+00:00,1673539200000,2023-01-12T16:00:00+00:00,0.0001,0.0
2023-01-13 00:00:00.004000+00:00,1673568000004,2023-01-13T00:00:00.004000+00:00,0.0001,0.0
2023-01-13 08:00:00+00:00,1673596800000,2023-01-13T08:00:00+00:00,0.0001,0.0
2023-01-13 16:00:00.018000+00:00,1673625600018,2023-01-13T16:00:00.018000+00:00,0.0001,0.0
2023-01-14 00:00:00+00:00,1673654400000,2023-01-14T00:00:00+00:00,0.0001,0.0
2023-01-14 08:00:00.001000+00:00,1673683200001,2023-01-14T08:00:00.001000+00:00,0.00061643,0.0
2023-01-14 16:00:00+00:00,1673712000000,2023-01-14T16:00:00+00:00,0.00045951,0.0
2023-01-15 00:00:00.010000+00:00,1673740800010,2023-01-15T00:00:00.010000+00:00,0.00012412,0.0
2023-01-15 08:00:00.002000+00:00,1673769600002,2023-01-15T08:00:00.002000+00:00,0.00030426,0.0
2023-01-15 16:00:00+00:00,1673798400000,2023-01-15T16:00:00+00:00,0.00018878,0.0
2023-01-16 00:00:00.010000+00:00,1673827200010,2023-01-16T00:00:00.010000+00:00,0.00014183,0.0
2023-01-16 08:00:00.007000+00:00,1673856000007,2023-01-16T08:00:00.007000+00:00,0.0001,0.0
2023-01-16 16:00:00+00:00,1673884800000,2023-01-16T16:00:00+00:00,0.0001,0.0
2023-01-17 00:00:00.004000+00:00,1673913600004,2023-01-17T00:00:00.004000+00:00,0.0001,0.0
2023-01-17 08:00:00.005000+00:00,1673942400005,2023-01-17T08:00:00.005000+00:00,0.0001,0.0
2023-01-17 16:00:00.001000+00:00,1673971200001,2023-01-17T16:00:00.001000+00:00,0.0001,0.0
2023-01-18 00:00:00.008000+00:00,1674000000008,2023-01-18T00:00:00.008000+00:00,0.0001,0.0
2023-01-18 08:00:00.009000+00:00,1674028800009,2023-01-18T08:00:00.009000+00:00,0.0001,0.0
2023-01-18 16:00:00.017000+00:00,1674057600017,2023-01-18T16:00:00.017000+00:00,0.0001,0.0
2023-01-19 00:00:00+00:00,1674086400000,2023-01-19T00:00:00+00:00,0.0001,0.0
2023-01-19 08:00:00.015000+00:00,1674115200015,2023-01-19T08:00:00.015000+00:00,0.0001,0.0
2023-01-19 16:00:00.012000+00:00,1674144000012,2023-01-19T16:00:00.012000+00:00,0.0001,0.0
2023-01-20 00:00:00+00:00,1674172800000,2023-01-20T00:00:00+00:00,0.0001,0.0
2023-01-20 08:00:00+00:00,1674201600000,2023-01-20T08:00:00+00:00,0.0001,0.0
2023-01-20 16:00:00+00:00,1674230400000,2023-01-20T16:00:00+00:00,0.0001,0.0
2023-01-21 00:00:00.013000+00:00,1674259200013,2023-01-21T00:00:00.013000+00:00,0.0001,0.0
2023-01-21 08:00:00.001000+00:00,1674288000001,2023-01-21T08:00:00.001000+00:00,0.0001,0.0
2023-01-21 16:00:00.016000+00:00,1674316800016,2023-01-21T16:00:00.016000+00:00,0.0001,0.0
2023-01-22 00:00:00+00:00,1674345600000,2023-01-22T00:00:00+00:00,0.0001,0.0
2023-01-22 08:00:00+00:00,1674374400000,2023-01-22T08:00:00+00:00,0.0001,0.0
2023-01-22 16:00:00.023000+00:00,1674403200023,2023-01-22T16:00:00.023000+00:00,0.0001,0.0
2023-01-23 00:00:00.014000+00:00,1674432000014,2023-01-23T00:00:00.014000+00:00,0.00010356,0.0
2023-01-23 08:00:00.014000+00:00,1674460800014,2023-01-23T08:00:00.014000+00:00,0.0001,0.0
2023-01-23 16:00:00.016000+00:00,1674489600016,2023-01-23T16:00:00.016000+00:00,0.0001,0.0
2023-01-24 00:00:00.008000+00:00,1674518400008,2023-01-24T00:00:00.008000+00:00,0.0001,0.0
2023-01-24 08:00:00.008000+00:00,1674547200008,2023-01-24T08:00:00.008000+00:00,0.0001,0.0
2023-01-24 16:00:00+00:00,1674576000000,2023-01-24T16:00:00+00:00,0.0001,0.0
2023-01-25 00:00:00.012000+00:00,1674604800012,2023-01-25T00:00:00.012000+00:00,0.0001,0.0
2023-01-25 08:00:00+00:00,1674633600000,2023-01-25T08:00:00+00:00,0.0001,0.0
2023-01-25 16:00:00.010000+00:00,1674662400010,2023-01-25T16:00:00.010000+00:00,0.0001,0.0
2023-01-26 00:00:00.010000+00:00,1674691200010,2023-01-26T00:00:00.010000+00:00,0.0001,0.0
2023-01-26 08:00:00.003000+00:00,1674720000003,2023-01-26T08:00:00.003000+00:00,0.0001,0.0
2023-01-26 16:00:00.020000+00:00,1674748800020,2023-01-26T16:00:00.020000+00:00,0.0001,0.0
2023-01-27 00:00:00.008000+00:00,1674777600008,2023-01-27T00:00:00.008000+00:00,0.0001,0.0
2023-01-27 08:00:00+00:00,1674806400000,2023-01-27T08:00:00+00:00,0.0001,0.0
2023-01-27 16:00:00+00:00,1674835200000,2023-01-27T16:00:00+00:00,0.0001,0.0
2023-01-28 00:00:00.009000+00:00,1674864000009,2023-01-28T00:00:00.009000+00:00,0.0001,0.0
2023-01-28 08:00:00.018000+00:00,1674892800018,2023-01-28T08:00:00.018000+00:00,0.0001,0.0
2023-01-28 16:00:00.005000+00:00,1674921600005,2023-01-28T16:00:00.005000+00:00,0.0001,0.0
2023-01-29 00:00:00.011000+00:00,1674950400011,2023-01-29T00:00:00.011000+00:00,0.0001,0.0
2023-01-29 08:00:00+00:00,1674979200000,2023-01-29T08:00:00+00:00,0.0001,0.0
2023-01-29 16:00:00.008000+00:00,1675008000008,2023-01-29T16:00:00.008000+00:00,0.0001,0.0
2023-01-30 00:00:00.001000+00:00,1675036800001,2023-01-30T00:00:00.001000+00:00,0.0001,0.0
2023-01-30 08:00:00+00:00,1675065600000,2023-01-30T08:00:00+00:00,0.0001,0.0
2023-01-30 16:00:00+00:00,1675094400000,2023-01-30T16:00:00+00:00,0.0001,0.0
2023-01-31 00:00:00.005000+00:00,1675123200005,2023-01-31T00:00:00.005000+00:00,0.0001,0.0
2023-01-31 08:00:00+00:00,1675152000000,2023-01-31T08:00:00+00:00,0.0001,0.0
2023-01-31 16:00:00.007000+00:00,1675180800007,2023-01-31T16:00:00.007000+00:00,0.0001,0.0
2023-02-01 00:00:00.013000+00:00,1675209600013,2023-02-01T00:00:00.013000+00:00,0.0001,0.0
2023-02-01 08:00:00+00:00,1675238400000,2023-02-01T08:00:00+00:00,0.0001,0.0
2023-02-01 16:00:00.012000+00:00,1675267200012,2023-02-01T16:00:00.012000+00:00,0.0001,0.0
2023-02-02 00:00:00.004000+00:00,1675296000004,2023-02-02T00:00:00.004000+00:00,0.0001,0.0
2023-02-02 08:00:00.023000+00:00,1675324800023,2023-02-02T08:00:00.023000+00:00,0.0001,0.0
2023-02-02 16:00:00.003000+00:00,1675353600003,2023-02-02T16:00:00.003000+00:00,0.0001,0.0
2023-02-03 00:00:00.010000+00:00,1675382400010,2023-02-03T00:00:00.010000+00:00,0.0001,0.0
2023-02-03 08:00:00+00:00,1675411200000,2023-02-03T08:00:00+00:00,0.0001,0.0
2023-02-03 16:00:00+00:00,1675440000000,2023-02-03T16:00:00+00:00,0.0001,0.0
2023-02-04 00:00:00.010000+00:00,1675468800010,2023-02-04T00:00:00.010000+00:00,0.0001,0.0
2023-02-04 08:00:00+00:00,1675497600000,2023-02-04T08:00:00+00:00,0.0001,0.0
2023-02-04 16:00:00+00:00,1675526400000,2023-02-04T16:00:00+00:00,0.0001,0.0
2023-02-05 00:00:00.016000+00:00,1675555200016,2023-02-05T00:00:00.016000+00:00,0.0001,0.0
2023-02-05 08:00:00.009000+00:00,1675584000009,2023-02-05T08:00:00.009000+00:00,0.0001,0.0
2023-02-05 16:00:00.018000+00:00,1675612800018,2023-02-05T16:00:00.018000+00:00,0.0001,0.0
2023-02-06 00:00:00.001000+00:00,1675641600001,2023-02-06T00:00:00.001000+00:00,0.0001,0.0
2023-02-06 08:00:00+00:00,1675670400000,2023-02-06T08:00:00+00:00,0.0001,0.0
2023-02-06 16:00:00.012000+00:00,1675699200012,2023-02-06T16:00:00.012000+00:00,0.0001,0.0
2023-02-07 00:00:00.004000+00:00,1675728000004,2023-02-07T00:00:00.004000+00:00,0.0001,0.0
2023-02-07 08:00:00.011000+00:00,1675756800011,2023-02-07T08:00:00.011000+00:00,0.0001,0.0
2023-02-07 16:00:00.018000+00:00,1675785600018,2023-02-07T16:00:00.018000+00:00,0.0001,0.0
2023-02-08 00:00:00.009000+00:00,1675814400009,2023-02-08T00:00:00.009000+00:00,0.0001,0.0
2023-02-08 08:00:00.010000+00:00,1675843200010,2023-02-08T08:00:00.010000+00:00,0.0001,0.0
2023-02-08 16:00:00+00:00,1675872000000,2023-02-08T16:00:00+00:00,0.0001,0.0
2023-02-09 00:00:00.014000+00:00,1675900800014,2023-02-09T00:00:00.014000+00:00,0.0001,0.0
2023-02-09 08:00:00.006000+00:00,1675929600006,2023-02-09T08:00:00.006000+00:00,0.0001,0.0
2023-02-09 16:00:00.001000+00:00,1675958400001,2023-02-09T16:00:00.001000+00:00,0.0001,0.0
2023-02-10 00:00:00.012000+00:00,1675987200012,2023-02-10T00:00:00.012000+00:00,0.0001,0.0
2023-02-10 08:00:00.005000+00:00,1676016000005,2023-02-10T08:00:00.005000+00:00,6.828e-05,0.0
2023-02-10 16:00:00.020000+00:00,1676044800020,2023-02-10T16:00:00.020000+00:00,0.0001,0.0
2023-02-11 00:00:00.007000+00:00,1676073600007,2023-02-11T00:00:00.007000+00:00,6.47e-05,0.0
2023-02-11 08:00:00.002000+00:00,1676102400002,2023-02-11T08:00:00.002000+00:00,3.345e-05,0.0
2023-02-11 16:00:00.021000+00:00,1676131200021,2023-02-11T16:00:00.021000+00:00,-2.491e-05,0.0
2023-02-12 00:00:00.004000+00:00,1676160000004,2023-02-12T00:00:00.004000+00:00,8.869e-05,0.0
2023-02-12 08:00:00+00:00,1676188800000,2023-02-12T08:00:00+00:00,3.225e-05,0.0
2023-02-12 16:00:00.002000+00:00,1676217600002,2023-02-12T16:00:00.002000+00:00,4.579e-05,0.0
2023-02-13 00:00:00.006000+00:00,1676246400006,2023-02-13T00:00:00.006000+00:00,2.555e-05,0.0
2023-02-13 08:00:00.008000+00:00,1676275200008,2023-02-13T08:00:00.008000+00:00,5.994e-05,0.0
2023-02-13 16:00:00.002000+00:00,1676304000002,2023-02-13T16:00:00.002000+00:00,0.0001,0.0
2023-02-14 00:00:00.013000+00:00,1676332800013,2023-02-14T00:00:00.013000+00:00,-4.54e-06,0.0
2023-02-14 08:00:00.014000+00:00,1676361600014,2023-02-14T08:00:00.014000+00:00,4.405e-05,0.0
2023-02-14 16:00:00.016000+00:00,1676390400016,2023-02-14T16:00:00.016000+00:00,5.311e-05,0.0
2023-02-15 00:00:00.011000+00:00,1676419200011,2023-02-15T00:00:00.011000+00:00,2.91e-05,0.0
2023-02-15 08:00:00+00:00,1676448000000,2023-02-15T08:00:00+00:00,2.81e-05,0.0
2023-02-15 16:00:00.005000+00:00,1676476800005,2023-02-15T16:00:00.005000+00:00,5.715e-05,0.0
2023-02-16 00:00:00.019000+00:00,1676505600019,2023-02-16T00:00:00.019000+00:00,0.0001,0.0
2023-02-16 08:00:00+00:00,1676534400000,2023-02-16T08:00:00+00:00,0.0001,0.0
2023-02-16 16:00:00.001000+00:00,1676563200001,2023-02-16T16:00:00.001000+00:00,0.00014101,0.0
2023-02-17 00:00:00.003000+00:00,1676592000003,2023-02-17T00:00:00.003000+00:00,0.0001,0.0
2023-02-17 08:00:00.016000+00:00,1676620800016,2023-02-17T08:00:00.016000+00:00,0.0001,0.0
2023-02-17 16:00:00+00:00,1676649600000,2023-02-17T16:00:00+00:00,0.0001,0.0
2023-02-18 00:00:00.011000+00:00,1676678400011,2023-02-18T00:00:00.011000+00:00,0.0001,0.0
2023-02-18 08:00:00+00:00,1676707200000,2023-02-18T08:00:00+00:00,0.0001,0.0
2023-02-18 16:00:00.007000+00:00,1676736000007,2023-02-18T16:00:00.007000+00:00,0.0001,0.0
2023-02-19 00:00:00.019000+00:00,1676764800019,2023-02-19T00:00:00.019000+00:00,0.0001,0.0
2023-02-19 08:00:00.005000+00:00,1676793600005,2023-02-19T08:00:00.005000+00:00,0.0001,0.0
2023-02-19 16:00:00.003000+00:00,1676822400003,2023-02-19T16:00:00.003000+00:00,0.0001,0.0
2023-02-20 00:00:00.006000+00:00,1676851200006,2023-02-20T00:00:00.006000+00:00,0.0001,0.0
2023-02-20 08:00:00.008000+00:00,1676880000008,2023-02-20T08:00:00.008000+00:00,0.0001,0.0
2023-02-20 16:00:00.006000+00:00,1676908800006,2023-02-20T16:00:00.006000+00:00,0.0001,0.0
2023-02-21 00:00:00.001000+00:00,1676937600001,2023-02-21T00:00:00.001000+00:00,0.0001,0.0
2023-02-21 08:00:00.004000+00:00,1676966400004,2023-02-21T08:00:00.004000+00:00,0.0001,0.0
2023-02-21 16:00:00.011000+00:00,1676995200011,2023-02-21T16:00:00.011000+00:00,0.0001,0.0
2023-02-22 00:00:00.009000+00:00,1677024000009,2023-02-22T00:00:00.009000+00:00,0.0001,0.0
2023-02-22 08:00:00.010000+00:00,1677052800010,2023-02-22T08:00:00.010000+00:00,0.0001,0.0
2023-02-22 16:00:00+00:00,1677081600000,2023-02-22T16:00:00+00:00,0.0001,0.0
2023-02-23 00:00:00.006000+00:00,1677110400006,2023-02-23T00:00:00.006000+00:00,7.072e-05,0.0
2023-02-23 08:00:00.005000+00:00,1677139200005,2023-02-23T08:00:00.005000+00:00,9.829e-05,0.0
2023-02-23 16:00:00.002000+00:00,1677168000002,2023-02-23T16:00:00.002000+00:00,4.374e-05,0.0
2023-02-24 00:00:00.015000+00:00,1677196800015,2023-02-24T00:00:00.015000+00:00,3.804e-05,0.0
2023-02-24 08:00:00.011000+00:00,1677225600011,2023-02-24T08:00:00.011000+00:00,6.414e-05,0.0
2023-02-24 16:00:00.014000+00:00,1677254400014,2023-02-24T16:00:00.014000+00:00,8.38e-05,0.0
2023-02-25 00:00:00.015000+00:00,1677283200015,2023-02-25T00:00:00.015000+00:00,7.921e-05,0.0
2023-02-25 08:00:00.015000+00:00,1677312000015,2023-02-25T08:00:00.015000+00:00,9.641e-05,0.0
2023-02-25 16:00:00.015000+00:00,1677340800015,2023-02-25T16:00:00.015000+00:00,5.498e-05,0.0
2023-02-26 00:00:00.007000+00:00,1677369600007,2023-02-26T00:00:00.007000+00:00,1.266e-05,0.0
2023-02-26 08:00:00.012000+00:00,1677398400012,2023-02-26T08:00:00.012000+00:00,4.684e-05,0.0
2023-02-26 16:00:00+00:00,1677427200000,2023-02-26T16:00:00+00:00,1.098e-05,0.0
2023-02-27 00:00:00.011000+00:00,1677456000011,2023-02-27T00:00:00.011000+00:00,0.0001,0.0
2023-02-27 08:00:00.003000+00:00,1677484800003,2023-02-27T08:00:00.003000+00:00,8.633e-05,0.0
2023-02-27 16:00:00+00:00,1677513600000,2023-02-27T16:00:00+00:00,6.025e-05,0.0
2023-02-28 00:00:00.011000+00:00,1677542400011,2023-02-28T00:00:00.011000+00:00,3.555e-05,0.0
2023-02-28 08:00:00.018000+00:00,1677571200018,2023-02-28T08:00:00.018000+00:00,3.626e-05,0.0
2023-02-28 16:00:00.005000+00:00,1677600000005,2023-02-28T16:00:00.005000+00:00,8.565e-05,0.0
2023-03-01 00:00:00.016000+00:00,1677628800016,2023-03-01T00:00:00.016000+00:00,3.42e-06,0.0
2023-03-01 08:00:00+00:00,1677657600000,2023-03-01T08:00:00+00:00,0.0001,0.0
2023-03-01 16:00:00.008000+00:00,1677686400008,2023-03-01T16:00:00.008000+00:00,0.0001,0.0
2023-03-02 00:00:00.009000+00:00,1677715200009,2023-03-02T00:00:00.009000+00:00,0.0001,0.0
2023-03-02 08:00:00.013000+00:00,1677744000013,2023-03-02T08:00:00.013000+00:00,0.0001,0.0
2023-03-02 16:00:00+00:00,1677772800000,2023-03-02T16:00:00+00:00,7.746e-05,0.0
2023-03-03 00:00:00+00:00,1677801600000,2023-03-03T00:00:00+00:00,3.967e-05,0.0
2023-03-03 08:00:00.013000+00:00,1677830400013,2023-03-03T08:00:00.013000+00:00,-9.17e-06,0.0
2023-03-03 16:00:00+00:00,1677859200000,2023-03-03T16:00:00+00:00,2.284e-05,0.0
2023-03-04 00:00:00.001000+00:00,1677888000001,2023-03-04T00:00:00.001000+00:00,8.491e-05,0.0
2023-03-04 08:00:00.008000+00:00,1677916800008,2023-03-04T08:00:00.008000+00:00,1.26e-06,0.0
2023-03-04 16:00:00.012000+00:00,1677945600012,2023-03-04T16:00:00.012000+00:00,2.121e-05,0.0
2023-03-05 00:00:00+00:00,1677974400000,2023-03-05T00:00:00+00:00,5.372e-05,0.0
2023-03-05 08:00:00+00:00,1678003200000,2023-03-05T08:00:00+00:00,3.555e-05,0.0
2023-03-05 16:00:00.015000+00:00,1678032000015,2023-03-05T16:00:00.015000+00:00,4.841e-05,0.0
2023-03-06 00:00:00.007000+00:00,1678060800007,2023-03-06T00:00:00.007000+00:00,4.583e-05,0.0
2023-03-06 08:00:00.017000+00:00,1678089600017,2023-03-06T08:00:00.017000+00:00,7.122e-05,0.0
2023-03-06 16:00:00+00:00,1678118400000,2023-03-06T16:00:00+00:00,3.604e-05,0.0
2023-03-07 00:00:00.009000+00:00,1678147200009,2023-03-07T00:00:00.009000+00:00,5.296e-05,0.0
2023-03-07 08:00:00.016000+00:00,1678176000016,2023-03-07T08:00:00.016000+00:00,7.563e-05,0.0
2023-03-07 16:00:00.017000+00:00,1678204800017,2023-03-07T16:00:00.017000+00:00,1.011e-05,0.0
2023-03-08 00:00:00+00:00,1678233600000,2023-03-08T00:00:00+00:00,8.208e-05,0.0
2023-03-08 08:00:00.014000+00:00,1678262400014,2023-03-08T08:00:00.014000+00:00,6.665e-05,0.0
2023-03-08 16:00:00.021000+00:00,1678291200021,2023-03-08T16:00:00.021000+00:00,8.786e-05,0.0
2023-03-09 00:00:00.010000+00:00,1678320000010,2023-03-09T00:00:00.010000+00:00,9.084e-05,0.0
2023-03-09 08:00:00.013000+00:00,1678348800013,2023-03-09T08:00:00.013000+00:00,7.599e-05,0.0
2023-03-09 16:00:00.002000+00:00,1678377600002,2023-03-09T16:00:00.002000+00:00,3.643e-05,0.0
2023-03-10 00:00:00+00:00,1678406400000,2023-03-10T00:00:00+00:00,-8.306e-05,0.0
2023-03-10 08:00:00+00:00,1678435200000,2023-03-10T08:00:00+00:00,-9.7e-07,0.0
2023-03-10 16:00:00.005000+00:00,1678464000005,2023-03-10T16:00:00.005000+00:00,-5.12e-06,0.0
2023-03-11 00:00:00.011000+00:00,1678492800011,2023-03-11T00:00:00.011000+00:00,2.796e-05,0.0
2023-03-11 08:00:00.003000+00:00,1678521600003,2023-03-11T08:00:00.003000+00:00,-5.766e-05,0.0
2023-03-11 16:00:00.011000+00:00,1678550400011,2023-03-11T16:00:00.011000+00:00,4.677e-05,0.0
2023-03-12 00:00:00.001000+00:00,1678579200001,2023-03-12T00:00:00.001000+00:00,-1.066e-05,0.0
2023-03-12 08:00:00+00:00,1678608000000,2023-03-12T08:00:00+00:00,8.67e-05,0.0
2023-03-12 16:00:00.005000+00:00,1678636800005,2023-03-12T16:00:00.005000+00:00,-4.286e-05,0.0
2023-03-13 00:00:00.010000+00:00,1678665600010,2023-03-13T00:00:00.010000+00:00,0.0001,0.0
2023-03-13 08:00:00.018000+00:00,1678694400018,2023-03-13T08:00:00.018000+00:00,0.0001,0.0
2023-03-13 16:00:00.003000+00:00,1678723200003,2023-03-13T16:00:00.003000+00:00,0.0001,0.0
2023-03-14 00:00:00.010000+00:00,1678752000010,2023-03-14T00:00:00.010000+00:00,0.0001,0.0
2023-03-14 08:00:00.009000+00:00,1678780800009,2023-03-14T08:00:00.009000+00:00,0.0001,0.0
2023-03-14 16:00:00.010000+00:00,1678809600010,2023-03-14T16:00:00.010000+00:00,0.0001,0.0
2023-03-15 00:00:00.011000+00:00,1678838400011,2023-03-15T00:00:00.011000+00:00,0.00031728,0.0
2023-03-15 08:00:00+00:00,1678867200000,2023-03-15T08:00:00+00:00,0.00018366,0.0
2023-03-15 16:00:00.012000+00:00,1678896000012,2023-03-15T16:00:00.012000+00:00,0.0001,0.0
2023-03-16 00:00:00.004000+00:00,1678924800004,2023-03-16T00:00:00.004000+00:00,0.0001,0.0
2023-03-16 08:00:00.018000+00:00,1678953600018,2023-03-16T08:00:00.018000+00:00,0.0001,0.0
2023-03-16 16:00:00.005000+00:00,1678982400005,2023-03-16T16:00:00.005000+00:00,0.0001,0.0
2023-03-17 00:00:00.017000+00:00,1679011200017,2023-03-17T00:00:00.017000+00:00,5.964e-05,0.0
2023-03-17 08:00:00.010000+00:00,1679040000010,2023-03-17T08:00:00.010000+00:00,5.941e-05,0.0
2023-03-17 16:00:00.003000+00:00,1679068800003,2023-03-17T16:00:00.003000+00:00,0.0001,0.0
2023-03-18 00:00:00.012000+00:00,1679097600012,2023-03-18T00:00:00.012000+00:00,0.0001,0.0
2023-03-18 08:00:00+00:00,1679126400000,2023-03-18T08:00:00+00:00,0.0001,0.0
2023-03-18 16:00:00.016000+00:00,1679155200016,2023-03-18T16:00:00.016000+00:00,0.0001,0.0
2023-03-19 00:00:00.013000+00:00,1679184000013,2023-03-19T00:00:00.013000+00:00,0.0001,0.0
2023-03-19 08:00:00.024000+00:00,1679212800024,2023-03-19T08:00:00.024000+00:00,0.0001,0.0
2023-03-19 16:00:00+00:00,1679241600000,2023-03-19T16:00:00+00:00,0.0001,0.0
2023-03-20 00:00:00.005000+00:00,1679270400005,2023-03-20T00:00:00.005000+00:00,0.0001,0.0
2023-03-20 08:00:00.012000+00:00,1679299200012,2023-03-20T08:00:00.012000+00:00,0.0001,0.0
2023-03-20 16:00:00.015000+00:00,1679328000015,2023-03-20T16:00:00.015000+00:00,8.194e-05,0.0
2023-03-21 00:00:00.006000+00:00,1679356800006,2023-03-21T00:00:00.006000+00:00,7.106e-05,0.0
2023-03-21 08:00:00.004000+00:00,1679385600004,2023-03-21T08:00:00.004000+00:00,4.611e-05,0.0
2023-03-21 16:00:00.003000+00:00,1679414400003,2023-03-21T16:00:00.003000+00:00,8.99e-05,0.0
2023-03-22 00:00:00+00:00,1679443200000,2023-03-22T00:00:00+00:00,5.146e-05,0.0
2023-03-22 08:00:00.003000+00:00,1679472000003,2023-03-22T08:00:00.003000+00:00,1.267e-05,0.0
2023-03-22 16:00:00+00:00,1679500800000,2023-03-22T16:00:00+00:00,5.54e-05,0.0
2023-03-23 00:00:00.016000+00:00,1679529600016,2023-03-23T00:00:00.016000+00:00,1.123e-05,0.0
2023-03-23 08:00:00.001000+00:00,1679558400001,2023-03-23T08:00:00.001000+00:00,6.86e-05,0.0
2023-03-23 16:00:00.013000+00:00,1679587200013,2023-03-23T16:00:00.013000+00:00,0.0001,0.0
2023-03-24 00:00:00.013000+00:00,1679616000013,2023-03-24T00:00:00.013000+00:00,0.0001,0.0
2023-03-24 08:00:00.012000+00:00,1679644800012,2023-03-24T08:00:00.012000+00:00,0.0001,0.0
2023-03-24 16:00:00.027000+00:00,1679673600027,2023-03-24T16:00:00.027000+00:00,0.0001,0.0
2023-03-25 00:00:00.015000+00:00,1679702400015,2023-03-25T00:00:00.015000+00:00,1.992e-05,0.0
2023-03-25 08:00:00.011000+00:00,1679731200011,2023-03-25T08:00:00.011000+00:00,1.46e-05,0.0
2023-03-25 16:00:00.011000+00:00,1679760000011,2023-03-25T16:00:00.011000+00:00,-7.95e-06,0.0
2023-03-26 00:00:00+00:00,1679788800000,2023-03-26T00:00:00+00:00,8.29e-06,0.0
2023-03-26 08:00:00.015000+00:00,1679817600015,2023-03-26T08:00:00.015000+00:00,9.97e-06,0.0
2023-03-26 16:00:00+00:00,1679846400000,2023-03-26T16:00:00+00:00,4.383e-05,0.0
2023-03-27 00:00:00.019000+00:00,1679875200019,2023-03-27T00:00:00.019000+00:00,1.635e-05,0.0
2023-03-27 08:00:00.009000+00:00,1679904000009,2023-03-27T08:00:00.009000+00:00,-3.85e-06,0.0
2023-03-27 16:00:00+00:00,1679932800000,2023-03-27T16:00:00+00:00,-1.71e-06,0.0
2023-03-28 00:00:00.007000+00:00,1679961600007,2023-03-28T00:00:00.007000+00:00,-1.478e-05,0.0
2023-03-28 08:00:00+00:00,1679990400000,2023-03-28T08:00:00+00:00,3.473e-05,0.0
2023-03-28 16:00:00.013000+00:00,1680019200013,2023-03-28T16:00:00.013000+00:00,6.578e-05,0.0
2023-03-29 00:00:00.010000+00:00,1680048000010,2023-03-29T00:00:00.010000+00:00,0.0001,0.0
2023-03-29 08:00:00.006000+00:00,1680076800006,2023-03-29T08:00:00.006000+00:00,7.584e-05,0.0
2023-03-29 16:00:00.014000+00:00,1680105600014,2023-03-29T16:00:00.014000+00:00,0.0001,0.0
2023-03-30 00:00:00+00:00,1680134400000,2023-03-30T00:00:00+00:00,5.756e-05,0.0
2023-03-30 08:00:00+00:00,1680163200000,2023-03-30T08:00:00+00:00,2.86e-06,0.0
2023-03-30 16:00:00.006000+00:00,1680192000006,2023-03-30T16:00:00.006000+00:00,5.025e-05,0.0
2023-03-31 00:00:00.003000+00:00,1680220800003,2023-03-31T00:00:00.003000+00:00,7.203e-05,0.0
2023-03-31 08:00:00.006000+00:00,1680249600006,2023-03-31T08:00:00.006000+00:00,6.982e-05,0.0
2023-03-31 16:00:00.011000+00:00,1680278400011,2023-03-31T16:00:00.011000+00:00,0.0001,0.0
2023-04-01 00:00:00+00:00,1680307200000,2023-04-01T00:00:00+00:00,0.0001,0.0
2023-04-01 08:00:00+00:00,1680336000000,2023-04-01T08:00:00+00:00,0.0001,0.0
2023-04-01 16:00:00.018000+00:00,1680364800018,2023-04-01T16:00:00.018000+00:00,6.306e-05,0.0
2023-04-02 00:00:00.013000+00:00,1680393600013,2023-04-02T00:00:00.013000+00:00,3.987e-05,0.0
2023-04-02 08:00:00.014000+00:00,1680422400014,2023-04-02T08:00:00.014000+00:00,5.018e-05,0.0
2023-04-02 16:00:00.001000+00:00,1680451200001,2023-04-02T16:00:00.001000+00:00,3.503e-05,0.0
2023-04-03 00:00:00+00:00,1680480000000,2023-04-03T00:00:00+00:00,-2.938e-05,0.0
2023-04-03 08:00:00.013000+00:00,1680508800013,2023-04-03T08:00:00.013000+00:00,-1.96e-05,0.0
2023-04-03 16:00:00.011000+00:00,1680537600011,2023-04-03T16:00:00.011000+00:00,-4.71e-06,0.0
2023-04-04 00:00:00.002000+00:00,1680566400002,2023-04-04T00:00:00.002000+00:00,6.36e-05,0.0
2023-04-04 08:00:00.017000+00:00,1680595200017,2023-04-04T08:00:00.017000+00:00,3.238e-05,0.0
2023-04-04 16:00:00.008000+00:00,1680624000008,2023-04-04T16:00:00.008000+00:00,0.0001,0.0
2023-04-05 00:00:00+00:00,1680652800000,2023-04-05T00:00:00+00:00,6.853e-05,0.0
2023-04-05 08:00:00.016000+00:00,1680681600016,2023-04-05T08:00:00.016000+00:00,0.0001,0.0
2023-04-05 16:00:00.004000+00:00,1680710400004,2023-04-05T16:00:00.004000+00:00,0.0001,0.0
2023-04-06 00:00:00+00:00,1680739200000,2023-04-06T00:00:00+00:00,5.011e-05,0.0
2023-04-06 08:00:00.011000+00:00,1680768000011,2023-04-06T08:00:00.011000+00:00,6.251e-05,0.0
2023-04-06 16:00:00+00:00,1680796800000,2023-04-06T16:00:00+00:00,2.17e-06,0.0
2023-04-07 00:00:00.006000+00:00,1680825600006,2023-04-07T00:00:00.006000+00:00,2.088e-05,0.0
2023-04-07 08:00:00.005000+00:00,1680854400005,2023-04-07T08:00:00.005000+00:00,7.093e-05,0.0
2023-04-07 16:00:00+00:00,1680883200000,2023-04-07T16:00:00+00:00,3.638e-05,0.0
2023-04-08 00:00:00+00:00,1680912000000,2023-04-08T00:00:00+00:00,3.725e-05,0.0
2023-04-08 08:00:00.014000+00:00,1680940800014,2023-04-08T08:00:00.014000+00:00,1.046e-05,0.0
2023-04-08 16:00:00.018000+00:00,1680969600018,2023-04-08T16:00:00.018000+00:00,2.21e-05,0.0
2023-04-09 00:00:00.013000+00:00,1680998400013,2023-04-09T00:00:00.013000+00:00,8.21e-06,0.0
2023-04-09 08:00:00.024000+00:00,1681027200024,2023-04-09T08:00:00.024000+00:00,-1.908e-05,0.0
2023-04-09 16:00:00.010000+00:00,1681056000010,2023-04-09T16:00:00.010000+00:00,3.067e-05,0.0
2023-04-10 00:00:00+00:00,1681084800000,2023-04-10T00:00:00+00:00,3.359e-05,0.0
2023-04-10 08:00:00.010000+00:00,1681113600010,2023-04-10T08:00:00.010000+00:00,-4.969e-05,0.0
2023-04-10 16:00:00.006000+00:00,1681142400006,2023-04-10T16:00:00.006000+00:00,2.062e-05,0.0
2023-04-11 00:00:00.008000+00:00,1681171200008,2023-04-11T00:00:00.008000+00:00,2.648e-05,0.0
2023-04-11 08:00:00.007000+00:00,1681200000007,2023-04-11T08:00:00.007000+00:00,8.648e-05,0.0
2023-04-11 16:00:00.016000+00:00,1681228800016,2023-04-11T16:00:00.016000+00:00,6.716e-05,0.0
2023-04-12 00:00:00.006000+00:00,1681257600006,2023-04-12T00:00:00.006000+00:00,1.041e-05,0.0
2023-04-12 08:00:00.008000+00:00,1681286400008,2023-04-12T08:00:00.008000+00:00,1.29e-05,0.0
2023-04-12 16:00:00.014000+00:00,1681315200014,2023-04-12T16:00:00.014000+00:00,3.624e-05,0.0
2023-04-13 00:00:00.027000+00:00,1681344000027,2023-04-13T00:00:00.027000+00:00,0.0001,0.0
2023-04-13 08:00:00.010000+00:00,1681372800010,2023-04-13T08:00:00.010000+00:00,0.0001,0.0
2023-04-13 16:00:00+00:00,1681401600000,2023-04-13T16:00:00+00:00,0.0001,0.0
2023-04-14 00:00:00.001000+00:00,1681430400001,2023-04-14T00:00:00.001000+00:00,0.0001,0.0
2023-04-14 08:00:00.008000+00:00,1681459200008,2023-04-14T08:00:00.008000+00:00,0.0001,0.0
2023-04-14 16:00:00.007000+00:00,1681488000007,2023-04-14T16:00:00.007000+00:00,0.0001,0.0
2023-04-15 00:00:00.007000+00:00,1681516800007,2023-04-15T00:00:00.007000+00:00,0.0001,0.0
2023-04-15 08:00:00.007000+00:00,1681545600007,2023-04-15T08:00:00.007000+00:00,0.0001,0.0
2023-04-15 16:00:00.011000+00:00,1681574400011,2023-04-15T16:00:00.011000+00:00,0.0001,0.0
2023-04-16 00:00:00.014000+00:00,1681603200014,2023-04-16T00:00:00.014000+00:00,0.0001,0.0
2023-04-16 08:00:00.007000+00:00,1681632000007,2023-04-16T08:00:00.007000+00:00,0.0001,0.0
2023-04-16 16:00:00.002000+00:00,1681660800002,2023-04-16T16:00:00.002000+00:00,0.0001,0.0
2023-04-17 00:00:00.017000+00:00,1681689600017,2023-04-17T00:00:00.017000+00:00,0.0001,0.0
2023-04-17 08:00:00.006000+00:00,1681718400006,2023-04-17T08:00:00.006000+00:00,0.0001,0.0
2023-04-17 16:00:00+00:00,1681747200000,2023-04-17T16:00:00+00:00,0.0001,0.0
2023-04-18 00:00:00.013000+00:00,1681776000013,2023-04-18T00:00:00.013000+00:00,0.0001,0.0
2023-04-18 08:00:00.017000+00:00,1681804800017,2023-04-18T08:00:00.017000+00:00,0.0001,0.0
2023-04-18 16:00:00+00:00,1681833600000,2023-04-18T16:00:00+00:00,0.0001,0.0
2023-04-19 00:00:00.022000+00:00,1681862400022,2023-04-19T00:00:00.022000+00:00,0.0001,0.0
2023-04-19 08:00:00.014000+00:00,1681891200014,2023-04-19T08:00:00.014000+00:00,0.0001,0.0
2023-04-19 16:00:00+00:00,1681920000000,2023-04-19T16:00:00+00:00,-1.015e-05,0.0
2023-04-20 00:00:00.010000+00:00,1681948800010,2023-04-20T00:00:00.010000+00:00,6.419e-05,0.0
2023-04-20 08:00:00.012000+00:00,1681977600012,2023-04-20T08:00:00.012000+00:00,3.2e-07,0.0
2023-04-20 16:00:00.012000+00:00,1682006400012,2023-04-20T16:00:00.012000+00:00,2.269e-05,0.0
2023-04-21 00:00:00.009000+00:00,1682035200009,2023-04-21T00:00:00.009000+00:00,8.62e-05,0.0
2023-04-21 08:00:00.009000+00:00,1682064000009,2023-04-21T08:00:00.009000+00:00,6.903e-05,0.0
2023-04-21 16:00:00.003000+00:00,1682092800003,2023-04-21T16:00:00.003000+00:00,8.488e-05,0.0
2023-04-22 00:00:00+00:00,1682121600000,2023-04-22T00:00:00+00:00,5.467e-05,0.0
2023-04-22 08:00:00+00:00,1682150400000,2023-04-22T08:00:00+00:00,-5.62e-06,0.0
2023-04-22 16:00:00.016000+00:00,1682179200016,2023-04-22T16:00:00.016000+00:00,2.848e-05,0.0
2023-04-23 00:00:00.009000+00:00,1682208000009,2023-04-23T00:00:00.009000+00:00,-6.991e-05,0.0
2023-04-23 08:00:00.020000+00:00,1682236800020,2023-04-23T08:00:00.020000+00:00,1.032e-05,0.0
2023-04-23 16:00:00.007000+00:00,1682265600007,2023-04-23T16:00:00.007000+00:00,4.969e-05,0.0
2023-04-24 00:00:00+00:00,1682294400000,2023-04-24T00:00:00+00:00,9.041e-05,0.0
2023-04-24 08:00:00.008000+00:00,1682323200008,2023-04-24T08:00:00.008000+00:00,1.238e-05,0.0
2023-04-24 16:00:00.006000+00:00,1682352000006,2023-04-24T16:00:00.006000+00:00,5.112e-05,0.0
2023-04-25 00:00:00.014000+00:00,1682380800014,2023-04-25T00:00:00.014000+00:00,8.411e-05,0.0
2023-04-25 08:00:00.009000+00:00,1682409600009,2023-04-25T08:00:00.009000+00:00,8.034e-05,0.0
2023-04-25 16:00:00.015000+00:00,1682438400015,2023-04-25T16:00:00.015000+00:00,6.892e-05,0.0
2023-04-26 00:00:00.015000+00:00,1682467200015,2023-04-26T00:00:00.015000+00:00,3.84e-05,0.0
2023-04-26 08:00:00.013000+00:00,1682496000013,2023-04-26T08:00:00.013000+00:00,1.253e-05,0.0
2023-04-26 16:00:00.001000+00:00,1682524800001,2023-04-26T16:00:00.001000+00:00,8.7e-05,0.0
2023-04-27 00:00:00.014000+00:00,1682553600014,2023-04-27T00:00:00.014000+00:00,-2.203e-05,0.0
2023-04-27 08:00:00.008000+00:00,1682582400008,2023-04-27T08:00:00.008000+00:00,5.85e-05,0.0
2023-04-27 16:00:00.005000+00:00,1682611200005,2023-04-27T16:00:00.005000+00:00,3.408e-05,0.0
2023-04-28 00:00:00.011000+00:00,1682640000011,2023-04-28T00:00:00.011000+00:00,8.67e-05,0.0
2023-04-28 08:00:00.007000+00:00,1682668800007,2023-04-28T08:00:00.007000+00:00,8.037e-05,0.0
2023-04-28 16:00:00.006000+00:00,1682697600006,2023-04-28T16:00:00.006000+00:00,8.463e-05,0.0
2023-04-29 00:00:00.004000+00:00,1682726400004,2023-04-29T00:00:00.004000+00:00,4.382e-05,0.0
2023-04-29 08:00:00.016000+00:00,1682755200016,2023-04-29T08:00:00.016000+00:00,7.125e-05,0.0
2023-04-29 16:00:00.001000+00:00,1682784000001,2023-04-29T16:00:00.001000+00:00,5.044e-05,0.0
2023-04-30 00:00:00.008000+00:00,1682812800008,2023-04-30T00:00:00.008000+00:00,6.303e-05,0.0
2023-04-30 08:00:00+00:00,1682841600000,2023-04-30T08:00:00+00:00,-2.13e-06,0.0
2023-04-30 16:00:00.010000+00:00,1682870400010,2023-04-30T16:00:00.010000+00:00,8.291e-05,0.0
2023-05-01 00:00:00.004000+00:00,1682899200004,2023-05-01T00:00:00.004000+00:00,-2.629e-05,0.0
2023-05-01 08:00:00.008000+00:00,1682928000008,2023-05-01T08:00:00.008000+00:00,2.338e-05,0.0
2023-05-01 16:00:00.014000+00:00,1682956800014,2023-05-01T16:00:00.014000+00:00,8.46e-06,0.0
2023-05-02 00:00:00.015000+00:00,1682985600015,2023-05-02T00:00:00.015000+00:00,9.917e-05,0.0
2023-05-02 08:00:00.018000+00:00,1683014400018,2023-05-02T08:00:00.018000+00:00,2.555e-05,0.0
2023-05-02 16:00:00+00:00,1683043200000,2023-05-02T16:00:00+00:00,8.146e-05,0.0
2023-05-03 00:00:00.009000+00:00,1683072000009,2023-05-03T00:00:00.009000+00:00,9.799e-05,0.0
2023-05-03 08:00:00.003000+00:00,1683100800003,2023-05-03T08:00:00.003000+00:00,6.273e-05,0.0
2023-05-03 16:00:00.011000+00:00,1683129600011,2023-05-03T16:00:00.011000+00:00,0.0001,0.0
2023-05-04 00:00:00+00:00,1683158400000,2023-05-04T00:00:00+00:00,0.0001,0.0
2023-05-04 08:00:00+00:00,1683187200000,2023-05-04T08:00:00+00:00,0.0001,0.0
2023-05-04 16:00:00.011000+00:00,1683216000011,2023-05-04T16:00:00.011000+00:00,9.9e-05,0.0
2023-05-05 00:00:00.002000+00:00,1683244800002,2023-05-05T00:00:00.002000+00:00,3.555e-05,0.0
2023-05-05 08:00:00+00:00,1683273600000,2023-05-05T08:00:00+00:00,5.68e-05,0.0
2023-05-05 16:00:00+00:00,1683302400000,2023-05-05T16:00:00+00:00,0.0001,0.0
2023-05-06 00:00:00.009000+00:00,1683331200009,2023-05-06T00:00:00.009000+00:00,0.0001,0.0
2023-05-06 08:00:00+00:00,1683360000000,2023-05-06T08:00:00+00:00,0.0001,0.0
2023-05-06 16:00:00+00:00,1683388800000,2023-05-06T16:00:00+00:00,6.94e-06,0.0
2023-05-07 00:00:00+00:00,1683417600000,2023-05-07T00:00:00+00:00,1.519e-05,0.0
2023-05-07 08:00:00+00:00,1683446400000,2023-05-07T08:00:00+00:00,2.257e-05,0.0
2023-05-07 16:00:00.006000+00:00,1683475200006,2023-05-07T16:00:00.006000+00:00,4.724e-05,0.0
2023-05-08 00:00:00+00:00,1683504000000,2023-05-08T00:00:00+00:00,5.356e-05,0.0
2023-05-08 08:00:00.007000+00:00,1683532800007,2023-05-08T08:00:00.007000+00:00,1.131e-05,0.0
2023-05-08 16:00:00.015000+00:00,1683561600015,2023-05-08T16:00:00.015000+00:00,3.803e-05,0.0
2023-05-09 00:00:00.015000+00:00,1683590400015,2023-05-09T00:00:00.015000+00:00,9.627e-05,0.0
2023-05-09 08:00:00+00:00,1683619200000,2023-05-09T08:00:00+00:00,0.0001,0.0
2023-05-09 16:00:00+00:00,1683648000000,2023-05-09T16:00:00+00:00,5.218e-05,0.0
2023-05-10 00:00:00.007000+00:00,1683676800007,2023-05-10T00:00:00.007000+00:00,2.199e-05,0.0
2023-05-10 08:00:00.003000+00:00,1683705600003,2023-05-10T08:00:00.003000+00:00,6.916e-05,0.0
2023-05-10 16:00:00+00:00,1683734400000,2023-05-10T16:00:00+00:00,4.334e-05,0.0
2023-05-11 00:00:00.011000+00:00,1683763200011,2023-05-11T00:00:00.011000+00:00,-3.99e-06,0.0
2023-05-11 08:00:00+00:00,1683792000000,2023-05-11T08:00:00+00:00,2.198e-05,0.0
2023-05-11 16:00:00.005000+00:00,1683820800005,2023-05-11T16:00:00.005000+00:00,5.429e-05,0.0
2023-05-12 00:00:00.020000+00:00,1683849600020,2023-05-12T00:00:00.020000+00:00,1.83e-05,0.0
2023-05-12 08:00:00.001000+00:00,1683878400001,2023-05-12T08:00:00.001000+00:00,4.54e-06,0.0
2023-05-12 16:00:00.010000+00:00,1683907200010,2023-05-12T16:00:00.010000+00:00,-9.17e-06,0.0
2023-05-13 00:00:00+00:00,1683936000000,2023-05-13T00:00:00+00:00,2.858e-05,0.0
2023-05-13 08:00:00+00:00,1683964800000,2023-05-13T08:00:00+00:00,2.366e-05,0.0
2023-05-13 16:00:00.026000+00:00,1683993600026,2023-05-13T16:00:00.026000+00:00,8.57e-06,0.0
2023-05-14 00:00:00.029000+00:00,1684022400029,2023-05-14T00:00:00.029000+00:00,-4.8e-06,0.0
2023-05-14 08:00:00.010000+00:00,1684051200010,2023-05-14T08:00:00.010000+00:00,5.487e-05,0.0
2023-05-14 16:00:00.008000+00:00,1684080000008,2023-05-14T16:00:00.008000+00:00,3.797e-05,0.0
2023-05-15 00:00:00.006000+00:00,1684108800006,2023-05-15T00:00:00.006000+00:00,-1.849e-05,0.0
2023-05-15 08:00:00.005000+00:00,1684137600005,2023-05-15T08:00:00.005000+00:00,-2.95e-06,0.0
2023-05-15 16:00:00.008000+00:00,1684166400008,2023-05-15T16:00:00.008000+00:00,-1.988e-05,0.0
2023-05-16 00:00:00.021000+00:00,1684195200021,2023-05-16T00:00:00.021000+00:00,-1.56e-05,0.0
2023-05-16 08:00:00+00:00,1684224000000,2023-05-16T08:00:00+00:00,1.255e-05,0.0
2023-05-16 16:00:00+00:00,1684252800000,2023-05-16T16:00:00+00:00,6.009e-05,0.0
2023-05-17 00:00:00.010000+00:00,1684281600010,2023-05-17T00:00:00.010000+00:00,8.76e-05,0.0
2023-05-17 08:00:00+00:00,1684310400000,2023-05-17T08:00:00+00:00,-1.53e-05,0.0
2023-05-17 16:00:00.001000+00:00,1684339200001,2023-05-17T16:00:00.001000+00:00,3.984e-05,0.0
2023-05-18 00:00:00+00:00,1684368000000,2023-05-18T00:00:00+00:00,7.696e-05,0.0
2023-05-18 08:00:00.026000+00:00,1684396800026,2023-05-18T08:00:00.026000+00:00,6.739e-05,0.0
2023-05-18 16:00:00.019000+00:00,1684425600019,2023-05-18T16:00:00.019000+00:00,5.135e-05,0.0
2023-05-19 00:00:00+00:00,1684454400000,2023-05-19T00:00:00+00:00,4.796e-05,0.0
2023-05-19 08:00:00.002000+00:00,1684483200002,2023-05-19T08:00:00.002000+00:00,2.782e-05,0.0
2023-05-19 16:00:00+00:00,1684512000000,2023-05-19T16:00:00+00:00,0.0001,0.0
2023-05-20 00:00:00.005000+00:00,1684540800005,2023-05-20T00:00:00.005000+00:00,7.933e-05,0.0
2023-05-20 08:00:00.014000+00:00,1684569600014,2023-05-20T08:00:00.014000+00:00,7.88e-06,0.0
2023-05-20 16:00:00.020000+00:00,1684598400020,2023-05-20T16:00:00.020000+00:00,-1.76e-06,0.0
2023-05-21 00:00:00.014000+00:00,1684627200014,2023-05-21T00:00:00.014000+00:00,4.22e-05,0.0
2023-05-21 08:00:00.001000+00:00,1684656000001,2023-05-21T08:00:00.001000+00:00,-1.59e-06,0.0
2023-05-21 16:00:00.015000+00:00,1684684800015,2023-05-21T16:00:00.015000+00:00,2.497e-05,0.0
2023-05-22 00:00:00.028000+00:00,1684713600028,2023-05-22T00:00:00.028000+00:00,2.428e-05,0.0
2023-05-22 08:00:00+00:00,1684742400000,2023-05-22T08:00:00+00:00,5.518e-05,0.0
2023-05-22 16:00:00.012000+00:00,1684771200012,2023-05-22T16:00:00.012000+00:00,9.003e-05,0.0
2023-05-23 00:00:00.006000+00:00,1684800000006,2023-05-23T00:00:00.006000+00:00,2.79e-05,0.0
2023-05-23 08:00:00.014000+00:00,1684828800014,2023-05-23T08:00:00.014000+00:00,0.0001,0.0
2023-05-23 16:00:00.008000+00:00,1684857600008,2023-05-23T16:00:00.008000+00:00,7.379e-05,0.0
2023-05-24 00:00:00+00:00,1684886400000,2023-05-24T00:00:00+00:00,9.078e-05,0.0
2023-05-24 08:00:00.025000+00:00,1684915200025,2023-05-24T08:00:00.025000+00:00,1.006e-05,0.0
2023-05-24 16:00:00.008000+00:00,1684944000008,2023-05-24T16:00:00.008000+00:00,4.917e-05,0.0
2023-05-25 00:00:00+00:00,1684972800000,2023-05-25T00:00:00+00:00,1.449e-05,0.0
2023-05-25 08:00:00.025000+00:00,1685001600025,2023-05-25T08:00:00.025000+00:00,1.48e-06,0.0
2023-05-25 16:00:00.016000+00:00,1685030400016,2023-05-25T16:00:00.016000+00:00,6.605e-05,0.0
2023-05-26 00:00:00+00:00,1685059200000,2023-05-26T00:00:00+00:00,0.0001,0.0
2023-05-26 08:00:00.024000+00:00,1685088000024,2023-05-26T08:00:00.024000+00:00,6.574e-05,0.0
2023-05-26 16:00:00.012000+00:00,1685116800012,2023-05-26T16:00:00.012000+00:00,3.794e-05,0.0
2023-05-27 00:00:00.012000+00:00,1685145600012,2023-05-27T00:00:00.012000+00:00,6.425e-05,0.0
2023-05-27 08:00:00.018000+00:00,1685174400018,2023-05-27T08:00:00.018000+00:00,4.565e-05,0.0
2023-05-27 16:00:00.008000+00:00,1685203200008,2023-05-27T16:00:00.008000+00:00,-3.23e-05,0.0
2023-05-28 00:00:00.017000+00:00,1685232000017,2023-05-28T00:00:00.017000+00:00,-1.2e-06,0.0
2023-05-28 08:00:00.015000+00:00,1685260800015,2023-05-28T08:00:00.015000+00:00,-1.086e-05,0.0
2023-05-28 16:00:00+00:00,1685289600000,2023-05-28T16:00:00+00:00,2.481e-05,0.0
2023-05-29 00:00:00+00:00,1685318400000,2023-05-29T00:00:00+00:00,0.0001,0.0
2023-05-29 08:00:00.020000+00:00,1685347200020,2023-05-29T08:00:00.020000+00:00,0.0001,0.0
2023-05-29 16:00:00.011000+00:00,1685376000011,2023-05-29T16:00:00.011000+00:00,0.0001,0.0
2023-05-30 00:00:00.003000+00:00,1685404800003,2023-05-30T00:00:00.003000+00:00,0.0001,0.0
2023-05-30 08:00:00+00:00,1685433600000,2023-05-30T08:00:00+00:00,0.0001,0.0
2023-05-30 16:00:00.003000+00:00,1685462400003,2023-05-30T16:00:00.003000+00:00,4.386e-05,0.0
2023-05-31 00:00:00.013000+00:00,1685491200013,2023-05-31T00:00:00.013000+00:00,7.951e-05,0.0
2023-05-31 08:00:00+00:00,1685520000000,2023-05-31T08:00:00+00:00,5.35e-06,0.0
2023-05-31 16:00:00+00:00,1685548800000,2023-05-31T16:00:00+00:00,4.873e-05,0.0
2023-06-01 00:00:00.008000+00:00,1685577600008,2023-06-01T00:00:00.008000+00:00,6.731e-05,0.0
2023-06-01 08:00:00.012000+00:00,1685606400012,2023-06-01T08:00:00.012000+00:00,9.125e-05,0.0
2023-06-01 16:00:00+00:00,1685635200000,2023-06-01T16:00:00+00:00,0.0001,0.0
2023-06-02 00:00:00+00:00,1685664000000,2023-06-02T00:00:00+00:00,4.67e-05,0.0
2023-06-02 08:00:00.006000+00:00,1685692800006,2023-06-02T08:00:00.006000+00:00,0.0001,0.0
2023-06-02 16:00:00.012000+00:00,1685721600012,2023-06-02T16:00:00.012000+00:00,8.252e-05,0.0
2023-06-03 00:00:00+00:00,1685750400000,2023-06-03T00:00:00+00:00,0.0001,0.0
2023-06-03 08:00:00.011000+00:00,1685779200011,2023-06-03T08:00:00.011000+00:00,7.857e-05,0.0
2023-06-03 16:00:00.003000+00:00,1685808000003,2023-06-03T16:00:00.003000+00:00,9.5e-06,0.0
2023-06-04 00:00:00+00:00,1685836800000,2023-06-04T00:00:00+00:00,2.827e-05,0.0
2023-06-04 08:00:00+00:00,1685865600000,2023-06-04T08:00:00+00:00,4.801e-05,0.0
2023-06-04 16:00:00+00:00,1685894400000,2023-06-04T16:00:00+00:00,8.077e-05,0.0
2023-06-05 00:00:00.005000+00:00,1685923200005,2023-06-05T00:00:00.005000+00:00,2.94e-06,0.0
2023-06-05 08:00:00+00:00,1685952000000,2023-06-05T08:00:00+00:00,2.308e-05,0.0
2023-06-05 16:00:00+00:00,1685980800000,2023-06-05T16:00:00+00:00,7.505e-05,0.0
2023-06-06 00:00:00+00:00,1686009600000,2023-06-06T00:00:00+00:00,-4.896e-05,0.0
2023-06-06 08:00:00.009000+00:00,1686038400009,2023-06-06T08:00:00.009000+00:00,1.99e-06,0.0
2023-06-06 16:00:00.013000+00:00,1686067200013,2023-06-06T16:00:00.013000+00:00,8.581e-05,0.0
2023-06-07 00:00:00+00:00,1686096000000,2023-06-07T00:00:00+00:00,0.0001,0.0
2023-06-07 08:00:00.016000+00:00,1686124800016,2023-06-07T08:00:00.016000+00:00,0.0001,0.0
2023-06-07 16:00:00+00:00,1686153600000,2023-06-07T16:00:00+00:00,2.658e-05,0.0
2023-06-08 00:00:00.006000+00:00,1686182400006,2023-06-08T00:00:00.006000+00:00,6.055e-05,0.0
2023-06-08 08:00:00+00:00,1686211200000,2023-06-08T08:00:00+00:00,5.971e-05,0.0
2023-06-08 16:00:00+00:00,1686240000000,2023-06-08T16:00:00+00:00,6.27e-05,0.0
2023-06-09 00:00:00+00:00,1686268800000,2023-06-09T00:00:00+00:00,7.287e-05,0.0
2023-06-09 08:00:00+00:00,1686297600000,2023-06-09T08:00:00+00:00,9.72e-06,0.0
2023-06-09 16:00:00+00:00,1686326400000,2023-06-09T16:00:00+00:00,7.382e-05,0.0
2023-06-10 00:00:00+00:00,1686355200000,2023-06-10T00:00:00+00:00,6.01e-05,0.0
2023-06-10 08:00:00+00:00,1686384000000,2023-06-10T08:00:00+00:00,5.325e-05,0.0
2023-06-10 16:00:00+00:00,1686412800000,2023-06-10T16:00:00+00:00,1.875e-05,0.0
2023-06-11 00:00:00.001000+00:00,1686441600001,2023-06-11T00:00:00.001000+00:00,1.783e-05,0.0
2023-06-11 08:00:00+00:00,1686470400000,2023-06-11T08:00:00+00:00,6.332e-05,0.0
2023-06-11 16:00:00+00:00,1686499200000,2023-06-11T16:00:00+00:00,2.351e-05,0.0
2023-06-12 00:00:00+00:00,1686528000000,2023-06-12T00:00:00+00:00,7.802e-05,0.0
2023-06-12 08:00:00+00:00,1686556800000,2023-06-12T08:00:00+00:00,9.417e-05,0.0
2023-06-12 16:00:00.001000+00:00,1686585600001,2023-06-12T16:00:00.001000+00:00,2.839e-05,0.0
2023-06-13 00:00:00+00:00,1686614400000,2023-06-13T00:00:00+00:00,7.468e-05,0.0
2023-06-13 08:00:00+00:00,1686643200000,2023-06-13T08:00:00+00:00,4.944e-05,0.0
2023-06-13 16:00:00+00:00,1686672000000,2023-06-13T16:00:00+00:00,5.417e-05,0.0
2023-06-14 00:00:00+00:00,1686700800000,2023-06-14T00:00:00+00:00,9.312e-05,0.0
2023-06-14 08:00:00+00:00,1686729600000,2023-06-14T08:00:00+00:00,1.378e-05,0.0
2023-06-14 16:00:00+00:00,1686758400000,2023-06-14T16:00:00+00:00,2.759e-05,0.0
2023-06-15 00:00:00+00:00,1686787200000,2023-06-15T00:00:00+00:00,-7.479e-05,0.0
2023-06-15 08:00:00+00:00,1686816000000,2023-06-15T08:00:00+00:00,-8.236e-05,0.0
2023-06-15 16:00:00+00:00,1686844800000,2023-06-15T16:00:00+00:00,3.041e-05,0.0
2023-06-16 00:00:00+00:00,1686873600000,2023-06-16T00:00:00+00:00,-8.034e-05,0.0
2023-06-16 08:00:00+00:00,1686902400000,2023-06-16T08:00:00+00:00,-5.17e-05,0.0
2023-06-16 16:00:00+00:00,1686931200000,2023-06-16T16:00:00+00:00,-1.294e-05,0.0
2023-06-17 00:00:00+00:00,1686960000000,2023-06-17T00:00:00+00:00,6.711e-05,0.0
2023-06-17 08:00:00+00:00,1686988800000,2023-06-17T08:00:00+00:00,0.0001,0.0
2023-06-17 16:00:00+00:00,1687017600000,2023-06-17T16:00:00+00:00,-1.45e-06,0.0
2023-06-18 00:00:00+00:00,1687046400000,2023-06-18T00:00:00+00:00,-7.19e-06,0.0
2023-06-18 08:00:00+00:00,1687075200000,2023-06-18T08:00:00+00:00,-8.65e-06,0.0
2023-06-18 16:00:00+00:00,1687104000000,2023-06-18T16:00:00+00:00,5.296e-05,0.0
2023-06-19 00:00:00+00:00,1687132800000,2023-06-19T00:00:00+00:00,3.436e-05,0.0
2023-06-19 08:00:00+00:00,1687161600000,2023-06-19T08:00:00+00:00,5.597e-05,0.0
2023-06-19 16:00:00+00:00,1687190400000,2023-06-19T16:00:00+00:00,2.962e-05,0.0
2023-06-20 00:00:00.001000+00:00,1687219200001,2023-06-20T00:00:00.001000+00:00,3.35e-05,0.0
2023-06-20 08:00:00+00:00,1687248000000,2023-06-20T08:00:00+00:00,-2.167e-05,0.0
2023-06-20 16:00:00+00:00,1687276800000,2023-06-20T16:00:00+00:00,2.359e-05,0.0
2023-06-21 00:00:00+00:00,1687305600000,2023-06-21T00:00:00+00:00,0.0001,0.0
2023-06-21 08:00:00+00:00,1687334400000,2023-06-21T08:00:00+00:00,1.018e-05,0.0
2023-06-21 16:00:00+00:00,1687363200000,2023-06-21T16:00:00+00:00,-2.36e-06,0.0
2023-06-22 00:00:00+00:00,1687392000000,2023-06-22T00:00:00+00:00,0.0001,0.0
2023-06-22 08:00:00.001000+00:00,1687420800001,2023-06-22T08:00:00.001000+00:00,0.0001,0.0
2023-06-22 16:00:00+00:00,1687449600000,2023-06-22T16:00:00+00:00,0.0001,0.0
2023-06-23 00:00:00+00:00,1687478400000,2023-06-23T00:00:00+00:00,0.0001,0.0
2023-06-23 08:00:00+00:00,1687507200000,2023-06-23T08:00:00+00:00,0.0001,0.0
2023-06-23 16:00:00+00:00,1687536000000,2023-06-23T16:00:00+00:00,4.288e-05,0.0
2023-06-24 00:00:00+00:00,1687564800000,2023-06-24T00:00:00+00:00,0.0001,0.0
2023-06-24 08:00:00+00:00,1687593600000,2023-06-24T08:00:00+00:00,0.0001,0.0
2023-06-24 16:00:00+00:00,1687622400000,2023-06-24T16:00:00+00:00,3.414e-05,0.0
2023-06-25 00:00:00+00:00,1687651200000,2023-06-25T00:00:00+00:00,0.0001,0.0
2023-06-25 08:00:00+00:00,1687680000000,2023-06-25T08:00:00+00:00,0.0001,0.0
2023-06-25 16:00:00+00:00,1687708800000,2023-06-25T16:00:00+00:00,0.0001,0.0
2023-06-26 00:00:00+00:00,1687737600000,2023-06-26T00:00:00+00:00,0.0001,0.0
2023-06-26 08:00:00+00:00,1687766400000,2023-06-26T08:00:00+00:00,7.153e-05,0.0
2023-06-26 16:00:00+00:00,1687795200000,2023-06-26T16:00:00+00:00,7.038e-05,0.0
2023-06-27 00:00:00+00:00,1687824000000,2023-06-27T00:00:00+00:00,4.477e-05,0.0
2023-06-27 08:00:00+00:00,1687852800000,2023-06-27T08:00:00+00:00,6.237e-05,0.0
2023-06-27 16:00:00+00:00,1687881600000,2023-06-27T16:00:00+00:00,1.184e-05,0.0
2023-06-28 00:00:00+00:00,1687910400000,2023-06-28T00:00:00+00:00,0.0001,0.0
2023-06-28 08:00:00+00:00,1687939200000,2023-06-28T08:00:00+00:00,2.202e-05,0.0
2023-06-28 16:00:00+00:00,1687968000000,2023-06-28T16:00:00+00:00,3.873e-05,0.0
2023-06-29 00:00:00+00:00,1687996800000,2023-06-29T00:00:00+00:00,1.497e-05,0.0
2023-06-29 08:00:00+00:00,1688025600000,2023-06-29T08:00:00+00:00,1.188e-05,0.0
2023-06-29 16:00:00+00:00,1688054400000,2023-06-29T16:00:00+00:00,0.0001,0.0
2023-06-30 00:00:00+00:00,1688083200000,2023-06-30T00:00:00+00:00,3.965e-05,0.0
2023-06-30 08:00:00+00:00,1688112000000,2023-06-30T08:00:00+00:00,0.0001,0.0
2023-06-30 16:00:00.001000+00:00,1688140800001,2023-06-30T16:00:00.001000+00:00,0.0001,0.0
2023-07-01 00:00:00+00:00,1688169600000,2023-07-01T00:00:00+00:00,0.0001,0.0
2023-07-01 08:00:00+00:00,1688198400000,2023-07-01T08:00:00+00:00,0.0001,0.0
2023-07-01 16:00:00+00:00,1688227200000,2023-07-01T16:00:00+00:00,0.0001,0.0
2023-07-02 00:00:00+00:00,1688256000000,2023-07-02T00:00:00+00:00,0.0001,0.0
2023-07-02 08:00:00+00:00,1688284800000,2023-07-02T08:00:00+00:00,0.0001,0.0
2023-07-02 16:00:00.001000+00:00,1688313600001,2023-07-02T16:00:00.001000+00:00,0.0001,0.0
2023-07-03 00:00:00+00:00,1688342400000,2023-07-03T00:00:00+00:00,0.0001,0.0
2023-07-03 08:00:00+00:00,1688371200000,2023-07-03T08:00:00+00:00,0.0001,0.0
2023-07-03 16:00:00+00:00,1688400000000,2023-07-03T16:00:00+00:00,0.0001,0.0
2023-07-04 00:00:00.001000+00:00,1688428800001,2023-07-04T00:00:00.001000+00:00,0.0001,0.0
2023-07-04 08:00:00+00:00,1688457600000,2023-07-04T08:00:00+00:00,0.0001,0.0
2023-07-04 16:00:00+00:00,1688486400000,2023-07-04T16:00:00+00:00,0.0001,0.0
2023-07-05 00:00:00+00:00,1688515200000,2023-07-05T00:00:00+00:00,0.0001,0.0
2023-07-05 08:00:00+00:00,1688544000000,2023-07-05T08:00:00+00:00,0.0001,0.0
2023-07-05 16:00:00+00:00,1688572800000,2023-07-05T16:00:00+00:00,0.0001,0.0
2023-07-06 00:00:00+00:00,1688601600000,2023-07-06T00:00:00+00:00,0.0001,0.0
2023-07-06 08:00:00+00:00,1688630400000,2023-07-06T08:00:00+00:00,0.0001,0.0
2023-07-06 16:00:00+00:00,1688659200000,2023-07-06T16:00:00+00:00,2.778e-05,0.0
2023-07-07 00:00:00+00:00,1688688000000,2023-07-07T00:00:00+00:00,7.449e-05,0.0
2023-07-07 08:00:00+00:00,1688716800000,2023-07-07T08:00:00+00:00,3.362e-05,0.0
2023-07-07 16:00:00+00:00,1688745600000,2023-07-07T16:00:00+00:00,2.585e-05,0.0
2023-07-08 00:00:00+00:00,1688774400000,2023-07-08T00:00:00+00:00,3.796e-05,0.0
2023-07-08 08:00:00+00:00,1688803200000,2023-07-08T08:00:00+00:00,1.339e-05,0.0
2023-07-08 16:00:00+00:00,1688832000000,2023-07-08T16:00:00+00:00,-4.17e-06,0.0
2023-07-09 00:00:00+00:00,1688860800000,2023-07-09T00:00:00+00:00,3.226e-05,0.0
2023-07-09 08:00:00+00:00,1688889600000,2023-07-09T08:00:00+00:00,2.878e-05,0.0
2023-07-09 16:00:00+00:00,1688918400000,2023-07-09T16:00:00+00:00,3.18e-05,0.0
2023-07-10 00:00:00+00:00,1688947200000,2023-07-10T00:00:00+00:00,2.726e-05,0.0
2023-07-10 08:00:00+00:00,1688976000000,2023-07-10T08:00:00+00:00,4.524e-05,0.0
2023-07-10 16:00:00+00:00,1689004800000,2023-07-10T16:00:00+00:00,7.179e-05,0.0
2023-07-11 00:00:00+00:00,1689033600000,2023-07-11T00:00:00+00:00,9.527e-05,0.0
2023-07-11 08:00:00+00:00,1689062400000,2023-07-11T08:00:00+00:00,7.653e-05,0.0
2023-07-11 16:00:00+00:00,1689091200000,2023-07-11T16:00:00+00:00,2.549e-05,0.0
2023-07-12 00:00:00+00:00,1689120000000,2023-07-12T00:00:00+00:00,8.29e-05,0.0
2023-07-12 08:00:00+00:00,1689148800000,2023-07-12T08:00:00+00:00,0.0001,0.0
2023-07-12 16:00:00+00:00,1689177600000,2023-07-12T16:00:00+00:00,7.32e-05,0.0
2023-07-13 00:00:00+00:00,1689206400000,2023-07-13T00:00:00+00:00,-8.22e-06,0.0
2023-07-13 08:00:00+00:00,1689235200000,2023-07-13T08:00:00+00:00,5.591e-05,0.0
2023-07-13 16:00:00+00:00,1689264000000,2023-07-13T16:00:00+00:00,-4.55e-05,0.0
2023-07-14 00:00:00+00:00,1689292800000,2023-07-14T00:00:00+00:00,0.0001,0.0
2023-07-14 08:00:00+00:00,1689321600000,2023-07-14T08:00:00+00:00,0.0001,0.0
2023-07-14 16:00:00+00:00,1689350400000,2023-07-14T16:00:00+00:00,0.0001,0.0
2023-07-15 00:00:00+00:00,1689379200000,2023-07-15T00:00:00+00:00,-1.31e-06,0.0
2023-07-15 08:00:00+00:00,1689408000000,2023-07-15T08:00:00+00:00,8.11e-05,0.0
2023-07-15 16:00:00+00:00,1689436800000,2023-07-15T16:00:00+00:00,8.792e-05,0.0
2023-07-16 00:00:00.001000+00:00,1689465600001,2023-07-16T00:00:00.001000+00:00,5.641e-05,0.0
2023-07-16 08:00:00+00:00,1689494400000,2023-07-16T08:00:00+00:00,4.632e-05,0.0
2023-07-16 16:00:00+00:00,1689523200000,2023-07-16T16:00:00+00:00,4.081e-05,0.0
2023-07-17 00:00:00+00:00,1689552000000,2023-07-17T00:00:00+00:00,2.809e-05,0.0
2023-07-17 08:00:00+00:00,1689580800000,2023-07-17T08:00:00+00:00,2.313e-05,0.0
2023-07-17 16:00:00+00:00,1689609600000,2023-07-17T16:00:00+00:00,3.963e-05,0.0
2023-07-18 00:00:00+00:00,1689638400000,2023-07-18T00:00:00+00:00,6.696e-05,0.0
2023-07-18 08:00:00+00:00,1689667200000,2023-07-18T08:00:00+00:00,8.539e-05,0.0
2023-07-18 16:00:00+00:00,1689696000000,2023-07-18T16:00:00+00:00,7.161e-05,0.0
2023-07-19 00:00:00+00:00,1689724800000,2023-07-19T00:00:00+00:00,6.538e-05,0.0
2023-07-19 08:00:00+00:00,1689753600000,2023-07-19T08:00:00+00:00,0.0001,0.0
2023-07-19 16:00:00.001000+00:00,1689782400001,2023-07-19T16:00:00.001000+00:00,9.161e-05,0.0
2023-07-20 00:00:00+00:00,1689811200000,2023-07-20T00:00:00+00:00,-2.41e-06,0.0
2023-07-20 08:00:00+00:00,1689840000000,2023-07-20T08:00:00+00:00,9.217e-05,0.0
2023-07-20 16:00:00+00:00,1689868800000,2023-07-20T16:00:00+00:00,0.0001,0.0
2023-07-21 00:00:00.001000+00:00,1689897600001,2023-07-21T00:00:00.001000+00:00,1.798e-05,0.0
2023-07-21 08:00:00+00:00,1689926400000,2023-07-21T08:00:00+00:00,4.73e-06,0.0
2023-07-21 16:00:00+00:00,1689955200000,2023-07-21T16:00:00+00:00,7.376e-05,0.0
2023-07-22 00:00:00+00:00,1689984000000,2023-07-22T00:00:00+00:00,5.769e-05,0.0
2023-07-22 08:00:00+00:00,1690012800000,2023-07-22T08:00:00+00:00,-4.15e-06,0.0
2023-07-22 16:00:00+00:00,1690041600000,2023-07-22T16:00:00+00:00,1.649e-05,0.0
2023-07-23 00:00:00+00:00,1690070400000,2023-07-23T00:00:00+00:00,1.578e-05,0.0
2023-07-23 08:00:00+00:00,1690099200000,2023-07-23T08:00:00+00:00,3.411e-05,0.0
2023-07-23 16:00:00+00:00,1690128000000,2023-07-23T16:00:00+00:00,5.404e-05,0.0
2023-07-24 00:00:00+00:00,1690156800000,2023-07-24T00:00:00+00:00,0.0001,0.0
2023-07-24 08:00:00+00:00,1690185600000,2023-07-24T08:00:00+00:00,-8e-07,0.0
2023-07-24 16:00:00+00:00,1690214400000,2023-07-24T16:00:00+00:00,7.167e-05,0.0
2023-07-25 00:00:00+00:00,1690243200000,2023-07-25T00:00:00+00:00,8.389e-05,0.0
2023-07-25 08:00:00+00:00,1690272000000,2023-07-25T08:00:00+00:00,0.0001,0.0
2023-07-25 16:00:00+00:00,1690300800000,2023-07-25T16:00:00+00:00,7.49e-05,0.0
2023-07-26 00:00:00+00:00,1690329600000,2023-07-26T00:00:00+00:00,9.056e-05,0.0
2023-07-26 08:00:00.001000+00:00,1690358400001,2023-07-26T08:00:00.001000+00:00,6.753e-05,0.0
2023-07-26 16:00:00+00:00,1690387200000,2023-07-26T16:00:00+00:00,9.889e-05,0.0
2023-07-27 00:00:00+00:00,1690416000000,2023-07-27T00:00:00+00:00,0.0001,0.0
2023-07-27 08:00:00+00:00,1690444800000,2023-07-27T08:00:00+00:00,8.145e-05,0.0
2023-07-27 16:00:00.001000+00:00,1690473600001,2023-07-27T16:00:00.001000+00:00,3.967e-05,0.0
2023-07-28 00:00:00+00:00,1690502400000,2023-07-28T00:00:00+00:00,4.95e-05,0.0
2023-07-28 08:00:00+00:00,1690531200000,2023-07-28T08:00:00+00:00,5.36e-05,0.0
2023-07-28 16:00:00+00:00,1690560000000,2023-07-28T16:00:00+00:00,9.408e-05,0.0
2023-07-29 00:00:00+00:00,1690588800000,2023-07-29T00:00:00+00:00,0.0001,0.0
2023-07-29 08:00:00+00:00,1690617600000,2023-07-29T08:00:00+00:00,1.485e-05,0.0
2023-07-29 16:00:00.001000+00:00,1690646400001,2023-07-29T16:00:00.001000+00:00,0.0001,0.0
2023-07-30 00:00:00+00:00,1690675200000,2023-07-30T00:00:00+00:00,0.0001,0.0
2023-07-30 08:00:00+00:00,1690704000000,2023-07-30T08:00:00+00:00,1.949e-05,0.0
2023-07-30 16:00:00+00:00,1690732800000,2023-07-30T16:00:00+00:00,3.686e-05,0.0
2023-07-31 00:00:00+00:00,1690761600000,2023-07-31T00:00:00+00:00,4.9e-07,0.0
2023-07-31 08:00:00+00:00,1690790400000,2023-07-31T08:00:00+00:00,1.7e-06,0.0
2023-07-31 16:00:00.001000+00:00,1690819200001,2023-07-31T16:00:00.001000+00:00,4.221e-05,0.0
2023-08-01 00:00:00+00:00,1690848000000,2023-08-01T00:00:00+00:00,8.008e-05,0.0
2023-08-01 08:00:00+00:00,1690876800000,2023-08-01T08:00:00+00:00,3.03e-05,0.0
2023-08-01 16:00:00+00:00,1690905600000,2023-08-01T16:00:00+00:00,0.0001,0.0
2023-08-02 00:00:00+00:00,1690934400000,2023-08-02T00:00:00+00:00,0.0001,0.0
2023-08-02 08:00:00+00:00,1690963200000,2023-08-02T08:00:00+00:00,0.0001,0.0
2023-08-02 16:00:00+00:00,1690992000000,2023-08-02T16:00:00+00:00,0.0001,0.0
2023-08-03 00:00:00+00:00,1691020800000,2023-08-03T00:00:00+00:00,0.0001,0.0
2023-08-03 08:00:00+00:00,1691049600000,2023-08-03T08:00:00+00:00,0.0001,0.0
2023-08-03 16:00:00.001000+00:00,1691078400001,2023-08-03T16:00:00.001000+00:00,0.0001,0.0
2023-08-04 00:00:00+00:00,1691107200000,2023-08-04T00:00:00+00:00,0.0001,0.0
2023-08-04 08:00:00+00:00,1691136000000,2023-08-04T08:00:00+00:00,4.83e-05,0.0
2023-08-04 16:00:00+00:00,1691164800000,2023-08-04T16:00:00+00:00,0.0001,0.0
2023-08-05 00:00:00+00:00,1691193600000,2023-08-05T00:00:00+00:00,6.861e-05,0.0
2023-08-05 08:00:00+00:00,1691222400000,2023-08-05T08:00:00+00:00,9.22e-05,0.0
2023-08-05 16:00:00.001000+00:00,1691251200001,2023-08-05T16:00:00.001000+00:00,0.0001,0.0
2023-08-06 00:00:00+00:00,1691280000000,2023-08-06T00:00:00+00:00,0.0001,0.0
2023-08-06 08:00:00.001000+00:00,1691308800001,2023-08-06T08:00:00.001000+00:00,6.951e-05,0.0
2023-08-06 16:00:00.005000+00:00,1691337600005,2023-08-06T16:00:00.005000+00:00,4.934e-05,0.0
2023-08-07 00:00:00+00:00,1691366400000,2023-08-07T00:00:00+00:00,0.0001,0.0
2023-08-07 08:00:00+00:00,1691395200000,2023-08-07T08:00:00+00:00,9.331e-05,0.0
2023-08-07 16:00:00+00:00,1691424000000,2023-08-07T16:00:00+00:00,0.0001,0.0
2023-08-08 00:00:00+00:00,1691452800000,2023-08-08T00:00:00+00:00,6.695e-05,0.0
2023-08-08 08:00:00+00:00,1691481600000,2023-08-08T08:00:00+00:00,0.0001,0.0
2023-08-08 16:00:00+00:00,1691510400000,2023-08-08T16:00:00+00:00,4.942e-05,0.0
2023-08-09 00:00:00+00:00,1691539200000,2023-08-09T00:00:00+00:00,0.0001,0.0
2023-08-09 08:00:00+00:00,1691568000000,2023-08-09T08:00:00+00:00,1.575e-05,0.0
2023-08-09 16:00:00+00:00,1691596800000,2023-08-09T16:00:00+00:00,6.699e-05,0.0
2023-08-10 00:00:00.001000+00:00,1691625600001,2023-08-10T00:00:00.001000+00:00,8.799e-05,0.0
2023-08-10 08:00:00+00:00,1691654400000,2023-08-10T08:00:00+00:00,9.807e-05,0.0
2023-08-10 16:00:00+00:00,1691683200000,2023-08-10T16:00:00+00:00,8.989e-05,0.0
2023-08-11 00:00:00+00:00,1691712000000,2023-08-11T00:00:00+00:00,3.796e-05,0.0
2023-08-11 08:00:00+00:00,1691740800000,2023-08-11T08:00:00+00:00,7.02e-06,0.0
2023-08-11 16:00:00+00:00,1691769600000,2023-08-11T16:00:00+00:00,4.072e-05,0.0
2023-08-12 00:00:00+00:00,1691798400000,2023-08-12T00:00:00+00:00,6.253e-05,0.0
2023-08-12 08:00:00+00:00,1691827200000,2023-08-12T08:00:00+00:00,4.437e-05,0.0
2023-08-12 16:00:00+00:00,1691856000000,2023-08-12T16:00:00+00:00,6.868e-05,0.0
2023-08-13 00:00:00+00:00,1691884800000,2023-08-13T00:00:00+00:00,5.65e-05,0.0
2023-08-13 08:00:00+00:00,1691913600000,2023-08-13T08:00:00+00:00,3.083e-05,0.0
2023-08-13 16:00:00+00:00,1691942400000,2023-08-13T16:00:00+00:00,9.458e-05,0.0
2023-08-14 00:00:00.001000+00:00,1691971200001,2023-08-14T00:00:00.001000+00:00,0.0001,0.0
2023-08-14 08:00:00+00:00,1692000000000,2023-08-14T08:00:00+00:00,0.0001,0.0
2023-08-14 16:00:00+00:00,1692028800000,2023-08-14T16:00:00+00:00,9.882e-05,0.0
2023-08-15 00:00:00.001000+00:00,1692057600001,2023-08-15T00:00:00.001000+00:00,7.579e-05,0.0
2023-08-15 08:00:00+00:00,1692086400000,2023-08-15T08:00:00+00:00,9.894e-05,0.0
2023-08-15 16:00:00+00:00,1692115200000,2023-08-15T16:00:00+00:00,8.909e-05,0.0
2023-08-16 00:00:00+00:00,1692144000000,2023-08-16T00:00:00+00:00,7.286e-05,0.0
2023-08-16 08:00:00.001000+00:00,1692172800001,2023-08-16T08:00:00.001000+00:00,9.487e-05,0.0
2023-08-16 16:00:00+00:00,1692201600000,2023-08-16T16:00:00+00:00,0.0001,0.0
2023-08-17 00:00:00+00:00,1692230400000,2023-08-17T00:00:00+00:00,0.0001,0.0
2023-08-17 08:00:00+00:00,1692259200000,2023-08-17T08:00:00+00:00,7.426e-05,0.0
2023-08-17 16:00:00+00:00,1692288000000,2023-08-17T16:00:00+00:00,7.146e-05,0.0
2023-08-18 00:00:00+00:00,1692316800000,2023-08-18T00:00:00+00:00,-0.00017498,0.0
2023-08-18 08:00:00+00:00,1692345600000,2023-08-18T08:00:00+00:00,8.602e-05,0.0
2023-08-18 16:00:00+00:00,1692374400000,2023-08-18T16:00:00+00:00,2.951e-05,0.0
2023-08-19 00:00:00+00:00,1692403200000,2023-08-19T00:00:00+00:00,-4.58e-05,0.0
2023-08-19 08:00:00+00:00,1692432000000,2023-08-19T08:00:00+00:00,-7.861e-05,0.0
2023-08-19 16:00:00+00:00,1692460800000,2023-08-19T16:00:00+00:00,-8.349e-05,0.0
2023-08-20 00:00:00+00:00,1692489600000,2023-08-20T00:00:00+00:00,-0.00011445,0.0
2023-08-20 08:00:00+00:00,1692518400000,2023-08-20T08:00:00+00:00,-9.092e-05,0.0
2023-08-20 16:00:00+00:00,1692547200000,2023-08-20T16:00:00+00:00,-1.625e-05,0.0
2023-08-21 00:00:00+00:00,1692576000000,2023-08-21T00:00:00+00:00,-4.01e-05,0.0
2023-08-21 08:00:00+00:00,1692604800000,2023-08-21T08:00:00+00:00,-4.365e-05,0.0
2023-08-21 16:00:00+00:00,1692633600000,2023-08-21T16:00:00+00:00,5.92e-06,0.0
2023-08-22 00:00:00+00:00,1692662400000,2023-08-22T00:00:00+00:00,3.645e-05,0.0
2023-08-22 08:00:00+00:00,1692691200000,2023-08-22T08:00:00+00:00,-6.552e-05,0.0
2023-08-22 16:00:00+00:00,1692720000000,2023-08-22T16:00:00+00:00,-3.757e-05,0.0
2023-08-23 00:00:00+00:00,1692748800000,2023-08-23T00:00:00+00:00,-2.059e-05,0.0
2023-08-23 08:00:00+00:00,1692777600000,2023-08-23T08:00:00+00:00,-1.6e-06,0.0
2023-08-23 16:00:00+00:00,1692806400000,2023-08-23T16:00:00+00:00,3.34e-06,0.0
2023-08-24 00:00:00+00:00,1692835200000,2023-08-24T00:00:00+00:00,2.659e-05,0.0
2023-08-24 08:00:00+00:00,1692864000000,2023-08-24T08:00:00+00:00,-9.57e-06,0.0
2023-08-24 16:00:00+00:00,1692892800000,2023-08-24T16:00:00+00:00,-1.897e-05,0.0
2023-08-25 00:00:00+00:00,1692921600000,2023-08-25T00:00:00+00:00,-2.692e-05,0.0
2023-08-25 08:00:00+00:00,1692950400000,2023-08-25T08:00:00+00:00,-1.529e-05,0.0
2023-08-25 16:00:00+00:00,1692979200000,2023-08-25T16:00:00+00:00,4.98e-06,0.0
2023-08-26 00:00:00+00:00,1693008000000,2023-08-26T00:00:00+00:00,3.56e-05,0.0
2023-08-26 08:00:00+00:00,1693036800000,2023-08-26T08:00:00+00:00,-5.5e-07,0.0
2023-08-26 16:00:00+00:00,1693065600000,2023-08-26T16:00:00+00:00,-6.303e-05,0.0
2023-08-27 00:00:00+00:00,1693094400000,2023-08-27T00:00:00+00:00,3.99e-06,0.0
2023-08-27 08:00:00+00:00,1693123200000,2023-08-27T08:00:00+00:00,1.535e-05,0.0
2023-08-27 16:00:00+00:00,1693152000000,2023-08-27T16:00:00+00:00,2.696e-05,0.0
2023-08-28 00:00:00+00:00,1693180800000,2023-08-28T00:00:00+00:00,-1.76e-06,0.0
2023-08-28 08:00:00.001000+00:00,1693209600001,2023-08-28T08:00:00.001000+00:00,-4.85e-05,0.0
2023-08-28 16:00:00.001000+00:00,1693238400001,2023-08-28T16:00:00.001000+00:00,5.739e-05,0.0
2023-08-29 00:00:00+00:00,1693267200000,2023-08-29T00:00:00+00:00,3.145e-05,0.0
2023-08-29 08:00:00+00:00,1693296000000,2023-08-29T08:00:00+00:00,1.139e-05,0.0
2023-08-29 16:00:00+00:00,1693324800000,2023-08-29T16:00:00+00:00,-0.0001273,0.0
2023-08-30 00:00:00+00:00,1693353600000,2023-08-30T00:00:00+00:00,7.488e-05,0.0
2023-08-30 08:00:00+00:00,1693382400000,2023-08-30T08:00:00+00:00,7.249e-05,0.0
2023-08-30 16:00:00+00:00,1693411200000,2023-08-30T16:00:00+00:00,4.644e-05,0.0
2023-08-31 00:00:00+00:00,1693440000000,2023-08-31T00:00:00+00:00,3.628e-05,0.0
2023-08-31 08:00:00+00:00,1693468800000,2023-08-31T08:00:00+00:00,5.955e-05,0.0
2023-08-31 16:00:00+00:00,1693497600000,2023-08-31T16:00:00+00:00,2.375e-05,0.0
2023-09-01 00:00:00+00:00,1693526400000,2023-09-01T00:00:00+00:00,3.532e-05,0.0
2023-09-01 08:00:00+00:00,1693555200000,2023-09-01T08:00:00+00:00,-1.812e-05,0.0
2023-09-01 16:00:00.001000+00:00,1693584000001,2023-09-01T16:00:00.001000+00:00,2.457e-05,0.0
2023-09-02 00:00:00+00:00,1693612800000,2023-09-02T00:00:00+00:00,8.05e-06,0.0
2023-09-02 08:00:00+00:00,1693641600000,2023-09-02T08:00:00+00:00,-1.621e-05,0.0
2023-09-02 16:00:00+00:00,1693670400000,2023-09-02T16:00:00+00:00,6.05e-06,0.0
2023-09-03 00:00:00+00:00,1693699200000,2023-09-03T00:00:00+00:00,1.39e-05,0.0
2023-09-03 08:00:00+00:00,1693728000000,2023-09-03T08:00:00+00:00,-2.475e-05,0.0
2023-09-03 16:00:00+00:00,1693756800000,2023-09-03T16:00:00+00:00,-6.21e-06,0.0
2023-09-04 00:00:00+00:00,1693785600000,2023-09-04T00:00:00+00:00,-7.5e-07,0.0
2023-09-04 08:00:00+00:00,1693814400000,2023-09-04T08:00:00+00:00,-7.752e-05,0.0
2023-09-04 16:00:00+00:00,1693843200000,2023-09-04T16:00:00+00:00,9.8e-06,0.0
2023-09-05 00:00:00+00:00,1693872000000,2023-09-05T00:00:00+00:00,3.126e-05,0.0
2023-09-05 08:00:00+00:00,1693900800000,2023-09-05T08:00:00+00:00,2.9e-06,0.0
2023-09-05 16:00:00+00:00,1693929600000,2023-09-05T16:00:00+00:00,9.77e-06,0.0
2023-09-06 00:00:00+00:00,1693958400000,2023-09-06T00:00:00+00:00,2.88e-05,0.0
2023-09-06 08:00:00+00:00,1693987200000,2023-09-06T08:00:00+00:00,-3.144e-05,0.0
2023-09-06 16:00:00.001000+00:00,1694016000001,2023-09-06T16:00:00.001000+00:00,5.701e-05,0.0
2023-09-07 00:00:00+00:00,1694044800000,2023-09-07T00:00:00+00:00,4.502e-05,0.0
2023-09-07 08:00:00+00:00,1694073600000,2023-09-07T08:00:00+00:00,7.831e-05,0.0
2023-09-07 16:00:00+00:00,1694102400000,2023-09-07T16:00:00+00:00,4.354e-05,0.0
2023-09-08 00:00:00+00:00,1694131200000,2023-09-08T00:00:00+00:00,5.596e-05,0.0
2023-09-08 08:00:00+00:00,1694160000000,2023-09-08T08:00:00+00:00,2.685e-05,0.0
2023-09-08 16:00:00+00:00,1694188800000,2023-09-08T16:00:00+00:00,2.497e-05,0.0
2023-09-09 00:00:00+00:00,1694217600000,2023-09-09T00:00:00+00:00,5.008e-05,0.0
2023-09-09 08:00:00+00:00,1694246400000,2023-09-09T08:00:00+00:00,2.832e-05,0.0
2023-09-09 16:00:00+00:00,1694275200000,2023-09-09T16:00:00+00:00,4.629e-05,0.0
2023-09-10 00:00:00+00:00,1694304000000,2023-09-10T00:00:00+00:00,3.947e-05,0.0
2023-09-10 08:00:00+00:00,1694332800000,2023-09-10T08:00:00+00:00,1.527e-05,0.0
2023-09-10 16:00:00+00:00,1694361600000,2023-09-10T16:00:00+00:00,7.75e-06,0.0
2023-09-11 00:00:00+00:00,1694390400000,2023-09-11T00:00:00+00:00,4.838e-05,0.0
2023-09-11 08:00:00+00:00,1694419200000,2023-09-11T08:00:00+00:00,5.747e-05,0.0
2023-09-11 16:00:00.001000+00:00,1694448000001,2023-09-11T16:00:00.001000+00:00,-6.25e-06,0.0
2023-09-12 00:00:00+00:00,1694476800000,2023-09-12T00:00:00+00:00,-4.991e-05,0.0
2023-09-12 08:00:00+00:00,1694505600000,2023-09-12T08:00:00+00:00,-2.671e-05,0.0
2023-09-12 16:00:00+00:00,1694534400000,2023-09-12T16:00:00+00:00,-1.44e-06,0.0
2023-09-13 00:00:00+00:00,1694563200000,2023-09-13T00:00:00+00:00,2.004e-05,0.0
2023-09-13 08:00:00+00:00,1694592000000,2023-09-13T08:00:00+00:00,-3.26e-05,0.0
2023-09-13 16:00:00+00:00,1694620800000,2023-09-13T16:00:00+00:00,3.87e-05,0.0
2023-09-14 00:00:00+00:00,1694649600000,2023-09-14T00:00:00+00:00,-3.64e-05,0.0
2023-09-14 08:00:00.001000+00:00,1694678400001,2023-09-14T08:00:00.001000+00:00,3.172e-05,0.0
2023-09-14 16:00:00+00:00,1694707200000,2023-09-14T16:00:00+00:00,-5.6e-06,0.0
2023-09-15 00:00:00+00:00,1694736000000,2023-09-15T00:00:00+00:00,7.26e-06,0.0
2023-09-15 08:00:00+00:00,1694764800000,2023-09-15T08:00:00+00:00,-2.473e-05,0.0
2023-09-15 16:00:00+00:00,1694793600000,2023-09-15T16:00:00+00:00,3.877e-05,0.0
2023-09-16 00:00:00+00:00,1694822400000,2023-09-16T00:00:00+00:00,0.0001,0.0
2023-09-16 08:00:00+00:00,1694851200000,2023-09-16T08:00:00+00:00,9.3e-06,0.0
2023-09-16 16:00:00+00:00,1694880000000,2023-09-16T16:00:00+00:00,2.24e-06,0.0
2023-09-17 00:00:00+00:00,1694908800000,2023-09-17T00:00:00+00:00,2.272e-05,0.0
2023-09-17 08:00:00+00:00,1694937600000,2023-09-17T08:00:00+00:00,-9.41e-06,0.0
2023-09-17 16:00:00+00:00,1694966400000,2023-09-17T16:00:00+00:00,4.182e-05,0.0
2023-09-18 00:00:00+00:00,1694995200000,2023-09-18T00:00:00+00:00,6.22e-06,0.0
2023-09-18 08:00:00+00:00,1695024000000,2023-09-18T08:00:00+00:00,1.365e-05,0.0
2023-09-18 16:00:00+00:00,1695052800000,2023-09-18T16:00:00+00:00,2.976e-05,0.0
2023-09-19 00:00:00+00:00,1695081600000,2023-09-19T00:00:00+00:00,-1.298e-05,0.0
2023-09-19 08:00:00.001000+00:00,1695110400001,2023-09-19T08:00:00.001000+00:00,-1.248e-05,0.0
2023-09-19 16:00:00+00:00,1695139200000,2023-09-19T16:00:00+00:00,1.153e-05,0.0
2023-09-20 00:00:00+00:00,1695168000000,2023-09-20T00:00:00+00:00,4.614e-05,0.0
2023-09-20 08:00:00+00:00,1695196800000,2023-09-20T08:00:00+00:00,2.387e-05,0.0
2023-09-20 16:00:00+00:00,1695225600000,2023-09-20T16:00:00+00:00,2.909e-05,0.0
2023-09-21 00:00:00.001000+00:00,1695254400001,2023-09-21T00:00:00.001000+00:00,3.804e-05,0.0
2023-09-21 08:00:00+00:00,1695283200000,2023-09-21T08:00:00+00:00,7.655e-05,0.0
2023-09-21 16:00:00+00:00,1695312000000,2023-09-21T16:00:00+00:00,-6.38e-06,0.0
2023-09-22 00:00:00+00:00,1695340800000,2023-09-22T00:00:00+00:00,2.241e-05,0.0
2023-09-22 08:00:00+00:00,1695369600000,2023-09-22T08:00:00+00:00,2.865e-05,0.0
2023-09-22 16:00:00+00:00,1695398400000,2023-09-22T16:00:00+00:00,3.523e-05,0.0
2023-09-23 00:00:00+00:00,1695427200000,2023-09-23T00:00:00+00:00,2.817e-05,0.0
2023-09-23 08:00:00+00:00,1695456000000,2023-09-23T08:00:00+00:00,2.963e-05,0.0
2023-09-23 16:00:00+00:00,1695484800000,2023-09-23T16:00:00+00:00,2.321e-05,0.0
2023-09-24 00:00:00+00:00,1695513600000,2023-09-24T00:00:00+00:00,2.991e-05,0.0
2023-09-24 08:00:00+00:00,1695542400000,2023-09-24T08:00:00+00:00,-5.58e-06,0.0
2023-09-24 16:00:00+00:00,1695571200000,2023-09-24T16:00:00+00:00,4.671e-05,0.0
2023-09-25 00:00:00+00:00,1695600000000,2023-09-25T00:00:00+00:00,2.857e-05,0.0
2023-09-25 08:00:00+00:00,1695628800000,2023-09-25T08:00:00+00:00,4.305e-05,0.0
2023-09-25 16:00:00+00:00,1695657600000,2023-09-25T16:00:00+00:00,5.13e-05,0.0
2023-09-26 00:00:00+00:00,1695686400000,2023-09-26T00:00:00+00:00,6.471e-05,0.0
2023-09-26 08:00:00+00:00,1695715200000,2023-09-26T08:00:00+00:00,1.558e-05,0.0
2023-09-26 16:00:00+00:00,1695744000000,2023-09-26T16:00:00+00:00,5.673e-05,0.0
2023-09-27 00:00:00+00:00,1695772800000,2023-09-27T00:00:00+00:00,0.0001,0.0
2023-09-27 08:00:00.001000+00:00,1695801600001,2023-09-27T08:00:00.001000+00:00,6.67e-06,0.0
2023-09-27 16:00:00+00:00,1695830400000,2023-09-27T16:00:00+00:00,4.982e-05,0.0
2023-09-28 00:00:00+00:00,1695859200000,2023-09-28T00:00:00+00:00,8.17e-06,0.0
2023-09-28 08:00:00+00:00,1695888000000,2023-09-28T08:00:00+00:00,4.301e-05,0.0
2023-09-28 16:00:00+00:00,1695916800000,2023-09-28T16:00:00+00:00,2.239e-05,0.0
2023-09-29 00:00:00+00:00,1695945600000,2023-09-29T00:00:00+00:00,-3.93e-06,0.0
2023-09-29 08:00:00+00:00,1695974400000,2023-09-29T08:00:00+00:00,4.429e-05,0.0
2023-09-29 16:00:00+00:00,1696003200000,2023-09-29T16:00:00+00:00,1.2e-07,0.0
2023-09-30 00:00:00+00:00,1696032000000,2023-09-30T00:00:00+00:00,9.07e-06,0.0
2023-09-30 08:00:00+00:00,1696060800000,2023-09-30T08:00:00+00:00,-2.413e-05,0.0
2023-09-30 16:00:00+00:00,1696089600000,2023-09-30T16:00:00+00:00,1.168e-05,0.0
2023-10-01 00:00:00+00:00,1696118400000,2023-10-01T00:00:00+00:00,-1.276e-05,0.0
2023-10-01 08:00:00+00:00,1696147200000,2023-10-01T08:00:00+00:00,8.22e-06,0.0
2023-10-01 16:00:00+00:00,1696176000000,2023-10-01T16:00:00+00:00,3.599e-05,0.0
2023-10-02 00:00:00+00:00,1696204800000,2023-10-02T00:00:00+00:00,0.0001,0.0
2023-10-02 08:00:00+00:00,1696233600000,2023-10-02T08:00:00+00:00,6.308e-05,0.0
2023-10-02 16:00:00+00:00,1696262400000,2023-10-02T16:00:00+00:00,6.372e-05,0.0
2023-10-03 00:00:00+00:00,1696291200000,2023-10-03T00:00:00+00:00,3.9e-07,0.0
2023-10-03 08:00:00+00:00,1696320000000,2023-10-03T08:00:00+00:00,1.728e-05,0.0
2023-10-03 16:00:00+00:00,1696348800000,2023-10-03T16:00:00+00:00,7.087e-05,0.0
2023-10-04 00:00:00+00:00,1696377600000,2023-10-04T00:00:00+00:00,4.62e-05,0.0
2023-10-04 08:00:00+00:00,1696406400000,2023-10-04T08:00:00+00:00,7.38e-06,0.0
2023-10-04 16:00:00+00:00,1696435200000,2023-10-04T16:00:00+00:00,2.618e-05,0.0
2023-10-05 00:00:00+00:00,1696464000000,2023-10-05T00:00:00+00:00,2.065e-05,0.0
2023-10-05 08:00:00+00:00,1696492800000,2023-10-05T08:00:00+00:00,2.685e-05,0.0
2023-10-05 16:00:00.001000+00:00,1696521600001,2023-10-05T16:00:00.001000+00:00,2.072e-05,0.0
2023-10-06 00:00:00+00:00,1696550400000,2023-10-06T00:00:00+00:00,0.0001,0.0
2023-10-06 08:00:00+00:00,1696579200000,2023-10-06T08:00:00+00:00,8.473e-05,0.0
2023-10-06 16:00:00+00:00,1696608000000,2023-10-06T16:00:00+00:00,5.905e-05,0.0
2023-10-07 00:00:00+00:00,1696636800000,2023-10-07T00:00:00+00:00,8.468e-05,0.0
2023-10-07 08:00:00+00:00,1696665600000,2023-10-07T08:00:00+00:00,3.736e-05,0.0
2023-10-07 16:00:00+00:00,1696694400000,2023-10-07T16:00:00+00:00,3.615e-05,0.0
2023-10-08 00:00:00+00:00,1696723200000,2023-10-08T00:00:00+00:00,9.048e-05,0.0
2023-10-08 08:00:00.001000+00:00,1696752000001,2023-10-08T08:00:00.001000+00:00,9.246e-05,0.0
2023-10-08 16:00:00+00:00,1696780800000,2023-10-08T16:00:00+00:00,9.791e-05,0.0
2023-10-09 00:00:00+00:00,1696809600000,2023-10-09T00:00:00+00:00,0.0001,0.0
2023-10-09 08:00:00+00:00,1696838400000,2023-10-09T08:00:00+00:00,6.572e-05,0.0
2023-10-09 16:00:00+00:00,1696867200000,2023-10-09T16:00:00+00:00,3.935e-05,0.0
2023-10-10 00:00:00+00:00,1696896000000,2023-10-10T00:00:00+00:00,6.268e-05,0.0
2023-10-10 08:00:00+00:00,1696924800000,2023-10-10T08:00:00+00:00,8.857e-05,0.0
2023-10-10 16:00:00+00:00,1696953600000,2023-10-10T16:00:00+00:00,5.511e-05,0.0
2023-10-11 00:00:00+00:00,1696982400000,2023-10-11T00:00:00+00:00,2.257e-05,0.0
2023-10-11 08:00:00+00:00,1697011200000,2023-10-11T08:00:00+00:00,5.392e-05,0.0
2023-10-11 16:00:00+00:00,1697040000000,2023-10-11T16:00:00+00:00,4.725e-05,0.0
2023-10-12 00:00:00+00:00,1697068800000,2023-10-12T00:00:00+00:00,4.026e-05,0.0
2023-10-12 08:00:00+00:00,1697097600000,2023-10-12T08:00:00+00:00,2.69e-05,0.0
2023-10-12 16:00:00+00:00,1697126400000,2023-10-12T16:00:00+00:00,7.112e-05,0.0
2023-10-13 00:00:00+00:00,1697155200000,2023-10-13T00:00:00+00:00,3.69e-05,0.0
2023-10-13 08:00:00+00:00,1697184000000,2023-10-13T08:00:00+00:00,3.476e-05,0.0
2023-10-13 16:00:00+00:00,1697212800000,2023-10-13T16:00:00+00:00,2.693e-05,0.0
2023-10-14 00:00:00+00:00,1697241600000,2023-10-14T00:00:00+00:00,1.068e-05,0.0
2023-10-14 08:00:00+00:00,1697270400000,2023-10-14T08:00:00+00:00,3.108e-05,0.0
2023-10-14 16:00:00+00:00,1697299200000,2023-10-14T16:00:00+00:00,6.65e-05,0.0
2023-10-15 00:00:00+00:00,1697328000000,2023-10-15T00:00:00+00:00,7.083e-05,0.0
2023-10-15 08:00:00+00:00,1697356800000,2023-10-15T08:00:00+00:00,5.253e-05,0.0
2023-10-15 16:00:00+00:00,1697385600000,2023-10-15T16:00:00+00:00,2.062e-05,0.0
2023-10-16 00:00:00+00:00,1697414400000,2023-10-16T00:00:00+00:00,5.18e-05,0.0
2023-10-16 08:00:00+00:00,1697443200000,2023-10-16T08:00:00+00:00,4.393e-05,0.0
2023-10-16 16:00:00+00:00,1697472000000,2023-10-16T16:00:00+00:00,8.412e-05,0.0
2023-10-17 00:00:00+00:00,1697500800000,2023-10-17T00:00:00+00:00,1.957e-05,0.0
2023-10-17 08:00:00+00:00,1697529600000,2023-10-17T08:00:00+00:00,2.557e-05,0.0
2023-10-17 16:00:00+00:00,1697558400000,2023-10-17T16:00:00+00:00,6.742e-05,0.0
2023-10-18 00:00:00+00:00,1697587200000,2023-10-18T00:00:00+00:00,5.947e-05,0.0
2023-10-18 08:00:00+00:00,1697616000000,2023-10-18T08:00:00+00:00,1.385e-05,0.0
2023-10-18 16:00:00+00:00,1697644800000,2023-10-18T16:00:00+00:00,6.495e-05,0.0
2023-10-19 00:00:00+00:00,1697673600000,2023-10-19T00:00:00+00:00,4.251e-05,0.0
2023-10-19 08:00:00.001000+00:00,1697702400001,2023-10-19T08:00:00.001000+00:00,2.988e-05,0.0
2023-10-19 16:00:00+00:00,1697731200000,2023-10-19T16:00:00+00:00,5.842e-05,0.0
2023-10-20 00:00:00+00:00,1697760000000,2023-10-20T00:00:00+00:00,3.868e-05,0.0
2023-10-20 08:00:00.005000+00:00,1697788800005,2023-10-20T08:00:00.005000+00:00,5.912e-05,0.0
2023-10-20 16:00:00+00:00,1697817600000,2023-10-20T16:00:00+00:00,7.072e-05,0.0
2023-10-21 00:00:00+00:00,1697846400000,2023-10-21T00:00:00+00:00,4.902e-05,0.0
2023-10-21 08:00:00+00:00,1697875200000,2023-10-21T08:00:00+00:00,1.735e-05,0.0
2023-10-21 16:00:00+00:00,1697904000000,2023-10-21T16:00:00+00:00,3.771e-05,0.0
2023-10-22 00:00:00+00:00,1697932800000,2023-10-22T00:00:00+00:00,7.554e-05,0.0
2023-10-22 08:00:00+00:00,1697961600000,2023-10-22T08:00:00+00:00,2.649e-05,0.0
2023-10-22 16:00:00+00:00,1697990400000,2023-10-22T16:00:00+00:00,6.03e-06,0.0
2023-10-23 00:00:00+00:00,1698019200000,2023-10-23T00:00:00+00:00,9.262e-05,0.0
2023-10-23 08:00:00.001000+00:00,1698048000001,2023-10-23T08:00:00.001000+00:00,1.593e-05,0.0
2023-10-23 16:00:00.001000+00:00,1698076800001,2023-10-23T16:00:00.001000+00:00,1.883e-05,0.0
2023-10-24 00:00:00+00:00,1698105600000,2023-10-24T00:00:00+00:00,0.0001,0.0
2023-10-24 08:00:00+00:00,1698134400000,2023-10-24T08:00:00+00:00,0.0001,0.0
2023-10-24 16:00:00+00:00,1698163200000,2023-10-24T16:00:00+00:00,0.0001,0.0
2023-10-25 00:00:00+00:00,1698192000000,2023-10-25T00:00:00+00:00,0.0001,0.0
2023-10-25 08:00:00+00:00,1698220800000,2023-10-25T08:00:00+00:00,0.0001,0.0
2023-10-25 16:00:00.001000+00:00,1698249600001,2023-10-25T16:00:00.001000+00:00,0.0001,0.0
2023-10-26 00:00:00.001000+00:00,1698278400001,2023-10-26T00:00:00.001000+00:00,0.0001,0.0
2023-10-26 08:00:00+00:00,1698307200000,2023-10-26T08:00:00+00:00,0.0001,0.0
2023-10-26 16:00:00+00:00,1698336000000,2023-10-26T16:00:00+00:00,0.0001,0.0
2023-10-27 00:00:00+00:00,1698364800000,2023-10-27T00:00:00+00:00,0.0001,0.0
2023-10-27 08:00:00+00:00,1698393600000,2023-10-27T08:00:00+00:00,0.0001,0.0
2023-10-27 16:00:00+00:00,1698422400000,2023-10-27T16:00:00+00:00,0.0001,0.0
2023-10-28 00:00:00+00:00,1698451200000,2023-10-28T00:00:00+00:00,0.0001,0.0
2023-10-28 08:00:00.001000+00:00,1698480000001,2023-10-28T08:00:00.001000+00:00,0.0001,0.0
2023-10-28 16:00:00+00:00,1698508800000,2023-10-28T16:00:00+00:00,0.0001,0.0
2023-10-29 00:00:00+00:00,1698537600000,2023-10-29T00:00:00+00:00,0.0001,0.0
2023-10-29 08:00:00+00:00,1698566400000,2023-10-29T08:00:00+00:00,0.0001,0.0
2023-10-29 16:00:00+00:00,1698595200000,2023-10-29T16:00:00+00:00,0.0001,0.0
2023-10-30 00:00:00+00:00,1698624000000,2023-10-30T00:00:00+00:00,0.0001,0.0
2023-10-30 08:00:00+00:00,1698652800000,2023-10-30T08:00:00+00:00,0.0001,0.0
2023-10-30 16:00:00+00:00,1698681600000,2023-10-30T16:00:00+00:00,0.0001,0.0
2023-10-31 00:00:00.001000+00:00,1698710400001,2023-10-31T00:00:00.001000+00:00,0.0001,0.0
2023-10-31 08:00:00+00:00,1698739200000,2023-10-31T08:00:00+00:00,0.0001,1791.03990329
2023-10-31 16:00:00+00:00,1698768000000,2023-10-31T16:00:00+00:00,0.0001,1792.26
2023-11-01 00:00:00+00:00,1698796800000,2023-11-01T00:00:00+00:00,0.0001,1815.68
2023-11-01 08:00:00+00:00,1698825600000,2023-11-01T08:00:00+00:00,0.0001,1805.10087255
2023-11-01 16:00:00+00:00,1698854400000,2023-11-01T16:00:00+00:00,0.0001,1792.96543725
2023-11-02 00:00:00.001000+00:00,1698883200001,2023-11-02T00:00:00.001000+00:00,0.00026784,1848.05576938
2023-11-02 08:00:00+00:00,1698912000000,2023-11-02T08:00:00+00:00,0.00020558,1836.13
2023-11-02 16:00:00+00:00,1698940800000,2023-11-02T16:00:00+00:00,0.0001,1803.52
2023-11-03 00:00:00+00:00,1698969600000,2023-11-03T00:00:00+00:00,0.0001,1800.57006471
2023-11-03 08:00:00+00:00,1698998400000,2023-11-03T08:00:00+00:00,0.0001,1798.73
2023-11-03 16:00:00+00:00,1699027200000,2023-11-03T16:00:00+00:00,0.0001,1812.01
2023-11-04 00:00:00+00:00,1699056000000,2023-11-04T00:00:00+00:00,0.0001,1832.47692308
2023-11-04 08:00:00+00:00,1699084800000,2023-11-04T08:00:00+00:00,0.0001,1833.60480143
2023-11-04 16:00:00+00:00,1699113600000,2023-11-04T16:00:00+00:00,0.0001,1831.73655251
2023-11-05 00:00:00+00:00,1699142400000,2023-11-05T00:00:00+00:00,0.0001,1856.08
2023-11-05 08:00:00+00:00,1699171200000,2023-11-05T08:00:00+00:00,0.0001,1885.79966078
2023-11-05 16:00:00+00:00,1699200000000,2023-11-05T16:00:00+00:00,0.0001,1874.83
2023-11-06 00:00:00+00:00,1699228800000,2023-11-06T00:00:00+00:00,0.0001,1892.49
2023-11-06 08:00:00.001000+00:00,1699257600001,2023-11-06T08:00:00.001000+00:00,0.0001,1878.96193263
2023-11-06 16:00:00+00:00,1699286400000,2023-11-06T16:00:00+00:00,0.0001,1901.59677255
2023-11-07 00:00:00.001000+00:00,1699315200001,2023-11-07T00:00:00.001000+00:00,0.0001,1901.42825373
2023-11-07 08:00:00+00:00,1699344000000,2023-11-07T08:00:00+00:00,0.0001,1892.59
2023-11-07 16:00:00+00:00,1699372800000,2023-11-07T16:00:00+00:00,0.0001,1863.48078903
2023-11-08 00:00:00+00:00,1699401600000,2023-11-08T00:00:00+00:00,0.0001,1885.79
2023-11-08 08:00:00+00:00,1699430400000,2023-11-08T08:00:00+00:00,0.0001,1875.34123516
2023-11-08 16:00:00+00:00,1699459200000,2023-11-08T16:00:00+00:00,0.0001,1889.62
2023-11-09 00:00:00+00:00,1699488000000,2023-11-09T00:00:00+00:00,0.0001,1888.71
2023-11-09 08:00:00+00:00,1699516800000,2023-11-09T08:00:00+00:00,0.0001,1912.43154852
2023-11-09 16:00:00+00:00,1699545600000,2023-11-09T16:00:00+00:00,0.00071131,2039.55
2023-11-10 00:00:00+00:00,1699574400000,2023-11-10T00:00:00+00:00,0.00027525,2122.68432489
2023-11-10 08:00:00+00:00,1699603200000,2023-11-10T08:00:00+00:00,0.00041432,2104.639379
2023-11-10 16:00:00+00:00,1699632000000,2023-11-10T16:00:00+00:00,0.00012656,2090.93946624
2023-11-11 00:00:00+00:00,1699660800000,2023-11-11T00:00:00+00:00,0.00013604,2078.9673597
2023-11-11 08:00:00+00:00,1699689600000,2023-11-11T08:00:00+00:00,0.00013371,2056.40684932
2023-11-11 16:00:00+00:00,1699718400000,2023-11-11T16:00:00+00:00,0.00027449,2069.3
2023-11-12 00:00:00+00:00,1699747200000,2023-11-12T00:00:00+00:00,0.00016325,2054.53
2023-11-12 08:00:00+00:00,1699776000000,2023-11-12T08:00:00+00:00,0.0001,2058.9
2023-11-12 16:00:00.001000+00:00,1699804800001,2023-11-12T16:00:00.001000+00:00,0.00024299,2058.36
2023-11-13 00:00:00+00:00,1699833600000,2023-11-13T00:00:00+00:00,0.0003299,2046.01099578
2023-11-13 08:00:00+00:00,1699862400000,2023-11-13T08:00:00+00:00,0.00022787,2049.37
2023-11-13 16:00:00+00:00,1699891200000,2023-11-13T16:00:00+00:00,0.00022833,2106.88
2023-11-14 00:00:00+00:00,1699920000000,2023-11-14T00:00:00+00:00,0.00018828,2054.99
2023-11-14 08:00:00+00:00,1699948800000,2023-11-14T08:00:00+00:00,0.00013623,2061.59
2023-11-14 16:00:00.001000+00:00,1699977600001,2023-11-14T16:00:00.001000+00:00,0.0001,2039.18813291
2023-11-15 00:00:00+00:00,1700006400000,2023-11-15T00:00:00+00:00,0.0001,1979.7528903
2023-11-15 08:00:00+00:00,1700035200000,2023-11-15T08:00:00+00:00,0.0001,1983.98
2023-11-15 16:00:00+00:00,1700064000000,2023-11-15T16:00:00+00:00,0.0001,2022.15
2023-11-16 00:00:00+00:00,1700092800000,2023-11-16T00:00:00+00:00,0.0001,2059.29
2023-11-16 08:00:00+00:00,1700121600000,2023-11-16T08:00:00+00:00,0.0001,2054.31647619
2023-11-16 16:00:00.001000+00:00,1700150400001,2023-11-16T16:00:00.001000+00:00,0.0001,1995.83
2023-11-17 00:00:00+00:00,1700179200000,2023-11-17T00:00:00+00:00,0.0001,1962.07922344
2023-11-17 08:00:00.001000+00:00,1700208000001,2023-11-17T08:00:00.001000+00:00,0.0001,1970.53057875
2023-11-17 16:00:00.001000+00:00,1700236800001,2023-11-17T16:00:00.001000+00:00,0.0001,1918.85260256
2023-11-18 00:00:00+00:00,1700265600000,2023-11-18T00:00:00+00:00,0.0001,1961.21
2023-11-18 08:00:00+00:00,1700294400000,2023-11-18T08:00:00+00:00,0.0001,1936.47534066
2023-11-18 16:00:00+00:00,1700323200000,2023-11-18T16:00:00+00:00,0.0001,1953.1734011
2023-11-19 00:00:00+00:00,1700352000000,2023-11-19T00:00:00+00:00,0.0001,1963.03469597
2023-11-19 08:00:00+00:00,1700380800000,2023-11-19T08:00:00+00:00,0.0001,1961.94580495
2023-11-19 16:00:00+00:00,1700409600000,2023-11-19T16:00:00+00:00,0.0001,1966.83244139
2023-11-20 00:00:00+00:00,1700438400000,2023-11-20T00:00:00+00:00,0.0001,2012.36017033
2023-11-20 08:00:00+00:00,1700467200000,2023-11-20T08:00:00+00:00,0.0001,2019.69
2023-11-20 16:00:00+00:00,1700496000000,2023-11-20T16:00:00+00:00,0.0001,2043.11663287
2023-11-21 00:00:00+00:00,1700524800000,2023-11-21T00:00:00+00:00,0.0001,2022.53
2023-11-21 08:00:00+00:00,1700553600000,2023-11-21T08:00:00+00:00,0.0001,2004.84465211
2023-11-21 16:00:00+00:00,1700582400000,2023-11-21T16:00:00+00:00,0.0001,1988.95889744
2023-11-22 00:00:00+00:00,1700611200000,2023-11-22T00:00:00+00:00,0.0001,1933.53839927
2023-11-22 08:00:00+00:00,1700640000000,2023-11-22T08:00:00+00:00,0.0001,1993.97
2023-11-22 16:00:00+00:00,1700668800000,2023-11-22T16:00:00+00:00,0.0001,2033.87
2023-11-23 00:00:00+00:00,1700697600000,2023-11-23T00:00:00+00:00,0.0001,2063.90136264
2023-11-23 08:00:00+00:00,1700726400000,2023-11-23T08:00:00+00:00,0.0001,2066.5
2023-11-23 16:00:00.001000+00:00,1700755200001,2023-11-23T16:00:00.001000+00:00,0.0001,2042.49
2023-11-24 00:00:00+00:00,1700784000000,2023-11-24T00:00:00+00:00,0.0001,2062.58464103
2023-11-24 08:00:00+00:00,1700812800000,2023-11-24T08:00:00+00:00,0.0001,2080.5
2023-11-24 16:00:00+00:00,1700841600000,2023-11-24T16:00:00+00:00,0.0001,2117.4400293
2023-11-25 00:00:00+00:00,1700870400000,2023-11-25T00:00:00+00:00,0.0001,2081.11207013
2023-11-25 08:00:00+00:00,1700899200000,2023-11-25T08:00:00+00:00,0.0001,2088.47
2023-11-25 16:00:00+00:00,1700928000000,2023-11-25T16:00:00+00:00,0.0001,2078.0
2023-11-26 00:00:00+00:00,1700956800000,2023-11-26T00:00:00+00:00,0.0001,2083.02988828
2023-11-26 08:00:00+00:00,1700985600000,2023-11-26T08:00:00+00:00,0.0001,2089.19
2023-11-26 16:00:00+00:00,1701014400000,2023-11-26T16:00:00+00:00,0.0001,2064.80736264
2023-11-27 00:00:00+00:00,1701043200000,2023-11-27T00:00:00+00:00,0.0001,2061.97
2023-11-27 08:00:00.001000+00:00,1701072000001,2023-11-27T08:00:00.001000+00:00,0.0001,2045.17966117
2023-11-27 16:00:00+00:00,1701100800000,2023-11-27T16:00:00+00:00,0.0001,2002.77
2023-11-28 00:00:00+00:00,1701129600000,2023-11-28T00:00:00+00:00,0.0001,2027.48098901
2023-11-28 08:00:00+00:00,1701158400000,2023-11-28T08:00:00+00:00,0.0001,2014.43367582
2023-11-28 16:00:00+00:00,1701187200000,2023-11-28T16:00:00+00:00,0.0001,2036.3
2023-11-29 00:00:00.001000+00:00,1701216000001,2023-11-29T00:00:00.001000+00:00,0.0001,2048.2
2023-11-29 08:00:00+00:00,1701244800000,2023-11-29T08:00:00+00:00,0.0001,2057.29296703
2023-11-29 16:00:00+00:00,1701273600000,2023-11-29T16:00:00+00:00,0.0001,2031.31
2023-11-30 00:00:00+00:00,1701302400000,2023-11-30T00:00:00+00:00,0.0001,2028.57204924
2023-11-30 08:00:00+00:00,1701331200000,2023-11-30T08:00:00+00:00,0.0001,2035.52
2023-11-30 16:00:00+00:00,1701360000000,2023-11-30T16:00:00+00:00,0.0001,2032.90660985
2023-12-01 00:00:00+00:00,1701388800000,2023-12-01T00:00:00+00:00,0.0001,2051.77
2023-12-01 08:00:00+00:00,1701417600000,2023-12-01T08:00:00+00:00,0.0001,2092.78875379
2023-12-01 16:00:00+00:00,1701446400000,2023-12-01T16:00:00+00:00,0.0001,2079.57779167
2023-12-02 00:00:00+00:00,1701475200000,2023-12-02T00:00:00+00:00,0.0001,2087.1210303
2023-12-02 08:00:00+00:00,1701504000000,2023-12-02T08:00:00+00:00,0.0001,2095.65
2023-12-02 16:00:00+00:00,1701532800000,2023-12-02T16:00:00+00:00,0.0001,2103.75
2023-12-03 00:00:00+00:00,1701561600000,2023-12-03T00:00:00+00:00,0.0001,2165.35966872
2023-12-03 08:00:00+00:00,1701590400000,2023-12-03T08:00:00+00:00,0.0001,2164.73536364
2023-12-03 16:00:00+00:00,1701619200000,2023-12-03T16:00:00+00:00,0.0001,2160.35
2023-12-04 00:00:00+00:00,1701648000000,2023-12-04T00:00:00+00:00,0.0001,2193.25
2023-12-04 08:00:00+00:00,1701676800000,2023-12-04T08:00:00+00:00,0.0001,2247.34961789
2023-12-04 16:00:00+00:00,1701705600000,2023-12-04T16:00:00+00:00,0.0001,2212.15
2023-12-05 00:00:00+00:00,1701734400000,2023-12-05T00:00:00+00:00,0.0001,2243.60849242
2023-12-05 08:00:00+00:00,1701763200000,2023-12-05T08:00:00+00:00,0.0001,2200.19
2023-12-05 16:00:00+00:00,1701792000000,2023-12-05T16:00:00+00:00,0.0001,2228.84545455
2023-12-06 00:00:00+00:00,1701820800000,2023-12-06T00:00:00+00:00,0.0001,2293.72126894
2023-12-06 08:00:00+00:00,1701849600000,2023-12-06T08:00:00+00:00,0.0001,2266.4
2023-12-06 16:00:00+00:00,1701878400000,2023-12-06T16:00:00+00:00,0.0001,2252.84
2023-12-07 00:00:00+00:00,1701907200000,2023-12-07T00:00:00+00:00,0.0001,2233.1662197
2023-12-07 08:00:00+00:00,1701936000000,2023-12-07T08:00:00+00:00,0.0001,2261.96
2023-12-07 16:00:00+00:00,1701964800000,2023-12-07T16:00:00+00:00,0.0001,2322.41451515
2023-12-08 00:00:00+00:00,1701993600000,2023-12-08T00:00:00+00:00,0.00022693,2357.04
2023-12-08 08:00:00+00:00,1702022400000,2023-12-08T08:00:00+00:00,0.00012399,2354.37
2023-12-08 16:00:00+00:00,1702051200000,2023-12-08T16:00:00+00:00,0.00010417,2347.44
2023-12-09 00:00:00+00:00,1702080000000,2023-12-09T00:00:00+00:00,0.00022528,2360.37334848
2023-12-09 08:00:00+00:00,1702108800000,2023-12-09T08:00:00+00:00,0.00031293,2385.42
2023-12-09 16:00:00+00:00,1702137600000,2023-12-09T16:00:00+00:00,0.00033485,2364.32306626
2023-12-10 00:00:00+00:00,1702166400000,2023-12-10T00:00:00+00:00,0.00016658,2342.21
2023-12-10 08:00:00+00:00,1702195200000,2023-12-10T08:00:00+00:00,0.00015944,2355.49
2023-12-10 16:00:00+00:00,1702224000000,2023-12-10T16:00:00+00:00,0.00022842,2353.53
2023-12-11 00:00:00+00:00,1702252800000,2023-12-11T00:00:00+00:00,0.00024112,2353.81954878
2023-12-11 08:00:00+00:00,1702281600000,2023-12-11T08:00:00+00:00,0.0001,2237.15
2023-12-11 16:00:00+00:00,1702310400000,2023-12-11T16:00:00+00:00,0.0001,2220.05
2023-12-12 00:00:00+00:00,1702339200000,2023-12-12T00:00:00+00:00,0.0001,2225.56
2023-12-12 08:00:00+00:00,1702368000000,2023-12-12T08:00:00+00:00,0.0001,2233.91
2023-12-12 16:00:00+00:00,1702396800000,2023-12-12T16:00:00+00:00,0.0001,2194.72817073
2023-12-13 00:00:00+00:00,1702425600000,2023-12-13T00:00:00+00:00,0.00012813,2204.45285985
2023-12-13 08:00:00+00:00,1702454400000,2023-12-13T08:00:00+00:00,0.00015058,2174.28468939
2023-12-13 16:00:00.001000+00:00,1702483200001,2023-12-13T16:00:00.001000+00:00,0.00010581,2218.58796591
2023-12-14 00:00:00+00:00,1702512000000,2023-12-14T00:00:00+00:00,0.0001,2261.1775303
2023-12-14 08:00:00+00:00,1702540800000,2023-12-14T08:00:00+00:00,0.0001,2283.2
2023-12-14 16:00:00+00:00,1702569600000,2023-12-14T16:00:00+00:00,0.0001,2275.96
2023-12-15 00:00:00+00:00,1702598400000,2023-12-15T00:00:00+00:00,0.0001,2316.53
2023-12-15 08:00:00+00:00,1702627200000,2023-12-15T08:00:00+00:00,0.0001,2272.49
2023-12-15 16:00:00+00:00,1702656000000,2023-12-15T16:00:00+00:00,0.00010419,2232.83531818
2023-12-16 00:00:00+00:00,1702684800000,2023-12-16T00:00:00+00:00,0.0001,2221.42673485
2023-12-16 08:00:00+00:00,1702713600000,2023-12-16T08:00:00+00:00,0.0001,2242.5092681
2023-12-16 16:00:00.001000+00:00,1702742400001,2023-12-16T16:00:00.001000+00:00,0.0001,2257.44
2023-12-17 00:00:00+00:00,1702771200000,2023-12-17T00:00:00+00:00,0.0001,2229.64
2023-12-17 08:00:00+00:00,1702800000000,2023-12-17T08:00:00+00:00,0.0001,2209.78
2023-12-17 16:00:00+00:00,1702828800000,2023-12-17T16:00:00+00:00,0.00011402,2223.0639053
2023-12-18 00:00:00+00:00,1702857600000,2023-12-18T00:00:00+00:00,0.00015083,2197.34822348
2023-12-18 08:00:00.001000+00:00,1702886400001,2023-12-18T08:00:00.001000+00:00,0.0001,2170.05
2023-12-18 16:00:00+00:00,1702915200000,2023-12-18T16:00:00+00:00,0.0001,2156.12584848
2023-12-19 00:00:00+00:00,1702944000000,2023-12-19T00:00:00+00:00,0.0001,2220.52
2023-12-19 08:00:00+00:00,1702972800000,2023-12-19T08:00:00+00:00,0.0001,2248.57
2023-12-19 16:00:00+00:00,1703001600000,2023-12-19T16:00:00+00:00,0.0001,2192.86
2023-12-20 00:00:00+00:00,1703030400000,2023-12-20T00:00:00+00:00,0.0001,2178.71327812
2023-12-20 08:00:00+00:00,1703059200000,2023-12-20T08:00:00+00:00,0.0001,2217.69
2023-12-20 16:00:00+00:00,1703088000000,2023-12-20T16:00:00+00:00,0.00023154,2248.59913636
2023-12-21 00:00:00+00:00,1703116800000,2023-12-21T00:00:00+00:00,0.00026163,2203.87649002
2023-12-21 08:00:00+00:00,1703145600000,2023-12-21T08:00:00+00:00,0.0002655,2216.76559091
2023-12-21 16:00:00+00:00,1703174400000,2023-12-21T16:00:00+00:00,0.00042074,2234.5
2023-12-22 00:00:00+00:00,1703203200000,2023-12-22T00:00:00+00:00,0.00044152,2241.35
2023-12-22 08:00:00+00:00,1703232000000,2023-12-22T08:00:00+00:00,0.00043341,2275.26
2023-12-22 16:00:00+00:00,1703260800000,2023-12-22T16:00:00+00:00,0.00051141,2321.73
2023-12-23 00:00:00+00:00,1703289600000,2023-12-23T00:00:00+00:00,0.0001854,2326.23586742
2023-12-23 08:00:00.001000+00:00,1703318400001,2023-12-23T08:00:00.001000+00:00,0.00012586,2284.9579697
2023-12-23 16:00:00+00:00,1703347200000,2023-12-23T16:00:00+00:00,0.00017945,2286.91638696
2023-12-24 00:00:00+00:00,1703376000000,2023-12-24T00:00:00+00:00,0.00013318,2310.34407935
2023-12-24 08:00:00+00:00,1703404800000,2023-12-24T08:00:00+00:00,0.00021857,2296.15
2023-12-24 16:00:00+00:00,1703433600000,2023-12-24T16:00:00+00:00,0.00019769,2294.48
2023-12-25 00:00:00+00:00,1703462400000,2023-12-25T00:00:00+00:00,0.00013827,2265.43
2023-12-25 08:00:00+00:00,1703491200000,2023-12-25T08:00:00+00:00,0.00021479,2282.03294697
2023-12-25 16:00:00+00:00,1703520000000,2023-12-25T16:00:00+00:00,0.0004388,2288.44595833
2023-12-26 00:00:00+00:00,1703548800000,2023-12-26T00:00:00+00:00,0.00050051,2273.21
2023-12-26 08:00:00+00:00,1703577600000,2023-12-26T08:00:00+00:00,0.00029501,2242.49
2023-12-26 16:00:00+00:00,1703606400000,2023-12-26T16:00:00+00:00,0.00036888,2230.50639015
2023-12-27 00:00:00+00:00,1703635200000,2023-12-27T00:00:00+00:00,0.0003153,2232.44
2023-12-27 08:00:00+00:00,1703664000000,2023-12-27T08:00:00+00:00,0.00040955,2230.44007562
2023-12-27 16:00:00+00:00,1703692800000,2023-12-27T16:00:00+00:00,0.00049072,2344.62087879
2023-12-28 00:00:00+00:00,1703721600000,2023-12-28T00:00:00+00:00,0.00027263,2380.28011742
2023-12-28 08:00:00+00:00,1703750400000,2023-12-28T08:00:00+00:00,0.00057135,2383.06
2023-12-28 16:00:00+00:00,1703779200000,2023-12-28T16:00:00+00:00,0.00049862,2360.96809848
2023-12-29 00:00:00.001000+00:00,1703808000001,2023-12-29T00:00:00.001000+00:00,0.00044508,2345.66
2023-12-29 08:00:00+00:00,1703836800000,2023-12-29T08:00:00+00:00,0.00049499,2334.99907197
2023-12-29 16:00:00+00:00,1703865600000,2023-12-29T16:00:00+00:00,0.00047123,2328.83
2023-12-30 00:00:00.001000+00:00,1703894400001,2023-12-30T00:00:00.001000+00:00,0.00027255,2300.60762699
2023-12-30 08:00:00+00:00,1703923200000,2023-12-30T08:00:00+00:00,0.00031443,2297.61885247
2023-12-30 16:00:00+00:00,1703952000000,2023-12-30T16:00:00+00:00,0.00026513,2314.57
2023-12-31 00:00:00+00:00,1703980800000,2023-12-31T00:00:00+00:00,0.00021714,2293.07001515
2023-12-31 08:00:00.001000+00:00,1704009600001,2023-12-31T08:00:00.001000+00:00,0.00027824,2296.94
2023-12-31 16:00:00+00:00,1704038400000,2023-12-31T16:00:00+00:00,0.00031621,2300.6
2024-01-01 00:00:00+00:00,1704067200000,2024-01-01T00:00:00+00:00,0.00027858,2283.75151515
2024-01-01 08:00:00+00:00,1704096000000,2024-01-01T08:00:00+00:00,0.00031096,2286.35660167
2024-01-01 16:00:00+00:00,1704124800000,2024-01-01T16:00:00+00:00,0.00043011,2316.73945076
2024-01-02 00:00:00+00:00,1704153600000,2024-01-02T00:00:00+00:00,0.00053505,2354.62
2024-01-02 08:00:00+00:00,1704182400000,2024-01-02T08:00:00+00:00,0.0005124,2387.83
2024-01-02 16:00:00+00:00,1704211200000,2024-01-02T16:00:00+00:00,0.00063801,2359.18379545
2024-01-03 00:00:00+00:00,1704240000000,2024-01-03T00:00:00+00:00,0.00028538,2356.81500379
2024-01-03 08:00:00+00:00,1704268800000,2024-01-03T08:00:00+00:00,0.00024384,2362.82
2024-01-03 16:00:00+00:00,1704297600000,2024-01-03T16:00:00+00:00,0.0001,2240.81591288
2024-01-04 00:00:00+00:00,1704326400000,2024-01-04T00:00:00+00:00,0.0001,2210.33935985
2024-01-04 08:00:00+00:00,1704355200000,2024-01-04T08:00:00+00:00,0.0001,2222.58849621
2024-01-04 16:00:00+00:00,1704384000000,2024-01-04T16:00:00+00:00,0.0001,2277.70839015
2024-01-05 00:00:00.001000+00:00,1704412800001,2024-01-05T00:00:00.001000+00:00,0.0001,2267.60702033
2024-01-05 08:00:00+00:00,1704441600000,2024-01-05T08:00:00+00:00,0.0001,2252.67449242
2024-01-05 16:00:00+00:00,1704470400000,2024-01-05T16:00:00+00:00,0.0001,2225.09448106
2024-01-06 00:00:00+00:00,1704499200000,2024-01-06T00:00:00+00:00,0.0001,2268.55259756
2024-01-06 08:00:00+00:00,1704528000000,2024-01-06T08:00:00+00:00,0.0001,2233.09
2024-01-06 16:00:00+00:00,1704556800000,2024-01-06T16:00:00+00:00,0.0001,2246.27
2024-01-07 00:00:00+00:00,1704585600000,2024-01-07T00:00:00+00:00,0.0001,2240.44394318
2024-01-07 08:00:00.001000+00:00,1704614400001,2024-01-07T08:00:00.001000+00:00,0.0001,2248.88
2024-01-07 16:00:00.001000+00:00,1704643200001,2024-01-07T16:00:00.001000+00:00,0.0001,2229.9
2024-01-08 00:00:00+00:00,1704672000000,2024-01-08T00:00:00+00:00,0.0001,2220.87
2024-01-08 08:00:00+00:00,1704700800000,2024-01-08T08:00:00+00:00,0.0001,2223.6850963
2024-01-08 16:00:00+00:00,1704729600000,2024-01-08T16:00:00+00:00,0.0001,2269.52795076
2024-01-09 00:00:00.001000+00:00,1704758400001,2024-01-09T00:00:00.001000+00:00,0.0001,2331.05410707
2024-01-09 08:00:00+00:00,1704787200000,2024-01-09T08:00:00+00:00,0.0001,2306.09
2024-01-09 16:00:00+00:00,1704816000000,2024-01-09T16:00:00+00:00,0.0001,2257.03263258
2024-01-10 00:00:00+00:00,1704844800000,2024-01-10T00:00:00+00:00,0.0001,2344.44
2024-01-10 08:00:00+00:00,1704873600000,2024-01-10T08:00:00+00:00,0.0001,2369.32956857
2024-01-10 16:00:00+00:00,1704902400000,2024-01-10T16:00:00+00:00,0.0001,2450.23
2024-01-11 00:00:00+00:00,1704931200000,2024-01-11T00:00:00+00:00,0.0001,2584.4290303
2024-01-11 08:00:00+00:00,1704960000000,2024-01-11T08:00:00+00:00,0.0001,2589.40712879
2024-01-11 16:00:00+00:00,1704988800000,2024-01-11T16:00:00+00:00,0.0001,2614.23185606
2024-01-12 00:00:00.001000+00:00,1705017600001,2024-01-12T00:00:00.001000+00:00,0.0001,2618.59
2024-01-12 08:00:00+00:00,1705046400000,2024-01-12T08:00:00+00:00,0.0001,2597.21351515
2024-01-12 16:00:00+00:00,1705075200000,2024-01-12T16:00:00+00:00,0.0001,2648.56
2024-01-13 00:00:00+00:00,1705104000000,2024-01-13T00:00:00+00:00,0.0001,2523.12903409
2024-01-13 08:00:00+00:00,1705132800000,2024-01-13T08:00:00+00:00,0.0001,2550.91017803
2024-01-13 16:00:00.001000+00:00,1705161600001,2024-01-13T16:00:00.001000+00:00,0.0001,2564.28
2024-01-14 00:00:00+00:00,1705190400000,2024-01-14T00:00:00+00:00,0.0001,2578.43028788
2024-01-14 08:00:00+00:00,1705219200000,2024-01-14T08:00:00+00:00,0.0001,2551.43821591
2024-01-14 16:00:00.001000+00:00,1705248000001,2024-01-14T16:00:00.001000+00:00,0.0001,2538.17
2024-01-15 00:00:00+00:00,1705276800000,2024-01-15T00:00:00+00:00,0.0001,2474.13
2024-01-15 08:00:00+00:00,1705305600000,2024-01-15T08:00:00+00:00,0.0001,2514.25229167
2024-01-15 16:00:00+00:00,1705334400000,2024-01-15T16:00:00+00:00,0.0001,2515.37
2024-01-16 00:00:00+00:00,1705363200000,2024-01-16T00:00:00+00:00,0.0001,2512.2
2024-01-16 08:00:00+00:00,1705392000000,2024-01-16T08:00:00+00:00,0.0001,2527.97039394
2024-01-16 16:00:00.001000+00:00,1705420800001,2024-01-16T16:00:00.001000+00:00,0.0001,2559.46878409
2024-01-17 00:00:00+00:00,1705449600000,2024-01-17T00:00:00+00:00,0.0001,2587.57931818
2024-01-17 08:00:00+00:00,1705478400000,2024-01-17T08:00:00+00:00,0.0001,2552.39315909
2024-01-17 16:00:00+00:00,1705507200000,2024-01-17T16:00:00+00:00,0.0001,2539.47984977
2024-01-18 00:00:00.001000+00:00,1705536000001,2024-01-18T00:00:00.001000+00:00,0.0001,2530.53208712
2024-01-18 08:00:00+00:00,1705564800000,2024-01-18T08:00:00+00:00,0.0001,2538.88
2024-01-18 16:00:00+00:00,1705593600000,2024-01-18T16:00:00+00:00,0.0001,2526.12
2024-01-19 00:00:00+00:00,1705622400000,2024-01-19T00:00:00+00:00,0.0001,2470.45503788
2024-01-19 08:00:00+00:00,1705651200000,2024-01-19T08:00:00+00:00,0.0001,2465.61653409
2024-01-19 16:00:00.002000+00:00,1705680000002,2024-01-19T16:00:00.002000+00:00,0.0001,2463.45
2024-01-20 00:00:00+00:00,1705708800000,2024-01-20T00:00:00+00:00,0.0001,2492.2176849
2024-01-20 08:00:00.003000+00:00,1705737600003,2024-01-20T08:00:00.003000+00:00,0.0001,2478.74349199
2024-01-20 16:00:00+00:00,1705766400000,2024-01-20T16:00:00+00:00,0.0001,2464.20482955
2024-01-21 00:00:00+00:00,1705795200000,2024-01-21T00:00:00+00:00,0.0001,2472.24386483
2024-01-21 08:00:00+00:00,1705824000000,2024-01-21T08:00:00+00:00,0.0001,2475.83113636
2024-01-21 16:00:00+00:00,1705852800000,2024-01-21T16:00:00+00:00,0.0001,2468.1
2024-01-22 00:00:00+00:00,1705881600000,2024-01-22T00:00:00+00:00,0.0001,2456.79434848
2024-01-22 08:00:00+00:00,1705910400000,2024-01-22T08:00:00+00:00,0.0001,2420.75290152
2024-01-22 16:00:00+00:00,1705939200000,2024-01-22T16:00:00+00:00,0.0001,2379.05630682
2024-01-23 00:00:00+00:00,1705968000000,2024-01-23T00:00:00+00:00,0.0001,2314.33
2024-01-23 08:00:00+00:00,1705996800000,2024-01-23T08:00:00+00:00,0.0001,2323.48176136
2024-01-23 16:00:00+00:00,1706025600000,2024-01-23T16:00:00+00:00,0.0001,2219.42948864
2024-01-24 00:00:00+00:00,1706054400000,2024-01-24T00:00:00+00:00,0.0001,2241.92282927
2024-01-24 08:00:00+00:00,1706083200000,2024-01-24T08:00:00+00:00,0.0001,2233.49910227
2024-01-24 16:00:00+00:00,1706112000000,2024-01-24T16:00:00+00:00,0.0001,2234.1825963
2024-01-25 00:00:00+00:00,1706140800000,2024-01-25T00:00:00+00:00,0.0001,2234.62
2024-01-25 08:00:00.001000+00:00,1706169600001,2024-01-25T08:00:00.001000+00:00,0.0001,2227.10170732
2024-01-25 16:00:00+00:00,1706198400000,2024-01-25T16:00:00+00:00,0.0001,2187.70160227
2024-01-26 00:00:00.001000+00:00,1706227200001,2024-01-26T00:00:00.001000+00:00,0.0001,2218.01
2024-01-26 08:00:00+00:00,1706256000000,2024-01-26T08:00:00+00:00,0.0001,2196.99
2024-01-26 16:00:00+00:00,1706284800000,2024-01-26T16:00:00+00:00,0.0001,2256.71063415
2024-01-27 00:00:00+00:00,1706313600000,2024-01-27T00:00:00+00:00,6.877e-05,2266.73
2024-01-27 08:00:00+00:00,1706342400000,2024-01-27T08:00:00+00:00,0.0001,2257.79
2024-01-27 16:00:00+00:00,1706371200000,2024-01-27T16:00:00+00:00,0.0001,2269.29
2024-01-28 00:00:00+00:00,1706400000000,2024-01-28T00:00:00+00:00,6.557e-05,2266.99
2024-01-28 08:00:00+00:00,1706428800000,2024-01-28T08:00:00+00:00,6.135e-05,2281.84
2024-01-28 16:00:00+00:00,1706457600000,2024-01-28T16:00:00+00:00,8.266e-05,2269.16
2024-01-29 00:00:00+00:00,1706486400000,2024-01-29T00:00:00+00:00,0.0001,2256.11057011
2024-01-29 08:00:00.001000+00:00,1706515200001,2024-01-29T08:00:00.001000+00:00,0.0001,2258.42
2024-01-29 16:00:00+00:00,1706544000000,2024-01-29T16:00:00+00:00,0.0001,2275.164
2024-01-30 00:00:00+00:00,1706572800000,2024-01-30T00:00:00+00:00,0.0001,2316.79295076
2024-01-30 08:00:00+00:00,1706601600000,2024-01-30T08:00:00+00:00,6.195e-05,2308.27
2024-01-30 16:00:00.001000+00:00,1706630400001,2024-01-30T16:00:00.001000+00:00,0.0001,2340.43
2024-01-31 00:00:00+00:00,1706659200000,2024-01-31T00:00:00+00:00,0.0001,2342.25398864
2024-01-31 08:00:00+00:00,1706688000000,2024-01-31T08:00:00+00:00,0.0001,2340.24780303
2024-01-31 16:00:00+00:00,1706716800000,2024-01-31T16:00:00+00:00,0.0001,2328.82088258
2024-02-01 00:00:00+00:00,1706745600000,2024-02-01T00:00:00+00:00,5.527e-05,2282.1538447
2024-02-01 08:00:00+00:00,1706774400000,2024-02-01T08:00:00+00:00,7.871e-05,2270.91404545
2024-02-01 16:00:00.002000+00:00,1706803200002,2024-02-01T16:00:00.002000+00:00,0.0001,2288.28
2024-02-02 00:00:00+00:00,1706832000000,2024-02-02T00:00:00+00:00,0.0001,2303.55129231
2024-02-02 08:00:00+00:00,1706860800000,2024-02-02T08:00:00+00:00,3.678e-05,2312.6005014
2024-02-02 16:00:00+00:00,1706889600000,2024-02-02T16:00:00+00:00,0.0001,2313.09896591
2024-02-03 00:00:00+00:00,1706918400000,2024-02-03T00:00:00+00:00,8.15e-05,2308.21922729
2024-02-03 08:00:00+00:00,1706947200000,2024-02-03T08:00:00+00:00,0.0001,2313.44
2024-02-03 16:00:00.001000+00:00,1706976000001,2024-02-03T16:00:00.001000+00:00,4.476e-05,2302.83
2024-02-04 00:00:00+00:00,1707004800000,2024-02-04T00:00:00+00:00,3.18e-05,2295.43727831
2024-02-04 08:00:00.004000+00:00,1707033600004,2024-02-04T08:00:00.004000+00:00,9.094e-05,2289.7828116
2024-02-04 16:00:00+00:00,1707062400000,2024-02-04T16:00:00+00:00,0.0001,2300.98432317
2024-02-05 00:00:00+00:00,1707091200000,2024-02-05T00:00:00+00:00,0.0001,2288.76719557
2024-02-05 08:00:00+00:00,1707120000000,2024-02-05T08:00:00+00:00,0.0001,2309.74
2024-02-05 16:00:00+00:00,1707148800000,2024-02-05T16:00:00+00:00,0.0001,2297.5794697
2024-02-06 00:00:00+00:00,1707177600000,2024-02-06T00:00:00+00:00,5.691e-05,2300.83
2024-02-06 08:00:00.001000+00:00,1707206400001,2024-02-06T08:00:00.001000+00:00,0.0001,2326.24939394
2024-02-06 16:00:00+00:00,1707235200000,2024-02-06T16:00:00+00:00,0.0001,2342.8633447
2024-02-07 00:00:00+00:00,1707264000000,2024-02-07T00:00:00+00:00,7.659e-05,2371.74
2024-02-07 08:00:00+00:00,1707292800000,2024-02-07T08:00:00+00:00,4.883e-05,2362.07
2024-02-07 16:00:00+00:00,1707321600000,2024-02-07T16:00:00+00:00,4.309e-05,2368.69
2024-02-08 00:00:00+00:00,1707350400000,2024-02-08T00:00:00+00:00,0.0001,2424.22
2024-02-08 08:00:00+00:00,1707379200000,2024-02-08T08:00:00+00:00,7.523e-05,2420.3278423
2024-02-08 16:00:00+00:00,1707408000000,2024-02-08T16:00:00+00:00,9.802e-05,2452.61854924
2024-02-09 00:00:00+00:00,1707436800000,2024-02-09T00:00:00+00:00,7.752e-05,2418.77
2024-02-09 08:00:00+00:00,1707465600000,2024-02-09T08:00:00+00:00,0.0001,2452.86
2024-02-09 16:00:00.001000+00:00,1707494400001,2024-02-09T16:00:00.001000+00:00,0.0001,2494.26447154
2024-02-10 00:00:00.001000+00:00,1707523200001,2024-02-10T00:00:00.001000+00:00,7.838e-05,2485.29861789
2024-02-10 08:00:00+00:00,1707552000000,2024-02-10T08:00:00+00:00,9.615e-05,2494.18473171
2024-02-10 16:00:00+00:00,1707580800000,2024-02-10T16:00:00+00:00,9.995e-05,2489.7492561
2024-02-11 00:00:00+00:00,1707609600000,2024-02-11T00:00:00+00:00,0.0001,2499.41170383
2024-02-11 08:00:00.001000+00:00,1707638400001,2024-02-11T08:00:00.001000+00:00,0.0001,2526.93
2024-02-11 16:00:00+00:00,1707667200000,2024-02-11T16:00:00+00:00,4.792e-05,2507.85180174
2024-02-12 00:00:00+00:00,1707696000000,2024-02-12T00:00:00+00:00,5.076e-05,2506.11
2024-02-12 08:00:00+00:00,1707724800000,2024-02-12T08:00:00+00:00,9.971e-05,2500.9
2024-02-12 16:00:00+00:00,1707753600000,2024-02-12T16:00:00+00:00,0.0001,2557.33
2024-02-13 00:00:00+00:00,1707782400000,2024-02-13T00:00:00+00:00,0.0001,2660.11561382
2024-02-13 08:00:00+00:00,1707811200000,2024-02-13T08:00:00+00:00,0.0001,2650.26
2024-02-13 16:00:00+00:00,1707840000000,2024-02-13T16:00:00+00:00,0.0001,2632.47865909
2024-02-14 00:00:00+00:00,1707868800000,2024-02-14T00:00:00+00:00,0.0001,2640.72
2024-02-14 08:00:00+00:00,1707897600000,2024-02-14T08:00:00+00:00,0.0001,2653.62
2024-02-14 16:00:00+00:00,1707926400000,2024-02-14T16:00:00+00:00,0.00013082,2750.43993939
2024-02-15 00:00:00+00:00,1707955200000,2024-02-15T00:00:00+00:00,0.0001,2776.15
2024-02-15 08:00:00+00:00,1707984000000,2024-02-15T08:00:00+00:00,0.00012136,2773.76693182
2024-02-15 16:00:00+00:00,1708012800000,2024-02-15T16:00:00+00:00,0.00015412,2827.40701515
2024-02-16 00:00:00+00:00,1708041600000,2024-02-16T00:00:00+00:00,0.00011125,2824.38874621
2024-02-16 08:00:00+00:00,1708070400000,2024-02-16T08:00:00+00:00,0.00011597,2817.08
2024-02-16 16:00:00+00:00,1708099200000,2024-02-16T16:00:00+00:00,0.0001,2776.94585227
2024-02-17 00:00:00+00:00,1708128000000,2024-02-17T00:00:00+00:00,0.0001,2803.3795303
2024-02-17 08:00:00+00:00,1708156800000,2024-02-17T08:00:00+00:00,0.0001,2797.20009091
2024-02-17 16:00:00+00:00,1708185600000,2024-02-17T16:00:00+00:00,0.00013519,2756.34
2024-02-18 00:00:00+00:00,1708214400000,2024-02-18T00:00:00+00:00,0.0001,2787.41532509
2024-02-18 08:00:00+00:00,1708243200000,2024-02-18T08:00:00+00:00,0.0001114,2802.28
2024-02-18 16:00:00+00:00,1708272000000,2024-02-18T16:00:00+00:00,0.0001,2808.47803659
2024-02-19 00:00:00+00:00,1708300800000,2024-02-19T00:00:00+00:00,0.0001,2882.59928788
2024-02-19 08:00:00+00:00,1708329600000,2024-02-19T08:00:00+00:00,0.0001,2927.87375379
2024-02-19 16:00:00+00:00,1708358400000,2024-02-19T16:00:00+00:00,0.0001,2910.37
2024-02-20 00:00:00+00:00,1708387200000,2024-02-20T00:00:00+00:00,0.000265,2946.80467073
2024-02-20 08:00:00+00:00,1708416000000,2024-02-20T08:00:00+00:00,0.0001,2923.08121591
2024-02-20 16:00:00+00:00,1708444800000,2024-02-20T16:00:00+00:00,0.00025431,2926.77094318
2024-02-21 00:00:00+00:00,1708473600000,2024-02-21T00:00:00+00:00,0.00020319,3017.13858333
2024-02-21 08:00:00+00:00,1708502400000,2024-02-21T08:00:00+00:00,0.00011802,2941.49182955
2024-02-21 16:00:00+00:00,1708531200000,2024-02-21T16:00:00+00:00,0.0001,2915.43171212
2024-02-22 00:00:00.001000+00:00,1708560000001,2024-02-22T00:00:00.001000+00:00,0.0001,2969.4
2024-02-22 08:00:00.001000+00:00,1708588800001,2024-02-22T08:00:00.001000+00:00,0.0001,2995.6
2024-02-22 16:00:00+00:00,1708617600000,2024-02-22T16:00:00+00:00,0.0001,2988.32
2024-02-23 00:00:00+00:00,1708646400000,2024-02-23T00:00:00+00:00,0.0001,2972.68395455
2024-02-23 08:00:00+00:00,1708675200000,2024-02-23T08:00:00+00:00,0.0001,2935.0
2024-02-23 16:00:00+00:00,1708704000000,2024-02-23T16:00:00+00:00,0.0001,2916.8
2024-02-24 00:00:00+00:00,1708732800000,2024-02-24T00:00:00+00:00,0.0001,2922.82679924
2024-02-24 08:00:00.001000+00:00,1708761600001,2024-02-24T08:00:00.001000+00:00,0.0001,2964.89457197
2024-02-24 16:00:00+00:00,1708790400000,2024-02-24T16:00:00+00:00,0.0001,2956.51
2024-02-25 00:00:00.001000+00:00,1708819200001,2024-02-25T00:00:00.001000+00:00,0.0001,2994.38
2024-02-25 08:00:00+00:00,1708848000000,2024-02-25T08:00:00+00:00,0.00025856,3032.26183537
2024-02-25 16:00:00+00:00,1708876800000,2024-02-25T16:00:00+00:00,0.0002111,3045.49
2024-02-26 00:00:00+00:00,1708905600000,2024-02-26T00:00:00+00:00,0.00059496,3115.0844187
2024-02-26 08:00:00+00:00,1708934400000,2024-02-26T08:00:00+00:00,0.00018258,3089.23470325
2024-02-26 16:00:00+00:00,1708963200000,2024-02-26T16:00:00+00:00,0.00020172,3146.94853862
2024-02-27 00:00:00+00:00,1708992000000,2024-02-27T00:00:00+00:00,0.00028561,3178.6
2024-02-27 08:00:00+00:00,1709020800000,2024-02-27T08:00:00+00:00,0.00066751,3219.38048106
2024-02-27 16:00:00+00:00,1709049600000,2024-02-27T16:00:00+00:00,0.00029666,3231.53806061
2024-02-28 00:00:00+00:00,1709078400000,2024-02-28T00:00:00+00:00,0.00033546,3244.81687121
2024-02-28 08:00:00+00:00,1709107200000,2024-02-28T08:00:00+00:00,0.00032021,3305.31056061
2024-02-28 16:00:00+00:00,1709136000000,2024-02-28T16:00:00+00:00,0.00043581,3350.69
2024-02-29 00:00:00+00:00,1709164800000,2024-02-29T00:00:00+00:00,0.00062574,3386.44542803
2024-02-29 08:00:00+00:00,1709193600000,2024-02-29T08:00:00+00:00,0.00073381,3470.79112879
2024-02-29 16:00:00+00:00,1709222400000,2024-02-29T16:00:00+00:00,0.00075727,3470.41
2024-03-01 00:00:00+00:00,1709251200000,2024-03-01T00:00:00+00:00,0.0005304,3343.06219697
2024-03-01 08:00:00+00:00,1709280000000,2024-03-01T08:00:00+00:00,0.00039096,3367.47848485
2024-03-01 16:00:00+00:00,1709308800000,2024-03-01T16:00:00+00:00,0.00052446,3393.63
2024-03-02 00:00:00+00:00,1709337600000,2024-03-02T00:00:00+00:00,0.00048856,3435.82
2024-03-02 08:00:00.001000+00:00,1709366400001,2024-03-02T08:00:00.001000+00:00,0.00057488,3433.7
2024-03-02 16:00:00+00:00,1709395200000,2024-03-02T16:00:00+00:00,0.00055344,3421.37
2024-03-03 00:00:00+00:00,1709424000000,2024-03-03T00:00:00+00:00,0.00039105,3424.23709091
2024-03-03 08:00:00+00:00,1709452800000,2024-03-03T08:00:00+00:00,0.00038668,3394.38
2024-03-03 16:00:00+00:00,1709481600000,2024-03-03T16:00:00+00:00,0.00037021,3424.31
2024-03-04 00:00:00+00:00,1709510400000,2024-03-04T00:00:00+00:00,0.00041907,3491.58519697
2024-03-04 08:00:00+00:00,1709539200000,2024-03-04T08:00:00+00:00,0.00028996,3480.37
2024-03-04 16:00:00+00:00,1709568000000,2024-03-04T16:00:00+00:00,0.00050061,3562.64
2024-03-05 00:00:00+00:00,1709596800000,2024-03-05T00:00:00+00:00,0.00038776,3629.1607803
2024-03-05 08:00:00+00:00,1709625600000,2024-03-05T08:00:00+00:00,0.00101724,3678.01
2024-03-05 16:00:00+00:00,1709654400000,2024-03-05T16:00:00+00:00,0.00082409,3786.7
2024-03-06 00:00:00+00:00,1709683200000,2024-03-06T00:00:00+00:00,0.0002058,3555.0104697
2024-03-06 08:00:00.001000+00:00,1709712000001,2024-03-06T08:00:00.001000+00:00,0.00038362,3789.66
2024-03-06 16:00:00+00:00,1709740800000,2024-03-06T16:00:00+00:00,0.00040511,3793.30100758
2024-03-07 00:00:00+00:00,1709769600000,2024-03-07T00:00:00+00:00,0.00035699,3821.36624797
2024-03-07 08:00:00+00:00,1709798400000,2024-03-07T08:00:00+00:00,0.00039169,3792.06
2024-03-07 16:00:00+00:00,1709827200000,2024-03-07T16:00:00+00:00,0.00044218,3840.37
2024-03-08 00:00:00+00:00,1709856000000,2024-03-08T00:00:00+00:00,0.00042931,3871.69
2024-03-08 08:00:00+00:00,1709884800000,2024-03-08T08:00:00+00:00,0.00057985,3913.42878455
2024-03-08 16:00:00+00:00,1709913600000,2024-03-08T16:00:00+00:00,0.00048823,3904.59637602
2024-03-09 00:00:00+00:00,1709942400000,2024-03-09T00:00:00+00:00,0.00033201,3886.03
2024-03-09 08:00:00.001000+00:00,1709971200001,2024-03-09T08:00:00.001000+00:00,0.0003653,3928.65231818
2024-03-09 16:00:00+00:00,1710000000000,2024-03-09T16:00:00+00:00,0.00035498,3920.24
2024-03-10 00:00:00+00:00,1710028800000,2024-03-10T00:00:00+00:00,0.00034688,3908.15
2024-03-10 08:00:00+00:00,1710057600000,2024-03-10T08:00:00+00:00,0.00049375,3948.48
2024-03-10 16:00:00+00:00,1710086400000,2024-03-10T16:00:00+00:00,0.00029818,3886.0
2024-03-11 00:00:00+00:00,1710115200000,2024-03-11T00:00:00+00:00,0.00029368,3880.96
2024-03-11 08:00:00+00:00,1710144000000,2024-03-11T08:00:00+00:00,0.00067235,4013.23932317
2024-03-11 16:00:00+00:00,1710172800000,2024-03-11T16:00:00+00:00,0.00064296,4020.36
2024-03-12 00:00:00+00:00,1710201600000,2024-03-12T00:00:00+00:00,0.00068106,4070.52
2024-03-12 08:00:00+00:00,1710230400000,2024-03-12T08:00:00+00:00,0.00037542,4030.06338258
2024-03-12 16:00:00+00:00,1710259200000,2024-03-12T16:00:00+00:00,0.00048306,3991.80411017
2024-03-13 00:00:00+00:00,1710288000000,2024-03-13T00:00:00+00:00,0.00046983,3983.90856818
2024-03-13 08:00:00.001000+00:00,1710316800001,2024-03-13T08:00:00.001000+00:00,0.00060121,4043.26235606
2024-03-13 16:00:00+00:00,1710345600000,2024-03-13T16:00:00+00:00,0.00044242,3965.67
2024-03-14 00:00:00.001000+00:00,1710374400001,2024-03-14T00:00:00.001000+00:00,0.00040995,4008.6728775
2024-03-14 08:00:00+00:00,1710403200000,2024-03-14T08:00:00+00:00,0.00050365,3966.67
2024-03-14 16:00:00+00:00,1710432000000,2024-03-14T16:00:00+00:00,0.00035217,3848.4
2024-03-15 00:00:00+00:00,1710460800000,2024-03-15T00:00:00+00:00,0.00040271,3885.0
2024-03-15 08:00:00+00:00,1710489600000,2024-03-15T08:00:00+00:00,0.00023171,3756.08
2024-03-15 16:00:00+00:00,1710518400000,2024-03-15T16:00:00+00:00,0.00033557,3691.55970455
2024-03-16 00:00:00+00:00,1710547200000,2024-03-16T00:00:00+00:00,0.00018856,3743.72145455
2024-03-16 08:00:00+00:00,1710576000000,2024-03-16T08:00:00+00:00,0.0002749,3742.92765152
2024-03-16 16:00:00+00:00,1710604800000,2024-03-16T16:00:00+00:00,0.00028914,3681.49
2024-03-17 00:00:00+00:00,1710633600000,2024-03-17T00:00:00+00:00,0.00013396,3525.57
2024-03-17 08:00:00+00:00,1710662400000,2024-03-17T08:00:00+00:00,0.00011824,3474.48
2024-03-17 16:00:00+00:00,1710691200000,2024-03-17T16:00:00+00:00,0.00030376,3629.96
2024-03-18 00:00:00+00:00,1710720000000,2024-03-18T00:00:00+00:00,0.00017304,3646.99
2024-03-18 08:00:00+00:00,1710748800000,2024-03-18T08:00:00+00:00,0.00026393,3628.86566667
2024-03-18 16:00:00.001000+00:00,1710777600001,2024-03-18T16:00:00.001000+00:00,0.00029608,3527.93
2024-03-19 00:00:00+00:00,1710806400000,2024-03-19T00:00:00+00:00,0.00028148,3522.92542045
2024-03-19 08:00:00+00:00,1710835200000,2024-03-19T08:00:00+00:00,0.00023311,3361.6
2024-03-19 16:00:00.001000+00:00,1710864000001,2024-03-19T16:00:00.001000+00:00,0.00013469,3304.63
2024-03-20 00:00:00+00:00,1710892800000,2024-03-20T00:00:00+00:00,0.00016096,3161.03
2024-03-20 08:00:00.004000+00:00,1710921600004,2024-03-20T08:00:00.004000+00:00,0.0001,3220.02
2024-03-20 16:00:00+00:00,1710950400000,2024-03-20T16:00:00+00:00,0.0001,3294.56567026
2024-03-21 00:00:00+00:00,1710979200000,2024-03-21T00:00:00+00:00,0.00019507,3517.8
2024-03-21 08:00:00+00:00,1711008000000,2024-03-21T08:00:00+00:00,0.00013771,3518.8
2024-03-21 16:00:00+00:00,1711036800000,2024-03-21T16:00:00+00:00,0.00017743,3499.52586742
2024-03-22 00:00:00+00:00,1711065600000,2024-03-22T00:00:00+00:00,0.00022775,3495.16
2024-03-22 08:00:00+00:00,1711094400000,2024-03-22T08:00:00+00:00,0.00023317,3514.12125379
2024-03-22 16:00:00+00:00,1711123200000,2024-03-22T16:00:00+00:00,0.00016092,3351.01666667
2024-03-23 00:00:00+00:00,1711152000000,2024-03-23T00:00:00+00:00,0.00010552,3337.90121591
2024-03-23 08:00:00+00:00,1711180800000,2024-03-23T08:00:00+00:00,0.00012459,3367.62
2024-03-23 16:00:00+00:00,1711209600000,2024-03-23T16:00:00+00:00,0.00013906,3407.55015152
2024-03-24 00:00:00+00:00,1711238400000,2024-03-24T00:00:00+00:00,0.00012767,3330.83
2024-03-24 08:00:00+00:00,1711267200000,2024-03-24T08:00:00+00:00,0.00017907,3344.28006818
2024-03-24 16:00:00+00:00,1711296000000,2024-03-24T16:00:00+00:00,0.00017171,3399.54067424
2024-03-25 00:00:00+00:00,1711324800000,2024-03-25T00:00:00+00:00,0.00020242,3456.55247727
2024-03-25 08:00:00.001000+00:00,1711353600001,2024-03-25T08:00:00.001000+00:00,0.00011009,3446.71
2024-03-25 16:00:00+00:00,1711382400000,2024-03-25T16:00:00+00:00,0.00022958,3583.72524242
2024-03-26 00:00:00+00:00,1711411200000,2024-03-26T00:00:00+00:00,0.00039028,3592.94
2024-03-26 08:00:00+00:00,1711440000000,2024-03-26T08:00:00+00:00,0.00018,3637.47
2024-03-26 16:00:00+00:00,1711468800000,2024-03-26T16:00:00+00:00,0.00026242,3595.92137879
2024-03-27 00:00:00+00:00,1711497600000,2024-03-27T00:00:00+00:00,0.00024667,3589.64
2024-03-27 08:00:00.001000+00:00,1711526400001,2024-03-27T08:00:00.001000+00:00,0.00021635,3567.44473864
2024-03-27 16:00:00+00:00,1711555200000,2024-03-27T16:00:00+00:00,0.00035332,3517.15614015
2024-03-28 00:00:00+00:00,1711584000000,2024-03-28T00:00:00+00:00,0.00038952,3504.60600758
2024-03-28 08:00:00+00:00,1711612800000,2024-03-28T08:00:00+00:00,0.00035672,3576.6429053
2024-03-28 16:00:00+00:00,1711641600000,2024-03-28T16:00:00+00:00,0.00036879,3580.63596212
2024-03-29 00:00:00+00:00,1711670400000,2024-03-29T00:00:00+00:00,0.00034117,3563.42986742
2024-03-29 08:00:00+00:00,1711699200000,2024-03-29T08:00:00+00:00,0.00030332,3522.13951894
2024-03-29 16:00:00+00:00,1711728000000,2024-03-29T16:00:00+00:00,0.00037327,3489.53121591
2024-03-30 00:00:00+00:00,1711756800000,2024-03-30T00:00:00+00:00,0.00024188,3512.46
2024-03-30 08:00:00+00:00,1711785600000,2024-03-30T08:00:00+00:00,0.00024854,3495.00009091
2024-03-30 16:00:00+00:00,1711814400000,2024-03-30T16:00:00+00:00,0.00045204,3539.97
2024-03-31 00:00:00+00:00,1711843200000,2024-03-31T00:00:00+00:00,0.00026461,3508.24947348
2024-03-31 08:00:00+00:00,1711872000000,2024-03-31T08:00:00+00:00,0.00065366,3629.17
2024-03-31 16:00:00.001000+00:00,1711900800001,2024-03-31T16:00:00.001000+00:00,0.00058292,3620.88062879
2024-04-01 00:00:00+00:00,1711929600000,2024-04-01T00:00:00+00:00,0.00060909,3648.79
2024-04-01 08:00:00+00:00,1711958400000,2024-04-01T08:00:00+00:00,0.00035798,3548.55600379
2024-04-01 16:00:00+00:00,1711987200000,2024-04-01T16:00:00+00:00,0.00019362,3445.71054924
2024-04-02 00:00:00.007000+00:00,1712016000007,2024-04-02T00:00:00.007000+00:00,0.00015034,3506.13451136
2024-04-02 08:00:00.015000+00:00,1712044800015,2024-04-02T08:00:00.015000+00:00,0.0001,3364.75
2024-04-02 16:00:00+00:00,1712073600000,2024-04-02T16:00:00+00:00,0.00012642,3242.43
2024-04-03 00:00:00+00:00,1712102400000,2024-04-03T00:00:00+00:00,0.0001,3280.01081818
2024-04-03 08:00:00+00:00,1712131200000,2024-04-03T08:00:00+00:00,0.0001,3306.98953762
2024-04-03 16:00:00+00:00,1712160000000,2024-04-03T16:00:00+00:00,0.0001,3330.77
2024-04-04 00:00:00+00:00,1712188800000,2024-04-04T00:00:00+00:00,0.0001,3312.84034091
2024-04-04 08:00:00+00:00,1712217600000,2024-04-04T08:00:00+00:00,0.0001,3324.65300758
2024-04-04 16:00:00+00:00,1712246400000,2024-04-04T16:00:00+00:00,0.0001,3365.82736364
2024-04-05 00:00:00+00:00,1712275200000,2024-04-05T00:00:00+00:00,0.0001,3329.66
2024-04-05 08:00:00+00:00,1712304000000,2024-04-05T08:00:00+00:00,0.0001,3289.18
2024-04-05 16:00:00+00:00,1712332800000,2024-04-05T16:00:00+00:00,0.0001,3328.8
2024-04-06 00:00:00+00:00,1712361600000,2024-04-06T00:00:00+00:00,0.00016732,3319.65
2024-04-06 08:00:00+00:00,1712390400000,2024-04-06T08:00:00+00:00,0.0001,3331.72
2024-04-06 16:00:00+00:00,1712419200000,2024-04-06T16:00:00+00:00,0.0001,3336.7
2024-04-07 00:00:00+00:00,1712448000000,2024-04-07T00:00:00+00:00,0.0001,3352.92760606
2024-04-07 08:00:00+00:00,1712476800000,2024-04-07T08:00:00+00:00,0.0001,3386.99
2024-04-07 16:00:00+00:00,1712505600000,2024-04-07T16:00:00+00:00,0.0001,3390.77987879
2024-04-08 00:00:00.001000+00:00,1712534400001,2024-04-08T00:00:00.001000+00:00,0.0001,3455.8647197
2024-04-08 08:00:00+00:00,1712563200000,2024-04-08T08:00:00+00:00,0.0001,3475.2790674
2024-04-08 16:00:00.006000+00:00,1712592000006,2024-04-08T16:00:00.006000+00:00,0.00031896,3631.5425303
2024-04-09 00:00:00+00:00,1712620800000,2024-04-09T00:00:00+00:00,0.00024848,3697.25567424
2024-04-09 08:00:00.001000+00:00,1712649600001,2024-04-09T08:00:00.001000+00:00,0.00010159,3643.66609091
2024-04-09 16:00:00.001000+00:00,1712678400001,2024-04-09T16:00:00.001000+00:00,0.00015222,3531.61968182
2024-04-10 00:00:00+00:00,1712707200000,2024-04-10T00:00:00+00:00,0.00018733,3508.45
2024-04-10 08:00:00.001000+00:00,1712736000001,2024-04-10T08:00:00.001000+00:00,0.00015363,3538.91
2024-04-10 16:00:00+00:00,1712764800000,2024-04-10T16:00:00+00:00,0.00013253,3481.08
2024-04-11 00:00:00+00:00,1712793600000,2024-04-11T00:00:00+00:00,0.0001,3547.08987461
2024-04-11 08:00:00+00:00,1712822400000,2024-04-11T08:00:00+00:00,0.00015483,3585.20656818
2024-04-11 16:00:00+00:00,1712851200000,2024-04-11T16:00:00+00:00,0.0001,3509.94
2024-04-12 00:00:00+00:00,1712880000000,2024-04-12T00:00:00+00:00,0.0001,3503.71525
2024-04-12 08:00:00.001000+00:00,1712908800001,2024-04-12T08:00:00.001000+00:00,0.0001,3518.69534091
2024-04-12 16:00:00+00:00,1712937600000,2024-04-12T16:00:00+00:00,0.0001,3442.42
2024-04-13 00:00:00+00:00,1712966400000,2024-04-13T00:00:00+00:00,0.0001,3238.48
2024-04-13 08:00:00+00:00,1712995200000,2024-04-13T08:00:00+00:00,0.0001,3258.56
2024-04-13 16:00:00.001000+00:00,1713024000001,2024-04-13T16:00:00.001000+00:00,0.0001,3273.12
2024-04-14 00:00:00+00:00,1713052800000,2024-04-14T00:00:00+00:00,0.0001,3005.46
2024-04-14 08:00:00+00:00,1713081600000,2024-04-14T08:00:00+00:00,0.0001,3083.33
2024-04-14 16:00:00+00:00,1713110400000,2024-04-14T16:00:00+00:00,0.0001,3055.18
2024-04-15 00:00:00+00:00,1713139200000,2024-04-15T00:00:00+00:00,0.0001,3153.43
2024-04-15 08:00:00.001000+00:00,1713168000001,2024-04-15T08:00:00.001000+00:00,5.422e-05,3241.15834848
2024-04-15 16:00:00+00:00,1713196800000,2024-04-15T16:00:00+00:00,8.871e-05,3162.27
2024-04-16 00:00:00.001000+00:00,1713225600001,2024-04-16T00:00:00.001000+00:00,7.898e-05,3100.72
2024-04-16 08:00:00+00:00,1713254400000,2024-04-16T08:00:00+00:00,8.536e-05,3105.88
2024-04-16 16:00:00+00:00,1713283200000,2024-04-16T16:00:00+00:00,5.787e-05,3008.14
2024-04-17 00:00:00+00:00,1713312000000,2024-04-17T00:00:00+00:00,9.805e-05,3082.95012879
2024-04-17 08:00:00+00:00,1713340800000,2024-04-17T08:00:00+00:00,5.11e-06,3074.97742424
2024-04-17 16:00:00+00:00,1713369600000,2024-04-17T16:00:00+00:00,4.92e-06,2945.75264394
2024-04-18 00:00:00+00:00,1713398400000,2024-04-18T00:00:00+00:00,3.509e-05,2983.63953788
2024-04-18 08:00:00+00:00,1713427200000,2024-04-18T08:00:00+00:00,2.246e-05,2974.11378788
2024-04-18 16:00:00+00:00,1713456000000,2024-04-18T16:00:00+00:00,6.353e-05,3067.13127273
2024-04-19 00:00:00.001000+00:00,1713484800001,2024-04-19T00:00:00.001000+00:00,3.973e-05,3062.85
2024-04-19 08:00:00+00:00,1713513600000,2024-04-19T08:00:00+00:00,8.503e-05,3082.57
2024-04-19 16:00:00+00:00,1713542400000,2024-04-19T16:00:00+00:00,5.417e-05,3079.54848485
2024-04-20 00:00:00+00:00,1713571200000,2024-04-20T00:00:00+00:00,0.0001,3055.10238636
2024-04-20 08:00:00+00:00,1713600000000,2024-04-20T08:00:00+00:00,2.386e-05,3059.77
2024-04-20 16:00:00+00:00,1713628800000,2024-04-20T16:00:00+00:00,5.114e-05,3108.82762121
2024-04-21 00:00:00+00:00,1713657600000,2024-04-21T00:00:00+00:00,5.559e-05,3154.37176515
2024-04-21 08:00:00+00:00,1713686400000,2024-04-21T08:00:00+00:00,-6.27e-06,3177.91
2024-04-21 16:00:00+00:00,1713715200000,2024-04-21T16:00:00+00:00,4.395e-05,3158.23
2024-04-22 00:00:00+00:00,1713744000000,2024-04-22T00:00:00+00:00,3.417e-05,3145.95092504
2024-04-22 08:00:00+00:00,1713772800000,2024-04-22T08:00:00+00:00,4.908e-05,3202.57
2024-04-22 16:00:00+00:00,1713801600000,2024-04-22T16:00:00+00:00,-1.974e-05,3182.05
2024-04-23 00:00:00+00:00,1713830400000,2024-04-23T00:00:00+00:00,6.74e-06,3198.66105303
2024-04-23 08:00:00+00:00,1713859200000,2024-04-23T08:00:00+00:00,1.147e-05,3158.94
2024-04-23 16:00:00.001000+00:00,1713888000001,2024-04-23T16:00:00.001000+00:00,6.979e-05,3223.96
2024-04-24 00:00:00+00:00,1713916800000,2024-04-24T00:00:00+00:00,4.713e-05,3218.18430024
2024-04-24 08:00:00+00:00,1713945600000,2024-04-24T08:00:00+00:00,1.937e-05,3248.57771212
2024-04-24 16:00:00+00:00,1713974400000,2024-04-24T16:00:00+00:00,4.804e-05,3174.63587121
2024-04-25 00:00:00+00:00,1714003200000,2024-04-25T00:00:00+00:00,4.66e-06,3138.87962121
2024-04-25 08:00:00+00:00,1714032000000,2024-04-25T08:00:00+00:00,1.706e-05,3134.87
2024-04-25 16:00:00.010000+00:00,1714060800010,2024-04-25T16:00:00.010000+00:00,0.0001,3159.38
2024-04-26 00:00:00.001000+00:00,1714089600001,2024-04-26T00:00:00.001000+00:00,1.631e-05,3154.43
2024-04-26 08:00:00+00:00,1714118400000,2024-04-26T08:00:00+00:00,3.847e-05,3133.56897727
2024-04-26 16:00:00+00:00,1714147200000,2024-04-26T16:00:00+00:00,4.582e-05,3116.44
2024-04-27 00:00:00+00:00,1714176000000,2024-04-27T00:00:00+00:00,0.0001,3129.98
2024-04-27 08:00:00.001000+00:00,1714204800001,2024-04-27T08:00:00.001000+00:00,7.026e-05,3118.83
2024-04-27 16:00:00+00:00,1714233600000,2024-04-27T16:00:00+00:00,2.355e-05,3143.3
2024-04-28 00:00:00+00:00,1714262400000,2024-04-28T00:00:00+00:00,9.322e-05,3254.12254545
2024-04-28 08:00:00+00:00,1714291200000,2024-04-28T08:00:00+00:00,8.3e-05,3316.27
2024-04-28 16:00:00+00:00,1714320000000,2024-04-28T16:00:00+00:00,8.272e-05,3319.43587774
2024-04-29 00:00:00+00:00,1714348800000,2024-04-29T00:00:00+00:00,8.816e-05,3262.28
2024-04-29 08:00:00+00:00,1714377600000,2024-04-29T08:00:00+00:00,0.0001,3186.93
2024-04-29 16:00:00+00:00,1714406400000,2024-04-29T16:00:00+00:00,5.981e-05,3180.59
2024-04-30 00:00:00+00:00,1714435200000,2024-04-30T00:00:00+00:00,7.518e-05,3215.18
2024-04-30 08:00:00+00:00,1714464000000,2024-04-30T08:00:00+00:00,7.389e-05,3155.76212879
2024-04-30 16:00:00+00:00,1714492800000,2024-04-30T16:00:00+00:00,3.887e-05,2992.76
2024-05-01 00:00:00+00:00,1714521600000,2024-05-01T00:00:00+00:00,1.865e-05,3012.59016458
2024-05-01 08:00:00+00:00,1714550400000,2024-05-01T08:00:00+00:00,4.89e-05,2868.23
2024-05-01 16:00:00+00:00,1714579200000,2024-05-01T16:00:00+00:00,7.347e-05,2884.59865909
2024-05-02 00:00:00+00:00,1714608000000,2024-05-02T00:00:00+00:00,-8.6e-07,2970.90318182
2024-05-02 08:00:00+00:00,1714636800000,2024-05-02T08:00:00+00:00,9.579e-05,2920.03863636
2024-05-02 16:00:00.002000+00:00,1714665600002,2024-05-02T16:00:00.002000+00:00,7.757e-05,2988.65
2024-05-03 00:00:00+00:00,1714694400000,2024-05-03T00:00:00+00:00,4.044e-05,2984.8
2024-05-03 08:00:00+00:00,1714723200000,2024-05-03T08:00:00+00:00,2.157e-05,2967.68443939
2024-05-03 16:00:00+00:00,1714752000000,2024-05-03T16:00:00+00:00,3.457e-05,3074.11
2024-05-04 00:00:00+00:00,1714780800000,2024-05-04T00:00:00+00:00,4.29e-05,3101.51019098
2024-05-04 08:00:00+00:00,1714809600000,2024-05-04T08:00:00+00:00,8.465e-05,3094.8
2024-05-04 16:00:00+00:00,1714838400000,2024-05-04T16:00:00+00:00,7.001e-05,3125.48252273
2024-05-05 00:00:00+00:00,1714867200000,2024-05-05T00:00:00+00:00,8.848e-05,3115.59733333
2024-05-05 08:00:00+00:00,1714896000000,2024-05-05T08:00:00+00:00,9.394e-05,3103.99419139
2024-05-05 16:00:00+00:00,1714924800000,2024-05-05T16:00:00+00:00,5.578e-05,3159.07
2024-05-06 00:00:00+00:00,1714953600000,2024-05-06T00:00:00+00:00,5.569e-05,3135.24
2024-05-06 08:00:00+00:00,1714982400000,2024-05-06T08:00:00+00:00,0.0001,3179.66952273
2024-05-06 16:00:00+00:00,1715011200000,2024-05-06T16:00:00+00:00,9.025e-05,3088.40698485
2024-05-07 00:00:00+00:00,1715040000000,2024-05-07T00:00:00+00:00,7.342e-05,3061.51
2024-05-07 08:00:00+00:00,1715068800000,2024-05-07T08:00:00+00:00,4.028e-05,3076.23419697
2024-05-07 16:00:00+00:00,1715097600000,2024-05-07T16:00:00+00:00,6.978e-05,3070.2
2024-05-08 00:00:00+00:00,1715126400000,2024-05-08T00:00:00+00:00,7.764e-05,3004.94619697
2024-05-08 08:00:00+00:00,1715155200000,2024-05-08T08:00:00+00:00,7.236e-05,2994.23
2024-05-08 16:00:00+00:00,1715184000000,2024-05-08T16:00:00+00:00,0.0001,3006.0
2024-05-09 00:00:00+00:00,1715212800000,2024-05-09T00:00:00+00:00,0.0001,2973.41762879
2024-05-09 08:00:00+00:00,1715241600000,2024-05-09T08:00:00+00:00,0.0001,2982.41468939
2024-05-09 16:00:00+00:00,1715270400000,2024-05-09T16:00:00+00:00,0.0001,3004.95351515
2024-05-10 00:00:00+00:00,1715299200000,2024-05-10T00:00:00+00:00,9.04e-05,3034.84137121
2024-05-10 08:00:00+00:00,1715328000000,2024-05-10T08:00:00+00:00,0.0001,3040.50732576
2024-05-10 16:00:00+00:00,1715356800000,2024-05-10T16:00:00+00:00,5.137e-05,2917.31586364
2024-05-11 00:00:00+00:00,1715385600000,2024-05-11T00:00:00+00:00,7.578e-05,2908.85
2024-05-11 08:00:00+00:00,1715414400000,2024-05-11T08:00:00+00:00,6.69e-05,2920.9
2024-05-11 16:00:00+00:00,1715443200000,2024-05-11T16:00:00+00:00,8.517e-05,2924.5
2024-05-12 00:00:00+00:00,1715472000000,2024-05-12T00:00:00+00:00,8.01e-05,2911.54623485
2024-05-12 08:00:00+00:00,1715500800000,2024-05-12T08:00:00+00:00,7.264e-05,2906.48
2024-05-12 16:00:00+00:00,1715529600000,2024-05-12T16:00:00+00:00,6.269e-05,2936.83
2024-05-13 00:00:00.001000+00:00,1715558400001,2024-05-13T00:00:00.001000+00:00,5.829e-05,2927.72
2024-05-13 08:00:00.001000+00:00,1715587200001,2024-05-13T08:00:00.001000+00:00,0.0001,2953.49
2024-05-13 16:00:00+00:00,1715616000000,2024-05-13T16:00:00+00:00,0.0001,2960.2
2024-05-14 00:00:00+00:00,1715644800000,2024-05-14T00:00:00+00:00,0.0001,2949.86293182
2024-05-14 08:00:00+00:00,1715673600000,2024-05-14T08:00:00+00:00,8.14e-05,2918.84685606
2024-05-14 16:00:00+00:00,1715702400000,2024-05-14T16:00:00+00:00,9.124e-05,2897.53
2024-05-15 00:00:00+00:00,1715731200000,2024-05-15T00:00:00+00:00,0.0001,2880.87
2024-05-15 08:00:00+00:00,1715760000000,2024-05-15T08:00:00+00:00,8.171e-05,2914.65150758
2024-05-15 16:00:00+00:00,1715788800000,2024-05-15T16:00:00+00:00,9.162e-05,2976.66
2024-05-16 00:00:00.004000+00:00,1715817600004,2024-05-16T00:00:00.004000+00:00,0.0001,3030.8775303
2024-05-16 08:00:00+00:00,1715846400000,2024-05-16T08:00:00+00:00,6.453e-05,3015.12305303
2024-05-16 16:00:00+00:00,1715875200000,2024-05-16T16:00:00+00:00,5.401e-05,2955.53
2024-05-17 00:00:00+00:00,1715904000000,2024-05-17T00:00:00+00:00,5.324e-05,2943.22
2024-05-17 08:00:00+00:00,1715932800000,2024-05-17T08:00:00+00:00,8.531e-05,3023.83881661
2024-05-17 16:00:00+00:00,1715961600000,2024-05-17T16:00:00+00:00,4.333e-05,3109.84
2024-05-18 00:00:00+00:00,1715990400000,2024-05-18T00:00:00+00:00,7.513e-05,3090.65673197
2024-05-18 08:00:00+00:00,1716019200000,2024-05-18T08:00:00+00:00,3.431e-05,3100.25
2024-05-18 16:00:00+00:00,1716048000000,2024-05-18T16:00:00+00:00,7.815e-05,3109.42477273
2024-05-19 00:00:00+00:00,1716076800000,2024-05-19T00:00:00+00:00,7.388e-05,3121.61511404
2024-05-19 08:00:00+00:00,1716105600000,2024-05-19T08:00:00+00:00,3.451e-05,3114.49316667
2024-05-19 16:00:00+00:00,1716134400000,2024-05-19T16:00:00+00:00,8.825e-05,3076.34246212
2024-05-20 00:00:00+00:00,1716163200000,2024-05-20T00:00:00+00:00,9.672e-05,3069.99
2024-05-20 08:00:00+00:00,1716192000000,2024-05-20T08:00:00+00:00,1.916e-05,3091.11618182
2024-05-20 16:00:00.003000+00:00,1716220800003,2024-05-20T16:00:00.003000+00:00,4.643e-05,3116.95
2024-05-21 00:00:00+00:00,1716249600000,2024-05-21T00:00:00+00:00,0.0001,3664.24743182
2024-05-21 08:00:00.001000+00:00,1716278400001,2024-05-21T08:00:00.001000+00:00,0.00019404,3662.98655303
2024-05-21 16:00:00+00:00,1716307200000,2024-05-21T16:00:00+00:00,0.0001,3779.13625758
2024-05-22 00:00:00+00:00,1716336000000,2024-05-22T00:00:00+00:00,0.00012452,3792.16673485
2024-05-22 08:00:00+00:00,1716364800000,2024-05-22T08:00:00+00:00,0.00015189,3748.85868939
2024-05-22 16:00:00+00:00,1716393600000,2024-05-22T16:00:00+00:00,0.0001,3763.32
2024-05-23 00:00:00+00:00,1716422400000,2024-05-23T00:00:00+00:00,0.0001,3740.25
2024-05-23 08:00:00+00:00,1716451200000,2024-05-23T08:00:00+00:00,0.0001,3815.69087879
2024-05-23 16:00:00+00:00,1716480000000,2024-05-23T16:00:00+00:00,0.0001,3815.08
2024-05-24 00:00:00+00:00,1716508800000,2024-05-24T00:00:00+00:00,0.0001,3784.8
2024-05-24 08:00:00+00:00,1716537600000,2024-05-24T08:00:00+00:00,0.0001,3681.26
2024-05-24 16:00:00+00:00,1716566400000,2024-05-24T16:00:00+00:00,0.0001,3695.60718182
2024-05-25 00:00:00+00:00,1716595200000,2024-05-25T00:00:00+00:00,0.0001,3729.62
2024-05-25 08:00:00+00:00,1716624000000,2024-05-25T08:00:00+00:00,0.0001,3747.9
2024-05-25 16:00:00+00:00,1716652800000,2024-05-25T16:00:00+00:00,0.0001,3745.54691667
2024-05-26 00:00:00+00:00,1716681600000,2024-05-26T00:00:00+00:00,0.0001,3751.15
2024-05-26 08:00:00+00:00,1716710400000,2024-05-26T08:00:00+00:00,0.0001,3787.58
2024-05-26 16:00:00+00:00,1716739200000,2024-05-26T16:00:00+00:00,0.0001,3834.53
2024-05-27 00:00:00+00:00,1716768000000,2024-05-27T00:00:00+00:00,0.0001,3827.53
2024-05-27 08:00:00+00:00,1716796800000,2024-05-27T08:00:00+00:00,0.0001,3915.42
2024-05-27 16:00:00+00:00,1716825600000,2024-05-27T16:00:00+00:00,0.0001,3965.83840909
2024-05-28 00:00:00+00:00,1716854400000,2024-05-28T00:00:00+00:00,0.0001,3896.09
2024-05-28 08:00:00+00:00,1716883200000,2024-05-28T08:00:00+00:00,0.0001,3850.32068939
2024-05-28 16:00:00+00:00,1716912000000,2024-05-28T16:00:00+00:00,0.0001219,3863.33
2024-05-29 00:00:00.001000+00:00,1716940800001,2024-05-29T00:00:00.001000+00:00,0.00017485,3847.0
2024-05-29 08:00:00+00:00,1716969600000,2024-05-29T08:00:00+00:00,0.0001,3823.40307576
2024-05-29 16:00:00+00:00,1716998400000,2024-05-29T16:00:00+00:00,0.000177,3762.03720455
2024-05-30 00:00:00+00:00,1717027200000,2024-05-30T00:00:00+00:00,0.00025357,3770.0
2024-05-30 08:00:00+00:00,1717056000000,2024-05-30T08:00:00+00:00,0.00014202,3722.16
2024-05-30 16:00:00+00:00,1717084800000,2024-05-30T16:00:00+00:00,0.00018706,3778.20893939
2024-05-31 00:00:00+00:00,1717113600000,2024-05-31T00:00:00+00:00,0.0001,3749.90932576
2024-05-31 08:00:00+00:00,1717142400000,2024-05-31T08:00:00+00:00,0.00010793,3730.65599242
2024-05-31 16:00:00+00:00,1717171200000,2024-05-31T16:00:00+00:00,0.00012319,3747.25
2024-06-01 00:00:00+00:00,1717200000000,2024-06-01T00:00:00+00:00,0.00017131,3764.04343182
2024-06-01 08:00:00+00:00,1717228800000,2024-06-01T08:00:00+00:00,0.00013009,3775.304
2024-06-01 16:00:00.001000+00:00,1717257600001,2024-06-01T16:00:00.001000+00:00,0.00011557,3801.17321212
2024-06-02 00:00:00+00:00,1717286400000,2024-06-02T00:00:00+00:00,0.00015695,3817.5
2024-06-02 08:00:00+00:00,1717315200000,2024-06-02T08:00:00+00:00,0.0001,3795.13
2024-06-02 16:00:00+00:00,1717344000000,2024-06-02T16:00:00+00:00,0.0001,3801.12573166
2024-06-03 00:00:00+00:00,1717372800000,2024-06-03T00:00:00+00:00,0.00012702,3783.62659848
2024-06-03 08:00:00+00:00,1717401600000,2024-06-03T08:00:00+00:00,0.00015803,3819.99
2024-06-03 16:00:00+00:00,1717430400000,2024-06-03T16:00:00+00:00,0.00012815,3797.88131818
2024-06-04 00:00:00+00:00,1717459200000,2024-06-04T00:00:00+00:00,0.0001,3769.15
2024-06-04 08:00:00+00:00,1717488000000,2024-06-04T08:00:00+00:00,0.0001,3776.79
2024-06-04 16:00:00+00:00,1717516800000,2024-06-04T16:00:00+00:00,0.000108,3813.09632576
2024-06-05 00:00:00+00:00,1717545600000,2024-06-05T00:00:00+00:00,0.00016969,3813.02937121
2024-06-05 08:00:00+00:00,1717574400000,2024-06-05T08:00:00+00:00,0.0001,3811.35
2024-06-05 16:00:00+00:00,1717603200000,2024-06-05T16:00:00+00:00,0.00010659,3816.56893182
2024-06-06 00:00:00+00:00,1717632000000,2024-06-06T00:00:00+00:00,0.00019461,3867.99527273
2024-06-06 08:00:00.008000+00:00,1717660800008,2024-06-06T08:00:00.008000+00:00,0.00020328,3854.28742947
2024-06-06 16:00:00+00:00,1717689600000,2024-06-06T16:00:00+00:00,0.00014989,3847.09508333
2024-06-07 00:00:00+00:00,1717718400000,2024-06-07T00:00:00+00:00,0.00016105,3815.77
2024-06-07 08:00:00+00:00,1717747200000,2024-06-07T08:00:00+00:00,0.00013228,3819.0117803
2024-06-07 16:00:00+00:00,1717776000000,2024-06-07T16:00:00+00:00,0.00017029,3802.93818182
2024-06-08 00:00:00+00:00,1717804800000,2024-06-08T00:00:00+00:00,0.0001,3679.82
2024-06-08 08:00:00+00:00,1717833600000,2024-06-08T08:00:00+00:00,0.0001,3710.26
2024-06-08 16:00:00+00:00,1717862400000,2024-06-08T16:00:00+00:00,0.0001,3689.33
2024-06-09 00:00:00+00:00,1717891200000,2024-06-09T00:00:00+00:00,0.0001,3682.11
2024-06-09 08:00:00+00:00,1717920000000,2024-06-09T08:00:00+00:00,0.0001,3687.1
2024-06-09 16:00:00.001000+00:00,1717948800001,2024-06-09T16:00:00.001000+00:00,0.0001,3691.62
2024-06-10 00:00:00+00:00,1717977600000,2024-06-10T00:00:00+00:00,0.0001,3707.55763278
2024-06-10 08:00:00+00:00,1718006400000,2024-06-10T08:00:00+00:00,0.0001,3650.44409091
2024-06-10 16:00:00.001000+00:00,1718035200001,2024-06-10T16:00:00.001000+00:00,0.0001,3703.16574242
2024-06-11 00:00:00.001000+00:00,1718064000001,2024-06-11T00:00:00.001000+00:00,0.0001,3669.65
2024-06-11 08:00:00+00:00,1718092800000,2024-06-11T08:00:00+00:00,0.0001,3535.23
2024-06-11 16:00:00+00:00,1718121600000,2024-06-11T16:00:00+00:00,0.0001,3448.26362879
2024-06-12 00:00:00+00:00,1718150400000,2024-06-12T00:00:00+00:00,0.0001,3497.97481061
2024-06-12 08:00:00+00:00,1718179200000,2024-06-12T08:00:00+00:00,0.0001,3526.99
2024-06-12 16:00:00+00:00,1718208000000,2024-06-12T16:00:00+00:00,0.0001,3617.92588636
2024-06-13 00:00:00+00:00,1718236800000,2024-06-13T00:00:00+00:00,0.0001,3560.35896212
2024-06-13 08:00:00.001000+00:00,1718265600001,2024-06-13T08:00:00.001000+00:00,0.0001,3507.48
2024-06-13 16:00:00+00:00,1718294400000,2024-06-13T16:00:00+00:00,0.0001,3442.84977273
2024-06-14 00:00:00+00:00,1718323200000,2024-06-14T00:00:00+00:00,0.0001,3469.19
2024-06-14 08:00:00+00:00,1718352000000,2024-06-14T08:00:00+00:00,0.0001,3515.97947727
2024-06-14 16:00:00+00:00,1718380800000,2024-06-14T16:00:00+00:00,0.0001,3461.87205303
2024-06-15 00:00:00+00:00,1718409600000,2024-06-15T00:00:00+00:00,0.0001,3480.87528788
2024-06-15 08:00:00+00:00,1718438400000,2024-06-15T08:00:00+00:00,0.0001,3529.34816667
2024-06-15 16:00:00+00:00,1718467200000,2024-06-15T16:00:00+00:00,0.0001,3565.31
2024-06-16 00:00:00.001000+00:00,1718496000001,2024-06-16T00:00:00.001000+00:00,0.0001,3567.93938636
2024-06-16 08:00:00+00:00,1718524800000,2024-06-16T08:00:00+00:00,0.0001,3561.37
2024-06-16 16:00:00+00:00,1718553600000,2024-06-16T16:00:00+00:00,0.0001,3591.36355303
2024-06-17 00:00:00+00:00,1718582400000,2024-06-17T00:00:00+00:00,0.0001,3623.15286643
2024-06-17 08:00:00+00:00,1718611200000,2024-06-17T08:00:00+00:00,0.0001,3551.57
2024-06-17 16:00:00+00:00,1718640000000,2024-06-17T16:00:00+00:00,9.137e-05,3495.8
2024-06-18 00:00:00+00:00,1718668800000,2024-06-18T00:00:00+00:00,6.649e-05,3509.76769697
2024-06-18 08:00:00+00:00,1718697600000,2024-06-18T08:00:00+00:00,7.836e-05,3442.5
2024-06-18 16:00:00+00:00,1718726400000,2024-06-18T16:00:00+00:00,6.211e-05,3422.8557197
2024-06-19 00:00:00.001000+00:00,1718755200001,2024-06-19T00:00:00.001000+00:00,0.0001,3482.34
2024-06-19 08:00:00.001000+00:00,1718784000001,2024-06-19T08:00:00.001000+00:00,0.0001,3543.08
2024-06-19 16:00:00+00:00,1718812800000,2024-06-19T16:00:00+00:00,6.122e-05,3527.99
2024-06-20 00:00:00+00:00,1718841600000,2024-06-20T00:00:00+00:00,0.0001,3559.10481851
2024-06-20 08:00:00+00:00,1718870400000,2024-06-20T08:00:00+00:00,6.409e-05,3606.1095
2024-06-20 16:00:00+00:00,1718899200000,2024-06-20T16:00:00+00:00,3.148e-05,3505.36793182
2024-06-21 00:00:00+00:00,1718928000000,2024-06-21T00:00:00+00:00,7.46e-06,3511.60560606
2024-06-21 08:00:00+00:00,1718956800000,2024-06-21T08:00:00+00:00,2.103e-05,3473.58
2024-06-21 16:00:00+00:00,1718985600000,2024-06-21T16:00:00+00:00,0.0001,3491.39
2024-06-22 00:00:00+00:00,1719014400000,2024-06-22T00:00:00+00:00,4.564e-05,3517.18
2024-06-22 08:00:00+00:00,1719043200000,2024-06-22T08:00:00+00:00,5.837e-05,3492.53
2024-06-22 16:00:00+00:00,1719072000000,2024-06-22T16:00:00+00:00,3.914e-05,3504.6
2024-06-23 00:00:00+00:00,1719100800000,2024-06-23T00:00:00+00:00,6.71e-05,3494.26
2024-06-23 08:00:00+00:00,1719129600000,2024-06-23T08:00:00+00:00,4.594e-05,3510.92535606
2024-06-23 16:00:00+00:00,1719158400000,2024-06-23T16:00:00+00:00,3.591e-05,3473.1275303
2024-06-24 00:00:00.002000+00:00,1719187200002,2024-06-24T00:00:00.002000+00:00,7.672e-05,3419.57059091
2024-06-24 08:00:00+00:00,1719216000000,2024-06-24T08:00:00+00:00,0.0001,3367.68
2024-06-24 16:00:00+00:00,1719244800000,2024-06-24T16:00:00+00:00,7.41e-05,3278.79
2024-06-25 00:00:00+00:00,1719273600000,2024-06-25T00:00:00+00:00,0.0001,3352.0
2024-06-25 08:00:00+00:00,1719302400000,2024-06-25T08:00:00+00:00,0.0001,3360.18204545
2024-06-25 16:00:00+00:00,1719331200000,2024-06-25T16:00:00+00:00,0.0001,3418.83318182
2024-06-26 00:00:00.002000+00:00,1719360000002,2024-06-26T00:00:00.002000+00:00,0.0001,3393.16864394
2024-06-26 08:00:00+00:00,1719388800000,2024-06-26T08:00:00+00:00,0.0001,3400.60412879
2024-06-26 16:00:00+00:00,1719417600000,2024-06-26T16:00:00+00:00,0.0001,3360.8
2024-06-27 00:00:00+00:00,1719446400000,2024-06-27T00:00:00+00:00,0.0001,3370.66046212
2024-06-27 08:00:00.001000+00:00,1719475200001,2024-06-27T08:00:00.001000+00:00,0.0001,3374.47
2024-06-27 16:00:00+00:00,1719504000000,2024-06-27T16:00:00+00:00,0.0001,3452.00560606
2024-06-28 00:00:00+00:00,1719532800000,2024-06-28T00:00:00+00:00,0.0001,3450.33018025
2024-06-28 08:00:00+00:00,1719561600000,2024-06-28T08:00:00+00:00,0.0001,3431.27
2024-06-28 16:00:00+00:00,1719590400000,2024-06-28T16:00:00+00:00,0.0001,3412.13582576
2024-06-29 00:00:00.001000+00:00,1719619200001,2024-06-29T00:00:00.001000+00:00,0.0001,3379.57099242
2024-06-29 08:00:00+00:00,1719648000000,2024-06-29T08:00:00+00:00,0.0001,3398.18
2024-06-29 16:00:00+00:00,1719676800000,2024-06-29T16:00:00+00:00,0.0001,3393.45
2024-06-30 00:00:00+00:00,1719705600000,2024-06-30T00:00:00+00:00,0.0001,3377.62159848
2024-06-30 08:00:00+00:00,1719734400000,2024-06-30T08:00:00+00:00,0.0001,3393.06
2024-06-30 16:00:00+00:00,1719763200000,2024-06-30T16:00:00+00:00,0.0001,3398.87
2024-07-01 00:00:00+00:00,1719792000000,2024-07-01T00:00:00+00:00,0.0001,3436.73
2024-07-01 08:00:00+00:00,1719820800000,2024-07-01T08:00:00+00:00,0.0001,3489.25
2024-07-01 16:00:00.001000+00:00,1719849600001,2024-07-01T16:00:00.001000+00:00,0.0001,3473.87
2024-07-02 00:00:00+00:00,1719878400000,2024-07-02T00:00:00+00:00,0.0001,3441.12724242
2024-07-02 08:00:00+00:00,1719907200000,2024-07-02T08:00:00+00:00,0.0001,3438.50177273
2024-07-02 16:00:00+00:00,1719936000000,2024-07-02T16:00:00+00:00,0.0001,3414.68
2024-07-03 00:00:00+00:00,1719964800000,2024-07-03T00:00:00+00:00,0.0001,3420.43
2024-07-03 08:00:00.001000+00:00,1719993600001,2024-07-03T08:00:00.001000+00:00,0.0001,3352.15688636
2024-07-03 16:00:00+00:00,1720022400000,2024-07-03T16:00:00+00:00,0.0001,3302.94937121
2024-07-04 00:00:00+00:00,1720051200000,2024-07-04T00:00:00+00:00,0.0001,3294.76
2024-07-04 08:00:00+00:00,1720080000000,2024-07-04T08:00:00+00:00,0.0001,3181.58994697
2024-07-04 16:00:00+00:00,1720108800000,2024-07-04T16:00:00+00:00,0.0001,3137.62
2024-07-05 00:00:00+00:00,1720137600000,2024-07-05T00:00:00+00:00,0.0001,3059.23636364
2024-07-05 08:00:00+00:00,1720166400000,2024-07-05T08:00:00+00:00,9.55e-05,2881.26
2024-07-05 16:00:00+00:00,1720195200000,2024-07-05T16:00:00+00:00,4.923e-05,2990.22177273
2024-07-06 00:00:00+00:00,1720224000000,2024-07-06T00:00:00+00:00,9.007e-05,2980.67
2024-07-06 08:00:00+00:00,1720252800000,2024-07-06T08:00:00+00:00,6.597e-05,3003.19609091
2024-07-06 16:00:00+00:00,1720281600000,2024-07-06T16:00:00+00:00,5.847e-05,3018.48308777
2024-07-07 00:00:00.001000+00:00,1720310400001,2024-07-07T00:00:00.001000+00:00,3.941e-05,3065.5
2024-07-07 08:00:00+00:00,1720339200000,2024-07-07T08:00:00+00:00,8.938e-05,3002.97278947
2024-07-07 16:00:00+00:00,1720368000000,2024-07-07T16:00:00+00:00,5.389e-05,2969.63110606
2024-07-08 00:00:00+00:00,1720396800000,2024-07-08T00:00:00+00:00,0.0001,2930.23
2024-07-08 08:00:00+00:00,1720425600000,2024-07-08T08:00:00+00:00,3.423e-05,2925.58
2024-07-08 16:00:00+00:00,1720454400000,2024-07-08T16:00:00+00:00,9.357e-05,2968.31426515
2024-07-09 00:00:00+00:00,1720483200000,2024-07-09T00:00:00+00:00,5.681e-05,3017.9332803
2024-07-09 08:00:00.001000+00:00,1720512000001,2024-07-09T08:00:00.001000+00:00,1.078e-05,3061.01
2024-07-09 16:00:00+00:00,1720540800000,2024-07-09T16:00:00+00:00,7.754e-05,3066.14312879
2024-07-10 00:00:00+00:00,1720569600000,2024-07-10T00:00:00+00:00,3.746e-05,3065.06
2024-07-10 08:00:00+00:00,1720598400000,2024-07-10T08:00:00+00:00,1.713e-05,3095.87054075
2024-07-10 16:00:00+00:00,1720627200000,2024-07-10T16:00:00+00:00,0.0001,3121.18937121
2024-07-11 00:00:00.002000+00:00,1720656000002,2024-07-11T00:00:00.002000+00:00,4.282e-05,3099.48730303
2024-07-11 08:00:00.002000+00:00,1720684800002,2024-07-11T08:00:00.002000+00:00,8.656e-05,3116.99
2024-07-11 16:00:00.004000+00:00,1720713600004,2024-07-11T16:00:00.004000+00:00,5.603e-05,3116.72
2024-07-12 00:00:00+00:00,1720742400000,2024-07-12T00:00:00+00:00,0.0001,3098.24
2024-07-12 08:00:00+00:00,1720771200000,2024-07-12T08:00:00+00:00,4.73e-05,3071.31193182
2024-07-12 16:00:00+00:00,1720800000000,2024-07-12T16:00:00+00:00,7.154e-05,3130.18
2024-07-13 00:00:00+00:00,1720828800000,2024-07-13T00:00:00+00:00,0.0001,3133.24
2024-07-13 08:00:00+00:00,1720857600000,2024-07-13T08:00:00+00:00,0.0001,3139.09
2024-07-13 16:00:00+00:00,1720886400000,2024-07-13T16:00:00+00:00,7.584e-05,3153.75693182
2024-07-14 00:00:00+00:00,1720915200000,2024-07-14T00:00:00+00:00,0.0001,3174.03778213
2024-07-14 08:00:00+00:00,1720944000000,2024-07-14T08:00:00+00:00,6.352e-05,3194.34
2024-07-14 16:00:00+00:00,1720972800000,2024-07-14T16:00:00+00:00,3.194e-05,3188.72962382
2024-07-15 00:00:00+00:00,1721001600000,2024-07-15T00:00:00+00:00,9.653e-05,3244.1
2024-07-15 08:00:00+00:00,1721030400000,2024-07-15T08:00:00+00:00,4.043e-05,3354.38
2024-07-15 16:00:00+00:00,1721059200000,2024-07-15T16:00:00+00:00,4.69e-05,3366.12075
2024-07-16 00:00:00+00:00,1721088000000,2024-07-16T00:00:00+00:00,2.643e-05,3481.83237879
2024-07-16 08:00:00+00:00,1721116800000,2024-07-16T08:00:00+00:00,9.799e-05,3376.01753788
2024-07-16 16:00:00+00:00,1721145600000,2024-07-16T16:00:00+00:00,6.395e-05,3474.92496212
2024-07-17 00:00:00+00:00,1721174400000,2024-07-17T00:00:00+00:00,5.824e-05,3442.87250758
2024-07-17 08:00:00.001000+00:00,1721203200001,2024-07-17T08:00:00.001000+00:00,8.064e-05,3484.6935303
2024-07-17 16:00:00+00:00,1721232000000,2024-07-17T16:00:00+00:00,6.113e-05,3436.30719697
2024-07-18 00:00:00+00:00,1721260800000,2024-07-18T00:00:00+00:00,0.0001,3386.04
2024-07-18 08:00:00+00:00,1721289600000,2024-07-18T08:00:00+00:00,6.727e-05,3431.72
2024-07-18 16:00:00+00:00,1721318400000,2024-07-18T16:00:00+00:00,3.237e-05,3387.83491667
2024-07-19 00:00:00+00:00,1721347200000,2024-07-19T00:00:00+00:00,4.387e-05,3424.99
2024-07-19 08:00:00+00:00,1721376000000,2024-07-19T08:00:00+00:00,8.153e-05,3390.58
2024-07-19 16:00:00+00:00,1721404800000,2024-07-19T16:00:00+00:00,0.0001,3463.76
2024-07-20 00:00:00.001000+00:00,1721433600001,2024-07-20T00:00:00.001000+00:00,5.271e-05,3502.18
2024-07-20 08:00:00+00:00,1721462400000,2024-07-20T08:00:00+00:00,8.573e-05,3485.99
2024-07-20 16:00:00+00:00,1721491200000,2024-07-20T16:00:00+00:00,2.468e-05,3501.81
2024-07-21 00:00:00+00:00,1721520000000,2024-07-21T00:00:00+00:00,0.0001,3515.94928788
2024-07-21 08:00:00+00:00,1721548800000,2024-07-21T08:00:00+00:00,1.524e-05,3482.90283333
2024-07-21 16:00:00+00:00,1721577600000,2024-07-21T16:00:00+00:00,6.721e-05,3498.66479545
2024-07-22 00:00:00+00:00,1721606400000,2024-07-22T00:00:00+00:00,9.867e-05,3534.26
2024-07-22 08:00:00+00:00,1721635200000,2024-07-22T08:00:00+00:00,7.749e-05,3477.03909091
2024-07-22 16:00:00+00:00,1721664000000,2024-07-22T16:00:00+00:00,2.82e-05,3455.7
2024-07-23 00:00:00+00:00,1721692800000,2024-07-23T00:00:00+00:00,7.792e-05,3438.32583333
2024-07-23 08:00:00+00:00,1721721600000,2024-07-23T08:00:00+00:00,0.0001,3453.3
2024-07-23 16:00:00+00:00,1721750400000,2024-07-23T16:00:00+00:00,9.013e-05,3453.76132576
2024-07-24 00:00:00+00:00,1721779200000,2024-07-24T00:00:00+00:00,7.865e-05,3481.01
2024-07-24 08:00:00+00:00,1721808000000,2024-07-24T08:00:00+00:00,8.396e-05,3445.74
2024-07-24 16:00:00+00:00,1721836800000,2024-07-24T16:00:00+00:00,6.706e-05,3413.49
2024-07-25 00:00:00+00:00,1721865600000,2024-07-25T00:00:00+00:00,9.46e-05,3334.25
2024-07-25 08:00:00+00:00,1721894400000,2024-07-25T08:00:00+00:00,2.04e-06,3170.41348485
2024-07-25 16:00:00+00:00,1721923200000,2024-07-25T16:00:00+00:00,3.72e-05,3140.81
2024-07-26 00:00:00+00:00,1721952000000,2024-07-26T00:00:00+00:00,3.903e-05,3173.67
2024-07-26 08:00:00+00:00,1721980800000,2024-07-26T08:00:00+00:00,4.196e-05,3249.62
2024-07-26 16:00:00+00:00,1722009600000,2024-07-26T16:00:00+00:00,4.001e-05,3253.84
2024-07-27 00:00:00+00:00,1722038400000,2024-07-27T00:00:00+00:00,3.05e-05,3273.01850758
2024-07-27 08:00:00+00:00,1722067200000,2024-07-27T08:00:00+00:00,7.422e-05,3270.41
2024-07-27 16:00:00+00:00,1722096000000,2024-07-27T16:00:00+00:00,1.78e-05,3279.78
2024-07-28 00:00:00+00:00,1722124800000,2024-07-28T00:00:00+00:00,0.0001,3248.17
2024-07-28 08:00:00+00:00,1722153600000,2024-07-28T08:00:00+00:00,0.0001,3226.68
2024-07-28 16:00:00.001000+00:00,1722182400001,2024-07-28T16:00:00.001000+00:00,0.0001,3267.55
2024-07-29 00:00:00.001000+00:00,1722211200001,2024-07-29T00:00:00.001000+00:00,8.174e-05,3268.27439075
2024-07-29 08:00:00+00:00,1722240000000,2024-07-29T08:00:00+00:00,0.0001,3366.02474242
2024-07-29 16:00:00.001000+00:00,1722268800001,2024-07-29T16:00:00.001000+00:00,0.0001,3307.06362879
2024-07-30 00:00:00+00:00,1722297600000,2024-07-30T00:00:00+00:00,0.0001,3316.62
2024-07-30 08:00:00.001000+00:00,1722326400001,2024-07-30T08:00:00.001000+00:00,0.0001,3339.65157576
2024-07-30 16:00:00+00:00,1722355200000,2024-07-30T16:00:00+00:00,0.0001,3319.81270455
2024-07-31 00:00:00+00:00,1722384000000,2024-07-31T00:00:00+00:00,0.0001,3278.18
2024-07-31 08:00:00+00:00,1722412800000,2024-07-31T08:00:00+00:00,0.0001,3316.51846212
2024-07-31 16:00:00+00:00,1722441600000,2024-07-31T16:00:00+00:00,0.0001,3301.2
2024-08-01 00:00:00+00:00,1722470400000,2024-08-01T00:00:00+00:00,0.0001,3231.48
2024-08-01 08:00:00+00:00,1722499200000,2024-08-01T08:00:00+00:00,5.973e-05,3165.59420455
2024-08-01 16:00:00+00:00,1722528000000,2024-08-01T16:00:00+00:00,0.0001,3115.41645455
2024-08-02 00:00:00+00:00,1722556800000,2024-08-02T00:00:00+00:00,7.641e-05,3201.93043182
2024-08-02 08:00:00.001000+00:00,1722585600001,2024-08-02T08:00:00.001000+00:00,7.771e-05,3146.57568939
2024-08-02 16:00:00+00:00,1722614400000,2024-08-02T16:00:00+00:00,3.785e-05,3037.91004545
2024-08-03 00:00:00+00:00,1722643200000,2024-08-03T00:00:00+00:00,8.493e-05,2988.52112121
2024-08-03 08:00:00+00:00,1722672000000,2024-08-03T08:00:00+00:00,2.92e-05,2983.0
2024-08-03 16:00:00.001000+00:00,1722700800001,2024-08-03T16:00:00.001000+00:00,4.82e-05,2941.27083333
2024-08-04 00:00:00+00:00,1722729600000,2024-08-04T00:00:00+00:00,4.181e-05,2902.08109848
2024-08-04 08:00:00+00:00,1722758400000,2024-08-04T08:00:00+00:00,1.635e-05,2892.0
2024-08-04 16:00:00+00:00,1722787200000,2024-08-04T16:00:00+00:00,6.815e-05,2826.05545455
2024-08-05 00:00:00+00:00,1722816000000,2024-08-05T00:00:00+00:00,-1.7e-05,2687.6
2024-08-05 08:00:00+00:00,1722844800000,2024-08-05T08:00:00+00:00,-4.58e-06,2357.71056061
2024-08-05 16:00:00+00:00,1722873600000,2024-08-05T16:00:00+00:00,-5.766e-05,2448.97
2024-08-06 00:00:00+00:00,1722902400000,2024-08-06T00:00:00+00:00,-2.276e-05,2417.88
2024-08-06 08:00:00+00:00,1722931200000,2024-08-06T08:00:00+00:00,-0.00010667,2522.33484091
2024-08-06 16:00:00+00:00,1722960000000,2024-08-06T16:00:00+00:00,-1.11e-05,2526.3582803
2024-08-07 00:00:00+00:00,1722988800000,2024-08-07T00:00:00+00:00,-4.25e-05,2460.33297727
2024-08-07 08:00:00.001000+00:00,1723017600001,2024-08-07T08:00:00.001000+00:00,-6.16e-06,2509.77
2024-08-07 16:00:00+00:00,1723046400000,2024-08-07T16:00:00+00:00,-4.478e-05,2411.71
2024-08-08 00:00:00.001000+00:00,1723075200001,2024-08-08T00:00:00.001000+00:00,-4.377e-05,2341.44
2024-08-08 08:00:00+00:00,1723104000000,2024-08-08T08:00:00+00:00,-1.083e-05,2412.92
2024-08-08 16:00:00+00:00,1723132800000,2024-08-08T16:00:00+00:00,-3.437e-05,2505.85
2024-08-09 00:00:00+00:00,1723161600000,2024-08-09T00:00:00+00:00,1.139e-05,2682.32086364
2024-08-09 08:00:00+00:00,1723190400000,2024-08-09T08:00:00+00:00,4.212e-05,2668.97
2024-08-09 16:00:00+00:00,1723219200000,2024-08-09T16:00:00+00:00,-2.753e-05,2557.41975758
2024-08-10 00:00:00+00:00,1723248000000,2024-08-10T00:00:00+00:00,-4.249e-05,2597.89
2024-08-10 08:00:00+00:00,1723276800000,2024-08-10T08:00:00+00:00,3.504e-05,2633.07
2024-08-10 16:00:00+00:00,1723305600000,2024-08-10T16:00:00+00:00,1.614e-05,2598.24
2024-08-11 00:00:00+00:00,1723334400000,2024-08-11T00:00:00+00:00,-8.82e-06,2608.77
2024-08-11 08:00:00+00:00,1723363200000,2024-08-11T08:00:00+00:00,9.73e-06,2676.0
2024-08-11 16:00:00.001000+00:00,1723392000001,2024-08-11T16:00:00.001000+00:00,3.46e-06,2612.82
2024-08-12 00:00:00+00:00,1723420800000,2024-08-12T00:00:00+00:00,1.047e-05,2554.65
2024-08-12 08:00:00+00:00,1723449600000,2024-08-12T08:00:00+00:00,6.766e-05,2566.07606061
2024-08-12 16:00:00+00:00,1723478400000,2024-08-12T16:00:00+00:00,6.424e-05,2687.88237879
2024-08-13 00:00:00+00:00,1723507200000,2024-08-13T00:00:00+00:00,7.892e-05,2721.15
2024-08-13 08:00:00+00:00,1723536000000,2024-08-13T08:00:00+00:00,-6.036e-05,2647.14
2024-08-13 16:00:00+00:00,1723564800000,2024-08-13T16:00:00+00:00,-4.532e-05,2650.88137121
2024-08-14 00:00:00+00:00,1723593600000,2024-08-14T00:00:00+00:00,5.55e-06,2701.01
2024-08-14 08:00:00+00:00,1723622400000,2024-08-14T08:00:00+00:00,3.166e-05,2726.46
2024-08-14 16:00:00+00:00,1723651200000,2024-08-14T16:00:00+00:00,-3.462e-05,2672.94227273
2024-08-15 00:00:00+00:00,1723680000000,2024-08-15T00:00:00+00:00,5.044e-05,2659.95137879
2024-08-15 08:00:00+00:00,1723708800000,2024-08-15T08:00:00+00:00,7.775e-05,2613.84
2024-08-15 16:00:00+00:00,1723737600000,2024-08-15T16:00:00+00:00,6.62e-06,2667.19
2024-08-16 00:00:00+00:00,1723766400000,2024-08-16T00:00:00+00:00,-1.182e-05,2568.81935606
2024-08-16 08:00:00+00:00,1723795200000,2024-08-16T08:00:00+00:00,2.105e-05,2616.02889394
2024-08-16 16:00:00+00:00,1723824000000,2024-08-16T16:00:00+00:00,3.363e-05,2568.34188636
2024-08-17 00:00:00+00:00,1723852800000,2024-08-17T00:00:00+00:00,2.448e-05,2591.52
2024-08-17 08:00:00+00:00,1723881600000,2024-08-17T08:00:00+00:00,-2.485e-05,2599.01752273
2024-08-17 16:00:00+00:00,1723910400000,2024-08-17T16:00:00+00:00,-3.471e-05,2605.56
2024-08-18 00:00:00+00:00,1723939200000,2024-08-18T00:00:00+00:00,7.82e-06,2613.18
2024-08-18 08:00:00+00:00,1723968000000,2024-08-18T08:00:00+00:00,-4.706e-05,2606.84133333
2024-08-18 16:00:00+00:00,1723996800000,2024-08-18T16:00:00+00:00,-1.42e-06,2671.0
2024-08-19 00:00:00+00:00,1724025600000,2024-08-19T00:00:00+00:00,-3.66e-05,2610.67
2024-08-19 08:00:00+00:00,1724054400000,2024-08-19T08:00:00+00:00,8.59e-06,2612.88430303
2024-08-19 16:00:00.002000+00:00,1724083200002,2024-08-19T16:00:00.002000+00:00,-1.53e-05,2583.43204545
2024-08-20 00:00:00+00:00,1724112000000,2024-08-20T00:00:00+00:00,9.69e-06,2635.29
2024-08-20 08:00:00+00:00,1724140800000,2024-08-20T08:00:00+00:00,1.977e-05,2673.63
2024-08-20 16:00:00.001000+00:00,1724169600001,2024-08-20T16:00:00.001000+00:00,-2.726e-05,2573.65617424
2024-08-21 00:00:00.001000+00:00,1724198400001,2024-08-21T00:00:00.001000+00:00,1.33e-05,2571.58093939
2024-08-21 08:00:00+00:00,1724227200000,2024-08-21T08:00:00+00:00,2.306e-05,2599.22
2024-08-21 16:00:00.001000+00:00,1724256000001,2024-08-21T16:00:00.001000+00:00,4.139e-05,2600.81306061
2024-08-22 00:00:00+00:00,1724284800000,2024-08-22T00:00:00+00:00,-9.46e-06,2629.38
2024-08-22 08:00:00+00:00,1724313600000,2024-08-22T08:00:00+00:00,3.544e-05,2635.02609848
2024-08-22 16:00:00.008000+00:00,1724342400008,2024-08-22T16:00:00.008000+00:00,2.01e-05,2598.3
2024-08-23 00:00:00+00:00,1724371200000,2024-08-23T00:00:00+00:00,6.601e-05,2622.0
2024-08-23 08:00:00+00:00,1724400000000,2024-08-23T08:00:00+00:00,6.071e-05,2668.07
2024-08-23 16:00:00+00:00,1724428800000,2024-08-23T16:00:00+00:00,-1.72e-06,2669.8
2024-08-24 00:00:00+00:00,1724457600000,2024-08-24T00:00:00+00:00,-1.504e-05,2761.58
2024-08-24 08:00:00.005000+00:00,1724486400005,2024-08-24T08:00:00.005000+00:00,9.7e-06,2757.39533333
2024-08-24 16:00:00+00:00,1724515200000,2024-08-24T16:00:00+00:00,5.81e-06,2759.62509848
2024-08-25 00:00:00+00:00,1724544000000,2024-08-25T00:00:00+00:00,-3.389e-05,2767.26575758
2024-08-25 08:00:00+00:00,1724572800000,2024-08-25T08:00:00+00:00,3.311e-05,2742.47151515
2024-08-25 16:00:00+00:00,1724601600000,2024-08-25T16:00:00+00:00,2.579e-05,2762.79
2024-08-26 00:00:00+00:00,1724630400000,2024-08-26T00:00:00+00:00,2.145e-05,2744.90300758
2024-08-26 08:00:00.001000+00:00,1724659200001,2024-08-26T08:00:00.001000+00:00,5.677e-05,2732.33410606
2024-08-26 16:00:00+00:00,1724688000000,2024-08-26T16:00:00+00:00,6.339e-05,2720.58960031
2024-08-27 00:00:00.001000+00:00,1724716800001,2024-08-27T00:00:00.001000+00:00,9.438e-05,2679.59469697
2024-08-27 08:00:00+00:00,1724745600000,2024-08-27T08:00:00+00:00,5.093e-05,2686.91
2024-08-27 16:00:00+00:00,1724774400000,2024-08-27T16:00:00+00:00,7.429e-05,2578.03712121
2024-08-28 00:00:00+00:00,1724803200000,2024-08-28T00:00:00+00:00,-6.098e-05,2455.98
2024-08-28 08:00:00+00:00,1724832000000,2024-08-28T08:00:00+00:00,-7.62e-06,2435.86
2024-08-28 16:00:00.001000+00:00,1724860800001,2024-08-28T16:00:00.001000+00:00,1.459e-05,2495.44611364
2024-08-29 00:00:00+00:00,1724889600000,2024-08-29T00:00:00+00:00,1.16e-05,2527.32
2024-08-29 08:00:00.001000+00:00,1724918400001,2024-08-29T08:00:00.001000+00:00,2.12e-06,2546.07893939
2024-08-29 16:00:00+00:00,1724947200000,2024-08-29T16:00:00+00:00,-4.09e-06,2574.71375
2024-08-30 00:00:00+00:00,1724976000000,2024-08-30T00:00:00+00:00,5.49e-05,2526.63606061
2024-08-30 08:00:00+00:00,1725004800000,2024-08-30T08:00:00+00:00,3.483e-05,2516.10566667
2024-08-30 16:00:00+00:00,1725033600000,2024-08-30T16:00:00+00:00,1.032e-05,2448.03
2024-08-31 00:00:00+00:00,1725062400000,2024-08-31T00:00:00+00:00,7.976e-05,2524.99
2024-08-31 08:00:00+00:00,1725091200000,2024-08-31T08:00:00+00:00,7.237e-05,2519.81428788
2024-08-31 16:00:00+00:00,1725120000000,2024-08-31T16:00:00+00:00,7.811e-05,2518.01
2024-09-01 00:00:00+00:00,1725148800000,2024-09-01T00:00:00+00:00,4.499e-05,2512.10891667
2024-09-01 08:00:00.001000+00:00,1725177600001,2024-09-01T08:00:00.001000+00:00,5.272e-05,2485.62
2024-09-01 16:00:00+00:00,1725206400000,2024-09-01T16:00:00+00:00,4.183e-05,2479.54416667
2024-09-02 00:00:00.001000+00:00,1725235200001,2024-09-02T00:00:00.001000+00:00,-2.406e-05,2425.24272727
2024-09-02 08:00:00.001000+00:00,1725264000001,2024-09-02T08:00:00.001000+00:00,3.904e-05,2439.94
2024-09-02 16:00:00+00:00,1725292800000,2024-09-02T16:00:00+00:00,7.064e-05,2512.29
2024-09-03 00:00:00+00:00,1725321600000,2024-09-03T00:00:00+00:00,5.67e-05,2536.93559848
2024-09-03 08:00:00.001000+00:00,1725350400001,2024-09-03T08:00:00.001000+00:00,4.883e-05,2518.89
2024-09-03 16:00:00+00:00,1725379200000,2024-09-03T16:00:00+00:00,5.216e-05,2443.45323485
2024-09-04 00:00:00+00:00,1725408000000,2024-09-04T00:00:00+00:00,8.054e-05,2424.19488636
2024-09-04 08:00:00+00:00,1725436800000,2024-09-04T08:00:00+00:00,-1.109e-05,2399.88940909
2024-09-04 16:00:00+00:00,1725465600000,2024-09-04T16:00:00+00:00,5.833e-05,2454.17973485
2024-09-05 00:00:00+00:00,1725494400000,2024-09-05T00:00:00+00:00,4.539e-05,2449.69385606
2024-09-05 08:00:00+00:00,1725523200000,2024-09-05T08:00:00+00:00,2.41e-05,2411.5
2024-09-05 16:00:00.005000+00:00,1725552000005,2024-09-05T16:00:00.005000+00:00,3.166e-05,2370.53785606
2024-09-06 00:00:00+00:00,1725580800000,2024-09-06T00:00:00+00:00,3.662e-05,2367.47462121
2024-09-06 08:00:00.001000+00:00,1725609600001,2024-09-06T08:00:00.001000+00:00,4.871e-05,2343.32471787
2024-09-06 16:00:00+00:00,1725638400000,2024-09-06T16:00:00+00:00,4.007e-05,2289.45653788
2024-09-07 00:00:00+00:00,1725667200000,2024-09-07T00:00:00+00:00,2.41e-06,2223.99711364
2024-09-07 08:00:00+00:00,1725696000000,2024-09-07T08:00:00+00:00,-5.37e-06,2287.29786364
2024-09-07 16:00:00+00:00,1725724800000,2024-09-07T16:00:00+00:00,2.652e-05,2299.3
2024-09-08 00:00:00+00:00,1725753600000,2024-09-08T00:00:00+00:00,5.363e-05,2272.63397727
2024-09-08 08:00:00+00:00,1725782400000,2024-09-08T08:00:00+00:00,3.089e-05,2293.69532576
2024-09-08 16:00:00+00:00,1725811200000,2024-09-08T16:00:00+00:00,1.827e-05,2244.47
2024-09-09 00:00:00+00:00,1725840000000,2024-09-09T00:00:00+00:00,7.67e-06,2296.27520455
2024-09-09 08:00:00+00:00,1725868800000,2024-09-09T08:00:00+00:00,3.085e-05,2313.49376515
2024-09-09 16:00:00.001000+00:00,1725897600001,2024-09-09T16:00:00.001000+00:00,-1.156e-05,2291.5
2024-09-10 00:00:00+00:00,1725926400000,2024-09-10T00:00:00+00:00,1.082e-05,2358.25805303
2024-09-10 08:00:00+00:00,1725955200000,2024-09-10T08:00:00+00:00,-3.453e-05,2362.34147727
2024-09-10 16:00:00+00:00,1725984000000,2024-09-10T16:00:00+00:00,2.28e-06,2323.63
2024-09-11 00:00:00+00:00,1726012800000,2024-09-11T00:00:00+00:00,2.484e-05,2387.63
2024-09-11 08:00:00+00:00,1726041600000,2024-09-11T08:00:00+00:00,1.804e-05,2340.48028997
2024-09-11 16:00:00+00:00,1726070400000,2024-09-11T16:00:00+00:00,-1.796e-05,2325.06475
2024-09-12 00:00:00+00:00,1726099200000,2024-09-12T00:00:00+00:00,2.592e-05,2339.50906818
2024-09-12 08:00:00+00:00,1726128000000,2024-09-12T08:00:00+00:00,2.496e-05,2358.51614394
2024-09-12 16:00:00+00:00,1726156800000,2024-09-12T16:00:00+00:00,1.134e-05,2321.92672727
2024-09-13 00:00:00+00:00,1726185600000,2024-09-13T00:00:00+00:00,4.291e-05,2360.79
2024-09-13 08:00:00.001000+00:00,1726214400001,2024-09-13T08:00:00.001000+00:00,5.003e-05,2347.64
2024-09-13 16:00:00.001000+00:00,1726243200001,2024-09-13T16:00:00.001000+00:00,5.073e-05,2406.8
2024-09-14 00:00:00+00:00,1726272000000,2024-09-14T00:00:00+00:00,8.45e-06,2438.15
2024-09-14 08:00:00+00:00,1726300800000,2024-09-14T08:00:00+00:00,-4.15e-06,2419.30369906
2024-09-14 16:00:00.001000+00:00,1726329600001,2024-09-14T16:00:00.001000+00:00,1.35e-06,2417.36
2024-09-15 00:00:00+00:00,1726358400000,2024-09-15T00:00:00+00:00,-2.67e-06,2416.65
2024-09-15 08:00:00+00:00,1726387200000,2024-09-15T08:00:00+00:00,1.355e-05,2421.6
2024-09-15 16:00:00+00:00,1726416000000,2024-09-15T16:00:00+00:00,2.131e-05,2407.59
2024-09-16 00:00:00+00:00,1726444800000,2024-09-16T00:00:00+00:00,3.228e-05,2314.86
2024-09-16 08:00:00.001000+00:00,1726473600001,2024-09-16T08:00:00.001000+00:00,-6.942e-05,2309.36154545
2024-09-16 16:00:00+00:00,1726502400000,2024-09-16T16:00:00+00:00,-1.149e-05,2286.71
2024-09-17 00:00:00.001000+00:00,1726531200001,2024-09-17T00:00:00.001000+00:00,7.742e-05,2294.73073485
2024-09-17 08:00:00+00:00,1726560000000,2024-09-17T08:00:00+00:00,2.423e-05,2308.10396212
2024-09-17 16:00:00+00:00,1726588800000,2024-09-17T16:00:00+00:00,5.73e-05,2382.87
2024-09-18 00:00:00+00:00,1726617600000,2024-09-18T00:00:00+00:00,4.792e-05,2340.61881061
2024-09-18 08:00:00+00:00,1726646400000,2024-09-18T08:00:00+00:00,3.074e-05,2328.79163793
2024-09-18 16:00:00.004000+00:00,1726675200004,2024-09-18T16:00:00.004000+00:00,2.329e-05,2295.11064394
2024-09-19 00:00:00+00:00,1726704000000,2024-09-19T00:00:00+00:00,7.727e-05,2373.72314394
2024-09-19 08:00:00+00:00,1726732800000,2024-09-19T08:00:00+00:00,8.266e-05,2436.37435737
2024-09-19 16:00:00.001000+00:00,1726761600001,2024-09-19T16:00:00.001000+00:00,2.391e-05,2439.05709091
2024-09-20 00:00:00+00:00,1726790400000,2024-09-20T00:00:00+00:00,0.0001,2464.55
2024-09-20 08:00:00.001000+00:00,1726819200001,2024-09-20T08:00:00.001000+00:00,9.734e-05,2559.65922727
2024-09-20 16:00:00+00:00,1726848000000,2024-09-20T16:00:00+00:00,0.0001,2559.17
2024-09-21 00:00:00.001000+00:00,1726876800001,2024-09-21T00:00:00.001000+00:00,6.668e-05,2560.22775
2024-09-21 08:00:00+00:00,1726905600000,2024-09-21T08:00:00+00:00,6.665e-05,2554.64264394
2024-09-21 16:00:00+00:00,1726934400000,2024-09-21T16:00:00+00:00,4.536e-05,2558.55585606
2024-09-22 00:00:00+00:00,1726963200000,2024-09-22T00:00:00+00:00,4.896e-05,2611.63898119
2024-09-22 08:00:00+00:00,1726992000000,2024-09-22T08:00:00+00:00,5.198e-05,2586.73
2024-09-22 16:00:00+00:00,1727020800000,2024-09-22T16:00:00+00:00,0.0001,2569.75564394
2024-09-23 00:00:00+00:00,1727049600000,2024-09-23T00:00:00+00:00,2.548e-05,2580.14776515
2024-09-23 08:00:00+00:00,1727078400000,2024-09-23T08:00:00+00:00,6.821e-05,2645.28
2024-09-23 16:00:00+00:00,1727107200000,2024-09-23T16:00:00+00:00,6.476e-05,2674.07
2024-09-24 00:00:00+00:00,1727136000000,2024-09-24T00:00:00+00:00,3.85e-05,2645.99311364
2024-09-24 08:00:00+00:00,1727164800000,2024-09-24T08:00:00+00:00,4.791e-05,2645.98
2024-09-24 16:00:00.001000+00:00,1727193600001,2024-09-24T16:00:00.001000+00:00,4.739e-05,2611.67
2024-09-25 00:00:00+00:00,1727222400000,2024-09-25T00:00:00+00:00,2.445e-05,2652.0
2024-09-25 08:00:00.003000+00:00,1727251200003,2024-09-25T08:00:00.003000+00:00,5.722e-05,2620.58424242
2024-09-25 16:00:00+00:00,1727280000000,2024-09-25T16:00:00+00:00,3.538e-05,2599.91
2024-09-26 00:00:00.005000+00:00,1727308800005,2024-09-26T00:00:00.005000+00:00,7.493e-05,2578.81250758
2024-09-26 08:00:00+00:00,1727337600000,2024-09-26T08:00:00+00:00,8.119e-05,2628.89389498
2024-09-26 16:00:00+00:00,1727366400000,2024-09-26T16:00:00+00:00,0.0001,2651.09612879
2024-09-27 00:00:00+00:00,1727395200000,2024-09-27T00:00:00+00:00,9.625e-05,2631.15838636
2024-09-27 08:00:00+00:00,1727424000000,2024-09-27T08:00:00+00:00,7.694e-05,2656.06
2024-09-27 16:00:00+00:00,1727452800000,2024-09-27T16:00:00+00:00,6.276e-05,2682.35957576
2024-09-28 00:00:00+00:00,1727481600000,2024-09-28T00:00:00+00:00,0.0001,2693.53
2024-09-28 08:00:00.001000+00:00,1727510400001,2024-09-28T08:00:00.001000+00:00,6.231e-05,2676.99
2024-09-28 16:00:00+00:00,1727539200000,2024-09-28T16:00:00+00:00,7.162e-05,2668.81135088
2024-09-29 00:00:00.001000+00:00,1727568000001,2024-09-29T00:00:00.001000+00:00,3.315e-05,2673.89
2024-09-29 08:00:00+00:00,1727596800000,2024-09-29T08:00:00+00:00,6.785e-05,2639.59
2024-09-29 16:00:00+00:00,1727625600000,2024-09-29T16:00:00+00:00,8.854e-05,2664.95
2024-09-30 00:00:00+00:00,1727654400000,2024-09-30T00:00:00+00:00,6.161e-05,2656.53223485
2024-09-30 08:00:00.001000+00:00,1727683200001,2024-09-30T08:00:00.001000+00:00,8.62e-05,2636.7
2024-09-30 16:00:00+00:00,1727712000000,2024-09-30T16:00:00+00:00,0.0001,2595.04
2024-10-01 00:00:00+00:00,1727740800000,2024-10-01T00:00:00+00:00,0.0001,2601.50855303
2024-10-01 08:00:00+00:00,1727769600000,2024-10-01T08:00:00+00:00,0.0001,2644.79
2024-10-01 16:00:00.001000+00:00,1727798400001,2024-10-01T16:00:00.001000+00:00,8.397e-05,2524.43405303
2024-10-02 00:00:00+00:00,1727827200000,2024-10-02T00:00:00+00:00,0.0001,2447.37462121
2024-10-02 08:00:00+00:00,1727856000000,2024-10-02T08:00:00+00:00,6.859e-05,2480.93055303
2024-10-02 16:00:00+00:00,1727884800000,2024-10-02T16:00:00+00:00,0.0001,2459.84993182
2024-10-03 00:00:00+00:00,1727913600000,2024-10-03T00:00:00+00:00,2.418e-05,2363.05760606
2024-10-03 08:00:00+00:00,1727942400000,2024-10-03T08:00:00+00:00,4.124e-05,2363.74407576
2024-10-03 16:00:00+00:00,1727971200000,2024-10-03T16:00:00+00:00,4.621e-05,2339.54
2024-10-04 00:00:00+00:00,1728000000000,2024-10-04T00:00:00+00:00,5.138e-05,2348.74142424
2024-10-04 08:00:00+00:00,1728028800000,2024-10-04T08:00:00+00:00,3.739e-05,2380.55
2024-10-04 16:00:00.001000+00:00,1728057600001,2024-10-04T16:00:00.001000+00:00,3.9e-05,2415.86506061
2024-10-05 00:00:00+00:00,1728086400000,2024-10-05T00:00:00+00:00,0.0001,2413.38
2024-10-05 08:00:00+00:00,1728115200000,2024-10-05T08:00:00+00:00,7.909e-05,2414.26390909
2024-10-05 16:00:00+00:00,1728144000000,2024-10-05T16:00:00+00:00,5.458e-05,2414.17883333
2024-10-06 00:00:00+00:00,1728172800000,2024-10-06T00:00:00+00:00,9.056e-05,2413.61399687
2024-10-06 08:00:00.001000+00:00,1728201600001,2024-10-06T08:00:00.001000+00:00,5.234e-05,2416.25
2024-10-06 16:00:00+00:00,1728230400000,2024-10-06T16:00:00+00:00,3.309e-05,2445.67
2024-10-07 00:00:00+00:00,1728259200000,2024-10-07T00:00:00+00:00,3.36e-05,2439.00112121
2024-10-07 08:00:00+00:00,1728288000000,2024-10-07T08:00:00+00:00,9.258e-05,2479.56
2024-10-07 16:00:00.001000+00:00,1728316800001,2024-10-07T16:00:00.001000+00:00,2.612e-05,2473.23508333
2024-10-08 00:00:00+00:00,1728345600000,2024-10-08T00:00:00+00:00,6.592e-05,2421.75
2024-10-08 08:00:00+00:00,1728374400000,2024-10-08T08:00:00+00:00,0.0001,2427.54
2024-10-08 16:00:00+00:00,1728403200000,2024-10-08T16:00:00+00:00,8.377e-05,2418.43456061
2024-10-09 00:00:00+00:00,1728432000000,2024-10-09T00:00:00+00:00,0.0001,2439.9455303
2024-10-09 08:00:00+00:00,1728460800000,2024-10-09T08:00:00+00:00,3.64e-05,2434.91602273
2024-10-09 16:00:00+00:00,1728489600000,2024-10-09T16:00:00+00:00,0.0001,2460.34
2024-10-10 00:00:00+00:00,1728518400000,2024-10-10T00:00:00+00:00,6.663e-05,2369.63528997
2024-10-10 08:00:00+00:00,1728547200000,2024-10-10T08:00:00+00:00,0.0001,2394.70969697
2024-10-10 16:00:00+00:00,1728576000000,2024-10-10T16:00:00+00:00,0.0001,2403.95
2024-10-11 00:00:00+00:00,1728604800000,2024-10-11T00:00:00+00:00,0.0001,2385.24
2024-10-11 08:00:00+00:00,1728633600000,2024-10-11T08:00:00+00:00,9.474e-05,2406.74475758
2024-10-11 16:00:00.001000+00:00,1728662400001,2024-10-11T16:00:00.001000+00:00,5.977e-05,2443.01857576
2024-10-12 00:00:00+00:00,1728691200000,2024-10-12T00:00:00+00:00,4.445e-05,2438.46
2024-10-12 08:00:00.001000+00:00,1728720000001,2024-10-12T08:00:00.001000+00:00,0.0001,2445.52084091
2024-10-12 16:00:00+00:00,1728748800000,2024-10-12T16:00:00+00:00,7.35e-05,2471.79351515
2024-10-13 00:00:00+00:00,1728777600000,2024-10-13T00:00:00+00:00,7.928e-05,2475.09
2024-10-13 08:00:00+00:00,1728806400000,2024-10-13T08:00:00+00:00,3.958e-05,2463.98
2024-10-13 16:00:00+00:00,1728835200000,2024-10-13T16:00:00+00:00,1.763e-05,2439.30859848
2024-10-14 00:00:00+00:00,1728864000000,2024-10-14T00:00:00+00:00,6.559e-05,2467.88007576
2024-10-14 08:00:00+00:00,1728892800000,2024-10-14T08:00:00+00:00,0.0001,2534.75
2024-10-14 16:00:00+00:00,1728921600000,2024-10-14T16:00:00+00:00,0.0001,2634.95
2024-10-15 00:00:00+00:00,1728950400000,2024-10-15T00:00:00+00:00,0.0001,2629.02475
2024-10-15 08:00:00+00:00,1728979200000,2024-10-15T08:00:00+00:00,0.0001,2615.2
2024-10-15 16:00:00+00:00,1729008000000,2024-10-15T16:00:00+00:00,0.0001,2572.58
2024-10-16 00:00:00+00:00,1729036800000,2024-10-16T00:00:00+00:00,0.0001,2606.85259091
2024-10-16 08:00:00.001000+00:00,1729065600001,2024-10-16T08:00:00.001000+00:00,0.0001,2606.13990596
2024-10-16 16:00:00+00:00,1729094400000,2024-10-16T16:00:00+00:00,0.0001,2606.71
2024-10-17 00:00:00+00:00,1729123200000,2024-10-17T00:00:00+00:00,0.0001,2610.39
2024-10-17 08:00:00+00:00,1729152000000,2024-10-17T08:00:00+00:00,0.0001,2627.87656061
2024-10-17 16:00:00.001000+00:00,1729180800001,2024-10-17T16:00:00.001000+00:00,0.0001,2630.41
2024-10-18 00:00:00.010000+00:00,1729209600010,2024-10-18T00:00:00.010000+00:00,0.0001,2605.01
2024-10-18 08:00:00.001000+00:00,1729238400001,2024-10-18T08:00:00.001000+00:00,0.0001,2643.73988245
2024-10-18 16:00:00+00:00,1729267200000,2024-10-18T16:00:00+00:00,0.0001,2652.12
2024-10-19 00:00:00+00:00,1729296000000,2024-10-19T00:00:00+00:00,0.0001,2641.11
2024-10-19 08:00:00+00:00,1729324800000,2024-10-19T08:00:00+00:00,0.0001,2640.05533575
2024-10-19 16:00:00+00:00,1729353600000,2024-10-19T16:00:00+00:00,0.0001,2644.9637931
2024-10-20 00:00:00+00:00,1729382400000,2024-10-20T00:00:00+00:00,0.0001,2647.45
2024-10-20 08:00:00+00:00,1729411200000,2024-10-20T08:00:00+00:00,0.0001,2645.39
2024-10-20 16:00:00+00:00,1729440000000,2024-10-20T16:00:00+00:00,0.0001,2705.92874242
2024-10-21 00:00:00+00:00,1729468800000,2024-10-21T00:00:00+00:00,0.0001,2746.99113636
2024-10-21 08:00:00+00:00,1729497600000,2024-10-21T08:00:00+00:00,0.0001,2722.69
2024-10-21 16:00:00+00:00,1729526400000,2024-10-21T16:00:00+00:00,0.0001,2680.2
2024-10-22 00:00:00+00:00,1729555200000,2024-10-22T00:00:00+00:00,0.0001,2666.60318182
2024-10-22 08:00:00+00:00,1729584000000,2024-10-22T08:00:00+00:00,0.0001,2646.60909091
2024-10-22 16:00:00+00:00,1729612800000,2024-10-22T16:00:00+00:00,0.0001,2624.00577273
2024-10-23 00:00:00+00:00,1729641600000,2024-10-23T00:00:00+00:00,0.0001,2621.77483333
2024-10-23 08:00:00+00:00,1729670400000,2024-10-23T08:00:00+00:00,0.0001,2602.15659875
2024-10-23 16:00:00+00:00,1729699200000,2024-10-23T16:00:00+00:00,0.0001,2539.59437879
2024-10-24 00:00:00+00:00,1729728000000,2024-10-24T00:00:00+00:00,0.0001,2523.84
2024-10-24 08:00:00+00:00,1729756800000,2024-10-24T08:00:00+00:00,0.0001,2544.08723354
2024-10-24 16:00:00+00:00,1729785600000,2024-10-24T16:00:00+00:00,0.0001,2525.31296212
2024-10-25 00:00:00+00:00,1729814400000,2024-10-25T00:00:00+00:00,0.0001,2535.40438636
2024-10-25 08:00:00+00:00,1729843200000,2024-10-25T08:00:00+00:00,0.0001,2483.3
2024-10-25 16:00:00+00:00,1729872000000,2024-10-25T16:00:00+00:00,0.0001,2524.56563636
2024-10-26 00:00:00+00:00,1729900800000,2024-10-26T00:00:00+00:00,0.0001,2440.19591693
2024-10-26 08:00:00.001000+00:00,1729929600001,2024-10-26T08:00:00.001000+00:00,0.0001,2464.72
2024-10-26 16:00:00+00:00,1729958400000,2024-10-26T16:00:00+00:00,0.0001,2456.86
2024-10-27 00:00:00+00:00,1729987200000,2024-10-27T00:00:00+00:00,0.0001,2482.04
2024-10-27 08:00:00+00:00,1730016000000,2024-10-27T08:00:00+00:00,0.0001,2480.12572727
2024-10-27 16:00:00+00:00,1730044800000,2024-10-27T16:00:00+00:00,0.0001,2501.09
2024-10-28 00:00:00+00:00,1730073600000,2024-10-28T00:00:00+00:00,0.0001,2507.43
2024-10-28 08:00:00.001000+00:00,1730102400001,2024-10-28T08:00:00.001000+00:00,0.0001,2511.06
2024-10-28 16:00:00+00:00,1730131200000,2024-10-28T16:00:00+00:00,0.0001,2500.3
2024-10-29 00:00:00+00:00,1730160000000,2024-10-29T00:00:00+00:00,0.0001,2566.49
2024-10-29 08:00:00+00:00,1730188800000,2024-10-29T08:00:00+00:00,0.0001,2612.70363636
2024-10-29 16:00:00.004000+00:00,1730217600004,2024-10-29T16:00:00.004000+00:00,0.0001,2648.46282576
2024-10-30 00:00:00+00:00,1730246400000,2024-10-30T00:00:00+00:00,0.0001,2639.28
2024-10-30 08:00:00+00:00,1730275200000,2024-10-30T08:00:00+00:00,0.0001,2669.43
2024-10-30 16:00:00.013000+00:00,1730304000013,2024-10-30T16:00:00.013000+00:00,0.0001,2683.58
2024-10-31 00:00:00+00:00,1730332800000,2024-10-31T00:00:00+00:00,0.0001,2659.36
2024-10-31 08:00:00+00:00,1730361600000,2024-10-31T08:00:00+00:00,0.0001,2647.04
2024-10-31 16:00:00+00:00,1730390400000,2024-10-31T16:00:00+00:00,0.0001,2562.98285266
2024-11-01 00:00:00+00:00,1730419200000,2024-11-01T00:00:00+00:00,0.0001,2518.59175758
2024-11-01 08:00:00+00:00,1730448000000,2024-11-01T08:00:00+00:00,0.0001,2504.22762879
2024-11-01 16:00:00+00:00,1730476800000,2024-11-01T16:00:00+00:00,0.0001,2500.03
2024-11-02 00:00:00+00:00,1730505600000,2024-11-02T00:00:00+00:00,0.0001,2511.6423433
2024-11-02 08:00:00+00:00,1730534400000,2024-11-02T08:00:00+00:00,0.0001,2507.47772727
2024-11-02 16:00:00+00:00,1730563200000,2024-11-02T16:00:00+00:00,0.0001,2488.35234848
2024-11-03 00:00:00+00:00,1730592000000,2024-11-03T00:00:00+00:00,0.0001,2493.71793182
2024-11-03 08:00:00+00:00,1730620800000,2024-11-03T08:00:00+00:00,0.0001,2449.71112281
2024-11-03 16:00:00+00:00,1730649600000,2024-11-03T16:00:00+00:00,0.0001,2442.84556818
2024-11-04 00:00:00+00:00,1730678400000,2024-11-04T00:00:00+00:00,0.0001,2457.33609848
2024-11-04 08:00:00+00:00,1730707200000,2024-11-04T08:00:00+00:00,0.0001,2458.97773171
2024-11-04 16:00:00+00:00,1730736000000,2024-11-04T16:00:00+00:00,0.0001,2442.03068939
2024-11-05 00:00:00+00:00,1730764800000,2024-11-05T00:00:00+00:00,0.0001,2397.69198485
2024-11-05 08:00:00.003000+00:00,1730793600003,2024-11-05T08:00:00.003000+00:00,0.0001,2442.41237879
2024-11-05 16:00:00.001000+00:00,1730822400001,2024-11-05T16:00:00.001000+00:00,0.0001,2439.95318182
2024-11-06 00:00:00+00:00,1730851200000,2024-11-06T00:00:00+00:00,9.511e-05,2421.41
2024-11-06 08:00:00+00:00,1730880000000,2024-11-06T08:00:00+00:00,0.0001,2594.62043182
2024-11-06 16:00:00+00:00,1730908800000,2024-11-06T16:00:00+00:00,0.0001,2634.31947727
2024-11-07 00:00:00+00:00,1730937600000,2024-11-07T00:00:00+00:00,0.0001,2722.59809848
2024-11-07 08:00:00+00:00,1730966400000,2024-11-07T08:00:00+00:00,0.00014885,2821.55919697
2024-11-07 16:00:00+00:00,1730995200000,2024-11-07T16:00:00+00:00,0.0001,2848.17
2024-11-08 00:00:00+00:00,1731024000000,2024-11-08T00:00:00+00:00,0.0001,2895.32496212
2024-11-08 08:00:00+00:00,1731052800000,2024-11-08T08:00:00+00:00,0.0001,2912.93
2024-11-08 16:00:00+00:00,1731081600000,2024-11-08T16:00:00+00:00,0.0001,2937.37760188
2024-11-09 00:00:00+00:00,1731110400000,2024-11-09T00:00:00+00:00,0.0001,2961.99611364
2024-11-09 08:00:00+00:00,1731139200000,2024-11-09T08:00:00+00:00,0.0001,3030.61
2024-11-09 16:00:00+00:00,1731168000000,2024-11-09T16:00:00+00:00,0.0001,3041.29
2024-11-10 00:00:00+00:00,1731196800000,2024-11-10T00:00:00+00:00,0.0001,3127.02
2024-11-10 08:00:00+00:00,1731225600000,2024-11-10T08:00:00+00:00,0.0001,3186.94784848
2024-11-10 16:00:00+00:00,1731254400000,2024-11-10T16:00:00+00:00,0.00026708,3212.08415152
2024-11-11 00:00:00.001000+00:00,1731283200001,2024-11-11T00:00:00.001000+00:00,0.00028976,3185.19
2024-11-11 08:00:00+00:00,1731312000000,2024-11-11T08:00:00+00:00,0.0001881,3141.41
2024-11-11 16:00:00+00:00,1731340800000,2024-11-11T16:00:00+00:00,0.00017298,3239.51057576
2024-11-12 00:00:00.002000+00:00,1731369600002,2024-11-12T00:00:00.002000+00:00,0.00017687,3375.01
2024-11-12 08:00:00+00:00,1731398400000,2024-11-12T08:00:00+00:00,0.0005762,3371.20585606
2024-11-12 16:00:00+00:00,1731427200000,2024-11-12T16:00:00+00:00,0.00046001,3263.00402038
2024-11-13 00:00:00+00:00,1731456000000,2024-11-13T00:00:00+00:00,0.00013607,3245.38177273
2024-11-13 08:00:00.010000+00:00,1731484800010,2024-11-13T08:00:00.010000+00:00,0.00033556,3162.23196384
2024-11-13 16:00:00+00:00,1731513600000,2024-11-13T16:00:00+00:00,0.00012894,3312.07
2024-11-14 00:00:00.001000+00:00,1731542400001,2024-11-14T00:00:00.001000+00:00,0.0001058,3188.9
2024-11-14 08:00:00+00:00,1731571200000,2024-11-14T08:00:00+00:00,0.0001,3219.52860163
2024-11-14 16:00:00+00:00,1731600000000,2024-11-14T16:00:00+00:00,0.0001,3079.25
2024-11-15 00:00:00+00:00,1731628800000,2024-11-15T00:00:00+00:00,0.00013133,3061.03
2024-11-15 08:00:00+00:00,1731657600000,2024-11-15T08:00:00+00:00,0.00013108,3041.09
2024-11-15 16:00:00+00:00,1731686400000,2024-11-15T16:00:00+00:00,0.0001,3025.0
2024-11-16 00:00:00.001000+00:00,1731715200001,2024-11-16T00:00:00.001000+00:00,0.00018215,3091.75
2024-11-16 08:00:00.001000+00:00,1731744000001,2024-11-16T08:00:00.001000+00:00,0.0001,3108.59
2024-11-16 16:00:00+00:00,1731772800000,2024-11-16T16:00:00+00:00,0.00011351,3143.18
2024-11-17 00:00:00+00:00,1731801600000,2024-11-17T00:00:00+00:00,0.0001,3134.03664634
2024-11-17 08:00:00+00:00,1731830400000,2024-11-17T08:00:00+00:00,0.0001,3138.7166748
2024-11-17 16:00:00.001000+00:00,1731859200001,2024-11-17T16:00:00.001000+00:00,0.00019685,3088.26
2024-11-18 00:00:00+00:00,1731888000000,2024-11-18T00:00:00+00:00,0.00019865,3077.96172358
2024-11-18 08:00:00+00:00,1731916800000,2024-11-18T08:00:00+00:00,0.00031651,3133.17667368
2024-11-18 16:00:00+00:00,1731945600000,2024-11-18T16:00:00+00:00,0.00019762,3146.4
2024-11-19 00:00:00+00:00,1731974400000,2024-11-19T00:00:00+00:00,0.00040458,3210.48
2024-11-19 08:00:00+00:00,1732003200000,2024-11-19T08:00:00+00:00,0.00021234,3120.42
2024-11-19 16:00:00+00:00,1732032000000,2024-11-19T16:00:00+00:00,0.00015353,3106.47
2024-11-20 00:00:00.003000+00:00,1732060800003,2024-11-20T00:00:00.003000+00:00,0.00017369,3109.0372439
2024-11-20 08:00:00+00:00,1732089600000,2024-11-20T08:00:00+00:00,0.00019505,3111.12
2024-11-20 16:00:00+00:00,1732118400000,2024-11-20T16:00:00+00:00,0.00013619,3131.98
2024-11-21 00:00:00.001000+00:00,1732147200001,2024-11-21T00:00:00.001000+00:00,0.0001,3070.99
2024-11-21 08:00:00+00:00,1732176000000,2024-11-21T08:00:00+00:00,0.0001,3139.03
2024-11-21 16:00:00.001000+00:00,1732204800001,2024-11-21T16:00:00.001000+00:00,0.00020146,3278.67979394
2024-11-22 00:00:00+00:00,1732233600000,2024-11-22T00:00:00+00:00,0.0003418,3358.68
2024-11-22 08:00:00+00:00,1732262400000,2024-11-22T08:00:00+00:00,0.00029201,3365.52929545
2024-11-22 16:00:00.001000+00:00,1732291200001,2024-11-22T16:00:00.001000+00:00,0.00022123,3316.36
2024-11-23 00:00:00+00:00,1732320000000,2024-11-23T00:00:00+00:00,0.00015103,3329.61233333
2024-11-23 08:00:00+00:00,1732348800000,2024-11-23T08:00:00+00:00,0.00032558,3343.76475
2024-11-23 16:00:00+00:00,1732377600000,2024-11-23T16:00:00+00:00,0.00037006,3463.05068182
2024-11-24 00:00:00.001000+00:00,1732406400001,2024-11-24T00:00:00.001000+00:00,0.00027011,3396.10584091
2024-11-24 08:00:00+00:00,1732435200000,2024-11-24T08:00:00+00:00,0.00023721,3424.98
2024-11-24 16:00:00+00:00,1732464000000,2024-11-24T16:00:00+00:00,0.00027264,3296.86402821
2024-11-25 00:00:00+00:00,1732492800000,2024-11-25T00:00:00+00:00,0.00017259,3362.97
2024-11-25 08:00:00+00:00,1732521600000,2024-11-25T08:00:00+00:00,0.00023935,3401.66
2024-11-25 16:00:00+00:00,1732550400000,2024-11-25T16:00:00+00:00,0.00031797,3521.34
2024-11-26 00:00:00+00:00,1732579200000,2024-11-26T00:00:00+00:00,0.0002448,3416.46168939
2024-11-26 08:00:00+00:00,1732608000000,2024-11-26T08:00:00+00:00,0.0001227,3396.99
2024-11-26 16:00:00+00:00,1732636800000,2024-11-26T16:00:00+00:00,0.0001819,3298.08
2024-11-27 00:00:00+00:00,1732665600000,2024-11-27T00:00:00+00:00,0.00021068,3327.17
2024-11-27 08:00:00+00:00,1732694400000,2024-11-27T08:00:00+00:00,0.00020895,3426.06
2024-11-27 16:00:00.001000+00:00,1732723200001,2024-11-27T16:00:00.001000+00:00,0.00015706,3554.42
2024-11-28 00:00:00+00:00,1732752000000,2024-11-28T00:00:00+00:00,0.00015948,3655.59450758
2024-11-28 08:00:00+00:00,1732780800000,2024-11-28T08:00:00+00:00,0.0001647,3594.47405303
2024-11-28 16:00:00+00:00,1732809600000,2024-11-28T16:00:00+00:00,0.0001,3542.64016667
2024-11-29 00:00:00+00:00,1732838400000,2024-11-29T00:00:00+00:00,0.0001,3581.44333072
2024-11-29 08:00:00+00:00,1732867200000,2024-11-29T08:00:00+00:00,0.00015354,3547.16385606
2024-11-29 16:00:00+00:00,1732896000000,2024-11-29T16:00:00+00:00,0.0001,3615.2
2024-11-30 00:00:00+00:00,1732924800000,2024-11-30T00:00:00+00:00,0.00017097,3594.51
2024-11-30 08:00:00+00:00,1732953600000,2024-11-30T08:00:00+00:00,0.0002474,3705.28774242
2024-11-30 16:00:00+00:00,1732982400000,2024-11-30T16:00:00+00:00,0.00012425,3676.6
2024-12-01 00:00:00+00:00,1733011200000,2024-12-01T00:00:00+00:00,0.00011863,3705.41968182
2024-12-01 08:00:00+00:00,1733040000000,2024-12-01T08:00:00+00:00,0.00013737,3704.67849242
2024-12-01 16:00:00+00:00,1733068800000,2024-12-01T16:00:00+00:00,0.00015064,3730.99
2024-12-02 00:00:00.001000+00:00,1733097600001,2024-12-02T00:00:00.001000+00:00,0.00036131,3711.24
2024-12-02 08:00:00.001000+00:00,1733126400001,2024-12-02T08:00:00.001000+00:00,0.0002931,3669.22102273
2024-12-02 16:00:00+00:00,1733155200000,2024-12-02T16:00:00+00:00,0.00028383,3674.54
2024-12-03 00:00:00+00:00,1733184000000,2024-12-03T00:00:00+00:00,0.00026464,3646.27
2024-12-03 08:00:00+00:00,1733212800000,2024-12-03T08:00:00+00:00,0.00034689,3619.6
2024-12-03 16:00:00+00:00,1733241600000,2024-12-03T16:00:00+00:00,0.00014297,3573.61879545
2024-12-04 00:00:00+00:00,1733270400000,2024-12-04T00:00:00+00:00,0.00018732,3616.78947727
2024-12-04 08:00:00+00:00,1733299200000,2024-12-04T08:00:00+00:00,0.00015899,3717.78
2024-12-04 16:00:00+00:00,1733328000000,2024-12-04T16:00:00+00:00,0.00019842,3824.29992424
2024-12-05 00:00:00.001000+00:00,1733356800001,2024-12-05T00:00:00.001000+00:00,0.00023652,3841.13
2024-12-05 08:00:00+00:00,1733385600000,2024-12-05T08:00:00+00:00,0.00049482,3852.64968182
2024-12-05 16:00:00+00:00,1733414400000,2024-12-05T16:00:00+00:00,0.00031177,3890.4
2024-12-06 00:00:00+00:00,1733443200000,2024-12-06T00:00:00+00:00,0.00014294,3787.3
2024-12-06 08:00:00+00:00,1733472000000,2024-12-06T08:00:00+00:00,0.0002554,3896.68563636
2024-12-06 16:00:00+00:00,1733500800000,2024-12-06T16:00:00+00:00,0.0002635,3996.27962121
2024-12-07 00:00:00+00:00,1733529600000,2024-12-07T00:00:00+00:00,0.0003059,4001.74286364
2024-12-07 08:00:00+00:00,1733558400000,2024-12-07T08:00:00+00:00,0.00024299,3989.09
2024-12-07 16:00:00+00:00,1733587200000,2024-12-07T16:00:00+00:00,0.00023099,4007.67
2024-12-08 00:00:00+00:00,1733616000000,2024-12-08T00:00:00+00:00,0.00020864,3999.36495455
2024-12-08 08:00:00+00:00,1733644800000,2024-12-08T08:00:00+00:00,0.00023941,3983.18
2024-12-08 16:00:00+00:00,1733673600000,2024-12-08T16:00:00+00:00,0.00018574,3993.64846212
2024-12-09 00:00:00+00:00,1733702400000,2024-12-09T00:00:00+00:00,0.00020272,4006.47402273
2024-12-09 08:00:00+00:00,1733731200000,2024-12-09T08:00:00+00:00,0.0001,3919.89340152
2024-12-09 16:00:00.001000+00:00,1733760000001,2024-12-09T16:00:00.001000+00:00,0.00013421,3826.04
2024-12-10 00:00:00.007000+00:00,1733788800007,2024-12-10T00:00:00.007000+00:00,0.0001,3714.03181818
2024-12-10 08:00:00+00:00,1733817600000,2024-12-10T08:00:00+00:00,0.0001,3734.51
2024-12-10 16:00:00+00:00,1733846400000,2024-12-10T16:00:00+00:00,0.0001,3566.68454545
2024-12-11 00:00:00+00:00,1733875200000,2024-12-11T00:00:00+00:00,0.0001,3628.34049242
2024-12-11 08:00:00+00:00,1733904000000,2024-12-11T08:00:00+00:00,0.0001,3652.17
2024-12-11 16:00:00.001000+00:00,1733932800001,2024-12-11T16:00:00.001000+00:00,0.0001,3786.25952273
2024-12-12 00:00:00.001000+00:00,1733961600001,2024-12-12T00:00:00.001000+00:00,0.0001,3830.46375
2024-12-12 08:00:00+00:00,1733990400000,2024-12-12T08:00:00+00:00,0.0001,3904.09295455
2024-12-12 16:00:00.001000+00:00,1734019200001,2024-12-12T16:00:00.001000+00:00,0.0001,3956.9
2024-12-13 00:00:00+00:00,1734048000000,2024-12-13T00:00:00+00:00,0.0001,3880.57898485
2024-12-13 08:00:00+00:00,1734076800000,2024-12-13T08:00:00+00:00,0.0001,3884.14
2024-12-13 16:00:00.001000+00:00,1734105600001,2024-12-13T16:00:00.001000+00:00,0.0001,3885.2
2024-12-14 00:00:00+00:00,1734134400000,2024-12-14T00:00:00+00:00,0.0001,3905.59
2024-12-14 08:00:00+00:00,1734163200000,2024-12-14T08:00:00+00:00,0.0001,3920.31
2024-12-14 16:00:00+00:00,1734192000000,2024-12-14T16:00:00+00:00,0.0001,3887.45480303
2024-12-15 00:00:00+00:00,1734220800000,2024-12-15T00:00:00+00:00,0.0001,3868.89247687
2024-12-15 08:00:00+00:00,1734249600000,2024-12-15T08:00:00+00:00,0.0001,3843.45
2024-12-15 16:00:00+00:00,1734278400000,2024-12-15T16:00:00+00:00,9.404e-05,3893.85392424
2024-12-16 00:00:00+00:00,1734307200000,2024-12-16T00:00:00+00:00,8.662e-05,3958.27
2024-12-16 08:00:00.001000+00:00,1734336000001,2024-12-16T08:00:00.001000+00:00,0.0001,3973.40130303
2024-12-16 16:00:00+00:00,1734364800000,2024-12-16T16:00:00+00:00,0.0001,3940.78566667
2024-12-17 00:00:00+00:00,1734393600000,2024-12-17T00:00:00+00:00,0.0001,3984.95412879
2024-12-17 08:00:00+00:00,1734422400000,2024-12-17T08:00:00+00:00,0.0001,3993.12712879
2024-12-17 16:00:00+00:00,1734451200000,2024-12-17T16:00:00+00:00,0.0001,3937.66
2024-12-18 00:00:00+00:00,1734480000000,2024-12-18T00:00:00+00:00,8.046e-05,3891.04875
2024-12-18 08:00:00+00:00,1734508800000,2024-12-18T08:00:00+00:00,0.0001,3845.84731061
2024-12-18 16:00:00+00:00,1734537600000,2024-12-18T16:00:00+00:00,0.0001,3867.00562121
2024-12-19 00:00:00+00:00,1734566400000,2024-12-19T00:00:00+00:00,6.104e-05,3625.66968939
2024-12-19 08:00:00+00:00,1734595200000,2024-12-19T08:00:00+00:00,7.438e-05,3691.68740909
2024-12-19 16:00:00+00:00,1734624000000,2024-12-19T16:00:00+00:00,7.373e-05,3614.08556061
2024-12-20 00:00:00+00:00,1734652800000,2024-12-20T00:00:00+00:00,0.0001,3416.7
2024-12-20 08:00:00.001000+00:00,1734681600001,2024-12-20T08:00:00.001000+00:00,0.0001,3390.32762121
2024-12-20 16:00:00.014000+00:00,1734710400014,2024-12-20T16:00:00.014000+00:00,0.0001,3373.10965909
2024-12-21 00:00:00+00:00,1734739200000,2024-12-21T00:00:00+00:00,6.352e-05,3470.94545455
2024-12-21 08:00:00+00:00,1734768000000,2024-12-21T08:00:00+00:00,0.0001,3521.66
2024-12-21 16:00:00.001000+00:00,1734796800001,2024-12-21T16:00:00.001000+00:00,0.0001,3389.12
2024-12-22 00:00:00+00:00,1734825600000,2024-12-22T00:00:00+00:00,0.0001,3337.53
2024-12-22 08:00:00+00:00,1734854400000,2024-12-22T08:00:00+00:00,0.0001,3331.32
2024-12-22 16:00:00+00:00,1734883200000,2024-12-22T16:00:00+00:00,5.37e-05,3300.95
2024-12-23 00:00:00+00:00,1734912000000,2024-12-23T00:00:00+00:00,5.686e-05,3280.74
2024-12-23 08:00:00+00:00,1734940800000,2024-12-23T08:00:00+00:00,5.398e-05,3303.43
2024-12-23 16:00:00.001000+00:00,1734969600001,2024-12-23T16:00:00.001000+00:00,8.674e-05,3276.4
2024-12-24 00:00:00+00:00,1734998400000,2024-12-24T00:00:00+00:00,0.0001,3420.95183333
2024-12-24 08:00:00+00:00,1735027200000,2024-12-24T08:00:00+00:00,8.121e-05,3399.92
2024-12-24 16:00:00.001000+00:00,1735056000001,2024-12-24T16:00:00.001000+00:00,2.757e-05,3491.42672727
2024-12-25 00:00:00.001000+00:00,1735084800001,2024-12-25T00:00:00.001000+00:00,4.454e-05,3491.97
2024-12-25 08:00:00+00:00,1735113600000,2024-12-25T08:00:00+00:00,6.55e-05,3488.08760606
2024-12-25 16:00:00+00:00,1735142400000,2024-12-25T16:00:00+00:00,1.254e-05,3471.58
2024-12-26 00:00:00+00:00,1735171200000,2024-12-26T00:00:00+00:00,0.0001,3495.39
2024-12-26 08:00:00+00:00,1735200000000,2024-12-26T08:00:00+00:00,0.0001,3420.83
2024-12-26 16:00:00+00:00,1735228800000,2024-12-26T16:00:00+00:00,6.305e-05,3342.43617424
2024-12-27 00:00:00+00:00,1735257600000,2024-12-27T00:00:00+00:00,0.0001,3333.53222727
2024-12-27 08:00:00+00:00,1735286400000,2024-12-27T08:00:00+00:00,8.428e-05,3324.55045455
2024-12-27 16:00:00+00:00,1735315200000,2024-12-27T16:00:00+00:00,5.349e-05,3325.0
2024-12-28 00:00:00.001000+00:00,1735344000001,2024-12-28T00:00:00.001000+00:00,0.0001,3332.09
2024-12-28 08:00:00+00:00,1735372800000,2024-12-28T08:00:00+00:00,0.0001,3334.44495574
2024-12-28 16:00:00+00:00,1735401600000,2024-12-28T16:00:00+00:00,9.336e-05,3366.7
2024-12-29 00:00:00+00:00,1735430400000,2024-12-29T00:00:00+00:00,5.941e-05,3402.98461364
2024-12-29 08:00:00+00:00,1735459200000,2024-12-29T08:00:00+00:00,5.146e-05,3405.79325235
2024-12-29 16:00:00+00:00,1735488000000,2024-12-29T16:00:00+00:00,9.485e-05,3372.38333333
2024-12-30 00:00:00+00:00,1735516800000,2024-12-30T00:00:00+00:00,0.0001,3355.47
2024-12-30 08:00:00.001000+00:00,1735545600001,2024-12-30T08:00:00.001000+00:00,0.0001,3426.63934848
2024-12-30 16:00:00+00:00,1735574400000,2024-12-30T16:00:00+00:00,0.0001,3323.48
2024-12-31 00:00:00+00:00,1735603200000,2024-12-31T00:00:00+00:00,0.0001,3360.23223485
2024-12-31 08:00:00+00:00,1735632000000,2024-12-31T08:00:00+00:00,8.514e-05,3352.6
2024-12-31 16:00:00+00:00,1735660800000,2024-12-31T16:00:00+00:00,0.0001,3412.90488636
2025-01-01 00:00:00.015000+00:00,1735689600015,2025-01-01T00:00:00.015000+00:00,0.0001,3336.65582576
2025-01-01 08:00:00+00:00,1735718400000,2025-01-01T08:00:00+00:00,0.0001,3345.84
2025-01-01 16:00:00.001000+00:00,1735747200001,2025-01-01T16:00:00.001000+00:00,0.0001,3352.09496411
2025-01-02 00:00:00+00:00,1735776000000,2025-01-02T00:00:00+00:00,0.0001,3359.36
2025-01-02 08:00:00.006000+00:00,1735804800006,2025-01-02T08:00:00.006000+00:00,0.0001,3419.70487879
2025-01-02 16:00:00+00:00,1735833600000,2025-01-02T16:00:00+00:00,0.0001,3462.76
2025-01-03 00:00:00+00:00,1735862400000,2025-01-03T00:00:00+00:00,0.0001,3455.04366746
2025-01-03 08:00:00+00:00,1735891200000,2025-01-03T08:00:00+00:00,0.0001,3432.56215517
2025-01-03 16:00:00+00:00,1735920000000,2025-01-03T16:00:00+00:00,0.0001,3564.4834697
2025-01-04 00:00:00+00:00,1735948800000,2025-01-04T00:00:00+00:00,0.0001,3607.89
2025-01-04 08:00:00+00:00,1735977600000,2025-01-04T08:00:00+00:00,0.0001,3593.04
2025-01-04 16:00:00+00:00,1736006400000,2025-01-04T16:00:00+00:00,0.0001,3606.81199242
2025-01-05 00:00:00+00:00,1736035200000,2025-01-05T00:00:00+00:00,0.0001,3655.99
2025-01-05 08:00:00+00:00,1736064000000,2025-01-05T08:00:00+00:00,0.0001,3630.37
2025-01-05 16:00:00+00:00,1736092800000,2025-01-05T16:00:00+00:00,0.0001,3628.45
2025-01-06 00:00:00+00:00,1736121600000,2025-01-06T00:00:00+00:00,0.0001,3634.96
2025-01-06 08:00:00.001000+00:00,1736150400001,2025-01-06T08:00:00.001000+00:00,0.0001,3649.43421212
2025-01-06 16:00:00+00:00,1736179200000,2025-01-06T16:00:00+00:00,0.0001,3712.15
2025-01-07 00:00:00+00:00,1736208000000,2025-01-07T00:00:00+00:00,0.0001,3686.16854545
2025-01-07 08:00:00+00:00,1736236800000,2025-01-07T08:00:00+00:00,0.0001,3666.62087719
2025-01-07 16:00:00.008000+00:00,1736265600008,2025-01-07T16:00:00.008000+00:00,0.0001,3462.06815909
2025-01-08 00:00:00.001000+00:00,1736294400001,2025-01-08T00:00:00.001000+00:00,9.658e-05,3379.66537121
2025-01-08 08:00:00+00:00,1736323200000,2025-01-08T08:00:00+00:00,0.0001,3353.51190909
2025-01-08 16:00:00+00:00,1736352000000,2025-01-08T16:00:00+00:00,0.0001,3345.99
2025-01-09 00:00:00+00:00,1736380800000,2025-01-09T00:00:00+00:00,6.609e-05,3325.60962121
2025-01-09 08:00:00+00:00,1736409600000,2025-01-09T08:00:00+00:00,0.0001,3288.17
2025-01-09 16:00:00+00:00,1736438400000,2025-01-09T16:00:00+00:00,0.0001,3318.79
2025-01-10 00:00:00+00:00,1736467200000,2025-01-10T00:00:00+00:00,7.573e-05,3218.24
2025-01-10 08:00:00+00:00,1736496000000,2025-01-10T08:00:00+00:00,6.162e-05,3294.73666928
2025-01-10 16:00:00+00:00,1736524800000,2025-01-10T16:00:00+00:00,0.0001,3243.7
2025-01-11 00:00:00+00:00,1736553600000,2025-01-11T00:00:00+00:00,6.574e-05,3265.64516667
2025-01-11 08:00:00+00:00,1736582400000,2025-01-11T08:00:00+00:00,5.65e-05,3234.79
2025-01-11 16:00:00+00:00,1736611200000,2025-01-11T16:00:00+00:00,0.0001,3270.07
2025-01-12 00:00:00+00:00,1736640000000,2025-01-12T00:00:00+00:00,0.0001,3281.85
2025-01-12 08:00:00+00:00,1736668800000,2025-01-12T08:00:00+00:00,0.0001,3265.74
2025-01-12 16:00:00+00:00,1736697600000,2025-01-12T16:00:00+00:00,8.134e-05,3284.4
2025-01-13 00:00:00+00:00,1736726400000,2025-01-13T00:00:00+00:00,0.0001,3265.7
2025-01-13 08:00:00+00:00,1736755200000,2025-01-13T08:00:00+00:00,9.353e-05,3200.54
2025-01-13 16:00:00+00:00,1736784000000,2025-01-13T16:00:00+00:00,3.392e-05,3048.0626748
2025-01-14 00:00:00+00:00,1736812800000,2025-01-14T00:00:00+00:00,5.423e-05,3136.13
2025-01-14 08:00:00+00:00,1736841600000,2025-01-14T08:00:00+00:00,7.452e-05,3170.39
2025-01-14 16:00:00+00:00,1736870400000,2025-01-14T16:00:00+00:00,7.652e-05,3197.87
2025-01-15 00:00:00+00:00,1736899200000,2025-01-15T00:00:00+00:00,4.503e-05,3223.99
2025-01-15 08:00:00+00:00,1736928000000,2025-01-15T08:00:00+00:00,5.924e-05,3231.31
2025-01-15 16:00:00+00:00,1736956800000,2025-01-15T16:00:00+00:00,5.443e-05,3333.19
2025-01-16 00:00:00+00:00,1736985600000,2025-01-16T00:00:00+00:00,0.0001,3449.8
2025-01-16 08:00:00+00:00,1737014400000,2025-01-16T08:00:00+00:00,8.311e-05,3382.61535772
2025-01-16 16:00:00+00:00,1737043200000,2025-01-16T16:00:00+00:00,5.275e-05,3332.05626423
2025-01-17 00:00:00.004000+00:00,1737072000004,2025-01-17T00:00:00.004000+00:00,0.0001,3306.94
2025-01-17 08:00:00+00:00,1737100800000,2025-01-17T08:00:00+00:00,0.0001,3371.64284693
2025-01-17 16:00:00.008000+00:00,1737129600008,2025-01-17T16:00:00.008000+00:00,0.0001,3420.44
2025-01-18 00:00:00+00:00,1737158400000,2025-01-18T00:00:00+00:00,0.0001,3472.37
2025-01-18 08:00:00.007000+00:00,1737187200007,2025-01-18T08:00:00.007000+00:00,0.0001,3286.58371545
2025-01-18 16:00:00+00:00,1737216000000,2025-01-18T16:00:00+00:00,0.0001,3305.47
2025-01-19 00:00:00+00:00,1737244800000,2025-01-19T00:00:00+00:00,0.0001,3306.79597561
2025-01-19 08:00:00+00:00,1737273600000,2025-01-19T08:00:00+00:00,0.0001,3275.02
2025-01-19 16:00:00+00:00,1737302400000,2025-01-19T16:00:00+00:00,0.0001,3383.98005046
2025-01-20 00:00:00+00:00,1737331200000,2025-01-20T00:00:00+00:00,0.0001,3213.98
2025-01-20 08:00:00.009000+00:00,1737360000009,2025-01-20T08:00:00.009000+00:00,0.0001,3381.85902439
2025-01-20 16:00:00+00:00,1737388800000,2025-01-20T16:00:00+00:00,0.0001,3335.67609756
2025-01-21 00:00:00+00:00,1737417600000,2025-01-21T00:00:00+00:00,0.0001,3283.2
2025-01-21 08:00:00+00:00,1737446400000,2025-01-21T08:00:00+00:00,0.0001,3254.31536179
2025-01-21 16:00:00+00:00,1737475200000,2025-01-21T16:00:00+00:00,0.0001,3294.29530894
2025-01-22 00:00:00+00:00,1737504000000,2025-01-22T00:00:00+00:00,0.0001,3326.91778385
2025-01-22 08:00:00+00:00,1737532800000,2025-01-22T08:00:00+00:00,0.0001,3286.92
2025-01-22 16:00:00+00:00,1737561600000,2025-01-22T16:00:00+00:00,0.0001,3277.47
2025-01-23 00:00:00.001000+00:00,1737590400001,2025-01-23T00:00:00.001000+00:00,0.0001,3241.99
2025-01-23 08:00:00+00:00,1737619200000,2025-01-23T08:00:00+00:00,0.0001,3232.07
2025-01-23 16:00:00+00:00,1737648000000,2025-01-23T16:00:00+00:00,0.0001,3258.51
2025-01-24 00:00:00+00:00,1737676800000,2025-01-24T00:00:00+00:00,0.0001,3337.88
2025-01-24 08:00:00+00:00,1737705600000,2025-01-24T08:00:00+00:00,0.0001,3380.59
2025-01-24 16:00:00+00:00,1737734400000,2025-01-24T16:00:00+00:00,0.0001,3382.95525397
2025-01-25 00:00:00+00:00,1737763200000,2025-01-25T00:00:00+00:00,6.904e-05,3308.62136508
2025-01-25 08:00:00+00:00,1737792000000,2025-01-25T08:00:00+00:00,7.065e-05,3289.99
2025-01-25 16:00:00.001000+00:00,1737820800001,2025-01-25T16:00:00.001000+00:00,8.41e-05,3333.22352381
2025-01-26 00:00:00+00:00,1737849600000,2025-01-26T00:00:00+00:00,9.663e-05,3317.9
2025-01-26 08:00:00+00:00,1737878400000,2025-01-26T08:00:00+00:00,9.725e-05,3337.74384127
2025-01-26 16:00:00+00:00,1737907200000,2025-01-26T16:00:00+00:00,3.849e-05,3313.92919841
2025-01-27 00:00:00+00:00,1737936000000,2025-01-27T00:00:00+00:00,-2.76e-06,3231.86504762
2025-01-27 08:00:00+00:00,1737964800000,2025-01-27T08:00:00+00:00,3.922e-05,3069.2219127
2025-01-27 16:00:00+00:00,1737993600000,2025-01-27T16:00:00+00:00,3.069e-05,3131.06
2025-01-28 00:00:00+00:00,1738022400000,2025-01-28T00:00:00+00:00,0.0001,3180.78452381
2025-01-28 08:00:00+00:00,1738051200000,2025-01-28T08:00:00+00:00,4.046e-05,3194.6612619
2025-01-28 16:00:00+00:00,1738080000000,2025-01-28T16:00:00+00:00,5.904e-05,3180.16
2025-01-29 00:00:00+00:00,1738108800000,2025-01-29T00:00:00+00:00,0.0001,3075.95
2025-01-29 08:00:00+00:00,1738137600000,2025-01-29T08:00:00+00:00,6.567e-05,3155.64
2025-01-29 16:00:00+00:00,1738166400000,2025-01-29T16:00:00+00:00,8.686e-05,3099.82631746
2025-01-30 00:00:00+00:00,1738195200000,2025-01-30T00:00:00+00:00,2.287e-05,3112.54
2025-01-30 08:00:00+00:00,1738224000000,2025-01-30T08:00:00+00:00,0.0001,3189.70955556
2025-01-30 16:00:00+00:00,1738252800000,2025-01-30T16:00:00+00:00,7.055e-05,3254.0
2025-01-31 00:00:00+00:00,1738281600000,2025-01-31T00:00:00+00:00,9.386e-05,3245.86
2025-01-31 08:00:00+00:00,1738310400000,2025-01-31T08:00:00+00:00,7.998e-05,3240.6643254
2025-01-31 16:00:00+00:00,1738339200000,2025-01-31T16:00:00+00:00,0.0001,3427.0
2025-02-01 00:00:00+00:00,1738368000000,2025-02-01T00:00:00+00:00,8.432e-05,3299.5
2025-02-01 08:00:00+00:00,1738396800000,2025-02-01T08:00:00+00:00,9.742e-05,3279.0
2025-02-01 16:00:00+00:00,1738425600000,2025-02-01T16:00:00+00:00,3.573e-05,3249.4
2025-02-02 00:00:00.001000+00:00,1738454400001,2025-02-02T00:00:00.001000+00:00,7.609e-05,3116.38138889
2025-02-02 08:00:00+00:00,1738483200000,2025-02-02T08:00:00+00:00,0.0001,3100.08
2025-02-02 16:00:00+00:00,1738512000000,2025-02-02T16:00:00+00:00,2.6e-05,3079.51029365
2025-02-03 00:00:00+00:00,1738540800000,2025-02-03T00:00:00+00:00,3.237e-05,2868.28196032
2025-02-03 08:00:00+00:00,1738569600000,2025-02-03T08:00:00+00:00,-0.00016657,2619.54513492
2025-02-03 16:00:00+00:00,1738598400000,2025-02-03T16:00:00+00:00,-0.00025121,2699.12
2025-02-04 00:00:00+00:00,1738627200000,2025-02-04T00:00:00+00:00,-0.00010653,2878.85095238
2025-02-04 08:00:00.001000+00:00,1738656000001,2025-02-04T08:00:00.001000+00:00,1.07e-05,2701.90771429
2025-02-04 16:00:00+00:00,1738684800000,2025-02-04T16:00:00+00:00,-8.177e-05,2775.6
2025-02-05 00:00:00.001000+00:00,1738713600001,2025-02-05T00:00:00.001000+00:00,-8.329e-05,2729.84
2025-02-05 08:00:00.001000+00:00,1738742400001,2025-02-05T08:00:00.001000+00:00,5.754e-05,2758.18
2025-02-05 16:00:00+00:00,1738771200000,2025-02-05T16:00:00+00:00,-2.404e-05,2772.15
2025-02-06 00:00:00.001000+00:00,1738800000001,2025-02-06T00:00:00.001000+00:00,4.939e-05,2787.0
2025-02-06 08:00:00.001000+00:00,1738828800001,2025-02-06T08:00:00.001000+00:00,-5.35e-06,2830.4
2025-02-06 16:00:00+00:00,1738857600000,2025-02-06T16:00:00+00:00,-7.747e-05,2704.38
2025-02-07 00:00:00+00:00,1738886400000,2025-02-07T00:00:00+00:00,2.439e-05,2685.49575397
2025-02-07 08:00:00+00:00,1738915200000,2025-02-07T08:00:00+00:00,2.905e-05,2711.75472085
2025-02-07 16:00:00+00:00,1738944000000,2025-02-07T16:00:00+00:00,-1.197e-05,2720.66266667
2025-02-08 00:00:00+00:00,1738972800000,2025-02-08T00:00:00+00:00,-1.894e-05,2620.66288095
2025-02-08 08:00:00+00:00,1739001600000,2025-02-08T08:00:00+00:00,9.532e-05,2628.33
2025-02-08 16:00:00+00:00,1739030400000,2025-02-08T16:00:00+00:00,6.93e-05,2604.17014286
2025-02-09 00:00:00+00:00,1739059200000,2025-02-09T00:00:00+00:00,-3.64e-06,2631.0
2025-02-09 08:00:00+00:00,1739088000000,2025-02-09T08:00:00+00:00,5.479e-05,2661.3
2025-02-09 16:00:00+00:00,1739116800000,2025-02-09T16:00:00+00:00,5.02e-05,2651.97135714
2025-02-10 00:00:00+00:00,1739145600000,2025-02-10T00:00:00+00:00,9.11e-06,2626.0
2025-02-10 08:00:00+00:00,1739174400000,2025-02-10T08:00:00+00:00,7.074e-05,2636.11
2025-02-10 16:00:00+00:00,1739203200000,2025-02-10T16:00:00+00:00,5.396e-05,2657.38649206
2025-02-11 00:00:00+00:00,1739232000000,2025-02-11T00:00:00+00:00,-5.72e-06,2660.077
2025-02-11 08:00:00+00:00,1739260800000,2025-02-11T08:00:00+00:00,4.26e-05,2711.35780159
2025-02-11 16:00:00+00:00,1739289600000,2025-02-11T16:00:00+00:00,-1.236e-05,2661.42
2025-02-12 00:00:00+00:00,1739318400000,2025-02-12T00:00:00+00:00,6.151e-05,2601.52231746
2025-02-12 08:00:00+00:00,1739347200000,2025-02-12T08:00:00+00:00,3.35e-05,2617.51
2025-02-12 16:00:00.001000+00:00,1739376000001,2025-02-12T16:00:00.001000+00:00,8.407e-05,2605.99
2025-02-13 00:00:00.001000+00:00,1739404800001,2025-02-13T00:00:00.001000+00:00,9.54e-05,2737.14
2025-02-13 08:00:00+00:00,1739433600000,2025-02-13T08:00:00+00:00,0.0001,2680.13588889
2025-02-13 16:00:00.001000+00:00,1739462400001,2025-02-13T16:00:00.001000+00:00,1.027e-05,2646.97477833
2025-02-14 00:00:00+00:00,1739491200000,2025-02-14T00:00:00+00:00,2.39e-06,2674.52
2025-02-14 08:00:00.001000+00:00,1739520000001,2025-02-14T08:00:00.001000+00:00,8.242e-05,2698.21374603
2025-02-14 16:00:00+00:00,1739548800000,2025-02-14T16:00:00+00:00,7.834e-05,2733.36
2025-02-15 00:00:00+00:00,1739577600000,2025-02-15T00:00:00+00:00,4.385e-05,2724.41
2025-02-15 08:00:00+00:00,1739606400000,2025-02-15T08:00:00+00:00,3.822e-05,2696.89234921
2025-02-15 16:00:00+00:00,1739635200000,2025-02-15T16:00:00+00:00,8.44e-06,2689.85
2025-02-16 00:00:00+00:00,1739664000000,2025-02-16T00:00:00+00:00,3.859e-05,2691.90181746
2025-02-16 08:00:00+00:00,1739692800000,2025-02-16T08:00:00+00:00,5.945e-05,2694.55437302
2025-02-16 16:00:00+00:00,1739721600000,2025-02-16T16:00:00+00:00,3.775e-05,2693.10178571
2025-02-17 00:00:00+00:00,1739750400000,2025-02-17T00:00:00+00:00,3.649e-05,2660.36088095
2025-02-17 08:00:00+00:00,1739779200000,2025-02-17T08:00:00+00:00,5.61e-05,2680.76096032
2025-02-17 16:00:00+00:00,1739808000000,2025-02-17T16:00:00+00:00,0.0001,2755.01133333
2025-02-18 00:00:00+00:00,1739836800000,2025-02-18T00:00:00+00:00,4.742e-05,2742.99604762
2025-02-18 08:00:00+00:00,1739865600000,2025-02-18T08:00:00+00:00,-1.595e-05,2671.01
2025-02-18 16:00:00+00:00,1739894400000,2025-02-18T16:00:00+00:00,5.441e-05,2672.38
2025-02-19 00:00:00+00:00,1739923200000,2025-02-19T00:00:00+00:00,4.964e-05,2670.57
2025-02-19 08:00:00+00:00,1739952000000,2025-02-19T08:00:00+00:00,7.273e-05,2707.09558292
2025-02-19 16:00:00+00:00,1739980800000,2025-02-19T16:00:00+00:00,3.185e-05,2695.61807143
2025-02-20 00:00:00+00:00,1740009600000,2025-02-20T00:00:00+00:00,-2.07e-06,2714.23273016
2025-02-20 08:00:00+00:00,1740038400000,2025-02-20T08:00:00+00:00,5.629e-05,2729.18799206
2025-02-20 16:00:00+00:00,1740067200000,2025-02-20T16:00:00+00:00,6.405e-05,2710.93
2025-02-21 00:00:00.001000+00:00,1740096000001,2025-02-21T00:00:00.001000+00:00,3.574e-05,2736.87
2025-02-21 08:00:00+00:00,1740124800000,2025-02-21T08:00:00+00:00,6.624e-05,2754.9
2025-02-21 16:00:00+00:00,1740153600000,2025-02-21T16:00:00+00:00,4.228e-05,2722.25
2025-02-22 00:00:00+00:00,1740182400000,2025-02-22T00:00:00+00:00,3.254e-05,2661.00246032
2025-02-22 08:00:00+00:00,1740211200000,2025-02-22T08:00:00+00:00,-1.427e-05,2682.81
2025-02-22 16:00:00+00:00,1740240000000,2025-02-22T16:00:00+00:00,3.41e-05,2774.99
2025-02-23 00:00:00+00:00,1740268800000,2025-02-23T00:00:00+00:00,9.726e-05,2762.16142063
2025-02-23 08:00:00+00:00,1740297600000,2025-02-23T08:00:00+00:00,3.796e-05,2823.78114286
2025-02-23 16:00:00+00:00,1740326400000,2025-02-23T16:00:00+00:00,2.13e-06,2781.67002381
2025-02-24 00:00:00+00:00,1740355200000,2025-02-24T00:00:00+00:00,7.127e-05,2818.55
2025-02-24 08:00:00+00:00,1740384000000,2025-02-24T08:00:00+00:00,9.24e-06,2720.74977778
2025-02-24 16:00:00+00:00,1740412800000,2025-02-24T16:00:00+00:00,3.082e-05,2657.59
2025-02-25 00:00:00+00:00,1740441600000,2025-02-25T00:00:00+00:00,-3.589e-05,2513.088
2025-02-25 08:00:00+00:00,1740470400000,2025-02-25T08:00:00+00:00,4.71e-06,2368.46179803
2025-02-25 16:00:00+00:00,1740499200000,2025-02-25T16:00:00+00:00,2.913e-05,2408.56378489
2025-02-26 00:00:00+00:00,1740528000000,2025-02-26T00:00:00+00:00,1.86e-05,2494.21
2025-02-26 08:00:00+00:00,1740556800000,2025-02-26T08:00:00+00:00,6.103e-05,2482.67
2025-02-26 16:00:00+00:00,1740585600000,2025-02-26T16:00:00+00:00,3.433e-05,2427.58
2025-02-27 00:00:00.001000+00:00,1740614400001,2025-02-27T00:00:00.001000+00:00,8.515e-05,2335.43765079
2025-02-27 08:00:00+00:00,1740643200000,2025-02-27T08:00:00+00:00,0.0001,2355.38
2025-02-27 16:00:00+00:00,1740672000000,2025-02-27T16:00:00+00:00,5.027e-05,2322.58465079
2025-02-28 00:00:00.001000+00:00,1740700800001,2025-02-28T00:00:00.001000+00:00,4.097e-05,2306.65
2025-02-28 08:00:00+00:00,1740729600000,2025-02-28T08:00:00+00:00,1.219e-05,2105.62862698
2025-02-28 16:00:00+00:00,1740758400000,2025-02-28T16:00:00+00:00,1.248e-05,2221.68
2025-03-01 00:00:00+00:00,1740787200000,2025-03-01T00:00:00+00:00,4.855e-05,2236.07630952
2025-03-01 08:00:00+00:00,1740816000000,2025-03-01T08:00:00+00:00,-1.061e-05,2228.15
2025-03-01 16:00:00.001000+00:00,1740844800001,2025-03-01T16:00:00.001000+00:00,-9.31e-06,2172.35
2025-03-02 00:00:00+00:00,1740873600000,2025-03-02T00:00:00+00:00,3.173e-05,2216.5
2025-03-02 08:00:00+00:00,1740902400000,2025-03-02T08:00:00+00:00,6.221e-05,2220.24
2025-03-02 16:00:00+00:00,1740931200000,2025-03-02T16:00:00+00:00,6.102e-05,2228.34704762
2025-03-03 00:00:00.001000+00:00,1740960000001,2025-03-03T00:00:00.001000+00:00,-7.88e-06,2517.34928571
2025-03-03 08:00:00+00:00,1740988800000,2025-03-03T08:00:00+00:00,3.061e-05,2386.8
2025-03-03 16:00:00+00:00,1741017600000,2025-03-03T16:00:00+00:00,6.25e-06,2286.32
2025-03-04 00:00:00.001000+00:00,1741046400001,2025-03-04T00:00:00.001000+00:00,-4.308e-05,2148.22
2025-03-04 08:00:00.005000+00:00,1741075200005,2025-03-04T08:00:00.005000+00:00,-3.762e-05,2079.65
2025-03-04 16:00:00+00:00,1741104000000,2025-03-04T16:00:00+00:00,2.04e-06,2073.64
2025-03-05 00:00:00+00:00,1741132800000,2025-03-05T00:00:00+00:00,6.417e-05,2170.51
2025-03-05 08:00:00+00:00,1741161600000,2025-03-05T08:00:00+00:00,7.146e-05,2206.99475397
2025-03-05 16:00:00+00:00,1741190400000,2025-03-05T16:00:00+00:00,2.539e-05,2185.7850873
2025-03-06 00:00:00+00:00,1741219200000,2025-03-06T00:00:00+00:00,-1.037e-05,2240.45
2025-03-06 08:00:00.001000+00:00,1741248000001,2025-03-06T08:00:00.001000+00:00,1.125e-05,2285.20772222
2025-03-06 16:00:00+00:00,1741276800000,2025-03-06T16:00:00+00:00,2.685e-05,2256.60609524
2025-03-07 00:00:00+00:00,1741305600000,2025-03-07T00:00:00+00:00,-2.474e-05,2201.34
2025-03-07 08:00:00.001000+00:00,1741334400001,2025-03-07T08:00:00.001000+00:00,2.874e-05,2191.78992857
2025-03-07 16:00:00+00:00,1741363200000,2025-03-07T16:00:00+00:00,5.628e-05,2208.49550794
2025-03-08 00:00:00+00:00,1741392000000,2025-03-08T00:00:00+00:00,3.124e-05,2140.72
2025-03-08 08:00:00.001000+00:00,1741420800001,2025-03-08T08:00:00.001000+00:00,3.76e-05,2136.91946032
2025-03-08 16:00:00.001000+00:00,1741449600001,2025-03-08T16:00:00.001000+00:00,6.837e-05,2180.4
2025-03-09 00:00:00.001000+00:00,1741478400001,2025-03-09T00:00:00.001000+00:00,6.871e-05,2202.84
2025-03-09 08:00:00+00:00,1741507200000,2025-03-09T08:00:00+00:00,3.637e-05,2184.1795
2025-03-09 16:00:00+00:00,1741536000000,2025-03-09T16:00:00+00:00,-1.3e-07,2096.15786508
2025-03-10 00:00:00+00:00,1741564800000,2025-03-10T00:00:00+00:00,-4.249e-05,2019.25
2025-03-10 08:00:00+00:00,1741593600000,2025-03-10T08:00:00+00:00,2.575e-05,2074.40057937
2025-03-10 16:00:00+00:00,1741622400000,2025-03-10T16:00:00+00:00,3.433e-05,2016.94127778
2025-03-11 00:00:00+00:00,1741651200000,2025-03-11T00:00:00+00:00,-4.045e-05,1864.36
2025-03-11 08:00:00+00:00,1741680000000,2025-03-11T08:00:00+00:00,2.173e-05,1903.50981938
2025-03-11 16:00:00.001000+00:00,1741708800001,2025-03-11T16:00:00.001000+00:00,7.553e-05,1913.58
2025-03-12 00:00:00+00:00,1741737600000,2025-03-12T00:00:00+00:00,1.672e-05,1922.6
2025-03-12 08:00:00+00:00,1741766400000,2025-03-12T08:00:00+00:00,1.107e-05,1910.49414286
2025-03-12 16:00:00.001000+00:00,1741795200001,2025-03-12T16:00:00.001000+00:00,-3.413e-05,1868.99963492
2025-03-13 00:00:00+00:00,1741824000000,2025-03-13T00:00:00+00:00,2.931e-05,1907.37
2025-03-13 08:00:00+00:00,1741852800000,2025-03-13T08:00:00+00:00,-5e-08,1871.2
2025-03-13 16:00:00+00:00,1741881600000,2025-03-13T16:00:00+00:00,4.218e-05,1874.72
2025-03-14 00:00:00+00:00,1741910400000,2025-03-14T00:00:00+00:00,2.744e-05,1863.9895156
2025-03-14 08:00:00+00:00,1741939200000,2025-03-14T08:00:00+00:00,7.681e-05,1892.13
2025-03-14 16:00:00+00:00,1741968000000,2025-03-14T16:00:00+00:00,5.537e-05,1921.17
2025-03-15 00:00:00+00:00,1741996800000,2025-03-15T00:00:00+00:00,2.924e-05,1910.98
2025-03-15 08:00:00+00:00,1742025600000,2025-03-15T08:00:00+00:00,5.445e-05,1916.86
2025-03-15 16:00:00+00:00,1742054400000,2025-03-15T16:00:00+00:00,1.25e-05,1936.8
2025-03-16 00:00:00+00:00,1742083200000,2025-03-16T00:00:00+00:00,-3.041e-05,1936.27
2025-03-16 08:00:00+00:00,1742112000000,2025-03-16T08:00:00+00:00,-2.357e-05,1925.21
2025-03-16 16:00:00+00:00,1742140800000,2025-03-16T16:00:00+00:00,-2.967e-05,1894.21
2025-03-17 00:00:00+00:00,1742169600000,2025-03-17T00:00:00+00:00,2.057e-05,1886.2012906
2025-03-17 08:00:00+00:00,1742198400000,2025-03-17T08:00:00+00:00,5.669e-05,1900.13
2025-03-17 16:00:00+00:00,1742227200000,2025-03-17T16:00:00+00:00,3.697e-05,1918.5
2025-03-18 00:00:00+00:00,1742256000000,2025-03-18T00:00:00+00:00,5.319e-05,1925.37789819
2025-03-18 08:00:00+00:00,1742284800000,2025-03-18T08:00:00+00:00,4.099e-05,1904.15778571
2025-03-18 16:00:00+00:00,1742313600000,2025-03-18T16:00:00+00:00,1.465e-05,1879.97
2025-03-19 00:00:00+00:00,1742342400000,2025-03-19T00:00:00+00:00,5.983e-05,1930.68823016
2025-03-19 08:00:00+00:00,1742371200000,2025-03-19T08:00:00+00:00,8.986e-05,1930.98
2025-03-19 16:00:00+00:00,1742400000000,2025-03-19T16:00:00+00:00,6.676e-05,2047.87
2025-03-20 00:00:00+00:00,1742428800000,2025-03-20T00:00:00+00:00,-1.704e-05,2055.29887302
2025-03-20 08:00:00+00:00,1742457600000,2025-03-20T08:00:00+00:00,1.553e-05,2006.47
2025-03-20 16:00:00+00:00,1742486400000,2025-03-20T16:00:00+00:00,-8.57e-06,1971.3601746
2025-03-21 00:00:00+00:00,1742515200000,2025-03-21T00:00:00+00:00,5.235e-05,1982.98311111
2025-03-21 08:00:00+00:00,1742544000000,2025-03-21T08:00:00+00:00,6.749e-05,1976.0
2025-03-21 16:00:00+00:00,1742572800000,2025-03-21T16:00:00+00:00,2.613e-05,1949.78
2025-03-22 00:00:00+00:00,1742601600000,2025-03-22T00:00:00+00:00,-1.402e-05,1964.8896746
2025-03-22 08:00:00.004000+00:00,1742630400004,2025-03-22T08:00:00.004000+00:00,-2.617e-05,1983.15
2025-03-22 16:00:00+00:00,1742659200000,2025-03-22T16:00:00+00:00,2.587e-05,1985.42480159
2025-03-23 00:00:00+00:00,1742688000000,2025-03-23T00:00:00+00:00,1.553e-05,1979.84956349
2025-03-23 08:00:00+00:00,1742716800000,2025-03-23T08:00:00+00:00,6.053e-05,2007.2
2025-03-23 16:00:00+00:00,1742745600000,2025-03-23T16:00:00+00:00,-3.36e-06,2006.25524603
2025-03-24 00:00:00+00:00,1742774400000,2025-03-24T00:00:00+00:00,-1.29e-05,2005.0
2025-03-24 08:00:00+00:00,1742803200000,2025-03-24T08:00:00+00:00,9.456e-05,2068.4
2025-03-24 16:00:00+00:00,1742832000000,2025-03-24T16:00:00+00:00,3.069e-05,2088.8
2025-03-25 00:00:00.001000+00:00,1742860800001,2025-03-25T00:00:00.001000+00:00,6.736e-05,2080.41
2025-03-25 08:00:00+00:00,1742889600000,2025-03-25T08:00:00+00:00,1.456e-05,2054.8
2025-03-25 16:00:00+00:00,1742918400000,2025-03-25T16:00:00+00:00,-4.75e-06,2066.59089683
2025-03-26 00:00:00+00:00,1742947200000,2025-03-26T00:00:00+00:00,2.976e-05,2065.24099343
2025-03-26 08:00:00+00:00,1742976000000,2025-03-26T08:00:00+00:00,1.074e-05,2068.54289683
2025-03-26 16:00:00.001000+00:00,1743004800001,2025-03-26T16:00:00.001000+00:00,-2.235e-05,2011.88234921
2025-03-27 00:00:00.001000+00:00,1743033600001,2025-03-27T00:00:00.001000+00:00,4.542e-05,2008.69
2025-03-27 08:00:00.001000+00:00,1743062400001,2025-03-27T08:00:00.001000+00:00,7.427e-05,2025.49000794
2025-03-27 16:00:00.002000+00:00,1743091200002,2025-03-27T16:00:00.002000+00:00,3.127e-05,2004.54466667
2025-03-28 00:00:00.001000+00:00,1743120000001,2025-03-28T00:00:00.001000+00:00,6.551e-05,2002.8
2025-03-28 08:00:00.001000+00:00,1743148800001,2025-03-28T08:00:00.001000+00:00,-2.896e-05,1909.08424603
2025-03-28 16:00:00+00:00,1743177600000,2025-03-28T16:00:00+00:00,-1.109e-05,1871.49325397
2025-03-29 00:00:00+00:00,1743206400000,2025-03-29T00:00:00+00:00,3.56e-06,1896.03
2025-03-29 08:00:00+00:00,1743235200000,2025-03-29T08:00:00+00:00,4.498e-05,1879.5548254
2025-03-29 16:00:00+00:00,1743264000000,2025-03-29T16:00:00+00:00,3.469e-05,1838.4
2025-03-30 00:00:00+00:00,1743292800000,2025-03-30T00:00:00+00:00,-1.072e-05,1827.32
2025-03-30 08:00:00+00:00,1743321600000,2025-03-30T08:00:00+00:00,-1.999e-05,1836.69
2025-03-30 16:00:00+00:00,1743350400000,2025-03-30T16:00:00+00:00,1.191e-05,1812.82
2025-03-31 00:00:00+00:00,1743379200000,2025-03-31T00:00:00+00:00,-3.26e-06,1807.0
2025-03-31 08:00:00+00:00,1743408000000,2025-03-31T08:00:00+00:00,2.663e-05,1798.05
2025-03-31 16:00:00+00:00,1743436800000,2025-03-31T16:00:00+00:00,2.009e-05,1841.39123016
2025-04-01 00:00:00+00:00,1743465600000,2025-04-01T00:00:00+00:00,-6.52e-06,1821.59
2025-04-01 08:00:00.001000+00:00,1743494400001,2025-04-01T08:00:00.001000+00:00,2.877e-05,1853.39356349
2025-04-01 16:00:00+00:00,1743523200000,2025-04-01T16:00:00+00:00,3.314e-05,1917.9
2025-04-02 00:00:00.001000+00:00,1743552000001,2025-04-02T00:00:00.001000+00:00,3.676e-05,1904.2
2025-04-02 08:00:00+00:00,1743580800000,2025-04-02T08:00:00+00:00,-4.5e-07,1864.30988889
2025-04-02 16:00:00+00:00,1743609600000,2025-04-02T16:00:00+00:00,4.262e-05,1900.1
2025-04-03 00:00:00+00:00,1743638400000,2025-04-03T00:00:00+00:00,-6.39e-06,1794.26434127
2025-04-03 08:00:00+00:00,1743667200000,2025-04-03T08:00:00+00:00,6.39e-05,1814.69311987
2025-04-03 16:00:00+00:00,1743696000000,2025-04-03T16:00:00+00:00,-6.15e-06,1781.23825944
2025-04-04 00:00:00+00:00,1743724800000,2025-04-04T00:00:00+00:00,6.701e-05,1816.3
2025-04-04 08:00:00+00:00,1743753600000,2025-04-04T08:00:00+00:00,-2.093e-05,1816.87
2025-04-04 16:00:00+00:00,1743782400000,2025-04-04T16:00:00+00:00,3.78e-05,1794.47
2025-04-05 00:00:00+00:00,1743811200000,2025-04-05T00:00:00+00:00,2.181e-05,1816.1850873
2025-04-05 08:00:00+00:00,1743840000000,2025-04-05T08:00:00+00:00,5.939e-05,1812.4
2025-04-05 16:00:00+00:00,1743868800000,2025-04-05T16:00:00+00:00,-7.82e-06,1781.10160317
2025-04-06 00:00:00+00:00,1743897600000,2025-04-06T00:00:00+00:00,2.389e-05,1805.04
2025-04-06 08:00:00+00:00,1743926400000,2025-04-06T08:00:00+00:00,5.41e-05,1796.86100794
2025-04-06 16:00:00.002000+00:00,1743955200002,2025-04-06T16:00:00.002000+00:00,-2.372e-05,1759.59
2025-04-07 00:00:00+00:00,1743984000000,2025-04-07T00:00:00+00:00,-3.784e-05,1579.98
2025-04-07 08:00:00+00:00,1744012800000,2025-04-07T08:00:00+00:00,-9.65e-06,1459.71
2025-04-07 16:00:00+00:00,1744041600000,2025-04-07T16:00:00+00:00,-3.451e-05,1556.02875397
2025-04-08 00:00:00+00:00,1744070400000,2025-04-08T00:00:00+00:00,-4.38e-06,1552.44
2025-04-08 08:00:00+00:00,1744099200000,2025-04-08T08:00:00+00:00,1.155e-05,1569.98
2025-04-08 16:00:00+00:00,1744128000000,2025-04-08T16:00:00+00:00,-1.429e-05,1530.89
2025-04-09 00:00:00+00:00,1744156800000,2025-04-09T00:00:00+00:00,-4.82e-05,1472.68
2025-04-09 08:00:00.001000+00:00,1744185600001,2025-04-09T08:00:00.001000+00:00,-6.596e-05,1482.9
2025-04-09 16:00:00+00:00,1744214400000,2025-04-09T16:00:00+00:00,1.591e-05,1484.58
2025-04-10 00:00:00+00:00,1744243200000,2025-04-10T00:00:00+00:00,0.0001,1668.69
2025-04-10 08:00:00+00:00,1744272000000,2025-04-10T08:00:00+00:00,3.042e-05,1595.02
2025-04-10 16:00:00+00:00,1744300800000,2025-04-10T16:00:00+00:00,-7.8e-07,1494.94
2025-04-11 00:00:00.001000+00:00,1744329600001,2025-04-11T00:00:00.001000+00:00,-9.18e-06,1521.79074603
2025-04-11 08:00:00+00:00,1744358400000,2025-04-11T08:00:00+00:00,-5.857e-05,1551.99
2025-04-11 16:00:00+00:00,1744387200000,2025-04-11T16:00:00+00:00,-4.61e-06,1564.8
2025-04-12 00:00:00+00:00,1744416000000,2025-04-12T00:00:00+00:00,2.511e-05,1565.96
2025-04-12 08:00:00.001000+00:00,1744444800001,2025-04-12T08:00:00.001000+00:00,-6e-06,1581.23
2025-04-12 16:00:00+00:00,1744473600000,2025-04-12T16:00:00+00:00,2.416e-05,1655.20279146
2025-04-13 00:00:00+00:00,1744502400000,2025-04-13T00:00:00+00:00,7.676e-05,1643.6
2025-04-13 08:00:00+00:00,1744531200000,2025-04-13T08:00:00+00:00,5.203e-05,1612.9486164
2025-04-13 16:00:00+00:00,1744560000000,2025-04-13T16:00:00+00:00,5.299e-05,1586.15506349
2025-04-14 00:00:00+00:00,1744588800000,2025-04-14T00:00:00+00:00,7.387e-05,1596.93
2025-04-14 08:00:00+00:00,1744617600000,2025-04-14T08:00:00+00:00,5.913e-05,1634.92172222
2025-04-14 16:00:00+00:00,1744646400000,2025-04-14T16:00:00+00:00,5.384e-05,1627.19251232
2025-04-15 00:00:00+00:00,1744675200000,2025-04-15T00:00:00+00:00,2.56e-05,1623.03
2025-04-15 08:00:00+00:00,1744704000000,2025-04-15T08:00:00+00:00,1.812e-05,1644.24902778
2025-04-15 16:00:00.001000+00:00,1744732800001,2025-04-15T16:00:00.001000+00:00,3.35e-06,1620.11
2025-04-16 00:00:00+00:00,1744761600000,2025-04-16T00:00:00+00:00,4.294e-05,1588.05889163
2025-04-16 08:00:00+00:00,1744790400000,2025-04-16T08:00:00+00:00,-2.96e-05,1563.51188013
2025-04-16 16:00:00+00:00,1744819200000,2025-04-16T16:00:00+00:00,-2.514e-05,1589.76
2025-04-17 00:00:00.001000+00:00,1744848000001,2025-04-17T00:00:00.001000+00:00,4.479e-05,1576.74085714
2025-04-17 08:00:00+00:00,1744876800000,2025-04-17T08:00:00+00:00,5.184e-05,1600.99
2025-04-17 16:00:00.001000+00:00,1744905600001,2025-04-17T16:00:00.001000+00:00,-1.791e-05,1582.34
2025-04-18 00:00:00+00:00,1744934400000,2025-04-18T00:00:00+00:00,-3.125e-05,1582.88586243
2025-04-18 08:00:00+00:00,1744963200000,2025-04-18T08:00:00+00:00,2.747e-05,1583.45
2025-04-18 16:00:00+00:00,1744992000000,2025-04-18T16:00:00+00:00,-1.492e-05,1582.35157143
2025-04-19 00:00:00+00:00,1745020800000,2025-04-19T00:00:00+00:00,-2.388e-05,1587.92270252
2025-04-19 08:00:00+00:00,1745049600000,2025-04-19T08:00:00+00:00,8.846e-05,1600.28
2025-04-19 16:00:00+00:00,1745078400000,2025-04-19T16:00:00+00:00,7.189e-05,1606.66150583
2025-04-20 00:00:00+00:00,1745107200000,2025-04-20T00:00:00+00:00,5.765e-05,1612.66
2025-04-20 08:00:00+00:00,1745136000000,2025-04-20T08:00:00+00:00,7.724e-05,1596.67526984
2025-04-20 16:00:00+00:00,1745164800000,2025-04-20T16:00:00+00:00,-5.358e-05,1572.81
2025-04-21 00:00:00+00:00,1745193600000,2025-04-21T00:00:00+00:00,-1.24e-06,1586.62694048
2025-04-21 08:00:00.005000+00:00,1745222400005,2025-04-21T08:00:00.005000+00:00,0.0001,1645.12210317
2025-04-21 16:00:00.003000+00:00,1745251200003,2025-04-21T16:00:00.003000+00:00,8.017e-05,1622.5
2025-04-22 00:00:00.008000+00:00,1745280000008,2025-04-22T00:00:00.008000+00:00,-3.6e-05,1578.67764286
2025-04-22 08:00:00+00:00,1745308800000,2025-04-22T08:00:00+00:00,2.2e-07,1618.74385714
2025-04-22 16:00:00+00:00,1745337600000,2025-04-22T16:00:00+00:00,8.105e-05,1702.0647619
2025-04-23 00:00:00+00:00,1745366400000,2025-04-23T00:00:00+00:00,6.679e-05,1755.58
2025-04-23 08:00:00.002000+00:00,1745395200002,2025-04-23T08:00:00.002000+00:00,9.616e-05,1791.51582102
2025-04-23 16:00:00+00:00,1745424000000,2025-04-23T16:00:00+00:00,0.0001,1794.38221127
2025-04-24 00:00:00+00:00,1745452800000,2025-04-24T00:00:00+00:00,0.0001,1794.46
2025-04-24 08:00:00.001000+00:00,1745481600001,2025-04-24T08:00:00.001000+00:00,7.229e-05,1755.61
2025-04-24 16:00:00.001000+00:00,1745510400001,2025-04-24T16:00:00.001000+00:00,6.2e-06,1763.83
2025-04-25 00:00:00.007000+00:00,1745539200007,2025-04-25T00:00:00.007000+00:00,5.922e-05,1768.8
2025-04-25 08:00:00.002000+00:00,1745568000002,2025-04-25T08:00:00.002000+00:00,7.829e-05,1776.59313615
2025-04-25 16:00:00.003000+00:00,1745596800003,2025-04-25T16:00:00.003000+00:00,-9.65e-06,1805.7
2025-04-26 00:00:00.002000+00:00,1745625600002,2025-04-26T00:00:00.002000+00:00,8.3e-06,1783.77
2025-04-26 08:00:00+00:00,1745654400000,2025-04-26T08:00:00+00:00,-2.999e-05,1799.44
2025-04-26 16:00:00.002000+00:00,1745683200002,2025-04-26T16:00:00.002000+00:00,7.28e-06,1799.38
2025-04-27 00:00:00.001000+00:00,1745712000001,2025-04-27T00:00:00.001000+00:00,5.635e-05,1819.99
2025-04-27 08:00:00+00:00,1745740800000,2025-04-27T08:00:00+00:00,-6.737e-05,1802.97
2025-04-27 16:00:00+00:00,1745769600000,2025-04-27T16:00:00+00:00,-3.852e-05,1792.89
2025-04-28 00:00:00.001000+00:00,1745798400001,2025-04-28T00:00:00.001000+00:00,1.32e-06,1790.27458993
2025-04-28 08:00:00.003000+00:00,1745827200003,2025-04-28T08:00:00.003000+00:00,-4.703e-05,1803.96
2025-04-28 16:00:00.005000+00:00,1745856000005,2025-04-28T16:00:00.005000+00:00,-8.681e-05,1762.19
2025-04-29 00:00:00+00:00,1745884800000,2025-04-29T00:00:00+00:00,8.281e-05,1799.17
2025-04-29 08:00:00+00:00,1745913600000,2025-04-29T08:00:00+00:00,5.79e-05,1820.79297674
2025-04-29 16:00:00.010000+00:00,1745942400010,2025-04-29T16:00:00.010000+00:00,-1.396e-05,1814.21
2025-04-30 00:00:00.001000+00:00,1745971200001,2025-04-30T00:00:00.001000+00:00,-7.371e-05,1797.10017054
2025-04-30 08:00:00+00:00,1746000000000,2025-04-30T08:00:00+00:00,9.04e-06,1795.55
2025-04-30 16:00:00.003000+00:00,1746028800003,2025-04-30T16:00:00.003000+00:00,-6.069e-05,1764.03953101
2025-05-01 00:00:00+00:00,1746057600000,2025-05-01T00:00:00+00:00,5.43e-05,1792.8135969
2025-05-01 08:00:00+00:00,1746086400000,2025-05-01T08:00:00+00:00,4.5e-05,1809.74
2025-05-01 16:00:00.001000+00:00,1746115200001,2025-05-01T16:00:00.001000+00:00,7.23e-06,1851.99
2025-05-02 00:00:00+00:00,1746144000000,2025-05-02T00:00:00+00:00,-5.91e-06,1837.35080746
2025-05-02 08:00:00+00:00,1746172800000,2025-05-02T08:00:00+00:00,-5.797e-05,1815.24087597
2025-05-02 16:00:00.003000+00:00,1746201600003,2025-05-02T16:00:00.003000+00:00,-5.88e-06,1840.38514729
2025-05-03 00:00:00+00:00,1746230400000,2025-05-03T00:00:00+00:00,4.901e-05,1841.21
2025-05-03 08:00:00+00:00,1746259200000,2025-05-03T08:00:00+00:00,1.565e-05,1825.66213178
2025-05-03 16:00:00+00:00,1746288000000,2025-05-03T16:00:00+00:00,2.092e-05,1833.71244186
2025-05-04 00:00:00.001000+00:00,1746316800001,2025-05-04T00:00:00.001000+00:00,6.708e-05,1832.81789922
2025-05-04 08:00:00.001000+00:00,1746345600001,2025-05-04T08:00:00.001000+00:00,3.289e-05,1840.24
2025-05-04 16:00:00.002000+00:00,1746374400002,2025-05-04T16:00:00.002000+00:00,-2.67e-05,1829.85
2025-05-05 00:00:00+00:00,1746403200000,2025-05-05T00:00:00+00:00,1.81e-06,1807.88
2025-05-05 08:00:00+00:00,1746432000000,2025-05-05T08:00:00+00:00,1.998e-05,1825.74
2025-05-05 16:00:00.006000+00:00,1746460800006,2025-05-05T16:00:00.006000+00:00,1.194e-05,1800.17766667
2025-05-06 00:00:00.002000+00:00,1746489600002,2025-05-06T00:00:00.002000+00:00,6.899e-05,1819.43
2025-05-06 08:00:00.005000+00:00,1746518400005,2025-05-06T08:00:00.005000+00:00,-1.836e-05,1805.07810078
2025-05-06 16:00:00+00:00,1746547200000,2025-05-06T16:00:00+00:00,-3.589e-05,1769.25
2025-05-07 00:00:00.002000+00:00,1746576000002,2025-05-07T00:00:00.002000+00:00,3.273e-05,1816.22
2025-05-07 08:00:00+00:00,1746604800000,2025-05-07T08:00:00+00:00,8.548e-05,1837.32937984
2025-05-07 16:00:00.006000+00:00,1746633600006,2025-05-07T16:00:00.006000+00:00,-6.48e-06,1816.73
2025-05-08 00:00:00+00:00,1746662400000,2025-05-08T00:00:00+00:00,4.564e-05,1810.30300775
2025-05-08 08:00:00.001000+00:00,1746691200001,2025-05-08T08:00:00.001000+00:00,0.0001,1927.6653062
2025-05-08 16:00:00.002000+00:00,1746720000002,2025-05-08T16:00:00.002000+00:00,8.717e-05,2050.93411628
2025-05-09 00:00:00.001000+00:00,1746748800001,2025-05-09T00:00:00.001000+00:00,0.0001,2207.38250388
2025-05-09 08:00:00.006000+00:00,1746777600006,2025-05-09T08:00:00.006000+00:00,0.0001,2364.22
2025-05-09 16:00:00+00:00,1746806400000,2025-05-09T16:00:00+00:00,0.0001,2300.55
2025-05-10 00:00:00.001000+00:00,1746835200001,2025-05-10T00:00:00.001000+00:00,0.0001,2344.29
2025-05-10 08:00:00+00:00,1746864000000,2025-05-10T08:00:00+00:00,9.797e-05,2398.56
2025-05-10 16:00:00.001000+00:00,1746892800001,2025-05-10T16:00:00.001000+00:00,9.016e-05,2433.0
2025-05-11 00:00:00+00:00,1746921600000,2025-05-11T00:00:00+00:00,0.0001,2583.07662403
2025-05-11 08:00:00.001000+00:00,1746950400001,2025-05-11T08:00:00.001000+00:00,7.363e-05,2472.7371531
2025-05-11 16:00:00.001000+00:00,1746979200001,2025-05-11T16:00:00.001000+00:00,2.438e-05,2461.22
2025-05-12 00:00:00.004000+00:00,1747008000004,2025-05-12T00:00:00.004000+00:00,7.088e-05,2513.58951938
2025-05-12 08:00:00+00:00,1747036800000,2025-05-12T08:00:00+00:00,0.0001,2553.45
2025-05-12 16:00:00+00:00,1747065600000,2025-05-12T16:00:00+00:00,5.717e-05,2486.74
2025-05-13 00:00:00+00:00,1747094400000,2025-05-13T00:00:00+00:00,6.233e-05,2494.35227132
2025-05-13 08:00:00.008000+00:00,1747123200008,2025-05-13T08:00:00.008000+00:00,0.0001,2459.93641085
2025-05-13 16:00:00.001000+00:00,1747152000001,2025-05-13T16:00:00.001000+00:00,0.0001,2564.75327519
2025-05-14 00:00:00.007000+00:00,1747180800007,2025-05-14T00:00:00.007000+00:00,0.0001,2678.83579845
2025-05-14 08:00:00+00:00,1747209600000,2025-05-14T08:00:00+00:00,5.48e-05,2639.65352132
2025-05-14 16:00:00.002000+00:00,1747238400002,2025-05-14T16:00:00.002000+00:00,4.737e-05,2596.28
2025-05-15 00:00:00+00:00,1747267200000,2025-05-15T00:00:00+00:00,0.0001,2608.71
2025-05-15 08:00:00.003000+00:00,1747296000003,2025-05-15T08:00:00.003000+00:00,0.0001,2529.71
2025-05-15 16:00:00+00:00,1747324800000,2025-05-15T16:00:00+00:00,5.698e-05,2563.09405814
2025-05-16 00:00:00.001000+00:00,1747353600001,2025-05-16T00:00:00.001000+00:00,6.801e-05,2547.44981395
2025-05-16 08:00:00+00:00,1747382400000,2025-05-16T08:00:00+00:00,0.0001,2600.60682558
2025-05-16 16:00:00+00:00,1747411200000,2025-05-16T16:00:00+00:00,7.202e-05,2594.43856202
2025-05-17 00:00:00+00:00,1747440000000,2025-05-17T00:00:00+00:00,2.543e-05,2536.20335271
2025-05-17 08:00:00.001000+00:00,1747468800001,2025-05-17T08:00:00.001000+00:00,-1.883e-05,2491.5
2025-05-17 16:00:00.004000+00:00,1747497600004,2025-05-17T16:00:00.004000+00:00,2.339e-05,2473.24241667
2025-05-18 00:00:00+00:00,1747526400000,2025-05-18T00:00:00+00:00,5.366e-05,2474.09
2025-05-18 08:00:00+00:00,1747555200000,2025-05-18T08:00:00+00:00,4.909e-05,2507.83256799
2025-05-18 16:00:00+00:00,1747584000000,2025-05-18T16:00:00+00:00,1.3e-06,2577.87
2025-05-19 00:00:00+00:00,1747612800000,2025-05-19T00:00:00+00:00,-4.925e-05,2496.74
2025-05-19 08:00:00.006000+00:00,1747641600006,2025-05-19T08:00:00.006000+00:00,6.531e-05,2402.61575969
2025-05-19 16:00:00.010000+00:00,1747670400010,2025-05-19T16:00:00.010000+00:00,9.181e-05,2465.55531783
2025-05-20 00:00:00+00:00,1747699200000,2025-05-20T00:00:00+00:00,8.013e-05,2526.47294574
2025-05-20 08:00:00.002000+00:00,1747728000002,2025-05-20T08:00:00.002000+00:00,6.807e-05,2531.79813756
2025-05-20 16:00:00+00:00,1747756800000,2025-05-20T16:00:00+00:00,1.174e-05,2481.4
2025-05-21 00:00:00+00:00,1747785600000,2025-05-21T00:00:00+00:00,3.663e-05,2523.08
2025-05-21 08:00:00.001000+00:00,1747814400001,2025-05-21T08:00:00.001000+00:00,9.338e-05,2550.72
2025-05-21 16:00:00.004000+00:00,1747843200004,2025-05-21T16:00:00.004000+00:00,6.47e-06,2566.0
2025-05-22 00:00:00.001000+00:00,1747872000001,2025-05-22T00:00:00.001000+00:00,1.141e-05,2550.01
2025-05-22 08:00:00+00:00,1747900800000,2025-05-22T08:00:00+00:00,0.0001,2633.82
2025-05-22 16:00:00.002000+00:00,1747929600002,2025-05-22T16:00:00.002000+00:00,0.0001,2662.86
2025-05-23 00:00:00.006000+00:00,1747958400006,2025-05-23T00:00:00.006000+00:00,0.0001,2663.73
2025-05-23 08:00:00+00:00,1747987200000,2025-05-23T08:00:00+00:00,0.0001,2654.7
2025-05-23 16:00:00.007000+00:00,1748016000007,2025-05-23T16:00:00.007000+00:00,-7.26e-06,2567.15597287
2025-05-24 00:00:00.010000+00:00,1748044800010,2025-05-24T00:00:00.010000+00:00,0.0001,2525.58
2025-05-24 08:00:00+00:00,1748073600000,2025-05-24T08:00:00+00:00,4.033e-05,2545.79
2025-05-24 16:00:00.003000+00:00,1748102400003,2025-05-24T16:00:00.003000+00:00,2.114e-05,2554.51168992
2025-05-25 00:00:00.004000+00:00,1748131200004,2025-05-25T00:00:00.004000+00:00,6.041e-05,2529.27
2025-05-25 08:00:00+00:00,1748160000000,2025-05-25T08:00:00+00:00,3.75e-05,2493.29
2025-05-25 16:00:00+00:00,1748188800000,2025-05-25T16:00:00+00:00,8.487e-05,2510.47
2025-05-26 00:00:00+00:00,1748217600000,2025-05-26T00:00:00+00:00,3.85e-06,2549.92378295
2025-05-26 08:00:00+00:00,1748246400000,2025-05-26T08:00:00+00:00,8.047e-05,2579.7
2025-05-26 16:00:00.002000+00:00,1748275200002,2025-05-26T16:00:00.002000+00:00,4.711e-05,2564.76
2025-05-27 00:00:00.003000+00:00,1748304000003,2025-05-27T00:00:00.003000+00:00,4.026e-05,2562.70241821
2025-05-27 08:00:00.001000+00:00,1748332800001,2025-05-27T08:00:00.001000+00:00,0.0001,2606.56
2025-05-27 16:00:00.005000+00:00,1748361600005,2025-05-27T16:00:00.005000+00:00,0.0001,2667.09
2025-05-28 00:00:00.002000+00:00,1748390400002,2025-05-28T00:00:00.002000+00:00,0.0001,2659.89356202
2025-05-28 08:00:00.003000+00:00,1748419200003,2025-05-28T08:00:00.003000+00:00,0.0001,2635.36
2025-05-28 16:00:00.002000+00:00,1748448000002,2025-05-28T16:00:00.002000+00:00,0.0001,2625.99
2025-05-29 00:00:00+00:00,1748476800000,2025-05-29T00:00:00+00:00,0.0001,2680.5734031
2025-05-29 08:00:00.006000+00:00,1748505600006,2025-05-29T08:00:00.006000+00:00,0.0001,2730.0
2025-05-29 16:00:00+00:00,1748534400000,2025-05-29T16:00:00+00:00,8.321e-05,2642.45
2025-05-30 00:00:00.003000+00:00,1748563200003,2025-05-30T00:00:00.003000+00:00,7.477e-05,2630.57163566
2025-05-30 08:00:00.003000+00:00,1748592000003,2025-05-30T08:00:00.003000+00:00,0.0001,2617.68
2025-05-30 16:00:00+00:00,1748620800000,2025-05-30T16:00:00+00:00,5.699e-05,2596.91371502
2025-05-31 00:00:00+00:00,1748649600000,2025-05-31T00:00:00+00:00,3.389e-05,2529.90736628
2025-05-31 08:00:00+00:00,1748678400000,2025-05-31T08:00:00+00:00,8.054e-05,2520.0
2025-05-31 16:00:00+00:00,1748707200000,2025-05-31T16:00:00+00:00,2.739e-05,2535.05310078
2025-06-01 00:00:00.001000+00:00,1748736000001,2025-06-01T00:00:00.001000+00:00,7.52e-05,2527.09
2025-06-01 08:00:00.002000+00:00,1748764800002,2025-06-01T08:00:00.002000+00:00,3.946e-05,2507.65977519
2025-06-01 16:00:00+00:00,1748793600000,2025-06-01T16:00:00+00:00,3.37e-05,2522.0
2025-06-02 00:00:00.001000+00:00,1748822400001,2025-06-02T00:00:00.001000+00:00,1.586e-05,2538.09462016
2025-06-02 08:00:00+00:00,1748851200000,2025-06-02T08:00:00+00:00,5.378e-05,2505.79
2025-06-02 16:00:00+00:00,1748880000000,2025-06-02T16:00:00+00:00,8.588e-05,2543.24
2025-06-03 00:00:00+00:00,1748908800000,2025-06-03T00:00:00+00:00,3.263e-05,2606.48
2025-06-03 08:00:00+00:00,1748937600000,2025-06-03T08:00:00+00:00,6.067e-05,2608.68
2025-06-03 16:00:00.001000+00:00,1748966400001,2025-06-03T16:00:00.001000+00:00,5.397e-05,2622.56
2025-06-04 00:00:00+00:00,1748995200000,2025-06-04T00:00:00+00:00,4.39e-05,2592.16
2025-06-04 08:00:00+00:00,1749024000000,2025-06-04T08:00:00+00:00,7.623e-05,2626.51640991
2025-06-04 16:00:00+00:00,1749052800000,2025-06-04T16:00:00+00:00,7.897e-05,2666.91
2025-06-05 00:00:00.016000+00:00,1749081600016,2025-06-05T00:00:00.016000+00:00,2.359e-05,2606.63
2025-06-05 08:00:00+00:00,1749110400000,2025-06-05T08:00:00+00:00,8.508e-05,2603.21
2025-06-05 16:00:00+00:00,1749139200000,2025-06-05T16:00:00+00:00,6.396e-05,2588.34
2025-06-06 00:00:00.002000+00:00,1749168000002,2025-06-06T00:00:00.002000+00:00,-1.147e-05,2412.9336124
2025-06-06 08:00:00+00:00,1749196800000,2025-06-06T08:00:00+00:00,2.643e-05,2454.18
2025-06-06 16:00:00.006000+00:00,1749225600006,2025-06-06T16:00:00.006000+00:00,2.684e-05,2508.55342442
2025-06-07 00:00:00+00:00,1749254400000,2025-06-07T00:00:00+00:00,8.699e-05,2475.37
2025-06-07 08:00:00+00:00,1749283200000,2025-06-07T08:00:00+00:00,5.456e-05,2490.21
2025-06-07 16:00:00.002000+00:00,1749312000002,2025-06-07T16:00:00.002000+00:00,6.753e-05,2518.77600775
2025-06-08 00:00:00+00:00,1749340800000,2025-06-08T00:00:00+00:00,0.0001,2523.68777132
2025-06-08 08:00:00+00:00,1749369600000,2025-06-08T08:00:00+00:00,9.522e-05,2513.55530233
2025-06-08 16:00:00+00:00,1749398400000,2025-06-08T16:00:00+00:00,4.695e-05,2513.39986434
2025-06-09 00:00:00+00:00,1749427200000,2025-06-09T00:00:00+00:00,2.206e-05,2508.49123256
2025-06-09 08:00:00.001000+00:00,1749456000001,2025-06-09T08:00:00.001000+00:00,1.95e-05,2490.55416667
2025-06-09 16:00:00.001000+00:00,1749484800001,2025-06-09T16:00:00.001000+00:00,8.643e-05,2532.98
2025-06-10 00:00:00+00:00,1749513600000,2025-06-10T00:00:00+00:00,0.0001,2679.23765891
2025-06-10 08:00:00.001000+00:00,1749542400001,2025-06-10T08:00:00.001000+00:00,0.0001,2676.48
2025-06-10 16:00:00.003000+00:00,1749571200003,2025-06-10T16:00:00.003000+00:00,0.0001,2731.83
2025-06-11 00:00:00+00:00,1749600000000,2025-06-11T00:00:00+00:00,0.0001,2815.75
2025-06-11 08:00:00+00:00,1749628800000,2025-06-11T08:00:00+00:00,0.0001,2790.85
2025-06-11 16:00:00.010000+00:00,1749657600010,2025-06-11T16:00:00.010000+00:00,0.0001,2864.21
2025-06-12 00:00:00.002000+00:00,1749686400002,2025-06-12T00:00:00.002000+00:00,6.036e-05,2770.61909933
2025-06-12 08:00:00.003000+00:00,1749715200003,2025-06-12T08:00:00.003000+00:00,0.0001,2739.9903625
2025-06-12 16:00:00.001000+00:00,1749744000001,2025-06-12T16:00:00.001000+00:00,5.333e-05,2718.25
2025-06-13 00:00:00+00:00,1749772800000,2025-06-13T00:00:00+00:00,-1.372e-05,2641.31365116
2025-06-13 08:00:00.001000+00:00,1749801600001,2025-06-13T08:00:00.001000+00:00,-1.069e-05,2525.0
2025-06-13 16:00:00.004000+00:00,1749830400004,2025-06-13T16:00:00.004000+00:00,2.083e-05,2550.26
2025-06-14 00:00:00+00:00,1749859200000,2025-06-14T00:00:00+00:00,4.572e-05,2578.08
2025-06-14 08:00:00+00:00,1749888000000,2025-06-14T08:00:00+00:00,1.962e-05,2536.12897714
2025-06-14 16:00:00+00:00,1749916800000,2025-06-14T16:00:00+00:00,4.4e-06,2518.30475581
2025-06-15 00:00:00.005000+00:00,1749945600005,2025-06-15T00:00:00.005000+00:00,1.767e-05,2529.67
2025-06-15 08:00:00.009000+00:00,1749974400009,2025-06-15T08:00:00.009000+00:00,8.487e-05,2527.49070155
2025-06-15 16:00:00+00:00,1750003200000,2025-06-15T16:00:00+00:00,7.131e-05,2540.80593023
2025-06-16 00:00:00+00:00,1750032000000,2025-06-16T00:00:00+00:00,4.573e-05,2546.33974031
2025-06-16 08:00:00+00:00,1750060800000,2025-06-16T08:00:00+00:00,9.06e-05,2627.71
2025-06-16 16:00:00.003000+00:00,1750089600003,2025-06-16T16:00:00.003000+00:00,3.96e-05,2630.87
2025-06-17 00:00:00+00:00,1750118400000,2025-06-17T00:00:00+00:00,-9.06e-06,2542.89843992
2025-06-17 08:00:00.006000+00:00,1750147200006,2025-06-17T08:00:00.006000+00:00,0.0001,2581.28983333
2025-06-17 16:00:00.001000+00:00,1750176000001,2025-06-17T16:00:00.001000+00:00,5.558e-05,2497.82614729
2025-06-18 00:00:00.001000+00:00,1750204800001,2025-06-18T00:00:00.001000+00:00,5.83e-05,2508.98
2025-06-18 08:00:00.001000+00:00,1750233600001,2025-06-18T08:00:00.001000+00:00,6.782e-05,2532.33
2025-06-18 16:00:00.001000+00:00,1750262400001,2025-06-18T16:00:00.001000+00:00,2.338e-05,2507.99563566
2025-06-19 00:00:00.005000+00:00,1750291200005,2025-06-19T00:00:00.005000+00:00,5.403e-05,2523.80623643
2025-06-19 08:00:00.003000+00:00,1750320000003,2025-06-19T08:00:00.003000+00:00,4.793e-05,2517.80142248
2025-06-19 16:00:00+00:00,1750348800000,2025-06-19T16:00:00+00:00,4.883e-05,2491.89
2025-06-20 00:00:00+00:00,1750377600000,2025-06-20T00:00:00+00:00,8.145e-05,2520.18
2025-06-20 08:00:00.002000+00:00,1750406400002,2025-06-20T08:00:00.002000+00:00,8.963e-05,2548.35
2025-06-20 16:00:00.001000+00:00,1750435200001,2025-06-20T16:00:00.001000+00:00,2.59e-05,2492.46
2025-06-21 00:00:00.002000+00:00,1750464000002,2025-06-21T00:00:00.002000+00:00,-4.99e-05,2405.43
2025-06-21 08:00:00.005000+00:00,1750492800005,2025-06-21T08:00:00.005000+00:00,-1.379e-05,2425.65727132
2025-06-21 16:00:00+00:00,1750521600000,2025-06-21T16:00:00+00:00,5.011e-05,2422.48512791
2025-06-22 00:00:00.005000+00:00,1750550400005,2025-06-22T00:00:00.005000+00:00,-7.98e-06,2294.25720142
2025-06-22 08:00:00+00:00,1750579200000,2025-06-22T08:00:00+00:00,-1.761e-05,2269.63
2025-06-22 16:00:00.003000+00:00,1750608000003,2025-06-22T16:00:00.003000+00:00,4.714e-05,2174.25338195
2025-06-23 00:00:00+00:00,1750636800000,2025-06-23T00:00:00+00:00,2.289e-05,2226.66781783
2025-06-23 08:00:00.004000+00:00,1750665600004,2025-06-23T08:00:00.004000+00:00,-1.401e-05,2257.83166667
2025-06-23 16:00:00.013000+00:00,1750694400013,2025-06-23T16:00:00.013000+00:00,1.3e-06,2247.35465504
2025-06-24 00:00:00.003000+00:00,1750723200003,2025-06-24T00:00:00.003000+00:00,2.127e-05,2410.39
2025-06-24 08:00:00+00:00,1750752000000,2025-06-24T08:00:00+00:00,1.201e-05,2392.05589535
2025-06-24 16:00:00+00:00,1750780800000,2025-06-24T16:00:00+00:00,4.46e-06,2436.85
2025-06-25 00:00:00.005000+00:00,1750809600005,2025-06-25T00:00:00.005000+00:00,-8.33e-06,2447.58
2025-06-25 08:00:00+00:00,1750838400000,2025-06-25T08:00:00+00:00,-2.6e-07,2443.44
2025-06-25 16:00:00.005000+00:00,1750867200005,2025-06-25T16:00:00.005000+00:00,1.198e-05,2404.64666667
2025-06-26 00:00:00+00:00,1750896000000,2025-06-26T00:00:00+00:00,2.757e-05,2417.27
2025-06-26 08:00:00.006000+00:00,1750924800006,2025-06-26T08:00:00.006000+00:00,8.057e-05,2489.24298837
2025-06-26 16:00:00.007000+00:00,1750953600007,2025-06-26T16:00:00.007000+00:00,9.06e-06,2432.17414147
2025-06-27 00:00:00+00:00,1750982400000,2025-06-27T00:00:00+00:00,3.79e-06,2414.93
2025-06-27 08:00:00+00:00,1751011200000,2025-06-27T08:00:00+00:00,5.06e-06,2441.19
2025-06-27 16:00:00.009000+00:00,1751040000009,2025-06-27T16:00:00.009000+00:00,5.546e-05,2437.43
2025-06-28 00:00:00.001000+00:00,1751068800001,2025-06-28T00:00:00.001000+00:00,8.436e-05,2421.99
2025-06-28 08:00:00.002000+00:00,1751097600002,2025-06-28T08:00:00.002000+00:00,6.58e-06,2430.45193411
2025-06-28 16:00:00+00:00,1751126400000,2025-06-28T16:00:00+00:00,4.011e-05,2435.08
2025-06-29 00:00:00.004000+00:00,1751155200004,2025-06-29T00:00:00.004000+00:00,6.176e-05,2434.8
2025-06-29 08:00:00.001000+00:00,1751184000001,2025-06-29T08:00:00.001000+00:00,8.777e-05,2439.10803876
2025-06-29 16:00:00.001000+00:00,1751212800001,2025-06-29T16:00:00.001000+00:00,4.2e-07,2435.6
2025-06-30 00:00:00+00:00,1751241600000,2025-06-30T00:00:00+00:00,5.102e-05,2499.38032171
2025-06-30 08:00:00.005000+00:00,1751270400005,2025-06-30T08:00:00.005000+00:00,9.119e-05,2479.70235271
2025-06-30 16:00:00.002000+00:00,1751299200002,2025-06-30T16:00:00.002000+00:00,3.94e-06,2473.80902519
2025-07-01 00:00:00.007000+00:00,1751328000007,2025-07-01T00:00:00.007000+00:00,8.191e-05,2484.33713566
2025-07-01 08:00:00.002000+00:00,1751356800002,2025-07-01T08:00:00.002000+00:00,1.541e-05,2463.71
2025-07-01 16:00:00+00:00,1751385600000,2025-07-01T16:00:00+00:00,-1.429e-05,2422.48
2025-07-02 00:00:00.001000+00:00,1751414400001,2025-07-02T00:00:00.001000+00:00,1.952e-05,2403.7404031
2025-07-02 08:00:00+00:00,1751443200000,2025-07-02T08:00:00+00:00,4.864e-05,2445.88160078
2025-07-02 16:00:00.003000+00:00,1751472000003,2025-07-02T16:00:00.003000+00:00,5.236e-05,2498.33576357
2025-07-03 00:00:00.006000+00:00,1751500800006,2025-07-03T00:00:00.006000+00:00,0.0001,2569.56654651
2025-07-03 08:00:00.003000+00:00,1751529600003,2025-07-03T08:00:00.003000+00:00,9.82e-05,2599.24
2025-07-03 16:00:00.003000+00:00,1751558400003,2025-07-03T16:00:00.003000+00:00,4.398e-05,2569.31682558
2025-07-04 00:00:00.005000+00:00,1751587200005,2025-07-04T00:00:00.005000+00:00,1.353e-05,2590.17
2025-07-04 08:00:00.003000+00:00,1751616000003,2025-07-04T08:00:00.003000+00:00,6.619e-05,2533.84
2025-07-04 16:00:00.001000+00:00,1751644800001,2025-07-04T16:00:00.001000+00:00,2.691e-05,2499.61877132
2025-07-05 00:00:00.004000+00:00,1751673600004,2025-07-05T00:00:00.004000+00:00,1.406e-05,2506.87
2025-07-05 08:00:00.009000+00:00,1751702400009,2025-07-05T08:00:00.009000+00:00,3.958e-05,2520.36
2025-07-05 16:00:00.006000+00:00,1751731200006,2025-07-05T16:00:00.006000+00:00,5.542e-05,2506.89
2025-07-06 00:00:00.001000+00:00,1751760000001,2025-07-06T00:00:00.001000+00:00,3.909e-05,2515.26
2025-07-06 08:00:00.002000+00:00,1751788800002,2025-07-06T08:00:00.002000+00:00,6.583e-05,2516.9
2025-07-06 16:00:00.004000+00:00,1751817600004,2025-07-06T16:00:00.004000+00:00,8.149e-05,2557.7
2025-07-07 00:00:00+00:00,1751846400000,2025-07-07T00:00:00+00:00,0.0001,2569.50603101
2025-07-07 08:00:00.007000+00:00,1751875200007,2025-07-07T08:00:00.007000+00:00,0.0001,2577.57985659
2025-07-07 16:00:00+00:00,1751904000000,2025-07-07T16:00:00+00:00,-3.011e-05,2532.61
2025-07-08 00:00:00.010000+00:00,1751932800010,2025-07-08T00:00:00.010000+00:00,7.589e-05,2541.20732946
2025-07-08 08:00:00.003000+00:00,1751961600003,2025-07-08T08:00:00.003000+00:00,2.787e-05,2552.16904651
2025-07-08 16:00:00+00:00,1751990400000,2025-07-08T16:00:00+00:00,6.466e-05,2563.6
2025-07-09 00:00:00.002000+00:00,1752019200002,2025-07-09T00:00:00.002000+00:00,4.903e-05,2613.98
2025-07-09 08:00:00.006000+00:00,1752048000006,2025-07-09T08:00:00.006000+00:00,6.771e-05,2623.77394186
2025-07-09 16:00:00.001000+00:00,1752076800001,2025-07-09T16:00:00.001000+00:00,6.268e-05,2655.4
2025-07-10 00:00:00.003000+00:00,1752105600003,2025-07-10T00:00:00.003000+00:00,0.0001,2767.79068217
2025-07-10 08:00:00+00:00,1752134400000,2025-07-10T08:00:00+00:00,2.808e-05,2789.75650775
2025-07-10 16:00:00.004000+00:00,1752163200004,2025-07-10T16:00:00.004000+00:00,3.187e-05,2768.34
2025-07-11 00:00:00.004000+00:00,1752192000004,2025-07-11T00:00:00.004000+00:00,0.0001,2951.00392196
2025-07-11 08:00:00.007000+00:00,1752220800007,2025-07-11T08:00:00.007000+00:00,0.0001,2968.35
2025-07-11 16:00:00.001000+00:00,1752249600001,2025-07-11T16:00:00.001000+00:00,0.0001,2950.2799192
2025-07-12 00:00:00+00:00,1752278400000,2025-07-12T00:00:00+00:00,8.032e-05,2957.03212403
2025-07-12 08:00:00.001000+00:00,1752307200001,2025-07-12T08:00:00.001000+00:00,7.671e-05,2961.79344574
2025-07-12 16:00:00.002000+00:00,1752336000002,2025-07-12T16:00:00.002000+00:00,6.119e-05,2914.74546899
2025-07-13 00:00:00.006000+00:00,1752364800006,2025-07-13T00:00:00.006000+00:00,4.151e-05,2941.87
2025-07-13 08:00:00.001000+00:00,1752393600001,2025-07-13T08:00:00.001000+00:00,4.407e-05,2961.48118605
2025-07-13 16:00:00.003000+00:00,1752422400003,2025-07-13T16:00:00.003000+00:00,7.205e-05,2991.26778682
2025-07-14 00:00:00+00:00,1752451200000,2025-07-14T00:00:00+00:00,9.98e-06,2970.48246124
2025-07-14 08:00:00+00:00,1752480000000,2025-07-14T08:00:00+00:00,0.0001,3043.65
2025-07-14 16:00:00+00:00,1752508800000,2025-07-14T16:00:00+00:00,0.0001,3011.18300388
2025-07-15 00:00:00.002000+00:00,1752537600002,2025-07-15T00:00:00.002000+00:00,6.134e-05,3012.55427519
2025-07-15 08:00:00+00:00,1752566400000,2025-07-15T08:00:00+00:00,0.0001,2976.35
2025-07-15 16:00:00+00:00,1752595200000,2025-07-15T16:00:00+00:00,0.0001,3038.99
2025-07-16 00:00:00+00:00,1752624000000,2025-07-16T00:00:00+00:00,0.0001,3138.47018605
2025-07-16 08:00:00+00:00,1752652800000,2025-07-16T08:00:00+00:00,0.0001,3160.84107752
2025-07-16 16:00:00.008000+00:00,1752681600008,2025-07-16T16:00:00.008000+00:00,0.0001,3243.4
2025-07-17 00:00:00.003000+00:00,1752710400003,2025-07-17T00:00:00.003000+00:00,0.0001,3371.07215891
2025-07-17 08:00:00+00:00,1752739200000,2025-07-17T08:00:00+00:00,0.0001,3448.202
2025-07-17 16:00:00+00:00,1752768000000,2025-07-17T16:00:00+00:00,0.0001,3420.15697674
2025-07-18 00:00:00.004000+00:00,1752796800004,2025-07-18T00:00:00.004000+00:00,0.0001,3476.66
2025-07-18 08:00:00+00:00,1752825600000,2025-07-18T08:00:00+00:00,0.0001,3608.01628876
2025-07-18 16:00:00+00:00,1752854400000,2025-07-18T16:00:00+00:00,0.0001,3565.0
2025-07-19 00:00:00.009000+00:00,1752883200009,2025-07-19T00:00:00.009000+00:00,0.0001,3546.36
2025-07-19 08:00:00+00:00,1752912000000,2025-07-19T08:00:00+00:00,0.0001,3570.57573643
2025-07-19 16:00:00.002000+00:00,1752940800002,2025-07-19T16:00:00.002000+00:00,0.0001,3551.36022093
2025-07-20 00:00:00+00:00,1752969600000,2025-07-20T00:00:00+00:00,0.0001,3591.31
2025-07-20 08:00:00+00:00,1752998400000,2025-07-20T08:00:00+00:00,0.0001,3667.19986434
2025-07-20 16:00:00+00:00,1753027200000,2025-07-20T16:00:00+00:00,0.0001,3785.38
2025-07-21 00:00:00.001000+00:00,1753056000001,2025-07-21T00:00:00.001000+00:00,0.0001,3755.99508915
2025-07-21 08:00:00+00:00,1753084800000,2025-07-21T08:00:00+00:00,0.0001,3786.97
2025-07-21 16:00:00.001000+00:00,1753113600001,2025-07-21T16:00:00.001000+00:00,0.0001,3808.9
2025-07-22 00:00:00+00:00,1753142400000,2025-07-22T00:00:00+00:00,0.0001,3760.96
2025-07-22 08:00:00.010000+00:00,1753171200010,2025-07-22T08:00:00.010000+00:00,0.0001,3676.29012403
2025-07-22 16:00:00.007000+00:00,1753200000007,2025-07-22T16:00:00.007000+00:00,0.0001,3717.78744186
2025-07-23 00:00:00+00:00,1753228800000,2025-07-23T00:00:00+00:00,0.0001,3746.14636047
2025-07-23 08:00:00.004000+00:00,1753257600004,2025-07-23T08:00:00.004000+00:00,0.0001,3672.59889922
2025-07-23 16:00:00.002000+00:00,1753286400002,2025-07-23T16:00:00.002000+00:00,0.0001,3643.58769574
2025-07-24 00:00:00+00:00,1753315200000,2025-07-24T00:00:00+00:00,0.0001,3627.41
2025-07-24 08:00:00.001000+00:00,1753344000001,2025-07-24T08:00:00.001000+00:00,0.0001,3590.44418992
2025-07-24 16:00:00+00:00,1753372800000,2025-07-24T16:00:00+00:00,0.0001,3730.4
2025-07-25 00:00:00+00:00,1753401600000,2025-07-25T00:00:00+00:00,0.0001,3705.61
2025-07-25 08:00:00+00:00,1753430400000,2025-07-25T08:00:00+00:00,0.0001,3631.66711628
2025-07-25 16:00:00+00:00,1753459200000,2025-07-25T16:00:00+00:00,0.0001,3632.12027907
2025-07-26 00:00:00.001000+00:00,1753488000001,2025-07-26T00:00:00.001000+00:00,0.0001,3724.17
2025-07-26 08:00:00.005000+00:00,1753516800005,2025-07-26T08:00:00.005000+00:00,0.0001,3741.03
2025-07-26 16:00:00.001000+00:00,1753545600001,2025-07-26T16:00:00.001000+00:00,0.0001,3734.52
2025-07-27 00:00:00.001000+00:00,1753574400001,2025-07-27T00:00:00.001000+00:00,9.322e-05,3740.0
2025-07-27 08:00:00+00:00,1753603200000,2025-07-27T08:00:00+00:00,8.879e-05,3766.68744961
2025-07-27 16:00:00.008000+00:00,1753632000008,2025-07-27T16:00:00.008000+00:00,0.0001,3817.84531977
2025-07-28 00:00:00.005000+00:00,1753660800005,2025-07-28T00:00:00.005000+00:00,0.0001,3871.48
2025-07-28 08:00:00+00:00,1753689600000,2025-07-28T08:00:00+00:00,0.0001,3892.24032171
2025-07-28 16:00:00+00:00,1753718400000,2025-07-28T16:00:00+00:00,0.0001,3806.41156504
2025-07-29 00:00:00.001000+00:00,1753747200001,2025-07-29T00:00:00.001000+00:00,4.494e-05,3796.29532927
2025-07-29 08:00:00+00:00,1753776000000,2025-07-29T08:00:00+00:00,0.0001,3876.53
2025-07-29 16:00:00+00:00,1753804800000,2025-07-29T16:00:00+00:00,0.0001,3760.15457752
2025-07-30 00:00:00.011000+00:00,1753833600011,2025-07-30T00:00:00.011000+00:00,2.488e-05,3791.72222093
2025-07-30 08:00:00+00:00,1753862400000,2025-07-30T08:00:00+00:00,5.083e-05,3809.50083721
2025-07-30 16:00:00.008000+00:00,1753891200008,2025-07-30T16:00:00.008000+00:00,1.54e-05,3795.76
2025-07-31 00:00:00+00:00,1753920000000,2025-07-31T00:00:00+00:00,5.162e-05,3808.66
2025-07-31 08:00:00.009000+00:00,1753948800009,2025-07-31T08:00:00.009000+00:00,0.0001,3862.30686822
2025-07-31 16:00:00+00:00,1753977600000,2025-07-31T16:00:00+00:00,-1.18e-05,3786.17831395
2025-08-01 00:00:00.001000+00:00,1754006400001,2025-08-01T00:00:00.001000+00:00,-3.749e-05,3696.57
2025-08-01 08:00:00.003000+00:00,1754035200003,2025-08-01T08:00:00.003000+00:00,1.113e-05,3649.40456589
2025-08-01 16:00:00+00:00,1754064000000,2025-08-01T16:00:00+00:00,4.859e-05,3614.54152713
2025-08-02 00:00:00.004000+00:00,1754092800004,2025-08-02T00:00:00.004000+00:00,5.795e-05,3486.42
2025-08-02 08:00:00+00:00,1754121600000,2025-08-02T08:00:00+00:00,6.57e-06,3517.54
2025-08-02 16:00:00+00:00,1754150400000,2025-08-02T16:00:00+00:00,7.965e-05,3457.78
2025-08-03 00:00:00+00:00,1754179200000,2025-08-03T00:00:00+00:00,6.733e-05,3392.41
2025-08-03 08:00:00+00:00,1754208000000,2025-08-03T08:00:00+00:00,5.752e-05,3454.28105814
2025-08-03 16:00:00.003000+00:00,1754236800003,2025-08-03T16:00:00.003000+00:00,3.767e-05,3474.8
2025-08-04 00:00:00.004000+00:00,1754265600004,2025-08-04T00:00:00.004000+00:00,1.719e-05,3495.01
2025-08-04 08:00:00+00:00,1754294400000,2025-08-04T08:00:00+00:00,1.113e-05,3550.47
2025-08-04 16:00:00.002000+00:00,1754323200002,2025-08-04T16:00:00.002000+00:00,3.611e-05,3646.9009031
2025-08-05 00:00:00+00:00,1754352000000,2025-08-05T00:00:00+00:00,1.47e-06,3719.41
2025-08-05 08:00:00+00:00,1754380800000,2025-08-05T08:00:00+00:00,3.116e-05,3611.75
2025-08-05 16:00:00+00:00,1754409600000,2025-08-05T16:00:00+00:00,1.37e-05,3569.54463953
2025-08-06 00:00:00.005000+00:00,1754438400005,2025-08-06T00:00:00.005000+00:00,2.413e-05,3610.19
2025-08-06 08:00:00+00:00,1754467200000,2025-08-06T08:00:00+00:00,8.2e-05,3638.4
2025-08-06 16:00:00+00:00,1754496000000,2025-08-06T16:00:00+00:00,6.246e-05,3663.51893411
2025-08-07 00:00:00.003000+00:00,1754524800003,2025-08-07T00:00:00.003000+00:00,6.227e-05,3681.32459302
2025-08-07 08:00:00.002000+00:00,1754553600002,2025-08-07T08:00:00.002000+00:00,4.285e-05,3701.0
2025-08-07 16:00:00.002000+00:00,1754582400002,2025-08-07T16:00:00.002000+00:00,0.0001,3835.15
2025-08-08 00:00:00.002000+00:00,1754611200002,2025-08-08T00:00:00.002000+00:00,4.26e-05,3908.70249885
2025-08-08 08:00:00.004000+00:00,1754640000004,2025-08-08T08:00:00.004000+00:00,0.0001,3914.88
2025-08-08 16:00:00+00:00,1754668800000,2025-08-08T16:00:00+00:00,0.0001,3953.00564865
2025-08-09 00:00:00.005000+00:00,1754697600005,2025-08-09T00:00:00.005000+00:00,0.0001,4009.04
2025-08-09 08:00:00+00:00,1754726400000,2025-08-09T08:00:00+00:00,0.0001,4169.71
2025-08-09 16:00:00.007000+00:00,1754755200007,2025-08-09T16:00:00.007000+00:00,0.0001,4207.61204505
2025-08-10 00:00:00.003000+00:00,1754784000003,2025-08-10T00:00:00.003000+00:00,9.916e-05,4259.25177027
2025-08-10 08:00:00.005000+00:00,1754812800005,2025-08-10T08:00:00.005000+00:00,0.0001,4184.36
2025-08-10 16:00:00.002000+00:00,1754841600002,2025-08-10T16:00:00.002000+00:00,0.0001,4216.37707658
2025-08-11 00:00:00+00:00,1754870400000,2025-08-11T00:00:00+00:00,8.873e-05,4248.78
2025-08-11 08:00:00+00:00,1754899200000,2025-08-11T08:00:00+00:00,9.354e-05,4273.17322868
2025-08-11 16:00:00+00:00,1754928000000,2025-08-11T16:00:00+00:00,0.0001,4328.87
2025-08-12 00:00:00+00:00,1754956800000,2025-08-12T00:00:00+00:00,3.659e-05,4221.31
2025-08-12 08:00:00.001000+00:00,1754985600001,2025-08-12T08:00:00.001000+00:00,0.0001,4314.23
2025-08-12 16:00:00.005000+00:00,1755014400005,2025-08-12T16:00:00.005000+00:00,0.0001,4470.98
2025-08-13 00:00:00+00:00,1755043200000,2025-08-13T00:00:00+00:00,0.0001,4589.31
2025-08-13 08:00:00.002000+00:00,1755072000002,2025-08-13T08:00:00.002000+00:00,0.0001,4624.29
2025-08-13 16:00:00.006000+00:00,1755100800006,2025-08-13T16:00:00.006000+00:00,0.0001,4664.3895407
2025-08-14 00:00:00.002000+00:00,1755129600002,2025-08-14T00:00:00.002000+00:00,0.0001,4748.37
2025-08-14 08:00:00.003000+00:00,1755158400003,2025-08-14T08:00:00.003000+00:00,0.0001,4747.72583333
2025-08-14 16:00:00+00:00,1755187200000,2025-08-14T16:00:00+00:00,0.0001,4618.0
2025-08-15 00:00:00+00:00,1755216000000,2025-08-15T00:00:00+00:00,0.0001,4545.65822868
2025-08-15 08:00:00+00:00,1755244800000,2025-08-15T08:00:00+00:00,9.765e-05,4639.52553876
2025-08-15 16:00:00+00:00,1755273600000,2025-08-15T16:00:00+00:00,6.474e-05,4428.82236822
2025-08-16 00:00:00.004000+00:00,1755302400004,2025-08-16T00:00:00.004000+00:00,5.967e-05,4437.36567568
2025-08-16 08:00:00+00:00,1755331200000,2025-08-16T08:00:00+00:00,8.99e-05,4449.25
2025-08-16 16:00:00.002000+00:00,1755360000002,2025-08-16T16:00:00.002000+00:00,1.968e-05,4398.62610811
2025-08-17 00:00:00+00:00,1755388800000,2025-08-17T00:00:00+00:00,4.669e-05,4420.21
2025-08-17 08:00:00.001000+00:00,1755417600001,2025-08-17T08:00:00.001000+00:00,-6.68e-06,4465.0
2025-08-17 16:00:00.007000+00:00,1755446400007,2025-08-17T16:00:00.007000+00:00,5.334e-05,4559.57
2025-08-18 00:00:00+00:00,1755475200000,2025-08-18T00:00:00+00:00,6.32e-06,4470.87273874
2025-08-18 08:00:00.001000+00:00,1755504000001,2025-08-18T08:00:00.001000+00:00,9.191e-05,4255.03
2025-08-18 16:00:00.002000+00:00,1755532800002,2025-08-18T16:00:00.002000+00:00,8.959e-05,4343.33752713
2025-08-19 00:00:00+00:00,1755561600000,2025-08-19T00:00:00+00:00,0.0001,4311.97
2025-08-19 08:00:00.001000+00:00,1755590400001,2025-08-19T08:00:00.001000+00:00,0.0001,4232.6
2025-08-19 16:00:00+00:00,1755619200000,2025-08-19T16:00:00+00:00,0.0001,4190.33
2025-08-20 00:00:00+00:00,1755648000000,2025-08-20T00:00:00+00:00,0.0001,4073.93
2025-08-20 08:00:00+00:00,1755676800000,2025-08-20T08:00:00+00:00,3.18e-06,4183.66
2025-08-20 16:00:00+00:00,1755705600000,2025-08-20T16:00:00+00:00,9.07e-05,4253.61408915
2025-08-21 00:00:00.006000+00:00,1755734400006,2025-08-21T00:00:00.006000+00:00,6.232e-05,4334.5
2025-08-21 08:00:00+00:00,1755763200000,2025-08-21T08:00:00+00:00,5.834e-05,4309.0
2025-08-21 16:00:00.003000+00:00,1755792000003,2025-08-21T16:00:00.003000+00:00,2.689e-05,4240.9
2025-08-22 00:00:00.010000+00:00,1755820800010,2025-08-22T00:00:00.010000+00:00,6.376e-05,4223.69
2025-08-22 08:00:00.007000+00:00,1755849600007,2025-08-22T08:00:00.007000+00:00,6.67e-05,4326.35375388
2025-08-22 16:00:00.001000+00:00,1755878400001,2025-08-22T16:00:00.001000+00:00,6.004e-05,4613.93
2025-08-23 00:00:00.004000+00:00,1755907200004,2025-08-23T00:00:00.004000+00:00,0.0001,4829.83
2025-08-23 08:00:00.006000+00:00,1755936000006,2025-08-23T08:00:00.006000+00:00,0.0001,4712.85
2025-08-23 16:00:00+00:00,1755964800000,2025-08-23T16:00:00+00:00,0.0001,4749.5566938
2025-08-24 00:00:00.001000+00:00,1755993600001,2025-08-24T00:00:00.001000+00:00,0.0001,4777.4249054
2025-08-24 08:00:00.002000+00:00,1756022400002,2025-08-24T08:00:00.002000+00:00,0.0001,4757.66
2025-08-24 16:00:00.001000+00:00,1756051200001,2025-08-24T16:00:00.001000+00:00,0.0001,4796.45056589
2025-08-25 00:00:00+00:00,1756080000000,2025-08-25T00:00:00+00:00,4.932e-05,4778.33
2025-08-25 08:00:00.002000+00:00,1756108800002,2025-08-25T08:00:00.002000+00:00,4.567e-05,4589.77243023
2025-08-25 16:00:00.002000+00:00,1756137600002,2025-08-25T16:00:00.002000+00:00,1.732e-05,4610.84970543
2025-08-26 00:00:00+00:00,1756166400000,2025-08-26T00:00:00+00:00,-7.39e-06,4374.3599845
2025-08-26 08:00:00+00:00,1756195200000,2025-08-26T08:00:00+00:00,1.08e-05,4427.38
2025-08-26 16:00:00+00:00,1756224000000,2025-08-26T16:00:00+00:00,1.029e-05,4517.19067829
2025-08-27 00:00:00.003000+00:00,1756252800003,2025-08-27T00:00:00.003000+00:00,-8.19e-06,4598.68597674
2025-08-27 08:00:00+00:00,1756281600000,2025-08-27T08:00:00+00:00,1.933e-05,4578.6
2025-08-27 16:00:00.009000+00:00,1756310400009,2025-08-27T16:00:00.009000+00:00,4.152e-05,4655.31
2025-08-28 00:00:00+00:00,1756339200000,2025-08-28T00:00:00+00:00,5.965e-05,4504.9385814
2025-08-28 08:00:00.005000+00:00,1756368000005,2025-08-28T08:00:00.005000+00:00,2.643e-05,4594.81
2025-08-28 16:00:00.004000+00:00,1756396800004,2025-08-28T16:00:00.004000+00:00,2.175e-05,4502.0005155
2025-08-29 00:00:00+00:00,1756425600000,2025-08-29T00:00:00+00:00,1.728e-05,4509.34136822
2025-08-29 08:00:00+00:00,1756454400000,2025-08-29T08:00:00+00:00,4.981e-05,4379.50601938
2025-08-29 16:00:00.005000+00:00,1756483200005,2025-08-29T16:00:00.005000+00:00,1.496e-05,4313.86
2025-08-30 00:00:00+00:00,1756512000000,2025-08-30T00:00:00+00:00,4.162e-05,4358.64
2025-08-30 08:00:00.002000+00:00,1756540800002,2025-08-30T08:00:00.002000+00:00,-1.108e-05,4400.08
2025-08-30 16:00:00.003000+00:00,1756569600003,2025-08-30T16:00:00.003000+00:00,4.057e-05,4374.27
2025-08-31 00:00:00.016000+00:00,1756598400016,2025-08-31T00:00:00.016000+00:00,-1.39e-05,4371.99
2025-08-31 08:00:00+00:00,1756627200000,2025-08-31T08:00:00+00:00,5.543e-05,4449.41955039
2025-08-31 16:00:00.001000+00:00,1756656000001,2025-08-31T16:00:00.001000+00:00,-1.154e-05,4482.69935271
2025-09-01 00:00:00+00:00,1756684800000,2025-09-01T00:00:00+00:00,-2.114e-05,4390.47237485
2025-09-01 08:00:00+00:00,1756713600000,2025-09-01T08:00:00+00:00,-1.3e-05,4461.17395349
2025-09-01 16:00:00.001000+00:00,1756742400001,2025-09-01T16:00:00.001000+00:00,1.22e-06,4360.43208915
2025-09-02 00:00:00+00:00,1756771200000,2025-09-02T00:00:00+00:00,4.06e-06,4313.01
2025-09-02 08:00:00.005000+00:00,1756800000005,2025-09-02T08:00:00.005000+00:00,5.513e-05,4376.35
2025-09-02 16:00:00.007000+00:00,1756828800007,2025-09-02T16:00:00.007000+00:00,3.026e-05,4293.55
2025-09-03 00:00:00.006000+00:00,1756857600006,2025-09-03T00:00:00.006000+00:00,1.812e-05,4324.59
2025-09-03 08:00:00.002000+00:00,1756886400002,2025-09-03T08:00:00.002000+00:00,-1.11e-06,4308.4251124
2025-09-03 16:00:00.002000+00:00,1756915200002,2025-09-03T16:00:00.002000+00:00,3.174e-05,4477.11681783
2025-09-04 00:00:00.002000+00:00,1756944000002,2025-09-04T00:00:00.002000+00:00,2.311e-05,4448.63827907
2025-09-04 08:00:00+00:00,1756972800000,2025-09-04T08:00:00+00:00,-2.012e-05,4368.81
2025-09-04 16:00:00+00:00,1757001600000,2025-09-04T16:00:00+00:00,-2.527e-05,4303.2879186
2025-09-05 00:00:00.001000+00:00,1757030400001,2025-09-05T00:00:00.001000+00:00,-5.54e-05,4296.12586822
2025-09-05 08:00:00.006000+00:00,1757059200006,2025-09-05T08:00:00.006000+00:00,-3.456e-05,4415.35654651
2025-09-05 16:00:00+00:00,1757088000000,2025-09-05T16:00:00+00:00,2.866e-05,4280.61
2025-09-06 00:00:00+00:00,1757116800000,2025-09-06T00:00:00+00:00,-2.104e-05,4305.7
2025-09-06 08:00:00.005000+00:00,1757145600005,2025-09-06T08:00:00.005000+00:00,3.956e-05,4310.42317442
2025-09-06 16:00:00+00:00,1757174400000,2025-09-06T16:00:00+00:00,4.06e-05,4267.82208915
2025-09-07 00:00:00+00:00,1757203200000,2025-09-07T00:00:00+00:00,5.946e-05,4271.31
2025-09-07 08:00:00+00:00,1757232000000,2025-09-07T08:00:00+00:00,8.938e-05,4292.99
2025-09-07 16:00:00+00:00,1757260800000,2025-09-07T16:00:00+00:00,3.335e-05,4297.20504651
2025-09-08 00:00:00.007000+00:00,1757289600007,2025-09-08T00:00:00.007000+00:00,2.556e-05,4304.15389147
2025-09-08 08:00:00+00:00,1757318400000,2025-09-08T08:00:00+00:00,2.063e-05,4289.82
2025-09-08 16:00:00+00:00,1757347200000,2025-09-08T16:00:00+00:00,9.082e-05,4369.83
2025-09-09 00:00:00+00:00,1757376000000,2025-09-09T00:00:00+00:00,4.706e-05,4303.98665891
2025-09-09 08:00:00+00:00,1757404800000,2025-09-09T08:00:00+00:00,0.0001,4360.43
2025-09-09 16:00:00+00:00,1757433600000,2025-09-09T16:00:00+00:00,6.645e-05,4282.78335659
2025-09-10 00:00:00+00:00,1757462400000,2025-09-10T00:00:00+00:00,6.156e-05,4308.55254264
2025-09-10 08:00:00.002000+00:00,1757491200002,2025-09-10T08:00:00.002000+00:00,8.82e-05,4327.97353876
2025-09-10 16:00:00+00:00,1757520000000,2025-09-10T16:00:00+00:00,0.0001,4403.5
2025-09-11 00:00:00+00:00,1757548800000,2025-09-11T00:00:00+00:00,1.341e-05,4347.83
2025-09-11 08:00:00+00:00,1757577600000,2025-09-11T08:00:00+00:00,0.0001,4439.0
2025-09-11 16:00:00.001000+00:00,1757606400001,2025-09-11T16:00:00.001000+00:00,8.501e-05,4410.41
2025-09-12 00:00:00.002000+00:00,1757635200002,2025-09-12T00:00:00.002000+00:00,4.858e-05,4456.91765504
2025-09-12 08:00:00.001000+00:00,1757664000001,2025-09-12T08:00:00.001000+00:00,0.0001,4524.39
2025-09-12 16:00:00.005000+00:00,1757692800005,2025-09-12T16:00:00.005000+00:00,0.0001,4540.16
2025-09-13 00:00:00.005000+00:00,1757721600005,2025-09-13T00:00:00.005000+00:00,0.0001,4710.92940698
2025-09-13 08:00:00.002000+00:00,1757750400002,2025-09-13T08:00:00.002000+00:00,9.815e-05,4709.88593023
2025-09-13 16:00:00+00:00,1757779200000,2025-09-13T16:00:00+00:00,0.0001,4651.44
2025-09-14 00:00:00.006000+00:00,1757808000006,2025-09-14T00:00:00.006000+00:00,3.75e-06,4664.46632946
2025-09-14 08:00:00+00:00,1757836800000,2025-09-14T08:00:00+00:00,8.307e-05,4648.8
2025-09-14 16:00:00.001000+00:00,1757865600001,2025-09-14T16:00:00.001000+00:00,5.553e-05,4580.66847655
2025-09-15 00:00:00.006000+00:00,1757894400006,2025-09-15T00:00:00.006000+00:00,7.366e-05,4602.25855426
2025-09-15 08:00:00.002000+00:00,1757923200002,2025-09-15T08:00:00.002000+00:00,6.603e-05,4595.07828682
2025-09-15 16:00:00.001000+00:00,1757952000001,2025-09-15T16:00:00.001000+00:00,3.563e-05,4498.4076938
2025-09-16 00:00:00.001000+00:00,1757980800001,2025-09-16T00:00:00.001000+00:00,4.54e-05,4521.54
2025-09-16 08:00:00+00:00,1758009600000,2025-09-16T08:00:00+00:00,4.526e-05,4510.65
2025-09-16 16:00:00+00:00,1758038400000,2025-09-16T16:00:00+00:00,2.037e-05,4465.73
2025-09-17 00:00:00.001000+00:00,1758067200001,2025-09-17T00:00:00.001000+00:00,2.419e-05,4499.53808915
2025-09-17 08:00:00+00:00,1758096000000,2025-09-17T08:00:00+00:00,5.358e-05,4542.26
2025-09-17 16:00:00.003000+00:00,1758124800003,2025-09-17T16:00:00.003000+00:00,4.406e-05,4487.65
2025-09-18 00:00:00.006000+00:00,1758153600006,2025-09-18T00:00:00.006000+00:00,5.15e-05,4588.68344186
2025-09-18 08:00:00.002000+00:00,1758182400002,2025-09-18T08:00:00.002000+00:00,4.292e-05,4573.1
2025-09-18 16:00:00+00:00,1758211200000,2025-09-18T16:00:00+00:00,1.971e-05,4597.16415504
2025-09-19 00:00:00+00:00,1758240000000,2025-09-19T00:00:00+00:00,5.745e-05,4585.31
2025-09-19 08:00:00.005000+00:00,1758268800005,2025-09-19T08:00:00.005000+00:00,-9.04e-06,4536.85290698
2025-09-19 16:00:00+00:00,1758297600000,2025-09-19T16:00:00+00:00,-4.324e-05,4472.12543411
2025-09-20 00:00:00+00:00,1758326400000,2025-09-20T00:00:00+00:00,-4.366e-05,4466.49
2025-09-20 08:00:00+00:00,1758355200000,2025-09-20T08:00:00+00:00,-5.97e-06,4480.82192248
2025-09-20 16:00:00.002000+00:00,1758384000002,2025-09-20T16:00:00.002000+00:00,4.189e-05,4496.36
2025-09-21 00:00:00+00:00,1758412800000,2025-09-21T00:00:00+00:00,-2.372e-05,4478.27366667
2025-09-21 08:00:00+00:00,1758441600000,2025-09-21T08:00:00+00:00,4.828e-05,4475.86645736
2025-09-21 16:00:00+00:00,1758470400000,2025-09-21T16:00:00+00:00,3.039e-05,4480.9202093
2025-09-22 00:00:00.005000+00:00,1758499200005,2025-09-22T00:00:00.005000+00:00,-2.051e-05,4443.33
2025-09-22 08:00:00.003000+00:00,1758528000003,2025-09-22T08:00:00.003000+00:00,-5.18e-06,4191.68
2025-09-22 16:00:00+00:00,1758556800000,2025-09-22T16:00:00+00:00,5.08e-06,4165.82
2025-09-23 00:00:00+00:00,1758585600000,2025-09-23T00:00:00+00:00,-1.93e-06,4196.97614729
2025-09-23 08:00:00.001000+00:00,1758614400001,2025-09-23T08:00:00.001000+00:00,5.594e-05,4203.24
2025-09-23 16:00:00+00:00,1758643200000,2025-09-23T16:00:00+00:00,-2.189e-05,4179.12
2025-09-24 00:00:00.003000+00:00,1758672000003,2025-09-24T00:00:00.003000+00:00,9.73e-06,4162.24
2025-09-24 08:00:00.001000+00:00,1758700800001,2025-09-24T08:00:00.001000+00:00,7.19e-06,4173.43
2025-09-24 16:00:00.002000+00:00,1758729600002,2025-09-24T16:00:00.002000+00:00,-3.616e-05,4163.81
2025-09-25 00:00:00+00:00,1758758400000,2025-09-25T00:00:00+00:00,-8.602e-05,4150.51304651
2025-09-25 08:00:00.001000+00:00,1758787200001,2025-09-25T08:00:00.001000+00:00,-8.11e-05,4006.94
2025-09-25 16:00:00+00:00,1758816000000,2025-09-25T16:00:00+00:00,0.0001,4000.97
2025-09-26 00:00:00+00:00,1758844800000,2025-09-26T00:00:00+00:00,8.976e-05,3873.1
2025-09-26 08:00:00+00:00,1758873600000,2025-09-26T08:00:00+00:00,3.202e-05,3936.6
2025-09-26 16:00:00.008000+00:00,1758902400008,2025-09-26T16:00:00.008000+00:00,4.775e-05,3944.84769767
2025-09-27 00:00:00+00:00,1758931200000,2025-09-27T00:00:00+00:00,-1.608e-05,4030.50897674
2025-09-27 08:00:00.010000+00:00,1758960000010,2025-09-27T08:00:00.010000+00:00,4.387e-05,4005.99
2025-09-27 16:00:00.003000+00:00,1758988800003,2025-09-27T16:00:00.003000+00:00,0.0001,4017.2
2025-09-28 00:00:00+00:00,1759017600000,2025-09-28T00:00:00+00:00,7.975e-05,4017.01
2025-09-28 08:00:00+00:00,1759046400000,2025-09-28T08:00:00+00:00,4.229e-05,4013.0
2025-09-28 16:00:00+00:00,1759075200000,2025-09-28T16:00:00+00:00,8.2e-05,4019.93404651
2025-09-29 00:00:00+00:00,1759104000000,2025-09-29T00:00:00+00:00,3.512e-05,4140.63316279
2025-09-29 08:00:00.002000+00:00,1759132800002,2025-09-29T08:00:00.002000+00:00,3.842e-05,4106.69554264
2025-09-29 16:00:00.001000+00:00,1759161600001,2025-09-29T16:00:00.001000+00:00,-3.49e-05,4162.67086822
2025-09-30 00:00:00.002000+00:00,1759190400002,2025-09-30T00:00:00.002000+00:00,9.16e-06,4213.26955814
2025-09-30 08:00:00.005000+00:00,1759219200005,2025-09-30T08:00:00.005000+00:00,-1.307e-05,4181.0
2025-09-30 16:00:00+00:00,1759248000000,2025-09-30T16:00:00+00:00,4.72e-06,4118.09
2025-10-01 00:00:00+00:00,1759276800000,2025-10-01T00:00:00+00:00,-1.572e-05,4142.98
2025-10-01 08:00:00+00:00,1759305600000,2025-10-01T08:00:00+00:00,2.569e-05,4144.52900962
2025-10-01 16:00:00+00:00,1759334400000,2025-10-01T16:00:00+00:00,-7.44e-06,4325.01
2025-10-02 00:00:00+00:00,1759363200000,2025-10-02T00:00:00+00:00,1.487e-05,4346.06
2025-10-02 08:00:00.013000+00:00,1759392000013,2025-10-02T08:00:00.013000+00:00,3.033e-05,4373.65557364
2025-10-02 16:00:00+00:00,1759420800000,2025-10-02T16:00:00+00:00,3.733e-05,4435.81462791
2025-10-03 00:00:00.006000+00:00,1759449600006,2025-10-03T00:00:00.006000+00:00,1.312e-05,4481.7
2025-10-03 08:00:00.006000+00:00,1759478400006,2025-10-03T08:00:00.006000+00:00,7.933e-05,4460.84
2025-10-03 16:00:00+00:00,1759507200000,2025-10-03T16:00:00+00:00,5.593e-05,4532.88
2025-10-04 00:00:00.001000+00:00,1759536000001,2025-10-04T00:00:00.001000+00:00,5.57e-05,4510.94
2025-10-04 08:00:00+00:00,1759564800000,2025-10-04T08:00:00+00:00,7.25e-06,4496.24
2025-10-04 16:00:00+00:00,1759593600000,2025-10-04T16:00:00+00:00,4.8e-05,4452.22
2025-10-05 00:00:00+00:00,1759622400000,2025-10-05T00:00:00+00:00,5.761e-05,4485.3270155
2025-10-05 08:00:00.003000+00:00,1759651200003,2025-10-05T08:00:00.003000+00:00,0.0001,4604.91
2025-10-05 16:00:00.009000+00:00,1759680000009,2025-10-05T16:00:00.009000+00:00,9.708e-05,4530.6
2025-10-06 00:00:00.004000+00:00,1759708800004,2025-10-06T00:00:00.004000+00:00,7.894e-05,4512.5046124
2025-10-06 08:00:00.002000+00:00,1759737600002,2025-10-06T08:00:00.002000+00:00,0.0001,4531.3
2025-10-06 16:00:00.004000+00:00,1759766400004,2025-10-06T16:00:00.004000+00:00,0.0001,4671.46368992
2025-10-07 00:00:00+00:00,1759795200000,2025-10-07T00:00:00+00:00,0.0001,4682.42
2025-10-07 08:00:00.003000+00:00,1759824000003,2025-10-07T08:00:00.003000+00:00,0.0001,4676.83
2025-10-07 16:00:00+00:00,1759852800000,2025-10-07T16:00:00+00:00,0.0001,4510.41339535
2025-10-08 00:00:00+00:00,1759881600000,2025-10-08T00:00:00+00:00,1.254e-05,4445.6
2025-10-08 08:00:00.006000+00:00,1759910400006,2025-10-08T08:00:00.006000+00:00,6.038e-05,4461.08
2025-10-08 16:00:00.002000+00:00,1759939200002,2025-10-08T16:00:00.002000+00:00,1.261e-05,4445.23296124
2025-10-09 00:00:00.001000+00:00,1759968000001,2025-10-09T00:00:00.001000+00:00,3.613e-05,4523.67
2025-10-09 08:00:00+00:00,1759996800000,2025-10-09T08:00:00+00:00,-2.26e-06,4424.43
2025-10-09 16:00:00+00:00,1760025600000,2025-10-09T16:00:00+00:00,5.752e-05,4313.13313953
2025-10-10 00:00:00.005000+00:00,1760054400005,2025-10-10T00:00:00.005000+00:00,2.565e-05,4365.89155974
2025-10-10 08:00:00.002000+00:00,1760083200002,2025-10-10T08:00:00.002000+00:00,2.511e-05,4321.08889147
2025-10-10 16:00:00.014000+00:00,1760112000014,2025-10-10T16:00:00.014000+00:00,-5.147e-05,4100.48
2025-10-11 00:00:00+00:00,1760140800000,2025-10-11T00:00:00+00:00,0.0001,3820.04284109
2025-10-11 08:00:00.003000+00:00,1760169600003,2025-10-11T08:00:00.003000+00:00,-0.00013094,3757.27
2025-10-11 16:00:00+00:00,1760198400000,2025-10-11T16:00:00+00:00,-1.73e-06,3822.65671318
2025-10-12 00:00:00.004000+00:00,1760227200004,2025-10-12T00:00:00.004000+00:00,-6.965e-05,3744.54
2025-10-12 08:00:00.002000+00:00,1760256000002,2025-10-12T08:00:00.002000+00:00,8.39e-06,3825.69493023
2025-10-12 16:00:00+00:00,1760284800000,2025-10-12T16:00:00+00:00,-4.563e-05,4033.07592248
2025-10-13 00:00:00.003000+00:00,1760313600003,2025-10-13T00:00:00.003000+00:00,-2.591e-05,4150.0
2025-10-13 08:00:00.002000+00:00,1760342400002,2025-10-13T08:00:00.002000+00:00,5.255e-05,4176.37485271
2025-10-13 16:00:00.003000+00:00,1760371200003,2025-10-13T16:00:00.003000+00:00,5.202e-05,4133.44
2025-10-14 00:00:00+00:00,1760400000000,2025-10-14T00:00:00+00:00,5.602e-05,4239.7
2025-10-14 08:00:00+00:00,1760428800000,2025-10-14T08:00:00+00:00,3.52e-06,3979.88
2025-10-14 16:00:00+00:00,1760457600000,2025-10-14T16:00:00+00:00,2.693e-05,4084.13926357
2025-10-15 00:00:00.006000+00:00,1760486400006,2025-10-15T00:00:00.006000+00:00,1.42e-05,4123.05
2025-10-15 08:00:00.002000+00:00,1760515200002,2025-10-15T08:00:00.002000+00:00,4.258e-05,4120.11372093
2025-10-15 16:00:00+00:00,1760544000000,2025-10-15T16:00:00+00:00,2.5e-05,3979.78179845
2025-10-16 00:00:00+00:00,1760572800000,2025-10-16T00:00:00+00:00,-4.99e-06,3983.8
2025-10-16 08:00:00.003000+00:00,1760601600003,2025-10-16T08:00:00.003000+00:00,7.65e-06,4003.38165891
2025-10-16 16:00:00.002000+00:00,1760630400002,2025-10-16T16:00:00.002000+00:00,6.18e-06,3906.25694186
2025-10-17 00:00:00.001000+00:00,1760659200001,2025-10-17T00:00:00.001000+00:00,3.354e-05,3892.18452713
2025-10-17 08:00:00.005000+00:00,1760688000005,2025-10-17T08:00:00.005000+00:00,5.63e-05,3755.06874419
2025-10-17 16:00:00.003000+00:00,1760716800003,2025-10-17T16:00:00.003000+00:00,2.963e-05,3796.16006977
2025-10-18 00:00:00+00:00,1760745600000,2025-10-18T00:00:00+00:00,1.423e-05,3830.02745736
2025-10-18 08:00:00.002000+00:00,1760774400002,2025-10-18T08:00:00.002000+00:00,1.51e-05,3890.47
2025-10-18 16:00:00.001000+00:00,1760803200001,2025-10-18T16:00:00.001000+00:00,6.086e-05,3876.05548062
2025-10-19 00:00:00.001000+00:00,1760832000001,2025-10-19T00:00:00.001000+00:00,6.239e-05,3887.01
2025-10-19 08:00:00.001000+00:00,1760860800001,2025-10-19T08:00:00.001000+00:00,2.101e-05,3886.7
2025-10-19 16:00:00.001000+00:00,1760889600001,2025-10-19T16:00:00.001000+00:00,3.514e-05,3977.55
2025-10-20 00:00:00.004000+00:00,1760918400004,2025-10-20T00:00:00.004000+00:00,2.481e-05,3980.85823256
2025-10-20 08:00:00.001000+00:00,1760947200001,2025-10-20T08:00:00.001000+00:00,5.413e-05,4053.55528682
2025-10-20 16:00:00+00:00,1760976000000,2025-10-20T16:00:00+00:00,5.999e-05,4002.92856202
2025-10-21 00:00:00.009000+00:00,1761004800009,2025-10-21T00:00:00.009000+00:00,3.53e-05,3977.55
2025-10-21 08:00:00+00:00,1761033600000,2025-10-21T08:00:00+00:00,4.7e-07,3890.72004651
2025-10-21 16:00:00+00:00,1761062400000,2025-10-21T16:00:00+00:00,7.724e-05,4080.4207907
2025-10-22 00:00:00.004000+00:00,1761091200004,2025-10-22T00:00:00.004000+00:00,-2.491e-05,3871.11
2025-10-22 08:00:00+00:00,1761120000000,2025-10-22T08:00:00+00:00,2.192e-05,3866.99136728
2025-10-22 16:00:00+00:00,1761148800000,2025-10-22T16:00:00+00:00,2.392e-05,3839.72
2025-10-23 00:00:00+00:00,1761177600000,2025-10-23T00:00:00+00:00,5.29e-06,3803.71
2025-10-23 08:00:00.001000+00:00,1761206400001,2025-10-23T08:00:00.001000+00:00,4.173e-05,3879.85388372
2025-10-23 16:00:00.004000+00:00,1761235200004,2025-10-23T16:00:00.004000+00:00,5.185e-05,3874.88
2025-10-24 00:00:00+00:00,1761264000000,2025-10-24T00:00:00+00:00,8.88e-06,3855.43300775
2025-10-24 08:00:00+00:00,1761292800000,2025-10-24T08:00:00+00:00,9.418e-05,3947.65
2025-10-24 16:00:00.009000+00:00,1761321600009,2025-10-24T16:00:00.009000+00:00,3.074e-05,3887.1
2025-10-25 00:00:00+00:00,1761350400000,2025-10-25T00:00:00+00:00,1.282e-05,3933.2
2025-10-25 08:00:00.001000+00:00,1761379200001,2025-10-25T08:00:00.001000+00:00,1.546e-05,3927.29
2025-10-25 16:00:00.001000+00:00,1761408000001,2025-10-25T16:00:00.001000+00:00,6.413e-05,3931.491
2025-10-26 00:00:00.001000+00:00,1761436800001,2025-10-26T00:00:00.001000+00:00,0.0001,3952.26246899
2025-10-26 08:00:00.001000+00:00,1761465600001,2025-10-26T08:00:00.001000+00:00,2.079e-05,3949.72
2025-10-26 16:00:00+00:00,1761494400000,2025-10-26T16:00:00+00:00,0.0001,4073.54621705
2025-10-27 00:00:00+00:00,1761523200000,2025-10-27T00:00:00+00:00,0.0001,4157.36870543
2025-10-27 08:00:00.005000+00:00,1761552000005,2025-10-27T08:00:00.005000+00:00,0.0001,4199.99
2025-10-27 16:00:00+00:00,1761580800000,2025-10-27T16:00:00+00:00,7.827e-05,4171.24
2025-10-28 00:00:00+00:00,1761609600000,2025-10-28T00:00:00+00:00,3.936e-05,4118.47
2025-10-28 08:00:00+00:00,1761638400000,2025-10-28T08:00:00+00:00,4.615e-05,4115.70196899
2025-10-28 16:00:00.004000+00:00,1761667200004,2025-10-28T16:00:00.004000+00:00,1.796e-05,4095.35
2025-10-29 00:00:00.004000+00:00,1761696000004,2025-10-29T00:00:00.004000+00:00,-5.159e-05,3977.58941085
2025-10-29 08:00:00.005000+00:00,1761724800005,2025-10-29T08:00:00.005000+00:00,-1.008e-05,4022.83
2025-10-29 16:00:00+00:00,1761753600000,2025-10-29T16:00:00+00:00,3.915e-05,3950.23
2025-10-30 00:00:00.004000+00:00,1761782400004,2025-10-30T00:00:00.004000+00:00,-3.389e-05,3900.84131783
2025-10-30 08:00:00.008000+00:00,1761811200008,2025-10-30T08:00:00.008000+00:00,-2.243e-05,3938.48378295
2025-10-30 16:00:00.001000+00:00,1761840000001,2025-10-30T16:00:00.001000+00:00,-6.394e-05,3771.81851938
2025-10-31 00:00:00+00:00,1761868800000,2025-10-31T00:00:00+00:00,3.219e-05,3802.31
2025-10-31 08:00:00.008000+00:00,1761897600008,2025-10-31T08:00:00.008000+00:00,7.777e-05,3829.62250388
2025-10-31 16:00:00.007000+00:00,1761926400007,2025-10-31T16:00:00.007000+00:00,-1.283e-05,3859.04427132
2025-11-01 00:00:00.001000+00:00,1761955200001,2025-11-01T00:00:00.001000+00:00,6.032e-05,3846.41
2025-11-01 08:00:00+00:00,1761984000000,2025-11-01T08:00:00+00:00,7.748e-05,3859.28
2025-11-01 16:00:00+00:00,1762012800000,2025-11-01T16:00:00+00:00,0.0001,3893.1211668
2025-11-02 00:00:00.007000+00:00,1762041600007,2025-11-02T00:00:00.007000+00:00,6.688e-05,3872.13
2025-11-02 08:00:00+00:00,1762070400000,2025-11-02T08:00:00+00:00,9.258e-05,3905.13814729
2025-11-02 16:00:00.001000+00:00,1762099200001,2025-11-02T16:00:00.001000+00:00,3.269e-05,3851.64
2025-11-03 00:00:00+00:00,1762128000000,2025-11-03T00:00:00+00:00,8.937e-05,3905.02096124
2025-11-03 08:00:00.010000+00:00,1762156800010,2025-11-03T08:00:00.010000+00:00,2.373e-05,3713.1191938
2025-11-03 16:00:00+00:00,1762185600000,2025-11-03T16:00:00+00:00,5.24e-06,3587.37
2025-11-04 00:00:00.002000+00:00,1762214400002,2025-11-04T00:00:00.002000+00:00,7.89e-05,3602.37986822
2025-11-04 08:00:00.004000+00:00,1762243200004,2025-11-04T08:00:00.004000+00:00,8.984e-05,3492.95644186
2025-11-04 16:00:00+00:00,1762272000000,2025-11-04T16:00:00+00:00,4.875e-05,3505.85
2025-11-05 00:00:00+00:00,1762300800000,2025-11-05T00:00:00+00:00,1.174e-05,3285.29
2025-11-05 08:00:00+00:00,1762329600000,2025-11-05T08:00:00+00:00,6.56e-06,3329.26889147
2025-11-05 16:00:00.004000+00:00,1762358400004,2025-11-05T16:00:00.004000+00:00,4.337e-05,3396.32
2025-11-06 00:00:00.001000+00:00,1762387200001,2025-11-06T00:00:00.001000+00:00,4.919e-05,3423.3660969
2025-11-06 08:00:00+00:00,1762416000000,2025-11-06T08:00:00+00:00,4.986e-05,3379.0
2025-11-06 16:00:00.001000+00:00,1762444800001,2025-11-06T16:00:00.001000+00:00,7.1e-07,3300.0
2025-11-07 00:00:00.005000+00:00,1762473600005,2025-11-07T00:00:00.005000+00:00,7.583e-05,3313.86843411
2025-11-07 08:00:00.003000+00:00,1762502400003,2025-11-07T08:00:00.003000+00:00,4.78e-05,3356.5094587
2025-11-07 16:00:00.005000+00:00,1762531200005,2025-11-07T16:00:00.005000+00:00,8.277e-05,3296.61312403
2025-11-08 00:00:00.011000+00:00,1762560000011,2025-11-08T00:00:00.011000+00:00,7.722e-05,3434.90193023
2025-11-08 08:00:00.015000+00:00,1762588800015,2025-11-08T08:00:00.015000+00:00,8.414e-05,3446.59017054
2025-11-08 16:00:00.001000+00:00,1762617600001,2025-11-08T16:00:00.001000+00:00,6.487e-05,3375.68
2025-11-09 00:00:00.004000+00:00,1762646400004,2025-11-09T00:00:00.004000+00:00,1.158e-05,3400.07
2025-11-09 08:00:00+00:00,1762675200000,2025-11-09T08:00:00+00:00,6.622e-05,3421.21175194
2025-11-09 16:00:00.005000+00:00,1762704000005,2025-11-09T16:00:00.005000+00:00,4.71e-05,3514.06362791
2025-11-10 00:00:00+00:00,1762732800000,2025-11-10T00:00:00+00:00,3.686e-05,3581.40451938
2025-11-10 08:00:00+00:00,1762761600000,2025-11-10T08:00:00+00:00,9.099e-05,3608.31591473
2025-11-10 16:00:00.003000+00:00,1762790400003,2025-11-10T16:00:00.003000+00:00,7.806e-05,3518.59824806
2025-11-11 00:00:00.007000+00:00,1762819200007,2025-11-11T00:00:00.007000+00:00,2.962e-05,3566.38
2025-11-11 08:00:00+00:00,1762848000000,2025-11-11T08:00:00+00:00,-2.557e-05,3542.83
2025-11-11 16:00:00.009000+00:00,1762876800009,2025-11-11T16:00:00.009000+00:00,2.827e-05,3479.61
2025-11-12 00:00:00+00:00,1762905600000,2025-11-12T00:00:00+00:00,3.618e-05,3416.32
2025-11-12 08:00:00.002000+00:00,1762934400002,2025-11-12T08:00:00.002000+00:00,-3.94e-05,3426.89084496
2025-11-12 16:00:00+00:00,1762963200000,2025-11-12T16:00:00+00:00,7.04e-05,3427.16393023
2025-11-13 00:00:00.002000+00:00,1762992000002,2025-11-13T00:00:00.002000+00:00,6.967e-05,3413.45
2025-11-13 08:00:00+00:00,1763020800000,2025-11-13T08:00:00+00:00,0.0001,3538.14021705
2025-11-13 16:00:00.001000+00:00,1763049600001,2025-11-13T16:00:00.001000+00:00,2.321e-05,3386.08135659
2025-11-14 00:00:00+00:00,1763078400000,2025-11-14T00:00:00+00:00,-3.82e-06,3230.12706977
2025-11-14 08:00:00+00:00,1763107200000,2025-11-14T08:00:00+00:00,3.573e-05,3214.12926357
2025-11-14 16:00:00.001000+00:00,1763136000001,2025-11-14T16:00:00.001000+00:00,7.962e-05,3195.87
2025-11-15 00:00:00.005000+00:00,1763164800005,2025-11-15T00:00:00.005000+00:00,4.979e-05,3111.41544106
2025-11-15 08:00:00+00:00,1763193600000,2025-11-15T08:00:00+00:00,4.397e-05,3174.99
2025-11-15 16:00:00.001000+00:00,1763222400001,2025-11-15T16:00:00.001000+00:00,4.679e-05,3184.5
2025-11-16 00:00:00.001000+00:00,1763251200001,2025-11-16T00:00:00.001000+00:00,0.0001,3166.55
2025-11-16 08:00:00+00:00,1763280000000,2025-11-16T08:00:00+00:00,0.0001,3218.40003101
2025-11-16 16:00:00+00:00,1763308800000,2025-11-16T16:00:00+00:00,7.779e-05,3103.51
2025-11-17 00:00:00.003000+00:00,1763337600003,2025-11-17T00:00:00.003000+00:00,0.0001,3095.01727132
2025-11-17 08:00:00.003000+00:00,1763366400003,2025-11-17T08:00:00.003000+00:00,0.0001,3197.29
2025-11-17 16:00:00+00:00,1763395200000,2025-11-17T16:00:00+00:00,5.992e-05,3119.24
2025-11-18 00:00:00.002000+00:00,1763424000002,2025-11-18T00:00:00.002000+00:00,9.056e-05,3030.07
2025-11-18 08:00:00.004000+00:00,1763452800004,2025-11-18T08:00:00.004000+00:00,0.0001,3024.38991473
2025-11-18 16:00:00+00:00,1763481600000,2025-11-18T16:00:00+00:00,5.928e-05,3105.25403769
2025-11-19 00:00:00+00:00,1763510400000,2025-11-19T00:00:00+00:00,0.0001,3122.2
2025-11-19 08:00:00+00:00,1763539200000,2025-11-19T08:00:00+00:00,6.727e-05,3083.92845736
2025-11-19 16:00:00.008000+00:00,1763568000008,2025-11-19T16:00:00.008000+00:00,3.204e-05,2972.28232558
2025-11-20 00:00:00+00:00,1763596800000,2025-11-20T00:00:00+00:00,7.097e-05,3024.09
2025-11-20 08:00:00+00:00,1763625600000,2025-11-20T08:00:00+00:00,7.838e-05,3038.21689147
2025-11-20 16:00:00+00:00,1763654400000,2025-11-20T16:00:00+00:00,6.788e-05,2954.52
2025-11-21 00:00:00.001000+00:00,1763683200001,2025-11-21T00:00:00.001000+00:00,3.335e-05,2833.48894574
2025-11-21 08:00:00+00:00,1763712000000,2025-11-21T08:00:00+00:00,1.947e-05,2719.22072868
2025-11-21 16:00:00.001000+00:00,1763740800001,2025-11-21T16:00:00.001000+00:00,5.44e-05,2703.69
2025-11-22 00:00:00.004000+00:00,1763769600004,2025-11-22T00:00:00.004000+00:00,1.859e-05,2764.63
2025-11-22 08:00:00+00:00,1763798400000,2025-11-22T08:00:00+00:00,7.195e-05,2755.13
2025-11-22 16:00:00+00:00,1763827200000,2025-11-22T16:00:00+00:00,4.657e-05,2737.64817054
2025-11-23 00:00:00+00:00,1763856000000,2025-11-23T00:00:00+00:00,6.445e-05,2769.13278295
2025-11-23 08:00:00.008000+00:00,1763884800008,2025-11-23T08:00:00.008000+00:00,-2.356e-05,2792.32
2025-11-23 16:00:00.003000+00:00,1763913600003,2025-11-23T16:00:00.003000+00:00,-5.87e-06,2835.31565116
2025-11-24 00:00:00.004000+00:00,1763942400004,2025-11-24T00:00:00.004000+00:00,-1e-07,2800.96685245
2025-11-24 08:00:00+00:00,1763971200000,2025-11-24T08:00:00+00:00,7.615e-05,2828.77
2025-11-24 16:00:00.006000+00:00,1764000000006,2025-11-24T16:00:00.006000+00:00,4.931e-05,2845.26537209
2025-11-25 00:00:00+00:00,1764028800000,2025-11-25T00:00:00+00:00,4.02e-05,2952.18
2025-11-25 08:00:00.009000+00:00,1764057600009,2025-11-25T08:00:00.009000+00:00,3.624e-05,2901.54
2025-11-25 16:00:00.007000+00:00,1764086400007,2025-11-25T16:00:00.007000+00:00,5.56e-06,2894.18
2025-11-26 00:00:00.001000+00:00,1764115200001,2025-11-26T00:00:00.001000+00:00,4.707e-05,2958.29194574
2025-11-26 08:00:00.001000+00:00,1764144000001,2025-11-26T08:00:00.001000+00:00,-9.2e-06,2943.11770543
2025-11-26 16:00:00+00:00,1764172800000,2025-11-26T16:00:00+00:00,1.886e-05,2926.63055814
2025-11-27 00:00:00.013000+00:00,1764201600013,2025-11-27T00:00:00.013000+00:00,2.467e-05,3025.05
2025-11-27 08:00:00+00:00,1764230400000,2025-11-27T08:00:00+00:00,1.646e-05,3032.24509302
2025-11-27 16:00:00.004000+00:00,1764259200004,2025-11-27T16:00:00.004000+00:00,9.88e-06,3009.75889922
2025-11-28 00:00:00.008000+00:00,1764288000008,2025-11-28T00:00:00.008000+00:00,-1.45e-06,3013.89
2025-11-28 08:00:00+00:00,1764316800000,2025-11-28T08:00:00+00:00,2.638e-05,3000.26055
2025-11-28 16:00:00.008000+00:00,1764345600008,2025-11-28T16:00:00.008000+00:00,-9.03e-06,3072.13665196
2025-11-29 00:00:00+00:00,1764374400000,2025-11-29T00:00:00+00:00,2.574e-05,3029.8
2025-11-29 08:00:00.005000+00:00,1764403200005,2025-11-29T08:00:00.005000+00:00,5.1e-06,3003.23
2025-11-29 16:00:00.001000+00:00,1764432000001,2025-11-29T16:00:00.001000+00:00,-1.52e-06,3006.09641139
2025-11-30 00:00:00.003000+00:00,1764460800003,2025-11-30T00:00:00.003000+00:00,7.916e-05,2987.96
2025-11-30 08:00:00+00:00,1764489600000,2025-11-30T08:00:00+00:00,4.019e-05,3003.55172093
2025-11-30 16:00:00.004000+00:00,1764518400004,2025-11-30T16:00:00.004000+00:00,3.707e-05,3027.88
2025-12-01 00:00:00+00:00,1764547200000,2025-12-01T00:00:00+00:00,5.374e-05,2990.24148837
2025-12-01 08:00:00.004000+00:00,1764576000004,2025-12-01T08:00:00.004000+00:00,7.757e-05,2838.6039575
2025-12-01 16:00:00+00:00,1764604800000,2025-12-01T16:00:00+00:00,-2.535e-05,2745.14208527
2025-12-02 00:00:00.004000+00:00,1764633600004,2025-12-02T00:00:00.004000+00:00,6.949e-05,2797.62505426
2025-12-02 08:00:00+00:00,1764662400000,2025-12-02T08:00:00+00:00,5.552e-05,2804.33772093
2025-12-02 16:00:00+00:00,1764691200000,2025-12-02T16:00:00+00:00,4.147e-05,3005.55
2025-12-03 00:00:00+00:00,1764720000000,2025-12-03T00:00:00+00:00,4.698e-05,2994.63
2025-12-03 08:00:00+00:00,1764748800000,2025-12-03T08:00:00+00:00,1.107e-05,3056.4
2025-12-03 16:00:00.005000+00:00,1764777600005,2025-12-03T16:00:00.005000+00:00,5.015e-05,3084.84
2025-12-04 00:00:00.012000+00:00,1764806400012,2025-12-04T00:00:00.012000+00:00,6.305e-05,3187.29982946
2025-12-04 08:00:00+00:00,1764835200000,2025-12-04T08:00:00+00:00,0.0001,3189.02
2025-12-04 16:00:00.011000+00:00,1764864000011,2025-12-04T16:00:00.011000+00:00,9.628e-05,3206.7
2025-12-05 00:00:00+00:00,1764892800000,2025-12-05T00:00:00+00:00,2.405e-05,3132.0
2025-12-05 08:00:00+00:00,1764921600000,2025-12-05T08:00:00+00:00,9.771e-05,3172.27
2025-12-05 16:00:00.010000+00:00,1764950400010,2025-12-05T16:00:00.010000+00:00,4.884e-05,3105.37104264
2025-12-06 00:00:00.001000+00:00,1764979200001,2025-12-06T00:00:00.001000+00:00,4.481e-05,3020.3345814
2025-12-06 08:00:00.001000+00:00,1765008000001,2025-12-06T08:00:00.001000+00:00,4.55e-06,3024.98
2025-12-06 16:00:00.008000+00:00,1765036800008,2025-12-06T16:00:00.008000+00:00,3.188e-05,3040.1
2025-12-07 00:00:00+00:00,1765065600000,2025-12-07T00:00:00+00:00,3.716e-05,3036.53
2025-12-07 08:00:00.004000+00:00,1765094400004,2025-12-07T08:00:00.004000+00:00,-9.74e-06,3036.0
2025-12-07 16:00:00+00:00,1765123200000,2025-12-07T16:00:00+00:00,1.448e-05,3027.5372093
2025-12-08 00:00:00+00:00,1765152000000,2025-12-08T00:00:00+00:00,2.807e-05,3058.13
2025-12-08 08:00:00+00:00,1765180800000,2025-12-08T08:00:00+00:00,7.24e-05,3132.81955814
2025-12-08 16:00:00.001000+00:00,1765209600001,2025-12-08T16:00:00.001000+00:00,4.139e-05,3099.69
2025-12-09 00:00:00.001000+00:00,1765238400001,2025-12-09T00:00:00.001000+00:00,5.283e-05,3123.15
2025-12-09 08:00:00.001000+00:00,1765267200001,2025-12-09T08:00:00.001000+00:00,6.214e-05,3120.99
2025-12-09 16:00:00.007000+00:00,1765296000007,2025-12-09T16:00:00.007000+00:00,3.873e-05,3244.57465116
2025-12-10 00:00:00.007000+00:00,1765324800007,2025-12-10T00:00:00.007000+00:00,0.0001,3316.5
2025-12-10 08:00:00.002000+00:00,1765353600002,2025-12-10T08:00:00.002000+00:00,7.429e-05,3325.6694186
2025-12-10 16:00:00.012000+00:00,1765382400012,2025-12-10T16:00:00.012000+00:00,3.462e-05,3326.70315504
2025-12-11 00:00:00.001000+00:00,1765411200001,2025-12-11T00:00:00.001000+00:00,6.92e-05,3322.84322481
2025-12-11 08:00:00+00:00,1765440000000,2025-12-11T08:00:00+00:00,1.38e-06,3200.04512831
2025-12-11 16:00:00+00:00,1765468800000,2025-12-11T16:00:00+00:00,2.616e-05,3178.20453488
2025-12-12 00:00:00.005000+00:00,1765497600005,2025-12-12T00:00:00.005000+00:00,-2.48e-06,3235.78
2025-12-12 08:00:00.007000+00:00,1765526400007,2025-12-12T08:00:00.007000+00:00,3.217e-05,3245.0
2025-12-12 16:00:00.002000+00:00,1765555200002,2025-12-12T16:00:00.002000+00:00,-2.36e-06,3072.10405814
2025-12-13 00:00:00.001000+00:00,1765584000001,2025-12-13T00:00:00.001000+00:00,1.07e-06,3083.34
2025-12-13 08:00:00.006000+00:00,1765612800006,2025-12-13T08:00:00.006000+00:00,-1.354e-05,3093.20392793
2025-12-13 16:00:00+00:00,1765641600000,2025-12-13T16:00:00+00:00,3.292e-05,3108.6523327
2025-12-14 00:00:00+00:00,1765670400000,2025-12-14T00:00:00+00:00,8.266e-05,3113.00076744
2025-12-14 08:00:00.003000+00:00,1765699200003,2025-12-14T08:00:00.003000+00:00,4.872e-05,3113.8825814
2025-12-14 16:00:00.005000+00:00,1765728000005,2025-12-14T16:00:00.005000+00:00,8.259e-05,3083.33
2025-12-15 00:00:00+00:00,1765756800000,2025-12-15T00:00:00+00:00,6.154e-05,3061.33
2025-12-15 08:00:00+00:00,1765785600000,2025-12-15T08:00:00+00:00,3.415e-05,3127.34
2025-12-15 16:00:00+00:00,1765814400000,2025-12-15T16:00:00+00:00,2.051e-05,3009.47985565
2025-12-16 00:00:00.002000+00:00,1765843200002,2025-12-16T00:00:00.002000+00:00,-6.41e-06,2963.26
2025-12-16 08:00:00+00:00,1765872000000,2025-12-16T08:00:00+00:00,2.281e-05,2922.62
2025-12-16 16:00:00.002000+00:00,1765900800002,2025-12-16T16:00:00.002000+00:00,-1.87e-05,2961.85
2025-12-17 00:00:00.004000+00:00,1765929600004,2025-12-17T00:00:00.004000+00:00,3.52e-06,2960.73833333
2025-12-17 08:00:00+00:00,1765958400000,2025-12-17T08:00:00+00:00,3.718e-05,2946.59
2025-12-17 16:00:00+00:00,1765987200000,2025-12-17T16:00:00+00:00,8.6e-07,2903.39
2025-12-18 00:00:00.005000+00:00,1766016000005,2025-12-18T00:00:00.005000+00:00,-1.833e-05,2832.0
2025-12-18 08:00:00.007000+00:00,1766044800007,2025-12-18T08:00:00.007000+00:00,-3.186e-05,2834.98
2025-12-18 16:00:00.001000+00:00,1766073600001,2025-12-18T16:00:00.001000+00:00,5.89e-05,2964.16
2025-12-19 00:00:00+00:00,1766102400000,2025-12-19T00:00:00+00:00,5.783e-05,2827.28557364
2025-12-19 08:00:00.001000+00:00,1766131200001,2025-12-19T08:00:00.001000+00:00,7.285e-05,2950.56593023
2025-12-19 16:00:00+00:00,1766160000000,2025-12-19T16:00:00+00:00,9.196e-05,2963.53419006
2025-12-20 00:00:00.005000+00:00,1766188800005,2025-12-20T00:00:00.005000+00:00,1.997e-05,2978.40965891
2025-12-20 08:00:00+00:00,1766217600000,2025-12-20T08:00:00+00:00,1.909e-05,2980.30465891
2025-12-20 16:00:00.002000+00:00,1766246400002,2025-12-20T16:00:00.002000+00:00,9.03e-06,2975.58
2025-12-21 00:00:00+00:00,1766275200000,2025-12-21T00:00:00+00:00,1.836e-05,2976.54
2025-12-21 08:00:00.009000+00:00,1766304000009,2025-12-21T08:00:00.009000+00:00,4.198e-05,2979.86175194
2025-12-21 16:00:00+00:00,1766332800000,2025-12-21T16:00:00+00:00,3.37e-06,2973.41665891
2025-12-22 00:00:00+00:00,1766361600000,2025-12-22T00:00:00+00:00,-2.332e-05,3000.72510853
2025-12-22 08:00:00.005000+00:00,1766390400005,2025-12-22T08:00:00.005000+00:00,5.76e-06,3028.38
2025-12-22 16:00:00.009000+00:00,1766419200009,2025-12-22T16:00:00.009000+00:00,-5.69e-06,3051.42631783
2025-12-23 00:00:00+00:00,1766448000000,2025-12-23T00:00:00+00:00,3.812e-05,3008.1
2025-12-23 08:00:00+00:00,1766476800000,2025-12-23T08:00:00+00:00,6.79e-05,2963.57
2025-12-23 16:00:00.001000+00:00,1766505600001,2025-12-23T16:00:00.001000+00:00,2.64e-05,2927.74589922
2025-12-24 00:00:00.001000+00:00,1766534400001,2025-12-24T00:00:00.001000+00:00,2.584e-05,2963.29
2025-12-24 08:00:00.001000+00:00,1766563200001,2025-12-24T08:00:00.001000+00:00,6.186e-05,2931.36
2025-12-24 16:00:00+00:00,1766592000000,2025-12-24T16:00:00+00:00,5.629e-05,2924.43882171
2025-12-25 00:00:00+00:00,1766620800000,2025-12-25T00:00:00+00:00,6.527e-05,2946.23
2025-12-25 08:00:00.001000+00:00,1766649600001,2025-12-25T08:00:00.001000+00:00,6.688e-05,2940.84
2025-12-25 16:00:00.005000+00:00,1766678400005,2025-12-25T16:00:00.005000+00:00,4.97e-05,2959.48
2025-12-26 00:00:00.004000+00:00,1766707200004,2025-12-26T00:00:00.004000+00:00,5.028e-05,2902.63771318
2025-12-26 08:00:00.001000+00:00,1766736000001,2025-12-26T08:00:00.001000+00:00,6.473e-05,2955.52842636
2025-12-26 16:00:00.007000+00:00,1766764800007,2025-12-26T16:00:00.007000+00:00,3.451e-05,2921.51
2025-12-27 00:00:00+00:00,1766793600000,2025-12-27T00:00:00+00:00,4.038e-05,2926.82235365
2025-12-27 08:00:00+00:00,1766822400000,2025-12-27T08:00:00+00:00,-5.19e-06,2931.47
2025-12-27 16:00:00.011000+00:00,1766851200011,2025-12-27T16:00:00.011000+00:00,8.133e-05,2925.53
2025-12-28 00:00:00.008000+00:00,1766880000008,2025-12-28T00:00:00.008000+00:00,5.105e-05,2947.61
2025-12-28 08:00:00+00:00,1766908800000,2025-12-28T08:00:00+00:00,7.91e-05,2937.78866667
2025-12-28 16:00:00+00:00,1766937600000,2025-12-28T16:00:00+00:00,4.862e-05,2948.08154264
2025-12-29 00:00:00.016000+00:00,1766966400016,2025-12-29T00:00:00.016000+00:00,9.172e-05,2949.59
2025-12-29 08:00:00.001000+00:00,1766995200001,2025-12-29T08:00:00.001000+00:00,8.496e-05,3018.46
2025-12-29 16:00:00+00:00,1767024000000,2025-12-29T16:00:00+00:00,1.862e-05,2934.04247287
2025-12-30 00:00:00.005000+00:00,1767052800005,2025-12-30T00:00:00.005000+00:00,-1.536e-05,2936.46
2025-12-30 08:00:00.001000+00:00,1767081600001,2025-12-30T08:00:00.001000+00:00,3.92e-05,2949.50734964
2025-12-30 16:00:00.003000+00:00,1767110400003,2025-12-30T16:00:00.003000+00:00,0.0001,2988.49
2025-12-31 00:00:00.004000+00:00,1767139200004,2025-12-31T00:00:00.004000+00:00,5.157e-05,2972.28718605
2025-12-31 08:00:00.001000+00:00,1767168000001,2025-12-31T08:00:00.001000+00:00,1.205e-05,2975.56608527
2025-12-31 16:00:00.001000+00:00,1767196800001,2025-12-31T16:00:00.001000+00:00,3.527e-05,2984.3
2026-01-01 00:00:00.008000+00:00,1767225600008,2026-01-01T00:00:00.008000+00:00,0.0001,2970.4651982
2026-01-01 08:00:00.002000+00:00,1767254400002,2026-01-01T08:00:00.002000+00:00,8.799e-05,2977.34010078
2026-01-01 16:00:00.001000+00:00,1767283200001,2026-01-01T16:00:00.001000+00:00,-5.6e-06,2988.45
2026-01-02 00:00:00.006000+00:00,1767312000006,2026-01-02T00:00:00.006000+00:00,5.053e-05,3002.5
2026-01-02 08:00:00.007000+00:00,1767340800007,2026-01-02T08:00:00.007000+00:00,3.09e-05,3016.99
2026-01-02 16:00:00+00:00,1767369600000,2026-01-02T16:00:00+00:00,0.0001,3085.09
2026-01-03 00:00:00.001000+00:00,1767398400001,2026-01-03T00:00:00.001000+00:00,5.187e-05,3123.89
2026-01-03 08:00:00+00:00,1767427200000,2026-01-03T08:00:00+00:00,3.421e-05,3089.51
2026-01-03 16:00:00+00:00,1767456000000,2026-01-03T16:00:00+00:00,3.231e-05,3099.91
2026-01-04 00:00:00+00:00,1767484800000,2026-01-04T00:00:00+00:00,7.598e-05,3125.59455039
2026-01-04 08:00:00+00:00,1767513600000,2026-01-04T08:00:00+00:00,2.12e-06,3139.60639535
2026-01-04 16:00:00.001000+00:00,1767542400001,2026-01-04T16:00:00.001000+00:00,7.231e-05,3134.42257364
2026-01-05 00:00:00+00:00,1767571200000,2026-01-05T00:00:00+00:00,7.926e-05,3143.75382171
2026-01-05 08:00:00+00:00,1767600000000,2026-01-05T08:00:00+00:00,9.66e-06,3156.17
2026-01-05 16:00:00+00:00,1767628800000,2026-01-05T16:00:00+00:00,5.085e-05,3195.50585806
2026-01-06 00:00:00.010000+00:00,1767657600010,2026-01-06T00:00:00.010000+00:00,8.035e-05,3223.72
2026-01-06 08:00:00+00:00,1767686400000,2026-01-06T08:00:00+00:00,6.876e-05,3218.05831783
2026-01-06 16:00:00+00:00,1767715200000,2026-01-06T16:00:00+00:00,4.25e-05,3270.74
2026-01-07 00:00:00.001000+00:00,1767744000001,2026-01-07T00:00:00.001000+00:00,7.658e-05,3295.45
2026-01-07 08:00:00.001000+00:00,1767772800001,2026-01-07T08:00:00.001000+00:00,7.268e-05,3254.0
2026-01-07 16:00:00.001000+00:00,1767801600001,2026-01-07T16:00:00.001000+00:00,3.902e-05,3163.52
2026-01-08 00:00:00.001000+00:00,1767830400001,2026-01-08T00:00:00.001000+00:00,7.044e-05,3167.31
2026-01-08 08:00:00+00:00,1767859200000,2026-01-08T08:00:00+00:00,7.658e-05,3126.43916279
2026-01-08 16:00:00+00:00,1767888000000,2026-01-08T16:00:00+00:00,4.9e-07,3103.45
2026-01-09 00:00:00.003000+00:00,1767916800003,2026-01-09T00:00:00.003000+00:00,6.634e-05,3105.14
2026-01-09 08:00:00+00:00,1767945600000,2026-01-09T08:00:00+00:00,3.789e-05,3109.75
2026-01-09 16:00:00.001000+00:00,1767974400001,2026-01-09T16:00:00.001000+00:00,5.562e-05,3111.39
2026-01-10 00:00:00+00:00,1768003200000,2026-01-10T00:00:00+00:00,8.959e-05,3087.15
2026-01-10 08:00:00.002000+00:00,1768032000002,2026-01-10T08:00:00.002000+00:00,0.0001,3091.5
2026-01-10 16:00:00.001000+00:00,1768060800001,2026-01-10T16:00:00.001000+00:00,5.277e-05,3094.12
2026-01-11 00:00:00.003000+00:00,1768089600003,2026-01-11T00:00:00.003000+00:00,9.824e-05,3085.47162016
2026-01-11 08:00:00.006000+00:00,1768118400006,2026-01-11T08:00:00.006000+00:00,6.573e-05,3094.03
2026-01-11 16:00:00+00:00,1768147200000,2026-01-11T16:00:00+00:00,5.876e-05,3117.21564341
2026-01-12 00:00:00.005000+00:00,1768176000005,2026-01-12T00:00:00.005000+00:00,0.0001,3122.46500775
2026-01-12 08:00:00+00:00,1768204800000,2026-01-12T08:00:00+00:00,3.472e-05,3133.95
2026-01-12 16:00:00+00:00,1768233600000,2026-01-12T16:00:00+00:00,6.663e-05,3128.99
2026-01-13 00:00:00.007000+00:00,1768262400007,2026-01-13T00:00:00.007000+00:00,4.704e-05,3093.98831783
2026-01-13 08:00:00.009000+00:00,1768291200009,2026-01-13T08:00:00.009000+00:00,9.164e-05,3121.08
2026-01-13 16:00:00.002000+00:00,1768320000002,2026-01-13T16:00:00.002000+00:00,2.672e-05,3183.1
2026-01-14 00:00:00+00:00,1768348800000,2026-01-14T00:00:00+00:00,0.0001,3324.69
2026-01-14 08:00:00.001000+00:00,1768377600001,2026-01-14T08:00:00.001000+00:00,0.0001,3334.88
2026-01-14 16:00:00.004000+00:00,1768406400004,2026-01-14T16:00:00.004000+00:00,8.331e-05,3344.2
2026-01-15 00:00:00+00:00,1768435200000,2026-01-15T00:00:00+00:00,5.358e-05,3353.28
2026-01-15 08:00:00.004000+00:00,1768464000004,2026-01-15T08:00:00.004000+00:00,6.58e-06,3328.64
2026-01-15 16:00:00.002000+00:00,1768492800002,2026-01-15T16:00:00.002000+00:00,9.722e-05,3330.13646124
2026-01-16 00:00:00+00:00,1768521600000,2026-01-16T00:00:00+00:00,3.284e-05,3317.02828682
2026-01-16 08:00:00+00:00,1768550400000,2026-01-16T08:00:00+00:00,3.558e-05,3308.16
2026-01-16 16:00:00.001000+00:00,1768579200001,2026-01-16T16:00:00.001000+00:00,2.767e-05,3263.05
2026-01-17 00:00:00+00:00,1768608000000,2026-01-17T00:00:00+00:00,8.371e-05,3294.69
2026-01-17 08:00:00+00:00,1768636800000,2026-01-17T08:00:00+00:00,8.079e-05,3290.17573643
2026-01-17 16:00:00.002000+00:00,1768665600002,2026-01-17T16:00:00.002000+00:00,6.017e-05,3328.13
2026-01-18 00:00:00.001000+00:00,1768694400001,2026-01-18T00:00:00.001000+00:00,3.761e-05,3308.91089147
2026-01-18 08:00:00+00:00,1768723200000,2026-01-18T08:00:00+00:00,1.351e-05,3305.66
2026-01-18 16:00:00+00:00,1768752000000,2026-01-18T16:00:00+00:00,2.477e-05,3332.52959941
2026-01-19 00:00:00.007000+00:00,1768780800007,2026-01-19T00:00:00.007000+00:00,5.221e-05,3283.1032093
2026-01-19 08:00:00.007000+00:00,1768809600007,2026-01-19T08:00:00.007000+00:00,-1.14e-05,3205.71
2026-01-19 16:00:00.007000+00:00,1768838400007,2026-01-19T16:00:00.007000+00:00,1.428e-05,3214.56658915
2026-01-20 00:00:00.005000+00:00,1768867200005,2026-01-20T00:00:00.005000+00:00,8.611e-05,3188.17400901
2026-01-20 08:00:00.001000+00:00,1768896000001,2026-01-20T08:00:00.001000+00:00,6.101e-05,3121.56937209
2026-01-20 16:00:00.009000+00:00,1768924800009,2026-01-20T16:00:00.009000+00:00,1.232e-05,3031.71069767
2026-01-21 00:00:00.001000+00:00,1768953600001,2026-01-21T00:00:00.001000+00:00,5.52e-06,2938.29662016
2026-01-21 08:00:00.011000+00:00,1768982400011,2026-01-21T08:00:00.011000+00:00,5.3e-06,2969.25408527
2026-01-21 16:00:00.011000+00:00,1769011200011,2026-01-21T16:00:00.011000+00:00,1.113e-05,3001.22
2026-01-22 00:00:00.010000+00:00,1769040000010,2026-01-22T00:00:00.010000+00:00,2.119e-05,2980.80246512
2026-01-22 08:00:00.003000+00:00,1769068800003,2026-01-22T08:00:00.003000+00:00,7.681e-05,3000.01
2026-01-22 16:00:00.005000+00:00,1769097600005,2026-01-22T16:00:00.005000+00:00,-2.933e-05,2941.55707752
2026-01-23 00:00:00.005000+00:00,1769126400005,2026-01-23T00:00:00.005000+00:00,1.674e-05,2951.21
2026-01-23 08:00:00+00:00,1769155200000,2026-01-23T08:00:00+00:00,2.868e-05,2946.97571318
2026-01-23 16:00:00.011000+00:00,1769184000011,2026-01-23T16:00:00.011000+00:00,5.045e-05,2951.24
2026-01-24 00:00:00.011000+00:00,1769212800011,2026-01-24T00:00:00.011000+00:00,3.675e-05,2955.08
2026-01-24 08:00:00.002000+00:00,1769241600002,2026-01-24T08:00:00.002000+00:00,1.171e-05,2956.0
2026-01-24 16:00:00.001000+00:00,1769270400001,2026-01-24T16:00:00.001000+00:00,1.292e-05,2955.54
2026-01-25 00:00:00.002000+00:00,1769299200002,2026-01-25T00:00:00.002000+00:00,4.065e-05,2952.08
2026-01-25 08:00:00.011000+00:00,1769328000011,2026-01-25T08:00:00.011000+00:00,6.759e-05,2938.43
2026-01-25 16:00:00.005000+00:00,1769356800005,2026-01-25T16:00:00.005000+00:00,4.059e-05,2925.57100775
2026-01-26 00:00:00+00:00,1769385600000,2026-01-26T00:00:00+00:00,-0.00013629,2815.96
2026-01-26 08:00:00.003000+00:00,1769414400003,2026-01-26T08:00:00.003000+00:00,6.54e-05,2903.0
2026-01-26 16:00:00+00:00,1769443200000,2026-01-26T16:00:00+00:00,1.326e-05,2898.08531008
2026-01-27 00:00:00.002000+00:00,1769472000002,2026-01-27T00:00:00.002000+00:00,7.255e-05,2928.9
2026-01-27 08:00:00+00:00,1769500800000,2026-01-27T08:00:00+00:00,8.694e-05,2927.95
2026-01-27 16:00:00+00:00,1769529600000,2026-01-27T16:00:00+00:00,9.488e-05,2936.46734964
2026-01-28 00:00:00+00:00,1769558400000,2026-01-28T00:00:00+00:00,8.698e-05,3024.92
2026-01-28 08:00:00+00:00,1769587200000,2026-01-28T08:00:00+00:00,9.559e-05,3004.06
2026-01-28 16:00:00+00:00,1769616000000,2026-01-28T16:00:00+00:00,4.501e-05,3006.11
2026-01-29 00:00:00+00:00,1769644800000,2026-01-29T00:00:00+00:00,4.731e-05,3009.43262791
2026-01-29 08:00:00.009000+00:00,1769673600009,2026-01-29T08:00:00.009000+00:00,4.078e-05,2960.11
2026-01-29 16:00:00+00:00,1769702400000,2026-01-29T16:00:00+00:00,-1.167e-05,2822.9803769
2026-01-30 00:00:00.008000+00:00,1769731200008,2026-01-30T00:00:00.008000+00:00,4.73e-06,2821.16860465
2026-01-30 08:00:00+00:00,1769760000000,2026-01-30T08:00:00+00:00,-3.08e-06,2738.97818605
2026-01-30 16:00:00.001000+00:00,1769788800001,2026-01-30T16:00:00.001000+00:00,-5.6e-07,2728.23081395
2026-01-31 00:00:00+00:00,1769817600000,2026-01-31T00:00:00+00:00,-7.003e-05,2705.70828682
2026-01-31 08:00:00.001000+00:00,1769846400001,2026-01-31T08:00:00.001000+00:00,1.854e-05,2678.85
2026-01-31 16:00:00.009000+00:00,1769875200009,2026-01-31T16:00:00.009000+00:00,-8.908e-05,2532.73
2026-02-01 00:00:00.001000+00:00,1769904000001,2026-02-01T00:00:00.001000+00:00,-0.00016427,2450.28496124
2026-02-01 08:00:00.004000+00:00,1769932800004,2026-02-01T08:00:00.004000+00:00,1.415e-05,2410.09168992
2026-02-01 16:00:00+00:00,1769961600000,2026-02-01T16:00:00+00:00,-7.308e-05,2313.97
2026-02-02 00:00:00+00:00,1769990400000,2026-02-02T00:00:00+00:00,-0.00015302,2269.04
2026-02-02 08:00:00.014000+00:00,1770019200014,2026-02-02T08:00:00.014000+00:00,-8.208e-05,2227.81549612
2026-02-02 16:00:00+00:00,1770048000000,2026-02-02T16:00:00+00:00,-0.00010921,2370.86
2026-02-03 00:00:00+00:00,1770076800000,2026-02-03T00:00:00+00:00,-0.00015482,2345.61148757
2026-02-03 08:00:00.007000+00:00,1770105600007,2026-02-03T08:00:00.007000+00:00,1.01e-05,2322.0
2026-02-03 16:00:00+00:00,1770134400000,2026-02-03T16:00:00+00:00,-3.903e-05,2302.36555814
2026-02-04 00:00:00.002000+00:00,1770163200002,2026-02-04T00:00:00.002000+00:00,-2.474e-05,2232.23
2026-02-04 08:00:00.007000+00:00,1770192000007,2026-02-04T08:00:00.007000+00:00,2.076e-05,2282.97981395
2026-02-04 16:00:00+00:00,1770220800000,2026-02-04T16:00:00+00:00,-6.117e-05,2150.2983761
2026-02-05 00:00:00.011000+00:00,1770249600011,2026-02-05T00:00:00.011000+00:00,5.503e-05,2147.46
2026-02-05 08:00:00+00:00,1770278400000,2026-02-05T08:00:00+00:00,-5.04e-06,2090.27147955
2026-02-05 16:00:00.007000+00:00,1770307200007,2026-02-05T16:00:00.007000+00:00,-7.797e-05,1959.31603876
2026-02-06 00:00:00+00:00,1770336000000,2026-02-06T00:00:00+00:00,-0.00027709,1825.43212403
2026-02-06 08:00:00.001000+00:00,1770364800001,2026-02-06T08:00:00.001000+00:00,-8.43e-05,1897.98374419
2026-02-06 16:00:00+00:00,1770393600000,2026-02-06T16:00:00+00:00,1.852e-05,1979.44
2026-02-07 00:00:00.003000+00:00,1770422400003,2026-02-07T00:00:00.003000+00:00,0.0001,2062.55
2026-02-07 08:00:00+00:00,1770451200000,2026-02-07T08:00:00+00:00,-1.83e-06,2027.29
2026-02-07 16:00:00.010000+00:00,1770480000010,2026-02-07T16:00:00.010000+00:00,1.636e-05,2051.48
2026-02-08 00:00:00.003000+00:00,1770508800003,2026-02-08T00:00:00.003000+00:00,2.665e-05,2086.11494387
2026-02-08 08:00:00+00:00,1770537600000,2026-02-08T08:00:00+00:00,-3.046e-05,2083.49
2026-02-08 16:00:00+00:00,1770566400000,2026-02-08T16:00:00+00:00,-5.398e-05,2107.3
2026-02-09 00:00:00.002000+00:00,1770595200002,2026-02-09T00:00:00.002000+00:00,-4.033e-05,2088.75428682
2026-02-09 08:00:00.001000+00:00,1770624000001,2026-02-09T08:00:00.001000+00:00,-4.865e-05,2064.47652713
2026-02-09 16:00:00.007000+00:00,1770652800007,2026-02-09T16:00:00.007000+00:00,-3.34e-06,2060.83712403
2026-02-10 00:00:00+00:00,1770681600000,2026-02-10T00:00:00+00:00,4.269e-05,2103.96
2026-02-10 08:00:00.007000+00:00,1770710400007,2026-02-10T08:00:00.007000+00:00,-0.0001521,2006.06
2026-02-10 16:00:00+00:00,1770739200000,2026-02-10T16:00:00+00:00,-0.00019437,2021.35
2026-02-11 00:00:00+00:00,1770768000000,2026-02-11T00:00:00+00:00,-8.436e-05,2021.51
2026-02-11 08:00:00.006000+00:00,1770796800006,2026-02-11T08:00:00.006000+00:00,-0.00012968,1949.68625581
2026-02-11 16:00:00+00:00,1770825600000,2026-02-11T16:00:00+00:00,-0.00012326,1928.52912403
2026-02-12 00:00:00+00:00,1770854400000,2026-02-12T00:00:00+00:00,-2.549e-05,1941.76651938
2026-02-12 08:00:00.001000+00:00,1770883200001,2026-02-12T08:00:00.001000+00:00,2.239e-05,1968.92914729
2026-02-12 16:00:00.001000+00:00,1770912000001,2026-02-12T16:00:00.001000+00:00,-4.103e-05,1947.61516279
2026-02-13 00:00:00.007000+00:00,1770940800007,2026-02-13T00:00:00.007000+00:00,-0.00010652,1947.15
2026-02-13 08:00:00.003000+00:00,1770969600003,2026-02-13T08:00:00.003000+00:00,-2.874e-05,1934.88
2026-02-13 16:00:00.005000+00:00,1770998400005,2026-02-13T16:00:00.005000+00:00,4.26e-05,2033.96
2026-02-14 00:00:00.002000+00:00,1771027200002,2026-02-14T00:00:00.002000+00:00,-2.68e-06,2047.88078619
2026-02-14 08:00:00.004000+00:00,1771056000004,2026-02-14T08:00:00.004000+00:00,1.442e-05,2056.14024806
2026-02-14 16:00:00.002000+00:00,1771084800002,2026-02-14T16:00:00.002000+00:00,-1.921e-05,2086.68243384
2026-02-15 00:00:00+00:00,1771113600000,2026-02-15T00:00:00+00:00,-6.367e-05,2085.43
2026-02-15 08:00:00.002000+00:00,1771142400002,2026-02-15T08:00:00.002000+00:00,6.204e-05,2090.58
2026-02-15 16:00:00+00:00,1771171200000,2026-02-15T16:00:00+00:00,-7.55e-05,2010.49714729
2026-02-16 00:00:00.001000+00:00,1771200000001,2026-02-16T00:00:00.001000+00:00,-5.314e-05,1965.48
2026-02-16 08:00:00.003000+00:00,1771228800003,2026-02-16T08:00:00.003000+00:00,-5.925e-05,1970.21229457
2026-02-16 16:00:00+00:00,1771257600000,2026-02-16T16:00:00+00:00,-3.499e-05,1955.64
2026-02-17 00:00:00.008000+00:00,1771286400008,2026-02-17T00:00:00.008000+00:00,5.298e-05,1997.35
2026-02-17 08:00:00.001000+00:00,1771315200001,2026-02-17T08:00:00.001000+00:00,8.43e-06,1984.85
2026-02-17 16:00:00.002000+00:00,1771344000002,2026-02-17T16:00:00.002000+00:00,-4.733e-05,1967.7
2026-02-18 00:00:00+00:00,1771372800000,2026-02-18T00:00:00+00:00,1.121e-05,1990.67
2026-02-18 08:00:00+00:00,1771401600000,2026-02-18T08:00:00+00:00,-3.783e-05,2017.19
2026-02-18 16:00:00.011000+00:00,1771430400011,2026-02-18T16:00:00.011000+00:00,-8.66e-06,1984.71284496
2026-02-19 00:00:00.013000+00:00,1771459200013,2026-02-19T00:00:00.013000+00:00,-0.00010561,1954.81500775
2026-02-19 08:00:00+00:00,1771488000000,2026-02-19T08:00:00+00:00,-3.009e-05,1980.92974419
2026-02-19 16:00:00.003000+00:00,1771516800003,2026-02-19T16:00:00.003000+00:00,-7.865e-05,1925.28112403
2026-02-20 00:00:00+00:00,1771545600000,2026-02-20T00:00:00+00:00,-4.637e-05,1948.15
2026-02-20 08:00:00+00:00,1771574400000,2026-02-20T08:00:00+00:00,-3.19e-05,1959.93202326
2026-02-20 16:00:00+00:00,1771603200000,2026-02-20T16:00:00+00:00,-7.16e-05,1963.06
2026-02-21 00:00:00.004000+00:00,1771632000004,2026-02-21T00:00:00.004000+00:00,3.05e-05,1967.91587597
2026-02-21 08:00:00+00:00,1771660800000,2026-02-21T08:00:00+00:00,4.592e-05,1962.01
2026-02-21 16:00:00.005000+00:00,1771689600005,2026-02-21T16:00:00.005000+00:00,6.628e-05,1987.20836006
2026-02-22 00:00:00.001000+00:00,1771718400001,2026-02-22T00:00:00.001000+00:00,3.845e-05,1972.79506202
2026-02-22 08:00:00.004000+00:00,1771747200004,2026-02-22T08:00:00.004000+00:00,1.584e-05,1975.0
2026-02-22 16:00:00+00:00,1771776000000,2026-02-22T16:00:00+00:00,-4.379e-05,1953.10791099
2026-02-23 00:00:00.001000+00:00,1771804800001,2026-02-23T00:00:00.001000+00:00,-3.343e-05,1957.01
2026-02-23 08:00:00+00:00,1771833600000,2026-02-23T08:00:00+00:00,-0.00036526,1884.2925814
2026-02-23 16:00:00+00:00,1771862400000,2026-02-23T16:00:00+00:00,1.654e-05,1895.00985271
2026-02-24 00:00:00.007000+00:00,1771891200007,2026-02-24T00:00:00.007000+00:00,2.61e-05,1855.60082171
2026-02-24 08:00:00+00:00,1771920000000,2026-02-24T08:00:00+00:00,-4.446e-05,1824.77
2026-02-24 16:00:00.001000+00:00,1771948800001,2026-02-24T16:00:00.001000+00:00,-2.974e-05,1846.81313953
2026-02-25 00:00:00.001000+00:00,1771977600001,2026-02-25T00:00:00.001000+00:00,-2.455e-05,1851.1
2026-02-25 08:00:00.007000+00:00,1772006400007,2026-02-25T08:00:00.007000+00:00,4.558e-05,1892.48311628
2026-02-25 16:00:00+00:00,1772035200000,2026-02-25T16:00:00+00:00,5.753e-05,2012.98563566
2026-02-26 00:00:00+00:00,1772064000000,2026-02-26T00:00:00+00:00,7.787e-05,2056.85373643
2026-02-26 08:00:00.006000+00:00,1772092800006,2026-02-26T08:00:00.006000+00:00,-2.591e-05,2052.48
2026-02-26 16:00:00.002000+00:00,1772121600002,2026-02-26T16:00:00.002000+00:00,3.926e-05,2032.33
2026-02-27 00:00:00.007000+00:00,1772150400007,2026-02-27T00:00:00.007000+00:00,1.39e-05,2026.7
2026-02-27 08:00:00+00:00,1772179200000,2026-02-27T08:00:00+00:00,3.34e-06,2031.54
2026-02-27 16:00:00.001000+00:00,1772208000001,2026-02-27T16:00:00.001000+00:00,-0.00011015,1947.49694066
2026-02-28 00:00:00+00:00,1772236800000,2026-02-28T00:00:00+00:00,-8.821e-05,1928.71803128
2026-02-28 08:00:00+00:00,1772265600000,2026-02-28T08:00:00+00:00,-9.456e-05,1865.63
2026-02-28 16:00:00.004000+00:00,1772294400004,2026-02-28T16:00:00.004000+00:00,-7.186e-05,1897.78
2026-03-01 00:00:00.005000+00:00,1772323200005,2026-03-01T00:00:00.005000+00:00,-3.406e-05,1963.60241085
2026-03-01 08:00:00+00:00,1772352000000,2026-03-01T08:00:00+00:00,4.986e-05,2006.28889147
2026-03-01 16:00:00.002000+00:00,1772380800002,2026-03-01T16:00:00.002000+00:00,5.291e-05,1992.1
2026-03-02 00:00:00.001000+00:00,1772409600001,2026-03-02T00:00:00.001000+00:00,-7.621e-05,1938.57
2026-03-02 08:00:00.007000+00:00,1772438400007,2026-03-02T08:00:00.007000+00:00,-4.31e-05,1940.25
2026-03-02 16:00:00+00:00,1772467200000,2026-03-02T16:00:00+00:00,-6.736e-05,2046.41481395
2026-03-03 00:00:00+00:00,1772496000000,2026-03-03T00:00:00+00:00,4.93e-05,2026.7
2026-03-03 08:00:00+00:00,1772524800000,2026-03-03T08:00:00+00:00,-2.809e-05,1995.33233761
2026-03-03 16:00:00.007000+00:00,1772553600007,2026-03-03T16:00:00.007000+00:00,-9.532e-05,1968.23864074
2026-03-04 00:00:00.001000+00:00,1772582400001,2026-03-04T00:00:00.001000+00:00,-3.92e-06,1981.85
2026-03-04 08:00:00.005000+00:00,1772611200005,2026-03-04T08:00:00.005000+00:00,-7.107e-05,2006.39296124
2026-03-04 16:00:00+00:00,1772640000000,2026-03-04T16:00:00+00:00,6.615e-05,2149.3
2026-03-05 00:00:00+00:00,1772668800000,2026-03-05T00:00:00+00:00,-1.331e-05,2126.39948837
2026-03-05 08:00:00+00:00,1772697600000,2026-03-05T08:00:00+00:00,-8.37e-06,2104.43954264
2026-03-05 16:00:00.004000+00:00,1772726400004,2026-03-05T16:00:00.004000+00:00,-1.463e-05,2086.19674419
2026-03-06 00:00:00.001000+00:00,1772755200001,2026-03-06T00:00:00.001000+00:00,4.376e-05,2072.10115504
2026-03-06 08:00:00.001000+00:00,1772784000001,2026-03-06T08:00:00.001000+00:00,-2.383e-05,2081.89
2026-03-06 16:00:00.004000+00:00,1772812800004,2026-03-06T16:00:00.004000+00:00,-9.858e-05,1976.7294186
2026-03-07 00:00:00.001000+00:00,1772841600001,2026-03-07T00:00:00.001000+00:00,-4.995e-05,1977.78678295
2026-03-07 08:00:00.012000+00:00,1772870400012,2026-03-07T08:00:00.012000+00:00,-9.16e-06,1982.18
2026-03-07 16:00:00.001000+00:00,1772899200001,2026-03-07T16:00:00.001000+00:00,-2.26e-05,1980.18
2026-03-08 00:00:00.001000+00:00,1772928000001,2026-03-08T00:00:00.001000+00:00,-4.775e-05,1968.4
2026-03-08 08:00:00+00:00,1772956800000,2026-03-08T08:00:00+00:00,-8.766e-05,1954.22631783
2026-03-08 16:00:00.002000+00:00,1772985600002,2026-03-08T16:00:00.002000+00:00,-7.522e-05,1942.16876744
2026-03-09 00:00:00+00:00,1773014400000,2026-03-09T00:00:00+00:00,-0.00022545,1936.1790417
2026-03-09 08:00:00.004000+00:00,1773043200004,2026-03-09T08:00:00.004000+00:00,2.557e-05,1982.61
2026-03-09 16:00:00.003000+00:00,1773072000003,2026-03-09T16:00:00.003000+00:00,5.482e-05,2021.88922481
2026-03-10 00:00:00.012000+00:00,1773100800012,2026-03-10T00:00:00.012000+00:00,4.253e-05,1992.63307752
2026-03-10 08:00:00.002000+00:00,1773129600002,2026-03-10T08:00:00.002000+00:00,5.082e-05,2049.99
2026-03-10 16:00:00.001000+00:00,1773158400001,2026-03-10T16:00:00.001000+00:00,2.672e-05,2078.40825581
2026-03-11 00:00:00+00:00,1773187200000,2026-03-11T00:00:00+00:00,-3.94e-06,2035.59637984
2026-03-11 08:00:00.007000+00:00,1773216000007,2026-03-11T08:00:00.007000+00:00,-7.4e-07,2011.58
2026-03-11 16:00:00.010000+00:00,1773244800010,2026-03-11T16:00:00.010000+00:00,2.992e-05,2048.84
2026-03-12 00:00:00+00:00,1773273600000,2026-03-12T00:00:00+00:00,9.02e-06,2051.23
2026-03-12 08:00:00+00:00,1773302400000,2026-03-12T08:00:00+00:00,-6.811e-05,2039.95117054
2026-03-12 16:00:00+00:00,1773331200000,2026-03-12T16:00:00+00:00,-1.513e-05,2071.52148062
2026-03-13 00:00:00.006000+00:00,1773360000006,2026-03-13T00:00:00.006000+00:00,2.264e-05,2072.68
2026-03-13 08:00:00.001000+00:00,1773388800001,2026-03-13T08:00:00.001000+00:00,-6.3e-07,2098.45
2026-03-13 16:00:00+00:00,1773417600000,2026-03-13T16:00:00+00:00,2.099e-05,2127.21085271
2026-03-14 00:00:00.001000+00:00,1773446400001,2026-03-14T00:00:00.001000+00:00,2.679e-05,2091.60681395
2026-03-14 08:00:00+00:00,1773475200000,2026-03-14T08:00:00+00:00,-2.367e-05,2076.46232663
2026-03-14 16:00:00.007000+00:00,1773504000007,2026-03-14T16:00:00.007000+00:00,-4.1e-05,2073.66222481
2026-03-15 00:00:00+00:00,1773532800000,2026-03-15T00:00:00+00:00,-4.662e-05,2095.28
2026-03-15 08:00:00+00:00,1773561600000,2026-03-15T08:00:00+00:00,1.371e-05,2104.96
2026-03-15 16:00:00+00:00,1773590400000,2026-03-15T16:00:00+00:00,3.459e-05,2092.93
2026-03-16 00:00:00+00:00,1773619200000,2026-03-16T00:00:00+00:00,7.611e-05,2177.73
2026-03-16 08:00:00.010000+00:00,1773648000010,2026-03-16T08:00:00.010000+00:00,0.0001,2248.44
2026-03-16 16:00:00+00:00,1773676800000,2026-03-16T16:00:00+00:00,7.073e-05,2272.54772868
2026-03-17 00:00:00+00:00,1773705600000,2026-03-17T00:00:00+00:00,5.155e-05,2351.67
2026-03-17 08:00:00.002000+00:00,1773734400002,2026-03-17T08:00:00.002000+00:00,1.964e-05,2327.07070543
2026-03-17 16:00:00.011000+00:00,1773763200011,2026-03-17T16:00:00.011000+00:00,-1.057e-05,2314.99991473
2026-03-18 00:00:00.002000+00:00,1773792000002,2026-03-18T00:00:00.002000+00:00,1.504e-05,2316.45
2026-03-18 08:00:00.002000+00:00,1773820800002,2026-03-18T08:00:00.002000+00:00,1.301e-05,2316.6
2026-03-18 16:00:00.005000+00:00,1773849600005,2026-03-18T16:00:00.005000+00:00,-1.399e-05,2186.25
2026-03-19 00:00:00+00:00,1773878400000,2026-03-19T00:00:00+00:00,-3.8e-06,2202.12897674
2026-03-19 08:00:00.003000+00:00,1773907200003,2026-03-19T08:00:00.003000+00:00,-8.71e-06,2165.24121318
2026-03-19 16:00:00.003000+00:00,1773936000003,2026-03-19T16:00:00.003000+00:00,6.6e-07,2117.61
2026-03-20 00:00:00.002000+00:00,1773964800002,2026-03-20T00:00:00.002000+00:00,-6.348e-05,2136.68
2026-03-20 08:00:00+00:00,1773993600000,2026-03-20T08:00:00+00:00,-5.947e-05,2149.38421705
2026-03-20 16:00:00+00:00,1774022400000,2026-03-20T16:00:00+00:00,-7.2e-07,2133.08
2026-03-21 00:00:00+00:00,1774051200000,2026-03-21T00:00:00+00:00,2.359e-05,2145.21475969
2026-03-21 08:00:00+00:00,1774080000000,2026-03-21T08:00:00+00:00,1.136e-05,2154.4
2026-03-21 16:00:00.014000+00:00,1774108800014,2026-03-21T16:00:00.014000+00:00,2.063e-05,2154.26
2026-03-22 00:00:00.012000+00:00,1774137600012,2026-03-22T00:00:00.012000+00:00,-1.052e-05,2084.01704651
2026-03-22 08:00:00.007000+00:00,1774166400007,2026-03-22T08:00:00.007000+00:00,1.14e-05,2092.89450388
2026-03-22 16:00:00.002000+00:00,1774195200002,2026-03-22T16:00:00.002000+00:00,-7.418e-05,2082.05246512
2026-03-23 00:00:00+00:00,1774224000000,2026-03-23T00:00:00+00:00,-5.929e-05,2052.99970543
2026-03-23 08:00:00.003000+00:00,1774252800003,2026-03-23T08:00:00.003000+00:00,-3.16e-06,2043.32076744
2026-03-23 16:00:00.002000+00:00,1774281600002,2026-03-23T16:00:00.002000+00:00,6.11e-05,2127.55
2026-03-24 00:00:00+00:00,1774310400000,2026-03-24T00:00:00+00:00,2.88e-05,2151.06048062
2026-03-24 08:00:00+00:00,1774339200000,2026-03-24T08:00:00+00:00,2.122e-05,2164.49
2026-03-24 16:00:00.003000+00:00,1774368000003,2026-03-24T16:00:00.003000+00:00,-2.682e-05,2134.52
2026-03-25 00:00:00+00:00,1774396800000,2026-03-25T00:00:00+00:00,3.54e-05,2155.29
2026-03-25 08:00:00+00:00,1774425600000,2026-03-25T08:00:00+00:00,-4.168e-05,2163.7
2026-03-25 16:00:00.013000+00:00,1774454400013,2026-03-25T16:00:00.013000+00:00,5.27e-06,2161.67
2026-03-26 00:00:00.001000+00:00,1774483200001,2026-03-26T00:00:00.001000+00:00,4.453e-05,2168.08242636
2026-03-26 08:00:00.001000+00:00,1774512000001,2026-03-26T08:00:00.001000+00:00,7.15e-06,2122.43552713
2026-03-26 16:00:00+00:00,1774540800000,2026-03-26T16:00:00+00:00,-8.212e-05,2069.59154264
2026-03-27 00:00:00.006000+00:00,1774569600006,2026-03-27T00:00:00.006000+00:00,-2.08e-06,2059.18
2026-03-27 08:00:00+00:00,1774598400000,2026-03-27T08:00:00+00:00,-5.164e-05,2064.86
2026-03-27 16:00:00+00:00,1774627200000,2026-03-27T16:00:00+00:00,-0.00018104,1990.35509302
2026-03-28 00:00:00.005000+00:00,1774656000005,2026-03-28T00:00:00.005000+00:00,-4.999e-05,1991.75
2026-03-28 08:00:00.005000+00:00,1774684800005,2026-03-28T08:00:00.005000+00:00,-8.079e-05,2005.96252713
2026-03-28 16:00:00+00:00,1774713600000,2026-03-28T16:00:00+00:00,4.5e-07,2025.69879845
2026-03-29 00:00:00.003000+00:00,1774742400003,2026-03-29T00:00:00.003000+00:00,-1.122e-05,1993.66239374
2026-03-29 08:00:00.001000+00:00,1774771200001,2026-03-29T08:00:00.001000+00:00,-3.677e-05,2005.0
2026-03-29 16:00:00+00:00,1774800000000,2026-03-29T16:00:00+00:00,-3.76e-05,1991.8
2026-03-30 00:00:00+00:00,1774828800000,2026-03-30T00:00:00+00:00,-2.586e-05,1983.27
2026-03-30 08:00:00.005000+00:00,1774857600005,2026-03-30T08:00:00.005000+00:00,1.177e-05,2058.86
2026-03-30 16:00:00+00:00,1774886400000,2026-03-30T16:00:00+00:00,4.113e-05,2073.54
2026-03-31 00:00:00+00:00,1774915200000,2026-03-31T00:00:00+00:00,2.57e-06,2025.69
2026-03-31 08:00:00+00:00,1774944000000,2026-03-31T08:00:00+00:00,1.748e-05,2055.0
2026-03-31 16:00:00+00:00,1774972800000,2026-03-31T16:00:00+00:00,-9.62e-06,2053.67
2026-04-01 00:00:00+00:00,1775001600000,2026-04-01T00:00:00+00:00,-2.57e-06,2104.65
2026-04-01 08:00:00+00:00,1775030400000,2026-04-01T08:00:00+00:00,4.782e-05,2130.24
2026-04-01 16:00:00+00:00,1775059200000,2026-04-01T16:00:00+00:00,4.428e-05,2134.01
2026-04-02 00:00:00.003000+00:00,1775088000003,2026-04-02T00:00:00.003000+00:00,-8.956e-05,2138.81169607
2026-04-02 08:00:00.001000+00:00,1775116800001,2026-04-02T08:00:00.001000+00:00,-0.00013372,2054.8
2026-04-02 16:00:00.001000+00:00,1775145600001,2026-04-02T16:00:00.001000+00:00,-7.283e-05,2058.84375194
2026-04-03 00:00:00+00:00,1775174400000,2026-04-03T00:00:00+00:00,-2.988e-05,2056.16189922
2026-04-03 08:00:00.008000+00:00,1775203200008,2026-04-03T08:00:00.008000+00:00,6.37e-06,2064.9
2026-04-03 16:00:00.008000+00:00,1775232000008,2026-04-03T16:00:00.008000+00:00,-9.58e-06,2050.31030233
2026-04-04 00:00:00+00:00,1775260800000,2026-04-04T00:00:00+00:00,-3e-07,2053.0
2026-04-04 08:00:00.003000+00:00,1775289600003,2026-04-04T08:00:00.003000+00:00,4.915e-05,2052.73
2026-04-04 16:00:00+00:00,1775318400000,2026-04-04T16:00:00+00:00,7.35e-06,2055.16693694
2026-04-05 00:00:00.008000+00:00,1775347200008,2026-04-05T00:00:00.008000+00:00,2.442e-05,2064.43732558
2026-04-05 08:00:00+00:00,1775376000000,2026-04-05T08:00:00+00:00,6.23e-06,2036.27572693
2026-04-05 16:00:00.001000+00:00,1775404800001,2026-04-05T16:00:00.001000+00:00,-4.34e-05,2053.27900962
2026-04-06 00:00:00.004000+00:00,1775433600004,2026-04-06T00:00:00.004000+00:00,2.356e-05,2109.35
2026-04-06 08:00:00.001000+00:00,1775462400001,2026-04-06T08:00:00.001000+00:00,6.201e-05,2134.02
2026-04-06 16:00:00.003000+00:00,1775491200003,2026-04-06T16:00:00.003000+00:00,2.033e-05,2163.49493798
2026-04-07 00:00:00+00:00,1775520000000,2026-04-07T00:00:00+00:00,-3.933e-05,2106.37611628
2026-04-07 08:00:00+00:00,1775548800000,2026-04-07T08:00:00+00:00,-2.975e-05,2103.19301123
2026-04-07 16:00:00+00:00,1775577600000,2026-04-07T16:00:00+00:00,1.031e-05,2079.3715814
2026-04-08 00:00:00+00:00,1775606400000,2026-04-08T00:00:00+00:00,0.0001,2239.40704651
2026-04-08 08:00:00+00:00,1775635200000,2026-04-08T08:00:00+00:00,5.834e-05,2252.81156757
2026-04-08 16:00:00.006000+00:00,1775664000006,2026-04-08T16:00:00.006000+00:00,6.711e-05,2214.57
2026-04-09 00:00:00+00:00,1775692800000,2026-04-09T00:00:00+00:00,3.32e-05,2189.13055734
2026-04-09 08:00:00.010000+00:00,1775721600010,2026-04-09T08:00:00.010000+00:00,-1.493e-05,2179.96
2026-04-09 16:00:00.001000+00:00,1775750400001,2026-04-09T16:00:00.001000+00:00,1.917e-05,2217.0
2026-04-10 00:00:00+00:00,1775779200000,2026-04-10T00:00:00+00:00,1.25e-05,2189.27786822
2026-04-10 08:00:00.005000+00:00,1775808000005,2026-04-10T08:00:00.005000+00:00,2.83e-06,2178.62
2026-04-10 16:00:00+00:00,1775836800000,2026-04-10T16:00:00+00:00,-4.48e-06,2222.95
2026-04-11 00:00:00+00:00,1775865600000,2026-04-11T00:00:00+00:00,-6.627e-05,2243.90127718
2026-04-11 08:00:00+00:00,1775894400000,2026-04-11T08:00:00+00:00,-7.635e-05,2231.68
2026-04-11 16:00:00.003000+00:00,1775923200003,2026-04-11T16:00:00.003000+00:00,-3.26e-05,2248.51793023
2026-04-12 00:00:00+00:00,1775952000000,2026-04-12T00:00:00+00:00,8.271e-05,2283.85
2026-04-12 08:00:00+00:00,1775980800000,2026-04-12T08:00:00+00:00,-3.576e-05,2217.04066961
2026-04-12 16:00:00+00:00,1776009600000,2026-04-12T16:00:00+00:00,-5.477e-05,2185.27
2026-04-13 00:00:00.011000+00:00,1776038400011,2026-04-13T00:00:00.011000+00:00,-9.86e-06,2190.46409383
2026-04-13 08:00:00.006000+00:00,1776067200006,2026-04-13T08:00:00.006000+00:00,3.028e-05,2185.5
2026-04-13 16:00:00+00:00,1776096000000,2026-04-13T16:00:00+00:00,3.014e-05,2208.26037209
2026-04-14 00:00:00.005000+00:00,1776124800005,2026-04-14T00:00:00.005000+00:00,0.0001,2368.81
2026-04-14 08:00:00.003000+00:00,1776153600003,2026-04-14T08:00:00.003000+00:00,0.0001,2376.97
2026-04-14 16:00:00.001000+00:00,1776182400001,2026-04-14T16:00:00.001000+00:00,3.49e-05,2363.42
2026-04-15 00:00:00+00:00,1776211200000,2026-04-15T00:00:00+00:00,1.802e-05,2321.24203101
2026-04-15 08:00:00+00:00,1776240000000,2026-04-15T08:00:00+00:00,1.648e-05,2315.53
2026-04-15 16:00:00+00:00,1776268800000,2026-04-15T16:00:00+00:00,2.61e-06,2331.1677907
2026-04-16 00:00:00.013000+00:00,1776297600013,2026-04-16T00:00:00.013000+00:00,-1.717e-05,2358.87
2026-04-16 08:00:00+00:00,1776326400000,2026-04-16T08:00:00+00:00,-5.141e-05,2340.52567442
2026-04-16 16:00:00+00:00,1776355200000,2026-04-16T16:00:00+00:00,-3.792e-05,2337.75872093
2026-04-17 00:00:00.001000+00:00,1776384000001,2026-04-17T00:00:00.001000+00:00,8.61e-06,2347.05294574
2026-04-17 08:00:00.011000+00:00,1776412800011,2026-04-17T08:00:00.011000+00:00,8.22e-06,2333.23
2026-04-17 16:00:00.001000+00:00,1776441600001,2026-04-17T16:00:00.001000+00:00,1.819e-05,2440.71
2026-04-18 00:00:00.001000+00:00,1776470400001,2026-04-18T00:00:00.001000+00:00,-2.327e-05,2418.04379845
2026-04-18 08:00:00.006000+00:00,1776499200006,2026-04-18T08:00:00.006000+00:00,-1.075e-05,2402.51363566
2026-04-18 16:00:00+00:00,1776528000000,2026-04-18T16:00:00+00:00,-0.00015064,2361.98
2026-04-19 00:00:00.002000+00:00,1776556800002,2026-04-19T00:00:00.002000+00:00,-0.00010377,2349.03208527
2026-04-19 08:00:00.010000+00:00,1776585600010,2026-04-19T08:00:00.010000+00:00,-0.00011438,2314.27
2026-04-19 16:00:00.001000+00:00,1776614400001,2026-04-19T16:00:00.001000+00:00,-0.00022976,2329.46
2026-04-20 00:00:00+00:00,1776643200000,2026-04-20T00:00:00+00:00,-9.27e-06,2261.93
2026-04-20 08:00:00+00:00,1776672000000,2026-04-20T08:00:00+00:00,-1.408e-05,2296.83
2026-04-20 16:00:00.001000+00:00,1776700800001,2026-04-20T16:00:00.001000+00:00,8.1e-06,2312.71
2026-04-21 00:00:00+00:00,1776729600000,2026-04-21T00:00:00+00:00,-4.382e-05,2312.6
2026-04-21 08:00:00.004000+00:00,1776758400004,2026-04-21T08:00:00.004000+00:00,-3.72e-05,2316.96
2026-04-21 16:00:00.004000+00:00,1776787200004,2026-04-21T16:00:00.004000+00:00,-3.676e-05,2309.31
2026-04-22 00:00:00.004000+00:00,1776816000004,2026-04-22T00:00:00.004000+00:00,-2.128e-05,2326.13
2026-04-22 08:00:00+00:00,1776844800000,2026-04-22T08:00:00+00:00,0.0001,2389.25
2026-04-22 16:00:00+00:00,1776873600000,2026-04-22T16:00:00+00:00,7.797e-05,2402.68
2026-04-23 00:00:00+00:00,1776902400000,2026-04-23T00:00:00+00:00,0.0001,2373.05
2026-04-23 08:00:00+00:00,1776931200000,2026-04-23T08:00:00+00:00,-1.984e-05,2342.82
2026-04-23 16:00:00.004000+00:00,1776960000004,2026-04-23T16:00:00.004000+00:00,-6.025e-05,2332.23521652
2026-04-24 00:00:00.006000+00:00,1776988800006,2026-04-24T00:00:00.006000+00:00,-3.645e-05,2329.03075676
2026-04-24 08:00:00+00:00,1777017600000,2026-04-24T08:00:00+00:00,-6.98e-05,2310.49
2026-04-24 16:00:00+00:00,1777046400000,2026-04-24T16:00:00+00:00,-0.00012145,2322.99572805
2026-04-25 00:00:00+00:00,1777075200000,2026-04-25T00:00:00+00:00,-4.387e-05,2313.88
2026-04-25 08:00:00.002000+00:00,1777104000002,2026-04-25T08:00:00.002000+00:00,-2.141e-05,2315.4
2026-04-25 16:00:00.002000+00:00,1777132800002,2026-04-25T16:00:00.002000+00:00,-4.431e-05,2306.77290698
2026-04-26 00:00:00.003000+00:00,1777161600003,2026-04-26T00:00:00.003000+00:00,-1.131e-05,2318.2144031
2026-04-26 08:00:00.007000+00:00,1777190400007,2026-04-26T08:00:00.007000+00:00,-1.931e-05,2330.21
2026-04-26 16:00:00.004000+00:00,1777219200004,2026-04-26T16:00:00.004000+00:00,-2.842e-05,2347.02646512
2026-04-27 00:00:00.004000+00:00,1777248000004,2026-04-27T00:00:00.004000+00:00,-6.636e-05,2368.51
2026-04-27 08:00:00+00:00,1777276800000,2026-04-27T08:00:00+00:00,-7.865e-05,2314.42
2026-04-27 16:00:00.002000+00:00,1777305600002,2026-04-27T16:00:00.002000+00:00,-7.593e-05,2273.98913953
2026-04-28 00:00:00.001000+00:00,1777334400001,2026-04-28T00:00:00.001000+00:00,-0.00016104,2302.29286047
2026-04-28 08:00:00+00:00,1777363200000,2026-04-28T08:00:00+00:00,-0.00011678,2286.49
2026-04-28 16:00:00.004000+00:00,1777392000004,2026-04-28T16:00:00.004000+00:00,2.5e-07,2278.66517829
2026-04-29 00:00:00.006000+00:00,1777420800006,2026-04-29T00:00:00.006000+00:00,2.842e-05,2288.37
2026-04-29 08:00:00.011000+00:00,1777449600011,2026-04-29T08:00:00.011000+00:00,4.666e-05,2322.88062791
2026-04-29 16:00:00.003000+00:00,1777478400003,2026-04-29T16:00:00.003000+00:00,4.782e-05,2270.97
2026-04-30 00:00:00.002000+00:00,1777507200002,2026-04-30T00:00:00.002000+00:00,-6.092e-05,2251.52
2026-04-30 08:00:00+00:00,1777536000000,2026-04-30T08:00:00+00:00,-4.636e-05,2258.99
2026-04-30 16:00:00+00:00,1777564800000,2026-04-30T16:00:00+00:00,-7.717e-05,2264.65
2026-05-01 00:00:00+00:00,1777593600000,2026-05-01T00:00:00+00:00,-4e-05,2256.49
2026-05-01 08:00:00.005000+00:00,1777622400005,2026-05-01T08:00:00.005000+00:00,-1.877e-05,2278.55
2026-05-01 16:00:00+00:00,1777651200000,2026-05-01T16:00:00+00:00,-2.131e-05,2306.97617054
2026-05-02 00:00:00.006000+00:00,1777680000006,2026-05-02T00:00:00.006000+00:00,-4.36e-06,2294.58083658
2026-05-02 08:00:00+00:00,1777708800000,2026-05-02T08:00:00+00:00,-3.82e-05,2299.77
2026-05-02 16:00:00.010000+00:00,1777737600010,2026-05-02T16:00:00.010000+00:00,-3.88e-06,2307.94787639
2026-05-03 00:00:00.005000+00:00,1777766400005,2026-05-03T00:00:00.005000+00:00,3.52e-05,2315.94772654
2026-05-03 08:00:00.003000+00:00,1777795200003,2026-05-03T08:00:00.003000+00:00,-1.628e-05,2308.19
2026-05-03 16:00:00+00:00,1777824000000,2026-05-03T16:00:00+00:00,8.747e-05,2327.28890537
2026-05-04 00:00:00+00:00,1777852800000,2026-05-04T00:00:00+00:00,4.305e-05,2321.67
2026-05-04 08:00:00+00:00,1777881600000,2026-05-04T08:00:00+00:00,8.648e-05,2361.95456757
2026-05-04 16:00:00.003000+00:00,1777910400003,2026-05-04T16:00:00.003000+00:00,-2.09e-06,2348.55
2026-05-05 00:00:00+00:00,1777939200000,2026-05-05T00:00:00+00:00,-1.957e-05,2346.11
2026-05-05 08:00:00.011000+00:00,1777968000011,2026-05-05T08:00:00.011000+00:00,-2.41e-05,2379.29967295
2026-05-05 16:00:00+00:00,1777996800000,2026-05-05T16:00:00+00:00,-6.52e-05,2379.74
2026-05-06 00:00:00.010000+00:00,1778025600010,2026-05-06T00:00:00.010000+00:00,-2.041e-05,2359.47060465
2026-05-06 08:00:00+00:00,1778054400000,2026-05-06T08:00:00+00:00,-9.447e-05,2370.64217723
2026-05-06 16:00:00.002000+00:00,1778083200002,2026-05-06T16:00:00.002000+00:00,-5.114e-05,2358.01905426
2026-05-07 00:00:00+00:00,1778112000000,2026-05-07T00:00:00+00:00,-6.585e-05,2349.72656375
2026-05-07 08:00:00+00:00,1778140800000,2026-05-07T08:00:00+00:00,-0.00011993,2343.72275969
2026-05-07 16:00:00.004000+00:00,1778169600004,2026-05-07T16:00:00.004000+00:00,-4.319e-05,2293.25
2026-05-08 00:00:00.003000+00:00,1778198400003,2026-05-08T00:00:00.003000+00:00,-9.68e-06,2289.92
2026-05-08 08:00:00.002000+00:00,1778227200002,2026-05-08T08:00:00.002000+00:00,-2.849e-05,2280.05375969
2026-05-08 16:00:00.003000+00:00,1778256000003,2026-05-08T16:00:00.003000+00:00,-3.358e-05,2292.29
2026-05-09 00:00:00+00:00,1778284800000,2026-05-09T00:00:00+00:00,6.199e-05,2306.16622088
2026-05-09 08:00:00.001000+00:00,1778313600001,2026-05-09T08:00:00.001000+00:00,4.314e-05,2313.53673346
2026-05-09 16:00:00.002000+00:00,1778342400002,2026-05-09T16:00:00.002000+00:00,8.76e-05,2316.8167907
2026-05-10 00:00:00.003000+00:00,1778371200003,2026-05-10T00:00:00.003000+00:00,0.0001,2325.3105045
2026-05-10 08:00:00+00:00,1778400000000,2026-05-10T08:00:00+00:00,8.268e-05,2326.30384685
2026-05-10 16:00:00+00:00,1778428800000,2026-05-10T16:00:00+00:00,6.714e-05,2346.78
2026-05-11 00:00:00+00:00,1778457600000,2026-05-11T00:00:00+00:00,7.463e-05,2370.21
2026-05-11 08:00:00+00:00,1778486400000,2026-05-11T08:00:00+00:00,1.995e-05,2329.52
2026-05-11 16:00:00+00:00,1778515200000,2026-05-11T16:00:00+00:00,3.355e-05,2332.4
2026-05-12 00:00:00.002000+00:00,1778544000002,2026-05-12T00:00:00.002000+00:00,3.946e-05,2338.62
2026-05-12 08:00:00.008000+00:00,1778572800008,2026-05-12T08:00:00.008000+00:00,7.08e-06,2294.19661187
2026-05-12 16:00:00+00:00,1778601600000,2026-05-12T16:00:00+00:00,3.956e-05,2260.94334109
2026-05-13 00:00:00.010000+00:00,1778630400010,2026-05-13T00:00:00.010000+00:00,1.323e-05,2273.89015504
2026-05-13 08:00:00.003000+00:00,1778659200003,2026-05-13T08:00:00.003000+00:00,5.046e-05,2300.12
2026-05-13 16:00:00.001000+00:00,1778688000001,2026-05-13T16:00:00.001000+00:00,5.45e-06,2235.69406202
2026-05-14 00:00:00.005000+00:00,1778716800005,2026-05-14T00:00:00.005000+00:00,5.942e-05,2257.56153153
2026-05-14 08:00:00+00:00,1778745600000,2026-05-14T08:00:00+00:00,5.526e-05,2264.23
2026-05-14 16:00:00+00:00,1778774400000,2026-05-14T16:00:00+00:00,3.946e-05,2297.79276263
2026-05-15 00:00:00+00:00,1778803200000,2026-05-15T00:00:00+00:00,-6.93e-06,2282.06
2026-05-15 08:00:00.016000+00:00,1778832000016,2026-05-15T08:00:00.016000+00:00,3.88e-06,2263.95515504
2026-05-15 16:00:00.012000+00:00,1778860800012,2026-05-15T16:00:00.012000+00:00,1.397e-05,2222.07602137
2026-05-16 00:00:00.005000+00:00,1778889600005,2026-05-16T00:00:00.005000+00:00,7.065e-05,2223.66
2026-05-16 08:00:00+00:00,1778918400000,2026-05-16T08:00:00+00:00,4.496e-05,2193.64284685
2026-05-16 16:00:00.005000+00:00,1778947200005,2026-05-16T16:00:00.005000+00:00,6.508e-05,2178.96686047
2026-05-17 00:00:00+00:00,1778976000000,2026-05-17T00:00:00+00:00,7.161e-05,2179.66177626
2026-05-17 08:00:00.010000+00:00,1779004800010,2026-05-17T08:00:00.010000+00:00,4.855e-05,2185.55332432
2026-05-17 16:00:00.009000+00:00,1779033600009,2026-05-17T16:00:00.009000+00:00,5.341e-05,2185.49
2026-05-18 00:00:00.007000+00:00,1779062400007,2026-05-18T00:00:00.007000+00:00,1.925e-05,2129.97725581
2026-05-18 08:00:00.002000+00:00,1779091200002,2026-05-18T08:00:00.002000+00:00,6.52e-06,2119.54518605
2026-05-18 16:00:00.007000+00:00,1779120000007,2026-05-18T16:00:00.007000+00:00,5.159e-05,2106.66
2026-05-19 00:00:00.001000+00:00,1779148800001,2026-05-19T00:00:00.001000+00:00,0.0001,2129.07768645
2026-05-19 08:00:00.001000+00:00,1779177600001,2026-05-19T08:00:00.001000+00:00,5.687e-05,2139.98153195
2026-05-19 16:00:00.009000+00:00,1779206400009,2026-05-19T16:00:00.009000+00:00,3.588e-05,2109.37
2026-05-20 00:00:00.001000+00:00,1779235200001,2026-05-20T00:00:00.001000+00:00,5.523e-05,2111.0
2026-05-20 08:00:00.006000+00:00,1779264000006,2026-05-20T08:00:00.006000+00:00,3.051e-05,2128.8
2026-05-20 16:00:00+00:00,1779292800000,2026-05-20T16:00:00+00:00,5.29e-05,2135.90934643
2026-05-21 00:00:00.001000+00:00,1779321600001,2026-05-21T00:00:00.001000+00:00,5.867e-05,2128.6
2026-05-21 08:00:00+00:00,1779350400000,2026-05-21T08:00:00+00:00,2.532e-05,2134.06349612
2026-05-21 16:00:00+00:00,1779379200000,2026-05-21T16:00:00+00:00,3.837e-05,2131.5411829
2026-05-22 00:00:00+00:00,1779408000000,2026-05-22T00:00:00+00:00,4.926e-05,2132.9
2026-05-22 08:00:00.004000+00:00,1779436800004,2026-05-22T08:00:00.004000+00:00,3.093e-05,2127.51238739
2026-05-22 16:00:00.001000+00:00,1779465600001,2026-05-22T16:00:00.001000+00:00,5.943e-05,2118.51
2026-05-23 00:00:00.009000+00:00,1779494400009,2026-05-23T00:00:00.009000+00:00,5.72e-05,2064.98
2026-05-23 08:00:00.001000+00:00,1779523200001,2026-05-23T08:00:00.001000+00:00,4.466e-05,2027.49017829
2026-05-23 16:00:00.003000+00:00,1779552000003,2026-05-23T16:00:00.003000+00:00,6.36e-05,2059.46097674
2026-05-24 00:00:00.011000+00:00,1779580800011,2026-05-24T00:00:00.011000+00:00,8.02e-05,2116.74018605
2026-05-24 08:00:00.008000+00:00,1779609600008,2026-05-24T08:00:00.008000+00:00,8.039e-05,2120.25
2026-05-24 16:00:00+00:00,1779638400000,2026-05-24T16:00:00+00:00,4.195e-05,2095.1
2026-05-25 00:00:00.001000+00:00,1779667200001,2026-05-25T00:00:00.001000+00:00,5.359e-05,2098.74
2026-05-25 08:00:00.001000+00:00,1779696000001,2026-05-25T08:00:00.001000+00:00,5.508e-05,2115.29
2026-05-25 16:00:00.001000+00:00,1779724800001,2026-05-25T16:00:00.001000+00:00,3.249e-05,2126.01
2026-05-26 00:00:00+00:00,1779753600000,2026-05-26T00:00:00+00:00,3.458e-05,2111.73914595
2026-05-26 08:00:00.003000+00:00,1779782400003,2026-05-26T08:00:00.003000+00:00,3.793e-05,2094.42855039
2026-05-26 16:00:00+00:00,1779811200000,2026-05-26T16:00:00+00:00,3.408e-05,2086.29189922
2026-05-27 00:00:00+00:00,1779840000000,2026-05-27T00:00:00+00:00,7.351e-05,2072.81908108
2026-05-27 08:00:00.004000+00:00,1779868800004,2026-05-27T08:00:00.004000+00:00,3.072e-05,2082.82949612
2026-05-27 16:00:00.009000+00:00,1779897600009,2026-05-27T16:00:00.009000+00:00,6.097e-05,2070.86
2026-05-28 00:00:00.001000+00:00,1779926400001,2026-05-28T00:00:00.001000+00:00,2.421e-05,2023.74209302
2026-05-28 08:00:00+00:00,1779955200000,2026-05-28T08:00:00+00:00,2.543e-05,1994.32491473
2026-05-28 16:00:00.001000+00:00,1779984000001,2026-05-28T16:00:00.001000+00:00,2.984e-05,1989.83351938
2026-05-29 00:00:00+00:00,1780012800000,2026-05-29T00:00:00+00:00,8.553e-05,2009.05085271
2026-05-29 08:00:00.001000+00:00,1780041600001,2026-05-29T08:00:00.001000+00:00,7.04e-05,2006.61951938
2026-05-29 16:00:00.008000+00:00,1780070400008,2026-05-29T16:00:00.008000+00:00,6.595e-05,2030.83
2026-05-30 00:00:00+00:00,1780099200000,2026-05-30T00:00:00+00:00,4.54e-05,2013.41068217
2026-05-30 08:00:00.001000+00:00,1780128000001,2026-05-30T08:00:00.001000+00:00,6.842e-05,2015.38418018
2026-05-30 16:00:00+00:00,1780156800000,2026-05-30T16:00:00+00:00,5.705e-05,2025.95
2026-05-31 00:00:00+00:00,1780185600000,2026-05-31T00:00:00+00:00,9.397e-05,2021.60352399
2026-05-31 08:00:00+00:00,1780214400000,2026-05-31T08:00:00+00:00,7.226e-05,2023.13
2026-05-31 16:00:00.004000+00:00,1780243200004,2026-05-31T16:00:00.004000+00:00,1.691e-05,2009.5
2026-06-01 00:00:00.001000+00:00,1780272000001,2026-06-01T00:00:00.001000+00:00,6.445e-05,2006.31
2026-06-01 08:00:00.001000+00:00,1780300800001,2026-06-01T08:00:00.001000+00:00,5.339e-05,1975.50624806
2026-06-01 16:00:00+00:00,1780329600000,2026-06-01T16:00:00+00:00,9.572e-05,1967.67821705
2026-06-02 00:00:00+00:00,1780358400000,2026-06-02T00:00:00+00:00,0.0001,2006.05918605
2026-06-02 08:00:00+00:00,1780387200000,2026-06-02T08:00:00+00:00,0.0001,1980.9
2026-06-02 16:00:00+00:00,1780416000000,2026-06-02T16:00:00+00:00,5.699e-05,1914.30556589
2026-06-03 00:00:00.013000+00:00,1780444800013,2026-06-03T00:00:00.013000+00:00,2.021e-05,1859.15
2026-06-03 08:00:00+00:00,1780473600000,2026-06-03T08:00:00+00:00,9.862e-05,1877.56199225
2026-06-03 16:00:00.001000+00:00,1780502400001,2026-06-03T16:00:00.001000+00:00,7.361e-05,1835.99
2026-06-04 00:00:00.009000+00:00,1780531200009,2026-06-04T00:00:00.009000+00:00,7.651e-05,1812.45
2026-06-04 08:00:00+00:00,1780560000000,2026-06-04T08:00:00+00:00,4.482e-05,1776.58986822
2026-06-04 16:00:00.003000+00:00,1780588800003,2026-06-04T16:00:00.003000+00:00,3.946e-05,1776.07138332
2026-06-05 00:00:00+00:00,1780617600000,2026-06-05T00:00:00+00:00,4.67e-05,1770.00626704
2026-06-05 08:00:00.004000+00:00,1780646400004,2026-06-05T08:00:00.004000+00:00,-3.129e-05,1678.49504651
2026-06-05 16:00:00.009000+00:00,1780675200009,2026-06-05T16:00:00.009000+00:00,-7.387e-05,1582.6874186
2026-06-06 00:00:00+00:00,1780704000000,2026-06-06T00:00:00+00:00,-7.917e-05,1582.45377519
2026-06-06 08:00:00+00:00,1780732800000,2026-06-06T08:00:00+00:00,-3.161e-05,1574.54
2026-06-06 16:00:00+00:00,1780761600000,2026-06-06T16:00:00+00:00,-3.461e-05,1559.71
2026-06-07 00:00:00.001000+00:00,1780790400001,2026-06-07T00:00:00.001000+00:00,-6.624e-05,1568.65382171
2026-06-07 08:00:00+00:00,1780819200000,2026-06-07T08:00:00+00:00,-0.00010189,1614.22820155
2026-06-07 16:00:00+00:00,1780848000000,2026-06-07T16:00:00+00:00,4.72e-06,1629.2
2026-06-08 00:00:00+00:00,1780876800000,2026-06-08T00:00:00+00:00,-8.235e-05,1689.61651938
2026-06-08 08:00:00.005000+00:00,1780905600005,2026-06-08T08:00:00.005000+00:00,-6.599e-05,1672.7
2026-06-08 16:00:00.004000+00:00,1780934400004,2026-06-08T16:00:00.004000+00:00,-4.515e-05,1690.57
2026-06-09 00:00:00+00:00,1780963200000,2026-06-09T00:00:00+00:00,-4.506e-05,1689.34211628
2026-06-09 08:00:00+00:00,1780992000000,2026-06-09T08:00:00+00:00,3.6e-07,1679.19
2026-06-09 16:00:00.001000+00:00,1781020800001,2026-06-09T16:00:00.001000+00:00,-5.182e-05,1636.00245736
2026-06-10 00:00:00.001000+00:00,1781049600001,2026-06-10T00:00:00.001000+00:00,-4.089e-05,1638.64
2026-06-10 08:00:00.011000+00:00,1781078400011,2026-06-10T08:00:00.011000+00:00,-4.578e-05,1639.32
2026-06-10 16:00:00.009000+00:00,1781107200009,2026-06-10T16:00:00.009000+00:00,-3.121e-05,1657.11075194
2026-06-11 00:00:00+00:00,1781136000000,2026-06-11T00:00:00+00:00,-3.684e-05,1620.76478295
2026-06-11 08:00:00.004000+00:00,1781164800004,2026-06-11T08:00:00.004000+00:00,7.54e-06,1653.74918605
2026-06-11 16:00:00+00:00,1781193600000,2026-06-11T16:00:00+00:00,-2.432e-05,1644.64
2026-06-12 00:00:00+00:00,1781222400000,2026-06-12T00:00:00+00:00,-2.404e-05,1672.57
2026-06-12 08:00:00+00:00,1781251200000,2026-06-12T08:00:00+00:00,-5.854e-05,1661.16
2026-06-12 16:00:00+00:00,1781280000000,2026-06-12T16:00:00+00:00,-2.216e-05,1658.98
2026-06-13 00:00:00+00:00,1781308800000,2026-06-13T00:00:00+00:00,-6.31e-06,1665.48
2026-06-13 08:00:00.007000+00:00,1781337600007,2026-06-13T08:00:00.007000+00:00,3.562e-05,1675.52189147
2026-06-13 16:00:00.002000+00:00,1781366400002,2026-06-13T16:00:00.002000+00:00,2.664e-05,1681.46893798
2026-06-14 00:00:00.005000+00:00,1781395200005,2026-06-14T00:00:00.005000+00:00,-6.44e-06,1680.49144747
2026-06-14 08:00:00.009000+00:00,1781424000009,2026-06-14T08:00:00.009000+00:00,-1.08e-05,1674.92628308
2026-06-14 16:00:00+00:00,1781452800000,2026-06-14T16:00:00+00:00,-1.919e-05,1662.04
2026-06-15 00:00:00.013000+00:00,1781481600013,2026-06-15T00:00:00.013000+00:00,2.92e-05,1724.83686047
2026-06-15 08:00:00.013000+00:00,1781510400013,2026-06-15T08:00:00.013000+00:00,-7.45e-06,1715.65389922
2026-06-15 16:00:00.004000+00:00,1781539200004,2026-06-15T16:00:00.004000+00:00,6.867e-05,1844.39
2026-06-16 00:00:00+00:00,1781568000000,2026-06-16T00:00:00+00:00,2.969e-05,1795.187
2026-06-16 08:00:00+00:00,1781596800000,2026-06-16T08:00:00+00:00,-2.07e-05,1773.26823256
2026-06-16 16:00:00.001000+00:00,1781625600001,2026-06-16T16:00:00.001000+00:00,3.16e-05,1781.55242636
2026-06-17 00:00:00.012000+00:00,1781654400012,2026-06-17T00:00:00.012000+00:00,3.038e-05,1792.32
2026-06-17 08:00:00+00:00,1781683200000,2026-06-17T08:00:00+00:00,2.339e-05,1784.4
2026-06-17 16:00:00+00:00,1781712000000,2026-06-17T16:00:00+00:00,-7.37e-06,1772.6686124
2026-06-18 00:00:00.002000+00:00,1781740800002,2026-06-18T00:00:00.002000+00:00,4.63e-05,1749.84497674
2026-06-18 08:00:00+00:00,1781769600000,2026-06-18T08:00:00+00:00,6.87e-06,1748.88811628
2026-06-18 16:00:00.001000+00:00,1781798400001,2026-06-18T16:00:00.001000+00:00,-6.91e-06,1681.45
2026-06-19 00:00:00.005000+00:00,1781827200005,2026-06-19T00:00:00.005000+00:00,6.551e-05,1710.18087597
2026-06-19 08:00:00.001000+00:00,1781856000001,2026-06-19T08:00:00.001000+00:00,-2.067e-05,1695.15
2026-06-19 16:00:00.001000+00:00,1781884800001,2026-06-19T16:00:00.001000+00:00,-2.7e-07,1706.91
2026-06-20 00:00:00.001000+00:00,1781913600001,2026-06-20T00:00:00.001000+00:00,2.505e-05,1710.32427132
2026-06-20 08:00:00+00:00,1781942400000,2026-06-20T08:00:00+00:00,3.17e-05,1725.16
2026-06-20 16:00:00.001000+00:00,1781971200001,2026-06-20T16:00:00.001000+00:00,3.209e-05,1739.83814729
2026-06-21 00:00:00+00:00,1782000000000,2026-06-21T00:00:00+00:00,2.892e-05,1740.13237209
2026-06-21 08:00:00+00:00,1782028800000,2026-06-21T08:00:00+00:00,2.602e-05,1731.4785814
2026-06-21 16:00:00+00:00,1782057600000,2026-06-21T16:00:00+00:00,7.57e-06,1729.9
2026-06-22 00:00:00+00:00,1782086400000,2026-06-22T00:00:00+00:00,3.88e-05,1706.32900962
2026-06-22 08:00:00+00:00,1782115200000,2026-06-22T08:00:00+00:00,1.941e-05,1745.76
2026-06-22 16:00:00.002000+00:00,1782144000002,2026-06-22T16:00:00.002000+00:00,7.89e-06,1744.01
2026-06-23 00:00:00.003000+00:00,1782172800003,2026-06-23T00:00:00.003000+00:00,2.37e-05,1727.36007752
2026-06-23 08:00:00.005000+00:00,1782201600005,2026-06-23T08:00:00.005000+00:00,3.35e-06,1681.97
2026-06-23 16:00:00.002000+00:00,1782230400002,2026-06-23T16:00:00.002000+00:00,-3.854e-05,1658.9305814
2026-06-24 00:00:00.005000+00:00,1782259200005,2026-06-24T00:00:00.005000+00:00,4.579e-05,1666.39
2026-06-24 08:00:00.005000+00:00,1782288000005,2026-06-24T08:00:00.005000+00:00,2.212e-05,1672.10217054
2026-06-24 16:00:00.003000+00:00,1782316800003,2026-06-24T16:00:00.003000+00:00,4.3e-07,1617.82
2026-06-25 00:00:00+00:00,1782345600000,2026-06-25T00:00:00+00:00,5.42e-06,1621.54
2026-06-25 08:00:00+00:00,1782374400000,2026-06-25T08:00:00+00:00,4.282e-05,1656.49374098
2026-06-25 16:00:00+00:00,1782403200000,2026-06-25T16:00:00+00:00,-8.135e-05,1569.43
2026-06-26 00:00:00.010000+00:00,1782432000010,2026-06-26T00:00:00.010000+00:00,-1.665e-05,1566.87
2026-06-26 08:00:00.002000+00:00,1782460800002,2026-06-26T08:00:00.002000+00:00,-1.968e-05,1579.92611628
2026-06-26 16:00:00+00:00,1782489600000,2026-06-26T16:00:00+00:00,5.22e-06,1579.5
2026-06-27 00:00:00+00:00,1782518400000,2026-06-27T00:00:00+00:00,1.807e-05,1577.86
2026-06-27 08:00:00+00:00,1782547200000,2026-06-27T08:00:00+00:00,-5.97e-06,1584.81836808
2026-06-27 16:00:00.009000+00:00,1782576000009,2026-06-27T16:00:00.009000+00:00,1.769e-05,1604.87
2026-06-28 00:00:00+00:00,1782604800000,2026-06-28T00:00:00+00:00,-5.389e-05,1573.1
2026-06-28 08:00:00.013000+00:00,1782633600013,2026-06-28T08:00:00.013000+00:00,-2.947e-05,1575.03
2026-06-28 16:00:00+00:00,1782662400000,2026-06-28T16:00:00+00:00,1.924e-05,1579.85
2026-06-29 00:00:00.006000+00:00,1782691200006,2026-06-29T00:00:00.006000+00:00,-1.85e-06,1571.17271318
2026-06-29 08:00:00.013000+00:00,1782720000013,2026-06-29T08:00:00.013000+00:00,2.16e-06,1579.36
2026-06-29 16:00:00.004000+00:00,1782748800004,2026-06-29T16:00:00.004000+00:00,2.144e-05,1579.56007752
2026-06-30 00:00:00+00:00,1782777600000,2026-06-30T00:00:00+00:00,4.49e-05,1612.31918605
2026-06-30 08:00:00+00:00,1782806400000,2026-06-30T08:00:00+00:00,4.566e-05,1591.67116279
2026-06-30 16:00:00.005000+00:00,1782835200005,2026-06-30T16:00:00.005000+00:00,3.059e-05,1564.56
2026-07-01 00:00:00+00:00,1782864000000,2026-07-01T00:00:00+00:00,6.151e-05,1571.48
2026-07-01 08:00:00+00:00,1782892800000,2026-07-01T08:00:00+00:00,5.33e-05,1577.7
2026-07-01 16:00:00+00:00,1782921600000,2026-07-01T16:00:00+00:00,2.077e-05,1619.44704651
2026-07-02 00:00:00+00:00,1782950400000,2026-07-02T00:00:00+00:00,1.96e-05,1608.88
2026-07-02 08:00:00+00:00,1782979200000,2026-07-02T08:00:00+00:00,5.02e-05,1615.58
2026-07-02 16:00:00+00:00,1783008000000,2026-07-02T16:00:00+00:00,7.321e-05,1696.33
2026-07-03 00:00:00+00:00,1783036800000,2026-07-03T00:00:00+00:00,7.837e-05,1699.94
2026-07-03 08:00:00.007000+00:00,1783065600007,2026-07-03T08:00:00.007000+00:00,0.0001,1717.0
2026-07-03 16:00:00+00:00,1783094400000,2026-07-03T16:00:00+00:00,5.241e-05,1730.4332093
2026-07-04 00:00:00+00:00,1783123200000,2026-07-04T00:00:00+00:00,9.748e-05,1757.52903101
2026-07-04 08:00:00+00:00,1783152000000,2026-07-04T08:00:00+00:00,7.642e-05,1757.61844961
2026-07-04 16:00:00.007000+00:00,1783180800007,2026-07-04T16:00:00.007000+00:00,5.167e-05,1790.43
2026-07-05 00:00:00.003000+00:00,1783209600003,2026-07-05T00:00:00.003000+00:00,7.818e-05,1779.98
2026-07-05 08:00:00.001000+00:00,1783238400001,2026-07-05T08:00:00.001000+00:00,6.162e-05,1769.2585814
2026-07-05 16:00:00+00:00,1783267200000,2026-07-05T16:00:00+00:00,4.748e-05,1773.91200775
2026-07-06 00:00:00+00:00,1783296000000,2026-07-06T00:00:00+00:00,8.332e-05,1785.20895349
2026-07-06 08:00:00+00:00,1783324800000,2026-07-06T08:00:00+00:00,4.679e-05,1771.44907752
2026-07-06 16:00:00+00:00,1783353600000,2026-07-06T16:00:00+00:00,6.963e-05,1787.86
2026-07-07 00:00:00+00:00,1783382400000,2026-07-07T00:00:00+00:00,7.62e-05,1798.84
2026-07-07 08:00:00+00:00,1783411200000,2026-07-07T08:00:00+00:00,3.271e-05,1770.55
2026-07-07 16:00:00+00:00,1783440000000,2026-07-07T16:00:00+00:00,4.088e-05,1796.73
2026-07-08 00:00:00+00:00,1783468800000,2026-07-08T00:00:00+00:00,1.519e-05,1770.42
2026-07-08 08:00:00+00:00,1783497600000,2026-07-08T08:00:00+00:00,2.984e-05,1756.00599225
2026-07-08 16:00:00+00:00,1783526400000,2026-07-08T16:00:00+00:00,4.537e-05,1722.26238573
2026-07-09 00:00:00+00:00,1783555200000,2026-07-09T00:00:00+00:00,7.189e-05,1742.68
2026-07-09 08:00:00.001000+00:00,1783584000001,2026-07-09T08:00:00.001000+00:00,5.342e-05,1752.52930233
2026-07-09 16:00:00.001000+00:00,1783612800001,2026-07-09T16:00:00.001000+00:00,2.748e-05,1738.61
2026-07-10 00:00:00+00:00,1783641600000,2026-07-10T00:00:00+00:00,2.613e-05,1744.25797674
2026-07-10 08:00:00.005000+00:00,1783670400005,2026-07-10T08:00:00.005000+00:00,3.355e-05,1772.5
2026-07-10 16:00:00.005000+00:00,1783699200005,2026-07-10T16:00:00.005000+00:00,4.632e-05,1790.49
2026-07-11 00:00:00+00:00,1783728000000,2026-07-11T00:00:00+00:00,5.051e-05,1796.03
2026-07-11 08:00:00+00:00,1783756800000,2026-07-11T08:00:00+00:00,2.19e-05,1799.0990155
2026-07-11 16:00:00+00:00,1783785600000,2026-07-11T16:00:00+00:00,6.296e-05,1814.11
2026-07-12 00:00:00+00:00,1783814400000,2026-07-12T00:00:00+00:00,6.46e-06,1786.84562016
2026-07-12 08:00:00.003000+00:00,1783843200003,2026-07-12T08:00:00.003000+00:00,9.96e-06,1797.97
2026-07-12 16:00:00+00:00,1783872000000,2026-07-12T16:00:00+00:00,3.016e-05,1820.02386822
2026-07-13 00:00:00+00:00,1783900800000,2026-07-13T00:00:00+00:00,2.248e-05,1805.93
2026-07-13 08:00:00.001000+00:00,1783929600001,2026-07-13T08:00:00.001000+00:00,5.42e-06,1786.66
2026-07-13 16:00:00.004000+00:00,1783958400004,2026-07-13T16:00:00.004000+00:00,1.969e-05,1776.04021705
2026-07-14 00:00:00+00:00,1783987200000,2026-07-14T00:00:00+00:00,1.26e-06,1776.04445736
2026-07-14 08:00:00.002000+00:00,1784016000002,2026-07-14T08:00:00.002000+00:00,3.639e-05,1780.10071318
2026-07-14 16:00:00.001000+00:00,1784044800001,2026-07-14T16:00:00.001000+00:00,6.925e-05,1874.38
2026-07-15 00:00:00.005000+00:00,1784073600005,2026-07-15T00:00:00.005000+00:00,3.834e-05,1890.79
2026-07-15 08:00:00.002000+00:00,1784102400002,2026-07-15T08:00:00.002000+00:00,5.006e-05,1869.18749612
2026-07-15 16:00:00+00:00,1784131200000,2026-07-15T16:00:00+00:00,8.736e-05,1931.0100155
2026-07-16 00:00:00+00:00,1784160000000,2026-07-16T00:00:00+00:00,4.35e-05,1916.99717322
2026-07-16 08:00:00.003000+00:00,1784188800003,2026-07-16T08:00:00.003000+00:00,6.079e-05,1909.96761427
2026-07-16 16:00:00.002000+00:00,1784217600002,2026-07-16T16:00:00.002000+00:00,3.526e-05,1880.89
2026-07-17 00:00:00+00:00,1784246400000,2026-07-17T00:00:00+00:00,6.892e-05,1863.80848062
2026-07-17 08:00:00.010000+00:00,1784275200010,2026-07-17T08:00:00.010000+00:00,4.774e-05,1827.37
2026-07-17 16:00:00.004000+00:00,1784304000004,2026-07-17T16:00:00.004000+00:00,2.442e-05,1830.2
2026-07-18 00:00:00+00:00,1784332800000,2026-07-18T00:00:00+00:00,2.552e-05,1841.08
2026-07-18 08:00:00+00:00,1784361600000,2026-07-18T08:00:00+00:00,3.939e-05,1843.43431008
2026-07-18 16:00:00.001000+00:00,1784390400001,2026-07-18T16:00:00.001000+00:00,3.042e-05,1843.14
2026-07-19 00:00:00.003000+00:00,1784419200003,2026-07-19T00:00:00.003000+00:00,-1.262e-05,1861.75
2026-07-19 08:00:00+00:00,1784448000000,2026-07-19T08:00:00+00:00,4.255e-05,1869.35
2026-07-19 16:00:00.001000+00:00,1784476800001,2026-07-19T16:00:00.001000+00:00,7.448e-05,1870.14404651
2026-07-20 00:00:00+00:00,1784505600000,2026-07-20T00:00:00+00:00,2.897e-05,1871.49
2026-07-20 08:00:00.001000+00:00,1784534400001,2026-07-20T08:00:00.001000+00:00,2.124e-05,1863.35
2026-07-20 16:00:00.004000+00:00,1784563200004,2026-07-20T16:00:00.004000+00:00,2.476e-05,1901.67177519
2026-07-21 00:00:00.001000+00:00,1784592000001,2026-07-21T00:00:00.001000+00:00,2.585e-05,1903.51539535
2026-07-21 08:00:00+00:00,1784620800000,2026-07-21T08:00:00+00:00,4.126e-05,1933.3142093
2026-07-21 16:00:00.002000+00:00,1784649600002,2026-07-21T16:00:00.002000+00:00,3.598e-05,1931.0515838
2026-07-22 00:00:00+00:00,1784678400000,2026-07-22T00:00:00+00:00,1.055e-05,1929.3
2026-07-22 08:00:00+00:00,1784707200000,2026-07-22T08:00:00+00:00,1.429e-05,1913.32614729
2026-07-22 16:00:00.001000+00:00,1784736000001,2026-07-22T16:00:00.001000+00:00,6.454e-05,1942.33989922
2026-07-23 00:00:00+00:00,1784764800000,2026-07-23T00:00:00+00:00,4.14e-06,1933.31
2026-07-23 08:00:00+00:00,1784793600000,2026-07-23T08:00:00+00:00,-3.313e-05,1914.61
2026-07-23 16:00:00+00:00,1784822400000,2026-07-23T16:00:00+00:00,-3.252e-05,1894.49
2026-07-24 00:00:00+00:00,1784851200000,2026-07-24T00:00:00+00:00,-1.139e-05,1877.41
2026-07-24 08:00:00+00:00,1784880000000,2026-07-24T08:00:00+00:00,1.776e-05,1895.0
2026-07-24 16:00:00.008000+00:00,1784908800008,2026-07-24T16:00:00.008000+00:00,1.716e-05,1861.27
2026-07-25 00:00:00.002000+00:00,1784937600002,2026-07-25T00:00:00.002000+00:00,5.412e-05,1860.65644961
2026-07-25 08:00:00+00:00,1784966400000,2026-07-25T08:00:00+00:00,2.278e-05,1855.14522481
2026-07-25 16:00:00+00:00,1784995200000,2026-07-25T16:00:00+00:00,3.434e-05,1867.04
2026-07-26 00:00:00+00:00,1785024000000,2026-07-26T00:00:00+00:00,-1.884e-05,1873.95805426
2026-07-26 08:00:00.002000+00:00,1785052800002,2026-07-26T08:00:00.002000+00:00,2.358e-05,1880.85
2026-07-26 16:00:00+00:00,1785081600000,2026-07-26T16:00:00+00:00,1.943e-05,1913.97012403
2026-07-27 00:00:00.010000+00:00,1785110400010,2026-07-27T00:00:00.010000+00:00,0.0001,1953.90018605
2026-07-27 08:00:00+00:00,1785139200000,2026-07-27T08:00:00+00:00,8.16e-05,1963.58
2026-07-27 16:00:00.001000+00:00,1785168000001,2026-07-27T16:00:00.001000+00:00,1.607e-05,1926.77
2026-07-28 00:00:00+00:00,1785196800000,2026-07-28T00:00:00+00:00,1.456e-05,1891.48551323
2026-07-28 08:00:00+00:00,1785225600000,2026-07-28T08:00:00+00:00,-3.657e-05,1882.77988372
2026-07-28 16:00:00+00:00,1785254400000,2026-07-28T16:00:00+00:00,2.816e-05,1919.46104651
2026-07-29 00:00:00+00:00,1785283200000,2026-07-29T00:00:00+00:00,5.737e-05,1921.17683721
2026-07-29 08:00:00.002000+00:00,1785312000002,2026-07-29T08:00:00.002000+00:00,6.871e-05,1923.2664031
2026-07-29 16:00:00+00:00,1785340800000,2026-07-29T16:00:00+00:00,2.143e-05,1891.45877519
2026-07-30 00:00:00+00:00,1785369600000,2026-07-30T00:00:00+00:00,3.854e-05,1909.80514729
2026-07-30 08:00:00+00:00,1785398400000,2026-07-30T08:00:00+00:00,4.661e-05,1902.38
2026-07-30 16:00:00+00:00,1785427200000,2026-07-30T16:00:00+00:00,1.99e-05,1918.01699225
2026-07-31 00:00:00.003000+00:00,1785456000003,2026-07-31T00:00:00.003000+00:00,5.729e-05,1917.38048062
2026-07-31 08:00:00+00:00,1785484800000,2026-07-31T08:00:00+00:00,1.208e-05,1889.04277519
2026-07-31 16:00:00+00:00,1785513600000,2026-07-31T16:00:00+00:00,-2.045e-05,1862.07726357
2026-08-01 00:00:00.001000+00:00,1785542400001,2026-08-01T00:00:00.001000+00:00,6.744e-05,1861.69911628
2026-08-01 08:00:00+00:00,1785571200000,2026-08-01T08:00:00+00:00,2.308e-05,1868.91
2026-08-01 16:00:00+00:00,1785600000000,2026-08-01T16:00:00+00:00,5.777e-05,1869.20182883
2026-08-02 00:00:00+00:00,1785628800000,2026-08-02T00:00:00+00:00,2.775e-05,1844.16
2026-08-02 08:00:00+00:00,1785657600000,2026-08-02T08:00:00+00:00,5.607e-05,1875.32
2026-08-02 16:00:00+00:00,1785686400000,2026-08-02T16:00:00+00:00,1.434e-05,1857.77
2026-08-03 00:00:00+00:00,1785715200000,2026-08-03T00:00:00+00:00,0.0001,1884.38
2026-08-03 08:00:00+00:00,1785744000000,2026-08-03T08:00:00+00:00,-8.69e-06,1842.99
2026-08-03 16:00:00+00:00,1785772800000,2026-08-03T16:00:00+00:00,3.664e-05,1862.55382946
2026-08-04 00:00:00.004000+00:00,1785801600004,2026-08-04T00:00:00.004000+00:00,5.396e-05,1859.78
2026-08-04 08:00:00.002000+00:00,1785830400002,2026-08-04T08:00:00.002000+00:00,5.342e-05,1863.25552713
2026-08-04 16:00:00+00:00,1785859200000,2026-08-04T16:00:00+00:00,7.309e-05,1872.25
2026-08-05 00:00:00.003000+00:00,1785888000003,2026-08-05T00:00:00.003000+00:00,3.467e-05,1868.96170543
2026-08-05 08:00:00.004000+00:00,1785916800004,2026-08-05T08:00:00.004000+00:00,6.13e-06,1871.85
2026-08-05 16:00:00+00:00,1785945600000,2026-08-05T16:00:00+00:00,3.054e-05,1873.1
2026-08-06 00:00:00.002000+00:00,1785974400002,2026-08-06T00:00:00.002000+00:00,3.94e-06,1908.00668217
2026-08-06 08:00:00+00:00,1786003200000,2026-08-06T08:00:00+00:00,9.87e-06,1908.52
2026-08-06 16:00:00+00:00,1786032000000,2026-08-06T16:00:00+00:00,9.87e-06,1909.87
2026-08-07 00:00:00+00:00,1786060800000,2026-08-07T00:00:00+00:00,-5.62e-06,1903.1764031
2026-08-07 08:00:00+00:00,1786089600000,2026-08-07T08:00:00+00:00,5.102e-05,1901.66
2026-08-07 16:00:00+00:00,1786118400000,2026-08-07T16:00:00+00:00,3.625e-05,1916.99
2026-08-08 00:00:00.001000+00:00,1786147200001,2026-08-08T00:00:00.001000+00:00,3.4e-07,1913.09973643
2026-08-08 08:00:00+00:00,1786176000000,2026-08-08T08:00:00+00:00,2.738e-05,1914.2934031
2026-08-08 16:00:00.002000+00:00,1786204800002,2026-08-08T16:00:00.002000+00:00,7.172e-05,1921.85
2026-08-09 00:00:00+00:00,1786233600000,2026-08-09T00:00:00+00:00,3.196e-05,1915.98186822
2026-08-09 08:00:00.005000+00:00,1786262400005,2026-08-09T08:00:00.005000+00:00,4.185e-05,1918.29
2026-08-09 16:00:00+00:00,1786291200000,2026-08-09T16:00:00+00:00,7.977e-05,1925.74613178
2026-08-10 00:00:00.001000+00:00,1786320000001,2026-08-10T00:00:00.001000+00:00,4.828e-05,1909.65627132
2026-08-10 08:00:00.005000+00:00,1786348800005,2026-08-10T08:00:00.005000+00:00,3.426e-05,1924.73
2026-08-10 16:00:00+00:00,1786377600000,2026-08-10T16:00:00+00:00,1.434e-05,1876.14303101
2026-08-11 00:00:00+00:00,1786406400000,2026-08-11T00:00:00+00:00,1.104e-05,1872.3275814
2026-08-11 08:00:00.006000+00:00,1786435200006,2026-08-11T08:00:00.006000+00:00,6.272e-05,1876.85789922
2026-08-11 16:00:00+00:00,1786464000000,2026-08-11T16:00:00+00:00,5.425e-05,1862.14805426
2026-08-12 00:00:00.001000+00:00,1786492800001,2026-08-12T00:00:00.001000+00:00,0.0001,1881.83728682
2026-08-12 08:00:00+00:00,1786521600000,2026-08-12T08:00:00+00:00,7.29e-05,1890.81
2026-08-12 16:00:00+00:00,1786550400000,2026-08-12T16:00:00+00:00,5.726e-05,1891.7624186
2026-08-13 00:00:00+00:00,1786579200000,2026-08-13T00:00:00+00:00,5.218e-05,1878.88434884
2026-08-13 08:00:00+00:00,1786608000000,2026-08-13T08:00:00+00:00,8.523e-05,1894.61528682
2026-08-13 16:00:00+00:00,1786636800000,2026-08-13T16:00:00+00:00,5.923e-05,1879.05
2026-08-14 00:00:00+00:00,1786665600000,2026-08-14T00:00:00+00:00,2.697e-05,1885.39605426
2026-08-14 08:00:00.001000+00:00,1786694400001,2026-08-14T08:00:00.001000+00:00,-6.75e-06,1872.38310853
2026-08-14 16:00:00.001000+00:00,1786723200001,2026-08-14T16:00:00.001000+00:00,6.86e-06,1880.82613953
2026-08-15 00:00:00.003000+00:00,1786752000003,2026-08-15T00:00:00.003000+00:00,5.131e-05,1881.39
2026-08-15 08:00:00.002000+00:00,1786780800002,2026-08-15T08:00:00.002000+00:00,4.368e-05,1879.59324806
2026-08-15 16:00:00+00:00,1786809600000,2026-08-15T16:00:00+00:00,5.945e-05,1884.0826036
2026-08-16 00:00:00+00:00,1786838400000,2026-08-16T00:00:00+00:00,-4.23e-06,1881.73
2026-08-16 08:00:00.002000+00:00,1786867200002,2026-08-16T08:00:00.002000+00:00,1.949e-05,1880.83205405
2026-08-16 16:00:00+00:00,1786896000000,2026-08-16T16:00:00+00:00,3.97e-05,1883.31891473
2026-08-17 00:00:00.001000+00:00,1786924800001,2026-08-17T00:00:00.001000+00:00,2.723e-05,1875.22
2026-08-17 08:00:00.003000+00:00,1786953600003,2026-08-17T08:00:00.003000+00:00,6.731e-05,1900.09
2026-08-17 16:00:00.005000+00:00,1786982400005,2026-08-17T16:00:00.005000+00:00,6.471e-05,1912.44
2026-08-18 00:00:00.006000+00:00,1787011200006,2026-08-18T00:00:00.006000+00:00,4.633e-05,1912.7
2026-08-18 08:00:00.001000+00:00,1787040000001,2026-08-18T08:00:00.001000+00:00,2.206e-05,1897.76300775
2026-08-18 16:00:00.003000+00:00,1787068800003,2026-08-18T16:00:00.003000+00:00,4.443e-05,1916.87
2026-08-19 00:00:00+00:00,1787097600000,2026-08-19T00:00:00+00:00,3.595e-05,1917.09
2026-08-19 08:00:00+00:00,1787126400000,2026-08-19T08:00:00+00:00,2.64e-05,1915.20502326
2026-08-19 16:00:00.004000+00:00,1787155200004,2026-08-19T16:00:00.004000+00:00,0.0001,2085.49749612
2026-08-20 00:00:00.001000+00:00,1787184000001,2026-08-20T00:00:00.001000+00:00,0.0001,2252.23189922
2026-08-20 08:00:00+00:00,1787212800000,2026-08-20T08:00:00+00:00,0.0001,2251.52236167
2026-08-20 16:00:00.005000+00:00,1787241600005,2026-08-20T16:00:00.005000+00:00,0.0001,2325.5823876
2026-08-21 00:00:00.004000+00:00,1787270400004,2026-08-21T00:00:00.004000+00:00,9.031e-05,2326.18
2026-08-21 08:00:00+00:00,1787299200000,2026-08-21T08:00:00+00:00,0.0001,2371.21069767
2026-08-21 16:00:00.001000+00:00,1787328000001,2026-08-21T16:00:00.001000+00:00,0.0001,2392.99
2026-08-22 00:00:00+00:00,1787356800000,2026-08-22T00:00:00+00:00,0.0001,2516.11883721
2026-08-22 08:00:00+00:00,1787385600000,2026-08-22T08:00:00+00:00,0.0001,2432.3
2026-08-22 16:00:00+00:00,1787414400000,2026-08-22T16:00:00+00:00,0.0001,2410.36
2026-08-23 00:00:00+00:00,1787443200000,2026-08-23T00:00:00+00:00,0.0001,2421.66045309
2026-08-23 08:00:00+00:00,1787472000000,2026-08-23T08:00:00+00:00,0.0001,2388.2
2026-08-23 16:00:00.006000+00:00,1787500800006,2026-08-23T16:00:00.006000+00:00,0.0001,2437.78087811
2026-08-24 00:00:00.001000+00:00,1787529600001,2026-08-24T00:00:00.001000+00:00,0.0001,2462.34
2026-08-24 08:00:00.002000+00:00,1787558400002,2026-08-24T08:00:00.002000+00:00,0.0001,2453.53
2026-08-24 16:00:00+00:00,1787587200000,2026-08-24T16:00:00+00:00,0.0001,2486.64
2026-08-25 00:00:00.001000+00:00,1787616000001,2026-08-25T00:00:00.001000+00:00,9.302e-05,2481.23326357
2026-08-25 08:00:00+00:00,1787644800000,2026-08-25T08:00:00+00:00,6.736e-05,2477.98295349
2026-08-25 16:00:00.005000+00:00,1787673600005,2026-08-25T16:00:00.005000+00:00,7.398e-05,2481.56
2026-08-26 00:00:00+00:00,1787702400000,2026-08-26T00:00:00+00:00,3.144e-05,2441.72
2026-08-26 08:00:00.005000+00:00,1787731200005,2026-08-26T08:00:00.005000+00:00,0.0001,2460.67399225
2026-08-26 16:00:00+00:00,1787760000000,2026-08-26T16:00:00+00:00,7.451e-05,2448.98
2026-08-27 00:00:00+00:00,1787788800000,2026-08-27T00:00:00+00:00,0.0001,2505.79220155
2026-08-27 08:00:00+00:00,1787817600000,2026-08-27T08:00:00+00:00,6.226e-05,2496.37151163
2026-08-27 16:00:00.013000+00:00,1787846400013,2026-08-27T16:00:00.013000+00:00,1.082e-05,2520.58
2026-08-28 00:00:00.026000+00:00,1787875200026,2026-08-28T00:00:00.026000+00:00,2.071e-05,2509.69564341
2026-08-28 08:00:00+00:00,1787904000000,2026-08-28T08:00:00+00:00,-1.33e-06,2495.34
2026-08-28 16:00:00.001000+00:00,1787932800001,2026-08-28T16:00:00.001000+00:00,5.622e-05,2470.35
2026-08-29 00:00:00+00:00,1787961600000,2026-08-29T00:00:00+00:00,1.591e-05,2441.96697674
2026-08-29 08:00:00+00:00,1787990400000,2026-08-29T08:00:00+00:00,2.808e-05,2435.28757364
2026-08-29 16:00:00.002000+00:00,1788019200002,2026-08-29T16:00:00.002000+00:00,6.071e-05,2443.54950388
2026-08-30 00:00:00+00:00,1788048000000,2026-08-30T00:00:00+00:00,3.166e-05,2456.5
2026-08-30 08:00:00+00:00,1788076800000,2026-08-30T08:00:00+00:00,2.817e-05,2454.19902326
2026-08-30 16:00:00.001000+00:00,1788105600001,2026-08-30T16:00:00.001000+00:00,4.116e-05,2479.92
2026-08-31 00:00:00.002000+00:00,1788134400002,2026-08-31T00:00:00.002000+00:00,2.364e-05,2415.85573643
2026-08-31 08:00:00.002000+00:00,1788163200002,2026-08-31T08:00:00.002000+00:00,3.522e-05,2439.02
2026-08-31 16:00:00.001000+00:00,1788192000001,2026-08-31T16:00:00.001000+00:00,7.702e-05,2466.41
2026-09-01 00:00:00.005000+00:00,1788220800005,2026-09-01T00:00:00.005000+00:00,5.716e-05,2466.63
2026-09-01 08:00:00+00:00,1788249600000,2026-09-01T08:00:00+00:00,8.569e-05,2471.44
2026-09-01 16:00:00+00:00,1788278400000,2026-09-01T16:00:00+00:00,1.1e-05,2447.89395349
2026-09-02 00:00:00+00:00,1788307200000,2026-09-02T00:00:00+00:00,9.2e-07,2417.48121705
2026-09-02 08:00:00.001000+00:00,1788336000001,2026-09-02T08:00:00.001000+00:00,5.096e-05,2416.69371318
2026-09-02 16:00:00.005000+00:00,1788364800005,2026-09-02T16:00:00.005000+00:00,5.184e-05,2390.1844186
2026-09-03 00:00:00+00:00,1788393600000,2026-09-03T00:00:00+00:00,8.972e-05,2390.91482171
2026-09-03 08:00:00+00:00,1788422400000,2026-09-03T08:00:00+00:00,8.397e-05,2397.35413178
2026-09-03 16:00:00+00:00,1788451200000,2026-09-03T16:00:00+00:00,8.789e-05,2516.0
2026-09-04 00:00:00+00:00,1788480000000,2026-09-04T00:00:00+00:00,9.533e-05,2506.42
2026-09-04 08:00:00+00:00,1788508800000,2026-09-04T08:00:00+00:00,6.004e-05,2503.53
2026-09-04 16:00:00.009000+00:00,1788537600009,2026-09-04T16:00:00.009000+00:00,5.94e-06,2450.95
2026-09-05 00:00:00+00:00,1788566400000,2026-09-05T00:00:00+00:00,2.001e-05,2454.57
2026-09-05 08:00:00+00:00,1788595200000,2026-09-05T08:00:00+00:00,6.104e-05,2456.23710853
2026-09-05 16:00:00.001000+00:00,1788624000001,2026-09-05T16:00:00.001000+00:00,1.86e-05,2458.66386047
2026-09-06 00:00:00+00:00,1788652800000,2026-09-06T00:00:00+00:00,7.02e-05,2479.17
2026-09-06 08:00:00+00:00,1788681600000,2026-09-06T08:00:00+00:00,7.14e-05,2495.74814729
2026-09-06 16:00:00.004000+00:00,1788710400004,2026-09-06T16:00:00.004000+00:00,1.85e-05,2478.45390698
2026-09-07 00:00:00.004000+00:00,1788739200004,2026-09-07T00:00:00.004000+00:00,6.753e-05,2513.57115076
2026-09-07 08:00:00+00:00,1788768000000,2026-09-07T08:00:00+00:00,9.65e-06,2488.0
2026-09-07 16:00:00.003000+00:00,1788796800003,2026-09-07T16:00:00.003000+00:00,2.859e-05,2468.76
2026-09-08 00:00:00.004000+00:00,1788825600004,2026-09-08T00:00:00.004000+00:00,4.234e-05,2488.91
2026-09-08 08:00:00.002000+00:00,1788854400002,2026-09-08T08:00:00.002000+00:00,-4.89e-06,2478.33
2026-09-08 16:00:00.001000+00:00,1788883200001,2026-09-08T16:00:00.001000+00:00,5.222e-05,2497.81609302
2026-09-09 00:00:00.005000+00:00,1788912000005,2026-09-09T00:00:00.005000+00:00,5.214e-05,2483.88
2026-09-09 08:00:00.004000+00:00,1788940800004,2026-09-09T08:00:00.004000+00:00,8.538e-05,2509.53191473
2026-09-09 16:00:00.002000+00:00,1788969600002,2026-09-09T16:00:00.002000+00:00,3.07e-05,2488.97
2026-09-10 00:00:00+00:00,1788998400000,2026-09-10T00:00:00+00:00,-1.168e-05,2466.98020155
2026-09-10 08:00:00.007000+00:00,1789027200007,2026-09-10T08:00:00.007000+00:00,5.093e-05,2471.53048062
2026-09-10 16:00:00.002000+00:00,1789056000002,2026-09-10T16:00:00.002000+00:00,-0.0001081,2440.0
2026-09-11 00:00:00.008000+00:00,1789084800008,2026-09-11T00:00:00.008000+00:00,6.31e-06,2437.04
2026-09-11 08:00:00+00:00,1789113600000,2026-09-11T08:00:00+00:00,6.11e-05,2466.5
2026-09-11 16:00:00+00:00,1789142400000,2026-09-11T16:00:00+00:00,4.999e-05,2558.62
2026-09-12 00:00:00.001000+00:00,1789171200001,2026-09-12T00:00:00.001000+00:00,5.5e-07,2515.5989845
2026-09-12 08:00:00.003000+00:00,1789200000003,2026-09-12T08:00:00.003000+00:00,6.37e-06,2523.00693023
2026-09-12 16:00:00+00:00,1789228800000,2026-09-12T16:00:00+00:00,5.163e-05,2534.0
2026-09-13 00:00:00.002000+00:00,1789257600002,2026-09-13T00:00:00.002000+00:00,4.541e-05,2524.8
2026-09-13 08:00:00+00:00,1789286400000,2026-09-13T08:00:00+00:00,5.809e-05,2516.75134884
2026-09-13 16:00:00+00:00,1789315200000,2026-09-13T16:00:00+00:00,-4.585e-05,2489.62309879
2026-09-14 00:00:00+00:00,1789344000000,2026-09-14T00:00:00+00:00,5.268e-05,2475.65645736
2026-09-14 08:00:00+00:00,1789372800000,2026-09-14T08:00:00+00:00,7.7e-05,2521.97
2026-09-14 16:00:00+00:00,1789401600000,2026-09-14T16:00:00+00:00,3.649e-05,2507.27
2026-09-15 00:00:00+00:00,1789430400000,2026-09-15T00:00:00+00:00,1.285e-05,2514.94
2026-09-15 08:00:00.005000+00:00,1789459200005,2026-09-15T08:00:00.005000+00:00,-8.189e-05,2472.8260155
2026-09-15 16:00:00.001000+00:00,1789488000001,2026-09-15T16:00:00.001000+00:00,-4.838e-05,2423.28
2026-09-16 00:00:00.001000+00:00,1789516800001,2026-09-16T00:00:00.001000+00:00,-3.27e-06,2397.15
2026-09-16 08:00:00.002000+00:00,1789545600002,2026-09-16T08:00:00.002000+00:00,-4.012e-05,2395.53
2026-09-16 16:00:00.001000+00:00,1789574400001,2026-09-16T16:00:00.001000+00:00,2.126e-05,2391.67
2026-09-17 00:00:00+00:00,1789603200000,2026-09-17T00:00:00+00:00,3.297e-05,2417.49
2026-09-17 08:00:00.003000+00:00,1789632000003,2026-09-17T08:00:00.003000+00:00,3.159e-05,2443.38657364
2026-09-17 16:00:00+00:00,1789660800000,2026-09-17T16:00:00+00:00,5.107e-05,2469.46
2026-09-18 00:00:00.003000+00:00,1789689600003,2026-09-18T00:00:00.003000+00:00,3.705e-05,2446.37372093
2026-09-18 08:00:00.006000+00:00,1789718400006,2026-09-18T08:00:00.006000+00:00,7.752e-05,2488.98
2026-09-18 16:00:00+00:00,1789747200000,2026-09-18T16:00:00+00:00,0.0001,2583.24
2026-09-19 00:00:00+00:00,1789776000000,2026-09-19T00:00:00+00:00,0.0001,2611.15
2026-09-19 08:00:00.002000+00:00,1789804800002,2026-09-19T08:00:00.002000+00:00,0.0001,2626.26800775
2026-09-19 16:00:00+00:00,1789833600000,2026-09-19T16:00:00+00:00,5.416e-05,2640.0
2026-09-20 00:00:00+00:00,1789862400000,2026-09-20T00:00:00+00:00,0.0001,2631.60605426
2026-09-20 08:00:00+00:00,1789891200000,2026-09-20T08:00:00+00:00,4.128e-05,2575.53
2026-09-20 16:00:00+00:00,1789920000000,2026-09-20T16:00:00+00:00,3.468e-05,2612.0634031
2026-09-21 00:00:00.007000+00:00,1789948800007,2026-09-21T00:00:00.007000+00:00,8.166e-05,2643.8203876
2026-09-21 08:00:00.004000+00:00,1789977600004,2026-09-21T08:00:00.004000+00:00,8.66e-05,2660.81116279
2026-09-21 16:00:00.002000+00:00,1790006400002,2026-09-21T16:00:00.002000+00:00,8.935e-05,2754.0
2026-09-22 00:00:00+00:00,1790035200000,2026-09-22T00:00:00+00:00,5.727e-05,2774.83831008
2026-09-22 08:00:00.004000+00:00,1790064000004,2026-09-22T08:00:00.004000+00:00,9.361e-05,2725.48
2026-09-22 16:00:00+00:00,1790092800000,2026-09-22T16:00:00+00:00,5.735e-05,2742.88
2026-09-23 00:00:00+00:00,1790121600000,2026-09-23T00:00:00+00:00,9.373e-05,2752.67
2026-09-23 08:00:00.004000+00:00,1790150400004,2026-09-23T08:00:00.004000+00:00,4.462e-05,2741.99
2026-09-23 16:00:00.004000+00:00,1790179200004,2026-09-23T16:00:00.004000+00:00,4.502e-05,2655.19
2026-09-24 00:00:00.002000+00:00,1790208000002,2026-09-24T00:00:00.002000+00:00,5.263e-05,2683.63370543
2026-09-24 08:00:00+00:00,1790236800000,2026-09-24T08:00:00+00:00,5.176e-05,2692.04984496
2026-09-24 16:00:00.005000+00:00,1790265600005,2026-09-24T16:00:00.005000+00:00,6.466e-05,2682.25
2026-09-25 00:00:00.002000+00:00,1790294400002,2026-09-25T00:00:00.002000+00:00,2.767e-05,2686.65
2026-09-25 08:00:00+00:00,1790323200000,2026-09-25T08:00:00+00:00,3.742e-05,2671.17
2026-09-25 16:00:00.002000+00:00,1790352000002,2026-09-25T16:00:00.002000+00:00,4.924e-05,2685.72
2026-09-26 00:00:00+00:00,1790380800000,2026-09-26T00:00:00+00:00,6.606e-05,2690.60376744
2026-09-26 08:00:00.001000+00:00,1790409600001,2026-09-26T08:00:00.001000+00:00,6.744e-05,2689.71
2026-09-26 16:00:00.001000+00:00,1790438400001,2026-09-26T16:00:00.001000+00:00,5.798e-05,2691.99
2026-09-27 00:00:00+00:00,1790467200000,2026-09-27T00:00:00+00:00,5.712e-05,2695.45568164
2026-09-27 08:00:00.001000+00:00,1790496000001,2026-09-27T08:00:00.001000+00:00,0.0001,2717.05
2026-09-27 16:00:00+00:00,1790524800000,2026-09-27T16:00:00+00:00,5.39e-05,2688.83
2026-09-28 00:00:00+00:00,1790553600000,2026-09-28T00:00:00+00:00,3.121e-05,2687.36
2026-09-28 08:00:00.001000+00:00,1790582400001,2026-09-28T08:00:00.001000+00:00,-3.065e-05,2642.803749
2026-09-28 16:00:00.001000+00:00,1790611200001,2026-09-28T16:00:00.001000+00:00,5.929e-05,2677.16137209
2026-09-29 00:00:00+00:00,1790640000000,2026-09-29T00:00:00+00:00,6.984e-05,2687.55
2026-09-29 08:00:00+00:00,1790668800000,2026-09-29T08:00:00+00:00,0.0001,2711.5
2026-09-29 16:00:00+00:00,1790697600000,2026-09-29T16:00:00+00:00,4.202e-05,2672.82
2026-09-30 00:00:00+00:00,1790726400000,2026-09-30T00:00:00+00:00,6.622e-05,2676.94
2026-09-30 08:00:00+00:00,1790755200000,2026-09-30T08:00:00+00:00,5.437e-05,2673.54
2026-09-30 16:00:00.002000+00:00,1790784000002,2026-09-30T16:00:00.002000+00:00,3.478e-05,2682.37683721
