ts,timestamp,datetime,funding_rate,mark_price
2020-01-09 08:00:00+00:00,1578556800000,2020-01-09T08:00:00+00:00,0.0001,0.0
2020-01-09 16:00:00+00:00,1578585600000,2020-01-09T16:00:00+00:00,0.0001,0.0
2020-01-10 00:00:00+00:00,1578614400000,2020-01-10T00:00:00+00:00,0.0001,0.0
2020-01-10 08:00:00+00:00,1578643200000,2020-01-10T08:00:00+00:00,-0.00016501,0.0
2020-01-10 16:00:00+00:00,1578672000000,2020-01-10T16:00:00+00:00,0.0001,0.0
2020-01-11 00:00:00+00:00,1578700800000,2020-01-11T00:00:00+00:00,-8.34e-05,0.0
2020-01-11 08:00:00+00:00,1578729600000,2020-01-11T08:00:00+00:00,0.0001,0.0
2020-01-11 16:00:00+00:00,1578758400000,2020-01-11T16:00:00+00:00,0.00030815,0.0
2020-01-12 00:00:00+00:00,1578787200000,2020-01-12T00:00:00+00:00,9.409e-05,0.0
2020-01-12 08:00:00+00:00,1578816000000,2020-01-12T08:00:00+00:00,0.0001,0.0
2020-01-12 16:00:00+00:00,1578844800000,2020-01-12T16:00:00+00:00,0.0001,0.0
2020-01-13 00:00:00.001000+00:00,1578873600001,2020-01-13T00:00:00.001000+00:00,0.0001,0.0
2020-01-13 08:00:00+00:00,1578902400000,2020-01-13T08:00:00+00:00,0.0001,0.0
2020-01-13 16:00:00+00:00,1578931200000,2020-01-13T16:00:00+00:00,0.0001,0.0
2020-01-14 00:00:00+00:00,1578960000000,2020-01-14T00:00:00+00:00,0.0001,0.0
2020-01-14 08:00:00+00:00,1578988800000,2020-01-14T08:00:00+00:00,0.0001,0.0
2020-01-14 16:00:00.001000+00:00,1579017600001,2020-01-14T16:00:00.001000+00:00,0.0001,0.0
2020-01-15 00:00:00+00:00,1579046400000,2020-01-15T00:00:00+00:00,0.00061688,0.0
2020-01-15 08:00:00+00:00,1579075200000,2020-01-15T08:00:00+00:00,0.00038757,0.0
2020-01-15 16:00:00+00:00,1579104000000,2020-01-15T16:00:00+00:00,0.00019672,0.0
2020-01-16 00:00:00+00:00,1579132800000,2020-01-16T00:00:00+00:00,0.0001,0.0
2020-01-16 08:00:00+00:00,1579161600000,2020-01-16T08:00:00+00:00,0.0001,0.0
2020-01-16 16:00:00+00:00,1579190400000,2020-01-16T16:00:00+00:00,0.0001,0.0
2020-01-17 00:00:00+00:00,1579219200000,2020-01-17T00:00:00+00:00,0.00038011,0.0
2020-01-17 08:00:00+00:00,1579248000000,2020-01-17T08:00:00+00:00,0.00089497,0.0
2020-01-17 16:00:00+00:00,1579276800000,2020-01-17T16:00:00+00:00,0.0006264,0.0
2020-01-18 00:00:00.001000+00:00,1579305600001,2020-01-18T00:00:00.001000+00:00,0.00072004,0.0
2020-01-18 08:00:00.001000+00:00,1579334400001,2020-01-18T08:00:00.001000+00:00,0.000704,0.0
2020-01-18 16:00:00+00:00,1579363200000,2020-01-18T16:00:00+00:00,0.00086863,0.0
2020-01-19 00:00:00+00:00,1579392000000,2020-01-19T00:00:00+00:00,0.00031874,0.0
2020-01-19 08:00:00+00:00,1579420800000,2020-01-19T08:00:00+00:00,0.00043069,0.0
2020-01-19 16:00:00+00:00,1579449600000,2020-01-19T16:00:00+00:00,0.0001,0.0
2020-01-20 00:00:00+00:00,1579478400000,2020-01-20T00:00:00+00:00,0.0001,0.0
2020-01-20 08:00:00+00:00,1579507200000,2020-01-20T08:00:00+00:00,0.0001,0.0
2020-01-20 16:00:00+00:00,1579536000000,2020-01-20T16:00:00+00:00,0.0001,0.0
2020-01-21 00:00:00+00:00,1579564800000,2020-01-21T00:00:00+00:00,0.0001,0.0
2020-01-21 08:00:00+00:00,1579593600000,2020-01-21T08:00:00+00:00,0.0001,0.0
2020-01-21 16:00:00+00:00,1579622400000,2020-01-21T16:00:00+00:00,0.0,0.0
2020-01-22 00:00:00+00:00,1579651200000,2020-01-22T00:00:00+00:00,0.0,0.0
2020-01-22 08:00:00.001000+00:00,1579680000001,2020-01-22T08:00:00.001000+00:00,0.0,0.0
2020-01-22 16:00:00+00:00,1579708800000,2020-01-22T16:00:00+00:00,5.852e-05,0.0
2020-01-23 00:00:00+00:00,1579737600000,2020-01-23T00:00:00+00:00,0.0,0.0
2020-01-23 08:00:00+00:00,1579766400000,2020-01-23T08:00:00+00:00,0.0,0.0
2020-01-23 16:00:00+00:00,1579795200000,2020-01-23T16:00:00+00:00,0.0,0.0
2020-01-24 00:00:00+00:00,1579824000000,2020-01-24T00:00:00+00:00,0.00050623,0.0
2020-01-24 08:00:00+00:00,1579852800000,2020-01-24T08:00:00+00:00,0.0,0.0
2020-01-24 16:00:00.001000+00:00,1579881600001,2020-01-24T16:00:00.001000+00:00,0.00021518,0.0
2020-01-25 00:00:00+00:00,1579910400000,2020-01-25T00:00:00+00:00,0.0,0.0
2020-01-25 08:00:00+00:00,1579939200000,2020-01-25T08:00:00+00:00,0.00032998,0.0
2020-01-25 16:00:00.001000+00:00,1579968000001,2020-01-25T16:00:00.001000+00:00,3.385e-05,0.0
2020-01-26 00:00:00+00:00,1579996800000,2020-01-26T00:00:00+00:00,0.0,0.0
2020-01-26 08:00:00+00:00,1580025600000,2020-01-26T08:00:00+00:00,0.0,0.0
2020-01-26 16:00:00+00:00,1580054400000,2020-01-26T16:00:00+00:00,0.00047684,0.0
2020-01-27 00:00:00+00:00,1580083200000,2020-01-27T00:00:00+00:00,0.00037236,0.0
2020-01-27 08:00:00.001000+00:00,1580112000001,2020-01-27T08:00:00.001000+00:00,0.0,0.0
2020-01-27 16:00:00+00:00,1580140800000,2020-01-27T16:00:00+00:00,0.0,0.0
2020-01-28 00:00:00+00:00,1580169600000,2020-01-28T00:00:00+00:00,0.0,0.0
2020-01-28 08:00:00+00:00,1580198400000,2020-01-28T08:00:00+00:00,0.0,0.0
2020-01-28 16:00:00+00:00,1580227200000,2020-01-28T16:00:00+00:00,0.0,0.0
2020-01-29 00:00:00.001000+00:00,1580256000001,2020-01-29T00:00:00.001000+00:00,0.00047398,0.0
2020-01-29 08:00:00+00:00,1580284800000,2020-01-29T08:00:00+00:00,0.00031957,0.0
2020-01-29 16:00:00.002000+00:00,1580313600002,2020-01-29T16:00:00.002000+00:00,0.00018885,0.0
2020-01-30 00:00:00+00:00,1580342400000,2020-01-30T00:00:00+00:00,0.0006407,0.0
2020-01-30 08:00:00+00:00,1580371200000,2020-01-30T08:00:00+00:00,0.00038925,0.0
2020-01-30 16:00:00+00:00,1580400000000,2020-01-30T16:00:00+00:00,0.00020806,0.0
2020-01-31 00:00:00+00:00,1580428800000,2020-01-31T00:00:00+00:00,0.00034859,0.0
2020-01-31 08:00:00+00:00,1580457600000,2020-01-31T08:00:00+00:00,0.00043136,0.0
2020-01-31 16:00:00+00:00,1580486400000,2020-01-31T16:00:00+00:00,0.00035987,0.0
2020-02-01 00:00:00+00:00,1580515200000,2020-02-01T00:00:00+00:00,4.512e-05,0.0
2020-02-01 08:00:00+00:00,1580544000000,2020-02-01T08:00:00+00:00,0.0,0.0
2020-02-01 16:00:00+00:00,1580572800000,2020-02-01T16:00:00+00:00,0.0,0.0
2020-02-02 00:00:00+00:00,1580601600000,2020-02-02T00:00:00+00:00,0.0,0.0
2020-02-02 08:00:00+00:00,1580630400000,2020-02-02T08:00:00+00:00,0.00034305,0.0
2020-02-02 16:00:00+00:00,1580659200000,2020-02-02T16:00:00+00:00,0.00024822,0.0
2020-02-03 00:00:00+00:00,1580688000000,2020-02-03T00:00:00+00:00,0.00010603,0.0
2020-02-03 08:00:00+00:00,1580716800000,2020-02-03T08:00:00+00:00,0.00026918,0.0
2020-02-03 16:00:00+00:00,1580745600000,2020-02-03T16:00:00+00:00,0.00066319,0.0
2020-02-04 00:00:00+00:00,1580774400000,2020-02-04T00:00:00+00:00,0.00033326,0.0
2020-02-04 08:00:00.001000+00:00,1580803200001,2020-02-04T08:00:00.001000+00:00,0.00060785,0.0
2020-02-04 16:00:00+00:00,1580832000000,2020-02-04T16:00:00+00:00,0.00091288,0.0
2020-02-05 00:00:00.002000+00:00,1580860800002,2020-02-05T00:00:00.002000+00:00,0.0008389,0.0
2020-02-05 08:00:00+00:00,1580889600000,2020-02-05T08:00:00+00:00,0.00058266,0.0
2020-02-05 16:00:00+00:00,1580918400000,2020-02-05T16:00:00+00:00,0.00037833,0.0
2020-02-06 00:00:00+00:00,1580947200000,2020-02-06T00:00:00+00:00,0.00062993,0.0
2020-02-06 08:00:00+00:00,1580976000000,2020-02-06T08:00:00+00:00,0.00079581,0.0
2020-02-06 16:00:00+00:00,1581004800000,2020-02-06T16:00:00+00:00,0.0003813,0.0
2020-02-07 00:00:00+00:00,1581033600000,2020-02-07T00:00:00+00:00,0.00022691,0.0
2020-02-07 08:00:00+00:00,1581062400000,2020-02-07T08:00:00+00:00,0.00044607,0.0
2020-02-07 16:00:00.001000+00:00,1581091200001,2020-02-07T16:00:00.001000+00:00,0.00067636,0.0
2020-02-08 00:00:00+00:00,1581120000000,2020-02-08T00:00:00+00:00,0.00067884,0.0
2020-02-08 08:00:00+00:00,1581148800000,2020-02-08T08:00:00+00:00,0.00043124,0.0
2020-02-08 16:00:00+00:00,1581177600000,2020-02-08T16:00:00+00:00,0.00060968,0.0
2020-02-09 00:00:00+00:00,1581206400000,2020-02-09T00:00:00+00:00,0.00084067,0.0
2020-02-09 08:00:00+00:00,1581235200000,2020-02-09T08:00:00+00:00,0.00085242,0.0
2020-02-09 16:00:00+00:00,1581264000000,2020-02-09T16:00:00+00:00,0.00137143,0.0
2020-02-10 00:00:00+00:00,1581292800000,2020-02-10T00:00:00+00:00,0.0010755,0.0
2020-02-10 08:00:00+00:00,1581321600000,2020-02-10T08:00:00+00:00,0.00124711,0.0
2020-02-10 16:00:00.009000+00:00,1581350400009,2020-02-10T16:00:00.009000+00:00,0.00257734,0.0
2020-02-11 00:00:00+00:00,1581379200000,2020-02-11T00:00:00+00:00,0.00114991,0.0
2020-02-11 08:00:00+00:00,1581408000000,2020-02-11T08:00:00+00:00,0.00071154,0.0
2020-02-11 16:00:00+00:00,1581436800000,2020-02-11T16:00:00+00:00,0.00089628,0.0
2020-02-12 00:00:00+00:00,1581465600000,2020-02-12T00:00:00+00:00,0.00261646,0.0
2020-02-12 08:00:00.001000+00:00,1581494400001,2020-02-12T08:00:00.001000+00:00,0.00380638,0.0
2020-02-12 16:00:00+00:00,1581523200000,2020-02-12T16:00:00+00:00,0.00177824,0.0
2020-02-13 00:00:00.001000+00:00,1581552000001,2020-02-13T00:00:00.001000+00:00,0.00186684,0.0
2020-02-13 08:00:00+00:00,1581580800000,2020-02-13T08:00:00+00:00,0.00208011,0.0
2020-02-13 16:00:00+00:00,1581609600000,2020-02-13T16:00:00+00:00,0.001212,0.0
2020-02-14 00:00:00+00:00,1581638400000,2020-02-14T00:00:00+00:00,0.00111041,0.0
2020-02-14 08:00:00+00:00,1581667200000,2020-02-14T08:00:00+00:00,0.00137557,0.0
2020-02-14 16:00:00+00:00,1581696000000,2020-02-14T16:00:00+00:00,0.00112572,0.0
2020-02-15 00:00:00+00:00,1581724800000,2020-02-15T00:00:00+00:00,0.00232886,0.0
2020-02-15 08:00:00+00:00,1581753600000,2020-02-15T08:00:00+00:00,0.0011933,0.0
2020-02-15 16:00:00+00:00,1581782400000,2020-02-15T16:00:00+00:00,0.00156575,0.0
2020-02-16 00:00:00+00:00,1581811200000,2020-02-16T00:00:00+00:00,0.00077213,0.0
2020-02-16 08:00:00+00:00,1581840000000,2020-02-16T08:00:00+00:00,0.00059134,0.0
2020-02-16 16:00:00+00:00,1581868800000,2020-02-16T16:00:00+00:00,0.00044673,0.0
2020-02-17 00:00:00+00:00,1581897600000,2020-02-17T00:00:00+00:00,0.00012864,0.0
2020-02-17 08:00:00+00:00,1581926400000,2020-02-17T08:00:00+00:00,0.00042877,0.0
2020-02-17 16:00:00+00:00,1581955200000,2020-02-17T16:00:00+00:00,0.00087128,0.0
2020-02-18 00:00:00+00:00,1581984000000,2020-02-18T00:00:00+00:00,0.00089338,0.0
2020-02-18 08:00:00+00:00,1582012800000,2020-02-18T08:00:00+00:00,0.00075242,0.0
2020-02-18 16:00:00+00:00,1582041600000,2020-02-18T16:00:00+00:00,0.00040888,0.0
2020-02-19 00:00:00+00:00,1582070400000,2020-02-19T00:00:00+00:00,0.00035974,0.0
2020-02-19 08:00:00.001000+00:00,1582099200001,2020-02-19T08:00:00.001000+00:00,0.00114557,0.0
2020-02-19 16:00:00+00:00,1582128000000,2020-02-19T16:00:00+00:00,0.00100893,0.0
2020-02-20 00:00:00.004000+00:00,1582156800004,2020-02-20T00:00:00.004000+00:00,0.00044646,0.0
2020-02-20 08:00:00+00:00,1582185600000,2020-02-20T08:00:00+00:00,0.00010345,0.0
2020-02-20 16:00:00+00:00,1582214400000,2020-02-20T16:00:00+00:00,0.00023802,0.0
2020-02-21 00:00:00+00:00,1582243200000,2020-02-21T00:00:00+00:00,6.182e-05,0.0
2020-02-21 08:00:00+00:00,1582272000000,2020-02-21T08:00:00+00:00,0.0,0.0
2020-02-21 16:00:00+00:00,1582300800000,2020-02-21T16:00:00+00:00,7.988e-05,0.0
2020-02-22 00:00:00+00:00,1582329600000,2020-02-22T00:00:00+00:00,0.0002174,0.0
2020-02-22 08:00:00.001000+00:00,1582358400001,2020-02-22T08:00:00.001000+00:00,0.0,0.0
2020-02-22 16:00:00+00:00,1582387200000,2020-02-22T16:00:00+00:00,0.0,0.0
2020-02-23 00:00:00+00:00,1582416000000,2020-02-23T00:00:00+00:00,0.0,0.0
2020-02-23 08:00:00+00:00,1582444800000,2020-02-23T08:00:00+00:00,0.0,0.0
2020-02-23 16:00:00+00:00,1582473600000,2020-02-23T16:00:00+00:00,0.0,0.0
2020-02-24 00:00:00.015000+00:00,1582502400015,2020-02-24T00:00:00.015000+00:00,1.369e-05,0.0
2020-02-24 08:00:00+00:00,1582531200000,2020-02-24T08:00:00+00:00,0.00074132,0.0
2020-02-24 16:00:00+00:00,1582560000000,2020-02-24T16:00:00+00:00,0.0005468,0.0
2020-02-25 00:00:00.001000+00:00,1582588800001,2020-02-25T00:00:00.001000+00:00,0.00036702,0.0
2020-02-25 08:00:00+00:00,1582617600000,2020-02-25T08:00:00+00:00,0.00027615,0.0
2020-02-25 16:00:00.001000+00:00,1582646400001,2020-02-25T16:00:00.001000+00:00,0.00051432,0.0
2020-02-26 00:00:00+00:00,1582675200000,2020-02-26T00:00:00+00:00,0.00021345,0.0
2020-02-26 08:00:00.001000+00:00,1582704000001,2020-02-26T08:00:00.001000+00:00,1.3e-05,0.0
2020-02-26 16:00:00+00:00,1582732800000,2020-02-26T16:00:00+00:00,0.00014046,0.0
2020-02-27 00:00:00.001000+00:00,1582761600001,2020-02-27T00:00:00.001000+00:00,0.0,0.0
2020-02-27 08:00:00.001000+00:00,1582790400001,2020-02-27T08:00:00.001000+00:00,0.0,0.0
2020-02-27 16:00:00+00:00,1582819200000,2020-02-27T16:00:00+00:00,0.0,0.0
2020-02-28 00:00:00+00:00,1582848000000,2020-02-28T00:00:00+00:00,0.00017859,0.0
2020-02-28 08:00:00+00:00,1582876800000,2020-02-28T08:00:00+00:00,0.00024069,0.0
2020-02-28 16:00:00+00:00,1582905600000,2020-02-28T16:00:00+00:00,0.0,0.0
2020-02-29 00:00:00+00:00,1582934400000,2020-02-29T00:00:00+00:00,1.03e-05,0.0
2020-02-29 08:00:00+00:00,1582963200000,2020-02-29T08:00:00+00:00,0.00019322,0.0
2020-02-29 16:00:00+00:00,1582992000000,2020-02-29T16:00:00+00:00,0.0001945,0.0
2020-03-01 00:00:00+00:00,1583020800000,2020-03-01T00:00:00+00:00,7.028e-05,0.0
2020-03-01 08:00:00+00:00,1583049600000,2020-03-01T08:00:00+00:00,5.268e-05,0.0
2020-03-01 16:00:00.001000+00:00,1583078400001,2020-03-01T16:00:00.001000+00:00,0.00064455,0.0
2020-03-02 00:00:00+00:00,1583107200000,2020-03-02T00:00:00+00:00,8.34e-05,0.0
2020-03-02 08:00:00+00:00,1583136000000,2020-03-02T08:00:00+00:00,0.00027295,0.0
2020-03-02 16:00:00.004000+00:00,1583164800004,2020-03-02T16:00:00.004000+00:00,0.00019238,0.0
2020-03-03 00:00:00+00:00,1583193600000,2020-03-03T00:00:00+00:00,0.00018696,0.0
2020-03-03 08:00:00.003000+00:00,1583222400003,2020-03-03T08:00:00.003000+00:00,0.00017006,0.0
2020-03-03 16:00:00+00:00,1583251200000,2020-03-03T16:00:00+00:00,0.00011977,0.0
2020-03-04 00:00:00.002000+00:00,1583280000002,2020-03-04T00:00:00.002000+00:00,7.458e-05,0.0
2020-03-04 08:00:00+00:00,1583308800000,2020-03-04T08:00:00+00:00,0.00033646,0.0
2020-03-04 16:00:00.001000+00:00,1583337600001,2020-03-04T16:00:00.001000+00:00,0.00030938,0.0
2020-03-05 00:00:00+00:00,1583366400000,2020-03-05T00:00:00+00:00,7.628e-05,0.0
2020-03-05 08:00:00+00:00,1583395200000,2020-03-05T08:00:00+00:00,0.00036266,0.0
2020-03-05 16:00:00+00:00,1583424000000,2020-03-05T16:00:00+00:00,0.0004417,0.0
2020-03-06 00:00:00.003000+00:00,1583452800003,2020-03-06T00:00:00.003000+00:00,0.00018252,0.0
2020-03-06 08:00:00+00:00,1583481600000,2020-03-06T08:00:00+00:00,0.00046643,0.0
2020-03-06 16:00:00+00:00,1583510400000,2020-03-06T16:00:00+00:00,0.0004599,0.0
2020-03-07 00:00:00+00:00,1583539200000,2020-03-07T00:00:00+00:00,0.00051075,0.0
2020-03-07 08:00:00.001000+00:00,1583568000001,2020-03-07T08:00:00.001000+00:00,0.00047273,0.0
2020-03-07 16:00:00+00:00,1583596800000,2020-03-07T16:00:00+00:00,0.00055764,0.0
2020-03-08 00:00:00.001000+00:00,1583625600001,2020-03-08T00:00:00.001000+00:00,0.00028872,0.0
2020-03-08 08:00:00+00:00,1583654400000,2020-03-08T08:00:00+00:00,0.00031618,0.0
2020-03-08 16:00:00.006000+00:00,1583683200006,2020-03-08T16:00:00.006000+00:00,0.00026588,0.0
2020-03-09 00:00:00+00:00,1583712000000,2020-03-09T00:00:00+00:00,0.0,0.0
2020-03-09 08:00:00+00:00,1583740800000,2020-03-09T08:00:00+00:00,0.0,0.0
2020-03-09 16:00:00+00:00,1583769600000,2020-03-09T16:00:00+00:00,0.00018345,0.0
2020-03-10 00:00:00+00:00,1583798400000,2020-03-10T00:00:00+00:00,8.665e-05,0.0
2020-03-10 08:00:00+00:00,1583827200000,2020-03-10T08:00:00+00:00,0.0,0.0
2020-03-10 16:00:00+00:00,1583856000000,2020-03-10T16:00:00+00:00,0.0,0.0
2020-03-11 00:00:00.001000+00:00,1583884800001,2020-03-11T00:00:00.001000+00:00,0.0,0.0
2020-03-11 08:00:00+00:00,1583913600000,2020-03-11T08:00:00+00:00,7.912e-05,0.0
2020-03-11 16:00:00+00:00,1583942400000,2020-03-11T16:00:00+00:00,0.0001876,0.0
2020-03-12 00:00:00.001000+00:00,1583971200001,2020-03-12T00:00:00.001000+00:00,0.0,0.0
2020-03-12 08:00:00.001000+00:00,1584000000001,2020-03-12T08:00:00.001000+00:00,0.00036905,0.0
2020-03-12 16:00:00+00:00,1584028800000,2020-03-12T16:00:00+00:00,-0.00029357,0.0
2020-03-13 00:00:00+00:00,1584057600000,2020-03-13T00:00:00+00:00,0.0,0.0
2020-03-13 08:00:00+00:00,1584086400000,2020-03-13T08:00:00+00:00,-0.0012021,0.0
2020-03-13 16:00:00.002000+00:00,1584115200002,2020-03-13T16:00:00.002000+00:00,-0.00200203,0.0
2020-03-14 00:00:00+00:00,1584144000000,2020-03-14T00:00:00+00:00,-2.385e-05,0.0
2020-03-14 08:00:00.001000+00:00,1584172800001,2020-03-14T08:00:00.001000+00:00,0.0,0.0
2020-03-14 16:00:00+00:00,1584201600000,2020-03-14T16:00:00+00:00,0.0,0.0
2020-03-15 00:00:00+00:00,1584230400000,2020-03-15T00:00:00+00:00,0.0,0.0
2020-03-15 08:00:00+00:00,1584259200000,2020-03-15T08:00:00+00:00,0.0,0.0
2020-03-15 16:00:00.001000+00:00,1584288000001,2020-03-15T16:00:00.001000+00:00,0.0,0.0
2020-03-16 00:00:00+00:00,1584316800000,2020-03-16T00:00:00+00:00,0.0,0.0
2020-03-16 08:00:00+00:00,1584345600000,2020-03-16T08:00:00+00:00,0.0,0.0
2020-03-16 16:00:00.001000+00:00,1584374400001,2020-03-16T16:00:00.001000+00:00,0.0,0.0
2020-03-17 00:00:00+00:00,1584403200000,2020-03-17T00:00:00+00:00,0.0,0.0
2020-03-17 08:00:00+00:00,1584432000000,2020-03-17T08:00:00+00:00,0.0,0.0
2020-03-17 16:00:00+00:00,1584460800000,2020-03-17T16:00:00+00:00,0.0,0.0
2020-03-18 00:00:00+00:00,1584489600000,2020-03-18T00:00:00+00:00,0.0,0.0
2020-03-18 08:00:00+00:00,1584518400000,2020-03-18T08:00:00+00:00,-0.00020393,0.0
2020-03-18 16:00:00+00:00,1584547200000,2020-03-18T16:00:00+00:00,-5.92e-06,0.0
2020-03-19 00:00:00+00:00,1584576000000,2020-03-19T00:00:00+00:00,0.0,0.0
2020-03-19 08:00:00+00:00,1584604800000,2020-03-19T08:00:00+00:00,0.0,0.0
2020-03-19 16:00:00+00:00,1584633600000,2020-03-19T16:00:00+00:00,0.0,0.0
2020-03-20 00:00:00+00:00,1584662400000,2020-03-20T00:00:00+00:00,0.0,0.0
2020-03-20 08:00:00+00:00,1584691200000,2020-03-20T08:00:00+00:00,0.0,0.0
2020-03-20 16:00:00+00:00,1584720000000,2020-03-20T16:00:00+00:00,0.0,0.0
2020-03-21 00:00:00+00:00,1584748800000,2020-03-21T00:00:00+00:00,0.0,0.0
2020-03-21 08:00:00+00:00,1584777600000,2020-03-21T08:00:00+00:00,0.0,0.0
2020-03-21 16:00:00+00:00,1584806400000,2020-03-21T16:00:00+00:00,0.0,0.0
2020-03-22 00:00:00+00:00,1584835200000,2020-03-22T00:00:00+00:00,0.0,0.0
2020-03-22 08:00:00.001000+00:00,1584864000001,2020-03-22T08:00:00.001000+00:00,0.0,0.0
2020-03-22 16:00:00+00:00,1584892800000,2020-03-22T16:00:00+00:00,0.0,0.0
2020-03-23 00:00:00+00:00,1584921600000,2020-03-23T00:00:00+00:00,0.0,0.0
2020-03-23 08:00:00+00:00,1584950400000,2020-03-23T08:00:00+00:00,0.0,0.0
2020-03-23 16:00:00+00:00,1584979200000,2020-03-23T16:00:00+00:00,1.405e-05,0.0
2020-03-24 00:00:00+00:00,1585008000000,2020-03-24T00:00:00+00:00,3.143e-05,0.0
2020-03-24 08:00:00+00:00,1585036800000,2020-03-24T08:00:00+00:00,0.00015391,0.0
2020-03-24 16:00:00+00:00,1585065600000,2020-03-24T16:00:00+00:00,2.556e-05,0.0
2020-03-25 00:00:00+00:00,1585094400000,2020-03-25T00:00:00+00:00,0.00024735,0.0
2020-03-25 08:00:00+00:00,1585123200000,2020-03-25T08:00:00+00:00,0.00013691,0.0
2020-03-25 16:00:00.001000+00:00,1585152000001,2020-03-25T16:00:00.001000+00:00,1.324e-05,0.0
2020-03-26 00:00:00.006000+00:00,1585180800006,2020-03-26T00:00:00.006000+00:00,0.0,0.0
2020-03-26 08:00:00.002000+00:00,1585209600002,2020-03-26T08:00:00.002000+00:00,1.078e-05,0.0
2020-03-26 16:00:00+00:00,1585238400000,2020-03-26T16:00:00+00:00,0.0,0.0
2020-03-27 00:00:00+00:00,1585267200000,2020-03-27T00:00:00+00:00,1.128e-05,0.0
2020-03-27 08:00:00+00:00,1585296000000,2020-03-27T08:00:00+00:00,0.0,0.0
2020-03-27 16:00:00+00:00,1585324800000,2020-03-27T16:00:00+00:00,0.0,0.0
2020-03-28 00:00:00+00:00,1585353600000,2020-03-28T00:00:00+00:00,0.0,0.0
2020-03-28 08:00:00+00:00,1585382400000,2020-03-28T08:00:00+00:00,0.0,0.0
2020-03-28 16:00:00+00:00,1585411200000,2020-03-28T16:00:00+00:00,0.0,0.0
2020-03-29 00:00:00+00:00,1585440000000,2020-03-29T00:00:00+00:00,0.0,0.0
2020-03-29 08:00:00.001000+00:00,1585468800001,2020-03-29T08:00:00.001000+00:00,0.0,0.0
2020-03-29 16:00:00+00:00,1585497600000,2020-03-29T16:00:00+00:00,0.0,0.0
2020-03-30 00:00:00+00:00,1585526400000,2020-03-30T00:00:00+00:00,0.0,0.0
2020-03-30 08:00:00+00:00,1585555200000,2020-03-30T08:00:00+00:00,0.0,0.0
2020-03-30 16:00:00+00:00,1585584000000,2020-03-30T16:00:00+00:00,0.00016172,0.0
2020-03-31 00:00:00+00:00,1585612800000,2020-03-31T00:00:00+00:00,0.0,0.0
2020-03-31 08:00:00.001000+00:00,1585641600001,2020-03-31T08:00:00.001000+00:00,0.0,0.0
2020-03-31 16:00:00.001000+00:00,1585670400001,2020-03-31T16:00:00.001000+00:00,0.0,0.0
2020-04-01 00:00:00.002000+00:00,1585699200002,2020-04-01T00:00:00.002000+00:00,0.00012329,0.0
2020-04-01 08:00:00+00:00,1585728000000,2020-04-01T08:00:00+00:00,0.0,0.0
2020-04-01 16:00:00.001000+00:00,1585756800001,2020-04-01T16:00:00.001000+00:00,0.0,0.0
2020-04-02 00:00:00+00:00,1585785600000,2020-04-02T00:00:00+00:00,0.0,0.0
2020-04-02 08:00:00+00:00,1585814400000,2020-04-02T08:00:00+00:00,0.0,0.0
2020-04-02 16:00:00+00:00,1585843200000,2020-04-02T16:00:00+00:00,0.0,0.0
2020-04-03 00:00:00+00:00,1585872000000,2020-04-03T00:00:00+00:00,0.00020405,0.0
2020-04-03 08:00:00+00:00,1585900800000,2020-04-03T08:00:00+00:00,0.00023227,0.0
2020-04-03 16:00:00+00:00,1585929600000,2020-04-03T16:00:00+00:00,0.0,0.0
2020-04-04 00:00:00+00:00,1585958400000,2020-04-04T00:00:00+00:00,0.0,0.0
2020-04-04 08:00:00+00:00,1585987200000,2020-04-04T08:00:00+00:00,0.0,0.0
2020-04-04 16:00:00+00:00,1586016000000,2020-04-04T16:00:00+00:00,0.0,0.0
2020-04-05 00:00:00.001000+00:00,1586044800001,2020-04-05T00:00:00.001000+00:00,0.0,0.0
2020-04-05 08:00:00+00:00,1586073600000,2020-04-05T08:00:00+00:00,0.0003213,0.0
2020-04-05 16:00:00+00:00,1586102400000,2020-04-05T16:00:00+00:00,7.853e-05,0.0
2020-04-06 00:00:00+00:00,1586131200000,2020-04-06T00:00:00+00:00,0.0,0.0
2020-04-06 08:00:00+00:00,1586160000000,2020-04-06T08:00:00+00:00,0.0,0.0
2020-04-06 16:00:00+00:00,1586188800000,2020-04-06T16:00:00+00:00,2.064e-05,0.0
2020-04-07 00:00:00+00:00,1586217600000,2020-04-07T00:00:00+00:00,0.00030828,0.0
2020-04-07 08:00:00+00:00,1586246400000,2020-04-07T08:00:00+00:00,0.00029502,0.0
2020-04-07 16:00:00+00:00,1586275200000,2020-04-07T16:00:00+00:00,8.266e-05,0.0
2020-04-08 00:00:00+00:00,1586304000000,2020-04-08T00:00:00+00:00,6.106e-05,0.0
2020-04-08 08:00:00+00:00,1586332800000,2020-04-08T08:00:00+00:00,7.861e-05,0.0
2020-04-08 16:00:00+00:00,1586361600000,2020-04-08T16:00:00+00:00,0.00017487,0.0
2020-04-09 00:00:00+00:00,1586390400000,2020-04-09T00:00:00+00:00,0.00041157,0.0
2020-04-09 08:00:00.001000+00:00,1586419200001,2020-04-09T08:00:00.001000+00:00,0.0001252,0.0
2020-04-09 16:00:00+00:00,1586448000000,2020-04-09T16:00:00+00:00,1.419e-05,0.0
2020-04-10 00:00:00.001000+00:00,1586476800001,2020-04-10T00:00:00.001000+00:00,0.0,0.0
2020-04-10 08:00:00+00:00,1586505600000,2020-04-10T08:00:00+00:00,0.0,0.0
2020-04-10 16:00:00+00:00,1586534400000,2020-04-10T16:00:00+00:00,0.0,0.0
2020-04-11 00:00:00+00:00,1586563200000,2020-04-11T00:00:00+00:00,0.0,0.0
2020-04-11 08:00:00+00:00,1586592000000,2020-04-11T08:00:00+00:00,0.0,0.0
2020-04-11 16:00:00+00:00,1586620800000,2020-04-11T16:00:00+00:00,0.0,0.0
2020-04-12 00:00:00+00:00,1586649600000,2020-04-12T00:00:00+00:00,0.0,0.0
2020-04-12 08:00:00.006000+00:00,1586678400006,2020-04-12T08:00:00.006000+00:00,0.0,0.0
2020-04-12 16:00:00.001000+00:00,1586707200001,2020-04-12T16:00:00.001000+00:00,0.0,0.0
2020-04-13 00:00:00.001000+00:00,1586736000001,2020-04-13T00:00:00.001000+00:00,0.0,0.0
2020-04-13 08:00:00+00:00,1586764800000,2020-04-13T08:00:00+00:00,0.0,0.0
2020-04-13 16:00:00+00:00,1586793600000,2020-04-13T16:00:00+00:00,0.0,0.0
2020-04-14 00:00:00+00:00,1586822400000,2020-04-14T00:00:00+00:00,0.0,0.0
2020-04-14 08:00:00+00:00,1586851200000,2020-04-14T08:00:00+00:00,0.0,0.0
2020-04-14 16:00:00+00:00,1586880000000,2020-04-14T16:00:00+00:00,0.0,0.0
2020-04-15 00:00:00+00:00,1586908800000,2020-04-15T00:00:00+00:00,0.0,0.0
2020-04-15 08:00:00+00:00,1586937600000,2020-04-15T08:00:00+00:00,0.0,0.0
2020-04-15 16:00:00+00:00,1586966400000,2020-04-15T16:00:00+00:00,0.0,0.0
2020-04-16 00:00:00+00:00,1586995200000,2020-04-16T00:00:00+00:00,0.0,0.0
2020-04-16 08:00:00+00:00,1587024000000,2020-04-16T08:00:00+00:00,0.0,0.0
2020-04-16 16:00:00+00:00,1587052800000,2020-04-16T16:00:00+00:00,0.0,0.0
2020-04-17 00:00:00+00:00,1587081600000,2020-04-17T00:00:00+00:00,0.0,0.0
2020-04-17 08:00:00+00:00,1587110400000,2020-04-17T08:00:00+00:00,0.0,0.0
2020-04-17 16:00:00+00:00,1587139200000,2020-04-17T16:00:00+00:00,0.0,0.0
2020-04-18 00:00:00+00:00,1587168000000,2020-04-18T00:00:00+00:00,0.0,0.0
2020-04-18 08:00:00+00:00,1587196800000,2020-04-18T08:00:00+00:00,0.0,0.0
2020-04-18 16:00:00+00:00,1587225600000,2020-04-18T16:00:00+00:00,0.0,0.0
2020-04-19 00:00:00+00:00,1587254400000,2020-04-19T00:00:00+00:00,0.0,0.0
2020-04-19 08:00:00+00:00,1587283200000,2020-04-19T08:00:00+00:00,0.0,0.0
2020-04-19 16:00:00+00:00,1587312000000,2020-04-19T16:00:00+00:00,0.0,0.0
2020-04-20 00:00:00+00:00,1587340800000,2020-04-20T00:00:00+00:00,0.0,0.0
2020-04-20 08:00:00+00:00,1587369600000,2020-04-20T08:00:00+00:00,0.0,0.0
2020-04-20 16:00:00+00:00,1587398400000,2020-04-20T16:00:00+00:00,0.0,0.0
2020-04-21 00:00:00+00:00,1587427200000,2020-04-21T00:00:00+00:00,0.0,0.0
2020-04-21 08:00:00.001000+00:00,1587456000001,2020-04-21T08:00:00.001000+00:00,0.0,0.0
2020-04-21 16:00:00+00:00,1587484800000,2020-04-21T16:00:00+00:00,0.0,0.0
2020-04-22 00:00:00.001000+00:00,1587513600001,2020-04-22T00:00:00.001000+00:00,0.0,0.0
2020-04-22 08:00:00+00:00,1587542400000,2020-04-22T08:00:00+00:00,0.0,0.0
2020-04-22 16:00:00+00:00,1587571200000,2020-04-22T16:00:00+00:00,0.0,0.0
2020-04-23 00:00:00+00:00,1587600000000,2020-04-23T00:00:00+00:00,0.0,0.0
2020-04-23 08:00:00.001000+00:00,1587628800001,2020-04-23T08:00:00.001000+00:00,0.0,0.0
2020-04-23 16:00:00+00:00,1587657600000,2020-04-23T16:00:00+00:00,0.0,0.0
2020-04-24 00:00:00+00:00,1587686400000,2020-04-24T00:00:00+00:00,9.409e-05,0.0
2020-04-24 08:00:00+00:00,1587715200000,2020-04-24T08:00:00+00:00,0.0,0.0
2020-04-24 16:00:00+00:00,1587744000000,2020-04-24T16:00:00+00:00,0.00048651,0.0
2020-04-25 00:00:00.003000+00:00,1587772800003,2020-04-25T00:00:00.003000+00:00,0.00087545,0.0
2020-04-25 08:00:00+00:00,1587801600000,2020-04-25T08:00:00+00:00,0.00073075,0.0
2020-04-25 16:00:00+00:00,1587830400000,2020-04-25T16:00:00+00:00,0.000485,0.0
2020-04-26 00:00:00+00:00,1587859200000,2020-04-26T00:00:00+00:00,0.0,0.0
2020-04-26 08:00:00+00:00,1587888000000,2020-04-26T08:00:00+00:00,0.00017949,0.0
2020-04-26 16:00:00+00:00,1587916800000,2020-04-26T16:00:00+00:00,0.00025381,0.0
2020-04-27 00:00:00+00:00,1587945600000,2020-04-27T00:00:00+00:00,0.00021345,0.0
2020-04-27 08:00:00.005000+00:00,1587974400005,2020-04-27T08:00:00.005000+00:00,0.00016602,0.0
2020-04-27 16:00:00+00:00,1588003200000,2020-04-27T16:00:00+00:00,9.339e-05,0.0
2020-04-28 00:00:00+00:00,1588032000000,2020-04-28T00:00:00+00:00,0.0,0.0
2020-04-28 08:00:00+00:00,1588060800000,2020-04-28T08:00:00+00:00,7.596e-05,0.0
2020-04-28 16:00:00+00:00,1588089600000,2020-04-28T16:00:00+00:00,0.00038223,0.0
2020-04-29 00:00:00+00:00,1588118400000,2020-04-29T00:00:00+00:00,0.00059389,0.0
2020-04-29 08:00:00.001000+00:00,1588147200001,2020-04-29T08:00:00.001000+00:00,0.0004107,0.0
2020-04-29 16:00:00+00:00,1588176000000,2020-04-29T16:00:00+00:00,0.00040543,0.0
2020-04-30 00:00:00+00:00,1588204800000,2020-04-30T00:00:00+00:00,0.0007127,0.0
2020-04-30 08:00:00+00:00,1588233600000,2020-04-30T08:00:00+00:00,0.00049497,0.0
2020-04-30 16:00:00+00:00,1588262400000,2020-04-30T16:00:00+00:00,0.00018034,0.0
2020-05-01 00:00:00+00:00,1588291200000,2020-05-01T00:00:00+00:00,0.0002732,0.0
2020-05-01 08:00:00+00:00,1588320000000,2020-05-01T08:00:00+00:00,0.00047315,0.0
2020-05-01 16:00:00+00:00,1588348800000,2020-05-01T16:00:00+00:00,0.00020413,0.0
2020-05-02 00:00:00+00:00,1588377600000,2020-05-02T00:00:00+00:00,0.00014787,0.0
2020-05-02 08:00:00+00:00,1588406400000,2020-05-02T08:00:00+00:00,3.518e-05,0.0
2020-05-02 16:00:00+00:00,1588435200000,2020-05-02T16:00:00+00:00,0.00034545,0.0
2020-05-03 00:00:00+00:00,1588464000000,2020-05-03T00:00:00+00:00,0.00046417,0.0
2020-05-03 08:00:00+00:00,1588492800000,2020-05-03T08:00:00+00:00,0.0003086,0.0
2020-05-03 16:00:00+00:00,1588521600000,2020-05-03T16:00:00+00:00,0.00034341,0.0
2020-05-04 00:00:00+00:00,1588550400000,2020-05-04T00:00:00+00:00,0.00016899,0.0
2020-05-04 08:00:00.005000+00:00,1588579200005,2020-05-04T08:00:00.005000+00:00,0.00016281,0.0
2020-05-04 16:00:00+00:00,1588608000000,2020-05-04T16:00:00+00:00,0.00032485,0.0
2020-05-05 00:00:00+00:00,1588636800000,2020-05-05T00:00:00+00:00,0.0,0.0
2020-05-05 08:00:00+00:00,1588665600000,2020-05-05T08:00:00+00:00,3.588e-05,0.0
2020-05-05 16:00:00+00:00,1588694400000,2020-05-05T16:00:00+00:00,0.0,0.0
2020-05-06 00:00:00.001000+00:00,1588723200001,2020-05-06T00:00:00.001000+00:00,0.0,0.0
2020-05-06 08:00:00+00:00,1588752000000,2020-05-06T08:00:00+00:00,5.923e-05,0.0
2020-05-06 16:00:00+00:00,1588780800000,2020-05-06T16:00:00+00:00,0.00036768,0.0
2020-05-07 00:00:00+00:00,1588809600000,2020-05-07T00:00:00+00:00,5.332e-05,0.0
2020-05-07 08:00:00.011000+00:00,1588838400011,2020-05-07T08:00:00.011000+00:00,0.00020125,0.0
2020-05-07 16:00:00+00:00,1588867200000,2020-05-07T16:00:00+00:00,0.00011822,0.0
2020-05-08 00:00:00+00:00,1588896000000,2020-05-08T00:00:00+00:00,0.0006935,0.0
2020-05-08 08:00:00.001000+00:00,1588924800001,2020-05-08T08:00:00.001000+00:00,0.00046983,0.0
2020-05-08 16:00:00+00:00,1588953600000,2020-05-08T16:00:00+00:00,0.00054787,0.0
2020-05-09 00:00:00+00:00,1588982400000,2020-05-09T00:00:00+00:00,0.00087356,0.0
2020-05-09 08:00:00+00:00,1589011200000,2020-05-09T08:00:00+00:00,0.00061858,0.0
2020-05-09 16:00:00+00:00,1589040000000,2020-05-09T16:00:00+00:00,0.00057383,0.0
2020-05-10 00:00:00+00:00,1589068800000,2020-05-10T00:00:00+00:00,0.0004453,0.0
2020-05-10 08:00:00+00:00,1589097600000,2020-05-10T08:00:00+00:00,0.0,0.0
2020-05-10 16:00:00+00:00,1589126400000,2020-05-10T16:00:00+00:00,0.0,0.0
2020-05-11 00:00:00+00:00,1589155200000,2020-05-11T00:00:00+00:00,0.0,0.0
2020-05-11 08:00:00+00:00,1589184000000,2020-05-11T08:00:00+00:00,0.0,0.0
2020-05-11 16:00:00+00:00,1589212800000,2020-05-11T16:00:00+00:00,0.0,0.0
2020-05-12 00:00:00+00:00,1589241600000,2020-05-12T00:00:00+00:00,0.0,0.0
2020-05-12 08:00:00.001000+00:00,1589270400001,2020-05-12T08:00:00.001000+00:00,0.0,0.0
2020-05-12 16:00:00+00:00,1589299200000,2020-05-12T16:00:00+00:00,0.0,0.0
2020-05-13 00:00:00+00:00,1589328000000,2020-05-13T00:00:00+00:00,0.0,0.0
2020-05-13 08:00:00+00:00,1589356800000,2020-05-13T08:00:00+00:00,0.0,0.0
2020-05-13 16:00:00+00:00,1589385600000,2020-05-13T16:00:00+00:00,0.0,0.0
2020-05-14 00:00:00+00:00,1589414400000,2020-05-14T00:00:00+00:00,0.0,0.0
2020-05-14 08:00:00+00:00,1589443200000,2020-05-14T08:00:00+00:00,0.0,0.0
2020-05-14 16:00:00+00:00,1589472000000,2020-05-14T16:00:00+00:00,0.0,0.0
2020-05-15 00:00:00+00:00,1589500800000,2020-05-15T00:00:00+00:00,0.0,0.0
2020-05-15 08:00:00+00:00,1589529600000,2020-05-15T08:00:00+00:00,0.0,0.0
2020-05-15 16:00:00.001000+00:00,1589558400001,2020-05-15T16:00:00.001000+00:00,0.0,0.0
2020-05-16 00:00:00.008000+00:00,1589587200008,2020-05-16T00:00:00.008000+00:00,0.0,0.0
2020-05-16 08:00:00+00:00,1589616000000,2020-05-16T08:00:00+00:00,0.0,0.0
2020-05-16 16:00:00+00:00,1589644800000,2020-05-16T16:00:00+00:00,0.0,0.0
2020-05-17 00:00:00.002000+00:00,1589673600002,2020-05-17T00:00:00.002000+00:00,0.0,0.0
2020-05-17 08:00:00+00:00,1589702400000,2020-05-17T08:00:00+00:00,0.0,0.0
2020-05-17 16:00:00+00:00,1589731200000,2020-05-17T16:00:00+00:00,0.0,0.0
2020-05-18 00:00:00+00:00,1589760000000,2020-05-18T00:00:00+00:00,0.0,0.0
2020-05-18 08:00:00+00:00,1589788800000,2020-05-18T08:00:00+00:00,0.0,0.0
2020-05-18 16:00:00.001000+00:00,1589817600001,2020-05-18T16:00:00.001000+00:00,0.0,0.0
2020-05-19 00:00:00.005000+00:00,1589846400005,2020-05-19T00:00:00.005000+00:00,1.779e-05,0.0
2020-05-19 08:00:00+00:00,1589875200000,2020-05-19T08:00:00+00:00,0.0,0.0
2020-05-19 16:00:00+00:00,1589904000000,2020-05-19T16:00:00+00:00,0.0,0.0
2020-05-20 00:00:00+00:00,1589932800000,2020-05-20T00:00:00+00:00,0.0,0.0
2020-05-20 08:00:00+00:00,1589961600000,2020-05-20T08:00:00+00:00,0.0,0.0
2020-05-20 16:00:00.006000+00:00,1589990400006,2020-05-20T16:00:00.006000+00:00,0.0,0.0
2020-05-21 00:00:00+00:00,1590019200000,2020-05-21T00:00:00+00:00,0.0,0.0
2020-05-21 08:00:00+00:00,1590048000000,2020-05-21T08:00:00+00:00,0.0,0.0
2020-05-21 16:00:00+00:00,1590076800000,2020-05-21T16:00:00+00:00,0.0,0.0
2020-05-22 00:00:00.006000+00:00,1590105600006,2020-05-22T00:00:00.006000+00:00,0.0,0.0
2020-05-22 08:00:00+00:00,1590134400000,2020-05-22T08:00:00+00:00,0.0,0.0
2020-05-22 16:00:00+00:00,1590163200000,2020-05-22T16:00:00+00:00,0.0,0.0
2020-05-23 00:00:00.003000+00:00,1590192000003,2020-05-23T00:00:00.003000+00:00,0.0,0.0
2020-05-23 08:00:00+00:00,1590220800000,2020-05-23T08:00:00+00:00,0.0,0.0
2020-05-23 16:00:00+00:00,1590249600000,2020-05-23T16:00:00+00:00,0.0,0.0
2020-05-24 00:00:00.006000+00:00,1590278400006,2020-05-24T00:00:00.006000+00:00,0.0,0.0
2020-05-24 08:00:00+00:00,1590307200000,2020-05-24T08:00:00+00:00,0.0,0.0
2020-05-24 16:00:00+00:00,1590336000000,2020-05-24T16:00:00+00:00,0.0,0.0
2020-05-25 00:00:00+00:00,1590364800000,2020-05-25T00:00:00+00:00,0.0,0.0
2020-05-25 08:00:00+00:00,1590393600000,2020-05-25T08:00:00+00:00,0.0,0.0
2020-05-25 16:00:00+00:00,1590422400000,2020-05-25T16:00:00+00:00,0.0,0.0
2020-05-26 00:00:00+00:00,1590451200000,2020-05-26T00:00:00+00:00,0.0,0.0
2020-05-26 08:00:00.006000+00:00,1590480000006,2020-05-26T08:00:00.006000+00:00,0.0,0.0
2020-05-26 16:00:00+00:00,1590508800000,2020-05-26T16:00:00+00:00,0.0,0.0
2020-05-27 00:00:00+00:00,1590537600000,2020-05-27T00:00:00+00:00,0.0,0.0
2020-05-27 08:00:00+00:00,1590566400000,2020-05-27T08:00:00+00:00,0.0,0.0
2020-05-27 16:00:00+00:00,1590595200000,2020-05-27T16:00:00+00:00,0.0,0.0
2020-05-28 00:00:00+00:00,1590624000000,2020-05-28T00:00:00+00:00,0.0,0.0
2020-05-28 08:00:00+00:00,1590652800000,2020-05-28T08:00:00+00:00,0.0,0.0
2020-05-28 16:00:00+00:00,1590681600000,2020-05-28T16:00:00+00:00,0.0,0.0
2020-05-29 00:00:00+00:00,1590710400000,2020-05-29T00:00:00+00:00,0.0,0.0
2020-05-29 08:00:00+00:00,1590739200000,2020-05-29T08:00:00+00:00,0.0,0.0
2020-05-29 16:00:00+00:00,1590768000000,2020-05-29T16:00:00+00:00,0.0,0.0
2020-05-30 00:00:00+00:00,1590796800000,2020-05-30T00:00:00+00:00,0.0,0.0
2020-05-30 08:00:00.001000+00:00,1590825600001,2020-05-30T08:00:00.001000+00:00,0.0,0.0
2020-05-30 16:00:00+00:00,1590854400000,2020-05-30T16:00:00+00:00,0.0,0.0
2020-05-31 00:00:00+00:00,1590883200000,2020-05-31T00:00:00+00:00,4.96e-06,0.0
2020-05-31 08:00:00.001000+00:00,1590912000001,2020-05-31T08:00:00.001000+00:00,0.0,0.0
2020-05-31 16:00:00+00:00,1590940800000,2020-05-31T16:00:00+00:00,3.916e-05,0.0
2020-06-01 00:00:00+00:00,1590969600000,2020-06-01T00:00:00+00:00,0.0,0.0
2020-06-01 08:00:00.001000+00:00,1590998400001,2020-06-01T08:00:00.001000+00:00,7.816e-05,0.0
2020-06-01 16:00:00+00:00,1591027200000,2020-06-01T16:00:00+00:00,0.0,0.0
2020-06-02 00:00:00+00:00,1591056000000,2020-06-02T00:00:00+00:00,0.00029457,0.0
2020-06-02 08:00:00.002000+00:00,1591084800002,2020-06-02T08:00:00.002000+00:00,0.00059782,0.0
2020-06-02 16:00:00+00:00,1591113600000,2020-06-02T16:00:00+00:00,0.00037053,0.0
2020-06-03 00:00:00+00:00,1591142400000,2020-06-03T00:00:00+00:00,0.0,0.0
2020-06-03 08:00:00+00:00,1591171200000,2020-06-03T08:00:00+00:00,0.0,0.0
2020-06-03 16:00:00.002000+00:00,1591200000002,2020-06-03T16:00:00.002000+00:00,0.0,0.0
2020-06-04 00:00:00.001000+00:00,1591228800001,2020-06-04T00:00:00.001000+00:00,0.0,0.0
2020-06-04 08:00:00.004000+00:00,1591257600004,2020-06-04T08:00:00.004000+00:00,0.0,0.0
2020-06-04 16:00:00.001000+00:00,1591286400001,2020-06-04T16:00:00.001000+00:00,0.0,0.0
2020-06-05 00:00:00.001000+00:00,1591315200001,2020-06-05T00:00:00.001000+00:00,1.488e-05,0.0
2020-06-05 08:00:00+00:00,1591344000000,2020-06-05T08:00:00+00:00,4.862e-05,0.0
2020-06-05 16:00:00.001000+00:00,1591372800001,2020-06-05T16:00:00.001000+00:00,0.0,0.0
2020-06-06 00:00:00+00:00,1591401600000,2020-06-06T00:00:00+00:00,0.00010851,0.0
2020-06-06 08:00:00+00:00,1591430400000,2020-06-06T08:00:00+00:00,0.00011098,0.0
2020-06-06 16:00:00+00:00,1591459200000,2020-06-06T16:00:00+00:00,3.197e-05,0.0
2020-06-07 00:00:00+00:00,1591488000000,2020-06-07T00:00:00+00:00,0.0,0.0
2020-06-07 08:00:00+00:00,1591516800000,2020-06-07T08:00:00+00:00,0.0,0.0
2020-06-07 16:00:00.006000+00:00,1591545600006,2020-06-07T16:00:00.006000+00:00,0.0,0.0
2020-06-08 00:00:00.008000+00:00,1591574400008,2020-06-08T00:00:00.008000+00:00,0.0,0.0
2020-06-08 08:00:00.007000+00:00,1591603200007,2020-06-08T08:00:00.007000+00:00,0.0,0.0
2020-06-08 16:00:00+00:00,1591632000000,2020-06-08T16:00:00+00:00,0.00024228,0.0
2020-06-09 00:00:00+00:00,1591660800000,2020-06-09T00:00:00+00:00,0.0,0.0
2020-06-09 08:00:00+00:00,1591689600000,2020-06-09T08:00:00+00:00,0.0,0.0
2020-06-09 16:00:00+00:00,1591718400000,2020-06-09T16:00:00+00:00,0.00010986,0.0
2020-06-10 00:00:00+00:00,1591747200000,2020-06-10T00:00:00+00:00,9.651e-05,0.0
2020-06-10 08:00:00+00:00,1591776000000,2020-06-10T08:00:00+00:00,7.146e-05,0.0
2020-06-10 16:00:00+00:00,1591804800000,2020-06-10T16:00:00+00:00,0.0,0.0
2020-06-11 00:00:00.008000+00:00,1591833600008,2020-06-11T00:00:00.008000+00:00,0.0002255,0.0
2020-06-11 08:00:00.001000+00:00,1591862400001,2020-06-11T08:00:00.001000+00:00,1.724e-05,0.0
2020-06-11 16:00:00+00:00,1591891200000,2020-06-11T16:00:00+00:00,0.0,0.0
2020-06-12 00:00:00.003000+00:00,1591920000003,2020-06-12T00:00:00.003000+00:00,0.0,0.0
2020-06-12 08:00:00+00:00,1591948800000,2020-06-12T08:00:00+00:00,0.0,0.0
2020-06-12 16:00:00.002000+00:00,1591977600002,2020-06-12T16:00:00.002000+00:00,0.0,0.0
2020-06-13 00:00:00+00:00,1592006400000,2020-06-13T00:00:00+00:00,0.0,0.0
2020-06-13 08:00:00.001000+00:00,1592035200001,2020-06-13T08:00:00.001000+00:00,0.0,0.0
2020-06-13 16:00:00+00:00,1592064000000,2020-06-13T16:00:00+00:00,0.0,0.0
2020-06-14 00:00:00.007000+00:00,1592092800007,2020-06-14T00:00:00.007000+00:00,0.0,0.0
2020-06-14 08:00:00+00:00,1592121600000,2020-06-14T08:00:00+00:00,0.0,0.0
2020-06-14 16:00:00.001000+00:00,1592150400001,2020-06-14T16:00:00.001000+00:00,0.0,0.0
2020-06-15 00:00:00+00:00,1592179200000,2020-06-15T00:00:00+00:00,0.0,0.0
2020-06-15 08:00:00.001000+00:00,1592208000001,2020-06-15T08:00:00.001000+00:00,0.0,0.0
2020-06-15 16:00:00+00:00,1592236800000,2020-06-15T16:00:00+00:00,0.0,0.0
2020-06-16 00:00:00.002000+00:00,1592265600002,2020-06-16T00:00:00.002000+00:00,0.0,0.0
2020-06-16 08:00:00+00:00,1592294400000,2020-06-16T08:00:00+00:00,0.0,0.0
2020-06-16 16:00:00.006000+00:00,1592323200006,2020-06-16T16:00:00.006000+00:00,0.0,0.0
2020-06-17 00:00:00+00:00,1592352000000,2020-06-17T00:00:00+00:00,0.0,0.0
2020-06-17 08:00:00.007000+00:00,1592380800007,2020-06-17T08:00:00.007000+00:00,0.0,0.0
2020-06-17 16:00:00+00:00,1592409600000,2020-06-17T16:00:00+00:00,0.0,0.0
2020-06-18 00:00:00.003000+00:00,1592438400003,2020-06-18T00:00:00.003000+00:00,0.0,0.0
2020-06-18 08:00:00.001000+00:00,1592467200001,2020-06-18T08:00:00.001000+00:00,0.0,0.0
2020-06-18 16:00:00.002000+00:00,1592496000002,2020-06-18T16:00:00.002000+00:00,0.0,0.0
2020-06-19 00:00:00.001000+00:00,1592524800001,2020-06-19T00:00:00.001000+00:00,0.0,0.0
2020-06-19 08:00:00.003000+00:00,1592553600003,2020-06-19T08:00:00.003000+00:00,0.0,0.0
2020-06-19 16:00:00+00:00,1592582400000,2020-06-19T16:00:00+00:00,0.0,0.0
2020-06-20 00:00:00+00:00,1592611200000,2020-06-20T00:00:00+00:00,0.0,0.0
2020-06-20 08:00:00.009000+00:00,1592640000009,2020-06-20T08:00:00.009000+00:00,0.0,0.0
2020-06-20 16:00:00.006000+00:00,1592668800006,2020-06-20T16:00:00.006000+00:00,0.0,0.0
2020-06-21 00:00:00+00:00,1592697600000,2020-06-21T00:00:00+00:00,0.0,0.0
2020-06-21 08:00:00+00:00,1592726400000,2020-06-21T08:00:00+00:00,0.0,0.0
2020-06-21 16:00:00+00:00,1592755200000,2020-06-21T16:00:00+00:00,0.0,0.0
2020-06-22 00:00:00+00:00,1592784000000,2020-06-22T00:00:00+00:00,0.0,0.0
2020-06-22 08:00:00+00:00,1592812800000,2020-06-22T08:00:00+00:00,0.0,0.0
2020-06-22 16:00:00.001000+00:00,1592841600001,2020-06-22T16:00:00.001000+00:00,0.0,0.0
2020-06-23 00:00:00+00:00,1592870400000,2020-06-23T00:00:00+00:00,0.0,0.0
2020-06-23 08:00:00.002000+00:00,1592899200002,2020-06-23T08:00:00.002000+00:00,0.0,0.0
2020-06-23 16:00:00+00:00,1592928000000,2020-06-23T16:00:00+00:00,0.00013649,0.0
2020-06-24 00:00:00.001000+00:00,1592956800001,2020-06-24T00:00:00.001000+00:00,0.00014282,0.0
2020-06-24 08:00:00+00:00,1592985600000,2020-06-24T08:00:00+00:00,0.00026424,0.0
2020-06-24 16:00:00+00:00,1593014400000,2020-06-24T16:00:00+00:00,0.0,0.0
2020-06-25 00:00:00+00:00,1593043200000,2020-06-25T00:00:00+00:00,0.0,0.0
2020-06-25 08:00:00+00:00,1593072000000,2020-06-25T08:00:00+00:00,0.0,0.0
2020-06-25 16:00:00+00:00,1593100800000,2020-06-25T16:00:00+00:00,0.0,0.0
2020-06-26 00:00:00+00:00,1593129600000,2020-06-26T00:00:00+00:00,0.0,0.0
2020-06-26 08:00:00+00:00,1593158400000,2020-06-26T08:00:00+00:00,0.0,0.0
2020-06-26 16:00:00+00:00,1593187200000,2020-06-26T16:00:00+00:00,0.0,0.0
2020-06-27 00:00:00.003000+00:00,1593216000003,2020-06-27T00:00:00.003000+00:00,0.0,0.0
2020-06-27 08:00:00.004000+00:00,1593244800004,2020-06-27T08:00:00.004000+00:00,0.00011586,0.0
2020-06-27 16:00:00+00:00,1593273600000,2020-06-27T16:00:00+00:00,0.0,0.0
2020-06-28 00:00:00.003000+00:00,1593302400003,2020-06-28T00:00:00.003000+00:00,0.0,0.0
2020-06-28 08:00:00.001000+00:00,1593331200001,2020-06-28T08:00:00.001000+00:00,0.0,0.0
2020-06-28 16:00:00+00:00,1593360000000,2020-06-28T16:00:00+00:00,0.0,0.0
2020-06-29 00:00:00+00:00,1593388800000,2020-06-29T00:00:00+00:00,0.0,0.0
2020-06-29 08:00:00.005000+00:00,1593417600005,2020-06-29T08:00:00.005000+00:00,0.0,0.0
2020-06-29 16:00:00+00:00,1593446400000,2020-06-29T16:00:00+00:00,0.0,0.0
2020-06-30 00:00:00+00:00,1593475200000,2020-06-30T00:00:00+00:00,0.0,0.0
2020-06-30 08:00:00.001000+00:00,1593504000001,2020-06-30T08:00:00.001000+00:00,0.0,0.0
2020-06-30 16:00:00.002000+00:00,1593532800002,2020-06-30T16:00:00.002000+00:00,0.0,0.0
2020-07-01 00:00:00.002000+00:00,1593561600002,2020-07-01T00:00:00.002000+00:00,0.0,0.0
2020-07-01 08:00:00+00:00,1593590400000,2020-07-01T08:00:00+00:00,0.0,0.0
2020-07-01 16:00:00+00:00,1593619200000,2020-07-01T16:00:00+00:00,0.0,0.0
2020-07-02 00:00:00.001000+00:00,1593648000001,2020-07-02T00:00:00.001000+00:00,0.0,0.0
2020-07-02 08:00:00.001000+00:00,1593676800001,2020-07-02T08:00:00.001000+00:00,0.0,0.0
2020-07-02 16:00:00+00:00,1593705600000,2020-07-02T16:00:00+00:00,0.0,0.0
2020-07-03 00:00:00+00:00,1593734400000,2020-07-03T00:00:00+00:00,0.0,0.0
2020-07-03 08:00:00.001000+00:00,1593763200001,2020-07-03T08:00:00.001000+00:00,0.0,0.0
2020-07-03 16:00:00+00:00,1593792000000,2020-07-03T16:00:00+00:00,0.0,0.0
2020-07-04 00:00:00.002000+00:00,1593820800002,2020-07-04T00:00:00.002000+00:00,0.0,0.0
2020-07-04 08:00:00.002000+00:00,1593849600002,2020-07-04T08:00:00.002000+00:00,0.0,0.0
2020-07-04 16:00:00.001000+00:00,1593878400001,2020-07-04T16:00:00.001000+00:00,0.0,0.0
2020-07-05 00:00:00+00:00,1593907200000,2020-07-05T00:00:00+00:00,0.0,0.0
2020-07-05 08:00:00+00:00,1593936000000,2020-07-05T08:00:00+00:00,0.0,0.0
2020-07-05 16:00:00+00:00,1593964800000,2020-07-05T16:00:00+00:00,0.0,0.0
2020-07-06 00:00:00+00:00,1593993600000,2020-07-06T00:00:00+00:00,0.0,0.0
2020-07-06 08:00:00.001000+00:00,1594022400001,2020-07-06T08:00:00.001000+00:00,0.0,0.0
2020-07-06 16:00:00+00:00,1594051200000,2020-07-06T16:00:00+00:00,0.0,0.0
2020-07-07 00:00:00+00:00,1594080000000,2020-07-07T00:00:00+00:00,5.347e-05,0.0
2020-07-07 08:00:00.006000+00:00,1594108800006,2020-07-07T08:00:00.006000+00:00,0.0,0.0
2020-07-07 16:00:00+00:00,1594137600000,2020-07-07T16:00:00+00:00,9.758e-05,0.0
2020-07-08 00:00:00+00:00,1594166400000,2020-07-08T00:00:00+00:00,6.887e-05,0.0
2020-07-08 08:00:00+00:00,1594195200000,2020-07-08T08:00:00+00:00,0.0,0.0
2020-07-08 16:00:00+00:00,1594224000000,2020-07-08T16:00:00+00:00,0.00010908,0.0
2020-07-09 00:00:00.001000+00:00,1594252800001,2020-07-09T00:00:00.001000+00:00,0.00011238,0.0
2020-07-09 08:00:00.002000+00:00,1594281600002,2020-07-09T08:00:00.002000+00:00,0.00019145,0.0
2020-07-09 16:00:00+00:00,1594310400000,2020-07-09T16:00:00+00:00,0.00028169,0.0
2020-07-10 00:00:00+00:00,1594339200000,2020-07-10T00:00:00+00:00,4.983e-05,0.0
2020-07-10 08:00:00.001000+00:00,1594368000001,2020-07-10T08:00:00.001000+00:00,0.00014364,0.0
2020-07-10 16:00:00+00:00,1594396800000,2020-07-10T16:00:00+00:00,0.00014726,0.0
2020-07-11 00:00:00+00:00,1594425600000,2020-07-11T00:00:00+00:00,0.0,0.0
2020-07-11 08:00:00+00:00,1594454400000,2020-07-11T08:00:00+00:00,8.215e-05,0.0
2020-07-11 16:00:00+00:00,1594483200000,2020-07-11T16:00:00+00:00,0.0,0.0
2020-07-12 00:00:00+00:00,1594512000000,2020-07-12T00:00:00+00:00,4.612e-05,0.0
2020-07-12 08:00:00+00:00,1594540800000,2020-07-12T08:00:00+00:00,5.91e-06,0.0
2020-07-12 16:00:00+00:00,1594569600000,2020-07-12T16:00:00+00:00,9.289e-05,0.0
2020-07-13 00:00:00+00:00,1594598400000,2020-07-13T00:00:00+00:00,5.977e-05,0.0
2020-07-13 08:00:00.001000+00:00,1594627200001,2020-07-13T08:00:00.001000+00:00,0.00032546,0.0
2020-07-13 16:00:00+00:00,1594656000000,2020-07-13T16:00:00+00:00,0.00043686,0.0
2020-07-14 00:00:00.001000+00:00,1594684800001,2020-07-14T00:00:00.001000+00:00,0.0,0.0
2020-07-14 08:00:00+00:00,1594713600000,2020-07-14T08:00:00+00:00,0.0,0.0
2020-07-14 16:00:00+00:00,1594742400000,2020-07-14T16:00:00+00:00,6.683e-05,0.0
2020-07-15 00:00:00+00:00,1594771200000,2020-07-15T00:00:00+00:00,0.0,0.0
2020-07-15 08:00:00+00:00,1594800000000,2020-07-15T08:00:00+00:00,5.276e-05,0.0
2020-07-15 16:00:00+00:00,1594828800000,2020-07-15T16:00:00+00:00,0.0,0.0
2020-07-16 00:00:00+00:00,1594857600000,2020-07-16T00:00:00+00:00,1.093e-05,0.0
2020-07-16 08:00:00.002000+00:00,1594886400002,2020-07-16T08:00:00.002000+00:00,0.0,0.0
2020-07-16 16:00:00.001000+00:00,1594915200001,2020-07-16T16:00:00.001000+00:00,0.0,0.0
2020-07-17 00:00:00.001000+00:00,1594944000001,2020-07-17T00:00:00.001000+00:00,0.0,0.0
2020-07-17 08:00:00+00:00,1594972800000,2020-07-17T08:00:00+00:00,0.0,0.0
2020-07-17 16:00:00+00:00,1595001600000,2020-07-17T16:00:00+00:00,0.0,0.0
2020-07-18 00:00:00.003000+00:00,1595030400003,2020-07-18T00:00:00.003000+00:00,0.0,0.0
2020-07-18 08:00:00.001000+00:00,1595059200001,2020-07-18T08:00:00.001000+00:00,0.0,0.0
2020-07-18 16:00:00+00:00,1595088000000,2020-07-18T16:00:00+00:00,0.0,0.0
2020-07-19 00:00:00+00:00,1595116800000,2020-07-19T00:00:00+00:00,5.479e-05,0.0
2020-07-19 08:00:00+00:00,1595145600000,2020-07-19T08:00:00+00:00,0.0,0.0
2020-07-19 16:00:00+00:00,1595174400000,2020-07-19T16:00:00+00:00,0.0,0.0
2020-07-20 00:00:00+00:00,1595203200000,2020-07-20T00:00:00+00:00,0.0,0.0
2020-07-20 08:00:00+00:00,1595232000000,2020-07-20T08:00:00+00:00,4.184e-05,0.0
2020-07-20 16:00:00.001000+00:00,1595260800001,2020-07-20T16:00:00.001000+00:00,0.0,0.0
2020-07-21 00:00:00+00:00,1595289600000,2020-07-21T00:00:00+00:00,0.0,0.0
2020-07-21 08:00:00.001000+00:00,1595318400001,2020-07-21T08:00:00.001000+00:00,0.0,0.0
2020-07-21 16:00:00.004000+00:00,1595347200004,2020-07-21T16:00:00.004000+00:00,0.0,0.0
2020-07-22 00:00:00+00:00,1595376000000,2020-07-22T00:00:00+00:00,0.00012914,0.0
2020-07-22 08:00:00+00:00,1595404800000,2020-07-22T08:00:00+00:00,4.434e-05,0.0
2020-07-22 16:00:00+00:00,1595433600000,2020-07-22T16:00:00+00:00,0.0,0.0
2020-07-23 00:00:00.001000+00:00,1595462400001,2020-07-23T00:00:00.001000+00:00,0.00036849,0.0
2020-07-23 08:00:00+00:00,1595491200000,2020-07-23T08:00:00+00:00,0.00084726,0.0
2020-07-23 16:00:00.001000+00:00,1595520000001,2020-07-23T16:00:00.001000+00:00,0.00080341,0.0
2020-07-24 00:00:00+00:00,1595548800000,2020-07-24T00:00:00+00:00,0.00037188,0.0
2020-07-24 08:00:00+00:00,1595577600000,2020-07-24T08:00:00+00:00,0.00066781,0.0
2020-07-24 16:00:00+00:00,1595606400000,2020-07-24T16:00:00+00:00,0.00042321,0.0
2020-07-25 00:00:00+00:00,1595635200000,2020-07-25T00:00:00+00:00,0.00042394,0.0
2020-07-25 08:00:00.001000+00:00,1595664000001,2020-07-25T08:00:00.001000+00:00,0.00065533,0.0
2020-07-25 16:00:00+00:00,1595692800000,2020-07-25T16:00:00+00:00,0.00090733,0.0
2020-07-26 00:00:00+00:00,1595721600000,2020-07-26T00:00:00+00:00,0.00082928,0.0
2020-07-26 08:00:00+00:00,1595750400000,2020-07-26T08:00:00+00:00,0.00099977,0.0
2020-07-26 16:00:00+00:00,1595779200000,2020-07-26T16:00:00+00:00,0.00128958,0.0
2020-07-27 00:00:00+00:00,1595808000000,2020-07-27T00:00:00+00:00,0.00094371,0.0
2020-07-27 08:00:00+00:00,1595836800000,2020-07-27T08:00:00+00:00,0.00046434,0.0
2020-07-27 16:00:00+00:00,1595865600000,2020-07-27T16:00:00+00:00,0.00044284,0.0
2020-07-28 00:00:00+00:00,1595894400000,2020-07-28T00:00:00+00:00,0.00110254,0.0
2020-07-28 08:00:00.001000+00:00,1595923200001,2020-07-28T08:00:00.001000+00:00,0.00143947,0.0
2020-07-28 16:00:00+00:00,1595952000000,2020-07-28T16:00:00+00:00,0.00114137,0.0
2020-07-29 00:00:00+00:00,1595980800000,2020-07-29T00:00:00+00:00,0.00111354,0.0
2020-07-29 08:00:00+00:00,1596009600000,2020-07-29T08:00:00+00:00,0.00112083,0.0
2020-07-29 16:00:00+00:00,1596038400000,2020-07-29T16:00:00+00:00,0.00077413,0.0
2020-07-30 00:00:00+00:00,1596067200000,2020-07-30T00:00:00+00:00,0.00098899,0.0
2020-07-30 08:00:00.001000+00:00,1596096000001,2020-07-30T08:00:00.001000+00:00,0.00111017,0.0
2020-07-30 16:00:00+00:00,1596124800000,2020-07-30T16:00:00+00:00,0.00078392,0.0
2020-07-31 00:00:00+00:00,1596153600000,2020-07-31T00:00:00+00:00,0.00124654,0.0
2020-07-31 08:00:00.001000+00:00,1596182400001,2020-07-31T08:00:00.001000+00:00,0.00092243,0.0
2020-07-31 16:00:00+00:00,1596211200000,2020-07-31T16:00:00+00:00,0.00084766,0.0
2020-08-01 00:00:00.005000+00:00,1596240000005,2020-08-01T00:00:00.005000+00:00,0.0005712,0.0
2020-08-01 08:00:00+00:00,1596268800000,2020-08-01T08:00:00+00:00,0.000789,0.0
2020-08-01 16:00:00.001000+00:00,1596297600001,2020-08-01T16:00:00.001000+00:00,0.0008475,0.0
2020-08-02 00:00:00+00:00,1596326400000,2020-08-02T00:00:00+00:00,0.00164741,0.0
2020-08-02 08:00:00.001000+00:00,1596355200001,2020-08-02T08:00:00.001000+00:00,0.00078084,0.0
2020-08-02 16:00:00.001000+00:00,1596384000001,2020-08-02T16:00:00.001000+00:00,0.00062995,0.0
2020-08-03 00:00:00+00:00,1596412800000,2020-08-03T00:00:00+00:00,0.00044367,0.0
2020-08-03 08:00:00.001000+00:00,1596441600001,2020-08-03T08:00:00.001000+00:00,0.00056763,0.0
2020-08-03 16:00:00+00:00,1596470400000,2020-08-03T16:00:00+00:00,0.00056067,0.0
2020-08-04 00:00:00.003000+00:00,1596499200003,2020-08-04T00:00:00.003000+00:00,0.00057005,0.0
2020-08-04 08:00:00+00:00,1596528000000,2020-08-04T08:00:00+00:00,0.00063457,0.0
2020-08-04 16:00:00+00:00,1596556800000,2020-08-04T16:00:00+00:00,0.00058751,0.0
2020-08-05 00:00:00+00:00,1596585600000,2020-08-05T00:00:00+00:00,0.00058744,0.0
2020-08-05 08:00:00+00:00,1596614400000,2020-08-05T08:00:00+00:00,0.00051986,0.0
2020-08-05 16:00:00+00:00,1596643200000,2020-08-05T16:00:00+00:00,0.00040282,0.0
2020-08-06 00:00:00+00:00,1596672000000,2020-08-06T00:00:00+00:00,0.0005529,0.0
2020-08-06 08:00:00.007000+00:00,1596700800007,2020-08-06T08:00:00.007000+00:00,0.00057578,0.0
2020-08-06 16:00:00+00:00,1596729600000,2020-08-06T16:00:00+00:00,0.00071612,0.0
2020-08-07 00:00:00.001000+00:00,1596758400001,2020-08-07T00:00:00.001000+00:00,0.00071074,0.0
2020-08-07 08:00:00+00:00,1596787200000,2020-08-07T08:00:00+00:00,0.00055919,0.0
2020-08-07 16:00:00+00:00,1596816000000,2020-08-07T16:00:00+00:00,0.00043517,0.0
2020-08-08 00:00:00+00:00,1596844800000,2020-08-08T00:00:00+00:00,0.0,0.0
2020-08-08 08:00:00+00:00,1596873600000,2020-08-08T08:00:00+00:00,0.00010125,0.0
2020-08-08 16:00:00+00:00,1596902400000,2020-08-08T16:00:00+00:00,0.00036187,0.0
2020-08-09 00:00:00+00:00,1596931200000,2020-08-09T00:00:00+00:00,0.00058926,0.0
2020-08-09 08:00:00+00:00,1596960000000,2020-08-09T08:00:00+00:00,0.0005117,0.0
2020-08-09 16:00:00+00:00,1596988800000,2020-08-09T16:00:00+00:00,0.00027717,0.0
2020-08-10 00:00:00.001000+00:00,1597017600001,2020-08-10T00:00:00.001000+00:00,0.00026997,0.0
2020-08-10 08:00:00+00:00,1597046400000,2020-08-10T08:00:00+00:00,0.0010467,0.0
2020-08-10 16:00:00.001000+00:00,1597075200001,2020-08-10T16:00:00.001000+00:00,0.00059192,0.0
2020-08-11 00:00:00.001000+00:00,1597104000001,2020-08-11T00:00:00.001000+00:00,0.00087127,0.0
2020-08-11 08:00:00+00:00,1597132800000,2020-08-11T08:00:00+00:00,0.00085023,0.0
2020-08-11 16:00:00.001000+00:00,1597161600001,2020-08-11T16:00:00.001000+00:00,0.00034792,0.0
2020-08-12 00:00:00+00:00,1597190400000,2020-08-12T00:00:00+00:00,0.0001,0.0
2020-08-12 08:00:00+00:00,1597219200000,2020-08-12T08:00:00+00:00,0.0001,0.0
2020-08-12 16:00:00+00:00,1597248000000,2020-08-12T16:00:00+00:00,0.00011493,0.0
2020-08-13 00:00:00.002000+00:00,1597276800002,2020-08-13T00:00:00.002000+00:00,0.00038998,0.0
2020-08-13 08:00:00+00:00,1597305600000,2020-08-13T08:00:00+00:00,0.00041013,0.0
2020-08-13 16:00:00+00:00,1597334400000,2020-08-13T16:00:00+00:00,0.00032264,0.0
2020-08-14 00:00:00+00:00,1597363200000,2020-08-14T00:00:00+00:00,0.00062912,0.0
2020-08-14 08:00:00+00:00,1597392000000,2020-08-14T08:00:00+00:00,0.00089602,0.0
2020-08-14 16:00:00+00:00,1597420800000,2020-08-14T16:00:00+00:00,0.00080567,0.0
2020-08-15 00:00:00+00:00,1597449600000,2020-08-15T00:00:00+00:00,0.00076366,0.0
2020-08-15 08:00:00.001000+00:00,1597478400001,2020-08-15T08:00:00.001000+00:00,0.00053692,0.0
2020-08-15 16:00:00.001000+00:00,1597507200001,2020-08-15T16:00:00.001000+00:00,0.00087037,0.0
2020-08-16 00:00:00+00:00,1597536000000,2020-08-16T00:00:00+00:00,0.00128595,0.0
2020-08-16 08:00:00+00:00,1597564800000,2020-08-16T08:00:00+00:00,0.00113773,0.0
2020-08-16 16:00:00+00:00,1597593600000,2020-08-16T16:00:00+00:00,0.00089648,0.0
2020-08-17 00:00:00+00:00,1597622400000,2020-08-17T00:00:00+00:00,0.00150281,0.0
2020-08-17 08:00:00+00:00,1597651200000,2020-08-17T08:00:00+00:00,0.0012587,0.0
2020-08-17 16:00:00+00:00,1597680000000,2020-08-17T16:00:00+00:00,0.00194026,0.0
2020-08-18 00:00:00.001000+00:00,1597708800001,2020-08-18T00:00:00.001000+00:00,0.00155833,0.0
2020-08-18 08:00:00.008000+00:00,1597737600008,2020-08-18T08:00:00.008000+00:00,0.00124218,0.0
2020-08-18 16:00:00+00:00,1597766400000,2020-08-18T16:00:00+00:00,0.00089612,0.0
2020-08-19 00:00:00+00:00,1597795200000,2020-08-19T00:00:00+00:00,0.00081458,0.0
2020-08-19 08:00:00+00:00,1597824000000,2020-08-19T08:00:00+00:00,0.00040367,0.0
2020-08-19 16:00:00+00:00,1597852800000,2020-08-19T16:00:00+00:00,0.00033249,0.0
2020-08-20 00:00:00.001000+00:00,1597881600001,2020-08-20T00:00:00.001000+00:00,0.00028504,0.0
2020-08-20 08:00:00+00:00,1597910400000,2020-08-20T08:00:00+00:00,0.00033304,0.0
2020-08-20 16:00:00+00:00,1597939200000,2020-08-20T16:00:00+00:00,0.00033992,0.0
2020-08-21 00:00:00+00:00,1597968000000,2020-08-21T00:00:00+00:00,0.00056115,0.0
2020-08-21 08:00:00+00:00,1597996800000,2020-08-21T08:00:00+00:00,0.00013186,0.0
2020-08-21 16:00:00.017000+00:00,1598025600017,2020-08-21T16:00:00.017000+00:00,0.00011623,0.0
2020-08-22 00:00:00+00:00,1598054400000,2020-08-22T00:00:00+00:00,0.0001,0.0
2020-08-22 08:00:00+00:00,1598083200000,2020-08-22T08:00:00+00:00,0.0001,0.0
2020-08-22 16:00:00+00:00,1598112000000,2020-08-22T16:00:00+00:00,0.0001,0.0
2020-08-23 00:00:00+00:00,1598140800000,2020-08-23T00:00:00+00:00,0.0001,0.0
2020-08-23 08:00:00+00:00,1598169600000,2020-08-23T08:00:00+00:00,0.0001,0.0
2020-08-23 16:00:00+00:00,1598198400000,2020-08-23T16:00:00+00:00,0.0001,0.0
2020-08-24 00:00:00.006000+00:00,1598227200006,2020-08-24T00:00:00.006000+00:00,0.0001,0.0
2020-08-24 08:00:00.001000+00:00,1598256000001,2020-08-24T08:00:00.001000+00:00,0.00026041,0.0
2020-08-24 16:00:00+00:00,1598284800000,2020-08-24T16:00:00+00:00,0.00026641,0.0
2020-08-25 00:00:00+00:00,1598313600000,2020-08-25T00:00:00+00:00,0.00063901,0.0
2020-08-25 08:00:00+00:00,1598342400000,2020-08-25T08:00:00+00:00,0.00034174,0.0
2020-08-25 16:00:00+00:00,1598371200000,2020-08-25T16:00:00+00:00,0.00036387,0.0
2020-08-26 00:00:00+00:00,1598400000000,2020-08-26T00:00:00+00:00,0.00042073,0.0
2020-08-26 08:00:00.008000+00:00,1598428800008,2020-08-26T08:00:00.008000+00:00,0.00042565,0.0
2020-08-26 16:00:00.002000+00:00,1598457600002,2020-08-26T16:00:00.002000+00:00,0.00042485,0.0
2020-08-27 00:00:00+00:00,1598486400000,2020-08-27T00:00:00+00:00,0.00063744,0.0
2020-08-27 08:00:00.010000+00:00,1598515200010,2020-08-27T08:00:00.010000+00:00,0.00059127,0.0
2020-08-27 16:00:00+00:00,1598544000000,2020-08-27T16:00:00+00:00,0.00019197,0.0
2020-08-28 00:00:00+00:00,1598572800000,2020-08-28T00:00:00+00:00,0.0001,0.0
2020-08-28 08:00:00.001000+00:00,1598601600001,2020-08-28T08:00:00.001000+00:00,0.0001,0.0
2020-08-28 16:00:00+00:00,1598630400000,2020-08-28T16:00:00+00:00,0.0001,0.0
2020-08-29 00:00:00.002000+00:00,1598659200002,2020-08-29T00:00:00.002000+00:00,0.0001,0.0
2020-08-29 08:00:00.006000+00:00,1598688000006,2020-08-29T08:00:00.006000+00:00,0.00025267,0.0
2020-08-29 16:00:00.003000+00:00,1598716800003,2020-08-29T16:00:00.003000+00:00,0.00044841,0.0
2020-08-30 00:00:00+00:00,1598745600000,2020-08-30T00:00:00+00:00,0.00019991,0.0
2020-08-30 08:00:00+00:00,1598774400000,2020-08-30T08:00:00+00:00,0.00035019,0.0
2020-08-30 16:00:00+00:00,1598803200000,2020-08-30T16:00:00+00:00,0.00032424,0.0
2020-08-31 00:00:00+00:00,1598832000000,2020-08-31T00:00:00+00:00,0.00046142,0.0
2020-08-31 08:00:00.001000+00:00,1598860800001,2020-08-31T08:00:00.001000+00:00,0.00071,0.0
2020-08-31 16:00:00.001000+00:00,1598889600001,2020-08-31T16:00:00.001000+00:00,0.00068167,0.0
2020-09-01 00:00:00+00:00,1598918400000,2020-09-01T00:00:00+00:00,0.00070469,0.0
2020-09-01 08:00:00+00:00,1598947200000,2020-09-01T08:00:00+00:00,0.00091474,0.0
2020-09-01 16:00:00+00:00,1598976000000,2020-09-01T16:00:00+00:00,0.00106387,0.0
2020-09-02 00:00:00+00:00,1599004800000,2020-09-02T00:00:00+00:00,0.00113428,0.0
2020-09-02 08:00:00.006000+00:00,1599033600006,2020-09-02T08:00:00.006000+00:00,0.00099695,0.0
2020-09-02 16:00:00+00:00,1599062400000,2020-09-02T16:00:00+00:00,0.00012656,0.0
2020-09-03 00:00:00.001000+00:00,1599091200001,2020-09-03T00:00:00.001000+00:00,0.0001,0.0
2020-09-03 08:00:00.004000+00:00,1599120000004,2020-09-03T08:00:00.004000+00:00,0.0001,0.0
2020-09-03 16:00:00+00:00,1599148800000,2020-09-03T16:00:00+00:00,0.0001,0.0
2020-09-04 00:00:00.005000+00:00,1599177600005,2020-09-04T00:00:00.005000+00:00,0.0001,0.0
2020-09-04 08:00:00+00:00,1599206400000,2020-09-04T08:00:00+00:00,0.0001,0.0
2020-09-04 16:00:00.006000+00:00,1599235200006,2020-09-04T16:00:00.006000+00:00,0.0001,0.0
2020-09-05 00:00:00+00:00,1599264000000,2020-09-05T00:00:00+00:00,0.0001,0.0
2020-09-05 08:00:00.004000+00:00,1599292800004,2020-09-05T08:00:00.004000+00:00,0.0001,0.0
2020-09-05 16:00:00.001000+00:00,1599321600001,2020-09-05T16:00:00.001000+00:00,0.0001,0.0
2020-09-06 00:00:00.004000+00:00,1599350400004,2020-09-06T00:00:00.004000+00:00,0.0001,0.0
2020-09-06 08:00:00+00:00,1599379200000,2020-09-06T08:00:00+00:00,0.0001,0.0
2020-09-06 16:00:00+00:00,1599408000000,2020-09-06T16:00:00+00:00,0.0001,0.0
2020-09-07 00:00:00.002000+00:00,1599436800002,2020-09-07T00:00:00.002000+00:00,0.0001,0.0
2020-09-07 08:00:00.004000+00:00,1599465600004,2020-09-07T08:00:00.004000+00:00,0.0001,0.0
2020-09-07 16:00:00.001000+00:00,1599494400001,2020-09-07T16:00:00.001000+00:00,0.0001,0.0
2020-09-08 00:00:00.007000+00:00,1599523200007,2020-09-08T00:00:00.007000+00:00,0.0001,0.0
2020-09-08 08:00:00.006000+00:00,1599552000006,2020-09-08T08:00:00.006000+00:00,0.0001,0.0
2020-09-08 16:00:00.014000+00:00,1599580800014,2020-09-08T16:00:00.014000+00:00,0.0001,0.0
2020-09-09 00:00:00+00:00,1599609600000,2020-09-09T00:00:00+00:00,0.0001,0.0
2020-09-09 08:00:00+00:00,1599638400000,2020-09-09T08:00:00+00:00,0.0001,0.0
2020-09-09 16:00:00+00:00,1599667200000,2020-09-09T16:00:00+00:00,0.0001,0.0
2020-09-10 00:00:00+00:00,1599696000000,2020-09-10T00:00:00+00:00,0.0001,0.0
2020-09-10 08:00:00.005000+00:00,1599724800005,2020-09-10T08:00:00.005000+00:00,0.0001,0.0
2020-09-10 16:00:00+00:00,1599753600000,2020-09-10T16:00:00+00:00,0.0001,0.0
2020-09-11 00:00:00+00:00,1599782400000,2020-09-11T00:00:00+00:00,0.0001,0.0
2020-09-11 08:00:00.008000+00:00,1599811200008,2020-09-11T08:00:00.008000+00:00,0.0001,0.0
2020-09-11 16:00:00+00:00,1599840000000,2020-09-11T16:00:00+00:00,0.0001,0.0
2020-09-12 00:00:00.008000+00:00,1599868800008,2020-09-12T00:00:00.008000+00:00,0.0001,0.0
2020-09-12 08:00:00+00:00,1599897600000,2020-09-12T08:00:00+00:00,0.0001,0.0
2020-09-12 16:00:00.008000+00:00,1599926400008,2020-09-12T16:00:00.008000+00:00,0.0001,0.0
2020-09-13 00:00:00+00:00,1599955200000,2020-09-13T00:00:00+00:00,0.00017674,0.0
2020-09-13 08:00:00+00:00,1599984000000,2020-09-13T08:00:00+00:00,0.0001,0.0
2020-09-13 16:00:00.004000+00:00,1600012800004,2020-09-13T16:00:00.004000+00:00,0.0001,0.0
2020-09-14 00:00:00.003000+00:00,1600041600003,2020-09-14T00:00:00.003000+00:00,0.0001,0.0
2020-09-14 08:00:00.008000+00:00,1600070400008,2020-09-14T08:00:00.008000+00:00,0.0001,0.0
2020-09-14 16:00:00+00:00,1600099200000,2020-09-14T16:00:00+00:00,0.0001,0.0
2020-09-15 00:00:00+00:00,1600128000000,2020-09-15T00:00:00+00:00,0.0001,0.0
2020-09-15 08:00:00.010000+00:00,1600156800010,2020-09-15T08:00:00.010000+00:00,0.0001,0.0
2020-09-15 16:00:00.003000+00:00,1600185600003,2020-09-15T16:00:00.003000+00:00,0.0001,0.0
2020-09-16 00:00:00.014000+00:00,1600214400014,2020-09-16T00:00:00.014000+00:00,0.0001,0.0
2020-09-16 08:00:00+00:00,1600243200000,2020-09-16T08:00:00+00:00,0.0001,0.0
2020-09-16 16:00:00.001000+00:00,1600272000001,2020-09-16T16:00:00.001000+00:00,0.0001,0.0
2020-09-17 00:00:00.006000+00:00,1600300800006,2020-09-17T00:00:00.006000+00:00,0.0001,0.0
2020-09-17 08:00:00.012000+00:00,1600329600012,2020-09-17T08:00:00.012000+00:00,0.0001,0.0
2020-09-17 16:00:00+00:00,1600358400000,2020-09-17T16:00:00+00:00,0.0001,0.0
2020-09-18 00:00:00.001000+00:00,1600387200001,2020-09-18T00:00:00.001000+00:00,0.0001,0.0
2020-09-18 08:00:00.002000+00:00,1600416000002,2020-09-18T08:00:00.002000+00:00,0.0001,0.0
2020-09-18 16:00:00.002000+00:00,1600444800002,2020-09-18T16:00:00.002000+00:00,0.0001,0.0
2020-09-19 00:00:00+00:00,1600473600000,2020-09-19T00:00:00+00:00,0.0001,0.0
2020-09-19 08:00:00.005000+00:00,1600502400005,2020-09-19T08:00:00.005000+00:00,0.0001,0.0
2020-09-19 16:00:00.008000+00:00,1600531200008,2020-09-19T16:00:00.008000+00:00,0.0001,0.0
2020-09-20 00:00:00.002000+00:00,1600560000002,2020-09-20T00:00:00.002000+00:00,0.0001,0.0
2020-09-20 08:00:00.005000+00:00,1600588800005,2020-09-20T08:00:00.005000+00:00,0.0001,0.0
2020-09-20 16:00:00.005000+00:00,1600617600005,2020-09-20T16:00:00.005000+00:00,0.0001,0.0
2020-09-21 00:00:00+00:00,1600646400000,2020-09-21T00:00:00+00:00,0.0001,0.0
2020-09-21 08:00:00.001000+00:00,1600675200001,2020-09-21T08:00:00.001000+00:00,0.0001,0.0
2020-09-21 16:00:00+00:00,1600704000000,2020-09-21T16:00:00+00:00,0.0001,0.0
2020-09-22 00:00:00.001000+00:00,1600732800001,2020-09-22T00:00:00.001000+00:00,0.0001,0.0
2020-09-22 08:00:00+00:00,1600761600000,2020-09-22T08:00:00+00:00,0.0001,0.0
2020-09-22 16:00:00.004000+00:00,1600790400004,2020-09-22T16:00:00.004000+00:00,0.0001,0.0
2020-09-23 00:00:00.007000+00:00,1600819200007,2020-09-23T00:00:00.007000+00:00,0.0001,0.0
2020-09-23 08:00:00.001000+00:00,1600848000001,2020-09-23T08:00:00.001000+00:00,0.0001,0.0
2020-09-23 16:00:00.001000+00:00,1600876800001,2020-09-23T16:00:00.001000+00:00,0.0001,0.0
2020-09-24 00:00:00+00:00,1600905600000,2020-09-24T00:00:00+00:00,0.0001,0.0
2020-09-24 08:00:00+00:00,1600934400000,2020-09-24T08:00:00+00:00,0.0001,0.0
2020-09-24 16:00:00+00:00,1600963200000,2020-09-24T16:00:00+00:00,0.0001,0.0
2020-09-25 00:00:00.009000+00:00,1600992000009,2020-09-25T00:00:00.009000+00:00,0.0001,0.0
2020-09-25 08:00:00.045000+00:00,1601020800045,2020-09-25T08:00:00.045000+00:00,0.0001,0.0
2020-09-25 16:00:00+00:00,1601049600000,2020-09-25T16:00:00+00:00,0.0001,0.0
2020-09-26 00:00:00+00:00,1601078400000,2020-09-26T00:00:00+00:00,0.0001,0.0
2020-09-26 08:00:00+00:00,1601107200000,2020-09-26T08:00:00+00:00,0.0001,0.0
2020-09-26 16:00:00.005000+00:00,1601136000005,2020-09-26T16:00:00.005000+00:00,0.0001,0.0
2020-09-27 00:00:00+00:00,1601164800000,2020-09-27T00:00:00+00:00,0.0001,0.0
2020-09-27 08:00:00+00:00,1601193600000,2020-09-27T08:00:00+00:00,0.0001,0.0
2020-09-27 16:00:00.019000+00:00,1601222400019,2020-09-27T16:00:00.019000+00:00,0.0001,0.0
2020-09-28 00:00:00.001000+00:00,1601251200001,2020-09-28T00:00:00.001000+00:00,0.0001,0.0
2020-09-28 08:00:00+00:00,1601280000000,2020-09-28T08:00:00+00:00,0.0001,0.0
2020-09-28 16:00:00.002000+00:00,1601308800002,2020-09-28T16:00:00.002000+00:00,0.0001,0.0
2020-09-29 00:00:00+00:00,1601337600000,2020-09-29T00:00:00+00:00,0.0001,0.0
2020-09-29 08:00:00+00:00,1601366400000,2020-09-29T08:00:00+00:00,0.0001,0.0
2020-09-29 16:00:00+00:00,1601395200000,2020-09-29T16:00:00+00:00,0.0001,0.0
2020-09-30 00:00:00.005000+00:00,1601424000005,2020-09-30T00:00:00.005000+00:00,0.0001,0.0
2020-09-30 08:00:00+00:00,1601452800000,2020-09-30T08:00:00+00:00,0.0001,0.0
2020-09-30 16:00:00+00:00,1601481600000,2020-09-30T16:00:00+00:00,0.0001,0.0
2020-10-01 00:00:00+00:00,1601510400000,2020-10-01T00:00:00+00:00,0.0001,0.0
2020-10-01 08:00:00+00:00,1601539200000,2020-10-01T08:00:00+00:00,0.0001,0.0
2020-10-01 16:00:00+00:00,1601568000000,2020-10-01T16:00:00+00:00,0.0001,0.0
2020-10-02 00:00:00.011000+00:00,1601596800011,2020-10-02T00:00:00.011000+00:00,0.0001,0.0
2020-10-02 08:00:00+00:00,1601625600000,2020-10-02T08:00:00+00:00,0.0001,0.0
2020-10-02 16:00:00.005000+00:00,1601654400005,2020-10-02T16:00:00.005000+00:00,0.0001,0.0
2020-10-03 00:00:00+00:00,1601683200000,2020-10-03T00:00:00+00:00,0.0001,0.0
2020-10-03 08:00:00.001000+00:00,1601712000001,2020-10-03T08:00:00.001000+00:00,0.0001,0.0
2020-10-03 16:00:00+00:00,1601740800000,2020-10-03T16:00:00+00:00,0.0001,0.0
2020-10-04 00:00:00+00:00,1601769600000,2020-10-04T00:00:00+00:00,0.0001,0.0
2020-10-04 08:00:00.003000+00:00,1601798400003,2020-10-04T08:00:00.003000+00:00,0.0001,0.0
2020-10-04 16:00:00.001000+00:00,1601827200001,2020-10-04T16:00:00.001000+00:00,0.0001,0.0
2020-10-05 00:00:00+00:00,1601856000000,2020-10-05T00:00:00+00:00,0.0001,0.0
2020-10-05 08:00:00+00:00,1601884800000,2020-10-05T08:00:00+00:00,0.0001,0.0
2020-10-05 16:00:00.012000+00:00,1601913600012,2020-10-05T16:00:00.012000+00:00,0.0001,0.0
2020-10-06 00:00:00+00:00,1601942400000,2020-10-06T00:00:00+00:00,0.0001,0.0
2020-10-06 08:00:00.005000+00:00,1601971200005,2020-10-06T08:00:00.005000+00:00,0.0001,0.0
2020-10-06 16:00:00+00:00,1602000000000,2020-10-06T16:00:00+00:00,0.0001,0.0
2020-10-07 00:00:00+00:00,1602028800000,2020-10-07T00:00:00+00:00,0.0001,0.0
2020-10-07 08:00:00+00:00,1602057600000,2020-10-07T08:00:00+00:00,0.0001,0.0
2020-10-07 16:00:00+00:00,1602086400000,2020-10-07T16:00:00+00:00,0.0001,0.0
2020-10-08 00:00:00+00:00,1602115200000,2020-10-08T00:00:00+00:00,0.0001,0.0
2020-10-08 08:00:00.009000+00:00,1602144000009,2020-10-08T08:00:00.009000+00:00,0.0001,0.0
2020-10-08 16:00:00.003000+00:00,1602172800003,2020-10-08T16:00:00.003000+00:00,0.0001,0.0
2020-10-09 00:00:00.001000+00:00,1602201600001,2020-10-09T00:00:00.001000+00:00,0.0001,0.0
2020-10-09 08:00:00+00:00,1602230400000,2020-10-09T08:00:00+00:00,0.0001,0.0
2020-10-09 16:00:00.004000+00:00,1602259200004,2020-10-09T16:00:00.004000+00:00,0.0001,0.0
2020-10-10 00:00:00.005000+00:00,1602288000005,2020-10-10T00:00:00.005000+00:00,0.0001,0.0
2020-10-10 08:00:00+00:00,1602316800000,2020-10-10T08:00:00+00:00,0.0001,0.0
2020-10-10 16:00:00.011000+00:00,1602345600011,2020-10-10T16:00:00.011000+00:00,0.00017349,0.0
2020-10-11 00:00:00.002000+00:00,1602374400002,2020-10-11T00:00:00.002000+00:00,0.0001,0.0
2020-10-11 08:00:00.003000+00:00,1602403200003,2020-10-11T08:00:00.003000+00:00,0.00027665,0.0
2020-10-11 16:00:00.004000+00:00,1602432000004,2020-10-11T16:00:00.004000+00:00,0.0001,0.0
2020-10-12 00:00:00.001000+00:00,1602460800001,2020-10-12T00:00:00.001000+00:00,0.00024712,0.0
2020-10-12 08:00:00+00:00,1602489600000,2020-10-12T08:00:00+00:00,0.00017203,0.0
2020-10-12 16:00:00.011000+00:00,1602518400011,2020-10-12T16:00:00.011000+00:00,0.00021901,0.0
2020-10-13 00:00:00.003000+00:00,1602547200003,2020-10-13T00:00:00.003000+00:00,0.00029065,0.0
2020-10-13 08:00:00+00:00,1602576000000,2020-10-13T08:00:00+00:00,0.00011328,0.0
2020-10-13 16:00:00.001000+00:00,1602604800001,2020-10-13T16:00:00.001000+00:00,0.0001,0.0
2020-10-14 00:00:00.001000+00:00,1602633600001,2020-10-14T00:00:00.001000+00:00,0.0001,0.0
2020-10-14 08:00:00+00:00,1602662400000,2020-10-14T08:00:00+00:00,0.0001,0.0
2020-10-14 16:00:00.001000+00:00,1602691200001,2020-10-14T16:00:00.001000+00:00,0.0001,0.0
2020-10-15 00:00:00+00:00,1602720000000,2020-10-15T00:00:00+00:00,0.0001,0.0
2020-10-15 08:00:00+00:00,1602748800000,2020-10-15T08:00:00+00:00,0.0001,0.0
2020-10-15 16:00:00+00:00,1602777600000,2020-10-15T16:00:00+00:00,0.00012978,0.0
2020-10-16 00:00:00.002000+00:00,1602806400002,2020-10-16T00:00:00.002000+00:00,0.00018534,0.0
2020-10-16 08:00:00.003000+00:00,1602835200003,2020-10-16T08:00:00.003000+00:00,0.0001,0.0
2020-10-16 16:00:00+00:00,1602864000000,2020-10-16T16:00:00+00:00,0.0001,0.0
2020-10-17 00:00:00.006000+00:00,1602892800006,2020-10-17T00:00:00.006000+00:00,0.0001,0.0
2020-10-17 08:00:00.007000+00:00,1602921600007,2020-10-17T08:00:00.007000+00:00,0.0001,0.0
2020-10-17 16:00:00.009000+00:00,1602950400009,2020-10-17T16:00:00.009000+00:00,0.0001,0.0
2020-10-18 00:00:00.006000+00:00,1602979200006,2020-10-18T00:00:00.006000+00:00,0.0001,0.0
2020-10-18 08:00:00+00:00,1603008000000,2020-10-18T08:00:00+00:00,0.0001,0.0
2020-10-18 16:00:00+00:00,1603036800000,2020-10-18T16:00:00+00:00,0.0001,0.0
2020-10-19 00:00:00+00:00,1603065600000,2020-10-19T00:00:00+00:00,0.0001,0.0
2020-10-19 08:00:00+00:00,1603094400000,2020-10-19T08:00:00+00:00,0.0001,0.0
2020-10-19 16:00:00+00:00,1603123200000,2020-10-19T16:00:00+00:00,0.0001,0.0
2020-10-20 00:00:00.015000+00:00,1603152000015,2020-10-20T00:00:00.015000+00:00,0.0001,0.0
2020-10-20 08:00:00+00:00,1603180800000,2020-10-20T08:00:00+00:00,0.0001,0.0
2020-10-20 16:00:00.008000+00:00,1603209600008,2020-10-20T16:00:00.008000+00:00,0.0001,0.0
2020-10-21 00:00:00.009000+00:00,1603238400009,2020-10-21T00:00:00.009000+00:00,0.0001,0.0
2020-10-21 08:00:00.004000+00:00,1603267200004,2020-10-21T08:00:00.004000+00:00,0.0001,0.0
2020-10-21 16:00:00+00:00,1603296000000,2020-10-21T16:00:00+00:00,0.00017395,0.0
2020-10-22 00:00:00+00:00,1603324800000,2020-10-22T00:00:00+00:00,0.00033883,0.0
2020-10-22 08:00:00+00:00,1603353600000,2020-10-22T08:00:00+00:00,0.0001,0.0
2020-10-22 16:00:00.004000+00:00,1603382400004,2020-10-22T16:00:00.004000+00:00,0.00036521,0.0
2020-10-23 00:00:00.007000+00:00,1603411200007,2020-10-23T00:00:00.007000+00:00,0.00030286,0.0
2020-10-23 08:00:00+00:00,1603440000000,2020-10-23T08:00:00+00:00,0.00037917,0.0
2020-10-23 16:00:00+00:00,1603468800000,2020-10-23T16:00:00+00:00,0.00016549,0.0
2020-10-24 00:00:00+00:00,1603497600000,2020-10-24T00:00:00+00:00,0.00019878,0.0
2020-10-24 08:00:00+00:00,1603526400000,2020-10-24T08:00:00+00:00,0.00010407,0.0
2020-10-24 16:00:00.008000+00:00,1603555200008,2020-10-24T16:00:00.008000+00:00,0.0001,0.0
2020-10-25 00:00:00.005000+00:00,1603584000005,2020-10-25T00:00:00.005000+00:00,0.00018796,0.0
2020-10-25 08:00:00.014000+00:00,1603612800014,2020-10-25T08:00:00.014000+00:00,0.0002675,0.0
2020-10-25 16:00:00+00:00,1603641600000,2020-10-25T16:00:00+00:00,0.0001,0.0
2020-10-26 00:00:00.004000+00:00,1603670400004,2020-10-26T00:00:00.004000+00:00,0.0002085,0.0
2020-10-26 08:00:00+00:00,1603699200000,2020-10-26T08:00:00+00:00,0.00025544,0.0
2020-10-26 16:00:00+00:00,1603728000000,2020-10-26T16:00:00+00:00,0.0001,0.0
2020-10-27 00:00:00+00:00,1603756800000,2020-10-27T00:00:00+00:00,0.0001,0.0
2020-10-27 08:00:00+00:00,1603785600000,2020-10-27T08:00:00+00:00,0.0002066,0.0
2020-10-27 16:00:00+00:00,1603814400000,2020-10-27T16:00:00+00:00,0.00039386,0.0
2020-10-28 00:00:00+00:00,1603843200000,2020-10-28T00:00:00+00:00,0.0001,0.0
2020-10-28 08:00:00.006000+00:00,1603872000006,2020-10-28T08:00:00.006000+00:00,0.0001,0.0
2020-10-28 16:00:00.001000+00:00,1603900800001,2020-10-28T16:00:00.001000+00:00,0.0001,0.0
2020-10-29 00:00:00+00:00,1603929600000,2020-10-29T00:00:00+00:00,0.00030492,0.0
2020-10-29 08:00:00+00:00,1603958400000,2020-10-29T08:00:00+00:00,0.0001,0.0
2020-10-29 16:00:00+00:00,1603987200000,2020-10-29T16:00:00+00:00,0.0001,0.0
2020-10-30 00:00:00+00:00,1604016000000,2020-10-30T00:00:00+00:00,0.0001,0.0
2020-10-30 08:00:00.002000+00:00,1604044800002,2020-10-30T08:00:00.002000+00:00,0.0001,0.0
2020-10-30 16:00:00.002000+00:00,1604073600002,2020-10-30T16:00:00.002000+00:00,0.0001,0.0
2020-10-31 00:00:00.003000+00:00,1604102400003,2020-10-31T00:00:00.003000+00:00,0.0001,0.0
2020-10-31 08:00:00+00:00,1604131200000,2020-10-31T08:00:00+00:00,0.0001,0.0
2020-10-31 16:00:00+00:00,1604160000000,2020-10-31T16:00:00+00:00,0.0001,0.0
2020-11-01 00:00:00+00:00,1604188800000,2020-11-01T00:00:00+00:00,0.0001,0.0
2020-11-01 08:00:00+00:00,1604217600000,2020-11-01T08:00:00+00:00,0.0001,0.0
2020-11-01 16:00:00+00:00,1604246400000,2020-11-01T16:00:00+00:00,0.0001,0.0
2020-11-02 00:00:00+00:00,1604275200000,2020-11-02T00:00:00+00:00,0.0001,0.0
2020-11-02 08:00:00.010000+00:00,1604304000010,2020-11-02T08:00:00.010000+00:00,0.0001,0.0
2020-11-02 16:00:00+00:00,1604332800000,2020-11-02T16:00:00+00:00,0.0001,0.0
2020-11-03 00:00:00+00:00,1604361600000,2020-11-03T00:00:00+00:00,0.0001,0.0
2020-11-03 08:00:00.004000+00:00,1604390400004,2020-11-03T08:00:00.004000+00:00,0.0001,0.0
2020-11-03 16:00:00.009000+00:00,1604419200009,2020-11-03T16:00:00.009000+00:00,0.0001,0.0
2020-11-04 00:00:00+00:00,1604448000000,2020-11-04T00:00:00+00:00,0.0001,0.0
2020-11-04 08:00:00+00:00,1604476800000,2020-11-04T08:00:00+00:00,0.0001,0.0
2020-11-04 16:00:00.005000+00:00,1604505600005,2020-11-04T16:00:00.005000+00:00,0.0001,0.0
2020-11-05 00:00:00.017000+00:00,1604534400017,2020-11-05T00:00:00.017000+00:00,0.0001,0.0
2020-11-05 08:00:00.001000+00:00,1604563200001,2020-11-05T08:00:00.001000+00:00,0.0001,0.0
2020-11-05 16:00:00+00:00,1604592000000,2020-11-05T16:00:00+00:00,0.00017851,0.0
2020-11-06 00:00:00+00:00,1604620800000,2020-11-06T00:00:00+00:00,0.00043926,0.0
2020-11-06 08:00:00.001000+00:00,1604649600001,2020-11-06T08:00:00.001000+00:00,0.00075811,0.0
2020-11-06 16:00:00.001000+00:00,1604678400001,2020-11-06T16:00:00.001000+00:00,0.00062166,0.0
2020-11-07 00:00:00.001000+00:00,1604707200001,2020-11-07T00:00:00.001000+00:00,0.00060394,0.0
2020-11-07 08:00:00+00:00,1604736000000,2020-11-07T08:00:00+00:00,0.00076324,0.0
2020-11-07 16:00:00.006000+00:00,1604764800006,2020-11-07T16:00:00.006000+00:00,0.00035431,0.0
2020-11-08 00:00:00+00:00,1604793600000,2020-11-08T00:00:00+00:00,0.00012505,0.0
2020-11-08 08:00:00+00:00,1604822400000,2020-11-08T08:00:00+00:00,0.0001,0.0
2020-11-08 16:00:00+00:00,1604851200000,2020-11-08T16:00:00+00:00,0.0001,0.0
2020-11-09 00:00:00.007000+00:00,1604880000007,2020-11-09T00:00:00.007000+00:00,0.0001,0.0
2020-11-09 08:00:00.001000+00:00,1604908800001,2020-11-09T08:00:00.001000+00:00,0.0001,0.0
2020-11-09 16:00:00.002000+00:00,1604937600002,2020-11-09T16:00:00.002000+00:00,0.0001,0.0
2020-11-10 00:00:00.003000+00:00,1604966400003,2020-11-10T00:00:00.003000+00:00,0.00020452,0.0
2020-11-10 08:00:00.011000+00:00,1604995200011,2020-11-10T08:00:00.011000+00:00,0.00031039,0.0
2020-11-10 16:00:00+00:00,1605024000000,2020-11-10T16:00:00+00:00,0.00014779,0.0
2020-11-11 00:00:00+00:00,1605052800000,2020-11-11T00:00:00+00:00,0.00012585,0.0
2020-11-11 08:00:00.009000+00:00,1605081600009,2020-11-11T08:00:00.009000+00:00,0.00025447,0.0
2020-11-11 16:00:00.003000+00:00,1605110400003,2020-11-11T16:00:00.003000+00:00,0.00028362,0.0
2020-11-12 00:00:00.001000+00:00,1605139200001,2020-11-12T00:00:00.001000+00:00,0.00025438,0.0
2020-11-12 08:00:00.001000+00:00,1605168000001,2020-11-12T08:00:00.001000+00:00,0.0001,0.0
2020-11-12 16:00:00+00:00,1605196800000,2020-11-12T16:00:00+00:00,0.0001,0.0
2020-11-13 00:00:00+00:00,1605225600000,2020-11-13T00:00:00+00:00,0.00011388,0.0
2020-11-13 08:00:00+00:00,1605254400000,2020-11-13T08:00:00+00:00,0.00038316,0.0
2020-11-13 16:00:00+00:00,1605283200000,2020-11-13T16:00:00+00:00,0.00028791,0.0
2020-11-14 00:00:00.005000+00:00,1605312000005,2020-11-14T00:00:00.005000+00:00,0.00011069,0.0
2020-11-14 08:00:00.004000+00:00,1605340800004,2020-11-14T08:00:00.004000+00:00,0.00015024,0.0
2020-11-14 16:00:00.001000+00:00,1605369600001,2020-11-14T16:00:00.001000+00:00,0.0001,0.0
2020-11-15 00:00:00.001000+00:00,1605398400001,2020-11-15T00:00:00.001000+00:00,0.0001,0.0
2020-11-15 08:00:00+00:00,1605427200000,2020-11-15T08:00:00+00:00,0.0001,0.0
2020-11-15 16:00:00.003000+00:00,1605456000003,2020-11-15T16:00:00.003000+00:00,0.0001,0.0
2020-11-16 00:00:00+00:00,1605484800000,2020-11-16T00:00:00+00:00,0.0001,0.0
2020-11-16 08:00:00.010000+00:00,1605513600010,2020-11-16T08:00:00.010000+00:00,0.0001,0.0
2020-11-16 16:00:00.001000+00:00,1605542400001,2020-11-16T16:00:00.001000+00:00,0.00026265,0.0
2020-11-17 00:00:00.002000+00:00,1605571200002,2020-11-17T00:00:00.002000+00:00,0.00022211,0.0
2020-11-17 08:00:00.003000+00:00,1605600000003,2020-11-17T08:00:00.003000+00:00,0.0001,0.0
2020-11-17 16:00:00.003000+00:00,1605628800003,2020-11-17T16:00:00.003000+00:00,0.0001,0.0
2020-11-18 00:00:00.005000+00:00,1605657600005,2020-11-18T00:00:00.005000+00:00,0.00088061,0.0
2020-11-18 08:00:00.006000+00:00,1605686400006,2020-11-18T08:00:00.006000+00:00,0.00034129,0.0
2020-11-18 16:00:00+00:00,1605715200000,2020-11-18T16:00:00+00:00,0.00010301,0.0
2020-11-19 00:00:00.008000+00:00,1605744000008,2020-11-19T00:00:00.008000+00:00,0.0001,0.0
2020-11-19 08:00:00+00:00,1605772800000,2020-11-19T08:00:00+00:00,0.0001,0.0
2020-11-19 16:00:00.001000+00:00,1605801600001,2020-11-19T16:00:00.001000+00:00,0.00033886,0.0
2020-11-20 00:00:00.003000+00:00,1605830400003,2020-11-20T00:00:00.003000+00:00,0.0001,0.0
2020-11-20 08:00:00.005000+00:00,1605859200005,2020-11-20T08:00:00.005000+00:00,0.00036835,0.0
2020-11-20 16:00:00+00:00,1605888000000,2020-11-20T16:00:00+00:00,0.00043378,0.0
2020-11-21 00:00:00+00:00,1605916800000,2020-11-21T00:00:00+00:00,0.00018891,0.0
2020-11-21 08:00:00+00:00,1605945600000,2020-11-21T08:00:00+00:00,0.00026708,0.0
2020-11-21 16:00:00.001000+00:00,1605974400001,2020-11-21T16:00:00.001000+00:00,0.00121333,0.0
2020-11-22 00:00:00.005000+00:00,1606003200005,2020-11-22T00:00:00.005000+00:00,0.00120563,0.0
2020-11-22 08:00:00+00:00,1606032000000,2020-11-22T08:00:00+00:00,0.00090657,0.0
2020-11-22 16:00:00+00:00,1606060800000,2020-11-22T16:00:00+00:00,0.00051086,0.0
2020-11-23 00:00:00.005000+00:00,1606089600005,2020-11-23T00:00:00.005000+00:00,0.00162572,0.0
2020-11-23 08:00:00+00:00,1606118400000,2020-11-23T08:00:00+00:00,0.00148822,0.0
2020-11-23 16:00:00.003000+00:00,1606147200003,2020-11-23T16:00:00.003000+00:00,0.00162443,0.0
2020-11-24 00:00:00+00:00,1606176000000,2020-11-24T00:00:00+00:00,0.0008139,0.0
2020-11-24 08:00:00+00:00,1606204800000,2020-11-24T08:00:00+00:00,0.00166103,0.0
2020-11-24 16:00:00.005000+00:00,1606233600005,2020-11-24T16:00:00.005000+00:00,0.00092918,0.0
2020-11-25 00:00:00.005000+00:00,1606262400005,2020-11-25T00:00:00.005000+00:00,0.00068239,0.0
2020-11-25 08:00:00.005000+00:00,1606291200005,2020-11-25T08:00:00.005000+00:00,0.00078294,0.0
2020-11-25 16:00:00.015000+00:00,1606320000015,2020-11-25T16:00:00.015000+00:00,0.00092439,0.0
2020-11-26 00:00:00.012000+00:00,1606348800012,2020-11-26T00:00:00.012000+00:00,0.00028048,0.0
2020-11-26 08:00:00.002000+00:00,1606377600002,2020-11-26T08:00:00.002000+00:00,0.0001,0.0
2020-11-26 16:00:00.001000+00:00,1606406400001,2020-11-26T16:00:00.001000+00:00,0.0001,0.0
2020-11-27 00:00:00.001000+00:00,1606435200001,2020-11-27T00:00:00.001000+00:00,0.0001,0.0
2020-11-27 08:00:00+00:00,1606464000000,2020-11-27T08:00:00+00:00,0.0001,0.0
2020-11-27 16:00:00.007000+00:00,1606492800007,2020-11-27T16:00:00.007000+00:00,0.0001,0.0
2020-11-28 00:00:00.007000+00:00,1606521600007,2020-11-28T00:00:00.007000+00:00,0.0001,0.0
2020-11-28 08:00:00.012000+00:00,1606550400012,2020-11-28T08:00:00.012000+00:00,0.0001,0.0
2020-11-28 16:00:00+00:00,1606579200000,2020-11-28T16:00:00+00:00,0.0001,0.0
2020-11-29 00:00:00.007000+00:00,1606608000007,2020-11-29T00:00:00.007000+00:00,0.0001,0.0
2020-11-29 08:00:00+00:00,1606636800000,2020-11-29T08:00:00+00:00,0.0001,0.0
2020-11-29 16:00:00+00:00,1606665600000,2020-11-29T16:00:00+00:00,0.0001,0.0
2020-11-30 00:00:00.004000+00:00,1606694400004,2020-11-30T00:00:00.004000+00:00,0.0001,0.0
2020-11-30 08:00:00.007000+00:00,1606723200007,2020-11-30T08:00:00.007000+00:00,0.0001,0.0
2020-11-30 16:00:00+00:00,1606752000000,2020-11-30T16:00:00+00:00,0.00026374,0.0
2020-12-01 00:00:00+00:00,1606780800000,2020-12-01T00:00:00+00:00,0.00015205,0.0
2020-12-01 08:00:00.003000+00:00,1606809600003,2020-12-01T08:00:00.003000+00:00,0.00060828,0.0
2020-12-01 16:00:00+00:00,1606838400000,2020-12-01T16:00:00+00:00,0.00028782,0.0
2020-12-02 00:00:00.001000+00:00,1606867200001,2020-12-02T00:00:00.001000+00:00,0.0004299,0.0
2020-12-02 08:00:00.011000+00:00,1606896000011,2020-12-02T08:00:00.011000+00:00,0.00021837,0.0
2020-12-02 16:00:00.005000+00:00,1606924800005,2020-12-02T16:00:00.005000+00:00,0.00045344,0.0
2020-12-03 00:00:00.001000+00:00,1606953600001,2020-12-03T00:00:00.001000+00:00,0.00036872,0.0
2020-12-03 08:00:00.031000+00:00,1606982400031,2020-12-03T08:00:00.031000+00:00,0.00049531,0.0
2020-12-03 16:00:00+00:00,1607011200000,2020-12-03T16:00:00+00:00,0.00060946,0.0
2020-12-04 00:00:00.006000+00:00,1607040000006,2020-12-04T00:00:00.006000+00:00,0.00035255,0.0
2020-12-04 08:00:00.009000+00:00,1607068800009,2020-12-04T08:00:00.009000+00:00,0.0001781,0.0
2020-12-04 16:00:00+00:00,1607097600000,2020-12-04T16:00:00+00:00,0.0001,0.0
2020-12-05 00:00:00+00:00,1607126400000,2020-12-05T00:00:00+00:00,0.0001,0.0
2020-12-05 08:00:00+00:00,1607155200000,2020-12-05T08:00:00+00:00,0.0001,0.0
2020-12-05 16:00:00+00:00,1607184000000,2020-12-05T16:00:00+00:00,0.00012556,0.0
2020-12-06 00:00:00.004000+00:00,1607212800004,2020-12-06T00:00:00.004000+00:00,0.0001,0.0
2020-12-06 08:00:00+00:00,1607241600000,2020-12-06T08:00:00+00:00,0.0001,0.0
2020-12-06 16:00:00.001000+00:00,1607270400001,2020-12-06T16:00:00.001000+00:00,0.0001,0.0
2020-12-07 00:00:00+00:00,1607299200000,2020-12-07T00:00:00+00:00,0.00029168,0.0
2020-12-07 08:00:00.008000+00:00,1607328000008,2020-12-07T08:00:00.008000+00:00,0.0001,0.0
2020-12-07 16:00:00+00:00,1607356800000,2020-12-07T16:00:00+00:00,0.0001,0.0
2020-12-08 00:00:00.003000+00:00,1607385600003,2020-12-08T00:00:00.003000+00:00,0.0001,0.0
2020-12-08 08:00:00.003000+00:00,1607414400003,2020-12-08T08:00:00.003000+00:00,0.0001,0.0
2020-12-08 16:00:00.033000+00:00,1607443200033,2020-12-08T16:00:00.033000+00:00,0.0001,0.0
2020-12-09 00:00:00+00:00,1607472000000,2020-12-09T00:00:00+00:00,0.0001,0.0
2020-12-09 08:00:00.010000+00:00,1607500800010,2020-12-09T08:00:00.010000+00:00,0.0001,0.0
2020-12-09 16:00:00+00:00,1607529600000,2020-12-09T16:00:00+00:00,0.0001,0.0
2020-12-10 00:00:00+00:00,1607558400000,2020-12-10T00:00:00+00:00,0.0001,0.0
2020-12-10 08:00:00+00:00,1607587200000,2020-12-10T08:00:00+00:00,0.0001,0.0
2020-12-10 16:00:00.007000+00:00,1607616000007,2020-12-10T16:00:00.007000+00:00,0.0001,0.0
2020-12-11 00:00:00+00:00,1607644800000,2020-12-11T00:00:00+00:00,0.0001,0.0
2020-12-11 08:00:00.016000+00:00,1607673600016,2020-12-11T08:00:00.016000+00:00,0.0001,0.0
2020-12-11 16:00:00.010000+00:00,1607702400010,2020-12-11T16:00:00.010000+00:00,0.0001,0.0
2020-12-12 00:00:00.009000+00:00,1607731200009,2020-12-12T00:00:00.009000+00:00,0.0001,0.0
2020-12-12 08:00:00.002000+00:00,1607760000002,2020-12-12T08:00:00.002000+00:00,0.0001,0.0
2020-12-12 16:00:00+00:00,1607788800000,2020-12-12T16:00:00+00:00,0.0001,0.0
2020-12-13 00:00:00.007000+00:00,1607817600007,2020-12-13T00:00:00.007000+00:00,0.0001,0.0
2020-12-13 08:00:00+00:00,1607846400000,2020-12-13T08:00:00+00:00,0.0001,0.0
2020-12-13 16:00:00+00:00,1607875200000,2020-12-13T16:00:00+00:00,0.0001,0.0
2020-12-14 00:00:00+00:00,1607904000000,2020-12-14T00:00:00+00:00,0.0001,0.0
2020-12-14 08:00:00+00:00,1607932800000,2020-12-14T08:00:00+00:00,0.0001,0.0
2020-12-14 16:00:00+00:00,1607961600000,2020-12-14T16:00:00+00:00,0.0001,0.0
2020-12-15 00:00:00.006000+00:00,1607990400006,2020-12-15T00:00:00.006000+00:00,0.0001,0.0
2020-12-15 08:00:00.001000+00:00,1608019200001,2020-12-15T08:00:00.001000+00:00,0.0001,0.0
2020-12-15 16:00:00+00:00,1608048000000,2020-12-15T16:00:00+00:00,0.0001,0.0
2020-12-16 00:00:00.001000+00:00,1608076800001,2020-12-16T00:00:00.001000+00:00,0.0001,0.0
2020-12-16 08:00:00+00:00,1608105600000,2020-12-16T08:00:00+00:00,0.0001,0.0
2020-12-16 16:00:00+00:00,1608134400000,2020-12-16T16:00:00+00:00,0.00047341,0.0
2020-12-17 00:00:00+00:00,1608163200000,2020-12-17T00:00:00+00:00,0.00030114,0.0
2020-12-17 08:00:00+00:00,1608192000000,2020-12-17T08:00:00+00:00,0.00043999,0.0
2020-12-17 16:00:00.011000+00:00,1608220800011,2020-12-17T16:00:00.011000+00:00,0.00112807,0.0
2020-12-18 00:00:00+00:00,1608249600000,2020-12-18T00:00:00+00:00,0.00028584,0.0
2020-12-18 08:00:00+00:00,1608278400000,2020-12-18T08:00:00+00:00,0.0006926,0.0
2020-12-18 16:00:00+00:00,1608307200000,2020-12-18T16:00:00+00:00,0.00045322,0.0
2020-12-19 00:00:00+00:00,1608336000000,2020-12-19T00:00:00+00:00,0.00038388,0.0
2020-12-19 08:00:00.018000+00:00,1608364800018,2020-12-19T08:00:00.018000+00:00,0.00067378,0.0
2020-12-19 16:00:00+00:00,1608393600000,2020-12-19T16:00:00+00:00,0.00066368,0.0
2020-12-20 00:00:00.001000+00:00,1608422400001,2020-12-20T00:00:00.001000+00:00,0.00051078,0.0
2020-12-20 08:00:00.011000+00:00,1608451200011,2020-12-20T08:00:00.011000+00:00,0.00035807,0.0
2020-12-20 16:00:00.023000+00:00,1608480000023,2020-12-20T16:00:00.023000+00:00,0.00082317,0.0
2020-12-21 00:00:00.011000+00:00,1608508800011,2020-12-21T00:00:00.011000+00:00,0.00034941,0.0
2020-12-21 08:00:00+00:00,1608537600000,2020-12-21T08:00:00+00:00,0.00069825,0.0
2020-12-21 16:00:00+00:00,1608566400000,2020-12-21T16:00:00+00:00,0.00010252,0.0
2020-12-22 00:00:00.001000+00:00,1608595200001,2020-12-22T00:00:00.001000+00:00,0.00033658,0.0
2020-12-22 08:00:00.006000+00:00,1608624000006,2020-12-22T08:00:00.006000+00:00,0.0001,0.0
2020-12-22 16:00:00+00:00,1608652800000,2020-12-22T16:00:00+00:00,0.0001,0.0
2020-12-23 00:00:00+00:00,1608681600000,2020-12-23T00:00:00+00:00,0.0001,0.0
2020-12-23 08:00:00+00:00,1608710400000,2020-12-23T08:00:00+00:00,0.0001,0.0
2020-12-23 16:00:00+00:00,1608739200000,2020-12-23T16:00:00+00:00,0.0001,0.0
2020-12-24 00:00:00.012000+00:00,1608768000012,2020-12-24T00:00:00.012000+00:00,0.0001,0.0
2020-12-24 08:00:00.009000+00:00,1608796800009,2020-12-24T08:00:00.009000+00:00,0.0001,0.0
2020-12-24 16:00:00.001000+00:00,1608825600001,2020-12-24T16:00:00.001000+00:00,0.0001,0.0
2020-12-25 00:00:00+00:00,1608854400000,2020-12-25T00:00:00+00:00,0.00022231,0.0
2020-12-25 08:00:00+00:00,1608883200000,2020-12-25T08:00:00+00:00,0.0001,0.0
2020-12-25 16:00:00+00:00,1608912000000,2020-12-25T16:00:00+00:00,0.00025069,0.0
2020-12-26 00:00:00.009000+00:00,1608940800009,2020-12-26T00:00:00.009000+00:00,0.00013768,0.0
2020-12-26 08:00:00.001000+00:00,1608969600001,2020-12-26T08:00:00.001000+00:00,0.00017011,0.0
2020-12-26 16:00:00.006000+00:00,1608998400006,2020-12-26T16:00:00.006000+00:00,0.0001,0.0
2020-12-27 00:00:00+00:00,1609027200000,2020-12-27T00:00:00+00:00,0.00041115,0.0
2020-12-27 08:00:00+00:00,1609056000000,2020-12-27T08:00:00+00:00,0.00028502,0.0
2020-12-27 16:00:00.001000+00:00,1609084800001,2020-12-27T16:00:00.001000+00:00,0.00039675,0.0
2020-12-28 00:00:00.015000+00:00,1609113600015,2020-12-28T00:00:00.015000+00:00,0.00039571,0.0
2020-12-28 08:00:00.019000+00:00,1609142400019,2020-12-28T08:00:00.019000+00:00,0.00048067,0.0
2020-12-28 16:00:00+00:00,1609171200000,2020-12-28T16:00:00+00:00,0.00049835,0.0
2020-12-29 00:00:00.004000+00:00,1609200000004,2020-12-29T00:00:00.004000+00:00,0.0005245,0.0
2020-12-29 08:00:00.003000+00:00,1609228800003,2020-12-29T08:00:00.003000+00:00,0.00047169,0.0
2020-12-29 16:00:00+00:00,1609257600000,2020-12-29T16:00:00+00:00,0.00025457,0.0
2020-12-30 00:00:00.001000+00:00,1609286400001,2020-12-30T00:00:00.001000+00:00,0.00020226,0.0
2020-12-30 08:00:00.001000+00:00,1609315200001,2020-12-30T08:00:00.001000+00:00,0.00058696,0.0
2020-12-30 16:00:00.012000+00:00,1609344000012,2020-12-30T16:00:00.012000+00:00,0.00017352,0.0
2020-12-31 00:00:00.009000+00:00,1609372800009,2020-12-31T00:00:00.009000+00:00,0.00022412,0.0
2020-12-31 08:00:00+00:00,1609401600000,2020-12-31T08:00:00+00:00,0.00040841,0.0
2020-12-31 16:00:00.010000+00:00,1609430400010,2020-12-31T16:00:00.010000+00:00,0.00024289,0.0
2021-01-01 00:00:00.002000+00:00,1609459200002,2021-01-01T00:00:00.002000+00:00,0.00033709,0.0
2021-01-01 08:00:00.006000+00:00,1609488000006,2021-01-01T08:00:00.006000+00:00,0.00083389,0.0
2021-01-01 16:00:00.003000+00:00,1609516800003,2021-01-01T16:00:00.003000+00:00,0.00071869,0.0
2021-01-02 00:00:00+00:00,1609545600000,2021-01-02T00:00:00+00:00,0.00033903,0.0
2021-01-02 08:00:00+00:00,1609574400000,2021-01-02T08:00:00+00:00,0.00040482,0.0
2021-01-02 16:00:00.006000+00:00,1609603200006,2021-01-02T16:00:00.006000+00:00,0.0006868,0.0
2021-01-03 00:00:00.018000+00:00,1609632000018,2021-01-03T00:00:00.018000+00:00,0.00088601,0.0
2021-01-03 08:00:00+00:00,1609660800000,2021-01-03T08:00:00+00:00,0.00092887,0.0
2021-01-03 16:00:00.002000+00:00,1609689600002,2021-01-03T16:00:00.002000+00:00,0.00230285,0.0
2021-01-04 00:00:00+00:00,1609718400000,2021-01-04T00:00:00+00:00,0.00261413,0.0
2021-01-04 08:00:00+00:00,1609747200000,2021-01-04T08:00:00+00:00,0.00245032,0.0
2021-01-04 16:00:00+00:00,1609776000000,2021-01-04T16:00:00+00:00,0.00036695,0.0
2021-01-05 00:00:00.020000+00:00,1609804800020,2021-01-05T00:00:00.020000+00:00,0.00079845,0.0
2021-01-05 08:00:00.003000+00:00,1609833600003,2021-01-05T08:00:00.003000+00:00,0.00061721,0.0
2021-01-05 16:00:00.003000+00:00,1609862400003,2021-01-05T16:00:00.003000+00:00,0.00067597,0.0
2021-01-06 00:00:00.010000+00:00,1609891200010,2021-01-06T00:00:00.010000+00:00,0.00141642,0.0
2021-01-06 08:00:00.003000+00:00,1609920000003,2021-01-06T08:00:00.003000+00:00,0.0013033,0.0
2021-01-06 16:00:00+00:00,1609948800000,2021-01-06T16:00:00+00:00,0.00215912,0.0
2021-01-07 00:00:00.007000+00:00,1609977600007,2021-01-07T00:00:00.007000+00:00,0.00088681,0.0
2021-01-07 08:00:00+00:00,1610006400000,2021-01-07T08:00:00+00:00,0.00153222,0.0
2021-01-07 16:00:00.004000+00:00,1610035200004,2021-01-07T16:00:00.004000+00:00,0.00164173,0.0
2021-01-08 00:00:00+00:00,1610064000000,2021-01-08T00:00:00+00:00,0.00159229,0.0
2021-01-08 08:00:00+00:00,1610092800000,2021-01-08T08:00:00+00:00,0.00062764,0.0
2021-01-08 16:00:00+00:00,1610121600000,2021-01-08T16:00:00+00:00,0.00144367,0.0
2021-01-09 00:00:00.009000+00:00,1610150400009,2021-01-09T00:00:00.009000+00:00,0.00071493,0.0
2021-01-09 08:00:00.004000+00:00,1610179200004,2021-01-09T08:00:00.004000+00:00,0.00109919,0.0
2021-01-09 16:00:00+00:00,1610208000000,2021-01-09T16:00:00+00:00,0.00140771,0.0
2021-01-10 00:00:00+00:00,1610236800000,2021-01-10T00:00:00+00:00,0.00231006,0.0
2021-01-10 08:00:00.005000+00:00,1610265600005,2021-01-10T08:00:00.005000+00:00,0.00221082,0.0
2021-01-10 16:00:00+00:00,1610294400000,2021-01-10T16:00:00+00:00,0.00097807,0.0
2021-01-11 00:00:00+00:00,1610323200000,2021-01-11T00:00:00+00:00,0.00086421,0.0
2021-01-11 08:00:00.012000+00:00,1610352000012,2021-01-11T08:00:00.012000+00:00,0.0001,0.0
2021-01-11 16:00:00+00:00,1610380800000,2021-01-11T16:00:00+00:00,0.0001937,0.0
2021-01-12 00:00:00+00:00,1610409600000,2021-01-12T00:00:00+00:00,0.0001,0.0
2021-01-12 08:00:00+00:00,1610438400000,2021-01-12T08:00:00+00:00,0.00047675,0.0
2021-01-12 16:00:00.008000+00:00,1610467200008,2021-01-12T16:00:00.008000+00:00,0.00023066,0.0
2021-01-13 00:00:00.001000+00:00,1610496000001,2021-01-13T00:00:00.001000+00:00,0.0001,0.0
2021-01-13 08:00:00+00:00,1610524800000,2021-01-13T08:00:00+00:00,0.000215,0.0
2021-01-13 16:00:00.003000+00:00,1610553600003,2021-01-13T16:00:00.003000+00:00,0.00037761,0.0
2021-01-14 00:00:00+00:00,1610582400000,2021-01-14T00:00:00+00:00,0.00033954,0.0
2021-01-14 08:00:00.012000+00:00,1610611200012,2021-01-14T08:00:00.012000+00:00,0.00041809,0.0
2021-01-14 16:00:00+00:00,1610640000000,2021-01-14T16:00:00+00:00,0.00086241,0.0
2021-01-15 00:00:00.002000+00:00,1610668800002,2021-01-15T00:00:00.002000+00:00,0.00045552,0.0
2021-01-15 08:00:00+00:00,1610697600000,2021-01-15T08:00:00+00:00,0.00073099,0.0
2021-01-15 16:00:00.004000+00:00,1610726400004,2021-01-15T16:00:00.004000+00:00,0.00053754,0.0
2021-01-16 00:00:00+00:00,1610755200000,2021-01-16T00:00:00+00:00,0.0001,0.0
2021-01-16 08:00:00.008000+00:00,1610784000008,2021-01-16T08:00:00.008000+00:00,0.00022197,0.0
2021-01-16 16:00:00+00:00,1610812800000,2021-01-16T16:00:00+00:00,0.00093247,0.0
2021-01-17 00:00:00.009000+00:00,1610841600009,2021-01-17T00:00:00.009000+00:00,0.00046875,0.0
2021-01-17 08:00:00+00:00,1610870400000,2021-01-17T08:00:00+00:00,0.0002722,0.0
2021-01-17 16:00:00.001000+00:00,1610899200001,2021-01-17T16:00:00.001000+00:00,0.0002966,0.0
2021-01-18 00:00:00+00:00,1610928000000,2021-01-18T00:00:00+00:00,0.00066897,0.0
2021-01-18 08:00:00.004000+00:00,1610956800004,2021-01-18T08:00:00.004000+00:00,0.00051355,0.0
2021-01-18 16:00:00+00:00,1610985600000,2021-01-18T16:00:00+00:00,0.00114871,0.0
2021-01-19 00:00:00+00:00,1611014400000,2021-01-19T00:00:00+00:00,0.00099437,0.0
2021-01-19 08:00:00.005000+00:00,1611043200005,2021-01-19T08:00:00.005000+00:00,0.00147864,0.0
2021-01-19 16:00:00.012000+00:00,1611072000012,2021-01-19T16:00:00.012000+00:00,0.00158999,0.0
2021-01-20 00:00:00.012000+00:00,1611100800012,2021-01-20T00:00:00.012000+00:00,0.000866,0.0
2021-01-20 08:00:00.001000+00:00,1611129600001,2021-01-20T08:00:00.001000+00:00,0.00042659,0.0
2021-01-20 16:00:00.001000+00:00,1611158400001,2021-01-20T16:00:00.001000+00:00,0.00044091,0.0
2021-01-21 00:00:00+00:00,1611187200000,2021-01-21T00:00:00+00:00,0.00032927,0.0
2021-01-21 08:00:00+00:00,1611216000000,2021-01-21T08:00:00+00:00,0.00058177,0.0
2021-01-21 16:00:00.004000+00:00,1611244800004,2021-01-21T16:00:00.004000+00:00,0.00011607,0.0
2021-01-22 00:00:00.012000+00:00,1611273600012,2021-01-22T00:00:00.012000+00:00,0.0001,0.0
2021-01-22 08:00:00.003000+00:00,1611302400003,2021-01-22T08:00:00.003000+00:00,0.0001,0.0
2021-01-22 16:00:00.001000+00:00,1611331200001,2021-01-22T16:00:00.001000+00:00,0.00020293,0.0
2021-01-23 00:00:00+00:00,1611360000000,2021-01-23T00:00:00+00:00,0.0001,0.0
2021-01-23 08:00:00.002000+00:00,1611388800002,2021-01-23T08:00:00.002000+00:00,0.0001,0.0
2021-01-23 16:00:00+00:00,1611417600000,2021-01-23T16:00:00+00:00,0.00049693,0.0
2021-01-24 00:00:00.001000+00:00,1611446400001,2021-01-24T00:00:00.001000+00:00,0.0003605,0.0
2021-01-24 08:00:00.011000+00:00,1611475200011,2021-01-24T08:00:00.011000+00:00,0.00026554,0.0
2021-01-24 16:00:00.005000+00:00,1611504000005,2021-01-24T16:00:00.005000+00:00,0.00051503,0.0
2021-01-25 00:00:00.007000+00:00,1611532800007,2021-01-25T00:00:00.007000+00:00,0.00020681,0.0
2021-01-25 08:00:00.012000+00:00,1611561600012,2021-01-25T08:00:00.012000+00:00,0.00069035,0.0
2021-01-25 16:00:00+00:00,1611590400000,2021-01-25T16:00:00+00:00,0.00073041,0.0
2021-01-26 00:00:00.007000+00:00,1611619200007,2021-01-26T00:00:00.007000+00:00,0.0003803,0.0
2021-01-26 08:00:00+00:00,1611648000000,2021-01-26T08:00:00+00:00,0.00023016,0.0
2021-01-26 16:00:00+00:00,1611676800000,2021-01-26T16:00:00+00:00,0.0001,0.0
2021-01-27 00:00:00+00:00,1611705600000,2021-01-27T00:00:00+00:00,0.0001,0.0
2021-01-27 08:00:00.011000+00:00,1611734400011,2021-01-27T08:00:00.011000+00:00,0.00014042,0.0
2021-01-27 16:00:00.003000+00:00,1611763200003,2021-01-27T16:00:00.003000+00:00,0.0001,0.0
2021-01-28 00:00:00+00:00,1611792000000,2021-01-28T00:00:00+00:00,0.0001,0.0
2021-01-28 08:00:00+00:00,1611820800000,2021-01-28T08:00:00+00:00,0.0001,0.0
2021-01-28 16:00:00+00:00,1611849600000,2021-01-28T16:00:00+00:00,0.00018491,0.0
2021-01-29 00:00:00.009000+00:00,1611878400009,2021-01-29T00:00:00.009000+00:00,0.0001,0.0
2021-01-29 08:00:00+00:00,1611907200000,2021-01-29T08:00:00+00:00,0.00047495,0.0
2021-01-29 16:00:00+00:00,1611936000000,2021-01-29T16:00:00+00:00,0.00128866,0.0
2021-01-30 00:00:00+00:00,1611964800000,2021-01-30T00:00:00+00:00,0.00027184,0.0
2021-01-30 08:00:00+00:00,1611993600000,2021-01-30T08:00:00+00:00,0.00019264,0.0
2021-01-30 16:00:00+00:00,1612022400000,2021-01-30T16:00:00+00:00,0.0001503,0.0
2021-01-31 00:00:00.009000+00:00,1612051200009,2021-01-31T00:00:00.009000+00:00,0.00023511,0.0
2021-01-31 08:00:00+00:00,1612080000000,2021-01-31T08:00:00+00:00,0.00050116,0.0
2021-01-31 16:00:00+00:00,1612108800000,2021-01-31T16:00:00+00:00,0.00042287,0.0
2021-02-01 00:00:00.001000+00:00,1612137600001,2021-02-01T00:00:00.001000+00:00,0.00015568,0.0
2021-02-01 08:00:00.014000+00:00,1612166400014,2021-02-01T08:00:00.014000+00:00,0.00049154,0.0
2021-02-01 16:00:00+00:00,1612195200000,2021-02-01T16:00:00+00:00,0.00068381,0.0
2021-02-02 00:00:00+00:00,1612224000000,2021-02-02T00:00:00+00:00,0.00039644,0.0
2021-02-02 08:00:00.006000+00:00,1612252800006,2021-02-02T08:00:00.006000+00:00,0.00060308,0.0
2021-02-02 16:00:00+00:00,1612281600000,2021-02-02T16:00:00+00:00,0.0017367,0.0
2021-02-03 00:00:00.009000+00:00,1612310400009,2021-02-03T00:00:00.009000+00:00,0.00174116,0.0
2021-02-03 08:00:00.006000+00:00,1612339200006,2021-02-03T08:00:00.006000+00:00,0.00194027,0.0
2021-02-03 16:00:00.006000+00:00,1612368000006,2021-02-03T16:00:00.006000+00:00,0.00242419,0.0
2021-02-04 00:00:00.005000+00:00,1612396800005,2021-02-04T00:00:00.005000+00:00,0.00200839,0.0
2021-02-04 08:00:00+00:00,1612425600000,2021-02-04T08:00:00+00:00,0.00165361,0.0
2021-02-04 16:00:00.011000+00:00,1612454400011,2021-02-04T16:00:00.011000+00:00,0.00130949,0.0
2021-02-05 00:00:00.009000+00:00,1612483200009,2021-02-05T00:00:00.009000+00:00,0.00147478,0.0
2021-02-05 08:00:00.004000+00:00,1612512000004,2021-02-05T08:00:00.004000+00:00,0.00153243,0.0
2021-02-05 16:00:00+00:00,1612540800000,2021-02-05T16:00:00+00:00,0.0021535,0.0
2021-02-06 00:00:00.008000+00:00,1612569600008,2021-02-06T00:00:00.008000+00:00,0.00147859,0.0
2021-02-06 08:00:00.009000+00:00,1612598400009,2021-02-06T08:00:00.009000+00:00,0.00150822,0.0
2021-02-06 16:00:00+00:00,1612627200000,2021-02-06T16:00:00+00:00,0.0014857,0.0
2021-02-07 00:00:00+00:00,1612656000000,2021-02-07T00:00:00+00:00,0.00176913,0.0
2021-02-07 08:00:00.005000+00:00,1612684800005,2021-02-07T08:00:00.005000+00:00,0.00100383,0.0
2021-02-07 16:00:00.001000+00:00,1612713600001,2021-02-07T16:00:00.001000+00:00,0.00115135,0.0
2021-02-08 00:00:00+00:00,1612742400000,2021-02-08T00:00:00+00:00,0.00089844,0.0
2021-02-08 08:00:00.001000+00:00,1612771200001,2021-02-08T08:00:00.001000+00:00,0.00084823,0.0
2021-02-08 16:00:00+00:00,1612800000000,2021-02-08T16:00:00+00:00,0.0025342,0.0
2021-02-09 00:00:00.010000+00:00,1612828800010,2021-02-09T00:00:00.010000+00:00,0.00207569,0.0
2021-02-09 08:00:00.006000+00:00,1612857600006,2021-02-09T08:00:00.006000+00:00,0.00252287,0.0
2021-02-09 16:00:00.007000+00:00,1612886400007,2021-02-09T16:00:00.007000+00:00,0.00152728,0.0
2021-02-10 00:00:00.009000+00:00,1612915200009,2021-02-10T00:00:00.009000+00:00,0.00201754,0.0
2021-02-10 08:00:00.014000+00:00,1612944000014,2021-02-10T08:00:00.014000+00:00,0.00260575,0.0
2021-02-10 16:00:00.005000+00:00,1612972800005,2021-02-10T16:00:00.005000+00:00,0.00135302,0.0
2021-02-11 00:00:00+00:00,1613001600000,2021-02-11T00:00:00+00:00,0.00120385,0.0
2021-02-11 08:00:00+00:00,1613030400000,2021-02-11T08:00:00+00:00,0.00100753,0.0
2021-02-11 16:00:00+00:00,1613059200000,2021-02-11T16:00:00+00:00,0.00206256,0.0
2021-02-12 00:00:00+00:00,1613088000000,2021-02-12T00:00:00+00:00,0.00108832,0.0
2021-02-12 08:00:00+00:00,1613116800000,2021-02-12T08:00:00+00:00,0.00138126,0.0
2021-02-12 16:00:00+00:00,1613145600000,2021-02-12T16:00:00+00:00,0.00261485,0.0
2021-02-13 00:00:00.001000+00:00,1613174400001,2021-02-13T00:00:00.001000+00:00,0.00315958,0.0
2021-02-13 08:00:00.003000+00:00,1613203200003,2021-02-13T08:00:00.003000+00:00,0.00273697,0.0
2021-02-13 16:00:00+00:00,1613232000000,2021-02-13T16:00:00+00:00,0.00120895,0.0
2021-02-14 00:00:00.013000+00:00,1613260800013,2021-02-14T00:00:00.013000+00:00,0.0015995,0.0
2021-02-14 08:00:00+00:00,1613289600000,2021-02-14T08:00:00+00:00,0.00207456,0.0
2021-02-14 16:00:00.008000+00:00,1613318400008,2021-02-14T16:00:00.008000+00:00,0.00185736,0.0
2021-02-15 00:00:00+00:00,1613347200000,2021-02-15T00:00:00+00:00,0.00101492,0.0
2021-02-15 08:00:00.006000+00:00,1613376000006,2021-02-15T08:00:00.006000+00:00,0.0001872,0.0
2021-02-15 16:00:00+00:00,1613404800000,2021-02-15T16:00:00+00:00,0.00067762,0.0
2021-02-16 00:00:00.001000+00:00,1613433600001,2021-02-16T00:00:00.001000+00:00,0.00089249,0.0
2021-02-16 08:00:00+00:00,1613462400000,2021-02-16T08:00:00+00:00,0.00119503,0.0
2021-02-16 16:00:00.010000+00:00,1613491200010,2021-02-16T16:00:00.010000+00:00,0.00110329,0.0
2021-02-17 00:00:00.005000+00:00,1613520000005,2021-02-17T00:00:00.005000+00:00,0.00059185,0.0
2021-02-17 08:00:00.010000+00:00,1613548800010,2021-02-17T08:00:00.010000+00:00,0.00066878,0.0
2021-02-17 16:00:00.008000+00:00,1613577600008,2021-02-17T16:00:00.008000+00:00,0.00200817,0.0
2021-02-18 00:00:00.012000+00:00,1613606400012,2021-02-18T00:00:00.012000+00:00,0.0019024,0.0
2021-02-18 08:00:00+00:00,1613635200000,2021-02-18T08:00:00+00:00,0.00225619,0.0
2021-02-18 16:00:00.009000+00:00,1613664000009,2021-02-18T16:00:00.009000+00:00,0.00200941,0.0
2021-02-19 00:00:00.010000+00:00,1613692800010,2021-02-19T00:00:00.010000+00:00,0.00164551,0.0
2021-02-19 08:00:00.002000+00:00,1613721600002,2021-02-19T08:00:00.002000+00:00,0.00163006,0.0
2021-02-19 16:00:00.008000+00:00,1613750400008,2021-02-19T16:00:00.008000+00:00,0.00266546,0.0
2021-02-20 00:00:00+00:00,1613779200000,2021-02-20T00:00:00+00:00,0.00197886,0.0
2021-02-20 08:00:00.009000+00:00,1613808000009,2021-02-20T08:00:00.009000+00:00,0.0021457,0.0
2021-02-20 16:00:00+00:00,1613836800000,2021-02-20T16:00:00+00:00,0.00209545,0.0
2021-02-21 00:00:00.007000+00:00,1613865600007,2021-02-21T00:00:00.007000+00:00,0.00046022,0.0
2021-02-21 08:00:00.012000+00:00,1613894400012,2021-02-21T08:00:00.012000+00:00,0.00099408,0.0
2021-02-21 16:00:00.001000+00:00,1613923200001,2021-02-21T16:00:00.001000+00:00,0.00131861,0.0
2021-02-22 00:00:00.006000+00:00,1613952000006,2021-02-22T00:00:00.006000+00:00,0.00091718,0.0
2021-02-22 08:00:00.002000+00:00,1613980800002,2021-02-22T08:00:00.002000+00:00,0.00078038,0.0
2021-02-22 16:00:00+00:00,1614009600000,2021-02-22T16:00:00+00:00,0.0002362,0.0
2021-02-23 00:00:00+00:00,1614038400000,2021-02-23T00:00:00+00:00,0.0001,0.0
2021-02-23 08:00:00.006000+00:00,1614067200006,2021-02-23T08:00:00.006000+00:00,0.0001,0.0
2021-02-23 16:00:00+00:00,1614096000000,2021-02-23T16:00:00+00:00,0.0001,0.0
2021-02-24 00:00:00.012000+00:00,1614124800012,2021-02-24T00:00:00.012000+00:00,0.0001,0.0
2021-02-24 08:00:00.016000+00:00,1614153600016,2021-02-24T08:00:00.016000+00:00,0.0001,0.0
2021-02-24 16:00:00.011000+00:00,1614182400011,2021-02-24T16:00:00.011000+00:00,0.00022105,0.0
2021-02-25 00:00:00.007000+00:00,1614211200007,2021-02-25T00:00:00.007000+00:00,0.0001,0.0
2021-02-25 08:00:00+00:00,1614240000000,2021-02-25T08:00:00+00:00,0.0001,0.0
2021-02-25 16:00:00.010000+00:00,1614268800010,2021-02-25T16:00:00.010000+00:00,0.00060192,0.0
2021-02-26 00:00:00+00:00,1614297600000,2021-02-26T00:00:00+00:00,0.00033087,0.0
2021-02-26 08:00:00.025000+00:00,1614326400025,2021-02-26T08:00:00.025000+00:00,0.0001,0.0
2021-02-26 16:00:00.010000+00:00,1614355200010,2021-02-26T16:00:00.010000+00:00,0.0001,0.0
2021-02-27 00:00:00.001000+00:00,1614384000001,2021-02-27T00:00:00.001000+00:00,0.0001,0.0
2021-02-27 08:00:00+00:00,1614412800000,2021-02-27T08:00:00+00:00,0.00020654,0.0
2021-02-27 16:00:00+00:00,1614441600000,2021-02-27T16:00:00+00:00,0.0001,0.0
2021-02-28 00:00:00.021000+00:00,1614470400021,2021-02-28T00:00:00.021000+00:00,0.0001,0.0
2021-02-28 08:00:00.009000+00:00,1614499200009,2021-02-28T08:00:00.009000+00:00,0.0001,0.0
2021-02-28 16:00:00+00:00,1614528000000,2021-02-28T16:00:00+00:00,0.00010125,0.0
2021-03-01 00:00:00+00:00,1614556800000,2021-03-01T00:00:00+00:00,0.00025052,0.0
2021-03-01 08:00:00.003000+00:00,1614585600003,2021-03-01T08:00:00.003000+00:00,0.00021524,0.0
2021-03-01 16:00:00.001000+00:00,1614614400001,2021-03-01T16:00:00.001000+00:00,0.0001,0.0
2021-03-02 00:00:00+00:00,1614643200000,2021-03-02T00:00:00+00:00,0.0001,0.0
2021-03-02 08:00:00+00:00,1614672000000,2021-03-02T08:00:00+00:00,0.0001,0.0
2021-03-02 16:00:00.004000+00:00,1614700800004,2021-03-02T16:00:00.004000+00:00,0.00036008,0.0
2021-03-03 00:00:00+00:00,1614729600000,2021-03-03T00:00:00+00:00,0.00017249,0.0
2021-03-03 08:00:00.016000+00:00,1614758400016,2021-03-03T08:00:00.016000+00:00,0.0001,0.0
2021-03-03 16:00:00+00:00,1614787200000,2021-03-03T16:00:00+00:00,0.00041146,0.0
2021-03-04 00:00:00+00:00,1614816000000,2021-03-04T00:00:00+00:00,0.0002364,0.0
2021-03-04 08:00:00.015000+00:00,1614844800015,2021-03-04T08:00:00.015000+00:00,0.0001,0.0
2021-03-04 16:00:00.001000+00:00,1614873600001,2021-03-04T16:00:00.001000+00:00,0.00015913,0.0
2021-03-05 00:00:00+00:00,1614902400000,2021-03-05T00:00:00+00:00,0.0001,0.0
2021-03-05 08:00:00.002000+00:00,1614931200002,2021-03-05T08:00:00.002000+00:00,0.0001,0.0
2021-03-05 16:00:00.008000+00:00,1614960000008,2021-03-05T16:00:00.008000+00:00,0.0001,0.0
2021-03-06 00:00:00+00:00,1614988800000,2021-03-06T00:00:00+00:00,0.0001,0.0
2021-03-06 08:00:00+00:00,1615017600000,2021-03-06T08:00:00+00:00,0.0001,0.0
2021-03-06 16:00:00+00:00,1615046400000,2021-03-06T16:00:00+00:00,0.00033826,0.0
2021-03-07 00:00:00.006000+00:00,1615075200006,2021-03-07T00:00:00.006000+00:00,0.0001857,0.0
2021-03-07 08:00:00.005000+00:00,1615104000005,2021-03-07T08:00:00.005000+00:00,0.00039066,0.0
2021-03-07 16:00:00.008000+00:00,1615132800008,2021-03-07T16:00:00.008000+00:00,0.00069564,0.0
2021-03-08 00:00:00+00:00,1615161600000,2021-03-08T00:00:00+00:00,0.00028872,0.0
2021-03-08 08:00:00+00:00,1615190400000,2021-03-08T08:00:00+00:00,0.00051949,0.0
2021-03-08 16:00:00.006000+00:00,1615219200006,2021-03-08T16:00:00.006000+00:00,0.00025158,0.0
2021-03-09 00:00:00+00:00,1615248000000,2021-03-09T00:00:00+00:00,0.00058148,0.0
2021-03-09 08:00:00+00:00,1615276800000,2021-03-09T08:00:00+00:00,0.00096404,0.0
2021-03-09 16:00:00+00:00,1615305600000,2021-03-09T16:00:00+00:00,0.00124389,0.0
2021-03-10 00:00:00.009000+00:00,1615334400009,2021-03-10T00:00:00.009000+00:00,0.00074196,0.0
2021-03-10 08:00:00.006000+00:00,1615363200006,2021-03-10T08:00:00.006000+00:00,0.00042892,0.0
2021-03-10 16:00:00.008000+00:00,1615392000008,2021-03-10T16:00:00.008000+00:00,0.00058175,0.0
2021-03-11 00:00:00+00:00,1615420800000,2021-03-11T00:00:00+00:00,0.00074691,0.0
2021-03-11 08:00:00+00:00,1615449600000,2021-03-11T08:00:00+00:00,0.00067705,0.0
2021-03-11 16:00:00.014000+00:00,1615478400014,2021-03-11T16:00:00.014000+00:00,0.00069539,0.0
2021-03-12 00:00:00.002000+00:00,1615507200002,2021-03-12T00:00:00.002000+00:00,0.00082423,0.0
2021-03-12 08:00:00.005000+00:00,1615536000005,2021-03-12T08:00:00.005000+00:00,0.00066777,0.0
2021-03-12 16:00:00.011000+00:00,1615564800011,2021-03-12T16:00:00.011000+00:00,0.00024594,0.0
2021-03-13 00:00:00+00:00,1615593600000,2021-03-13T00:00:00+00:00,0.00034565,0.0
2021-03-13 08:00:00.002000+00:00,1615622400002,2021-03-13T08:00:00.002000+00:00,0.00032061,0.0
2021-03-13 16:00:00+00:00,1615651200000,2021-03-13T16:00:00+00:00,0.00084514,0.0
2021-03-14 00:00:00.011000+00:00,1615680000011,2021-03-14T00:00:00.011000+00:00,0.00034707,0.0
2021-03-14 08:00:00+00:00,1615708800000,2021-03-14T08:00:00+00:00,0.00067456,0.0
2021-03-14 16:00:00+00:00,1615737600000,2021-03-14T16:00:00+00:00,0.00077243,0.0
2021-03-15 00:00:00.012000+00:00,1615766400012,2021-03-15T00:00:00.012000+00:00,0.00071781,0.0
2021-03-15 08:00:00.016000+00:00,1615795200016,2021-03-15T08:00:00.016000+00:00,0.00076067,0.0
2021-03-15 16:00:00.030000+00:00,1615824000030,2021-03-15T16:00:00.030000+00:00,0.00014926,0.0
2021-03-16 00:00:00.005000+00:00,1615852800005,2021-03-16T00:00:00.005000+00:00,0.00018171,0.0
2021-03-16 08:00:00.008000+00:00,1615881600008,2021-03-16T08:00:00.008000+00:00,0.0001,0.0
2021-03-16 16:00:00.012000+00:00,1615910400012,2021-03-16T16:00:00.012000+00:00,0.00014578,0.0
2021-03-17 00:00:00.010000+00:00,1615939200010,2021-03-17T00:00:00.010000+00:00,0.00029007,0.0
2021-03-17 08:00:00+00:00,1615968000000,2021-03-17T08:00:00+00:00,0.00042782,0.0
2021-03-17 16:00:00.009000+00:00,1615996800009,2021-03-17T16:00:00.009000+00:00,0.00029956,0.0
2021-03-18 00:00:00.001000+00:00,1616025600001,2021-03-18T00:00:00.001000+00:00,0.00034963,0.0
2021-03-18 08:00:00+00:00,1616054400000,2021-03-18T08:00:00+00:00,0.00061116,0.0
2021-03-18 16:00:00+00:00,1616083200000,2021-03-18T16:00:00+00:00,0.0009493,0.0
2021-03-19 00:00:00.011000+00:00,1616112000011,2021-03-19T00:00:00.011000+00:00,0.00034055,0.0
2021-03-19 08:00:00.001000+00:00,1616140800001,2021-03-19T08:00:00.001000+00:00,0.00028471,0.0
2021-03-19 16:00:00+00:00,1616169600000,2021-03-19T16:00:00+00:00,0.00061167,0.0
2021-03-20 00:00:00+00:00,1616198400000,2021-03-20T00:00:00+00:00,0.00064977,0.0
2021-03-20 08:00:00+00:00,1616227200000,2021-03-20T08:00:00+00:00,0.00079839,0.0
2021-03-20 16:00:00.007000+00:00,1616256000007,2021-03-20T16:00:00.007000+00:00,0.00126344,0.0
2021-03-21 00:00:00+00:00,1616284800000,2021-03-21T00:00:00+00:00,0.00074544,0.0
2021-03-21 08:00:00+00:00,1616313600000,2021-03-21T08:00:00+00:00,0.00057381,0.0
2021-03-21 16:00:00+00:00,1616342400000,2021-03-21T16:00:00+00:00,0.00046956,0.0
2021-03-22 00:00:00.007000+00:00,1616371200007,2021-03-22T00:00:00.007000+00:00,0.00058748,0.0
2021-03-22 08:00:00.001000+00:00,1616400000001,2021-03-22T08:00:00.001000+00:00,0.00071256,0.0
2021-03-22 16:00:00+00:00,1616428800000,2021-03-22T16:00:00+00:00,0.00058339,0.0
2021-03-23 00:00:00+00:00,1616457600000,2021-03-23T00:00:00+00:00,0.00024012,0.0
2021-03-23 08:00:00.010000+00:00,1616486400010,2021-03-23T08:00:00.010000+00:00,0.00020663,0.0
2021-03-23 16:00:00.023000+00:00,1616515200023,2021-03-23T16:00:00.023000+00:00,0.00022303,0.0
2021-03-24 00:00:00.002000+00:00,1616544000002,2021-03-24T00:00:00.002000+00:00,0.00031015,0.0
2021-03-24 08:00:00+00:00,1616572800000,2021-03-24T08:00:00+00:00,0.00031073,0.0
2021-03-24 16:00:00+00:00,1616601600000,2021-03-24T16:00:00+00:00,0.00056492,0.0
2021-03-25 00:00:00+00:00,1616630400000,2021-03-25T00:00:00+00:00,0.00018394,0.0
2021-03-25 08:00:00+00:00,1616659200000,2021-03-25T08:00:00+00:00,0.0001,0.0
2021-03-25 16:00:00+00:00,1616688000000,2021-03-25T16:00:00+00:00,0.0001,0.0
2021-03-26 00:00:00.008000+00:00,1616716800008,2021-03-26T00:00:00.008000+00:00,0.00012492,0.0
2021-03-26 08:00:00+00:00,1616745600000,2021-03-26T08:00:00+00:00,0.00036865,0.0
2021-03-26 16:00:00.012000+00:00,1616774400012,2021-03-26T16:00:00.012000+00:00,0.00023449,0.0
2021-03-27 00:00:00.018000+00:00,1616803200018,2021-03-27T00:00:00.018000+00:00,0.00028323,0.0
2021-03-27 08:00:00+00:00,1616832000000,2021-03-27T08:00:00+00:00,0.00029321,0.0
2021-03-27 16:00:00.001000+00:00,1616860800001,2021-03-27T16:00:00.001000+00:00,0.00023072,0.0
2021-03-28 00:00:00+00:00,1616889600000,2021-03-28T00:00:00+00:00,0.00038983,0.0
2021-03-28 08:00:00+00:00,1616918400000,2021-03-28T08:00:00+00:00,0.00050387,0.0
2021-03-28 16:00:00.005000+00:00,1616947200005,2021-03-28T16:00:00.005000+00:00,0.00047236,0.0
2021-03-29 00:00:00.003000+00:00,1616976000003,2021-03-29T00:00:00.003000+00:00,0.00012585,0.0
2021-03-29 08:00:00+00:00,1617004800000,2021-03-29T08:00:00+00:00,0.00014077,0.0
2021-03-29 16:00:00+00:00,1617033600000,2021-03-29T16:00:00+00:00,0.00048571,0.0
2021-03-30 00:00:00.018000+00:00,1617062400018,2021-03-30T00:00:00.018000+00:00,0.0003969,0.0
2021-03-30 08:00:00.012000+00:00,1617091200012,2021-03-30T08:00:00.012000+00:00,0.00099785,0.0
2021-03-30 16:00:00.001000+00:00,1617120000001,2021-03-30T16:00:00.001000+00:00,0.0011808,0.0
2021-03-31 00:00:00+00:00,1617148800000,2021-03-31T00:00:00+00:00,0.00085414,0.0
2021-03-31 08:00:00+00:00,1617177600000,2021-03-31T08:00:00+00:00,0.00099045,0.0
2021-03-31 16:00:00+00:00,1617206400000,2021-03-31T16:00:00+00:00,0.00072264,0.0
2021-04-01 00:00:00.025000+00:00,1617235200025,2021-04-01T00:00:00.025000+00:00,0.00113054,0.0
2021-04-01 08:00:00.011000+00:00,1617264000011,2021-04-01T08:00:00.011000+00:00,0.00141054,0.0
2021-04-01 16:00:00.004000+00:00,1617292800004,2021-04-01T16:00:00.004000+00:00,0.0013712,0.0
2021-04-02 00:00:00+00:00,1617321600000,2021-04-02T00:00:00+00:00,0.00106211,0.0
2021-04-02 08:00:00+00:00,1617350400000,2021-04-02T08:00:00+00:00,0.00183714,0.0
2021-04-02 16:00:00+00:00,1617379200000,2021-04-02T16:00:00+00:00,0.00144901,0.0
2021-04-03 00:00:00.003000+00:00,1617408000003,2021-04-03T00:00:00.003000+00:00,0.00145744,0.0
2021-04-03 08:00:00+00:00,1617436800000,2021-04-03T08:00:00+00:00,0.00180357,0.0
2021-04-03 16:00:00+00:00,1617465600000,2021-04-03T16:00:00+00:00,0.00216302,0.0
2021-04-04 00:00:00+00:00,1617494400000,2021-04-04T00:00:00+00:00,0.00076585,0.0
2021-04-04 08:00:00+00:00,1617523200000,2021-04-04T08:00:00+00:00,0.00099183,0.0
2021-04-04 16:00:00.016000+00:00,1617552000016,2021-04-04T16:00:00.016000+00:00,0.00068942,0.0
2021-04-05 00:00:00+00:00,1617580800000,2021-04-05T00:00:00+00:00,0.00107903,0.0
2021-04-05 08:00:00.001000+00:00,1617609600001,2021-04-05T08:00:00.001000+00:00,0.00133861,0.0
2021-04-05 16:00:00.001000+00:00,1617638400001,2021-04-05T16:00:00.001000+00:00,0.00182999,0.0
2021-04-06 00:00:00.010000+00:00,1617667200010,2021-04-06T00:00:00.010000+00:00,0.00222428,0.0
2021-04-06 08:00:00+00:00,1617696000000,2021-04-06T08:00:00+00:00,0.00191904,0.0
2021-04-06 16:00:00.003000+00:00,1617724800003,2021-04-06T16:00:00.003000+00:00,0.00144487,0.0
2021-04-07 00:00:00+00:00,1617753600000,2021-04-07T00:00:00+00:00,0.00142999,0.0
2021-04-07 08:00:00.006000+00:00,1617782400006,2021-04-07T08:00:00.006000+00:00,0.00089732,0.0
2021-04-07 16:00:00.004000+00:00,1617811200004,2021-04-07T16:00:00.004000+00:00,0.00056964,0.0
2021-04-08 00:00:00.013000+00:00,1617840000013,2021-04-08T00:00:00.013000+00:00,0.00064948,0.0
2021-04-08 08:00:00.003000+00:00,1617868800003,2021-04-08T08:00:00.003000+00:00,0.00098774,0.0
2021-04-08 16:00:00.005000+00:00,1617897600005,2021-04-08T16:00:00.005000+00:00,0.00095022,0.0
2021-04-09 00:00:00+00:00,1617926400000,2021-04-09T00:00:00+00:00,0.00074293,0.0
2021-04-09 08:00:00.004000+00:00,1617955200004,2021-04-09T08:00:00.004000+00:00,0.00096809,0.0
2021-04-09 16:00:00.004000+00:00,1617984000004,2021-04-09T16:00:00.004000+00:00,0.00099972,0.0
2021-04-10 00:00:00.011000+00:00,1618012800011,2021-04-10T00:00:00.011000+00:00,0.00068031,0.0
2021-04-10 08:00:00.005000+00:00,1618041600005,2021-04-10T08:00:00.005000+00:00,0.00201953,0.0
2021-04-10 16:00:00+00:00,1618070400000,2021-04-10T16:00:00+00:00,0.00183849,0.0
2021-04-11 00:00:00.004000+00:00,1618099200004,2021-04-11T00:00:00.004000+00:00,0.00184635,0.0
2021-04-11 08:00:00+00:00,1618128000000,2021-04-11T08:00:00+00:00,0.0019349,0.0
2021-04-11 16:00:00+00:00,1618156800000,2021-04-11T16:00:00+00:00,0.00161509,0.0
2021-04-12 00:00:00.001000+00:00,1618185600001,2021-04-12T00:00:00.001000+00:00,0.00152078,0.0
2021-04-12 08:00:00.001000+00:00,1618214400001,2021-04-12T08:00:00.001000+00:00,0.00182778,0.0
2021-04-12 16:00:00.008000+00:00,1618243200008,2021-04-12T16:00:00.008000+00:00,0.00113575,0.0
2021-04-13 00:00:00.003000+00:00,1618272000003,2021-04-13T00:00:00.003000+00:00,0.00138341,0.0
2021-04-13 08:00:00.008000+00:00,1618300800008,2021-04-13T08:00:00.008000+00:00,0.0022695,0.0
2021-04-13 16:00:00.008000+00:00,1618329600008,2021-04-13T16:00:00.008000+00:00,0.002644,0.0
2021-04-14 00:00:00.008000+00:00,1618358400008,2021-04-14T00:00:00.008000+00:00,0.00218744,0.0
2021-04-14 08:00:00+00:00,1618387200000,2021-04-14T08:00:00+00:00,0.00310068,0.0
2021-04-14 16:00:00.012000+00:00,1618416000012,2021-04-14T16:00:00.012000+00:00,0.0011641,0.0
2021-04-15 00:00:00.006000+00:00,1618444800006,2021-04-15T00:00:00.006000+00:00,0.00136666,0.0
2021-04-15 08:00:00+00:00,1618473600000,2021-04-15T08:00:00+00:00,0.00191155,0.0
2021-04-15 16:00:00.008000+00:00,1618502400008,2021-04-15T16:00:00.008000+00:00,0.00155758,0.0
2021-04-16 00:00:00.008000+00:00,1618531200008,2021-04-16T00:00:00.008000+00:00,0.0022966,0.0
2021-04-16 08:00:00+00:00,1618560000000,2021-04-16T08:00:00+00:00,0.0017896,0.0
2021-04-16 16:00:00.002000+00:00,1618588800002,2021-04-16T16:00:00.002000+00:00,0.00110532,0.0
2021-04-17 00:00:00.008000+00:00,1618617600008,2021-04-17T00:00:00.008000+00:00,0.00169921,0.0
2021-04-17 08:00:00+00:00,1618646400000,2021-04-17T08:00:00+00:00,0.00126384,0.0
2021-04-17 16:00:00.001000+00:00,1618675200001,2021-04-17T16:00:00.001000+00:00,0.00098917,0.0
2021-04-18 00:00:00.006000+00:00,1618704000006,2021-04-18T00:00:00.006000+00:00,0.00122838,0.0
2021-04-18 08:00:00.004000+00:00,1618732800004,2021-04-18T08:00:00.004000+00:00,0.0001,0.0
2021-04-18 16:00:00+00:00,1618761600000,2021-04-18T16:00:00+00:00,0.0002035,0.0
2021-04-19 00:00:00+00:00,1618790400000,2021-04-19T00:00:00+00:00,0.00011488,0.0
2021-04-19 08:00:00+00:00,1618819200000,2021-04-19T08:00:00+00:00,0.00028168,0.0
2021-04-19 16:00:00.009000+00:00,1618848000009,2021-04-19T16:00:00.009000+00:00,0.0003376,0.0
2021-04-20 00:00:00.004000+00:00,1618876800004,2021-04-20T00:00:00.004000+00:00,0.00039003,0.0
2021-04-20 08:00:00+00:00,1618905600000,2021-04-20T08:00:00+00:00,0.0001,0.0
2021-04-20 16:00:00.001000+00:00,1618934400001,2021-04-20T16:00:00.001000+00:00,0.00010412,0.0
2021-04-21 00:00:00.013000+00:00,1618963200013,2021-04-21T00:00:00.013000+00:00,0.00039216,0.0
2021-04-21 08:00:00.001000+00:00,1618992000001,2021-04-21T08:00:00.001000+00:00,0.0001,0.0
2021-04-21 16:00:00.002000+00:00,1619020800002,2021-04-21T16:00:00.002000+00:00,0.00032151,0.0
2021-04-22 00:00:00+00:00,1619049600000,2021-04-22T00:00:00+00:00,0.00045175,0.0
2021-04-22 08:00:00+00:00,1619078400000,2021-04-22T08:00:00+00:00,0.00021731,0.0
2021-04-22 16:00:00.001000+00:00,1619107200001,2021-04-22T16:00:00.001000+00:00,0.00022975,0.0
2021-04-23 00:00:00.002000+00:00,1619136000002,2021-04-23T00:00:00.002000+00:00,0.0001,0.0
2021-04-23 08:00:00.009000+00:00,1619164800009,2021-04-23T08:00:00.009000+00:00,0.0001,0.0
2021-04-23 16:00:00.001000+00:00,1619193600001,2021-04-23T16:00:00.001000+00:00,0.0001,0.0
2021-04-24 00:00:00.019000+00:00,1619222400019,2021-04-24T00:00:00.019000+00:00,0.0001,0.0
2021-04-24 08:00:00.001000+00:00,1619251200001,2021-04-24T08:00:00.001000+00:00,0.0001,0.0
2021-04-24 16:00:00.011000+00:00,1619280000011,2021-04-24T16:00:00.011000+00:00,0.0001,0.0
2021-04-25 00:00:00+00:00,1619308800000,2021-04-25T00:00:00+00:00,0.0001515,0.0
2021-04-25 08:00:00.010000+00:00,1619337600010,2021-04-25T08:00:00.010000+00:00,0.00011627,0.0
2021-04-25 16:00:00+00:00,1619366400000,2021-04-25T16:00:00+00:00,0.0001,0.0
2021-04-26 00:00:00.003000+00:00,1619395200003,2021-04-26T00:00:00.003000+00:00,0.0001,0.0
2021-04-26 08:00:00.002000+00:00,1619424000002,2021-04-26T08:00:00.002000+00:00,0.0001,0.0
2021-04-26 16:00:00.004000+00:00,1619452800004,2021-04-26T16:00:00.004000+00:00,0.00025811,0.0
2021-04-27 00:00:00+00:00,1619481600000,2021-04-27T00:00:00+00:00,0.0001,0.0
2021-04-27 08:00:00+00:00,1619510400000,2021-04-27T08:00:00+00:00,0.0001,0.0
2021-04-27 16:00:00.009000+00:00,1619539200009,2021-04-27T16:00:00.009000+00:00,0.00042408,0.0
2021-04-28 00:00:00+00:00,1619568000000,2021-04-28T00:00:00+00:00,0.00013153,0.0
2021-04-28 08:00:00+00:00,1619596800000,2021-04-28T08:00:00+00:00,0.00028894,0.0
2021-04-28 16:00:00.001000+00:00,1619625600001,2021-04-28T16:00:00.001000+00:00,0.00037735,0.0
2021-04-29 00:00:00.004000+00:00,1619654400004,2021-04-29T00:00:00.004000+00:00,0.00014961,0.0
2021-04-29 08:00:00.013000+00:00,1619683200013,2021-04-29T08:00:00.013000+00:00,0.00017839,0.0
2021-04-29 16:00:00.003000+00:00,1619712000003,2021-04-29T16:00:00.003000+00:00,0.00034726,0.0
2021-04-30 00:00:00.004000+00:00,1619740800004,2021-04-30T00:00:00.004000+00:00,0.00017274,0.0
2021-04-30 08:00:00.019000+00:00,1619769600019,2021-04-30T08:00:00.019000+00:00,0.00042798,0.0
2021-04-30 16:00:00.003000+00:00,1619798400003,2021-04-30T16:00:00.003000+00:00,0.0005285,0.0
2021-05-01 00:00:00.002000+00:00,1619827200002,2021-05-01T00:00:00.002000+00:00,0.00040045,0.0
2021-05-01 08:00:00.006000+00:00,1619856000006,2021-05-01T08:00:00.006000+00:00,0.00059196,0.0
2021-05-01 16:00:00+00:00,1619884800000,2021-05-01T16:00:00+00:00,0.00056818,0.0
2021-05-02 00:00:00.010000+00:00,1619913600010,2021-05-02T00:00:00.010000+00:00,0.00059488,0.0
2021-05-02 08:00:00.011000+00:00,1619942400011,2021-05-02T08:00:00.011000+00:00,0.0005652,0.0
2021-05-02 16:00:00.007000+00:00,1619971200007,2021-05-02T16:00:00.007000+00:00,0.00071338,0.0
2021-05-03 00:00:00.003000+00:00,1620000000003,2021-05-03T00:00:00.003000+00:00,0.00049534,0.0
2021-05-03 08:00:00+00:00,1620028800000,2021-05-03T08:00:00+00:00,0.00080531,0.0
2021-05-03 16:00:00.043000+00:00,1620057600043,2021-05-03T16:00:00.043000+00:00,0.0007568,0.0
2021-05-04 00:00:00.004000+00:00,1620086400004,2021-05-04T00:00:00.004000+00:00,0.00086152,0.0
2021-05-04 08:00:00.003000+00:00,1620115200003,2021-05-04T08:00:00.003000+00:00,0.00038066,0.0
2021-05-04 16:00:00.011000+00:00,1620144000011,2021-05-04T16:00:00.011000+00:00,0.0009113,0.0
2021-05-05 00:00:00.001000+00:00,1620172800001,2021-05-05T00:00:00.001000+00:00,0.00017625,0.0
2021-05-05 08:00:00.007000+00:00,1620201600007,2021-05-05T08:00:00.007000+00:00,0.00102024,0.0
2021-05-05 16:00:00.001000+00:00,1620230400001,2021-05-05T16:00:00.001000+00:00,0.00084265,0.0
2021-05-06 00:00:00.003000+00:00,1620259200003,2021-05-06T00:00:00.003000+00:00,0.00126165,0.0
2021-05-06 08:00:00.001000+00:00,1620288000001,2021-05-06T08:00:00.001000+00:00,0.0015213,0.0
2021-05-06 16:00:00+00:00,1620316800000,2021-05-06T16:00:00+00:00,0.0014461,0.0
2021-05-07 00:00:00+00:00,1620345600000,2021-05-07T00:00:00+00:00,0.00022709,0.0
2021-05-07 08:00:00+00:00,1620374400000,2021-05-07T08:00:00+00:00,0.0006354,0.0
2021-05-07 16:00:00.001000+00:00,1620403200001,2021-05-07T16:00:00.001000+00:00,0.00095201,0.0
2021-05-08 00:00:00.006000+00:00,1620432000006,2021-05-08T00:00:00.006000+00:00,0.00083192,0.0
2021-05-08 08:00:00+00:00,1620460800000,2021-05-08T08:00:00+00:00,0.00133597,0.0
2021-05-08 16:00:00+00:00,1620489600000,2021-05-08T16:00:00+00:00,0.0011254,0.0
2021-05-09 00:00:00.005000+00:00,1620518400005,2021-05-09T00:00:00.005000+00:00,0.00109198,0.0
2021-05-09 08:00:00.016000+00:00,1620547200016,2021-05-09T08:00:00.016000+00:00,0.00069057,0.0
2021-05-09 16:00:00+00:00,1620576000000,2021-05-09T16:00:00+00:00,0.0002762,0.0
2021-05-10 00:00:00.004000+00:00,1620604800004,2021-05-10T00:00:00.004000+00:00,0.00076051,0.0
2021-05-10 08:00:00+00:00,1620633600000,2021-05-10T08:00:00+00:00,0.00091029,0.0
2021-05-10 16:00:00.013000+00:00,1620662400013,2021-05-10T16:00:00.013000+00:00,0.00079475,0.0
2021-05-11 00:00:00+00:00,1620691200000,2021-05-11T00:00:00+00:00,0.0001,0.0
2021-05-11 08:00:00+00:00,1620720000000,2021-05-11T08:00:00+00:00,0.00012179,0.0
2021-05-11 16:00:00.002000+00:00,1620748800002,2021-05-11T16:00:00.002000+00:00,0.00019723,0.0
2021-05-12 00:00:00.004000+00:00,1620777600004,2021-05-12T00:00:00.004000+00:00,0.00019651,0.0
2021-05-12 08:00:00.007000+00:00,1620806400007,2021-05-12T08:00:00.007000+00:00,0.00045045,0.0
2021-05-12 16:00:00.012000+00:00,1620835200012,2021-05-12T16:00:00.012000+00:00,0.00048088,0.0
2021-05-13 00:00:00.016000+00:00,1620864000016,2021-05-13T00:00:00.016000+00:00,0.0001,0.0
2021-05-13 08:00:00+00:00,1620892800000,2021-05-13T08:00:00+00:00,0.0001,0.0
2021-05-13 16:00:00.008000+00:00,1620921600008,2021-05-13T16:00:00.008000+00:00,0.0001,0.0
2021-05-14 00:00:00.007000+00:00,1620950400007,2021-05-14T00:00:00.007000+00:00,0.0001,0.0
2021-05-14 08:00:00.001000+00:00,1620979200001,2021-05-14T08:00:00.001000+00:00,0.0001,0.0
2021-05-14 16:00:00.004000+00:00,1621008000004,2021-05-14T16:00:00.004000+00:00,0.0001,0.0
2021-05-15 00:00:00.022000+00:00,1621036800022,2021-05-15T00:00:00.022000+00:00,0.00026013,0.0
2021-05-15 08:00:00.014000+00:00,1621065600014,2021-05-15T08:00:00.014000+00:00,0.00036037,0.0
2021-05-15 16:00:00.002000+00:00,1621094400002,2021-05-15T16:00:00.002000+00:00,0.0003139,0.0
2021-05-16 00:00:00+00:00,1621123200000,2021-05-16T00:00:00+00:00,0.00025603,0.0
2021-05-16 08:00:00.003000+00:00,1621152000003,2021-05-16T08:00:00.003000+00:00,0.00027465,0.0
2021-05-16 16:00:00.002000+00:00,1621180800002,2021-05-16T16:00:00.002000+00:00,0.00053089,0.0
2021-05-17 00:00:00.005000+00:00,1621209600005,2021-05-17T00:00:00.005000+00:00,0.00010448,0.0
2021-05-17 08:00:00.001000+00:00,1621238400001,2021-05-17T08:00:00.001000+00:00,0.0001832,0.0
2021-05-17 16:00:00+00:00,1621267200000,2021-05-17T16:00:00+00:00,0.00054631,0.0
2021-05-18 00:00:00.019000+00:00,1621296000019,2021-05-18T00:00:00.019000+00:00,0.00024357,0.0
2021-05-18 08:00:00.001000+00:00,1621324800001,2021-05-18T08:00:00.001000+00:00,0.0001,0.0
2021-05-18 16:00:00.006000+00:00,1621353600006,2021-05-18T16:00:00.006000+00:00,0.00053482,0.0
2021-05-19 00:00:00+00:00,1621382400000,2021-05-19T00:00:00+00:00,0.00018574,0.0
2021-05-19 08:00:00.003000+00:00,1621411200003,2021-05-19T08:00:00.003000+00:00,0.00028246,0.0
2021-05-19 16:00:00.018000+00:00,1621440000018,2021-05-19T16:00:00.018000+00:00,-0.004875,0.0
2021-05-20 00:00:00.005000+00:00,1621468800005,2021-05-20T00:00:00.005000+00:00,0.0001,0.0
2021-05-20 08:00:00+00:00,1621497600000,2021-05-20T08:00:00+00:00,0.0001,0.0
2021-05-20 16:00:00.005000+00:00,1621526400005,2021-05-20T16:00:00.005000+00:00,0.0001,0.0
2021-05-21 00:00:00+00:00,1621555200000,2021-05-21T00:00:00+00:00,0.0001,0.0
2021-05-21 08:00:00+00:00,1621584000000,2021-05-21T08:00:00+00:00,0.0001,0.0
2021-05-21 16:00:00.001000+00:00,1621612800001,2021-05-21T16:00:00.001000+00:00,0.0001,0.0
2021-05-22 00:00:00.001000+00:00,1621641600001,2021-05-22T00:00:00.001000+00:00,0.0001,0.0
2021-05-22 08:00:00.002000+00:00,1621670400002,2021-05-22T08:00:00.002000+00:00,0.0001,0.0
2021-05-22 16:00:00.005000+00:00,1621699200005,2021-05-22T16:00:00.005000+00:00,0.0001,0.0
2021-05-23 00:00:00.006000+00:00,1621728000006,2021-05-23T00:00:00.006000+00:00,0.0001,0.0
2021-05-23 08:00:00.004000+00:00,1621756800004,2021-05-23T08:00:00.004000+00:00,0.0001,0.0
2021-05-23 16:00:00.002000+00:00,1621785600002,2021-05-23T16:00:00.002000+00:00,7.176e-05,0.0
2021-05-24 00:00:00.007000+00:00,1621814400007,2021-05-24T00:00:00.007000+00:00,-7.4e-05,0.0
2021-05-24 08:00:00.005000+00:00,1621843200005,2021-05-24T08:00:00.005000+00:00,0.0001,0.0
2021-05-24 16:00:00.005000+00:00,1621872000005,2021-05-24T16:00:00.005000+00:00,0.0001,0.0
2021-05-25 00:00:00+00:00,1621900800000,2021-05-25T00:00:00+00:00,0.0001,0.0
2021-05-25 08:00:00.014000+00:00,1621929600014,2021-05-25T08:00:00.014000+00:00,0.0001,0.0
2021-05-25 16:00:00+00:00,1621958400000,2021-05-25T16:00:00+00:00,0.0001,0.0
2021-05-26 00:00:00.022000+00:00,1621987200022,2021-05-26T00:00:00.022000+00:00,0.0001,0.0
2021-05-26 08:00:00.018000+00:00,1622016000018,2021-05-26T08:00:00.018000+00:00,0.0001,0.0
2021-05-26 16:00:00.004000+00:00,1622044800004,2021-05-26T16:00:00.004000+00:00,0.0001,0.0
2021-05-27 00:00:00+00:00,1622073600000,2021-05-27T00:00:00+00:00,0.0001,0.0
2021-05-27 08:00:00.017000+00:00,1622102400017,2021-05-27T08:00:00.017000+00:00,0.0001,0.0
2021-05-27 16:00:00+00:00,1622131200000,2021-05-27T16:00:00+00:00,0.0001,0.0
2021-05-28 00:00:00.005000+00:00,1622160000005,2021-05-28T00:00:00.005000+00:00,0.0001,0.0
2021-05-28 08:00:00.009000+00:00,1622188800009,2021-05-28T08:00:00.009000+00:00,0.0001,0.0
2021-05-28 16:00:00+00:00,1622217600000,2021-05-28T16:00:00+00:00,0.0001,0.0
2021-05-29 00:00:00.006000+00:00,1622246400006,2021-05-29T00:00:00.006000+00:00,0.0001,0.0
2021-05-29 08:00:00+00:00,1622275200000,2021-05-29T08:00:00+00:00,0.0001,0.0
2021-05-29 16:00:00+00:00,1622304000000,2021-05-29T16:00:00+00:00,0.0001,0.0
2021-05-30 00:00:00.003000+00:00,1622332800003,2021-05-30T00:00:00.003000+00:00,0.0001,0.0
2021-05-30 08:00:00.004000+00:00,1622361600004,2021-05-30T08:00:00.004000+00:00,0.0001,0.0
2021-05-30 16:00:00.018000+00:00,1622390400018,2021-05-30T16:00:00.018000+00:00,0.0001,0.0
2021-05-31 00:00:00.002000+00:00,1622419200002,2021-05-31T00:00:00.002000+00:00,0.0001,0.0
2021-05-31 08:00:00+00:00,1622448000000,2021-05-31T08:00:00+00:00,0.0001,0.0
2021-05-31 16:00:00+00:00,1622476800000,2021-05-31T16:00:00+00:00,0.0001,0.0
2021-06-01 00:00:00.001000+00:00,1622505600001,2021-06-01T00:00:00.001000+00:00,0.0001,0.0
2021-06-01 08:00:00.010000+00:00,1622534400010,2021-06-01T08:00:00.010000+00:00,0.0001,0.0
2021-06-01 16:00:00.010000+00:00,1622563200010,2021-06-01T16:00:00.010000+00:00,0.0001,0.0
2021-06-02 00:00:00.008000+00:00,1622592000008,2021-06-02T00:00:00.008000+00:00,0.0001,0.0
2021-06-02 08:00:00+00:00,1622620800000,2021-06-02T08:00:00+00:00,0.0001,0.0
2021-06-02 16:00:00.007000+00:00,1622649600007,2021-06-02T16:00:00.007000+00:00,0.0001,0.0
2021-06-03 00:00:00.019000+00:00,1622678400019,2021-06-03T00:00:00.019000+00:00,0.0001,0.0
2021-06-03 08:00:00.002000+00:00,1622707200002,2021-06-03T08:00:00.002000+00:00,0.0001,0.0
2021-06-03 16:00:00.003000+00:00,1622736000003,2021-06-03T16:00:00.003000+00:00,0.0001,0.0
2021-06-04 00:00:00.003000+00:00,1622764800003,2021-06-04T00:00:00.003000+00:00,0.0001,0.0
2021-06-04 08:00:00.006000+00:00,1622793600006,2021-06-04T08:00:00.006000+00:00,0.0001,0.0
2021-06-04 16:00:00.002000+00:00,1622822400002,2021-06-04T16:00:00.002000+00:00,0.0001,0.0
2021-06-05 00:00:00+00:00,1622851200000,2021-06-05T00:00:00+00:00,0.0001,0.0
2021-06-05 08:00:00.004000+00:00,1622880000004,2021-06-05T08:00:00.004000+00:00,0.0001,0.0
2021-06-05 16:00:00.020000+00:00,1622908800020,2021-06-05T16:00:00.020000+00:00,0.0001,0.0
2021-06-06 00:00:00+00:00,1622937600000,2021-06-06T00:00:00+00:00,0.0001,0.0
2021-06-06 08:00:00.004000+00:00,1622966400004,2021-06-06T08:00:00.004000+00:00,0.0001,0.0
2021-06-06 16:00:00+00:00,1622995200000,2021-06-06T16:00:00+00:00,0.0001,0.0
2021-06-07 00:00:00.007000+00:00,1623024000007,2021-06-07T00:00:00.007000+00:00,0.0001,0.0
2021-06-07 08:00:00.007000+00:00,1623052800007,2021-06-07T08:00:00.007000+00:00,0.0001,0.0
2021-06-07 16:00:00.003000+00:00,1623081600003,2021-06-07T16:00:00.003000+00:00,0.0001,0.0
2021-06-08 00:00:00+00:00,1623110400000,2021-06-08T00:00:00+00:00,0.0001,0.0
2021-06-08 08:00:00+00:00,1623139200000,2021-06-08T08:00:00+00:00,0.0001,0.0
2021-06-08 16:00:00.002000+00:00,1623168000002,2021-06-08T16:00:00.002000+00:00,0.0001,0.0
2021-06-09 00:00:00.009000+00:00,1623196800009,2021-06-09T00:00:00.009000+00:00,2.009e-05,0.0
2021-06-09 08:00:00.002000+00:00,1623225600002,2021-06-09T08:00:00.002000+00:00,-1.696e-05,0.0
2021-06-09 16:00:00+00:00,1623254400000,2021-06-09T16:00:00+00:00,-0.00018919,0.0
2021-06-10 00:00:00.007000+00:00,1623283200007,2021-06-10T00:00:00.007000+00:00,-2.714e-05,0.0
2021-06-10 08:00:00.003000+00:00,1623312000003,2021-06-10T08:00:00.003000+00:00,0.0001,0.0
2021-06-10 16:00:00+00:00,1623340800000,2021-06-10T16:00:00+00:00,0.0001,0.0
2021-06-11 00:00:00.010000+00:00,1623369600010,2021-06-11T00:00:00.010000+00:00,8.717e-05,0.0
2021-06-11 08:00:00.007000+00:00,1623398400007,2021-06-11T08:00:00.007000+00:00,0.0001,0.0
2021-06-11 16:00:00.006000+00:00,1623427200006,2021-06-11T16:00:00.006000+00:00,0.0001,0.0
2021-06-12 00:00:00.005000+00:00,1623456000005,2021-06-12T00:00:00.005000+00:00,0.0001,0.0
2021-06-12 08:00:00+00:00,1623484800000,2021-06-12T08:00:00+00:00,0.0001,0.0
2021-06-12 16:00:00.018000+00:00,1623513600018,2021-06-12T16:00:00.018000+00:00,0.0001,0.0
2021-06-13 00:00:00.002000+00:00,1623542400002,2021-06-13T00:00:00.002000+00:00,0.0001,0.0
2021-06-13 08:00:00+00:00,1623571200000,2021-06-13T08:00:00+00:00,0.0001,0.0
2021-06-13 16:00:00.003000+00:00,1623600000003,2021-06-13T16:00:00.003000+00:00,0.0001,0.0
2021-06-14 00:00:00+00:00,1623628800000,2021-06-14T00:00:00+00:00,0.0001,0.0
2021-06-14 08:00:00.015000+00:00,1623657600015,2021-06-14T08:00:00.015000+00:00,0.0001,0.0
2021-06-14 16:00:00+00:00,1623686400000,2021-06-14T16:00:00+00:00,0.0001,0.0
2021-06-15 00:00:00+00:00,1623715200000,2021-06-15T00:00:00+00:00,0.0001,0.0
2021-06-15 08:00:00+00:00,1623744000000,2021-06-15T08:00:00+00:00,0.0001,0.0
2021-06-15 16:00:00.004000+00:00,1623772800004,2021-06-15T16:00:00.004000+00:00,0.0001,0.0
2021-06-16 00:00:00.004000+00:00,1623801600004,2021-06-16T00:00:00.004000+00:00,0.0001,0.0
2021-06-16 08:00:00.001000+00:00,1623830400001,2021-06-16T08:00:00.001000+00:00,0.0001,0.0
2021-06-16 16:00:00+00:00,1623859200000,2021-06-16T16:00:00+00:00,0.0001,0.0
2021-06-17 00:00:00.004000+00:00,1623888000004,2021-06-17T00:00:00.004000+00:00,0.0001,0.0
2021-06-17 08:00:00+00:00,1623916800000,2021-06-17T08:00:00+00:00,4.719e-05,0.0
2021-06-17 16:00:00.002000+00:00,1623945600002,2021-06-17T16:00:00.002000+00:00,0.0001,0.0
2021-06-18 00:00:00.009000+00:00,1623974400009,2021-06-18T00:00:00.009000+00:00,-3.106e-05,0.0
2021-06-18 08:00:00.014000+00:00,1624003200014,2021-06-18T08:00:00.014000+00:00,0.0001,0.0
2021-06-18 16:00:00.007000+00:00,1624032000007,2021-06-18T16:00:00.007000+00:00,0.0001,0.0
2021-06-19 00:00:00.003000+00:00,1624060800003,2021-06-19T00:00:00.003000+00:00,7.594e-05,0.0
2021-06-19 08:00:00.001000+00:00,1624089600001,2021-06-19T08:00:00.001000+00:00,0.0001,0.0
2021-06-19 16:00:00+00:00,1624118400000,2021-06-19T16:00:00+00:00,0.0001,0.0
2021-06-20 00:00:00.005000+00:00,1624147200005,2021-06-20T00:00:00.005000+00:00,0.0001,0.0
2021-06-20 08:00:00+00:00,1624176000000,2021-06-20T08:00:00+00:00,0.0001,0.0
2021-06-20 16:00:00.002000+00:00,1624204800002,2021-06-20T16:00:00.002000+00:00,-0.00010355,0.0
2021-06-21 00:00:00.019000+00:00,1624233600019,2021-06-21T00:00:00.019000+00:00,0.0001,0.0
2021-06-21 08:00:00+00:00,1624262400000,2021-06-21T08:00:00+00:00,0.0001,0.0
2021-06-21 16:00:00.024000+00:00,1624291200024,2021-06-21T16:00:00.024000+00:00,-0.00011341,0.0
2021-06-22 00:00:00.008000+00:00,1624320000008,2021-06-22T00:00:00.008000+00:00,0.0001,0.0
2021-06-22 08:00:00.009000+00:00,1624348800009,2021-06-22T08:00:00.009000+00:00,-1.492e-05,0.0
2021-06-22 16:00:00.001000+00:00,1624377600001,2021-06-22T16:00:00.001000+00:00,-9.08e-05,0.0
2021-06-23 00:00:00.003000+00:00,1624406400003,2021-06-23T00:00:00.003000+00:00,-0.00018589,0.0
2021-06-23 08:00:00+00:00,1624435200000,2021-06-23T08:00:00+00:00,-0.00021598,0.0
2021-06-23 16:00:00+00:00,1624464000000,2021-06-23T16:00:00+00:00,-8.977e-05,0.0
2021-06-24 00:00:00.009000+00:00,1624492800009,2021-06-24T00:00:00.009000+00:00,-0.0001111,0.0
2021-06-24 08:00:00.018000+00:00,1624521600018,2021-06-24T08:00:00.018000+00:00,-5.387e-05,0.0
2021-06-24 16:00:00.001000+00:00,1624550400001,2021-06-24T16:00:00.001000+00:00,-2.605e-05,0.0
2021-06-25 00:00:00.009000+00:00,1624579200009,2021-06-25T00:00:00.009000+00:00,-4.32e-05,0.0
2021-06-25 08:00:00.004000+00:00,1624608000004,2021-06-25T08:00:00.004000+00:00,-9.276e-05,0.0
2021-06-25 16:00:00+00:00,1624636800000,2021-06-25T16:00:00+00:00,-2.963e-05,0.0
2021-06-26 00:00:00.007000+00:00,1624665600007,2021-06-26T00:00:00.007000+00:00,-2.557e-05,0.0
2021-06-26 08:00:00+00:00,1624694400000,2021-06-26T08:00:00+00:00,-7.825e-05,0.0
2021-06-26 16:00:00.002000+00:00,1624723200002,2021-06-26T16:00:00.002000+00:00,-0.00014809,0.0
2021-06-27 00:00:00.005000+00:00,1624752000005,2021-06-27T00:00:00.005000+00:00,-0.0002781,0.0
2021-06-27 08:00:00.010000+00:00,1624780800010,2021-06-27T08:00:00.010000+00:00,-0.00023595,0.0
2021-06-27 16:00:00.001000+00:00,1624809600001,2021-06-27T16:00:00.001000+00:00,-9.376e-05,0.0
2021-06-28 00:00:00.025000+00:00,1624838400025,2021-06-28T00:00:00.025000+00:00,-3.636e-05,0.0
2021-06-28 08:00:00.017000+00:00,1624867200017,2021-06-28T08:00:00.017000+00:00,0.0001,0.0
2021-06-28 16:00:00.007000+00:00,1624896000007,2021-06-28T16:00:00.007000+00:00,0.0001,0.0
2021-06-29 00:00:00.008000+00:00,1624924800008,2021-06-29T00:00:00.008000+00:00,0.0001,0.0
2021-06-29 08:00:00+00:00,1624953600000,2021-06-29T08:00:00+00:00,0.0001,0.0
2021-06-29 16:00:00+00:00,1624982400000,2021-06-29T16:00:00+00:00,0.0001,0.0
2021-06-30 00:00:00.011000+00:00,1625011200011,2021-06-30T00:00:00.011000+00:00,0.0001,0.0
2021-06-30 08:00:00.044000+00:00,1625040000044,2021-06-30T08:00:00.044000+00:00,0.0001,0.0
2021-06-30 16:00:00.005000+00:00,1625068800005,2021-06-30T16:00:00.005000+00:00,0.0001,0.0
2021-07-01 00:00:00+00:00,1625097600000,2021-07-01T00:00:00+00:00,-6.515e-05,0.0
2021-07-01 08:00:00.004000+00:00,1625126400004,2021-07-01T08:00:00.004000+00:00,0.0001,0.0
2021-07-01 16:00:00.028000+00:00,1625155200028,2021-07-01T16:00:00.028000+00:00,-7.69e-06,0.0
2021-07-02 00:00:00.002000+00:00,1625184000002,2021-07-02T00:00:00.002000+00:00,4.562e-05,0.0
2021-07-02 08:00:00.016000+00:00,1625212800016,2021-07-02T08:00:00.016000+00:00,0.0001,0.0
2021-07-02 16:00:00.007000+00:00,1625241600007,2021-07-02T16:00:00.007000+00:00,-1.83e-05,0.0
2021-07-03 00:00:00.008000+00:00,1625270400008,2021-07-03T00:00:00.008000+00:00,-1.224e-05,0.0
2021-07-03 08:00:00+00:00,1625299200000,2021-07-03T08:00:00+00:00,3.527e-05,0.0
2021-07-03 16:00:00.004000+00:00,1625328000004,2021-07-03T16:00:00.004000+00:00,1.212e-05,0.0
2021-07-04 00:00:00.012000+00:00,1625356800012,2021-07-04T00:00:00.012000+00:00,0.0001,0.0
2021-07-04 08:00:00.002000+00:00,1625385600002,2021-07-04T08:00:00.002000+00:00,0.0001,0.0
2021-07-04 16:00:00.003000+00:00,1625414400003,2021-07-04T16:00:00.003000+00:00,0.0001,0.0
2021-07-05 00:00:00.004000+00:00,1625443200004,2021-07-05T00:00:00.004000+00:00,0.0001,0.0
2021-07-05 08:00:00+00:00,1625472000000,2021-07-05T08:00:00+00:00,0.0001,0.0
2021-07-05 16:00:00.009000+00:00,1625500800009,2021-07-05T16:00:00.009000+00:00,9.514e-05,0.0
2021-07-06 00:00:00.008000+00:00,1625529600008,2021-07-06T00:00:00.008000+00:00,2.441e-05,0.0
2021-07-06 08:00:00.019000+00:00,1625558400019,2021-07-06T08:00:00.019000+00:00,9.147e-05,0.0
2021-07-06 16:00:00+00:00,1625587200000,2021-07-06T16:00:00+00:00,9.856e-05,0.0
2021-07-07 00:00:00.007000+00:00,1625616000007,2021-07-07T00:00:00.007000+00:00,6.967e-05,0.0
2021-07-07 08:00:00.001000+00:00,1625644800001,2021-07-07T08:00:00.001000+00:00,0.0001,0.0
2021-07-07 16:00:00.008000+00:00,1625673600008,2021-07-07T16:00:00.008000+00:00,0.0001,0.0
2021-07-08 00:00:00.002000+00:00,1625702400002,2021-07-08T00:00:00.002000+00:00,0.0001,0.0
2021-07-08 08:00:00.010000+00:00,1625731200010,2021-07-08T08:00:00.010000+00:00,8.656e-05,0.0
2021-07-08 16:00:00.003000+00:00,1625760000003,2021-07-08T16:00:00.003000+00:00,-1.04e-06,0.0
2021-07-09 00:00:00+00:00,1625788800000,2021-07-09T00:00:00+00:00,7.528e-05,0.0
2021-07-09 08:00:00.006000+00:00,1625817600006,2021-07-09T08:00:00.006000+00:00,0.0001,0.0
2021-07-09 16:00:00+00:00,1625846400000,2021-07-09T16:00:00+00:00,3.515e-05,0.0
2021-07-10 00:00:00.002000+00:00,1625875200002,2021-07-10T00:00:00.002000+00:00,-5.717e-05,0.0
2021-07-10 08:00:00+00:00,1625904000000,2021-07-10T08:00:00+00:00,3.16e-06,0.0
2021-07-10 16:00:00.001000+00:00,1625932800001,2021-07-10T16:00:00.001000+00:00,3.128e-05,0.0
2021-07-11 00:00:00.001000+00:00,1625961600001,2021-07-11T00:00:00.001000+00:00,0.0001,0.0
2021-07-11 08:00:00.025000+00:00,1625990400025,2021-07-11T08:00:00.025000+00:00,0.0001,0.0
2021-07-11 16:00:00.006000+00:00,1626019200006,2021-07-11T16:00:00.006000+00:00,-1.43e-06,0.0
2021-07-12 00:00:00+00:00,1626048000000,2021-07-12T00:00:00+00:00,7.316e-05,0.0
2021-07-12 08:00:00.021000+00:00,1626076800021,2021-07-12T08:00:00.021000+00:00,0.0001,0.0
2021-07-12 16:00:00+00:00,1626105600000,2021-07-12T16:00:00+00:00,0.0001,0.0
2021-07-13 00:00:00+00:00,1626134400000,2021-07-13T00:00:00+00:00,7.06e-06,0.0
2021-07-13 08:00:00.013000+00:00,1626163200013,2021-07-13T08:00:00.013000+00:00,8.707e-05,0.0
2021-07-13 16:00:00.005000+00:00,1626192000005,2021-07-13T16:00:00.005000+00:00,3.584e-05,0.0
2021-07-14 00:00:00+00:00,1626220800000,2021-07-14T00:00:00+00:00,0.0001,0.0
2021-07-14 08:00:00+00:00,1626249600000,2021-07-14T08:00:00+00:00,2.293e-05,0.0
2021-07-14 16:00:00.005000+00:00,1626278400005,2021-07-14T16:00:00.005000+00:00,-0.00010864,0.0
2021-07-15 00:00:00.005000+00:00,1626307200005,2021-07-15T00:00:00.005000+00:00,0.0001,0.0
2021-07-15 08:00:00.001000+00:00,1626336000001,2021-07-15T08:00:00.001000+00:00,0.0001,0.0
2021-07-15 16:00:00+00:00,1626364800000,2021-07-15T16:00:00+00:00,4.887e-05,0.0
2021-07-16 00:00:00+00:00,1626393600000,2021-07-16T00:00:00+00:00,8.093e-05,0.0
2021-07-16 08:00:00+00:00,1626422400000,2021-07-16T08:00:00+00:00,0.0001,0.0
2021-07-16 16:00:00.001000+00:00,1626451200001,2021-07-16T16:00:00.001000+00:00,-1.151e-05,0.0
2021-07-17 00:00:00.004000+00:00,1626480000004,2021-07-17T00:00:00.004000+00:00,0.0001,0.0
2021-07-17 08:00:00.009000+00:00,1626508800009,2021-07-17T08:00:00.009000+00:00,0.0001,0.0
2021-07-17 16:00:00.006000+00:00,1626537600006,2021-07-17T16:00:00.006000+00:00,3.242e-05,0.0
2021-07-18 00:00:00+00:00,1626566400000,2021-07-18T00:00:00+00:00,0.0001,0.0
2021-07-18 08:00:00.001000+00:00,1626595200001,2021-07-18T08:00:00.001000+00:00,-2.396e-05,0.0
2021-07-18 16:00:00.003000+00:00,1626624000003,2021-07-18T16:00:00.003000+00:00,-1.214e-05,0.0
2021-07-19 00:00:00.002000+00:00,1626652800002,2021-07-19T00:00:00.002000+00:00,0.0001,0.0
2021-07-19 08:00:00.006000+00:00,1626681600006,2021-07-19T08:00:00.006000+00:00,0.0001,0.0
2021-07-19 16:00:00.006000+00:00,1626710400006,2021-07-19T16:00:00.006000+00:00,-0.00013195,0.0
2021-07-20 00:00:00.002000+00:00,1626739200002,2021-07-20T00:00:00.002000+00:00,-0.00014514,0.0
2021-07-20 08:00:00.011000+00:00,1626768000011,2021-07-20T08:00:00.011000+00:00,-8.357e-05,0.0
2021-07-20 16:00:00.001000+00:00,1626796800001,2021-07-20T16:00:00.001000+00:00,-6.733e-05,0.0
2021-07-21 00:00:00.022000+00:00,1626825600022,2021-07-21T00:00:00.022000+00:00,-0.0001115,0.0
2021-07-21 08:00:00+00:00,1626854400000,2021-07-21T08:00:00+00:00,-2.445e-05,0.0
2021-07-21 16:00:00.018000+00:00,1626883200018,2021-07-21T16:00:00.018000+00:00,-0.00024771,0.0
2021-07-22 00:00:00.002000+00:00,1626912000002,2021-07-22T00:00:00.002000+00:00,3.646e-05,0.0
2021-07-22 08:00:00.006000+00:00,1626940800006,2021-07-22T08:00:00.006000+00:00,0.0001,0.0
2021-07-22 16:00:00.010000+00:00,1626969600010,2021-07-22T16:00:00.010000+00:00,6.253e-05,0.0
2021-07-23 00:00:00.013000+00:00,1626998400013,2021-07-23T00:00:00.013000+00:00,0.0001,0.0
2021-07-23 08:00:00+00:00,1627027200000,2021-07-23T08:00:00+00:00,5.169e-05,0.0
2021-07-23 16:00:00.005000+00:00,1627056000005,2021-07-23T16:00:00.005000+00:00,0.0001,0.0
2021-07-24 00:00:00+00:00,1627084800000,2021-07-24T00:00:00+00:00,0.0001,0.0
2021-07-24 08:00:00.002000+00:00,1627113600002,2021-07-24T08:00:00.002000+00:00,0.0001,0.0
2021-07-24 16:00:00.001000+00:00,1627142400001,2021-07-24T16:00:00.001000+00:00,0.0001,0.0
2021-07-25 00:00:00.003000+00:00,1627171200003,2021-07-25T00:00:00.003000+00:00,-4.906e-05,0.0
2021-07-25 08:00:00.015000+00:00,1627200000015,2021-07-25T08:00:00.015000+00:00,0.0001,0.0
2021-07-25 16:00:00+00:00,1627228800000,2021-07-25T16:00:00+00:00,0.0001,0.0
2021-07-26 00:00:00+00:00,1627257600000,2021-07-26T00:00:00+00:00,0.0001,0.0
2021-07-26 08:00:00+00:00,1627286400000,2021-07-26T08:00:00+00:00,0.0001,0.0
2021-07-26 16:00:00+00:00,1627315200000,2021-07-26T16:00:00+00:00,0.0001,0.0
2021-07-27 00:00:00.046000+00:00,1627344000046,2021-07-27T00:00:00.046000+00:00,0.0001,0.0
2021-07-27 08:00:00.014000+00:00,1627372800014,2021-07-27T08:00:00.014000+00:00,0.0001,0.0
2021-07-27 16:00:00.007000+00:00,1627401600007,2021-07-27T16:00:00.007000+00:00,7.557e-05,0.0
2021-07-28 00:00:00+00:00,1627430400000,2021-07-28T00:00:00+00:00,0.0001,0.0
2021-07-28 08:00:00.002000+00:00,1627459200002,2021-07-28T08:00:00.002000+00:00,0.0001,0.0
2021-07-28 16:00:00.005000+00:00,1627488000005,2021-07-28T16:00:00.005000+00:00,0.0001,0.0
2021-07-29 00:00:00.004000+00:00,1627516800004,2021-07-29T00:00:00.004000+00:00,0.0001,0.0
2021-07-29 08:00:00+00:00,1627545600000,2021-07-29T08:00:00+00:00,0.0001,0.0
2021-07-29 16:00:00.007000+00:00,1627574400007,2021-07-29T16:00:00.007000+00:00,0.0001,0.0
2021-07-30 00:00:00.004000+00:00,1627603200004,2021-07-30T00:00:00.004000+00:00,0.0001,0.0
2021-07-30 08:00:00+00:00,1627632000000,2021-07-30T08:00:00+00:00,0.0001,0.0
2021-07-30 16:00:00+00:00,1627660800000,2021-07-30T16:00:00+00:00,0.0001,0.0
2021-07-31 00:00:00+00:00,1627689600000,2021-07-31T00:00:00+00:00,0.0001,0.0
2021-07-31 08:00:00.014000+00:00,1627718400014,2021-07-31T08:00:00.014000+00:00,0.0001,0.0
2021-07-31 16:00:00.003000+00:00,1627747200003,2021-07-31T16:00:00.003000+00:00,0.0001,0.0
2021-08-01 00:00:00.005000+00:00,1627776000005,2021-08-01T00:00:00.005000+00:00,0.0001,0.0
2021-08-01 08:00:00.016000+00:00,1627804800016,2021-08-01T08:00:00.016000+00:00,0.0001,0.0
2021-08-01 16:00:00.001000+00:00,1627833600001,2021-08-01T16:00:00.001000+00:00,0.0001,0.0
2021-08-02 00:00:00+00:00,1627862400000,2021-08-02T00:00:00+00:00,0.0001,0.0
2021-08-02 08:00:00.014000+00:00,1627891200014,2021-08-02T08:00:00.014000+00:00,0.0001,0.0
2021-08-02 16:00:00.021000+00:00,1627920000021,2021-08-02T16:00:00.021000+00:00,0.0001,0.0
2021-08-03 00:00:00+00:00,1627948800000,2021-08-03T00:00:00+00:00,0.0001,0.0
2021-08-03 08:00:00+00:00,1627977600000,2021-08-03T08:00:00+00:00,0.0001,0.0
2021-08-03 16:00:00.009000+00:00,1628006400009,2021-08-03T16:00:00.009000+00:00,0.0001,0.0
2021-08-04 00:00:00+00:00,1628035200000,2021-08-04T00:00:00+00:00,0.0001,0.0
2021-08-04 08:00:00+00:00,1628064000000,2021-08-04T08:00:00+00:00,0.0001,0.0
2021-08-04 16:00:00.003000+00:00,1628092800003,2021-08-04T16:00:00.003000+00:00,0.0001,0.0
2021-08-05 00:00:00+00:00,1628121600000,2021-08-05T00:00:00+00:00,0.0001,0.0
2021-08-05 08:00:00+00:00,1628150400000,2021-08-05T08:00:00+00:00,0.0001,0.0
2021-08-05 16:00:00.001000+00:00,1628179200001,2021-08-05T16:00:00.001000+00:00,0.0001,0.0
2021-08-06 00:00:00+00:00,1628208000000,2021-08-06T00:00:00+00:00,0.0001,0.0
2021-08-06 08:00:00.004000+00:00,1628236800004,2021-08-06T08:00:00.004000+00:00,0.0001,0.0
2021-08-06 16:00:00.003000+00:00,1628265600003,2021-08-06T16:00:00.003000+00:00,0.0001,0.0
2021-08-07 00:00:00.015000+00:00,1628294400015,2021-08-07T00:00:00.015000+00:00,0.0001,0.0
2021-08-07 08:00:00.001000+00:00,1628323200001,2021-08-07T08:00:00.001000+00:00,0.0001,0.0
2021-08-07 16:00:00.002000+00:00,1628352000002,2021-08-07T16:00:00.002000+00:00,0.0001,0.0
2021-08-08 00:00:00+00:00,1628380800000,2021-08-08T00:00:00+00:00,0.0001,0.0
2021-08-08 08:00:00.002000+00:00,1628409600002,2021-08-08T08:00:00.002000+00:00,0.0001,0.0
2021-08-08 16:00:00.018000+00:00,1628438400018,2021-08-08T16:00:00.018000+00:00,0.0001,0.0
2021-08-09 00:00:00+00:00,1628467200000,2021-08-09T00:00:00+00:00,0.0001,0.0
2021-08-09 08:00:00+00:00,1628496000000,2021-08-09T08:00:00+00:00,0.0001,0.0
2021-08-09 16:00:00.002000+00:00,1628524800002,2021-08-09T16:00:00.002000+00:00,0.0001,0.0
2021-08-10 00:00:00+00:00,1628553600000,2021-08-10T00:00:00+00:00,0.0001,0.0
2021-08-10 08:00:00.003000+00:00,1628582400003,2021-08-10T08:00:00.003000+00:00,0.00019225,0.0
2021-08-10 16:00:00+00:00,1628611200000,2021-08-10T16:00:00+00:00,0.0001,0.0
2021-08-11 00:00:00.006000+00:00,1628640000006,2021-08-11T00:00:00.006000+00:00,0.00011395,0.0
2021-08-11 08:00:00.003000+00:00,1628668800003,2021-08-11T08:00:00.003000+00:00,0.0001,0.0
2021-08-11 16:00:00+00:00,1628697600000,2021-08-11T16:00:00+00:00,0.00015608,0.0
2021-08-12 00:00:00.013000+00:00,1628726400013,2021-08-12T00:00:00.013000+00:00,0.0001,0.0
2021-08-12 08:00:00.001000+00:00,1628755200001,2021-08-12T08:00:00.001000+00:00,0.0001,0.0
2021-08-12 16:00:00+00:00,1628784000000,2021-08-12T16:00:00+00:00,0.00020676,0.0
2021-08-13 00:00:00+00:00,1628812800000,2021-08-13T00:00:00+00:00,0.0001,0.0
2021-08-13 08:00:00+00:00,1628841600000,2021-08-13T08:00:00+00:00,0.0001,0.0
2021-08-13 16:00:00.002000+00:00,1628870400002,2021-08-13T16:00:00.002000+00:00,0.00043554,0.0
2021-08-14 00:00:00.006000+00:00,1628899200006,2021-08-14T00:00:00.006000+00:00,0.0001,0.0
2021-08-14 08:00:00+00:00,1628928000000,2021-08-14T08:00:00+00:00,0.0001,0.0
2021-08-14 16:00:00+00:00,1628956800000,2021-08-14T16:00:00+00:00,0.0001,0.0
2021-08-15 00:00:00.003000+00:00,1628985600003,2021-08-15T00:00:00.003000+00:00,0.0001,0.0
2021-08-15 08:00:00+00:00,1629014400000,2021-08-15T08:00:00+00:00,0.0001,0.0
2021-08-15 16:00:00.007000+00:00,1629043200007,2021-08-15T16:00:00.007000+00:00,0.0001,0.0
2021-08-16 00:00:00.012000+00:00,1629072000012,2021-08-16T00:00:00.012000+00:00,0.00014894,0.0
2021-08-16 08:00:00.003000+00:00,1629100800003,2021-08-16T08:00:00.003000+00:00,0.00045562,0.0
2021-08-16 16:00:00.010000+00:00,1629129600010,2021-08-16T16:00:00.010000+00:00,0.00033289,0.0
2021-08-17 00:00:00.018000+00:00,1629158400018,2021-08-17T00:00:00.018000+00:00,0.0001,0.0
2021-08-17 08:00:00.015000+00:00,1629187200015,2021-08-17T08:00:00.015000+00:00,0.00010995,0.0
2021-08-17 16:00:00.006000+00:00,1629216000006,2021-08-17T16:00:00.006000+00:00,0.0001,0.0
2021-08-18 00:00:00+00:00,1629244800000,2021-08-18T00:00:00+00:00,0.0001,0.0
2021-08-18 08:00:00+00:00,1629273600000,2021-08-18T08:00:00+00:00,0.0001,0.0
2021-08-18 16:00:00.011000+00:00,1629302400011,2021-08-18T16:00:00.011000+00:00,0.0001,0.0
2021-08-19 00:00:00+00:00,1629331200000,2021-08-19T00:00:00+00:00,0.0001,0.0
2021-08-19 08:00:00.014000+00:00,1629360000014,2021-08-19T08:00:00.014000+00:00,0.0001,0.0
2021-08-19 16:00:00+00:00,1629388800000,2021-08-19T16:00:00+00:00,0.0001,0.0
2021-08-20 00:00:00+00:00,1629417600000,2021-08-20T00:00:00+00:00,0.0001,0.0
2021-08-20 08:00:00.001000+00:00,1629446400001,2021-08-20T08:00:00.001000+00:00,0.00029638,0.0
2021-08-20 16:00:00.001000+00:00,1629475200001,2021-08-20T16:00:00.001000+00:00,0.0001,0.0
2021-08-21 00:00:00.005000+00:00,1629504000005,2021-08-21T00:00:00.005000+00:00,0.00014594,0.0
2021-08-21 08:00:00.001000+00:00,1629532800001,2021-08-21T08:00:00.001000+00:00,0.0005266,0.0
2021-08-21 16:00:00+00:00,1629561600000,2021-08-21T16:00:00+00:00,0.00030864,0.0
2021-08-22 00:00:00.005000+00:00,1629590400005,2021-08-22T00:00:00.005000+00:00,0.00035478,0.0
2021-08-22 08:00:00.007000+00:00,1629619200007,2021-08-22T08:00:00.007000+00:00,0.00041617,0.0
2021-08-22 16:00:00.002000+00:00,1629648000002,2021-08-22T16:00:00.002000+00:00,0.00050846,0.0
2021-08-23 00:00:00.003000+00:00,1629676800003,2021-08-23T00:00:00.003000+00:00,0.0001,0.0
2021-08-23 08:00:00.005000+00:00,1629705600005,2021-08-23T08:00:00.005000+00:00,0.0006587,0.0
2021-08-23 16:00:00.002000+00:00,1629734400002,2021-08-23T16:00:00.002000+00:00,0.00050389,0.0
2021-08-24 00:00:00.006000+00:00,1629763200006,2021-08-24T00:00:00.006000+00:00,0.00038191,0.0
2021-08-24 08:00:00.004000+00:00,1629792000004,2021-08-24T08:00:00.004000+00:00,0.00041315,0.0
2021-08-24 16:00:00+00:00,1629820800000,2021-08-24T16:00:00+00:00,0.0004115,0.0
2021-08-25 00:00:00.015000+00:00,1629849600015,2021-08-25T00:00:00.015000+00:00,0.0001,0.0
2021-08-25 08:00:00+00:00,1629878400000,2021-08-25T08:00:00+00:00,0.0001,0.0
2021-08-25 16:00:00+00:00,1629907200000,2021-08-25T16:00:00+00:00,0.0001,0.0
2021-08-26 00:00:00.001000+00:00,1629936000001,2021-08-26T00:00:00.001000+00:00,0.0001,0.0
2021-08-26 08:00:00.016000+00:00,1629964800016,2021-08-26T08:00:00.016000+00:00,0.0001,0.0
2021-08-26 16:00:00.004000+00:00,1629993600004,2021-08-26T16:00:00.004000+00:00,0.0001,0.0
2021-08-27 00:00:00.013000+00:00,1630022400013,2021-08-27T00:00:00.013000+00:00,0.0001,0.0
2021-08-27 08:00:00.001000+00:00,1630051200001,2021-08-27T08:00:00.001000+00:00,0.0001,0.0
2021-08-27 16:00:00.004000+00:00,1630080000004,2021-08-27T16:00:00.004000+00:00,0.0001,0.0
2021-08-28 00:00:00+00:00,1630108800000,2021-08-28T00:00:00+00:00,0.0001,0.0
2021-08-28 08:00:00+00:00,1630137600000,2021-08-28T08:00:00+00:00,0.00019774,0.0
2021-08-28 16:00:00+00:00,1630166400000,2021-08-28T16:00:00+00:00,0.00012079,0.0
2021-08-29 00:00:00+00:00,1630195200000,2021-08-29T00:00:00+00:00,0.00012193,0.0
2021-08-29 08:00:00.002000+00:00,1630224000002,2021-08-29T08:00:00.002000+00:00,0.00018409,0.0
2021-08-29 16:00:00.005000+00:00,1630252800005,2021-08-29T16:00:00.005000+00:00,0.0001,0.0
2021-08-30 00:00:00.013000+00:00,1630281600013,2021-08-30T00:00:00.013000+00:00,0.0001,0.0
2021-08-30 08:00:00.008000+00:00,1630310400008,2021-08-30T08:00:00.008000+00:00,0.0001,0.0
2021-08-30 16:00:00+00:00,1630339200000,2021-08-30T16:00:00+00:00,0.00010356,0.0
2021-08-31 00:00:00+00:00,1630368000000,2021-08-31T00:00:00+00:00,0.00021502,0.0
2021-08-31 08:00:00.007000+00:00,1630396800007,2021-08-31T08:00:00.007000+00:00,0.0001,0.0
2021-08-31 16:00:00.003000+00:00,1630425600003,2021-08-31T16:00:00.003000+00:00,0.00028249,0.0
2021-09-01 00:00:00+00:00,1630454400000,2021-09-01T00:00:00+00:00,0.00032583,0.0
2021-09-01 08:00:00.006000+00:00,1630483200006,2021-09-01T08:00:00.006000+00:00,0.00024472,0.0
2021-09-01 16:00:00+00:00,1630512000000,2021-09-01T16:00:00+00:00,0.00039141,0.0
2021-09-02 00:00:00.009000+00:00,1630540800009,2021-09-02T00:00:00.009000+00:00,0.00047977,0.0
2021-09-02 08:00:00.006000+00:00,1630569600006,2021-09-02T08:00:00.006000+00:00,0.00054915,0.0
2021-09-02 16:00:00.007000+00:00,1630598400007,2021-09-02T16:00:00.007000+00:00,0.00040706,0.0
2021-09-03 00:00:00.011000+00:00,1630627200011,2021-09-03T00:00:00.011000+00:00,0.00042188,0.0
2021-09-03 08:00:00+00:00,1630656000000,2021-09-03T08:00:00+00:00,0.00072817,0.0
2021-09-03 16:00:00.002000+00:00,1630684800002,2021-09-03T16:00:00.002000+00:00,0.00069577,0.0
2021-09-04 00:00:00.003000+00:00,1630713600003,2021-09-04T00:00:00.003000+00:00,0.00094477,0.0
2021-09-04 08:00:00.008000+00:00,1630742400008,2021-09-04T08:00:00.008000+00:00,0.00074017,0.0
2021-09-04 16:00:00.009000+00:00,1630771200009,2021-09-04T16:00:00.009000+00:00,0.00050445,0.0
2021-09-05 00:00:00.002000+00:00,1630800000002,2021-09-05T00:00:00.002000+00:00,0.00065958,0.0
2021-09-05 08:00:00.002000+00:00,1630828800002,2021-09-05T08:00:00.002000+00:00,0.00026352,0.0
2021-09-05 16:00:00+00:00,1630857600000,2021-09-05T16:00:00+00:00,0.00020193,0.0
2021-09-06 00:00:00.003000+00:00,1630886400003,2021-09-06T00:00:00.003000+00:00,0.00033248,0.0
2021-09-06 08:00:00.008000+00:00,1630915200008,2021-09-06T08:00:00.008000+00:00,0.00059166,0.0
2021-09-06 16:00:00.009000+00:00,1630944000009,2021-09-06T16:00:00.009000+00:00,0.00042745,0.0
2021-09-07 00:00:00.004000+00:00,1630972800004,2021-09-07T00:00:00.004000+00:00,0.00073865,0.0
2021-09-07 08:00:00.002000+00:00,1631001600002,2021-09-07T08:00:00.002000+00:00,0.00060512,0.0
2021-09-07 16:00:00.001000+00:00,1631030400001,2021-09-07T16:00:00.001000+00:00,-0.00034305,0.0
2021-09-08 00:00:00.005000+00:00,1631059200005,2021-09-08T00:00:00.005000+00:00,0.0001,0.0
2021-09-08 08:00:00+00:00,1631088000000,2021-09-08T08:00:00+00:00,0.0001,0.0
2021-09-08 16:00:00+00:00,1631116800000,2021-09-08T16:00:00+00:00,0.0001,0.0
2021-09-09 00:00:00.006000+00:00,1631145600006,2021-09-09T00:00:00.006000+00:00,0.0001,0.0
2021-09-09 08:00:00.014000+00:00,1631174400014,2021-09-09T08:00:00.014000+00:00,0.0001,0.0
2021-09-09 16:00:00.002000+00:00,1631203200002,2021-09-09T16:00:00.002000+00:00,0.0001,0.0
2021-09-10 00:00:00.001000+00:00,1631232000001,2021-09-10T00:00:00.001000+00:00,0.0001,0.0
2021-09-10 08:00:00.018000+00:00,1631260800018,2021-09-10T08:00:00.018000+00:00,0.0001,0.0
2021-09-10 16:00:00.006000+00:00,1631289600006,2021-09-10T16:00:00.006000+00:00,0.0001,0.0
2021-09-11 00:00:00+00:00,1631318400000,2021-09-11T00:00:00+00:00,0.0001,0.0
2021-09-11 08:00:00.001000+00:00,1631347200001,2021-09-11T08:00:00.001000+00:00,0.0001,0.0
2021-09-11 16:00:00+00:00,1631376000000,2021-09-11T16:00:00+00:00,0.0001,0.0
2021-09-12 00:00:00+00:00,1631404800000,2021-09-12T00:00:00+00:00,0.0001,0.0
2021-09-12 08:00:00.002000+00:00,1631433600002,2021-09-12T08:00:00.002000+00:00,0.0001,0.0
2021-09-12 16:00:00+00:00,1631462400000,2021-09-12T16:00:00+00:00,0.0001,0.0
2021-09-13 00:00:00+00:00,1631491200000,2021-09-13T00:00:00+00:00,0.0001,0.0
2021-09-13 08:00:00.007000+00:00,1631520000007,2021-09-13T08:00:00.007000+00:00,0.0001,0.0
2021-09-13 16:00:00.005000+00:00,1631548800005,2021-09-13T16:00:00.005000+00:00,-0.00065482,0.0
2021-09-14 00:00:00.002000+00:00,1631577600002,2021-09-14T00:00:00.002000+00:00,0.0001,0.0
2021-09-14 08:00:00+00:00,1631606400000,2021-09-14T08:00:00+00:00,0.0001,0.0
2021-09-14 16:00:00.007000+00:00,1631635200007,2021-09-14T16:00:00.007000+00:00,0.0001,0.0
2021-09-15 00:00:00.012000+00:00,1631664000012,2021-09-15T00:00:00.012000+00:00,0.0001,0.0
2021-09-15 08:00:00.003000+00:00,1631692800003,2021-09-15T08:00:00.003000+00:00,0.0001,0.0
2021-09-15 16:00:00.006000+00:00,1631721600006,2021-09-15T16:00:00.006000+00:00,0.0001,0.0
2021-09-16 00:00:00.008000+00:00,1631750400008,2021-09-16T00:00:00.008000+00:00,0.0001,0.0
2021-09-16 08:00:00.005000+00:00,1631779200005,2021-09-16T08:00:00.005000+00:00,0.00012765,0.0
2021-09-16 16:00:00.002000+00:00,1631808000002,2021-09-16T16:00:00.002000+00:00,0.0001,0.0
2021-09-17 00:00:00+00:00,1631836800000,2021-09-17T00:00:00+00:00,0.0001,0.0
2021-09-17 08:00:00.047000+00:00,1631865600047,2021-09-17T08:00:00.047000+00:00,0.0001,0.0
2021-09-17 16:00:00.013000+00:00,1631894400013,2021-09-17T16:00:00.013000+00:00,0.0001,0.0
2021-09-18 00:00:00+00:00,1631923200000,2021-09-18T00:00:00+00:00,0.0001,0.0
2021-09-18 08:00:00.010000+00:00,1631952000010,2021-09-18T08:00:00.010000+00:00,0.0001,0.0
2021-09-18 16:00:00.005000+00:00,1631980800005,2021-09-18T16:00:00.005000+00:00,0.0001,0.0
2021-09-19 00:00:00.006000+00:00,1632009600006,2021-09-19T00:00:00.006000+00:00,0.0001,0.0
2021-09-19 08:00:00.015000+00:00,1632038400015,2021-09-19T08:00:00.015000+00:00,0.0001,0.0
2021-09-19 16:00:00.007000+00:00,1632067200007,2021-09-19T16:00:00.007000+00:00,0.0001,0.0
2021-09-20 00:00:00.018000+00:00,1632096000018,2021-09-20T00:00:00.018000+00:00,0.0001,0.0
2021-09-20 08:00:00+00:00,1632124800000,2021-09-20T08:00:00+00:00,0.0001,0.0
2021-09-20 16:00:00.005000+00:00,1632153600005,2021-09-20T16:00:00.005000+00:00,0.0001,0.0
2021-09-21 00:00:00.005000+00:00,1632182400005,2021-09-21T00:00:00.005000+00:00,0.0001,0.0
2021-09-21 08:00:00.007000+00:00,1632211200007,2021-09-21T08:00:00.007000+00:00,0.0001,0.0
2021-09-21 16:00:00+00:00,1632240000000,2021-09-21T16:00:00+00:00,0.0001,0.0
2021-09-22 00:00:00.005000+00:00,1632268800005,2021-09-22T00:00:00.005000+00:00,0.0001,0.0
2021-09-22 08:00:00.006000+00:00,1632297600006,2021-09-22T08:00:00.006000+00:00,0.0001,0.0
2021-09-22 16:00:00+00:00,1632326400000,2021-09-22T16:00:00+00:00,0.0001,0.0
2021-09-23 00:00:00.003000+00:00,1632355200003,2021-09-23T00:00:00.003000+00:00,0.0001,0.0
2021-09-23 08:00:00+00:00,1632384000000,2021-09-23T08:00:00+00:00,0.0001,0.0
2021-09-23 16:00:00.007000+00:00,1632412800007,2021-09-23T16:00:00.007000+00:00,0.0001,0.0
2021-09-24 00:00:00+00:00,1632441600000,2021-09-24T00:00:00+00:00,0.0001,0.0
2021-09-24 08:00:00.017000+00:00,1632470400017,2021-09-24T08:00:00.017000+00:00,0.0001,0.0
2021-09-24 16:00:00+00:00,1632499200000,2021-09-24T16:00:00+00:00,0.0001,0.0
2021-09-25 00:00:00.007000+00:00,1632528000007,2021-09-25T00:00:00.007000+00:00,9.102e-05,0.0
2021-09-25 08:00:00.002000+00:00,1632556800002,2021-09-25T08:00:00.002000+00:00,0.0001,0.0
2021-09-25 16:00:00.004000+00:00,1632585600004,2021-09-25T16:00:00.004000+00:00,0.0001,0.0
2021-09-26 00:00:00.013000+00:00,1632614400013,2021-09-26T00:00:00.013000+00:00,0.0001,0.0
2021-09-26 08:00:00+00:00,1632643200000,2021-09-26T08:00:00+00:00,5.467e-05,0.0
2021-09-26 16:00:00.005000+00:00,1632672000005,2021-09-26T16:00:00.005000+00:00,6.771e-05,0.0
2021-09-27 00:00:00+00:00,1632700800000,2021-09-27T00:00:00+00:00,9.317e-05,0.0
2021-09-27 08:00:00.001000+00:00,1632729600001,2021-09-27T08:00:00.001000+00:00,3.363e-05,0.0
2021-09-27 16:00:00+00:00,1632758400000,2021-09-27T16:00:00+00:00,6.877e-05,0.0
2021-09-28 00:00:00+00:00,1632787200000,2021-09-28T00:00:00+00:00,-0.00019401,0.0
2021-09-28 08:00:00.014000+00:00,1632816000014,2021-09-28T08:00:00.014000+00:00,-9.423e-05,0.0
2021-09-28 16:00:00+00:00,1632844800000,2021-09-28T16:00:00+00:00,-0.00010868,0.0
2021-09-29 00:00:00+00:00,1632873600000,2021-09-29T00:00:00+00:00,-0.0001797,0.0
2021-09-29 08:00:00.002000+00:00,1632902400002,2021-09-29T08:00:00.002000+00:00,-0.00011437,0.0
2021-09-29 16:00:00+00:00,1632931200000,2021-09-29T16:00:00+00:00,-8.947e-05,0.0
2021-09-30 00:00:00+00:00,1632960000000,2021-09-30T00:00:00+00:00,-0.00010134,0.0
2021-09-30 08:00:00.004000+00:00,1632988800004,2021-09-30T08:00:00.004000+00:00,9.441e-05,0.0
2021-09-30 16:00:00.005000+00:00,1633017600005,2021-09-30T16:00:00.005000+00:00,0.0001,0.0
2021-10-01 00:00:00.012000+00:00,1633046400012,2021-10-01T00:00:00.012000+00:00,2.664e-05,0.0
2021-10-01 08:00:00.008000+00:00,1633075200008,2021-10-01T08:00:00.008000+00:00,-7.7e-06,0.0
2021-10-01 16:00:00+00:00,1633104000000,2021-10-01T16:00:00+00:00,0.0001,0.0
2021-10-02 00:00:00+00:00,1633132800000,2021-10-02T00:00:00+00:00,0.0001,0.0
2021-10-02 08:00:00.002000+00:00,1633161600002,2021-10-02T08:00:00.002000+00:00,0.0001,0.0
2021-10-02 16:00:00.011000+00:00,1633190400011,2021-10-02T16:00:00.011000+00:00,0.0001,0.0
2021-10-03 00:00:00.019000+00:00,1633219200019,2021-10-03T00:00:00.019000+00:00,0.0001,0.0
2021-10-03 08:00:00.011000+00:00,1633248000011,2021-10-03T08:00:00.011000+00:00,0.0001,0.0
2021-10-03 16:00:00.004000+00:00,1633276800004,2021-10-03T16:00:00.004000+00:00,0.0001,0.0
2021-10-04 00:00:00.004000+00:00,1633305600004,2021-10-04T00:00:00.004000+00:00,0.0001,0.0
2021-10-04 08:00:00+00:00,1633334400000,2021-10-04T08:00:00+00:00,0.0001,0.0
2021-10-04 16:00:00+00:00,1633363200000,2021-10-04T16:00:00+00:00,0.0001,0.0
2021-10-05 00:00:00.007000+00:00,1633392000007,2021-10-05T00:00:00.007000+00:00,0.0001,0.0
2021-10-05 08:00:00.007000+00:00,1633420800007,2021-10-05T08:00:00.007000+00:00,0.0001,0.0
2021-10-05 16:00:00.004000+00:00,1633449600004,2021-10-05T16:00:00.004000+00:00,0.0001,0.0
2021-10-06 00:00:00.002000+00:00,1633478400002,2021-10-06T00:00:00.002000+00:00,0.0001,0.0
2021-10-06 08:00:00+00:00,1633507200000,2021-10-06T08:00:00+00:00,0.0001,0.0
2021-10-06 16:00:00.003000+00:00,1633536000003,2021-10-06T16:00:00.003000+00:00,0.0001,0.0
2021-10-07 00:00:00.007000+00:00,1633564800007,2021-10-07T00:00:00.007000+00:00,0.00019977,0.0
2021-10-07 08:00:00.002000+00:00,1633593600002,2021-10-07T08:00:00.002000+00:00,0.0001,0.0
2021-10-07 16:00:00+00:00,1633622400000,2021-10-07T16:00:00+00:00,0.00031535,0.0
2021-10-08 00:00:00.011000+00:00,1633651200011,2021-10-08T00:00:00.011000+00:00,0.0001425,0.0
2021-10-08 08:00:00.003000+00:00,1633680000003,2021-10-08T08:00:00.003000+00:00,0.0001,0.0
2021-10-08 16:00:00.002000+00:00,1633708800002,2021-10-08T16:00:00.002000+00:00,0.00017545,0.0
2021-10-09 00:00:00.006000+00:00,1633737600006,2021-10-09T00:00:00.006000+00:00,0.0001,0.0
2021-10-09 08:00:00.003000+00:00,1633766400003,2021-10-09T08:00:00.003000+00:00,0.0001,0.0
2021-10-09 16:00:00+00:00,1633795200000,2021-10-09T16:00:00+00:00,0.0001,0.0
2021-10-10 00:00:00+00:00,1633824000000,2021-10-10T00:00:00+00:00,0.0001,0.0
2021-10-10 08:00:00.008000+00:00,1633852800008,2021-10-10T08:00:00.008000+00:00,0.00031384,0.0
2021-10-10 16:00:00+00:00,1633881600000,2021-10-10T16:00:00+00:00,0.0001,0.0
2021-10-11 00:00:00.002000+00:00,1633910400002,2021-10-11T00:00:00.002000+00:00,0.0001,0.0
2021-10-11 08:00:00.001000+00:00,1633939200001,2021-10-11T08:00:00.001000+00:00,0.0001,0.0
2021-10-11 16:00:00.006000+00:00,1633968000006,2021-10-11T16:00:00.006000+00:00,0.00020009,0.0
2021-10-12 00:00:00.008000+00:00,1633996800008,2021-10-12T00:00:00.008000+00:00,0.0001,0.0
2021-10-12 08:00:00.013000+00:00,1634025600013,2021-10-12T08:00:00.013000+00:00,0.0001,0.0
2021-10-12 16:00:00.003000+00:00,1634054400003,2021-10-12T16:00:00.003000+00:00,0.0001,0.0
2021-10-13 00:00:00.003000+00:00,1634083200003,2021-10-13T00:00:00.003000+00:00,0.0001,0.0
2021-10-13 08:00:00.015000+00:00,1634112000015,2021-10-13T08:00:00.015000+00:00,0.0001,0.0
2021-10-13 16:00:00+00:00,1634140800000,2021-10-13T16:00:00+00:00,0.0001,0.0
2021-10-14 00:00:00.011000+00:00,1634169600011,2021-10-14T00:00:00.011000+00:00,0.0001,0.0
2021-10-14 08:00:00.017000+00:00,1634198400017,2021-10-14T08:00:00.017000+00:00,0.0003076,0.0
2021-10-14 16:00:00+00:00,1634227200000,2021-10-14T16:00:00+00:00,0.00027653,0.0
2021-10-15 00:00:00.005000+00:00,1634256000005,2021-10-15T00:00:00.005000+00:00,0.00045277,0.0
2021-10-15 08:00:00.002000+00:00,1634284800002,2021-10-15T08:00:00.002000+00:00,0.00046016,0.0
2021-10-15 16:00:00.005000+00:00,1634313600005,2021-10-15T16:00:00.005000+00:00,0.00015926,0.0
2021-10-16 00:00:00.009000+00:00,1634342400009,2021-10-16T00:00:00.009000+00:00,0.00062436,0.0
2021-10-16 08:00:00+00:00,1634371200000,2021-10-16T08:00:00+00:00,0.00052528,0.0
2021-10-16 16:00:00.003000+00:00,1634400000003,2021-10-16T16:00:00.003000+00:00,0.00042099,0.0
2021-10-17 00:00:00.001000+00:00,1634428800001,2021-10-17T00:00:00.001000+00:00,0.00036402,0.0
2021-10-17 08:00:00.002000+00:00,1634457600002,2021-10-17T08:00:00.002000+00:00,0.00026987,0.0
2021-10-17 16:00:00.002000+00:00,1634486400002,2021-10-17T16:00:00.002000+00:00,0.00014857,0.0
2021-10-18 00:00:00.006000+00:00,1634515200006,2021-10-18T00:00:00.006000+00:00,0.0001,0.0
2021-10-18 08:00:00.004000+00:00,1634544000004,2021-10-18T08:00:00.004000+00:00,0.00029405,0.0
2021-10-18 16:00:00.001000+00:00,1634572800001,2021-10-18T16:00:00.001000+00:00,0.0001,0.0
2021-10-19 00:00:00.002000+00:00,1634601600002,2021-10-19T00:00:00.002000+00:00,0.0001,0.0
2021-10-19 08:00:00+00:00,1634630400000,2021-10-19T08:00:00+00:00,0.00048798,0.0
2021-10-19 16:00:00+00:00,1634659200000,2021-10-19T16:00:00+00:00,0.00036698,0.0
2021-10-20 00:00:00.017000+00:00,1634688000017,2021-10-20T00:00:00.017000+00:00,0.00010722,0.0
2021-10-20 08:00:00.004000+00:00,1634716800004,2021-10-20T08:00:00.004000+00:00,0.00036909,0.0
2021-10-20 16:00:00.020000+00:00,1634745600020,2021-10-20T16:00:00.020000+00:00,0.00058738,0.0
2021-10-21 00:00:00+00:00,1634774400000,2021-10-21T00:00:00+00:00,0.00067133,0.0
2021-10-21 08:00:00+00:00,1634803200000,2021-10-21T08:00:00+00:00,0.00059019,0.0
2021-10-21 16:00:00.008000+00:00,1634832000008,2021-10-21T16:00:00.008000+00:00,0.00069677,0.0
2021-10-22 00:00:00.005000+00:00,1634860800005,2021-10-22T00:00:00.005000+00:00,0.00025784,0.0
2021-10-22 08:00:00.005000+00:00,1634889600005,2021-10-22T08:00:00.005000+00:00,0.00025348,0.0
2021-10-22 16:00:00.018000+00:00,1634918400018,2021-10-22T16:00:00.018000+00:00,0.00016111,0.0
2021-10-23 00:00:00.005000+00:00,1634947200005,2021-10-23T00:00:00.005000+00:00,0.00036656,0.0
2021-10-23 08:00:00.001000+00:00,1634976000001,2021-10-23T08:00:00.001000+00:00,0.0001,0.0
2021-10-23 16:00:00.004000+00:00,1635004800004,2021-10-23T16:00:00.004000+00:00,0.0001,0.0
2021-10-24 00:00:00.006000+00:00,1635033600006,2021-10-24T00:00:00.006000+00:00,0.0001,0.0
2021-10-24 08:00:00.012000+00:00,1635062400012,2021-10-24T08:00:00.012000+00:00,0.00028349,0.0
2021-10-24 16:00:00.001000+00:00,1635091200001,2021-10-24T16:00:00.001000+00:00,0.00046846,0.0
2021-10-25 00:00:00.012000+00:00,1635120000012,2021-10-25T00:00:00.012000+00:00,0.0001,0.0
2021-10-25 08:00:00.002000+00:00,1635148800002,2021-10-25T08:00:00.002000+00:00,0.00020553,0.0
2021-10-25 16:00:00.022000+00:00,1635177600022,2021-10-25T16:00:00.022000+00:00,0.00021818,0.0
2021-10-26 00:00:00.005000+00:00,1635206400005,2021-10-26T00:00:00.005000+00:00,0.00048472,0.0
2021-10-26 08:00:00.016000+00:00,1635235200016,2021-10-26T08:00:00.016000+00:00,0.00072542,0.0
2021-10-26 16:00:00+00:00,1635264000000,2021-10-26T16:00:00+00:00,0.00055348,0.0
2021-10-27 00:00:00.004000+00:00,1635292800004,2021-10-27T00:00:00.004000+00:00,0.00010562,0.0
2021-10-27 08:00:00+00:00,1635321600000,2021-10-27T08:00:00+00:00,0.00060434,0.0
2021-10-27 16:00:00.002000+00:00,1635350400002,2021-10-27T16:00:00.002000+00:00,0.0001,0.0
2021-10-28 00:00:00.002000+00:00,1635379200002,2021-10-28T00:00:00.002000+00:00,0.0001,0.0
2021-10-28 08:00:00+00:00,1635408000000,2021-10-28T08:00:00+00:00,0.0001,0.0
2021-10-28 16:00:00.005000+00:00,1635436800005,2021-10-28T16:00:00.005000+00:00,0.0001,0.0
2021-10-29 00:00:00+00:00,1635465600000,2021-10-29T00:00:00+00:00,0.0001,0.0
2021-10-29 08:00:00.007000+00:00,1635494400007,2021-10-29T08:00:00.007000+00:00,0.0001,0.0
2021-10-29 16:00:00.001000+00:00,1635523200001,2021-10-29T16:00:00.001000+00:00,0.0001,0.0
2021-10-30 00:00:00+00:00,1635552000000,2021-10-30T00:00:00+00:00,0.0001,0.0
2021-10-30 08:00:00.001000+00:00,1635580800001,2021-10-30T08:00:00.001000+00:00,0.00032483,0.0
2021-10-30 16:00:00.013000+00:00,1635609600013,2021-10-30T16:00:00.013000+00:00,0.0001,0.0
2021-10-31 00:00:00.008000+00:00,1635638400008,2021-10-31T00:00:00.008000+00:00,0.00019841,0.0
2021-10-31 08:00:00.010000+00:00,1635667200010,2021-10-31T08:00:00.010000+00:00,0.00024109,0.0
2021-10-31 16:00:00.001000+00:00,1635696000001,2021-10-31T16:00:00.001000+00:00,0.0001,0.0
2021-11-01 00:00:00.009000+00:00,1635724800009,2021-11-01T00:00:00.009000+00:00,0.00016248,0.0
2021-11-01 08:00:00.014000+00:00,1635753600014,2021-11-01T08:00:00.014000+00:00,0.00011157,0.0
2021-11-01 16:00:00.001000+00:00,1635782400001,2021-11-01T16:00:00.001000+00:00,0.00040462,0.0
2021-11-02 00:00:00+00:00,1635811200000,2021-11-02T00:00:00+00:00,0.00016877,0.0
2021-11-02 08:00:00.007000+00:00,1635840000007,2021-11-02T08:00:00.007000+00:00,0.00046707,0.0
2021-11-02 16:00:00.010000+00:00,1635868800010,2021-11-02T16:00:00.010000+00:00,0.00064117,0.0
2021-11-03 00:00:00.019000+00:00,1635897600019,2021-11-03T00:00:00.019000+00:00,0.00062638,0.0
2021-11-03 08:00:00+00:00,1635926400000,2021-11-03T08:00:00+00:00,0.0004439,0.0
2021-11-03 16:00:00.005000+00:00,1635955200005,2021-11-03T16:00:00.005000+00:00,0.00024456,0.0
2021-11-04 00:00:00.006000+00:00,1635984000006,2021-11-04T00:00:00.006000+00:00,0.00041877,0.0
2021-11-04 08:00:00.004000+00:00,1636012800004,2021-11-04T08:00:00.004000+00:00,0.00061675,0.0
2021-11-04 16:00:00.004000+00:00,1636041600004,2021-11-04T16:00:00.004000+00:00,0.00033136,0.0
2021-11-05 00:00:00+00:00,1636070400000,2021-11-05T00:00:00+00:00,0.00029502,0.0
2021-11-05 08:00:00.013000+00:00,1636099200013,2021-11-05T08:00:00.013000+00:00,0.0004903,0.0
2021-11-05 16:00:00.016000+00:00,1636128000016,2021-11-05T16:00:00.016000+00:00,0.00033387,0.0
2021-11-06 00:00:00.010000+00:00,1636156800010,2021-11-06T00:00:00.010000+00:00,0.0003119,0.0
2021-11-06 08:00:00+00:00,1636185600000,2021-11-06T08:00:00+00:00,0.0003432,0.0
2021-11-06 16:00:00.007000+00:00,1636214400007,2021-11-06T16:00:00.007000+00:00,0.0001,0.0
2021-11-07 00:00:00.013000+00:00,1636243200013,2021-11-07T00:00:00.013000+00:00,0.0001,0.0
2021-11-07 08:00:00.005000+00:00,1636272000005,2021-11-07T08:00:00.005000+00:00,0.00030048,0.0
2021-11-07 16:00:00.004000+00:00,1636300800004,2021-11-07T16:00:00.004000+00:00,0.00034585,0.0
2021-11-08 00:00:00.001000+00:00,1636329600001,2021-11-08T00:00:00.001000+00:00,0.00038711,0.0
2021-11-08 08:00:00+00:00,1636358400000,2021-11-08T08:00:00+00:00,0.00062586,0.0
2021-11-08 16:00:00+00:00,1636387200000,2021-11-08T16:00:00+00:00,0.00063689,0.0
2021-11-09 00:00:00+00:00,1636416000000,2021-11-09T00:00:00+00:00,0.00064457,0.0
2021-11-09 08:00:00.014000+00:00,1636444800014,2021-11-09T08:00:00.014000+00:00,0.00052193,0.0
2021-11-09 16:00:00.001000+00:00,1636473600001,2021-11-09T16:00:00.001000+00:00,0.0001,0.0
2021-11-10 00:00:00+00:00,1636502400000,2021-11-10T00:00:00+00:00,0.00029846,0.0
2021-11-10 08:00:00.003000+00:00,1636531200003,2021-11-10T08:00:00.003000+00:00,0.00031383,0.0
2021-11-10 16:00:00.001000+00:00,1636560000001,2021-11-10T16:00:00.001000+00:00,0.00020996,0.0
2021-11-11 00:00:00.008000+00:00,1636588800008,2021-11-11T00:00:00.008000+00:00,0.0001,0.0
2021-11-11 08:00:00.012000+00:00,1636617600012,2021-11-11T08:00:00.012000+00:00,0.0001018,0.0
2021-11-11 16:00:00.007000+00:00,1636646400007,2021-11-11T16:00:00.007000+00:00,0.0001092,0.0
2021-11-12 00:00:00+00:00,1636675200000,2021-11-12T00:00:00+00:00,0.0001,0.0
2021-11-12 08:00:00+00:00,1636704000000,2021-11-12T08:00:00+00:00,0.00025074,0.0
2021-11-12 16:00:00.004000+00:00,1636732800004,2021-11-12T16:00:00.004000+00:00,0.00024815,0.0
2021-11-13 00:00:00+00:00,1636761600000,2021-11-13T00:00:00+00:00,0.0001,0.0
2021-11-13 08:00:00.004000+00:00,1636790400004,2021-11-13T08:00:00.004000+00:00,0.00022253,0.0
2021-11-13 16:00:00.006000+00:00,1636819200006,2021-11-13T16:00:00.006000+00:00,0.0001,0.0
2021-11-14 00:00:00.010000+00:00,1636848000010,2021-11-14T00:00:00.010000+00:00,0.0001,0.0
2021-11-14 08:00:00.001000+00:00,1636876800001,2021-11-14T08:00:00.001000+00:00,0.00028405,0.0
2021-11-14 16:00:00+00:00,1636905600000,2021-11-14T16:00:00+00:00,0.00013205,0.0
2021-11-15 00:00:00.008000+00:00,1636934400008,2021-11-15T00:00:00.008000+00:00,0.0001,0.0
2021-11-15 08:00:00+00:00,1636963200000,2021-11-15T08:00:00+00:00,0.0003721,0.0
2021-11-15 16:00:00+00:00,1636992000000,2021-11-15T16:00:00+00:00,0.00027123,0.0
2021-11-16 00:00:00+00:00,1637020800000,2021-11-16T00:00:00+00:00,0.0001,0.0
2021-11-16 08:00:00.001000+00:00,1637049600001,2021-11-16T08:00:00.001000+00:00,0.0001,0.0
2021-11-16 16:00:00.018000+00:00,1637078400018,2021-11-16T16:00:00.018000+00:00,0.0001,0.0
2021-11-17 00:00:00.005000+00:00,1637107200005,2021-11-17T00:00:00.005000+00:00,0.0001,0.0
2021-11-17 08:00:00.007000+00:00,1637136000007,2021-11-17T08:00:00.007000+00:00,0.0001,0.0
2021-11-17 16:00:00.003000+00:00,1637164800003,2021-11-17T16:00:00.003000+00:00,0.0001,0.0
2021-11-18 00:00:00.017000+00:00,1637193600017,2021-11-18T00:00:00.017000+00:00,0.0001,0.0
2021-11-18 08:00:00.007000+00:00,1637222400007,2021-11-18T08:00:00.007000+00:00,0.0001,0.0
2021-11-18 16:00:00.011000+00:00,1637251200011,2021-11-18T16:00:00.011000+00:00,0.0001,0.0
2021-11-19 00:00:00+00:00,1637280000000,2021-11-19T00:00:00+00:00,0.0001,0.0
2021-11-19 08:00:00+00:00,1637308800000,2021-11-19T08:00:00+00:00,0.0001,0.0
2021-11-19 16:00:00.005000+00:00,1637337600005,2021-11-19T16:00:00.005000+00:00,0.0001,0.0
2021-11-20 00:00:00.012000+00:00,1637366400012,2021-11-20T00:00:00.012000+00:00,0.0001,0.0
2021-11-20 08:00:00+00:00,1637395200000,2021-11-20T08:00:00+00:00,0.0001,0.0
2021-11-20 16:00:00.007000+00:00,1637424000007,2021-11-20T16:00:00.007000+00:00,0.0001,0.0
2021-11-21 00:00:00+00:00,1637452800000,2021-11-21T00:00:00+00:00,0.0001,0.0
2021-11-21 08:00:00.006000+00:00,1637481600006,2021-11-21T08:00:00.006000+00:00,0.0001,0.0
2021-11-21 16:00:00+00:00,1637510400000,2021-11-21T16:00:00+00:00,0.0001,0.0
2021-11-22 00:00:00.004000+00:00,1637539200004,2021-11-22T00:00:00.004000+00:00,0.0001,0.0
2021-11-22 08:00:00+00:00,1637568000000,2021-11-22T08:00:00+00:00,0.0001,0.0
2021-11-22 16:00:00+00:00,1637596800000,2021-11-22T16:00:00+00:00,0.0001,0.0
2021-11-23 00:00:00.004000+00:00,1637625600004,2021-11-23T00:00:00.004000+00:00,0.0001,0.0
2021-11-23 08:00:00.010000+00:00,1637654400010,2021-11-23T08:00:00.010000+00:00,0.0001,0.0
2021-11-23 16:00:00.005000+00:00,1637683200005,2021-11-23T16:00:00.005000+00:00,0.0001,0.0
2021-11-24 00:00:00.001000+00:00,1637712000001,2021-11-24T00:00:00.001000+00:00,0.0001,0.0
2021-11-24 08:00:00.003000+00:00,1637740800003,2021-11-24T08:00:00.003000+00:00,0.00010796,0.0
2021-11-24 16:00:00.010000+00:00,1637769600010,2021-11-24T16:00:00.010000+00:00,0.0001517,0.0
2021-11-25 00:00:00+00:00,1637798400000,2021-11-25T00:00:00+00:00,0.00011982,0.0
2021-11-25 08:00:00.010000+00:00,1637827200010,2021-11-25T08:00:00.010000+00:00,0.00028156,0.0
2021-11-25 16:00:00+00:00,1637856000000,2021-11-25T16:00:00+00:00,0.00022138,0.0
2021-11-26 00:00:00+00:00,1637884800000,2021-11-26T00:00:00+00:00,0.00037037,0.0
2021-11-26 08:00:00+00:00,1637913600000,2021-11-26T08:00:00+00:00,0.00021108,0.0
2021-11-26 16:00:00.016000+00:00,1637942400016,2021-11-26T16:00:00.016000+00:00,0.0001,0.0
2021-11-27 00:00:00.005000+00:00,1637971200005,2021-11-27T00:00:00.005000+00:00,0.0001,0.0
2021-11-27 08:00:00.008000+00:00,1638000000008,2021-11-27T08:00:00.008000+00:00,0.0001,0.0
2021-11-27 16:00:00.007000+00:00,1638028800007,2021-11-27T16:00:00.007000+00:00,0.0001,0.0
2021-11-28 00:00:00.018000+00:00,1638057600018,2021-11-28T00:00:00.018000+00:00,0.0001,0.0
2021-11-28 08:00:00+00:00,1638086400000,2021-11-28T08:00:00+00:00,0.0001,0.0
2021-11-28 16:00:00.004000+00:00,1638115200004,2021-11-28T16:00:00.004000+00:00,0.0001,0.0
2021-11-29 00:00:00.002000+00:00,1638144000002,2021-11-29T00:00:00.002000+00:00,0.0001,0.0
2021-11-29 08:00:00.004000+00:00,1638172800004,2021-11-29T08:00:00.004000+00:00,0.0001,0.0
2021-11-29 16:00:00+00:00,1638201600000,2021-11-29T16:00:00+00:00,0.0001,0.0
2021-11-30 00:00:00+00:00,1638230400000,2021-11-30T00:00:00+00:00,0.0001,0.0
2021-11-30 08:00:00.006000+00:00,1638259200006,2021-11-30T08:00:00.006000+00:00,0.0001,0.0
2021-11-30 16:00:00+00:00,1638288000000,2021-11-30T16:00:00+00:00,0.0001,0.0
2021-12-01 00:00:00+00:00,1638316800000,2021-12-01T00:00:00+00:00,0.0001,0.0
2021-12-01 08:00:00+00:00,1638345600000,2021-12-01T08:00:00+00:00,0.0001,0.0
2021-12-01 16:00:00.001000+00:00,1638374400001,2021-12-01T16:00:00.001000+00:00,0.0001,0.0
2021-12-02 00:00:00+00:00,1638403200000,2021-12-02T00:00:00+00:00,0.0001,0.0
2021-12-02 08:00:00.007000+00:00,1638432000007,2021-12-02T08:00:00.007000+00:00,0.0001,0.0
2021-12-02 16:00:00.008000+00:00,1638460800008,2021-12-02T16:00:00.008000+00:00,0.0001,0.0
2021-12-03 00:00:00.004000+00:00,1638489600004,2021-12-03T00:00:00.004000+00:00,0.0001,0.0
2021-12-03 08:00:00.002000+00:00,1638518400002,2021-12-03T08:00:00.002000+00:00,0.0001,0.0
2021-12-03 16:00:00.006000+00:00,1638547200006,2021-12-03T16:00:00.006000+00:00,0.0001,0.0
2021-12-04 00:00:00.006000+00:00,1638576000006,2021-12-04T00:00:00.006000+00:00,0.0001,0.0
2021-12-04 08:00:00.004000+00:00,1638604800004,2021-12-04T08:00:00.004000+00:00,1.923e-05,0.0
2021-12-04 16:00:00+00:00,1638633600000,2021-12-04T16:00:00+00:00,-2.443e-05,0.0
2021-12-05 00:00:00.003000+00:00,1638662400003,2021-12-05T00:00:00.003000+00:00,3.361e-05,0.0
2021-12-05 08:00:00.008000+00:00,1638691200008,2021-12-05T08:00:00.008000+00:00,0.0001,0.0
2021-12-05 16:00:00.007000+00:00,1638720000007,2021-12-05T16:00:00.007000+00:00,0.0001,0.0
2021-12-06 00:00:00.009000+00:00,1638748800009,2021-12-06T00:00:00.009000+00:00,7.48e-05,0.0
2021-12-06 08:00:00.001000+00:00,1638777600001,2021-12-06T08:00:00.001000+00:00,0.0001,0.0
2021-12-06 16:00:00+00:00,1638806400000,2021-12-06T16:00:00+00:00,0.0001,0.0
2021-12-07 00:00:00.018000+00:00,1638835200018,2021-12-07T00:00:00.018000+00:00,-9.905e-05,0.0
2021-12-07 08:00:00+00:00,1638864000000,2021-12-07T08:00:00+00:00,-2.183e-05,0.0
2021-12-07 16:00:00+00:00,1638892800000,2021-12-07T16:00:00+00:00,1.746e-05,0.0
2021-12-08 00:00:00+00:00,1638921600000,2021-12-08T00:00:00+00:00,2.494e-05,0.0
2021-12-08 08:00:00.018000+00:00,1638950400018,2021-12-08T08:00:00.018000+00:00,0.0001,0.0
2021-12-08 16:00:00.010000+00:00,1638979200010,2021-12-08T16:00:00.010000+00:00,0.0001,0.0
2021-12-09 00:00:00.010000+00:00,1639008000010,2021-12-09T00:00:00.010000+00:00,5.206e-05,0.0
2021-12-09 08:00:00+00:00,1639036800000,2021-12-09T08:00:00+00:00,8.729e-05,0.0
2021-12-09 16:00:00+00:00,1639065600000,2021-12-09T16:00:00+00:00,4.66e-05,0.0
2021-12-10 00:00:00+00:00,1639094400000,2021-12-10T00:00:00+00:00,-6.8e-05,0.0
2021-12-10 08:00:00.008000+00:00,1639123200008,2021-12-10T08:00:00.008000+00:00,-1.627e-05,0.0
2021-12-10 16:00:00.012000+00:00,1639152000012,2021-12-10T16:00:00.012000+00:00,-6.481e-05,0.0
2021-12-11 00:00:00.009000+00:00,1639180800009,2021-12-11T00:00:00.009000+00:00,-5.593e-05,0.0
2021-12-11 08:00:00.008000+00:00,1639209600008,2021-12-11T08:00:00.008000+00:00,3.083e-05,0.0
2021-12-11 16:00:00+00:00,1639238400000,2021-12-11T16:00:00+00:00,-4.489e-05,0.0
2021-12-12 00:00:00.001000+00:00,1639267200001,2021-12-12T00:00:00.001000+00:00,1.612e-05,0.0
2021-12-12 08:00:00.015000+00:00,1639296000015,2021-12-12T08:00:00.015000+00:00,9.894e-05,0.0
2021-12-12 16:00:00.011000+00:00,1639324800011,2021-12-12T16:00:00.011000+00:00,-1.121e-05,0.0
2021-12-13 00:00:00.006000+00:00,1639353600006,2021-12-13T00:00:00.006000+00:00,0.0001,0.0
2021-12-13 08:00:00.019000+00:00,1639382400019,2021-12-13T08:00:00.019000+00:00,-5.857e-05,0.0
2021-12-13 16:00:00+00:00,1639411200000,2021-12-13T16:00:00+00:00,8.149e-05,0.0
2021-12-14 00:00:00.004000+00:00,1639440000004,2021-12-14T00:00:00.004000+00:00,-2.121e-05,0.0
2021-12-14 08:00:00+00:00,1639468800000,2021-12-14T08:00:00+00:00,-9.255e-05,0.0
2021-12-14 16:00:00.015000+00:00,1639497600015,2021-12-14T16:00:00.015000+00:00,0.0001,0.0
2021-12-15 00:00:00+00:00,1639526400000,2021-12-15T00:00:00+00:00,4.465e-05,0.0
2021-12-15 08:00:00.008000+00:00,1639555200008,2021-12-15T08:00:00.008000+00:00,1.858e-05,0.0
2021-12-15 16:00:00.005000+00:00,1639584000005,2021-12-15T16:00:00.005000+00:00,0.0001,0.0
2021-12-16 00:00:00.006000+00:00,1639612800006,2021-12-16T00:00:00.006000+00:00,0.0001,0.0
2021-12-16 08:00:00.009000+00:00,1639641600009,2021-12-16T08:00:00.009000+00:00,0.0001,0.0
2021-12-16 16:00:00+00:00,1639670400000,2021-12-16T16:00:00+00:00,0.0001,0.0
2021-12-17 00:00:00+00:00,1639699200000,2021-12-17T00:00:00+00:00,0.0001,0.0
2021-12-17 08:00:00.005000+00:00,1639728000005,2021-12-17T08:00:00.005000+00:00,6.783e-05,0.0
2021-12-17 16:00:00.006000+00:00,1639756800006,2021-12-17T16:00:00.006000+00:00,-0.00011849,0.0
2021-12-18 00:00:00.014000+00:00,1639785600014,2021-12-18T00:00:00.014000+00:00,0.0001,0.0
2021-12-18 08:00:00.012000+00:00,1639814400012,2021-12-18T08:00:00.012000+00:00,6.312e-05,0.0
2021-12-18 16:00:00+00:00,1639843200000,2021-12-18T16:00:00+00:00,0.0001,0.0
2021-12-19 00:00:00.031000+00:00,1639872000031,2021-12-19T00:00:00.031000+00:00,0.0001,0.0
2021-12-19 08:00:00+00:00,1639900800000,2021-12-19T08:00:00+00:00,0.0001,0.0
2021-12-19 16:00:00.003000+00:00,1639929600003,2021-12-19T16:00:00.003000+00:00,0.0001,0.0
2021-12-20 00:00:00.015000+00:00,1639958400015,2021-12-20T00:00:00.015000+00:00,0.0001,0.0
2021-12-20 08:00:00.007000+00:00,1639987200007,2021-12-20T08:00:00.007000+00:00,0.0001,0.0
2021-12-20 16:00:00.005000+00:00,1640016000005,2021-12-20T16:00:00.005000+00:00,0.0001,0.0
2021-12-21 00:00:00.003000+00:00,1640044800003,2021-12-21T00:00:00.003000+00:00,0.0001,0.0
2021-12-21 08:00:00.012000+00:00,1640073600012,2021-12-21T08:00:00.012000+00:00,0.0001,0.0
2021-12-21 16:00:00.005000+00:00,1640102400005,2021-12-21T16:00:00.005000+00:00,0.0001,0.0
2021-12-22 00:00:00+00:00,1640131200000,2021-12-22T00:00:00+00:00,0.0001,0.0
2021-12-22 08:00:00.001000+00:00,1640160000001,2021-12-22T08:00:00.001000+00:00,0.0001,0.0
2021-12-22 16:00:00.006000+00:00,1640188800006,2021-12-22T16:00:00.006000+00:00,0.0001,0.0
2021-12-23 00:00:00.011000+00:00,1640217600011,2021-12-23T00:00:00.011000+00:00,0.0001,0.0
2021-12-23 08:00:00+00:00,1640246400000,2021-12-23T08:00:00+00:00,0.0001,0.0
2021-12-23 16:00:00+00:00,1640275200000,2021-12-23T16:00:00+00:00,0.0001,0.0
2021-12-24 00:00:00.005000+00:00,1640304000005,2021-12-24T00:00:00.005000+00:00,0.0001,0.0
2021-12-24 08:00:00+00:00,1640332800000,2021-12-24T08:00:00+00:00,0.0001,0.0
2021-12-24 16:00:00.011000+00:00,1640361600011,2021-12-24T16:00:00.011000+00:00,0.0001,0.0
2021-12-25 00:00:00+00:00,1640390400000,2021-12-25T00:00:00+00:00,0.0001,0.0
2021-12-25 08:00:00.001000+00:00,1640419200001,2021-12-25T08:00:00.001000+00:00,0.0001,0.0
2021-12-25 16:00:00.005000+00:00,1640448000005,2021-12-25T16:00:00.005000+00:00,0.0001,0.0
2021-12-26 00:00:00.004000+00:00,1640476800004,2021-12-26T00:00:00.004000+00:00,0.0001,0.0
2021-12-26 08:00:00.002000+00:00,1640505600002,2021-12-26T08:00:00.002000+00:00,0.0001,0.0
2021-12-26 16:00:00+00:00,1640534400000,2021-12-26T16:00:00+00:00,0.0001,0.0
2021-12-27 00:00:00.002000+00:00,1640563200002,2021-12-27T00:00:00.002000+00:00,0.0001,0.0
2021-12-27 08:00:00.005000+00:00,1640592000005,2021-12-27T08:00:00.005000+00:00,0.0001,0.0
2021-12-27 16:00:00+00:00,1640620800000,2021-12-27T16:00:00+00:00,0.0001,0.0
2021-12-28 00:00:00+00:00,1640649600000,2021-12-28T00:00:00+00:00,0.0001,0.0
2021-12-28 08:00:00.012000+00:00,1640678400012,2021-12-28T08:00:00.012000+00:00,6.773e-05,0.0
2021-12-28 16:00:00+00:00,1640707200000,2021-12-28T16:00:00+00:00,0.0001,0.0
2021-12-29 00:00:00.006000+00:00,1640736000006,2021-12-29T00:00:00.006000+00:00,0.0001,0.0
2021-12-29 08:00:00.003000+00:00,1640764800003,2021-12-29T08:00:00.003000+00:00,0.0001,0.0
2021-12-29 16:00:00.004000+00:00,1640793600004,2021-12-29T16:00:00.004000+00:00,0.0001,0.0
2021-12-30 00:00:00.003000+00:00,1640822400003,2021-12-30T00:00:00.003000+00:00,0.0001,0.0
2021-12-30 08:00:00.001000+00:00,1640851200001,2021-12-30T08:00:00.001000+00:00,0.0001,0.0
2021-12-30 16:00:00.017000+00:00,1640880000017,2021-12-30T16:00:00.017000+00:00,0.0001,0.0
2021-12-31 00:00:00.006000+00:00,1640908800006,2021-12-31T00:00:00.006000+00:00,0.0001,0.0
2021-12-31 08:00:00.009000+00:00,1640937600009,2021-12-31T08:00:00.009000+00:00,0.0001,0.0
2021-12-31 16:00:00+00:00,1640966400000,2021-12-31T16:00:00+00:00,0.0001,0.0
2022-01-01 00:00:00.006000+00:00,1640995200006,2022-01-01T00:00:00.006000+00:00,0.0001,0.0
2022-01-01 08:00:00.009000+00:00,1641024000009,2022-01-01T08:00:00.009000+00:00,0.0001,0.0
2022-01-01 16:00:00+00:00,1641052800000,2022-01-01T16:00:00+00:00,0.0001,0.0
2022-01-02 00:00:00.028000+00:00,1641081600028,2022-01-02T00:00:00.028000+00:00,0.0001,0.0
2022-01-02 08:00:00+00:00,1641110400000,2022-01-02T08:00:00+00:00,0.0001,0.0
2022-01-02 16:00:00+00:00,1641139200000,2022-01-02T16:00:00+00:00,0.0001,0.0
2022-01-03 00:00:00.010000+00:00,1641168000010,2022-01-03T00:00:00.010000+00:00,0.0001,0.0
2022-01-03 08:00:00.013000+00:00,1641196800013,2022-01-03T08:00:00.013000+00:00,0.0001,0.0
2022-01-03 16:00:00.018000+00:00,1641225600018,2022-01-03T16:00:00.018000+00:00,0.0001,0.0
2022-01-04 00:00:00+00:00,1641254400000,2022-01-04T00:00:00+00:00,0.0001,0.0
2022-01-04 08:00:00.010000+00:00,1641283200010,2022-01-04T08:00:00.010000+00:00,0.0001,0.0
2022-01-04 16:00:00.002000+00:00,1641312000002,2022-01-04T16:00:00.002000+00:00,0.0001,0.0
2022-01-05 00:00:00.001000+00:00,1641340800001,2022-01-05T00:00:00.001000+00:00,0.0001,0.0
2022-01-05 08:00:00.017000+00:00,1641369600017,2022-01-05T08:00:00.017000+00:00,0.0001,0.0
2022-01-05 16:00:00+00:00,1641398400000,2022-01-05T16:00:00+00:00,0.0001,0.0
2022-01-06 00:00:00.002000+00:00,1641427200002,2022-01-06T00:00:00.002000+00:00,0.0001,0.0
2022-01-06 08:00:00.021000+00:00,1641456000021,2022-01-06T08:00:00.021000+00:00,6.87e-05,0.0
2022-01-06 16:00:00.006000+00:00,1641484800006,2022-01-06T16:00:00.006000+00:00,0.0001,0.0
2022-01-07 00:00:00.005000+00:00,1641513600005,2022-01-07T00:00:00.005000+00:00,0.0001,0.0
2022-01-07 08:00:00+00:00,1641542400000,2022-01-07T08:00:00+00:00,0.0001,0.0
2022-01-07 16:00:00.001000+00:00,1641571200001,2022-01-07T16:00:00.001000+00:00,8.625e-05,0.0
2022-01-08 00:00:00.014000+00:00,1641600000014,2022-01-08T00:00:00.014000+00:00,0.0001,0.0
2022-01-08 08:00:00.013000+00:00,1641628800013,2022-01-08T08:00:00.013000+00:00,0.0001,0.0
2022-01-08 16:00:00+00:00,1641657600000,2022-01-08T16:00:00+00:00,0.0001,0.0
2022-01-09 00:00:00.003000+00:00,1641686400003,2022-01-09T00:00:00.003000+00:00,8.676e-05,0.0
2022-01-09 08:00:00+00:00,1641715200000,2022-01-09T08:00:00+00:00,0.0001,0.0
2022-01-09 16:00:00+00:00,1641744000000,2022-01-09T16:00:00+00:00,0.0001,0.0
2022-01-10 00:00:00+00:00,1641772800000,2022-01-10T00:00:00+00:00,0.0001,0.0
2022-01-10 08:00:00.010000+00:00,1641801600010,2022-01-10T08:00:00.010000+00:00,0.0001,0.0
2022-01-10 16:00:00.007000+00:00,1641830400007,2022-01-10T16:00:00.007000+00:00,6.487e-05,0.0
2022-01-11 00:00:00.013000+00:00,1641859200013,2022-01-11T00:00:00.013000+00:00,2.323e-05,0.0
2022-01-11 08:00:00.004000+00:00,1641888000004,2022-01-11T08:00:00.004000+00:00,0.0001,0.0
2022-01-11 16:00:00+00:00,1641916800000,2022-01-11T16:00:00+00:00,0.0001,0.0
2022-01-12 00:00:00.012000+00:00,1641945600012,2022-01-12T00:00:00.012000+00:00,2.042e-05,0.0
2022-01-12 08:00:00.015000+00:00,1641974400015,2022-01-12T08:00:00.015000+00:00,0.0001,0.0
2022-01-12 16:00:00+00:00,1642003200000,2022-01-12T16:00:00+00:00,2.149e-05,0.0
2022-01-13 00:00:00.007000+00:00,1642032000007,2022-01-13T00:00:00.007000+00:00,0.0001,0.0
2022-01-13 08:00:00+00:00,1642060800000,2022-01-13T08:00:00+00:00,0.0001,0.0
2022-01-13 16:00:00.014000+00:00,1642089600014,2022-01-13T16:00:00.014000+00:00,0.0001,0.0
2022-01-14 00:00:00+00:00,1642118400000,2022-01-14T00:00:00+00:00,0.0001,0.0
2022-01-14 08:00:00.006000+00:00,1642147200006,2022-01-14T08:00:00.006000+00:00,0.0001,0.0
2022-01-14 16:00:00.014000+00:00,1642176000014,2022-01-14T16:00:00.014000+00:00,0.0001,0.0
2022-01-15 00:00:00+00:00,1642204800000,2022-01-15T00:00:00+00:00,0.0001,0.0
2022-01-15 08:00:00.002000+00:00,1642233600002,2022-01-15T08:00:00.002000+00:00,-6.8e-07,0.0
2022-01-15 16:00:00+00:00,1642262400000,2022-01-15T16:00:00+00:00,0.0001,0.0
2022-01-16 00:00:00+00:00,1642291200000,2022-01-16T00:00:00+00:00,0.0001,0.0
2022-01-16 08:00:00.017000+00:00,1642320000017,2022-01-16T08:00:00.017000+00:00,0.0001,0.0
2022-01-16 16:00:00.011000+00:00,1642348800011,2022-01-16T16:00:00.011000+00:00,0.0001,0.0
2022-01-17 00:00:00.005000+00:00,1642377600005,2022-01-17T00:00:00.005000+00:00,0.0001,0.0
2022-01-17 08:00:00.006000+00:00,1642406400006,2022-01-17T08:00:00.006000+00:00,0.0001,0.0
2022-01-17 16:00:00.012000+00:00,1642435200012,2022-01-17T16:00:00.012000+00:00,0.0001,0.0
2022-01-18 00:00:00.020000+00:00,1642464000020,2022-01-18T00:00:00.020000+00:00,0.0001,0.0
2022-01-18 08:00:00+00:00,1642492800000,2022-01-18T08:00:00+00:00,4.942e-05,0.0
2022-01-18 16:00:00.013000+00:00,1642521600013,2022-01-18T16:00:00.013000+00:00,4.336e-05,0.0
2022-01-19 00:00:00.001000+00:00,1642550400001,2022-01-19T00:00:00.001000+00:00,-4.11e-05,0.0
2022-01-19 08:00:00+00:00,1642579200000,2022-01-19T08:00:00+00:00,-2.79e-06,0.0
2022-01-19 16:00:00+00:00,1642608000000,2022-01-19T16:00:00+00:00,-1.878e-05,0.0
2022-01-20 00:00:00.015000+00:00,1642636800015,2022-01-20T00:00:00.015000+00:00,7.075e-05,0.0
2022-01-20 08:00:00+00:00,1642665600000,2022-01-20T08:00:00+00:00,0.0001,0.0
2022-01-20 16:00:00+00:00,1642694400000,2022-01-20T16:00:00+00:00,0.0001,0.0
2022-01-21 00:00:00.007000+00:00,1642723200007,2022-01-21T00:00:00.007000+00:00,-2.484e-05,0.0
2022-01-21 08:00:00.015000+00:00,1642752000015,2022-01-21T08:00:00.015000+00:00,-0.00013578,0.0
2022-01-21 16:00:00+00:00,1642780800000,2022-01-21T16:00:00+00:00,-9.49e-06,0.0
2022-01-22 00:00:00.017000+00:00,1642809600017,2022-01-22T00:00:00.017000+00:00,0.0001,0.0
2022-01-22 08:00:00.003000+00:00,1642838400003,2022-01-22T08:00:00.003000+00:00,6.792e-05,0.0
2022-01-22 16:00:00.021000+00:00,1642867200021,2022-01-22T16:00:00.021000+00:00,4.815e-05,0.0
2022-01-23 00:00:00.026000+00:00,1642896000026,2022-01-23T00:00:00.026000+00:00,0.0001,0.0
2022-01-23 08:00:00.010000+00:00,1642924800010,2022-01-23T08:00:00.010000+00:00,8.336e-05,0.0
2022-01-23 16:00:00.009000+00:00,1642953600009,2022-01-23T16:00:00.009000+00:00,-0.00013191,0.0
2022-01-24 00:00:00.010000+00:00,1642982400010,2022-01-24T00:00:00.010000+00:00,7.158e-05,0.0
2022-01-24 08:00:00+00:00,1643011200000,2022-01-24T08:00:00+00:00,5.625e-05,0.0
2022-01-24 16:00:00.021000+00:00,1643040000021,2022-01-24T16:00:00.021000+00:00,5.966e-05,0.0
2022-01-25 00:00:00+00:00,1643068800000,2022-01-25T00:00:00+00:00,-8.02e-06,0.0
2022-01-25 08:00:00+00:00,1643097600000,2022-01-25T08:00:00+00:00,0.0001,0.0
2022-01-25 16:00:00.012000+00:00,1643126400012,2022-01-25T16:00:00.012000+00:00,0.0001,0.0
2022-01-26 00:00:00+00:00,1643155200000,2022-01-26T00:00:00+00:00,0.0001,0.0
2022-01-26 08:00:00.001000+00:00,1643184000001,2022-01-26T08:00:00.001000+00:00,0.0001,0.0
2022-01-26 16:00:00.005000+00:00,1643212800005,2022-01-26T16:00:00.005000+00:00,3.11e-05,0.0
2022-01-27 00:00:00.004000+00:00,1643241600004,2022-01-27T00:00:00.004000+00:00,9.913e-05,0.0
2022-01-27 08:00:00.004000+00:00,1643270400004,2022-01-27T08:00:00.004000+00:00,-0.00011666,0.0
2022-01-27 16:00:00.019000+00:00,1643299200019,2022-01-27T16:00:00.019000+00:00,5.68e-05,0.0
2022-01-28 00:00:00+00:00,1643328000000,2022-01-28T00:00:00+00:00,1.8e-07,0.0
2022-01-28 08:00:00+00:00,1643356800000,2022-01-28T08:00:00+00:00,0.0001,0.0
2022-01-28 16:00:00.025000+00:00,1643385600025,2022-01-28T16:00:00.025000+00:00,-2.676e-05,0.0
2022-01-29 00:00:00.017000+00:00,1643414400017,2022-01-29T00:00:00.017000+00:00,0.0001,0.0
2022-01-29 08:00:00+00:00,1643443200000,2022-01-29T08:00:00+00:00,6.689e-05,0.0
2022-01-29 16:00:00.013000+00:00,1643472000013,2022-01-29T16:00:00.013000+00:00,4.391e-05,0.0
2022-01-30 00:00:00.025000+00:00,1643500800025,2022-01-30T00:00:00.025000+00:00,6.475e-05,0.0
2022-01-30 08:00:00.009000+00:00,1643529600009,2022-01-30T08:00:00.009000+00:00,3.201e-05,0.0
2022-01-30 16:00:00+00:00,1643558400000,2022-01-30T16:00:00+00:00,4.128e-05,0.0
2022-01-31 00:00:00+00:00,1643587200000,2022-01-31T00:00:00+00:00,-0.00023645,0.0
2022-01-31 08:00:00+00:00,1643616000000,2022-01-31T08:00:00+00:00,-0.00044347,0.0
2022-01-31 16:00:00+00:00,1643644800000,2022-01-31T16:00:00+00:00,-0.00028917,0.0
2022-02-01 00:00:00.010000+00:00,1643673600010,2022-02-01T00:00:00.010000+00:00,-5.083e-05,0.0
2022-02-01 08:00:00+00:00,1643702400000,2022-02-01T08:00:00+00:00,-9.32e-05,0.0
2022-02-01 16:00:00.004000+00:00,1643731200004,2022-02-01T16:00:00.004000+00:00,-2.339e-05,0.0
2022-02-02 00:00:00.004000+00:00,1643760000004,2022-02-02T00:00:00.004000+00:00,-0.00010469,0.0
2022-02-02 08:00:00+00:00,1643788800000,2022-02-02T08:00:00+00:00,5.833e-05,0.0
2022-02-02 16:00:00.002000+00:00,1643817600002,2022-02-02T16:00:00.002000+00:00,2.36e-06,0.0
2022-02-03 00:00:00.002000+00:00,1643846400002,2022-02-03T00:00:00.002000+00:00,-0.00019854,0.0
2022-02-03 08:00:00+00:00,1643875200000,2022-02-03T08:00:00+00:00,-0.0002534,0.0
2022-02-03 16:00:00+00:00,1643904000000,2022-02-03T16:00:00+00:00,-0.00016155,0.0
2022-02-04 00:00:00.018000+00:00,1643932800018,2022-02-04T00:00:00.018000+00:00,-0.00014401,0.0
2022-02-04 08:00:00.005000+00:00,1643961600005,2022-02-04T08:00:00.005000+00:00,-1.688e-05,0.0
2022-02-04 16:00:00.010000+00:00,1643990400010,2022-02-04T16:00:00.010000+00:00,0.0001,0.0
2022-02-05 00:00:00.014000+00:00,1644019200014,2022-02-05T00:00:00.014000+00:00,8.008e-05,0.0
2022-02-05 08:00:00+00:00,1644048000000,2022-02-05T08:00:00+00:00,0.0001,0.0
2022-02-05 16:00:00+00:00,1644076800000,2022-02-05T16:00:00+00:00,9.03e-05,0.0
2022-02-06 00:00:00+00:00,1644105600000,2022-02-06T00:00:00+00:00,0.0001,0.0
2022-02-06 08:00:00+00:00,1644134400000,2022-02-06T08:00:00+00:00,0.0001,0.0
2022-02-06 16:00:00+00:00,1644163200000,2022-02-06T16:00:00+00:00,0.0001,0.0
2022-02-07 00:00:00.003000+00:00,1644192000003,2022-02-07T00:00:00.003000+00:00,-1.257e-05,0.0
2022-02-07 08:00:00.014000+00:00,1644220800014,2022-02-07T08:00:00.014000+00:00,-6.87e-06,0.0
2022-02-07 16:00:00.003000+00:00,1644249600003,2022-02-07T16:00:00.003000+00:00,-7.22e-05,0.0
2022-02-08 00:00:00.001000+00:00,1644278400001,2022-02-08T00:00:00.001000+00:00,0.0001,0.0
2022-02-08 08:00:00.003000+00:00,1644307200003,2022-02-08T08:00:00.003000+00:00,2.119e-05,0.0
2022-02-08 16:00:00.002000+00:00,1644336000002,2022-02-08T16:00:00.002000+00:00,0.0001,0.0
2022-02-09 00:00:00+00:00,1644364800000,2022-02-09T00:00:00+00:00,-5.039e-05,0.0
2022-02-09 08:00:00.005000+00:00,1644393600005,2022-02-09T08:00:00.005000+00:00,-7.075e-05,0.0
2022-02-09 16:00:00.001000+00:00,1644422400001,2022-02-09T16:00:00.001000+00:00,7.894e-05,0.0
2022-02-10 00:00:00.012000+00:00,1644451200012,2022-02-10T00:00:00.012000+00:00,-1.346e-05,0.0
2022-02-10 08:00:00+00:00,1644480000000,2022-02-10T08:00:00+00:00,8.935e-05,0.0
2022-02-10 16:00:00.006000+00:00,1644508800006,2022-02-10T16:00:00.006000+00:00,-4.4e-07,0.0
2022-02-11 00:00:00+00:00,1644537600000,2022-02-11T00:00:00+00:00,1.922e-05,0.0
2022-02-11 08:00:00.009000+00:00,1644566400009,2022-02-11T08:00:00.009000+00:00,-0.0001408,0.0
2022-02-11 16:00:00.015000+00:00,1644595200015,2022-02-11T16:00:00.015000+00:00,-4.294e-05,0.0
2022-02-12 00:00:00.020000+00:00,1644624000020,2022-02-12T00:00:00.020000+00:00,0.0001,0.0
2022-02-12 08:00:00.001000+00:00,1644652800001,2022-02-12T08:00:00.001000+00:00,-5.873e-05,0.0
2022-02-12 16:00:00.007000+00:00,1644681600007,2022-02-12T16:00:00.007000+00:00,-3.918e-05,0.0
2022-02-13 00:00:00.022000+00:00,1644710400022,2022-02-13T00:00:00.022000+00:00,-0.00021626,0.0
2022-02-13 08:00:00.001000+00:00,1644739200001,2022-02-13T08:00:00.001000+00:00,3.7e-06,0.0
2022-02-13 16:00:00.007000+00:00,1644768000007,2022-02-13T16:00:00.007000+00:00,-0.0001003,0.0
2022-02-14 00:00:00.005000+00:00,1644796800005,2022-02-14T00:00:00.005000+00:00,3.975e-05,0.0
2022-02-14 08:00:00.013000+00:00,1644825600013,2022-02-14T08:00:00.013000+00:00,-8.744e-05,0.0
2022-02-14 16:00:00.019000+00:00,1644854400019,2022-02-14T16:00:00.019000+00:00,5.36e-06,0.0
2022-02-15 00:00:00.012000+00:00,1644883200012,2022-02-15T00:00:00.012000+00:00,2.376e-05,0.0
2022-02-15 08:00:00.005000+00:00,1644912000005,2022-02-15T08:00:00.005000+00:00,-5.634e-05,0.0
2022-02-15 16:00:00.011000+00:00,1644940800011,2022-02-15T16:00:00.011000+00:00,6.68e-05,0.0
2022-02-16 00:00:00.009000+00:00,1644969600009,2022-02-16T00:00:00.009000+00:00,0.0001,0.0
2022-02-16 08:00:00.001000+00:00,1644998400001,2022-02-16T08:00:00.001000+00:00,0.0001,0.0
2022-02-16 16:00:00.014000+00:00,1645027200014,2022-02-16T16:00:00.014000+00:00,0.0001,0.0
2022-02-17 00:00:00.018000+00:00,1645056000018,2022-02-17T00:00:00.018000+00:00,-0.00011466,0.0
2022-02-17 08:00:00+00:00,1645084800000,2022-02-17T08:00:00+00:00,-0.00010386,0.0
2022-02-17 16:00:00.010000+00:00,1645113600010,2022-02-17T16:00:00.010000+00:00,2.984e-05,0.0
2022-02-18 00:00:00+00:00,1645142400000,2022-02-18T00:00:00+00:00,-2.09e-05,0.0
2022-02-18 08:00:00.002000+00:00,1645171200002,2022-02-18T08:00:00.002000+00:00,-3.682e-05,0.0
2022-02-18 16:00:00+00:00,1645200000000,2022-02-18T16:00:00+00:00,6.25e-06,0.0
2022-02-19 00:00:00.007000+00:00,1645228800007,2022-02-19T00:00:00.007000+00:00,7.954e-05,0.0
2022-02-19 08:00:00+00:00,1645257600000,2022-02-19T08:00:00+00:00,-6.097e-05,0.0
2022-02-19 16:00:00.023000+00:00,1645286400023,2022-02-19T16:00:00.023000+00:00,-2.722e-05,0.0
2022-02-20 00:00:00.001000+00:00,1645315200001,2022-02-20T00:00:00.001000+00:00,-2.16e-06,0.0
2022-02-20 08:00:00.003000+00:00,1645344000003,2022-02-20T08:00:00.003000+00:00,-5.386e-05,0.0
2022-02-20 16:00:00.001000+00:00,1645372800001,2022-02-20T16:00:00.001000+00:00,-0.00016859,0.0
2022-02-21 00:00:00+00:00,1645401600000,2022-02-21T00:00:00+00:00,-0.00010268,0.0
2022-02-21 08:00:00.001000+00:00,1645430400001,2022-02-21T08:00:00.001000+00:00,-2.581e-05,0.0
2022-02-21 16:00:00.005000+00:00,1645459200005,2022-02-21T16:00:00.005000+00:00,-0.00012251,0.0
2022-02-22 00:00:00.005000+00:00,1645488000005,2022-02-22T00:00:00.005000+00:00,-0.00024444,0.0
2022-02-22 08:00:00+00:00,1645516800000,2022-02-22T08:00:00+00:00,3.99e-06,0.0
2022-02-22 16:00:00+00:00,1645545600000,2022-02-22T16:00:00+00:00,-5.689e-05,0.0
2022-02-23 00:00:00.002000+00:00,1645574400002,2022-02-23T00:00:00.002000+00:00,-4.677e-05,0.0
2022-02-23 08:00:00.005000+00:00,1645603200005,2022-02-23T08:00:00.005000+00:00,-0.0001714,0.0
2022-02-23 16:00:00.010000+00:00,1645632000010,2022-02-23T16:00:00.010000+00:00,-7.3e-06,0.0
2022-02-24 00:00:00.008000+00:00,1645660800008,2022-02-24T00:00:00.008000+00:00,-5.606e-05,0.0
2022-02-24 08:00:00.003000+00:00,1645689600003,2022-02-24T08:00:00.003000+00:00,-0.00020846,0.0
2022-02-24 16:00:00.001000+00:00,1645718400001,2022-02-24T16:00:00.001000+00:00,-0.00012437,0.0
2022-02-25 00:00:00+00:00,1645747200000,2022-02-25T00:00:00+00:00,2.452e-05,0.0
2022-02-25 08:00:00.006000+00:00,1645776000006,2022-02-25T08:00:00.006000+00:00,6.644e-05,0.0
2022-02-25 16:00:00.001000+00:00,1645804800001,2022-02-25T16:00:00.001000+00:00,-0.00013969,0.0
2022-02-26 00:00:00.004000+00:00,1645833600004,2022-02-26T00:00:00.004000+00:00,-0.00017322,0.0
2022-02-26 08:00:00.004000+00:00,1645862400004,2022-02-26T08:00:00.004000+00:00,0.0001,0.0
2022-02-26 16:00:00.007000+00:00,1645891200007,2022-02-26T16:00:00.007000+00:00,0.0001,0.0
2022-02-27 00:00:00.012000+00:00,1645920000012,2022-02-27T00:00:00.012000+00:00,3.501e-05,0.0
2022-02-27 08:00:00+00:00,1645948800000,2022-02-27T08:00:00+00:00,-6.018e-05,0.0
2022-02-27 16:00:00+00:00,1645977600000,2022-02-27T16:00:00+00:00,-1.568e-05,0.0
2022-02-28 00:00:00+00:00,1646006400000,2022-02-28T00:00:00+00:00,-3.062e-05,0.0
2022-02-28 08:00:00.001000+00:00,1646035200001,2022-02-28T08:00:00.001000+00:00,-0.00017147,0.0
2022-02-28 16:00:00.002000+00:00,1646064000002,2022-02-28T16:00:00.002000+00:00,-8.658e-05,0.0
2022-03-01 00:00:00.002000+00:00,1646092800002,2022-03-01T00:00:00.002000+00:00,1.751e-05,0.0
2022-03-01 08:00:00.001000+00:00,1646121600001,2022-03-01T08:00:00.001000+00:00,0.0001,0.0
2022-03-01 16:00:00+00:00,1646150400000,2022-03-01T16:00:00+00:00,6.538e-05,0.0
2022-03-02 00:00:00+00:00,1646179200000,2022-03-02T00:00:00+00:00,0.0001,0.0
2022-03-02 08:00:00+00:00,1646208000000,2022-03-02T08:00:00+00:00,3.452e-05,0.0
2022-03-02 16:00:00.002000+00:00,1646236800002,2022-03-02T16:00:00.002000+00:00,-4.09e-05,0.0
2022-03-03 00:00:00+00:00,1646265600000,2022-03-03T00:00:00+00:00,-0.00029695,0.0
2022-03-03 08:00:00+00:00,1646294400000,2022-03-03T08:00:00+00:00,-8.557e-05,0.0
2022-03-03 16:00:00.005000+00:00,1646323200005,2022-03-03T16:00:00.005000+00:00,-0.00013097,0.0
2022-03-04 00:00:00.018000+00:00,1646352000018,2022-03-04T00:00:00.018000+00:00,-0.00033432,0.0
2022-03-04 08:00:00+00:00,1646380800000,2022-03-04T08:00:00+00:00,-0.00024127,0.0
2022-03-04 16:00:00+00:00,1646409600000,2022-03-04T16:00:00+00:00,-0.00027269,0.0
2022-03-05 00:00:00.006000+00:00,1646438400006,2022-03-05T00:00:00.006000+00:00,-0.00029756,0.0
2022-03-05 08:00:00.004000+00:00,1646467200004,2022-03-05T08:00:00.004000+00:00,-0.00063506,0.0
2022-03-05 16:00:00+00:00,1646496000000,2022-03-05T16:00:00+00:00,-0.00026838,0.0
2022-03-06 00:00:00.004000+00:00,1646524800004,2022-03-06T00:00:00.004000+00:00,-0.00017552,0.0
2022-03-06 08:00:00+00:00,1646553600000,2022-03-06T08:00:00+00:00,-0.0001244,0.0
2022-03-06 16:00:00.013000+00:00,1646582400013,2022-03-06T16:00:00.013000+00:00,-0.00025747,0.0
2022-03-07 00:00:00.008000+00:00,1646611200008,2022-03-07T00:00:00.008000+00:00,-0.00029361,0.0
2022-03-07 08:00:00.006000+00:00,1646640000006,2022-03-07T08:00:00.006000+00:00,-0.00028071,0.0
2022-03-07 16:00:00+00:00,1646668800000,2022-03-07T16:00:00+00:00,-0.00021698,0.0
2022-03-08 00:00:00.008000+00:00,1646697600008,2022-03-08T00:00:00.008000+00:00,-0.00017267,0.0
2022-03-08 08:00:00.002000+00:00,1646726400002,2022-03-08T08:00:00.002000+00:00,-0.00017751,0.0
2022-03-08 16:00:00+00:00,1646755200000,2022-03-08T16:00:00+00:00,1.367e-05,0.0
2022-03-09 00:00:00.008000+00:00,1646784000008,2022-03-09T00:00:00.008000+00:00,-7.89e-06,0.0
2022-03-09 08:00:00+00:00,1646812800000,2022-03-09T08:00:00+00:00,-4.254e-05,0.0
2022-03-09 16:00:00.004000+00:00,1646841600004,2022-03-09T16:00:00.004000+00:00,0.0001,0.0
2022-03-10 00:00:00+00:00,1646870400000,2022-03-10T00:00:00+00:00,0.0001,0.0
2022-03-10 08:00:00.017000+00:00,1646899200017,2022-03-10T08:00:00.017000+00:00,-1.808e-05,0.0
2022-03-10 16:00:00+00:00,1646928000000,2022-03-10T16:00:00+00:00,-0.00032069,0.0
2022-03-11 00:00:00.008000+00:00,1646956800008,2022-03-11T00:00:00.008000+00:00,-0.00016225,0.0
2022-03-11 08:00:00+00:00,1646985600000,2022-03-11T08:00:00+00:00,-0.00018904,0.0
2022-03-11 16:00:00.001000+00:00,1647014400001,2022-03-11T16:00:00.001000+00:00,-8.036e-05,0.0
2022-03-12 00:00:00.010000+00:00,1647043200010,2022-03-12T00:00:00.010000+00:00,-0.00017785,0.0
2022-03-12 08:00:00.001000+00:00,1647072000001,2022-03-12T08:00:00.001000+00:00,5.172e-05,0.0
2022-03-12 16:00:00.002000+00:00,1647100800002,2022-03-12T16:00:00.002000+00:00,8.985e-05,0.0
2022-03-13 00:00:00.008000+00:00,1647129600008,2022-03-13T00:00:00.008000+00:00,-2.651e-05,0.0
2022-03-13 08:00:00+00:00,1647158400000,2022-03-13T08:00:00+00:00,0.0001,0.0
2022-03-13 16:00:00.002000+00:00,1647187200002,2022-03-13T16:00:00.002000+00:00,-2.26e-05,0.0
2022-03-14 00:00:00.014000+00:00,1647216000014,2022-03-14T00:00:00.014000+00:00,-8.94e-06,0.0
2022-03-14 08:00:00.005000+00:00,1647244800005,2022-03-14T08:00:00.005000+00:00,-3.191e-05,0.0
2022-03-14 16:00:00.002000+00:00,1647273600002,2022-03-14T16:00:00.002000+00:00,0.0001,0.0
2022-03-15 00:00:00.008000+00:00,1647302400008,2022-03-15T00:00:00.008000+00:00,-4.887e-05,0.0
2022-03-15 08:00:00+00:00,1647331200000,2022-03-15T08:00:00+00:00,5.069e-05,0.0
2022-03-15 16:00:00.006000+00:00,1647360000006,2022-03-15T16:00:00.006000+00:00,-2.008e-05,0.0
2022-03-16 00:00:00.013000+00:00,1647388800013,2022-03-16T00:00:00.013000+00:00,0.0001,0.0
2022-03-16 08:00:00+00:00,1647417600000,2022-03-16T08:00:00+00:00,0.0001,0.0
2022-03-16 16:00:00.008000+00:00,1647446400008,2022-03-16T16:00:00.008000+00:00,-0.00010545,0.0
2022-03-17 00:00:00.004000+00:00,1647475200004,2022-03-17T00:00:00.004000+00:00,8.51e-06,0.0
2022-03-17 08:00:00+00:00,1647504000000,2022-03-17T08:00:00+00:00,0.0001,0.0
2022-03-17 16:00:00.004000+00:00,1647532800004,2022-03-17T16:00:00.004000+00:00,-3.2e-07,0.0
2022-03-18 00:00:00+00:00,1647561600000,2022-03-18T00:00:00+00:00,0.0001,0.0
2022-03-18 08:00:00+00:00,1647590400000,2022-03-18T08:00:00+00:00,8.178e-05,0.0
2022-03-18 16:00:00.017000+00:00,1647619200017,2022-03-18T16:00:00.017000+00:00,7.392e-05,0.0
2022-03-19 00:00:00.008000+00:00,1647648000008,2022-03-19T00:00:00.008000+00:00,0.0001,0.0
2022-03-19 08:00:00.015000+00:00,1647676800015,2022-03-19T08:00:00.015000+00:00,0.0001,0.0
2022-03-19 16:00:00+00:00,1647705600000,2022-03-19T16:00:00+00:00,5.098e-05,0.0
2022-03-20 00:00:00+00:00,1647734400000,2022-03-20T00:00:00+00:00,6.193e-05,0.0
2022-03-20 08:00:00.001000+00:00,1647763200001,2022-03-20T08:00:00.001000+00:00,5.602e-05,0.0
2022-03-20 16:00:00.002000+00:00,1647792000002,2022-03-20T16:00:00.002000+00:00,1.875e-05,0.0
2022-03-21 00:00:00.013000+00:00,1647820800013,2022-03-21T00:00:00.013000+00:00,-5.934e-05,0.0
2022-03-21 08:00:00.004000+00:00,1647849600004,2022-03-21T08:00:00.004000+00:00,0.0001,0.0
2022-03-21 16:00:00.010000+00:00,1647878400010,2022-03-21T16:00:00.010000+00:00,0.0001,0.0
2022-03-22 00:00:00.012000+00:00,1647907200012,2022-03-22T00:00:00.012000+00:00,9.108e-05,0.0
2022-03-22 08:00:00.001000+00:00,1647936000001,2022-03-22T08:00:00.001000+00:00,0.0001,0.0
2022-03-22 16:00:00.022000+00:00,1647964800022,2022-03-22T16:00:00.022000+00:00,0.0001,0.0
2022-03-23 00:00:00.007000+00:00,1647993600007,2022-03-23T00:00:00.007000+00:00,8.504e-05,0.0
2022-03-23 08:00:00+00:00,1648022400000,2022-03-23T08:00:00+00:00,8.411e-05,0.0
2022-03-23 16:00:00.006000+00:00,1648051200006,2022-03-23T16:00:00.006000+00:00,2.886e-05,0.0
2022-03-24 00:00:00.013000+00:00,1648080000013,2022-03-24T00:00:00.013000+00:00,3.229e-05,0.0
2022-03-24 08:00:00.006000+00:00,1648108800006,2022-03-24T08:00:00.006000+00:00,0.0001,0.0
2022-03-24 16:00:00.020000+00:00,1648137600020,2022-03-24T16:00:00.020000+00:00,0.0001,0.0
2022-03-25 00:00:00.010000+00:00,1648166400010,2022-03-25T00:00:00.010000+00:00,0.0001,0.0
2022-03-25 08:00:00.001000+00:00,1648195200001,2022-03-25T08:00:00.001000+00:00,0.0001,0.0
2022-03-25 16:00:00.014000+00:00,1648224000014,2022-03-25T16:00:00.014000+00:00,0.0001,0.0
2022-03-26 00:00:00.020000+00:00,1648252800020,2022-03-26T00:00:00.020000+00:00,0.0001,0.0
2022-03-26 08:00:00.006000+00:00,1648281600006,2022-03-26T08:00:00.006000+00:00,0.0001,0.0
2022-03-26 16:00:00+00:00,1648310400000,2022-03-26T16:00:00+00:00,0.0001,0.0
2022-03-27 00:00:00.004000+00:00,1648339200004,2022-03-27T00:00:00.004000+00:00,4.653e-05,0.0
2022-03-27 08:00:00.001000+00:00,1648368000001,2022-03-27T08:00:00.001000+00:00,2.784e-05,0.0
2022-03-27 16:00:00.006000+00:00,1648396800006,2022-03-27T16:00:00.006000+00:00,6.661e-05,0.0
2022-03-28 00:00:00.012000+00:00,1648425600012,2022-03-28T00:00:00.012000+00:00,8.434e-05,0.0
2022-03-28 08:00:00.007000+00:00,1648454400007,2022-03-28T08:00:00.007000+00:00,0.0001,0.0
2022-03-28 16:00:00+00:00,1648483200000,2022-03-28T16:00:00+00:00,0.0001,0.0
2022-03-29 00:00:00+00:00,1648512000000,2022-03-29T00:00:00+00:00,0.0001,0.0
2022-03-29 08:00:00.015000+00:00,1648540800015,2022-03-29T08:00:00.015000+00:00,0.0001,0.0
2022-03-29 16:00:00+00:00,1648569600000,2022-03-29T16:00:00+00:00,0.0001,0.0
2022-03-30 00:00:00+00:00,1648598400000,2022-03-30T00:00:00+00:00,0.0001,0.0
2022-03-30 08:00:00.002000+00:00,1648627200002,2022-03-30T08:00:00.002000+00:00,0.0001,0.0
2022-03-30 16:00:00.028000+00:00,1648656000028,2022-03-30T16:00:00.028000+00:00,0.0001,0.0
2022-03-31 00:00:00.017000+00:00,1648684800017,2022-03-31T00:00:00.017000+00:00,0.0001,0.0
2022-03-31 08:00:00+00:00,1648713600000,2022-03-31T08:00:00+00:00,0.0001,0.0
2022-03-31 16:00:00.015000+00:00,1648742400015,2022-03-31T16:00:00.015000+00:00,0.0001,0.0
2022-04-01 00:00:00+00:00,1648771200000,2022-04-01T00:00:00+00:00,0.0001,0.0
2022-04-01 08:00:00+00:00,1648800000000,2022-04-01T08:00:00+00:00,0.0001,0.0
2022-04-01 16:00:00.018000+00:00,1648828800018,2022-04-01T16:00:00.018000+00:00,0.0001,0.0
2022-04-02 00:00:00+00:00,1648857600000,2022-04-02T00:00:00+00:00,0.0001,0.0
2022-04-02 08:00:00.002000+00:00,1648886400002,2022-04-02T08:00:00.002000+00:00,0.0001,0.0
2022-04-02 16:00:00.006000+00:00,1648915200006,2022-04-02T16:00:00.006000+00:00,0.0001,0.0
2022-04-03 00:00:00.018000+00:00,1648944000018,2022-04-03T00:00:00.018000+00:00,0.0001,0.0
2022-04-03 08:00:00.018000+00:00,1648972800018,2022-04-03T08:00:00.018000+00:00,0.0001,0.0
2022-04-03 16:00:00.015000+00:00,1649001600015,2022-04-03T16:00:00.015000+00:00,0.0001,0.0
2022-04-04 00:00:00.006000+00:00,1649030400006,2022-04-04T00:00:00.006000+00:00,0.0001,0.0
2022-04-04 08:00:00+00:00,1649059200000,2022-04-04T08:00:00+00:00,0.0001,0.0
2022-04-04 16:00:00.016000+00:00,1649088000016,2022-04-04T16:00:00.016000+00:00,0.0001,0.0
2022-04-05 00:00:00+00:00,1649116800000,2022-04-05T00:00:00+00:00,0.0001,0.0
2022-04-05 08:00:00.010000+00:00,1649145600010,2022-04-05T08:00:00.010000+00:00,0.0001,0.0
2022-04-05 16:00:00.008000+00:00,1649174400008,2022-04-05T16:00:00.008000+00:00,0.0001,0.0
2022-04-06 00:00:00.001000+00:00,1649203200001,2022-04-06T00:00:00.001000+00:00,8.034e-05,0.0
2022-04-06 08:00:00.021000+00:00,1649232000021,2022-04-06T08:00:00.021000+00:00,-5.74e-06,0.0
2022-04-06 16:00:00+00:00,1649260800000,2022-04-06T16:00:00+00:00,0.0001,0.0
2022-04-07 00:00:00.009000+00:00,1649289600009,2022-04-07T00:00:00.009000+00:00,-5.916e-05,0.0
2022-04-07 08:00:00+00:00,1649318400000,2022-04-07T08:00:00+00:00,-3.466e-05,0.0
2022-04-07 16:00:00+00:00,1649347200000,2022-04-07T16:00:00+00:00,-8.545e-05,0.0
2022-04-08 00:00:00+00:00,1649376000000,2022-04-08T00:00:00+00:00,4.961e-05,0.0
2022-04-08 08:00:00.004000+00:00,1649404800004,2022-04-08T08:00:00.004000+00:00,-4.683e-05,0.0
2022-04-08 16:00:00.008000+00:00,1649433600008,2022-04-08T16:00:00.008000+00:00,9.351e-05,0.0
2022-04-09 00:00:00.008000+00:00,1649462400008,2022-04-09T00:00:00.008000+00:00,-4.428e-05,0.0
2022-04-09 08:00:00+00:00,1649491200000,2022-04-09T08:00:00+00:00,9.119e-05,0.0
2022-04-09 16:00:00.001000+00:00,1649520000001,2022-04-09T16:00:00.001000+00:00,0.0001,0.0
2022-04-10 00:00:00.004000+00:00,1649548800004,2022-04-10T00:00:00.004000+00:00,6.965e-05,0.0
2022-04-10 08:00:00.007000+00:00,1649577600007,2022-04-10T08:00:00.007000+00:00,0.0001,0.0
2022-04-10 16:00:00.016000+00:00,1649606400016,2022-04-10T16:00:00.016000+00:00,4.5e-07,0.0
2022-04-11 00:00:00+00:00,1649635200000,2022-04-11T00:00:00+00:00,1.688e-05,0.0
2022-04-11 08:00:00+00:00,1649664000000,2022-04-11T08:00:00+00:00,-4.801e-05,0.0
2022-04-11 16:00:00.009000+00:00,1649692800009,2022-04-11T16:00:00.009000+00:00,-7.904e-05,0.0
2022-04-12 00:00:00+00:00,1649721600000,2022-04-12T00:00:00+00:00,-5.773e-05,0.0
2022-04-12 08:00:00.006000+00:00,1649750400006,2022-04-12T08:00:00.006000+00:00,-0.00011138,0.0
2022-04-12 16:00:00.013000+00:00,1649779200013,2022-04-12T16:00:00.013000+00:00,-4.937e-05,0.0
2022-04-13 00:00:00.005000+00:00,1649808000005,2022-04-13T00:00:00.005000+00:00,-3.929e-05,0.0
2022-04-13 08:00:00.008000+00:00,1649836800008,2022-04-13T08:00:00.008000+00:00,-6.096e-05,0.0
2022-04-13 16:00:00.013000+00:00,1649865600013,2022-04-13T16:00:00.013000+00:00,-0.0001187,0.0
2022-04-14 00:00:00.007000+00:00,1649894400007,2022-04-14T00:00:00.007000+00:00,9.815e-05,0.0
2022-04-14 08:00:00+00:00,1649923200000,2022-04-14T08:00:00+00:00,0.0001,0.0
2022-04-14 16:00:00.006000+00:00,1649952000006,2022-04-14T16:00:00.006000+00:00,0.0001,0.0
2022-04-15 00:00:00.008000+00:00,1649980800008,2022-04-15T00:00:00.008000+00:00,-5.127e-05,0.0
2022-04-15 08:00:00.002000+00:00,1650009600002,2022-04-15T08:00:00.002000+00:00,0.0001,0.0
2022-04-15 16:00:00+00:00,1650038400000,2022-04-15T16:00:00+00:00,0.0001,0.0
2022-04-16 00:00:00.011000+00:00,1650067200011,2022-04-16T00:00:00.011000+00:00,0.0001,0.0
2022-04-16 08:00:00.007000+00:00,1650096000007,2022-04-16T08:00:00.007000+00:00,0.0001,0.0
2022-04-16 16:00:00.007000+00:00,1650124800007,2022-04-16T16:00:00.007000+00:00,9.725e-05,0.0
2022-04-17 00:00:00+00:00,1650153600000,2022-04-17T00:00:00+00:00,1.484e-05,0.0
2022-04-17 08:00:00.004000+00:00,1650182400004,2022-04-17T08:00:00.004000+00:00,0.0001,0.0
2022-04-17 16:00:00+00:00,1650211200000,2022-04-17T16:00:00+00:00,0.0001,0.0
2022-04-18 00:00:00.008000+00:00,1650240000008,2022-04-18T00:00:00.008000+00:00,-4.718e-05,0.0
2022-04-18 08:00:00.012000+00:00,1650268800012,2022-04-18T08:00:00.012000+00:00,2.555e-05,0.0
2022-04-18 16:00:00+00:00,1650297600000,2022-04-18T16:00:00+00:00,-9.498e-05,0.0
2022-04-19 00:00:00.021000+00:00,1650326400021,2022-04-19T00:00:00.021000+00:00,0.0001,0.0
2022-04-19 08:00:00.031000+00:00,1650355200031,2022-04-19T08:00:00.031000+00:00,0.0001,0.0
2022-04-19 16:00:00+00:00,1650384000000,2022-04-19T16:00:00+00:00,0.0001,0.0
2022-04-20 00:00:00.025000+00:00,1650412800025,2022-04-20T00:00:00.025000+00:00,0.0001,0.0
2022-04-20 08:00:00.003000+00:00,1650441600003,2022-04-20T08:00:00.003000+00:00,0.0001,0.0
2022-04-20 16:00:00+00:00,1650470400000,2022-04-20T16:00:00+00:00,0.0001,0.0
2022-04-21 00:00:00+00:00,1650499200000,2022-04-21T00:00:00+00:00,0.0001,0.0
2022-04-21 08:00:00+00:00,1650528000000,2022-04-21T08:00:00+00:00,0.0001,0.0
2022-04-21 16:00:00.024000+00:00,1650556800024,2022-04-21T16:00:00.024000+00:00,0.0001,0.0
2022-04-22 00:00:00.008000+00:00,1650585600008,2022-04-22T00:00:00.008000+00:00,2.411e-05,0.0
2022-04-22 08:00:00.008000+00:00,1650614400008,2022-04-22T08:00:00.008000+00:00,-0.00019448,0.0
2022-04-22 16:00:00.008000+00:00,1650643200008,2022-04-22T16:00:00.008000+00:00,0.0001,0.0
2022-04-23 00:00:00+00:00,1650672000000,2022-04-23T00:00:00+00:00,0.0001,0.0
2022-04-23 08:00:00+00:00,1650700800000,2022-04-23T08:00:00+00:00,-0.00013107,0.0
2022-04-23 16:00:00.012000+00:00,1650729600012,2022-04-23T16:00:00.012000+00:00,9.999e-05,0.0
2022-04-24 00:00:00.004000+00:00,1650758400004,2022-04-24T00:00:00.004000+00:00,-3.885e-05,0.0
2022-04-24 08:00:00.003000+00:00,1650787200003,2022-04-24T08:00:00.003000+00:00,4.378e-05,0.0
2022-04-24 16:00:00+00:00,1650816000000,2022-04-24T16:00:00+00:00,5.087e-05,0.0
2022-04-25 00:00:00.008000+00:00,1650844800008,2022-04-25T00:00:00.008000+00:00,1.991e-05,0.0
2022-04-25 08:00:00.018000+00:00,1650873600018,2022-04-25T08:00:00.018000+00:00,-5.23e-05,0.0
2022-04-25 16:00:00+00:00,1650902400000,2022-04-25T16:00:00+00:00,-0.00015254,0.0
2022-04-26 00:00:00.014000+00:00,1650931200014,2022-04-26T00:00:00.014000+00:00,0.0001,0.0
2022-04-26 08:00:00+00:00,1650960000000,2022-04-26T08:00:00+00:00,0.0001,0.0
2022-04-26 16:00:00.017000+00:00,1650988800017,2022-04-26T16:00:00.017000+00:00,7.933e-05,0.0
2022-04-27 00:00:00.012000+00:00,1651017600012,2022-04-27T00:00:00.012000+00:00,-9.351e-05,0.0
2022-04-27 08:00:00+00:00,1651046400000,2022-04-27T08:00:00+00:00,-7.994e-05,0.0
2022-04-27 16:00:00.002000+00:00,1651075200002,2022-04-27T16:00:00.002000+00:00,0.0001,0.0
2022-04-28 00:00:00+00:00,1651104000000,2022-04-28T00:00:00+00:00,0.0001,0.0
2022-04-28 08:00:00.004000+00:00,1651132800004,2022-04-28T08:00:00.004000+00:00,0.0001,0.0
2022-04-28 16:00:00.030000+00:00,1651161600030,2022-04-28T16:00:00.030000+00:00,-1.25e-05,0.0
2022-04-29 00:00:00+00:00,1651190400000,2022-04-29T00:00:00+00:00,6.389e-05,0.0
2022-04-29 08:00:00.016000+00:00,1651219200016,2022-04-29T08:00:00.016000+00:00,0.0001,0.0
2022-04-29 16:00:00.010000+00:00,1651248000010,2022-04-29T16:00:00.010000+00:00,3.674e-05,0.0
2022-04-30 00:00:00+00:00,1651276800000,2022-04-30T00:00:00+00:00,2.326e-05,0.0
2022-04-30 08:00:00.005000+00:00,1651305600005,2022-04-30T08:00:00.005000+00:00,0.0001,0.0
2022-04-30 16:00:00.015000+00:00,1651334400015,2022-04-30T16:00:00.015000+00:00,0.0001,0.0
2022-05-01 00:00:00+00:00,1651363200000,2022-05-01T00:00:00+00:00,-0.0001097,0.0
2022-05-01 08:00:00+00:00,1651392000000,2022-05-01T08:00:00+00:00,-4.513e-05,0.0
2022-05-01 16:00:00.010000+00:00,1651420800010,2022-05-01T16:00:00.010000+00:00,-3.9e-05,0.0
2022-05-02 00:00:00.018000+00:00,1651449600018,2022-05-02T00:00:00.018000+00:00,0.0001,0.0
2022-05-02 08:00:00.007000+00:00,1651478400007,2022-05-02T08:00:00.007000+00:00,4.332e-05,0.0
2022-05-02 16:00:00+00:00,1651507200000,2022-05-02T16:00:00+00:00,5.776e-05,0.0
2022-05-03 00:00:00.006000+00:00,1651536000006,2022-05-03T00:00:00.006000+00:00,9.506e-05,0.0
2022-05-03 08:00:00+00:00,1651564800000,2022-05-03T08:00:00+00:00,0.0001,0.0
2022-05-03 16:00:00.021000+00:00,1651593600021,2022-05-03T16:00:00.021000+00:00,0.0001,0.0
2022-05-04 00:00:00.007000+00:00,1651622400007,2022-05-04T00:00:00.007000+00:00,-2.859e-05,0.0
2022-05-04 08:00:00.011000+00:00,1651651200011,2022-05-04T08:00:00.011000+00:00,0.0001,0.0
2022-05-04 16:00:00+00:00,1651680000000,2022-05-04T16:00:00+00:00,0.0001,0.0
2022-05-05 00:00:00.005000+00:00,1651708800005,2022-05-05T00:00:00.005000+00:00,0.0001,0.0
2022-05-05 08:00:00.019000+00:00,1651737600019,2022-05-05T08:00:00.019000+00:00,0.0001,0.0
2022-05-05 16:00:00.005000+00:00,1651766400005,2022-05-05T16:00:00.005000+00:00,0.0001,0.0
2022-05-06 00:00:00.005000+00:00,1651795200005,2022-05-06T00:00:00.005000+00:00,-3.85e-05,0.0
2022-05-06 08:00:00.001000+00:00,1651824000001,2022-05-06T08:00:00.001000+00:00,-3.668e-05,0.0
2022-05-06 16:00:00.010000+00:00,1651852800010,2022-05-06T16:00:00.010000+00:00,4.415e-05,0.0
2022-05-07 00:00:00.004000+00:00,1651881600004,2022-05-07T00:00:00.004000+00:00,-3.543e-05,0.0
2022-05-07 08:00:00.016000+00:00,1651910400016,2022-05-07T08:00:00.016000+00:00,4.453e-05,0.0
2022-05-07 16:00:00.011000+00:00,1651939200011,2022-05-07T16:00:00.011000+00:00,4.973e-05,0.0
2022-05-08 00:00:00+00:00,1651968000000,2022-05-08T00:00:00+00:00,6.5e-06,0.0
2022-05-08 08:00:00.007000+00:00,1651996800007,2022-05-08T08:00:00.007000+00:00,7.988e-05,0.0
2022-05-08 16:00:00.015000+00:00,1652025600015,2022-05-08T16:00:00.015000+00:00,0.0001,0.0
2022-05-09 00:00:00+00:00,1652054400000,2022-05-09T00:00:00+00:00,5.664e-05,0.0
2022-05-09 08:00:00.001000+00:00,1652083200001,2022-05-09T08:00:00.001000+00:00,2.384e-05,0.0
2022-05-09 16:00:00+00:00,1652112000000,2022-05-09T16:00:00+00:00,4.016e-05,0.0
2022-05-10 00:00:00+00:00,1652140800000,2022-05-10T00:00:00+00:00,-0.00010049,0.0
2022-05-10 08:00:00.007000+00:00,1652169600007,2022-05-10T08:00:00.007000+00:00,6.474e-05,0.0
2022-05-10 16:00:00.008000+00:00,1652198400008,2022-05-10T16:00:00.008000+00:00,7.771e-05,0.0
2022-05-11 00:00:00.004000+00:00,1652227200004,2022-05-11T00:00:00.004000+00:00,3.753e-05,0.0
2022-05-11 08:00:00.007000+00:00,1652256000007,2022-05-11T08:00:00.007000+00:00,-5.9e-05,0.0
2022-05-11 16:00:00.008000+00:00,1652284800008,2022-05-11T16:00:00.008000+00:00,-0.00035992,0.0
2022-05-12 00:00:00.014000+00:00,1652313600014,2022-05-12T00:00:00.014000+00:00,-0.00023669,0.0
2022-05-12 08:00:00+00:00,1652342400000,2022-05-12T08:00:00+00:00,-0.00078346,0.0
2022-05-12 16:00:00.007000+00:00,1652371200007,2022-05-12T16:00:00.007000+00:00,-0.00025215,0.0
2022-05-13 00:00:00.014000+00:00,1652400000014,2022-05-13T00:00:00.014000+00:00,-0.0002523,0.0
2022-05-13 08:00:00.001000+00:00,1652428800001,2022-05-13T08:00:00.001000+00:00,-1.062e-05,0.0
2022-05-13 16:00:00+00:00,1652457600000,2022-05-13T16:00:00+00:00,1.591e-05,0.0
2022-05-14 00:00:00+00:00,1652486400000,2022-05-14T00:00:00+00:00,4.581e-05,0.0
2022-05-14 08:00:00+00:00,1652515200000,2022-05-14T08:00:00+00:00,4.415e-05,0.0
2022-05-14 16:00:00.001000+00:00,1652544000001,2022-05-14T16:00:00.001000+00:00,-8.451e-05,0.0
2022-05-15 00:00:00+00:00,1652572800000,2022-05-15T00:00:00+00:00,3.879e-05,0.0
2022-05-15 08:00:00+00:00,1652601600000,2022-05-15T08:00:00+00:00,1.135e-05,0.0
2022-05-15 16:00:00+00:00,1652630400000,2022-05-15T16:00:00+00:00,-6.771e-05,0.0
2022-05-16 00:00:00.021000+00:00,1652659200021,2022-05-16T00:00:00.021000+00:00,-3.25e-05,0.0
2022-05-16 08:00:00.013000+00:00,1652688000013,2022-05-16T08:00:00.013000+00:00,-0.00014354,0.0
2022-05-16 16:00:00.006000+00:00,1652716800006,2022-05-16T16:00:00.006000+00:00,1.421e-05,0.0
2022-05-17 00:00:00+00:00,1652745600000,2022-05-17T00:00:00+00:00,-7.902e-05,0.0
2022-05-17 08:00:00.010000+00:00,1652774400010,2022-05-17T08:00:00.010000+00:00,-4.563e-05,0.0
2022-05-17 16:00:00.023000+00:00,1652803200023,2022-05-17T16:00:00.023000+00:00,4.035e-05,0.0
2022-05-18 00:00:00.003000+00:00,1652832000003,2022-05-18T00:00:00.003000+00:00,-1.871e-05,0.0
2022-05-18 08:00:00.024000+00:00,1652860800024,2022-05-18T08:00:00.024000+00:00,9.149e-05,0.0
2022-05-18 16:00:00.014000+00:00,1652889600014,2022-05-18T16:00:00.014000+00:00,-9.202e-05,0.0
2022-05-19 00:00:00+00:00,1652918400000,2022-05-19T00:00:00+00:00,-0.00011121,0.0
2022-05-19 08:00:00.008000+00:00,1652947200008,2022-05-19T08:00:00.008000+00:00,2.48e-06,0.0
2022-05-19 16:00:00.015000+00:00,1652976000015,2022-05-19T16:00:00.015000+00:00,2.085e-05,0.0
2022-05-20 00:00:00.001000+00:00,1653004800001,2022-05-20T00:00:00.001000+00:00,0.0001,0.0
2022-05-20 08:00:00.003000+00:00,1653033600003,2022-05-20T08:00:00.003000+00:00,-4.721e-05,0.0
2022-05-20 16:00:00.012000+00:00,1653062400012,2022-05-20T16:00:00.012000+00:00,-0.00010644,0.0
2022-05-21 00:00:00.008000+00:00,1653091200008,2022-05-21T00:00:00.008000+00:00,-0.00017992,0.0
2022-05-21 08:00:00.001000+00:00,1653120000001,2022-05-21T08:00:00.001000+00:00,-6.545e-05,0.0
2022-05-21 16:00:00.007000+00:00,1653148800007,2022-05-21T16:00:00.007000+00:00,-3.214e-05,0.0
2022-05-22 00:00:00.003000+00:00,1653177600003,2022-05-22T00:00:00.003000+00:00,7.6e-07,0.0
2022-05-22 08:00:00.016000+00:00,1653206400016,2022-05-22T08:00:00.016000+00:00,-4.99e-05,0.0
2022-05-22 16:00:00+00:00,1653235200000,2022-05-22T16:00:00+00:00,0.0001,0.0
2022-05-23 00:00:00.011000+00:00,1653264000011,2022-05-23T00:00:00.011000+00:00,-1.877e-05,0.0
2022-05-23 08:00:00+00:00,1653292800000,2022-05-23T08:00:00+00:00,8.955e-05,0.0
2022-05-23 16:00:00.023000+00:00,1653321600023,2022-05-23T16:00:00.023000+00:00,5.301e-05,0.0
2022-05-24 00:00:00.011000+00:00,1653350400011,2022-05-24T00:00:00.011000+00:00,-0.0001657,0.0
2022-05-24 08:00:00+00:00,1653379200000,2022-05-24T08:00:00+00:00,-9.521e-05,0.0
2022-05-24 16:00:00.009000+00:00,1653408000009,2022-05-24T16:00:00.009000+00:00,-5.845e-05,0.0
2022-05-25 00:00:00.001000+00:00,1653436800001,2022-05-25T00:00:00.001000+00:00,-5e-05,0.0
2022-05-25 08:00:00+00:00,1653465600000,2022-05-25T08:00:00+00:00,5.062e-05,0.0
2022-05-25 16:00:00.015000+00:00,1653494400015,2022-05-25T16:00:00.015000+00:00,3.79e-06,0.0
2022-05-26 00:00:00.005000+00:00,1653523200005,2022-05-26T00:00:00.005000+00:00,2.168e-05,0.0
2022-05-26 08:00:00.001000+00:00,1653552000001,2022-05-26T08:00:00.001000+00:00,-8.127e-05,0.0
2022-05-26 16:00:00+00:00,1653580800000,2022-05-26T16:00:00+00:00,-9.717e-05,0.0
2022-05-27 00:00:00.007000+00:00,1653609600007,2022-05-27T00:00:00.007000+00:00,-0.00017737,0.0
2022-05-27 08:00:00.008000+00:00,1653638400008,2022-05-27T08:00:00.008000+00:00,-6.686e-05,0.0
2022-05-27 16:00:00+00:00,1653667200000,2022-05-27T16:00:00+00:00,-7.883e-05,0.0
2022-05-28 00:00:00.018000+00:00,1653696000018,2022-05-28T00:00:00.018000+00:00,-1.573e-05,0.0
2022-05-28 08:00:00.016000+00:00,1653724800016,2022-05-28T08:00:00.016000+00:00,-3.307e-05,0.0
2022-05-28 16:00:00.013000+00:00,1653753600013,2022-05-28T16:00:00.013000+00:00,-0.00011017,0.0
2022-05-29 00:00:00+00:00,1653782400000,2022-05-29T00:00:00+00:00,-5.968e-05,0.0
2022-05-29 08:00:00.025000+00:00,1653811200025,2022-05-29T08:00:00.025000+00:00,-6.489e-05,0.0
2022-05-29 16:00:00.002000+00:00,1653840000002,2022-05-29T16:00:00.002000+00:00,-2.258e-05,0.0
2022-05-30 00:00:00+00:00,1653868800000,2022-05-30T00:00:00+00:00,2.146e-05,0.0
2022-05-30 08:00:00.013000+00:00,1653897600013,2022-05-30T08:00:00.013000+00:00,5.167e-05,0.0
2022-05-30 16:00:00.005000+00:00,1653926400005,2022-05-30T16:00:00.005000+00:00,0.0001,0.0
2022-05-31 00:00:00.016000+00:00,1653955200016,2022-05-31T00:00:00.016000+00:00,0.0001,0.0
2022-05-31 08:00:00+00:00,1653984000000,2022-05-31T08:00:00+00:00,0.0001,0.0
2022-05-31 16:00:00+00:00,1654012800000,2022-05-31T16:00:00+00:00,0.0001,0.0
2022-06-01 00:00:00+00:00,1654041600000,2022-06-01T00:00:00+00:00,0.0001,0.0
2022-06-01 08:00:00.011000+00:00,1654070400011,2022-06-01T08:00:00.011000+00:00,0.0001,0.0
2022-06-01 16:00:00+00:00,1654099200000,2022-06-01T16:00:00+00:00,0.0001,0.0
2022-06-02 00:00:00+00:00,1654128000000,2022-06-02T00:00:00+00:00,-1.11e-05,0.0
2022-06-02 08:00:00.006000+00:00,1654156800006,2022-06-02T08:00:00.006000+00:00,-2.331e-05,0.0
2022-06-02 16:00:00.021000+00:00,1654185600021,2022-06-02T16:00:00.021000+00:00,-3.554e-05,0.0
2022-06-03 00:00:00.016000+00:00,1654214400016,2022-06-03T00:00:00.016000+00:00,-2.548e-05,0.0
2022-06-03 08:00:00.016000+00:00,1654243200016,2022-06-03T08:00:00.016000+00:00,-1.642e-05,0.0
2022-06-03 16:00:00.012000+00:00,1654272000012,2022-06-03T16:00:00.012000+00:00,-7.623e-05,0.0
2022-06-04 00:00:00.005000+00:00,1654300800005,2022-06-04T00:00:00.005000+00:00,-7.073e-05,0.0
2022-06-04 08:00:00+00:00,1654329600000,2022-06-04T08:00:00+00:00,-1.301e-05,0.0
2022-06-04 16:00:00.007000+00:00,1654358400007,2022-06-04T16:00:00.007000+00:00,3.888e-05,0.0
2022-06-05 00:00:00.005000+00:00,1654387200005,2022-06-05T00:00:00.005000+00:00,9e-06,0.0
2022-06-05 08:00:00.015000+00:00,1654416000015,2022-06-05T08:00:00.015000+00:00,2.174e-05,0.0
2022-06-05 16:00:00+00:00,1654444800000,2022-06-05T16:00:00+00:00,9.27e-06,0.0
2022-06-06 00:00:00+00:00,1654473600000,2022-06-06T00:00:00+00:00,5.77e-06,0.0
2022-06-06 08:00:00.017000+00:00,1654502400017,2022-06-06T08:00:00.017000+00:00,0.0001,0.0
2022-06-06 16:00:00+00:00,1654531200000,2022-06-06T16:00:00+00:00,0.0001,0.0
2022-06-07 00:00:00+00:00,1654560000000,2022-06-07T00:00:00+00:00,1.847e-05,0.0
2022-06-07 08:00:00.011000+00:00,1654588800011,2022-06-07T08:00:00.011000+00:00,-0.00013578,0.0
2022-06-07 16:00:00+00:00,1654617600000,2022-06-07T16:00:00+00:00,-0.00017988,0.0
2022-06-08 00:00:00.008000+00:00,1654646400008,2022-06-08T00:00:00.008000+00:00,0.0001,0.0
2022-06-08 08:00:00.020000+00:00,1654675200020,2022-06-08T08:00:00.020000+00:00,-8.02e-06,0.0
2022-06-08 16:00:00.012000+00:00,1654704000012,2022-06-08T16:00:00.012000+00:00,-3.103e-05,0.0
2022-06-09 00:00:00+00:00,1654732800000,2022-06-09T00:00:00+00:00,-6.504e-05,0.0
2022-06-09 08:00:00+00:00,1654761600000,2022-06-09T08:00:00+00:00,0.0001,0.0
2022-06-09 16:00:00+00:00,1654790400000,2022-06-09T16:00:00+00:00,7.708e-05,0.0
2022-06-10 00:00:00.009000+00:00,1654819200009,2022-06-10T00:00:00.009000+00:00,-0.00015666,0.0
2022-06-10 08:00:00+00:00,1654848000000,2022-06-10T08:00:00+00:00,-9.614e-05,0.0
2022-06-10 16:00:00.006000+00:00,1654876800006,2022-06-10T16:00:00.006000+00:00,-0.00016714,0.0
2022-06-11 00:00:00.018000+00:00,1654905600018,2022-06-11T00:00:00.018000+00:00,-0.0001455,0.0
2022-06-11 08:00:00.014000+00:00,1654934400014,2022-06-11T08:00:00.014000+00:00,-0.00012106,0.0
2022-06-11 16:00:00+00:00,1654963200000,2022-06-11T16:00:00+00:00,-0.00011527,0.0
2022-06-12 00:00:00.015000+00:00,1654992000015,2022-06-12T00:00:00.015000+00:00,1.414e-05,0.0
2022-06-12 08:00:00.019000+00:00,1655020800019,2022-06-12T08:00:00.019000+00:00,-0.0002632,0.0
2022-06-12 16:00:00.010000+00:00,1655049600010,2022-06-12T16:00:00.010000+00:00,-0.00016638,0.0
2022-06-13 00:00:00.009000+00:00,1655078400009,2022-06-13T00:00:00.009000+00:00,-8.926e-05,0.0
2022-06-13 08:00:00+00:00,1655107200000,2022-06-13T08:00:00+00:00,-0.00029178,0.0
2022-06-13 16:00:00.007000+00:00,1655136000007,2022-06-13T16:00:00.007000+00:00,-0.00021534,0.0
2022-06-14 00:00:00.013000+00:00,1655164800013,2022-06-14T00:00:00.013000+00:00,-0.00032337,0.0
2022-06-14 08:00:00.008000+00:00,1655193600008,2022-06-14T08:00:00.008000+00:00,3.528e-05,0.0
2022-06-14 16:00:00.006000+00:00,1655222400006,2022-06-14T16:00:00.006000+00:00,6.31e-06,0.0
2022-06-15 00:00:00+00:00,1655251200000,2022-06-15T00:00:00+00:00,-3.146e-05,0.0
2022-06-15 08:00:00.016000+00:00,1655280000016,2022-06-15T08:00:00.016000+00:00,-0.00018084,0.0
2022-06-15 16:00:00.008000+00:00,1655308800008,2022-06-15T16:00:00.008000+00:00,9.01e-06,0.0
2022-06-16 00:00:00.009000+00:00,1655337600009,2022-06-16T00:00:00.009000+00:00,0.0001,0.0
2022-06-16 08:00:00.016000+00:00,1655366400016,2022-06-16T08:00:00.016000+00:00,0.0001,0.0
2022-06-16 16:00:00+00:00,1655395200000,2022-06-16T16:00:00+00:00,0.0001,0.0
2022-06-17 00:00:00.008000+00:00,1655424000008,2022-06-17T00:00:00.008000+00:00,0.0001,0.0
2022-06-17 08:00:00.003000+00:00,1655452800003,2022-06-17T08:00:00.003000+00:00,0.0001,0.0
2022-06-17 16:00:00+00:00,1655481600000,2022-06-17T16:00:00+00:00,0.0001,0.0
2022-06-18 00:00:00.020000+00:00,1655510400020,2022-06-18T00:00:00.020000+00:00,-4.024e-05,0.0
2022-06-18 08:00:00.025000+00:00,1655539200025,2022-06-18T08:00:00.025000+00:00,-3.71e-05,0.0
2022-06-18 16:00:00.014000+00:00,1655568000014,2022-06-18T16:00:00.014000+00:00,-1.193e-05,0.0
2022-06-19 00:00:00.012000+00:00,1655596800012,2022-06-19T00:00:00.012000+00:00,-9.001e-05,0.0
2022-06-19 08:00:00.012000+00:00,1655625600012,2022-06-19T08:00:00.012000+00:00,8.824e-05,0.0
2022-06-19 16:00:00.008000+00:00,1655654400008,2022-06-19T16:00:00.008000+00:00,-2.643e-05,0.0
2022-06-20 00:00:00.016000+00:00,1655683200016,2022-06-20T00:00:00.016000+00:00,0.0001,0.0
2022-06-20 08:00:00+00:00,1655712000000,2022-06-20T08:00:00+00:00,0.0001,0.0
2022-06-20 16:00:00.013000+00:00,1655740800013,2022-06-20T16:00:00.013000+00:00,0.0001,0.0
2022-06-21 00:00:00.012000+00:00,1655769600012,2022-06-21T00:00:00.012000+00:00,3.929e-05,0.0
2022-06-21 08:00:00.018000+00:00,1655798400018,2022-06-21T08:00:00.018000+00:00,8.816e-05,0.0
2022-06-21 16:00:00.010000+00:00,1655827200010,2022-06-21T16:00:00.010000+00:00,6.298e-05,0.0
2022-06-22 00:00:00+00:00,1655856000000,2022-06-22T00:00:00+00:00,-2.166e-05,0.0
2022-06-22 08:00:00.001000+00:00,1655884800001,2022-06-22T08:00:00.001000+00:00,0.0001,0.0
2022-06-22 16:00:00.012000+00:00,1655913600012,2022-06-22T16:00:00.012000+00:00,7.054e-05,0.0
2022-06-23 00:00:00+00:00,1655942400000,2022-06-23T00:00:00+00:00,6.606e-05,0.0
2022-06-23 08:00:00+00:00,1655971200000,2022-06-23T08:00:00+00:00,0.0001,0.0
2022-06-23 16:00:00.016000+00:00,1656000000016,2022-06-23T16:00:00.016000+00:00,9.552e-05,0.0
2022-06-24 00:00:00.005000+00:00,1656028800005,2022-06-24T00:00:00.005000+00:00,0.0001,0.0
2022-06-24 08:00:00.004000+00:00,1656057600004,2022-06-24T08:00:00.004000+00:00,2.787e-05,0.0
2022-06-24 16:00:00.018000+00:00,1656086400018,2022-06-24T16:00:00.018000+00:00,4.713e-05,0.0
2022-06-25 00:00:00.001000+00:00,1656115200001,2022-06-25T00:00:00.001000+00:00,2.69e-06,0.0
2022-06-25 08:00:00.010000+00:00,1656144000010,2022-06-25T08:00:00.010000+00:00,6.378e-05,0.0
2022-06-25 16:00:00+00:00,1656172800000,2022-06-25T16:00:00+00:00,-6.934e-05,0.0
2022-06-26 00:00:00.002000+00:00,1656201600002,2022-06-26T00:00:00.002000+00:00,0.0001,0.0
2022-06-26 08:00:00.016000+00:00,1656230400016,2022-06-26T08:00:00.016000+00:00,0.0001,0.0
2022-06-26 16:00:00.006000+00:00,1656259200006,2022-06-26T16:00:00.006000+00:00,-8.03e-06,0.0
2022-06-27 00:00:00.008000+00:00,1656288000008,2022-06-27T00:00:00.008000+00:00,-4.959e-05,0.0
2022-06-27 08:00:00+00:00,1656316800000,2022-06-27T08:00:00+00:00,-9.69e-06,0.0
2022-06-27 16:00:00.016000+00:00,1656345600016,2022-06-27T16:00:00.016000+00:00,6.92e-05,0.0
2022-06-28 00:00:00.016000+00:00,1656374400016,2022-06-28T00:00:00.016000+00:00,-2.318e-05,0.0
2022-06-28 08:00:00.001000+00:00,1656403200001,2022-06-28T08:00:00.001000+00:00,-6.894e-05,0.0
2022-06-28 16:00:00.005000+00:00,1656432000005,2022-06-28T16:00:00.005000+00:00,3.47e-06,0.0
2022-06-29 00:00:00+00:00,1656460800000,2022-06-29T00:00:00+00:00,-7.321e-05,0.0
2022-06-29 08:00:00.013000+00:00,1656489600013,2022-06-29T08:00:00.013000+00:00,2.99e-06,0.0
2022-06-29 16:00:00+00:00,1656518400000,2022-06-29T16:00:00+00:00,5.55e-06,0.0
2022-06-30 00:00:00+00:00,1656547200000,2022-06-30T00:00:00+00:00,-3.412e-05,0.0
2022-06-30 08:00:00+00:00,1656576000000,2022-06-30T08:00:00+00:00,-3.104e-05,0.0
2022-06-30 16:00:00+00:00,1656604800000,2022-06-30T16:00:00+00:00,-8.701e-05,0.0
2022-07-01 00:00:00.001000+00:00,1656633600001,2022-07-01T00:00:00.001000+00:00,3.4e-07,0.0
2022-07-01 08:00:00.017000+00:00,1656662400017,2022-07-01T08:00:00.017000+00:00,7.314e-05,0.0
2022-07-01 16:00:00.005000+00:00,1656691200005,2022-07-01T16:00:00.005000+00:00,4.9e-05,0.0
2022-07-02 00:00:00+00:00,1656720000000,2022-07-02T00:00:00+00:00,1.166e-05,0.0
2022-07-02 08:00:00+00:00,1656748800000,2022-07-02T08:00:00+00:00,9.836e-05,0.0
2022-07-02 16:00:00.008000+00:00,1656777600008,2022-07-02T16:00:00.008000+00:00,7.593e-05,0.0
2022-07-03 00:00:00.015000+00:00,1656806400015,2022-07-03T00:00:00.015000+00:00,2.533e-05,0.0
2022-07-03 08:00:00.004000+00:00,1656835200004,2022-07-03T08:00:00.004000+00:00,5.744e-05,0.0
2022-07-03 16:00:00.005000+00:00,1656864000005,2022-07-03T16:00:00.005000+00:00,5.11e-05,0.0
2022-07-04 00:00:00.021000+00:00,1656892800021,2022-07-04T00:00:00.021000+00:00,5.61e-05,0.0
2022-07-04 08:00:00.001000+00:00,1656921600001,2022-07-04T08:00:00.001000+00:00,1.323e-05,0.0
2022-07-04 16:00:00+00:00,1656950400000,2022-07-04T16:00:00+00:00,6.376e-05,0.0
2022-07-05 00:00:00+00:00,1656979200000,2022-07-05T00:00:00+00:00,9.577e-05,0.0
2022-07-05 08:00:00+00:00,1657008000000,2022-07-05T08:00:00+00:00,0.0001,0.0
2022-07-05 16:00:00.015000+00:00,1657036800015,2022-07-05T16:00:00.015000+00:00,8.733e-05,0.0
2022-07-06 00:00:00.006000+00:00,1657065600006,2022-07-06T00:00:00.006000+00:00,5.652e-05,0.0
2022-07-06 08:00:00+00:00,1657094400000,2022-07-06T08:00:00+00:00,0.0001,0.0
2022-07-06 16:00:00+00:00,1657123200000,2022-07-06T16:00:00+00:00,8.85e-05,0.0
2022-07-07 00:00:00.010000+00:00,1657152000010,2022-07-07T00:00:00.010000+00:00,0.0001,0.0
2022-07-07 08:00:00.010000+00:00,1657180800010,2022-07-07T08:00:00.010000+00:00,0.0001,0.0
2022-07-07 16:00:00.011000+00:00,1657209600011,2022-07-07T16:00:00.011000+00:00,0.0001,0.0
2022-07-08 00:00:00.008000+00:00,1657238400008,2022-07-08T00:00:00.008000+00:00,0.0001,0.0
2022-07-08 08:00:00.009000+00:00,1657267200009,2022-07-08T08:00:00.009000+00:00,0.0001,0.0
2022-07-08 16:00:00+00:00,1657296000000,2022-07-08T16:00:00+00:00,0.0001,0.0
2022-07-09 00:00:00+00:00,1657324800000,2022-07-09T00:00:00+00:00,0.0001,0.0
2022-07-09 08:00:00+00:00,1657353600000,2022-07-09T08:00:00+00:00,9.628e-05,0.0
2022-07-09 16:00:00.009000+00:00,1657382400009,2022-07-09T16:00:00.009000+00:00,0.0001,0.0
2022-07-10 00:00:00.001000+00:00,1657411200001,2022-07-10T00:00:00.001000+00:00,0.0001,0.0
2022-07-10 08:00:00.002000+00:00,1657440000002,2022-07-10T08:00:00.002000+00:00,0.0001,0.0
2022-07-10 16:00:00.001000+00:00,1657468800001,2022-07-10T16:00:00.001000+00:00,0.0001,0.0
2022-07-11 00:00:00+00:00,1657497600000,2022-07-11T00:00:00+00:00,6.818e-05,0.0
2022-07-11 08:00:00.003000+00:00,1657526400003,2022-07-11T08:00:00.003000+00:00,7.766e-05,0.0
2022-07-11 16:00:00.001000+00:00,1657555200001,2022-07-11T16:00:00.001000+00:00,5.321e-05,0.0
2022-07-12 00:00:00+00:00,1657584000000,2022-07-12T00:00:00+00:00,-1.472e-05,0.0
2022-07-12 08:00:00.021000+00:00,1657612800021,2022-07-12T08:00:00.021000+00:00,-3.713e-05,0.0
2022-07-12 16:00:00+00:00,1657641600000,2022-07-12T16:00:00+00:00,-9.659e-05,0.0
2022-07-13 00:00:00.012000+00:00,1657670400012,2022-07-13T00:00:00.012000+00:00,-7.485e-05,0.0
2022-07-13 08:00:00.022000+00:00,1657699200022,2022-07-13T08:00:00.022000+00:00,-9.035e-05,0.0
2022-07-13 16:00:00.005000+00:00,1657728000005,2022-07-13T16:00:00.005000+00:00,-9.888e-05,0.0
2022-07-14 00:00:00.017000+00:00,1657756800017,2022-07-14T00:00:00.017000+00:00,-3.9e-06,0.0
2022-07-14 08:00:00.001000+00:00,1657785600001,2022-07-14T08:00:00.001000+00:00,7.6e-07,0.0
2022-07-14 16:00:00+00:00,1657814400000,2022-07-14T16:00:00+00:00,2.523e-05,0.0
2022-07-15 00:00:00.004000+00:00,1657843200004,2022-07-15T00:00:00.004000+00:00,7.097e-05,0.0
2022-07-15 08:00:00.019000+00:00,1657872000019,2022-07-15T08:00:00.019000+00:00,0.0001,0.0
2022-07-15 16:00:00.017000+00:00,1657900800017,2022-07-15T16:00:00.017000+00:00,0.0001,0.0
2022-07-16 00:00:00.021000+00:00,1657929600021,2022-07-16T00:00:00.021000+00:00,0.0001,0.0
2022-07-16 08:00:00.014000+00:00,1657958400014,2022-07-16T08:00:00.014000+00:00,0.0001,0.0
2022-07-16 16:00:00.005000+00:00,1657987200005,2022-07-16T16:00:00.005000+00:00,0.0001,0.0
2022-07-17 00:00:00+00:00,1658016000000,2022-07-17T00:00:00+00:00,0.0001,0.0
2022-07-17 08:00:00.003000+00:00,1658044800003,2022-07-17T08:00:00.003000+00:00,0.0001,0.0
2022-07-17 16:00:00.007000+00:00,1658073600007,2022-07-17T16:00:00.007000+00:00,0.0001,0.0
2022-07-18 00:00:00.001000+00:00,1658102400001,2022-07-18T00:00:00.001000+00:00,0.0001,0.0
2022-07-18 08:00:00.004000+00:00,1658131200004,2022-07-18T08:00:00.004000+00:00,0.0001,0.0
2022-07-18 16:00:00.019000+00:00,1658160000019,2022-07-18T16:00:00.019000+00:00,0.0001,0.0
2022-07-19 00:00:00+00:00,1658188800000,2022-07-19T00:00:00+00:00,0.0001,0.0
2022-07-19 08:00:00+00:00,1658217600000,2022-07-19T08:00:00+00:00,0.0001,0.0
2022-07-19 16:00:00.001000+00:00,1658246400001,2022-07-19T16:00:00.001000+00:00,0.0001,0.0
2022-07-20 00:00:00.004000+00:00,1658275200004,2022-07-20T00:00:00.004000+00:00,0.0001,0.0
2022-07-20 08:00:00+00:00,1658304000000,2022-07-20T08:00:00+00:00,0.0001,0.0
2022-07-20 16:00:00.003000+00:00,1658332800003,2022-07-20T16:00:00.003000+00:00,0.0001,0.0
2022-07-21 00:00:00+00:00,1658361600000,2022-07-21T00:00:00+00:00,0.0001,0.0
2022-07-21 08:00:00.018000+00:00,1658390400018,2022-07-21T08:00:00.018000+00:00,0.0001,0.0
2022-07-21 16:00:00.011000+00:00,1658419200011,2022-07-21T16:00:00.011000+00:00,0.0001,0.0
2022-07-22 00:00:00.014000+00:00,1658448000014,2022-07-22T00:00:00.014000+00:00,0.0001,0.0
2022-07-22 08:00:00+00:00,1658476800000,2022-07-22T08:00:00+00:00,0.0001,0.0
2022-07-22 16:00:00+00:00,1658505600000,2022-07-22T16:00:00+00:00,0.0001,0.0
2022-07-23 00:00:00.004000+00:00,1658534400004,2022-07-23T00:00:00.004000+00:00,0.0001,0.0
2022-07-23 08:00:00.002000+00:00,1658563200002,2022-07-23T08:00:00.002000+00:00,8.997e-05,0.0
2022-07-23 16:00:00.001000+00:00,1658592000001,2022-07-23T16:00:00.001000+00:00,-8.26e-06,0.0
2022-07-24 00:00:00+00:00,1658620800000,2022-07-24T00:00:00+00:00,0.0001,0.0
2022-07-24 08:00:00.011000+00:00,1658649600011,2022-07-24T08:00:00.011000+00:00,0.0001,0.0
2022-07-24 16:00:00+00:00,1658678400000,2022-07-24T16:00:00+00:00,0.0001,0.0
2022-07-25 00:00:00+00:00,1658707200000,2022-07-25T00:00:00+00:00,0.0001,0.0
2022-07-25 08:00:00.014000+00:00,1658736000014,2022-07-25T08:00:00.014000+00:00,4.133e-05,0.0
2022-07-25 16:00:00.006000+00:00,1658764800006,2022-07-25T16:00:00.006000+00:00,6.011e-05,0.0
2022-07-26 00:00:00.010000+00:00,1658793600010,2022-07-26T00:00:00.010000+00:00,-1.402e-05,0.0
2022-07-26 08:00:00+00:00,1658822400000,2022-07-26T08:00:00+00:00,-3.087e-05,0.0
2022-07-26 16:00:00+00:00,1658851200000,2022-07-26T16:00:00+00:00,1.12e-06,0.0
2022-07-27 00:00:00.008000+00:00,1658880000008,2022-07-27T00:00:00.008000+00:00,-3.923e-05,0.0
2022-07-27 08:00:00+00:00,1658908800000,2022-07-27T08:00:00+00:00,3.766e-05,0.0
2022-07-27 16:00:00.003000+00:00,1658937600003,2022-07-27T16:00:00.003000+00:00,5.662e-05,0.0
2022-07-28 00:00:00.009000+00:00,1658966400009,2022-07-28T00:00:00.009000+00:00,0.0001,0.0
2022-07-28 08:00:00.008000+00:00,1658995200008,2022-07-28T08:00:00.008000+00:00,0.0001,0.0
2022-07-28 16:00:00.013000+00:00,1659024000013,2022-07-28T16:00:00.013000+00:00,0.0001,0.0
2022-07-29 00:00:00+00:00,1659052800000,2022-07-29T00:00:00+00:00,0.0001,0.0
2022-07-29 08:00:00+00:00,1659081600000,2022-07-29T08:00:00+00:00,0.0001,0.0
2022-07-29 16:00:00+00:00,1659110400000,2022-07-29T16:00:00+00:00,0.0001,0.0
2022-07-30 00:00:00.005000+00:00,1659139200005,2022-07-30T00:00:00.005000+00:00,0.0001,0.0
2022-07-30 08:00:00.009000+00:00,1659168000009,2022-07-30T08:00:00.009000+00:00,0.0001,0.0
2022-07-30 16:00:00+00:00,1659196800000,2022-07-30T16:00:00+00:00,0.0001,0.0
2022-07-31 00:00:00.022000+00:00,1659225600022,2022-07-31T00:00:00.022000+00:00,0.0001,0.0
2022-07-31 08:00:00.011000+00:00,1659254400011,2022-07-31T08:00:00.011000+00:00,0.0001,0.0
2022-07-31 16:00:00.019000+00:00,1659283200019,2022-07-31T16:00:00.019000+00:00,0.0001,0.0
2022-08-01 00:00:00.010000+00:00,1659312000010,2022-08-01T00:00:00.010000+00:00,0.0001,0.0
2022-08-01 08:00:00.019000+00:00,1659340800019,2022-08-01T08:00:00.019000+00:00,0.0001,0.0
2022-08-01 16:00:00.017000+00:00,1659369600017,2022-08-01T16:00:00.017000+00:00,0.0001,0.0
2022-08-02 00:00:00+00:00,1659398400000,2022-08-02T00:00:00+00:00,3.147e-05,0.0
2022-08-02 08:00:00.007000+00:00,1659427200007,2022-08-02T08:00:00.007000+00:00,-8.875e-05,0.0
2022-08-02 16:00:00.014000+00:00,1659456000014,2022-08-02T16:00:00.014000+00:00,8.449e-05,0.0
2022-08-03 00:00:00.001000+00:00,1659484800001,2022-08-03T00:00:00.001000+00:00,1.702e-05,0.0
2022-08-03 08:00:00.020000+00:00,1659513600020,2022-08-03T08:00:00.020000+00:00,0.0001,0.0
2022-08-03 16:00:00.008000+00:00,1659542400008,2022-08-03T16:00:00.008000+00:00,0.0001,0.0
2022-08-04 00:00:00.001000+00:00,1659571200001,2022-08-04T00:00:00.001000+00:00,2.795e-05,0.0
2022-08-04 08:00:00.009000+00:00,1659600000009,2022-08-04T08:00:00.009000+00:00,9.266e-05,0.0
2022-08-04 16:00:00.015000+00:00,1659628800015,2022-08-04T16:00:00.015000+00:00,3.983e-05,0.0
2022-08-05 00:00:00.005000+00:00,1659657600005,2022-08-05T00:00:00.005000+00:00,3.723e-05,0.0
2022-08-05 08:00:00+00:00,1659686400000,2022-08-05T08:00:00+00:00,0.0001,0.0
2022-08-05 16:00:00+00:00,1659715200000,2022-08-05T16:00:00+00:00,0.0001,0.0
2022-08-06 00:00:00.021000+00:00,1659744000021,2022-08-06T00:00:00.021000+00:00,0.0001,0.0
2022-08-06 08:00:00+00:00,1659772800000,2022-08-06T08:00:00+00:00,0.0001,0.0
2022-08-06 16:00:00.015000+00:00,1659801600015,2022-08-06T16:00:00.015000+00:00,0.0001,0.0
2022-08-07 00:00:00.013000+00:00,1659830400013,2022-08-07T00:00:00.013000+00:00,0.0001,0.0
2022-08-07 08:00:00+00:00,1659859200000,2022-08-07T08:00:00+00:00,0.0001,0.0
2022-08-07 16:00:00.014000+00:00,1659888000014,2022-08-07T16:00:00.014000+00:00,0.0001,0.0
2022-08-08 00:00:00.009000+00:00,1659916800009,2022-08-08T00:00:00.009000+00:00,0.0001,0.0
2022-08-08 08:00:00.006000+00:00,1659945600006,2022-08-08T08:00:00.006000+00:00,0.0001,0.0
2022-08-08 16:00:00+00:00,1659974400000,2022-08-08T16:00:00+00:00,0.0001,0.0
2022-08-09 00:00:00.020000+00:00,1660003200020,2022-08-09T00:00:00.020000+00:00,0.0001,0.0
2022-08-09 08:00:00+00:00,1660032000000,2022-08-09T08:00:00+00:00,0.0001,0.0
2022-08-09 16:00:00+00:00,1660060800000,2022-08-09T16:00:00+00:00,4.83e-06,0.0
2022-08-10 00:00:00+00:00,1660089600000,2022-08-10T00:00:00+00:00,-5.734e-05,0.0
2022-08-10 08:00:00.016000+00:00,1660118400016,2022-08-10T08:00:00.016000+00:00,-1.64e-05,0.0
2022-08-10 16:00:00.018000+00:00,1660147200018,2022-08-10T16:00:00.018000+00:00,0.0001,0.0
2022-08-11 00:00:00.012000+00:00,1660176000012,2022-08-11T00:00:00.012000+00:00,0.0001,0.0
2022-08-11 08:00:00+00:00,1660204800000,2022-08-11T08:00:00+00:00,0.0001,0.0
2022-08-11 16:00:00+00:00,1660233600000,2022-08-11T16:00:00+00:00,0.0001,0.0
2022-08-12 00:00:00.006000+00:00,1660262400006,2022-08-12T00:00:00.006000+00:00,0.0001,0.0
2022-08-12 08:00:00+00:00,1660291200000,2022-08-12T08:00:00+00:00,0.0001,0.0
2022-08-12 16:00:00.005000+00:00,1660320000005,2022-08-12T16:00:00.005000+00:00,5.119e-05,0.0
2022-08-13 00:00:00.012000+00:00,1660348800012,2022-08-13T00:00:00.012000+00:00,9.612e-05,0.0
2022-08-13 08:00:00.006000+00:00,1660377600006,2022-08-13T08:00:00.006000+00:00,0.0001,0.0
2022-08-13 16:00:00.018000+00:00,1660406400018,2022-08-13T16:00:00.018000+00:00,0.0001,0.0
2022-08-14 00:00:00+00:00,1660435200000,2022-08-14T00:00:00+00:00,0.0001,0.0
2022-08-14 08:00:00+00:00,1660464000000,2022-08-14T08:00:00+00:00,0.0001,0.0
2022-08-14 16:00:00+00:00,1660492800000,2022-08-14T16:00:00+00:00,0.0001,0.0
2022-08-15 00:00:00.010000+00:00,1660521600010,2022-08-15T00:00:00.010000+00:00,4.568e-05,0.0
2022-08-15 08:00:00.002000+00:00,1660550400002,2022-08-15T08:00:00.002000+00:00,5.886e-05,0.0
2022-08-15 16:00:00.010000+00:00,1660579200010,2022-08-15T16:00:00.010000+00:00,1.11e-06,0.0
2022-08-16 00:00:00.010000+00:00,1660608000010,2022-08-16T00:00:00.010000+00:00,2.457e-05,0.0
2022-08-16 08:00:00.002000+00:00,1660636800002,2022-08-16T08:00:00.002000+00:00,9.97e-05,0.0
2022-08-16 16:00:00+00:00,1660665600000,2022-08-16T16:00:00+00:00,-2.544e-05,0.0
2022-08-17 00:00:00.020000+00:00,1660694400020,2022-08-17T00:00:00.020000+00:00,4.303e-05,0.0
2022-08-17 08:00:00.016000+00:00,1660723200016,2022-08-17T08:00:00.016000+00:00,0.0001,0.0
2022-08-17 16:00:00.001000+00:00,1660752000001,2022-08-17T16:00:00.001000+00:00,8.825e-05,0.0
2022-08-18 00:00:00.005000+00:00,1660780800005,2022-08-18T00:00:00.005000+00:00,8.9e-07,0.0
2022-08-18 08:00:00.012000+00:00,1660809600012,2022-08-18T08:00:00.012000+00:00,1.441e-05,0.0
2022-08-18 16:00:00.013000+00:00,1660838400013,2022-08-18T16:00:00.013000+00:00,8.198e-05,0.0
2022-08-19 00:00:00+00:00,1660867200000,2022-08-19T00:00:00+00:00,5.022e-05,0.0
2022-08-19 08:00:00+00:00,1660896000000,2022-08-19T08:00:00+00:00,-3.574e-05,0.0
2022-08-19 16:00:00.009000+00:00,1660924800009,2022-08-19T16:00:00.009000+00:00,-0.00020603,0.0
2022-08-20 00:00:00+00:00,1660953600000,2022-08-20T00:00:00+00:00,-0.00019687,0.0
2022-08-20 08:00:00.005000+00:00,1660982400005,2022-08-20T08:00:00.005000+00:00,-7.994e-05,0.0
2022-08-20 16:00:00+00:00,1661011200000,2022-08-20T16:00:00+00:00,5.575e-05,0.0
2022-08-21 00:00:00.010000+00:00,1661040000010,2022-08-21T00:00:00.010000+00:00,2.25e-06,0.0
2022-08-21 08:00:00.013000+00:00,1661068800013,2022-08-21T08:00:00.013000+00:00,-5.084e-05,0.0
2022-08-21 16:00:00+00:00,1661097600000,2022-08-21T16:00:00+00:00,-6.82e-06,0.0
2022-08-22 00:00:00.011000+00:00,1661126400011,2022-08-22T00:00:00.011000+00:00,-9.981e-05,0.0
2022-08-22 08:00:00.005000+00:00,1661155200005,2022-08-22T08:00:00.005000+00:00,0.0001,0.0
2022-08-22 16:00:00.005000+00:00,1661184000005,2022-08-22T16:00:00.005000+00:00,-4.856e-05,0.0
2022-08-23 00:00:00+00:00,1661212800000,2022-08-23T00:00:00+00:00,0.0001,0.0
2022-08-23 08:00:00.021000+00:00,1661241600021,2022-08-23T08:00:00.021000+00:00,0.0001,0.0
2022-08-23 16:00:00.005000+00:00,1661270400005,2022-08-23T16:00:00.005000+00:00,5.188e-05,0.0
2022-08-24 00:00:00.017000+00:00,1661299200017,2022-08-24T00:00:00.017000+00:00,0.0001,0.0
2022-08-24 08:00:00.021000+00:00,1661328000021,2022-08-24T08:00:00.021000+00:00,4.357e-05,0.0
2022-08-24 16:00:00+00:00,1661356800000,2022-08-24T16:00:00+00:00,4.027e-05,0.0
2022-08-25 00:00:00.003000+00:00,1661385600003,2022-08-25T00:00:00.003000+00:00,2.667e-05,0.0
2022-08-25 08:00:00+00:00,1661414400000,2022-08-25T08:00:00+00:00,1.674e-05,0.0
2022-08-25 16:00:00.004000+00:00,1661443200004,2022-08-25T16:00:00.004000+00:00,2.368e-05,0.0
2022-08-26 00:00:00.001000+00:00,1661472000001,2022-08-26T00:00:00.001000+00:00,7.875e-05,0.0
2022-08-26 08:00:00.004000+00:00,1661500800004,2022-08-26T08:00:00.004000+00:00,-6.45e-06,0.0
2022-08-26 16:00:00+00:00,1661529600000,2022-08-26T16:00:00+00:00,4.449e-05,0.0
2022-08-27 00:00:00.010000+00:00,1661558400010,2022-08-27T00:00:00.010000+00:00,-0.00013227,0.0
2022-08-27 08:00:00.007000+00:00,1661587200007,2022-08-27T08:00:00.007000+00:00,-2.044e-05,0.0
2022-08-27 16:00:00.008000+00:00,1661616000008,2022-08-27T16:00:00.008000+00:00,-9.266e-05,0.0
2022-08-28 00:00:00.019000+00:00,1661644800019,2022-08-28T00:00:00.019000+00:00,-1.584e-05,0.0
2022-08-28 08:00:00+00:00,1661673600000,2022-08-28T08:00:00+00:00,8.313e-05,0.0
2022-08-28 16:00:00+00:00,1661702400000,2022-08-28T16:00:00+00:00,-6.49e-06,0.0
2022-08-29 00:00:00+00:00,1661731200000,2022-08-29T00:00:00+00:00,-3.128e-05,0.0
2022-08-29 08:00:00+00:00,1661760000000,2022-08-29T08:00:00+00:00,2.327e-05,0.0
2022-08-29 16:00:00.001000+00:00,1661788800001,2022-08-29T16:00:00.001000+00:00,3.902e-05,0.0
2022-08-30 00:00:00.001000+00:00,1661817600001,2022-08-30T00:00:00.001000+00:00,3.759e-05,0.0
2022-08-30 08:00:00.005000+00:00,1661846400005,2022-08-30T08:00:00.005000+00:00,0.0001,0.0
2022-08-30 16:00:00.010000+00:00,1661875200010,2022-08-30T16:00:00.010000+00:00,3.318e-05,0.0
2022-08-31 00:00:00+00:00,1661904000000,2022-08-31T00:00:00+00:00,-2.581e-05,0.0
2022-08-31 08:00:00.005000+00:00,1661932800005,2022-08-31T08:00:00.005000+00:00,0.0001,0.0
2022-08-31 16:00:00.013000+00:00,1661961600013,2022-08-31T16:00:00.013000+00:00,8.931e-05,0.0
2022-09-01 00:00:00.012000+00:00,1661990400012,2022-09-01T00:00:00.012000+00:00,7.614e-05,0.0
2022-09-01 08:00:00+00:00,1662019200000,2022-09-01T08:00:00+00:00,5.21e-06,0.0
2022-09-01 16:00:00.013000+00:00,1662048000013,2022-09-01T16:00:00.013000+00:00,0.0001,0.0
2022-09-02 00:00:00.002000+00:00,1662076800002,2022-09-02T00:00:00.002000+00:00,0.0001,0.0
2022-09-02 08:00:00.013000+00:00,1662105600013,2022-09-02T08:00:00.013000+00:00,-2.546e-05,0.0
2022-09-02 16:00:00+00:00,1662134400000,2022-09-02T16:00:00+00:00,-3.366e-05,0.0
2022-09-03 00:00:00+00:00,1662163200000,2022-09-03T00:00:00+00:00,8.199e-05,0.0
2022-09-03 08:00:00.002000+00:00,1662192000002,2022-09-03T08:00:00.002000+00:00,-5e-07,0.0
2022-09-03 16:00:00.007000+00:00,1662220800007,2022-09-03T16:00:00.007000+00:00,8.429e-05,0.0
2022-09-04 00:00:00.008000+00:00,1662249600008,2022-09-04T00:00:00.008000+00:00,6.187e-05,0.0
2022-09-04 08:00:00.009000+00:00,1662278400009,2022-09-04T08:00:00.009000+00:00,-5.988e-05,0.0
2022-09-04 16:00:00+00:00,1662307200000,2022-09-04T16:00:00+00:00,4.016e-05,0.0
2022-09-05 00:00:00.015000+00:00,1662336000015,2022-09-05T00:00:00.015000+00:00,3.515e-05,0.0
2022-09-05 08:00:00.013000+00:00,1662364800013,2022-09-05T08:00:00.013000+00:00,-2.87e-06,0.0
2022-09-05 16:00:00.007000+00:00,1662393600007,2022-09-05T16:00:00.007000+00:00,9.862e-05,0.0
2022-09-06 00:00:00.018000+00:00,1662422400018,2022-09-06T00:00:00.018000+00:00,5.798e-05,0.0
2022-09-06 08:00:00.020000+00:00,1662451200020,2022-09-06T08:00:00.020000+00:00,1.988e-05,0.0
2022-09-06 16:00:00.028000+00:00,1662480000028,2022-09-06T16:00:00.028000+00:00,-4.209e-05,0.0
2022-09-07 00:00:00.013000+00:00,1662508800013,2022-09-07T00:00:00.013000+00:00,-9.521e-05,0.0
2022-09-07 08:00:00.022000+00:00,1662537600022,2022-09-07T08:00:00.022000+00:00,-9.874e-05,0.0
2022-09-07 16:00:00.021000+00:00,1662566400021,2022-09-07T16:00:00.021000+00:00,-0.0001283,0.0
2022-09-08 00:00:00.010000+00:00,1662595200010,2022-09-08T00:00:00.010000+00:00,-6.389e-05,0.0
2022-09-08 08:00:00+00:00,1662624000000,2022-09-08T08:00:00+00:00,-0.00012898,0.0
2022-09-08 16:00:00.003000+00:00,1662652800003,2022-09-08T16:00:00.003000+00:00,-2.46e-05,0.0
2022-09-09 00:00:00.011000+00:00,1662681600011,2022-09-09T00:00:00.011000+00:00,-4.332e-05,0.0
2022-09-09 08:00:00+00:00,1662710400000,2022-09-09T08:00:00+00:00,0.0001,0.0
2022-09-09 16:00:00+00:00,1662739200000,2022-09-09T16:00:00+00:00,0.0001,0.0
2022-09-10 00:00:00.003000+00:00,1662768000003,2022-09-10T00:00:00.003000+00:00,0.0001,0.0
2022-09-10 08:00:00+00:00,1662796800000,2022-09-10T08:00:00+00:00,0.0001,0.0
2022-09-10 16:00:00.012000+00:00,1662825600012,2022-09-10T16:00:00.012000+00:00,0.0001,0.0
2022-09-11 00:00:00.009000+00:00,1662854400009,2022-09-11T00:00:00.009000+00:00,0.0001,0.0
2022-09-11 08:00:00.012000+00:00,1662883200012,2022-09-11T08:00:00.012000+00:00,7.105e-05,0.0
2022-09-11 16:00:00.005000+00:00,1662912000005,2022-09-11T16:00:00.005000+00:00,0.0001,0.0
2022-09-12 00:00:00.007000+00:00,1662940800007,2022-09-12T00:00:00.007000+00:00,8.321e-05,0.0
2022-09-12 08:00:00.013000+00:00,1662969600013,2022-09-12T08:00:00.013000+00:00,2.635e-05,0.0
2022-09-12 16:00:00+00:00,1662998400000,2022-09-12T16:00:00+00:00,3.962e-05,0.0
2022-09-13 00:00:00.004000+00:00,1663027200004,2022-09-13T00:00:00.004000+00:00,5.199e-05,0.0
2022-09-13 08:00:00+00:00,1663056000000,2022-09-13T08:00:00+00:00,7.68e-05,0.0
2022-09-13 16:00:00+00:00,1663084800000,2022-09-13T16:00:00+00:00,0.0001,0.0
2022-09-14 00:00:00+00:00,1663113600000,2022-09-14T00:00:00+00:00,-6.058e-05,0.0
2022-09-14 08:00:00+00:00,1663142400000,2022-09-14T08:00:00+00:00,-7.945e-05,0.0
2022-09-14 16:00:00+00:00,1663171200000,2022-09-14T16:00:00+00:00,1.394e-05,0.0
2022-09-15 00:00:00.019000+00:00,1663200000019,2022-09-15T00:00:00.019000+00:00,6.762e-05,0.0
2022-09-15 08:00:00.012000+00:00,1663228800012,2022-09-15T08:00:00.012000+00:00,-5.23e-05,0.0
2022-09-15 16:00:00.007000+00:00,1663257600007,2022-09-15T16:00:00.007000+00:00,1.707e-05,0.0
2022-09-16 00:00:00+00:00,1663286400000,2022-09-16T00:00:00+00:00,2.156e-05,0.0
2022-09-16 08:00:00+00:00,1663315200000,2022-09-16T08:00:00+00:00,6.83e-05,0.0
2022-09-16 16:00:00+00:00,1663344000000,2022-09-16T16:00:00+00:00,1.12e-05,0.0
2022-09-17 00:00:00+00:00,1663372800000,2022-09-17T00:00:00+00:00,4.433e-05,0.0
2022-09-17 08:00:00.012000+00:00,1663401600012,2022-09-17T08:00:00.012000+00:00,-7.138e-05,0.0
2022-09-17 16:00:00.017000+00:00,1663430400017,2022-09-17T16:00:00.017000+00:00,-0.00013654,0.0
2022-09-18 00:00:00+00:00,1663459200000,2022-09-18T00:00:00+00:00,8.051e-05,0.0
2022-09-18 08:00:00.004000+00:00,1663488000004,2022-09-18T08:00:00.004000+00:00,4.395e-05,0.0
2022-09-18 16:00:00+00:00,1663516800000,2022-09-18T16:00:00+00:00,-8.131e-05,0.0
2022-09-19 00:00:00.018000+00:00,1663545600018,2022-09-19T00:00:00.018000+00:00,-0.00010462,0.0
2022-09-19 08:00:00.006000+00:00,1663574400006,2022-09-19T08:00:00.006000+00:00,-8e-05,0.0
2022-09-19 16:00:00.010000+00:00,1663603200010,2022-09-19T16:00:00.010000+00:00,-5.396e-05,0.0
2022-09-20 00:00:00.007000+00:00,1663632000007,2022-09-20T00:00:00.007000+00:00,-9.678e-05,0.0
2022-09-20 08:00:00.001000+00:00,1663660800001,2022-09-20T08:00:00.001000+00:00,-1.783e-05,0.0
2022-09-20 16:00:00+00:00,1663689600000,2022-09-20T16:00:00+00:00,-1.56e-06,0.0
2022-09-21 00:00:00.001000+00:00,1663718400001,2022-09-21T00:00:00.001000+00:00,5.97e-06,0.0
2022-09-21 08:00:00.005000+00:00,1663747200005,2022-09-21T08:00:00.005000+00:00,-2.296e-05,0.0
2022-09-21 16:00:00+00:00,1663776000000,2022-09-21T16:00:00+00:00,1.17e-05,0.0
2022-09-22 00:00:00+00:00,1663804800000,2022-09-22T00:00:00+00:00,-0.00013511,0.0
2022-09-22 08:00:00+00:00,1663833600000,2022-09-22T08:00:00+00:00,-9.672e-05,0.0
2022-09-22 16:00:00.011000+00:00,1663862400011,2022-09-22T16:00:00.011000+00:00,8.14e-05,0.0
2022-09-23 00:00:00.023000+00:00,1663891200023,2022-09-23T00:00:00.023000+00:00,7.757e-05,0.0
2022-09-23 08:00:00.004000+00:00,1663920000004,2022-09-23T08:00:00.004000+00:00,0.0001,0.0
2022-09-23 16:00:00.005000+00:00,1663948800005,2022-09-23T16:00:00.005000+00:00,-7.265e-05,0.0
2022-09-24 00:00:00+00:00,1663977600000,2022-09-24T00:00:00+00:00,0.0001,0.0
2022-09-24 08:00:00.005000+00:00,1664006400005,2022-09-24T08:00:00.005000+00:00,0.0001,0.0
2022-09-24 16:00:00+00:00,1664035200000,2022-09-24T16:00:00+00:00,0.0001,0.0
2022-09-25 00:00:00.010000+00:00,1664064000010,2022-09-25T00:00:00.010000+00:00,0.0001,0.0
2022-09-25 08:00:00+00:00,1664092800000,2022-09-25T08:00:00+00:00,0.0001,0.0
2022-09-25 16:00:00.003000+00:00,1664121600003,2022-09-25T16:00:00.003000+00:00,3.184e-05,0.0
2022-09-26 00:00:00.001000+00:00,1664150400001,2022-09-26T00:00:00.001000+00:00,5.414e-05,0.0
2022-09-26 08:00:00.006000+00:00,1664179200006,2022-09-26T08:00:00.006000+00:00,9.83e-06,0.0
2022-09-26 16:00:00+00:00,1664208000000,2022-09-26T16:00:00+00:00,2.646e-05,0.0
2022-09-27 00:00:00.026000+00:00,1664236800026,2022-09-27T00:00:00.026000+00:00,2.222e-05,0.0
2022-09-27 08:00:00.004000+00:00,1664265600004,2022-09-27T08:00:00.004000+00:00,0.0001,0.0
2022-09-27 16:00:00.006000+00:00,1664294400006,2022-09-27T16:00:00.006000+00:00,0.0001,0.0
2022-09-28 00:00:00.011000+00:00,1664323200011,2022-09-28T00:00:00.011000+00:00,-0.00012505,0.0
2022-09-28 08:00:00+00:00,1664352000000,2022-09-28T08:00:00+00:00,-4.391e-05,0.0
2022-09-28 16:00:00+00:00,1664380800000,2022-09-28T16:00:00+00:00,-8.31e-06,0.0
2022-09-29 00:00:00.010000+00:00,1664409600010,2022-09-29T00:00:00.010000+00:00,6.959e-05,0.0
2022-09-29 08:00:00+00:00,1664438400000,2022-09-29T08:00:00+00:00,0.0001,0.0
2022-09-29 16:00:00+00:00,1664467200000,2022-09-29T16:00:00+00:00,8.529e-05,0.0
2022-09-30 00:00:00.006000+00:00,1664496000006,2022-09-30T00:00:00.006000+00:00,0.0001,0.0
2022-09-30 08:00:00.002000+00:00,1664524800002,2022-09-30T08:00:00.002000+00:00,0.0001,0.0
2022-09-30 16:00:00.007000+00:00,1664553600007,2022-09-30T16:00:00.007000+00:00,0.0001,0.0
2022-10-01 00:00:00.008000+00:00,1664582400008,2022-10-01T00:00:00.008000+00:00,3.337e-05,0.0
2022-10-01 08:00:00.011000+00:00,1664611200011,2022-10-01T08:00:00.011000+00:00,-1.176e-05,0.0
2022-10-01 16:00:00+00:00,1664640000000,2022-10-01T16:00:00+00:00,2.761e-05,0.0
2022-10-02 00:00:00+00:00,1664668800000,2022-10-02T00:00:00+00:00,-3.777e-05,0.0
2022-10-02 08:00:00+00:00,1664697600000,2022-10-02T08:00:00+00:00,6.495e-05,0.0
2022-10-02 16:00:00.006000+00:00,1664726400006,2022-10-02T16:00:00.006000+00:00,-5.271e-05,0.0
2022-10-03 00:00:00+00:00,1664755200000,2022-10-03T00:00:00+00:00,-7.71e-06,0.0
2022-10-03 08:00:00.014000+00:00,1664784000014,2022-10-03T08:00:00.014000+00:00,7.663e-05,0.0
2022-10-03 16:00:00.010000+00:00,1664812800010,2022-10-03T16:00:00.010000+00:00,0.0001,0.0
2022-10-04 00:00:00.006000+00:00,1664841600006,2022-10-04T00:00:00.006000+00:00,0.0001,0.0
2022-10-04 08:00:00.004000+00:00,1664870400004,2022-10-04T08:00:00.004000+00:00,6.649e-05,0.0
2022-10-04 16:00:00.013000+00:00,1664899200013,2022-10-04T16:00:00.013000+00:00,7.48e-05,0.0
2022-10-05 00:00:00+00:00,1664928000000,2022-10-05T00:00:00+00:00,5.357e-05,0.0
2022-10-05 08:00:00+00:00,1664956800000,2022-10-05T08:00:00+00:00,6.529e-05,0.0
2022-10-05 16:00:00.012000+00:00,1664985600012,2022-10-05T16:00:00.012000+00:00,1.96e-06,0.0
2022-10-06 00:00:00.008000+00:00,1665014400008,2022-10-06T00:00:00.008000+00:00,5.316e-05,0.0
2022-10-06 08:00:00.002000+00:00,1665043200002,2022-10-06T08:00:00.002000+00:00,0.0001,0.0
2022-10-06 16:00:00.006000+00:00,1665072000006,2022-10-06T16:00:00.006000+00:00,1.659e-05,0.0
2022-10-07 00:00:00+00:00,1665100800000,2022-10-07T00:00:00+00:00,-2.35e-06,0.0
2022-10-07 08:00:00+00:00,1665129600000,2022-10-07T08:00:00+00:00,3.077e-05,0.0
2022-10-07 16:00:00.007000+00:00,1665158400007,2022-10-07T16:00:00.007000+00:00,1.373e-05,0.0
2022-10-08 00:00:00.010000+00:00,1665187200010,2022-10-08T00:00:00.010000+00:00,1.541e-05,0.0
2022-10-08 08:00:00.004000+00:00,1665216000004,2022-10-08T08:00:00.004000+00:00,5.703e-05,0.0
2022-10-08 16:00:00.018000+00:00,1665244800018,2022-10-08T16:00:00.018000+00:00,0.0001,0.0
2022-10-09 00:00:00+00:00,1665273600000,2022-10-09T00:00:00+00:00,7.835e-05,0.0
2022-10-09 08:00:00.007000+00:00,1665302400007,2022-10-09T08:00:00.007000+00:00,3.66e-05,0.0
2022-10-09 16:00:00.011000+00:00,1665331200011,2022-10-09T16:00:00.011000+00:00,0.0001,0.0
2022-10-10 00:00:00.018000+00:00,1665360000018,2022-10-10T00:00:00.018000+00:00,0.0001,0.0
2022-10-10 08:00:00+00:00,1665388800000,2022-10-10T08:00:00+00:00,0.0001,0.0
2022-10-10 16:00:00.026000+00:00,1665417600026,2022-10-10T16:00:00.026000+00:00,9.92e-06,0.0
2022-10-11 00:00:00.020000+00:00,1665446400020,2022-10-11T00:00:00.020000+00:00,7.032e-05,0.0
2022-10-11 08:00:00.027000+00:00,1665475200027,2022-10-11T08:00:00.027000+00:00,-1.62e-06,0.0
2022-10-11 16:00:00+00:00,1665504000000,2022-10-11T16:00:00+00:00,4.404e-05,0.0
2022-10-12 00:00:00.014000+00:00,1665532800014,2022-10-12T00:00:00.014000+00:00,8.025e-05,0.0
2022-10-12 08:00:00+00:00,1665561600000,2022-10-12T08:00:00+00:00,5.198e-05,0.0
2022-10-12 16:00:00+00:00,1665590400000,2022-10-12T16:00:00+00:00,9.863e-05,0.0
2022-10-13 00:00:00.013000+00:00,1665619200013,2022-10-13T00:00:00.013000+00:00,7.608e-05,0.0
2022-10-13 08:00:00.016000+00:00,1665648000016,2022-10-13T08:00:00.016000+00:00,4.41e-05,0.0
2022-10-13 16:00:00.009000+00:00,1665676800009,2022-10-13T16:00:00.009000+00:00,-3.113e-05,0.0
2022-10-14 00:00:00.020000+00:00,1665705600020,2022-10-14T00:00:00.020000+00:00,4.529e-05,0.0
2022-10-14 08:00:00+00:00,1665734400000,2022-10-14T08:00:00+00:00,0.0001,0.0
2022-10-14 16:00:00.009000+00:00,1665763200009,2022-10-14T16:00:00.009000+00:00,5.907e-05,0.0
2022-10-15 00:00:00.001000+00:00,1665792000001,2022-10-15T00:00:00.001000+00:00,-4.108e-05,0.0
2022-10-15 08:00:00.005000+00:00,1665820800005,2022-10-15T08:00:00.005000+00:00,-0.0001052,0.0
2022-10-15 16:00:00.004000+00:00,1665849600004,2022-10-15T16:00:00.004000+00:00,-9.04e-06,0.0
2022-10-16 00:00:00.012000+00:00,1665878400012,2022-10-16T00:00:00.012000+00:00,1.189e-05,0.0
2022-10-16 08:00:00+00:00,1665907200000,2022-10-16T08:00:00+00:00,-1.06e-06,0.0
2022-10-16 16:00:00.010000+00:00,1665936000010,2022-10-16T16:00:00.010000+00:00,-8.184e-05,0.0
2022-10-17 00:00:00.012000+00:00,1665964800012,2022-10-17T00:00:00.012000+00:00,-3.892e-05,0.0
2022-10-17 08:00:00.010000+00:00,1665993600010,2022-10-17T08:00:00.010000+00:00,6.717e-05,0.0
2022-10-17 16:00:00.017000+00:00,1666022400017,2022-10-17T16:00:00.017000+00:00,0.0001,0.0
2022-10-18 00:00:00.010000+00:00,1666051200010,2022-10-18T00:00:00.010000+00:00,7.237e-05,0.0
2022-10-18 08:00:00.008000+00:00,1666080000008,2022-10-18T08:00:00.008000+00:00,6.592e-05,0.0
2022-10-18 16:00:00+00:00,1666108800000,2022-10-18T16:00:00+00:00,7.533e-05,0.0
2022-10-19 00:00:00.007000+00:00,1666137600007,2022-10-19T00:00:00.007000+00:00,1.34e-05,0.0
2022-10-19 08:00:00.022000+00:00,1666166400022,2022-10-19T08:00:00.022000+00:00,0.0001,0.0
2022-10-19 16:00:00.016000+00:00,1666195200016,2022-10-19T16:00:00.016000+00:00,4.55e-05,0.0
2022-10-20 00:00:00+00:00,1666224000000,2022-10-20T00:00:00+00:00,-1.437e-05,0.0
2022-10-20 08:00:00.013000+00:00,1666252800013,2022-10-20T08:00:00.013000+00:00,7.983e-05,0.0
2022-10-20 16:00:00+00:00,1666281600000,2022-10-20T16:00:00+00:00,4.706e-05,0.0
2022-10-21 00:00:00.005000+00:00,1666310400005,2022-10-21T00:00:00.005000+00:00,8.441e-05,0.0
2022-10-21 08:00:00.018000+00:00,1666339200018,2022-10-21T08:00:00.018000+00:00,2.629e-05,0.0
2022-10-21 16:00:00+00:00,1666368000000,2022-10-21T16:00:00+00:00,-2.947e-05,0.0
2022-10-22 00:00:00+00:00,1666396800000,2022-10-22T00:00:00+00:00,7.175e-05,0.0
2022-10-22 08:00:00.015000+00:00,1666425600015,2022-10-22T08:00:00.015000+00:00,3.607e-05,0.0
2022-10-22 16:00:00+00:00,1666454400000,2022-10-22T16:00:00+00:00,5.679e-05,0.0
2022-10-23 00:00:00.025000+00:00,1666483200025,2022-10-23T00:00:00.025000+00:00,6.579e-05,0.0
2022-10-23 08:00:00+00:00,1666512000000,2022-10-23T08:00:00+00:00,7.958e-05,0.0
2022-10-23 16:00:00.004000+00:00,1666540800004,2022-10-23T16:00:00.004000+00:00,0.0001,0.0
2022-10-24 00:00:00.009000+00:00,1666569600009,2022-10-24T00:00:00.009000+00:00,0.0001,0.0
2022-10-24 08:00:00.012000+00:00,1666598400012,2022-10-24T08:00:00.012000+00:00,0.0001,0.0
2022-10-24 16:00:00.002000+00:00,1666627200002,2022-10-24T16:00:00.002000+00:00,5.212e-05,0.0
2022-10-25 00:00:00.013000+00:00,1666656000013,2022-10-25T00:00:00.013000+00:00,3.778e-05,0.0
2022-10-25 08:00:00.013000+00:00,1666684800013,2022-10-25T08:00:00.013000+00:00,0.0001,0.0
2022-10-25 16:00:00+00:00,1666713600000,2022-10-25T16:00:00+00:00,3.266e-05,0.0
2022-10-26 00:00:00.006000+00:00,1666742400006,2022-10-26T00:00:00.006000+00:00,0.0001,0.0
2022-10-26 08:00:00.013000+00:00,1666771200013,2022-10-26T08:00:00.013000+00:00,0.0001,0.0
2022-10-26 16:00:00+00:00,1666800000000,2022-10-26T16:00:00+00:00,8.819e-05,0.0
2022-10-27 00:00:00.009000+00:00,1666828800009,2022-10-27T00:00:00.009000+00:00,3.95e-05,0.0
2022-10-27 08:00:00.006000+00:00,1666857600006,2022-10-27T08:00:00.006000+00:00,0.0001,0.0
2022-10-27 16:00:00.009000+00:00,1666886400009,2022-10-27T16:00:00.009000+00:00,9.194e-05,0.0
2022-10-28 00:00:00+00:00,1666915200000,2022-10-28T00:00:00+00:00,4.359e-05,0.0
2022-10-28 08:00:00+00:00,1666944000000,2022-10-28T08:00:00+00:00,6.725e-05,0.0
2022-10-28 16:00:00.007000+00:00,1666972800007,2022-10-28T16:00:00.007000+00:00,1.188e-05,0.0
2022-10-29 00:00:00+00:00,1667001600000,2022-10-29T00:00:00+00:00,8.779e-05,0.0
2022-10-29 08:00:00.003000+00:00,1667030400003,2022-10-29T08:00:00.003000+00:00,6.943e-05,0.0
2022-10-29 16:00:00.010000+00:00,1667059200010,2022-10-29T16:00:00.010000+00:00,0.0001,0.0
2022-10-30 00:00:00+00:00,1667088000000,2022-10-30T00:00:00+00:00,9.454e-05,0.0
2022-10-30 08:00:00.013000+00:00,1667116800013,2022-10-30T08:00:00.013000+00:00,0.0001,0.0
2022-10-30 16:00:00.009000+00:00,1667145600009,2022-10-30T16:00:00.009000+00:00,0.0001,0.0
2022-10-31 00:00:00.012000+00:00,1667174400012,2022-10-31T00:00:00.012000+00:00,7.181e-05,0.0
2022-10-31 08:00:00+00:00,1667203200000,2022-10-31T08:00:00+00:00,0.0001,0.0
2022-10-31 16:00:00.010000+00:00,1667232000010,2022-10-31T16:00:00.010000+00:00,6.529e-05,0.0
2022-11-01 00:00:00+00:00,1667260800000,2022-11-01T00:00:00+00:00,7.563e-05,0.0
2022-11-01 08:00:00+00:00,1667289600000,2022-11-01T08:00:00+00:00,0.0001,0.0
2022-11-01 16:00:00+00:00,1667318400000,2022-11-01T16:00:00+00:00,7.209e-05,0.0
2022-11-02 00:00:00+00:00,1667347200000,2022-11-02T00:00:00+00:00,8.323e-05,0.0
2022-11-02 08:00:00+00:00,1667376000000,2022-11-02T08:00:00+00:00,2.141e-05,0.0
2022-11-02 16:00:00.019000+00:00,1667404800019,2022-11-02T16:00:00.019000+00:00,4.726e-05,0.0
2022-11-03 00:00:00.011000+00:00,1667433600011,2022-11-03T00:00:00.011000+00:00,3.13e-06,0.0
2022-11-03 08:00:00.016000+00:00,1667462400016,2022-11-03T08:00:00.016000+00:00,9.361e-05,0.0
2022-11-03 16:00:00.005000+00:00,1667491200005,2022-11-03T16:00:00.005000+00:00,0.0001,0.0
2022-11-04 00:00:00+00:00,1667520000000,2022-11-04T00:00:00+00:00,7.379e-05,0.0
2022-11-04 08:00:00.004000+00:00,1667548800004,2022-11-04T08:00:00.004000+00:00,8.161e-05,0.0
2022-11-04 16:00:00.020000+00:00,1667577600020,2022-11-04T16:00:00.020000+00:00,0.0001,0.0
2022-11-05 00:00:00.009000+00:00,1667606400009,2022-11-05T00:00:00.009000+00:00,8.356e-05,0.0
2022-11-05 08:00:00.007000+00:00,1667635200007,2022-11-05T08:00:00.007000+00:00,8.944e-05,0.0
2022-11-05 16:00:00.018000+00:00,1667664000018,2022-11-05T16:00:00.018000+00:00,0.0001,0.0
2022-11-06 00:00:00.009000+00:00,1667692800009,2022-11-06T00:00:00.009000+00:00,7.052e-05,0.0
2022-11-06 08:00:00+00:00,1667721600000,2022-11-06T08:00:00+00:00,-4.6e-07,0.0
2022-11-06 16:00:00.010000+00:00,1667750400010,2022-11-06T16:00:00.010000+00:00,-2.142e-05,0.0
2022-11-07 00:00:00.012000+00:00,1667779200012,2022-11-07T00:00:00.012000+00:00,2.714e-05,0.0
2022-11-07 08:00:00.014000+00:00,1667808000014,2022-11-07T08:00:00.014000+00:00,0.0001,0.0
2022-11-07 16:00:00.006000+00:00,1667836800006,2022-11-07T16:00:00.006000+00:00,0.0001,0.0
2022-11-08 00:00:00+00:00,1667865600000,2022-11-08T00:00:00+00:00,6.039e-05,0.0
2022-11-08 08:00:00.001000+00:00,1667894400001,2022-11-08T08:00:00.001000+00:00,-2.07e-05,0.0
2022-11-08 16:00:00.005000+00:00,1667923200005,2022-11-08T16:00:00.005000+00:00,6.97e-05,0.0
2022-11-09 00:00:00+00:00,1667952000000,2022-11-09T00:00:00+00:00,-0.00020103,0.0
2022-11-09 08:00:00.013000+00:00,1667980800013,2022-11-09T08:00:00.013000+00:00,0.0001,0.0
2022-11-09 16:00:00.004000+00:00,1668009600004,2022-11-09T16:00:00.004000+00:00,-1.891e-05,0.0
2022-11-10 00:00:00.006000+00:00,1668038400006,2022-11-10T00:00:00.006000+00:00,-0.00029964,0.0
2022-11-10 08:00:00+00:00,1668067200000,2022-11-10T08:00:00+00:00,-3.839e-05,0.0
2022-11-10 16:00:00.015000+00:00,1668096000015,2022-11-10T16:00:00.015000+00:00,0.0001,0.0
2022-11-11 00:00:00+00:00,1668124800000,2022-11-11T00:00:00+00:00,0.0001,0.0
2022-11-11 08:00:00.015000+00:00,1668153600015,2022-11-11T08:00:00.015000+00:00,0.0001,0.0
2022-11-11 16:00:00.027000+00:00,1668182400027,2022-11-11T16:00:00.027000+00:00,0.0001,0.0
2022-11-12 00:00:00.007000+00:00,1668211200007,2022-11-12T00:00:00.007000+00:00,0.0001,0.0
2022-11-12 08:00:00.016000+00:00,1668240000016,2022-11-12T08:00:00.016000+00:00,0.0001,0.0
2022-11-12 16:00:00+00:00,1668268800000,2022-11-12T16:00:00+00:00,0.0001,0.0
2022-11-13 00:00:00.004000+00:00,1668297600004,2022-11-13T00:00:00.004000+00:00,0.0001,0.0
2022-11-13 08:00:00+00:00,1668326400000,2022-11-13T08:00:00+00:00,9.461e-05,0.0
2022-11-13 16:00:00.017000+00:00,1668355200017,2022-11-13T16:00:00.017000+00:00,8.858e-05,0.0
2022-11-14 00:00:00+00:00,1668384000000,2022-11-14T00:00:00+00:00,0.0001,0.0
2022-11-14 08:00:00+00:00,1668412800000,2022-11-14T08:00:00+00:00,3.581e-05,0.0
2022-11-14 16:00:00+00:00,1668441600000,2022-11-14T16:00:00+00:00,0.0001,0.0
2022-11-15 00:00:00.014000+00:00,1668470400014,2022-11-15T00:00:00.014000+00:00,3.781e-05,0.0
2022-11-15 08:00:00.009000+00:00,1668499200009,2022-11-15T08:00:00.009000+00:00,9.925e-05,0.0
2022-11-15 16:00:00.010000+00:00,1668528000010,2022-11-15T16:00:00.010000+00:00,8.647e-05,0.0
2022-11-16 00:00:00.011000+00:00,1668556800011,2022-11-16T00:00:00.011000+00:00,5.423e-05,0.0
2022-11-16 08:00:00.004000+00:00,1668585600004,2022-11-16T08:00:00.004000+00:00,6.324e-05,0.0
2022-11-16 16:00:00.008000+00:00,1668614400008,2022-11-16T16:00:00.008000+00:00,-3.93e-06,0.0
2022-11-17 00:00:00+00:00,1668643200000,2022-11-17T00:00:00+00:00,-1.841e-05,0.0
2022-11-17 08:00:00+00:00,1668672000000,2022-11-17T08:00:00+00:00,1.845e-05,0.0
2022-11-17 16:00:00.006000+00:00,1668700800006,2022-11-17T16:00:00.006000+00:00,8.795e-05,0.0
2022-11-18 00:00:00.004000+00:00,1668729600004,2022-11-18T00:00:00.004000+00:00,4.335e-05,0.0
2022-11-18 08:00:00.016000+00:00,1668758400016,2022-11-18T08:00:00.016000+00:00,9.173e-05,0.0
2022-11-18 16:00:00+00:00,1668787200000,2022-11-18T16:00:00+00:00,0.0001,0.0
2022-11-19 00:00:00+00:00,1668816000000,2022-11-19T00:00:00+00:00,0.0001,0.0
2022-11-19 08:00:00.004000+00:00,1668844800004,2022-11-19T08:00:00.004000+00:00,8.075e-05,0.0
2022-11-19 16:00:00.024000+00:00,1668873600024,2022-11-19T16:00:00.024000+00:00,-3.663e-05,0.0
2022-11-20 00:00:00.015000+00:00,1668902400015,2022-11-20T00:00:00.015000+00:00,-2.431e-05,0.0
2022-11-20 08:00:00.004000+00:00,1668931200004,2022-11-20T08:00:00.004000+00:00,-4.868e-05,0.0
2022-11-20 16:00:00+00:00,1668960000000,2022-11-20T16:00:00+00:00,4.68e-06,0.0
2022-11-21 00:00:00.006000+00:00,1668988800006,2022-11-21T00:00:00.006000+00:00,6.931e-05,0.0
2022-11-21 08:00:00.015000+00:00,1669017600015,2022-11-21T08:00:00.015000+00:00,4.887e-05,0.0
2022-11-21 16:00:00+00:00,1669046400000,2022-11-21T16:00:00+00:00,1.904e-05,0.0
2022-11-22 00:00:00+00:00,1669075200000,2022-11-22T00:00:00+00:00,6.098e-05,0.0
2022-11-22 08:00:00+00:00,1669104000000,2022-11-22T08:00:00+00:00,0.0001,0.0
2022-11-22 16:00:00+00:00,1669132800000,2022-11-22T16:00:00+00:00,0.0001,0.0
2022-11-23 00:00:00+00:00,1669161600000,2022-11-23T00:00:00+00:00,0.0001,0.0
2022-11-23 08:00:00.011000+00:00,1669190400011,2022-11-23T08:00:00.011000+00:00,0.0001,0.0
2022-11-23 16:00:00.014000+00:00,1669219200014,2022-11-23T16:00:00.014000+00:00,0.0001,0.0
2022-11-24 00:00:00.007000+00:00,1669248000007,2022-11-24T00:00:00.007000+00:00,0.0001,0.0
2022-11-24 08:00:00.014000+00:00,1669276800014,2022-11-24T08:00:00.014000+00:00,0.0001,0.0
2022-11-24 16:00:00.013000+00:00,1669305600013,2022-11-24T16:00:00.013000+00:00,0.0001,0.0
2022-11-25 00:00:00.004000+00:00,1669334400004,2022-11-25T00:00:00.004000+00:00,0.0001,0.0
2022-11-25 08:00:00.015000+00:00,1669363200015,2022-11-25T08:00:00.015000+00:00,9.662e-05,0.0
2022-11-25 16:00:00+00:00,1669392000000,2022-11-25T16:00:00+00:00,0.0001,0.0
2022-11-26 00:00:00.011000+00:00,1669420800011,2022-11-26T00:00:00.011000+00:00,0.0001,0.0
2022-11-26 08:00:00+00:00,1669449600000,2022-11-26T08:00:00+00:00,8.417e-05,0.0
2022-11-26 16:00:00+00:00,1669478400000,2022-11-26T16:00:00+00:00,0.0001,0.0
2022-11-27 00:00:00.012000+00:00,1669507200012,2022-11-27T00:00:00.012000+00:00,2.85e-05,0.0
2022-11-27 08:00:00+00:00,1669536000000,2022-11-27T08:00:00+00:00,1.88e-05,0.0
2022-11-27 16:00:00.003000+00:00,1669564800003,2022-11-27T16:00:00.003000+00:00,1.578e-05,0.0
2022-11-28 00:00:00.015000+00:00,1669593600015,2022-11-28T00:00:00.015000+00:00,-2.425e-05,0.0
2022-11-28 08:00:00.004000+00:00,1669622400004,2022-11-28T08:00:00.004000+00:00,4.672e-05,0.0
2022-11-28 16:00:00.011000+00:00,1669651200011,2022-11-28T16:00:00.011000+00:00,6.505e-05,0.0
2022-11-29 00:00:00+00:00,1669680000000,2022-11-29T00:00:00+00:00,9.117e-05,0.0
2022-11-29 08:00:00.015000+00:00,1669708800015,2022-11-29T08:00:00.015000+00:00,8.004e-05,0.0
2022-11-29 16:00:00+00:00,1669737600000,2022-11-29T16:00:00+00:00,6.157e-05,0.0
2022-11-30 00:00:00.007000+00:00,1669766400007,2022-11-30T00:00:00.007000+00:00,4.038e-05,0.0
2022-11-30 08:00:00+00:00,1669795200000,2022-11-30T08:00:00+00:00,3.059e-05,0.0
2022-11-30 16:00:00.015000+00:00,1669824000015,2022-11-30T16:00:00.015000+00:00,8.26e-05,0.0
2022-12-01 00:00:00.001000+00:00,1669852800001,2022-12-01T00:00:00.001000+00:00,1.781e-05,0.0
2022-12-01 08:00:00.006000+00:00,1669881600006,2022-12-01T08:00:00.006000+00:00,3.874e-05,0.0
2022-12-01 16:00:00+00:00,1669910400000,2022-12-01T16:00:00+00:00,3.105e-05,0.0
2022-12-02 00:00:00.001000+00:00,1669939200001,2022-12-02T00:00:00.001000+00:00,0.0001,0.0
2022-12-02 08:00:00.016000+00:00,1669968000016,2022-12-02T08:00:00.016000+00:00,3.528e-05,0.0
2022-12-02 16:00:00.017000+00:00,1669996800017,2022-12-02T16:00:00.017000+00:00,1.831e-05,0.0
2022-12-03 00:00:00.006000+00:00,1670025600006,2022-12-03T00:00:00.006000+00:00,4.006e-05,0.0
2022-12-03 08:00:00+00:00,1670054400000,2022-12-03T08:00:00+00:00,-2.36e-06,0.0
2022-12-03 16:00:00.011000+00:00,1670083200011,2022-12-03T16:00:00.011000+00:00,5e-07,0.0
2022-12-04 00:00:00.006000+00:00,1670112000006,2022-12-04T00:00:00.006000+00:00,-5.55e-06,0.0
2022-12-04 08:00:00+00:00,1670140800000,2022-12-04T08:00:00+00:00,2.144e-05,0.0
2022-12-04 16:00:00.006000+00:00,1670169600006,2022-12-04T16:00:00.006000+00:00,3.636e-05,0.0
2022-12-05 00:00:00.002000+00:00,1670198400002,2022-12-05T00:00:00.002000+00:00,3.729e-05,0.0
2022-12-05 08:00:00.011000+00:00,1670227200011,2022-12-05T08:00:00.011000+00:00,7.612e-05,0.0
2022-12-05 16:00:00.008000+00:00,1670256000008,2022-12-05T16:00:00.008000+00:00,7.444e-05,0.0
2022-12-06 00:00:00.014000+00:00,1670284800014,2022-12-06T00:00:00.014000+00:00,3.595e-05,0.0
2022-12-06 08:00:00.027000+00:00,1670313600027,2022-12-06T08:00:00.027000+00:00,8.262e-05,0.0
2022-12-06 16:00:00.009000+00:00,1670342400009,2022-12-06T16:00:00.009000+00:00,6.232e-05,0.0
2022-12-07 00:00:00+00:00,1670371200000,2022-12-07T00:00:00+00:00,1.471e-05,0.0
2022-12-07 08:00:00+00:00,1670400000000,2022-12-07T08:00:00+00:00,2.382e-05,0.0
2022-12-07 16:00:00+00:00,1670428800000,2022-12-07T16:00:00+00:00,-7.4e-06,0.0
2022-12-08 00:00:00.006000+00:00,1670457600006,2022-12-08T00:00:00.006000+00:00,3.33e-06,0.0
2022-12-08 08:00:00+00:00,1670486400000,2022-12-08T08:00:00+00:00,-1.922e-05,0.0
2022-12-08 16:00:00.014000+00:00,1670515200014,2022-12-08T16:00:00.014000+00:00,4.73e-06,0.0
2022-12-09 00:00:00.017000+00:00,1670544000017,2022-12-09T00:00:00.017000+00:00,2.443e-05,0.0
2022-12-09 08:00:00.005000+00:00,1670572800005,2022-12-09T08:00:00.005000+00:00,5.632e-05,0.0
2022-12-09 16:00:00+00:00,1670601600000,2022-12-09T16:00:00+00:00,3.524e-05,0.0
2022-12-10 00:00:00.009000+00:00,1670630400009,2022-12-10T00:00:00.009000+00:00,6.899e-05,0.0
2022-12-10 08:00:00.010000+00:00,1670659200010,2022-12-10T08:00:00.010000+00:00,6.565e-05,0.0
2022-12-10 16:00:00.001000+00:00,1670688000001,2022-12-10T16:00:00.001000+00:00,3.838e-05,0.0
2022-12-11 00:00:00.011000+00:00,1670716800011,2022-12-11T00:00:00.011000+00:00,4.866e-05,0.0
2022-12-11 08:00:00.007000+00:00,1670745600007,2022-12-11T08:00:00.007000+00:00,5.839e-05,0.0
2022-12-11 16:00:00.011000+00:00,1670774400011,2022-12-11T16:00:00.011000+00:00,1.031e-05,0.0
2022-12-12 00:00:00+00:00,1670803200000,2022-12-12T00:00:00+00:00,6.124e-05,0.0
2022-12-12 08:00:00.004000+00:00,1670832000004,2022-12-12T08:00:00.004000+00:00,2.996e-05,0.0
2022-12-12 16:00:00+00:00,1670860800000,2022-12-12T16:00:00+00:00,1.664e-05,0.0
2022-12-13 00:00:00+00:00,1670889600000,2022-12-13T00:00:00+00:00,-6.2e-07,0.0
2022-12-13 08:00:00.018000+00:00,1670918400018,2022-12-13T08:00:00.018000+00:00,9.004e-05,0.0
2022-12-13 16:00:00.011000+00:00,1670947200011,2022-12-13T16:00:00.011000+00:00,0.0001,0.0
2022-12-14 00:00:00.010000+00:00,1670976000010,2022-12-14T00:00:00.010000+00:00,0.0001,0.0
2022-12-14 08:00:00.015000+00:00,1671004800015,2022-12-14T08:00:00.015000+00:00,0.0001,0.0
2022-12-14 16:00:00.004000+00:00,1671033600004,2022-12-14T16:00:00.004000+00:00,0.0001,0.0
2022-12-15 00:00:00+00:00,1671062400000,2022-12-15T00:00:00+00:00,0.0001,0.0
2022-12-15 08:00:00.023000+00:00,1671091200023,2022-12-15T08:00:00.023000+00:00,0.0001,0.0
2022-12-15 16:00:00.010000+00:00,1671120000010,2022-12-15T16:00:00.010000+00:00,0.0001,0.0
2022-12-16 00:00:00.016000+00:00,1671148800016,2022-12-16T00:00:00.016000+00:00,8.027e-05,0.0
2022-12-16 08:00:00.011000+00:00,1671177600011,2022-12-16T08:00:00.011000+00:00,7.794e-05,0.0
2022-12-16 16:00:00.001000+00:00,1671206400001,2022-12-16T16:00:00.001000+00:00,7.141e-05,0.0
2022-12-17 00:00:00.001000+00:00,1671235200001,2022-12-17T00:00:00.001000+00:00,-2.998e-05,0.0
2022-12-17 08:00:00.011000+00:00,1671264000011,2022-12-17T08:00:00.011000+00:00,1.74e-06,0.0
2022-12-17 16:00:00.011000+00:00,1671292800011,2022-12-17T16:00:00.011000+00:00,3.421e-05,0.0
2022-12-18 00:00:00.008000+00:00,1671321600008,2022-12-18T00:00:00.008000+00:00,-0.00011322,0.0
2022-12-18 08:00:00.001000+00:00,1671350400001,2022-12-18T08:00:00.001000+00:00,-7.574e-05,0.0
2022-12-18 16:00:00.012000+00:00,1671379200012,2022-12-18T16:00:00.012000+00:00,0.0001,0.0
2022-12-19 00:00:00+00:00,1671408000000,2022-12-19T00:00:00+00:00,3.021e-05,0.0
2022-12-19 08:00:00+00:00,1671436800000,2022-12-19T08:00:00+00:00,8.644e-05,0.0
2022-12-19 16:00:00+00:00,1671465600000,2022-12-19T16:00:00+00:00,0.0001,0.0
2022-12-20 00:00:00.005000+00:00,1671494400005,2022-12-20T00:00:00.005000+00:00,6.359e-05,0.0
2022-12-20 08:00:00.016000+00:00,1671523200016,2022-12-20T08:00:00.016000+00:00,8.685e-05,0.0
2022-12-20 16:00:00+00:00,1671552000000,2022-12-20T16:00:00+00:00,8.975e-05,0.0
2022-12-21 00:00:00.007000+00:00,1671580800007,2022-12-21T00:00:00.007000+00:00,-7.212e-05,0.0
2022-12-21 08:00:00.012000+00:00,1671609600012,2022-12-21T08:00:00.012000+00:00,-1.198e-05,0.0
2022-12-21 16:00:00.017000+00:00,1671638400017,2022-12-21T16:00:00.017000+00:00,1.995e-05,0.0
2022-12-22 00:00:00.004000+00:00,1671667200004,2022-12-22T00:00:00.004000+00:00,5.512e-05,0.0
2022-12-22 08:00:00+00:00,1671696000000,2022-12-22T08:00:00+00:00,-5.2e-05,0.0
2022-12-22 16:00:00.001000+00:00,1671724800001,2022-12-22T16:00:00.001000+00:00,-1.998e-05,0.0
2022-12-23 00:00:00.018000+00:00,1671753600018,2022-12-23T00:00:00.018000+00:00,1.936e-05,0.0
2022-12-23 08:00:00+00:00,1671782400000,2022-12-23T08:00:00+00:00,7.221e-05,0.0
2022-12-23 16:00:00+00:00,1671811200000,2022-12-23T16:00:00+00:00,8.162e-05,0.0
2022-12-24 00:00:00.001000+00:00,1671840000001,2022-12-24T00:00:00.001000+00:00,0.0001,0.0
2022-12-24 08:00:00.007000+00:00,1671868800007,2022-12-24T08:00:00.007000+00:00,-5.87e-06,0.0
2022-12-24 16:00:00.008000+00:00,1671897600008,2022-12-24T16:00:00.008000+00:00,1.822e-05,0.0
2022-12-25 00:00:00+00:00,1671926400000,2022-12-25T00:00:00+00:00,-3.914e-05,0.0
2022-12-25 08:00:00.013000+00:00,1671955200013,2022-12-25T08:00:00.013000+00:00,7.186e-05,0.0
2022-12-25 16:00:00+00:00,1671984000000,2022-12-25T16:00:00+00:00,1.311e-05,0.0
2022-12-26 00:00:00.001000+00:00,1672012800001,2022-12-26T00:00:00.001000+00:00,-8.802e-05,0.0
2022-12-26 08:00:00+00:00,1672041600000,2022-12-26T08:00:00+00:00,2.079e-05,0.0
2022-12-26 16:00:00.005000+00:00,1672070400005,2022-12-26T16:00:00.005000+00:00,-6.537e-05,0.0
2022-12-27 00:00:00.005000+00:00,1672099200005,2022-12-27T00:00:00.005000+00:00,4.181e-05,0.0
2022-12-27 08:00:00.010000+00:00,1672128000010,2022-12-27T08:00:00.010000+00:00,3.136e-05,0.0
2022-12-27 16:00:00.006000+00:00,1672156800006,2022-12-27T16:00:00.006000+00:00,0.0001,0.0
2022-12-28 00:00:00.010000+00:00,1672185600010,2022-12-28T00:00:00.010000+00:00,1.38e-06,0.0
2022-12-28 08:00:00.010000+00:00,1672214400010,2022-12-28T08:00:00.010000+00:00,0.0001,0.0
2022-12-28 16:00:00.010000+00:00,1672243200010,2022-12-28T16:00:00.010000+00:00,0.0001,0.0
2022-12-29 00:00:00.011000+00:00,1672272000011,2022-12-29T00:00:00.011000+00:00,1.424e-05,0.0
2022-12-29 08:00:00+00:00,1672300800000,2022-12-29T08:00:00+00:00,8.719e-05,0.0
2022-12-29 16:00:00.008000+00:00,1672329600008,2022-12-29T16:00:00.008000+00:00,-4.51e-05,0.0
2022-12-30 00:00:00+00:00,1672358400000,2022-12-30T00:00:00+00:00,0.0001,0.0
2022-12-30 08:00:00+00:00,1672387200000,2022-12-30T08:00:00+00:00,9.122e-05,0.0
2022-12-30 16:00:00+00:00,1672416000000,2022-12-30T16:00:00+00:00,3.86e-06,0.0
2022-12-31 00:00:00.014000+00:00,1672444800014,2022-12-31T00:00:00.014000+00:00,-3.616e-05,0.0
2022-12-31 08:00:00+00:00,1672473600000,2022-12-31T08:00:00+00:00,3.167e-05,0.0
2022-12-31 16:00:00+00:00,1672502400000,2022-12-31T16:00:00+00:00,0.0001,0.0
2023-01-01 00:00:00+00:00,1672531200000,2023-01-01T00:00:00+00:00,7.413e-05,0.0
2023-01-01 08:00:00.008000+00:00,1672560000008,2023-01-01T08:00:00.008000+00:00,0.0001,0.0
2023-01-01 16:00:00+00:00,1672588800000,2023-01-01T16:00:00+00:00,-1.686e-05,0.0
2023-01-02 00:00:00+00:00,1672617600000,2023-01-02T00:00:00+00:00,-0.00020637,0.0
2023-01-02 08:00:00.008000+00:00,1672646400008,2023-01-02T08:00:00.008000+00:00,-3.778e-05,0.0
2023-01-02 16:00:00.015000+00:00,1672675200015,2023-01-02T16:00:00.015000+00:00,2.398e-05,0.0
2023-01-03 00:00:00.003000+00:00,1672704000003,2023-01-03T00:00:00.003000+00:00,5.285e-05,0.0
2023-01-03 08:00:00.018000+00:00,1672732800018,2023-01-03T08:00:00.018000+00:00,3.001e-05,0.0
2023-01-03 16:00:00+00:00,1672761600000,2023-01-03T16:00:00+00:00,0.0001,0.0
2023-01-04 00:00:00+00:00,1672790400000,2023-01-04T00:00:00+00:00,0.0001,0.0
2023-01-04 08:00:00.016000+00:00,1672819200016,2023-01-04T08:00:00.016000+00:00,0.0001,0.0
2023-01-04 16:00:00.011000+00:00,1672848000011,2023-01-04T16:00:00.011000+00:00,6.439e-05,0.0
2023-01-05 00:00:00.009000+00:00,1672876800009,2023-01-05T00:00:00.009000+00:00,6.098e-05,0.0
2023-01-05 08:00:00.011000+00:00,1672905600011,2023-01-05T08:00:00.011000+00:00,0.0001,0.0
2023-01-05 16:00:00+00:00,1672934400000,2023-01-05T16:00:00+00:00,0.0001,0.0
2023-01-06 00:00:00.005000+00:00,1672963200005,2023-01-06T00:00:00.005000+00:00,0.0001,0.0
2023-01-06 08:00:00.001000+00:00,1672992000001,2023-01-06T08:00:00.001000+00:00,0.0001,0.0
2023-01-06 16:00:00+00:00,1673020800000,2023-01-06T16:00:00+00:00,0.0001,0.0
2023-01-07 00:00:00.006000+00:00,1673049600006,2023-01-07T00:00:00.006000+00:00,-3.285e-05,0.0
2023-01-07 08:00:00.017000+00:00,1673078400017,2023-01-07T08:00:00.017000+00:00,9.156e-05,0.0
2023-01-07 16:00:00+00:00,1673107200000,2023-01-07T16:00:00+00:00,0.0001,0.0
2023-01-08 00:00:00.015000+00:00,1673136000015,2023-01-08T00:00:00.015000+00:00,3.663e-05,0.0
2023-01-08 08:00:00+00:00,1673164800000,2023-01-08T08:00:00+00:00,0.0001,0.0
2023-01-08 16:00:00.010000+00:00,1673193600010,2023-01-08T16:00:00.010000+00:00,0.0001,0.0
2023-01-09 00:00:00.003000+00:00,1673222400003,2023-01-09T00:00:00.003000+00:00,0.0001,0.0
2023-01-09 08:00:00+00:00,1673251200000,2023-01-09T08:00:00+00:00,0.0001,0.0
2023-01-09 16:00:00.006000+00:00,1673280000006,2023-01-09T16:00:00.006000+00:00,0.0001,0.0
2023-01-10 00:00:00.003000+00:00,1673308800003,2023-01-10T00:00:00.003000+00:00,0.0001,0.0
2023-01-10 08:00:00.021000+00:00,1673337600021,2023-01-10T08:00:00.021000+00:00,0.0001,0.0
2023-01-10 16:00:00+00:00,1673366400000,2023-01-10T16:00:00+00:00,0.0001,0.0
2023-01-11 00:00:00.011000+00:00,1673395200011,2023-01-11T00:00:00.011000+00:00,0.0001,0.0
2023-01-11 08:00:00.006000+00:00,1673424000006,2023-01-11T08:00:00.006000+00:00,0.0001,0.0
2023-01-11 16:00:00.004000+00:00,1673452800004,2023-01-11T16:00:00.004000+00:00,0.0001,0.0
2023-01-12 00:00:00+00:00,1673481600000,2023-01-12T00:00:00+00:00,0.0001,0.0
2023-01-12 08:00:00+00:00,1673510400000,2023-01-12T08:00:00+00:00,0.0001,0.0
2023-01-12 16:00:00+00:00,1673539200000,2023-01-12T16:00:00+00:00,0.0001,0.0
2023-01-13 00:00:00.004000+00:00,1673568000004,2023-01-13T00:00:00.004000+00:00,0.0001,0.0
2023-01-13 08:00:00+00:00,1673596800000,2023-01-13T08:00:00+00:00,0.0001,0.0
2023-01-13 16:00:00.018000+00:00,1673625600018,2023-01-13T16:00:00.018000+00:00,0.0001,0.0
2023-01-14 00:00:00+00:00,1673654400000,2023-01-14T00:00:00+00:00,0.0001,0.0
2023-01-14 08:00:00.001000+00:00,1673683200001,2023-01-14T08:00:00.001000+00:00,0.00023834,0.0
2023-01-14 16:00:00+00:00,1673712000000,2023-01-14T16:00:00+00:00,0.0001,0.0
2023-01-15 00:00:00.010000+00:00,1673740800010,2023-01-15T00:00:00.010000+00:00,0.0001,0.0
2023-01-15 08:00:00.002000+00:00,1673769600002,2023-01-15T08:00:00.002000+00:00,0.0001,0.0
2023-01-15 16:00:00+00:00,1673798400000,2023-01-15T16:00:00+00:00,0.0001,0.0
2023-01-16 00:00:00.010000+00:00,1673827200010,2023-01-16T00:00:00.010000+00:00,0.0001,0.0
2023-01-16 08:00:00.007000+00:00,1673856000007,2023-01-16T08:00:00.007000+00:00,0.0001,0.0
2023-01-16 16:00:00+00:00,1673884800000,2023-01-16T16:00:00+00:00,0.0001,0.0
2023-01-17 00:00:00.004000+00:00,1673913600004,2023-01-17T00:00:00.004000+00:00,0.0001,0.0
2023-01-17 08:00:00.005000+00:00,1673942400005,2023-01-17T08:00:00.005000+00:00,0.0001,0.0
2023-01-17 16:00:00.001000+00:00,1673971200001,2023-01-17T16:00:00.001000+00:00,0.0001,0.0
2023-01-18 00:00:00.008000+00:00,1674000000008,2023-01-18T00:00:00.008000+00:00,0.0001,0.0
2023-01-18 08:00:00.009000+00:00,1674028800009,2023-01-18T08:00:00.009000+00:00,0.0001,0.0
2023-01-18 16:00:00.017000+00:00,1674057600017,2023-01-18T16:00:00.017000+00:00,0.0001,0.0
2023-01-19 00:00:00+00:00,1674086400000,2023-01-19T00:00:00+00:00,0.0001,0.0
2023-01-19 08:00:00.015000+00:00,1674115200015,2023-01-19T08:00:00.015000+00:00,0.0001,0.0
2023-01-19 16:00:00.012000+00:00,1674144000012,2023-01-19T16:00:00.012000+00:00,0.0001,0.0
2023-01-20 00:00:00+00:00,1674172800000,2023-01-20T00:00:00+00:00,0.0001,0.0
2023-01-20 08:00:00+00:00,1674201600000,2023-01-20T08:00:00+00:00,0.0001,0.0
2023-01-20 16:00:00+00:00,1674230400000,2023-01-20T16:00:00+00:00,0.0001,0.0
2023-01-21 00:00:00.013000+00:00,1674259200013,2023-01-21T00:00:00.013000+00:00,0.0001,0.0
2023-01-21 08:00:00.001000+00:00,1674288000001,2023-01-21T08:00:00.001000+00:00,0.00013743,0.0
2023-01-21 16:00:00.016000+00:00,1674316800016,2023-01-21T16:00:00.016000+00:00,0.0001,0.0
2023-01-22 00:00:00+00:00,1674345600000,2023-01-22T00:00:00+00:00,0.0001,0.0
2023-01-22 08:00:00+00:00,1674374400000,2023-01-22T08:00:00+00:00,0.0001,0.0
2023-01-22 16:00:00.023000+00:00,1674403200023,2023-01-22T16:00:00.023000+00:00,0.0001,0.0
2023-01-23 00:00:00.014000+00:00,1674432000014,2023-01-23T00:00:00.014000+00:00,0.0001,0.0
2023-01-23 08:00:00.014000+00:00,1674460800014,2023-01-23T08:00:00.014000+00:00,0.0001,0.0
2023-01-23 16:00:00.016000+00:00,1674489600016,2023-01-23T16:00:00.016000+00:00,0.0001,0.0
2023-01-24 00:00:00.008000+00:00,1674518400008,2023-01-24T00:00:00.008000+00:00,0.0001,0.0
2023-01-24 08:00:00.008000+00:00,1674547200008,2023-01-24T08:00:00.008000+00:00,0.0001,0.0
2023-01-24 16:00:00+00:00,1674576000000,2023-01-24T16:00:00+00:00,0.0001,0.0
2023-01-25 00:00:00.012000+00:00,1674604800012,2023-01-25T00:00:00.012000+00:00,0.0001,0.0
2023-01-25 08:00:00+00:00,1674633600000,2023-01-25T08:00:00+00:00,0.0001,0.0
2023-01-25 16:00:00.010000+00:00,1674662400010,2023-01-25T16:00:00.010000+00:00,0.0001,0.0
2023-01-26 00:00:00.010000+00:00,1674691200010,2023-01-26T00:00:00.010000+00:00,0.0001,0.0
2023-01-26 08:00:00.003000+00:00,1674720000003,2023-01-26T08:00:00.003000+00:00,0.0001,0.0
2023-01-26 16:00:00.020000+00:00,1674748800020,2023-01-26T16:00:00.020000+00:00,0.0001,0.0
2023-01-27 00:00:00.008000+00:00,1674777600008,2023-01-27T00:00:00.008000+00:00,0.0001,0.0
2023-01-27 08:00:00+00:00,1674806400000,2023-01-27T08:00:00+00:00,0.0001,0.0
2023-01-27 16:00:00+00:00,1674835200000,2023-01-27T16:00:00+00:00,0.0001,0.0
2023-01-28 00:00:00.009000+00:00,1674864000009,2023-01-28T00:00:00.009000+00:00,0.0001,0.0
2023-01-28 08:00:00.018000+00:00,1674892800018,2023-01-28T08:00:00.018000+00:00,0.0001,0.0
2023-01-28 16:00:00.005000+00:00,1674921600005,2023-01-28T16:00:00.005000+00:00,0.0001,0.0
2023-01-29 00:00:00.011000+00:00,1674950400011,2023-01-29T00:00:00.011000+00:00,0.0001,0.0
2023-01-29 08:00:00+00:00,1674979200000,2023-01-29T08:00:00+00:00,0.0001,0.0
2023-01-29 16:00:00.008000+00:00,1675008000008,2023-01-29T16:00:00.008000+00:00,0.00010462,0.0
2023-01-30 00:00:00.001000+00:00,1675036800001,2023-01-30T00:00:00.001000+00:00,0.00012,0.0
2023-01-30 08:00:00+00:00,1675065600000,2023-01-30T08:00:00+00:00,0.0001,0.0
2023-01-30 16:00:00+00:00,1675094400000,2023-01-30T16:00:00+00:00,0.0001,0.0
2023-01-31 00:00:00.005000+00:00,1675123200005,2023-01-31T00:00:00.005000+00:00,0.0001,0.0
2023-01-31 08:00:00+00:00,1675152000000,2023-01-31T08:00:00+00:00,0.0001,0.0
2023-01-31 16:00:00.007000+00:00,1675180800007,2023-01-31T16:00:00.007000+00:00,0.0001,0.0
2023-02-01 00:00:00.013000+00:00,1675209600013,2023-02-01T00:00:00.013000+00:00,0.0001,0.0
2023-02-01 08:00:00+00:00,1675238400000,2023-02-01T08:00:00+00:00,0.0001,0.0
2023-02-01 16:00:00.012000+00:00,1675267200012,2023-02-01T16:00:00.012000+00:00,0.0001,0.0
2023-02-02 00:00:00.004000+00:00,1675296000004,2023-02-02T00:00:00.004000+00:00,0.0001,0.0
2023-02-02 08:00:00.023000+00:00,1675324800023,2023-02-02T08:00:00.023000+00:00,0.0001,0.0
2023-02-02 16:00:00.003000+00:00,1675353600003,2023-02-02T16:00:00.003000+00:00,0.00011211,0.0
2023-02-03 00:00:00.010000+00:00,1675382400010,2023-02-03T00:00:00.010000+00:00,0.0001,0.0
2023-02-03 08:00:00+00:00,1675411200000,2023-02-03T08:00:00+00:00,0.0001,0.0
2023-02-03 16:00:00+00:00,1675440000000,2023-02-03T16:00:00+00:00,0.0001,0.0
2023-02-04 00:00:00.010000+00:00,1675468800010,2023-02-04T00:00:00.010000+00:00,0.0001,0.0
2023-02-04 08:00:00+00:00,1675497600000,2023-02-04T08:00:00+00:00,0.0001,0.0
2023-02-04 16:00:00+00:00,1675526400000,2023-02-04T16:00:00+00:00,0.0001,0.0
2023-02-05 00:00:00.016000+00:00,1675555200016,2023-02-05T00:00:00.016000+00:00,0.0001,0.0
2023-02-05 08:00:00.009000+00:00,1675584000009,2023-02-05T08:00:00.009000+00:00,0.0001,0.0
2023-02-05 16:00:00.018000+00:00,1675612800018,2023-02-05T16:00:00.018000+00:00,0.0001,0.0
2023-02-06 00:00:00.001000+00:00,1675641600001,2023-02-06T00:00:00.001000+00:00,0.0001,0.0
2023-02-06 08:00:00+00:00,1675670400000,2023-02-06T08:00:00+00:00,0.0001,0.0
2023-02-06 16:00:00.012000+00:00,1675699200012,2023-02-06T16:00:00.012000+00:00,0.0001,0.0
2023-02-07 00:00:00.004000+00:00,1675728000004,2023-02-07T00:00:00.004000+00:00,0.0001,0.0
2023-02-07 08:00:00.011000+00:00,1675756800011,2023-02-07T08:00:00.011000+00:00,0.0001,0.0
2023-02-07 16:00:00.018000+00:00,1675785600018,2023-02-07T16:00:00.018000+00:00,0.0001,0.0
2023-02-08 00:00:00.009000+00:00,1675814400009,2023-02-08T00:00:00.009000+00:00,0.0001,0.0
2023-02-08 08:00:00.010000+00:00,1675843200010,2023-02-08T08:00:00.010000+00:00,0.0001,0.0
2023-02-08 16:00:00+00:00,1675872000000,2023-02-08T16:00:00+00:00,0.0001,0.0
2023-02-09 00:00:00.014000+00:00,1675900800014,2023-02-09T00:00:00.014000+00:00,0.0001,0.0
2023-02-09 08:00:00.006000+00:00,1675929600006,2023-02-09T08:00:00.006000+00:00,0.0001,0.0
2023-02-09 16:00:00.001000+00:00,1675958400001,2023-02-09T16:00:00.001000+00:00,0.0001,0.0
2023-02-10 00:00:00.012000+00:00,1675987200012,2023-02-10T00:00:00.012000+00:00,0.0001,0.0
2023-02-10 08:00:00.005000+00:00,1676016000005,2023-02-10T08:00:00.005000+00:00,8.439e-05,0.0
2023-02-10 16:00:00.020000+00:00,1676044800020,2023-02-10T16:00:00.020000+00:00,0.0001,0.0
2023-02-11 00:00:00.007000+00:00,1676073600007,2023-02-11T00:00:00.007000+00:00,0.0001,0.0
2023-02-11 08:00:00.002000+00:00,1676102400002,2023-02-11T08:00:00.002000+00:00,9.67e-05,0.0
2023-02-11 16:00:00.021000+00:00,1676131200021,2023-02-11T16:00:00.021000+00:00,8.039e-05,0.0
2023-02-12 00:00:00.004000+00:00,1676160000004,2023-02-12T00:00:00.004000+00:00,5.924e-05,0.0
2023-02-12 08:00:00+00:00,1676188800000,2023-02-12T08:00:00+00:00,6.509e-05,0.0
2023-02-12 16:00:00.002000+00:00,1676217600002,2023-02-12T16:00:00.002000+00:00,5.262e-05,0.0
2023-02-13 00:00:00.006000+00:00,1676246400006,2023-02-13T00:00:00.006000+00:00,-1.006e-05,0.0
2023-02-13 08:00:00.008000+00:00,1676275200008,2023-02-13T08:00:00.008000+00:00,0.0001,0.0
2023-02-13 16:00:00.002000+00:00,1676304000002,2023-02-13T16:00:00.002000+00:00,0.0001,0.0
2023-02-14 00:00:00.013000+00:00,1676332800013,2023-02-14T00:00:00.013000+00:00,0.0001,0.0
2023-02-14 08:00:00.014000+00:00,1676361600014,2023-02-14T08:00:00.014000+00:00,5.379e-05,0.0
2023-02-14 16:00:00.016000+00:00,1676390400016,2023-02-14T16:00:00.016000+00:00,5.89e-05,0.0
2023-02-15 00:00:00.011000+00:00,1676419200011,2023-02-15T00:00:00.011000+00:00,0.0001,0.0
2023-02-15 08:00:00+00:00,1676448000000,2023-02-15T08:00:00+00:00,2.997e-05,0.0
2023-02-15 16:00:00.005000+00:00,1676476800005,2023-02-15T16:00:00.005000+00:00,0.0001,0.0
2023-02-16 00:00:00.019000+00:00,1676505600019,2023-02-16T00:00:00.019000+00:00,0.0001,0.0
2023-02-16 08:00:00+00:00,1676534400000,2023-02-16T08:00:00+00:00,0.0001,0.0
2023-02-16 16:00:00.001000+00:00,1676563200001,2023-02-16T16:00:00.001000+00:00,0.0001,0.0
2023-02-17 00:00:00.003000+00:00,1676592000003,2023-02-17T00:00:00.003000+00:00,0.0001,0.0
2023-02-17 08:00:00.016000+00:00,1676620800016,2023-02-17T08:00:00.016000+00:00,0.0001,0.0
2023-02-17 16:00:00+00:00,1676649600000,2023-02-17T16:00:00+00:00,0.0001,0.0
2023-02-18 00:00:00.011000+00:00,1676678400011,2023-02-18T00:00:00.011000+00:00,0.0001,0.0
2023-02-18 08:00:00+00:00,1676707200000,2023-02-18T08:00:00+00:00,0.0001,0.0
2023-02-18 16:00:00.007000+00:00,1676736000007,2023-02-18T16:00:00.007000+00:00,0.0001,0.0
2023-02-19 00:00:00.019000+00:00,1676764800019,2023-02-19T00:00:00.019000+00:00,0.0001,0.0
2023-02-19 08:00:00.005000+00:00,1676793600005,2023-02-19T08:00:00.005000+00:00,0.0001,0.0
2023-02-19 16:00:00.003000+00:00,1676822400003,2023-02-19T16:00:00.003000+00:00,0.0001,0.0
2023-02-20 00:00:00.006000+00:00,1676851200006,2023-02-20T00:00:00.006000+00:00,0.0001,0.0
2023-02-20 08:00:00.008000+00:00,1676880000008,2023-02-20T08:00:00.008000+00:00,0.0001,0.0
2023-02-20 16:00:00.006000+00:00,1676908800006,2023-02-20T16:00:00.006000+00:00,0.0001,0.0
2023-02-21 00:00:00.001000+00:00,1676937600001,2023-02-21T00:00:00.001000+00:00,0.0001,0.0
2023-02-21 08:00:00.004000+00:00,1676966400004,2023-02-21T08:00:00.004000+00:00,0.0001,0.0
2023-02-21 16:00:00.011000+00:00,1676995200011,2023-02-21T16:00:00.011000+00:00,0.0001,0.0
2023-02-22 00:00:00.009000+00:00,1677024000009,2023-02-22T00:00:00.009000+00:00,0.0001,0.0
2023-02-22 08:00:00.010000+00:00,1677052800010,2023-02-22T08:00:00.010000+00:00,0.0001,0.0
2023-02-22 16:00:00+00:00,1677081600000,2023-02-22T16:00:00+00:00,0.0001,0.0
2023-02-23 00:00:00.006000+00:00,1677110400006,2023-02-23T00:00:00.006000+00:00,0.0001,0.0
2023-02-23 08:00:00.005000+00:00,1677139200005,2023-02-23T08:00:00.005000+00:00,0.0001,0.0
2023-02-23 16:00:00.002000+00:00,1677168000002,2023-02-23T16:00:00.002000+00:00,0.0001,0.0
2023-02-24 00:00:00.015000+00:00,1677196800015,2023-02-24T00:00:00.015000+00:00,0.0001,0.0
2023-02-24 08:00:00.011000+00:00,1677225600011,2023-02-24T08:00:00.011000+00:00,0.0001,0.0
2023-02-24 16:00:00.014000+00:00,1677254400014,2023-02-24T16:00:00.014000+00:00,0.0001,0.0
2023-02-25 00:00:00.015000+00:00,1677283200015,2023-02-25T00:00:00.015000+00:00,0.0001,0.0
2023-02-25 08:00:00.015000+00:00,1677312000015,2023-02-25T08:00:00.015000+00:00,0.0001,0.0
2023-02-25 16:00:00.015000+00:00,1677340800015,2023-02-25T16:00:00.015000+00:00,0.0001,0.0
2023-02-26 00:00:00.007000+00:00,1677369600007,2023-02-26T00:00:00.007000+00:00,0.0001,0.0
2023-02-26 08:00:00.012000+00:00,1677398400012,2023-02-26T08:00:00.012000+00:00,0.0001,0.0
2023-02-26 16:00:00+00:00,1677427200000,2023-02-26T16:00:00+00:00,0.0001,0.0
2023-02-27 00:00:00.011000+00:00,1677456000011,2023-02-27T00:00:00.011000+00:00,0.0001,0.0
2023-02-27 08:00:00.003000+00:00,1677484800003,2023-02-27T08:00:00.003000+00:00,0.0001,0.0
2023-02-27 16:00:00+00:00,1677513600000,2023-02-27T16:00:00+00:00,0.0001,0.0
2023-02-28 00:00:00.011000+00:00,1677542400011,2023-02-28T00:00:00.011000+00:00,9.311e-05,0.0
2023-02-28 08:00:00.018000+00:00,1677571200018,2023-02-28T08:00:00.018000+00:00,0.0001,0.0
2023-02-28 16:00:00.005000+00:00,1677600000005,2023-02-28T16:00:00.005000+00:00,0.0001,0.0
2023-03-01 00:00:00.016000+00:00,1677628800016,2023-03-01T00:00:00.016000+00:00,0.0001,0.0
2023-03-01 08:00:00+00:00,1677657600000,2023-03-01T08:00:00+00:00,0.0001,0.0
2023-03-01 16:00:00.008000+00:00,1677686400008,2023-03-01T16:00:00.008000+00:00,0.0001,0.0
2023-03-02 00:00:00.009000+00:00,1677715200009,2023-03-02T00:00:00.009000+00:00,0.0001,0.0
2023-03-02 08:00:00.013000+00:00,1677744000013,2023-03-02T08:00:00.013000+00:00,0.0001,0.0
2023-03-02 16:00:00+00:00,1677772800000,2023-03-02T16:00:00+00:00,0.0001,0.0
2023-03-03 00:00:00+00:00,1677801600000,2023-03-03T00:00:00+00:00,0.0001,0.0
2023-03-03 08:00:00.013000+00:00,1677830400013,2023-03-03T08:00:00.013000+00:00,-4.12e-06,0.0
2023-03-03 16:00:00+00:00,1677859200000,2023-03-03T16:00:00+00:00,6.098e-05,0.0
2023-03-04 00:00:00.001000+00:00,1677888000001,2023-03-04T00:00:00.001000+00:00,7.029e-05,0.0
2023-03-04 08:00:00.008000+00:00,1677916800008,2023-03-04T08:00:00.008000+00:00,6.238e-05,0.0
2023-03-04 16:00:00.012000+00:00,1677945600012,2023-03-04T16:00:00.012000+00:00,6.888e-05,0.0
2023-03-05 00:00:00+00:00,1677974400000,2023-03-05T00:00:00+00:00,1.585e-05,0.0
2023-03-05 08:00:00+00:00,1678003200000,2023-03-05T08:00:00+00:00,6.557e-05,0.0
2023-03-05 16:00:00.015000+00:00,1678032000015,2023-03-05T16:00:00.015000+00:00,9.49e-05,0.0
2023-03-06 00:00:00.007000+00:00,1678060800007,2023-03-06T00:00:00.007000+00:00,0.0001,0.0
2023-03-06 08:00:00.017000+00:00,1678089600017,2023-03-06T08:00:00.017000+00:00,0.0001,0.0
2023-03-06 16:00:00+00:00,1678118400000,2023-03-06T16:00:00+00:00,3.78e-06,0.0
2023-03-07 00:00:00.009000+00:00,1678147200009,2023-03-07T00:00:00.009000+00:00,6.999e-05,0.0
2023-03-07 08:00:00.016000+00:00,1678176000016,2023-03-07T08:00:00.016000+00:00,7.311e-05,0.0
2023-03-07 16:00:00.017000+00:00,1678204800017,2023-03-07T16:00:00.017000+00:00,3.253e-05,0.0
2023-03-08 00:00:00+00:00,1678233600000,2023-03-08T00:00:00+00:00,9.687e-05,0.0
2023-03-08 08:00:00.014000+00:00,1678262400014,2023-03-08T08:00:00.014000+00:00,9.77e-05,0.0
2023-03-08 16:00:00.021000+00:00,1678291200021,2023-03-08T16:00:00.021000+00:00,5.771e-05,0.0
2023-03-09 00:00:00.010000+00:00,1678320000010,2023-03-09T00:00:00.010000+00:00,7.494e-05,0.0
2023-03-09 08:00:00.013000+00:00,1678348800013,2023-03-09T08:00:00.013000+00:00,0.0001,0.0
2023-03-09 16:00:00.002000+00:00,1678377600002,2023-03-09T16:00:00.002000+00:00,0.0001,0.0
2023-03-10 00:00:00+00:00,1678406400000,2023-03-10T00:00:00+00:00,-2.076e-05,0.0
2023-03-10 08:00:00+00:00,1678435200000,2023-03-10T08:00:00+00:00,0.0001,0.0
2023-03-10 16:00:00.005000+00:00,1678464000005,2023-03-10T16:00:00.005000+00:00,-3.844e-05,0.0
2023-03-11 00:00:00.011000+00:00,1678492800011,2023-03-11T00:00:00.011000+00:00,-3.884e-05,0.0
2023-03-11 08:00:00.003000+00:00,1678521600003,2023-03-11T08:00:00.003000+00:00,4.966e-05,0.0
2023-03-11 16:00:00.011000+00:00,1678550400011,2023-03-11T16:00:00.011000+00:00,-3.06e-06,0.0
2023-03-12 00:00:00.001000+00:00,1678579200001,2023-03-12T00:00:00.001000+00:00,0.0001,0.0
2023-03-12 08:00:00+00:00,1678608000000,2023-03-12T08:00:00+00:00,0.0001,0.0
2023-03-12 16:00:00.005000+00:00,1678636800005,2023-03-12T16:00:00.005000+00:00,-0.00019737,0.0
2023-03-13 00:00:00.010000+00:00,1678665600010,2023-03-13T00:00:00.010000+00:00,-0.00015686,0.0
2023-03-13 08:00:00.018000+00:00,1678694400018,2023-03-13T08:00:00.018000+00:00,0.0001,0.0
2023-03-13 16:00:00.003000+00:00,1678723200003,2023-03-13T16:00:00.003000+00:00,4.129e-05,0.0
2023-03-14 00:00:00.010000+00:00,1678752000010,2023-03-14T00:00:00.010000+00:00,0.0001,0.0
2023-03-14 08:00:00.009000+00:00,1678780800009,2023-03-14T08:00:00.009000+00:00,5.448e-05,0.0
2023-03-14 16:00:00.010000+00:00,1678809600010,2023-03-14T16:00:00.010000+00:00,0.0001,0.0
2023-03-15 00:00:00.011000+00:00,1678838400011,2023-03-15T00:00:00.011000+00:00,0.0001,0.0
2023-03-15 08:00:00+00:00,1678867200000,2023-03-15T08:00:00+00:00,0.0001,0.0
2023-03-15 16:00:00.012000+00:00,1678896000012,2023-03-15T16:00:00.012000+00:00,0.0001,0.0
2023-03-16 00:00:00.004000+00:00,1678924800004,2023-03-16T00:00:00.004000+00:00,0.0001,0.0
2023-03-16 08:00:00.018000+00:00,1678953600018,2023-03-16T08:00:00.018000+00:00,0.0001,0.0
2023-03-16 16:00:00.005000+00:00,1678982400005,2023-03-16T16:00:00.005000+00:00,0.0001,0.0
2023-03-17 00:00:00.017000+00:00,1679011200017,2023-03-17T00:00:00.017000+00:00,0.0001,0.0
2023-03-17 08:00:00.010000+00:00,1679040000010,2023-03-17T08:00:00.010000+00:00,3.476e-05,0.0
2023-03-17 16:00:00.003000+00:00,1679068800003,2023-03-17T16:00:00.003000+00:00,0.0001,0.0
2023-03-18 00:00:00.012000+00:00,1679097600012,2023-03-18T00:00:00.012000+00:00,0.0001,0.0
2023-03-18 08:00:00+00:00,1679126400000,2023-03-18T08:00:00+00:00,0.0001,0.0
2023-03-18 16:00:00.016000+00:00,1679155200016,2023-03-18T16:00:00.016000+00:00,0.0001,0.0
2023-03-19 00:00:00.013000+00:00,1679184000013,2023-03-19T00:00:00.013000+00:00,0.0001,0.0
2023-03-19 08:00:00.024000+00:00,1679212800024,2023-03-19T08:00:00.024000+00:00,0.0001,0.0
2023-03-19 16:00:00+00:00,1679241600000,2023-03-19T16:00:00+00:00,0.0001,0.0
2023-03-20 00:00:00.005000+00:00,1679270400005,2023-03-20T00:00:00.005000+00:00,0.0001,0.0
2023-03-20 08:00:00.012000+00:00,1679299200012,2023-03-20T08:00:00.012000+00:00,0.0001,0.0
2023-03-20 16:00:00.015000+00:00,1679328000015,2023-03-20T16:00:00.015000+00:00,0.0001,0.0
2023-03-21 00:00:00.006000+00:00,1679356800006,2023-03-21T00:00:00.006000+00:00,1.483e-05,0.0
2023-03-21 08:00:00.004000+00:00,1679385600004,2023-03-21T08:00:00.004000+00:00,-3.77e-06,0.0
2023-03-21 16:00:00.003000+00:00,1679414400003,2023-03-21T16:00:00.003000+00:00,0.0001,0.0
2023-03-22 00:00:00+00:00,1679443200000,2023-03-22T00:00:00+00:00,0.0001,0.0
2023-03-22 08:00:00.003000+00:00,1679472000003,2023-03-22T08:00:00.003000+00:00,0.0001,0.0
2023-03-22 16:00:00+00:00,1679500800000,2023-03-22T16:00:00+00:00,0.0001,0.0
2023-03-23 00:00:00.016000+00:00,1679529600016,2023-03-23T00:00:00.016000+00:00,0.0001,0.0
2023-03-23 08:00:00.001000+00:00,1679558400001,2023-03-23T08:00:00.001000+00:00,0.0001,0.0
2023-03-23 16:00:00.013000+00:00,1679587200013,2023-03-23T16:00:00.013000+00:00,0.0001,0.0
2023-03-24 00:00:00.013000+00:00,1679616000013,2023-03-24T00:00:00.013000+00:00,0.0001,0.0
2023-03-24 08:00:00.012000+00:00,1679644800012,2023-03-24T08:00:00.012000+00:00,0.0001,0.0
2023-03-24 16:00:00.027000+00:00,1679673600027,2023-03-24T16:00:00.027000+00:00,0.0001,0.0
2023-03-25 00:00:00.015000+00:00,1679702400015,2023-03-25T00:00:00.015000+00:00,0.0001,0.0
2023-03-25 08:00:00.011000+00:00,1679731200011,2023-03-25T08:00:00.011000+00:00,0.0001,0.0
2023-03-25 16:00:00.011000+00:00,1679760000011,2023-03-25T16:00:00.011000+00:00,0.0001,0.0
2023-03-26 00:00:00+00:00,1679788800000,2023-03-26T00:00:00+00:00,7.855e-05,0.0
2023-03-26 08:00:00.015000+00:00,1679817600015,2023-03-26T08:00:00.015000+00:00,8.506e-05,0.0
2023-03-26 16:00:00+00:00,1679846400000,2023-03-26T16:00:00+00:00,6.958e-05,0.0
2023-03-27 00:00:00.019000+00:00,1679875200019,2023-03-27T00:00:00.019000+00:00,3.884e-05,0.0
2023-03-27 08:00:00.009000+00:00,1679904000009,2023-03-27T08:00:00.009000+00:00,6.21e-05,0.0
2023-03-27 16:00:00+00:00,1679932800000,2023-03-27T16:00:00+00:00,9.07e-05,0.0
2023-03-28 00:00:00.007000+00:00,1679961600007,2023-03-28T00:00:00.007000+00:00,-2.074e-05,0.0
2023-03-28 08:00:00+00:00,1679990400000,2023-03-28T08:00:00+00:00,-7.32e-06,0.0
2023-03-28 16:00:00.013000+00:00,1680019200013,2023-03-28T16:00:00.013000+00:00,1.38e-06,0.0
2023-03-29 00:00:00.010000+00:00,1680048000010,2023-03-29T00:00:00.010000+00:00,-2.429e-05,0.0
2023-03-29 08:00:00.006000+00:00,1680076800006,2023-03-29T08:00:00.006000+00:00,2.877e-05,0.0
2023-03-29 16:00:00.014000+00:00,1680105600014,2023-03-29T16:00:00.014000+00:00,0.0001,0.0
2023-03-30 00:00:00+00:00,1680134400000,2023-03-30T00:00:00+00:00,0.0001,0.0
2023-03-30 08:00:00+00:00,1680163200000,2023-03-30T08:00:00+00:00,6.17e-05,0.0
2023-03-30 16:00:00.006000+00:00,1680192000006,2023-03-30T16:00:00.006000+00:00,-4.794e-05,0.0
2023-03-31 00:00:00.003000+00:00,1680220800003,2023-03-31T00:00:00.003000+00:00,-4.227e-05,0.0
2023-03-31 08:00:00.006000+00:00,1680249600006,2023-03-31T08:00:00.006000+00:00,2.031e-05,0.0
2023-03-31 16:00:00.011000+00:00,1680278400011,2023-03-31T16:00:00.011000+00:00,4.215e-05,0.0
2023-04-01 00:00:00+00:00,1680307200000,2023-04-01T00:00:00+00:00,6.887e-05,0.0
2023-04-01 08:00:00+00:00,1680336000000,2023-04-01T08:00:00+00:00,0.0001,0.0
2023-04-01 16:00:00.018000+00:00,1680364800018,2023-04-01T16:00:00.018000+00:00,0.0001,0.0
2023-04-02 00:00:00.013000+00:00,1680393600013,2023-04-02T00:00:00.013000+00:00,0.0001,0.0
2023-04-02 08:00:00.014000+00:00,1680422400014,2023-04-02T08:00:00.014000+00:00,0.0001,0.0
2023-04-02 16:00:00.001000+00:00,1680451200001,2023-04-02T16:00:00.001000+00:00,0.0001,0.0
2023-04-03 00:00:00+00:00,1680480000000,2023-04-03T00:00:00+00:00,8.463e-05,0.0
2023-04-03 08:00:00.013000+00:00,1680508800013,2023-04-03T08:00:00.013000+00:00,8.651e-05,0.0
2023-04-03 16:00:00.011000+00:00,1680537600011,2023-04-03T16:00:00.011000+00:00,7.662e-05,0.0
2023-04-04 00:00:00.002000+00:00,1680566400002,2023-04-04T00:00:00.002000+00:00,0.0001,0.0
2023-04-04 08:00:00.017000+00:00,1680595200017,2023-04-04T08:00:00.017000+00:00,0.0001,0.0
2023-04-04 16:00:00.008000+00:00,1680624000008,2023-04-04T16:00:00.008000+00:00,0.0001,0.0
2023-04-05 00:00:00+00:00,1680652800000,2023-04-05T00:00:00+00:00,0.0001,0.0
2023-04-05 08:00:00.016000+00:00,1680681600016,2023-04-05T08:00:00.016000+00:00,0.0001,0.0
2023-04-05 16:00:00.004000+00:00,1680710400004,2023-04-05T16:00:00.004000+00:00,0.0001,0.0
2023-04-06 00:00:00+00:00,1680739200000,2023-04-06T00:00:00+00:00,2.7e-07,0.0
2023-04-06 08:00:00.011000+00:00,1680768000011,2023-04-06T08:00:00.011000+00:00,8.934e-05,0.0
2023-04-06 16:00:00+00:00,1680796800000,2023-04-06T16:00:00+00:00,-1.499e-05,0.0
2023-04-07 00:00:00.006000+00:00,1680825600006,2023-04-07T00:00:00.006000+00:00,6.8e-06,0.0
2023-04-07 08:00:00.005000+00:00,1680854400005,2023-04-07T08:00:00.005000+00:00,1.34e-05,0.0
2023-04-07 16:00:00+00:00,1680883200000,2023-04-07T16:00:00+00:00,8.014e-05,0.0
2023-04-08 00:00:00+00:00,1680912000000,2023-04-08T00:00:00+00:00,0.0001,0.0
2023-04-08 08:00:00.014000+00:00,1680940800014,2023-04-08T08:00:00.014000+00:00,0.0001,0.0
2023-04-08 16:00:00.018000+00:00,1680969600018,2023-04-08T16:00:00.018000+00:00,8.959e-05,0.0
2023-04-09 00:00:00.013000+00:00,1680998400013,2023-04-09T00:00:00.013000+00:00,0.0001,0.0
2023-04-09 08:00:00.024000+00:00,1681027200024,2023-04-09T08:00:00.024000+00:00,8.541e-05,0.0
2023-04-09 16:00:00.010000+00:00,1681056000010,2023-04-09T16:00:00.010000+00:00,0.0001,0.0
2023-04-10 00:00:00+00:00,1681084800000,2023-04-10T00:00:00+00:00,0.0001,0.0
2023-04-10 08:00:00.010000+00:00,1681113600010,2023-04-10T08:00:00.010000+00:00,0.0001,0.0
2023-04-10 16:00:00.006000+00:00,1681142400006,2023-04-10T16:00:00.006000+00:00,5.712e-05,0.0
2023-04-11 00:00:00.008000+00:00,1681171200008,2023-04-11T00:00:00.008000+00:00,0.0001,0.0
2023-04-11 08:00:00.007000+00:00,1681200000007,2023-04-11T08:00:00.007000+00:00,0.0001,0.0
2023-04-11 16:00:00.016000+00:00,1681228800016,2023-04-11T16:00:00.016000+00:00,0.0001,0.0
2023-04-12 00:00:00.006000+00:00,1681257600006,2023-04-12T00:00:00.006000+00:00,0.0001,0.0
2023-04-12 08:00:00.008000+00:00,1681286400008,2023-04-12T08:00:00.008000+00:00,2.081e-05,0.0
2023-04-12 16:00:00.014000+00:00,1681315200014,2023-04-12T16:00:00.014000+00:00,8.236e-05,0.0
2023-04-13 00:00:00.027000+00:00,1681344000027,2023-04-13T00:00:00.027000+00:00,6.047e-05,0.0
2023-04-13 08:00:00.010000+00:00,1681372800010,2023-04-13T08:00:00.010000+00:00,7.689e-05,0.0
2023-04-13 16:00:00+00:00,1681401600000,2023-04-13T16:00:00+00:00,0.0001,0.0
2023-04-14 00:00:00.001000+00:00,1681430400001,2023-04-14T00:00:00.001000+00:00,0.0001,0.0
2023-04-14 08:00:00.008000+00:00,1681459200008,2023-04-14T08:00:00.008000+00:00,0.0001,0.0
2023-04-14 16:00:00.007000+00:00,1681488000007,2023-04-14T16:00:00.007000+00:00,0.0001,0.0
2023-04-15 00:00:00.007000+00:00,1681516800007,2023-04-15T00:00:00.007000+00:00,0.0001,0.0
2023-04-15 08:00:00.007000+00:00,1681545600007,2023-04-15T08:00:00.007000+00:00,0.0001,0.0
2023-04-15 16:00:00.011000+00:00,1681574400011,2023-04-15T16:00:00.011000+00:00,0.0001,0.0
2023-04-16 00:00:00.014000+00:00,1681603200014,2023-04-16T00:00:00.014000+00:00,0.0001,0.0
2023-04-16 08:00:00.007000+00:00,1681632000007,2023-04-16T08:00:00.007000+00:00,0.0001,0.0
2023-04-16 16:00:00.002000+00:00,1681660800002,2023-04-16T16:00:00.002000+00:00,0.0001,0.0
2023-04-17 00:00:00.017000+00:00,1681689600017,2023-04-17T00:00:00.017000+00:00,0.0002706,0.0
2023-04-17 08:00:00.006000+00:00,1681718400006,2023-04-17T08:00:00.006000+00:00,0.0001,0.0
2023-04-17 16:00:00+00:00,1681747200000,2023-04-17T16:00:00+00:00,0.0001,0.0
2023-04-18 00:00:00.013000+00:00,1681776000013,2023-04-18T00:00:00.013000+00:00,0.0001,0.0
2023-04-18 08:00:00.017000+00:00,1681804800017,2023-04-18T08:00:00.017000+00:00,0.0001,0.0
2023-04-18 16:00:00+00:00,1681833600000,2023-04-18T16:00:00+00:00,0.0001,0.0
2023-04-19 00:00:00.022000+00:00,1681862400022,2023-04-19T00:00:00.022000+00:00,0.0001,0.0
2023-04-19 08:00:00.014000+00:00,1681891200014,2023-04-19T08:00:00.014000+00:00,0.0001,0.0
2023-04-19 16:00:00+00:00,1681920000000,2023-04-19T16:00:00+00:00,0.0001,0.0
2023-04-20 00:00:00.010000+00:00,1681948800010,2023-04-20T00:00:00.010000+00:00,0.0001,0.0
2023-04-20 08:00:00.012000+00:00,1681977600012,2023-04-20T08:00:00.012000+00:00,3.948e-05,0.0
2023-04-20 16:00:00.012000+00:00,1682006400012,2023-04-20T16:00:00.012000+00:00,0.0001,0.0
2023-04-21 00:00:00.009000+00:00,1682035200009,2023-04-21T00:00:00.009000+00:00,2.721e-05,0.0
2023-04-21 08:00:00.009000+00:00,1682064000009,2023-04-21T08:00:00.009000+00:00,0.0001,0.0
2023-04-21 16:00:00.003000+00:00,1682092800003,2023-04-21T16:00:00.003000+00:00,4.007e-05,0.0
2023-04-22 00:00:00+00:00,1682121600000,2023-04-22T00:00:00+00:00,3.216e-05,0.0
2023-04-22 08:00:00+00:00,1682150400000,2023-04-22T08:00:00+00:00,-3.475e-05,0.0
2023-04-22 16:00:00.016000+00:00,1682179200016,2023-04-22T16:00:00.016000+00:00,2.207e-05,0.0
2023-04-23 00:00:00.009000+00:00,1682208000009,2023-04-23T00:00:00.009000+00:00,-8.1e-07,0.0
2023-04-23 08:00:00.020000+00:00,1682236800020,2023-04-23T08:00:00.020000+00:00,6.907e-05,0.0
2023-04-23 16:00:00.007000+00:00,1682265600007,2023-04-23T16:00:00.007000+00:00,7.276e-05,0.0
2023-04-24 00:00:00+00:00,1682294400000,2023-04-24T00:00:00+00:00,7.577e-05,0.0
2023-04-24 08:00:00.008000+00:00,1682323200008,2023-04-24T08:00:00.008000+00:00,0.0001,0.0
2023-04-24 16:00:00.006000+00:00,1682352000006,2023-04-24T16:00:00.006000+00:00,0.0001,0.0
2023-04-25 00:00:00.014000+00:00,1682380800014,2023-04-25T00:00:00.014000+00:00,8.434e-05,0.0
2023-04-25 08:00:00.009000+00:00,1682409600009,2023-04-25T08:00:00.009000+00:00,6.474e-05,0.0
2023-04-25 16:00:00.015000+00:00,1682438400015,2023-04-25T16:00:00.015000+00:00,7.405e-05,0.0
2023-04-26 00:00:00.015000+00:00,1682467200015,2023-04-26T00:00:00.015000+00:00,0.0001,0.0
2023-04-26 08:00:00.013000+00:00,1682496000013,2023-04-26T08:00:00.013000+00:00,-2.085e-05,0.0
2023-04-26 16:00:00.001000+00:00,1682524800001,2023-04-26T16:00:00.001000+00:00,8.24e-05,0.0
2023-04-27 00:00:00.014000+00:00,1682553600014,2023-04-27T00:00:00.014000+00:00,5.76e-06,0.0
2023-04-27 08:00:00.008000+00:00,1682582400008,2023-04-27T08:00:00.008000+00:00,5.009e-05,0.0
2023-04-27 16:00:00.005000+00:00,1682611200005,2023-04-27T16:00:00.005000+00:00,5.846e-05,0.0
2023-04-28 00:00:00.011000+00:00,1682640000011,2023-04-28T00:00:00.011000+00:00,0.0001,0.0
2023-04-28 08:00:00.007000+00:00,1682668800007,2023-04-28T08:00:00.007000+00:00,7.493e-05,0.0
2023-04-28 16:00:00.006000+00:00,1682697600006,2023-04-28T16:00:00.006000+00:00,0.0001,0.0
2023-04-29 00:00:00.004000+00:00,1682726400004,2023-04-29T00:00:00.004000+00:00,0.0001,0.0
2023-04-29 08:00:00.016000+00:00,1682755200016,2023-04-29T08:00:00.016000+00:00,0.0001,0.0
2023-04-29 16:00:00.001000+00:00,1682784000001,2023-04-29T16:00:00.001000+00:00,0.0001,0.0
2023-04-30 00:00:00.008000+00:00,1682812800008,2023-04-30T00:00:00.008000+00:00,0.0001,0.0
2023-04-30 08:00:00+00:00,1682841600000,2023-04-30T08:00:00+00:00,5.043e-05,0.0
2023-04-30 16:00:00.010000+00:00,1682870400010,2023-04-30T16:00:00.010000+00:00,8.105e-05,0.0
2023-05-01 00:00:00.004000+00:00,1682899200004,2023-05-01T00:00:00.004000+00:00,-7.847e-05,0.0
2023-05-01 08:00:00.008000+00:00,1682928000008,2023-05-01T08:00:00.008000+00:00,5.403e-05,0.0
2023-05-01 16:00:00.014000+00:00,1682956800014,2023-05-01T16:00:00.014000+00:00,8.313e-05,0.0
2023-05-02 00:00:00.015000+00:00,1682985600015,2023-05-02T00:00:00.015000+00:00,0.0001,0.0
2023-05-02 08:00:00.018000+00:00,1683014400018,2023-05-02T08:00:00.018000+00:00,7.974e-05,0.0
2023-05-02 16:00:00+00:00,1683043200000,2023-05-02T16:00:00+00:00,9.045e-05,0.0
2023-05-03 00:00:00.009000+00:00,1683072000009,2023-05-03T00:00:00.009000+00:00,6.355e-05,0.0
2023-05-03 08:00:00.003000+00:00,1683100800003,2023-05-03T08:00:00.003000+00:00,7.908e-05,0.0
2023-05-03 16:00:00.011000+00:00,1683129600011,2023-05-03T16:00:00.011000+00:00,-2.036e-05,0.0
2023-05-04 00:00:00+00:00,1683158400000,2023-05-04T00:00:00+00:00,0.0001,0.0
2023-05-04 08:00:00+00:00,1683187200000,2023-05-04T08:00:00+00:00,0.0001,0.0
2023-05-04 16:00:00.011000+00:00,1683216000011,2023-05-04T16:00:00.011000+00:00,0.0001,0.0
2023-05-05 00:00:00.002000+00:00,1683244800002,2023-05-05T00:00:00.002000+00:00,8.685e-05,0.0
2023-05-05 08:00:00+00:00,1683273600000,2023-05-05T08:00:00+00:00,0.0001,0.0
2023-05-05 16:00:00+00:00,1683302400000,2023-05-05T16:00:00+00:00,7.275e-05,0.0
2023-05-06 00:00:00.009000+00:00,1683331200009,2023-05-06T00:00:00.009000+00:00,0.0001,0.0
2023-05-06 08:00:00+00:00,1683360000000,2023-05-06T08:00:00+00:00,5.772e-05,0.0
2023-05-06 16:00:00+00:00,1683388800000,2023-05-06T16:00:00+00:00,4.804e-05,0.0
2023-05-07 00:00:00+00:00,1683417600000,2023-05-07T00:00:00+00:00,1.603e-05,0.0
2023-05-07 08:00:00+00:00,1683446400000,2023-05-07T08:00:00+00:00,2.019e-05,0.0
2023-05-07 16:00:00.006000+00:00,1683475200006,2023-05-07T16:00:00.006000+00:00,2.095e-05,0.0
2023-05-08 00:00:00+00:00,1683504000000,2023-05-08T00:00:00+00:00,7.854e-05,0.0
2023-05-08 08:00:00.007000+00:00,1683532800007,2023-05-08T08:00:00.007000+00:00,7.532e-05,0.0
2023-05-08 16:00:00.015000+00:00,1683561600015,2023-05-08T16:00:00.015000+00:00,9.075e-05,0.0
2023-05-09 00:00:00.015000+00:00,1683590400015,2023-05-09T00:00:00.015000+00:00,-5.678e-05,0.0
2023-05-09 08:00:00+00:00,1683619200000,2023-05-09T08:00:00+00:00,5.444e-05,0.0
2023-05-09 16:00:00+00:00,1683648000000,2023-05-09T16:00:00+00:00,5.115e-05,0.0
2023-05-10 00:00:00.007000+00:00,1683676800007,2023-05-10T00:00:00.007000+00:00,3.554e-05,0.0
2023-05-10 08:00:00.003000+00:00,1683705600003,2023-05-10T08:00:00.003000+00:00,6.205e-05,0.0
2023-05-10 16:00:00+00:00,1683734400000,2023-05-10T16:00:00+00:00,2.271e-05,0.0
2023-05-11 00:00:00.011000+00:00,1683763200011,2023-05-11T00:00:00.011000+00:00,7.267e-05,0.0
2023-05-11 08:00:00+00:00,1683792000000,2023-05-11T08:00:00+00:00,5.746e-05,0.0
2023-05-11 16:00:00.005000+00:00,1683820800005,2023-05-11T16:00:00.005000+00:00,8.499e-05,0.0
2023-05-12 00:00:00.020000+00:00,1683849600020,2023-05-12T00:00:00.020000+00:00,0.0001,0.0
2023-05-12 08:00:00.001000+00:00,1683878400001,2023-05-12T08:00:00.001000+00:00,0.0001,0.0
2023-05-12 16:00:00.010000+00:00,1683907200010,2023-05-12T16:00:00.010000+00:00,3.72e-05,0.0
2023-05-13 00:00:00+00:00,1683936000000,2023-05-13T00:00:00+00:00,7.806e-05,0.0
2023-05-13 08:00:00+00:00,1683964800000,2023-05-13T08:00:00+00:00,0.0001,0.0
2023-05-13 16:00:00.026000+00:00,1683993600026,2023-05-13T16:00:00.026000+00:00,4.837e-05,0.0
2023-05-14 00:00:00.029000+00:00,1684022400029,2023-05-14T00:00:00.029000+00:00,5.997e-05,0.0
2023-05-14 08:00:00.010000+00:00,1684051200010,2023-05-14T08:00:00.010000+00:00,0.0001,0.0
2023-05-14 16:00:00.008000+00:00,1684080000008,2023-05-14T16:00:00.008000+00:00,4.315e-05,0.0
2023-05-15 00:00:00.006000+00:00,1684108800006,2023-05-15T00:00:00.006000+00:00,-6.82e-06,0.0
2023-05-15 08:00:00.005000+00:00,1684137600005,2023-05-15T08:00:00.005000+00:00,5.447e-05,0.0
2023-05-15 16:00:00.008000+00:00,1684166400008,2023-05-15T16:00:00.008000+00:00,3.208e-05,0.0
2023-05-16 00:00:00.021000+00:00,1684195200021,2023-05-16T00:00:00.021000+00:00,3.59e-05,0.0
2023-05-16 08:00:00+00:00,1684224000000,2023-05-16T08:00:00+00:00,6.145e-05,0.0
2023-05-16 16:00:00+00:00,1684252800000,2023-05-16T16:00:00+00:00,5.1e-05,0.0
2023-05-17 00:00:00.010000+00:00,1684281600010,2023-05-17T00:00:00.010000+00:00,4.62e-06,0.0
2023-05-17 08:00:00+00:00,1684310400000,2023-05-17T08:00:00+00:00,0.0001,0.0
2023-05-17 16:00:00.001000+00:00,1684339200001,2023-05-17T16:00:00.001000+00:00,0.0001,0.0
2023-05-18 00:00:00+00:00,1684368000000,2023-05-18T00:00:00+00:00,2.939e-05,0.0
2023-05-18 08:00:00.026000+00:00,1684396800026,2023-05-18T08:00:00.026000+00:00,9.879e-05,0.0
2023-05-18 16:00:00.019000+00:00,1684425600019,2023-05-18T16:00:00.019000+00:00,0.0001,0.0
2023-05-19 00:00:00+00:00,1684454400000,2023-05-19T00:00:00+00:00,9.038e-05,0.0
2023-05-19 08:00:00.002000+00:00,1684483200002,2023-05-19T08:00:00.002000+00:00,0.0001,0.0
2023-05-19 16:00:00+00:00,1684512000000,2023-05-19T16:00:00+00:00,4.35e-05,0.0
2023-05-20 00:00:00.005000+00:00,1684540800005,2023-05-20T00:00:00.005000+00:00,5.866e-05,0.0
2023-05-20 08:00:00.014000+00:00,1684569600014,2023-05-20T08:00:00.014000+00:00,7.868e-05,0.0
2023-05-20 16:00:00.020000+00:00,1684598400020,2023-05-20T16:00:00.020000+00:00,4.844e-05,0.0
2023-05-21 00:00:00.014000+00:00,1684627200014,2023-05-21T00:00:00.014000+00:00,4.943e-05,0.0
2023-05-21 08:00:00.001000+00:00,1684656000001,2023-05-21T08:00:00.001000+00:00,7.539e-05,0.0
2023-05-21 16:00:00.015000+00:00,1684684800015,2023-05-21T16:00:00.015000+00:00,8.36e-05,0.0
2023-05-22 00:00:00.028000+00:00,1684713600028,2023-05-22T00:00:00.028000+00:00,5.44e-05,0.0
2023-05-22 08:00:00+00:00,1684742400000,2023-05-22T08:00:00+00:00,9.772e-05,0.0
2023-05-22 16:00:00.012000+00:00,1684771200012,2023-05-22T16:00:00.012000+00:00,0.0001,0.0
2023-05-23 00:00:00.006000+00:00,1684800000006,2023-05-23T00:00:00.006000+00:00,7.235e-05,0.0
2023-05-23 08:00:00.014000+00:00,1684828800014,2023-05-23T08:00:00.014000+00:00,0.0001,0.0
2023-05-23 16:00:00.008000+00:00,1684857600008,2023-05-23T16:00:00.008000+00:00,0.0001,0.0
2023-05-24 00:00:00+00:00,1684886400000,2023-05-24T00:00:00+00:00,0.0001,0.0
2023-05-24 08:00:00.025000+00:00,1684915200025,2023-05-24T08:00:00.025000+00:00,0.0001,0.0
2023-05-24 16:00:00.008000+00:00,1684944000008,2023-05-24T16:00:00.008000+00:00,0.0001,0.0
2023-05-25 00:00:00+00:00,1684972800000,2023-05-25T00:00:00+00:00,2.594e-05,0.0
2023-05-25 08:00:00.025000+00:00,1685001600025,2023-05-25T08:00:00.025000+00:00,0.0001,0.0
2023-05-25 16:00:00.016000+00:00,1685030400016,2023-05-25T16:00:00.016000+00:00,0.0001,0.0
2023-05-26 00:00:00+00:00,1685059200000,2023-05-26T00:00:00+00:00,6.956e-05,0.0
2023-05-26 08:00:00.024000+00:00,1685088000024,2023-05-26T08:00:00.024000+00:00,0.0001,0.0
2023-05-26 16:00:00.012000+00:00,1685116800012,2023-05-26T16:00:00.012000+00:00,0.0001,0.0
2023-05-27 00:00:00.012000+00:00,1685145600012,2023-05-27T00:00:00.012000+00:00,0.0001,0.0
2023-05-27 08:00:00.018000+00:00,1685174400018,2023-05-27T08:00:00.018000+00:00,9.321e-05,0.0
2023-05-27 16:00:00.008000+00:00,1685203200008,2023-05-27T16:00:00.008000+00:00,0.0001,0.0
2023-05-28 00:00:00.017000+00:00,1685232000017,2023-05-28T00:00:00.017000+00:00,0.0001,0.0
2023-05-28 08:00:00.015000+00:00,1685260800015,2023-05-28T08:00:00.015000+00:00,0.0001,0.0
2023-05-28 16:00:00+00:00,1685289600000,2023-05-28T16:00:00+00:00,0.0001,0.0
2023-05-29 00:00:00+00:00,1685318400000,2023-05-29T00:00:00+00:00,0.0001,0.0
2023-05-29 08:00:00.020000+00:00,1685347200020,2023-05-29T08:00:00.020000+00:00,0.0001,0.0
2023-05-29 16:00:00.011000+00:00,1685376000011,2023-05-29T16:00:00.011000+00:00,0.0001,0.0
2023-05-30 00:00:00.003000+00:00,1685404800003,2023-05-30T00:00:00.003000+00:00,0.0001,0.0
2023-05-30 08:00:00+00:00,1685433600000,2023-05-30T08:00:00+00:00,0.0001,0.0
2023-05-30 16:00:00.003000+00:00,1685462400003,2023-05-30T16:00:00.003000+00:00,0.0001,0.0
2023-05-31 00:00:00.013000+00:00,1685491200013,2023-05-31T00:00:00.013000+00:00,9.199e-05,0.0
2023-05-31 08:00:00+00:00,1685520000000,2023-05-31T08:00:00+00:00,0.0001,0.0
2023-05-31 16:00:00+00:00,1685548800000,2023-05-31T16:00:00+00:00,8.509e-05,0.0
2023-06-01 00:00:00.008000+00:00,1685577600008,2023-06-01T00:00:00.008000+00:00,3.16e-06,0.0
2023-06-01 08:00:00.012000+00:00,1685606400012,2023-06-01T08:00:00.012000+00:00,0.0001,0.0
2023-06-01 16:00:00+00:00,1685635200000,2023-06-01T16:00:00+00:00,0.0001,0.0
2023-06-02 00:00:00+00:00,1685664000000,2023-06-02T00:00:00+00:00,0.0001,0.0
2023-06-02 08:00:00.006000+00:00,1685692800006,2023-06-02T08:00:00.006000+00:00,0.0001,0.0
2023-06-02 16:00:00.012000+00:00,1685721600012,2023-06-02T16:00:00.012000+00:00,0.0001,0.0
2023-06-03 00:00:00+00:00,1685750400000,2023-06-03T00:00:00+00:00,0.0001,0.0
2023-06-03 08:00:00.011000+00:00,1685779200011,2023-06-03T08:00:00.011000+00:00,0.0001,0.0
2023-06-03 16:00:00.003000+00:00,1685808000003,2023-06-03T16:00:00.003000+00:00,0.0001,0.0
2023-06-04 00:00:00+00:00,1685836800000,2023-06-04T00:00:00+00:00,0.0001,0.0
2023-06-04 08:00:00+00:00,1685865600000,2023-06-04T08:00:00+00:00,0.0001,0.0
2023-06-04 16:00:00+00:00,1685894400000,2023-06-04T16:00:00+00:00,0.0001,0.0
2023-06-05 00:00:00.005000+00:00,1685923200005,2023-06-05T00:00:00.005000+00:00,0.0001,0.0
2023-06-05 08:00:00+00:00,1685952000000,2023-06-05T08:00:00+00:00,0.0001,0.0
2023-06-05 16:00:00+00:00,1685980800000,2023-06-05T16:00:00+00:00,0.0001,0.0
2023-06-06 00:00:00+00:00,1686009600000,2023-06-06T00:00:00+00:00,4.424e-05,0.0
2023-06-06 08:00:00.009000+00:00,1686038400009,2023-06-06T08:00:00.009000+00:00,6.806e-05,0.0
2023-06-06 16:00:00.013000+00:00,1686067200013,2023-06-06T16:00:00.013000+00:00,5.441e-05,0.0
2023-06-07 00:00:00+00:00,1686096000000,2023-06-07T00:00:00+00:00,0.0001,0.0
2023-06-07 08:00:00.016000+00:00,1686124800016,2023-06-07T08:00:00.016000+00:00,0.0001,0.0
2023-06-07 16:00:00+00:00,1686153600000,2023-06-07T16:00:00+00:00,9.678e-05,0.0
2023-06-08 00:00:00.006000+00:00,1686182400006,2023-06-08T00:00:00.006000+00:00,3.667e-05,0.0
2023-06-08 08:00:00+00:00,1686211200000,2023-06-08T08:00:00+00:00,9.165e-05,0.0
2023-06-08 16:00:00+00:00,1686240000000,2023-06-08T16:00:00+00:00,5.04e-05,0.0
2023-06-09 00:00:00+00:00,1686268800000,2023-06-09T00:00:00+00:00,0.0001,0.0
2023-06-09 08:00:00+00:00,1686297600000,2023-06-09T08:00:00+00:00,8.258e-05,0.0
2023-06-09 16:00:00+00:00,1686326400000,2023-06-09T16:00:00+00:00,0.0001,0.0
2023-06-10 00:00:00+00:00,1686355200000,2023-06-10T00:00:00+00:00,0.0001,0.0
2023-06-10 08:00:00+00:00,1686384000000,2023-06-10T08:00:00+00:00,0.0001,0.0
2023-06-10 16:00:00+00:00,1686412800000,2023-06-10T16:00:00+00:00,-1.151e-05,0.0
2023-06-11 00:00:00.001000+00:00,1686441600001,2023-06-11T00:00:00.001000+00:00,-6.938e-05,0.0
2023-06-11 08:00:00+00:00,1686470400000,2023-06-11T08:00:00+00:00,-3.021e-05,0.0
2023-06-11 16:00:00+00:00,1686499200000,2023-06-11T16:00:00+00:00,1.184e-05,0.0
2023-06-12 00:00:00+00:00,1686528000000,2023-06-12T00:00:00+00:00,2.816e-05,0.0
2023-06-12 08:00:00+00:00,1686556800000,2023-06-12T08:00:00+00:00,5.782e-05,0.0
2023-06-12 16:00:00.001000+00:00,1686585600001,2023-06-12T16:00:00.001000+00:00,5.443e-05,0.0
2023-06-13 00:00:00+00:00,1686614400000,2023-06-13T00:00:00+00:00,3.383e-05,0.0
2023-06-13 08:00:00+00:00,1686643200000,2023-06-13T08:00:00+00:00,3.877e-05,0.0
2023-06-13 16:00:00+00:00,1686672000000,2023-06-13T16:00:00+00:00,6.845e-05,0.0
2023-06-14 00:00:00+00:00,1686700800000,2023-06-14T00:00:00+00:00,4.863e-05,0.0
2023-06-14 08:00:00+00:00,1686729600000,2023-06-14T08:00:00+00:00,3.124e-05,0.0
2023-06-14 16:00:00+00:00,1686758400000,2023-06-14T16:00:00+00:00,5.077e-05,0.0
2023-06-15 00:00:00+00:00,1686787200000,2023-06-15T00:00:00+00:00,-7.087e-05,0.0
2023-06-15 08:00:00+00:00,1686816000000,2023-06-15T08:00:00+00:00,4.837e-05,0.0
2023-06-15 16:00:00+00:00,1686844800000,2023-06-15T16:00:00+00:00,1.04e-05,0.0
2023-06-16 00:00:00+00:00,1686873600000,2023-06-16T00:00:00+00:00,7.62e-06,0.0
2023-06-16 08:00:00+00:00,1686902400000,2023-06-16T08:00:00+00:00,2.891e-05,0.0
2023-06-16 16:00:00+00:00,1686931200000,2023-06-16T16:00:00+00:00,4.175e-05,0.0
2023-06-17 00:00:00+00:00,1686960000000,2023-06-17T00:00:00+00:00,4.458e-05,0.0
2023-06-17 08:00:00+00:00,1686988800000,2023-06-17T08:00:00+00:00,2.601e-05,0.0
2023-06-17 16:00:00+00:00,1687017600000,2023-06-17T16:00:00+00:00,-4.54e-06,0.0
2023-06-18 00:00:00+00:00,1687046400000,2023-06-18T00:00:00+00:00,-7.77e-06,0.0
2023-06-18 08:00:00+00:00,1687075200000,2023-06-18T08:00:00+00:00,7.841e-05,0.0
2023-06-18 16:00:00+00:00,1687104000000,2023-06-18T16:00:00+00:00,9.616e-05,0.0
2023-06-19 00:00:00+00:00,1687132800000,2023-06-19T00:00:00+00:00,8.054e-05,0.0
2023-06-19 08:00:00+00:00,1687161600000,2023-06-19T08:00:00+00:00,0.0001,0.0
2023-06-19 16:00:00+00:00,1687190400000,2023-06-19T16:00:00+00:00,4.208e-05,0.0
2023-06-20 00:00:00.001000+00:00,1687219200001,2023-06-20T00:00:00.001000+00:00,1.097e-05,0.0
2023-06-20 08:00:00+00:00,1687248000000,2023-06-20T08:00:00+00:00,6.541e-05,0.0
2023-06-20 16:00:00+00:00,1687276800000,2023-06-20T16:00:00+00:00,3.472e-05,0.0
2023-06-21 00:00:00+00:00,1687305600000,2023-06-21T00:00:00+00:00,0.0001,0.0
2023-06-21 08:00:00+00:00,1687334400000,2023-06-21T08:00:00+00:00,8.751e-05,0.0
2023-06-21 16:00:00+00:00,1687363200000,2023-06-21T16:00:00+00:00,9.263e-05,0.0
2023-06-22 00:00:00+00:00,1687392000000,2023-06-22T00:00:00+00:00,0.0001,0.0
2023-06-22 08:00:00.001000+00:00,1687420800001,2023-06-22T08:00:00.001000+00:00,6.118e-05,0.0
2023-06-22 16:00:00+00:00,1687449600000,2023-06-22T16:00:00+00:00,9.37e-05,0.0
2023-06-23 00:00:00+00:00,1687478400000,2023-06-23T00:00:00+00:00,0.0001,0.0
2023-06-23 08:00:00+00:00,1687507200000,2023-06-23T08:00:00+00:00,0.0001,0.0
2023-06-23 16:00:00+00:00,1687536000000,2023-06-23T16:00:00+00:00,0.0001,0.0
2023-06-24 00:00:00+00:00,1687564800000,2023-06-24T00:00:00+00:00,0.0001,0.0
2023-06-24 08:00:00+00:00,1687593600000,2023-06-24T08:00:00+00:00,0.0001,0.0
2023-06-24 16:00:00+00:00,1687622400000,2023-06-24T16:00:00+00:00,0.0001,0.0
2023-06-25 00:00:00+00:00,1687651200000,2023-06-25T00:00:00+00:00,0.0001,0.0
2023-06-25 08:00:00+00:00,1687680000000,2023-06-25T08:00:00+00:00,0.0001,0.0
2023-06-25 16:00:00+00:00,1687708800000,2023-06-25T16:00:00+00:00,0.0001,0.0
2023-06-26 00:00:00+00:00,1687737600000,2023-06-26T00:00:00+00:00,0.0001,0.0
2023-06-26 08:00:00+00:00,1687766400000,2023-06-26T08:00:00+00:00,0.0001,0.0
2023-06-26 16:00:00+00:00,1687795200000,2023-06-26T16:00:00+00:00,0.0001,0.0
2023-06-27 00:00:00+00:00,1687824000000,2023-06-27T00:00:00+00:00,0.0001,0.0
2023-06-27 08:00:00+00:00,1687852800000,2023-06-27T08:00:00+00:00,0.0001,0.0
2023-06-27 16:00:00+00:00,1687881600000,2023-06-27T16:00:00+00:00,0.0001,0.0
2023-06-28 00:00:00+00:00,1687910400000,2023-06-28T00:00:00+00:00,0.0001,0.0
2023-06-28 08:00:00+00:00,1687939200000,2023-06-28T08:00:00+00:00,6.091e-05,0.0
2023-06-28 16:00:00+00:00,1687968000000,2023-06-28T16:00:00+00:00,9.328e-05,0.0
2023-06-29 00:00:00+00:00,1687996800000,2023-06-29T00:00:00+00:00,4.119e-05,0.0
2023-06-29 08:00:00+00:00,1688025600000,2023-06-29T08:00:00+00:00,5.499e-05,0.0
2023-06-29 16:00:00+00:00,1688054400000,2023-06-29T16:00:00+00:00,9.419e-05,0.0
2023-06-30 00:00:00+00:00,1688083200000,2023-06-30T00:00:00+00:00,8.154e-05,0.0
2023-06-30 08:00:00+00:00,1688112000000,2023-06-30T08:00:00+00:00,0.0001,0.0
2023-06-30 16:00:00.001000+00:00,1688140800001,2023-06-30T16:00:00.001000+00:00,0.0001,0.0
2023-07-01 00:00:00+00:00,1688169600000,2023-07-01T00:00:00+00:00,0.0001,0.0
2023-07-01 08:00:00+00:00,1688198400000,2023-07-01T08:00:00+00:00,0.0001,0.0
2023-07-01 16:00:00+00:00,1688227200000,2023-07-01T16:00:00+00:00,0.0001,0.0
2023-07-02 00:00:00+00:00,1688256000000,2023-07-02T00:00:00+00:00,0.0001,0.0
2023-07-02 08:00:00+00:00,1688284800000,2023-07-02T08:00:00+00:00,0.0001,0.0
2023-07-02 16:00:00.001000+00:00,1688313600001,2023-07-02T16:00:00.001000+00:00,0.0001,0.0
2023-07-03 00:00:00+00:00,1688342400000,2023-07-03T00:00:00+00:00,0.0001,0.0
2023-07-03 08:00:00+00:00,1688371200000,2023-07-03T08:00:00+00:00,0.0001,0.0
2023-07-03 16:00:00+00:00,1688400000000,2023-07-03T16:00:00+00:00,0.00015537,0.0
2023-07-04 00:00:00.001000+00:00,1688428800001,2023-07-04T00:00:00.001000+00:00,0.0001,0.0
2023-07-04 08:00:00+00:00,1688457600000,2023-07-04T08:00:00+00:00,0.0001,0.0
2023-07-04 16:00:00+00:00,1688486400000,2023-07-04T16:00:00+00:00,0.0001,0.0
2023-07-05 00:00:00+00:00,1688515200000,2023-07-05T00:00:00+00:00,0.0001,0.0
2023-07-05 08:00:00+00:00,1688544000000,2023-07-05T08:00:00+00:00,0.0001,0.0
2023-07-05 16:00:00+00:00,1688572800000,2023-07-05T16:00:00+00:00,0.0001,0.0
2023-07-06 00:00:00+00:00,1688601600000,2023-07-06T00:00:00+00:00,0.0001,0.0
2023-07-06 08:00:00+00:00,1688630400000,2023-07-06T08:00:00+00:00,0.0001,0.0
2023-07-06 16:00:00+00:00,1688659200000,2023-07-06T16:00:00+00:00,3.495e-05,0.0
2023-07-07 00:00:00+00:00,1688688000000,2023-07-07T00:00:00+00:00,3.135e-05,0.0
2023-07-07 08:00:00+00:00,1688716800000,2023-07-07T08:00:00+00:00,9.342e-05,0.0
2023-07-07 16:00:00+00:00,1688745600000,2023-07-07T16:00:00+00:00,4.318e-05,0.0
2023-07-08 00:00:00+00:00,1688774400000,2023-07-08T00:00:00+00:00,5.219e-05,0.0
2023-07-08 08:00:00+00:00,1688803200000,2023-07-08T08:00:00+00:00,0.0001,0.0
2023-07-08 16:00:00+00:00,1688832000000,2023-07-08T16:00:00+00:00,4.571e-05,0.0
2023-07-09 00:00:00+00:00,1688860800000,2023-07-09T00:00:00+00:00,7.159e-05,0.0
2023-07-09 08:00:00+00:00,1688889600000,2023-07-09T08:00:00+00:00,5.727e-05,0.0
2023-07-09 16:00:00+00:00,1688918400000,2023-07-09T16:00:00+00:00,4.744e-05,0.0
2023-07-10 00:00:00+00:00,1688947200000,2023-07-10T00:00:00+00:00,7.379e-05,0.0
2023-07-10 08:00:00+00:00,1688976000000,2023-07-10T08:00:00+00:00,7.525e-05,0.0
2023-07-10 16:00:00+00:00,1689004800000,2023-07-10T16:00:00+00:00,-5.1e-07,0.0
2023-07-11 00:00:00+00:00,1689033600000,2023-07-11T00:00:00+00:00,3.16e-06,0.0
2023-07-11 08:00:00+00:00,1689062400000,2023-07-11T08:00:00+00:00,4.923e-05,0.0
2023-07-11 16:00:00+00:00,1689091200000,2023-07-11T16:00:00+00:00,0.0001,0.0
2023-07-12 00:00:00+00:00,1689120000000,2023-07-12T00:00:00+00:00,3.05e-05,0.0
2023-07-12 08:00:00+00:00,1689148800000,2023-07-12T08:00:00+00:00,4.445e-05,0.0
2023-07-12 16:00:00+00:00,1689177600000,2023-07-12T16:00:00+00:00,4.611e-05,0.0
2023-07-13 00:00:00+00:00,1689206400000,2023-07-13T00:00:00+00:00,2.33e-06,0.0
2023-07-13 08:00:00+00:00,1689235200000,2023-07-13T08:00:00+00:00,2.694e-05,0.0
2023-07-13 16:00:00+00:00,1689264000000,2023-07-13T16:00:00+00:00,-7.51e-05,0.0
2023-07-14 00:00:00+00:00,1689292800000,2023-07-14T00:00:00+00:00,0.0001,0.0
2023-07-14 08:00:00+00:00,1689321600000,2023-07-14T08:00:00+00:00,0.0001,0.0
2023-07-14 16:00:00+00:00,1689350400000,2023-07-14T16:00:00+00:00,0.0001,0.0
2023-07-15 00:00:00+00:00,1689379200000,2023-07-15T00:00:00+00:00,-4.704e-05,0.0
2023-07-15 08:00:00+00:00,1689408000000,2023-07-15T08:00:00+00:00,0.0001,0.0
2023-07-15 16:00:00+00:00,1689436800000,2023-07-15T16:00:00+00:00,0.0001,0.0
2023-07-16 00:00:00.001000+00:00,1689465600001,2023-07-16T00:00:00.001000+00:00,9e-05,0.0
2023-07-16 08:00:00+00:00,1689494400000,2023-07-16T08:00:00+00:00,0.0001,0.0
2023-07-16 16:00:00+00:00,1689523200000,2023-07-16T16:00:00+00:00,5.972e-05,0.0
2023-07-17 00:00:00+00:00,1689552000000,2023-07-17T00:00:00+00:00,4.1e-07,0.0
2023-07-17 08:00:00+00:00,1689580800000,2023-07-17T08:00:00+00:00,0.0001,0.0
2023-07-17 16:00:00+00:00,1689609600000,2023-07-17T16:00:00+00:00,5.101e-05,0.0
2023-07-18 00:00:00+00:00,1689638400000,2023-07-18T00:00:00+00:00,8.929e-05,0.0
2023-07-18 08:00:00+00:00,1689667200000,2023-07-18T08:00:00+00:00,0.0001,0.0
2023-07-18 16:00:00+00:00,1689696000000,2023-07-18T16:00:00+00:00,0.0001,0.0
2023-07-19 00:00:00+00:00,1689724800000,2023-07-19T00:00:00+00:00,0.0001,0.0
2023-07-19 08:00:00+00:00,1689753600000,2023-07-19T08:00:00+00:00,0.0001,0.0
2023-07-19 16:00:00.001000+00:00,1689782400001,2023-07-19T16:00:00.001000+00:00,0.0001,0.0
2023-07-20 00:00:00+00:00,1689811200000,2023-07-20T00:00:00+00:00,6.851e-05,0.0
2023-07-20 08:00:00+00:00,1689840000000,2023-07-20T08:00:00+00:00,0.0001,0.0
2023-07-20 16:00:00+00:00,1689868800000,2023-07-20T16:00:00+00:00,2.833e-05,0.0
2023-07-21 00:00:00.001000+00:00,1689897600001,2023-07-21T00:00:00.001000+00:00,0.0001,0.0
2023-07-21 08:00:00+00:00,1689926400000,2023-07-21T08:00:00+00:00,6.584e-05,0.0
2023-07-21 16:00:00+00:00,1689955200000,2023-07-21T16:00:00+00:00,9.562e-05,0.0
2023-07-22 00:00:00+00:00,1689984000000,2023-07-22T00:00:00+00:00,8.399e-05,0.0
2023-07-22 08:00:00+00:00,1690012800000,2023-07-22T08:00:00+00:00,0.0001,0.0
2023-07-22 16:00:00+00:00,1690041600000,2023-07-22T16:00:00+00:00,4.954e-05,0.0
2023-07-23 00:00:00+00:00,1690070400000,2023-07-23T00:00:00+00:00,9.46e-05,0.0
2023-07-23 08:00:00+00:00,1690099200000,2023-07-23T08:00:00+00:00,0.0001,0.0
2023-07-23 16:00:00+00:00,1690128000000,2023-07-23T16:00:00+00:00,0.0001,0.0
2023-07-24 00:00:00+00:00,1690156800000,2023-07-24T00:00:00+00:00,2.617e-05,0.0
2023-07-24 08:00:00+00:00,1690185600000,2023-07-24T08:00:00+00:00,9.007e-05,0.0
2023-07-24 16:00:00+00:00,1690214400000,2023-07-24T16:00:00+00:00,6.198e-05,0.0
2023-07-25 00:00:00+00:00,1690243200000,2023-07-25T00:00:00+00:00,-9.45e-06,0.0
2023-07-25 08:00:00+00:00,1690272000000,2023-07-25T08:00:00+00:00,3.13e-05,0.0
2023-07-25 16:00:00+00:00,1690300800000,2023-07-25T16:00:00+00:00,-2.385e-05,0.0
2023-07-26 00:00:00+00:00,1690329600000,2023-07-26T00:00:00+00:00,3.462e-05,0.0
2023-07-26 08:00:00.001000+00:00,1690358400001,2023-07-26T08:00:00.001000+00:00,5.554e-05,0.0
2023-07-26 16:00:00+00:00,1690387200000,2023-07-26T16:00:00+00:00,4.724e-05,0.0
2023-07-27 00:00:00+00:00,1690416000000,2023-07-27T00:00:00+00:00,-2.54e-06,0.0
2023-07-27 08:00:00+00:00,1690444800000,2023-07-27T08:00:00+00:00,8.529e-05,0.0
2023-07-27 16:00:00.001000+00:00,1690473600001,2023-07-27T16:00:00.001000+00:00,3.238e-05,0.0
2023-07-28 00:00:00+00:00,1690502400000,2023-07-28T00:00:00+00:00,0.0001,0.0
2023-07-28 08:00:00+00:00,1690531200000,2023-07-28T08:00:00+00:00,0.0001,0.0
2023-07-28 16:00:00+00:00,1690560000000,2023-07-28T16:00:00+00:00,9.511e-05,0.0
2023-07-29 00:00:00+00:00,1690588800000,2023-07-29T00:00:00+00:00,8.153e-05,0.0
2023-07-29 08:00:00+00:00,1690617600000,2023-07-29T08:00:00+00:00,9.199e-05,0.0
2023-07-29 16:00:00.001000+00:00,1690646400001,2023-07-29T16:00:00.001000+00:00,0.0001,0.0
2023-07-30 00:00:00+00:00,1690675200000,2023-07-30T00:00:00+00:00,9.982e-05,0.0
2023-07-30 08:00:00+00:00,1690704000000,2023-07-30T08:00:00+00:00,0.0001,0.0
2023-07-30 16:00:00+00:00,1690732800000,2023-07-30T16:00:00+00:00,0.0001,0.0
2023-07-31 00:00:00+00:00,1690761600000,2023-07-31T00:00:00+00:00,7.8e-05,0.0
2023-07-31 08:00:00+00:00,1690790400000,2023-07-31T08:00:00+00:00,8.268e-05,0.0
2023-07-31 16:00:00.001000+00:00,1690819200001,2023-07-31T16:00:00.001000+00:00,7.383e-05,0.0
2023-08-01 00:00:00+00:00,1690848000000,2023-08-01T00:00:00+00:00,0.0001,0.0
2023-08-01 08:00:00+00:00,1690876800000,2023-08-01T08:00:00+00:00,6.896e-05,0.0
2023-08-01 16:00:00+00:00,1690905600000,2023-08-01T16:00:00+00:00,0.0001,0.0
2023-08-02 00:00:00+00:00,1690934400000,2023-08-02T00:00:00+00:00,0.0001,0.0
2023-08-02 08:00:00+00:00,1690963200000,2023-08-02T08:00:00+00:00,0.0001,0.0
2023-08-02 16:00:00+00:00,1690992000000,2023-08-02T16:00:00+00:00,4.844e-05,0.0
2023-08-03 00:00:00+00:00,1691020800000,2023-08-03T00:00:00+00:00,-1.93e-05,0.0
2023-08-03 08:00:00+00:00,1691049600000,2023-08-03T08:00:00+00:00,0.0001,0.0
2023-08-03 16:00:00.001000+00:00,1691078400001,2023-08-03T16:00:00.001000+00:00,0.0001,0.0
2023-08-04 00:00:00+00:00,1691107200000,2023-08-04T00:00:00+00:00,3.479e-05,0.0
2023-08-04 08:00:00+00:00,1691136000000,2023-08-04T08:00:00+00:00,4.275e-05,0.0
2023-08-04 16:00:00+00:00,1691164800000,2023-08-04T16:00:00+00:00,1.033e-05,0.0
2023-08-05 00:00:00+00:00,1691193600000,2023-08-05T00:00:00+00:00,0.0001,0.0
2023-08-05 08:00:00+00:00,1691222400000,2023-08-05T08:00:00+00:00,0.0001,0.0
2023-08-05 16:00:00.001000+00:00,1691251200001,2023-08-05T16:00:00.001000+00:00,0.0001,0.0
2023-08-06 00:00:00+00:00,1691280000000,2023-08-06T00:00:00+00:00,9.683e-05,0.0
2023-08-06 08:00:00.001000+00:00,1691308800001,2023-08-06T08:00:00.001000+00:00,5.058e-05,0.0
2023-08-06 16:00:00.005000+00:00,1691337600005,2023-08-06T16:00:00.005000+00:00,0.0001,0.0
2023-08-07 00:00:00+00:00,1691366400000,2023-08-07T00:00:00+00:00,0.0001,0.0
2023-08-07 08:00:00+00:00,1691395200000,2023-08-07T08:00:00+00:00,0.0001,0.0
2023-08-07 16:00:00+00:00,1691424000000,2023-08-07T16:00:00+00:00,0.0001,0.0
2023-08-08 00:00:00+00:00,1691452800000,2023-08-08T00:00:00+00:00,0.0001,0.0
2023-08-08 08:00:00+00:00,1691481600000,2023-08-08T08:00:00+00:00,9.635e-05,0.0
2023-08-08 16:00:00+00:00,1691510400000,2023-08-08T16:00:00+00:00,9.795e-05,0.0
2023-08-09 00:00:00+00:00,1691539200000,2023-08-09T00:00:00+00:00,1.75e-05,0.0
2023-08-09 08:00:00+00:00,1691568000000,2023-08-09T08:00:00+00:00,5.034e-05,0.0
2023-08-09 16:00:00+00:00,1691596800000,2023-08-09T16:00:00+00:00,6.065e-05,0.0
2023-08-10 00:00:00.001000+00:00,1691625600001,2023-08-10T00:00:00.001000+00:00,0.0001,0.0
2023-08-10 08:00:00+00:00,1691654400000,2023-08-10T08:00:00+00:00,0.0001,0.0
2023-08-10 16:00:00+00:00,1691683200000,2023-08-10T16:00:00+00:00,5.699e-05,0.0
2023-08-11 00:00:00+00:00,1691712000000,2023-08-11T00:00:00+00:00,7.407e-05,0.0
2023-08-11 08:00:00+00:00,1691740800000,2023-08-11T08:00:00+00:00,4.399e-05,0.0
2023-08-11 16:00:00+00:00,1691769600000,2023-08-11T16:00:00+00:00,5.708e-05,0.0
2023-08-12 00:00:00+00:00,1691798400000,2023-08-12T00:00:00+00:00,0.0001,0.0
2023-08-12 08:00:00+00:00,1691827200000,2023-08-12T08:00:00+00:00,4.863e-05,0.0
2023-08-12 16:00:00+00:00,1691856000000,2023-08-12T16:00:00+00:00,0.0001,0.0
2023-08-13 00:00:00+00:00,1691884800000,2023-08-13T00:00:00+00:00,0.0001,0.0
2023-08-13 08:00:00+00:00,1691913600000,2023-08-13T08:00:00+00:00,2.14e-05,0.0
2023-08-13 16:00:00+00:00,1691942400000,2023-08-13T16:00:00+00:00,9.82e-05,0.0
2023-08-14 00:00:00.001000+00:00,1691971200001,2023-08-14T00:00:00.001000+00:00,9.657e-05,0.0
2023-08-14 08:00:00+00:00,1692000000000,2023-08-14T08:00:00+00:00,0.0001,0.0
2023-08-14 16:00:00+00:00,1692028800000,2023-08-14T16:00:00+00:00,5.03e-05,0.0
2023-08-15 00:00:00.001000+00:00,1692057600001,2023-08-15T00:00:00.001000+00:00,0.0001,0.0
2023-08-15 08:00:00+00:00,1692086400000,2023-08-15T08:00:00+00:00,0.0001,0.0
2023-08-15 16:00:00+00:00,1692115200000,2023-08-15T16:00:00+00:00,0.0001,0.0
2023-08-16 00:00:00+00:00,1692144000000,2023-08-16T00:00:00+00:00,-0.00016057,0.0
2023-08-16 08:00:00.001000+00:00,1692172800001,2023-08-16T08:00:00.001000+00:00,2.749e-05,0.0
2023-08-16 16:00:00+00:00,1692201600000,2023-08-16T16:00:00+00:00,4.437e-05,0.0
2023-08-17 00:00:00+00:00,1692230400000,2023-08-17T00:00:00+00:00,-2.882e-05,0.0
2023-08-17 08:00:00+00:00,1692259200000,2023-08-17T08:00:00+00:00,-1.298e-05,0.0
2023-08-17 16:00:00+00:00,1692288000000,2023-08-17T16:00:00+00:00,-9.58e-06,0.0
2023-08-18 00:00:00+00:00,1692316800000,2023-08-18T00:00:00+00:00,7.791e-05,0.0
2023-08-18 08:00:00+00:00,1692345600000,2023-08-18T08:00:00+00:00,-3.01e-05,0.0
2023-08-18 16:00:00+00:00,1692374400000,2023-08-18T16:00:00+00:00,-8.104e-05,0.0
2023-08-19 00:00:00+00:00,1692403200000,2023-08-19T00:00:00+00:00,-0.00017824,0.0
2023-08-19 08:00:00+00:00,1692432000000,2023-08-19T08:00:00+00:00,-0.00011766,0.0
2023-08-19 16:00:00+00:00,1692460800000,2023-08-19T16:00:00+00:00,-0.00026395,0.0
2023-08-20 00:00:00+00:00,1692489600000,2023-08-20T00:00:00+00:00,-0.00023846,0.0
2023-08-20 08:00:00+00:00,1692518400000,2023-08-20T08:00:00+00:00,-0.00019863,0.0
2023-08-20 16:00:00+00:00,1692547200000,2023-08-20T16:00:00+00:00,-0.0001288,0.0
2023-08-21 00:00:00+00:00,1692576000000,2023-08-21T00:00:00+00:00,-0.0001819,0.0
2023-08-21 08:00:00+00:00,1692604800000,2023-08-21T08:00:00+00:00,-7.715e-05,0.0
2023-08-21 16:00:00+00:00,1692633600000,2023-08-21T16:00:00+00:00,-0.00012923,0.0
2023-08-22 00:00:00+00:00,1692662400000,2023-08-22T00:00:00+00:00,-0.00020397,0.0
2023-08-22 08:00:00+00:00,1692691200000,2023-08-22T08:00:00+00:00,-2.077e-05,0.0
2023-08-22 16:00:00+00:00,1692720000000,2023-08-22T16:00:00+00:00,2.582e-05,0.0
2023-08-23 00:00:00+00:00,1692748800000,2023-08-23T00:00:00+00:00,1.394e-05,0.0
2023-08-23 08:00:00+00:00,1692777600000,2023-08-23T08:00:00+00:00,4.93e-05,0.0
2023-08-23 16:00:00+00:00,1692806400000,2023-08-23T16:00:00+00:00,4e-05,0.0
2023-08-24 00:00:00+00:00,1692835200000,2023-08-24T00:00:00+00:00,7.645e-05,0.0
2023-08-24 08:00:00+00:00,1692864000000,2023-08-24T08:00:00+00:00,2.07e-06,0.0
2023-08-24 16:00:00+00:00,1692892800000,2023-08-24T16:00:00+00:00,-6.112e-05,0.0
2023-08-25 00:00:00+00:00,1692921600000,2023-08-25T00:00:00+00:00,-1.888e-05,0.0
2023-08-25 08:00:00+00:00,1692950400000,2023-08-25T08:00:00+00:00,2.248e-05,0.0
2023-08-25 16:00:00+00:00,1692979200000,2023-08-25T16:00:00+00:00,6.404e-05,0.0
2023-08-26 00:00:00+00:00,1693008000000,2023-08-26T00:00:00+00:00,0.0001,0.0
2023-08-26 08:00:00+00:00,1693036800000,2023-08-26T08:00:00+00:00,8.147e-05,0.0
2023-08-26 16:00:00+00:00,1693065600000,2023-08-26T16:00:00+00:00,8.943e-05,0.0
2023-08-27 00:00:00+00:00,1693094400000,2023-08-27T00:00:00+00:00,0.0001,0.0
2023-08-27 08:00:00+00:00,1693123200000,2023-08-27T08:00:00+00:00,8.839e-05,0.0
2023-08-27 16:00:00+00:00,1693152000000,2023-08-27T16:00:00+00:00,9.521e-05,0.0
2023-08-28 00:00:00+00:00,1693180800000,2023-08-28T00:00:00+00:00,7.085e-05,0.0
2023-08-28 08:00:00.001000+00:00,1693209600001,2023-08-28T08:00:00.001000+00:00,1.891e-05,0.0
2023-08-28 16:00:00.001000+00:00,1693238400001,2023-08-28T16:00:00.001000+00:00,9.65e-05,0.0
2023-08-29 00:00:00+00:00,1693267200000,2023-08-29T00:00:00+00:00,0.0001,0.0
2023-08-29 08:00:00+00:00,1693296000000,2023-08-29T08:00:00+00:00,0.0001,0.0
2023-08-29 16:00:00+00:00,1693324800000,2023-08-29T16:00:00+00:00,-5.112e-05,0.0
2023-08-30 00:00:00+00:00,1693353600000,2023-08-30T00:00:00+00:00,0.0001,0.0
2023-08-30 08:00:00+00:00,1693382400000,2023-08-30T08:00:00+00:00,9.646e-05,0.0
2023-08-30 16:00:00+00:00,1693411200000,2023-08-30T16:00:00+00:00,9.772e-05,0.0
2023-08-31 00:00:00+00:00,1693440000000,2023-08-31T00:00:00+00:00,2.619e-05,0.0
2023-08-31 08:00:00+00:00,1693468800000,2023-08-31T08:00:00+00:00,0.0001,0.0
2023-08-31 16:00:00+00:00,1693497600000,2023-08-31T16:00:00+00:00,8.091e-05,0.0
2023-09-01 00:00:00+00:00,1693526400000,2023-09-01T00:00:00+00:00,-4.608e-05,0.0
2023-09-01 08:00:00+00:00,1693555200000,2023-09-01T08:00:00+00:00,-1.931e-05,0.0
2023-09-01 16:00:00.001000+00:00,1693584000001,2023-09-01T16:00:00.001000+00:00,-6.72e-06,0.0
2023-09-02 00:00:00+00:00,1693612800000,2023-09-02T00:00:00+00:00,-4.194e-05,0.0
2023-09-02 08:00:00+00:00,1693641600000,2023-09-02T08:00:00+00:00,-5.942e-05,0.0
2023-09-02 16:00:00+00:00,1693670400000,2023-09-02T16:00:00+00:00,-5.263e-05,0.0
2023-09-03 00:00:00+00:00,1693699200000,2023-09-03T00:00:00+00:00,3.758e-05,0.0
2023-09-03 08:00:00+00:00,1693728000000,2023-09-03T08:00:00+00:00,-6.229e-05,0.0
2023-09-03 16:00:00+00:00,1693756800000,2023-09-03T16:00:00+00:00,5.54e-05,0.0
2023-09-04 00:00:00+00:00,1693785600000,2023-09-04T00:00:00+00:00,4.644e-05,0.0
2023-09-04 08:00:00+00:00,1693814400000,2023-09-04T08:00:00+00:00,-1.758e-05,0.0
2023-09-04 16:00:00+00:00,1693843200000,2023-09-04T16:00:00+00:00,4.77e-05,0.0
2023-09-05 00:00:00+00:00,1693872000000,2023-09-05T00:00:00+00:00,1.46e-06,0.0
2023-09-05 08:00:00+00:00,1693900800000,2023-09-05T08:00:00+00:00,5.613e-05,0.0
2023-09-05 16:00:00+00:00,1693929600000,2023-09-05T16:00:00+00:00,6.738e-05,0.0
2023-09-06 00:00:00+00:00,1693958400000,2023-09-06T00:00:00+00:00,6.445e-05,0.0
2023-09-06 08:00:00+00:00,1693987200000,2023-09-06T08:00:00+00:00,5.49e-06,0.0
2023-09-06 16:00:00.001000+00:00,1694016000001,2023-09-06T16:00:00.001000+00:00,1.422e-05,0.0
2023-09-07 00:00:00+00:00,1694044800000,2023-09-07T00:00:00+00:00,-9.8e-06,0.0
2023-09-07 08:00:00+00:00,1694073600000,2023-09-07T08:00:00+00:00,4.228e-05,0.0
2023-09-07 16:00:00+00:00,1694102400000,2023-09-07T16:00:00+00:00,7.058e-05,0.0
2023-09-08 00:00:00+00:00,1694131200000,2023-09-08T00:00:00+00:00,8.64e-05,0.0
2023-09-08 08:00:00+00:00,1694160000000,2023-09-08T08:00:00+00:00,9.17e-06,0.0
2023-09-08 16:00:00+00:00,1694188800000,2023-09-08T16:00:00+00:00,-6.873e-05,0.0
2023-09-09 00:00:00+00:00,1694217600000,2023-09-09T00:00:00+00:00,-5.545e-05,0.0
2023-09-09 08:00:00+00:00,1694246400000,2023-09-09T08:00:00+00:00,-4.531e-05,0.0
2023-09-09 16:00:00+00:00,1694275200000,2023-09-09T16:00:00+00:00,-2.474e-05,0.0
2023-09-10 00:00:00+00:00,1694304000000,2023-09-10T00:00:00+00:00,2.373e-05,0.0
2023-09-10 08:00:00+00:00,1694332800000,2023-09-10T08:00:00+00:00,-9.24e-06,0.0
2023-09-10 16:00:00+00:00,1694361600000,2023-09-10T16:00:00+00:00,-4.127e-05,0.0
2023-09-11 00:00:00+00:00,1694390400000,2023-09-11T00:00:00+00:00,-1.95e-05,0.0
2023-09-11 08:00:00+00:00,1694419200000,2023-09-11T08:00:00+00:00,6.078e-05,0.0
2023-09-11 16:00:00.001000+00:00,1694448000001,2023-09-11T16:00:00.001000+00:00,3.79e-05,0.0
2023-09-12 00:00:00+00:00,1694476800000,2023-09-12T00:00:00+00:00,3.72e-06,0.0
2023-09-12 08:00:00+00:00,1694505600000,2023-09-12T08:00:00+00:00,-1.144e-05,0.0
2023-09-12 16:00:00+00:00,1694534400000,2023-09-12T16:00:00+00:00,-1.374e-05,0.0
2023-09-13 00:00:00+00:00,1694563200000,2023-09-13T00:00:00+00:00,6.15e-05,0.0
2023-09-13 08:00:00+00:00,1694592000000,2023-09-13T08:00:00+00:00,-3.603e-05,0.0
2023-09-13 16:00:00+00:00,1694620800000,2023-09-13T16:00:00+00:00,6.41e-05,0.0
2023-09-14 00:00:00+00:00,1694649600000,2023-09-14T00:00:00+00:00,3.74e-05,0.0
2023-09-14 08:00:00.001000+00:00,1694678400001,2023-09-14T08:00:00.001000+00:00,4.208e-05,0.0
2023-09-14 16:00:00+00:00,1694707200000,2023-09-14T16:00:00+00:00,4.425e-05,0.0
2023-09-15 00:00:00+00:00,1694736000000,2023-09-15T00:00:00+00:00,2.251e-05,0.0
2023-09-15 08:00:00+00:00,1694764800000,2023-09-15T08:00:00+00:00,3.706e-05,0.0
2023-09-15 16:00:00+00:00,1694793600000,2023-09-15T16:00:00+00:00,8.682e-05,0.0
2023-09-16 00:00:00+00:00,1694822400000,2023-09-16T00:00:00+00:00,7.666e-05,0.0
2023-09-16 08:00:00+00:00,1694851200000,2023-09-16T08:00:00+00:00,0.0001,0.0
2023-09-16 16:00:00+00:00,1694880000000,2023-09-16T16:00:00+00:00,8.892e-05,0.0
2023-09-17 00:00:00+00:00,1694908800000,2023-09-17T00:00:00+00:00,3.976e-05,0.0
2023-09-17 08:00:00+00:00,1694937600000,2023-09-17T08:00:00+00:00,9.348e-05,0.0
2023-09-17 16:00:00+00:00,1694966400000,2023-09-17T16:00:00+00:00,3.325e-05,0.0
2023-09-18 00:00:00+00:00,1694995200000,2023-09-18T00:00:00+00:00,7.898e-05,0.0
2023-09-18 08:00:00+00:00,1695024000000,2023-09-18T08:00:00+00:00,3.58e-05,0.0
2023-09-18 16:00:00+00:00,1695052800000,2023-09-18T16:00:00+00:00,5.214e-05,0.0
2023-09-19 00:00:00+00:00,1695081600000,2023-09-19T00:00:00+00:00,4.028e-05,0.0
2023-09-19 08:00:00.001000+00:00,1695110400001,2023-09-19T08:00:00.001000+00:00,-2.189e-05,0.0
2023-09-19 16:00:00+00:00,1695139200000,2023-09-19T16:00:00+00:00,6.23e-05,0.0
2023-09-20 00:00:00+00:00,1695168000000,2023-09-20T00:00:00+00:00,1.568e-05,0.0
2023-09-20 08:00:00+00:00,1695196800000,2023-09-20T08:00:00+00:00,7.411e-05,0.0
2023-09-20 16:00:00+00:00,1695225600000,2023-09-20T16:00:00+00:00,0.0001,0.0
2023-09-21 00:00:00.001000+00:00,1695254400001,2023-09-21T00:00:00.001000+00:00,1.962e-05,0.0
2023-09-21 08:00:00+00:00,1695283200000,2023-09-21T08:00:00+00:00,6.305e-05,0.0
2023-09-21 16:00:00+00:00,1695312000000,2023-09-21T16:00:00+00:00,1.152e-05,0.0
2023-09-22 00:00:00+00:00,1695340800000,2023-09-22T00:00:00+00:00,-5.259e-05,0.0
2023-09-22 08:00:00+00:00,1695369600000,2023-09-22T08:00:00+00:00,6.691e-05,0.0
2023-09-22 16:00:00+00:00,1695398400000,2023-09-22T16:00:00+00:00,5.357e-05,0.0
2023-09-23 00:00:00+00:00,1695427200000,2023-09-23T00:00:00+00:00,5.86e-05,0.0
2023-09-23 08:00:00+00:00,1695456000000,2023-09-23T08:00:00+00:00,2.157e-05,0.0
2023-09-23 16:00:00+00:00,1695484800000,2023-09-23T16:00:00+00:00,-2.43e-06,0.0
2023-09-24 00:00:00+00:00,1695513600000,2023-09-24T00:00:00+00:00,-3.45e-06,0.0
2023-09-24 08:00:00+00:00,1695542400000,2023-09-24T08:00:00+00:00,8.521e-05,0.0
2023-09-24 16:00:00+00:00,1695571200000,2023-09-24T16:00:00+00:00,1.41e-06,0.0
2023-09-25 00:00:00+00:00,1695600000000,2023-09-25T00:00:00+00:00,2.381e-05,0.0
2023-09-25 08:00:00+00:00,1695628800000,2023-09-25T08:00:00+00:00,8.597e-05,0.0
2023-09-25 16:00:00+00:00,1695657600000,2023-09-25T16:00:00+00:00,0.0001,0.0
2023-09-26 00:00:00+00:00,1695686400000,2023-09-26T00:00:00+00:00,0.0001,0.0
2023-09-26 08:00:00+00:00,1695715200000,2023-09-26T08:00:00+00:00,6.102e-05,0.0
2023-09-26 16:00:00+00:00,1695744000000,2023-09-26T16:00:00+00:00,0.0001,0.0
2023-09-27 00:00:00+00:00,1695772800000,2023-09-27T00:00:00+00:00,0.0001,0.0
2023-09-27 08:00:00.001000+00:00,1695801600001,2023-09-27T08:00:00.001000+00:00,8.885e-05,0.0
2023-09-27 16:00:00+00:00,1695830400000,2023-09-27T16:00:00+00:00,9.767e-05,0.0
2023-09-28 00:00:00+00:00,1695859200000,2023-09-28T00:00:00+00:00,6.484e-05,0.0
2023-09-28 08:00:00+00:00,1695888000000,2023-09-28T08:00:00+00:00,8.757e-05,0.0
2023-09-28 16:00:00+00:00,1695916800000,2023-09-28T16:00:00+00:00,0.0001,0.0
2023-09-29 00:00:00+00:00,1695945600000,2023-09-29T00:00:00+00:00,7.128e-05,0.0
2023-09-29 08:00:00+00:00,1695974400000,2023-09-29T08:00:00+00:00,8.352e-05,0.0
2023-09-29 16:00:00+00:00,1696003200000,2023-09-29T16:00:00+00:00,9.245e-05,0.0
2023-09-30 00:00:00+00:00,1696032000000,2023-09-30T00:00:00+00:00,9.86e-05,0.0
2023-09-30 08:00:00+00:00,1696060800000,2023-09-30T08:00:00+00:00,3.504e-05,0.0
2023-09-30 16:00:00+00:00,1696089600000,2023-09-30T16:00:00+00:00,5.797e-05,0.0
2023-10-01 00:00:00+00:00,1696118400000,2023-10-01T00:00:00+00:00,0.0001,0.0
2023-10-01 08:00:00+00:00,1696147200000,2023-10-01T08:00:00+00:00,0.0001,0.0
2023-10-01 16:00:00+00:00,1696176000000,2023-10-01T16:00:00+00:00,0.0001,0.0
2023-10-02 00:00:00+00:00,1696204800000,2023-10-02T00:00:00+00:00,0.0001,0.0
2023-10-02 08:00:00+00:00,1696233600000,2023-10-02T08:00:00+00:00,6.896e-05,0.0
2023-10-02 16:00:00+00:00,1696262400000,2023-10-02T16:00:00+00:00,2.805e-05,0.0
2023-10-03 00:00:00+00:00,1696291200000,2023-10-03T00:00:00+00:00,5.859e-05,0.0
2023-10-03 08:00:00+00:00,1696320000000,2023-10-03T08:00:00+00:00,5.019e-05,0.0
2023-10-03 16:00:00+00:00,1696348800000,2023-10-03T16:00:00+00:00,0.0001,0.0
2023-10-04 00:00:00+00:00,1696377600000,2023-10-04T00:00:00+00:00,3.412e-05,0.0
2023-10-04 08:00:00+00:00,1696406400000,2023-10-04T08:00:00+00:00,3.496e-05,0.0
2023-10-04 16:00:00+00:00,1696435200000,2023-10-04T16:00:00+00:00,4.86e-05,0.0
2023-10-05 00:00:00+00:00,1696464000000,2023-10-05T00:00:00+00:00,5.889e-05,0.0
2023-10-05 08:00:00+00:00,1696492800000,2023-10-05T08:00:00+00:00,3.764e-05,0.0
2023-10-05 16:00:00.001000+00:00,1696521600001,2023-10-05T16:00:00.001000+00:00,6.97e-06,0.0
2023-10-06 00:00:00+00:00,1696550400000,2023-10-06T00:00:00+00:00,2.416e-05,0.0
2023-10-06 08:00:00+00:00,1696579200000,2023-10-06T08:00:00+00:00,9.09e-06,0.0
2023-10-06 16:00:00+00:00,1696608000000,2023-10-06T16:00:00+00:00,5.524e-05,0.0
2023-10-07 00:00:00+00:00,1696636800000,2023-10-07T00:00:00+00:00,3.65e-05,0.0
2023-10-07 08:00:00+00:00,1696665600000,2023-10-07T08:00:00+00:00,3.175e-05,0.0
2023-10-07 16:00:00+00:00,1696694400000,2023-10-07T16:00:00+00:00,-9.72e-06,0.0
2023-10-08 00:00:00+00:00,1696723200000,2023-10-08T00:00:00+00:00,2.961e-05,0.0
2023-10-08 08:00:00.001000+00:00,1696752000001,2023-10-08T08:00:00.001000+00:00,6.1e-05,0.0
2023-10-08 16:00:00+00:00,1696780800000,2023-10-08T16:00:00+00:00,0.0001,0.0
2023-10-09 00:00:00+00:00,1696809600000,2023-10-09T00:00:00+00:00,9.17e-06,0.0
2023-10-09 08:00:00+00:00,1696838400000,2023-10-09T08:00:00+00:00,0.0001,0.0
2023-10-09 16:00:00+00:00,1696867200000,2023-10-09T16:00:00+00:00,0.0001,0.0
2023-10-10 00:00:00+00:00,1696896000000,2023-10-10T00:00:00+00:00,5.059e-05,0.0
2023-10-10 08:00:00+00:00,1696924800000,2023-10-10T08:00:00+00:00,7.661e-05,0.0
2023-10-10 16:00:00+00:00,1696953600000,2023-10-10T16:00:00+00:00,9.899e-05,0.0
2023-10-11 00:00:00+00:00,1696982400000,2023-10-11T00:00:00+00:00,2.513e-05,0.0
2023-10-11 08:00:00+00:00,1697011200000,2023-10-11T08:00:00+00:00,6.913e-05,0.0
2023-10-11 16:00:00+00:00,1697040000000,2023-10-11T16:00:00+00:00,3.079e-05,0.0
2023-10-12 00:00:00+00:00,1697068800000,2023-10-12T00:00:00+00:00,0.0001,0.0
2023-10-12 08:00:00+00:00,1697097600000,2023-10-12T08:00:00+00:00,6.023e-05,0.0
2023-10-12 16:00:00+00:00,1697126400000,2023-10-12T16:00:00+00:00,7.078e-05,0.0
2023-10-13 00:00:00+00:00,1697155200000,2023-10-13T00:00:00+00:00,-1.943e-05,0.0
2023-10-13 08:00:00+00:00,1697184000000,2023-10-13T08:00:00+00:00,9.42e-06,0.0
2023-10-13 16:00:00+00:00,1697212800000,2023-10-13T16:00:00+00:00,-7.43e-06,0.0
2023-10-14 00:00:00+00:00,1697241600000,2023-10-14T00:00:00+00:00,-2.49e-05,0.0
2023-10-14 08:00:00+00:00,1697270400000,2023-10-14T08:00:00+00:00,5.952e-05,0.0
2023-10-14 16:00:00+00:00,1697299200000,2023-10-14T16:00:00+00:00,2.763e-05,0.0
2023-10-15 00:00:00+00:00,1697328000000,2023-10-15T00:00:00+00:00,-3.818e-05,0.0
2023-10-15 08:00:00+00:00,1697356800000,2023-10-15T08:00:00+00:00,9.269e-05,0.0
2023-10-15 16:00:00+00:00,1697385600000,2023-10-15T16:00:00+00:00,5.457e-05,0.0
2023-10-16 00:00:00+00:00,1697414400000,2023-10-16T00:00:00+00:00,3.437e-05,0.0
2023-10-16 08:00:00+00:00,1697443200000,2023-10-16T08:00:00+00:00,4.626e-05,0.0
2023-10-16 16:00:00+00:00,1697472000000,2023-10-16T16:00:00+00:00,7.121e-05,0.0
2023-10-17 00:00:00+00:00,1697500800000,2023-10-17T00:00:00+00:00,0.0001,0.0
2023-10-17 08:00:00+00:00,1697529600000,2023-10-17T08:00:00+00:00,6.831e-05,0.0
2023-10-17 16:00:00+00:00,1697558400000,2023-10-17T16:00:00+00:00,9.126e-05,0.0
2023-10-18 00:00:00+00:00,1697587200000,2023-10-18T00:00:00+00:00,8.94e-05,0.0
2023-10-18 08:00:00+00:00,1697616000000,2023-10-18T08:00:00+00:00,8.456e-05,0.0
2023-10-18 16:00:00+00:00,1697644800000,2023-10-18T16:00:00+00:00,0.0001,0.0
2023-10-19 00:00:00+00:00,1697673600000,2023-10-19T00:00:00+00:00,3.88e-06,0.0
2023-10-19 08:00:00.001000+00:00,1697702400001,2023-10-19T08:00:00.001000+00:00,-1.579e-05,0.0
2023-10-19 16:00:00+00:00,1697731200000,2023-10-19T16:00:00+00:00,-3.25e-05,0.0
2023-10-20 00:00:00+00:00,1697760000000,2023-10-20T00:00:00+00:00,8.884e-05,0.0
2023-10-20 08:00:00.005000+00:00,1697788800005,2023-10-20T08:00:00.005000+00:00,5.68e-06,0.0
2023-10-20 16:00:00+00:00,1697817600000,2023-10-20T16:00:00+00:00,0.0001,0.0
2023-10-21 00:00:00+00:00,1697846400000,2023-10-21T00:00:00+00:00,-7.14e-06,0.0
2023-10-21 08:00:00+00:00,1697875200000,2023-10-21T08:00:00+00:00,5.364e-05,0.0
2023-10-21 16:00:00+00:00,1697904000000,2023-10-21T16:00:00+00:00,1.179e-05,0.0
2023-10-22 00:00:00+00:00,1697932800000,2023-10-22T00:00:00+00:00,0.0001,0.0
2023-10-22 08:00:00+00:00,1697961600000,2023-10-22T08:00:00+00:00,6.867e-05,0.0
2023-10-22 16:00:00+00:00,1697990400000,2023-10-22T16:00:00+00:00,7.788e-05,0.0
2023-10-23 00:00:00+00:00,1698019200000,2023-10-23T00:00:00+00:00,0.0001,0.0
2023-10-23 08:00:00.001000+00:00,1698048000001,2023-10-23T08:00:00.001000+00:00,7.992e-05,0.0
2023-10-23 16:00:00.001000+00:00,1698076800001,2023-10-23T16:00:00.001000+00:00,2.154e-05,0.0
2023-10-24 00:00:00+00:00,1698105600000,2023-10-24T00:00:00+00:00,0.0001,0.0
2023-10-24 08:00:00+00:00,1698134400000,2023-10-24T08:00:00+00:00,0.0001,0.0
2023-10-24 16:00:00+00:00,1698163200000,2023-10-24T16:00:00+00:00,0.0001,0.0
2023-10-25 00:00:00+00:00,1698192000000,2023-10-25T00:00:00+00:00,0.0001,0.0
2023-10-25 08:00:00+00:00,1698220800000,2023-10-25T08:00:00+00:00,0.0001,0.0
2023-10-25 16:00:00.001000+00:00,1698249600001,2023-10-25T16:00:00.001000+00:00,0.0001,0.0
2023-10-26 00:00:00.001000+00:00,1698278400001,2023-10-26T00:00:00.001000+00:00,0.0001,0.0
2023-10-26 08:00:00+00:00,1698307200000,2023-10-26T08:00:00+00:00,0.0001,0.0
2023-10-26 16:00:00+00:00,1698336000000,2023-10-26T16:00:00+00:00,0.0001,0.0
2023-10-27 00:00:00+00:00,1698364800000,2023-10-27T00:00:00+00:00,0.0001,0.0
2023-10-27 08:00:00+00:00,1698393600000,2023-10-27T08:00:00+00:00,0.0001,0.0
2023-10-27 16:00:00+00:00,1698422400000,2023-10-27T16:00:00+00:00,0.0001,0.0
2023-10-28 00:00:00+00:00,1698451200000,2023-10-28T00:00:00+00:00,0.0001,0.0
2023-10-28 08:00:00.001000+00:00,1698480000001,2023-10-28T08:00:00.001000+00:00,0.0001,0.0
2023-10-28 16:00:00+00:00,1698508800000,2023-10-28T16:00:00+00:00,0.0001,0.0
2023-10-29 00:00:00+00:00,1698537600000,2023-10-29T00:00:00+00:00,0.0001,0.0
2023-10-29 08:00:00+00:00,1698566400000,2023-10-29T08:00:00+00:00,0.0001,0.0
2023-10-29 16:00:00+00:00,1698595200000,2023-10-29T16:00:00+00:00,0.0001,0.0
2023-10-30 00:00:00+00:00,1698624000000,2023-10-30T00:00:00+00:00,0.0001,0.0
2023-10-30 08:00:00+00:00,1698652800000,2023-10-30T08:00:00+00:00,0.0001,0.0
2023-10-30 16:00:00+00:00,1698681600000,2023-10-30T16:00:00+00:00,0.0001,0.0
2023-10-31 00:00:00.001000+00:00,1698710400001,2023-10-31T00:00:00.001000+00:00,0.0001,0.0
2023-10-31 08:00:00+00:00,1698739200000,2023-10-31T08:00:00+00:00,0.0001,68.61
2023-10-31 16:00:00+00:00,1698768000000,2023-10-31T16:00:00+00:00,0.0001,68.54
2023-11-01 00:00:00+00:00,1698796800000,2023-11-01T00:00:00+00:00,0.00018222,68.95
2023-11-01 08:00:00+00:00,1698825600000,2023-11-01T08:00:00+00:00,0.0001,68.11923611
2023-11-01 16:00:00+00:00,1698854400000,2023-11-01T16:00:00+00:00,0.0001,66.84
2023-11-02 00:00:00.001000+00:00,1698883200001,2023-11-02T00:00:00.001000+00:00,0.00022961,70.02116675
2023-11-02 08:00:00+00:00,1698912000000,2023-11-02T08:00:00+00:00,0.00030292,69.88
2023-11-02 16:00:00+00:00,1698940800000,2023-11-02T16:00:00+00:00,0.00016724,68.62
2023-11-03 00:00:00+00:00,1698969600000,2023-11-03T00:00:00+00:00,0.0001,69.45108907
2023-11-03 08:00:00+00:00,1698998400000,2023-11-03T08:00:00+00:00,0.0001,69.06
2023-11-03 16:00:00+00:00,1699027200000,2023-11-03T16:00:00+00:00,0.0001,69.34
2023-11-04 00:00:00+00:00,1699056000000,2023-11-04T00:00:00+00:00,0.0001,69.47398458
2023-11-04 08:00:00+00:00,1699084800000,2023-11-04T08:00:00+00:00,0.0001,69.43688082
2023-11-04 16:00:00+00:00,1699113600000,2023-11-04T16:00:00+00:00,0.0001,69.09
2023-11-05 00:00:00+00:00,1699142400000,2023-11-05T00:00:00+00:00,0.0001,70.44
2023-11-05 08:00:00+00:00,1699171200000,2023-11-05T08:00:00+00:00,0.0001,71.43
2023-11-05 16:00:00+00:00,1699200000000,2023-11-05T16:00:00+00:00,0.0001,70.46975416
2023-11-06 00:00:00+00:00,1699228800000,2023-11-06T00:00:00+00:00,0.0001,71.65
2023-11-06 08:00:00.001000+00:00,1699257600001,2023-11-06T08:00:00.001000+00:00,0.0001,71.9333212
2023-11-06 16:00:00+00:00,1699286400000,2023-11-06T16:00:00+00:00,0.0001,73.71
2023-11-07 00:00:00.001000+00:00,1699315200001,2023-11-07T00:00:00.001000+00:00,0.0001,74.50921363
2023-11-07 08:00:00+00:00,1699344000000,2023-11-07T08:00:00+00:00,0.0001,73.46
2023-11-07 16:00:00+00:00,1699372800000,2023-11-07T16:00:00+00:00,0.0001,71.949228
2023-11-08 00:00:00+00:00,1699401600000,2023-11-08T00:00:00+00:00,0.0001,73.46
2023-11-08 08:00:00+00:00,1699430400000,2023-11-08T08:00:00+00:00,0.0001,73.67
2023-11-08 16:00:00+00:00,1699459200000,2023-11-08T16:00:00+00:00,0.0001,73.24
2023-11-09 00:00:00+00:00,1699488000000,2023-11-09T00:00:00+00:00,0.0001,73.1
2023-11-09 08:00:00+00:00,1699516800000,2023-11-09T08:00:00+00:00,0.0001,74.38989503
2023-11-09 16:00:00+00:00,1699545600000,2023-11-09T16:00:00+00:00,0.0002294,74.78771558
2023-11-10 00:00:00+00:00,1699574400000,2023-11-10T00:00:00+00:00,0.0001,73.88
2023-11-10 08:00:00+00:00,1699603200000,2023-11-10T08:00:00+00:00,0.0001,72.99020501
2023-11-10 16:00:00+00:00,1699632000000,2023-11-10T16:00:00+00:00,0.0001,71.97
2023-11-11 00:00:00+00:00,1699660800000,2023-11-11T00:00:00+00:00,0.0001,73.29159097
2023-11-11 08:00:00+00:00,1699689600000,2023-11-11T08:00:00+00:00,0.0001,72.41847685
2023-11-11 16:00:00+00:00,1699718400000,2023-11-11T16:00:00+00:00,0.00036229,74.56900138
2023-11-12 00:00:00+00:00,1699747200000,2023-11-12T00:00:00+00:00,0.00026945,75.33501875
2023-11-12 08:00:00+00:00,1699776000000,2023-11-12T08:00:00+00:00,0.00016155,75.69
2023-11-12 16:00:00.001000+00:00,1699804800001,2023-11-12T16:00:00.001000+00:00,0.0002472,75.12864317
2023-11-13 00:00:00+00:00,1699833600000,2023-11-13T00:00:00+00:00,0.00024903,74.94531958
2023-11-13 08:00:00+00:00,1699862400000,2023-11-13T08:00:00+00:00,0.00016867,74.03390879
2023-11-13 16:00:00+00:00,1699891200000,2023-11-13T16:00:00+00:00,0.00019629,73.63
2023-11-14 00:00:00+00:00,1699920000000,2023-11-14T00:00:00+00:00,0.00010385,71.13571264
2023-11-14 08:00:00+00:00,1699948800000,2023-11-14T08:00:00+00:00,0.00016449,72.29450731
2023-11-14 16:00:00.001000+00:00,1699977600001,2023-11-14T16:00:00.001000+00:00,0.0001,71.22811589
2023-11-15 00:00:00+00:00,1700006400000,2023-11-15T00:00:00+00:00,0.0001,70.62753822
2023-11-15 08:00:00+00:00,1700035200000,2023-11-15T08:00:00+00:00,0.00015491,71.66
2023-11-15 16:00:00+00:00,1700064000000,2023-11-15T16:00:00+00:00,0.00016066,72.24
2023-11-16 00:00:00+00:00,1700092800000,2023-11-16T00:00:00+00:00,0.00010654,74.0737116
2023-11-16 08:00:00+00:00,1700121600000,2023-11-16T08:00:00+00:00,0.00018161,73.85178784
2023-11-16 16:00:00.001000+00:00,1700150400001,2023-11-16T16:00:00.001000+00:00,0.0001,71.57
2023-11-17 00:00:00+00:00,1700179200000,2023-11-17T00:00:00+00:00,0.0001,71.00362345
2023-11-17 08:00:00.001000+00:00,1700208000001,2023-11-17T08:00:00.001000+00:00,0.0001,70.40935986
2023-11-17 16:00:00.001000+00:00,1700236800001,2023-11-17T16:00:00.001000+00:00,0.0001,68.74434363
2023-11-18 00:00:00+00:00,1700265600000,2023-11-18T00:00:00+00:00,0.0001,70.28664946
2023-11-18 08:00:00+00:00,1700294400000,2023-11-18T08:00:00+00:00,0.0001,68.93654729
2023-11-18 16:00:00+00:00,1700323200000,2023-11-18T16:00:00+00:00,0.0001,69.77916044
2023-11-19 00:00:00+00:00,1700352000000,2023-11-19T00:00:00+00:00,0.0001,69.87079066
2023-11-19 08:00:00+00:00,1700380800000,2023-11-19T08:00:00+00:00,0.0001,69.95021555
2023-11-19 16:00:00+00:00,1700409600000,2023-11-19T16:00:00+00:00,0.0001,69.44888317
2023-11-20 00:00:00+00:00,1700438400000,2023-11-20T00:00:00+00:00,0.0001,70.55497718
2023-11-20 08:00:00+00:00,1700467200000,2023-11-20T08:00:00+00:00,0.0001,70.54365937
2023-11-20 16:00:00+00:00,1700496000000,2023-11-20T16:00:00+00:00,0.0001,70.48798538
2023-11-21 00:00:00+00:00,1700524800000,2023-11-21T00:00:00+00:00,0.0001,69.53
2023-11-21 08:00:00+00:00,1700553600000,2023-11-21T08:00:00+00:00,0.0001,69.49458824
2023-11-21 16:00:00+00:00,1700582400000,2023-11-21T16:00:00+00:00,0.0001,69.47
2023-11-22 00:00:00+00:00,1700611200000,2023-11-22T00:00:00+00:00,0.0001,66.15266136
2023-11-22 08:00:00+00:00,1700640000000,2023-11-22T08:00:00+00:00,0.0001,67.58999255
2023-11-22 16:00:00+00:00,1700668800000,2023-11-22T16:00:00+00:00,0.0001,67.44261498
2023-11-23 00:00:00+00:00,1700697600000,2023-11-23T00:00:00+00:00,0.0001,68.72357628
2023-11-23 08:00:00+00:00,1700726400000,2023-11-23T08:00:00+00:00,0.0001,70.35
2023-11-23 16:00:00.001000+00:00,1700755200001,2023-11-23T16:00:00.001000+00:00,0.0001,68.53329982
2023-11-24 00:00:00+00:00,1700784000000,2023-11-24T00:00:00+00:00,0.0001,69.49969043
2023-11-24 08:00:00+00:00,1700812800000,2023-11-24T08:00:00+00:00,0.0001,69.80867972
2023-11-24 16:00:00+00:00,1700841600000,2023-11-24T16:00:00+00:00,0.0001,70.54279754
2023-11-25 00:00:00+00:00,1700870400000,2023-11-25T00:00:00+00:00,0.0001,70.73434729
2023-11-25 08:00:00+00:00,1700899200000,2023-11-25T08:00:00+00:00,0.0001,71.42772601
2023-11-25 16:00:00+00:00,1700928000000,2023-11-25T16:00:00+00:00,0.0001,71.56
2023-11-26 00:00:00+00:00,1700956800000,2023-11-26T00:00:00+00:00,0.0001,71.87
2023-11-26 08:00:00+00:00,1700985600000,2023-11-26T08:00:00+00:00,0.0001,71.26325478
2023-11-26 16:00:00+00:00,1701014400000,2023-11-26T16:00:00+00:00,0.0001,70.21864999
2023-11-27 00:00:00+00:00,1701043200000,2023-11-27T00:00:00+00:00,0.0001,70.01635844
2023-11-27 08:00:00.001000+00:00,1701072000001,2023-11-27T08:00:00.001000+00:00,0.0001,69.73420549
2023-11-27 16:00:00+00:00,1701100800000,2023-11-27T16:00:00+00:00,0.0001,68.36261206
2023-11-28 00:00:00+00:00,1701129600000,2023-11-28T00:00:00+00:00,0.0001,69.2120297
2023-11-28 08:00:00+00:00,1701158400000,2023-11-28T08:00:00+00:00,0.0001,68.23249746
2023-11-28 16:00:00+00:00,1701187200000,2023-11-28T16:00:00+00:00,0.0001,69.04
2023-11-29 00:00:00.001000+00:00,1701216000001,2023-11-29T00:00:00.001000+00:00,0.0001,69.78933378
2023-11-29 08:00:00+00:00,1701244800000,2023-11-29T08:00:00+00:00,0.0001,69.97393084
2023-11-29 16:00:00+00:00,1701273600000,2023-11-29T16:00:00+00:00,0.0001,69.62894394
2023-11-30 00:00:00+00:00,1701302400000,2023-11-30T00:00:00+00:00,0.0001,70.02454988
2023-11-30 08:00:00+00:00,1701331200000,2023-11-30T08:00:00+00:00,0.0001,69.63546454
2023-11-30 16:00:00+00:00,1701360000000,2023-11-30T16:00:00+00:00,0.0001,69.33215265
2023-12-01 00:00:00+00:00,1701388800000,2023-12-01T00:00:00+00:00,0.0001,69.4431093
2023-12-01 08:00:00+00:00,1701417600000,2023-12-01T08:00:00+00:00,0.0001,70.4
2023-12-01 16:00:00+00:00,1701446400000,2023-12-01T16:00:00+00:00,0.0001,71.38635603
2023-12-02 00:00:00+00:00,1701475200000,2023-12-02T00:00:00+00:00,0.0001,71.57829346
2023-12-02 08:00:00+00:00,1701504000000,2023-12-02T08:00:00+00:00,0.0001,71.85
2023-12-02 16:00:00+00:00,1701532800000,2023-12-02T16:00:00+00:00,0.0001,71.84
2023-12-03 00:00:00+00:00,1701561600000,2023-12-03T00:00:00+00:00,0.0001,72.24
2023-12-03 08:00:00+00:00,1701590400000,2023-12-03T08:00:00+00:00,0.0001,72.0
2023-12-03 16:00:00+00:00,1701619200000,2023-12-03T16:00:00+00:00,0.0001,71.77
2023-12-04 00:00:00+00:00,1701648000000,2023-12-04T00:00:00+00:00,0.0001,72.33
2023-12-04 08:00:00+00:00,1701676800000,2023-12-04T08:00:00+00:00,0.00040564,73.65996442
2023-12-04 16:00:00+00:00,1701705600000,2023-12-04T16:00:00+00:00,0.0001,72.58
2023-12-05 00:00:00+00:00,1701734400000,2023-12-05T00:00:00+00:00,0.00013068,72.96308617
2023-12-05 08:00:00+00:00,1701763200000,2023-12-05T08:00:00+00:00,0.00011268,71.88
2023-12-05 16:00:00+00:00,1701792000000,2023-12-05T16:00:00+00:00,0.0001,72.4
2023-12-06 00:00:00+00:00,1701820800000,2023-12-06T00:00:00+00:00,0.00017046,74.37527325
2023-12-06 08:00:00+00:00,1701849600000,2023-12-06T08:00:00+00:00,0.00020132,74.0
2023-12-06 16:00:00+00:00,1701878400000,2023-12-06T16:00:00+00:00,0.00018179,73.42
2023-12-07 00:00:00+00:00,1701907200000,2023-12-07T00:00:00+00:00,0.00011593,72.44
2023-12-07 08:00:00+00:00,1701936000000,2023-12-07T08:00:00+00:00,0.00015851,73.96
2023-12-07 16:00:00+00:00,1701964800000,2023-12-07T16:00:00+00:00,0.00021086,73.55534247
2023-12-08 00:00:00+00:00,1701993600000,2023-12-08T00:00:00+00:00,0.0003514,74.07
2023-12-08 08:00:00+00:00,1702022400000,2023-12-08T08:00:00+00:00,0.0002412,74.21
2023-12-08 16:00:00+00:00,1702051200000,2023-12-08T16:00:00+00:00,0.0001,76.02370614
2023-12-09 00:00:00+00:00,1702080000000,2023-12-09T00:00:00+00:00,0.00022345,78.54999465
2023-12-09 08:00:00+00:00,1702108800000,2023-12-09T08:00:00+00:00,0.00030544,79.39902697
2023-12-09 16:00:00+00:00,1702137600000,2023-12-09T16:00:00+00:00,0.00021519,77.61
2023-12-10 00:00:00+00:00,1702166400000,2023-12-10T00:00:00+00:00,0.00011922,76.37452894
2023-12-10 08:00:00+00:00,1702195200000,2023-12-10T08:00:00+00:00,0.0001686,78.32884655
2023-12-10 16:00:00+00:00,1702224000000,2023-12-10T16:00:00+00:00,0.00014388,78.22895576
2023-12-11 00:00:00+00:00,1702252800000,2023-12-11T00:00:00+00:00,0.00014381,77.23
2023-12-11 08:00:00+00:00,1702281600000,2023-12-11T08:00:00+00:00,0.0001,73.14209158
2023-12-11 16:00:00+00:00,1702310400000,2023-12-11T16:00:00+00:00,0.0001,72.68687943
2023-12-12 00:00:00+00:00,1702339200000,2023-12-12T00:00:00+00:00,0.0001,72.7
2023-12-12 08:00:00+00:00,1702368000000,2023-12-12T08:00:00+00:00,0.0001,73.29829122
2023-12-12 16:00:00+00:00,1702396800000,2023-12-12T16:00:00+00:00,0.0001,71.95856848
2023-12-13 00:00:00+00:00,1702425600000,2023-12-13T00:00:00+00:00,0.0001,72.40715395
2023-12-13 08:00:00+00:00,1702454400000,2023-12-13T08:00:00+00:00,0.0001,71.47201243
2023-12-13 16:00:00.001000+00:00,1702483200001,2023-12-13T16:00:00.001000+00:00,0.0001,72.53832095
2023-12-14 00:00:00+00:00,1702512000000,2023-12-14T00:00:00+00:00,0.0001,73.1749405
2023-12-14 08:00:00+00:00,1702540800000,2023-12-14T08:00:00+00:00,0.0001,73.21390553
2023-12-14 16:00:00+00:00,1702569600000,2023-12-14T16:00:00+00:00,0.00014028,71.93911804
2023-12-15 00:00:00+00:00,1702598400000,2023-12-15T00:00:00+00:00,0.00013896,72.98988922
2023-12-15 08:00:00+00:00,1702627200000,2023-12-15T08:00:00+00:00,0.00024857,72.05930274
2023-12-15 16:00:00+00:00,1702656000000,2023-12-15T16:00:00+00:00,0.00015683,71.2900362
2023-12-16 00:00:00+00:00,1702684800000,2023-12-16T00:00:00+00:00,0.0001,70.98
2023-12-16 08:00:00+00:00,1702713600000,2023-12-16T08:00:00+00:00,0.00013525,72.22
2023-12-16 16:00:00.001000+00:00,1702742400001,2023-12-16T16:00:00.001000+00:00,0.00014327,72.31057124
2023-12-17 00:00:00+00:00,1702771200000,2023-12-17T00:00:00+00:00,0.00012339,72.24
2023-12-17 08:00:00+00:00,1702800000000,2023-12-17T08:00:00+00:00,0.00011304,72.82
2023-12-17 16:00:00+00:00,1702828800000,2023-12-17T16:00:00+00:00,0.00017689,72.82477521
2023-12-18 00:00:00+00:00,1702857600000,2023-12-18T00:00:00+00:00,0.00013087,71.22013564
2023-12-18 08:00:00.001000+00:00,1702886400001,2023-12-18T08:00:00.001000+00:00,0.0001,70.43186767
2023-12-18 16:00:00+00:00,1702915200000,2023-12-18T16:00:00+00:00,0.00010474,69.43480001
2023-12-19 00:00:00+00:00,1702944000000,2023-12-19T00:00:00+00:00,0.0001,70.9
2023-12-19 08:00:00+00:00,1702972800000,2023-12-19T08:00:00+00:00,0.0001,71.20052109
2023-12-19 16:00:00+00:00,1703001600000,2023-12-19T16:00:00+00:00,0.0001,70.99
2023-12-20 00:00:00+00:00,1703030400000,2023-12-20T00:00:00+00:00,0.0001,70.76802569
2023-12-20 08:00:00+00:00,1703059200000,2023-12-20T08:00:00+00:00,0.00012974,71.40851327
2023-12-20 16:00:00+00:00,1703088000000,2023-12-20T16:00:00+00:00,0.00029416,71.61870259
2023-12-21 00:00:00+00:00,1703116800000,2023-12-21T00:00:00+00:00,0.00031871,69.87
2023-12-21 08:00:00+00:00,1703145600000,2023-12-21T08:00:00+00:00,0.00019267,69.87
2023-12-21 16:00:00+00:00,1703174400000,2023-12-21T16:00:00+00:00,0.00034671,70.18
2023-12-22 00:00:00+00:00,1703203200000,2023-12-22T00:00:00+00:00,0.00048297,70.98185216
2023-12-22 08:00:00+00:00,1703232000000,2023-12-22T08:00:00+00:00,0.00045587,70.84840222
2023-12-22 16:00:00+00:00,1703260800000,2023-12-22T16:00:00+00:00,0.00045107,71.91004884
2023-12-23 00:00:00+00:00,1703289600000,2023-12-23T00:00:00+00:00,0.00026883,73.6528041
2023-12-23 08:00:00.001000+00:00,1703318400001,2023-12-23T08:00:00.001000+00:00,0.00023068,72.01379049
2023-12-23 16:00:00+00:00,1703347200000,2023-12-23T16:00:00+00:00,0.00030988,72.11837163
2023-12-24 00:00:00+00:00,1703376000000,2023-12-24T00:00:00+00:00,0.00025569,72.50732019
2023-12-24 08:00:00+00:00,1703404800000,2023-12-24T08:00:00+00:00,0.00036256,72.66156821
2023-12-24 16:00:00+00:00,1703433600000,2023-12-24T16:00:00+00:00,0.00039348,72.12
2023-12-25 00:00:00+00:00,1703462400000,2023-12-25T00:00:00+00:00,0.00022047,71.15756452
2023-12-25 08:00:00+00:00,1703491200000,2023-12-25T08:00:00+00:00,0.0002096,72.05026455
2023-12-25 16:00:00+00:00,1703520000000,2023-12-25T16:00:00+00:00,0.00037992,72.55
2023-12-26 00:00:00+00:00,1703548800000,2023-12-26T00:00:00+00:00,0.00046459,72.28627879
2023-12-26 08:00:00+00:00,1703577600000,2023-12-26T08:00:00+00:00,0.00037768,72.19
2023-12-26 16:00:00+00:00,1703606400000,2023-12-26T16:00:00+00:00,0.00044375,73.0489712
2023-12-27 00:00:00+00:00,1703635200000,2023-12-27T00:00:00+00:00,0.00029115,73.29993869
2023-12-27 08:00:00+00:00,1703664000000,2023-12-27T08:00:00+00:00,0.00038217,73.77116673
2023-12-27 16:00:00+00:00,1703692800000,2023-12-27T16:00:00+00:00,0.00048946,75.62514092
2023-12-28 00:00:00+00:00,1703721600000,2023-12-28T00:00:00+00:00,0.00035158,76.02
2023-12-28 08:00:00+00:00,1703750400000,2023-12-28T08:00:00+00:00,0.00055607,76.59960186
2023-12-28 16:00:00+00:00,1703779200000,2023-12-28T16:00:00+00:00,0.00053237,75.18105937
2023-12-29 00:00:00.001000+00:00,1703808000001,2023-12-29T00:00:00.001000+00:00,0.00044194,76.58360792
2023-12-29 08:00:00+00:00,1703836800000,2023-12-29T08:00:00+00:00,0.00050835,75.45118338
2023-12-29 16:00:00+00:00,1703865600000,2023-12-29T16:00:00+00:00,0.00044124,75.54308047
2023-12-30 00:00:00.001000+00:00,1703894400001,2023-12-30T00:00:00.001000+00:00,0.00022163,73.31144976
2023-12-30 08:00:00+00:00,1703923200000,2023-12-30T08:00:00+00:00,0.00029885,73.95
2023-12-30 16:00:00+00:00,1703952000000,2023-12-30T16:00:00+00:00,0.00030346,73.64
2023-12-31 00:00:00+00:00,1703980800000,2023-12-31T00:00:00+00:00,0.00027077,73.26991096
2023-12-31 08:00:00.001000+00:00,1704009600001,2023-12-31T08:00:00.001000+00:00,0.00031065,73.42943981
2023-12-31 16:00:00+00:00,1704038400000,2023-12-31T16:00:00+00:00,0.00028167,74.01422778
2024-01-01 00:00:00+00:00,1704067200000,2024-01-01T00:00:00+00:00,0.00023442,72.88868832
2024-01-01 08:00:00+00:00,1704096000000,2024-01-01T08:00:00+00:00,0.00020678,73.25403172
2024-01-01 16:00:00+00:00,1704124800000,2024-01-01T16:00:00+00:00,0.00036814,73.76
2024-01-02 00:00:00+00:00,1704153600000,2024-01-02T00:00:00+00:00,0.00056726,74.79707727
2024-01-02 08:00:00+00:00,1704182400000,2024-01-02T08:00:00+00:00,0.0005683,74.79806124
2024-01-02 16:00:00+00:00,1704211200000,2024-01-02T16:00:00+00:00,0.00067419,73.45463103
2024-01-03 00:00:00+00:00,1704240000000,2024-01-03T00:00:00+00:00,0.00028764,73.01880032
2024-01-03 08:00:00+00:00,1704268800000,2024-01-03T08:00:00+00:00,0.00030571,73.06
2024-01-03 16:00:00+00:00,1704297600000,2024-01-03T16:00:00+00:00,0.0001,65.85600763
2024-01-04 00:00:00+00:00,1704326400000,2024-01-04T00:00:00+00:00,0.0001,65.22762537
2024-01-04 08:00:00+00:00,1704355200000,2024-01-04T08:00:00+00:00,0.0001,64.99
2024-01-04 16:00:00+00:00,1704384000000,2024-01-04T16:00:00+00:00,0.0001,66.31
2024-01-05 00:00:00.001000+00:00,1704412800001,2024-01-05T00:00:00.001000+00:00,0.0001,66.41336207
2024-01-05 08:00:00+00:00,1704441600000,2024-01-05T08:00:00+00:00,0.0001,65.79
2024-01-05 16:00:00+00:00,1704470400000,2024-01-05T16:00:00+00:00,0.0001,64.96488345
2024-01-06 00:00:00+00:00,1704499200000,2024-01-06T00:00:00+00:00,0.0001,65.99
2024-01-06 08:00:00+00:00,1704528000000,2024-01-06T08:00:00+00:00,0.0001,64.46426212
2024-01-06 16:00:00+00:00,1704556800000,2024-01-06T16:00:00+00:00,0.0001,65.48512184
2024-01-07 00:00:00+00:00,1704585600000,2024-01-07T00:00:00+00:00,0.0001,65.65181777
2024-01-07 08:00:00.001000+00:00,1704614400001,2024-01-07T08:00:00.001000+00:00,0.0001,65.83467739
2024-01-07 16:00:00.001000+00:00,1704643200001,2024-01-07T16:00:00.001000+00:00,0.0001,65.01323983
2024-01-08 00:00:00+00:00,1704672000000,2024-01-08T00:00:00+00:00,0.0001,64.23919552
2024-01-08 08:00:00+00:00,1704700800000,2024-01-08T08:00:00+00:00,0.0001,64.63
2024-01-08 16:00:00+00:00,1704729600000,2024-01-08T16:00:00+00:00,0.0001,65.66708986
2024-01-09 00:00:00.001000+00:00,1704758400001,2024-01-09T00:00:00.001000+00:00,0.0001,67.75859028
2024-01-09 08:00:00+00:00,1704787200000,2024-01-09T08:00:00+00:00,0.0001,66.92174517
2024-01-09 16:00:00+00:00,1704816000000,2024-01-09T16:00:00+00:00,0.0001,65.03357911
2024-01-10 00:00:00+00:00,1704844800000,2024-01-10T00:00:00+00:00,0.0001,66.98968619
2024-01-10 08:00:00+00:00,1704873600000,2024-01-10T08:00:00+00:00,0.0001,66.66011067
2024-01-10 16:00:00+00:00,1704902400000,2024-01-10T16:00:00+00:00,0.0001,67.20783214
2024-01-11 00:00:00+00:00,1704931200000,2024-01-11T00:00:00+00:00,0.0001,70.09237098
2024-01-11 08:00:00+00:00,1704960000000,2024-01-11T08:00:00+00:00,0.0001,71.12809756
2024-01-11 16:00:00+00:00,1704988800000,2024-01-11T16:00:00+00:00,0.0001,72.10940064
2024-01-12 00:00:00.001000+00:00,1705017600001,2024-01-12T00:00:00.001000+00:00,0.0001,71.91
2024-01-12 08:00:00+00:00,1705046400000,2024-01-12T08:00:00+00:00,0.0001,72.99
2024-01-12 16:00:00+00:00,1705075200000,2024-01-12T16:00:00+00:00,0.0001,74.48497491
2024-01-13 00:00:00+00:00,1705104000000,2024-01-13T00:00:00+00:00,0.0001,72.97617338
2024-01-13 08:00:00+00:00,1705132800000,2024-01-13T08:00:00+00:00,0.0001,72.42786293
2024-01-13 16:00:00.001000+00:00,1705161600001,2024-01-13T16:00:00.001000+00:00,0.0001,72.01
2024-01-14 00:00:00+00:00,1705190400000,2024-01-14T00:00:00+00:00,0.0001,71.98419733
2024-01-14 08:00:00+00:00,1705219200000,2024-01-14T08:00:00+00:00,0.0001,71.98
2024-01-14 16:00:00.001000+00:00,1705248000001,2024-01-14T16:00:00.001000+00:00,0.0001,71.69
2024-01-15 00:00:00+00:00,1705276800000,2024-01-15T00:00:00+00:00,0.0001,69.78948497
2024-01-15 08:00:00+00:00,1705305600000,2024-01-15T08:00:00+00:00,0.0001,70.8769557
2024-01-15 16:00:00+00:00,1705334400000,2024-01-15T16:00:00+00:00,0.0001,69.53394223
2024-01-16 00:00:00+00:00,1705363200000,2024-01-16T00:00:00+00:00,0.0001,69.14
2024-01-16 08:00:00+00:00,1705392000000,2024-01-16T08:00:00+00:00,0.0001,69.80196677
2024-01-16 16:00:00.001000+00:00,1705420800001,2024-01-16T16:00:00.001000+00:00,0.0001,70.2445
2024-01-17 00:00:00+00:00,1705449600000,2024-01-17T00:00:00+00:00,0.0001,69.45
2024-01-17 08:00:00+00:00,1705478400000,2024-01-17T08:00:00+00:00,0.0001,69.2423642
2024-01-17 16:00:00+00:00,1705507200000,2024-01-17T16:00:00+00:00,0.0001,68.70683233
2024-01-18 00:00:00.001000+00:00,1705536000001,2024-01-18T00:00:00.001000+00:00,0.0001,69.47
2024-01-18 08:00:00+00:00,1705564800000,2024-01-18T08:00:00+00:00,0.0001,70.05
2024-01-18 16:00:00+00:00,1705593600000,2024-01-18T16:00:00+00:00,0.0001,69.33
2024-01-19 00:00:00+00:00,1705622400000,2024-01-19T00:00:00+00:00,0.0001,68.09904701
2024-01-19 08:00:00+00:00,1705651200000,2024-01-19T08:00:00+00:00,0.0001,68.74471184
2024-01-19 16:00:00.002000+00:00,1705680000002,2024-01-19T16:00:00.002000+00:00,0.0001,70.16108803
2024-01-20 00:00:00+00:00,1705708800000,2024-01-20T00:00:00+00:00,0.0001,71.30299148
2024-01-20 08:00:00.003000+00:00,1705737600003,2024-01-20T08:00:00.003000+00:00,0.0001,72.16571333
2024-01-20 16:00:00+00:00,1705766400000,2024-01-20T16:00:00+00:00,0.0001,70.94831147
2024-01-21 00:00:00+00:00,1705795200000,2024-01-21T00:00:00+00:00,0.0001,71.35450253
2024-01-21 08:00:00+00:00,1705824000000,2024-01-21T08:00:00+00:00,0.0001,71.45
2024-01-21 16:00:00+00:00,1705852800000,2024-01-21T16:00:00+00:00,0.0001,70.87094955
2024-01-22 00:00:00+00:00,1705881600000,2024-01-22T00:00:00+00:00,0.0001,71.76278354
2024-01-22 08:00:00+00:00,1705910400000,2024-01-22T08:00:00+00:00,0.0001,72.3637868
2024-01-22 16:00:00+00:00,1705939200000,2024-01-22T16:00:00+00:00,0.0001,68.72332498
2024-01-23 00:00:00+00:00,1705968000000,2024-01-23T00:00:00+00:00,0.0001,67.35348732
2024-01-23 08:00:00+00:00,1705996800000,2024-01-23T08:00:00+00:00,0.0001,67.73528532
2024-01-23 16:00:00+00:00,1706025600000,2024-01-23T16:00:00+00:00,0.0001,64.95248758
2024-01-24 00:00:00+00:00,1706054400000,2024-01-24T00:00:00+00:00,0.0001,65.48
2024-01-24 08:00:00+00:00,1706083200000,2024-01-24T08:00:00+00:00,0.0001,65.3744399
2024-01-24 16:00:00+00:00,1706112000000,2024-01-24T16:00:00+00:00,0.0001,65.46
2024-01-25 00:00:00+00:00,1706140800000,2024-01-25T00:00:00+00:00,0.0001,66.12016974
2024-01-25 08:00:00.001000+00:00,1706169600001,2024-01-25T08:00:00.001000+00:00,0.0001,65.78
2024-01-25 16:00:00+00:00,1706198400000,2024-01-25T16:00:00+00:00,0.0001,64.8728903
2024-01-26 00:00:00.001000+00:00,1706227200001,2024-01-26T00:00:00.001000+00:00,0.0001,65.49
2024-01-26 08:00:00+00:00,1706256000000,2024-01-26T08:00:00+00:00,0.0001,65.48968859
2024-01-26 16:00:00+00:00,1706284800000,2024-01-26T16:00:00+00:00,0.0001,66.96549722
2024-01-27 00:00:00+00:00,1706313600000,2024-01-27T00:00:00+00:00,0.0001,67.01993584
2024-01-27 08:00:00+00:00,1706342400000,2024-01-27T08:00:00+00:00,0.0001,66.54
2024-01-27 16:00:00+00:00,1706371200000,2024-01-27T16:00:00+00:00,0.0001,67.17
2024-01-28 00:00:00+00:00,1706400000000,2024-01-28T00:00:00+00:00,0.0001,68.04
2024-01-28 08:00:00+00:00,1706428800000,2024-01-28T08:00:00+00:00,0.0001,67.8
2024-01-28 16:00:00+00:00,1706457600000,2024-01-28T16:00:00+00:00,0.0001,67.63
2024-01-29 00:00:00+00:00,1706486400000,2024-01-29T00:00:00+00:00,0.0001,68.32981043
2024-01-29 08:00:00.001000+00:00,1706515200001,2024-01-29T08:00:00.001000+00:00,0.0001,67.44325334
2024-01-29 16:00:00+00:00,1706544000000,2024-01-29T16:00:00+00:00,0.0001,67.54369979
2024-01-30 00:00:00+00:00,1706572800000,2024-01-30T00:00:00+00:00,0.0001,68.41328412
2024-01-30 08:00:00+00:00,1706601600000,2024-01-30T08:00:00+00:00,0.0001,68.05207631
2024-01-30 16:00:00.001000+00:00,1706630400001,2024-01-30T16:00:00.001000+00:00,0.0001,68.16
2024-01-31 00:00:00+00:00,1706659200000,2024-01-31T00:00:00+00:00,0.0001,67.48545255
2024-01-31 08:00:00+00:00,1706688000000,2024-01-31T08:00:00+00:00,0.0001,68.23021472
2024-01-31 16:00:00+00:00,1706716800000,2024-01-31T16:00:00+00:00,0.0001,68.35352631
2024-02-01 00:00:00+00:00,1706745600000,2024-02-01T00:00:00+00:00,0.0001,66.72477759
2024-02-01 08:00:00+00:00,1706774400000,2024-02-01T08:00:00+00:00,0.0001,66.55
2024-02-01 16:00:00.002000+00:00,1706803200002,2024-02-01T16:00:00.002000+00:00,0.0001,66.67
2024-02-02 00:00:00+00:00,1706832000000,2024-02-02T00:00:00+00:00,0.0001,67.53
2024-02-02 08:00:00+00:00,1706860800000,2024-02-02T08:00:00+00:00,0.0001,67.91064839
2024-02-02 16:00:00+00:00,1706889600000,2024-02-02T16:00:00+00:00,0.0001,68.37
2024-02-03 00:00:00+00:00,1706918400000,2024-02-03T00:00:00+00:00,0.0001,68.03475381
2024-02-03 08:00:00+00:00,1706947200000,2024-02-03T08:00:00+00:00,0.0001,68.17237585
2024-02-03 16:00:00.001000+00:00,1706976000001,2024-02-03T16:00:00.001000+00:00,0.0001,68.53461749
2024-02-04 00:00:00+00:00,1707004800000,2024-02-04T00:00:00+00:00,0.0001,68.8079853
2024-02-04 08:00:00.004000+00:00,1707033600004,2024-02-04T08:00:00.004000+00:00,0.0001,67.77819865
2024-02-04 16:00:00+00:00,1707062400000,2024-02-04T16:00:00+00:00,0.0001,67.80756028
2024-02-05 00:00:00+00:00,1707091200000,2024-02-05T00:00:00+00:00,0.0001,66.94
2024-02-05 08:00:00+00:00,1707120000000,2024-02-05T08:00:00+00:00,0.0001,67.52
2024-02-05 16:00:00+00:00,1707148800000,2024-02-05T16:00:00+00:00,0.0001,67.52517209
2024-02-06 00:00:00+00:00,1707177600000,2024-02-06T00:00:00+00:00,0.0001,67.68824495
2024-02-06 08:00:00.001000+00:00,1707206400001,2024-02-06T08:00:00.001000+00:00,0.0001,67.98
2024-02-06 16:00:00+00:00,1707235200000,2024-02-06T16:00:00+00:00,0.0001,68.0271903
2024-02-07 00:00:00+00:00,1707264000000,2024-02-07T00:00:00+00:00,0.0001,68.28
2024-02-07 08:00:00+00:00,1707292800000,2024-02-07T08:00:00+00:00,0.0001,67.95
2024-02-07 16:00:00+00:00,1707321600000,2024-02-07T16:00:00+00:00,0.0001,68.04
2024-02-08 00:00:00+00:00,1707350400000,2024-02-08T00:00:00+00:00,0.0001,68.61163044
2024-02-08 08:00:00+00:00,1707379200000,2024-02-08T08:00:00+00:00,0.0001,68.75875202
2024-02-08 16:00:00+00:00,1707408000000,2024-02-08T16:00:00+00:00,0.0001,69.18802312
2024-02-09 00:00:00+00:00,1707436800000,2024-02-09T00:00:00+00:00,0.0001,70.51133202
2024-02-09 08:00:00+00:00,1707465600000,2024-02-09T08:00:00+00:00,0.0001,70.91256112
2024-02-09 16:00:00.001000+00:00,1707494400001,2024-02-09T16:00:00.001000+00:00,0.0001,70.87
2024-02-10 00:00:00.001000+00:00,1707523200001,2024-02-10T00:00:00.001000+00:00,0.0001,70.63469307
2024-02-10 08:00:00+00:00,1707552000000,2024-02-10T08:00:00+00:00,0.0001,70.66
2024-02-10 16:00:00+00:00,1707580800000,2024-02-10T16:00:00+00:00,0.0001,70.36263198
2024-02-11 00:00:00+00:00,1707609600000,2024-02-11T00:00:00+00:00,0.0001,70.80171342
2024-02-11 08:00:00.001000+00:00,1707638400001,2024-02-11T08:00:00.001000+00:00,0.0001,72.38379568
2024-02-11 16:00:00+00:00,1707667200000,2024-02-11T16:00:00+00:00,0.0001,72.27814954
2024-02-12 00:00:00+00:00,1707696000000,2024-02-12T00:00:00+00:00,0.0001,71.54015856
2024-02-12 08:00:00+00:00,1707724800000,2024-02-12T08:00:00+00:00,0.0001,71.16810832
2024-02-12 16:00:00+00:00,1707753600000,2024-02-12T16:00:00+00:00,0.0001,72.1895608
2024-02-13 00:00:00+00:00,1707782400000,2024-02-13T00:00:00+00:00,0.0001,72.86
2024-02-13 08:00:00+00:00,1707811200000,2024-02-13T08:00:00+00:00,0.0001,72.47660628
2024-02-13 16:00:00+00:00,1707840000000,2024-02-13T16:00:00+00:00,0.0001,68.911234
2024-02-14 00:00:00+00:00,1707868800000,2024-02-14T00:00:00+00:00,0.0001,68.97654366
2024-02-14 08:00:00+00:00,1707897600000,2024-02-14T08:00:00+00:00,0.0001,69.36744585
2024-02-14 16:00:00+00:00,1707926400000,2024-02-14T16:00:00+00:00,0.0001,69.8
2024-02-15 00:00:00+00:00,1707955200000,2024-02-15T00:00:00+00:00,0.00013782,69.88
2024-02-15 08:00:00+00:00,1707984000000,2024-02-15T08:00:00+00:00,0.0001762,70.04
2024-02-15 16:00:00+00:00,1708012800000,2024-02-15T16:00:00+00:00,0.00012831,69.36654286
2024-02-16 00:00:00+00:00,1708041600000,2024-02-16T00:00:00+00:00,0.00028063,69.81914161
2024-02-16 08:00:00+00:00,1708070400000,2024-02-16T08:00:00+00:00,0.00029203,69.92
2024-02-16 16:00:00+00:00,1708099200000,2024-02-16T16:00:00+00:00,0.00023103,69.73
2024-02-17 00:00:00+00:00,1708128000000,2024-02-17T00:00:00+00:00,0.00017861,70.62960334
2024-02-17 08:00:00+00:00,1708156800000,2024-02-17T08:00:00+00:00,0.00020856,70.4
2024-02-17 16:00:00+00:00,1708185600000,2024-02-17T16:00:00+00:00,0.0001,69.22219451
2024-02-18 00:00:00+00:00,1708214400000,2024-02-18T00:00:00+00:00,0.00012617,70.0
2024-02-18 08:00:00+00:00,1708243200000,2024-02-18T08:00:00+00:00,0.00013618,70.47647611
2024-02-18 16:00:00+00:00,1708272000000,2024-02-18T16:00:00+00:00,0.00021222,70.34
2024-02-19 00:00:00+00:00,1708300800000,2024-02-19T00:00:00+00:00,0.00028549,70.84827265
2024-02-19 08:00:00+00:00,1708329600000,2024-02-19T08:00:00+00:00,0.00023242,71.30865412
2024-02-19 16:00:00+00:00,1708358400000,2024-02-19T16:00:00+00:00,0.00024488,71.22
2024-02-20 00:00:00+00:00,1708387200000,2024-02-20T00:00:00+00:00,0.00041283,71.36
2024-02-20 08:00:00+00:00,1708416000000,2024-02-20T08:00:00+00:00,0.00035016,70.97371987
2024-02-20 16:00:00+00:00,1708444800000,2024-02-20T16:00:00+00:00,0.00019409,68.96250624
2024-02-21 00:00:00+00:00,1708473600000,2024-02-21T00:00:00+00:00,0.0001,69.69
2024-02-21 08:00:00+00:00,1708502400000,2024-02-21T08:00:00+00:00,0.0001,68.97564759
2024-02-21 16:00:00+00:00,1708531200000,2024-02-21T16:00:00+00:00,0.0001,68.23
2024-02-22 00:00:00.001000+00:00,1708560000001,2024-02-22T00:00:00.001000+00:00,0.0001,68.98277894
2024-02-22 08:00:00.001000+00:00,1708588800001,2024-02-22T08:00:00.001000+00:00,0.00014015,68.99758154
2024-02-22 16:00:00+00:00,1708617600000,2024-02-22T16:00:00+00:00,0.00017456,69.59
2024-02-23 00:00:00+00:00,1708646400000,2024-02-23T00:00:00+00:00,0.00025672,68.83
2024-02-23 08:00:00+00:00,1708675200000,2024-02-23T08:00:00+00:00,0.0002057,68.38080831
2024-02-23 16:00:00+00:00,1708704000000,2024-02-23T16:00:00+00:00,0.00022016,68.20197332
2024-02-24 00:00:00+00:00,1708732800000,2024-02-24T00:00:00+00:00,0.00021946,68.84653786
2024-02-24 08:00:00.001000+00:00,1708761600001,2024-02-24T08:00:00.001000+00:00,0.00040356,69.74273267
2024-02-24 16:00:00+00:00,1708790400000,2024-02-24T16:00:00+00:00,0.00031824,70.16371104
2024-02-25 00:00:00.001000+00:00,1708819200001,2024-02-25T00:00:00.001000+00:00,0.00037621,70.47020479
2024-02-25 08:00:00+00:00,1708848000000,2024-02-25T08:00:00+00:00,0.00037198,70.27222512
2024-02-25 16:00:00+00:00,1708876800000,2024-02-25T16:00:00+00:00,0.00040901,70.08967845
2024-02-26 00:00:00+00:00,1708905600000,2024-02-26T00:00:00+00:00,0.00051676,70.21386777
2024-02-26 08:00:00+00:00,1708934400000,2024-02-26T08:00:00+00:00,0.00040888,70.03452794
2024-02-26 16:00:00+00:00,1708963200000,2024-02-26T16:00:00+00:00,0.00044825,71.20518017
2024-02-27 00:00:00+00:00,1708992000000,2024-02-27T00:00:00+00:00,0.00065619,72.01823632
2024-02-27 08:00:00+00:00,1709020800000,2024-02-27T08:00:00+00:00,0.00075141,75.36
2024-02-27 16:00:00+00:00,1709049600000,2024-02-27T16:00:00+00:00,0.00049201,73.32320082
2024-02-28 00:00:00+00:00,1709078400000,2024-02-28T00:00:00+00:00,0.0004002,74.04859912
2024-02-28 08:00:00+00:00,1709107200000,2024-02-28T08:00:00+00:00,0.000429,74.88129846
2024-02-28 16:00:00+00:00,1709136000000,2024-02-28T16:00:00+00:00,0.00059392,75.05
2024-02-29 00:00:00+00:00,1709164800000,2024-02-29T00:00:00+00:00,0.0004766,74.55728478
2024-02-29 08:00:00+00:00,1709193600000,2024-02-29T08:00:00+00:00,0.00095188,82.39
2024-02-29 16:00:00+00:00,1709222400000,2024-02-29T16:00:00+00:00,0.00080852,82.77
2024-03-01 00:00:00+00:00,1709251200000,2024-03-01T00:00:00+00:00,0.00056605,79.94416919
2024-03-01 08:00:00+00:00,1709280000000,2024-03-01T08:00:00+00:00,0.00058233,84.27071294
2024-03-01 16:00:00+00:00,1709308800000,2024-03-01T16:00:00+00:00,0.00065838,83.06
2024-03-02 00:00:00+00:00,1709337600000,2024-03-02T00:00:00+00:00,0.00061068,84.95
2024-03-02 08:00:00.001000+00:00,1709366400001,2024-03-02T08:00:00.001000+00:00,0.00095507,90.2161011
2024-03-02 16:00:00+00:00,1709395200000,2024-03-02T16:00:00+00:00,0.00070639,91.02
2024-03-03 00:00:00+00:00,1709424000000,2024-03-03T00:00:00+00:00,0.00074736,94.59
2024-03-03 08:00:00+00:00,1709452800000,2024-03-03T08:00:00+00:00,0.00064844,88.58
2024-03-03 16:00:00+00:00,1709481600000,2024-03-03T16:00:00+00:00,0.00045238,91.23
2024-03-04 00:00:00+00:00,1709510400000,2024-03-04T00:00:00+00:00,0.00065655,90.81
2024-03-04 08:00:00+00:00,1709539200000,2024-03-04T08:00:00+00:00,0.00063302,90.48
2024-03-04 16:00:00+00:00,1709568000000,2024-03-04T16:00:00+00:00,0.00055919,90.43226944
2024-03-05 00:00:00+00:00,1709596800000,2024-03-05T00:00:00+00:00,0.00062845,89.01443389
2024-03-05 08:00:00+00:00,1709625600000,2024-03-05T08:00:00+00:00,0.00109604,88.98
2024-03-05 16:00:00+00:00,1709654400000,2024-03-05T16:00:00+00:00,0.00074114,88.47
2024-03-06 00:00:00+00:00,1709683200000,2024-03-06T00:00:00+00:00,0.0001,81.96
2024-03-06 08:00:00.001000+00:00,1709712000001,2024-03-06T08:00:00.001000+00:00,0.00013573,85.98999698
2024-03-06 16:00:00+00:00,1709740800000,2024-03-06T16:00:00+00:00,0.00039312,83.21774543
2024-03-07 00:00:00+00:00,1709769600000,2024-03-07T00:00:00+00:00,0.00024676,85.91573852
2024-03-07 08:00:00+00:00,1709798400000,2024-03-07T08:00:00+00:00,0.00027066,84.91625419
2024-03-07 16:00:00+00:00,1709827200000,2024-03-07T16:00:00+00:00,0.00046433,86.68
2024-03-08 00:00:00+00:00,1709856000000,2024-03-08T00:00:00+00:00,0.00050997,88.1
2024-03-08 08:00:00+00:00,1709884800000,2024-03-08T08:00:00+00:00,0.0005764,87.51296263
2024-03-08 16:00:00+00:00,1709913600000,2024-03-08T16:00:00+00:00,0.00053129,86.56
2024-03-09 00:00:00+00:00,1709942400000,2024-03-09T00:00:00+00:00,0.00046869,88.41
2024-03-09 08:00:00.001000+00:00,1709971200001,2024-03-09T08:00:00.001000+00:00,0.00047308,88.81
2024-03-09 16:00:00+00:00,1710000000000,2024-03-09T16:00:00+00:00,0.00056664,89.56
2024-03-10 00:00:00+00:00,1710028800000,2024-03-10T00:00:00+00:00,0.00055618,90.77
2024-03-10 08:00:00+00:00,1710057600000,2024-03-10T08:00:00+00:00,0.00070569,89.18241005
2024-03-10 16:00:00+00:00,1710086400000,2024-03-10T16:00:00+00:00,0.00041199,87.95
2024-03-11 00:00:00+00:00,1710115200000,2024-03-11T00:00:00+00:00,0.00039854,87.49
2024-03-11 08:00:00+00:00,1710144000000,2024-03-11T08:00:00+00:00,0.00054096,90.21146675
2024-03-11 16:00:00+00:00,1710172800000,2024-03-11T16:00:00+00:00,0.00080601,101.3
2024-03-12 00:00:00+00:00,1710201600000,2024-03-12T00:00:00+00:00,0.00105457,104.02733516
2024-03-12 08:00:00+00:00,1710230400000,2024-03-12T08:00:00+00:00,0.00064749,98.80007624
2024-03-12 16:00:00+00:00,1710259200000,2024-03-12T16:00:00+00:00,0.00041496,96.81162493
2024-03-13 00:00:00+00:00,1710288000000,2024-03-13T00:00:00+00:00,0.00037652,97.60654524
2024-03-13 08:00:00.001000+00:00,1710316800001,2024-03-13T08:00:00.001000+00:00,0.00055134,98.28
2024-03-13 16:00:00+00:00,1710345600000,2024-03-13T16:00:00+00:00,0.00056568,96.0
2024-03-14 00:00:00.001000+00:00,1710374400001,2024-03-14T00:00:00.001000+00:00,0.00043036,97.31
2024-03-14 08:00:00+00:00,1710403200000,2024-03-14T08:00:00+00:00,0.00064097,95.43
2024-03-14 16:00:00+00:00,1710432000000,2024-03-14T16:00:00+00:00,0.00049019,94.01
2024-03-15 00:00:00+00:00,1710460800000,2024-03-15T00:00:00+00:00,0.00049907,94.17463751
2024-03-15 08:00:00+00:00,1710489600000,2024-03-15T08:00:00+00:00,0.00028017,89.66177054
2024-03-15 16:00:00+00:00,1710518400000,2024-03-15T16:00:00+00:00,0.0001627,88.27
2024-03-16 00:00:00+00:00,1710547200000,2024-03-16T00:00:00+00:00,0.00013581,89.79755173
2024-03-16 08:00:00+00:00,1710576000000,2024-03-16T08:00:00+00:00,0.00028393,90.35553638
2024-03-16 16:00:00+00:00,1710604800000,2024-03-16T16:00:00+00:00,0.00016294,88.38949643
2024-03-17 00:00:00+00:00,1710633600000,2024-03-17T00:00:00+00:00,0.0001,84.16
2024-03-17 08:00:00+00:00,1710662400000,2024-03-17T08:00:00+00:00,0.0001291,83.22
2024-03-17 16:00:00+00:00,1710691200000,2024-03-17T16:00:00+00:00,0.00018907,86.34620623
2024-03-18 00:00:00+00:00,1710720000000,2024-03-18T00:00:00+00:00,0.00013952,85.97494315
2024-03-18 08:00:00+00:00,1710748800000,2024-03-18T08:00:00+00:00,0.00022149,85.75696507
2024-03-18 16:00:00.001000+00:00,1710777600001,2024-03-18T16:00:00.001000+00:00,0.00024065,83.05
2024-03-19 00:00:00+00:00,1710806400000,2024-03-19T00:00:00+00:00,0.00018895,86.83369345
2024-03-19 08:00:00+00:00,1710835200000,2024-03-19T08:00:00+00:00,0.00012388,80.85
2024-03-19 16:00:00.001000+00:00,1710864000001,2024-03-19T16:00:00.001000+00:00,0.00012987,81.39937236
2024-03-20 00:00:00+00:00,1710892800000,2024-03-20T00:00:00+00:00,0.0001,78.51
2024-03-20 08:00:00.004000+00:00,1710921600004,2024-03-20T08:00:00.004000+00:00,0.00015392,81.35
2024-03-20 16:00:00+00:00,1710950400000,2024-03-20T16:00:00+00:00,0.0001,80.80919071
2024-03-21 00:00:00+00:00,1710979200000,2024-03-21T00:00:00+00:00,0.00017559,84.72064261
2024-03-21 08:00:00+00:00,1711008000000,2024-03-21T08:00:00+00:00,0.00020137,85.00715956
2024-03-21 16:00:00+00:00,1711036800000,2024-03-21T16:00:00+00:00,0.00016875,86.26514897
2024-03-22 00:00:00+00:00,1711065600000,2024-03-22T00:00:00+00:00,0.00021512,85.81
2024-03-22 08:00:00+00:00,1711094400000,2024-03-22T08:00:00+00:00,0.00015029,85.3111987
2024-03-22 16:00:00+00:00,1711123200000,2024-03-22T16:00:00+00:00,0.0001,82.83
2024-03-23 00:00:00+00:00,1711152000000,2024-03-23T00:00:00+00:00,0.00010793,83.45520216
2024-03-23 08:00:00+00:00,1711180800000,2024-03-23T08:00:00+00:00,0.00015,84.39184959
2024-03-23 16:00:00+00:00,1711209600000,2024-03-23T16:00:00+00:00,0.00018245,86.4
2024-03-24 00:00:00+00:00,1711238400000,2024-03-24T00:00:00+00:00,0.00016817,85.32779887
2024-03-24 08:00:00+00:00,1711267200000,2024-03-24T08:00:00+00:00,0.00011896,87.0
2024-03-24 16:00:00+00:00,1711296000000,2024-03-24T16:00:00+00:00,0.0001,89.4
2024-03-25 00:00:00+00:00,1711324800000,2024-03-25T00:00:00+00:00,0.00014055,89.67736184
2024-03-25 08:00:00.001000+00:00,1711353600001,2024-03-25T08:00:00.001000+00:00,0.00017983,89.38994642
2024-03-25 16:00:00+00:00,1711382400000,2024-03-25T16:00:00+00:00,0.00023002,91.1526285
2024-03-26 00:00:00+00:00,1711411200000,2024-03-26T00:00:00+00:00,0.00029759,90.64
2024-03-26 08:00:00+00:00,1711440000000,2024-03-26T08:00:00+00:00,0.00023058,90.97936091
2024-03-26 16:00:00+00:00,1711468800000,2024-03-26T16:00:00+00:00,0.0003477,89.02
2024-03-27 00:00:00+00:00,1711497600000,2024-03-27T00:00:00+00:00,0.000429,95.87
2024-03-27 08:00:00.001000+00:00,1711526400001,2024-03-27T08:00:00.001000+00:00,0.00039398,95.70944148
2024-03-27 16:00:00+00:00,1711555200000,2024-03-27T16:00:00+00:00,0.00030654,93.71057004
2024-03-28 00:00:00+00:00,1711584000000,2024-03-28T00:00:00+00:00,0.00033496,93.65
2024-03-28 08:00:00+00:00,1711612800000,2024-03-28T08:00:00+00:00,0.00034574,96.44664167
2024-03-28 16:00:00+00:00,1711641600000,2024-03-28T16:00:00+00:00,0.00038635,94.90056144
2024-03-29 00:00:00+00:00,1711670400000,2024-03-29T00:00:00+00:00,0.00033165,94.18219808
2024-03-29 08:00:00+00:00,1711699200000,2024-03-29T08:00:00+00:00,0.00040067,93.22669226
2024-03-29 16:00:00+00:00,1711728000000,2024-03-29T16:00:00+00:00,0.0008937,104.32
2024-03-30 00:00:00+00:00,1711756800000,2024-03-30T00:00:00+00:00,0.00065982,109.12839898
2024-03-30 08:00:00+00:00,1711785600000,2024-03-30T08:00:00+00:00,0.00052909,104.82
2024-03-30 16:00:00+00:00,1711814400000,2024-03-30T16:00:00+00:00,0.00069322,102.42
2024-03-31 00:00:00+00:00,1711843200000,2024-03-31T00:00:00+00:00,0.00049339,102.92
2024-03-31 08:00:00+00:00,1711872000000,2024-03-31T08:00:00+00:00,0.00045463,102.83114021
2024-03-31 16:00:00.001000+00:00,1711900800001,2024-03-31T16:00:00.001000+00:00,0.00049541,103.3
2024-04-01 00:00:00+00:00,1711929600000,2024-04-01T00:00:00+00:00,0.00067981,105.15342772
2024-04-01 08:00:00+00:00,1711958400000,2024-04-01T08:00:00+00:00,0.00067976,108.407866
2024-04-01 16:00:00+00:00,1711987200000,2024-04-01T16:00:00+00:00,0.00030328,98.45699414
2024-04-02 00:00:00.007000+00:00,1712016000007,2024-04-02T00:00:00.007000+00:00,0.0001,99.28
2024-04-02 08:00:00.015000+00:00,1712044800015,2024-04-02T08:00:00.015000+00:00,0.00012188,99.00851968
2024-04-02 16:00:00+00:00,1712073600000,2024-04-02T16:00:00+00:00,0.0002379,105.9
2024-04-03 00:00:00+00:00,1712102400000,2024-04-03T00:00:00+00:00,0.00016173,106.84653103
2024-04-03 08:00:00+00:00,1712131200000,2024-04-03T08:00:00+00:00,0.0001,101.46005382
2024-04-03 16:00:00+00:00,1712160000000,2024-04-03T16:00:00+00:00,0.0001,98.66
2024-04-04 00:00:00+00:00,1712188800000,2024-04-04T00:00:00+00:00,0.0001,98.37
2024-04-04 08:00:00+00:00,1712217600000,2024-04-04T08:00:00+00:00,0.00015096,101.56143588
2024-04-04 16:00:00+00:00,1712246400000,2024-04-04T16:00:00+00:00,0.0001,99.54177828
2024-04-05 00:00:00+00:00,1712275200000,2024-04-05T00:00:00+00:00,0.0001,98.41499418
2024-04-05 08:00:00+00:00,1712304000000,2024-04-05T08:00:00+00:00,0.0001,99.02
2024-04-05 16:00:00+00:00,1712332800000,2024-04-05T16:00:00+00:00,0.0001,98.04
2024-04-06 00:00:00+00:00,1712361600000,2024-04-06T00:00:00+00:00,0.00011328,97.9
2024-04-06 08:00:00+00:00,1712390400000,2024-04-06T08:00:00+00:00,0.0001,99.87
2024-04-06 16:00:00+00:00,1712419200000,2024-04-06T16:00:00+00:00,0.00013303,100.83
2024-04-07 00:00:00+00:00,1712448000000,2024-04-07T00:00:00+00:00,0.0001,101.65641893
2024-04-07 08:00:00+00:00,1712476800000,2024-04-07T08:00:00+00:00,0.00013973,103.64
2024-04-07 16:00:00+00:00,1712505600000,2024-04-07T16:00:00+00:00,0.0001,102.37359748
2024-04-08 00:00:00.001000+00:00,1712534400001,2024-04-08T00:00:00.001000+00:00,0.0001103,101.3
2024-04-08 08:00:00+00:00,1712563200000,2024-04-08T08:00:00+00:00,0.00013843,102.22
2024-04-08 16:00:00.006000+00:00,1712592000006,2024-04-08T16:00:00.006000+00:00,0.00014741,102.94942773
2024-04-09 00:00:00+00:00,1712620800000,2024-04-09T00:00:00+00:00,0.00010941,103.34466169
2024-04-09 08:00:00.001000+00:00,1712649600001,2024-04-09T08:00:00.001000+00:00,0.0001,100.18457056
2024-04-09 16:00:00.001000+00:00,1712678400001,2024-04-09T16:00:00.001000+00:00,0.0001,98.05938953
2024-04-10 00:00:00+00:00,1712707200000,2024-04-10T00:00:00+00:00,0.0001,97.6
2024-04-10 08:00:00.001000+00:00,1712736000001,2024-04-10T08:00:00.001000+00:00,0.00010563,97.52
2024-04-10 16:00:00+00:00,1712764800000,2024-04-10T16:00:00+00:00,0.00010277,95.78594505
2024-04-11 00:00:00+00:00,1712793600000,2024-04-11T00:00:00+00:00,0.0001,96.79
2024-04-11 08:00:00+00:00,1712822400000,2024-04-11T08:00:00+00:00,0.0001,98.0199837
2024-04-11 16:00:00+00:00,1712851200000,2024-04-11T16:00:00+00:00,0.00015128,96.17
2024-04-12 00:00:00+00:00,1712880000000,2024-04-12T00:00:00+00:00,0.00013696,98.85
2024-04-12 08:00:00.001000+00:00,1712908800001,2024-04-12T08:00:00.001000+00:00,0.00013862,98.52
2024-04-12 16:00:00+00:00,1712937600000,2024-04-12T16:00:00+00:00,0.00014877,95.82
2024-04-13 00:00:00+00:00,1712966400000,2024-04-13T00:00:00+00:00,0.0001,86.12
2024-04-13 08:00:00+00:00,1712995200000,2024-04-13T08:00:00+00:00,0.0001,85.35
2024-04-13 16:00:00.001000+00:00,1713024000001,2024-04-13T16:00:00.001000+00:00,0.0001,85.5267516
2024-04-14 00:00:00+00:00,1713052800000,2024-04-14T00:00:00+00:00,0.0001,77.33
2024-04-14 08:00:00+00:00,1713081600000,2024-04-14T08:00:00+00:00,0.0001,79.6
2024-04-14 16:00:00+00:00,1713110400000,2024-04-14T16:00:00+00:00,0.0001,77.78
2024-04-15 00:00:00+00:00,1713139200000,2024-04-15T00:00:00+00:00,0.0001,79.69
2024-04-15 08:00:00.001000+00:00,1713168000001,2024-04-15T08:00:00.001000+00:00,0.0001,82.09156797
2024-04-15 16:00:00+00:00,1713196800000,2024-04-15T16:00:00+00:00,0.0001,79.3
2024-04-16 00:00:00.001000+00:00,1713225600001,2024-04-16T00:00:00.001000+00:00,0.0001,78.0684781
2024-04-16 08:00:00+00:00,1713254400000,2024-04-16T08:00:00+00:00,1.647e-05,79.2
2024-04-16 16:00:00+00:00,1713283200000,2024-04-16T16:00:00+00:00,0.0001,77.41355855
2024-04-17 00:00:00+00:00,1713312000000,2024-04-17T00:00:00+00:00,9.758e-05,79.9
2024-04-17 08:00:00+00:00,1713340800000,2024-04-17T08:00:00+00:00,3.766e-05,78.57409705
2024-04-17 16:00:00+00:00,1713369600000,2024-04-17T16:00:00+00:00,3.089e-05,77.36
2024-04-18 00:00:00+00:00,1713398400000,2024-04-18T00:00:00+00:00,0.0001,80.15
2024-04-18 08:00:00+00:00,1713427200000,2024-04-18T08:00:00+00:00,0.0001,79.17
2024-04-18 16:00:00+00:00,1713456000000,2024-04-18T16:00:00+00:00,1.194e-05,81.58
2024-04-19 00:00:00.001000+00:00,1713484800001,2024-04-19T00:00:00.001000+00:00,0.0001,80.73644196
2024-04-19 08:00:00+00:00,1713513600000,2024-04-19T08:00:00+00:00,6.663e-05,80.72
2024-04-19 16:00:00+00:00,1713542400000,2024-04-19T16:00:00+00:00,9.531e-05,81.55680265
2024-04-20 00:00:00+00:00,1713571200000,2024-04-20T00:00:00+00:00,0.0001,80.82226756
2024-04-20 08:00:00+00:00,1713600000000,2024-04-20T08:00:00+00:00,5.945e-05,82.45
2024-04-20 16:00:00+00:00,1713628800000,2024-04-20T16:00:00+00:00,2.224e-05,83.780903
2024-04-21 00:00:00+00:00,1713657600000,2024-04-21T00:00:00+00:00,0.0001,84.99491812
2024-04-21 08:00:00+00:00,1713686400000,2024-04-21T08:00:00+00:00,2.912e-05,85.48423035
2024-04-21 16:00:00+00:00,1713715200000,2024-04-21T16:00:00+00:00,0.0001,84.37
2024-04-22 00:00:00+00:00,1713744000000,2024-04-22T00:00:00+00:00,0.0001,84.12647583
2024-04-22 08:00:00+00:00,1713772800000,2024-04-22T08:00:00+00:00,7.658e-05,84.84380183
2024-04-22 16:00:00+00:00,1713801600000,2024-04-22T16:00:00+00:00,-3.24e-06,84.96747057
2024-04-23 00:00:00+00:00,1713830400000,2024-04-23T00:00:00+00:00,8.05e-05,85.34172033
2024-04-23 08:00:00+00:00,1713859200000,2024-04-23T08:00:00+00:00,6.172e-05,84.25
2024-04-23 16:00:00.001000+00:00,1713888000001,2024-04-23T16:00:00.001000+00:00,-5.929e-05,84.6767472
2024-04-24 00:00:00+00:00,1713916800000,2024-04-24T00:00:00+00:00,8.297e-05,84.98423998
2024-04-24 08:00:00+00:00,1713945600000,2024-04-24T08:00:00+00:00,3.595e-05,86.88155113
2024-04-24 16:00:00+00:00,1713974400000,2024-04-24T16:00:00+00:00,0.0001,84.87
2024-04-25 00:00:00+00:00,1714003200000,2024-04-25T00:00:00+00:00,0.0001,83.19
2024-04-25 08:00:00+00:00,1714032000000,2024-04-25T08:00:00+00:00,6.815e-05,83.20513066
2024-04-25 16:00:00.010000+00:00,1714060800010,2024-04-25T16:00:00.010000+00:00,0.0001,83.67
2024-04-26 00:00:00.001000+00:00,1714089600001,2024-04-26T00:00:00.001000+00:00,0.0001,83.73292462
2024-04-26 08:00:00+00:00,1714118400000,2024-04-26T08:00:00+00:00,6.04e-06,85.16
2024-04-26 16:00:00+00:00,1714147200000,2024-04-26T16:00:00+00:00,5.432e-05,86.96
2024-04-27 00:00:00+00:00,1714176000000,2024-04-27T00:00:00+00:00,8.512e-05,88.04
2024-04-27 08:00:00.001000+00:00,1714204800001,2024-04-27T08:00:00.001000+00:00,9.306e-05,86.38638276
2024-04-27 16:00:00+00:00,1714233600000,2024-04-27T16:00:00+00:00,2.672e-05,84.67
2024-04-28 00:00:00+00:00,1714262400000,2024-04-28T00:00:00+00:00,-6.135e-05,83.83
2024-04-28 08:00:00+00:00,1714291200000,2024-04-28T08:00:00+00:00,-8.8e-06,84.84491763
2024-04-28 16:00:00+00:00,1714320000000,2024-04-28T16:00:00+00:00,3.837e-05,84.95
2024-04-29 00:00:00+00:00,1714348800000,2024-04-29T00:00:00+00:00,0.0001,83.94039931
2024-04-29 08:00:00+00:00,1714377600000,2024-04-29T08:00:00+00:00,9.805e-05,82.38097066
2024-04-29 16:00:00+00:00,1714406400000,2024-04-29T16:00:00+00:00,7.397e-05,83.44391891
2024-04-30 00:00:00+00:00,1714435200000,2024-04-30T00:00:00+00:00,0.0001,83.49
2024-04-30 08:00:00+00:00,1714464000000,2024-04-30T08:00:00+00:00,6.9e-05,82.87
2024-04-30 16:00:00+00:00,1714492800000,2024-04-30T16:00:00+00:00,7.135e-05,78.71665805
2024-05-01 00:00:00+00:00,1714521600000,2024-05-01T00:00:00+00:00,2.073e-05,79.43147028
2024-05-01 08:00:00+00:00,1714550400000,2024-05-01T08:00:00+00:00,0.0001,76.28
2024-05-01 16:00:00+00:00,1714579200000,2024-05-01T16:00:00+00:00,0.0001,77.17812305
2024-05-02 00:00:00+00:00,1714608000000,2024-05-02T00:00:00+00:00,0.0001,80.11973685
2024-05-02 08:00:00+00:00,1714636800000,2024-05-02T08:00:00+00:00,0.0001,78.82877329
2024-05-02 16:00:00.002000+00:00,1714665600002,2024-05-02T16:00:00.002000+00:00,7.421e-05,80.5421091
2024-05-03 00:00:00+00:00,1714694400000,2024-05-03T00:00:00+00:00,8.022e-05,80.0
2024-05-03 08:00:00+00:00,1714723200000,2024-05-03T08:00:00+00:00,4.869e-05,79.5
2024-05-03 16:00:00+00:00,1714752000000,2024-05-03T16:00:00+00:00,7.276e-05,81.88
2024-05-04 00:00:00+00:00,1714780800000,2024-05-04T00:00:00+00:00,0.0001,81.83
2024-05-04 08:00:00+00:00,1714809600000,2024-05-04T08:00:00+00:00,4.197e-05,81.5948353
2024-05-04 16:00:00+00:00,1714838400000,2024-05-04T16:00:00+00:00,4.438e-05,82.31122823
2024-05-05 00:00:00+00:00,1714867200000,2024-05-05T00:00:00+00:00,0.0001,81.6
2024-05-05 08:00:00+00:00,1714896000000,2024-05-05T08:00:00+00:00,6.21e-05,81.20102365
2024-05-05 16:00:00+00:00,1714924800000,2024-05-05T16:00:00+00:00,2.74e-05,81.48266799
2024-05-06 00:00:00+00:00,1714953600000,2024-05-06T00:00:00+00:00,3.317e-05,81.28
2024-05-06 08:00:00+00:00,1714982400000,2024-05-06T08:00:00+00:00,9.889e-05,83.29492233
2024-05-06 16:00:00+00:00,1715011200000,2024-05-06T16:00:00+00:00,0.0001,81.7
2024-05-07 00:00:00+00:00,1715040000000,2024-05-07T00:00:00+00:00,-5.662e-05,80.72708331
2024-05-07 08:00:00+00:00,1715068800000,2024-05-07T08:00:00+00:00,4.071e-05,80.40071225
2024-05-07 16:00:00+00:00,1715097600000,2024-05-07T16:00:00+00:00,7.977e-05,81.90861562
2024-05-08 00:00:00+00:00,1715126400000,2024-05-08T00:00:00+00:00,0.0001,80.79961355
2024-05-08 08:00:00+00:00,1715155200000,2024-05-08T08:00:00+00:00,3.857e-05,79.91
2024-05-08 16:00:00+00:00,1715184000000,2024-05-08T16:00:00+00:00,9.975e-05,81.68071196
2024-05-09 00:00:00+00:00,1715212800000,2024-05-09T00:00:00+00:00,0.0001,81.66
2024-05-09 08:00:00+00:00,1715241600000,2024-05-09T08:00:00+00:00,9.714e-05,81.46
2024-05-09 16:00:00+00:00,1715270400000,2024-05-09T16:00:00+00:00,0.0001,81.67
2024-05-10 00:00:00+00:00,1715299200000,2024-05-10T00:00:00+00:00,0.0001,83.03284305
2024-05-10 08:00:00+00:00,1715328000000,2024-05-10T08:00:00+00:00,0.0001,83.06192384
2024-05-10 16:00:00+00:00,1715356800000,2024-05-10T16:00:00+00:00,0.0001,80.79337752
2024-05-11 00:00:00+00:00,1715385600000,2024-05-11T00:00:00+00:00,9.872e-05,80.18723974
2024-05-11 08:00:00+00:00,1715414400000,2024-05-11T08:00:00+00:00,7.434e-05,80.71174637
2024-05-11 16:00:00+00:00,1715443200000,2024-05-11T16:00:00+00:00,0.0001,80.79354651
2024-05-12 00:00:00+00:00,1715472000000,2024-05-12T00:00:00+00:00,0.0001,81.34867825
2024-05-12 08:00:00+00:00,1715500800000,2024-05-12T08:00:00+00:00,7.457e-05,81.31644689
2024-05-12 16:00:00+00:00,1715529600000,2024-05-12T16:00:00+00:00,0.0001,81.97
2024-05-13 00:00:00.001000+00:00,1715558400001,2024-05-13T00:00:00.001000+00:00,0.0001,81.39
2024-05-13 08:00:00.001000+00:00,1715587200001,2024-05-13T08:00:00.001000+00:00,0.0001,81.36
2024-05-13 16:00:00+00:00,1715616000000,2024-05-13T16:00:00+00:00,0.0001,81.75823628
2024-05-14 00:00:00+00:00,1715644800000,2024-05-14T00:00:00+00:00,0.0001,80.59
2024-05-14 08:00:00+00:00,1715673600000,2024-05-14T08:00:00+00:00,5.271e-05,80.9
2024-05-14 16:00:00+00:00,1715702400000,2024-05-14T16:00:00+00:00,7.097e-05,79.63217908
2024-05-15 00:00:00+00:00,1715731200000,2024-05-15T00:00:00+00:00,-1.571e-05,78.74798622
2024-05-15 08:00:00+00:00,1715760000000,2024-05-15T08:00:00+00:00,8.981e-05,78.77307419
2024-05-15 16:00:00+00:00,1715788800000,2024-05-15T16:00:00+00:00,6.862e-05,80.58034566
2024-05-16 00:00:00.004000+00:00,1715817600004,2024-05-16T00:00:00.004000+00:00,0.0001,82.43
2024-05-16 08:00:00+00:00,1715846400000,2024-05-16T08:00:00+00:00,0.0001,82.45406095
2024-05-16 16:00:00+00:00,1715875200000,2024-05-16T16:00:00+00:00,0.0001,82.36939672
2024-05-17 00:00:00+00:00,1715904000000,2024-05-17T00:00:00+00:00,0.0001,82.3984471
2024-05-17 08:00:00+00:00,1715932800000,2024-05-17T08:00:00+00:00,0.0001,83.49
2024-05-17 16:00:00+00:00,1715961600000,2024-05-17T16:00:00+00:00,0.0001,83.86
2024-05-18 00:00:00+00:00,1715990400000,2024-05-18T00:00:00+00:00,0.0001,84.13494531
2024-05-18 08:00:00+00:00,1716019200000,2024-05-18T08:00:00+00:00,0.0001,84.29431693
2024-05-18 16:00:00+00:00,1716048000000,2024-05-18T16:00:00+00:00,0.0001,83.98
2024-05-19 00:00:00+00:00,1716076800000,2024-05-19T00:00:00+00:00,0.0001,83.82
2024-05-19 08:00:00+00:00,1716105600000,2024-05-19T08:00:00+00:00,0.0001,83.84863711
2024-05-19 16:00:00+00:00,1716134400000,2024-05-19T16:00:00+00:00,0.0001,82.86
2024-05-20 00:00:00+00:00,1716163200000,2024-05-20T00:00:00+00:00,0.0001,82.36
2024-05-20 08:00:00+00:00,1716192000000,2024-05-20T08:00:00+00:00,8.802e-05,83.51
2024-05-20 16:00:00.003000+00:00,1716220800003,2024-05-20T16:00:00.003000+00:00,0.0001,83.6
2024-05-21 00:00:00+00:00,1716249600000,2024-05-21T00:00:00+00:00,0.0001,88.66
2024-05-21 08:00:00.001000+00:00,1716278400001,2024-05-21T08:00:00.001000+00:00,0.0001,88.60413361
2024-05-21 16:00:00+00:00,1716307200000,2024-05-21T16:00:00+00:00,0.0001,88.49565754
2024-05-22 00:00:00+00:00,1716336000000,2024-05-22T00:00:00+00:00,0.0001,88.29
2024-05-22 08:00:00+00:00,1716364800000,2024-05-22T08:00:00+00:00,0.0001,87.18
2024-05-22 16:00:00+00:00,1716393600000,2024-05-22T16:00:00+00:00,0.0001,87.39
2024-05-23 00:00:00+00:00,1716422400000,2024-05-23T00:00:00+00:00,0.0001,85.84506423
2024-05-23 08:00:00+00:00,1716451200000,2024-05-23T08:00:00+00:00,0.0001,86.55
2024-05-23 16:00:00+00:00,1716480000000,2024-05-23T16:00:00+00:00,0.0001,85.59
2024-05-24 00:00:00+00:00,1716508800000,2024-05-24T00:00:00+00:00,0.0001,85.49
2024-05-24 08:00:00+00:00,1716537600000,2024-05-24T08:00:00+00:00,0.0001,85.30456528
2024-05-24 16:00:00+00:00,1716566400000,2024-05-24T16:00:00+00:00,0.0001,84.65
2024-05-25 00:00:00+00:00,1716595200000,2024-05-25T00:00:00+00:00,0.0001,85.04
2024-05-25 08:00:00+00:00,1716624000000,2024-05-25T08:00:00+00:00,0.0001,85.48
2024-05-25 16:00:00+00:00,1716652800000,2024-05-25T16:00:00+00:00,0.0001,84.88611736
2024-05-26 00:00:00+00:00,1716681600000,2024-05-26T00:00:00+00:00,0.0001,85.01
2024-05-26 08:00:00+00:00,1716710400000,2024-05-26T08:00:00+00:00,0.0001,84.91
2024-05-26 16:00:00+00:00,1716739200000,2024-05-26T16:00:00+00:00,0.0001,84.17
2024-05-27 00:00:00+00:00,1716768000000,2024-05-27T00:00:00+00:00,0.0001,83.95261697
2024-05-27 08:00:00+00:00,1716796800000,2024-05-27T08:00:00+00:00,0.0001,84.53
2024-05-27 16:00:00+00:00,1716825600000,2024-05-27T16:00:00+00:00,0.0001,86.10949169
2024-05-28 00:00:00+00:00,1716854400000,2024-05-28T00:00:00+00:00,0.0001,85.29342591
2024-05-28 08:00:00+00:00,1716883200000,2024-05-28T08:00:00+00:00,0.0001,83.14
2024-05-28 16:00:00+00:00,1716912000000,2024-05-28T16:00:00+00:00,0.0001,83.01922427
2024-05-29 00:00:00.001000+00:00,1716940800001,2024-05-29T00:00:00.001000+00:00,0.0001,83.47365627
2024-05-29 08:00:00+00:00,1716969600000,2024-05-29T08:00:00+00:00,0.0001,83.46
2024-05-29 16:00:00+00:00,1716998400000,2024-05-29T16:00:00+00:00,0.00012767,83.79777307
2024-05-30 00:00:00+00:00,1717027200000,2024-05-30T00:00:00+00:00,0.00010102,83.63
2024-05-30 08:00:00+00:00,1717056000000,2024-05-30T08:00:00+00:00,0.00013036,82.45
2024-05-30 16:00:00+00:00,1717084800000,2024-05-30T16:00:00+00:00,0.0001,85.31
2024-05-31 00:00:00+00:00,1717113600000,2024-05-31T00:00:00+00:00,0.0001,84.47094173
2024-05-31 08:00:00+00:00,1717142400000,2024-05-31T08:00:00+00:00,0.0001,83.79
2024-05-31 16:00:00+00:00,1717171200000,2024-05-31T16:00:00+00:00,0.0001,82.69
2024-06-01 00:00:00+00:00,1717200000000,2024-06-01T00:00:00+00:00,0.0001,83.25
2024-06-01 08:00:00+00:00,1717228800000,2024-06-01T08:00:00+00:00,0.0001,83.3
2024-06-01 16:00:00.001000+00:00,1717257600001,2024-06-01T16:00:00.001000+00:00,0.00018328,83.54837967
2024-06-02 00:00:00+00:00,1717286400000,2024-06-02T00:00:00+00:00,0.0001,83.52
2024-06-02 08:00:00+00:00,1717315200000,2024-06-02T08:00:00+00:00,0.00015294,82.89
2024-06-02 16:00:00+00:00,1717344000000,2024-06-02T16:00:00+00:00,0.0001,83.13
2024-06-03 00:00:00+00:00,1717372800000,2024-06-03T00:00:00+00:00,0.0001,83.16
2024-06-03 08:00:00+00:00,1717401600000,2024-06-03T08:00:00+00:00,0.00016558,83.86
2024-06-03 16:00:00+00:00,1717430400000,2024-06-03T16:00:00+00:00,0.00013014,83.37969425
2024-06-04 00:00:00+00:00,1717459200000,2024-06-04T00:00:00+00:00,0.0001,82.88
2024-06-04 08:00:00+00:00,1717488000000,2024-06-04T08:00:00+00:00,0.0001,82.06771207
2024-06-04 16:00:00+00:00,1717516800000,2024-06-04T16:00:00+00:00,0.0001,82.75010552
2024-06-05 00:00:00+00:00,1717545600000,2024-06-05T00:00:00+00:00,0.0001,83.69853683
2024-06-05 08:00:00+00:00,1717574400000,2024-06-05T08:00:00+00:00,0.00021008,83.92747274
2024-06-05 16:00:00+00:00,1717603200000,2024-06-05T16:00:00+00:00,0.00016306,84.62
2024-06-06 00:00:00+00:00,1717632000000,2024-06-06T00:00:00+00:00,0.00018662,85.48
2024-06-06 08:00:00.008000+00:00,1717660800008,2024-06-06T08:00:00.008000+00:00,0.00021757,85.05738642
2024-06-06 16:00:00+00:00,1717689600000,2024-06-06T16:00:00+00:00,0.00013844,85.62
2024-06-07 00:00:00+00:00,1717718400000,2024-06-07T00:00:00+00:00,0.0001552,84.25303636
2024-06-07 08:00:00+00:00,1717747200000,2024-06-07T08:00:00+00:00,0.00016982,84.07104787
2024-06-07 16:00:00+00:00,1717776000000,2024-06-07T16:00:00+00:00,0.000148,83.62
2024-06-08 00:00:00+00:00,1717804800000,2024-06-08T00:00:00+00:00,0.0001,80.14
2024-06-08 08:00:00+00:00,1717833600000,2024-06-08T08:00:00+00:00,0.0001,80.18794292
2024-06-08 16:00:00+00:00,1717862400000,2024-06-08T16:00:00+00:00,0.0001,79.45648193
2024-06-09 00:00:00+00:00,1717891200000,2024-06-09T00:00:00+00:00,0.0001,79.96
2024-06-09 08:00:00+00:00,1717920000000,2024-06-09T08:00:00+00:00,0.0001,79.83949911
2024-06-09 16:00:00.001000+00:00,1717948800001,2024-06-09T16:00:00.001000+00:00,0.0001,80.52415695
2024-06-10 00:00:00+00:00,1717977600000,2024-06-10T00:00:00+00:00,0.0001,80.48133905
2024-06-10 08:00:00+00:00,1718006400000,2024-06-10T08:00:00+00:00,0.0001,79.2
2024-06-10 16:00:00.001000+00:00,1718035200001,2024-06-10T16:00:00.001000+00:00,0.0001,80.36392775
2024-06-11 00:00:00.001000+00:00,1718064000001,2024-06-11T00:00:00.001000+00:00,0.0001,79.68357738
2024-06-11 08:00:00+00:00,1718092800000,2024-06-11T08:00:00+00:00,0.0001,78.6261882
2024-06-11 16:00:00+00:00,1718121600000,2024-06-11T16:00:00+00:00,0.0001,76.47
2024-06-12 00:00:00+00:00,1718150400000,2024-06-12T00:00:00+00:00,0.0001,77.29552624
2024-06-12 08:00:00+00:00,1718179200000,2024-06-12T08:00:00+00:00,0.0001,77.4406605
2024-06-12 16:00:00+00:00,1718208000000,2024-06-12T16:00:00+00:00,0.0001,78.6920583
2024-06-13 00:00:00+00:00,1718236800000,2024-06-13T00:00:00+00:00,0.0001,78.49836634
2024-06-13 08:00:00.001000+00:00,1718265600001,2024-06-13T08:00:00.001000+00:00,0.0001,78.47
2024-06-13 16:00:00+00:00,1718294400000,2024-06-13T16:00:00+00:00,0.0001,78.06933669
2024-06-14 00:00:00+00:00,1718323200000,2024-06-14T00:00:00+00:00,0.0001,79.1384924
2024-06-14 08:00:00+00:00,1718352000000,2024-06-14T08:00:00+00:00,0.0001,79.53178705
2024-06-14 16:00:00+00:00,1718380800000,2024-06-14T16:00:00+00:00,0.0001,78.83
2024-06-15 00:00:00+00:00,1718409600000,2024-06-15T00:00:00+00:00,0.0001,77.57141422
2024-06-15 08:00:00+00:00,1718438400000,2024-06-15T08:00:00+00:00,0.0001,78.95
2024-06-15 16:00:00+00:00,1718467200000,2024-06-15T16:00:00+00:00,0.0001,78.49
2024-06-16 00:00:00.001000+00:00,1718496000001,2024-06-16T00:00:00.001000+00:00,0.0001,79.21306431
2024-06-16 08:00:00+00:00,1718524800000,2024-06-16T08:00:00+00:00,0.0001,79.45
2024-06-16 16:00:00+00:00,1718553600000,2024-06-16T16:00:00+00:00,0.0001,79.13
2024-06-17 00:00:00+00:00,1718582400000,2024-06-17T00:00:00+00:00,0.0001,78.96
2024-06-17 08:00:00+00:00,1718611200000,2024-06-17T08:00:00+00:00,0.0001,78.17
2024-06-17 16:00:00+00:00,1718640000000,2024-06-17T16:00:00+00:00,0.0001,76.38
2024-06-18 00:00:00+00:00,1718668800000,2024-06-18T00:00:00+00:00,0.0001,76.56307404
2024-06-18 08:00:00+00:00,1718697600000,2024-06-18T08:00:00+00:00,-3.287e-05,73.32
2024-06-18 16:00:00+00:00,1718726400000,2024-06-18T16:00:00+00:00,-3.884e-05,72.03
2024-06-19 00:00:00.001000+00:00,1718755200001,2024-06-19T00:00:00.001000+00:00,-3.79e-06,72.61248531
2024-06-19 08:00:00.001000+00:00,1718784000001,2024-06-19T08:00:00.001000+00:00,9.106e-05,73.99
2024-06-19 16:00:00+00:00,1718812800000,2024-06-19T16:00:00+00:00,6.244e-05,73.93243203
2024-06-20 00:00:00+00:00,1718841600000,2024-06-20T00:00:00+00:00,0.0001,73.74619855
2024-06-20 08:00:00+00:00,1718870400000,2024-06-20T08:00:00+00:00,0.0001,74.58
2024-06-20 16:00:00+00:00,1718899200000,2024-06-20T16:00:00+00:00,3.06e-05,73.7768125
2024-06-21 00:00:00+00:00,1718928000000,2024-06-21T00:00:00+00:00,-5.214e-05,74.66
2024-06-21 08:00:00+00:00,1718956800000,2024-06-21T08:00:00+00:00,0.0001,73.04958388
2024-06-21 16:00:00+00:00,1718985600000,2024-06-21T16:00:00+00:00,0.0001,73.01
2024-06-22 00:00:00+00:00,1719014400000,2024-06-22T00:00:00+00:00,0.0001,74.13184779
2024-06-22 08:00:00+00:00,1719043200000,2024-06-22T08:00:00+00:00,0.0001,74.05728701
2024-06-22 16:00:00+00:00,1719072000000,2024-06-22T16:00:00+00:00,0.0001,74.15
2024-06-23 00:00:00+00:00,1719100800000,2024-06-23T00:00:00+00:00,0.0001,74.58
2024-06-23 08:00:00+00:00,1719129600000,2024-06-23T08:00:00+00:00,0.0001,74.50016549
2024-06-23 16:00:00+00:00,1719158400000,2024-06-23T16:00:00+00:00,0.0001,74.84
2024-06-24 00:00:00.002000+00:00,1719187200002,2024-06-24T00:00:00.002000+00:00,0.0001,73.35
2024-06-24 08:00:00+00:00,1719216000000,2024-06-24T08:00:00+00:00,0.0001,71.36
2024-06-24 16:00:00+00:00,1719244800000,2024-06-24T16:00:00+00:00,5.41e-05,68.81
2024-06-25 00:00:00+00:00,1719273600000,2024-06-25T00:00:00+00:00,-3.35e-05,69.64972247
2024-06-25 08:00:00+00:00,1719302400000,2024-06-25T08:00:00+00:00,9.115e-05,70.55296448
2024-06-25 16:00:00+00:00,1719331200000,2024-06-25T16:00:00+00:00,9.646e-05,71.3
2024-06-26 00:00:00.002000+00:00,1719360000002,2024-06-26T00:00:00.002000+00:00,8.082e-05,71.32
2024-06-26 08:00:00+00:00,1719388800000,2024-06-26T08:00:00+00:00,0.0001,71.29
2024-06-26 16:00:00+00:00,1719417600000,2024-06-26T16:00:00+00:00,0.0001,71.31918019
2024-06-27 00:00:00+00:00,1719446400000,2024-06-27T00:00:00+00:00,9.991e-05,70.97
2024-06-27 08:00:00.001000+00:00,1719475200001,2024-06-27T08:00:00.001000+00:00,0.0001,70.70132882
2024-06-27 16:00:00+00:00,1719504000000,2024-06-27T16:00:00+00:00,0.0001,72.15905076
2024-06-28 00:00:00+00:00,1719532800000,2024-06-28T00:00:00+00:00,0.0001,73.24042196
2024-06-28 08:00:00+00:00,1719561600000,2024-06-28T08:00:00+00:00,0.0001,72.91
2024-06-28 16:00:00+00:00,1719590400000,2024-06-28T16:00:00+00:00,0.0001,72.87928849
2024-06-29 00:00:00.001000+00:00,1719619200001,2024-06-29T00:00:00.001000+00:00,0.0001,72.87
2024-06-29 08:00:00+00:00,1719648000000,2024-06-29T08:00:00+00:00,9.517e-05,74.1
2024-06-29 16:00:00+00:00,1719676800000,2024-06-29T16:00:00+00:00,6.011e-05,74.69
2024-06-30 00:00:00+00:00,1719705600000,2024-06-30T00:00:00+00:00,3.034e-05,74.90720661
2024-06-30 08:00:00+00:00,1719734400000,2024-06-30T08:00:00+00:00,-3.937e-05,75.50816296
2024-06-30 16:00:00+00:00,1719763200000,2024-06-30T16:00:00+00:00,8.511e-05,74.7
2024-07-01 00:00:00+00:00,1719792000000,2024-07-01T00:00:00+00:00,0.0001,75.27
2024-07-01 08:00:00+00:00,1719820800000,2024-07-01T08:00:00+00:00,0.0001,75.21
2024-07-01 16:00:00.001000+00:00,1719849600001,2024-07-01T16:00:00.001000+00:00,0.0001,74.67
2024-07-02 00:00:00+00:00,1719878400000,2024-07-02T00:00:00+00:00,0.0001,74.37
2024-07-02 08:00:00+00:00,1719907200000,2024-07-02T08:00:00+00:00,0.0001,75.25
2024-07-02 16:00:00+00:00,1719936000000,2024-07-02T16:00:00+00:00,0.0001,74.89
2024-07-03 00:00:00+00:00,1719964800000,2024-07-03T00:00:00+00:00,0.0001,76.01622725
2024-07-03 08:00:00.001000+00:00,1719993600001,2024-07-03T08:00:00.001000+00:00,0.0001,74.82854495
2024-07-03 16:00:00+00:00,1720022400000,2024-07-03T16:00:00+00:00,0.0001,74.39
2024-07-04 00:00:00+00:00,1720051200000,2024-07-04T00:00:00+00:00,0.0001,72.12526988
2024-07-04 08:00:00+00:00,1720080000000,2024-07-04T08:00:00+00:00,8.322e-05,69.43388983
2024-07-04 16:00:00+00:00,1720108800000,2024-07-04T16:00:00+00:00,7.724e-05,68.96
2024-07-05 00:00:00+00:00,1720137600000,2024-07-05T00:00:00+00:00,6.11e-05,65.37
2024-07-05 08:00:00+00:00,1720166400000,2024-07-05T08:00:00+00:00,-9.79e-05,58.67
2024-07-05 16:00:00+00:00,1720195200000,2024-07-05T16:00:00+00:00,-1.47e-06,61.1
2024-07-06 00:00:00+00:00,1720224000000,2024-07-06T00:00:00+00:00,-3.415e-05,61.8
2024-07-06 08:00:00+00:00,1720252800000,2024-07-06T08:00:00+00:00,-5.333e-05,62.45581628
2024-07-06 16:00:00+00:00,1720281600000,2024-07-06T16:00:00+00:00,2e-06,64.40750338
2024-07-07 00:00:00.001000+00:00,1720310400001,2024-07-07T00:00:00.001000+00:00,3.45e-05,65.37037637
2024-07-07 08:00:00+00:00,1720339200000,2024-07-07T08:00:00+00:00,8.823e-05,64.34
2024-07-07 16:00:00+00:00,1720368000000,2024-07-07T16:00:00+00:00,6.837e-05,63.43
2024-07-08 00:00:00+00:00,1720396800000,2024-07-08T00:00:00+00:00,-7.8e-07,62.02
2024-07-08 08:00:00+00:00,1720425600000,2024-07-08T08:00:00+00:00,6.795e-05,62.85466828
2024-07-08 16:00:00+00:00,1720454400000,2024-07-08T16:00:00+00:00,3.977e-05,64.25415175
2024-07-09 00:00:00+00:00,1720483200000,2024-07-09T00:00:00+00:00,4.282e-05,64.89
2024-07-09 08:00:00.001000+00:00,1720512000001,2024-07-09T08:00:00.001000+00:00,-5.329e-05,65.13
2024-07-09 16:00:00+00:00,1720540800000,2024-07-09T16:00:00+00:00,2.78e-05,65.88
2024-07-10 00:00:00+00:00,1720569600000,2024-07-10T00:00:00+00:00,9.102e-05,65.27107682
2024-07-10 08:00:00+00:00,1720598400000,2024-07-10T08:00:00+00:00,1.312e-05,65.7495512
2024-07-10 16:00:00+00:00,1720627200000,2024-07-10T16:00:00+00:00,3.678e-05,66.70305859
2024-07-11 00:00:00.002000+00:00,1720656000002,2024-07-11T00:00:00.002000+00:00,7.949e-05,66.92351474
2024-07-11 08:00:00.002000+00:00,1720684800002,2024-07-11T08:00:00.002000+00:00,6.37e-05,67.77435488
2024-07-11 16:00:00.004000+00:00,1720713600004,2024-07-11T16:00:00.004000+00:00,4.014e-05,68.0403193
2024-07-12 00:00:00+00:00,1720742400000,2024-07-12T00:00:00+00:00,7.714e-05,67.32
2024-07-12 08:00:00+00:00,1720771200000,2024-07-12T08:00:00+00:00,-6.49e-06,68.92726159
2024-07-12 16:00:00+00:00,1720800000000,2024-07-12T16:00:00+00:00,1.55e-05,68.81828438
2024-07-13 00:00:00+00:00,1720828800000,2024-07-13T00:00:00+00:00,3.879e-05,69.22
2024-07-13 08:00:00+00:00,1720857600000,2024-07-13T08:00:00+00:00,7.145e-05,70.36148701
2024-07-13 16:00:00+00:00,1720886400000,2024-07-13T16:00:00+00:00,-5.11e-06,70.13445183
2024-07-14 00:00:00+00:00,1720915200000,2024-07-14T00:00:00+00:00,5.691e-05,69.78
2024-07-14 08:00:00+00:00,1720944000000,2024-07-14T08:00:00+00:00,-1.229e-05,70.24
2024-07-14 16:00:00+00:00,1720972800000,2024-07-14T16:00:00+00:00,2.171e-05,69.42145824
2024-07-15 00:00:00+00:00,1721001600000,2024-07-15T00:00:00+00:00,2.305e-05,69.88025834
2024-07-15 08:00:00+00:00,1721030400000,2024-07-15T08:00:00+00:00,4.008e-05,70.28785182
2024-07-15 16:00:00+00:00,1721059200000,2024-07-15T16:00:00+00:00,-8.096e-05,70.20799151
2024-07-16 00:00:00+00:00,1721088000000,2024-07-16T00:00:00+00:00,4.503e-05,72.26773489
2024-07-16 08:00:00+00:00,1721116800000,2024-07-16T08:00:00+00:00,5.515e-05,71.22
2024-07-16 16:00:00+00:00,1721145600000,2024-07-16T16:00:00+00:00,5.513e-05,73.76049639
2024-07-17 00:00:00+00:00,1721174400000,2024-07-17T00:00:00+00:00,-8.99e-06,73.17
2024-07-17 08:00:00.001000+00:00,1721203200001,2024-07-17T08:00:00.001000+00:00,0.0001,73.07699525
2024-07-17 16:00:00+00:00,1721232000000,2024-07-17T16:00:00+00:00,2.087e-05,72.03184295
2024-07-18 00:00:00+00:00,1721260800000,2024-07-18T00:00:00+00:00,6.884e-05,71.32130464
2024-07-18 08:00:00+00:00,1721289600000,2024-07-18T08:00:00+00:00,6.173e-05,71.84465241
2024-07-18 16:00:00+00:00,1721318400000,2024-07-18T16:00:00+00:00,0.0001,71.26
2024-07-19 00:00:00+00:00,1721347200000,2024-07-19T00:00:00+00:00,9.808e-05,71.58947338
2024-07-19 08:00:00+00:00,1721376000000,2024-07-19T08:00:00+00:00,2.606e-05,70.79467199
2024-07-19 16:00:00+00:00,1721404800000,2024-07-19T16:00:00+00:00,6.759e-05,71.96
2024-07-20 00:00:00.001000+00:00,1721433600001,2024-07-20T00:00:00.001000+00:00,-4.716e-05,73.36373581
2024-07-20 08:00:00+00:00,1721462400000,2024-07-20T08:00:00+00:00,0.0001,73.26479017
2024-07-20 16:00:00+00:00,1721491200000,2024-07-20T16:00:00+00:00,-4.34e-05,73.47
2024-07-21 00:00:00+00:00,1721520000000,2024-07-21T00:00:00+00:00,5.958e-05,72.99189726
2024-07-21 08:00:00+00:00,1721548800000,2024-07-21T08:00:00+00:00,-3.39e-05,72.73
2024-07-21 16:00:00+00:00,1721577600000,2024-07-21T16:00:00+00:00,-7.573e-05,73.35
2024-07-22 00:00:00+00:00,1721606400000,2024-07-22T00:00:00+00:00,0.0001,73.95
2024-07-22 08:00:00+00:00,1721635200000,2024-07-22T08:00:00+00:00,7.308e-05,74.18
2024-07-22 16:00:00+00:00,1721664000000,2024-07-22T16:00:00+00:00,0.0001,71.97
2024-07-23 00:00:00+00:00,1721692800000,2024-07-23T00:00:00+00:00,6.414e-05,71.20180024
2024-07-23 08:00:00+00:00,1721721600000,2024-07-23T08:00:00+00:00,-1.04e-06,71.22
2024-07-23 16:00:00+00:00,1721750400000,2024-07-23T16:00:00+00:00,5.777e-05,72.29217591
2024-07-24 00:00:00+00:00,1721779200000,2024-07-24T00:00:00+00:00,7.822e-05,72.86
2024-07-24 08:00:00+00:00,1721808000000,2024-07-24T08:00:00+00:00,2.543e-05,72.89138423
2024-07-24 16:00:00+00:00,1721836800000,2024-07-24T16:00:00+00:00,0.0001,73.08
2024-07-25 00:00:00+00:00,1721865600000,2024-07-25T00:00:00+00:00,9.89e-05,71.25
2024-07-25 08:00:00+00:00,1721894400000,2024-07-25T08:00:00+00:00,3.635e-05,69.03319787
2024-07-25 16:00:00+00:00,1721923200000,2024-07-25T16:00:00+00:00,2.823e-05,68.44
2024-07-26 00:00:00+00:00,1721952000000,2024-07-26T00:00:00+00:00,8.518e-05,68.77
2024-07-26 08:00:00+00:00,1721980800000,2024-07-26T08:00:00+00:00,4.36e-05,71.03475945
2024-07-26 16:00:00+00:00,1722009600000,2024-07-26T16:00:00+00:00,0.0001,71.36
2024-07-27 00:00:00+00:00,1722038400000,2024-07-27T00:00:00+00:00,0.0001,71.28393324
2024-07-27 08:00:00+00:00,1722067200000,2024-07-27T08:00:00+00:00,0.0001,71.4293296
2024-07-27 16:00:00+00:00,1722096000000,2024-07-27T16:00:00+00:00,0.0001,71.67777495
2024-07-28 00:00:00+00:00,1722124800000,2024-07-28T00:00:00+00:00,0.0001,71.3
2024-07-28 08:00:00+00:00,1722153600000,2024-07-28T08:00:00+00:00,0.0001,71.1137787
2024-07-28 16:00:00.001000+00:00,1722182400001,2024-07-28T16:00:00.001000+00:00,8.749e-05,70.78605339
2024-07-29 00:00:00.001000+00:00,1722211200001,2024-07-29T00:00:00.001000+00:00,0.0001,71.04
2024-07-29 08:00:00+00:00,1722240000000,2024-07-29T08:00:00+00:00,3.874e-05,74.90220073
2024-07-29 16:00:00.001000+00:00,1722268800001,2024-07-29T16:00:00.001000+00:00,0.0001,74.53687787
2024-07-30 00:00:00+00:00,1722297600000,2024-07-30T00:00:00+00:00,0.0001,73.6719918
2024-07-30 08:00:00.001000+00:00,1722326400001,2024-07-30T08:00:00.001000+00:00,5.933e-05,73.90754913
2024-07-30 16:00:00+00:00,1722355200000,2024-07-30T16:00:00+00:00,0.0001,73.22423625
2024-07-31 00:00:00+00:00,1722384000000,2024-07-31T00:00:00+00:00,0.0001,71.66955118
2024-07-31 08:00:00+00:00,1722412800000,2024-07-31T08:00:00+00:00,0.0001,71.95019889
2024-07-31 16:00:00+00:00,1722441600000,2024-07-31T16:00:00+00:00,8.868e-05,71.29504269
2024-08-01 00:00:00+00:00,1722470400000,2024-08-01T00:00:00+00:00,9.86e-05,70.10385061
2024-08-01 08:00:00+00:00,1722499200000,2024-08-01T08:00:00+00:00,2.173e-05,69.87718425
2024-08-01 16:00:00+00:00,1722528000000,2024-08-01T16:00:00+00:00,8.101e-05,68.33
2024-08-02 00:00:00+00:00,1722556800000,2024-08-02T00:00:00+00:00,3.857e-05,69.54
2024-08-02 08:00:00.001000+00:00,1722585600001,2024-08-02T08:00:00.001000+00:00,3.152e-05,68.18428599
2024-08-02 16:00:00+00:00,1722614400000,2024-08-02T16:00:00+00:00,0.0001,65.52032489
2024-08-03 00:00:00+00:00,1722643200000,2024-08-03T00:00:00+00:00,8.603e-05,65.04611223
2024-08-03 08:00:00+00:00,1722672000000,2024-08-03T08:00:00+00:00,0.0001,65.66186835
2024-08-03 16:00:00.001000+00:00,1722700800001,2024-08-03T16:00:00.001000+00:00,3.017e-05,64.83306336
2024-08-04 00:00:00+00:00,1722729600000,2024-08-04T00:00:00+00:00,5.579e-05,64.62
2024-08-04 08:00:00+00:00,1722758400000,2024-08-04T08:00:00+00:00,5.82e-06,64.45065585
2024-08-04 16:00:00+00:00,1722787200000,2024-08-04T16:00:00+00:00,2.413e-05,62.98
2024-08-05 00:00:00+00:00,1722816000000,2024-08-05T00:00:00+00:00,7.163e-05,62.43322565
2024-08-05 08:00:00+00:00,1722844800000,2024-08-05T08:00:00+00:00,3.919e-05,54.20012571
2024-08-05 16:00:00+00:00,1722873600000,2024-08-05T16:00:00+00:00,5.394e-05,56.76
2024-08-06 00:00:00+00:00,1722902400000,2024-08-06T00:00:00+00:00,-2.51e-06,56.03
2024-08-06 08:00:00+00:00,1722931200000,2024-08-06T08:00:00+00:00,2.183e-05,58.58738532
2024-08-06 16:00:00+00:00,1722960000000,2024-08-06T16:00:00+00:00,-3.829e-05,58.69929103
2024-08-07 00:00:00+00:00,1722988800000,2024-08-07T00:00:00+00:00,6.069e-05,58.22892566
2024-08-07 08:00:00.001000+00:00,1723017600001,2024-08-07T08:00:00.001000+00:00,1.563e-05,58.57137707
2024-08-07 16:00:00+00:00,1723046400000,2024-08-07T16:00:00+00:00,1.695e-05,57.03
2024-08-08 00:00:00.001000+00:00,1723075200001,2024-08-08T00:00:00.001000+00:00,5.4e-05,55.96
2024-08-08 08:00:00+00:00,1723104000000,2024-08-08T08:00:00+00:00,-3.926e-05,58.1
2024-08-08 16:00:00+00:00,1723132800000,2024-08-08T16:00:00+00:00,-5.594e-05,59.42
2024-08-09 00:00:00+00:00,1723161600000,2024-08-09T00:00:00+00:00,7.697e-05,61.15308307
2024-08-09 08:00:00+00:00,1723190400000,2024-08-09T08:00:00+00:00,-5.777e-05,60.62174627
2024-08-09 16:00:00+00:00,1723219200000,2024-08-09T16:00:00+00:00,6.59e-05,59.65
2024-08-10 00:00:00+00:00,1723248000000,2024-08-10T00:00:00+00:00,0.0001,60.67476475
2024-08-10 08:00:00+00:00,1723276800000,2024-08-10T08:00:00+00:00,7.331e-05,60.75894241
2024-08-10 16:00:00+00:00,1723305600000,2024-08-10T16:00:00+00:00,5.223e-05,60.93349684
2024-08-11 00:00:00+00:00,1723334400000,2024-08-11T00:00:00+00:00,0.0001,61.14
2024-08-11 08:00:00+00:00,1723363200000,2024-08-11T08:00:00+00:00,1.757e-05,61.62353772
2024-08-11 16:00:00.001000+00:00,1723392000001,2024-08-11T16:00:00.001000+00:00,0.0001,60.11
2024-08-12 00:00:00+00:00,1723420800000,2024-08-12T00:00:00+00:00,0.0001,59.7
2024-08-12 08:00:00+00:00,1723449600000,2024-08-12T08:00:00+00:00,8.346e-05,60.54658358
2024-08-12 16:00:00+00:00,1723478400000,2024-08-12T16:00:00+00:00,6.453e-05,61.38302279
2024-08-13 00:00:00+00:00,1723507200000,2024-08-13T00:00:00+00:00,0.0001,61.46300174
2024-08-13 08:00:00+00:00,1723536000000,2024-08-13T08:00:00+00:00,1.085e-05,61.89
2024-08-13 16:00:00+00:00,1723564800000,2024-08-13T16:00:00+00:00,5.265e-05,62.95
2024-08-14 00:00:00+00:00,1723593600000,2024-08-14T00:00:00+00:00,7.234e-05,63.38402658
2024-08-14 08:00:00+00:00,1723622400000,2024-08-14T08:00:00+00:00,1.479e-05,63.54206703
2024-08-14 16:00:00+00:00,1723651200000,2024-08-14T16:00:00+00:00,4.42e-05,64.10797074
2024-08-15 00:00:00+00:00,1723680000000,2024-08-15T00:00:00+00:00,5.745e-05,64.03
2024-08-15 08:00:00+00:00,1723708800000,2024-08-15T08:00:00+00:00,0.0001,63.95
2024-08-15 16:00:00+00:00,1723737600000,2024-08-15T16:00:00+00:00,2.641e-05,65.91
2024-08-16 00:00:00+00:00,1723766400000,2024-08-16T00:00:00+00:00,4.278e-05,65.3
2024-08-16 08:00:00+00:00,1723795200000,2024-08-16T08:00:00+00:00,1.742e-05,65.40524166
2024-08-16 16:00:00+00:00,1723824000000,2024-08-16T16:00:00+00:00,2.066e-05,65.68414677
2024-08-17 00:00:00+00:00,1723852800000,2024-08-17T00:00:00+00:00,9.626e-05,66.47
2024-08-17 08:00:00+00:00,1723881600000,2024-08-17T08:00:00+00:00,7.42e-05,66.55057129
2024-08-17 16:00:00+00:00,1723910400000,2024-08-17T16:00:00+00:00,8.07e-06,67.35
2024-08-18 00:00:00+00:00,1723939200000,2024-08-18T00:00:00+00:00,1.046e-05,67.55
2024-08-18 08:00:00+00:00,1723968000000,2024-08-18T08:00:00+00:00,7.36e-06,67.3
2024-08-18 16:00:00+00:00,1723996800000,2024-08-18T16:00:00+00:00,3.09e-06,66.94
2024-08-19 00:00:00+00:00,1724025600000,2024-08-19T00:00:00+00:00,6.158e-05,66.31
2024-08-19 08:00:00+00:00,1724054400000,2024-08-19T08:00:00+00:00,6.298e-05,66.57
2024-08-19 16:00:00.002000+00:00,1724083200002,2024-08-19T16:00:00.002000+00:00,7.259e-05,66.31647637
2024-08-20 00:00:00+00:00,1724112000000,2024-08-20T00:00:00+00:00,7.216e-05,66.28220116
2024-08-20 08:00:00+00:00,1724140800000,2024-08-20T08:00:00+00:00,2.422e-05,67.14665238
2024-08-20 16:00:00.001000+00:00,1724169600001,2024-08-20T16:00:00.001000+00:00,4.443e-05,63.63292596
2024-08-21 00:00:00.001000+00:00,1724198400001,2024-08-21T00:00:00.001000+00:00,3.644e-05,64.38917573
2024-08-21 08:00:00+00:00,1724227200000,2024-08-21T08:00:00+00:00,7.906e-05,63.4617517
2024-08-21 16:00:00.001000+00:00,1724256000001,2024-08-21T16:00:00.001000+00:00,-8.01e-06,62.54137831
2024-08-22 00:00:00+00:00,1724284800000,2024-08-22T00:00:00+00:00,-2.263e-05,64.27026555
2024-08-22 08:00:00+00:00,1724313600000,2024-08-22T08:00:00+00:00,6.929e-05,63.37739404
2024-08-22 16:00:00.008000+00:00,1724342400008,2024-08-22T16:00:00.008000+00:00,5.263e-05,63.01
2024-08-23 00:00:00+00:00,1724371200000,2024-08-23T00:00:00+00:00,-3.333e-05,63.74040489
2024-08-23 08:00:00+00:00,1724400000000,2024-08-23T08:00:00+00:00,5.199e-05,64.07
2024-08-23 16:00:00+00:00,1724428800000,2024-08-23T16:00:00+00:00,7.423e-05,64.74077229
2024-08-24 00:00:00+00:00,1724457600000,2024-08-24T00:00:00+00:00,6.493e-05,66.07506951
2024-08-24 08:00:00.005000+00:00,1724486400005,2024-08-24T08:00:00.005000+00:00,3.794e-05,66.48336785
2024-08-24 16:00:00+00:00,1724515200000,2024-08-24T16:00:00+00:00,6.847e-05,67.26
2024-08-25 00:00:00+00:00,1724544000000,2024-08-25T00:00:00+00:00,0.0001,66.55
2024-08-25 08:00:00+00:00,1724572800000,2024-08-25T08:00:00+00:00,4.484e-05,64.70942194
2024-08-25 16:00:00+00:00,1724601600000,2024-08-25T16:00:00+00:00,6.233e-05,65.23
2024-08-26 00:00:00+00:00,1724630400000,2024-08-26T00:00:00+00:00,-1.226e-05,64.77988792
2024-08-26 08:00:00.001000+00:00,1724659200001,2024-08-26T08:00:00.001000+00:00,8.45e-06,64.02709121
2024-08-26 16:00:00+00:00,1724688000000,2024-08-26T16:00:00+00:00,3.277e-05,64.28378362
2024-08-27 00:00:00.001000+00:00,1724716800001,2024-08-27T00:00:00.001000+00:00,4.811e-05,62.9863918
2024-08-27 08:00:00+00:00,1724745600000,2024-08-27T08:00:00+00:00,3.419e-05,63.26107453
2024-08-27 16:00:00+00:00,1724774400000,2024-08-27T16:00:00+00:00,7.411e-05,62.92619094
2024-08-28 00:00:00+00:00,1724803200000,2024-08-28T00:00:00+00:00,-6.216e-05,60.34816572
2024-08-28 08:00:00+00:00,1724832000000,2024-08-28T08:00:00+00:00,-3.199e-05,60.02
2024-08-28 16:00:00.001000+00:00,1724860800001,2024-08-28T16:00:00.001000+00:00,8.08e-05,60.79
2024-08-29 00:00:00+00:00,1724889600000,2024-08-29T00:00:00+00:00,-1.82e-06,61.79
2024-08-29 08:00:00.001000+00:00,1724918400001,2024-08-29T08:00:00.001000+00:00,-2.994e-05,62.46
2024-08-29 16:00:00+00:00,1724947200000,2024-08-29T16:00:00+00:00,7.045e-05,63.37045521
2024-08-30 00:00:00+00:00,1724976000000,2024-08-30T00:00:00+00:00,1.855e-05,62.43
2024-08-30 08:00:00+00:00,1725004800000,2024-08-30T08:00:00+00:00,4.287e-05,63.94528578
2024-08-30 16:00:00+00:00,1725033600000,2024-08-30T16:00:00+00:00,4.191e-05,61.74444867
2024-08-31 00:00:00+00:00,1725062400000,2024-08-31T00:00:00+00:00,-1.52e-06,64.91
2024-08-31 08:00:00+00:00,1725091200000,2024-08-31T08:00:00+00:00,4.855e-05,65.63
2024-08-31 16:00:00+00:00,1725120000000,2024-08-31T16:00:00+00:00,0.0001,65.48
2024-09-01 00:00:00+00:00,1725148800000,2024-09-01T00:00:00+00:00,6.578e-05,64.94
2024-09-01 08:00:00.001000+00:00,1725177600001,2024-09-01T08:00:00.001000+00:00,9.457e-05,64.35
2024-09-01 16:00:00+00:00,1725206400000,2024-09-01T16:00:00+00:00,4.473e-05,64.33178569
2024-09-02 00:00:00.001000+00:00,1725235200001,2024-09-02T00:00:00.001000+00:00,1.693e-05,63.54993634
2024-09-02 08:00:00.001000+00:00,1725264000001,2024-09-02T08:00:00.001000+00:00,0.0001,62.83
2024-09-02 16:00:00+00:00,1725292800000,2024-09-02T16:00:00+00:00,-4.484e-05,64.28122831
2024-09-03 00:00:00+00:00,1725321600000,2024-09-03T00:00:00+00:00,8.869e-05,65.33739102
2024-09-03 08:00:00.001000+00:00,1725350400001,2024-09-03T08:00:00.001000+00:00,4.24e-05,66.04292079
2024-09-03 16:00:00+00:00,1725379200000,2024-09-03T16:00:00+00:00,5.565e-05,64.84
2024-09-04 00:00:00+00:00,1725408000000,2024-09-04T00:00:00+00:00,5.105e-05,64.33
2024-09-04 08:00:00+00:00,1725436800000,2024-09-04T08:00:00+00:00,3.793e-05,65.37241692
2024-09-04 16:00:00+00:00,1725465600000,2024-09-04T16:00:00+00:00,2.429e-05,65.75013248
2024-09-05 00:00:00+00:00,1725494400000,2024-09-05T00:00:00+00:00,8.727e-05,65.37382703
2024-09-05 08:00:00+00:00,1725523200000,2024-09-05T08:00:00+00:00,6.401e-05,68.24
2024-09-05 16:00:00.005000+00:00,1725552000005,2024-09-05T16:00:00.005000+00:00,5.23e-05,65.17705673
2024-09-06 00:00:00+00:00,1725580800000,2024-09-06T00:00:00+00:00,1.595e-05,66.03283146
2024-09-06 08:00:00.001000+00:00,1725609600001,2024-09-06T08:00:00.001000+00:00,6.306e-05,65.162831
2024-09-06 16:00:00+00:00,1725638400000,2024-09-06T16:00:00+00:00,7.93e-06,63.92646501
2024-09-07 00:00:00+00:00,1725667200000,2024-09-07T00:00:00+00:00,-2.117e-05,62.98031015
2024-09-07 08:00:00+00:00,1725696000000,2024-09-07T08:00:00+00:00,3.504e-05,63.85739708
2024-09-07 16:00:00+00:00,1725724800000,2024-09-07T16:00:00+00:00,4.06e-05,62.94
2024-09-08 00:00:00+00:00,1725753600000,2024-09-08T00:00:00+00:00,-7.593e-05,62.03643883
2024-09-08 08:00:00+00:00,1725782400000,2024-09-08T08:00:00+00:00,3.194e-05,62.06
2024-09-08 16:00:00+00:00,1725811200000,2024-09-08T16:00:00+00:00,-7.7e-06,60.58
2024-09-09 00:00:00+00:00,1725840000000,2024-09-09T00:00:00+00:00,-1.101e-05,60.89
2024-09-09 08:00:00+00:00,1725868800000,2024-09-09T08:00:00+00:00,-4.361e-05,60.66116436
2024-09-09 16:00:00.001000+00:00,1725897600001,2024-09-09T16:00:00.001000+00:00,-2.41e-05,60.07
2024-09-10 00:00:00+00:00,1725926400000,2024-09-10T00:00:00+00:00,2.02e-05,61.3809944
2024-09-10 08:00:00+00:00,1725955200000,2024-09-10T08:00:00+00:00,1.161e-05,61.12212792
2024-09-10 16:00:00+00:00,1725984000000,2024-09-10T16:00:00+00:00,-3.87e-06,60.63496533
2024-09-11 00:00:00+00:00,1726012800000,2024-09-11T00:00:00+00:00,5.337e-05,61.497326
2024-09-11 08:00:00+00:00,1726041600000,2024-09-11T08:00:00+00:00,5.806e-05,61.45243751
2024-09-11 16:00:00+00:00,1726070400000,2024-09-11T16:00:00+00:00,-2.595e-05,61.39
2024-09-12 00:00:00+00:00,1726099200000,2024-09-12T00:00:00+00:00,4.05e-06,62.15
2024-09-12 08:00:00+00:00,1726128000000,2024-09-12T08:00:00+00:00,2.149e-05,61.97127794
2024-09-12 16:00:00+00:00,1726156800000,2024-09-12T16:00:00+00:00,-4.024e-05,62.16
2024-09-13 00:00:00+00:00,1726185600000,2024-09-13T00:00:00+00:00,2.911e-05,62.80146728
2024-09-13 08:00:00.001000+00:00,1726214400001,2024-09-13T08:00:00.001000+00:00,2.4e-05,63.03
2024-09-13 16:00:00.001000+00:00,1726243200001,2024-09-13T16:00:00.001000+00:00,1.749e-05,64.89330629
2024-09-14 00:00:00+00:00,1726272000000,2024-09-14T00:00:00+00:00,2.023e-05,64.88
2024-09-14 08:00:00+00:00,1726300800000,2024-09-14T08:00:00+00:00,2.333e-05,65.32
2024-09-14 16:00:00.001000+00:00,1726329600001,2024-09-14T16:00:00.001000+00:00,4.075e-05,66.52
2024-09-15 00:00:00+00:00,1726358400000,2024-09-15T00:00:00+00:00,8.839e-05,65.88
2024-09-15 08:00:00+00:00,1726387200000,2024-09-15T08:00:00+00:00,1.63e-06,65.1545864
2024-09-15 16:00:00+00:00,1726416000000,2024-09-15T16:00:00+00:00,1.734e-05,64.47
2024-09-16 00:00:00+00:00,1726444800000,2024-09-16T00:00:00+00:00,1.907e-05,63.21199766
2024-09-16 08:00:00.001000+00:00,1726473600001,2024-09-16T08:00:00.001000+00:00,-3.36e-06,63.24677342
2024-09-16 16:00:00+00:00,1726502400000,2024-09-16T16:00:00+00:00,2.528e-05,62.74
2024-09-17 00:00:00.001000+00:00,1726531200001,2024-09-17T00:00:00.001000+00:00,2.753e-05,62.58
2024-09-17 08:00:00+00:00,1726560000000,2024-09-17T08:00:00+00:00,-1.455e-05,63.21
2024-09-17 16:00:00+00:00,1726588800000,2024-09-17T16:00:00+00:00,-7.11e-05,63.82747071
2024-09-18 00:00:00+00:00,1726617600000,2024-09-18T00:00:00+00:00,-2.737e-05,63.73619478
2024-09-18 08:00:00+00:00,1726646400000,2024-09-18T08:00:00+00:00,-6.78e-06,64.09
2024-09-18 16:00:00.004000+00:00,1726675200004,2024-09-18T16:00:00.004000+00:00,3.345e-05,62.62465433
2024-09-19 00:00:00+00:00,1726704000000,2024-09-19T00:00:00+00:00,6.997e-05,64.81
2024-09-19 08:00:00+00:00,1726732800000,2024-09-19T08:00:00+00:00,4.471e-05,65.23396179
2024-09-19 16:00:00.001000+00:00,1726761600001,2024-09-19T16:00:00.001000+00:00,8.15e-05,65.30682488
2024-09-20 00:00:00+00:00,1726790400000,2024-09-20T00:00:00+00:00,0.0001,65.38
2024-09-20 08:00:00.001000+00:00,1726819200001,2024-09-20T08:00:00.001000+00:00,7.963e-05,66.21
2024-09-20 16:00:00+00:00,1726848000000,2024-09-20T16:00:00+00:00,0.0001,64.92519514
2024-09-21 00:00:00.001000+00:00,1726876800001,2024-09-21T00:00:00.001000+00:00,7.57e-05,65.29644823
2024-09-21 08:00:00+00:00,1726905600000,2024-09-21T08:00:00+00:00,0.0001,65.68013437
2024-09-21 16:00:00+00:00,1726934400000,2024-09-21T16:00:00+00:00,2.772e-05,66.6148054
2024-09-22 00:00:00+00:00,1726963200000,2024-09-22T00:00:00+00:00,0.0001,66.81354223
2024-09-22 08:00:00+00:00,1726992000000,2024-09-22T08:00:00+00:00,-4.59e-06,67.12
2024-09-22 16:00:00+00:00,1727020800000,2024-09-22T16:00:00+00:00,0.0001,66.82
2024-09-23 00:00:00+00:00,1727049600000,2024-09-23T00:00:00+00:00,7.699e-05,68.67552447
2024-09-23 08:00:00+00:00,1727078400000,2024-09-23T08:00:00+00:00,8.916e-05,67.66250239
2024-09-23 16:00:00+00:00,1727107200000,2024-09-23T16:00:00+00:00,5.189e-05,67.76013551
2024-09-24 00:00:00+00:00,1727136000000,2024-09-24T00:00:00+00:00,0.0001,66.94059946
2024-09-24 08:00:00+00:00,1727164800000,2024-09-24T08:00:00+00:00,0.0001,66.72
2024-09-24 16:00:00.001000+00:00,1727193600001,2024-09-24T16:00:00.001000+00:00,4.424e-05,65.72096581
2024-09-25 00:00:00+00:00,1727222400000,2024-09-25T00:00:00+00:00,3.104e-05,66.66
2024-09-25 08:00:00.003000+00:00,1727251200003,2024-09-25T08:00:00.003000+00:00,9.26e-06,66.21
2024-09-25 16:00:00+00:00,1727280000000,2024-09-25T16:00:00+00:00,6.374e-05,67.32489017
2024-09-26 00:00:00.005000+00:00,1727308800005,2024-09-26T00:00:00.005000+00:00,0.0001,66.53566117
2024-09-26 08:00:00+00:00,1727337600000,2024-09-26T08:00:00+00:00,0.0001,67.49
2024-09-26 16:00:00+00:00,1727366400000,2024-09-26T16:00:00+00:00,0.0001,68.19
2024-09-27 00:00:00+00:00,1727395200000,2024-09-27T00:00:00+00:00,0.0001,68.53105664
2024-09-27 08:00:00+00:00,1727424000000,2024-09-27T08:00:00+00:00,0.0001,68.87
2024-09-27 16:00:00+00:00,1727452800000,2024-09-27T16:00:00+00:00,0.0001,70.05476088
2024-09-28 00:00:00+00:00,1727481600000,2024-09-28T00:00:00+00:00,0.0001,71.11
2024-09-28 08:00:00.001000+00:00,1727510400001,2024-09-28T08:00:00.001000+00:00,0.0001,70.38148076
2024-09-28 16:00:00+00:00,1727539200000,2024-09-28T16:00:00+00:00,0.0001,69.74628523
2024-09-29 00:00:00.001000+00:00,1727568000001,2024-09-29T00:00:00.001000+00:00,0.0001,69.93151062
2024-09-29 08:00:00+00:00,1727596800000,2024-09-29T08:00:00+00:00,0.0001,68.70185006
2024-09-29 16:00:00+00:00,1727625600000,2024-09-29T16:00:00+00:00,0.0001,69.81349716
2024-09-30 00:00:00+00:00,1727654400000,2024-09-30T00:00:00+00:00,0.0001,69.23265204
2024-09-30 08:00:00.001000+00:00,1727683200001,2024-09-30T08:00:00.001000+00:00,0.0001,68.22
2024-09-30 16:00:00+00:00,1727712000000,2024-09-30T16:00:00+00:00,0.0001,66.56678229
2024-10-01 00:00:00+00:00,1727740800000,2024-10-01T00:00:00+00:00,4.895e-05,66.7931594
2024-10-01 08:00:00+00:00,1727769600000,2024-10-01T08:00:00+00:00,0.0001,68.17
2024-10-01 16:00:00.001000+00:00,1727798400001,2024-10-01T16:00:00.001000+00:00,0.0001,65.26387181
2024-10-02 00:00:00+00:00,1727827200000,2024-10-02T00:00:00+00:00,1.828e-05,63.37
2024-10-02 08:00:00+00:00,1727856000000,2024-10-02T08:00:00+00:00,5.17e-05,64.5
2024-10-02 16:00:00+00:00,1727884800000,2024-10-02T16:00:00+00:00,3.246e-05,63.7221941
2024-10-03 00:00:00+00:00,1727913600000,2024-10-03T00:00:00+00:00,5.26e-05,62.90442152
2024-10-03 08:00:00+00:00,1727942400000,2024-10-03T08:00:00+00:00,0.0001,63.29315569
2024-10-03 16:00:00+00:00,1727971200000,2024-10-03T16:00:00+00:00,4.008e-05,62.71
2024-10-04 00:00:00+00:00,1728000000000,2024-10-04T00:00:00+00:00,8.147e-05,63.43
2024-10-04 08:00:00+00:00,1728028800000,2024-10-04T08:00:00+00:00,6.546e-05,64.33474398
2024-10-04 16:00:00.001000+00:00,1728057600001,2024-10-04T16:00:00.001000+00:00,3.846e-05,64.51611885
2024-10-05 00:00:00+00:00,1728086400000,2024-10-05T00:00:00+00:00,5.98e-06,64.90634033
2024-10-05 08:00:00+00:00,1728115200000,2024-10-05T08:00:00+00:00,4.807e-05,65.15
2024-10-05 16:00:00+00:00,1728144000000,2024-10-05T16:00:00+00:00,0.0001,66.12
2024-10-06 00:00:00+00:00,1728172800000,2024-10-06T00:00:00+00:00,0.0001,66.26
2024-10-06 08:00:00.001000+00:00,1728201600001,2024-10-06T08:00:00.001000+00:00,0.0001,66.93324336
2024-10-06 16:00:00+00:00,1728230400000,2024-10-06T16:00:00+00:00,9.21e-05,67.31962704
2024-10-07 00:00:00+00:00,1728259200000,2024-10-07T00:00:00+00:00,9.799e-05,67.01
2024-10-07 08:00:00+00:00,1728288000000,2024-10-07T08:00:00+00:00,4.964e-05,67.37
2024-10-07 16:00:00.001000+00:00,1728316800001,2024-10-07T16:00:00.001000+00:00,0.0001,65.86998798
2024-10-08 00:00:00+00:00,1728345600000,2024-10-08T00:00:00+00:00,0.0001,64.73397053
2024-10-08 08:00:00+00:00,1728374400000,2024-10-08T08:00:00+00:00,0.0001,65.03
2024-10-08 16:00:00+00:00,1728403200000,2024-10-08T16:00:00+00:00,0.0001,65.51509636
2024-10-09 00:00:00+00:00,1728432000000,2024-10-09T00:00:00+00:00,0.0001,65.66
2024-10-09 08:00:00+00:00,1728460800000,2024-10-09T08:00:00+00:00,0.0001,65.76795737
2024-10-09 16:00:00+00:00,1728489600000,2024-10-09T16:00:00+00:00,0.0001,65.23150481
2024-10-10 00:00:00+00:00,1728518400000,2024-10-10T00:00:00+00:00,0.0001,64.56113715
2024-10-10 08:00:00+00:00,1728547200000,2024-10-10T08:00:00+00:00,7.632e-05,64.64700084
2024-10-10 16:00:00+00:00,1728576000000,2024-10-10T16:00:00+00:00,5.798e-05,64.36232487
2024-10-11 00:00:00+00:00,1728604800000,2024-10-11T00:00:00+00:00,6.106e-05,64.26997201
2024-10-11 08:00:00+00:00,1728633600000,2024-10-11T08:00:00+00:00,6.661e-05,64.58
2024-10-11 16:00:00.001000+00:00,1728662400001,2024-10-11T16:00:00.001000+00:00,4.354e-05,65.38661888
2024-10-12 00:00:00+00:00,1728691200000,2024-10-12T00:00:00+00:00,6.242e-05,65.54
2024-10-12 08:00:00.001000+00:00,1728720000001,2024-10-12T08:00:00.001000+00:00,6.727e-05,65.9445256
2024-10-12 16:00:00+00:00,1728748800000,2024-10-12T16:00:00+00:00,8.401e-05,66.33187098
2024-10-13 00:00:00+00:00,1728777600000,2024-10-13T00:00:00+00:00,9.584e-05,66.16
2024-10-13 08:00:00+00:00,1728806400000,2024-10-13T08:00:00+00:00,0.0001,65.65113396
2024-10-13 16:00:00+00:00,1728835200000,2024-10-13T16:00:00+00:00,2.467e-05,64.63544156
2024-10-14 00:00:00+00:00,1728864000000,2024-10-14T00:00:00+00:00,9.993e-05,64.77411127
2024-10-14 08:00:00+00:00,1728892800000,2024-10-14T08:00:00+00:00,8.251e-05,65.53
2024-10-14 16:00:00+00:00,1728921600000,2024-10-14T16:00:00+00:00,0.0001,66.93522052
2024-10-15 00:00:00+00:00,1728950400000,2024-10-15T00:00:00+00:00,0.0001,66.82522258
2024-10-15 08:00:00+00:00,1728979200000,2024-10-15T08:00:00+00:00,0.0001,66.85
2024-10-15 16:00:00+00:00,1729008000000,2024-10-15T16:00:00+00:00,0.0001,66.24
2024-10-16 00:00:00+00:00,1729036800000,2024-10-16T00:00:00+00:00,0.0001,70.85
2024-10-16 08:00:00.001000+00:00,1729065600001,2024-10-16T08:00:00.001000+00:00,0.0001,70.86
2024-10-16 16:00:00+00:00,1729094400000,2024-10-16T16:00:00+00:00,0.0001,69.9
2024-10-17 00:00:00+00:00,1729123200000,2024-10-17T00:00:00+00:00,0.0001,70.06251743
2024-10-17 08:00:00+00:00,1729152000000,2024-10-17T08:00:00+00:00,0.0001,71.04074352
2024-10-17 16:00:00.001000+00:00,1729180800001,2024-10-17T16:00:00.001000+00:00,0.0001,72.2
2024-10-18 00:00:00.010000+00:00,1729209600010,2024-10-18T00:00:00.010000+00:00,0.0001,72.79127205
2024-10-18 08:00:00.001000+00:00,1729238400001,2024-10-18T08:00:00.001000+00:00,0.0001,72.23
2024-10-18 16:00:00+00:00,1729267200000,2024-10-18T16:00:00+00:00,0.0001,73.22
2024-10-19 00:00:00+00:00,1729296000000,2024-10-19T00:00:00+00:00,0.0001,73.09
2024-10-19 08:00:00+00:00,1729324800000,2024-10-19T08:00:00+00:00,0.0001,74.39895376
2024-10-19 16:00:00+00:00,1729353600000,2024-10-19T16:00:00+00:00,0.0001,74.9596005
2024-10-20 00:00:00+00:00,1729382400000,2024-10-20T00:00:00+00:00,0.0001,74.87
2024-10-20 08:00:00+00:00,1729411200000,2024-10-20T08:00:00+00:00,0.0001,74.13
2024-10-20 16:00:00+00:00,1729440000000,2024-10-20T16:00:00+00:00,0.0001,74.82
2024-10-21 00:00:00+00:00,1729468800000,2024-10-21T00:00:00+00:00,0.0001,74.29830555
2024-10-21 08:00:00+00:00,1729497600000,2024-10-21T08:00:00+00:00,0.0001,73.30140313
2024-10-21 16:00:00+00:00,1729526400000,2024-10-21T16:00:00+00:00,0.0001,71.38722416
2024-10-22 00:00:00+00:00,1729555200000,2024-10-22T00:00:00+00:00,0.0001,70.74
2024-10-22 08:00:00+00:00,1729584000000,2024-10-22T08:00:00+00:00,0.0001,70.72
2024-10-22 16:00:00+00:00,1729612800000,2024-10-22T16:00:00+00:00,0.0001,69.73120947
2024-10-23 00:00:00+00:00,1729641600000,2024-10-23T00:00:00+00:00,0.0001,70.0
2024-10-23 08:00:00+00:00,1729670400000,2024-10-23T08:00:00+00:00,0.0001,69.03
2024-10-23 16:00:00+00:00,1729699200000,2024-10-23T16:00:00+00:00,9.648e-05,69.03609024
2024-10-24 00:00:00+00:00,1729728000000,2024-10-24T00:00:00+00:00,0.0001,70.01
2024-10-24 08:00:00+00:00,1729756800000,2024-10-24T08:00:00+00:00,0.0001,69.73824434
2024-10-24 16:00:00+00:00,1729785600000,2024-10-24T16:00:00+00:00,0.0001,70.9
2024-10-25 00:00:00+00:00,1729814400000,2024-10-25T00:00:00+00:00,0.0001,71.14
2024-10-25 08:00:00+00:00,1729843200000,2024-10-25T08:00:00+00:00,0.0001,71.22
2024-10-25 16:00:00+00:00,1729872000000,2024-10-25T16:00:00+00:00,0.0001,71.98745164
2024-10-26 00:00:00+00:00,1729900800000,2024-10-26T00:00:00+00:00,0.0001,68.80964808
2024-10-26 08:00:00.001000+00:00,1729929600001,2024-10-26T08:00:00.001000+00:00,5.446e-05,68.92235243
2024-10-26 16:00:00+00:00,1729958400000,2024-10-26T16:00:00+00:00,3.98e-05,68.34
2024-10-27 00:00:00+00:00,1729987200000,2024-10-27T00:00:00+00:00,4.161e-05,68.43236565
2024-10-27 08:00:00+00:00,1730016000000,2024-10-27T08:00:00+00:00,2.831e-05,68.88
2024-10-27 16:00:00+00:00,1730044800000,2024-10-27T16:00:00+00:00,0.0001,70.72580316
2024-10-28 00:00:00+00:00,1730073600000,2024-10-28T00:00:00+00:00,0.0001,71.06
2024-10-28 08:00:00.001000+00:00,1730102400001,2024-10-28T08:00:00.001000+00:00,0.0001,71.16
2024-10-28 16:00:00+00:00,1730131200000,2024-10-28T16:00:00+00:00,0.0001,69.89
2024-10-29 00:00:00+00:00,1730160000000,2024-10-29T00:00:00+00:00,0.0001,70.77
2024-10-29 08:00:00+00:00,1730188800000,2024-10-29T08:00:00+00:00,0.0001,72.36543968
2024-10-29 16:00:00.004000+00:00,1730217600004,2024-10-29T16:00:00.004000+00:00,0.0001,73.25
2024-10-30 00:00:00+00:00,1730246400000,2024-10-30T00:00:00+00:00,0.0001,73.97882036
2024-10-30 08:00:00+00:00,1730275200000,2024-10-30T08:00:00+00:00,0.0001,72.4777242
2024-10-30 16:00:00.013000+00:00,1730304000013,2024-10-30T16:00:00.013000+00:00,0.0001,72.28454173
2024-10-31 00:00:00+00:00,1730332800000,2024-10-31T00:00:00+00:00,0.0001,71.78
2024-10-31 08:00:00+00:00,1730361600000,2024-10-31T08:00:00+00:00,0.0001,70.99040547
2024-10-31 16:00:00+00:00,1730390400000,2024-10-31T16:00:00+00:00,0.0001,70.31922934
2024-11-01 00:00:00+00:00,1730419200000,2024-11-01T00:00:00+00:00,0.0001,69.32343748
2024-11-01 08:00:00+00:00,1730448000000,2024-11-01T08:00:00+00:00,0.0001,68.14262839
2024-11-01 16:00:00+00:00,1730476800000,2024-11-01T16:00:00+00:00,0.0001,70.06
2024-11-02 00:00:00+00:00,1730505600000,2024-11-02T00:00:00+00:00,0.0001,70.2626001
2024-11-02 08:00:00+00:00,1730534400000,2024-11-02T08:00:00+00:00,0.0001,70.6
2024-11-02 16:00:00+00:00,1730563200000,2024-11-02T16:00:00+00:00,0.0001,69.70228817
2024-11-03 00:00:00+00:00,1730592000000,2024-11-03T00:00:00+00:00,0.0001,69.19454949
2024-11-03 08:00:00+00:00,1730620800000,2024-11-03T08:00:00+00:00,0.0001,68.16023505
2024-11-03 16:00:00+00:00,1730649600000,2024-11-03T16:00:00+00:00,0.0001,65.91
2024-11-04 00:00:00+00:00,1730678400000,2024-11-04T00:00:00+00:00,0.0001,66.82
2024-11-04 08:00:00+00:00,1730707200000,2024-11-04T08:00:00+00:00,0.0001,66.35
2024-11-04 16:00:00+00:00,1730736000000,2024-11-04T16:00:00+00:00,0.0001,66.83693111
2024-11-05 00:00:00+00:00,1730764800000,2024-11-05T00:00:00+00:00,0.0001,65.53042074
2024-11-05 08:00:00.003000+00:00,1730793600003,2024-11-05T08:00:00.003000+00:00,0.0001,67.00625016
2024-11-05 16:00:00.001000+00:00,1730822400001,2024-11-05T16:00:00.001000+00:00,0.0001,66.07722682
2024-11-06 00:00:00+00:00,1730851200000,2024-11-06T00:00:00+00:00,0.0001,65.38007103
2024-11-06 08:00:00+00:00,1730880000000,2024-11-06T08:00:00+00:00,0.0001,69.60824137
2024-11-06 16:00:00+00:00,1730908800000,2024-11-06T16:00:00+00:00,0.0001,69.76438058
2024-11-07 00:00:00+00:00,1730937600000,2024-11-07T00:00:00+00:00,0.0001,71.04984058
2024-11-07 08:00:00+00:00,1730966400000,2024-11-07T08:00:00+00:00,0.0001,70.56573186
2024-11-07 16:00:00+00:00,1730995200000,2024-11-07T16:00:00+00:00,0.0001,71.43
2024-11-08 00:00:00+00:00,1731024000000,2024-11-08T00:00:00+00:00,0.0001,71.45840761
2024-11-08 08:00:00+00:00,1731052800000,2024-11-08T08:00:00+00:00,0.0001,71.2
2024-11-08 16:00:00+00:00,1731081600000,2024-11-08T16:00:00+00:00,0.0001,72.51
2024-11-09 00:00:00+00:00,1731110400000,2024-11-09T00:00:00+00:00,0.0001,72.8
2024-11-09 08:00:00+00:00,1731139200000,2024-11-09T08:00:00+00:00,0.0001,73.19541137
2024-11-09 16:00:00+00:00,1731168000000,2024-11-09T16:00:00+00:00,0.0001,72.38
2024-11-10 00:00:00+00:00,1731196800000,2024-11-10T00:00:00+00:00,0.0001,74.00654084
2024-11-10 08:00:00+00:00,1731225600000,2024-11-10T08:00:00+00:00,0.00016619,76.15
2024-11-10 16:00:00+00:00,1731254400000,2024-11-10T16:00:00+00:00,0.00030059,77.72607877
2024-11-11 00:00:00.001000+00:00,1731283200001,2024-11-11T00:00:00.001000+00:00,0.0001913,76.62899616
2024-11-11 08:00:00+00:00,1731312000000,2024-11-11T08:00:00+00:00,0.00020847,75.61
2024-11-11 16:00:00+00:00,1731340800000,2024-11-11T16:00:00+00:00,0.00013497,78.5601242
2024-11-12 00:00:00.002000+00:00,1731369600002,2024-11-12T00:00:00.002000+00:00,0.00037967,80.11057777
2024-11-12 08:00:00+00:00,1731398400000,2024-11-12T08:00:00+00:00,0.00047785,79.68
2024-11-12 16:00:00+00:00,1731427200000,2024-11-12T16:00:00+00:00,0.00035606,75.7324696
2024-11-13 00:00:00+00:00,1731456000000,2024-11-13T00:00:00+00:00,0.00027525,76.75971461
2024-11-13 08:00:00.010000+00:00,1731484800010,2024-11-13T08:00:00.010000+00:00,0.0001,73.514143
2024-11-13 16:00:00+00:00,1731513600000,2024-11-13T16:00:00+00:00,0.00020912,76.63305102
2024-11-14 00:00:00.001000+00:00,1731542400001,2024-11-14T00:00:00.001000+00:00,0.00013545,75.46195317
2024-11-14 08:00:00+00:00,1731571200000,2024-11-14T08:00:00+00:00,0.0001,82.33292281
2024-11-14 16:00:00+00:00,1731600000000,2024-11-14T16:00:00+00:00,0.0001,78.67556281
2024-11-15 00:00:00+00:00,1731628800000,2024-11-15T00:00:00+00:00,0.0001,82.42625392
2024-11-15 08:00:00+00:00,1731657600000,2024-11-15T08:00:00+00:00,0.0001,81.48687104
2024-11-15 16:00:00+00:00,1731686400000,2024-11-15T16:00:00+00:00,0.0001,82.58
2024-11-16 00:00:00.001000+00:00,1731715200001,2024-11-16T00:00:00.001000+00:00,0.0001,83.75903958
2024-11-16 08:00:00.001000+00:00,1731744000001,2024-11-16T08:00:00.001000+00:00,0.0001,87.0
2024-11-16 16:00:00+00:00,1731772800000,2024-11-16T16:00:00+00:00,0.0001,88.93243928
2024-11-17 00:00:00+00:00,1731801600000,2024-11-17T00:00:00+00:00,0.00018837,95.56
2024-11-17 08:00:00+00:00,1731830400000,2024-11-17T08:00:00+00:00,0.0001,90.95
2024-11-17 16:00:00.001000+00:00,1731859200001,2024-11-17T16:00:00.001000+00:00,0.0001,88.4887317
2024-11-18 00:00:00+00:00,1731888000000,2024-11-18T00:00:00+00:00,0.0001,87.24400005
2024-11-18 08:00:00+00:00,1731916800000,2024-11-18T08:00:00+00:00,0.00017325,93.68
2024-11-18 16:00:00+00:00,1731945600000,2024-11-18T16:00:00+00:00,0.0001,90.45
2024-11-19 00:00:00+00:00,1731974400000,2024-11-19T00:00:00+00:00,0.00015265,89.28
2024-11-19 08:00:00+00:00,1732003200000,2024-11-19T08:00:00+00:00,0.00015237,89.39
2024-11-19 16:00:00+00:00,1732032000000,2024-11-19T16:00:00+00:00,0.00013221,87.33
2024-11-20 00:00:00.003000+00:00,1732060800003,2024-11-20T00:00:00.003000+00:00,0.00011302,86.72975401
2024-11-20 08:00:00+00:00,1732089600000,2024-11-20T08:00:00+00:00,0.0001,85.53458019
2024-11-20 16:00:00+00:00,1732118400000,2024-11-20T16:00:00+00:00,0.0001,86.52
2024-11-21 00:00:00.001000+00:00,1732147200001,2024-11-21T00:00:00.001000+00:00,0.0001,83.41
2024-11-21 08:00:00+00:00,1732176000000,2024-11-21T08:00:00+00:00,0.0001,90.13
2024-11-21 16:00:00.001000+00:00,1732204800001,2024-11-21T16:00:00.001000+00:00,0.0001,88.44095107
2024-11-22 00:00:00+00:00,1732233600000,2024-11-22T00:00:00+00:00,0.00017677,89.56016304
2024-11-22 08:00:00+00:00,1732262400000,2024-11-22T08:00:00+00:00,0.00016496,89.27465844
2024-11-22 16:00:00.001000+00:00,1732291200001,2024-11-22T16:00:00.001000+00:00,0.00016244,89.99043257
2024-11-23 00:00:00+00:00,1732320000000,2024-11-23T00:00:00+00:00,0.00016041,92.25110203
2024-11-23 08:00:00+00:00,1732348800000,2024-11-23T08:00:00+00:00,0.00057097,101.38921339
2024-11-23 16:00:00+00:00,1732377600000,2024-11-23T16:00:00+00:00,0.00042825,103.01666475
2024-11-24 00:00:00.001000+00:00,1732406400001,2024-11-24T00:00:00.001000+00:00,0.00018834,99.57480216
2024-11-24 08:00:00+00:00,1732435200000,2024-11-24T08:00:00+00:00,0.00030186,101.65787327
2024-11-24 16:00:00+00:00,1732464000000,2024-11-24T16:00:00+00:00,0.00019646,92.42
2024-11-25 00:00:00+00:00,1732492800000,2024-11-25T00:00:00+00:00,0.00012374,96.96525609
2024-11-25 08:00:00+00:00,1732521600000,2024-11-25T08:00:00+00:00,0.00023054,97.30456782
2024-11-25 16:00:00+00:00,1732550400000,2024-11-25T16:00:00+00:00,0.00017133,95.93431846
2024-11-26 00:00:00+00:00,1732579200000,2024-11-26T00:00:00+00:00,0.00017012,92.36605332
2024-11-26 08:00:00+00:00,1732608000000,2024-11-26T08:00:00+00:00,0.00015905,93.17
2024-11-26 16:00:00+00:00,1732636800000,2024-11-26T16:00:00+00:00,0.0001,90.51518219
2024-11-27 00:00:00+00:00,1732665600000,2024-11-27T00:00:00+00:00,0.00017919,92.88
2024-11-27 08:00:00+00:00,1732694400000,2024-11-27T08:00:00+00:00,0.00017996,95.52
2024-11-27 16:00:00.001000+00:00,1732723200001,2024-11-27T16:00:00.001000+00:00,0.00025728,97.28330109
2024-11-28 00:00:00+00:00,1732752000000,2024-11-28T00:00:00+00:00,0.00028453,97.32360554
2024-11-28 08:00:00+00:00,1732780800000,2024-11-28T08:00:00+00:00,0.00014389,96.11626186
2024-11-28 16:00:00+00:00,1732809600000,2024-11-28T16:00:00+00:00,0.0001,93.97869888
2024-11-29 00:00:00+00:00,1732838400000,2024-11-29T00:00:00+00:00,0.00014813,95.59
2024-11-29 08:00:00+00:00,1732867200000,2024-11-29T08:00:00+00:00,0.00020769,94.88
2024-11-29 16:00:00+00:00,1732896000000,2024-11-29T16:00:00+00:00,0.00025606,101.48
2024-11-30 00:00:00+00:00,1732924800000,2024-11-30T00:00:00+00:00,0.00034168,104.85
2024-11-30 08:00:00+00:00,1732953600000,2024-11-30T08:00:00+00:00,0.00017834,102.1760009
2024-11-30 16:00:00+00:00,1732982400000,2024-11-30T16:00:00+00:00,0.0002029,102.11
2024-12-01 00:00:00+00:00,1733011200000,2024-12-01T00:00:00+00:00,0.0002444,102.77989367
2024-12-01 08:00:00+00:00,1733040000000,2024-12-01T08:00:00+00:00,0.00022414,101.42
2024-12-01 16:00:00+00:00,1733068800000,2024-12-01T16:00:00+00:00,0.00032851,108.8
2024-12-02 00:00:00.001000+00:00,1733097600001,2024-12-02T00:00:00.001000+00:00,0.00058787,119.69
2024-12-02 08:00:00.001000+00:00,1733126400001,2024-12-02T08:00:00.001000+00:00,0.0002226,123.89351545
2024-12-02 16:00:00+00:00,1733155200000,2024-12-02T16:00:00+00:00,0.00017643,123.27352822
2024-12-03 00:00:00+00:00,1733184000000,2024-12-03T00:00:00+00:00,0.00034892,132.99
2024-12-03 08:00:00+00:00,1733212800000,2024-12-03T08:00:00+00:00,0.00047181,129.34
2024-12-03 16:00:00+00:00,1733241600000,2024-12-03T16:00:00+00:00,0.00033067,126.66812317
2024-12-04 00:00:00+00:00,1733270400000,2024-12-04T00:00:00+00:00,0.00042263,130.96
2024-12-04 08:00:00+00:00,1733299200000,2024-12-04T08:00:00+00:00,0.00041041,132.48466315
2024-12-04 16:00:00+00:00,1733328000000,2024-12-04T16:00:00+00:00,0.00042323,128.72
2024-12-05 00:00:00.001000+00:00,1733356800001,2024-12-05T00:00:00.001000+00:00,0.00031589,133.82
2024-12-05 08:00:00+00:00,1733385600000,2024-12-05T08:00:00+00:00,0.00062247,128.70590784
2024-12-05 16:00:00+00:00,1733414400000,2024-12-05T16:00:00+00:00,0.0006991,143.97
2024-12-06 00:00:00+00:00,1733443200000,2024-12-06T00:00:00+00:00,0.00036856,135.87994161
2024-12-06 08:00:00+00:00,1733472000000,2024-12-06T08:00:00+00:00,0.00035263,135.37930524
2024-12-06 16:00:00+00:00,1733500800000,2024-12-06T16:00:00+00:00,0.00012061,132.66734817
2024-12-07 00:00:00+00:00,1733529600000,2024-12-07T00:00:00+00:00,0.00041892,136.03903489
2024-12-07 08:00:00+00:00,1733558400000,2024-12-07T08:00:00+00:00,0.00044986,137.07
2024-12-07 16:00:00+00:00,1733587200000,2024-12-07T16:00:00+00:00,0.00035767,137.35687621
2024-12-08 00:00:00+00:00,1733616000000,2024-12-08T00:00:00+00:00,0.00028075,133.8858027
2024-12-08 08:00:00+00:00,1733644800000,2024-12-08T08:00:00+00:00,0.00019845,132.59
2024-12-08 16:00:00+00:00,1733673600000,2024-12-08T16:00:00+00:00,0.00020362,134.48
2024-12-09 00:00:00+00:00,1733702400000,2024-12-09T00:00:00+00:00,0.00031296,135.00139699
2024-12-09 08:00:00+00:00,1733731200000,2024-12-09T08:00:00+00:00,0.0001831,127.1
2024-12-09 16:00:00.001000+00:00,1733760000001,2024-12-09T16:00:00.001000+00:00,0.0001,123.25
2024-12-10 00:00:00.007000+00:00,1733788800007,2024-12-10T00:00:00.007000+00:00,0.0001,110.55243231
2024-12-10 08:00:00+00:00,1733817600000,2024-12-10T08:00:00+00:00,0.0001,113.98496279
2024-12-10 16:00:00+00:00,1733846400000,2024-12-10T16:00:00+00:00,0.0001,104.9
2024-12-11 00:00:00+00:00,1733875200000,2024-12-11T00:00:00+00:00,0.0001,109.79042062
2024-12-11 08:00:00+00:00,1733904000000,2024-12-11T08:00:00+00:00,0.0001,108.91
2024-12-11 16:00:00.001000+00:00,1733932800001,2024-12-11T16:00:00.001000+00:00,0.0001,116.73234233
2024-12-12 00:00:00.001000+00:00,1733961600001,2024-12-12T00:00:00.001000+00:00,0.0001,117.27
2024-12-12 08:00:00+00:00,1733990400000,2024-12-12T08:00:00+00:00,0.0001,121.51175854
2024-12-12 16:00:00.001000+00:00,1734019200001,2024-12-12T16:00:00.001000+00:00,0.0001,121.69937965
2024-12-13 00:00:00+00:00,1734048000000,2024-12-13T00:00:00+00:00,0.0001,119.23449852
2024-12-13 08:00:00+00:00,1734076800000,2024-12-13T08:00:00+00:00,0.0001,119.19171394
2024-12-13 16:00:00.001000+00:00,1734105600001,2024-12-13T16:00:00.001000+00:00,0.0001,118.36871984
2024-12-14 00:00:00+00:00,1734134400000,2024-12-14T00:00:00+00:00,0.0001,124.50058229
2024-12-14 08:00:00+00:00,1734163200000,2024-12-14T08:00:00+00:00,0.0001,122.64337814
2024-12-14 16:00:00+00:00,1734192000000,2024-12-14T16:00:00+00:00,0.0001,119.94996951
2024-12-15 00:00:00+00:00,1734220800000,2024-12-15T00:00:00+00:00,0.0001,118.16521744
2024-12-15 08:00:00+00:00,1734249600000,2024-12-15T08:00:00+00:00,0.0001,115.39875098
2024-12-15 16:00:00+00:00,1734278400000,2024-12-15T16:00:00+00:00,0.0001,120.0620548
2024-12-16 00:00:00+00:00,1734307200000,2024-12-16T00:00:00+00:00,0.0001,121.09198711
2024-12-16 08:00:00.001000+00:00,1734336000001,2024-12-16T08:00:00.001000+00:00,0.0001,120.14090595
2024-12-16 16:00:00+00:00,1734364800000,2024-12-16T16:00:00+00:00,0.0001,118.29
2024-12-17 00:00:00+00:00,1734393600000,2024-12-17T00:00:00+00:00,0.0001,117.98
2024-12-17 08:00:00+00:00,1734422400000,2024-12-17T08:00:00+00:00,0.0001,117.0708229
2024-12-17 16:00:00+00:00,1734451200000,2024-12-17T16:00:00+00:00,0.0001,115.67346182
2024-12-18 00:00:00+00:00,1734480000000,2024-12-18T00:00:00+00:00,0.0001,125.4592052
2024-12-18 08:00:00+00:00,1734508800000,2024-12-18T08:00:00+00:00,0.0001,120.02024715
2024-12-18 16:00:00+00:00,1734537600000,2024-12-18T16:00:00+00:00,0.0001,116.86
2024-12-19 00:00:00+00:00,1734566400000,2024-12-19T00:00:00+00:00,0.0001,108.33889121
2024-12-19 08:00:00+00:00,1734595200000,2024-12-19T08:00:00+00:00,0.0001,109.1412206
2024-12-19 16:00:00+00:00,1734624000000,2024-12-19T16:00:00+00:00,0.0001,106.65516075
2024-12-20 00:00:00+00:00,1734652800000,2024-12-20T00:00:00+00:00,0.0001,99.3
2024-12-20 08:00:00.001000+00:00,1734681600001,2024-12-20T08:00:00.001000+00:00,0.0001,99.97
2024-12-20 16:00:00.014000+00:00,1734710400014,2024-12-20T16:00:00.014000+00:00,0.0001,96.03
2024-12-21 00:00:00+00:00,1734739200000,2024-12-21T00:00:00+00:00,8.266e-05,101.32409174
2024-12-21 08:00:00+00:00,1734768000000,2024-12-21T08:00:00+00:00,0.0001,104.34
2024-12-21 16:00:00.001000+00:00,1734796800001,2024-12-21T16:00:00.001000+00:00,0.0001,100.66110399
2024-12-22 00:00:00+00:00,1734825600000,2024-12-22T00:00:00+00:00,4.747e-05,101.51
2024-12-22 08:00:00+00:00,1734854400000,2024-12-22T08:00:00+00:00,0.0001,99.86
2024-12-22 16:00:00+00:00,1734883200000,2024-12-22T16:00:00+00:00,0.0001,100.57
2024-12-23 00:00:00+00:00,1734912000000,2024-12-23T00:00:00+00:00,0.0001,99.73035209
2024-12-23 08:00:00+00:00,1734940800000,2024-12-23T08:00:00+00:00,0.0001,101.91
2024-12-23 16:00:00.001000+00:00,1734969600001,2024-12-23T16:00:00.001000+00:00,0.0001,99.65
2024-12-24 00:00:00+00:00,1734998400000,2024-12-24T00:00:00+00:00,0.0001,106.72736749
2024-12-24 08:00:00+00:00,1735027200000,2024-12-24T08:00:00+00:00,0.0001,106.1
2024-12-24 16:00:00.001000+00:00,1735056000001,2024-12-24T16:00:00.001000+00:00,0.0001,110.36919238
2024-12-25 00:00:00.001000+00:00,1735084800001,2024-12-25T00:00:00.001000+00:00,0.0001,108.28733158
2024-12-25 08:00:00+00:00,1735113600000,2024-12-25T08:00:00+00:00,0.0001,107.69
2024-12-25 16:00:00+00:00,1735142400000,2024-12-25T16:00:00+00:00,0.0001,108.37
2024-12-26 00:00:00+00:00,1735171200000,2024-12-26T00:00:00+00:00,9.146e-05,109.79177008
2024-12-26 08:00:00+00:00,1735200000000,2024-12-26T08:00:00+00:00,0.0001,106.42
2024-12-26 16:00:00+00:00,1735228800000,2024-12-26T16:00:00+00:00,0.0001,102.54029858
2024-12-27 00:00:00+00:00,1735257600000,2024-12-27T00:00:00+00:00,0.0001,102.21789149
2024-12-27 08:00:00+00:00,1735286400000,2024-12-27T08:00:00+00:00,0.0001,102.49267255
2024-12-27 16:00:00+00:00,1735315200000,2024-12-27T16:00:00+00:00,0.0001,100.95134254
2024-12-28 00:00:00.001000+00:00,1735344000001,2024-12-28T00:00:00.001000+00:00,0.0001,100.52559153
2024-12-28 08:00:00+00:00,1735372800000,2024-12-28T08:00:00+00:00,2.068e-05,99.15573173
2024-12-28 16:00:00+00:00,1735401600000,2024-12-28T16:00:00+00:00,1.529e-05,99.7
2024-12-29 00:00:00+00:00,1735430400000,2024-12-29T00:00:00+00:00,5.1e-05,100.68
2024-12-29 08:00:00+00:00,1735459200000,2024-12-29T08:00:00+00:00,3.658e-05,100.86646672
2024-12-29 16:00:00+00:00,1735488000000,2024-12-29T16:00:00+00:00,7.345e-05,100.7
2024-12-30 00:00:00+00:00,1735516800000,2024-12-30T00:00:00+00:00,9.108e-05,98.44
2024-12-30 08:00:00.001000+00:00,1735545600001,2024-12-30T08:00:00.001000+00:00,6.367e-05,101.72
2024-12-30 16:00:00+00:00,1735574400000,2024-12-30T16:00:00+00:00,0.0001,98.37
2024-12-31 00:00:00+00:00,1735603200000,2024-12-31T00:00:00+00:00,0.0001,99.35
2024-12-31 08:00:00+00:00,1735632000000,2024-12-31T08:00:00+00:00,6.834e-05,98.72
2024-12-31 16:00:00+00:00,1735660800000,2024-12-31T16:00:00+00:00,0.0001,104.2
2025-01-01 00:00:00.015000+00:00,1735689600015,2025-01-01T00:00:00.015000+00:00,0.0001,103.22
2025-01-01 08:00:00+00:00,1735718400000,2025-01-01T08:00:00+00:00,8.487e-05,104.11240344
2025-01-01 16:00:00.001000+00:00,1735747200001,2025-01-01T16:00:00.001000+00:00,0.0001,104.88
2025-01-02 00:00:00+00:00,1735776000000,2025-01-02T00:00:00+00:00,0.0001,105.19
2025-01-02 08:00:00.006000+00:00,1735804800006,2025-01-02T08:00:00.006000+00:00,0.0001,106.02664132
2025-01-02 16:00:00+00:00,1735833600000,2025-01-02T16:00:00+00:00,0.0001,106.23
2025-01-03 00:00:00+00:00,1735862400000,2025-01-03T00:00:00+00:00,0.0001,105.09770993
2025-01-03 08:00:00+00:00,1735891200000,2025-01-03T08:00:00+00:00,0.0001,104.58
2025-01-03 16:00:00+00:00,1735920000000,2025-01-03T16:00:00+00:00,0.0001,109.32751802
2025-01-04 00:00:00+00:00,1735948800000,2025-01-04T00:00:00+00:00,0.0001,112.72
2025-01-04 08:00:00+00:00,1735977600000,2025-01-04T08:00:00+00:00,0.0001,111.76348867
2025-01-04 16:00:00+00:00,1736006400000,2025-01-04T16:00:00+00:00,0.0001,110.72194902
2025-01-05 00:00:00+00:00,1736035200000,2025-01-05T00:00:00+00:00,0.0001,111.18
2025-01-05 08:00:00+00:00,1736064000000,2025-01-05T08:00:00+00:00,0.0001,111.88421009
2025-01-05 16:00:00+00:00,1736092800000,2025-01-05T16:00:00+00:00,0.0001,112.26
2025-01-06 00:00:00+00:00,1736121600000,2025-01-06T00:00:00+00:00,0.0001,115.66179763
2025-01-06 08:00:00.001000+00:00,1736150400001,2025-01-06T08:00:00.001000+00:00,0.0001,113.5711514
2025-01-06 16:00:00+00:00,1736179200000,2025-01-06T16:00:00+00:00,0.0001,114.36
2025-01-07 00:00:00+00:00,1736208000000,2025-01-07T00:00:00+00:00,0.0001,113.97
2025-01-07 08:00:00+00:00,1736236800000,2025-01-07T08:00:00+00:00,0.0001,112.90290893
2025-01-07 16:00:00.008000+00:00,1736265600008,2025-01-07T16:00:00.008000+00:00,0.0001,106.12608525
2025-01-08 00:00:00.001000+00:00,1736294400001,2025-01-08T00:00:00.001000+00:00,3.145e-05,102.67
2025-01-08 08:00:00+00:00,1736323200000,2025-01-08T08:00:00+00:00,0.0001,102.51
2025-01-08 16:00:00+00:00,1736352000000,2025-01-08T16:00:00+00:00,0.0001,102.78690427
2025-01-09 00:00:00+00:00,1736380800000,2025-01-09T00:00:00+00:00,3.611e-05,101.35885628
2025-01-09 08:00:00+00:00,1736409600000,2025-01-09T08:00:00+00:00,0.0001,100.99828826
2025-01-09 16:00:00+00:00,1736438400000,2025-01-09T16:00:00+00:00,8.644e-05,105.09
2025-01-10 00:00:00+00:00,1736467200000,2025-01-10T00:00:00+00:00,0.0001,102.1824929
2025-01-10 08:00:00+00:00,1736496000000,2025-01-10T08:00:00+00:00,0.0001,105.12
2025-01-10 16:00:00+00:00,1736524800000,2025-01-10T16:00:00+00:00,0.0001,104.69578299
2025-01-11 00:00:00+00:00,1736553600000,2025-01-11T00:00:00+00:00,0.0001,103.92075593
2025-01-11 08:00:00+00:00,1736582400000,2025-01-11T08:00:00+00:00,9.277e-05,103.60425772
2025-01-11 16:00:00+00:00,1736611200000,2025-01-11T16:00:00+00:00,-1.825e-05,103.18
2025-01-12 00:00:00+00:00,1736640000000,2025-01-12T00:00:00+00:00,-0.00010728,104.30026292
2025-01-12 08:00:00+00:00,1736668800000,2025-01-12T08:00:00+00:00,8.311e-05,103.9
2025-01-12 16:00:00+00:00,1736697600000,2025-01-12T16:00:00+00:00,1.285e-05,102.81063019
2025-01-13 00:00:00+00:00,1736726400000,2025-01-13T00:00:00+00:00,-1.513e-05,102.3
2025-01-13 08:00:00+00:00,1736755200000,2025-01-13T08:00:00+00:00,-3.491e-05,98.85
2025-01-13 16:00:00+00:00,1736784000000,2025-01-13T16:00:00+00:00,-3.644e-05,96.21
2025-01-14 00:00:00+00:00,1736812800000,2025-01-14T00:00:00+00:00,2.097e-05,98.33225968
2025-01-14 08:00:00+00:00,1736841600000,2025-01-14T08:00:00+00:00,6.466e-05,97.93
2025-01-14 16:00:00+00:00,1736870400000,2025-01-14T16:00:00+00:00,-2.824e-05,100.54
2025-01-15 00:00:00+00:00,1736899200000,2025-01-15T00:00:00+00:00,9.571e-05,102.4
2025-01-15 08:00:00+00:00,1736928000000,2025-01-15T08:00:00+00:00,0.0001,102.4102807
2025-01-15 16:00:00+00:00,1736956800000,2025-01-15T16:00:00+00:00,0.0001,105.2
2025-01-16 00:00:00+00:00,1736985600000,2025-01-16T00:00:00+00:00,0.0001,117.12165543
2025-01-16 08:00:00+00:00,1737014400000,2025-01-16T08:00:00+00:00,0.0001,119.05635283
2025-01-16 16:00:00+00:00,1737043200000,2025-01-16T16:00:00+00:00,0.0001,126.48701959
2025-01-17 00:00:00.004000+00:00,1737072000004,2025-01-17T00:00:00.004000+00:00,0.0001,124.34
2025-01-17 08:00:00+00:00,1737100800000,2025-01-17T08:00:00+00:00,0.0001,137.94
2025-01-17 16:00:00.008000+00:00,1737129600008,2025-01-17T16:00:00.008000+00:00,0.0001,134.85
2025-01-18 00:00:00+00:00,1737158400000,2025-01-18T00:00:00+00:00,0.0001,137.01
2025-01-18 08:00:00.007000+00:00,1737187200007,2025-01-18T08:00:00.007000+00:00,0.0001,125.22808169
2025-01-18 16:00:00+00:00,1737216000000,2025-01-18T16:00:00+00:00,0.0001,126.18
2025-01-19 00:00:00+00:00,1737244800000,2025-01-19T00:00:00+00:00,0.0001,125.3
2025-01-19 08:00:00+00:00,1737273600000,2025-01-19T08:00:00+00:00,0.0001,119.85394653
2025-01-19 16:00:00+00:00,1737302400000,2025-01-19T16:00:00+00:00,0.0001,124.24
2025-01-20 00:00:00+00:00,1737331200000,2025-01-20T00:00:00+00:00,0.0001,115.56
2025-01-20 08:00:00.009000+00:00,1737360000009,2025-01-20T08:00:00.009000+00:00,0.0001,121.18907239
2025-01-20 16:00:00+00:00,1737388800000,2025-01-20T16:00:00+00:00,0.0001,119.29160775
2025-01-21 00:00:00+00:00,1737417600000,2025-01-21T00:00:00+00:00,0.0001,118.55539909
2025-01-21 08:00:00+00:00,1737446400000,2025-01-21T08:00:00+00:00,0.0001,115.89
2025-01-21 16:00:00+00:00,1737475200000,2025-01-21T16:00:00+00:00,0.0001,119.98
2025-01-22 00:00:00+00:00,1737504000000,2025-01-22T00:00:00+00:00,0.0001,119.09597972
2025-01-22 08:00:00+00:00,1737532800000,2025-01-22T08:00:00+00:00,0.0001,116.14704346
2025-01-22 16:00:00+00:00,1737561600000,2025-01-22T16:00:00+00:00,7.465e-05,115.70562644
2025-01-23 00:00:00.001000+00:00,1737590400001,2025-01-23T00:00:00.001000+00:00,0.0001,115.34
2025-01-23 08:00:00+00:00,1737619200000,2025-01-23T08:00:00+00:00,0.0001,113.4
2025-01-23 16:00:00+00:00,1737648000000,2025-01-23T16:00:00+00:00,0.0001,115.89
2025-01-24 00:00:00+00:00,1737676800000,2025-01-24T00:00:00+00:00,0.0001,116.36420697
2025-01-24 08:00:00+00:00,1737705600000,2025-01-24T08:00:00+00:00,0.0001,117.1
2025-01-24 16:00:00+00:00,1737734400000,2025-01-24T16:00:00+00:00,6.771e-05,122.07530352
2025-01-25 00:00:00+00:00,1737763200000,2025-01-25T00:00:00+00:00,6.817e-05,118.66333602
2025-01-25 08:00:00+00:00,1737792000000,2025-01-25T08:00:00+00:00,8.675e-05,121.19
2025-01-25 16:00:00.001000+00:00,1737820800001,2025-01-25T16:00:00.001000+00:00,5.402e-05,128.00800836
2025-01-26 00:00:00+00:00,1737849600000,2025-01-26T00:00:00+00:00,0.0001,123.89
2025-01-26 08:00:00+00:00,1737878400000,2025-01-26T08:00:00+00:00,0.0001,124.17302639
2025-01-26 16:00:00+00:00,1737907200000,2025-01-26T16:00:00+00:00,0.0001,122.16298775
2025-01-27 00:00:00+00:00,1737936000000,2025-01-27T00:00:00+00:00,0.0001,117.07
2025-01-27 08:00:00+00:00,1737964800000,2025-01-27T08:00:00+00:00,-1.583e-05,109.63
2025-01-27 16:00:00+00:00,1737993600000,2025-01-27T16:00:00+00:00,-3.389e-05,112.16
2025-01-28 00:00:00+00:00,1738022400000,2025-01-28T00:00:00+00:00,0.0001,115.0
2025-01-28 08:00:00+00:00,1738051200000,2025-01-28T08:00:00+00:00,4.825e-05,116.03166483
2025-01-28 16:00:00+00:00,1738080000000,2025-01-28T16:00:00+00:00,0.0001,114.21337128
2025-01-29 00:00:00+00:00,1738108800000,2025-01-29T00:00:00+00:00,0.0001,109.86881152
2025-01-29 08:00:00+00:00,1738137600000,2025-01-29T08:00:00+00:00,3.336e-05,114.67
2025-01-29 16:00:00+00:00,1738166400000,2025-01-29T16:00:00+00:00,0.0001,111.62
2025-01-30 00:00:00+00:00,1738195200000,2025-01-30T00:00:00+00:00,6.971e-05,115.80635447
2025-01-30 08:00:00+00:00,1738224000000,2025-01-30T08:00:00+00:00,0.0001,127.32143672
2025-01-30 16:00:00+00:00,1738252800000,2025-01-30T16:00:00+00:00,0.0001,131.11
2025-01-31 00:00:00+00:00,1738281600000,2025-01-31T00:00:00+00:00,0.0001,130.06640874
2025-01-31 08:00:00+00:00,1738310400000,2025-01-31T08:00:00+00:00,0.0001,129.22
2025-01-31 16:00:00+00:00,1738339200000,2025-01-31T16:00:00+00:00,0.0001,130.48
2025-02-01 00:00:00+00:00,1738368000000,2025-02-01T00:00:00+00:00,0.0001,128.02304649
2025-02-01 08:00:00+00:00,1738396800000,2025-02-01T08:00:00+00:00,0.0001,126.32504143
2025-02-01 16:00:00+00:00,1738425600000,2025-02-01T16:00:00+00:00,0.0001,122.4
2025-02-02 00:00:00.001000+00:00,1738454400001,2025-02-02T00:00:00.001000+00:00,0.0001,118.03517823
2025-02-02 08:00:00+00:00,1738483200000,2025-02-02T08:00:00+00:00,0.0001,115.51
2025-02-02 16:00:00+00:00,1738512000000,2025-02-02T16:00:00+00:00,2.648e-05,115.25
2025-02-03 00:00:00+00:00,1738540800000,2025-02-03T00:00:00+00:00,3.757e-05,109.06483253
2025-02-03 08:00:00+00:00,1738569600000,2025-02-03T08:00:00+00:00,-0.00010707,99.23128054
2025-02-03 16:00:00+00:00,1738598400000,2025-02-03T16:00:00+00:00,2.976e-05,103.08805713
2025-02-04 00:00:00+00:00,1738627200000,2025-02-04T00:00:00+00:00,7.677e-05,106.87654068
2025-02-04 08:00:00.001000+00:00,1738656000001,2025-02-04T08:00:00.001000+00:00,-2.864e-05,99.34
2025-02-04 16:00:00+00:00,1738684800000,2025-02-04T16:00:00+00:00,2.027e-05,102.64
2025-02-05 00:00:00.001000+00:00,1738713600001,2025-02-05T00:00:00.001000+00:00,4.213e-05,101.01
2025-02-05 08:00:00.001000+00:00,1738742400001,2025-02-05T08:00:00.001000+00:00,5.574e-05,102.58
2025-02-05 16:00:00+00:00,1738771200000,2025-02-05T16:00:00+00:00,1.826e-05,107.54
2025-02-06 00:00:00.001000+00:00,1738800000001,2025-02-06T00:00:00.001000+00:00,4.038e-05,103.3
2025-02-06 08:00:00.001000+00:00,1738828800001,2025-02-06T08:00:00.001000+00:00,-8.9e-06,107.06
2025-02-06 16:00:00+00:00,1738857600000,2025-02-06T16:00:00+00:00,0.0001,101.94
2025-02-07 00:00:00+00:00,1738886400000,2025-02-07T00:00:00+00:00,-1.808e-05,101.61767766
2025-02-07 08:00:00+00:00,1738915200000,2025-02-07T08:00:00+00:00,2.226e-05,105.07211283
2025-02-07 16:00:00+00:00,1738944000000,2025-02-07T16:00:00+00:00,0.0001,106.05
2025-02-08 00:00:00+00:00,1738972800000,2025-02-08T00:00:00+00:00,7.416e-05,103.06097881
2025-02-08 08:00:00+00:00,1739001600000,2025-02-08T08:00:00+00:00,7.89e-05,102.94
2025-02-08 16:00:00+00:00,1739030400000,2025-02-08T16:00:00+00:00,0.0001,102.51034967
2025-02-09 00:00:00+00:00,1739059200000,2025-02-09T00:00:00+00:00,0.0001,104.6540617
2025-02-09 08:00:00+00:00,1739088000000,2025-02-09T08:00:00+00:00,0.0001,106.86
2025-02-09 16:00:00+00:00,1739116800000,2025-02-09T16:00:00+00:00,0.0001,107.97
2025-02-10 00:00:00+00:00,1739145600000,2025-02-10T00:00:00+00:00,8.742e-05,107.14
2025-02-10 08:00:00+00:00,1739174400000,2025-02-10T08:00:00+00:00,7.962e-05,115.20861186
2025-02-10 16:00:00+00:00,1739203200000,2025-02-10T16:00:00+00:00,0.0001,117.97
2025-02-11 00:00:00+00:00,1739232000000,2025-02-11T00:00:00+00:00,0.0001,120.17
2025-02-11 08:00:00+00:00,1739260800000,2025-02-11T08:00:00+00:00,0.0001,129.35
2025-02-11 16:00:00+00:00,1739289600000,2025-02-11T16:00:00+00:00,0.0001,125.04
2025-02-12 00:00:00+00:00,1739318400000,2025-02-12T00:00:00+00:00,0.0001,119.25799697
2025-02-12 08:00:00+00:00,1739347200000,2025-02-12T08:00:00+00:00,0.0001,116.91
2025-02-12 16:00:00.001000+00:00,1739376000001,2025-02-12T16:00:00.001000+00:00,4.58e-05,115.77
2025-02-13 00:00:00.001000+00:00,1739404800001,2025-02-13T00:00:00.001000+00:00,4.576e-05,122.01
2025-02-13 08:00:00+00:00,1739433600000,2025-02-13T08:00:00+00:00,0.0001,121.72078182
2025-02-13 16:00:00.001000+00:00,1739462400001,2025-02-13T16:00:00.001000+00:00,-5.12e-06,122.41
2025-02-14 00:00:00+00:00,1739491200000,2025-02-14T00:00:00+00:00,0.0001,126.54612226
2025-02-14 08:00:00.001000+00:00,1739520000001,2025-02-14T08:00:00.001000+00:00,9.246e-05,126.95859798
2025-02-14 16:00:00+00:00,1739548800000,2025-02-14T16:00:00+00:00,9.045e-05,127.84763838
2025-02-15 00:00:00+00:00,1739577600000,2025-02-15T00:00:00+00:00,9.551e-05,124.83137879
2025-02-15 08:00:00+00:00,1739606400000,2025-02-15T08:00:00+00:00,0.0001,129.45605657
2025-02-15 16:00:00+00:00,1739635200000,2025-02-15T16:00:00+00:00,0.0001,133.76
2025-02-16 00:00:00+00:00,1739664000000,2025-02-16T00:00:00+00:00,4.247e-05,133.76
2025-02-16 08:00:00+00:00,1739692800000,2025-02-16T08:00:00+00:00,6.578e-05,132.39971111
2025-02-16 16:00:00+00:00,1739721600000,2025-02-16T16:00:00+00:00,4.713e-05,127.02
2025-02-17 00:00:00+00:00,1739750400000,2025-02-17T00:00:00+00:00,2.435e-05,125.64
2025-02-17 08:00:00+00:00,1739779200000,2025-02-17T08:00:00+00:00,3.215e-05,125.42865354
2025-02-17 16:00:00+00:00,1739808000000,2025-02-17T16:00:00+00:00,6.255e-05,122.03623636
2025-02-18 00:00:00+00:00,1739836800000,2025-02-18T00:00:00+00:00,5.268e-05,122.25313131
2025-02-18 08:00:00+00:00,1739865600000,2025-02-18T08:00:00+00:00,5.344e-05,122.52
2025-02-18 16:00:00+00:00,1739894400000,2025-02-18T16:00:00+00:00,4.877e-05,124.76
2025-02-19 00:00:00+00:00,1739923200000,2025-02-19T00:00:00+00:00,0.0001,129.69721212
2025-02-19 08:00:00+00:00,1739952000000,2025-02-19T08:00:00+00:00,0.0001,134.70806792
2025-02-19 16:00:00+00:00,1739980800000,2025-02-19T16:00:00+00:00,0.0001,136.45363434
2025-02-20 00:00:00+00:00,1740009600000,2025-02-20T00:00:00+00:00,0.0001,134.82
2025-02-20 08:00:00+00:00,1740038400000,2025-02-20T08:00:00+00:00,6.084e-05,129.49
2025-02-20 16:00:00+00:00,1740067200000,2025-02-20T16:00:00+00:00,4.316e-05,127.85
2025-02-21 00:00:00.001000+00:00,1740096000001,2025-02-21T00:00:00.001000+00:00,-7.509e-05,130.78
2025-02-21 08:00:00+00:00,1740124800000,2025-02-21T08:00:00+00:00,9.19e-05,132.75
2025-02-21 16:00:00+00:00,1740153600000,2025-02-21T16:00:00+00:00,1.303e-05,132.81
2025-02-22 00:00:00+00:00,1740182400000,2025-02-22T00:00:00+00:00,0.0001,127.96
2025-02-22 08:00:00+00:00,1740211200000,2025-02-22T08:00:00+00:00,2.16e-05,127.41683386
2025-02-22 16:00:00+00:00,1740240000000,2025-02-22T16:00:00+00:00,2.646e-05,128.47
2025-02-23 00:00:00+00:00,1740268800000,2025-02-23T00:00:00+00:00,4.918e-05,125.84
2025-02-23 08:00:00+00:00,1740297600000,2025-02-23T08:00:00+00:00,-4.434e-05,128.08310202
2025-02-23 16:00:00+00:00,1740326400000,2025-02-23T16:00:00+00:00,7.077e-05,127.0882596
2025-02-24 00:00:00+00:00,1740355200000,2025-02-24T00:00:00+00:00,2.82e-06,129.8
2025-02-24 08:00:00+00:00,1740384000000,2025-02-24T08:00:00+00:00,-1.33e-06,123.86
2025-02-24 16:00:00+00:00,1740412800000,2025-02-24T16:00:00+00:00,1.512e-05,122.35
2025-02-25 00:00:00+00:00,1740441600000,2025-02-25T00:00:00+00:00,-5.916e-05,114.70128182
2025-02-25 08:00:00+00:00,1740470400000,2025-02-25T08:00:00+00:00,-4.579e-05,110.06309509
2025-02-25 16:00:00+00:00,1740499200000,2025-02-25T16:00:00+00:00,-2.93e-06,111.65248589
2025-02-26 00:00:00+00:00,1740528000000,2025-02-26T00:00:00+00:00,-6.149e-05,114.51
2025-02-26 08:00:00+00:00,1740556800000,2025-02-26T08:00:00+00:00,-3.957e-05,119.18
2025-02-26 16:00:00+00:00,1740585600000,2025-02-26T16:00:00+00:00,0.0001,126.35
2025-02-27 00:00:00.001000+00:00,1740614400001,2025-02-27T00:00:00.001000+00:00,0.0001,124.62
2025-02-27 08:00:00+00:00,1740643200000,2025-02-27T08:00:00+00:00,0.0001,129.46
2025-02-27 16:00:00+00:00,1740672000000,2025-02-27T16:00:00+00:00,0.0001,128.67
2025-02-28 00:00:00.001000+00:00,1740700800001,2025-02-28T00:00:00.001000+00:00,4.549e-05,126.8
2025-02-28 08:00:00+00:00,1740729600000,2025-02-28T08:00:00+00:00,7.645e-05,115.85139596
2025-02-28 16:00:00+00:00,1740758400000,2025-02-28T16:00:00+00:00,-2.674e-05,124.92
2025-03-01 00:00:00+00:00,1740787200000,2025-03-01T00:00:00+00:00,0.0001,128.01173737
2025-03-01 08:00:00+00:00,1740816000000,2025-03-01T08:00:00+00:00,0.0001,126.23
2025-03-01 16:00:00.001000+00:00,1740844800001,2025-03-01T16:00:00.001000+00:00,0.0001,125.11061919
2025-03-02 00:00:00+00:00,1740873600000,2025-03-02T00:00:00+00:00,3.025e-05,124.24
2025-03-02 08:00:00+00:00,1740902400000,2025-03-02T08:00:00+00:00,-3.215e-05,122.16569798
2025-03-02 16:00:00+00:00,1740931200000,2025-03-02T16:00:00+00:00,-9.643e-05,121.34049697
2025-03-03 00:00:00.001000+00:00,1740960000001,2025-03-03T00:00:00.001000+00:00,5.065e-05,127.79564848
2025-03-03 08:00:00+00:00,1740988800000,2025-03-03T08:00:00+00:00,-2.138e-05,118.67946395
2025-03-03 16:00:00+00:00,1741017600000,2025-03-03T16:00:00+00:00,-0.00015283,113.68
2025-03-04 00:00:00.001000+00:00,1741046400001,2025-03-04T00:00:00.001000+00:00,-0.00014663,109.8
2025-03-04 08:00:00.005000+00:00,1741075200005,2025-03-04T08:00:00.005000+00:00,2.847e-05,101.09016061
2025-03-04 16:00:00+00:00,1741104000000,2025-03-04T16:00:00+00:00,5.92e-06,99.98104747
2025-03-05 00:00:00+00:00,1741132800000,2025-03-05T00:00:00+00:00,-7.971e-05,103.57563939
2025-03-05 08:00:00+00:00,1741161600000,2025-03-05T08:00:00+00:00,-3.888e-05,102.41249192
2025-03-05 16:00:00+00:00,1741190400000,2025-03-05T16:00:00+00:00,-1.44e-05,101.90982424
2025-03-06 00:00:00+00:00,1741219200000,2025-03-06T00:00:00+00:00,-0.0001095,104.67827475
2025-03-06 08:00:00.001000+00:00,1741248000001,2025-03-06T08:00:00.001000+00:00,4.167e-05,108.07810808
2025-03-06 16:00:00+00:00,1741276800000,2025-03-06T16:00:00+00:00,-6.75e-06,105.38
2025-03-07 00:00:00+00:00,1741305600000,2025-03-07T00:00:00+00:00,-9.355e-05,103.33132323
2025-03-07 08:00:00.001000+00:00,1741334400001,2025-03-07T08:00:00.001000+00:00,3.138e-05,102.65
2025-03-07 16:00:00+00:00,1741363200000,2025-03-07T16:00:00+00:00,0.0001,104.1692596
2025-03-08 00:00:00+00:00,1741392000000,2025-03-08T00:00:00+00:00,3.051e-05,103.66
2025-03-08 08:00:00.001000+00:00,1741420800001,2025-03-08T08:00:00.001000+00:00,4.478e-05,105.32454747
2025-03-08 16:00:00.001000+00:00,1741449600001,2025-03-08T16:00:00.001000+00:00,4.362e-05,103.86
2025-03-09 00:00:00.001000+00:00,1741478400001,2025-03-09T00:00:00.001000+00:00,7.58e-06,102.31
2025-03-09 08:00:00+00:00,1741507200000,2025-03-09T08:00:00+00:00,4.768e-05,101.34736768
2025-03-09 16:00:00+00:00,1741536000000,2025-03-09T16:00:00+00:00,1.68e-06,99.87750404
2025-03-10 00:00:00+00:00,1741564800000,2025-03-10T00:00:00+00:00,3.931e-05,94.55
2025-03-10 08:00:00+00:00,1741593600000,2025-03-10T08:00:00+00:00,6.624e-05,96.28973333
2025-03-10 16:00:00+00:00,1741622400000,2025-03-10T16:00:00+00:00,1.65e-05,92.83167778
2025-03-11 00:00:00+00:00,1741651200000,2025-03-11T00:00:00+00:00,7.274e-05,87.44
2025-03-11 08:00:00+00:00,1741680000000,2025-03-11T08:00:00+00:00,7.883e-05,88.00595716
2025-03-11 16:00:00.001000+00:00,1741708800001,2025-03-11T16:00:00.001000+00:00,4.265e-05,89.92
2025-03-12 00:00:00+00:00,1741737600000,2025-03-12T00:00:00+00:00,2.203e-05,90.41
2025-03-12 08:00:00+00:00,1741766400000,2025-03-12T08:00:00+00:00,2.699e-05,89.94550606
2025-03-12 16:00:00.001000+00:00,1741795200001,2025-03-12T16:00:00.001000+00:00,3.589e-05,89.75865455
2025-03-13 00:00:00+00:00,1741824000000,2025-03-13T00:00:00+00:00,0.0001,91.47194242
2025-03-13 08:00:00+00:00,1741852800000,2025-03-13T08:00:00+00:00,6.704e-05,89.23603939
2025-03-13 16:00:00+00:00,1741881600000,2025-03-13T16:00:00+00:00,-6.23e-06,88.54
2025-03-14 00:00:00+00:00,1741910400000,2025-03-14T00:00:00+00:00,3.296e-05,88.04
2025-03-14 08:00:00+00:00,1741939200000,2025-03-14T08:00:00+00:00,9.122e-05,89.24
2025-03-14 16:00:00+00:00,1741968000000,2025-03-14T16:00:00+00:00,7.961e-05,91.36
2025-03-15 00:00:00+00:00,1741996800000,2025-03-15T00:00:00+00:00,1.857e-05,91.28
2025-03-15 08:00:00+00:00,1742025600000,2025-03-15T08:00:00+00:00,6.566e-05,91.51
2025-03-15 16:00:00+00:00,1742054400000,2025-03-15T16:00:00+00:00,4.439e-05,92.61
2025-03-16 00:00:00+00:00,1742083200000,2025-03-16T00:00:00+00:00,7.86e-06,92.4
2025-03-16 08:00:00+00:00,1742112000000,2025-03-16T08:00:00+00:00,-2.583e-05,92.1
2025-03-16 16:00:00+00:00,1742140800000,2025-03-16T16:00:00+00:00,-2.94e-05,89.16340505
2025-03-17 00:00:00+00:00,1742169600000,2025-03-17T00:00:00+00:00,9.802e-05,90.17924646
2025-03-17 08:00:00+00:00,1742198400000,2025-03-17T08:00:00+00:00,0.0001,92.21250261
2025-03-17 16:00:00+00:00,1742227200000,2025-03-17T16:00:00+00:00,8.461e-05,93.44
2025-03-18 00:00:00+00:00,1742256000000,2025-03-18T00:00:00+00:00,1.365e-05,92.23041693
2025-03-18 08:00:00+00:00,1742284800000,2025-03-18T08:00:00+00:00,-3.488e-05,89.47
2025-03-18 16:00:00+00:00,1742313600000,2025-03-18T16:00:00+00:00,-5.32e-05,88.16
2025-03-19 00:00:00+00:00,1742342400000,2025-03-19T00:00:00+00:00,2.047e-05,89.98
2025-03-19 08:00:00+00:00,1742371200000,2025-03-19T08:00:00+00:00,0.0001,89.6
2025-03-19 16:00:00+00:00,1742400000000,2025-03-19T16:00:00+00:00,0.0001,92.12
2025-03-20 00:00:00+00:00,1742428800000,2025-03-20T00:00:00+00:00,0.0001,94.05
2025-03-20 08:00:00+00:00,1742457600000,2025-03-20T08:00:00+00:00,0.0001,92.08338788
2025-03-20 16:00:00+00:00,1742486400000,2025-03-20T16:00:00+00:00,3.286e-05,91.57587677
2025-03-21 00:00:00+00:00,1742515200000,2025-03-21T00:00:00+00:00,0.0001,93.22768485
2025-03-21 08:00:00+00:00,1742544000000,2025-03-21T08:00:00+00:00,0.0001,92.66
2025-03-21 16:00:00+00:00,1742572800000,2025-03-21T16:00:00+00:00,5.724e-05,93.37
2025-03-22 00:00:00+00:00,1742601600000,2025-03-22T00:00:00+00:00,-3.025e-05,90.8
2025-03-22 08:00:00.004000+00:00,1742630400004,2025-03-22T08:00:00.004000+00:00,-0.00011728,91.02
2025-03-22 16:00:00+00:00,1742659200000,2025-03-22T16:00:00+00:00,-5.77e-05,90.85540505
2025-03-23 00:00:00+00:00,1742688000000,2025-03-23T00:00:00+00:00,0.0001,91.34
2025-03-23 08:00:00+00:00,1742716800000,2025-03-23T08:00:00+00:00,7.205e-05,91.63
2025-03-23 16:00:00+00:00,1742745600000,2025-03-23T16:00:00+00:00,5.394e-05,92.69
2025-03-24 00:00:00+00:00,1742774400000,2025-03-24T00:00:00+00:00,1.185e-05,91.44284646
2025-03-24 08:00:00+00:00,1742803200000,2025-03-24T08:00:00+00:00,0.0001,92.77579091
2025-03-24 16:00:00+00:00,1742832000000,2025-03-24T16:00:00+00:00,0.0001,94.1
2025-03-25 00:00:00.001000+00:00,1742860800001,2025-03-25T00:00:00.001000+00:00,0.0001,93.73586162
2025-03-25 08:00:00+00:00,1742889600000,2025-03-25T08:00:00+00:00,1.618e-05,92.33
2025-03-25 16:00:00+00:00,1742918400000,2025-03-25T16:00:00+00:00,5.758e-05,93.39117071
2025-03-26 00:00:00+00:00,1742947200000,2025-03-26T00:00:00+00:00,0.0001,94.33
2025-03-26 08:00:00+00:00,1742976000000,2025-03-26T08:00:00+00:00,0.0001,95.67327475
2025-03-26 16:00:00.001000+00:00,1743004800001,2025-03-26T16:00:00.001000+00:00,5.366e-05,93.02026364
2025-03-27 00:00:00.001000+00:00,1743033600001,2025-03-27T00:00:00.001000+00:00,-7.575e-05,92.38
2025-03-27 08:00:00.001000+00:00,1743062400001,2025-03-27T08:00:00.001000+00:00,8.625e-05,94.24503333
2025-03-27 16:00:00.002000+00:00,1743091200002,2025-03-27T16:00:00.002000+00:00,5.047e-05,93.27141414
2025-03-28 00:00:00.001000+00:00,1743120000001,2025-03-28T00:00:00.001000+00:00,6.315e-05,92.73542424
2025-03-28 08:00:00.001000+00:00,1743148800001,2025-03-28T08:00:00.001000+00:00,-6.276e-05,88.30275354
2025-03-28 16:00:00+00:00,1743177600000,2025-03-28T16:00:00+00:00,-8.558e-05,87.21
2025-03-29 00:00:00+00:00,1743206400000,2025-03-29T00:00:00+00:00,-7.747e-05,87.3
2025-03-29 08:00:00+00:00,1743235200000,2025-03-29T08:00:00+00:00,2.072e-05,86.07
2025-03-29 16:00:00+00:00,1743264000000,2025-03-29T16:00:00+00:00,5.748e-05,85.97
2025-03-30 00:00:00+00:00,1743292800000,2025-03-30T00:00:00+00:00,2.399e-05,85.4
2025-03-30 08:00:00+00:00,1743321600000,2025-03-30T08:00:00+00:00,-1.431e-05,86.08
2025-03-30 16:00:00+00:00,1743350400000,2025-03-30T16:00:00+00:00,4.67e-06,86.38
2025-03-31 00:00:00+00:00,1743379200000,2025-03-31T00:00:00+00:00,3.919e-05,86.05
2025-03-31 08:00:00+00:00,1743408000000,2025-03-31T08:00:00+00:00,-9.92e-06,83.66
2025-03-31 16:00:00+00:00,1743436800000,2025-03-31T16:00:00+00:00,-2.286e-05,83.18
2025-04-01 00:00:00+00:00,1743465600000,2025-04-01T00:00:00+00:00,7.19e-06,82.94
2025-04-01 08:00:00.001000+00:00,1743494400001,2025-04-01T08:00:00.001000+00:00,7.388e-05,84.2
2025-04-01 16:00:00+00:00,1743523200000,2025-04-01T16:00:00+00:00,7.737e-05,85.61
2025-04-02 00:00:00.001000+00:00,1743552000001,2025-04-02T00:00:00.001000+00:00,4.946e-05,84.44
2025-04-02 08:00:00+00:00,1743580800000,2025-04-02T08:00:00+00:00,-4.258e-05,81.69231414
2025-04-02 16:00:00+00:00,1743609600000,2025-04-02T16:00:00+00:00,4.547e-05,85.66
2025-04-03 00:00:00+00:00,1743638400000,2025-04-03T00:00:00+00:00,7.42e-05,81.48256162
2025-04-03 08:00:00+00:00,1743667200000,2025-04-03T08:00:00+00:00,4.195e-05,83.55440857
2025-04-03 16:00:00+00:00,1743696000000,2025-04-03T16:00:00+00:00,1.435e-05,81.81054336
2025-04-04 00:00:00+00:00,1743724800000,2025-04-04T00:00:00+00:00,0.0001,83.41
2025-04-04 08:00:00+00:00,1743753600000,2025-04-04T08:00:00+00:00,0.0001,84.72910449
2025-04-04 16:00:00+00:00,1743782400000,2025-04-04T16:00:00+00:00,6.546e-05,84.40605657
2025-04-05 00:00:00+00:00,1743811200000,2025-04-05T00:00:00+00:00,0.0001,84.36233535
2025-04-05 08:00:00+00:00,1743840000000,2025-04-05T08:00:00+00:00,0.0001,83.96
2025-04-05 16:00:00+00:00,1743868800000,2025-04-05T16:00:00+00:00,2.9e-05,82.15300404
2025-04-06 00:00:00+00:00,1743897600000,2025-04-06T00:00:00+00:00,-1.134e-05,82.63341111
2025-04-06 08:00:00+00:00,1743926400000,2025-04-06T08:00:00+00:00,0.0001,81.71
2025-04-06 16:00:00.002000+00:00,1743955200002,2025-04-06T16:00:00.002000+00:00,-0.00013622,78.85
2025-04-07 00:00:00+00:00,1743984000000,2025-04-07T00:00:00+00:00,-8.358e-05,70.57
2025-04-07 08:00:00+00:00,1744012800000,2025-04-07T08:00:00+00:00,2.923e-05,64.47928384
2025-04-07 16:00:00+00:00,1744041600000,2025-04-07T16:00:00+00:00,7.016e-05,70.05346162
2025-04-08 00:00:00+00:00,1744070400000,2025-04-08T00:00:00+00:00,7.678e-05,70.96
2025-04-08 08:00:00+00:00,1744099200000,2025-04-08T08:00:00+00:00,5.288e-05,71.43093333
2025-04-08 16:00:00+00:00,1744128000000,2025-04-08T16:00:00+00:00,9.518e-05,71.49626667
2025-04-09 00:00:00+00:00,1744156800000,2025-04-09T00:00:00+00:00,9.147e-05,69.11
2025-04-09 08:00:00.001000+00:00,1744185600001,2025-04-09T08:00:00.001000+00:00,7.646e-05,70.53101616
2025-04-09 16:00:00+00:00,1744214400000,2025-04-09T16:00:00+00:00,0.0001,71.4
2025-04-10 00:00:00+00:00,1744243200000,2025-04-10T00:00:00+00:00,0.0001,76.01
2025-04-10 08:00:00+00:00,1744272000000,2025-04-10T08:00:00+00:00,7.23e-05,74.09321919
2025-04-10 16:00:00+00:00,1744300800000,2025-04-10T16:00:00+00:00,6.559e-05,71.40086364
2025-04-11 00:00:00.001000+00:00,1744329600001,2025-04-11T00:00:00.001000+00:00,4.69e-06,73.76679899
2025-04-11 08:00:00+00:00,1744358400000,2025-04-11T08:00:00+00:00,9.555e-05,75.7036
2025-04-11 16:00:00+00:00,1744387200000,2025-04-11T16:00:00+00:00,7.067e-05,76.27
2025-04-12 00:00:00+00:00,1744416000000,2025-04-12T00:00:00+00:00,0.0001,76.16
2025-04-12 08:00:00.001000+00:00,1744444800001,2025-04-12T08:00:00.001000+00:00,4.64e-06,76.2
2025-04-12 16:00:00+00:00,1744473600000,2025-04-12T16:00:00+00:00,1.377e-05,79.01187147
2025-04-13 00:00:00+00:00,1744502400000,2025-04-13T00:00:00+00:00,9.055e-05,78.59579192
2025-04-13 08:00:00+00:00,1744531200000,2025-04-13T08:00:00+00:00,4.726e-05,78.87428889
2025-04-13 16:00:00+00:00,1744560000000,2025-04-13T16:00:00+00:00,6.836e-05,78.09
2025-04-14 00:00:00+00:00,1744588800000,2025-04-14T00:00:00+00:00,5.708e-05,77.8
2025-04-14 08:00:00+00:00,1744617600000,2025-04-14T08:00:00+00:00,-1.614e-05,77.92
2025-04-14 16:00:00+00:00,1744646400000,2025-04-14T16:00:00+00:00,-2.839e-05,76.41
2025-04-15 00:00:00+00:00,1744675200000,2025-04-15T00:00:00+00:00,1.9e-05,77.13463131
2025-04-15 08:00:00+00:00,1744704000000,2025-04-15T08:00:00+00:00,7.592e-05,78.23941111
2025-04-15 16:00:00.001000+00:00,1744732800001,2025-04-15T16:00:00.001000+00:00,3.026e-05,75.63
2025-04-16 00:00:00+00:00,1744761600000,2025-04-16T00:00:00+00:00,-1.201e-05,75.25
2025-04-16 08:00:00+00:00,1744790400000,2025-04-16T08:00:00+00:00,6.276e-05,75.54
2025-04-16 16:00:00+00:00,1744819200000,2025-04-16T16:00:00+00:00,1.586e-05,74.93870101
2025-04-17 00:00:00.001000+00:00,1744848000001,2025-04-17T00:00:00.001000+00:00,4.367e-05,74.28961818
2025-04-17 08:00:00+00:00,1744876800000,2025-04-17T08:00:00+00:00,7.954e-05,75.43180909
2025-04-17 16:00:00.001000+00:00,1744905600001,2025-04-17T16:00:00.001000+00:00,-2.126e-05,75.08721919
2025-04-18 00:00:00+00:00,1744934400000,2025-04-18T00:00:00+00:00,6.869e-05,74.9
2025-04-18 08:00:00+00:00,1744963200000,2025-04-18T08:00:00+00:00,8.975e-05,75.5244838
2025-04-18 16:00:00+00:00,1744992000000,2025-04-18T16:00:00+00:00,0.0001,75.87
2025-04-19 00:00:00+00:00,1745020800000,2025-04-19T00:00:00+00:00,9.426e-05,75.95622466
2025-04-19 08:00:00+00:00,1745049600000,2025-04-19T08:00:00+00:00,4.348e-05,76.21
2025-04-19 16:00:00+00:00,1745078400000,2025-04-19T16:00:00+00:00,-3.641e-05,75.63666263
2025-04-20 00:00:00+00:00,1745107200000,2025-04-20T00:00:00+00:00,6.623e-05,76.07
2025-04-20 08:00:00+00:00,1745136000000,2025-04-20T08:00:00+00:00,9.834e-05,76.61
2025-04-20 16:00:00+00:00,1745164800000,2025-04-20T16:00:00+00:00,0.0001,75.94
2025-04-21 00:00:00+00:00,1745193600000,2025-04-21T00:00:00+00:00,8.058e-05,77.76
2025-04-21 08:00:00.005000+00:00,1745222400005,2025-04-21T08:00:00.005000+00:00,0.0001,80.30430909
2025-04-21 16:00:00.003000+00:00,1745251200003,2025-04-21T16:00:00.003000+00:00,0.0001,79.85
2025-04-22 00:00:00.008000+00:00,1745280000008,2025-04-22T00:00:00.008000+00:00,0.0001,78.09
2025-04-22 08:00:00+00:00,1745308800000,2025-04-22T08:00:00+00:00,-4.315e-05,79.60126667
2025-04-22 16:00:00+00:00,1745337600000,2025-04-22T16:00:00+00:00,5.691e-05,82.56
2025-04-23 00:00:00+00:00,1745366400000,2025-04-23T00:00:00+00:00,0.0001,83.45
2025-04-23 08:00:00.002000+00:00,1745395200002,2025-04-23T08:00:00.002000+00:00,7.992e-05,84.52995611
2025-04-23 16:00:00+00:00,1745424000000,2025-04-23T16:00:00+00:00,4.354e-05,83.54
2025-04-24 00:00:00+00:00,1745452800000,2025-04-24T00:00:00+00:00,7.547e-05,83.22175975
2025-04-24 08:00:00.001000+00:00,1745481600001,2025-04-24T08:00:00.001000+00:00,0.0001,81.84
2025-04-24 16:00:00.001000+00:00,1745510400001,2025-04-24T16:00:00.001000+00:00,8.956e-05,83.35743774
2025-04-25 00:00:00.007000+00:00,1745539200007,2025-04-25T00:00:00.007000+00:00,0.0001,84.25046918
2025-04-25 08:00:00.002000+00:00,1745568000002,2025-04-25T08:00:00.002000+00:00,0.0001,84.86
2025-04-25 16:00:00.003000+00:00,1745596800003,2025-04-25T16:00:00.003000+00:00,5.107e-05,86.48092738
2025-04-26 00:00:00.002000+00:00,1745625600002,2025-04-26T00:00:00.002000+00:00,9.862e-05,86.25390119
2025-04-26 08:00:00+00:00,1745654400000,2025-04-26T08:00:00+00:00,2.21e-05,87.01
2025-04-26 16:00:00.002000+00:00,1745683200002,2025-04-26T16:00:00.002000+00:00,6.109e-05,86.57780833
2025-04-27 00:00:00.001000+00:00,1745712000001,2025-04-27T00:00:00.001000+00:00,7.91e-05,87.0
2025-04-27 08:00:00+00:00,1745740800000,2025-04-27T08:00:00+00:00,1.042e-05,85.41
2025-04-27 16:00:00+00:00,1745769600000,2025-04-27T16:00:00+00:00,3.925e-05,86.2
2025-04-28 00:00:00.001000+00:00,1745798400001,2025-04-28T00:00:00.001000+00:00,2.905e-05,85.33218719
2025-04-28 08:00:00.003000+00:00,1745827200003,2025-04-28T08:00:00.003000+00:00,8.874e-05,87.41
2025-04-28 16:00:00.005000+00:00,1745856000005,2025-04-28T16:00:00.005000+00:00,-1.083e-05,84.43021765
2025-04-29 00:00:00+00:00,1745884800000,2025-04-29T00:00:00+00:00,5.52e-06,85.63
2025-04-29 08:00:00+00:00,1745913600000,2025-04-29T08:00:00+00:00,6.49e-05,86.7862
2025-04-29 16:00:00.010000+00:00,1745942400010,2025-04-29T16:00:00.010000+00:00,1.362e-05,85.16136863
2025-04-30 00:00:00.001000+00:00,1745971200001,2025-04-30T00:00:00.001000+00:00,-2.609e-05,85.51690196
2025-04-30 08:00:00+00:00,1746000000000,2025-04-30T08:00:00+00:00,1.778e-05,84.69
2025-04-30 16:00:00.003000+00:00,1746028800003,2025-04-30T16:00:00.003000+00:00,-3.44e-05,82.7976402
2025-05-01 00:00:00+00:00,1746057600000,2025-05-01T00:00:00+00:00,6.676e-05,83.48777353
2025-05-01 08:00:00+00:00,1746086400000,2025-05-01T08:00:00+00:00,6.753e-05,84.89211765
2025-05-01 16:00:00.001000+00:00,1746115200001,2025-05-01T16:00:00.001000+00:00,0.0001,87.52768256
2025-05-02 00:00:00+00:00,1746144000000,2025-05-02T00:00:00+00:00,0.0001,88.81835098
2025-05-02 08:00:00+00:00,1746172800000,2025-05-02T08:00:00+00:00,3.098e-05,87.9
2025-05-02 16:00:00.003000+00:00,1746201600003,2025-05-02T16:00:00.003000+00:00,-5.326e-05,88.26
2025-05-03 00:00:00+00:00,1746230400000,2025-05-03T00:00:00+00:00,3.254e-05,87.91150507
2025-05-03 08:00:00+00:00,1746259200000,2025-05-03T08:00:00+00:00,2.219e-05,86.8
2025-05-03 16:00:00+00:00,1746288000000,2025-05-03T16:00:00+00:00,-2.813e-05,86.77
2025-05-04 00:00:00.001000+00:00,1746316800001,2025-05-04T00:00:00.001000+00:00,-4.726e-05,86.5
2025-05-04 08:00:00.001000+00:00,1746345600001,2025-05-04T08:00:00.001000+00:00,-5.661e-05,86.3
2025-05-04 16:00:00.002000+00:00,1746374400002,2025-05-04T16:00:00.002000+00:00,-3.603e-05,86.6
2025-05-05 00:00:00+00:00,1746403200000,2025-05-05T00:00:00+00:00,-1.888e-05,84.99226275
2025-05-05 08:00:00+00:00,1746432000000,2025-05-05T08:00:00+00:00,7.24e-05,87.90269804
2025-05-05 16:00:00.006000+00:00,1746460800006,2025-05-05T16:00:00.006000+00:00,1.679e-05,85.67699902
2025-05-06 00:00:00.002000+00:00,1746489600002,2025-05-06T00:00:00.002000+00:00,-0.00016366,83.18
2025-05-06 08:00:00.005000+00:00,1746518400005,2025-05-06T08:00:00.005000+00:00,-5.614e-05,81.92828824
2025-05-06 16:00:00+00:00,1746547200000,2025-05-06T16:00:00+00:00,-2.471e-05,82.25
2025-05-07 00:00:00.002000+00:00,1746576000002,2025-05-07T00:00:00.002000+00:00,0.0001,91.57
2025-05-07 08:00:00+00:00,1746604800000,2025-05-07T08:00:00+00:00,0.0001,92.47779118
2025-05-07 16:00:00.006000+00:00,1746633600006,2025-05-07T16:00:00.006000+00:00,0.0001,88.75
2025-05-08 00:00:00+00:00,1746662400000,2025-05-08T00:00:00+00:00,4.916e-05,89.5
2025-05-08 08:00:00.001000+00:00,1746691200001,2025-05-08T08:00:00.001000+00:00,0.0001,92.45310784
2025-05-08 16:00:00.002000+00:00,1746720000002,2025-05-08T16:00:00.002000+00:00,0.0001,93.12578039
2025-05-09 00:00:00.001000+00:00,1746748800001,2025-05-09T00:00:00.001000+00:00,0.0001,94.9625701
2025-05-09 08:00:00.006000+00:00,1746777600006,2025-05-09T08:00:00.006000+00:00,0.0001,98.07426176
2025-05-09 16:00:00+00:00,1746806400000,2025-05-09T16:00:00+00:00,0.0001,98.33
2025-05-10 00:00:00.001000+00:00,1746835200001,2025-05-10T00:00:00.001000+00:00,0.0001,100.50628578
2025-05-10 08:00:00+00:00,1746864000000,2025-05-10T08:00:00+00:00,0.0001,103.91653922
2025-05-10 16:00:00.001000+00:00,1746892800001,2025-05-10T16:00:00.001000+00:00,0.0001,101.79278235
2025-05-11 00:00:00+00:00,1746921600000,2025-05-11T00:00:00+00:00,0.0001,105.23905784
2025-05-11 08:00:00.001000+00:00,1746950400001,2025-05-11T08:00:00.001000+00:00,0.0001,100.62099951
2025-05-11 16:00:00.001000+00:00,1746979200001,2025-05-11T16:00:00.001000+00:00,1.565e-05,99.36
2025-05-12 00:00:00.004000+00:00,1747008000004,2025-05-12T00:00:00.004000+00:00,0.0001,100.08
2025-05-12 08:00:00+00:00,1747036800000,2025-05-12T08:00:00+00:00,0.0001,102.23676618
2025-05-12 16:00:00+00:00,1747065600000,2025-05-12T16:00:00+00:00,0.0001,100.35169314
2025-05-13 00:00:00+00:00,1747094400000,2025-05-13T00:00:00+00:00,0.0001,103.82
2025-05-13 08:00:00.008000+00:00,1747123200008,2025-05-13T08:00:00.008000+00:00,0.0001,102.51
2025-05-13 16:00:00.001000+00:00,1747152000001,2025-05-13T16:00:00.001000+00:00,0.0001,101.11192157
2025-05-14 00:00:00.007000+00:00,1747180800007,2025-05-14T00:00:00.007000+00:00,0.0001,103.38500245
2025-05-14 08:00:00+00:00,1747209600000,2025-05-14T08:00:00+00:00,0.0001,104.39850392
2025-05-14 16:00:00.002000+00:00,1747238400002,2025-05-14T16:00:00.002000+00:00,-2.092e-05,99.93162206
2025-05-15 00:00:00+00:00,1747267200000,2025-05-15T00:00:00+00:00,7.952e-05,100.91
2025-05-15 08:00:00.003000+00:00,1747296000003,2025-05-15T08:00:00.003000+00:00,0.0001,95.68163971
2025-05-15 16:00:00+00:00,1747324800000,2025-05-15T16:00:00+00:00,4.163e-05,98.37
2025-05-16 00:00:00.001000+00:00,1747353600001,2025-05-16T00:00:00.001000+00:00,6.053e-05,99.21994608
2025-05-16 08:00:00+00:00,1747382400000,2025-05-16T08:00:00+00:00,0.0001,99.84
2025-05-16 16:00:00+00:00,1747411200000,2025-05-16T16:00:00+00:00,0.0001,101.5139549
2025-05-17 00:00:00+00:00,1747440000000,2025-05-17T00:00:00+00:00,0.0001,99.41
2025-05-17 08:00:00.001000+00:00,1747468800001,2025-05-17T08:00:00.001000+00:00,0.0001,100.49
2025-05-17 16:00:00.004000+00:00,1747497600004,2025-05-17T16:00:00.004000+00:00,1.214e-05,97.56062745
2025-05-18 00:00:00+00:00,1747526400000,2025-05-18T00:00:00+00:00,-2.55e-05,96.00806863
2025-05-18 08:00:00+00:00,1747555200000,2025-05-18T08:00:00+00:00,9.092e-05,98.6
2025-05-18 16:00:00+00:00,1747584000000,2025-05-18T16:00:00+00:00,0.0001,101.81
2025-05-19 00:00:00+00:00,1747612800000,2025-05-19T00:00:00+00:00,6.696e-05,100.89
2025-05-19 08:00:00.006000+00:00,1747641600006,2025-05-19T08:00:00.006000+00:00,-6.281e-05,95.64844118
2025-05-19 16:00:00.010000+00:00,1747670400010,2025-05-19T16:00:00.010000+00:00,4.442e-05,97.74046078
2025-05-20 00:00:00+00:00,1747699200000,2025-05-20T00:00:00+00:00,0.0001,98.23
2025-05-20 08:00:00.002000+00:00,1747728000002,2025-05-20T08:00:00.002000+00:00,1.634e-05,93.87092323
2025-05-20 16:00:00+00:00,1747756800000,2025-05-20T16:00:00+00:00,-0.00017607,93.82
2025-05-21 00:00:00+00:00,1747785600000,2025-05-21T00:00:00+00:00,-2.126e-05,94.4100549
2025-05-21 08:00:00.001000+00:00,1747814400001,2025-05-21T08:00:00.001000+00:00,5.215e-05,94.7
2025-05-21 16:00:00.004000+00:00,1747843200004,2025-05-21T16:00:00.004000+00:00,9.133e-05,96.6
2025-05-22 00:00:00.001000+00:00,1747872000001,2025-05-22T00:00:00.001000+00:00,0.0001,97.05
2025-05-22 08:00:00+00:00,1747900800000,2025-05-22T08:00:00+00:00,0.0001,99.0536348
2025-05-22 16:00:00.002000+00:00,1747929600002,2025-05-22T16:00:00.002000+00:00,0.0001,99.16
2025-05-23 00:00:00.006000+00:00,1747958400006,2025-05-23T00:00:00.006000+00:00,0.0001,100.22
2025-05-23 08:00:00+00:00,1747987200000,2025-05-23T08:00:00+00:00,0.0001,100.01
2025-05-23 16:00:00.007000+00:00,1748016000007,2025-05-23T16:00:00.007000+00:00,0.0001,98.3
2025-05-24 00:00:00.010000+00:00,1748044800010,2025-05-24T00:00:00.010000+00:00,6.597e-05,95.19617402
2025-05-24 08:00:00+00:00,1748073600000,2025-05-24T08:00:00+00:00,-2.786e-05,96.56
2025-05-24 16:00:00.003000+00:00,1748102400003,2025-05-24T16:00:00.003000+00:00,-4.744e-05,96.89087843
2025-05-25 00:00:00.004000+00:00,1748131200004,2025-05-25T00:00:00.004000+00:00,-1.169e-05,95.56
2025-05-25 08:00:00+00:00,1748160000000,2025-05-25T08:00:00+00:00,-1.146e-05,95.23
2025-05-25 16:00:00+00:00,1748188800000,2025-05-25T16:00:00+00:00,-2.337e-05,94.29178578
2025-05-26 00:00:00+00:00,1748217600000,2025-05-26T00:00:00+00:00,-3.6e-06,95.55
2025-05-26 08:00:00+00:00,1748246400000,2025-05-26T08:00:00+00:00,7.32e-05,96.96051176
2025-05-26 16:00:00.002000+00:00,1748275200002,2025-05-26T16:00:00.002000+00:00,0.0001,97.13021569
2025-05-27 00:00:00.003000+00:00,1748304000003,2025-05-27T00:00:00.003000+00:00,2.165e-05,94.96
2025-05-27 08:00:00.001000+00:00,1748332800001,2025-05-27T08:00:00.001000+00:00,4.652e-05,95.51
2025-05-27 16:00:00.005000+00:00,1748361600005,2025-05-27T16:00:00.005000+00:00,0.0001,96.3
2025-05-28 00:00:00.002000+00:00,1748390400002,2025-05-28T00:00:00.002000+00:00,0.0001,95.86
2025-05-28 08:00:00.003000+00:00,1748419200003,2025-05-28T08:00:00.003000+00:00,0.0001,95.47297157
2025-05-28 16:00:00.002000+00:00,1748448000002,2025-05-28T16:00:00.002000+00:00,6.471e-05,94.4
2025-05-29 00:00:00+00:00,1748476800000,2025-05-29T00:00:00+00:00,1.685e-05,95.34451471
2025-05-29 08:00:00.006000+00:00,1748505600006,2025-05-29T08:00:00.006000+00:00,0.0001,96.96
2025-05-29 16:00:00+00:00,1748534400000,2025-05-29T16:00:00+00:00,0.0001,95.71
2025-05-30 00:00:00.003000+00:00,1748563200003,2025-05-30T00:00:00.003000+00:00,-1.066e-05,93.15684951
2025-05-30 08:00:00.003000+00:00,1748592000003,2025-05-30T08:00:00.003000+00:00,-3.54e-05,90.51296765
2025-05-30 16:00:00+00:00,1748620800000,2025-05-30T16:00:00+00:00,4.087e-05,89.5576341
2025-05-31 00:00:00+00:00,1748649600000,2025-05-31T00:00:00+00:00,-9.36e-06,85.56995588
2025-05-31 08:00:00+00:00,1748678400000,2025-05-31T08:00:00+00:00,-3.925e-05,84.94
2025-05-31 16:00:00+00:00,1748707200000,2025-05-31T16:00:00+00:00,3e-08,86.98
2025-06-01 00:00:00.001000+00:00,1748736000001,2025-06-01T00:00:00.001000+00:00,5.547e-05,87.0
2025-06-01 08:00:00.002000+00:00,1748764800002,2025-06-01T08:00:00.002000+00:00,4.739e-05,86.56937941
2025-06-01 16:00:00+00:00,1748793600000,2025-06-01T16:00:00+00:00,4.365e-05,87.69
2025-06-02 00:00:00.001000+00:00,1748822400001,2025-06-02T00:00:00.001000+00:00,4.351e-05,88.36
2025-06-02 08:00:00+00:00,1748851200000,2025-06-02T08:00:00+00:00,3.459e-05,89.01
2025-06-02 16:00:00+00:00,1748880000000,2025-06-02T16:00:00+00:00,8.828e-05,88.39
2025-06-03 00:00:00+00:00,1748908800000,2025-06-03T00:00:00+00:00,0.0001,89.49
2025-06-03 08:00:00+00:00,1748937600000,2025-06-03T08:00:00+00:00,7.223e-05,89.41
2025-06-03 16:00:00.001000+00:00,1748966400001,2025-06-03T16:00:00.001000+00:00,3.138e-05,89.84
2025-06-04 00:00:00+00:00,1748995200000,2025-06-04T00:00:00+00:00,0.0001,89.45212255
2025-06-04 08:00:00+00:00,1749024000000,2025-06-04T08:00:00+00:00,0.0001,90.27
2025-06-04 16:00:00+00:00,1749052800000,2025-06-04T16:00:00+00:00,4.785e-05,90.01
2025-06-05 00:00:00.016000+00:00,1749081600016,2025-06-05T00:00:00.016000+00:00,2.507e-05,87.92592745
2025-06-05 08:00:00+00:00,1749110400000,2025-06-05T08:00:00+00:00,6.14e-05,87.45774217
2025-06-05 16:00:00+00:00,1749139200000,2025-06-05T16:00:00+00:00,1.757e-05,87.49
2025-06-06 00:00:00.002000+00:00,1749168000002,2025-06-06T00:00:00.002000+00:00,-3.664e-05,83.53
2025-06-06 08:00:00+00:00,1749196800000,2025-06-06T08:00:00+00:00,6.182e-05,83.83
2025-06-06 16:00:00.006000+00:00,1749225600006,2025-06-06T16:00:00.006000+00:00,3.071e-05,86.54242157
2025-06-07 00:00:00+00:00,1749254400000,2025-06-07T00:00:00+00:00,8.48e-05,87.22
2025-06-07 08:00:00+00:00,1749283200000,2025-06-07T08:00:00+00:00,6.601e-05,88.29
2025-06-07 16:00:00.002000+00:00,1749312000002,2025-06-07T16:00:00.002000+00:00,9.784e-05,88.94
2025-06-08 00:00:00+00:00,1749340800000,2025-06-08T00:00:00+00:00,0.0001,88.28127647
2025-06-08 08:00:00+00:00,1749369600000,2025-06-08T08:00:00+00:00,0.0001,87.16645294
2025-06-08 16:00:00+00:00,1749398400000,2025-06-08T16:00:00+00:00,2.35e-06,88.01
2025-06-09 00:00:00+00:00,1749427200000,2025-06-09T00:00:00+00:00,4.776e-05,87.15
2025-06-09 08:00:00.001000+00:00,1749456000001,2025-06-09T08:00:00.001000+00:00,5.052e-05,86.95034167
2025-06-09 16:00:00.001000+00:00,1749484800001,2025-06-09T16:00:00.001000+00:00,6.561e-05,88.06
2025-06-10 00:00:00+00:00,1749513600000,2025-06-10T00:00:00+00:00,9.588e-05,90.69
2025-06-10 08:00:00.001000+00:00,1749542400001,2025-06-10T08:00:00.001000+00:00,0.0001,90.12066667
2025-06-10 16:00:00.003000+00:00,1749571200003,2025-06-10T16:00:00.003000+00:00,0.0001,90.92
2025-06-11 00:00:00+00:00,1749600000000,2025-06-11T00:00:00+00:00,0.0001,93.28511176
2025-06-11 08:00:00+00:00,1749628800000,2025-06-11T08:00:00+00:00,0.0001,91.66
2025-06-11 16:00:00.010000+00:00,1749657600010,2025-06-11T16:00:00.010000+00:00,0.0001,93.35
2025-06-12 00:00:00.002000+00:00,1749686400002,2025-06-12T00:00:00.002000+00:00,0.0001,91.51939681
2025-06-12 08:00:00.003000+00:00,1749715200003,2025-06-12T08:00:00.003000+00:00,4.718e-05,89.50537043
2025-06-12 16:00:00.001000+00:00,1749744000001,2025-06-12T16:00:00.001000+00:00,-1.048e-05,87.88
2025-06-13 00:00:00+00:00,1749772800000,2025-06-13T00:00:00+00:00,-1.12e-05,86.08864951
2025-06-13 08:00:00.001000+00:00,1749801600001,2025-06-13T08:00:00.001000+00:00,-8.904e-05,83.76
2025-06-13 16:00:00.004000+00:00,1749830400004,2025-06-13T16:00:00.004000+00:00,1.5e-06,84.13
2025-06-14 00:00:00+00:00,1749859200000,2025-06-14T00:00:00+00:00,2.137e-05,86.48609902
2025-06-14 08:00:00+00:00,1749888000000,2025-06-14T08:00:00+00:00,8.484e-05,86.38
2025-06-14 16:00:00+00:00,1749916800000,2025-06-14T16:00:00+00:00,0.0001,85.29085833
2025-06-15 00:00:00.005000+00:00,1749945600005,2025-06-15T00:00:00.005000+00:00,5.097e-05,85.13
2025-06-15 08:00:00.009000+00:00,1749974400009,2025-06-15T08:00:00.009000+00:00,3.231e-05,85.46010784
2025-06-15 16:00:00+00:00,1750003200000,2025-06-15T16:00:00+00:00,6.109e-05,86.10560441
2025-06-16 00:00:00+00:00,1750032000000,2025-06-16T00:00:00+00:00,6.226e-05,86.25437451
2025-06-16 08:00:00+00:00,1750060800000,2025-06-16T08:00:00+00:00,7.4e-06,87.49122108
2025-06-16 16:00:00.003000+00:00,1750089600003,2025-06-16T16:00:00.003000+00:00,9.486e-05,87.93417108
2025-06-17 00:00:00+00:00,1750118400000,2025-06-17T00:00:00+00:00,0.0001,86.64
2025-06-17 08:00:00.006000+00:00,1750147200006,2025-06-17T08:00:00.006000+00:00,0.0001,86.35
2025-06-17 16:00:00.001000+00:00,1750176000001,2025-06-17T16:00:00.001000+00:00,3.991e-05,84.04765049
2025-06-18 00:00:00.001000+00:00,1750204800001,2025-06-18T00:00:00.001000+00:00,8.54e-06,84.17
2025-06-18 08:00:00.001000+00:00,1750233600001,2025-06-18T08:00:00.001000+00:00,5.14e-05,85.08295931
2025-06-18 16:00:00.001000+00:00,1750262400001,2025-06-18T16:00:00.001000+00:00,-4.378e-05,84.78
2025-06-19 00:00:00.005000+00:00,1750291200005,2025-06-19T00:00:00.005000+00:00,4.748e-05,85.03811912
2025-06-19 08:00:00.003000+00:00,1750320000003,2025-06-19T08:00:00.003000+00:00,6.477e-05,84.96006814
2025-06-19 16:00:00+00:00,1750348800000,2025-06-19T16:00:00+00:00,4.338e-05,84.77
2025-06-20 00:00:00+00:00,1750377600000,2025-06-20T00:00:00+00:00,0.0001,85.07696127
2025-06-20 08:00:00.002000+00:00,1750406400002,2025-06-20T08:00:00.002000+00:00,7.357e-05,85.48210882
2025-06-20 16:00:00.001000+00:00,1750435200001,2025-06-20T16:00:00.001000+00:00,2.569e-05,83.74
2025-06-21 00:00:00.002000+00:00,1750464000002,2025-06-21T00:00:00.002000+00:00,-4.72e-06,82.88
2025-06-21 08:00:00.005000+00:00,1750492800005,2025-06-21T08:00:00.005000+00:00,2.894e-05,83.28
2025-06-21 16:00:00+00:00,1750521600000,2025-06-21T16:00:00+00:00,-1.361e-05,82.76
2025-06-22 00:00:00.005000+00:00,1750550400005,2025-06-22T00:00:00.005000+00:00,1.74e-06,80.21957178
2025-06-22 08:00:00+00:00,1750579200000,2025-06-22T08:00:00+00:00,1.145e-05,81.29
2025-06-22 16:00:00.003000+00:00,1750608000003,2025-06-22T16:00:00.003000+00:00,-1.793e-05,77.61583151
2025-06-23 00:00:00+00:00,1750636800000,2025-06-23T00:00:00+00:00,-3.065e-05,80.15529559
2025-06-23 08:00:00.004000+00:00,1750665600004,2025-06-23T08:00:00.004000+00:00,4.566e-05,80.99729902
2025-06-23 16:00:00.013000+00:00,1750694400013,2025-06-23T16:00:00.013000+00:00,4.745e-05,81.07
2025-06-24 00:00:00.003000+00:00,1750723200003,2025-06-24T00:00:00.003000+00:00,0.0001,84.86
2025-06-24 08:00:00+00:00,1750752000000,2025-06-24T08:00:00+00:00,0.0001,84.34
2025-06-24 16:00:00+00:00,1750780800000,2025-06-24T16:00:00+00:00,3.956e-05,84.3147299
2025-06-25 00:00:00.005000+00:00,1750809600005,2025-06-25T00:00:00.005000+00:00,8.597e-05,84.8
2025-06-25 08:00:00+00:00,1750838400000,2025-06-25T08:00:00+00:00,5.865e-05,85.13
2025-06-25 16:00:00.005000+00:00,1750867200005,2025-06-25T16:00:00.005000+00:00,0.0001,84.09405735
2025-06-26 00:00:00+00:00,1750896000000,2025-06-26T00:00:00+00:00,4.773e-05,84.63
2025-06-26 08:00:00.006000+00:00,1750924800006,2025-06-26T08:00:00.006000+00:00,2.437e-05,85.46326961
2025-06-26 16:00:00.007000+00:00,1750953600007,2025-06-26T16:00:00.007000+00:00,8e-06,84.73659216
2025-06-27 00:00:00+00:00,1750982400000,2025-06-27T00:00:00+00:00,-4.99e-06,84.22661422
2025-06-27 08:00:00+00:00,1751011200000,2025-06-27T08:00:00+00:00,1.609e-05,84.61
2025-06-27 16:00:00.009000+00:00,1751040000009,2025-06-27T16:00:00.009000+00:00,-6.103e-05,84.24
2025-06-28 00:00:00.001000+00:00,1751068800001,2025-06-28T00:00:00.001000+00:00,4.961e-05,84.78470294
2025-06-28 08:00:00.002000+00:00,1751097600002,2025-06-28T08:00:00.002000+00:00,-2.49e-06,85.30597059
2025-06-28 16:00:00+00:00,1751126400000,2025-06-28T16:00:00+00:00,8.044e-05,86.45549314
2025-06-29 00:00:00.004000+00:00,1751155200004,2025-06-29T00:00:00.004000+00:00,0.0001,86.27
2025-06-29 08:00:00.001000+00:00,1751184000001,2025-06-29T08:00:00.001000+00:00,5.352e-05,86.68
2025-06-29 16:00:00.001000+00:00,1751212800001,2025-06-29T16:00:00.001000+00:00,-6.32e-06,86.57135392
2025-06-30 00:00:00+00:00,1751241600000,2025-06-30T00:00:00+00:00,0.0001,87.93
2025-06-30 08:00:00.005000+00:00,1751270400005,2025-06-30T08:00:00.005000+00:00,0.0001,86.42413824
2025-06-30 16:00:00.002000+00:00,1751299200002,2025-06-30T16:00:00.002000+00:00,-3.42e-06,85.90309363
2025-07-01 00:00:00.007000+00:00,1751328000007,2025-07-01T00:00:00.007000+00:00,7.127e-05,85.97518627
2025-07-01 08:00:00.002000+00:00,1751356800002,2025-07-01T08:00:00.002000+00:00,0.0001,86.61046361
2025-07-01 16:00:00+00:00,1751385600000,2025-07-01T16:00:00+00:00,8.68e-06,84.3
2025-07-02 00:00:00.001000+00:00,1751414400001,2025-07-02T00:00:00.001000+00:00,-9.632e-05,83.17170098
2025-07-02 08:00:00+00:00,1751443200000,2025-07-02T08:00:00+00:00,3.43e-05,84.04
2025-07-02 16:00:00.003000+00:00,1751472000003,2025-07-02T16:00:00.003000+00:00,0.0001,86.13
2025-07-03 00:00:00.006000+00:00,1751500800006,2025-07-03T00:00:00.006000+00:00,0.0001,87.3
2025-07-03 08:00:00.003000+00:00,1751529600003,2025-07-03T08:00:00.003000+00:00,0.0001,91.02544118
2025-07-03 16:00:00.003000+00:00,1751558400003,2025-07-03T16:00:00.003000+00:00,0.0001,88.94
2025-07-04 00:00:00.005000+00:00,1751587200005,2025-07-04T00:00:00.005000+00:00,0.0001,89.05
2025-07-04 08:00:00.003000+00:00,1751616000003,2025-07-04T08:00:00.003000+00:00,9.129e-05,87.24840784
2025-07-04 16:00:00.001000+00:00,1751644800001,2025-07-04T16:00:00.001000+00:00,4.768e-05,86.58
2025-07-05 00:00:00.004000+00:00,1751673600004,2025-07-05T00:00:00.004000+00:00,4.316e-05,86.78325931
2025-07-05 08:00:00.009000+00:00,1751702400009,2025-07-05T08:00:00.009000+00:00,-3.398e-05,86.18
2025-07-05 16:00:00.006000+00:00,1751731200006,2025-07-05T16:00:00.006000+00:00,-2.108e-05,86.40258235
2025-07-06 00:00:00.001000+00:00,1751760000001,2025-07-06T00:00:00.001000+00:00,3.138e-05,87.49647304
2025-07-06 08:00:00.002000+00:00,1751788800002,2025-07-06T08:00:00.002000+00:00,7.465e-05,86.71
2025-07-06 16:00:00.004000+00:00,1751817600004,2025-07-06T16:00:00.004000+00:00,2.891e-05,87.93090686
2025-07-07 00:00:00+00:00,1751846400000,2025-07-07T00:00:00+00:00,9.838e-05,87.31220686
2025-07-07 08:00:00.007000+00:00,1751875200007,2025-07-07T08:00:00.007000+00:00,8.221e-05,87.88415686
2025-07-07 16:00:00+00:00,1751904000000,2025-07-07T16:00:00+00:00,1.253e-05,86.14148431
2025-07-08 00:00:00.010000+00:00,1751932800010,2025-07-08T00:00:00.010000+00:00,2.146e-05,85.99007451
2025-07-08 08:00:00.003000+00:00,1751961600003,2025-07-08T08:00:00.003000+00:00,6.581e-05,86.58433039
2025-07-08 16:00:00+00:00,1751990400000,2025-07-08T16:00:00+00:00,4.291e-05,86.32903431
2025-07-09 00:00:00.002000+00:00,1752019200002,2025-07-09T00:00:00.002000+00:00,0.0001,87.71722549
2025-07-09 08:00:00.006000+00:00,1752048000006,2025-07-09T08:00:00.006000+00:00,0.0001,88.06
2025-07-09 16:00:00.001000+00:00,1752076800001,2025-07-09T16:00:00.001000+00:00,0.0001,88.48
2025-07-10 00:00:00.003000+00:00,1752105600003,2025-07-10T00:00:00.003000+00:00,0.0001,90.5994848
2025-07-10 08:00:00+00:00,1752134400000,2025-07-10T08:00:00+00:00,0.0001,90.93005784
2025-07-10 16:00:00.004000+00:00,1752163200004,2025-07-10T16:00:00.004000+00:00,0.0001,91.16
2025-07-11 00:00:00.004000+00:00,1752192000004,2025-07-11T00:00:00.004000+00:00,0.0001,94.87042572
2025-07-11 08:00:00.007000+00:00,1752220800007,2025-07-11T08:00:00.007000+00:00,0.0001,94.9
2025-07-11 16:00:00.001000+00:00,1752249600001,2025-07-11T16:00:00.001000+00:00,0.0001,96.66470588
2025-07-12 00:00:00+00:00,1752278400000,2025-07-12T00:00:00+00:00,0.0001,94.25079167
2025-07-12 08:00:00.001000+00:00,1752307200001,2025-07-12T08:00:00.001000+00:00,0.0001,93.15520784
2025-07-12 16:00:00.002000+00:00,1752336000002,2025-07-12T16:00:00.002000+00:00,0.0001,91.09
2025-07-13 00:00:00.006000+00:00,1752364800006,2025-07-13T00:00:00.006000+00:00,0.0001,92.73
2025-07-13 08:00:00.001000+00:00,1752393600001,2025-07-13T08:00:00.001000+00:00,6.72e-06,94.33
2025-07-13 16:00:00.003000+00:00,1752422400003,2025-07-13T16:00:00.003000+00:00,9.688e-05,96.09
2025-07-14 00:00:00+00:00,1752451200000,2025-07-14T00:00:00+00:00,0.0001,94.59188333
2025-07-14 08:00:00+00:00,1752480000000,2025-07-14T08:00:00+00:00,0.0001,97.13
2025-07-14 16:00:00+00:00,1752508800000,2025-07-14T16:00:00+00:00,0.0001,95.44729902
2025-07-15 00:00:00.002000+00:00,1752537600002,2025-07-15T00:00:00.002000+00:00,0.0001,95.59
2025-07-15 08:00:00+00:00,1752566400000,2025-07-15T08:00:00+00:00,0.0001,92.45
2025-07-15 16:00:00+00:00,1752595200000,2025-07-15T16:00:00+00:00,6.728e-05,93.39
2025-07-16 00:00:00+00:00,1752624000000,2025-07-16T00:00:00+00:00,0.0001,96.37389657
2025-07-16 08:00:00+00:00,1752652800000,2025-07-16T08:00:00+00:00,0.0001,96.36984314
2025-07-16 16:00:00.008000+00:00,1752681600008,2025-07-16T16:00:00.008000+00:00,0.0001,96.83311765
2025-07-17 00:00:00.003000+00:00,1752710400003,2025-07-17T00:00:00.003000+00:00,0.0001,97.46823529
2025-07-17 08:00:00+00:00,1752739200000,2025-07-17T08:00:00+00:00,0.0001,98.2
2025-07-17 16:00:00+00:00,1752768000000,2025-07-17T16:00:00+00:00,0.0001,101.28349755
2025-07-18 00:00:00.004000+00:00,1752796800004,2025-07-18T00:00:00.004000+00:00,0.0001,101.59105882
2025-07-18 08:00:00+00:00,1752825600000,2025-07-18T08:00:00+00:00,0.0001,107.75
2025-07-18 16:00:00+00:00,1752854400000,2025-07-18T16:00:00+00:00,0.0001,103.91
2025-07-19 00:00:00.009000+00:00,1752883200009,2025-07-19T00:00:00.009000+00:00,0.0001,101.72717647
2025-07-19 08:00:00+00:00,1752912000000,2025-07-19T08:00:00+00:00,0.0001,102.72177647
2025-07-19 16:00:00.002000+00:00,1752940800002,2025-07-19T16:00:00.002000+00:00,0.0001,101.18009608
2025-07-20 00:00:00+00:00,1752969600000,2025-07-20T00:00:00+00:00,0.0001,113.18572549
2025-07-20 08:00:00+00:00,1752998400000,2025-07-20T08:00:00+00:00,0.0001,117.58620588
2025-07-20 16:00:00+00:00,1753027200000,2025-07-20T16:00:00+00:00,0.0001,117.18
2025-07-21 00:00:00.001000+00:00,1753056000001,2025-07-21T00:00:00.001000+00:00,0.0001,116.63
2025-07-21 08:00:00+00:00,1753084800000,2025-07-21T08:00:00+00:00,0.0001,120.70694902
2025-07-21 16:00:00.001000+00:00,1753113600001,2025-07-21T16:00:00.001000+00:00,0.0001,118.31640784
2025-07-22 00:00:00+00:00,1753142400000,2025-07-22T00:00:00+00:00,0.0001,115.48978922
2025-07-22 08:00:00.010000+00:00,1753171200010,2025-07-22T08:00:00.010000+00:00,0.0001,115.30158824
2025-07-22 16:00:00.007000+00:00,1753200000007,2025-07-22T16:00:00.007000+00:00,0.0001,115.86228088
2025-07-23 00:00:00+00:00,1753228800000,2025-07-23T00:00:00+00:00,0.0001,119.66235588
2025-07-23 08:00:00.004000+00:00,1753257600004,2025-07-23T08:00:00.004000+00:00,0.0001,117.63167549
2025-07-23 16:00:00.002000+00:00,1753286400002,2025-07-23T16:00:00.002000+00:00,0.0001,114.61816814
2025-07-24 00:00:00+00:00,1753315200000,2025-07-24T00:00:00+00:00,0.0001,112.02767647
2025-07-24 08:00:00.001000+00:00,1753344000001,2025-07-24T08:00:00.001000+00:00,0.0001,110.9695
2025-07-24 16:00:00+00:00,1753372800000,2025-07-24T16:00:00+00:00,0.0001,113.46890833
2025-07-25 00:00:00+00:00,1753401600000,2025-07-25T00:00:00+00:00,0.0001,112.20758824
2025-07-25 08:00:00+00:00,1753430400000,2025-07-25T08:00:00+00:00,0.0001,111.16332353
2025-07-25 16:00:00+00:00,1753459200000,2025-07-25T16:00:00+00:00,0.0001,110.51
2025-07-26 00:00:00.001000+00:00,1753488000001,2025-07-26T00:00:00.001000+00:00,0.0001,113.76
2025-07-26 08:00:00.005000+00:00,1753516800005,2025-07-26T08:00:00.005000+00:00,0.0001,113.16
2025-07-26 16:00:00.001000+00:00,1753545600001,2025-07-26T16:00:00.001000+00:00,0.0001,113.80937402
2025-07-27 00:00:00.001000+00:00,1753574400001,2025-07-27T00:00:00.001000+00:00,0.0001,113.91
2025-07-27 08:00:00+00:00,1753603200000,2025-07-27T08:00:00+00:00,0.0001,114.24087745
2025-07-27 16:00:00.008000+00:00,1753632000008,2025-07-27T16:00:00.008000+00:00,0.0001,113.50201961
2025-07-28 00:00:00.005000+00:00,1753660800005,2025-07-28T00:00:00.005000+00:00,0.0001,114.76964706
2025-07-28 08:00:00+00:00,1753689600000,2025-07-28T08:00:00+00:00,0.0001,114.85611667
2025-07-28 16:00:00+00:00,1753718400000,2025-07-28T16:00:00+00:00,0.0001,110.31
2025-07-29 00:00:00.001000+00:00,1753747200001,2025-07-29T00:00:00.001000+00:00,9.599e-05,108.96118186
2025-07-29 08:00:00+00:00,1753776000000,2025-07-29T08:00:00+00:00,7.954e-05,110.58
2025-07-29 16:00:00+00:00,1753804800000,2025-07-29T16:00:00+00:00,6.511e-05,108.03491471
2025-07-30 00:00:00.011000+00:00,1753833600011,2025-07-30T00:00:00.011000+00:00,8.914e-05,108.46
2025-07-30 08:00:00+00:00,1753862400000,2025-07-30T08:00:00+00:00,7.65e-05,109.24173088
2025-07-30 16:00:00.008000+00:00,1753891200008,2025-07-30T16:00:00.008000+00:00,7.802e-05,109.33
2025-07-31 00:00:00+00:00,1753920000000,2025-07-31T00:00:00+00:00,8.846e-05,110.45
2025-07-31 08:00:00.009000+00:00,1753948800009,2025-07-31T08:00:00.009000+00:00,7.627e-05,110.62620784
2025-07-31 16:00:00+00:00,1753977600000,2025-07-31T16:00:00+00:00,-2.62e-06,109.197575
2025-08-01 00:00:00.001000+00:00,1754006400001,2025-08-01T00:00:00.001000+00:00,-1.227e-05,106.02108431
2025-08-01 08:00:00.003000+00:00,1754035200003,2025-08-01T08:00:00.003000+00:00,-1.217e-05,105.02387549
2025-08-01 16:00:00+00:00,1754064000000,2025-08-01T16:00:00+00:00,4.437e-05,106.30871471
2025-08-02 00:00:00.004000+00:00,1754092800004,2025-08-02T00:00:00.004000+00:00,7.754e-05,106.55548333
2025-08-02 08:00:00+00:00,1754121600000,2025-08-02T08:00:00+00:00,0.0001,108.3
2025-08-02 16:00:00+00:00,1754150400000,2025-08-02T16:00:00+00:00,0.0001,108.08480196
2025-08-03 00:00:00+00:00,1754179200000,2025-08-03T00:00:00+00:00,9.945e-05,106.05
2025-08-03 08:00:00+00:00,1754208000000,2025-08-03T08:00:00+00:00,2.567e-05,108.1
2025-08-03 16:00:00.003000+00:00,1754236800003,2025-08-03T16:00:00.003000+00:00,6.324e-05,109.86868333
2025-08-04 00:00:00.004000+00:00,1754265600004,2025-08-04T00:00:00.004000+00:00,4.434e-05,110.33106029
2025-08-04 08:00:00+00:00,1754294400000,2025-08-04T08:00:00+00:00,0.0001,111.42260343
2025-08-04 16:00:00.002000+00:00,1754323200002,2025-08-04T16:00:00.002000+00:00,0.0001,117.79
2025-08-05 00:00:00+00:00,1754352000000,2025-08-05T00:00:00+00:00,0.0001,121.13
2025-08-05 08:00:00+00:00,1754380800000,2025-08-05T08:00:00+00:00,0.0001,120.87
2025-08-05 16:00:00+00:00,1754409600000,2025-08-05T16:00:00+00:00,0.0001,121.99110637
2025-08-06 00:00:00.005000+00:00,1754438400005,2025-08-06T00:00:00.005000+00:00,0.0001,120.22127206
2025-08-06 08:00:00+00:00,1754467200000,2025-08-06T08:00:00+00:00,0.0001,118.34
2025-08-06 16:00:00+00:00,1754496000000,2025-08-06T16:00:00+00:00,5.97e-05,118.23624412
2025-08-07 00:00:00.003000+00:00,1754524800003,2025-08-07T00:00:00.003000+00:00,0.0001,119.15
2025-08-07 08:00:00.002000+00:00,1754553600002,2025-08-07T08:00:00.002000+00:00,3.438e-05,119.44419363
2025-08-07 16:00:00.002000+00:00,1754582400002,2025-08-07T16:00:00.002000+00:00,0.0001,121.09
2025-08-08 00:00:00.002000+00:00,1754611200002,2025-08-08T00:00:00.002000+00:00,0.0001,122.88595278
2025-08-08 08:00:00.004000+00:00,1754640000004,2025-08-08T08:00:00.004000+00:00,7.322e-05,122.27
2025-08-08 16:00:00+00:00,1754668800000,2025-08-08T16:00:00+00:00,0.0001,121.30310833
2025-08-09 00:00:00.005000+00:00,1754697600005,2025-08-09T00:00:00.005000+00:00,0.0001,123.73412679
2025-08-09 08:00:00+00:00,1754726400000,2025-08-09T08:00:00+00:00,0.0001,125.17
2025-08-09 16:00:00.007000+00:00,1754755200007,2025-08-09T16:00:00.007000+00:00,5.359e-05,121.1
2025-08-10 00:00:00.003000+00:00,1754784000003,2025-08-10T00:00:00.003000+00:00,8.285e-05,120.13250357
2025-08-10 08:00:00.005000+00:00,1754812800005,2025-08-10T08:00:00.005000+00:00,5.105e-05,119.17
2025-08-10 16:00:00.002000+00:00,1754841600002,2025-08-10T16:00:00.002000+00:00,0.0001,124.2167244
2025-08-11 00:00:00+00:00,1754870400000,2025-08-11T00:00:00+00:00,0.0001,123.69205357
2025-08-11 08:00:00+00:00,1754899200000,2025-08-11T08:00:00+00:00,0.0001,123.32091471
2025-08-11 16:00:00+00:00,1754928000000,2025-08-11T16:00:00+00:00,0.0001,125.2
2025-08-12 00:00:00+00:00,1754956800000,2025-08-12T00:00:00+00:00,5.838e-05,119.99
2025-08-12 08:00:00.001000+00:00,1754985600001,2025-08-12T08:00:00.001000+00:00,3.741e-05,119.29
2025-08-12 16:00:00.005000+00:00,1755014400005,2025-08-12T16:00:00.005000+00:00,5.934e-05,124.41
2025-08-13 00:00:00+00:00,1755043200000,2025-08-13T00:00:00+00:00,0.0001,130.44151471
2025-08-13 08:00:00.002000+00:00,1755072000002,2025-08-13T08:00:00.002000+00:00,0.0001,131.68
2025-08-13 16:00:00.006000+00:00,1755100800006,2025-08-13T16:00:00.006000+00:00,0.0001,130.07
2025-08-14 00:00:00.002000+00:00,1755129600002,2025-08-14T00:00:00.002000+00:00,0.0001,130.9
2025-08-14 08:00:00.003000+00:00,1755158400003,2025-08-14T08:00:00.003000+00:00,0.0001,129.54044118
2025-08-14 16:00:00+00:00,1755187200000,2025-08-14T16:00:00+00:00,0.0001,122.71480392
2025-08-15 00:00:00+00:00,1755216000000,2025-08-15T00:00:00+00:00,5.011e-05,121.22337255
2025-08-15 08:00:00+00:00,1755244800000,2025-08-15T08:00:00+00:00,2.015e-05,121.41508333
2025-08-15 16:00:00+00:00,1755273600000,2025-08-15T16:00:00+00:00,0.0001,117.55
2025-08-16 00:00:00.004000+00:00,1755302400004,2025-08-16T00:00:00.004000+00:00,1.621e-05,119.0999881
2025-08-16 08:00:00+00:00,1755331200000,2025-08-16T08:00:00+00:00,0.0001,118.70275
2025-08-16 16:00:00.002000+00:00,1755360000002,2025-08-16T16:00:00.002000+00:00,2.619e-05,118.82
2025-08-17 00:00:00+00:00,1755388800000,2025-08-17T00:00:00+00:00,-3.217e-05,120.9681369
2025-08-17 08:00:00.001000+00:00,1755417600001,2025-08-17T08:00:00.001000+00:00,4.978e-05,122.91
2025-08-17 16:00:00.007000+00:00,1755446400007,2025-08-17T16:00:00.007000+00:00,8.001e-05,122.28909524
2025-08-18 00:00:00+00:00,1755475200000,2025-08-18T00:00:00+00:00,0.0001,120.67
2025-08-18 08:00:00.001000+00:00,1755504000001,2025-08-18T08:00:00.001000+00:00,4.124e-05,116.03
2025-08-18 16:00:00.002000+00:00,1755532800002,2025-08-18T16:00:00.002000+00:00,1.22e-06,118.02094118
2025-08-19 00:00:00+00:00,1755561600000,2025-08-19T00:00:00+00:00,4.697e-05,117.69
2025-08-19 08:00:00.001000+00:00,1755590400001,2025-08-19T08:00:00.001000+00:00,8.886e-05,114.97
2025-08-19 16:00:00+00:00,1755619200000,2025-08-19T16:00:00+00:00,5.103e-05,114.1
2025-08-20 00:00:00+00:00,1755648000000,2025-08-20T00:00:00+00:00,0.0001,112.59489216
2025-08-20 08:00:00+00:00,1755676800000,2025-08-20T08:00:00+00:00,9.65e-06,113.86748255
2025-08-20 16:00:00+00:00,1755705600000,2025-08-20T16:00:00+00:00,1.226e-05,114.88092647
2025-08-21 00:00:00.006000+00:00,1755734400006,2025-08-21T00:00:00.006000+00:00,6.044e-05,116.02261765
2025-08-21 08:00:00+00:00,1755763200000,2025-08-21T08:00:00+00:00,9.032e-05,116.05
2025-08-21 16:00:00.003000+00:00,1755792000003,2025-08-21T16:00:00.003000+00:00,3.507e-05,114.09
2025-08-22 00:00:00.010000+00:00,1755820800010,2025-08-22T00:00:00.010000+00:00,6.932e-05,114.69
2025-08-22 08:00:00.007000+00:00,1755849600007,2025-08-22T08:00:00.007000+00:00,4.249e-05,116.27883824
2025-08-22 16:00:00.001000+00:00,1755878400001,2025-08-22T16:00:00.001000+00:00,5.833e-05,119.43687745
2025-08-23 00:00:00.004000+00:00,1755907200004,2025-08-23T00:00:00.004000+00:00,0.0001,122.96608333
2025-08-23 08:00:00.006000+00:00,1755936000006,2025-08-23T08:00:00.006000+00:00,0.0001,121.75176471
2025-08-23 16:00:00+00:00,1755964800000,2025-08-23T16:00:00+00:00,0.0001,120.87807843
2025-08-24 00:00:00.001000+00:00,1755993600001,2025-08-24T00:00:00.001000+00:00,0.0001,121.44
2025-08-24 08:00:00.002000+00:00,1756022400002,2025-08-24T08:00:00.002000+00:00,0.0001,119.49
2025-08-24 16:00:00.001000+00:00,1756051200001,2025-08-24T16:00:00.001000+00:00,0.0001,119.29
2025-08-25 00:00:00+00:00,1756080000000,2025-08-25T00:00:00+00:00,0.0001,118.18161765
2025-08-25 08:00:00.002000+00:00,1756108800002,2025-08-25T08:00:00.002000+00:00,0.0001,112.47
2025-08-25 16:00:00.002000+00:00,1756137600002,2025-08-25T16:00:00.002000+00:00,-4.595e-05,111.64
2025-08-26 00:00:00+00:00,1756166400000,2025-08-26T00:00:00+00:00,-6.408e-05,109.07
2025-08-26 08:00:00+00:00,1756195200000,2025-08-26T08:00:00+00:00,-2.649e-05,110.55
2025-08-26 16:00:00+00:00,1756224000000,2025-08-26T16:00:00+00:00,6.431e-05,111.95
2025-08-27 00:00:00.003000+00:00,1756252800003,2025-08-27T00:00:00.003000+00:00,0.0001,113.43557353
2025-08-27 08:00:00+00:00,1756281600000,2025-08-27T08:00:00+00:00,0.0001,112.95
2025-08-27 16:00:00.009000+00:00,1756310400009,2025-08-27T16:00:00.009000+00:00,7.026e-05,113.65293137
2025-08-28 00:00:00+00:00,1756339200000,2025-08-28T00:00:00+00:00,0.0001,112.14
2025-08-28 08:00:00.005000+00:00,1756368000005,2025-08-28T08:00:00.005000+00:00,0.0001,113.44
2025-08-28 16:00:00.004000+00:00,1756396800004,2025-08-28T16:00:00.004000+00:00,3.266e-05,112.58
2025-08-29 00:00:00+00:00,1756425600000,2025-08-29T00:00:00+00:00,8.433e-05,113.60910294
2025-08-29 08:00:00+00:00,1756454400000,2025-08-29T08:00:00+00:00,0.0001,110.36868137
2025-08-29 16:00:00.005000+00:00,1756483200005,2025-08-29T16:00:00.005000+00:00,1.72e-05,109.86
2025-08-30 00:00:00+00:00,1756512000000,2025-08-30T00:00:00+00:00,9.096e-05,109.86
2025-08-30 08:00:00.002000+00:00,1756540800002,2025-08-30T08:00:00.002000+00:00,0.0001,110.67
2025-08-30 16:00:00.003000+00:00,1756569600003,2025-08-30T16:00:00.003000+00:00,0.0001,110.57765686
2025-08-31 00:00:00.016000+00:00,1756598400016,2025-08-31T00:00:00.016000+00:00,5.213e-05,110.76266176
2025-08-31 08:00:00+00:00,1756627200000,2025-08-31T08:00:00+00:00,8.606e-05,111.08
2025-08-31 16:00:00.001000+00:00,1756656000001,2025-08-31T16:00:00.001000+00:00,9.647e-05,110.67
2025-09-01 00:00:00+00:00,1756684800000,2025-09-01T00:00:00+00:00,6.286e-05,108.83111665
2025-09-01 08:00:00+00:00,1756713600000,2025-09-01T08:00:00+00:00,6.626e-05,110.44517157
2025-09-01 16:00:00.001000+00:00,1756742400001,2025-09-01T16:00:00.001000+00:00,0.0001,109.49460294
2025-09-02 00:00:00+00:00,1756771200000,2025-09-02T00:00:00+00:00,5.247e-05,108.68
2025-09-02 08:00:00.005000+00:00,1756800000005,2025-09-02T08:00:00.005000+00:00,4.923e-05,110.54466176
2025-09-02 16:00:00.007000+00:00,1756828800007,2025-09-02T16:00:00.007000+00:00,8.823e-05,109.53
2025-09-03 00:00:00.006000+00:00,1756857600006,2025-09-03T00:00:00.006000+00:00,2.044e-05,111.6947402
2025-09-03 08:00:00.002000+00:00,1756886400002,2025-09-03T08:00:00.002000+00:00,0.0001,111.71
2025-09-03 16:00:00.002000+00:00,1756915200002,2025-09-03T16:00:00.002000+00:00,0.0001,112.80590196
2025-09-04 00:00:00.002000+00:00,1756944000002,2025-09-04T00:00:00.002000+00:00,0.0001,112.94
2025-09-04 08:00:00+00:00,1756972800000,2025-09-04T08:00:00+00:00,5.075e-05,111.3040678
2025-09-04 16:00:00+00:00,1757001600000,2025-09-04T16:00:00+00:00,6.087e-05,109.99458824
2025-09-05 00:00:00.001000+00:00,1757030400001,2025-09-05T00:00:00.001000+00:00,-1.689e-05,111.0
2025-09-05 08:00:00.006000+00:00,1757059200006,2025-09-05T08:00:00.006000+00:00,0.0001,113.13237745
2025-09-05 16:00:00+00:00,1757088000000,2025-09-05T16:00:00+00:00,0.0001,112.3
2025-09-06 00:00:00+00:00,1757116800000,2025-09-06T00:00:00+00:00,0.0001,112.01
2025-09-06 08:00:00.005000+00:00,1757145600005,2025-09-06T08:00:00.005000+00:00,5.491e-05,111.67
2025-09-06 16:00:00+00:00,1757174400000,2025-09-06T16:00:00+00:00,3.452e-05,111.4
2025-09-07 00:00:00+00:00,1757203200000,2025-09-07T00:00:00+00:00,0.0001,112.07
2025-09-07 08:00:00+00:00,1757232000000,2025-09-07T08:00:00+00:00,0.0001,113.73365686
2025-09-07 16:00:00+00:00,1757260800000,2025-09-07T16:00:00+00:00,0.0001,114.67
2025-09-08 00:00:00.007000+00:00,1757289600007,2025-09-08T00:00:00.007000+00:00,0.0001,114.86
2025-09-08 08:00:00+00:00,1757318400000,2025-09-08T08:00:00+00:00,-4.876e-05,112.8
2025-09-08 16:00:00+00:00,1757347200000,2025-09-08T16:00:00+00:00,-4.528e-05,113.39
2025-09-09 00:00:00+00:00,1757376000000,2025-09-09T00:00:00+00:00,-4.493e-05,112.69029902
2025-09-09 08:00:00+00:00,1757404800000,2025-09-09T08:00:00+00:00,0.0001,113.98689216
2025-09-09 16:00:00+00:00,1757433600000,2025-09-09T16:00:00+00:00,9.906e-05,111.28980392
2025-09-10 00:00:00+00:00,1757462400000,2025-09-10T00:00:00+00:00,-3.953e-05,111.88
2025-09-10 08:00:00.002000+00:00,1757491200002,2025-09-10T08:00:00.002000+00:00,9.253e-05,113.09751961
2025-09-10 16:00:00+00:00,1757520000000,2025-09-10T16:00:00+00:00,0.0001,114.3
2025-09-11 00:00:00+00:00,1757548800000,2025-09-11T00:00:00+00:00,0.0001,117.61
2025-09-11 08:00:00+00:00,1757577600000,2025-09-11T08:00:00+00:00,0.0001,117.21
2025-09-11 16:00:00.001000+00:00,1757606400001,2025-09-11T16:00:00.001000+00:00,4.416e-05,113.8302598
2025-09-12 00:00:00.002000+00:00,1757635200002,2025-09-12T00:00:00.002000+00:00,-9.9e-07,115.77097549
2025-09-12 08:00:00.001000+00:00,1757664000001,2025-09-12T08:00:00.001000+00:00,0.0001,115.68
2025-09-12 16:00:00.005000+00:00,1757692800005,2025-09-12T16:00:00.005000+00:00,9.79e-05,116.48
2025-09-13 00:00:00.005000+00:00,1757721600005,2025-09-13T00:00:00.005000+00:00,0.0001,117.98
2025-09-13 08:00:00.002000+00:00,1757750400002,2025-09-13T08:00:00.002000+00:00,0.0001,118.73
2025-09-13 16:00:00+00:00,1757779200000,2025-09-13T16:00:00+00:00,0.0001,119.07314706
2025-09-14 00:00:00.006000+00:00,1757808000006,2025-09-14T00:00:00.006000+00:00,0.0001,119.17
2025-09-14 08:00:00+00:00,1757836800000,2025-09-14T08:00:00+00:00,0.0001,116.72
2025-09-14 16:00:00.001000+00:00,1757865600001,2025-09-14T16:00:00.001000+00:00,-4.891e-05,114.68696411
2025-09-15 00:00:00.006000+00:00,1757894400006,2025-09-15T00:00:00.006000+00:00,1.163e-05,115.03432353
2025-09-15 08:00:00.002000+00:00,1757923200002,2025-09-15T08:00:00.002000+00:00,9.47e-05,114.84
2025-09-15 16:00:00.001000+00:00,1757952000001,2025-09-15T16:00:00.001000+00:00,4.412e-05,113.06
2025-09-16 00:00:00.001000+00:00,1757980800001,2025-09-16T00:00:00.001000+00:00,9.34e-06,113.66288725
2025-09-16 08:00:00+00:00,1758009600000,2025-09-16T08:00:00+00:00,4.382e-05,114.74
2025-09-16 16:00:00+00:00,1758038400000,2025-09-16T16:00:00+00:00,0.0001,115.00413725
2025-09-17 00:00:00.001000+00:00,1758067200001,2025-09-17T00:00:00.001000+00:00,0.0001,114.97987255
2025-09-17 08:00:00+00:00,1758096000000,2025-09-17T08:00:00+00:00,5.495e-05,115.19804902
2025-09-17 16:00:00.003000+00:00,1758124800003,2025-09-17T16:00:00.003000+00:00,3.975e-05,113.82
2025-09-18 00:00:00.006000+00:00,1758153600006,2025-09-18T00:00:00.006000+00:00,0.0001,116.97
2025-09-18 08:00:00.002000+00:00,1758182400002,2025-09-18T08:00:00.002000+00:00,0.0001,115.45689706
2025-09-18 16:00:00+00:00,1758211200000,2025-09-18T16:00:00+00:00,-9.39e-06,116.97262745
2025-09-19 00:00:00+00:00,1758240000000,2025-09-19T00:00:00+00:00,0.0001,118.14
2025-09-19 08:00:00.005000+00:00,1758268800005,2025-09-19T08:00:00.005000+00:00,9.189e-05,117.49147059
2025-09-19 16:00:00+00:00,1758297600000,2025-09-19T16:00:00+00:00,2.587e-05,115.42248039
2025-09-20 00:00:00+00:00,1758326400000,2025-09-20T00:00:00+00:00,1.904e-05,113.96286275
2025-09-20 08:00:00+00:00,1758355200000,2025-09-20T08:00:00+00:00,-2.23e-05,115.10744118
2025-09-20 16:00:00.002000+00:00,1758384000002,2025-09-20T16:00:00.002000+00:00,-4.396e-05,114.64
2025-09-21 00:00:00+00:00,1758412800000,2025-09-21T00:00:00+00:00,2.51e-06,113.85937255
2025-09-21 08:00:00+00:00,1758441600000,2025-09-21T08:00:00+00:00,6.358e-05,115.33009804
2025-09-21 16:00:00+00:00,1758470400000,2025-09-21T16:00:00+00:00,2.58e-06,115.37
2025-09-22 00:00:00.005000+00:00,1758499200005,2025-09-22T00:00:00.005000+00:00,-5.656e-05,113.94
2025-09-22 08:00:00.003000+00:00,1758528000003,2025-09-22T08:00:00.003000+00:00,-3.02e-06,105.46119608
2025-09-22 16:00:00+00:00,1758556800000,2025-09-22T16:00:00+00:00,-5.273e-05,105.21
2025-09-23 00:00:00+00:00,1758585600000,2025-09-23T00:00:00+00:00,-2.976e-05,105.61
2025-09-23 08:00:00.001000+00:00,1758614400001,2025-09-23T08:00:00.001000+00:00,6.263e-05,106.17
2025-09-23 16:00:00+00:00,1758643200000,2025-09-23T16:00:00+00:00,2.595e-05,106.72
2025-09-24 00:00:00.003000+00:00,1758672000003,2025-09-24T00:00:00.003000+00:00,4.192e-05,106.01113725
2025-09-24 08:00:00.001000+00:00,1758700800001,2025-09-24T08:00:00.001000+00:00,0.0001,106.83
2025-09-24 16:00:00.002000+00:00,1758729600002,2025-09-24T16:00:00.002000+00:00,1.19e-05,106.78378431
2025-09-25 00:00:00+00:00,1758758400000,2025-09-25T00:00:00+00:00,-2.236e-05,105.48639216
2025-09-25 08:00:00.001000+00:00,1758787200001,2025-09-25T08:00:00.001000+00:00,-2.58e-05,103.91068627
2025-09-25 16:00:00+00:00,1758816000000,2025-09-25T16:00:00+00:00,6.57e-06,104.47887255
2025-09-26 00:00:00+00:00,1758844800000,2025-09-26T00:00:00+00:00,5.455e-05,102.23
2025-09-26 08:00:00+00:00,1758873600000,2025-09-26T08:00:00+00:00,1.003e-05,103.03218627
2025-09-26 16:00:00.008000+00:00,1758902400008,2025-09-26T16:00:00.008000+00:00,3.672e-05,103.34569608
2025-09-27 00:00:00+00:00,1758931200000,2025-09-27T00:00:00+00:00,4.207e-05,104.5
2025-09-27 08:00:00.010000+00:00,1758960000010,2025-09-27T08:00:00.010000+00:00,0.0001,103.7
2025-09-27 16:00:00.003000+00:00,1758988800003,2025-09-27T16:00:00.003000+00:00,9.333e-05,104.86
2025-09-28 00:00:00+00:00,1759017600000,2025-09-28T00:00:00+00:00,0.0001,104.42
2025-09-28 08:00:00+00:00,1759046400000,2025-09-28T08:00:00+00:00,6.135e-05,104.0505
2025-09-28 16:00:00+00:00,1759075200000,2025-09-28T16:00:00+00:00,6.69e-05,104.51833333
2025-09-29 00:00:00+00:00,1759104000000,2025-09-29T00:00:00+00:00,0.0001,106.82
2025-09-29 08:00:00.002000+00:00,1759132800002,2025-09-29T08:00:00.002000+00:00,0.0001,105.99
2025-09-29 16:00:00.001000+00:00,1759161600001,2025-09-29T16:00:00.001000+00:00,7.355e-05,106.32
2025-09-30 00:00:00.002000+00:00,1759190400002,2025-09-30T00:00:00.002000+00:00,0.0001,106.72
2025-09-30 08:00:00.005000+00:00,1759219200005,2025-09-30T08:00:00.005000+00:00,0.0001,105.79
2025-09-30 16:00:00+00:00,1759248000000,2025-09-30T16:00:00+00:00,3.778e-05,104.46
2025-10-01 00:00:00+00:00,1759276800000,2025-10-01T00:00:00+00:00,0.0001,106.83
2025-10-01 08:00:00+00:00,1759305600000,2025-10-01T08:00:00+00:00,7.848e-05,105.91
2025-10-01 16:00:00+00:00,1759334400000,2025-10-01T16:00:00+00:00,0.0001,111.28030392
2025-10-02 00:00:00+00:00,1759363200000,2025-10-02T00:00:00+00:00,0.0001,115.06
2025-10-02 08:00:00.013000+00:00,1759392000013,2025-10-02T08:00:00.013000+00:00,0.0001,119.33922549
2025-10-02 16:00:00+00:00,1759420800000,2025-10-02T16:00:00+00:00,0.0001,118.77
2025-10-03 00:00:00.006000+00:00,1759449600006,2025-10-03T00:00:00.006000+00:00,0.0001,119.5
2025-10-03 08:00:00.006000+00:00,1759478400006,2025-10-03T08:00:00.006000+00:00,0.0001,116.41
2025-10-03 16:00:00+00:00,1759507200000,2025-10-03T16:00:00+00:00,8.877e-05,119.98
2025-10-04 00:00:00.001000+00:00,1759536000001,2025-10-04T00:00:00.001000+00:00,0.0001,120.52
2025-10-04 08:00:00+00:00,1759564800000,2025-10-04T08:00:00+00:00,0.0001,118.47097363
2025-10-04 16:00:00+00:00,1759593600000,2025-10-04T16:00:00+00:00,8.33e-05,117.74
2025-10-05 00:00:00+00:00,1759622400000,2025-10-05T00:00:00+00:00,7.059e-05,120.4275098
2025-10-05 08:00:00.003000+00:00,1759651200003,2025-10-05T08:00:00.003000+00:00,0.0001,122.06
2025-10-05 16:00:00.009000+00:00,1759680000009,2025-10-05T16:00:00.009000+00:00,0.0001,119.76497059
2025-10-06 00:00:00.004000+00:00,1759708800004,2025-10-06T00:00:00.004000+00:00,8.977e-05,118.77588235
2025-10-06 08:00:00.002000+00:00,1759737600002,2025-10-06T08:00:00.002000+00:00,7.555e-05,119.83320588
2025-10-06 16:00:00.004000+00:00,1759766400004,2025-10-06T16:00:00.004000+00:00,5.508e-05,120.51381373
2025-10-07 00:00:00+00:00,1759795200000,2025-10-07T00:00:00+00:00,4.592e-05,118.25
2025-10-07 08:00:00.003000+00:00,1759824000003,2025-10-07T08:00:00.003000+00:00,7.721e-05,117.7312549
2025-10-07 16:00:00+00:00,1759852800000,2025-10-07T16:00:00+00:00,0.0001,116.09142157
2025-10-08 00:00:00+00:00,1759881600000,2025-10-08T00:00:00+00:00,5.695e-05,116.84
2025-10-08 08:00:00.006000+00:00,1759910400006,2025-10-08T08:00:00.006000+00:00,0.0001,116.27
2025-10-08 16:00:00.002000+00:00,1759939200002,2025-10-08T16:00:00.002000+00:00,0.0001,116.31
2025-10-09 00:00:00.001000+00:00,1759968000001,2025-10-09T00:00:00.001000+00:00,9.806e-05,118.55
2025-10-09 08:00:00+00:00,1759996800000,2025-10-09T08:00:00+00:00,0.0001,117.28
2025-10-09 16:00:00+00:00,1760025600000,2025-10-09T16:00:00+00:00,4.991e-05,118.2595098
2025-10-10 00:00:00.005000+00:00,1760054400005,2025-10-10T00:00:00.005000+00:00,0.0001,125.84
2025-10-10 08:00:00.002000+00:00,1760083200002,2025-10-10T08:00:00.002000+00:00,0.0001,128.23228431
2025-10-10 16:00:00.014000+00:00,1760112000014,2025-10-10T16:00:00.014000+00:00,0.0001,127.0417549
2025-10-11 00:00:00+00:00,1760140800000,2025-10-11T00:00:00+00:00,0.00057432,96.78
2025-10-11 08:00:00.003000+00:00,1760169600003,2025-10-11T08:00:00.003000+00:00,-8.02e-06,98.38
2025-10-11 16:00:00+00:00,1760198400000,2025-10-11T16:00:00+00:00,3.329e-05,95.98070588
2025-10-12 00:00:00.004000+00:00,1760227200004,2025-10-12T00:00:00.004000+00:00,-4.668e-05,93.27985294
2025-10-12 08:00:00.002000+00:00,1760256000002,2025-10-12T08:00:00.002000+00:00,-5.636e-05,95.25764706
2025-10-12 16:00:00+00:00,1760284800000,2025-10-12T16:00:00+00:00,-1.282e-05,98.13565686
2025-10-13 00:00:00.003000+00:00,1760313600003,2025-10-13T00:00:00.003000+00:00,3.797e-05,98.89
2025-10-13 08:00:00.002000+00:00,1760342400002,2025-10-13T08:00:00.002000+00:00,-1.788e-05,97.32
2025-10-13 16:00:00.003000+00:00,1760371200003,2025-10-13T16:00:00.003000+00:00,-1.914e-05,97.79
2025-10-14 00:00:00+00:00,1760400000000,2025-10-14T00:00:00+00:00,-3.336e-05,99.4
2025-10-14 08:00:00+00:00,1760428800000,2025-10-14T08:00:00+00:00,2.33e-06,93.6452451
2025-10-14 16:00:00+00:00,1760457600000,2025-10-14T16:00:00+00:00,-4.918e-05,95.53796078
2025-10-15 00:00:00.006000+00:00,1760486400006,2025-10-15T00:00:00.006000+00:00,-9.405e-05,97.30443137
2025-10-15 08:00:00.002000+00:00,1760515200002,2025-10-15T08:00:00.002000+00:00,1.6e-05,98.11079412
2025-10-15 16:00:00+00:00,1760544000000,2025-10-15T16:00:00+00:00,6.73e-05,94.67393137
2025-10-16 00:00:00+00:00,1760572800000,2025-10-16T00:00:00+00:00,-8.084e-05,95.43
2025-10-16 08:00:00.003000+00:00,1760601600003,2025-10-16T08:00:00.003000+00:00,-2.325e-05,94.81393137
2025-10-16 16:00:00.002000+00:00,1760630400002,2025-10-16T16:00:00.002000+00:00,-2.321e-05,91.74
2025-10-17 00:00:00.001000+00:00,1760659200001,2025-10-17T00:00:00.001000+00:00,-5.261e-05,91.73
2025-10-17 08:00:00.005000+00:00,1760688000005,2025-10-17T08:00:00.005000+00:00,2.704e-05,85.1965098
2025-10-17 16:00:00.003000+00:00,1760716800003,2025-10-17T16:00:00.003000+00:00,-3.349e-05,89.95
2025-10-18 00:00:00+00:00,1760745600000,2025-10-18T00:00:00+00:00,-0.00010082,90.08016667
2025-10-18 08:00:00.002000+00:00,1760774400002,2025-10-18T08:00:00.002000+00:00,-2.362e-05,90.9
2025-10-18 16:00:00.001000+00:00,1760803200001,2025-10-18T16:00:00.001000+00:00,6.034e-05,91.04722549
2025-10-19 00:00:00.001000+00:00,1760832000001,2025-10-19T00:00:00.001000+00:00,1.933e-05,91.62880392
2025-10-19 08:00:00.001000+00:00,1760860800001,2025-10-19T08:00:00.001000+00:00,-2.22e-05,91.82718627
2025-10-19 16:00:00.001000+00:00,1760889600001,2025-10-19T16:00:00.001000+00:00,-3.395e-05,94.1
2025-10-20 00:00:00.004000+00:00,1760918400004,2025-10-20T00:00:00.004000+00:00,4.04e-05,93.28003922
2025-10-20 08:00:00.001000+00:00,1760947200001,2025-10-20T08:00:00.001000+00:00,-1.355e-05,95.07
2025-10-20 16:00:00+00:00,1760976000000,2025-10-20T16:00:00+00:00,5.15e-06,94.80112745
2025-10-21 00:00:00.009000+00:00,1761004800009,2025-10-21T00:00:00.009000+00:00,2.521e-05,93.97
2025-10-21 08:00:00+00:00,1761033600000,2025-10-21T08:00:00+00:00,3.563e-05,92.99
2025-10-21 16:00:00+00:00,1761062400000,2025-10-21T16:00:00+00:00,5.514e-05,96.27
2025-10-22 00:00:00.004000+00:00,1761091200004,2025-10-22T00:00:00.004000+00:00,0.0001,92.42
2025-10-22 08:00:00+00:00,1761120000000,2025-10-22T08:00:00+00:00,-3.509e-05,93.1
2025-10-22 16:00:00+00:00,1761148800000,2025-10-22T16:00:00+00:00,1.503e-05,92.86413725
2025-10-23 00:00:00+00:00,1761177600000,2025-10-23T00:00:00+00:00,6.431e-05,91.83
2025-10-23 08:00:00.001000+00:00,1761206400001,2025-10-23T08:00:00.001000+00:00,6.034e-05,93.27
2025-10-23 16:00:00.004000+00:00,1761235200004,2025-10-23T16:00:00.004000+00:00,4.127e-05,93.98
2025-10-24 00:00:00+00:00,1761264000000,2025-10-24T00:00:00+00:00,1.241e-05,93.96652941
2025-10-24 08:00:00+00:00,1761292800000,2025-10-24T08:00:00+00:00,4.064e-05,96.04995098
2025-10-24 16:00:00.009000+00:00,1761321600009,2025-10-24T16:00:00.009000+00:00,6.405e-05,95.18
2025-10-25 00:00:00+00:00,1761350400000,2025-10-25T00:00:00+00:00,9.798e-05,96.41331643
2025-10-25 08:00:00.001000+00:00,1761379200001,2025-10-25T08:00:00.001000+00:00,-2.559e-05,96.49
2025-10-25 16:00:00.001000+00:00,1761408000001,2025-10-25T16:00:00.001000+00:00,1.732e-05,96.0747549
2025-10-26 00:00:00.001000+00:00,1761436800001,2025-10-26T00:00:00.001000+00:00,-1.453e-05,96.91
2025-10-26 08:00:00.001000+00:00,1761465600001,2025-10-26T08:00:00.001000+00:00,7.004e-05,97.40194118
2025-10-26 16:00:00+00:00,1761494400000,2025-10-26T16:00:00+00:00,0.0001,99.16555882
2025-10-27 00:00:00+00:00,1761523200000,2025-10-27T00:00:00+00:00,0.0001,99.96
2025-10-27 08:00:00.005000+00:00,1761552000005,2025-10-27T08:00:00.005000+00:00,7.243e-05,99.75
2025-10-27 16:00:00+00:00,1761580800000,2025-10-27T16:00:00+00:00,0.0001,101.97954902
2025-10-28 00:00:00+00:00,1761609600000,2025-10-28T00:00:00+00:00,5.56e-05,99.33335294
2025-10-28 08:00:00+00:00,1761638400000,2025-10-28T08:00:00+00:00,5.33e-06,102.39
2025-10-28 16:00:00.004000+00:00,1761667200004,2025-10-28T16:00:00.004000+00:00,-0.00020355,99.02
2025-10-29 00:00:00.004000+00:00,1761696000004,2025-10-29T00:00:00.004000+00:00,-8.218e-05,96.59131373
2025-10-29 08:00:00.005000+00:00,1761724800005,2025-10-29T08:00:00.005000+00:00,-6.05e-05,98.62473529
2025-10-29 16:00:00+00:00,1761753600000,2025-10-29T16:00:00+00:00,0.0001,98.15
2025-10-30 00:00:00.004000+00:00,1761782400004,2025-10-30T00:00:00.004000+00:00,5.287e-05,98.48118627
2025-10-30 08:00:00.008000+00:00,1761811200008,2025-10-30T08:00:00.008000+00:00,4.647e-05,98.67555882
2025-10-30 16:00:00.001000+00:00,1761840000001,2025-10-30T16:00:00.001000+00:00,1.073e-05,92.1
2025-10-31 00:00:00+00:00,1761868800000,2025-10-31T00:00:00+00:00,-9.413e-05,93.33
2025-10-31 08:00:00.008000+00:00,1761897600008,2025-10-31T08:00:00.008000+00:00,6.403e-05,94.2
2025-10-31 16:00:00.007000+00:00,1761926400007,2025-10-31T16:00:00.007000+00:00,6.68e-05,95.59722549
2025-11-01 00:00:00.001000+00:00,1761955200001,2025-11-01T00:00:00.001000+00:00,7.897e-05,95.33
2025-11-01 08:00:00+00:00,1761984000000,2025-11-01T08:00:00+00:00,4.299e-05,99.04
2025-11-01 16:00:00+00:00,1762012800000,2025-11-01T16:00:00+00:00,7.862e-05,98.63378296
2025-11-02 00:00:00.007000+00:00,1762041600007,2025-11-02T00:00:00.007000+00:00,2.691e-05,101.31
2025-11-02 08:00:00+00:00,1762070400000,2025-11-02T08:00:00+00:00,3.847e-05,100.6294902
2025-11-02 16:00:00.001000+00:00,1762099200001,2025-11-02T16:00:00.001000+00:00,8.24e-05,98.34
2025-11-03 00:00:00+00:00,1762128000000,2025-11-03T00:00:00+00:00,4.957e-05,99.36
2025-11-03 08:00:00.010000+00:00,1762156800010,2025-11-03T08:00:00.010000+00:00,-3.575e-05,93.16
2025-11-03 16:00:00+00:00,1762185600000,2025-11-03T16:00:00+00:00,-0.00013799,87.65
2025-11-04 00:00:00.002000+00:00,1762214400002,2025-11-04T00:00:00.002000+00:00,-0.00010215,87.36447059
2025-11-04 08:00:00.004000+00:00,1762243200004,2025-11-04T08:00:00.004000+00:00,4.73e-05,86.14
2025-11-04 16:00:00+00:00,1762272000000,2025-11-04T16:00:00+00:00,-5.18e-06,87.47
2025-11-05 00:00:00+00:00,1762300800000,2025-11-05T00:00:00+00:00,-3.802e-05,85.16623732
2025-11-05 08:00:00+00:00,1762329600000,2025-11-05T08:00:00+00:00,3.03e-05,86.99
2025-11-05 16:00:00.004000+00:00,1762358400004,2025-11-05T16:00:00.004000+00:00,-7.658e-05,87.72
2025-11-06 00:00:00.001000+00:00,1762387200001,2025-11-06T00:00:00.001000+00:00,-0.00013515,89.35
2025-11-06 08:00:00+00:00,1762416000000,2025-11-06T08:00:00+00:00,5.039e-05,86.72109804
2025-11-06 16:00:00.001000+00:00,1762444800001,2025-11-06T16:00:00.001000+00:00,-1.26e-05,86.59
2025-11-07 00:00:00.005000+00:00,1762473600005,2025-11-07T00:00:00.005000+00:00,3.98e-05,86.95
2025-11-07 08:00:00.003000+00:00,1762502400003,2025-11-07T08:00:00.003000+00:00,8.782e-05,90.70401623
2025-11-07 16:00:00.005000+00:00,1762531200005,2025-11-07T16:00:00.005000+00:00,3.631e-05,93.09329412
2025-11-08 00:00:00.011000+00:00,1762560000011,2025-11-08T00:00:00.011000+00:00,0.0001,101.85160784
2025-11-08 08:00:00.015000+00:00,1762588800015,2025-11-08T08:00:00.015000+00:00,0.0001,99.87148039
2025-11-08 16:00:00.001000+00:00,1762617600001,2025-11-08T16:00:00.001000+00:00,9.825e-05,98.63600406
2025-11-09 00:00:00.004000+00:00,1762646400004,2025-11-09T00:00:00.004000+00:00,2.154e-05,106.86555882
2025-11-09 08:00:00+00:00,1762675200000,2025-11-09T08:00:00+00:00,2.119e-05,101.47241176
2025-11-09 16:00:00.005000+00:00,1762704000005,2025-11-09T16:00:00.005000+00:00,4.777e-05,106.8
2025-11-10 00:00:00+00:00,1762732800000,2025-11-10T00:00:00+00:00,5.449e-05,110.24211765
2025-11-10 08:00:00+00:00,1762761600000,2025-11-10T08:00:00+00:00,3.721e-05,107.2
2025-11-10 16:00:00.003000+00:00,1762790400003,2025-11-10T16:00:00.003000+00:00,2.546e-05,107.37041176
2025-11-11 00:00:00.007000+00:00,1762819200007,2025-11-11T00:00:00.007000+00:00,9.526e-05,104.2
2025-11-11 08:00:00+00:00,1762848000000,2025-11-11T08:00:00+00:00,8.625e-05,102.08
2025-11-11 16:00:00.009000+00:00,1762876800009,2025-11-11T16:00:00.009000+00:00,9.754e-05,100.98
2025-11-12 00:00:00+00:00,1762905600000,2025-11-12T00:00:00+00:00,0.0001,99.65
2025-11-12 08:00:00.002000+00:00,1762934400002,2025-11-12T08:00:00.002000+00:00,0.0001,99.53395098
2025-11-12 16:00:00+00:00,1762963200000,2025-11-12T16:00:00+00:00,5.074e-05,100.01216667
2025-11-13 00:00:00.002000+00:00,1762992000002,2025-11-13T00:00:00.002000+00:00,3.207e-05,97.56
2025-11-13 08:00:00+00:00,1763020800000,2025-11-13T08:00:00+00:00,3.358e-05,100.54539216
2025-11-13 16:00:00.001000+00:00,1763049600001,2025-11-13T16:00:00.001000+00:00,2.579e-05,99.54529412
2025-11-14 00:00:00+00:00,1763078400000,2025-11-14T00:00:00+00:00,-2.73e-05,96.5
2025-11-14 08:00:00+00:00,1763107200000,2025-11-14T08:00:00+00:00,0.0001,98.15846078
2025-11-14 16:00:00.001000+00:00,1763136000001,2025-11-14T16:00:00.001000+00:00,0.0001,96.86
2025-11-15 00:00:00.005000+00:00,1763164800005,2025-11-15T00:00:00.005000+00:00,2.672e-05,97.6451927
2025-11-15 08:00:00+00:00,1763193600000,2025-11-15T08:00:00+00:00,0.0001,102.70990196
2025-11-15 16:00:00.001000+00:00,1763222400001,2025-11-15T16:00:00.001000+00:00,0.0001,104.15
2025-11-16 00:00:00.001000+00:00,1763251200001,2025-11-16T00:00:00.001000+00:00,9.51e-06,101.68638235
2025-11-16 08:00:00+00:00,1763280000000,2025-11-16T08:00:00+00:00,3.958e-05,101.98129412
2025-11-16 16:00:00+00:00,1763308800000,2025-11-16T16:00:00+00:00,3.786e-05,97.76
2025-11-17 00:00:00.003000+00:00,1763337600003,2025-11-17T00:00:00.003000+00:00,-1.665e-05,95.74587221
2025-11-17 08:00:00.003000+00:00,1763366400003,2025-11-17T08:00:00.003000+00:00,-5.4e-06,96.97104902
2025-11-17 16:00:00+00:00,1763395200000,2025-11-17T16:00:00+00:00,-8.7e-07,94.62079108
2025-11-18 00:00:00.002000+00:00,1763424000002,2025-11-18T00:00:00.002000+00:00,-3.415e-05,91.2
2025-11-18 08:00:00.004000+00:00,1763452800004,2025-11-18T08:00:00.004000+00:00,4.63e-05,95.40742157
2025-11-18 16:00:00+00:00,1763481600000,2025-11-18T16:00:00+00:00,2.823e-05,96.30336714
2025-11-19 00:00:00+00:00,1763510400000,2025-11-19T00:00:00+00:00,5.514e-05,95.61
2025-11-19 08:00:00+00:00,1763539200000,2025-11-19T08:00:00+00:00,1.245e-05,94.42
2025-11-19 16:00:00.008000+00:00,1763568000008,2025-11-19T16:00:00.008000+00:00,1.254e-05,91.69473529
2025-11-20 00:00:00+00:00,1763596800000,2025-11-20T00:00:00+00:00,-1.865e-05,92.85108824
2025-11-20 08:00:00+00:00,1763625600000,2025-11-20T08:00:00+00:00,0.0001,93.11
2025-11-20 16:00:00+00:00,1763654400000,2025-11-20T16:00:00+00:00,0.0001,90.34
2025-11-21 00:00:00.001000+00:00,1763683200001,2025-11-21T00:00:00.001000+00:00,-0.0001578,87.2
2025-11-21 08:00:00+00:00,1763712000000,2025-11-21T08:00:00+00:00,7.522e-05,84.5757549
2025-11-21 16:00:00.001000+00:00,1763740800001,2025-11-21T16:00:00.001000+00:00,3.424e-05,81.98686275
2025-11-22 00:00:00.004000+00:00,1763769600004,2025-11-22T00:00:00.004000+00:00,1.09e-05,82.60638235
2025-11-22 08:00:00+00:00,1763798400000,2025-11-22T08:00:00+00:00,7.6e-05,83.16204902
2025-11-22 16:00:00+00:00,1763827200000,2025-11-22T16:00:00+00:00,-4.52e-06,81.4792549
2025-11-23 00:00:00+00:00,1763856000000,2025-11-23T00:00:00+00:00,3.615e-05,82.06321569
2025-11-23 08:00:00.008000+00:00,1763884800008,2025-11-23T08:00:00.008000+00:00,-9.78e-05,83.0809902
2025-11-23 16:00:00.003000+00:00,1763913600003,2025-11-23T16:00:00.003000+00:00,-3.088e-05,83.71
2025-11-24 00:00:00.004000+00:00,1763942400004,2025-11-24T00:00:00.004000+00:00,-2.792e-05,83.03
2025-11-24 08:00:00+00:00,1763971200000,2025-11-24T08:00:00+00:00,-5.72e-06,83.83
2025-11-24 16:00:00.006000+00:00,1764000000006,2025-11-24T16:00:00.006000+00:00,4.943e-05,84.14
2025-11-25 00:00:00+00:00,1764028800000,2025-11-25T00:00:00+00:00,-1.986e-05,85.44
2025-11-25 08:00:00.009000+00:00,1764057600009,2025-11-25T08:00:00.009000+00:00,6.13e-06,84.05307843
2025-11-25 16:00:00.007000+00:00,1764086400007,2025-11-25T16:00:00.007000+00:00,-5.005e-05,84.18
2025-11-26 00:00:00.001000+00:00,1764115200001,2025-11-26T00:00:00.001000+00:00,7.979e-05,85.26
2025-11-26 08:00:00.001000+00:00,1764144000001,2025-11-26T08:00:00.001000+00:00,2.941e-05,85.34
2025-11-26 16:00:00+00:00,1764172800000,2025-11-26T16:00:00+00:00,-7.432e-05,83.78323529
2025-11-27 00:00:00.013000+00:00,1764201600013,2025-11-27T00:00:00.013000+00:00,9.463e-05,86.81336275
2025-11-27 08:00:00+00:00,1764230400000,2025-11-27T08:00:00+00:00,5.873e-05,86.43
2025-11-27 16:00:00.004000+00:00,1764259200004,2025-11-27T16:00:00.004000+00:00,-6.65e-05,87.18528431
2025-11-28 00:00:00.008000+00:00,1764288000008,2025-11-28T00:00:00.008000+00:00,4.299e-05,86.53420892
2025-11-28 08:00:00+00:00,1764316800000,2025-11-28T08:00:00+00:00,-1.809e-05,84.58579412
2025-11-28 16:00:00.008000+00:00,1764345600008,2025-11-28T16:00:00.008000+00:00,-1.096e-05,85.95
2025-11-29 00:00:00+00:00,1764374400000,2025-11-29T00:00:00+00:00,-1.591e-05,84.19
2025-11-29 08:00:00.005000+00:00,1764403200005,2025-11-29T08:00:00.005000+00:00,1.103e-05,84.16
2025-11-29 16:00:00.001000+00:00,1764432000001,2025-11-29T16:00:00.001000+00:00,-1.574e-05,84.3701217
2025-11-30 00:00:00.003000+00:00,1764460800003,2025-11-30T00:00:00.003000+00:00,-1.553e-05,83.90064706
2025-11-30 08:00:00+00:00,1764489600000,2025-11-30T08:00:00+00:00,6.586e-05,84.08
2025-11-30 16:00:00.004000+00:00,1764518400004,2025-11-30T16:00:00.004000+00:00,-2.414e-05,83.87
2025-12-01 00:00:00+00:00,1764547200000,2025-12-01T00:00:00+00:00,-6.376e-05,82.33
2025-12-01 08:00:00.004000+00:00,1764576000004,2025-12-01T08:00:00.004000+00:00,-8.228e-05,77.46
2025-12-01 16:00:00+00:00,1764604800000,2025-12-01T16:00:00+00:00,-3.995e-05,75.60163725
2025-12-02 00:00:00.004000+00:00,1764633600004,2025-12-02T00:00:00.004000+00:00,-0.00015238,77.48
2025-12-02 08:00:00+00:00,1764662400000,2025-12-02T08:00:00+00:00,1.174e-05,78.0
2025-12-02 16:00:00+00:00,1764691200000,2025-12-02T16:00:00+00:00,-4.984e-05,82.45
2025-12-03 00:00:00+00:00,1764720000000,2025-12-03T00:00:00+00:00,-7.158e-05,82.75
2025-12-03 08:00:00+00:00,1764748800000,2025-12-03T08:00:00+00:00,2.691e-05,85.15
2025-12-03 16:00:00.005000+00:00,1764777600005,2025-12-03T16:00:00.005000+00:00,0.0001,85.1
2025-12-04 00:00:00.012000+00:00,1764806400012,2025-12-04T00:00:00.012000+00:00,9.214e-05,85.80278431
2025-12-04 08:00:00+00:00,1764835200000,2025-12-04T08:00:00+00:00,0.0001,85.55
2025-12-04 16:00:00.011000+00:00,1764864000011,2025-12-04T16:00:00.011000+00:00,0.0001,84.44504902
2025-12-05 00:00:00+00:00,1764892800000,2025-12-05T00:00:00+00:00,0.0001,83.49087255
2025-12-05 08:00:00+00:00,1764921600000,2025-12-05T08:00:00+00:00,9.294e-05,83.58
2025-12-05 16:00:00.010000+00:00,1764950400010,2025-12-05T16:00:00.010000+00:00,5.96e-06,81.96684314
2025-12-06 00:00:00.001000+00:00,1764979200001,2025-12-06T00:00:00.001000+00:00,-2.349e-05,80.33
2025-12-06 08:00:00.001000+00:00,1765008000001,2025-12-06T08:00:00.001000+00:00,-7.247e-05,80.12
2025-12-06 16:00:00.008000+00:00,1765036800008,2025-12-06T16:00:00.008000+00:00,1.203e-05,80.88
2025-12-07 00:00:00+00:00,1765065600000,2025-12-07T00:00:00+00:00,5.328e-05,81.64
2025-12-07 08:00:00.004000+00:00,1765094400004,2025-12-07T08:00:00.004000+00:00,1.846e-05,82.3399902
2025-12-07 16:00:00+00:00,1765123200000,2025-12-07T16:00:00+00:00,1.119e-05,81.61407843
2025-12-08 00:00:00+00:00,1765152000000,2025-12-08T00:00:00+00:00,-9.88e-06,81.37092157
2025-12-08 08:00:00+00:00,1765180800000,2025-12-08T08:00:00+00:00,2.536e-05,83.17366667
2025-12-08 16:00:00.001000+00:00,1765209600001,2025-12-08T16:00:00.001000+00:00,8.55e-05,83.29082353
2025-12-09 00:00:00.001000+00:00,1765238400001,2025-12-09T00:00:00.001000+00:00,6.152e-05,83.83
2025-12-09 08:00:00.001000+00:00,1765267200001,2025-12-09T08:00:00.001000+00:00,7.112e-05,83.38596349
2025-12-09 16:00:00.007000+00:00,1765296000007,2025-12-09T16:00:00.007000+00:00,-6.7e-06,85.82941176
2025-12-10 00:00:00.007000+00:00,1765324800007,2025-12-10T00:00:00.007000+00:00,0.0001,85.79731373
2025-12-10 08:00:00.002000+00:00,1765353600002,2025-12-10T08:00:00.002000+00:00,9.28e-06,84.19
2025-12-10 16:00:00.012000+00:00,1765382400012,2025-12-10T16:00:00.012000+00:00,4.426e-05,84.17
2025-12-11 00:00:00.001000+00:00,1765411200001,2025-12-11T00:00:00.001000+00:00,6.699e-05,84.28009804
2025-12-11 08:00:00+00:00,1765440000000,2025-12-11T08:00:00+00:00,-4.902e-05,80.84
2025-12-11 16:00:00+00:00,1765468800000,2025-12-11T16:00:00+00:00,-3.454e-05,80.98902941
2025-12-12 00:00:00.005000+00:00,1765497600005,2025-12-12T00:00:00.005000+00:00,7.853e-05,82.89
2025-12-12 08:00:00.007000+00:00,1765526400007,2025-12-12T08:00:00.007000+00:00,0.0001,83.35
2025-12-12 16:00:00.002000+00:00,1765555200002,2025-12-12T16:00:00.002000+00:00,2.447e-05,81.33782353
2025-12-13 00:00:00.001000+00:00,1765584000001,2025-12-13T00:00:00.001000+00:00,3.614e-05,81.91
2025-12-13 08:00:00.006000+00:00,1765612800006,2025-12-13T08:00:00.006000+00:00,3.86e-05,81.79042157
2025-12-13 16:00:00+00:00,1765641600000,2025-12-13T16:00:00+00:00,3.1e-06,81.68713725
2025-12-14 00:00:00+00:00,1765670400000,2025-12-14T00:00:00+00:00,9.021e-05,81.44
2025-12-14 08:00:00.003000+00:00,1765699200003,2025-12-14T08:00:00.003000+00:00,2.836e-05,81.00279412
2025-12-14 16:00:00.005000+00:00,1765728000005,2025-12-14T16:00:00.005000+00:00,-1.665e-05,78.88
2025-12-15 00:00:00+00:00,1765756800000,2025-12-15T00:00:00+00:00,-1.431e-05,78.92
2025-12-15 08:00:00+00:00,1765785600000,2025-12-15T08:00:00+00:00,1.761e-05,80.74
2025-12-15 16:00:00+00:00,1765814400000,2025-12-15T16:00:00+00:00,2.815e-05,77.79033469
2025-12-16 00:00:00.002000+00:00,1765843200002,2025-12-16T00:00:00.002000+00:00,-2.574e-05,77.47
2025-12-16 08:00:00+00:00,1765872000000,2025-12-16T08:00:00+00:00,-2.12e-06,77.13
2025-12-16 16:00:00.002000+00:00,1765900800002,2025-12-16T16:00:00.002000+00:00,1.404e-05,79.39
2025-12-17 00:00:00.004000+00:00,1765929600004,2025-12-17T00:00:00.004000+00:00,3e-08,79.04
2025-12-17 08:00:00+00:00,1765958400000,2025-12-17T08:00:00+00:00,5.023e-05,78.82
2025-12-17 16:00:00+00:00,1765987200000,2025-12-17T16:00:00+00:00,2.307e-05,78.18043137
2025-12-18 00:00:00.005000+00:00,1766016000005,2025-12-18T00:00:00.005000+00:00,-3.369e-05,75.98
2025-12-18 08:00:00.007000+00:00,1766044800007,2025-12-18T08:00:00.007000+00:00,-1.396e-05,75.31605477
2025-12-18 16:00:00.001000+00:00,1766073600001,2025-12-18T16:00:00.001000+00:00,-7.46e-06,77.62476471
2025-12-19 00:00:00+00:00,1766102400000,2025-12-19T00:00:00+00:00,-2.601e-05,74.25
2025-12-19 08:00:00.001000+00:00,1766131200001,2025-12-19T08:00:00.001000+00:00,5.538e-05,75.81061765
2025-12-19 16:00:00+00:00,1766160000000,2025-12-19T16:00:00+00:00,0.0001,76.22472617
2025-12-20 00:00:00.005000+00:00,1766188800005,2025-12-20T00:00:00.005000+00:00,9.022e-05,77.45
2025-12-20 08:00:00+00:00,1766217600000,2025-12-20T08:00:00+00:00,3.933e-05,77.08
2025-12-20 16:00:00.002000+00:00,1766246400002,2025-12-20T16:00:00.002000+00:00,7.723e-05,76.66
2025-12-21 00:00:00+00:00,1766275200000,2025-12-21T00:00:00+00:00,7.345e-05,77.80185294
2025-12-21 08:00:00.009000+00:00,1766304000009,2025-12-21T08:00:00.009000+00:00,6.384e-05,77.15
2025-12-21 16:00:00+00:00,1766332800000,2025-12-21T16:00:00+00:00,-4.889e-05,75.91
2025-12-22 00:00:00+00:00,1766361600000,2025-12-22T00:00:00+00:00,2.744e-05,76.73
2025-12-22 08:00:00.005000+00:00,1766390400005,2025-12-22T08:00:00.005000+00:00,4.834e-05,77.78
2025-12-22 16:00:00.009000+00:00,1766419200009,2025-12-22T16:00:00.009000+00:00,9.503e-05,79.27
2025-12-23 00:00:00+00:00,1766448000000,2025-12-23T00:00:00+00:00,0.0001,77.0
2025-12-23 08:00:00+00:00,1766476800000,2025-12-23T08:00:00+00:00,1.442e-05,76.74573529
2025-12-23 16:00:00.001000+00:00,1766505600001,2025-12-23T16:00:00.001000+00:00,-2.05e-06,76.64
2025-12-24 00:00:00.001000+00:00,1766534400001,2025-12-24T00:00:00.001000+00:00,6.79e-06,76.96
2025-12-24 08:00:00.001000+00:00,1766563200001,2025-12-24T08:00:00.001000+00:00,-8.013e-05,75.63403922
2025-12-24 16:00:00+00:00,1766592000000,2025-12-24T16:00:00+00:00,9.74e-06,75.91138235
2025-12-25 00:00:00+00:00,1766620800000,2025-12-25T00:00:00+00:00,5.958e-05,75.76033333
2025-12-25 08:00:00.001000+00:00,1766649600001,2025-12-25T08:00:00.001000+00:00,6.071e-05,76.91260784
2025-12-25 16:00:00.005000+00:00,1766678400005,2025-12-25T16:00:00.005000+00:00,7.288e-05,76.96
2025-12-26 00:00:00.004000+00:00,1766707200004,2025-12-26T00:00:00.004000+00:00,4.371e-05,75.64
2025-12-26 08:00:00.001000+00:00,1766736000001,2025-12-26T08:00:00.001000+00:00,4.849e-05,77.19390196
2025-12-26 16:00:00.007000+00:00,1766764800007,2025-12-26T16:00:00.007000+00:00,3.685e-05,76.58
2025-12-27 00:00:00+00:00,1766793600000,2025-12-27T00:00:00+00:00,0.0001,76.835
2025-12-27 08:00:00+00:00,1766822400000,2025-12-27T08:00:00+00:00,0.0001,77.02211765
2025-12-27 16:00:00.011000+00:00,1766851200011,2025-12-27T16:00:00.011000+00:00,0.0001,78.651
2025-12-28 00:00:00.008000+00:00,1766880000008,2025-12-28T00:00:00.008000+00:00,0.0001,80.29
2025-12-28 08:00:00+00:00,1766908800000,2025-12-28T08:00:00+00:00,0.0001,79.64
2025-12-28 16:00:00+00:00,1766937600000,2025-12-28T16:00:00+00:00,4.956e-05,79.33
2025-12-29 00:00:00.016000+00:00,1766966400016,2025-12-29T00:00:00.016000+00:00,0.0001,78.68198039
2025-12-29 08:00:00.001000+00:00,1766995200001,2025-12-29T08:00:00.001000+00:00,-3.66e-06,79.18
2025-12-29 16:00:00+00:00,1767024000000,2025-12-29T16:00:00+00:00,-1.282e-05,78.2
2025-12-30 00:00:00.005000+00:00,1767052800005,2025-12-30T00:00:00.005000+00:00,1.826e-05,78.29539216
2025-12-30 08:00:00.001000+00:00,1767081600001,2025-12-30T08:00:00.001000+00:00,5.293e-05,78.23
2025-12-30 16:00:00.003000+00:00,1767110400003,2025-12-30T16:00:00.003000+00:00,0.0001,78.64016227
2025-12-31 00:00:00.004000+00:00,1767139200004,2025-12-31T00:00:00.004000+00:00,4.611e-05,78.83730392
2025-12-31 08:00:00.001000+00:00,1767168000001,2025-12-31T08:00:00.001000+00:00,6.597e-05,78.1842451
2025-12-31 16:00:00.001000+00:00,1767196800001,2025-12-31T16:00:00.001000+00:00,8.448e-05,77.57055781
2026-01-01 00:00:00.008000+00:00,1767225600008,2026-01-01T00:00:00.008000+00:00,4.3e-05,76.81
2026-01-01 08:00:00.002000+00:00,1767254400002,2026-01-01T08:00:00.002000+00:00,9.071e-05,77.13
2026-01-01 16:00:00.001000+00:00,1767283200001,2026-01-01T16:00:00.001000+00:00,0.0001,78.81789216
2026-01-02 00:00:00.006000+00:00,1767312000006,2026-01-02T00:00:00.006000+00:00,0.0001,79.92770588
2026-01-02 08:00:00.007000+00:00,1767340800007,2026-01-02T08:00:00.007000+00:00,0.0001,79.29
2026-01-02 16:00:00+00:00,1767369600000,2026-01-02T16:00:00+00:00,6.094e-05,80.5
2026-01-03 00:00:00.001000+00:00,1767398400001,2026-01-03T00:00:00.001000+00:00,0.0001,81.88135294
2026-01-03 08:00:00+00:00,1767427200000,2026-01-03T08:00:00+00:00,8.646e-05,81.33
2026-01-03 16:00:00+00:00,1767456000000,2026-01-03T16:00:00+00:00,7.367e-05,81.21
2026-01-04 00:00:00+00:00,1767484800000,2026-01-04T00:00:00+00:00,6.56e-05,82.04
2026-01-04 08:00:00+00:00,1767513600000,2026-01-04T08:00:00+00:00,2.008e-05,82.16381373
2026-01-04 16:00:00.001000+00:00,1767542400001,2026-01-04T16:00:00.001000+00:00,1.84e-05,82.63
2026-01-05 00:00:00+00:00,1767571200000,2026-01-05T00:00:00+00:00,4.214e-05,82.22053922
2026-01-05 08:00:00+00:00,1767600000000,2026-01-05T08:00:00+00:00,2.032e-05,82.36518256
2026-01-05 16:00:00+00:00,1767628800000,2026-01-05T16:00:00+00:00,9.361e-05,83.39
2026-01-06 00:00:00.010000+00:00,1767657600010,2026-01-06T00:00:00.010000+00:00,0.0001,83.43
2026-01-06 08:00:00+00:00,1767686400000,2026-01-06T08:00:00+00:00,7.572e-05,83.02807843
2026-01-06 16:00:00+00:00,1767715200000,2026-01-06T16:00:00+00:00,3.418e-05,83.49092157
2026-01-07 00:00:00.001000+00:00,1767744000001,2026-01-07T00:00:00.001000+00:00,0.0001,83.93
2026-01-07 08:00:00.001000+00:00,1767772800001,2026-01-07T08:00:00.001000+00:00,-3.648e-05,83.46
2026-01-07 16:00:00.001000+00:00,1767801600001,2026-01-07T16:00:00.001000+00:00,-1.101e-05,81.51329412
2026-01-08 00:00:00.001000+00:00,1767830400001,2026-01-08T00:00:00.001000+00:00,2.697e-05,81.65
2026-01-08 08:00:00+00:00,1767859200000,2026-01-08T08:00:00+00:00,3.137e-05,81.26506863
2026-01-08 16:00:00+00:00,1767888000000,2026-01-08T16:00:00+00:00,2.764e-05,81.35545098
2026-01-09 00:00:00.003000+00:00,1767916800003,2026-01-09T00:00:00.003000+00:00,3.45e-06,81.27
2026-01-09 08:00:00+00:00,1767945600000,2026-01-09T08:00:00+00:00,4.386e-05,81.50360784
2026-01-09 16:00:00.001000+00:00,1767974400001,2026-01-09T16:00:00.001000+00:00,2.723e-05,81.3
2026-01-10 00:00:00+00:00,1768003200000,2026-01-10T00:00:00+00:00,8.566e-05,81.46
2026-01-10 08:00:00.002000+00:00,1768032000002,2026-01-10T08:00:00.002000+00:00,5.394e-05,81.56
2026-01-10 16:00:00.001000+00:00,1768060800001,2026-01-10T16:00:00.001000+00:00,0.0001,81.5115
2026-01-11 00:00:00.003000+00:00,1768089600003,2026-01-11T00:00:00.003000+00:00,3.688e-05,81.15
2026-01-11 08:00:00.006000+00:00,1768118400006,2026-01-11T08:00:00.006000+00:00,0.0001,81.22515686
2026-01-11 16:00:00+00:00,1768147200000,2026-01-11T16:00:00+00:00,0.0001,80.50160784
2026-01-12 00:00:00.005000+00:00,1768176000005,2026-01-12T00:00:00.005000+00:00,9.991e-05,78.76
2026-01-12 08:00:00+00:00,1768204800000,2026-01-12T08:00:00+00:00,2.14e-06,78.55763725
2026-01-12 16:00:00+00:00,1768233600000,2026-01-12T16:00:00+00:00,4.422e-05,77.15697059
2026-01-13 00:00:00.007000+00:00,1768262400007,2026-01-13T00:00:00.007000+00:00,5.729e-05,76.08
2026-01-13 08:00:00.009000+00:00,1768291200009,2026-01-13T08:00:00.009000+00:00,0.0001,76.76566667
2026-01-13 16:00:00.002000+00:00,1768320000002,2026-01-13T16:00:00.002000+00:00,5.037e-05,77.01292157
2026-01-14 00:00:00+00:00,1768348800000,2026-01-14T00:00:00+00:00,8.807e-05,78.15182353
2026-01-14 08:00:00.001000+00:00,1768377600001,2026-01-14T08:00:00.001000+00:00,0.0001,79.0327549
2026-01-14 16:00:00.004000+00:00,1768406400004,2026-01-14T16:00:00.004000+00:00,0.0001,79.70076471
2026-01-15 00:00:00+00:00,1768435200000,2026-01-15T00:00:00+00:00,0.0001,76.6484902
2026-01-15 08:00:00.004000+00:00,1768464000004,2026-01-15T08:00:00.004000+00:00,-6.864e-05,74.5
2026-01-15 16:00:00.002000+00:00,1768492800002,2026-01-15T16:00:00.002000+00:00,6.289e-05,72.33761765
2026-01-16 00:00:00+00:00,1768521600000,2026-01-16T00:00:00+00:00,-1.847e-05,72.16186275
2026-01-16 08:00:00+00:00,1768550400000,2026-01-16T08:00:00+00:00,4.208e-05,72.15
2026-01-16 16:00:00.001000+00:00,1768579200001,2026-01-16T16:00:00.001000+00:00,-2.73e-05,71.93638235
2026-01-17 00:00:00+00:00,1768608000000,2026-01-17T00:00:00+00:00,5.2e-05,75.18
2026-01-17 08:00:00+00:00,1768636800000,2026-01-17T08:00:00+00:00,3.639e-05,74.712
2026-01-17 16:00:00.002000+00:00,1768665600002,2026-01-17T16:00:00.002000+00:00,-2.262e-05,74.86997059
2026-01-18 00:00:00.001000+00:00,1768694400001,2026-01-18T00:00:00.001000+00:00,7.421e-05,74.88
2026-01-18 08:00:00+00:00,1768723200000,2026-01-18T08:00:00+00:00,4.126e-05,74.91
2026-01-18 16:00:00+00:00,1768752000000,2026-01-18T16:00:00+00:00,7.729e-05,74.83106863
2026-01-19 00:00:00.007000+00:00,1768780800007,2026-01-19T00:00:00.007000+00:00,-1.732e-05,72.23
2026-01-19 08:00:00.007000+00:00,1768809600007,2026-01-19T08:00:00.007000+00:00,-1.356e-05,70.54
2026-01-19 16:00:00.007000+00:00,1768838400007,2026-01-19T16:00:00.007000+00:00,-2.473e-05,70.63427451
2026-01-20 00:00:00.005000+00:00,1768867200005,2026-01-20T00:00:00.005000+00:00,5.99e-05,70.76
2026-01-20 08:00:00.001000+00:00,1768896000001,2026-01-20T08:00:00.001000+00:00,0.0001,69.47
2026-01-20 16:00:00.009000+00:00,1768924800009,2026-01-20T16:00:00.009000+00:00,-4.574e-05,68.65052941
2026-01-21 00:00:00.001000+00:00,1768953600001,2026-01-21T00:00:00.001000+00:00,8.52e-06,67.08
2026-01-21 08:00:00.011000+00:00,1768982400011,2026-01-21T08:00:00.011000+00:00,6.116e-05,68.9102549
2026-01-21 16:00:00.011000+00:00,1769011200011,2026-01-21T16:00:00.011000+00:00,-4.328e-05,69.09
2026-01-22 00:00:00.010000+00:00,1769040000010,2026-01-22T00:00:00.010000+00:00,8.059e-05,68.44
2026-01-22 08:00:00.003000+00:00,1769068800003,2026-01-22T08:00:00.003000+00:00,5.387e-05,68.38
2026-01-22 16:00:00.005000+00:00,1769097600005,2026-01-22T16:00:00.005000+00:00,-5.304e-05,67.99878431
2026-01-23 00:00:00.005000+00:00,1769126400005,2026-01-23T00:00:00.005000+00:00,2.32e-06,68.15
2026-01-23 08:00:00+00:00,1769155200000,2026-01-23T08:00:00+00:00,7.305e-05,68.79
2026-01-23 16:00:00.011000+00:00,1769184000011,2026-01-23T16:00:00.011000+00:00,-2.595e-05,68.19
2026-01-24 00:00:00.011000+00:00,1769212800011,2026-01-24T00:00:00.011000+00:00,-3.665e-05,68.01335294
2026-01-24 08:00:00.002000+00:00,1769241600002,2026-01-24T08:00:00.002000+00:00,5.168e-05,68.48928431
2026-01-24 16:00:00.001000+00:00,1769270400001,2026-01-24T16:00:00.001000+00:00,1.336e-05,68.26728195
2026-01-25 00:00:00.002000+00:00,1769299200002,2026-01-25T00:00:00.002000+00:00,2.201e-05,68.14672549
2026-01-25 08:00:00.011000+00:00,1769328000011,2026-01-25T08:00:00.011000+00:00,-1.369e-05,68.62356863
2026-01-25 16:00:00.005000+00:00,1769356800005,2026-01-25T16:00:00.005000+00:00,2.82e-06,69.47586275
2026-01-26 00:00:00+00:00,1769385600000,2026-01-26T00:00:00+00:00,-7.56e-06,67.27
2026-01-26 08:00:00.003000+00:00,1769414400003,2026-01-26T08:00:00.003000+00:00,7.321e-05,68.36
2026-01-26 16:00:00+00:00,1769443200000,2026-01-26T16:00:00+00:00,0.0001,69.02
2026-01-27 00:00:00.002000+00:00,1769472000002,2026-01-27T00:00:00.002000+00:00,7.457e-05,69.69
2026-01-27 08:00:00+00:00,1769500800000,2026-01-27T08:00:00+00:00,0.0001,69.09291176
2026-01-27 16:00:00+00:00,1769529600000,2026-01-27T16:00:00+00:00,-6.34e-06,69.9
2026-01-28 00:00:00+00:00,1769558400000,2026-01-28T00:00:00+00:00,5.444e-05,70.0
2026-01-28 08:00:00+00:00,1769587200000,2026-01-28T08:00:00+00:00,7.667e-05,69.59844118
2026-01-28 16:00:00+00:00,1769616000000,2026-01-28T16:00:00+00:00,-6.607e-05,68.96
2026-01-29 00:00:00+00:00,1769644800000,2026-01-29T00:00:00+00:00,6.15e-05,69.37776471
2026-01-29 08:00:00.009000+00:00,1769673600009,2026-01-29T08:00:00.009000+00:00,1.058e-05,68.13288235
2026-01-29 16:00:00+00:00,1769702400000,2026-01-29T16:00:00+00:00,-7.431e-05,65.40275862
2026-01-30 00:00:00.008000+00:00,1769731200008,2026-01-30T00:00:00.008000+00:00,-4.062e-05,66.19
2026-01-30 08:00:00+00:00,1769760000000,2026-01-30T08:00:00+00:00,6.77e-05,64.2634902
2026-01-30 16:00:00.001000+00:00,1769788800001,2026-01-30T16:00:00.001000+00:00,1.978e-05,64.79
2026-01-31 00:00:00+00:00,1769817600000,2026-01-31T00:00:00+00:00,-1.269e-05,65.43
2026-01-31 08:00:00.001000+00:00,1769846400001,2026-01-31T08:00:00.001000+00:00,3.44e-06,63.88
2026-01-31 16:00:00.009000+00:00,1769875200009,2026-01-31T16:00:00.009000+00:00,-0.00010308,60.14
2026-02-01 00:00:00.001000+00:00,1769904000001,2026-02-01T00:00:00.001000+00:00,-0.00010607,59.49281373
2026-02-01 08:00:00.004000+00:00,1769932800004,2026-02-01T08:00:00.004000+00:00,2.507e-05,59.36
2026-02-01 16:00:00+00:00,1769961600000,2026-02-01T16:00:00+00:00,1.421e-05,58.38093306
2026-02-02 00:00:00+00:00,1769990400000,2026-02-02T00:00:00+00:00,-1.263e-05,58.47
2026-02-02 08:00:00.014000+00:00,1770019200014,2026-02-02T08:00:00.014000+00:00,5.55e-05,58.20157843
2026-02-02 16:00:00+00:00,1770048000000,2026-02-02T16:00:00+00:00,-3.195e-05,61.01344118
2026-02-03 00:00:00+00:00,1770076800000,2026-02-03T00:00:00+00:00,3.863e-05,59.97134888
2026-02-03 08:00:00.007000+00:00,1770105600007,2026-02-03T08:00:00.007000+00:00,4.58e-06,60.22
2026-02-03 16:00:00+00:00,1770134400000,2026-02-03T16:00:00+00:00,-5.23e-06,60.34
2026-02-04 00:00:00.002000+00:00,1770163200002,2026-02-04T00:00:00.002000+00:00,-3.171e-05,59.44
2026-02-04 08:00:00.007000+00:00,1770192000007,2026-02-04T08:00:00.007000+00:00,2.969e-05,60.75559804
2026-02-04 16:00:00+00:00,1770220800000,2026-02-04T16:00:00+00:00,-5.23e-06,58.14575051
2026-02-05 00:00:00.011000+00:00,1770249600011,2026-02-05T00:00:00.011000+00:00,-2.722e-05,58.85
2026-02-05 08:00:00+00:00,1770278400000,2026-02-05T08:00:00+00:00,1.129e-05,57.59281947
2026-02-05 16:00:00.007000+00:00,1770307200007,2026-02-05T16:00:00.007000+00:00,-6.399e-05,53.88
2026-02-06 00:00:00+00:00,1770336000000,2026-02-06T00:00:00+00:00,-2.074e-05,50.74677451
2026-02-06 08:00:00.001000+00:00,1770364800001,2026-02-06T08:00:00.001000+00:00,-2.558e-05,50.93
2026-02-06 16:00:00+00:00,1770393600000,2026-02-06T16:00:00+00:00,-2.394e-05,54.34
2026-02-07 00:00:00.003000+00:00,1770422400003,2026-02-07T00:00:00.003000+00:00,5.93e-06,54.99
2026-02-07 08:00:00+00:00,1770451200000,2026-02-07T08:00:00+00:00,4.11e-05,53.59
2026-02-07 16:00:00.010000+00:00,1770480000010,2026-02-07T16:00:00.010000+00:00,3.279e-05,54.36
2026-02-08 00:00:00.003000+00:00,1770508800003,2026-02-08T00:00:00.003000+00:00,4.392e-05,55.18216024
2026-02-08 08:00:00+00:00,1770537600000,2026-02-08T08:00:00+00:00,-5.573e-05,54.99
2026-02-08 16:00:00+00:00,1770566400000,2026-02-08T16:00:00+00:00,-7.491e-05,54.87
2026-02-09 00:00:00.002000+00:00,1770595200002,2026-02-09T00:00:00.002000+00:00,2.153e-05,54.49808824
2026-02-09 08:00:00.001000+00:00,1770624000001,2026-02-09T08:00:00.001000+00:00,1.29e-06,54.04
2026-02-09 16:00:00.007000+00:00,1770652800007,2026-02-09T16:00:00.007000+00:00,-4.513e-05,54.36
2026-02-10 00:00:00+00:00,1770681600000,2026-02-10T00:00:00+00:00,1.324e-05,54.41
2026-02-10 08:00:00.007000+00:00,1770710400007,2026-02-10T08:00:00.007000+00:00,2.63e-06,53.14
2026-02-10 16:00:00+00:00,1770739200000,2026-02-10T16:00:00+00:00,-5.494e-05,53.34
2026-02-11 00:00:00+00:00,1770768000000,2026-02-11T00:00:00+00:00,-1.183e-05,53.33
2026-02-11 08:00:00.006000+00:00,1770796800006,2026-02-11T08:00:00.006000+00:00,-1.418e-05,52.0232549
2026-02-11 16:00:00+00:00,1770825600000,2026-02-11T16:00:00+00:00,-5.962e-05,51.22
2026-02-12 00:00:00+00:00,1770854400000,2026-02-12T00:00:00+00:00,1.726e-05,52.29
2026-02-12 08:00:00.001000+00:00,1770883200001,2026-02-12T08:00:00.001000+00:00,3.961e-05,53.29165686
2026-02-12 16:00:00.001000+00:00,1770912000001,2026-02-12T16:00:00.001000+00:00,2.851e-05,52.82
2026-02-13 00:00:00.007000+00:00,1770940800007,2026-02-13T00:00:00.007000+00:00,6.529e-05,53.12117647
2026-02-13 08:00:00.003000+00:00,1770969600003,2026-02-13T08:00:00.003000+00:00,5.248e-05,52.82
2026-02-13 16:00:00.005000+00:00,1770998400005,2026-02-13T16:00:00.005000+00:00,3.67e-05,54.34
2026-02-14 00:00:00.002000+00:00,1771027200002,2026-02-14T00:00:00.002000+00:00,9.138e-05,55.0270098
2026-02-14 08:00:00.004000+00:00,1771056000004,2026-02-14T08:00:00.004000+00:00,1.745e-05,55.27277451
2026-02-14 16:00:00.002000+00:00,1771084800002,2026-02-14T16:00:00.002000+00:00,-7.93e-06,56.08
2026-02-15 00:00:00+00:00,1771113600000,2026-02-15T00:00:00+00:00,5.15e-06,55.95
2026-02-15 08:00:00.002000+00:00,1771142400002,2026-02-15T08:00:00.002000+00:00,4.087e-05,56.46523529
2026-02-15 16:00:00+00:00,1771171200000,2026-02-15T16:00:00+00:00,4.857e-05,55.03
2026-02-16 00:00:00.001000+00:00,1771200000001,2026-02-16T00:00:00.001000+00:00,5.494e-05,55.04
2026-02-16 08:00:00.003000+00:00,1771228800003,2026-02-16T08:00:00.003000+00:00,6.873e-05,54.15
2026-02-16 16:00:00+00:00,1771257600000,2026-02-16T16:00:00+00:00,3.435e-05,53.58
2026-02-17 00:00:00.008000+00:00,1771286400008,2026-02-17T00:00:00.008000+00:00,7.1e-05,55.1
2026-02-17 08:00:00.001000+00:00,1771315200001,2026-02-17T08:00:00.001000+00:00,6.486e-05,55.5
2026-02-17 16:00:00.002000+00:00,1771344000002,2026-02-17T16:00:00.002000+00:00,2.673e-05,53.77
2026-02-18 00:00:00+00:00,1771372800000,2026-02-18T00:00:00+00:00,-2.339e-05,53.92
2026-02-18 08:00:00+00:00,1771401600000,2026-02-18T08:00:00+00:00,1.049e-05,54.40447262
2026-02-18 16:00:00.011000+00:00,1771430400011,2026-02-18T16:00:00.011000+00:00,3.612e-05,54.48
2026-02-19 00:00:00.013000+00:00,1771459200013,2026-02-19T00:00:00.013000+00:00,-5.329e-05,53.28392157
2026-02-19 08:00:00+00:00,1771488000000,2026-02-19T08:00:00+00:00,-2.66e-05,53.35
2026-02-19 16:00:00.003000+00:00,1771516800003,2026-02-19T16:00:00.003000+00:00,-7.942e-05,51.79
2026-02-20 00:00:00+00:00,1771545600000,2026-02-20T00:00:00+00:00,-1.051e-05,52.68
2026-02-20 08:00:00+00:00,1771574400000,2026-02-20T08:00:00+00:00,3.21e-05,53.49
2026-02-20 16:00:00+00:00,1771603200000,2026-02-20T16:00:00+00:00,7.079e-05,54.86
2026-02-21 00:00:00.004000+00:00,1771632000004,2026-02-21T00:00:00.004000+00:00,5.047e-05,55.15047059
2026-02-21 08:00:00+00:00,1771660800000,2026-02-21T08:00:00+00:00,-7.203e-05,55.03
2026-02-21 16:00:00.005000+00:00,1771689600005,2026-02-21T16:00:00.005000+00:00,-8.68e-05,55.65
2026-02-22 00:00:00.001000+00:00,1771718400001,2026-02-22T00:00:00.001000+00:00,-2.4e-05,54.87615686
2026-02-22 08:00:00.004000+00:00,1771747200004,2026-02-22T08:00:00.004000+00:00,-0.00010907,54.69
2026-02-22 16:00:00+00:00,1771776000000,2026-02-22T16:00:00+00:00,3.3e-06,53.29225152
2026-02-23 00:00:00.001000+00:00,1771804800001,2026-02-23T00:00:00.001000+00:00,-1.406e-05,53.44
2026-02-23 08:00:00+00:00,1771833600000,2026-02-23T08:00:00+00:00,-8.019e-05,52.01610784
2026-02-23 16:00:00+00:00,1771862400000,2026-02-23T16:00:00+00:00,-6.372e-05,52.09869608
2026-02-24 00:00:00.007000+00:00,1771891200007,2026-02-24T00:00:00.007000+00:00,-2.267e-05,51.31166667
2026-02-24 08:00:00+00:00,1771920000000,2026-02-24T08:00:00+00:00,-2.267e-05,50.73137255
2026-02-24 16:00:00.001000+00:00,1771948800001,2026-02-24T16:00:00.001000+00:00,-3.421e-05,51.24210784
2026-02-25 00:00:00.001000+00:00,1771977600001,2026-02-25T00:00:00.001000+00:00,-1.029e-05,51.12
2026-02-25 08:00:00.007000+00:00,1772006400007,2026-02-25T08:00:00.007000+00:00,-8.139e-05,52.69242157
2026-02-25 16:00:00+00:00,1772035200000,2026-02-25T16:00:00+00:00,0.0001,57.7850098
2026-02-26 00:00:00+00:00,1772064000000,2026-02-26T00:00:00+00:00,0.0001,56.74669608
2026-02-26 08:00:00.006000+00:00,1772092800006,2026-02-26T08:00:00.006000+00:00,-2.061e-05,56.21
2026-02-26 16:00:00.002000+00:00,1772121600002,2026-02-26T16:00:00.002000+00:00,-1.255e-05,55.76187255
2026-02-27 00:00:00.007000+00:00,1772150400007,2026-02-27T00:00:00.007000+00:00,5.838e-05,55.58160784
2026-02-27 08:00:00+00:00,1772179200000,2026-02-27T08:00:00+00:00,3.3e-06,55.87386275
2026-02-27 16:00:00.001000+00:00,1772208000001,2026-02-27T16:00:00.001000+00:00,2.34e-05,54.70845842
2026-02-28 00:00:00+00:00,1772236800000,2026-02-28T00:00:00+00:00,-2.014e-05,54.52140974
2026-02-28 08:00:00+00:00,1772265600000,2026-02-28T08:00:00+00:00,-6.349e-05,52.4160098
2026-02-28 16:00:00.004000+00:00,1772294400004,2026-02-28T16:00:00.004000+00:00,-4.766e-05,52.55137255
2026-03-01 00:00:00.005000+00:00,1772323200005,2026-03-01T00:00:00.005000+00:00,-3.43e-06,54.38434314
2026-03-01 08:00:00+00:00,1772352000000,2026-03-01T08:00:00+00:00,-5.261e-05,54.58
2026-03-01 16:00:00.002000+00:00,1772380800002,2026-03-01T16:00:00.002000+00:00,-4.98e-06,54.23
2026-03-02 00:00:00.001000+00:00,1772409600001,2026-03-02T00:00:00.001000+00:00,7.252e-05,53.21
2026-03-02 08:00:00.007000+00:00,1772438400007,2026-03-02T08:00:00.007000+00:00,5.97e-06,53.29
2026-03-02 16:00:00+00:00,1772467200000,2026-03-02T16:00:00+00:00,4.858e-05,54.99583333
2026-03-03 00:00:00+00:00,1772496000000,2026-03-03T00:00:00+00:00,4.425e-05,54.57
2026-03-03 08:00:00+00:00,1772524800000,2026-03-03T08:00:00+00:00,-6.164e-05,54.05323529
2026-03-03 16:00:00.007000+00:00,1772553600007,2026-03-03T16:00:00.007000+00:00,-4.232e-05,54.01489858
2026-03-04 00:00:00.001000+00:00,1772582400001,2026-03-04T00:00:00.001000+00:00,4.078e-05,54.74
2026-03-04 08:00:00.005000+00:00,1772611200005,2026-03-04T08:00:00.005000+00:00,6.5e-05,55.25986275
2026-03-04 16:00:00+00:00,1772640000000,2026-03-04T16:00:00+00:00,3.291e-05,56.92637255
2026-03-05 00:00:00+00:00,1772668800000,2026-03-05T00:00:00+00:00,1.027e-05,56.74181373
2026-03-05 08:00:00+00:00,1772697600000,2026-03-05T08:00:00+00:00,0.0001,55.95264706
2026-03-05 16:00:00.004000+00:00,1772726400004,2026-03-05T16:00:00.004000+00:00,-2.258e-05,55.8622549
2026-03-06 00:00:00.001000+00:00,1772755200001,2026-03-06T00:00:00.001000+00:00,0.0001,55.43284314
2026-03-06 08:00:00.001000+00:00,1772784000001,2026-03-06T08:00:00.001000+00:00,-1.258e-05,55.5544902
2026-03-06 16:00:00.004000+00:00,1772812800004,2026-03-06T16:00:00.004000+00:00,-2.312e-05,53.64
2026-03-07 00:00:00.001000+00:00,1772841600001,2026-03-07T00:00:00.001000+00:00,-9.076e-05,53.76517647
2026-03-07 08:00:00.012000+00:00,1772870400012,2026-03-07T08:00:00.012000+00:00,1.589e-05,53.70032353
2026-03-07 16:00:00.001000+00:00,1772899200001,2026-03-07T16:00:00.001000+00:00,-7.633e-05,53.73
2026-03-08 00:00:00.001000+00:00,1772928000001,2026-03-08T00:00:00.001000+00:00,-9.555e-05,53.54383333
2026-03-08 08:00:00+00:00,1772956800000,2026-03-08T08:00:00+00:00,-5.878e-05,53.08593137
2026-03-08 16:00:00.002000+00:00,1772985600002,2026-03-08T16:00:00.002000+00:00,-0.00010422,52.67
2026-03-09 00:00:00+00:00,1773014400000,2026-03-09T00:00:00+00:00,-3.5e-05,52.55346856
2026-03-09 08:00:00.004000+00:00,1773043200004,2026-03-09T08:00:00.004000+00:00,6.905e-05,53.28
2026-03-09 16:00:00.003000+00:00,1773072000003,2026-03-09T16:00:00.003000+00:00,2.036e-05,53.88923529
2026-03-10 00:00:00.012000+00:00,1773100800012,2026-03-10T00:00:00.012000+00:00,-8.09e-06,53.73370588
2026-03-10 08:00:00.002000+00:00,1773129600002,2026-03-10T08:00:00.002000+00:00,7.617e-05,54.04
2026-03-10 16:00:00.001000+00:00,1773158400001,2026-03-10T16:00:00.001000+00:00,2.327e-05,54.73
2026-03-11 00:00:00+00:00,1773187200000,2026-03-11T00:00:00+00:00,-0.00011837,53.83096078
2026-03-11 08:00:00.007000+00:00,1773216000007,2026-03-11T08:00:00.007000+00:00,-4.595e-05,53.82
2026-03-11 16:00:00.010000+00:00,1773244800010,2026-03-11T16:00:00.010000+00:00,6.215e-05,54.52
2026-03-12 00:00:00+00:00,1773273600000,2026-03-12T00:00:00+00:00,0.0001,54.77052941
2026-03-12 08:00:00+00:00,1773302400000,2026-03-12T08:00:00+00:00,7.606e-05,54.25434314
2026-03-12 16:00:00+00:00,1773331200000,2026-03-12T16:00:00+00:00,-9.564e-05,54.28920588
2026-03-13 00:00:00.006000+00:00,1773360000006,2026-03-13T00:00:00.006000+00:00,0.0001,54.54
2026-03-13 08:00:00.001000+00:00,1773388800001,2026-03-13T08:00:00.001000+00:00,0.0001,55.02084178
2026-03-13 16:00:00+00:00,1773417600000,2026-03-13T16:00:00+00:00,0.0001,55.3
2026-03-14 00:00:00.001000+00:00,1773446400001,2026-03-14T00:00:00.001000+00:00,9.763e-05,55.28
2026-03-14 08:00:00+00:00,1773475200000,2026-03-14T08:00:00+00:00,3.542e-05,54.66487255
2026-03-14 16:00:00.007000+00:00,1773504000007,2026-03-14T16:00:00.007000+00:00,-3.704e-05,54.44
2026-03-15 00:00:00+00:00,1773532800000,2026-03-15T00:00:00+00:00,-7.218e-05,54.93476471
2026-03-15 08:00:00+00:00,1773561600000,2026-03-15T08:00:00+00:00,8.708e-05,55.22035497
2026-03-15 16:00:00+00:00,1773590400000,2026-03-15T16:00:00+00:00,8.243e-05,55.07
2026-03-16 00:00:00+00:00,1773619200000,2026-03-16T00:00:00+00:00,6.38e-05,56.23836275
2026-03-16 08:00:00.010000+00:00,1773648000010,2026-03-16T08:00:00.010000+00:00,0.0001,57.38
2026-03-16 16:00:00+00:00,1773676800000,2026-03-16T16:00:00+00:00,0.0001,57.81
2026-03-17 00:00:00+00:00,1773705600000,2026-03-17T00:00:00+00:00,0.0001,58.68
2026-03-17 08:00:00.002000+00:00,1773734400002,2026-03-17T08:00:00.002000+00:00,5.036e-05,57.86578431
2026-03-17 16:00:00.011000+00:00,1773763200011,2026-03-17T16:00:00.011000+00:00,5.683e-05,58.03872549
2026-03-18 00:00:00.002000+00:00,1773792000002,2026-03-18T00:00:00.002000+00:00,8.72e-06,58.07
2026-03-18 08:00:00.002000+00:00,1773820800002,2026-03-18T08:00:00.002000+00:00,4.35e-05,57.79788235
2026-03-18 16:00:00.005000+00:00,1773849600005,2026-03-18T16:00:00.005000+00:00,-4.668e-05,55.49
2026-03-19 00:00:00+00:00,1773878400000,2026-03-19T00:00:00+00:00,3.92e-06,56.05
2026-03-19 08:00:00.003000+00:00,1773907200003,2026-03-19T08:00:00.003000+00:00,1.801e-05,55.14
2026-03-19 16:00:00.003000+00:00,1773936000003,2026-03-19T16:00:00.003000+00:00,4.539e-05,54.98681542
2026-03-20 00:00:00.002000+00:00,1773964800002,2026-03-20T00:00:00.002000+00:00,1.619e-05,55.5
2026-03-20 08:00:00+00:00,1773993600000,2026-03-20T08:00:00+00:00,4.888e-05,55.96257843
2026-03-20 16:00:00+00:00,1774022400000,2026-03-20T16:00:00+00:00,-2.084e-05,55.55844118
2026-03-21 00:00:00+00:00,1774051200000,2026-03-21T00:00:00+00:00,-5.614e-05,56.14
2026-03-21 08:00:00+00:00,1774080000000,2026-03-21T08:00:00+00:00,2.652e-05,56.28360784
2026-03-21 16:00:00.014000+00:00,1774108800014,2026-03-21T16:00:00.014000+00:00,-4.699e-05,55.72
2026-03-22 00:00:00.012000+00:00,1774137600012,2026-03-22T00:00:00.012000+00:00,-8.22e-06,54.76539216
2026-03-22 08:00:00.007000+00:00,1774166400007,2026-03-22T08:00:00.007000+00:00,-8.335e-05,54.34508824
2026-03-22 16:00:00.002000+00:00,1774195200002,2026-03-22T16:00:00.002000+00:00,-5.81e-05,54.21
2026-03-23 00:00:00+00:00,1774224000000,2026-03-23T00:00:00+00:00,-6.11e-06,53.48
2026-03-23 08:00:00.003000+00:00,1774252800003,2026-03-23T08:00:00.003000+00:00,-5.71e-05,53.61
2026-03-23 16:00:00.002000+00:00,1774281600002,2026-03-23T16:00:00.002000+00:00,4.355e-05,55.06
2026-03-24 00:00:00+00:00,1774310400000,2026-03-24T00:00:00+00:00,8.859e-05,55.69
2026-03-24 08:00:00+00:00,1774339200000,2026-03-24T08:00:00+00:00,5.287e-05,55.94
2026-03-24 16:00:00.003000+00:00,1774368000003,2026-03-24T16:00:00.003000+00:00,8.478e-05,55.65
2026-03-25 00:00:00+00:00,1774396800000,2026-03-25T00:00:00+00:00,4.492e-05,56.35
2026-03-25 08:00:00+00:00,1774425600000,2026-03-25T08:00:00+00:00,7.904e-05,56.38
2026-03-25 16:00:00.013000+00:00,1774454400013,2026-03-25T16:00:00.013000+00:00,5.942e-05,56.0
2026-03-26 00:00:00.001000+00:00,1774483200001,2026-03-26T00:00:00.001000+00:00,8.95e-06,56.61066667
2026-03-26 08:00:00.001000+00:00,1774512000001,2026-03-26T08:00:00.001000+00:00,1.316e-05,55.24
2026-03-26 16:00:00+00:00,1774540800000,2026-03-26T16:00:00+00:00,-4.911e-05,54.68
2026-03-27 00:00:00.006000+00:00,1774569600006,2026-03-27T00:00:00.006000+00:00,-8.15e-06,54.56
2026-03-27 08:00:00+00:00,1774598400000,2026-03-27T08:00:00+00:00,1.68e-06,54.89423529
2026-03-27 16:00:00+00:00,1774627200000,2026-03-27T16:00:00+00:00,-5.927e-05,54.28
2026-03-28 00:00:00.005000+00:00,1774656000005,2026-03-28T00:00:00.005000+00:00,-9.319e-05,53.69
2026-03-28 08:00:00.005000+00:00,1774684800005,2026-03-28T08:00:00.005000+00:00,-8.444e-05,53.85
2026-03-28 16:00:00+00:00,1774713600000,2026-03-28T16:00:00+00:00,-1.102e-05,54.53
2026-03-29 00:00:00.003000+00:00,1774742400003,2026-03-29T00:00:00.003000+00:00,-1.379e-05,53.82
2026-03-29 08:00:00.001000+00:00,1774771200001,2026-03-29T08:00:00.001000+00:00,6e-06,54.05
2026-03-29 16:00:00+00:00,1774800000000,2026-03-29T16:00:00+00:00,-5.44e-05,53.5
2026-03-30 00:00:00+00:00,1774828800000,2026-03-30T00:00:00+00:00,-1.92e-06,53.29
2026-03-30 08:00:00.005000+00:00,1774857600005,2026-03-30T08:00:00.005000+00:00,0.0001,54.12
2026-03-30 16:00:00+00:00,1774886400000,2026-03-30T16:00:00+00:00,4.5e-06,53.88956389
2026-03-31 00:00:00+00:00,1774915200000,2026-03-31T00:00:00+00:00,8.545e-05,53.30236308
2026-03-31 08:00:00+00:00,1774944000000,2026-03-31T08:00:00+00:00,3.216e-05,53.81
2026-03-31 16:00:00+00:00,1774972800000,2026-03-31T16:00:00+00:00,2.48e-05,53.38
2026-04-01 00:00:00+00:00,1775001600000,2026-04-01T00:00:00+00:00,0.0001,53.91972549
2026-04-01 08:00:00+00:00,1775030400000,2026-04-01T08:00:00+00:00,0.0001,54.28147059
2026-04-01 16:00:00+00:00,1775059200000,2026-04-01T16:00:00+00:00,-2.771e-05,54.22
2026-04-02 00:00:00.003000+00:00,1775088000003,2026-04-02T00:00:00.003000+00:00,-5.242e-05,53.79
2026-04-02 08:00:00.001000+00:00,1775116800001,2026-04-02T08:00:00.001000+00:00,-6.943e-05,52.4244902
2026-04-02 16:00:00.001000+00:00,1775145600001,2026-04-02T16:00:00.001000+00:00,-7.943e-05,51.94362745
2026-04-03 00:00:00+00:00,1775174400000,2026-04-03T00:00:00+00:00,-6.502e-05,52.24
2026-04-03 08:00:00.008000+00:00,1775203200008,2026-04-03T08:00:00.008000+00:00,0.0001,52.82
2026-04-03 16:00:00.008000+00:00,1775232000008,2026-04-03T16:00:00.008000+00:00,5.232e-05,52.89070588
2026-04-04 00:00:00+00:00,1775260800000,2026-04-04T00:00:00+00:00,-9.43e-06,53.2
2026-04-04 08:00:00.003000+00:00,1775289600003,2026-04-04T08:00:00.003000+00:00,4.011e-05,53.18
2026-04-04 16:00:00+00:00,1775318400000,2026-04-04T16:00:00+00:00,6.901e-05,53.45
2026-04-05 00:00:00.008000+00:00,1775347200008,2026-04-05T00:00:00.008000+00:00,-2.717e-05,53.55
2026-04-05 08:00:00+00:00,1775376000000,2026-04-05T08:00:00+00:00,3.665e-05,52.71
2026-04-05 16:00:00.001000+00:00,1775404800001,2026-04-05T16:00:00.001000+00:00,-4.669e-05,53.19372211
2026-04-06 00:00:00.004000+00:00,1775433600004,2026-04-06T00:00:00.004000+00:00,-1.328e-05,54.08
2026-04-06 08:00:00.001000+00:00,1775462400001,2026-04-06T08:00:00.001000+00:00,9.535e-05,54.03
2026-04-06 16:00:00.003000+00:00,1775491200003,2026-04-06T16:00:00.003000+00:00,0.0001,54.25719608
2026-04-07 00:00:00+00:00,1775520000000,2026-04-07T00:00:00+00:00,-3.514e-05,53.49
2026-04-07 08:00:00+00:00,1775548800000,2026-04-07T08:00:00+00:00,3.813e-05,53.29
2026-04-07 16:00:00+00:00,1775577600000,2026-04-07T16:00:00+00:00,-1.111e-05,53.3745
2026-04-08 00:00:00+00:00,1775606400000,2026-04-08T00:00:00+00:00,0.0001,55.35
2026-04-08 08:00:00+00:00,1775635200000,2026-04-08T08:00:00+00:00,8.136e-05,55.10571569
2026-04-08 16:00:00.006000+00:00,1775664000006,2026-04-08T16:00:00.006000+00:00,6.01e-06,54.61836275
2026-04-09 00:00:00+00:00,1775692800000,2026-04-09T00:00:00+00:00,-1.112e-05,53.91611562
2026-04-09 08:00:00.010000+00:00,1775721600010,2026-04-09T08:00:00.010000+00:00,-1.015e-05,53.93107843
2026-04-09 16:00:00.001000+00:00,1775750400001,2026-04-09T16:00:00.001000+00:00,-2.514e-05,54.69
2026-04-10 00:00:00+00:00,1775779200000,2026-04-10T00:00:00+00:00,5.707e-05,54.52023529
2026-04-10 08:00:00.005000+00:00,1775808000005,2026-04-10T08:00:00.005000+00:00,-3.271e-05,54.31
2026-04-10 16:00:00+00:00,1775836800000,2026-04-10T16:00:00+00:00,8.442e-05,54.886714
2026-04-11 00:00:00+00:00,1775865600000,2026-04-11T00:00:00+00:00,7.898e-05,54.94
2026-04-11 08:00:00+00:00,1775894400000,2026-04-11T08:00:00+00:00,-8.177e-05,54.54657843
2026-04-11 16:00:00.003000+00:00,1775923200003,2026-04-11T16:00:00.003000+00:00,-5.191e-05,54.55592157
2026-04-12 00:00:00+00:00,1775952000000,2026-04-12T00:00:00+00:00,7.591e-05,55.03
2026-04-12 08:00:00+00:00,1775980800000,2026-04-12T08:00:00+00:00,-9.66e-05,53.78918864
2026-04-12 16:00:00+00:00,1776009600000,2026-04-12T16:00:00+00:00,-9.794e-05,53.51
2026-04-13 00:00:00.011000+00:00,1776038400011,2026-04-13T00:00:00.011000+00:00,-4.44e-05,53.45
2026-04-13 08:00:00.006000+00:00,1776067200006,2026-04-13T08:00:00.006000+00:00,3.871e-05,53.14332657
2026-04-13 16:00:00+00:00,1776096000000,2026-04-13T16:00:00+00:00,-9.696e-05,52.90753922
2026-04-14 00:00:00.005000+00:00,1776124800005,2026-04-14T00:00:00.005000+00:00,6.515e-05,54.59773529
2026-04-14 08:00:00.003000+00:00,1776153600003,2026-04-14T08:00:00.003000+00:00,0.0001,54.33
2026-04-14 16:00:00.001000+00:00,1776182400001,2026-04-14T16:00:00.001000+00:00,0.0001,54.7
2026-04-15 00:00:00+00:00,1776211200000,2026-04-15T00:00:00+00:00,5.607e-05,54.25
2026-04-15 08:00:00+00:00,1776240000000,2026-04-15T08:00:00+00:00,-4.006e-05,53.99343137
2026-04-15 16:00:00+00:00,1776268800000,2026-04-15T16:00:00+00:00,5.945e-05,55.05457843
2026-04-16 00:00:00.013000+00:00,1776297600013,2026-04-16T00:00:00.013000+00:00,2.354e-05,55.12
2026-04-16 08:00:00+00:00,1776326400000,2026-04-16T08:00:00+00:00,9.5e-07,55.54
2026-04-16 16:00:00+00:00,1776355200000,2026-04-16T16:00:00+00:00,0.0001,55.84
2026-04-17 00:00:00.001000+00:00,1776384000001,2026-04-17T00:00:00.001000+00:00,9.473e-05,56.32
2026-04-17 08:00:00.011000+00:00,1776412800011,2026-04-17T08:00:00.011000+00:00,4.273e-05,55.96
2026-04-17 16:00:00.001000+00:00,1776441600001,2026-04-17T16:00:00.001000+00:00,6.056e-05,56.51023529
2026-04-18 00:00:00.001000+00:00,1776470400001,2026-04-18T00:00:00.001000+00:00,6.651e-05,56.36213725
2026-04-18 08:00:00.006000+00:00,1776499200006,2026-04-18T08:00:00.006000+00:00,-5.092e-05,56.55927451
2026-04-18 16:00:00+00:00,1776528000000,2026-04-18T16:00:00+00:00,3.088e-05,55.80088235
2026-04-19 00:00:00.002000+00:00,1776556800002,2026-04-19T00:00:00.002000+00:00,-1.303e-05,55.61003922
2026-04-19 08:00:00.010000+00:00,1776585600010,2026-04-19T08:00:00.010000+00:00,-2.098e-05,55.08344828
2026-04-19 16:00:00.001000+00:00,1776614400001,2026-04-19T16:00:00.001000+00:00,-5.05e-06,55.45
2026-04-20 00:00:00+00:00,1776643200000,2026-04-20T00:00:00+00:00,2.404e-05,54.01605882
2026-04-20 08:00:00+00:00,1776672000000,2026-04-20T08:00:00+00:00,8.444e-05,54.93
2026-04-20 16:00:00.001000+00:00,1776700800001,2026-04-20T16:00:00.001000+00:00,6.67e-05,55.12
2026-04-21 00:00:00+00:00,1776729600000,2026-04-21T00:00:00+00:00,8.413e-05,55.0
2026-04-21 08:00:00.004000+00:00,1776758400004,2026-04-21T08:00:00.004000+00:00,5.13e-06,55.29
2026-04-21 16:00:00.004000+00:00,1776787200004,2026-04-21T16:00:00.004000+00:00,7.885e-05,55.33112576
2026-04-22 00:00:00.004000+00:00,1776816000004,2026-04-22T00:00:00.004000+00:00,3.848e-05,55.53803922
2026-04-22 08:00:00+00:00,1776844800000,2026-04-22T08:00:00+00:00,8.87e-05,56.16
2026-04-22 16:00:00+00:00,1776873600000,2026-04-22T16:00:00+00:00,6.117e-05,56.44
2026-04-23 00:00:00+00:00,1776902400000,2026-04-23T00:00:00+00:00,2.803e-05,55.47
2026-04-23 08:00:00+00:00,1776931200000,2026-04-23T08:00:00+00:00,-8.212e-05,55.14
2026-04-23 16:00:00.004000+00:00,1776960000004,2026-04-23T16:00:00.004000+00:00,5.64e-05,55.84
2026-04-24 00:00:00.006000+00:00,1776988800006,2026-04-24T00:00:00.006000+00:00,5.999e-05,56.17
2026-04-24 08:00:00+00:00,1777017600000,2026-04-24T08:00:00+00:00,6.968e-05,56.0915098
2026-04-24 16:00:00+00:00,1777046400000,2026-04-24T16:00:00+00:00,0.0001,56.56
2026-04-25 00:00:00+00:00,1777075200000,2026-04-25T00:00:00+00:00,5.814e-05,56.51290196
2026-04-25 08:00:00.002000+00:00,1777104000002,2026-04-25T08:00:00.002000+00:00,1.851e-05,56.42
2026-04-25 16:00:00.002000+00:00,1777132800002,2026-04-25T16:00:00.002000+00:00,-1.546e-05,56.41128431
2026-04-26 00:00:00.003000+00:00,1777161600003,2026-04-26T00:00:00.003000+00:00,-4.377e-05,56.02
2026-04-26 08:00:00.007000+00:00,1777190400007,2026-04-26T08:00:00.007000+00:00,-1.423e-05,56.27
2026-04-26 16:00:00.004000+00:00,1777219200004,2026-04-26T16:00:00.004000+00:00,3.512e-05,56.02163725
2026-04-27 00:00:00.004000+00:00,1777248000004,2026-04-27T00:00:00.004000+00:00,1.288e-05,56.24623529
2026-04-27 08:00:00+00:00,1777276800000,2026-04-27T08:00:00+00:00,-3.114e-05,55.26192157
2026-04-27 16:00:00.002000+00:00,1777305600002,2026-04-27T16:00:00.002000+00:00,5.96e-05,55.1592549
2026-04-28 00:00:00.001000+00:00,1777334400001,2026-04-28T00:00:00.001000+00:00,-5.693e-05,55.54
2026-04-28 08:00:00+00:00,1777363200000,2026-04-28T08:00:00+00:00,2.323e-05,55.2
2026-04-28 16:00:00.004000+00:00,1777392000004,2026-04-28T16:00:00.004000+00:00,0.0001,55.04059804
2026-04-29 00:00:00.006000+00:00,1777420800006,2026-04-29T00:00:00.006000+00:00,3.567e-05,55.68
2026-04-29 08:00:00.011000+00:00,1777449600011,2026-04-29T08:00:00.011000+00:00,0.0001,56.0
2026-04-29 16:00:00.003000+00:00,1777478400003,2026-04-29T16:00:00.003000+00:00,1.657e-05,55.16
2026-04-30 00:00:00.002000+00:00,1777507200002,2026-04-30T00:00:00.002000+00:00,-2.708e-05,55.29
2026-04-30 08:00:00+00:00,1777536000000,2026-04-30T08:00:00+00:00,-1.561e-05,55.58
2026-04-30 16:00:00+00:00,1777564800000,2026-04-30T16:00:00+00:00,5.023e-05,55.57411765
2026-05-01 00:00:00+00:00,1777593600000,2026-05-01T00:00:00+00:00,-3.336e-05,55.15
2026-05-01 08:00:00.005000+00:00,1777622400005,2026-05-01T08:00:00.005000+00:00,-1.845e-05,55.25790196
2026-05-01 16:00:00+00:00,1777651200000,2026-05-01T16:00:00+00:00,-1.63e-05,55.64
2026-05-02 00:00:00.006000+00:00,1777680000006,2026-05-02T00:00:00.006000+00:00,3.523e-05,55.36598039
2026-05-02 08:00:00+00:00,1777708800000,2026-05-02T08:00:00+00:00,9.88e-06,55.37
2026-05-02 16:00:00.010000+00:00,1777737600010,2026-05-02T16:00:00.010000+00:00,3.39e-06,55.35503922
2026-05-03 00:00:00.005000+00:00,1777766400005,2026-05-03T00:00:00.005000+00:00,8.26e-06,55.33262677
2026-05-03 08:00:00.003000+00:00,1777795200003,2026-05-03T08:00:00.003000+00:00,-0.00010504,55.00286275
2026-05-03 16:00:00+00:00,1777824000000,2026-05-03T16:00:00+00:00,-1.616e-05,55.3063286
2026-05-04 00:00:00+00:00,1777852800000,2026-05-04T00:00:00+00:00,1.851e-05,55.27
2026-05-04 08:00:00+00:00,1777881600000,2026-05-04T08:00:00+00:00,0.0001,55.87848039
2026-05-04 16:00:00.003000+00:00,1777910400003,2026-05-04T16:00:00.003000+00:00,-2e-05,55.22
2026-05-05 00:00:00+00:00,1777939200000,2026-05-05T00:00:00+00:00,7.838e-05,54.93019608
2026-05-05 08:00:00.011000+00:00,1777968000011,2026-05-05T08:00:00.011000+00:00,-3.977e-05,55.28
2026-05-05 16:00:00+00:00,1777996800000,2026-05-05T16:00:00+00:00,0.0001,55.58
2026-05-06 00:00:00.010000+00:00,1778025600010,2026-05-06T00:00:00.010000+00:00,8.723e-05,56.31406863
2026-05-06 08:00:00+00:00,1778054400000,2026-05-06T08:00:00+00:00,1.282e-05,57.12
2026-05-06 16:00:00.002000+00:00,1778083200002,2026-05-06T16:00:00.002000+00:00,0.0001,57.06242157
2026-05-07 00:00:00+00:00,1778112000000,2026-05-07T00:00:00+00:00,3.247e-05,56.72
2026-05-07 08:00:00+00:00,1778140800000,2026-05-07T08:00:00+00:00,9.173e-05,57.1
2026-05-07 16:00:00.004000+00:00,1778169600004,2026-05-07T16:00:00.004000+00:00,4.394e-05,56.2
2026-05-08 00:00:00.003000+00:00,1778198400003,2026-05-08T00:00:00.003000+00:00,1.11e-05,56.4
2026-05-08 08:00:00.002000+00:00,1778227200002,2026-05-08T08:00:00.002000+00:00,2.865e-05,56.51206863
2026-05-08 16:00:00.003000+00:00,1778256000003,2026-05-08T16:00:00.003000+00:00,6.506e-05,57.79732353
2026-05-09 00:00:00+00:00,1778284800000,2026-05-09T00:00:00+00:00,0.0001,58.29
2026-05-09 08:00:00.001000+00:00,1778313600001,2026-05-09T08:00:00.001000+00:00,0.0001,58.5
2026-05-09 16:00:00.002000+00:00,1778342400002,2026-05-09T16:00:00.002000+00:00,3.99e-06,57.74
2026-05-10 00:00:00.003000+00:00,1778371200003,2026-05-10T00:00:00.003000+00:00,-2.533e-05,57.97
2026-05-10 08:00:00+00:00,1778400000000,2026-05-10T08:00:00+00:00,3.399e-05,58.29
2026-05-10 16:00:00+00:00,1778428800000,2026-05-10T16:00:00+00:00,0.0001,59.03
2026-05-11 00:00:00+00:00,1778457600000,2026-05-11T00:00:00+00:00,4.478e-05,60.39
2026-05-11 08:00:00+00:00,1778486400000,2026-05-11T08:00:00+00:00,6.609e-05,58.83115686
2026-05-11 16:00:00+00:00,1778515200000,2026-05-11T16:00:00+00:00,6.345e-05,58.97401623
2026-05-12 00:00:00.002000+00:00,1778544000002,2026-05-12T00:00:00.002000+00:00,-2.96e-06,58.47432353
2026-05-12 08:00:00.008000+00:00,1778572800008,2026-05-12T08:00:00.008000+00:00,-1.721e-05,58.36876268
2026-05-12 16:00:00+00:00,1778601600000,2026-05-12T16:00:00+00:00,3.909e-05,57.25738235
2026-05-13 00:00:00.010000+00:00,1778630400010,2026-05-13T00:00:00.010000+00:00,5.444e-05,58.08176471
2026-05-13 08:00:00.003000+00:00,1778659200003,2026-05-13T08:00:00.003000+00:00,7.858e-05,58.45155172
2026-05-13 16:00:00.001000+00:00,1778688000001,2026-05-13T16:00:00.001000+00:00,-4.309e-05,56.3
2026-05-14 00:00:00.005000+00:00,1778716800005,2026-05-14T00:00:00.005000+00:00,4.77e-06,56.96
2026-05-14 08:00:00+00:00,1778745600000,2026-05-14T08:00:00+00:00,4.498e-05,57.06
2026-05-14 16:00:00+00:00,1778774400000,2026-05-14T16:00:00+00:00,4.869e-05,58.06783976
2026-05-15 00:00:00+00:00,1778803200000,2026-05-15T00:00:00+00:00,1.749e-05,58.19
2026-05-15 08:00:00.016000+00:00,1778832000016,2026-05-15T08:00:00.016000+00:00,6.1e-07,58.24
2026-05-15 16:00:00.012000+00:00,1778860800012,2026-05-15T16:00:00.012000+00:00,-4.087e-05,56.90237255
2026-05-16 00:00:00.005000+00:00,1778889600005,2026-05-16T00:00:00.005000+00:00,2.026e-05,57.47
2026-05-16 08:00:00+00:00,1778918400000,2026-05-16T08:00:00+00:00,-4.367e-05,56.08598039
2026-05-16 16:00:00.005000+00:00,1778947200005,2026-05-16T16:00:00.005000+00:00,1.378e-05,56.19723124
2026-05-17 00:00:00+00:00,1778976000000,2026-05-17T00:00:00+00:00,5.52e-06,56.10149087
2026-05-17 08:00:00.010000+00:00,1779004800010,2026-05-17T08:00:00.010000+00:00,6.037e-05,56.30347059
2026-05-17 16:00:00.009000+00:00,1779033600009,2026-05-17T16:00:00.009000+00:00,-1.723e-05,55.96
2026-05-18 00:00:00.007000+00:00,1779062400007,2026-05-18T00:00:00.007000+00:00,-5.536e-05,54.53419608
2026-05-18 08:00:00.002000+00:00,1779091200002,2026-05-18T08:00:00.002000+00:00,-1.824e-05,53.6912549
2026-05-18 16:00:00.007000+00:00,1779120000007,2026-05-18T16:00:00.007000+00:00,-5.782e-05,53.50847059
2026-05-19 00:00:00.001000+00:00,1779148800001,2026-05-19T00:00:00.001000+00:00,-1.82e-05,54.35
2026-05-19 08:00:00.001000+00:00,1779177600001,2026-05-19T08:00:00.001000+00:00,-2.608e-05,54.44939216
2026-05-19 16:00:00.009000+00:00,1779206400009,2026-05-19T16:00:00.009000+00:00,2.558e-05,53.79
2026-05-20 00:00:00.001000+00:00,1779235200001,2026-05-20T00:00:00.001000+00:00,-4.963e-05,54.47184314
2026-05-20 08:00:00.006000+00:00,1779264000006,2026-05-20T08:00:00.006000+00:00,5.433e-05,54.11
2026-05-20 16:00:00+00:00,1779292800000,2026-05-20T16:00:00+00:00,8.731e-05,54.25
2026-05-21 00:00:00.001000+00:00,1779321600001,2026-05-21T00:00:00.001000+00:00,3.532e-05,53.94
2026-05-21 08:00:00+00:00,1779350400000,2026-05-21T08:00:00+00:00,-4.171e-05,54.43196078
2026-05-21 16:00:00+00:00,1779379200000,2026-05-21T16:00:00+00:00,-1.569e-05,53.93
2026-05-22 00:00:00+00:00,1779408000000,2026-05-22T00:00:00+00:00,-2.101e-05,54.13432353
2026-05-22 08:00:00.004000+00:00,1779436800004,2026-05-22T08:00:00.004000+00:00,8.385e-05,54.35
2026-05-22 16:00:00.001000+00:00,1779465600001,2026-05-22T16:00:00.001000+00:00,-2.266e-05,53.98489216
2026-05-23 00:00:00.009000+00:00,1779494400009,2026-05-23T00:00:00.009000+00:00,3.622e-05,52.60738337
2026-05-23 08:00:00.001000+00:00,1779523200001,2026-05-23T08:00:00.001000+00:00,-2.227e-05,51.87931373
2026-05-23 16:00:00.003000+00:00,1779552000003,2026-05-23T16:00:00.003000+00:00,-4.276e-05,52.83
2026-05-24 00:00:00.011000+00:00,1779580800011,2026-05-24T00:00:00.011000+00:00,3.387e-05,53.45
2026-05-24 08:00:00.008000+00:00,1779609600008,2026-05-24T08:00:00.008000+00:00,-6.165e-05,53.37
2026-05-24 16:00:00+00:00,1779638400000,2026-05-24T16:00:00+00:00,2.261e-05,52.77
2026-05-25 00:00:00.001000+00:00,1779667200001,2026-05-25T00:00:00.001000+00:00,-3.974e-05,52.72
2026-05-25 08:00:00.001000+00:00,1779696000001,2026-05-25T08:00:00.001000+00:00,4.423e-05,52.93
2026-05-25 16:00:00.001000+00:00,1779724800001,2026-05-25T16:00:00.001000+00:00,0.0001,52.7027451
2026-05-26 00:00:00+00:00,1779753600000,2026-05-26T00:00:00+00:00,-5.673e-05,52.71
2026-05-26 08:00:00.003000+00:00,1779782400003,2026-05-26T08:00:00.003000+00:00,1.604e-05,52.32052941
2026-05-26 16:00:00+00:00,1779811200000,2026-05-26T16:00:00+00:00,4.852e-05,52.37
2026-05-27 00:00:00+00:00,1779840000000,2026-05-27T00:00:00+00:00,-2.783e-05,51.89
2026-05-27 08:00:00.004000+00:00,1779868800004,2026-05-27T08:00:00.004000+00:00,-3.948e-05,52.36
2026-05-27 16:00:00.009000+00:00,1779897600009,2026-05-27T16:00:00.009000+00:00,5.393e-05,52.64196078
2026-05-28 00:00:00.001000+00:00,1779926400001,2026-05-28T00:00:00.001000+00:00,-2.19e-06,51.94
2026-05-28 08:00:00+00:00,1779955200000,2026-05-28T08:00:00+00:00,-2.695e-05,50.82
2026-05-28 16:00:00.001000+00:00,1779984000001,2026-05-28T16:00:00.001000+00:00,1.28e-06,51.39679412
2026-05-29 00:00:00+00:00,1780012800000,2026-05-29T00:00:00+00:00,6.351e-05,51.64
2026-05-29 08:00:00.001000+00:00,1780041600001,2026-05-29T08:00:00.001000+00:00,0.0001,51.68372549
2026-05-29 16:00:00.008000+00:00,1780070400008,2026-05-29T16:00:00.008000+00:00,4.033e-05,52.18101961
2026-05-30 00:00:00+00:00,1780099200000,2026-05-30T00:00:00+00:00,7.849e-05,51.87
2026-05-30 08:00:00.001000+00:00,1780128000001,2026-05-30T08:00:00.001000+00:00,-2.66e-05,52.41
2026-05-30 16:00:00+00:00,1780156800000,2026-05-30T16:00:00+00:00,3.947e-05,52.37
2026-05-31 00:00:00+00:00,1780185600000,2026-05-31T00:00:00+00:00,-6.006e-05,52.43
2026-05-31 08:00:00+00:00,1780214400000,2026-05-31T08:00:00+00:00,-3.61e-06,52.30719608
2026-05-31 16:00:00.004000+00:00,1780243200004,2026-05-31T16:00:00.004000+00:00,-3.646e-05,51.91
2026-06-01 00:00:00.001000+00:00,1780272000001,2026-06-01T00:00:00.001000+00:00,2.725e-05,52.05592157
2026-06-01 08:00:00.001000+00:00,1780300800001,2026-06-01T08:00:00.001000+00:00,6.309e-05,50.97192157
2026-06-01 16:00:00+00:00,1780329600000,2026-06-01T16:00:00+00:00,7.945e-05,50.3682549
2026-06-02 00:00:00+00:00,1780358400000,2026-06-02T00:00:00+00:00,2.889e-05,50.76635903
2026-06-02 08:00:00+00:00,1780387200000,2026-06-02T08:00:00+00:00,-2.884e-05,49.41566667
2026-06-02 16:00:00+00:00,1780416000000,2026-06-02T16:00:00+00:00,-2.845e-05,47.79707843
2026-06-03 00:00:00.013000+00:00,1780444800013,2026-06-03T00:00:00.013000+00:00,1e-07,46.87
2026-06-03 08:00:00+00:00,1780473600000,2026-06-03T08:00:00+00:00,-1.453e-05,48.35897059
2026-06-03 16:00:00.001000+00:00,1780502400001,2026-06-03T16:00:00.001000+00:00,4.525e-05,47.63
2026-06-04 00:00:00.009000+00:00,1780531200009,2026-06-04T00:00:00.009000+00:00,-2.51e-05,47.11
2026-06-04 08:00:00+00:00,1780560000000,2026-06-04T08:00:00+00:00,-2.348e-05,46.1827549
2026-06-04 16:00:00.003000+00:00,1780588800003,2026-06-04T16:00:00.003000+00:00,-2.464e-05,46.33
2026-06-05 00:00:00+00:00,1780617600000,2026-06-05T00:00:00+00:00,2.365e-05,45.62
2026-06-05 08:00:00.004000+00:00,1780646400004,2026-06-05T08:00:00.004000+00:00,-3.23e-06,44.15096078
2026-06-05 16:00:00.009000+00:00,1780675200009,2026-06-05T16:00:00.009000+00:00,2.166e-05,43.17
2026-06-06 00:00:00+00:00,1780704000000,2026-06-06T00:00:00+00:00,-5.1e-07,43.3
2026-06-06 08:00:00+00:00,1780732800000,2026-06-06T08:00:00+00:00,5.775e-05,42.79
2026-06-06 16:00:00+00:00,1780761600000,2026-06-06T16:00:00+00:00,4.422e-05,42.32040196
2026-06-07 00:00:00.001000+00:00,1780790400001,2026-06-07T00:00:00.001000+00:00,-1.067e-05,41.36
2026-06-07 08:00:00+00:00,1780819200000,2026-06-07T08:00:00+00:00,4.157e-05,41.91234314
2026-06-07 16:00:00+00:00,1780848000000,2026-06-07T16:00:00+00:00,-7.423e-05,42.08
2026-06-08 00:00:00+00:00,1780876800000,2026-06-08T00:00:00+00:00,3.37e-05,42.79538235
2026-06-08 08:00:00.005000+00:00,1780905600005,2026-06-08T08:00:00.005000+00:00,-2.033e-05,42.81
2026-06-08 16:00:00.004000+00:00,1780934400004,2026-06-08T16:00:00.004000+00:00,5.826e-05,43.09
2026-06-09 00:00:00+00:00,1780963200000,2026-06-09T00:00:00+00:00,-5.42e-06,43.01139216
2026-06-09 08:00:00+00:00,1780992000000,2026-06-09T08:00:00+00:00,-2.314e-05,42.86378431
2026-06-09 16:00:00.001000+00:00,1781020800001,2026-06-09T16:00:00.001000+00:00,-6.413e-05,41.95536275
2026-06-10 00:00:00.001000+00:00,1781049600001,2026-06-10T00:00:00.001000+00:00,-1.252e-05,43.00024341
2026-06-10 08:00:00.011000+00:00,1781078400011,2026-06-10T08:00:00.011000+00:00,4.559e-05,42.53314706
2026-06-10 16:00:00.009000+00:00,1781107200009,2026-06-10T16:00:00.009000+00:00,-6e-07,42.82
2026-06-11 00:00:00+00:00,1781136000000,2026-06-11T00:00:00+00:00,-3.729e-05,41.70238235
2026-06-11 08:00:00.004000+00:00,1781164800004,2026-06-11T08:00:00.004000+00:00,4.053e-05,42.5155098
2026-06-11 16:00:00+00:00,1781193600000,2026-06-11T16:00:00+00:00,1.55e-05,42.08215686
2026-06-12 00:00:00+00:00,1781222400000,2026-06-12T00:00:00+00:00,-3.46e-05,42.43355882
2026-06-12 08:00:00+00:00,1781251200000,2026-06-12T08:00:00+00:00,-2.628e-05,42.55278431
2026-06-12 16:00:00+00:00,1781280000000,2026-06-12T16:00:00+00:00,3.648e-05,42.82
2026-06-13 00:00:00+00:00,1781308800000,2026-06-13T00:00:00+00:00,-2.814e-05,43.05
2026-06-13 08:00:00.007000+00:00,1781337600007,2026-06-13T08:00:00.007000+00:00,7.698e-05,43.48
2026-06-13 16:00:00.002000+00:00,1781366400002,2026-06-13T16:00:00.002000+00:00,-1.872e-05,44.03
2026-06-14 00:00:00.005000+00:00,1781395200005,2026-06-14T00:00:00.005000+00:00,-4.615e-05,44.32
2026-06-14 08:00:00.009000+00:00,1781424000009,2026-06-14T08:00:00.009000+00:00,-6.78e-06,44.03
2026-06-14 16:00:00+00:00,1781452800000,2026-06-14T16:00:00+00:00,-3.278e-05,44.01
2026-06-15 00:00:00.013000+00:00,1781481600013,2026-06-15T00:00:00.013000+00:00,-1.683e-05,45.37
2026-06-15 08:00:00.013000+00:00,1781510400013,2026-06-15T08:00:00.013000+00:00,7.946e-05,45.06731373
2026-06-15 16:00:00.004000+00:00,1781539200004,2026-06-15T16:00:00.004000+00:00,9.538e-05,46.06
2026-06-16 00:00:00+00:00,1781568000000,2026-06-16T00:00:00+00:00,1.387e-05,45.72222549
2026-06-16 08:00:00+00:00,1781596800000,2026-06-16T08:00:00+00:00,3.963e-05,45.78
2026-06-16 16:00:00.001000+00:00,1781625600001,2026-06-16T16:00:00.001000+00:00,1.998e-05,44.88
2026-06-17 00:00:00.012000+00:00,1781654400012,2026-06-17T00:00:00.012000+00:00,3.664e-05,45.67
2026-06-17 08:00:00+00:00,1781683200000,2026-06-17T08:00:00+00:00,7.695e-05,45.52
2026-06-17 16:00:00+00:00,1781712000000,2026-06-17T16:00:00+00:00,2.742e-05,45.66
2026-06-18 00:00:00.002000+00:00,1781740800002,2026-06-18T00:00:00.002000+00:00,2.109e-05,44.90453922
2026-06-18 08:00:00+00:00,1781769600000,2026-06-18T08:00:00+00:00,-6.44e-06,44.48671569
2026-06-18 16:00:00.001000+00:00,1781798400001,2026-06-18T16:00:00.001000+00:00,-2.617e-05,43.06967647
2026-06-19 00:00:00.005000+00:00,1781827200005,2026-06-19T00:00:00.005000+00:00,1.999e-05,43.83
2026-06-19 08:00:00.001000+00:00,1781856000001,2026-06-19T08:00:00.001000+00:00,-4.107e-05,43.42262745
2026-06-19 16:00:00.001000+00:00,1781884800001,2026-06-19T16:00:00.001000+00:00,-4.341e-05,44.42
2026-06-20 00:00:00.001000+00:00,1781913600001,2026-06-20T00:00:00.001000+00:00,5.44e-05,44.03313725
2026-06-20 08:00:00+00:00,1781942400000,2026-06-20T08:00:00+00:00,-7.906e-05,44.11196078
2026-06-20 16:00:00.001000+00:00,1781971200001,2026-06-20T16:00:00.001000+00:00,-3.775e-05,44.29
2026-06-21 00:00:00+00:00,1782000000000,2026-06-21T00:00:00+00:00,-5.221e-05,44.50507843
2026-06-21 08:00:00+00:00,1782028800000,2026-06-21T08:00:00+00:00,-7.852e-05,44.8
2026-06-21 16:00:00+00:00,1782057600000,2026-06-21T16:00:00+00:00,6.487e-05,45.90660784
2026-06-22 00:00:00+00:00,1782086400000,2026-06-22T00:00:00+00:00,6.907e-05,44.4410142
2026-06-22 08:00:00+00:00,1782115200000,2026-06-22T08:00:00+00:00,-8.06e-06,44.97
2026-06-22 16:00:00.002000+00:00,1782144000002,2026-06-22T16:00:00.002000+00:00,4.281e-05,45.11645098
2026-06-23 00:00:00.003000+00:00,1782172800003,2026-06-23T00:00:00.003000+00:00,-2.679e-05,44.52192157
2026-06-23 08:00:00.005000+00:00,1782201600005,2026-06-23T08:00:00.005000+00:00,4.679e-05,43.77
2026-06-23 16:00:00.002000+00:00,1782230400002,2026-06-23T16:00:00.002000+00:00,-3.464e-05,41.93
2026-06-24 00:00:00.005000+00:00,1782259200005,2026-06-24T00:00:00.005000+00:00,-7.671e-05,42.14289216
2026-06-24 08:00:00.005000+00:00,1782288000005,2026-06-24T08:00:00.005000+00:00,2.085e-05,42.05
2026-06-24 16:00:00.003000+00:00,1782316800003,2026-06-24T16:00:00.003000+00:00,-1.39e-05,40.69
2026-06-25 00:00:00+00:00,1782345600000,2026-06-25T00:00:00+00:00,-7.351e-05,41.16
2026-06-25 08:00:00+00:00,1782374400000,2026-06-25T08:00:00+00:00,-2.829e-05,41.74
2026-06-25 16:00:00+00:00,1782403200000,2026-06-25T16:00:00+00:00,3.132e-05,40.41
2026-06-26 00:00:00.010000+00:00,1782432000010,2026-06-26T00:00:00.010000+00:00,-7.995e-05,40.9
2026-06-26 08:00:00.002000+00:00,1782460800002,2026-06-26T08:00:00.002000+00:00,5.244e-05,41.86504902
2026-06-26 16:00:00+00:00,1782489600000,2026-06-26T16:00:00+00:00,7.633e-05,41.37
2026-06-27 00:00:00+00:00,1782518400000,2026-06-27T00:00:00+00:00,-8.057e-05,41.88
2026-06-27 08:00:00+00:00,1782547200000,2026-06-27T08:00:00+00:00,-7.99e-06,42.42174442
2026-06-27 16:00:00.009000+00:00,1782576000009,2026-06-27T16:00:00.009000+00:00,-2.9e-05,43.09
2026-06-28 00:00:00+00:00,1782604800000,2026-06-28T00:00:00+00:00,6.024e-05,42.15
2026-06-28 08:00:00.013000+00:00,1782633600013,2026-06-28T08:00:00.013000+00:00,-5.331e-05,42.49933333
2026-06-28 16:00:00+00:00,1782662400000,2026-06-28T16:00:00+00:00,-2.28e-06,42.89781373
2026-06-29 00:00:00.006000+00:00,1782691200006,2026-06-29T00:00:00.006000+00:00,6.48e-06,42.48833333
2026-06-29 08:00:00.013000+00:00,1782720000013,2026-06-29T08:00:00.013000+00:00,4.126e-05,42.64
2026-06-29 16:00:00.004000+00:00,1782748800004,2026-06-29T16:00:00.004000+00:00,5.566e-05,42.49
2026-06-30 00:00:00+00:00,1782777600000,2026-06-30T00:00:00+00:00,7.68e-05,43.16
2026-06-30 08:00:00+00:00,1782806400000,2026-06-30T08:00:00+00:00,2.502e-05,42.57
2026-06-30 16:00:00.005000+00:00,1782835200005,2026-06-30T16:00:00.005000+00:00,6.925e-05,41.70018627
2026-07-01 00:00:00+00:00,1782864000000,2026-07-01T00:00:00+00:00,2.708e-05,41.91
2026-07-01 08:00:00+00:00,1782892800000,2026-07-01T08:00:00+00:00,7.005e-05,42.19283333
2026-07-01 16:00:00+00:00,1782921600000,2026-07-01T16:00:00+00:00,5.206e-05,42.48551961
2026-07-02 00:00:00+00:00,1782950400000,2026-07-02T00:00:00+00:00,4.302e-05,42.69
2026-07-02 08:00:00+00:00,1782979200000,2026-07-02T08:00:00+00:00,0.0001,42.68
2026-07-02 16:00:00+00:00,1783008000000,2026-07-02T16:00:00+00:00,0.0001,43.38
2026-07-03 00:00:00+00:00,1783036800000,2026-07-03T00:00:00+00:00,0.0001,43.51186275
2026-07-03 08:00:00.007000+00:00,1783065600007,2026-07-03T08:00:00.007000+00:00,5.003e-05,43.21
2026-07-03 16:00:00+00:00,1783094400000,2026-07-03T16:00:00+00:00,0.0001,43.59
2026-07-04 00:00:00+00:00,1783123200000,2026-07-04T00:00:00+00:00,6.922e-05,44.8
2026-07-04 08:00:00+00:00,1783152000000,2026-07-04T08:00:00+00:00,7.488e-05,44.20176471
2026-07-04 16:00:00.007000+00:00,1783180800007,2026-07-04T16:00:00.007000+00:00,0.0001,45.14868627
2026-07-05 00:00:00.003000+00:00,1783209600003,2026-07-05T00:00:00.003000+00:00,2.234e-05,44.82295098
2026-07-05 08:00:00.001000+00:00,1783238400001,2026-07-05T08:00:00.001000+00:00,1.892e-05,44.38621569
2026-07-05 16:00:00+00:00,1783267200000,2026-07-05T16:00:00+00:00,3.408e-05,45.42
2026-07-06 00:00:00+00:00,1783296000000,2026-07-06T00:00:00+00:00,3.649e-05,45.78465686
2026-07-06 08:00:00+00:00,1783324800000,2026-07-06T08:00:00+00:00,9.368e-05,44.86613725
2026-07-06 16:00:00+00:00,1783353600000,2026-07-06T16:00:00+00:00,7.359e-05,44.9709902
2026-07-07 00:00:00+00:00,1783382400000,2026-07-07T00:00:00+00:00,8.478e-05,44.81
2026-07-07 08:00:00+00:00,1783411200000,2026-07-07T08:00:00+00:00,-2.157e-05,44.01
2026-07-07 16:00:00+00:00,1783440000000,2026-07-07T16:00:00+00:00,0.0001,44.67
2026-07-08 00:00:00+00:00,1783468800000,2026-07-08T00:00:00+00:00,1.856e-05,43.88
2026-07-08 08:00:00+00:00,1783497600000,2026-07-08T08:00:00+00:00,2.762e-05,43.83
2026-07-08 16:00:00+00:00,1783526400000,2026-07-08T16:00:00+00:00,6.672e-05,43.33054767
2026-07-09 00:00:00+00:00,1783555200000,2026-07-09T00:00:00+00:00,-1.05e-05,43.65
2026-07-09 08:00:00.001000+00:00,1783584000001,2026-07-09T08:00:00.001000+00:00,0.0001,44.03254902
2026-07-09 16:00:00.001000+00:00,1783612800001,2026-07-09T16:00:00.001000+00:00,0.0001,43.95
2026-07-10 00:00:00+00:00,1783641600000,2026-07-10T00:00:00+00:00,4.591e-05,43.77
2026-07-10 08:00:00.005000+00:00,1783670400005,2026-07-10T08:00:00.005000+00:00,1.056e-05,44.27813725
2026-07-10 16:00:00.005000+00:00,1783699200005,2026-07-10T16:00:00.005000+00:00,6.594e-05,44.73
2026-07-11 00:00:00+00:00,1783728000000,2026-07-11T00:00:00+00:00,9.59e-06,44.74
2026-07-11 08:00:00+00:00,1783756800000,2026-07-11T08:00:00+00:00,7.774e-05,44.99
2026-07-11 16:00:00+00:00,1783785600000,2026-07-11T16:00:00+00:00,7.468e-05,45.12066667
2026-07-12 00:00:00+00:00,1783814400000,2026-07-12T00:00:00+00:00,9.54e-06,44.6287549
2026-07-12 08:00:00.003000+00:00,1783843200003,2026-07-12T08:00:00.003000+00:00,4.71e-06,44.48461765
2026-07-12 16:00:00+00:00,1783872000000,2026-07-12T16:00:00+00:00,8.6e-05,44.78
2026-07-13 00:00:00+00:00,1783900800000,2026-07-13T00:00:00+00:00,-2.742e-05,43.98
2026-07-13 08:00:00.001000+00:00,1783929600001,2026-07-13T08:00:00.001000+00:00,-3.898e-05,43.88
2026-07-13 16:00:00.004000+00:00,1783958400004,2026-07-13T16:00:00.004000+00:00,1.487e-05,43.45585294
2026-07-14 00:00:00+00:00,1783987200000,2026-07-14T00:00:00+00:00,-8.49e-05,43.54
2026-07-14 08:00:00.002000+00:00,1784016000002,2026-07-14T08:00:00.002000+00:00,0.0001,43.56529412
2026-07-14 16:00:00.001000+00:00,1784044800001,2026-07-14T16:00:00.001000+00:00,2.102e-05,44.75
2026-07-15 00:00:00.005000+00:00,1784073600005,2026-07-15T00:00:00.005000+00:00,1.01e-05,45.37041176
2026-07-15 08:00:00.002000+00:00,1784102400002,2026-07-15T08:00:00.002000+00:00,0.0001,45.12
2026-07-15 16:00:00+00:00,1784131200000,2026-07-15T16:00:00+00:00,0.0001,45.71207843
2026-07-16 00:00:00+00:00,1784160000000,2026-07-16T00:00:00+00:00,-5.364e-05,45.14037525
2026-07-16 08:00:00.003000+00:00,1784188800003,2026-07-16T08:00:00.003000+00:00,-6.68e-06,44.85036511
2026-07-16 16:00:00.002000+00:00,1784217600002,2026-07-16T16:00:00.002000+00:00,6.611e-05,45.20192157
2026-07-17 00:00:00+00:00,1784246400000,2026-07-17T00:00:00+00:00,9.579e-05,44.92395098
2026-07-17 08:00:00.010000+00:00,1784275200010,2026-07-17T08:00:00.010000+00:00,6.005e-05,44.73044118
2026-07-17 16:00:00.004000+00:00,1784304000004,2026-07-17T16:00:00.004000+00:00,0.0001,44.73177485
2026-07-18 00:00:00+00:00,1784332800000,2026-07-18T00:00:00+00:00,2.57e-06,45.13813725
2026-07-18 08:00:00+00:00,1784361600000,2026-07-18T08:00:00+00:00,6.611e-05,45.47539216
2026-07-18 16:00:00.001000+00:00,1784390400001,2026-07-18T16:00:00.001000+00:00,7.043e-05,46.22
2026-07-19 00:00:00.003000+00:00,1784419200003,2026-07-19T00:00:00.003000+00:00,7.052e-05,46.97
2026-07-19 08:00:00+00:00,1784448000000,2026-07-19T08:00:00+00:00,1.289e-05,47.06785294
2026-07-19 16:00:00.001000+00:00,1784476800001,2026-07-19T16:00:00.001000+00:00,8.985e-05,47.17
2026-07-20 00:00:00+00:00,1784505600000,2026-07-20T00:00:00+00:00,-2.92e-06,47.05
2026-07-20 08:00:00.001000+00:00,1784534400001,2026-07-20T08:00:00.001000+00:00,9.696e-05,46.98
2026-07-20 16:00:00.004000+00:00,1784563200004,2026-07-20T16:00:00.004000+00:00,0.0001,47.46362745
2026-07-21 00:00:00.001000+00:00,1784592000001,2026-07-21T00:00:00.001000+00:00,2.846e-05,47.35
2026-07-21 08:00:00+00:00,1784620800000,2026-07-21T08:00:00+00:00,0.0001,47.52423529
2026-07-21 16:00:00.002000+00:00,1784649600002,2026-07-21T16:00:00.002000+00:00,9.635e-05,47.86056795
2026-07-22 00:00:00+00:00,1784678400000,2026-07-22T00:00:00+00:00,5.228e-05,46.83602941
2026-07-22 08:00:00+00:00,1784707200000,2026-07-22T08:00:00+00:00,-1.47e-06,46.40573529
2026-07-22 16:00:00.001000+00:00,1784736000001,2026-07-22T16:00:00.001000+00:00,4.575e-05,46.82
2026-07-23 00:00:00+00:00,1784764800000,2026-07-23T00:00:00+00:00,3.587e-05,47.12
2026-07-23 08:00:00+00:00,1784793600000,2026-07-23T08:00:00+00:00,-4.67e-06,46.9
2026-07-23 16:00:00+00:00,1784822400000,2026-07-23T16:00:00+00:00,2.513e-05,46.37
2026-07-24 00:00:00+00:00,1784851200000,2026-07-24T00:00:00+00:00,-3.7e-07,46.93
2026-07-24 08:00:00+00:00,1784880000000,2026-07-24T08:00:00+00:00,3.715e-05,46.97
2026-07-24 16:00:00.008000+00:00,1784908800008,2026-07-24T16:00:00.008000+00:00,0.0001,46.34163725
2026-07-25 00:00:00.002000+00:00,1784937600002,2026-07-25T00:00:00.002000+00:00,2.468e-05,46.34
2026-07-25 08:00:00+00:00,1784966400000,2026-07-25T08:00:00+00:00,6.338e-05,46.05
2026-07-25 16:00:00+00:00,1784995200000,2026-07-25T16:00:00+00:00,4.817e-05,46.06
2026-07-26 00:00:00+00:00,1785024000000,2026-07-26T00:00:00+00:00,3.74e-05,46.52556863
2026-07-26 08:00:00.002000+00:00,1785052800002,2026-07-26T08:00:00.002000+00:00,3.83e-06,46.93132353
2026-07-26 16:00:00+00:00,1785081600000,2026-07-26T16:00:00+00:00,0.0001,47.73011765
2026-07-27 00:00:00.010000+00:00,1785110400010,2026-07-27T00:00:00.010000+00:00,6.444e-05,47.82
2026-07-27 08:00:00+00:00,1785139200000,2026-07-27T08:00:00+00:00,0.0001,47.29457843
2026-07-27 16:00:00.001000+00:00,1785168000001,2026-07-27T16:00:00.001000+00:00,-3.441e-05,46.34
2026-07-28 00:00:00+00:00,1785196800000,2026-07-28T00:00:00+00:00,2.325e-05,46.02754902
2026-07-28 08:00:00+00:00,1785225600000,2026-07-28T08:00:00+00:00,5e-08,46.41788235
2026-07-28 16:00:00+00:00,1785254400000,2026-07-28T16:00:00+00:00,0.0001,46.54956863
2026-07-29 00:00:00+00:00,1785283200000,2026-07-29T00:00:00+00:00,3.179e-05,46.19
2026-07-29 08:00:00.002000+00:00,1785312000002,2026-07-29T08:00:00.002000+00:00,6.149e-05,45.2180098
2026-07-29 16:00:00+00:00,1785340800000,2026-07-29T16:00:00+00:00,9.094e-05,44.96382353
2026-07-30 00:00:00+00:00,1785369600000,2026-07-30T00:00:00+00:00,-1.2e-06,45.4147451
2026-07-30 08:00:00+00:00,1785398400000,2026-07-30T08:00:00+00:00,1.835e-05,45.32
2026-07-30 16:00:00+00:00,1785427200000,2026-07-30T16:00:00+00:00,5.58e-06,45.14
2026-07-31 00:00:00.003000+00:00,1785456000003,2026-07-31T00:00:00.003000+00:00,-3.671e-05,45.55
2026-07-31 08:00:00+00:00,1785484800000,2026-07-31T08:00:00+00:00,5.177e-05,45.35
2026-07-31 16:00:00+00:00,1785513600000,2026-07-31T16:00:00+00:00,5.21e-06,44.88911765
2026-08-01 00:00:00.001000+00:00,1785542400001,2026-08-01T00:00:00.001000+00:00,-4.029e-05,44.28
2026-08-01 08:00:00+00:00,1785571200000,2026-08-01T08:00:00+00:00,-3.33e-05,44.49735294
2026-08-01 16:00:00+00:00,1785600000000,2026-08-01T16:00:00+00:00,-5.177e-05,44.0665213
2026-08-02 00:00:00+00:00,1785628800000,2026-08-02T00:00:00+00:00,-1.641e-05,44.21660784
2026-08-02 08:00:00+00:00,1785657600000,2026-08-02T08:00:00+00:00,2.04e-05,44.81
2026-08-02 16:00:00+00:00,1785686400000,2026-08-02T16:00:00+00:00,-2.25e-06,44.72
2026-08-03 00:00:00+00:00,1785715200000,2026-08-03T00:00:00+00:00,2.439e-05,44.65301961
2026-08-03 08:00:00+00:00,1785744000000,2026-08-03T08:00:00+00:00,0.0001,44.13311765
2026-08-03 16:00:00+00:00,1785772800000,2026-08-03T16:00:00+00:00,-1.522e-05,44.24
2026-08-04 00:00:00.004000+00:00,1785801600004,2026-08-04T00:00:00.004000+00:00,2.801e-05,44.25620588
2026-08-04 08:00:00.002000+00:00,1785830400002,2026-08-04T08:00:00.002000+00:00,3.144e-05,44.27
2026-08-04 16:00:00+00:00,1785859200000,2026-08-04T16:00:00+00:00,8.92e-06,44.34
2026-08-05 00:00:00.003000+00:00,1785888000003,2026-08-05T00:00:00.003000+00:00,-8.127e-05,44.81296078
2026-08-05 08:00:00.004000+00:00,1785916800004,2026-08-05T08:00:00.004000+00:00,4.024e-05,44.87
2026-08-05 16:00:00+00:00,1785945600000,2026-08-05T16:00:00+00:00,2.659e-05,44.9702549
2026-08-06 00:00:00.002000+00:00,1785974400002,2026-08-06T00:00:00.002000+00:00,1.88e-05,45.3
2026-08-06 08:00:00+00:00,1786003200000,2026-08-06T08:00:00+00:00,8.143e-05,45.01
2026-08-06 16:00:00+00:00,1786032000000,2026-08-06T16:00:00+00:00,5.475e-05,45.6755098
2026-08-07 00:00:00+00:00,1786060800000,2026-08-07T00:00:00+00:00,2.85e-05,45.42
2026-08-07 08:00:00+00:00,1786089600000,2026-08-07T08:00:00+00:00,6.679e-05,45.56
2026-08-07 16:00:00+00:00,1786118400000,2026-08-07T16:00:00+00:00,9.37e-05,45.92
2026-08-08 00:00:00.001000+00:00,1786147200001,2026-08-08T00:00:00.001000+00:00,4.28e-06,45.52
2026-08-08 08:00:00+00:00,1786176000000,2026-08-08T08:00:00+00:00,3.552e-05,45.51
2026-08-08 16:00:00.002000+00:00,1786204800002,2026-08-08T16:00:00.002000+00:00,4.934e-05,45.85083333
2026-08-09 00:00:00+00:00,1786233600000,2026-08-09T00:00:00+00:00,7.569e-05,45.98256863
2026-08-09 08:00:00.005000+00:00,1786262400005,2026-08-09T08:00:00.005000+00:00,8.883e-05,46.15
2026-08-09 16:00:00+00:00,1786291200000,2026-08-09T16:00:00+00:00,1.687e-05,46.42
2026-08-10 00:00:00.001000+00:00,1786320000001,2026-08-10T00:00:00.001000+00:00,0.0001,45.44
2026-08-10 08:00:00.005000+00:00,1786348800005,2026-08-10T08:00:00.005000+00:00,-5.17e-06,45.53
2026-08-10 16:00:00+00:00,1786377600000,2026-08-10T16:00:00+00:00,8.289e-05,45.21234314
2026-08-11 00:00:00+00:00,1786406400000,2026-08-11T00:00:00+00:00,2.664e-05,45.11
2026-08-11 08:00:00.006000+00:00,1786435200006,2026-08-11T08:00:00.006000+00:00,4.64e-06,45.13
2026-08-11 16:00:00+00:00,1786464000000,2026-08-11T16:00:00+00:00,5.821e-05,45.01
2026-08-12 00:00:00.001000+00:00,1786492800001,2026-08-12T00:00:00.001000+00:00,4.813e-05,45.48
2026-08-12 08:00:00+00:00,1786521600000,2026-08-12T08:00:00+00:00,4.553e-05,45.27523529
2026-08-12 16:00:00+00:00,1786550400000,2026-08-12T16:00:00+00:00,-2.132e-05,45.03416667
2026-08-13 00:00:00+00:00,1786579200000,2026-08-13T00:00:00+00:00,8.87e-06,44.86
2026-08-13 08:00:00+00:00,1786608000000,2026-08-13T08:00:00+00:00,4.34e-06,44.86
2026-08-13 16:00:00+00:00,1786636800000,2026-08-13T16:00:00+00:00,1.826e-05,44.68185598
2026-08-14 00:00:00+00:00,1786665600000,2026-08-14T00:00:00+00:00,6.115e-05,44.79
2026-08-14 08:00:00.001000+00:00,1786694400001,2026-08-14T08:00:00.001000+00:00,-4.516e-05,44.62
2026-08-14 16:00:00.001000+00:00,1786723200001,2026-08-14T16:00:00.001000+00:00,-7.44e-06,43.89429412
2026-08-15 00:00:00.003000+00:00,1786752000003,2026-08-15T00:00:00.003000+00:00,-3.887e-05,43.82586275
2026-08-15 08:00:00.002000+00:00,1786780800002,2026-08-15T08:00:00.002000+00:00,-2.382e-05,43.99
2026-08-15 16:00:00+00:00,1786809600000,2026-08-15T16:00:00+00:00,6.557e-05,44.24
2026-08-16 00:00:00+00:00,1786838400000,2026-08-16T00:00:00+00:00,-1.719e-05,44.09
2026-08-16 08:00:00.002000+00:00,1786867200002,2026-08-16T08:00:00.002000+00:00,3.65e-05,44.29
2026-08-16 16:00:00+00:00,1786896000000,2026-08-16T16:00:00+00:00,1.309e-05,44.7
2026-08-17 00:00:00.001000+00:00,1786924800001,2026-08-17T00:00:00.001000+00:00,4.449e-05,44.13088235
2026-08-17 08:00:00.003000+00:00,1786953600003,2026-08-17T08:00:00.003000+00:00,-4.629e-05,44.09623732
2026-08-17 16:00:00.005000+00:00,1786982400005,2026-08-17T16:00:00.005000+00:00,6.75e-06,44.3264902
2026-08-18 00:00:00.006000+00:00,1787011200006,2026-08-18T00:00:00.006000+00:00,-8.12e-06,44.54066667
2026-08-18 08:00:00.001000+00:00,1787040000001,2026-08-18T08:00:00.001000+00:00,8.894e-05,44.49890196
2026-08-18 16:00:00.003000+00:00,1787068800003,2026-08-18T16:00:00.003000+00:00,3.118e-05,44.19
2026-08-19 00:00:00+00:00,1787097600000,2026-08-19T00:00:00+00:00,-4.679e-05,44.36
2026-08-19 08:00:00+00:00,1787126400000,2026-08-19T08:00:00+00:00,9.922e-05,44.49
2026-08-19 16:00:00.004000+00:00,1787155200004,2026-08-19T16:00:00.004000+00:00,8.833e-05,45.67
2026-08-20 00:00:00.001000+00:00,1787184000001,2026-08-20T00:00:00.001000+00:00,8.016e-05,46.78
2026-08-20 08:00:00+00:00,1787212800000,2026-08-20T08:00:00+00:00,0.0001,46.83
2026-08-20 16:00:00.005000+00:00,1787241600005,2026-08-20T16:00:00.005000+00:00,0.0001,48.01
2026-08-21 00:00:00.004000+00:00,1787270400004,2026-08-21T00:00:00.004000+00:00,0.0001,47.78464706
2026-08-21 08:00:00+00:00,1787299200000,2026-08-21T08:00:00+00:00,1.526e-05,49.64
2026-08-21 16:00:00.001000+00:00,1787328000001,2026-08-21T16:00:00.001000+00:00,0.0001,51.82
2026-08-22 00:00:00+00:00,1787356800000,2026-08-22T00:00:00+00:00,0.0001,53.17607843
2026-08-22 08:00:00+00:00,1787385600000,2026-08-22T08:00:00+00:00,0.0001,51.94
2026-08-22 16:00:00+00:00,1787414400000,2026-08-22T16:00:00+00:00,0.0001,51.94205882
2026-08-23 00:00:00+00:00,1787443200000,2026-08-23T00:00:00+00:00,0.0001,52.47278905
2026-08-23 08:00:00+00:00,1787472000000,2026-08-23T08:00:00+00:00,0.0001,51.24437255
2026-08-23 16:00:00.006000+00:00,1787500800006,2026-08-23T16:00:00.006000+00:00,0.0001,52.0176572
2026-08-24 00:00:00.001000+00:00,1787529600001,2026-08-24T00:00:00.001000+00:00,0.0001,52.27
2026-08-24 08:00:00.002000+00:00,1787558400002,2026-08-24T08:00:00.002000+00:00,0.0001,52.12
2026-08-24 16:00:00+00:00,1787587200000,2026-08-24T16:00:00+00:00,0.0001,52.35200811
2026-08-25 00:00:00.001000+00:00,1787616000001,2026-08-25T00:00:00.001000+00:00,0.0001,51.63190196
2026-08-25 08:00:00+00:00,1787644800000,2026-08-25T08:00:00+00:00,0.0001,51.64281373
2026-08-25 16:00:00.005000+00:00,1787673600005,2026-08-25T16:00:00.005000+00:00,0.0001,51.16329412
2026-08-26 00:00:00+00:00,1787702400000,2026-08-26T00:00:00+00:00,0.0001,49.94
2026-08-26 08:00:00.005000+00:00,1787731200005,2026-08-26T08:00:00.005000+00:00,0.0001,50.16414706
2026-08-26 16:00:00+00:00,1787760000000,2026-08-26T16:00:00+00:00,0.0001,49.53282353
2026-08-27 00:00:00+00:00,1787788800000,2026-08-27T00:00:00+00:00,0.0001,50.5
2026-08-27 08:00:00+00:00,1787817600000,2026-08-27T08:00:00+00:00,0.0001,49.76
2026-08-27 16:00:00.013000+00:00,1787846400013,2026-08-27T16:00:00.013000+00:00,0.0001,50.15735294
2026-08-28 00:00:00.026000+00:00,1787875200026,2026-08-28T00:00:00.026000+00:00,8.765e-05,49.89
2026-08-28 08:00:00+00:00,1787904000000,2026-08-28T08:00:00+00:00,4.006e-05,49.16123529
2026-08-28 16:00:00.001000+00:00,1787932800001,2026-08-28T16:00:00.001000+00:00,0.0001,48.54
2026-08-29 00:00:00+00:00,1787961600000,2026-08-29T00:00:00+00:00,0.0001,49.29805882
2026-08-29 08:00:00+00:00,1787990400000,2026-08-29T08:00:00+00:00,0.0001,49.22
2026-08-29 16:00:00.002000+00:00,1788019200002,2026-08-29T16:00:00.002000+00:00,1.225e-05,49.05085294
2026-08-30 00:00:00+00:00,1788048000000,2026-08-30T00:00:00+00:00,4.611e-05,48.97880392
2026-08-30 08:00:00+00:00,1788076800000,2026-08-30T08:00:00+00:00,5.835e-05,48.88090196
2026-08-30 16:00:00.001000+00:00,1788105600001,2026-08-30T16:00:00.001000+00:00,2.819e-05,49.99
2026-08-31 00:00:00.002000+00:00,1788134400002,2026-08-31T00:00:00.002000+00:00,1.05e-05,47.90226471
2026-08-31 08:00:00.002000+00:00,1788163200002,2026-08-31T08:00:00.002000+00:00,6.1e-06,48.59666667
2026-08-31 16:00:00.001000+00:00,1788192000001,2026-08-31T16:00:00.001000+00:00,8.132e-05,48.50281373
2026-09-01 00:00:00.005000+00:00,1788220800005,2026-09-01T00:00:00.005000+00:00,9.086e-05,48.53
2026-09-01 08:00:00+00:00,1788249600000,2026-09-01T08:00:00+00:00,0.0001,48.87041176
2026-09-01 16:00:00+00:00,1788278400000,2026-09-01T16:00:00+00:00,3.316e-05,49.84
2026-09-02 00:00:00+00:00,1788307200000,2026-09-02T00:00:00+00:00,0.0001,49.54
2026-09-02 08:00:00.001000+00:00,1788336000001,2026-09-02T08:00:00.001000+00:00,6.562e-05,49.15267647
2026-09-02 16:00:00.005000+00:00,1788364800005,2026-09-02T16:00:00.005000+00:00,-2.334e-05,49.38254902
2026-09-03 00:00:00+00:00,1788393600000,2026-09-03T00:00:00+00:00,4.115e-05,49.6532451
2026-09-03 08:00:00+00:00,1788422400000,2026-09-03T08:00:00+00:00,3.111e-05,50.41460784
2026-09-03 16:00:00+00:00,1788451200000,2026-09-03T16:00:00+00:00,9.896e-05,51.27
2026-09-04 00:00:00+00:00,1788480000000,2026-09-04T00:00:00+00:00,0.0001,51.47623529
2026-09-04 08:00:00+00:00,1788508800000,2026-09-04T08:00:00+00:00,4.507e-05,51.18
2026-09-04 16:00:00.009000+00:00,1788537600009,2026-09-04T16:00:00.009000+00:00,9.259e-05,50.24
2026-09-05 00:00:00+00:00,1788566400000,2026-09-05T00:00:00+00:00,3.022e-05,50.73258824
2026-09-05 08:00:00+00:00,1788595200000,2026-09-05T08:00:00+00:00,0.0001,53.73
2026-09-05 16:00:00.001000+00:00,1788624000001,2026-09-05T16:00:00.001000+00:00,0.0001,53.65509804
2026-09-06 00:00:00+00:00,1788652800000,2026-09-06T00:00:00+00:00,0.0001,54.66368154
2026-09-06 08:00:00+00:00,1788681600000,2026-09-06T08:00:00+00:00,0.0001,53.92
2026-09-06 16:00:00.004000+00:00,1788710400004,2026-09-06T16:00:00.004000+00:00,0.0001,54.46281373
2026-09-07 00:00:00.004000+00:00,1788739200004,2026-09-07T00:00:00.004000+00:00,4.886e-05,54.94
2026-09-07 08:00:00+00:00,1788768000000,2026-09-07T08:00:00+00:00,3.258e-05,54.46344118
2026-09-07 16:00:00.003000+00:00,1788796800003,2026-09-07T16:00:00.003000+00:00,0.0001,55.38
2026-09-08 00:00:00.004000+00:00,1788825600004,2026-09-08T00:00:00.004000+00:00,2.606e-05,55.1715098
2026-09-08 08:00:00.002000+00:00,1788854400002,2026-09-08T08:00:00.002000+00:00,0.0001,55.12
2026-09-08 16:00:00.001000+00:00,1788883200001,2026-09-08T16:00:00.001000+00:00,8.505e-05,54.96
2026-09-09 00:00:00.005000+00:00,1788912000005,2026-09-09T00:00:00.005000+00:00,3.184e-05,54.26017647
2026-09-09 08:00:00.004000+00:00,1788940800004,2026-09-09T08:00:00.004000+00:00,5.801e-05,54.40527451
2026-09-09 16:00:00.002000+00:00,1788969600002,2026-09-09T16:00:00.002000+00:00,5.61e-05,54.03
2026-09-10 00:00:00+00:00,1788998400000,2026-09-10T00:00:00+00:00,7.02e-05,53.17045098
2026-09-10 08:00:00.007000+00:00,1789027200007,2026-09-10T08:00:00.007000+00:00,5.429e-05,52.4
2026-09-10 16:00:00.002000+00:00,1789056000002,2026-09-10T16:00:00.002000+00:00,4.72e-05,52.2
2026-09-11 00:00:00.008000+00:00,1789084800008,2026-09-11T00:00:00.008000+00:00,2.752e-05,52.08269608
2026-09-11 08:00:00+00:00,1789113600000,2026-09-11T08:00:00+00:00,-2.18e-05,53.07
2026-09-11 16:00:00+00:00,1789142400000,2026-09-11T16:00:00+00:00,3.183e-05,53.33
2026-09-12 00:00:00.001000+00:00,1789171200001,2026-09-12T00:00:00.001000+00:00,9.24e-06,53.24792157
2026-09-12 08:00:00.003000+00:00,1789200000003,2026-09-12T08:00:00.003000+00:00,4.339e-05,54.02
2026-09-12 16:00:00+00:00,1789228800000,2026-09-12T16:00:00+00:00,3.589e-05,54.01
2026-09-13 00:00:00.002000+00:00,1789257600002,2026-09-13T00:00:00.002000+00:00,-4.21e-06,53.63
2026-09-13 08:00:00+00:00,1789286400000,2026-09-13T08:00:00+00:00,3.861e-05,54.06
2026-09-13 16:00:00+00:00,1789315200000,2026-09-13T16:00:00+00:00,6.14e-05,54.46946247
2026-09-14 00:00:00+00:00,1789344000000,2026-09-14T00:00:00+00:00,7.85e-06,53.72554902
2026-09-14 08:00:00+00:00,1789372800000,2026-09-14T08:00:00+00:00,5.858e-05,53.90301217
2026-09-14 16:00:00+00:00,1789401600000,2026-09-14T16:00:00+00:00,1.28e-05,53.64
2026-09-15 00:00:00+00:00,1789430400000,2026-09-15T00:00:00+00:00,5.135e-05,53.1
2026-09-15 08:00:00.005000+00:00,1789459200005,2026-09-15T08:00:00.005000+00:00,1.48e-06,52.54243137
2026-09-15 16:00:00.001000+00:00,1789488000001,2026-09-15T16:00:00.001000+00:00,8.911e-05,51.82609804
2026-09-16 00:00:00.001000+00:00,1789516800001,2026-09-16T00:00:00.001000+00:00,3.6e-05,51.23
2026-09-16 08:00:00.002000+00:00,1789545600002,2026-09-16T08:00:00.002000+00:00,-3.343e-05,50.99613725
2026-09-16 16:00:00.001000+00:00,1789574400001,2026-09-16T16:00:00.001000+00:00,7.965e-05,50.4
2026-09-17 00:00:00+00:00,1789603200000,2026-09-17T00:00:00+00:00,5.366e-05,51.66
2026-09-17 08:00:00.003000+00:00,1789632000003,2026-09-17T08:00:00.003000+00:00,9.12e-06,52.7
2026-09-17 16:00:00+00:00,1789660800000,2026-09-17T16:00:00+00:00,0.0001,53.6945098
2026-09-18 00:00:00.003000+00:00,1789689600003,2026-09-18T00:00:00.003000+00:00,5.212e-05,53.91
2026-09-18 08:00:00.006000+00:00,1789718400006,2026-09-18T08:00:00.006000+00:00,0.0001,55.18062745
2026-09-18 16:00:00+00:00,1789747200000,2026-09-18T16:00:00+00:00,0.0001,55.88
2026-09-19 00:00:00+00:00,1789776000000,2026-09-19T00:00:00+00:00,0.0001,58.16911765
2026-09-19 08:00:00.002000+00:00,1789804800002,2026-09-19T08:00:00.002000+00:00,0.0001,56.85352941
2026-09-19 16:00:00+00:00,1789833600000,2026-09-19T16:00:00+00:00,0.0001,58.02062745
2026-09-20 00:00:00+00:00,1789862400000,2026-09-20T00:00:00+00:00,0.0001,58.28
2026-09-20 08:00:00+00:00,1789891200000,2026-09-20T08:00:00+00:00,0.0001,56.73441176
2026-09-20 16:00:00+00:00,1789920000000,2026-09-20T16:00:00+00:00,0.0001,57.60164706
2026-09-21 00:00:00.007000+00:00,1789948800007,2026-09-21T00:00:00.007000+00:00,0.0001,58.72391176
2026-09-21 08:00:00.004000+00:00,1789977600004,2026-09-21T08:00:00.004000+00:00,0.0001,58.47
2026-09-21 16:00:00.002000+00:00,1790006400002,2026-09-21T16:00:00.002000+00:00,0.0001,62.91
2026-09-22 00:00:00+00:00,1790035200000,2026-09-22T00:00:00+00:00,0.0001,61.97886275
2026-09-22 08:00:00.004000+00:00,1790064000004,2026-09-22T08:00:00.004000+00:00,0.0001,60.67
2026-09-22 16:00:00+00:00,1790092800000,2026-09-22T16:00:00+00:00,0.0001,61.35535294
2026-09-23 00:00:00+00:00,1790121600000,2026-09-23T00:00:00+00:00,0.0001,62.95
2026-09-23 08:00:00.004000+00:00,1790150400004,2026-09-23T08:00:00.004000+00:00,0.0001,63.21272549
2026-09-23 16:00:00.004000+00:00,1790179200004,2026-09-23T16:00:00.004000+00:00,0.0001,59.46
2026-09-24 00:00:00.002000+00:00,1790208000002,2026-09-24T00:00:00.002000+00:00,4.86e-06,61.81
2026-09-24 08:00:00+00:00,1790236800000,2026-09-24T08:00:00+00:00,0.0001,68.93
2026-09-24 16:00:00.005000+00:00,1790265600005,2026-09-24T16:00:00.005000+00:00,0.0001,73.76
2026-09-25 00:00:00.002000+00:00,1790294400002,2026-09-25T00:00:00.002000+00:00,0.0001,71.92
2026-09-25 08:00:00+00:00,1790323200000,2026-09-25T08:00:00+00:00,0.0001,71.52052941
2026-09-25 16:00:00.002000+00:00,1790352000002,2026-09-25T16:00:00.002000+00:00,0.0001,70.13036511
2026-09-26 00:00:00+00:00,1790380800000,2026-09-26T00:00:00+00:00,7.217e-05,72.55195098
2026-09-26 08:00:00.001000+00:00,1790409600001,2026-09-26T08:00:00.001000+00:00,0.0001,73.65146045
2026-09-26 16:00:00.001000+00:00,1790438400001,2026-09-26T16:00:00.001000+00:00,0.0001,72.94537255
2026-09-27 00:00:00+00:00,1790467200000,2026-09-27T00:00:00+00:00,0.0001,72.52469574
2026-09-27 08:00:00.001000+00:00,1790496000001,2026-09-27T08:00:00.001000+00:00,1.584e-05,72.04853922
2026-09-27 16:00:00+00:00,1790524800000,2026-09-27T16:00:00+00:00,9.959e-05,71.13
2026-09-28 00:00:00+00:00,1790553600000,2026-09-28T00:00:00+00:00,0.0001,71.24
2026-09-28 08:00:00.001000+00:00,1790582400001,2026-09-28T08:00:00.001000+00:00,6.9e-06,70.23030426
2026-09-28 16:00:00.001000+00:00,1790611200001,2026-09-28T16:00:00.001000+00:00,6.152e-05,70.03418627
2026-09-29 00:00:00+00:00,1790640000000,2026-09-29T00:00:00+00:00,0.0001,69.20941176
2026-09-29 08:00:00+00:00,1790668800000,2026-09-29T08:00:00+00:00,8.36e-05,68.75
2026-09-29 16:00:00+00:00,1790697600000,2026-09-29T16:00:00+00:00,9.514e-05,67.42859804
2026-09-30 00:00:00+00:00,1790726400000,2026-09-30T00:00:00+00:00,5.311e-05,66.79
2026-09-30 08:00:00+00:00,1790755200000,2026-09-30T08:00:00+00:00,5.118e-05,66.85105882
2026-09-30 16:00:00.002000+00:00,1790784000002,2026-09-30T16:00:00.002000+00:00,7.555e-05,67.08
