ts,timestamp,datetime,funding_rate,mark_price
2020-09-13 16:00:00.004000+00:00,1600012800004,2020-09-13T16:00:00.004000+00:00,0.0001,0.0
2020-09-14 00:00:00.003000+00:00,1600041600003,2020-09-14T00:00:00.003000+00:00,0.0001,0.0
2020-09-14 08:00:00.008000+00:00,1600070400008,2020-09-14T08:00:00.008000+00:00,0.0001,0.0
2020-09-14 16:00:00+00:00,1600099200000,2020-09-14T16:00:00+00:00,0.0001,0.0
2020-09-15 00:00:00+00:00,1600128000000,2020-09-15T00:00:00+00:00,0.0001,0.0
2020-09-15 08:00:00.010000+00:00,1600156800010,2020-09-15T08:00:00.010000+00:00,0.0001,0.0
2020-09-15 16:00:00.003000+00:00,1600185600003,2020-09-15T16:00:00.003000+00:00,0.0001,0.0
2020-09-16 00:00:00.014000+00:00,1600214400014,2020-09-16T00:00:00.014000+00:00,0.0001,0.0
2020-09-16 08:00:00+00:00,1600243200000,2020-09-16T08:00:00+00:00,0.0001,0.0
2020-09-16 16:00:00.001000+00:00,1600272000001,2020-09-16T16:00:00.001000+00:00,0.0001,0.0
2020-09-17 00:00:00.006000+00:00,1600300800006,2020-09-17T00:00:00.006000+00:00,0.0001,0.0
2020-09-17 08:00:00.012000+00:00,1600329600012,2020-09-17T08:00:00.012000+00:00,0.0001,0.0
2020-09-17 16:00:00+00:00,1600358400000,2020-09-17T16:00:00+00:00,0.0001,0.0
2020-09-18 00:00:00.001000+00:00,1600387200001,2020-09-18T00:00:00.001000+00:00,0.0001,0.0
2020-09-18 08:00:00.002000+00:00,1600416000002,2020-09-18T08:00:00.002000+00:00,0.0001,0.0
2020-09-18 16:00:00.002000+00:00,1600444800002,2020-09-18T16:00:00.002000+00:00,0.0001,0.0
2020-09-19 00:00:00+00:00,1600473600000,2020-09-19T00:00:00+00:00,-1.36e-05,0.0
2020-09-19 08:00:00.005000+00:00,1600502400005,2020-09-19T08:00:00.005000+00:00,0.0001,0.0
2020-09-19 16:00:00.008000+00:00,1600531200008,2020-09-19T16:00:00.008000+00:00,0.0001,0.0
2020-09-20 00:00:00.002000+00:00,1600560000002,2020-09-20T00:00:00.002000+00:00,0.0001,0.0
2020-09-20 08:00:00.005000+00:00,1600588800005,2020-09-20T08:00:00.005000+00:00,-0.00020633,0.0
2020-09-20 16:00:00.005000+00:00,1600617600005,2020-09-20T16:00:00.005000+00:00,-0.00042585,0.0
2020-09-21 00:00:00+00:00,1600646400000,2020-09-21T00:00:00+00:00,0.0001,0.0
2020-09-21 08:00:00.001000+00:00,1600675200001,2020-09-21T08:00:00.001000+00:00,0.0001,0.0
2020-09-21 16:00:00+00:00,1600704000000,2020-09-21T16:00:00+00:00,0.0001,0.0
2020-09-22 00:00:00.001000+00:00,1600732800001,2020-09-22T00:00:00.001000+00:00,-4.279e-05,0.0
2020-09-22 08:00:00+00:00,1600761600000,2020-09-22T08:00:00+00:00,0.0001,0.0
2020-09-22 16:00:00.004000+00:00,1600790400004,2020-09-22T16:00:00.004000+00:00,0.0001,0.0
2020-09-23 00:00:00.007000+00:00,1600819200007,2020-09-23T00:00:00.007000+00:00,0.0001,0.0
2020-09-23 08:00:00.001000+00:00,1600848000001,2020-09-23T08:00:00.001000+00:00,0.0001,0.0
2020-09-23 16:00:00.001000+00:00,1600876800001,2020-09-23T16:00:00.001000+00:00,0.0001,0.0
2020-09-24 00:00:00+00:00,1600905600000,2020-09-24T00:00:00+00:00,-8.917e-05,0.0
2020-09-24 08:00:00+00:00,1600934400000,2020-09-24T08:00:00+00:00,0.0001,0.0
2020-09-24 16:00:00+00:00,1600963200000,2020-09-24T16:00:00+00:00,0.0001,0.0
2020-09-25 00:00:00.009000+00:00,1600992000009,2020-09-25T00:00:00.009000+00:00,0.0001,0.0
2020-09-25 08:00:00.045000+00:00,1601020800045,2020-09-25T08:00:00.045000+00:00,0.0001,0.0
2020-09-25 16:00:00+00:00,1601049600000,2020-09-25T16:00:00+00:00,-0.00039395,0.0
2020-09-26 00:00:00+00:00,1601078400000,2020-09-26T00:00:00+00:00,-0.00044892,0.0
2020-09-26 08:00:00+00:00,1601107200000,2020-09-26T08:00:00+00:00,0.0001,0.0
2020-09-26 16:00:00.005000+00:00,1601136000005,2020-09-26T16:00:00.005000+00:00,0.0001,0.0
2020-09-27 00:00:00+00:00,1601164800000,2020-09-27T00:00:00+00:00,0.0001,0.0
2020-09-27 08:00:00+00:00,1601193600000,2020-09-27T08:00:00+00:00,0.0001,0.0
2020-09-27 16:00:00.019000+00:00,1601222400019,2020-09-27T16:00:00.019000+00:00,0.0001,0.0
2020-09-28 00:00:00.001000+00:00,1601251200001,2020-09-28T00:00:00.001000+00:00,0.0001,0.0
2020-09-28 08:00:00+00:00,1601280000000,2020-09-28T08:00:00+00:00,0.0001,0.0
2020-09-28 16:00:00.002000+00:00,1601308800002,2020-09-28T16:00:00.002000+00:00,0.0001,0.0
2020-09-29 00:00:00+00:00,1601337600000,2020-09-29T00:00:00+00:00,0.0001,0.0
2020-09-29 08:00:00+00:00,1601366400000,2020-09-29T08:00:00+00:00,0.0001,0.0
2020-09-29 16:00:00+00:00,1601395200000,2020-09-29T16:00:00+00:00,0.0001,0.0
2020-09-30 00:00:00.005000+00:00,1601424000005,2020-09-30T00:00:00.005000+00:00,0.0001,0.0
2020-09-30 08:00:00+00:00,1601452800000,2020-09-30T08:00:00+00:00,0.0001,0.0
2020-09-30 16:00:00+00:00,1601481600000,2020-09-30T16:00:00+00:00,0.0001,0.0
2020-10-01 00:00:00+00:00,1601510400000,2020-10-01T00:00:00+00:00,0.0001,0.0
2020-10-01 08:00:00+00:00,1601539200000,2020-10-01T08:00:00+00:00,0.0001,0.0
2020-10-01 16:00:00+00:00,1601568000000,2020-10-01T16:00:00+00:00,0.0001,0.0
2020-10-02 00:00:00.011000+00:00,1601596800011,2020-10-02T00:00:00.011000+00:00,0.0001,0.0
2020-10-02 08:00:00+00:00,1601625600000,2020-10-02T08:00:00+00:00,0.0001,0.0
2020-10-02 16:00:00.005000+00:00,1601654400005,2020-10-02T16:00:00.005000+00:00,0.0001,0.0
2020-10-03 00:00:00+00:00,1601683200000,2020-10-03T00:00:00+00:00,0.0001,0.0
2020-10-03 08:00:00.001000+00:00,1601712000001,2020-10-03T08:00:00.001000+00:00,0.0001,0.0
2020-10-03 16:00:00+00:00,1601740800000,2020-10-03T16:00:00+00:00,0.0001,0.0
2020-10-04 00:00:00+00:00,1601769600000,2020-10-04T00:00:00+00:00,0.0001,0.0
2020-10-04 08:00:00.003000+00:00,1601798400003,2020-10-04T08:00:00.003000+00:00,0.0001,0.0
2020-10-04 16:00:00.001000+00:00,1601827200001,2020-10-04T16:00:00.001000+00:00,0.0001,0.0
2020-10-05 00:00:00+00:00,1601856000000,2020-10-05T00:00:00+00:00,0.0001,0.0
2020-10-05 08:00:00+00:00,1601884800000,2020-10-05T08:00:00+00:00,0.0001,0.0
2020-10-05 16:00:00.012000+00:00,1601913600012,2020-10-05T16:00:00.012000+00:00,0.0001,0.0
2020-10-06 00:00:00+00:00,1601942400000,2020-10-06T00:00:00+00:00,0.0001,0.0
2020-10-06 08:00:00.005000+00:00,1601971200005,2020-10-06T08:00:00.005000+00:00,0.0001,0.0
2020-10-06 16:00:00+00:00,1602000000000,2020-10-06T16:00:00+00:00,0.0001,0.0
2020-10-07 00:00:00+00:00,1602028800000,2020-10-07T00:00:00+00:00,0.0001,0.0
2020-10-07 08:00:00+00:00,1602057600000,2020-10-07T08:00:00+00:00,0.0001,0.0
2020-10-07 16:00:00+00:00,1602086400000,2020-10-07T16:00:00+00:00,0.0001,0.0
2020-10-08 00:00:00+00:00,1602115200000,2020-10-08T00:00:00+00:00,0.0001,0.0
2020-10-08 08:00:00.009000+00:00,1602144000009,2020-10-08T08:00:00.009000+00:00,0.0001,0.0
2020-10-08 16:00:00.003000+00:00,1602172800003,2020-10-08T16:00:00.003000+00:00,0.0001,0.0
2020-10-09 00:00:00.001000+00:00,1602201600001,2020-10-09T00:00:00.001000+00:00,0.0001,0.0
2020-10-09 08:00:00+00:00,1602230400000,2020-10-09T08:00:00+00:00,0.0001,0.0
2020-10-09 16:00:00.004000+00:00,1602259200004,2020-10-09T16:00:00.004000+00:00,0.0001,0.0
2020-10-10 00:00:00.005000+00:00,1602288000005,2020-10-10T00:00:00.005000+00:00,0.0001,0.0
2020-10-10 08:00:00+00:00,1602316800000,2020-10-10T08:00:00+00:00,0.00028914,0.0
2020-10-10 16:00:00.011000+00:00,1602345600011,2020-10-10T16:00:00.011000+00:00,0.00019105,0.0
2020-10-11 00:00:00.002000+00:00,1602374400002,2020-10-11T00:00:00.002000+00:00,0.00070989,0.0
2020-10-11 08:00:00.003000+00:00,1602403200003,2020-10-11T08:00:00.003000+00:00,0.0001,0.0
2020-10-11 16:00:00.004000+00:00,1602432000004,2020-10-11T16:00:00.004000+00:00,0.0001,0.0
2020-10-12 00:00:00.001000+00:00,1602460800001,2020-10-12T00:00:00.001000+00:00,0.0001,0.0
2020-10-12 08:00:00+00:00,1602489600000,2020-10-12T08:00:00+00:00,0.00022458,0.0
2020-10-12 16:00:00.011000+00:00,1602518400011,2020-10-12T16:00:00.011000+00:00,0.0001,0.0
2020-10-13 00:00:00.003000+00:00,1602547200003,2020-10-13T00:00:00.003000+00:00,0.0001,0.0
2020-10-13 08:00:00+00:00,1602576000000,2020-10-13T08:00:00+00:00,0.0001,0.0
2020-10-13 16:00:00.001000+00:00,1602604800001,2020-10-13T16:00:00.001000+00:00,0.00017596,0.0
2020-10-14 00:00:00.001000+00:00,1602633600001,2020-10-14T00:00:00.001000+00:00,0.0001,0.0
2020-10-14 08:00:00+00:00,1602662400000,2020-10-14T08:00:00+00:00,0.0001,0.0
2020-10-14 16:00:00.001000+00:00,1602691200001,2020-10-14T16:00:00.001000+00:00,0.00028415,0.0
2020-10-15 00:00:00+00:00,1602720000000,2020-10-15T00:00:00+00:00,0.0001,0.0
2020-10-15 08:00:00+00:00,1602748800000,2020-10-15T08:00:00+00:00,0.0001,0.0
2020-10-15 16:00:00+00:00,1602777600000,2020-10-15T16:00:00+00:00,0.0001,0.0
2020-10-16 00:00:00.002000+00:00,1602806400002,2020-10-16T00:00:00.002000+00:00,0.0001,0.0
2020-10-16 08:00:00.003000+00:00,1602835200003,2020-10-16T08:00:00.003000+00:00,0.0001,0.0
2020-10-16 16:00:00+00:00,1602864000000,2020-10-16T16:00:00+00:00,0.0001,0.0
2020-10-17 00:00:00.006000+00:00,1602892800006,2020-10-17T00:00:00.006000+00:00,0.0001,0.0
2020-10-17 08:00:00.007000+00:00,1602921600007,2020-10-17T08:00:00.007000+00:00,0.0001,0.0
2020-10-17 16:00:00.009000+00:00,1602950400009,2020-10-17T16:00:00.009000+00:00,0.0001,0.0
2020-10-18 00:00:00.006000+00:00,1602979200006,2020-10-18T00:00:00.006000+00:00,0.0001,0.0
2020-10-18 08:00:00+00:00,1603008000000,2020-10-18T08:00:00+00:00,0.0001,0.0
2020-10-18 16:00:00+00:00,1603036800000,2020-10-18T16:00:00+00:00,0.0001,0.0
2020-10-19 00:00:00+00:00,1603065600000,2020-10-19T00:00:00+00:00,0.0001,0.0
2020-10-19 08:00:00+00:00,1603094400000,2020-10-19T08:00:00+00:00,0.0001,0.0
2020-10-19 16:00:00+00:00,1603123200000,2020-10-19T16:00:00+00:00,0.0001,0.0
2020-10-20 00:00:00.015000+00:00,1603152000015,2020-10-20T00:00:00.015000+00:00,0.0001,0.0
2020-10-20 08:00:00+00:00,1603180800000,2020-10-20T08:00:00+00:00,0.0001,0.0
2020-10-20 16:00:00.008000+00:00,1603209600008,2020-10-20T16:00:00.008000+00:00,0.0001,0.0
2020-10-21 00:00:00.009000+00:00,1603238400009,2020-10-21T00:00:00.009000+00:00,0.0001,0.0
2020-10-21 08:00:00.004000+00:00,1603267200004,2020-10-21T08:00:00.004000+00:00,0.0001,0.0
2020-10-21 16:00:00+00:00,1603296000000,2020-10-21T16:00:00+00:00,0.0001,0.0
2020-10-22 00:00:00+00:00,1603324800000,2020-10-22T00:00:00+00:00,0.00035786,0.0
2020-10-22 08:00:00+00:00,1603353600000,2020-10-22T08:00:00+00:00,0.0001,0.0
2020-10-22 16:00:00.004000+00:00,1603382400004,2020-10-22T16:00:00.004000+00:00,0.0001,0.0
2020-10-23 00:00:00.007000+00:00,1603411200007,2020-10-23T00:00:00.007000+00:00,0.0001,0.0
2020-10-23 08:00:00+00:00,1603440000000,2020-10-23T08:00:00+00:00,0.00019126,0.0
2020-10-23 16:00:00+00:00,1603468800000,2020-10-23T16:00:00+00:00,0.00035682,0.0
2020-10-24 00:00:00+00:00,1603497600000,2020-10-24T00:00:00+00:00,0.0005586,0.0
2020-10-24 08:00:00+00:00,1603526400000,2020-10-24T08:00:00+00:00,0.0001,0.0
2020-10-24 16:00:00.008000+00:00,1603555200008,2020-10-24T16:00:00.008000+00:00,0.0008903,0.0
2020-10-25 00:00:00.005000+00:00,1603584000005,2020-10-25T00:00:00.005000+00:00,0.00059139,0.0
2020-10-25 08:00:00.014000+00:00,1603612800014,2020-10-25T08:00:00.014000+00:00,0.00027335,0.0
2020-10-25 16:00:00+00:00,1603641600000,2020-10-25T16:00:00+00:00,0.0001986,0.0
2020-10-26 00:00:00.004000+00:00,1603670400004,2020-10-26T00:00:00.004000+00:00,0.0001,0.0
2020-10-26 08:00:00+00:00,1603699200000,2020-10-26T08:00:00+00:00,0.0001,0.0
2020-10-26 16:00:00+00:00,1603728000000,2020-10-26T16:00:00+00:00,0.0001,0.0
2020-10-27 00:00:00+00:00,1603756800000,2020-10-27T00:00:00+00:00,0.0001,0.0
2020-10-27 08:00:00+00:00,1603785600000,2020-10-27T08:00:00+00:00,0.0001,0.0
2020-10-27 16:00:00+00:00,1603814400000,2020-10-27T16:00:00+00:00,0.0001,0.0
2020-10-28 00:00:00+00:00,1603843200000,2020-10-28T00:00:00+00:00,0.0001,0.0
2020-10-28 08:00:00.006000+00:00,1603872000006,2020-10-28T08:00:00.006000+00:00,0.0001,0.0
2020-10-28 16:00:00.001000+00:00,1603900800001,2020-10-28T16:00:00.001000+00:00,0.0001,0.0
2020-10-29 00:00:00+00:00,1603929600000,2020-10-29T00:00:00+00:00,0.0001,0.0
2020-10-29 08:00:00+00:00,1603958400000,2020-10-29T08:00:00+00:00,0.0001,0.0
2020-10-29 16:00:00+00:00,1603987200000,2020-10-29T16:00:00+00:00,0.0001,0.0
2020-10-30 00:00:00+00:00,1604016000000,2020-10-30T00:00:00+00:00,0.0001,0.0
2020-10-30 08:00:00.002000+00:00,1604044800002,2020-10-30T08:00:00.002000+00:00,0.0001,0.0
2020-10-30 16:00:00.002000+00:00,1604073600002,2020-10-30T16:00:00.002000+00:00,-2.73e-06,0.0
2020-10-31 00:00:00.003000+00:00,1604102400003,2020-10-31T00:00:00.003000+00:00,-0.00062124,0.0
2020-10-31 08:00:00+00:00,1604131200000,2020-10-31T08:00:00+00:00,4.476e-05,0.0
2020-10-31 16:00:00+00:00,1604160000000,2020-10-31T16:00:00+00:00,-0.00035502,0.0
2020-11-01 00:00:00+00:00,1604188800000,2020-11-01T00:00:00+00:00,-0.0014979,0.0
2020-11-01 08:00:00+00:00,1604217600000,2020-11-01T08:00:00+00:00,0.0001,0.0
2020-11-01 16:00:00+00:00,1604246400000,2020-11-01T16:00:00+00:00,0.0001,0.0
2020-11-02 00:00:00+00:00,1604275200000,2020-11-02T00:00:00+00:00,0.0001,0.0
2020-11-02 08:00:00.010000+00:00,1604304000010,2020-11-02T08:00:00.010000+00:00,0.0001,0.0
2020-11-02 16:00:00+00:00,1604332800000,2020-11-02T16:00:00+00:00,0.0001,0.0
2020-11-03 00:00:00+00:00,1604361600000,2020-11-03T00:00:00+00:00,0.0001,0.0
2020-11-03 08:00:00.004000+00:00,1604390400004,2020-11-03T08:00:00.004000+00:00,0.0001,0.0
2020-11-03 16:00:00.009000+00:00,1604419200009,2020-11-03T16:00:00.009000+00:00,0.0001,0.0
2020-11-04 00:00:00+00:00,1604448000000,2020-11-04T00:00:00+00:00,0.0001,0.0
2020-11-04 08:00:00+00:00,1604476800000,2020-11-04T08:00:00+00:00,0.0001,0.0
2020-11-04 16:00:00.005000+00:00,1604505600005,2020-11-04T16:00:00.005000+00:00,0.0001,0.0
2020-11-05 00:00:00.017000+00:00,1604534400017,2020-11-05T00:00:00.017000+00:00,0.0001,0.0
2020-11-05 08:00:00.001000+00:00,1604563200001,2020-11-05T08:00:00.001000+00:00,0.0001,0.0
2020-11-05 16:00:00+00:00,1604592000000,2020-11-05T16:00:00+00:00,0.0001,0.0
2020-11-06 00:00:00+00:00,1604620800000,2020-11-06T00:00:00+00:00,0.0001,0.0
2020-11-06 08:00:00.001000+00:00,1604649600001,2020-11-06T08:00:00.001000+00:00,0.0001,0.0
2020-11-06 16:00:00.001000+00:00,1604678400001,2020-11-06T16:00:00.001000+00:00,-0.0001338,0.0
2020-11-07 00:00:00.001000+00:00,1604707200001,2020-11-07T00:00:00.001000+00:00,-0.00163209,0.0
2020-11-07 08:00:00+00:00,1604736000000,2020-11-07T08:00:00+00:00,0.0001,0.0
2020-11-07 16:00:00.006000+00:00,1604764800006,2020-11-07T16:00:00.006000+00:00,0.00037936,0.0
2020-11-08 00:00:00+00:00,1604793600000,2020-11-08T00:00:00+00:00,0.0001,0.0
2020-11-08 08:00:00+00:00,1604822400000,2020-11-08T08:00:00+00:00,0.0001,0.0
2020-11-08 16:00:00+00:00,1604851200000,2020-11-08T16:00:00+00:00,0.00010028,0.0
2020-11-09 00:00:00.007000+00:00,1604880000007,2020-11-09T00:00:00.007000+00:00,0.00027346,0.0
2020-11-09 08:00:00.001000+00:00,1604908800001,2020-11-09T08:00:00.001000+00:00,0.0001,0.0
2020-11-09 16:00:00.002000+00:00,1604937600002,2020-11-09T16:00:00.002000+00:00,0.0001,0.0
2020-11-10 00:00:00.003000+00:00,1604966400003,2020-11-10T00:00:00.003000+00:00,0.0001,0.0
2020-11-10 08:00:00.011000+00:00,1604995200011,2020-11-10T08:00:00.011000+00:00,0.00036412,0.0
2020-11-10 16:00:00+00:00,1605024000000,2020-11-10T16:00:00+00:00,0.0001,0.0
2020-11-11 00:00:00+00:00,1605052800000,2020-11-11T00:00:00+00:00,0.0001,0.0
2020-11-11 08:00:00.009000+00:00,1605081600009,2020-11-11T08:00:00.009000+00:00,0.00026794,0.0
2020-11-11 16:00:00.003000+00:00,1605110400003,2020-11-11T16:00:00.003000+00:00,0.00018849,0.0
2020-11-12 00:00:00.001000+00:00,1605139200001,2020-11-12T00:00:00.001000+00:00,0.0001,0.0
2020-11-12 08:00:00.001000+00:00,1605168000001,2020-11-12T08:00:00.001000+00:00,0.0001,0.0
2020-11-12 16:00:00+00:00,1605196800000,2020-11-12T16:00:00+00:00,0.0001,0.0
2020-11-13 00:00:00+00:00,1605225600000,2020-11-13T00:00:00+00:00,0.0001,0.0
2020-11-13 08:00:00+00:00,1605254400000,2020-11-13T08:00:00+00:00,0.0001,0.0
2020-11-13 16:00:00+00:00,1605283200000,2020-11-13T16:00:00+00:00,0.0001,0.0
2020-11-14 00:00:00.005000+00:00,1605312000005,2020-11-14T00:00:00.005000+00:00,0.0001,0.0
2020-11-14 08:00:00.004000+00:00,1605340800004,2020-11-14T08:00:00.004000+00:00,0.0001,0.0
2020-11-14 16:00:00.001000+00:00,1605369600001,2020-11-14T16:00:00.001000+00:00,0.0001,0.0
2020-11-15 00:00:00.001000+00:00,1605398400001,2020-11-15T00:00:00.001000+00:00,0.0001,0.0
2020-11-15 08:00:00+00:00,1605427200000,2020-11-15T08:00:00+00:00,0.0001,0.0
2020-11-15 16:00:00.003000+00:00,1605456000003,2020-11-15T16:00:00.003000+00:00,0.00024228,0.0
2020-11-16 00:00:00+00:00,1605484800000,2020-11-16T00:00:00+00:00,0.0001,0.0
2020-11-16 08:00:00.010000+00:00,1605513600010,2020-11-16T08:00:00.010000+00:00,0.0001,0.0
2020-11-16 16:00:00.001000+00:00,1605542400001,2020-11-16T16:00:00.001000+00:00,0.0001,0.0
2020-11-17 00:00:00.002000+00:00,1605571200002,2020-11-17T00:00:00.002000+00:00,0.0001,0.0
2020-11-17 08:00:00.003000+00:00,1605600000003,2020-11-17T08:00:00.003000+00:00,0.00055062,0.0
2020-11-17 16:00:00.003000+00:00,1605628800003,2020-11-17T16:00:00.003000+00:00,0.0003889,0.0
2020-11-18 00:00:00.005000+00:00,1605657600005,2020-11-18T00:00:00.005000+00:00,0.00129737,0.0
2020-11-18 08:00:00.006000+00:00,1605686400006,2020-11-18T08:00:00.006000+00:00,0.00033069,0.0
2020-11-18 16:00:00+00:00,1605715200000,2020-11-18T16:00:00+00:00,2.149e-05,0.0
2020-11-19 00:00:00.008000+00:00,1605744000008,2020-11-19T00:00:00.008000+00:00,0.0001,0.0
2020-11-19 08:00:00+00:00,1605772800000,2020-11-19T08:00:00+00:00,-0.00098885,0.0
2020-11-19 16:00:00.001000+00:00,1605801600001,2020-11-19T16:00:00.001000+00:00,0.0001,0.0
2020-11-20 00:00:00.003000+00:00,1605830400003,2020-11-20T00:00:00.003000+00:00,0.0001,0.0
2020-11-20 08:00:00.005000+00:00,1605859200005,2020-11-20T08:00:00.005000+00:00,0.0001,0.0
2020-11-20 16:00:00+00:00,1605888000000,2020-11-20T16:00:00+00:00,0.00025095,0.0
2020-11-21 00:00:00+00:00,1605916800000,2020-11-21T00:00:00+00:00,0.0001,0.0
2020-11-21 08:00:00+00:00,1605945600000,2020-11-21T08:00:00+00:00,0.0001,0.0
2020-11-21 16:00:00.001000+00:00,1605974400001,2020-11-21T16:00:00.001000+00:00,0.00101282,0.0
2020-11-22 00:00:00.005000+00:00,1606003200005,2020-11-22T00:00:00.005000+00:00,0.00102128,0.0
2020-11-22 08:00:00+00:00,1606032000000,2020-11-22T08:00:00+00:00,-0.00055853,0.0
2020-11-22 16:00:00+00:00,1606060800000,2020-11-22T16:00:00+00:00,-0.00074916,0.0
2020-11-23 00:00:00.005000+00:00,1606089600005,2020-11-23T00:00:00.005000+00:00,-0.00047751,0.0
2020-11-23 08:00:00+00:00,1606118400000,2020-11-23T08:00:00+00:00,-0.00013206,0.0
2020-11-23 16:00:00.003000+00:00,1606147200003,2020-11-23T16:00:00.003000+00:00,-1.472e-05,0.0
2020-11-24 00:00:00+00:00,1606176000000,2020-11-24T00:00:00+00:00,0.0001,0.0
2020-11-24 08:00:00+00:00,1606204800000,2020-11-24T08:00:00+00:00,0.00030371,0.0
2020-11-24 16:00:00.005000+00:00,1606233600005,2020-11-24T16:00:00.005000+00:00,0.0001,0.0
2020-11-25 00:00:00.005000+00:00,1606262400005,2020-11-25T00:00:00.005000+00:00,0.00041817,0.0
2020-11-25 08:00:00.005000+00:00,1606291200005,2020-11-25T08:00:00.005000+00:00,0.0001,0.0
2020-11-25 16:00:00.015000+00:00,1606320000015,2020-11-25T16:00:00.015000+00:00,0.00068985,0.0
2020-11-26 00:00:00.012000+00:00,1606348800012,2020-11-26T00:00:00.012000+00:00,-0.00027055,0.0
2020-11-26 08:00:00.002000+00:00,1606377600002,2020-11-26T08:00:00.002000+00:00,-0.00419164,0.0
2020-11-26 16:00:00.001000+00:00,1606406400001,2020-11-26T16:00:00.001000+00:00,-0.00095725,0.0
2020-11-27 00:00:00.001000+00:00,1606435200001,2020-11-27T00:00:00.001000+00:00,-0.0025881,0.0
2020-11-27 08:00:00+00:00,1606464000000,2020-11-27T08:00:00+00:00,-0.00179633,0.0
2020-11-27 16:00:00.007000+00:00,1606492800007,2020-11-27T16:00:00.007000+00:00,-0.00258539,0.0
2020-11-28 00:00:00.007000+00:00,1606521600007,2020-11-28T00:00:00.007000+00:00,-0.00121635,0.0
2020-11-28 08:00:00.012000+00:00,1606550400012,2020-11-28T08:00:00.012000+00:00,-0.00136122,0.0
2020-11-28 16:00:00+00:00,1606579200000,2020-11-28T16:00:00+00:00,-0.00091001,0.0
2020-11-29 00:00:00.007000+00:00,1606608000007,2020-11-29T00:00:00.007000+00:00,-0.0008815,0.0
2020-11-29 08:00:00+00:00,1606636800000,2020-11-29T08:00:00+00:00,-0.00225574,0.0
2020-11-29 16:00:00+00:00,1606665600000,2020-11-29T16:00:00+00:00,-0.0006728,0.0
2020-11-30 00:00:00.004000+00:00,1606694400004,2020-11-30T00:00:00.004000+00:00,-0.0007644,0.0
2020-11-30 08:00:00.007000+00:00,1606723200007,2020-11-30T08:00:00.007000+00:00,-0.00090649,0.0
2020-11-30 16:00:00+00:00,1606752000000,2020-11-30T16:00:00+00:00,-0.00055293,0.0
2020-12-01 00:00:00+00:00,1606780800000,2020-12-01T00:00:00+00:00,-0.00099685,0.0
2020-12-01 08:00:00.003000+00:00,1606809600003,2020-12-01T08:00:00.003000+00:00,-0.00089102,0.0
2020-12-01 16:00:00+00:00,1606838400000,2020-12-01T16:00:00+00:00,-0.0012781,0.0
2020-12-02 00:00:00.001000+00:00,1606867200001,2020-12-02T00:00:00.001000+00:00,-0.0014013,0.0
2020-12-02 08:00:00.011000+00:00,1606896000011,2020-12-02T08:00:00.011000+00:00,-1.74e-06,0.0
2020-12-02 16:00:00.005000+00:00,1606924800005,2020-12-02T16:00:00.005000+00:00,-0.00109398,0.0
2020-12-03 00:00:00.001000+00:00,1606953600001,2020-12-03T00:00:00.001000+00:00,0.0001,0.0
2020-12-03 08:00:00.031000+00:00,1606982400031,2020-12-03T08:00:00.031000+00:00,0.0001,0.0
2020-12-03 16:00:00+00:00,1607011200000,2020-12-03T16:00:00+00:00,0.0001,0.0
2020-12-04 00:00:00.006000+00:00,1607040000006,2020-12-04T00:00:00.006000+00:00,0.0001,0.0
2020-12-04 08:00:00.009000+00:00,1607068800009,2020-12-04T08:00:00.009000+00:00,-0.00024496,0.0
2020-12-04 16:00:00+00:00,1607097600000,2020-12-04T16:00:00+00:00,-0.0011123,0.0
2020-12-05 00:00:00+00:00,1607126400000,2020-12-05T00:00:00+00:00,-0.00060138,0.0
2020-12-05 08:00:00+00:00,1607155200000,2020-12-05T08:00:00+00:00,0.0001,0.0
2020-12-05 16:00:00+00:00,1607184000000,2020-12-05T16:00:00+00:00,-1.751e-05,0.0
2020-12-06 00:00:00.004000+00:00,1607212800004,2020-12-06T00:00:00.004000+00:00,0.0001,0.0
2020-12-06 08:00:00+00:00,1607241600000,2020-12-06T08:00:00+00:00,0.0001,0.0
2020-12-06 16:00:00.001000+00:00,1607270400001,2020-12-06T16:00:00.001000+00:00,0.0001,0.0
2020-12-07 00:00:00+00:00,1607299200000,2020-12-07T00:00:00+00:00,0.0001,0.0
2020-12-07 08:00:00.008000+00:00,1607328000008,2020-12-07T08:00:00.008000+00:00,0.0001,0.0
2020-12-07 16:00:00+00:00,1607356800000,2020-12-07T16:00:00+00:00,0.0001,0.0
2020-12-08 00:00:00.003000+00:00,1607385600003,2020-12-08T00:00:00.003000+00:00,0.0001,0.0
2020-12-08 08:00:00.003000+00:00,1607414400003,2020-12-08T08:00:00.003000+00:00,0.0001,0.0
2020-12-08 16:00:00.033000+00:00,1607443200033,2020-12-08T16:00:00.033000+00:00,0.0001,0.0
2020-12-09 00:00:00+00:00,1607472000000,2020-12-09T00:00:00+00:00,7.7e-06,0.0
2020-12-09 08:00:00.010000+00:00,1607500800010,2020-12-09T08:00:00.010000+00:00,0.0001,0.0
2020-12-09 16:00:00+00:00,1607529600000,2020-12-09T16:00:00+00:00,1.44e-05,0.0
2020-12-10 00:00:00+00:00,1607558400000,2020-12-10T00:00:00+00:00,-5.839e-05,0.0
2020-12-10 08:00:00+00:00,1607587200000,2020-12-10T08:00:00+00:00,5.504e-05,0.0
2020-12-10 16:00:00.007000+00:00,1607616000007,2020-12-10T16:00:00.007000+00:00,-0.00079147,0.0
2020-12-11 00:00:00+00:00,1607644800000,2020-12-11T00:00:00+00:00,0.0001,0.0
2020-12-11 08:00:00.016000+00:00,1607673600016,2020-12-11T08:00:00.016000+00:00,-0.00073541,0.0
2020-12-11 16:00:00.010000+00:00,1607702400010,2020-12-11T16:00:00.010000+00:00,0.0001,0.0
2020-12-12 00:00:00.009000+00:00,1607731200009,2020-12-12T00:00:00.009000+00:00,8.023e-05,0.0
2020-12-12 08:00:00.002000+00:00,1607760000002,2020-12-12T08:00:00.002000+00:00,-0.00234814,0.0
2020-12-12 16:00:00+00:00,1607788800000,2020-12-12T16:00:00+00:00,-0.00143339,0.0
2020-12-13 00:00:00.007000+00:00,1607817600007,2020-12-13T00:00:00.007000+00:00,-0.00173105,0.0
2020-12-13 08:00:00+00:00,1607846400000,2020-12-13T08:00:00+00:00,-0.00055675,0.0
2020-12-13 16:00:00+00:00,1607875200000,2020-12-13T16:00:00+00:00,-0.00072483,0.0
2020-12-14 00:00:00+00:00,1607904000000,2020-12-14T00:00:00+00:00,-0.00035996,0.0
2020-12-14 08:00:00+00:00,1607932800000,2020-12-14T08:00:00+00:00,-9.372e-05,0.0
2020-12-14 16:00:00+00:00,1607961600000,2020-12-14T16:00:00+00:00,-8.654e-05,0.0
2020-12-15 00:00:00.006000+00:00,1607990400006,2020-12-15T00:00:00.006000+00:00,-0.00046511,0.0
2020-12-15 08:00:00.001000+00:00,1608019200001,2020-12-15T08:00:00.001000+00:00,-0.0007831,0.0
2020-12-15 16:00:00+00:00,1608048000000,2020-12-15T16:00:00+00:00,-0.00056365,0.0
2020-12-16 00:00:00.001000+00:00,1608076800001,2020-12-16T00:00:00.001000+00:00,-0.00035194,0.0
2020-12-16 08:00:00+00:00,1608105600000,2020-12-16T08:00:00+00:00,0.0001,0.0
2020-12-16 16:00:00+00:00,1608134400000,2020-12-16T16:00:00+00:00,0.0001,0.0
2020-12-17 00:00:00+00:00,1608163200000,2020-12-17T00:00:00+00:00,0.0001,0.0
2020-12-17 08:00:00+00:00,1608192000000,2020-12-17T08:00:00+00:00,0.0001,0.0
2020-12-17 16:00:00.011000+00:00,1608220800011,2020-12-17T16:00:00.011000+00:00,0.0001,0.0
2020-12-18 00:00:00+00:00,1608249600000,2020-12-18T00:00:00+00:00,0.0001,0.0
2020-12-18 08:00:00+00:00,1608278400000,2020-12-18T08:00:00+00:00,0.0001,0.0
2020-12-18 16:00:00+00:00,1608307200000,2020-12-18T16:00:00+00:00,0.0001,0.0
2020-12-19 00:00:00+00:00,1608336000000,2020-12-19T00:00:00+00:00,0.0001,0.0
2020-12-19 08:00:00.018000+00:00,1608364800018,2020-12-19T08:00:00.018000+00:00,0.0001,0.0
2020-12-19 16:00:00+00:00,1608393600000,2020-12-19T16:00:00+00:00,0.0001,0.0
2020-12-20 00:00:00.001000+00:00,1608422400001,2020-12-20T00:00:00.001000+00:00,0.0001,0.0
2020-12-20 08:00:00.011000+00:00,1608451200011,2020-12-20T08:00:00.011000+00:00,0.0001,0.0
2020-12-20 16:00:00.023000+00:00,1608480000023,2020-12-20T16:00:00.023000+00:00,0.0001,0.0
2020-12-21 00:00:00.011000+00:00,1608508800011,2020-12-21T00:00:00.011000+00:00,0.0001,0.0
2020-12-21 08:00:00+00:00,1608537600000,2020-12-21T08:00:00+00:00,0.0001,0.0
2020-12-21 16:00:00+00:00,1608566400000,2020-12-21T16:00:00+00:00,0.00027015,0.0
2020-12-22 00:00:00.001000+00:00,1608595200001,2020-12-22T00:00:00.001000+00:00,0.0001,0.0
2020-12-22 08:00:00.006000+00:00,1608624000006,2020-12-22T08:00:00.006000+00:00,0.0001,0.0
2020-12-22 16:00:00+00:00,1608652800000,2020-12-22T16:00:00+00:00,0.0001,0.0
2020-12-23 00:00:00+00:00,1608681600000,2020-12-23T00:00:00+00:00,-4.427e-05,0.0
2020-12-23 08:00:00+00:00,1608710400000,2020-12-23T08:00:00+00:00,0.0001,0.0
2020-12-23 16:00:00+00:00,1608739200000,2020-12-23T16:00:00+00:00,0.0001,0.0
2020-12-24 00:00:00.012000+00:00,1608768000012,2020-12-24T00:00:00.012000+00:00,-0.00044413,0.0
2020-12-24 08:00:00.009000+00:00,1608796800009,2020-12-24T08:00:00.009000+00:00,-0.00049946,0.0
2020-12-24 16:00:00.001000+00:00,1608825600001,2020-12-24T16:00:00.001000+00:00,-0.00023132,0.0
2020-12-25 00:00:00+00:00,1608854400000,2020-12-25T00:00:00+00:00,-0.00041957,0.0
2020-12-25 08:00:00+00:00,1608883200000,2020-12-25T08:00:00+00:00,-0.00119,0.0
2020-12-25 16:00:00+00:00,1608912000000,2020-12-25T16:00:00+00:00,-0.00128276,0.0
2020-12-26 00:00:00.009000+00:00,1608940800009,2020-12-26T00:00:00.009000+00:00,-0.00143412,0.0
2020-12-26 08:00:00.001000+00:00,1608969600001,2020-12-26T08:00:00.001000+00:00,-0.00120753,0.0
2020-12-26 16:00:00.006000+00:00,1608998400006,2020-12-26T16:00:00.006000+00:00,-0.00254219,0.0
2020-12-27 00:00:00+00:00,1609027200000,2020-12-27T00:00:00+00:00,-0.00101518,0.0
2020-12-27 08:00:00+00:00,1609056000000,2020-12-27T08:00:00+00:00,-0.00163498,0.0
2020-12-27 16:00:00.001000+00:00,1609084800001,2020-12-27T16:00:00.001000+00:00,-0.00071416,0.0
2020-12-28 00:00:00.015000+00:00,1609113600015,2020-12-28T00:00:00.015000+00:00,9.235e-05,0.0
2020-12-28 08:00:00.019000+00:00,1609142400019,2020-12-28T08:00:00.019000+00:00,-6.254e-05,0.0
2020-12-28 16:00:00+00:00,1609171200000,2020-12-28T16:00:00+00:00,-0.00078108,0.0
2020-12-29 00:00:00.004000+00:00,1609200000004,2020-12-29T00:00:00.004000+00:00,-0.0004725,0.0
2020-12-29 08:00:00.003000+00:00,1609228800003,2020-12-29T08:00:00.003000+00:00,-0.00169461,0.0
2020-12-29 16:00:00+00:00,1609257600000,2020-12-29T16:00:00+00:00,-0.00039761,0.0
2020-12-30 00:00:00.001000+00:00,1609286400001,2020-12-30T00:00:00.001000+00:00,-0.00045529,0.0
2020-12-30 08:00:00.001000+00:00,1609315200001,2020-12-30T08:00:00.001000+00:00,-0.00154578,0.0
2020-12-30 16:00:00.012000+00:00,1609344000012,2020-12-30T16:00:00.012000+00:00,-0.00112551,0.0
2020-12-31 00:00:00.009000+00:00,1609372800009,2020-12-31T00:00:00.009000+00:00,-0.0008723,0.0
2020-12-31 08:00:00+00:00,1609401600000,2020-12-31T08:00:00+00:00,-0.00095399,0.0
2020-12-31 16:00:00.010000+00:00,1609430400010,2020-12-31T16:00:00.010000+00:00,-0.00161978,0.0
2021-01-01 00:00:00.002000+00:00,1609459200002,2021-01-01T00:00:00.002000+00:00,-0.00165238,0.0
2021-01-01 08:00:00.006000+00:00,1609488000006,2021-01-01T08:00:00.006000+00:00,-0.00204383,0.0
2021-01-01 16:00:00.003000+00:00,1609516800003,2021-01-01T16:00:00.003000+00:00,-0.0008075,0.0
2021-01-02 00:00:00+00:00,1609545600000,2021-01-02T00:00:00+00:00,-0.00120567,0.0
2021-01-02 08:00:00+00:00,1609574400000,2021-01-02T08:00:00+00:00,0.0001,0.0
2021-01-02 16:00:00.006000+00:00,1609603200006,2021-01-02T16:00:00.006000+00:00,-7.871e-05,0.0
2021-01-03 00:00:00.018000+00:00,1609632000018,2021-01-03T00:00:00.018000+00:00,-9.318e-05,0.0
2021-01-03 08:00:00+00:00,1609660800000,2021-01-03T08:00:00+00:00,-0.00048296,0.0
2021-01-03 16:00:00.002000+00:00,1609689600002,2021-01-03T16:00:00.002000+00:00,-0.00253289,0.0
2021-01-04 00:00:00+00:00,1609718400000,2021-01-04T00:00:00+00:00,-0.00302774,0.0
2021-01-04 08:00:00+00:00,1609747200000,2021-01-04T08:00:00+00:00,0.0001,0.0
2021-01-04 16:00:00+00:00,1609776000000,2021-01-04T16:00:00+00:00,-0.00240332,0.0
2021-01-05 00:00:00.020000+00:00,1609804800020,2021-01-05T00:00:00.020000+00:00,-0.00667102,0.0
2021-01-05 08:00:00.003000+00:00,1609833600003,2021-01-05T08:00:00.003000+00:00,-0.00285395,0.0
2021-01-05 16:00:00.003000+00:00,1609862400003,2021-01-05T16:00:00.003000+00:00,-0.00482538,0.0
2021-01-06 00:00:00.010000+00:00,1609891200010,2021-01-06T00:00:00.010000+00:00,-0.0075,0.0
2021-01-06 08:00:00.003000+00:00,1609920000003,2021-01-06T08:00:00.003000+00:00,-0.0075,0.0
2021-01-06 16:00:00+00:00,1609948800000,2021-01-06T16:00:00+00:00,-0.0075,0.0
2021-01-07 00:00:00.007000+00:00,1609977600007,2021-01-07T00:00:00.007000+00:00,-0.0075,0.0
2021-01-07 08:00:00+00:00,1610006400000,2021-01-07T08:00:00+00:00,-0.0075,0.0
2021-01-07 16:00:00.004000+00:00,1610035200004,2021-01-07T16:00:00.004000+00:00,0.0,0.0
2021-01-08 00:00:00+00:00,1610064000000,2021-01-08T00:00:00+00:00,-0.00094262,0.0
2021-01-08 08:00:00+00:00,1610092800000,2021-01-08T08:00:00+00:00,0.00071256,0.0
2021-01-08 16:00:00+00:00,1610121600000,2021-01-08T16:00:00+00:00,0.00012872,0.0
2021-01-09 00:00:00.009000+00:00,1610150400009,2021-01-09T00:00:00.009000+00:00,0.0003294,0.0
2021-01-09 08:00:00.004000+00:00,1610179200004,2021-01-09T08:00:00.004000+00:00,0.00138669,0.0
2021-01-09 16:00:00+00:00,1610208000000,2021-01-09T16:00:00+00:00,0.00051747,0.0
2021-01-10 00:00:00+00:00,1610236800000,2021-01-10T00:00:00+00:00,0.00318311,0.0
2021-01-10 08:00:00.005000+00:00,1610265600005,2021-01-10T08:00:00.005000+00:00,0.00201398,0.0
2021-01-10 16:00:00+00:00,1610294400000,2021-01-10T16:00:00+00:00,0.00080074,0.0
2021-01-11 00:00:00+00:00,1610323200000,2021-01-11T00:00:00+00:00,0.00024441,0.0
2021-01-11 08:00:00.012000+00:00,1610352000012,2021-01-11T08:00:00.012000+00:00,0.0001,0.0
2021-01-11 16:00:00+00:00,1610380800000,2021-01-11T16:00:00+00:00,0.00087274,0.0
2021-01-12 00:00:00+00:00,1610409600000,2021-01-12T00:00:00+00:00,0.0001,0.0
2021-01-12 08:00:00+00:00,1610438400000,2021-01-12T08:00:00+00:00,-4.075e-05,0.0
2021-01-12 16:00:00.008000+00:00,1610467200008,2021-01-12T16:00:00.008000+00:00,0.0001,0.0
2021-01-13 00:00:00.001000+00:00,1610496000001,2021-01-13T00:00:00.001000+00:00,0.00030906,0.0
2021-01-13 08:00:00+00:00,1610524800000,2021-01-13T08:00:00+00:00,0.00028285,0.0
2021-01-13 16:00:00.003000+00:00,1610553600003,2021-01-13T16:00:00.003000+00:00,0.0001,0.0
2021-01-14 00:00:00+00:00,1610582400000,2021-01-14T00:00:00+00:00,0.0001,0.0
2021-01-14 08:00:00.012000+00:00,1610611200012,2021-01-14T08:00:00.012000+00:00,0.00013077,0.0
2021-01-14 16:00:00+00:00,1610640000000,2021-01-14T16:00:00+00:00,0.00127162,0.0
2021-01-15 00:00:00.002000+00:00,1610668800002,2021-01-15T00:00:00.002000+00:00,0.0001,0.0
2021-01-15 08:00:00+00:00,1610697600000,2021-01-15T08:00:00+00:00,0.0001,0.0
2021-01-15 16:00:00.004000+00:00,1610726400004,2021-01-15T16:00:00.004000+00:00,0.00099857,0.0
2021-01-16 00:00:00+00:00,1610755200000,2021-01-16T00:00:00+00:00,0.00063201,0.0
2021-01-16 08:00:00.008000+00:00,1610784000008,2021-01-16T08:00:00.008000+00:00,0.00082427,0.0
2021-01-16 16:00:00+00:00,1610812800000,2021-01-16T16:00:00+00:00,0.00199151,0.0
2021-01-17 00:00:00.009000+00:00,1610841600009,2021-01-17T00:00:00.009000+00:00,0.0011316,0.0
2021-01-17 08:00:00+00:00,1610870400000,2021-01-17T08:00:00+00:00,0.00088588,0.0
2021-01-17 16:00:00.001000+00:00,1610899200001,2021-01-17T16:00:00.001000+00:00,0.00026075,0.0
2021-01-18 00:00:00+00:00,1610928000000,2021-01-18T00:00:00+00:00,0.00122517,0.0
2021-01-18 08:00:00.004000+00:00,1610956800004,2021-01-18T08:00:00.004000+00:00,0.0007264,0.0
2021-01-18 16:00:00+00:00,1610985600000,2021-01-18T16:00:00+00:00,0.00146114,0.0
2021-01-19 00:00:00+00:00,1611014400000,2021-01-19T00:00:00+00:00,0.00120146,0.0
2021-01-19 08:00:00.005000+00:00,1611043200005,2021-01-19T08:00:00.005000+00:00,0.00123494,0.0
2021-01-19 16:00:00.012000+00:00,1611072000012,2021-01-19T16:00:00.012000+00:00,0.0001,0.0
2021-01-20 00:00:00.012000+00:00,1611100800012,2021-01-20T00:00:00.012000+00:00,0.0001,0.0
2021-01-20 08:00:00.001000+00:00,1611129600001,2021-01-20T08:00:00.001000+00:00,0.0001,0.0
2021-01-20 16:00:00.001000+00:00,1611158400001,2021-01-20T16:00:00.001000+00:00,-0.00034721,0.0
2021-01-21 00:00:00+00:00,1611187200000,2021-01-21T00:00:00+00:00,-4.668e-05,0.0
2021-01-21 08:00:00+00:00,1611216000000,2021-01-21T08:00:00+00:00,0.0001,0.0
2021-01-21 16:00:00.004000+00:00,1611244800004,2021-01-21T16:00:00.004000+00:00,-8.357e-05,0.0
2021-01-22 00:00:00.012000+00:00,1611273600012,2021-01-22T00:00:00.012000+00:00,-0.00054589,0.0
2021-01-22 08:00:00.003000+00:00,1611302400003,2021-01-22T08:00:00.003000+00:00,-0.00028412,0.0
2021-01-22 16:00:00.001000+00:00,1611331200001,2021-01-22T16:00:00.001000+00:00,0.0001,0.0
2021-01-23 00:00:00+00:00,1611360000000,2021-01-23T00:00:00+00:00,0.0001,0.0
2021-01-23 08:00:00.002000+00:00,1611388800002,2021-01-23T08:00:00.002000+00:00,0.0001,0.0
2021-01-23 16:00:00+00:00,1611417600000,2021-01-23T16:00:00+00:00,0.0001,0.0
2021-01-24 00:00:00.001000+00:00,1611446400001,2021-01-24T00:00:00.001000+00:00,0.0001,0.0
2021-01-24 08:00:00.011000+00:00,1611475200011,2021-01-24T08:00:00.011000+00:00,0.00014037,0.0
2021-01-24 16:00:00.005000+00:00,1611504000005,2021-01-24T16:00:00.005000+00:00,0.0001,0.0
2021-01-25 00:00:00.007000+00:00,1611532800007,2021-01-25T00:00:00.007000+00:00,0.00019694,0.0
2021-01-25 08:00:00.012000+00:00,1611561600012,2021-01-25T08:00:00.012000+00:00,0.0011324,0.0
2021-01-25 16:00:00+00:00,1611590400000,2021-01-25T16:00:00+00:00,0.0001,0.0
2021-01-26 00:00:00.007000+00:00,1611619200007,2021-01-26T00:00:00.007000+00:00,0.0001,0.0
2021-01-26 08:00:00+00:00,1611648000000,2021-01-26T08:00:00+00:00,0.0001,0.0
2021-01-26 16:00:00+00:00,1611676800000,2021-01-26T16:00:00+00:00,0.0001,0.0
2021-01-27 00:00:00+00:00,1611705600000,2021-01-27T00:00:00+00:00,0.0001,0.0
2021-01-27 08:00:00.011000+00:00,1611734400011,2021-01-27T08:00:00.011000+00:00,0.0001,0.0
2021-01-27 16:00:00.003000+00:00,1611763200003,2021-01-27T16:00:00.003000+00:00,0.0001,0.0
2021-01-28 00:00:00+00:00,1611792000000,2021-01-28T00:00:00+00:00,0.0001,0.0
2021-01-28 08:00:00+00:00,1611820800000,2021-01-28T08:00:00+00:00,0.0001,0.0
2021-01-28 16:00:00+00:00,1611849600000,2021-01-28T16:00:00+00:00,0.00032246,0.0
2021-01-29 00:00:00.009000+00:00,1611878400009,2021-01-29T00:00:00.009000+00:00,0.0001027,0.0
2021-01-29 08:00:00+00:00,1611907200000,2021-01-29T08:00:00+00:00,0.00046897,0.0
2021-01-29 16:00:00+00:00,1611936000000,2021-01-29T16:00:00+00:00,0.00135527,0.0
2021-01-30 00:00:00+00:00,1611964800000,2021-01-30T00:00:00+00:00,0.00074522,0.0
2021-01-30 08:00:00+00:00,1611993600000,2021-01-30T08:00:00+00:00,0.000426,0.0
2021-01-30 16:00:00+00:00,1612022400000,2021-01-30T16:00:00+00:00,0.00083867,0.0
2021-01-31 00:00:00.009000+00:00,1612051200009,2021-01-31T00:00:00.009000+00:00,0.00136282,0.0
2021-01-31 08:00:00+00:00,1612080000000,2021-01-31T08:00:00+00:00,0.00068997,0.0
2021-01-31 16:00:00+00:00,1612108800000,2021-01-31T16:00:00+00:00,0.00125194,0.0
2021-02-01 00:00:00.001000+00:00,1612137600001,2021-02-01T00:00:00.001000+00:00,0.00025519,0.0
2021-02-01 08:00:00.014000+00:00,1612166400014,2021-02-01T08:00:00.014000+00:00,0.00037017,0.0
2021-02-01 16:00:00+00:00,1612195200000,2021-02-01T16:00:00+00:00,0.00023243,0.0
2021-02-02 00:00:00+00:00,1612224000000,2021-02-02T00:00:00+00:00,0.00049185,0.0
2021-02-02 08:00:00.006000+00:00,1612252800006,2021-02-02T08:00:00.006000+00:00,0.00049058,0.0
2021-02-02 16:00:00+00:00,1612281600000,2021-02-02T16:00:00+00:00,0.00178222,0.0
2021-02-03 00:00:00.009000+00:00,1612310400009,2021-02-03T00:00:00.009000+00:00,0.00185223,0.0
2021-02-03 08:00:00.006000+00:00,1612339200006,2021-02-03T08:00:00.006000+00:00,0.00090423,0.0
2021-02-03 16:00:00.006000+00:00,1612368000006,2021-02-03T16:00:00.006000+00:00,0.00103602,0.0
2021-02-04 00:00:00.005000+00:00,1612396800005,2021-02-04T00:00:00.005000+00:00,0.00114612,0.0
2021-02-04 08:00:00+00:00,1612425600000,2021-02-04T08:00:00+00:00,0.00196534,0.0
2021-02-04 16:00:00.011000+00:00,1612454400011,2021-02-04T16:00:00.011000+00:00,0.00116031,0.0
2021-02-05 00:00:00.009000+00:00,1612483200009,2021-02-05T00:00:00.009000+00:00,0.00139904,0.0
2021-02-05 08:00:00.004000+00:00,1612512000004,2021-02-05T08:00:00.004000+00:00,0.00250409,0.0
2021-02-05 16:00:00+00:00,1612540800000,2021-02-05T16:00:00+00:00,0.00248849,0.0
2021-02-06 00:00:00.008000+00:00,1612569600008,2021-02-06T00:00:00.008000+00:00,0.0012523,0.0
2021-02-06 08:00:00.009000+00:00,1612598400009,2021-02-06T08:00:00.009000+00:00,0.00177772,0.0
2021-02-06 16:00:00+00:00,1612627200000,2021-02-06T16:00:00+00:00,0.0015495,0.0
2021-02-07 00:00:00+00:00,1612656000000,2021-02-07T00:00:00+00:00,0.00069317,0.0
2021-02-07 08:00:00.005000+00:00,1612684800005,2021-02-07T08:00:00.005000+00:00,0.0001,0.0
2021-02-07 16:00:00.001000+00:00,1612713600001,2021-02-07T16:00:00.001000+00:00,0.0001,0.0
2021-02-08 00:00:00+00:00,1612742400000,2021-02-08T00:00:00+00:00,0.00045129,0.0
2021-02-08 08:00:00.001000+00:00,1612771200001,2021-02-08T08:00:00.001000+00:00,0.00085861,0.0
2021-02-08 16:00:00+00:00,1612800000000,2021-02-08T16:00:00+00:00,0.00189272,0.0
2021-02-09 00:00:00.010000+00:00,1612828800010,2021-02-09T00:00:00.010000+00:00,0.00209319,0.0
2021-02-09 08:00:00.006000+00:00,1612857600006,2021-02-09T08:00:00.006000+00:00,0.00304915,0.0
2021-02-09 16:00:00.007000+00:00,1612886400007,2021-02-09T16:00:00.007000+00:00,0.0028669,0.0
2021-02-10 00:00:00.009000+00:00,1612915200009,2021-02-10T00:00:00.009000+00:00,0.00243443,0.0
2021-02-10 08:00:00.014000+00:00,1612944000014,2021-02-10T08:00:00.014000+00:00,0.00332469,0.0
2021-02-10 16:00:00.005000+00:00,1612972800005,2021-02-10T16:00:00.005000+00:00,0.00113941,0.0
2021-02-11 00:00:00+00:00,1613001600000,2021-02-11T00:00:00+00:00,0.0016268,0.0
2021-02-11 08:00:00+00:00,1613030400000,2021-02-11T08:00:00+00:00,0.00151791,0.0
2021-02-11 16:00:00+00:00,1613059200000,2021-02-11T16:00:00+00:00,0.00128569,0.0
2021-02-12 00:00:00+00:00,1613088000000,2021-02-12T00:00:00+00:00,0.00211126,0.0
2021-02-12 08:00:00+00:00,1613116800000,2021-02-12T08:00:00+00:00,0.00076834,0.0
2021-02-12 16:00:00+00:00,1613145600000,2021-02-12T16:00:00+00:00,0.00087438,0.0
2021-02-13 00:00:00.001000+00:00,1613174400001,2021-02-13T00:00:00.001000+00:00,0.0026051,0.0
2021-02-13 08:00:00.003000+00:00,1613203200003,2021-02-13T08:00:00.003000+00:00,0.00188627,0.0
2021-02-13 16:00:00+00:00,1613232000000,2021-02-13T16:00:00+00:00,0.0014149,0.0
2021-02-14 00:00:00.013000+00:00,1613260800013,2021-02-14T00:00:00.013000+00:00,0.00251514,0.0
2021-02-14 08:00:00+00:00,1613289600000,2021-02-14T08:00:00+00:00,0.00252331,0.0
2021-02-14 16:00:00.008000+00:00,1613318400008,2021-02-14T16:00:00.008000+00:00,0.00257419,0.0
2021-02-15 00:00:00+00:00,1613347200000,2021-02-15T00:00:00+00:00,0.00066418,0.0
2021-02-15 08:00:00.006000+00:00,1613376000006,2021-02-15T08:00:00.006000+00:00,0.0001,0.0
2021-02-15 16:00:00+00:00,1613404800000,2021-02-15T16:00:00+00:00,0.0001,0.0
2021-02-16 00:00:00.001000+00:00,1613433600001,2021-02-16T00:00:00.001000+00:00,0.0001,0.0
2021-02-16 08:00:00+00:00,1613462400000,2021-02-16T08:00:00+00:00,0.00158627,0.0
2021-02-16 16:00:00.010000+00:00,1613491200010,2021-02-16T16:00:00.010000+00:00,0.00147931,0.0
2021-02-17 00:00:00.005000+00:00,1613520000005,2021-02-17T00:00:00.005000+00:00,0.0001,0.0
2021-02-17 08:00:00.010000+00:00,1613548800010,2021-02-17T08:00:00.010000+00:00,0.00100129,0.0
2021-02-17 16:00:00.008000+00:00,1613577600008,2021-02-17T16:00:00.008000+00:00,0.00142102,0.0
2021-02-18 00:00:00.012000+00:00,1613606400012,2021-02-18T00:00:00.012000+00:00,0.00104079,0.0
2021-02-18 08:00:00+00:00,1613635200000,2021-02-18T08:00:00+00:00,0.00155495,0.0
2021-02-18 16:00:00.009000+00:00,1613664000009,2021-02-18T16:00:00.009000+00:00,0.00083108,0.0
2021-02-19 00:00:00.010000+00:00,1613692800010,2021-02-19T00:00:00.010000+00:00,0.00094704,0.0
2021-02-19 08:00:00.002000+00:00,1613721600002,2021-02-19T08:00:00.002000+00:00,0.00094971,0.0
2021-02-19 16:00:00.008000+00:00,1613750400008,2021-02-19T16:00:00.008000+00:00,0.00077114,0.0
2021-02-20 00:00:00+00:00,1613779200000,2021-02-20T00:00:00+00:00,0.00134072,0.0
2021-02-20 08:00:00.009000+00:00,1613808000009,2021-02-20T08:00:00.009000+00:00,0.00167508,0.0
2021-02-20 16:00:00+00:00,1613836800000,2021-02-20T16:00:00+00:00,0.00248155,0.0
2021-02-21 00:00:00.007000+00:00,1613865600007,2021-02-21T00:00:00.007000+00:00,0.00087849,0.0
2021-02-21 08:00:00.012000+00:00,1613894400012,2021-02-21T08:00:00.012000+00:00,0.00097512,0.0
2021-02-21 16:00:00.001000+00:00,1613923200001,2021-02-21T16:00:00.001000+00:00,0.00101935,0.0
2021-02-22 00:00:00.006000+00:00,1613952000006,2021-02-22T00:00:00.006000+00:00,0.00090367,0.0
2021-02-22 08:00:00.002000+00:00,1613980800002,2021-02-22T08:00:00.002000+00:00,0.00060976,0.0
2021-02-22 16:00:00+00:00,1614009600000,2021-02-22T16:00:00+00:00,0.0001,0.0
2021-02-23 00:00:00+00:00,1614038400000,2021-02-23T00:00:00+00:00,-0.00114458,0.0
2021-02-23 08:00:00.006000+00:00,1614067200006,2021-02-23T08:00:00.006000+00:00,0.0001,0.0
2021-02-23 16:00:00+00:00,1614096000000,2021-02-23T16:00:00+00:00,0.0001,0.0
2021-02-24 00:00:00.012000+00:00,1614124800012,2021-02-24T00:00:00.012000+00:00,0.0001,0.0
2021-02-24 08:00:00.016000+00:00,1614153600016,2021-02-24T08:00:00.016000+00:00,0.00031868,0.0
2021-02-24 16:00:00.011000+00:00,1614182400011,2021-02-24T16:00:00.011000+00:00,0.0001,0.0
2021-02-25 00:00:00.007000+00:00,1614211200007,2021-02-25T00:00:00.007000+00:00,0.0001,0.0
2021-02-25 08:00:00+00:00,1614240000000,2021-02-25T08:00:00+00:00,0.0001,0.0
2021-02-25 16:00:00.010000+00:00,1614268800010,2021-02-25T16:00:00.010000+00:00,0.00038425,0.0
2021-02-26 00:00:00+00:00,1614297600000,2021-02-26T00:00:00+00:00,0.0001,0.0
2021-02-26 08:00:00.025000+00:00,1614326400025,2021-02-26T08:00:00.025000+00:00,0.0001,0.0
2021-02-26 16:00:00.010000+00:00,1614355200010,2021-02-26T16:00:00.010000+00:00,0.0001,0.0
2021-02-27 00:00:00.001000+00:00,1614384000001,2021-02-27T00:00:00.001000+00:00,0.0001,0.0
2021-02-27 08:00:00+00:00,1614412800000,2021-02-27T08:00:00+00:00,0.0001,0.0
2021-02-27 16:00:00+00:00,1614441600000,2021-02-27T16:00:00+00:00,0.00013802,0.0
2021-02-28 00:00:00.021000+00:00,1614470400021,2021-02-28T00:00:00.021000+00:00,0.0001,0.0
2021-02-28 08:00:00.009000+00:00,1614499200009,2021-02-28T08:00:00.009000+00:00,0.0001,0.0
2021-02-28 16:00:00+00:00,1614528000000,2021-02-28T16:00:00+00:00,0.0001,0.0
2021-03-01 00:00:00+00:00,1614556800000,2021-03-01T00:00:00+00:00,0.0001,0.0
2021-03-01 08:00:00.003000+00:00,1614585600003,2021-03-01T08:00:00.003000+00:00,0.00012534,0.0
2021-03-01 16:00:00.001000+00:00,1614614400001,2021-03-01T16:00:00.001000+00:00,0.00038175,0.0
2021-03-02 00:00:00+00:00,1614643200000,2021-03-02T00:00:00+00:00,0.00021657,0.0
2021-03-02 08:00:00+00:00,1614672000000,2021-03-02T08:00:00+00:00,0.00051119,0.0
2021-03-02 16:00:00.004000+00:00,1614700800004,2021-03-02T16:00:00.004000+00:00,0.00023872,0.0
2021-03-03 00:00:00+00:00,1614729600000,2021-03-03T00:00:00+00:00,0.0007243,0.0
2021-03-03 08:00:00.016000+00:00,1614758400016,2021-03-03T08:00:00.016000+00:00,0.00026329,0.0
2021-03-03 16:00:00+00:00,1614787200000,2021-03-03T16:00:00+00:00,0.00096015,0.0
2021-03-04 00:00:00+00:00,1614816000000,2021-03-04T00:00:00+00:00,0.00017193,0.0
2021-03-04 08:00:00.015000+00:00,1614844800015,2021-03-04T08:00:00.015000+00:00,0.00048191,0.0
2021-03-04 16:00:00.001000+00:00,1614873600001,2021-03-04T16:00:00.001000+00:00,0.00058971,0.0
2021-03-05 00:00:00+00:00,1614902400000,2021-03-05T00:00:00+00:00,0.00018864,0.0
2021-03-05 08:00:00.002000+00:00,1614931200002,2021-03-05T08:00:00.002000+00:00,0.0001,0.0
2021-03-05 16:00:00.008000+00:00,1614960000008,2021-03-05T16:00:00.008000+00:00,0.00018812,0.0
2021-03-06 00:00:00+00:00,1614988800000,2021-03-06T00:00:00+00:00,0.00051149,0.0
2021-03-06 08:00:00+00:00,1615017600000,2021-03-06T08:00:00+00:00,0.00058979,0.0
2021-03-06 16:00:00+00:00,1615046400000,2021-03-06T16:00:00+00:00,0.00023359,0.0
2021-03-07 00:00:00.006000+00:00,1615075200006,2021-03-07T00:00:00.006000+00:00,0.0006165,0.0
2021-03-07 08:00:00.005000+00:00,1615104000005,2021-03-07T08:00:00.005000+00:00,0.0009311,0.0
2021-03-07 16:00:00.008000+00:00,1615132800008,2021-03-07T16:00:00.008000+00:00,0.00051022,0.0
2021-03-08 00:00:00+00:00,1615161600000,2021-03-08T00:00:00+00:00,0.0004945,0.0
2021-03-08 08:00:00+00:00,1615190400000,2021-03-08T08:00:00+00:00,0.00048468,0.0
2021-03-08 16:00:00.006000+00:00,1615219200006,2021-03-08T16:00:00.006000+00:00,0.00127854,0.0
2021-03-09 00:00:00+00:00,1615248000000,2021-03-09T00:00:00+00:00,0.00142095,0.0
2021-03-09 08:00:00+00:00,1615276800000,2021-03-09T08:00:00+00:00,0.00139988,0.0
2021-03-09 16:00:00+00:00,1615305600000,2021-03-09T16:00:00+00:00,0.00131768,0.0
2021-03-10 00:00:00.009000+00:00,1615334400009,2021-03-10T00:00:00.009000+00:00,0.00167246,0.0
2021-03-10 08:00:00.006000+00:00,1615363200006,2021-03-10T08:00:00.006000+00:00,0.00078312,0.0
2021-03-10 16:00:00.008000+00:00,1615392000008,2021-03-10T16:00:00.008000+00:00,0.00110016,0.0
2021-03-11 00:00:00+00:00,1615420800000,2021-03-11T00:00:00+00:00,0.00059116,0.0
2021-03-11 08:00:00+00:00,1615449600000,2021-03-11T08:00:00+00:00,0.00064766,0.0
2021-03-11 16:00:00.014000+00:00,1615478400014,2021-03-11T16:00:00.014000+00:00,0.00068954,0.0
2021-03-12 00:00:00.002000+00:00,1615507200002,2021-03-12T00:00:00.002000+00:00,0.00065755,0.0
2021-03-12 08:00:00.005000+00:00,1615536000005,2021-03-12T08:00:00.005000+00:00,0.00087095,0.0
2021-03-12 16:00:00.011000+00:00,1615564800011,2021-03-12T16:00:00.011000+00:00,0.00056749,0.0
2021-03-13 00:00:00+00:00,1615593600000,2021-03-13T00:00:00+00:00,0.00077028,0.0
2021-03-13 08:00:00.002000+00:00,1615622400002,2021-03-13T08:00:00.002000+00:00,0.0004546,0.0
2021-03-13 16:00:00+00:00,1615651200000,2021-03-13T16:00:00+00:00,0.00143906,0.0
2021-03-14 00:00:00.011000+00:00,1615680000011,2021-03-14T00:00:00.011000+00:00,0.00115139,0.0
2021-03-14 08:00:00+00:00,1615708800000,2021-03-14T08:00:00+00:00,0.00123232,0.0
2021-03-14 16:00:00+00:00,1615737600000,2021-03-14T16:00:00+00:00,0.00131239,0.0
2021-03-15 00:00:00.012000+00:00,1615766400012,2021-03-15T00:00:00.012000+00:00,0.00131865,0.0
2021-03-15 08:00:00.016000+00:00,1615795200016,2021-03-15T08:00:00.016000+00:00,0.00074456,0.0
2021-03-15 16:00:00.030000+00:00,1615824000030,2021-03-15T16:00:00.030000+00:00,0.00089187,0.0
2021-03-16 00:00:00.005000+00:00,1615852800005,2021-03-16T00:00:00.005000+00:00,0.00091104,0.0
2021-03-16 08:00:00.008000+00:00,1615881600008,2021-03-16T08:00:00.008000+00:00,0.00038295,0.0
2021-03-16 16:00:00.012000+00:00,1615910400012,2021-03-16T16:00:00.012000+00:00,0.0008697,0.0
2021-03-17 00:00:00.010000+00:00,1615939200010,2021-03-17T00:00:00.010000+00:00,0.00083967,0.0
2021-03-17 08:00:00+00:00,1615968000000,2021-03-17T08:00:00+00:00,0.00114411,0.0
2021-03-17 16:00:00.009000+00:00,1615996800009,2021-03-17T16:00:00.009000+00:00,0.00074567,0.0
2021-03-18 00:00:00.001000+00:00,1616025600001,2021-03-18T00:00:00.001000+00:00,0.00143186,0.0
2021-03-18 08:00:00+00:00,1616054400000,2021-03-18T08:00:00+00:00,0.00099333,0.0
2021-03-18 16:00:00+00:00,1616083200000,2021-03-18T16:00:00+00:00,0.00185766,0.0
2021-03-19 00:00:00.011000+00:00,1616112000011,2021-03-19T00:00:00.011000+00:00,0.0002296,0.0
2021-03-19 08:00:00.001000+00:00,1616140800001,2021-03-19T08:00:00.001000+00:00,0.00044739,0.0
2021-03-19 16:00:00+00:00,1616169600000,2021-03-19T16:00:00+00:00,0.00018788,0.0
2021-03-20 00:00:00+00:00,1616198400000,2021-03-20T00:00:00+00:00,0.00011949,0.0
2021-03-20 08:00:00+00:00,1616227200000,2021-03-20T08:00:00+00:00,0.0001,0.0
2021-03-20 16:00:00.007000+00:00,1616256000007,2021-03-20T16:00:00.007000+00:00,0.00027957,0.0
2021-03-21 00:00:00+00:00,1616284800000,2021-03-21T00:00:00+00:00,0.00012712,0.0
2021-03-21 08:00:00+00:00,1616313600000,2021-03-21T08:00:00+00:00,0.0001,0.0
2021-03-21 16:00:00+00:00,1616342400000,2021-03-21T16:00:00+00:00,0.0001,0.0
2021-03-22 00:00:00.007000+00:00,1616371200007,2021-03-22T00:00:00.007000+00:00,0.0001,0.0
2021-03-22 08:00:00.001000+00:00,1616400000001,2021-03-22T08:00:00.001000+00:00,-0.00015996,0.0
2021-03-22 16:00:00+00:00,1616428800000,2021-03-22T16:00:00+00:00,0.00018783,0.0
2021-03-23 00:00:00+00:00,1616457600000,2021-03-23T00:00:00+00:00,0.0001,0.0
2021-03-23 08:00:00.010000+00:00,1616486400010,2021-03-23T08:00:00.010000+00:00,0.0001,0.0
2021-03-23 16:00:00.023000+00:00,1616515200023,2021-03-23T16:00:00.023000+00:00,7.387e-05,0.0
2021-03-24 00:00:00.002000+00:00,1616544000002,2021-03-24T00:00:00.002000+00:00,0.0001,0.0
2021-03-24 08:00:00+00:00,1616572800000,2021-03-24T08:00:00+00:00,0.0001,0.0
2021-03-24 16:00:00+00:00,1616601600000,2021-03-24T16:00:00+00:00,0.0001,0.0
2021-03-25 00:00:00+00:00,1616630400000,2021-03-25T00:00:00+00:00,0.0001,0.0
2021-03-25 08:00:00+00:00,1616659200000,2021-03-25T08:00:00+00:00,0.0001,0.0
2021-03-25 16:00:00+00:00,1616688000000,2021-03-25T16:00:00+00:00,0.0001,0.0
2021-03-26 00:00:00.008000+00:00,1616716800008,2021-03-26T00:00:00.008000+00:00,0.0001,0.0
2021-03-26 08:00:00+00:00,1616745600000,2021-03-26T08:00:00+00:00,0.0001,0.0
2021-03-26 16:00:00.012000+00:00,1616774400012,2021-03-26T16:00:00.012000+00:00,0.00031536,0.0
2021-03-27 00:00:00.018000+00:00,1616803200018,2021-03-27T00:00:00.018000+00:00,0.0001,0.0
2021-03-27 08:00:00+00:00,1616832000000,2021-03-27T08:00:00+00:00,0.00014263,0.0
2021-03-27 16:00:00.001000+00:00,1616860800001,2021-03-27T16:00:00.001000+00:00,0.00034532,0.0
2021-03-28 00:00:00+00:00,1616889600000,2021-03-28T00:00:00+00:00,0.000344,0.0
2021-03-28 08:00:00+00:00,1616918400000,2021-03-28T08:00:00+00:00,0.00033489,0.0
2021-03-28 16:00:00.005000+00:00,1616947200005,2021-03-28T16:00:00.005000+00:00,0.00081974,0.0
2021-03-29 00:00:00.003000+00:00,1616976000003,2021-03-29T00:00:00.003000+00:00,0.00085582,0.0
2021-03-29 08:00:00+00:00,1617004800000,2021-03-29T08:00:00+00:00,0.00075959,0.0
2021-03-29 16:00:00+00:00,1617033600000,2021-03-29T16:00:00+00:00,0.00077512,0.0
2021-03-30 00:00:00.018000+00:00,1617062400018,2021-03-30T00:00:00.018000+00:00,0.00045834,0.0
2021-03-30 08:00:00.012000+00:00,1617091200012,2021-03-30T08:00:00.012000+00:00,0.00119744,0.0
2021-03-30 16:00:00.001000+00:00,1617120000001,2021-03-30T16:00:00.001000+00:00,0.00134349,0.0
2021-03-31 00:00:00+00:00,1617148800000,2021-03-31T00:00:00+00:00,0.00089395,0.0
2021-03-31 08:00:00+00:00,1617177600000,2021-03-31T08:00:00+00:00,0.00054855,0.0
2021-03-31 16:00:00+00:00,1617206400000,2021-03-31T16:00:00+00:00,0.00057877,0.0
2021-04-01 00:00:00.025000+00:00,1617235200025,2021-04-01T00:00:00.025000+00:00,0.00103263,0.0
2021-04-01 08:00:00.011000+00:00,1617264000011,2021-04-01T08:00:00.011000+00:00,0.00104792,0.0
2021-04-01 16:00:00.004000+00:00,1617292800004,2021-04-01T16:00:00.004000+00:00,0.00084334,0.0
2021-04-02 00:00:00+00:00,1617321600000,2021-04-02T00:00:00+00:00,0.000564,0.0
2021-04-02 08:00:00+00:00,1617350400000,2021-04-02T08:00:00+00:00,0.00150169,0.0
2021-04-02 16:00:00+00:00,1617379200000,2021-04-02T16:00:00+00:00,0.00096656,0.0
2021-04-03 00:00:00.003000+00:00,1617408000003,2021-04-03T00:00:00.003000+00:00,0.00090108,0.0
2021-04-03 08:00:00+00:00,1617436800000,2021-04-03T08:00:00+00:00,0.00142513,0.0
2021-04-03 16:00:00+00:00,1617465600000,2021-04-03T16:00:00+00:00,0.00167753,0.0
2021-04-04 00:00:00+00:00,1617494400000,2021-04-04T00:00:00+00:00,0.00016572,0.0
2021-04-04 08:00:00+00:00,1617523200000,2021-04-04T08:00:00+00:00,0.00080358,0.0
2021-04-04 16:00:00.016000+00:00,1617552000016,2021-04-04T16:00:00.016000+00:00,0.0001,0.0
2021-04-05 00:00:00+00:00,1617580800000,2021-04-05T00:00:00+00:00,0.00085227,0.0
2021-04-05 08:00:00.001000+00:00,1617609600001,2021-04-05T08:00:00.001000+00:00,0.00012199,0.0
2021-04-05 16:00:00.001000+00:00,1617638400001,2021-04-05T16:00:00.001000+00:00,0.00136006,0.0
2021-04-06 00:00:00.010000+00:00,1617667200010,2021-04-06T00:00:00.010000+00:00,0.00140962,0.0
2021-04-06 08:00:00+00:00,1617696000000,2021-04-06T08:00:00+00:00,0.00149504,0.0
2021-04-06 16:00:00.003000+00:00,1617724800003,2021-04-06T16:00:00.003000+00:00,0.00046872,0.0
2021-04-07 00:00:00+00:00,1617753600000,2021-04-07T00:00:00+00:00,0.0001,0.0
2021-04-07 08:00:00.006000+00:00,1617782400006,2021-04-07T08:00:00.006000+00:00,0.0001,0.0
2021-04-07 16:00:00.004000+00:00,1617811200004,2021-04-07T16:00:00.004000+00:00,0.0001,0.0
2021-04-08 00:00:00.013000+00:00,1617840000013,2021-04-08T00:00:00.013000+00:00,0.00030698,0.0
2021-04-08 08:00:00.003000+00:00,1617868800003,2021-04-08T08:00:00.003000+00:00,0.0001,0.0
2021-04-08 16:00:00.005000+00:00,1617897600005,2021-04-08T16:00:00.005000+00:00,0.00017952,0.0
2021-04-09 00:00:00+00:00,1617926400000,2021-04-09T00:00:00+00:00,0.0001,0.0
2021-04-09 08:00:00.004000+00:00,1617955200004,2021-04-09T08:00:00.004000+00:00,0.0001,0.0
2021-04-09 16:00:00.004000+00:00,1617984000004,2021-04-09T16:00:00.004000+00:00,0.00027232,0.0
2021-04-10 00:00:00.011000+00:00,1618012800011,2021-04-10T00:00:00.011000+00:00,0.0001,0.0
2021-04-10 08:00:00.005000+00:00,1618041600005,2021-04-10T08:00:00.005000+00:00,0.00091825,0.0
2021-04-10 16:00:00+00:00,1618070400000,2021-04-10T16:00:00+00:00,0.00083453,0.0
2021-04-11 00:00:00.004000+00:00,1618099200004,2021-04-11T00:00:00.004000+00:00,0.00076444,0.0
2021-04-11 08:00:00+00:00,1618128000000,2021-04-11T08:00:00+00:00,0.00076346,0.0
2021-04-11 16:00:00+00:00,1618156800000,2021-04-11T16:00:00+00:00,0.00042257,0.0
2021-04-12 00:00:00.001000+00:00,1618185600001,2021-04-12T00:00:00.001000+00:00,0.00113291,0.0
2021-04-12 08:00:00.001000+00:00,1618214400001,2021-04-12T08:00:00.001000+00:00,0.00086506,0.0
2021-04-12 16:00:00.008000+00:00,1618243200008,2021-04-12T16:00:00.008000+00:00,0.00065468,0.0
2021-04-13 00:00:00.003000+00:00,1618272000003,2021-04-13T00:00:00.003000+00:00,0.00065355,0.0
2021-04-13 08:00:00.008000+00:00,1618300800008,2021-04-13T08:00:00.008000+00:00,0.00106733,0.0
2021-04-13 16:00:00.008000+00:00,1618329600008,2021-04-13T16:00:00.008000+00:00,0.00161617,0.0
2021-04-14 00:00:00.008000+00:00,1618358400008,2021-04-14T00:00:00.008000+00:00,0.00082883,0.0
2021-04-14 08:00:00+00:00,1618387200000,2021-04-14T08:00:00+00:00,0.00150253,0.0
2021-04-14 16:00:00.012000+00:00,1618416000012,2021-04-14T16:00:00.012000+00:00,0.0005878,0.0
2021-04-15 00:00:00.006000+00:00,1618444800006,2021-04-15T00:00:00.006000+00:00,0.0010579,0.0
2021-04-15 08:00:00+00:00,1618473600000,2021-04-15T08:00:00+00:00,0.00141831,0.0
2021-04-15 16:00:00.008000+00:00,1618502400008,2021-04-15T16:00:00.008000+00:00,0.00054664,0.0
2021-04-16 00:00:00.008000+00:00,1618531200008,2021-04-16T00:00:00.008000+00:00,0.00074493,0.0
2021-04-16 08:00:00+00:00,1618560000000,2021-04-16T08:00:00+00:00,0.00063461,0.0
2021-04-16 16:00:00.002000+00:00,1618588800002,2021-04-16T16:00:00.002000+00:00,0.0017762,0.0
2021-04-17 00:00:00.008000+00:00,1618617600008,2021-04-17T00:00:00.008000+00:00,0.00114295,0.0
2021-04-17 08:00:00+00:00,1618646400000,2021-04-17T08:00:00+00:00,0.00069825,0.0
2021-04-17 16:00:00.001000+00:00,1618675200001,2021-04-17T16:00:00.001000+00:00,0.00098868,0.0
2021-04-18 00:00:00.006000+00:00,1618704000006,2021-04-18T00:00:00.006000+00:00,0.00069042,0.0
2021-04-18 08:00:00.004000+00:00,1618732800004,2021-04-18T08:00:00.004000+00:00,-0.00081587,0.0
2021-04-18 16:00:00+00:00,1618761600000,2021-04-18T16:00:00+00:00,0.0003846,0.0
2021-04-19 00:00:00+00:00,1618790400000,2021-04-19T00:00:00+00:00,0.00011935,0.0
2021-04-19 08:00:00+00:00,1618819200000,2021-04-19T08:00:00+00:00,0.00052771,0.0
2021-04-19 16:00:00.009000+00:00,1618848000009,2021-04-19T16:00:00.009000+00:00,0.0001,0.0
2021-04-20 00:00:00.004000+00:00,1618876800004,2021-04-20T00:00:00.004000+00:00,0.00069128,0.0
2021-04-20 08:00:00+00:00,1618905600000,2021-04-20T08:00:00+00:00,0.00031573,0.0
2021-04-20 16:00:00.001000+00:00,1618934400001,2021-04-20T16:00:00.001000+00:00,0.00013798,0.0
2021-04-21 00:00:00.013000+00:00,1618963200013,2021-04-21T00:00:00.013000+00:00,0.0001,0.0
2021-04-21 08:00:00.001000+00:00,1618992000001,2021-04-21T08:00:00.001000+00:00,0.00029116,0.0
2021-04-21 16:00:00.002000+00:00,1619020800002,2021-04-21T16:00:00.002000+00:00,0.0001,0.0
2021-04-22 00:00:00+00:00,1619049600000,2021-04-22T00:00:00+00:00,0.0001,0.0
2021-04-22 08:00:00+00:00,1619078400000,2021-04-22T08:00:00+00:00,0.0001,0.0
2021-04-22 16:00:00.001000+00:00,1619107200001,2021-04-22T16:00:00.001000+00:00,0.0001,0.0
2021-04-23 00:00:00.002000+00:00,1619136000002,2021-04-23T00:00:00.002000+00:00,0.0001,0.0
2021-04-23 08:00:00.009000+00:00,1619164800009,2021-04-23T08:00:00.009000+00:00,0.00022517,0.0
2021-04-23 16:00:00.001000+00:00,1619193600001,2021-04-23T16:00:00.001000+00:00,0.0001,0.0
2021-04-24 00:00:00.019000+00:00,1619222400019,2021-04-24T00:00:00.019000+00:00,0.0001,0.0
2021-04-24 08:00:00.001000+00:00,1619251200001,2021-04-24T08:00:00.001000+00:00,0.0001,0.0
2021-04-24 16:00:00.011000+00:00,1619280000011,2021-04-24T16:00:00.011000+00:00,0.0001,0.0
2021-04-25 00:00:00+00:00,1619308800000,2021-04-25T00:00:00+00:00,0.0001,0.0
2021-04-25 08:00:00.010000+00:00,1619337600010,2021-04-25T08:00:00.010000+00:00,0.0001537,0.0
2021-04-25 16:00:00+00:00,1619366400000,2021-04-25T16:00:00+00:00,5.25e-05,0.0
2021-04-26 00:00:00.003000+00:00,1619395200003,2021-04-26T00:00:00.003000+00:00,0.0001,0.0
2021-04-26 08:00:00.002000+00:00,1619424000002,2021-04-26T08:00:00.002000+00:00,0.0001,0.0
2021-04-26 16:00:00.004000+00:00,1619452800004,2021-04-26T16:00:00.004000+00:00,0.0001,0.0
2021-04-27 00:00:00+00:00,1619481600000,2021-04-27T00:00:00+00:00,0.00041422,0.0
2021-04-27 08:00:00+00:00,1619510400000,2021-04-27T08:00:00+00:00,0.00028532,0.0
2021-04-27 16:00:00.009000+00:00,1619539200009,2021-04-27T16:00:00.009000+00:00,0.00055267,0.0
2021-04-28 00:00:00+00:00,1619568000000,2021-04-28T00:00:00+00:00,0.00067111,0.0
2021-04-28 08:00:00+00:00,1619596800000,2021-04-28T08:00:00+00:00,0.00018219,0.0
2021-04-28 16:00:00.001000+00:00,1619625600001,2021-04-28T16:00:00.001000+00:00,0.0002257,0.0
2021-04-29 00:00:00.004000+00:00,1619654400004,2021-04-29T00:00:00.004000+00:00,0.0001,0.0
2021-04-29 08:00:00.013000+00:00,1619683200013,2021-04-29T08:00:00.013000+00:00,0.00047434,0.0
2021-04-29 16:00:00.003000+00:00,1619712000003,2021-04-29T16:00:00.003000+00:00,0.00013104,0.0
2021-04-30 00:00:00.004000+00:00,1619740800004,2021-04-30T00:00:00.004000+00:00,0.00019041,0.0
2021-04-30 08:00:00.019000+00:00,1619769600019,2021-04-30T08:00:00.019000+00:00,0.00045193,0.0
2021-04-30 16:00:00.003000+00:00,1619798400003,2021-04-30T16:00:00.003000+00:00,0.00034639,0.0
2021-05-01 00:00:00.002000+00:00,1619827200002,2021-05-01T00:00:00.002000+00:00,0.00050075,0.0
2021-05-01 08:00:00.006000+00:00,1619856000006,2021-05-01T08:00:00.006000+00:00,0.00104765,0.0
2021-05-01 16:00:00+00:00,1619884800000,2021-05-01T16:00:00+00:00,0.00040718,0.0
2021-05-02 00:00:00.010000+00:00,1619913600010,2021-05-02T00:00:00.010000+00:00,0.0004006,0.0
2021-05-02 08:00:00.011000+00:00,1619942400011,2021-05-02T08:00:00.011000+00:00,0.00061887,0.0
2021-05-02 16:00:00.007000+00:00,1619971200007,2021-05-02T16:00:00.007000+00:00,0.00062817,0.0
2021-05-03 00:00:00.003000+00:00,1620000000003,2021-05-03T00:00:00.003000+00:00,0.00027681,0.0
2021-05-03 08:00:00+00:00,1620028800000,2021-05-03T08:00:00+00:00,0.00047332,0.0
2021-05-03 16:00:00.043000+00:00,1620057600043,2021-05-03T16:00:00.043000+00:00,0.00068101,0.0
2021-05-04 00:00:00.004000+00:00,1620086400004,2021-05-04T00:00:00.004000+00:00,0.00089378,0.0
2021-05-04 08:00:00.003000+00:00,1620115200003,2021-05-04T08:00:00.003000+00:00,0.00033292,0.0
2021-05-04 16:00:00.011000+00:00,1620144000011,2021-05-04T16:00:00.011000+00:00,0.00048984,0.0
2021-05-05 00:00:00.001000+00:00,1620172800001,2021-05-05T00:00:00.001000+00:00,0.00021686,0.0
2021-05-05 08:00:00.007000+00:00,1620201600007,2021-05-05T08:00:00.007000+00:00,0.00060678,0.0
2021-05-05 16:00:00.001000+00:00,1620230400001,2021-05-05T16:00:00.001000+00:00,0.00075134,0.0
2021-05-06 00:00:00.003000+00:00,1620259200003,2021-05-06T00:00:00.003000+00:00,0.00077937,0.0
2021-05-06 08:00:00.001000+00:00,1620288000001,2021-05-06T08:00:00.001000+00:00,0.00117706,0.0
2021-05-06 16:00:00+00:00,1620316800000,2021-05-06T16:00:00+00:00,0.00172483,0.0
2021-05-07 00:00:00+00:00,1620345600000,2021-05-07T00:00:00+00:00,0.00090695,0.0
2021-05-07 08:00:00+00:00,1620374400000,2021-05-07T08:00:00+00:00,0.00086546,0.0
2021-05-07 16:00:00.001000+00:00,1620403200001,2021-05-07T16:00:00.001000+00:00,0.00119054,0.0
2021-05-08 00:00:00.006000+00:00,1620432000006,2021-05-08T00:00:00.006000+00:00,0.00075413,0.0
2021-05-08 08:00:00+00:00,1620460800000,2021-05-08T08:00:00+00:00,0.00082146,0.0
2021-05-08 16:00:00+00:00,1620489600000,2021-05-08T16:00:00+00:00,0.00072061,0.0
2021-05-09 00:00:00.005000+00:00,1620518400005,2021-05-09T00:00:00.005000+00:00,0.00043005,0.0
2021-05-09 08:00:00.016000+00:00,1620547200016,2021-05-09T08:00:00.016000+00:00,0.00044195,0.0
2021-05-09 16:00:00+00:00,1620576000000,2021-05-09T16:00:00+00:00,0.00057052,0.0
2021-05-10 00:00:00.004000+00:00,1620604800004,2021-05-10T00:00:00.004000+00:00,0.00057419,0.0
2021-05-10 08:00:00+00:00,1620633600000,2021-05-10T08:00:00+00:00,0.00074243,0.0
2021-05-10 16:00:00.013000+00:00,1620662400013,2021-05-10T16:00:00.013000+00:00,0.00111008,0.0
2021-05-11 00:00:00+00:00,1620691200000,2021-05-11T00:00:00+00:00,0.0001,0.0
2021-05-11 08:00:00+00:00,1620720000000,2021-05-11T08:00:00+00:00,0.0001,0.0
2021-05-11 16:00:00.002000+00:00,1620748800002,2021-05-11T16:00:00.002000+00:00,0.00037151,0.0
2021-05-12 00:00:00.004000+00:00,1620777600004,2021-05-12T00:00:00.004000+00:00,0.0001,0.0
2021-05-12 08:00:00.007000+00:00,1620806400007,2021-05-12T08:00:00.007000+00:00,0.00036144,0.0
2021-05-12 16:00:00.012000+00:00,1620835200012,2021-05-12T16:00:00.012000+00:00,0.00034871,0.0
2021-05-13 00:00:00.016000+00:00,1620864000016,2021-05-13T00:00:00.016000+00:00,0.00022113,0.0
2021-05-13 08:00:00+00:00,1620892800000,2021-05-13T08:00:00+00:00,0.0001,0.0
2021-05-13 16:00:00.008000+00:00,1620921600008,2021-05-13T16:00:00.008000+00:00,0.0001,0.0
2021-05-14 00:00:00.007000+00:00,1620950400007,2021-05-14T00:00:00.007000+00:00,0.0001,0.0
2021-05-14 08:00:00.001000+00:00,1620979200001,2021-05-14T08:00:00.001000+00:00,0.0001,0.0
2021-05-14 16:00:00.004000+00:00,1621008000004,2021-05-14T16:00:00.004000+00:00,0.00014439,0.0
2021-05-15 00:00:00.022000+00:00,1621036800022,2021-05-15T00:00:00.022000+00:00,0.0002179,0.0
2021-05-15 08:00:00.014000+00:00,1621065600014,2021-05-15T08:00:00.014000+00:00,0.00039831,0.0
2021-05-15 16:00:00.002000+00:00,1621094400002,2021-05-15T16:00:00.002000+00:00,0.00046368,0.0
2021-05-16 00:00:00+00:00,1621123200000,2021-05-16T00:00:00+00:00,0.00014056,0.0
2021-05-16 08:00:00.003000+00:00,1621152000003,2021-05-16T08:00:00.003000+00:00,0.00057802,0.0
2021-05-16 16:00:00.002000+00:00,1621180800002,2021-05-16T16:00:00.002000+00:00,0.00044938,0.0
2021-05-17 00:00:00.005000+00:00,1621209600005,2021-05-17T00:00:00.005000+00:00,0.00063116,0.0
2021-05-17 08:00:00.001000+00:00,1621238400001,2021-05-17T08:00:00.001000+00:00,0.0003684,0.0
2021-05-17 16:00:00+00:00,1621267200000,2021-05-17T16:00:00+00:00,0.00040371,0.0
2021-05-18 00:00:00.019000+00:00,1621296000019,2021-05-18T00:00:00.019000+00:00,0.0001,0.0
2021-05-18 08:00:00.001000+00:00,1621324800001,2021-05-18T08:00:00.001000+00:00,0.00021292,0.0
2021-05-18 16:00:00.006000+00:00,1621353600006,2021-05-18T16:00:00.006000+00:00,0.00048279,0.0
2021-05-19 00:00:00+00:00,1621382400000,2021-05-19T00:00:00+00:00,0.0001,0.0
2021-05-19 08:00:00.003000+00:00,1621411200003,2021-05-19T08:00:00.003000+00:00,0.00023608,0.0
2021-05-19 16:00:00.018000+00:00,1621440000018,2021-05-19T16:00:00.018000+00:00,-0.00536402,0.0
2021-05-20 00:00:00.005000+00:00,1621468800005,2021-05-20T00:00:00.005000+00:00,0.00011177,0.0
2021-05-20 08:00:00+00:00,1621497600000,2021-05-20T08:00:00+00:00,0.0001,0.0
2021-05-20 16:00:00.005000+00:00,1621526400005,2021-05-20T16:00:00.005000+00:00,0.0001,0.0
2021-05-21 00:00:00+00:00,1621555200000,2021-05-21T00:00:00+00:00,0.0001,0.0
2021-05-21 08:00:00+00:00,1621584000000,2021-05-21T08:00:00+00:00,0.0001,0.0
2021-05-21 16:00:00.001000+00:00,1621612800001,2021-05-21T16:00:00.001000+00:00,0.0001,0.0
2021-05-22 00:00:00.001000+00:00,1621641600001,2021-05-22T00:00:00.001000+00:00,0.0001,0.0
2021-05-22 08:00:00.002000+00:00,1621670400002,2021-05-22T08:00:00.002000+00:00,0.0001,0.0
2021-05-22 16:00:00.005000+00:00,1621699200005,2021-05-22T16:00:00.005000+00:00,0.0001,0.0
2021-05-23 00:00:00.006000+00:00,1621728000006,2021-05-23T00:00:00.006000+00:00,0.0001,0.0
2021-05-23 08:00:00.004000+00:00,1621756800004,2021-05-23T08:00:00.004000+00:00,0.0001,0.0
2021-05-23 16:00:00.002000+00:00,1621785600002,2021-05-23T16:00:00.002000+00:00,0.0001,0.0
2021-05-24 00:00:00.007000+00:00,1621814400007,2021-05-24T00:00:00.007000+00:00,0.0001,0.0
2021-05-24 08:00:00.005000+00:00,1621843200005,2021-05-24T08:00:00.005000+00:00,0.0001,0.0
2021-05-24 16:00:00.005000+00:00,1621872000005,2021-05-24T16:00:00.005000+00:00,0.0001,0.0
2021-05-25 00:00:00+00:00,1621900800000,2021-05-25T00:00:00+00:00,0.0001,0.0
2021-05-25 08:00:00.014000+00:00,1621929600014,2021-05-25T08:00:00.014000+00:00,0.0001,0.0
2021-05-25 16:00:00+00:00,1621958400000,2021-05-25T16:00:00+00:00,0.0001,0.0
2021-05-26 00:00:00.022000+00:00,1621987200022,2021-05-26T00:00:00.022000+00:00,0.0001,0.0
2021-05-26 08:00:00.018000+00:00,1622016000018,2021-05-26T08:00:00.018000+00:00,0.0001,0.0
2021-05-26 16:00:00.004000+00:00,1622044800004,2021-05-26T16:00:00.004000+00:00,0.0001,0.0
2021-05-27 00:00:00+00:00,1622073600000,2021-05-27T00:00:00+00:00,0.0001,0.0
2021-05-27 08:00:00.017000+00:00,1622102400017,2021-05-27T08:00:00.017000+00:00,0.0001,0.0
2021-05-27 16:00:00+00:00,1622131200000,2021-05-27T16:00:00+00:00,0.0001,0.0
2021-05-28 00:00:00.005000+00:00,1622160000005,2021-05-28T00:00:00.005000+00:00,0.0001,0.0
2021-05-28 08:00:00.009000+00:00,1622188800009,2021-05-28T08:00:00.009000+00:00,0.0001,0.0
2021-05-28 16:00:00+00:00,1622217600000,2021-05-28T16:00:00+00:00,0.0001,0.0
2021-05-29 00:00:00.006000+00:00,1622246400006,2021-05-29T00:00:00.006000+00:00,0.0001,0.0
2021-05-29 08:00:00+00:00,1622275200000,2021-05-29T08:00:00+00:00,0.0001,0.0
2021-05-29 16:00:00+00:00,1622304000000,2021-05-29T16:00:00+00:00,0.0001,0.0
2021-05-30 00:00:00.003000+00:00,1622332800003,2021-05-30T00:00:00.003000+00:00,0.0001,0.0
2021-05-30 08:00:00.004000+00:00,1622361600004,2021-05-30T08:00:00.004000+00:00,0.0001,0.0
2021-05-30 16:00:00.018000+00:00,1622390400018,2021-05-30T16:00:00.018000+00:00,0.0001,0.0
2021-05-31 00:00:00.002000+00:00,1622419200002,2021-05-31T00:00:00.002000+00:00,0.0001,0.0
2021-05-31 08:00:00+00:00,1622448000000,2021-05-31T08:00:00+00:00,0.0001,0.0
2021-05-31 16:00:00+00:00,1622476800000,2021-05-31T16:00:00+00:00,0.0001,0.0
2021-06-01 00:00:00.001000+00:00,1622505600001,2021-06-01T00:00:00.001000+00:00,0.0001,0.0
2021-06-01 08:00:00.010000+00:00,1622534400010,2021-06-01T08:00:00.010000+00:00,0.0001,0.0
2021-06-01 16:00:00.010000+00:00,1622563200010,2021-06-01T16:00:00.010000+00:00,0.0001,0.0
2021-06-02 00:00:00.008000+00:00,1622592000008,2021-06-02T00:00:00.008000+00:00,0.0001,0.0
2021-06-02 08:00:00+00:00,1622620800000,2021-06-02T08:00:00+00:00,0.0001,0.0
2021-06-02 16:00:00.007000+00:00,1622649600007,2021-06-02T16:00:00.007000+00:00,0.0001,0.0
2021-06-03 00:00:00.019000+00:00,1622678400019,2021-06-03T00:00:00.019000+00:00,0.0001,0.0
2021-06-03 08:00:00.002000+00:00,1622707200002,2021-06-03T08:00:00.002000+00:00,0.0001,0.0
2021-06-03 16:00:00.003000+00:00,1622736000003,2021-06-03T16:00:00.003000+00:00,0.0001,0.0
2021-06-04 00:00:00.003000+00:00,1622764800003,2021-06-04T00:00:00.003000+00:00,0.0001,0.0
2021-06-04 08:00:00.006000+00:00,1622793600006,2021-06-04T08:00:00.006000+00:00,0.0001,0.0
2021-06-04 16:00:00.002000+00:00,1622822400002,2021-06-04T16:00:00.002000+00:00,0.0001,0.0
2021-06-05 00:00:00+00:00,1622851200000,2021-06-05T00:00:00+00:00,0.0001,0.0
2021-06-05 08:00:00.004000+00:00,1622880000004,2021-06-05T08:00:00.004000+00:00,0.0001,0.0
2021-06-05 16:00:00.020000+00:00,1622908800020,2021-06-05T16:00:00.020000+00:00,0.0001,0.0
2021-06-06 00:00:00+00:00,1622937600000,2021-06-06T00:00:00+00:00,0.0001,0.0
2021-06-06 08:00:00.004000+00:00,1622966400004,2021-06-06T08:00:00.004000+00:00,0.0001,0.0
2021-06-06 16:00:00+00:00,1622995200000,2021-06-06T16:00:00+00:00,0.0001,0.0
2021-06-07 00:00:00.007000+00:00,1623024000007,2021-06-07T00:00:00.007000+00:00,0.0001,0.0
2021-06-07 08:00:00.007000+00:00,1623052800007,2021-06-07T08:00:00.007000+00:00,0.0001,0.0
2021-06-07 16:00:00.003000+00:00,1623081600003,2021-06-07T16:00:00.003000+00:00,0.0001,0.0
2021-06-08 00:00:00+00:00,1623110400000,2021-06-08T00:00:00+00:00,0.0001,0.0
2021-06-08 08:00:00+00:00,1623139200000,2021-06-08T08:00:00+00:00,0.0001,0.0
2021-06-08 16:00:00.002000+00:00,1623168000002,2021-06-08T16:00:00.002000+00:00,0.0001,0.0
2021-06-09 00:00:00.009000+00:00,1623196800009,2021-06-09T00:00:00.009000+00:00,-1.63e-05,0.0
2021-06-09 08:00:00.002000+00:00,1623225600002,2021-06-09T08:00:00.002000+00:00,1.053e-05,0.0
2021-06-09 16:00:00+00:00,1623254400000,2021-06-09T16:00:00+00:00,-6.088e-05,0.0
2021-06-10 00:00:00.007000+00:00,1623283200007,2021-06-10T00:00:00.007000+00:00,0.0001,0.0
2021-06-10 08:00:00.003000+00:00,1623312000003,2021-06-10T08:00:00.003000+00:00,0.0001,0.0
2021-06-10 16:00:00+00:00,1623340800000,2021-06-10T16:00:00+00:00,0.0001,0.0
2021-06-11 00:00:00.010000+00:00,1623369600010,2021-06-11T00:00:00.010000+00:00,0.0001,0.0
2021-06-11 08:00:00.007000+00:00,1623398400007,2021-06-11T08:00:00.007000+00:00,0.0001,0.0
2021-06-11 16:00:00.006000+00:00,1623427200006,2021-06-11T16:00:00.006000+00:00,0.0001,0.0
2021-06-12 00:00:00.005000+00:00,1623456000005,2021-06-12T00:00:00.005000+00:00,0.0001,0.0
2021-06-12 08:00:00+00:00,1623484800000,2021-06-12T08:00:00+00:00,0.0001,0.0
2021-06-12 16:00:00.018000+00:00,1623513600018,2021-06-12T16:00:00.018000+00:00,0.0001,0.0
2021-06-13 00:00:00.002000+00:00,1623542400002,2021-06-13T00:00:00.002000+00:00,0.0001,0.0
2021-06-13 08:00:00+00:00,1623571200000,2021-06-13T08:00:00+00:00,0.0001,0.0
2021-06-13 16:00:00.003000+00:00,1623600000003,2021-06-13T16:00:00.003000+00:00,0.0001,0.0
2021-06-14 00:00:00+00:00,1623628800000,2021-06-14T00:00:00+00:00,0.0001,0.0
2021-06-14 08:00:00.015000+00:00,1623657600015,2021-06-14T08:00:00.015000+00:00,0.0001,0.0
2021-06-14 16:00:00+00:00,1623686400000,2021-06-14T16:00:00+00:00,0.0001,0.0
2021-06-15 00:00:00+00:00,1623715200000,2021-06-15T00:00:00+00:00,0.0001,0.0
2021-06-15 08:00:00+00:00,1623744000000,2021-06-15T08:00:00+00:00,0.0001,0.0
2021-06-15 16:00:00.004000+00:00,1623772800004,2021-06-15T16:00:00.004000+00:00,0.0001,0.0
2021-06-16 00:00:00.004000+00:00,1623801600004,2021-06-16T00:00:00.004000+00:00,0.0001,0.0
2021-06-16 08:00:00.001000+00:00,1623830400001,2021-06-16T08:00:00.001000+00:00,0.0001,0.0
2021-06-16 16:00:00+00:00,1623859200000,2021-06-16T16:00:00+00:00,0.0001,0.0
2021-06-17 00:00:00.004000+00:00,1623888000004,2021-06-17T00:00:00.004000+00:00,0.0001,0.0
2021-06-17 08:00:00+00:00,1623916800000,2021-06-17T08:00:00+00:00,0.0001,0.0
2021-06-17 16:00:00.002000+00:00,1623945600002,2021-06-17T16:00:00.002000+00:00,0.0001,0.0
2021-06-18 00:00:00.009000+00:00,1623974400009,2021-06-18T00:00:00.009000+00:00,0.0001,0.0
2021-06-18 08:00:00.014000+00:00,1624003200014,2021-06-18T08:00:00.014000+00:00,0.0001,0.0
2021-06-18 16:00:00.007000+00:00,1624032000007,2021-06-18T16:00:00.007000+00:00,0.0001,0.0
2021-06-19 00:00:00.003000+00:00,1624060800003,2021-06-19T00:00:00.003000+00:00,0.0001,0.0
2021-06-19 08:00:00.001000+00:00,1624089600001,2021-06-19T08:00:00.001000+00:00,5.286e-05,0.0
2021-06-19 16:00:00+00:00,1624118400000,2021-06-19T16:00:00+00:00,0.0001,0.0
2021-06-20 00:00:00.005000+00:00,1624147200005,2021-06-20T00:00:00.005000+00:00,5.139e-05,0.0
2021-06-20 08:00:00+00:00,1624176000000,2021-06-20T08:00:00+00:00,1.243e-05,0.0
2021-06-20 16:00:00.002000+00:00,1624204800002,2021-06-20T16:00:00.002000+00:00,-0.00015506,0.0
2021-06-21 00:00:00.019000+00:00,1624233600019,2021-06-21T00:00:00.019000+00:00,0.0001,0.0
2021-06-21 08:00:00+00:00,1624262400000,2021-06-21T08:00:00+00:00,-0.00014527,0.0
2021-06-21 16:00:00.024000+00:00,1624291200024,2021-06-21T16:00:00.024000+00:00,-0.00012222,0.0
2021-06-22 00:00:00.008000+00:00,1624320000008,2021-06-22T00:00:00.008000+00:00,-0.00015939,0.0
2021-06-22 08:00:00.009000+00:00,1624348800009,2021-06-22T08:00:00.009000+00:00,8.849e-05,0.0
2021-06-22 16:00:00.001000+00:00,1624377600001,2021-06-22T16:00:00.001000+00:00,-0.00063866,0.0
2021-06-23 00:00:00.003000+00:00,1624406400003,2021-06-23T00:00:00.003000+00:00,3.778e-05,0.0
2021-06-23 08:00:00+00:00,1624435200000,2021-06-23T08:00:00+00:00,-0.00016983,0.0
2021-06-23 16:00:00+00:00,1624464000000,2021-06-23T16:00:00+00:00,-0.00048376,0.0
2021-06-24 00:00:00.009000+00:00,1624492800009,2021-06-24T00:00:00.009000+00:00,-0.00040513,0.0
2021-06-24 08:00:00.018000+00:00,1624521600018,2021-06-24T08:00:00.018000+00:00,-3.98e-05,0.0
2021-06-24 16:00:00.001000+00:00,1624550400001,2021-06-24T16:00:00.001000+00:00,-3.274e-05,0.0
2021-06-25 00:00:00.009000+00:00,1624579200009,2021-06-25T00:00:00.009000+00:00,-8.45e-06,0.0
2021-06-25 08:00:00.004000+00:00,1624608000004,2021-06-25T08:00:00.004000+00:00,-5.36e-06,0.0
2021-06-25 16:00:00+00:00,1624636800000,2021-06-25T16:00:00+00:00,8.509e-05,0.0
2021-06-26 00:00:00.007000+00:00,1624665600007,2021-06-26T00:00:00.007000+00:00,1.487e-05,0.0
2021-06-26 08:00:00+00:00,1624694400000,2021-06-26T08:00:00+00:00,2.356e-05,0.0
2021-06-26 16:00:00.002000+00:00,1624723200002,2021-06-26T16:00:00.002000+00:00,-0.00027879,0.0
2021-06-27 00:00:00.005000+00:00,1624752000005,2021-06-27T00:00:00.005000+00:00,-0.00010767,0.0
2021-06-27 08:00:00.010000+00:00,1624780800010,2021-06-27T08:00:00.010000+00:00,0.0001,0.0
2021-06-27 16:00:00.001000+00:00,1624809600001,2021-06-27T16:00:00.001000+00:00,0.0001,0.0
2021-06-28 00:00:00.025000+00:00,1624838400025,2021-06-28T00:00:00.025000+00:00,0.0001,0.0
2021-06-28 08:00:00.017000+00:00,1624867200017,2021-06-28T08:00:00.017000+00:00,0.0001,0.0
2021-06-28 16:00:00.007000+00:00,1624896000007,2021-06-28T16:00:00.007000+00:00,0.0001,0.0
2021-06-29 00:00:00.008000+00:00,1624924800008,2021-06-29T00:00:00.008000+00:00,0.0001,0.0
2021-06-29 08:00:00+00:00,1624953600000,2021-06-29T08:00:00+00:00,0.0001,0.0
2021-06-29 16:00:00+00:00,1624982400000,2021-06-29T16:00:00+00:00,-4.814e-05,0.0
2021-06-30 00:00:00.011000+00:00,1625011200011,2021-06-30T00:00:00.011000+00:00,0.0001,0.0
2021-06-30 08:00:00.044000+00:00,1625040000044,2021-06-30T08:00:00.044000+00:00,0.0001,0.0
2021-06-30 16:00:00.005000+00:00,1625068800005,2021-06-30T16:00:00.005000+00:00,0.0001,0.0
2021-07-01 00:00:00+00:00,1625097600000,2021-07-01T00:00:00+00:00,8.824e-05,0.0
2021-07-01 08:00:00.004000+00:00,1625126400004,2021-07-01T08:00:00.004000+00:00,0.0001,0.0
2021-07-01 16:00:00.028000+00:00,1625155200028,2021-07-01T16:00:00.028000+00:00,0.0001,0.0
2021-07-02 00:00:00.002000+00:00,1625184000002,2021-07-02T00:00:00.002000+00:00,0.0001,0.0
2021-07-02 08:00:00.016000+00:00,1625212800016,2021-07-02T08:00:00.016000+00:00,0.0001,0.0
2021-07-02 16:00:00.007000+00:00,1625241600007,2021-07-02T16:00:00.007000+00:00,0.0001,0.0
2021-07-03 00:00:00.008000+00:00,1625270400008,2021-07-03T00:00:00.008000+00:00,0.0001,0.0
2021-07-03 08:00:00+00:00,1625299200000,2021-07-03T08:00:00+00:00,0.0001,0.0
2021-07-03 16:00:00.004000+00:00,1625328000004,2021-07-03T16:00:00.004000+00:00,0.0001,0.0
2021-07-04 00:00:00.012000+00:00,1625356800012,2021-07-04T00:00:00.012000+00:00,0.0001,0.0
2021-07-04 08:00:00.002000+00:00,1625385600002,2021-07-04T08:00:00.002000+00:00,0.0001,0.0
2021-07-04 16:00:00.003000+00:00,1625414400003,2021-07-04T16:00:00.003000+00:00,0.0001,0.0
2021-07-05 00:00:00.004000+00:00,1625443200004,2021-07-05T00:00:00.004000+00:00,0.0001,0.0
2021-07-05 08:00:00+00:00,1625472000000,2021-07-05T08:00:00+00:00,0.0001,0.0
2021-07-05 16:00:00.009000+00:00,1625500800009,2021-07-05T16:00:00.009000+00:00,0.0001,0.0
2021-07-06 00:00:00.008000+00:00,1625529600008,2021-07-06T00:00:00.008000+00:00,0.0001,0.0
2021-07-06 08:00:00.019000+00:00,1625558400019,2021-07-06T08:00:00.019000+00:00,0.0001,0.0
2021-07-06 16:00:00+00:00,1625587200000,2021-07-06T16:00:00+00:00,0.0001,0.0
2021-07-07 00:00:00.007000+00:00,1625616000007,2021-07-07T00:00:00.007000+00:00,0.0001,0.0
2021-07-07 08:00:00.001000+00:00,1625644800001,2021-07-07T08:00:00.001000+00:00,0.0001,0.0
2021-07-07 16:00:00.008000+00:00,1625673600008,2021-07-07T16:00:00.008000+00:00,0.0001,0.0
2021-07-08 00:00:00.002000+00:00,1625702400002,2021-07-08T00:00:00.002000+00:00,0.0001,0.0
2021-07-08 08:00:00.010000+00:00,1625731200010,2021-07-08T08:00:00.010000+00:00,0.0001,0.0
2021-07-08 16:00:00.003000+00:00,1625760000003,2021-07-08T16:00:00.003000+00:00,0.0001,0.0
2021-07-09 00:00:00+00:00,1625788800000,2021-07-09T00:00:00+00:00,0.0001,0.0
2021-07-09 08:00:00.006000+00:00,1625817600006,2021-07-09T08:00:00.006000+00:00,0.0001,0.0
2021-07-09 16:00:00+00:00,1625846400000,2021-07-09T16:00:00+00:00,2.573e-05,0.0
2021-07-10 00:00:00.002000+00:00,1625875200002,2021-07-10T00:00:00.002000+00:00,0.0001,0.0
2021-07-10 08:00:00+00:00,1625904000000,2021-07-10T08:00:00+00:00,0.0001,0.0
2021-07-10 16:00:00.001000+00:00,1625932800001,2021-07-10T16:00:00.001000+00:00,0.0001,0.0
2021-07-11 00:00:00.001000+00:00,1625961600001,2021-07-11T00:00:00.001000+00:00,0.0001,0.0
2021-07-11 08:00:00.025000+00:00,1625990400025,2021-07-11T08:00:00.025000+00:00,0.0001,0.0
2021-07-11 16:00:00.006000+00:00,1626019200006,2021-07-11T16:00:00.006000+00:00,0.0001,0.0
2021-07-12 00:00:00+00:00,1626048000000,2021-07-12T00:00:00+00:00,0.0001,0.0
2021-07-12 08:00:00.021000+00:00,1626076800021,2021-07-12T08:00:00.021000+00:00,0.0001,0.0
2021-07-12 16:00:00+00:00,1626105600000,2021-07-12T16:00:00+00:00,0.0001,0.0
2021-07-13 00:00:00+00:00,1626134400000,2021-07-13T00:00:00+00:00,0.0001,0.0
2021-07-13 08:00:00.013000+00:00,1626163200013,2021-07-13T08:00:00.013000+00:00,0.0001,0.0
2021-07-13 16:00:00.005000+00:00,1626192000005,2021-07-13T16:00:00.005000+00:00,0.0001,0.0
2021-07-14 00:00:00+00:00,1626220800000,2021-07-14T00:00:00+00:00,0.0001,0.0
2021-07-14 08:00:00+00:00,1626249600000,2021-07-14T08:00:00+00:00,0.0001,0.0
2021-07-14 16:00:00.005000+00:00,1626278400005,2021-07-14T16:00:00.005000+00:00,0.0001,0.0
2021-07-15 00:00:00.005000+00:00,1626307200005,2021-07-15T00:00:00.005000+00:00,0.0001,0.0
2021-07-15 08:00:00.001000+00:00,1626336000001,2021-07-15T08:00:00.001000+00:00,0.0001,0.0
2021-07-15 16:00:00+00:00,1626364800000,2021-07-15T16:00:00+00:00,0.0001,0.0
2021-07-16 00:00:00+00:00,1626393600000,2021-07-16T00:00:00+00:00,0.0001,0.0
2021-07-16 08:00:00+00:00,1626422400000,2021-07-16T08:00:00+00:00,0.0001,0.0
2021-07-16 16:00:00.001000+00:00,1626451200001,2021-07-16T16:00:00.001000+00:00,0.0001,0.0
2021-07-17 00:00:00.004000+00:00,1626480000004,2021-07-17T00:00:00.004000+00:00,0.0001,0.0
2021-07-17 08:00:00.009000+00:00,1626508800009,2021-07-17T08:00:00.009000+00:00,0.0001,0.0
2021-07-17 16:00:00.006000+00:00,1626537600006,2021-07-17T16:00:00.006000+00:00,0.0001,0.0
2021-07-18 00:00:00+00:00,1626566400000,2021-07-18T00:00:00+00:00,0.0001,0.0
2021-07-18 08:00:00.001000+00:00,1626595200001,2021-07-18T08:00:00.001000+00:00,0.0001,0.0
2021-07-18 16:00:00.003000+00:00,1626624000003,2021-07-18T16:00:00.003000+00:00,0.0001,0.0
2021-07-19 00:00:00.002000+00:00,1626652800002,2021-07-19T00:00:00.002000+00:00,0.0001,0.0
2021-07-19 08:00:00.006000+00:00,1626681600006,2021-07-19T08:00:00.006000+00:00,0.0001,0.0
2021-07-19 16:00:00.006000+00:00,1626710400006,2021-07-19T16:00:00.006000+00:00,0.0001,0.0
2021-07-20 00:00:00.002000+00:00,1626739200002,2021-07-20T00:00:00.002000+00:00,9.854e-05,0.0
2021-07-20 08:00:00.011000+00:00,1626768000011,2021-07-20T08:00:00.011000+00:00,-8.31e-06,0.0
2021-07-20 16:00:00.001000+00:00,1626796800001,2021-07-20T16:00:00.001000+00:00,-0.00011297,0.0
2021-07-21 00:00:00.022000+00:00,1626825600022,2021-07-21T00:00:00.022000+00:00,-0.00011333,0.0
2021-07-21 08:00:00+00:00,1626854400000,2021-07-21T08:00:00+00:00,2.876e-05,0.0
2021-07-21 16:00:00.018000+00:00,1626883200018,2021-07-21T16:00:00.018000+00:00,8.264e-05,0.0
2021-07-22 00:00:00.002000+00:00,1626912000002,2021-07-22T00:00:00.002000+00:00,0.0001,0.0
2021-07-22 08:00:00.006000+00:00,1626940800006,2021-07-22T08:00:00.006000+00:00,0.0001,0.0
2021-07-22 16:00:00.010000+00:00,1626969600010,2021-07-22T16:00:00.010000+00:00,0.0001,0.0
2021-07-23 00:00:00.013000+00:00,1626998400013,2021-07-23T00:00:00.013000+00:00,0.0001,0.0
2021-07-23 08:00:00+00:00,1627027200000,2021-07-23T08:00:00+00:00,0.0001,0.0
2021-07-23 16:00:00.005000+00:00,1627056000005,2021-07-23T16:00:00.005000+00:00,0.0001,0.0
2021-07-24 00:00:00+00:00,1627084800000,2021-07-24T00:00:00+00:00,0.0001,0.0
2021-07-24 08:00:00.002000+00:00,1627113600002,2021-07-24T08:00:00.002000+00:00,0.0001,0.0
2021-07-24 16:00:00.001000+00:00,1627142400001,2021-07-24T16:00:00.001000+00:00,0.0001,0.0
2021-07-25 00:00:00.003000+00:00,1627171200003,2021-07-25T00:00:00.003000+00:00,0.0001,0.0
2021-07-25 08:00:00.015000+00:00,1627200000015,2021-07-25T08:00:00.015000+00:00,0.0001,0.0
2021-07-25 16:00:00+00:00,1627228800000,2021-07-25T16:00:00+00:00,0.0001,0.0
2021-07-26 00:00:00+00:00,1627257600000,2021-07-26T00:00:00+00:00,0.0001,0.0
2021-07-26 08:00:00+00:00,1627286400000,2021-07-26T08:00:00+00:00,0.0001,0.0
2021-07-26 16:00:00+00:00,1627315200000,2021-07-26T16:00:00+00:00,0.0001,0.0
2021-07-27 00:00:00.046000+00:00,1627344000046,2021-07-27T00:00:00.046000+00:00,0.0001,0.0
2021-07-27 08:00:00.014000+00:00,1627372800014,2021-07-27T08:00:00.014000+00:00,0.0001,0.0
2021-07-27 16:00:00.007000+00:00,1627401600007,2021-07-27T16:00:00.007000+00:00,0.0001,0.0
2021-07-28 00:00:00+00:00,1627430400000,2021-07-28T00:00:00+00:00,0.0001,0.0
2021-07-28 08:00:00.002000+00:00,1627459200002,2021-07-28T08:00:00.002000+00:00,0.0001,0.0
2021-07-28 16:00:00.005000+00:00,1627488000005,2021-07-28T16:00:00.005000+00:00,0.0001,0.0
2021-07-29 00:00:00.004000+00:00,1627516800004,2021-07-29T00:00:00.004000+00:00,0.0001,0.0
2021-07-29 08:00:00+00:00,1627545600000,2021-07-29T08:00:00+00:00,0.0001,0.0
2021-07-29 16:00:00.007000+00:00,1627574400007,2021-07-29T16:00:00.007000+00:00,0.0001,0.0
2021-07-30 00:00:00.004000+00:00,1627603200004,2021-07-30T00:00:00.004000+00:00,0.0001,0.0
2021-07-30 08:00:00+00:00,1627632000000,2021-07-30T08:00:00+00:00,0.0001,0.0
2021-07-30 16:00:00+00:00,1627660800000,2021-07-30T16:00:00+00:00,0.0001,0.0
2021-07-31 00:00:00+00:00,1627689600000,2021-07-31T00:00:00+00:00,0.0001,0.0
2021-07-31 08:00:00.014000+00:00,1627718400014,2021-07-31T08:00:00.014000+00:00,0.0001,0.0
2021-07-31 16:00:00.003000+00:00,1627747200003,2021-07-31T16:00:00.003000+00:00,0.0001,0.0
2021-08-01 00:00:00.005000+00:00,1627776000005,2021-08-01T00:00:00.005000+00:00,0.0001,0.0
2021-08-01 08:00:00.016000+00:00,1627804800016,2021-08-01T08:00:00.016000+00:00,0.0001,0.0
2021-08-01 16:00:00.001000+00:00,1627833600001,2021-08-01T16:00:00.001000+00:00,0.0001,0.0
2021-08-02 00:00:00+00:00,1627862400000,2021-08-02T00:00:00+00:00,0.0001,0.0
2021-08-02 08:00:00.014000+00:00,1627891200014,2021-08-02T08:00:00.014000+00:00,0.0001,0.0
2021-08-02 16:00:00.021000+00:00,1627920000021,2021-08-02T16:00:00.021000+00:00,0.0001,0.0
2021-08-03 00:00:00+00:00,1627948800000,2021-08-03T00:00:00+00:00,0.0001,0.0
2021-08-03 08:00:00+00:00,1627977600000,2021-08-03T08:00:00+00:00,0.0001,0.0
2021-08-03 16:00:00.009000+00:00,1628006400009,2021-08-03T16:00:00.009000+00:00,0.0001,0.0
2021-08-04 00:00:00+00:00,1628035200000,2021-08-04T00:00:00+00:00,0.0001,0.0
2021-08-04 08:00:00+00:00,1628064000000,2021-08-04T08:00:00+00:00,0.0001,0.0
2021-08-04 16:00:00.003000+00:00,1628092800003,2021-08-04T16:00:00.003000+00:00,0.0001,0.0
2021-08-05 00:00:00+00:00,1628121600000,2021-08-05T00:00:00+00:00,0.0001,0.0
2021-08-05 08:00:00+00:00,1628150400000,2021-08-05T08:00:00+00:00,0.0001,0.0
2021-08-05 16:00:00.001000+00:00,1628179200001,2021-08-05T16:00:00.001000+00:00,0.00010194,0.0
2021-08-06 00:00:00+00:00,1628208000000,2021-08-06T00:00:00+00:00,0.0001,0.0
2021-08-06 08:00:00.004000+00:00,1628236800004,2021-08-06T08:00:00.004000+00:00,0.0001,0.0
2021-08-06 16:00:00.003000+00:00,1628265600003,2021-08-06T16:00:00.003000+00:00,0.0001,0.0
2021-08-07 00:00:00.015000+00:00,1628294400015,2021-08-07T00:00:00.015000+00:00,0.00017964,0.0
2021-08-07 08:00:00.001000+00:00,1628323200001,2021-08-07T08:00:00.001000+00:00,0.00013994,0.0
2021-08-07 16:00:00.002000+00:00,1628352000002,2021-08-07T16:00:00.002000+00:00,0.00057549,0.0
2021-08-08 00:00:00+00:00,1628380800000,2021-08-08T00:00:00+00:00,0.00031014,0.0
2021-08-08 08:00:00.002000+00:00,1628409600002,2021-08-08T08:00:00.002000+00:00,0.00022565,0.0
2021-08-08 16:00:00.018000+00:00,1628438400018,2021-08-08T16:00:00.018000+00:00,0.00025136,0.0
2021-08-09 00:00:00+00:00,1628467200000,2021-08-09T00:00:00+00:00,0.0001,0.0
2021-08-09 08:00:00+00:00,1628496000000,2021-08-09T08:00:00+00:00,0.00012233,0.0
2021-08-09 16:00:00.002000+00:00,1628524800002,2021-08-09T16:00:00.002000+00:00,0.0001,0.0
2021-08-10 00:00:00+00:00,1628553600000,2021-08-10T00:00:00+00:00,0.00013435,0.0
2021-08-10 08:00:00.003000+00:00,1628582400003,2021-08-10T08:00:00.003000+00:00,0.00018125,0.0
2021-08-10 16:00:00+00:00,1628611200000,2021-08-10T16:00:00+00:00,0.000245,0.0
2021-08-11 00:00:00.006000+00:00,1628640000006,2021-08-11T00:00:00.006000+00:00,0.00015242,0.0
2021-08-11 08:00:00.003000+00:00,1628668800003,2021-08-11T08:00:00.003000+00:00,0.00032506,0.0
2021-08-11 16:00:00+00:00,1628697600000,2021-08-11T16:00:00+00:00,0.00041409,0.0
2021-08-12 00:00:00.013000+00:00,1628726400013,2021-08-12T00:00:00.013000+00:00,0.00028542,0.0
2021-08-12 08:00:00.001000+00:00,1628755200001,2021-08-12T08:00:00.001000+00:00,0.0001,0.0
2021-08-12 16:00:00+00:00,1628784000000,2021-08-12T16:00:00+00:00,0.0001822,0.0
2021-08-13 00:00:00+00:00,1628812800000,2021-08-13T00:00:00+00:00,0.0001,0.0
2021-08-13 08:00:00+00:00,1628841600000,2021-08-13T08:00:00+00:00,0.0001,0.0
2021-08-13 16:00:00.002000+00:00,1628870400002,2021-08-13T16:00:00.002000+00:00,0.00013008,0.0
2021-08-14 00:00:00.006000+00:00,1628899200006,2021-08-14T00:00:00.006000+00:00,0.00010458,0.0
2021-08-14 08:00:00+00:00,1628928000000,2021-08-14T08:00:00+00:00,0.00029733,0.0
2021-08-14 16:00:00+00:00,1628956800000,2021-08-14T16:00:00+00:00,0.00010998,0.0
2021-08-15 00:00:00.003000+00:00,1628985600003,2021-08-15T00:00:00.003000+00:00,0.00021955,0.0
2021-08-15 08:00:00+00:00,1629014400000,2021-08-15T08:00:00+00:00,0.00027631,0.0
2021-08-15 16:00:00.007000+00:00,1629043200007,2021-08-15T16:00:00.007000+00:00,0.00040055,0.0
2021-08-16 00:00:00.012000+00:00,1629072000012,2021-08-16T00:00:00.012000+00:00,0.00069957,0.0
2021-08-16 08:00:00.003000+00:00,1629100800003,2021-08-16T08:00:00.003000+00:00,0.0008687,0.0
2021-08-16 16:00:00.010000+00:00,1629129600010,2021-08-16T16:00:00.010000+00:00,0.00020261,0.0
2021-08-17 00:00:00.018000+00:00,1629158400018,2021-08-17T00:00:00.018000+00:00,0.00084422,0.0
2021-08-17 08:00:00.015000+00:00,1629187200015,2021-08-17T08:00:00.015000+00:00,0.00048943,0.0
2021-08-17 16:00:00.006000+00:00,1629216000006,2021-08-17T16:00:00.006000+00:00,0.00059362,0.0
2021-08-18 00:00:00+00:00,1629244800000,2021-08-18T00:00:00+00:00,0.0001,0.0
2021-08-18 08:00:00+00:00,1629273600000,2021-08-18T08:00:00+00:00,0.0001,0.0
2021-08-18 16:00:00.011000+00:00,1629302400011,2021-08-18T16:00:00.011000+00:00,0.0001,0.0
2021-08-19 00:00:00+00:00,1629331200000,2021-08-19T00:00:00+00:00,0.00043629,0.0
2021-08-19 08:00:00.014000+00:00,1629360000014,2021-08-19T08:00:00.014000+00:00,0.00019732,0.0
2021-08-19 16:00:00+00:00,1629388800000,2021-08-19T16:00:00+00:00,0.0001,0.0
2021-08-20 00:00:00+00:00,1629417600000,2021-08-20T00:00:00+00:00,0.00012284,0.0
2021-08-20 08:00:00.001000+00:00,1629446400001,2021-08-20T08:00:00.001000+00:00,0.00053092,0.0
2021-08-20 16:00:00.001000+00:00,1629475200001,2021-08-20T16:00:00.001000+00:00,0.00060041,0.0
2021-08-21 00:00:00.005000+00:00,1629504000005,2021-08-21T00:00:00.005000+00:00,0.00053411,0.0
2021-08-21 08:00:00.001000+00:00,1629532800001,2021-08-21T08:00:00.001000+00:00,0.00058059,0.0
2021-08-21 16:00:00+00:00,1629561600000,2021-08-21T16:00:00+00:00,0.00023414,0.0
2021-08-22 00:00:00.005000+00:00,1629590400005,2021-08-22T00:00:00.005000+00:00,0.0001,0.0
2021-08-22 08:00:00.007000+00:00,1629619200007,2021-08-22T08:00:00.007000+00:00,0.00023923,0.0
2021-08-22 16:00:00.002000+00:00,1629648000002,2021-08-22T16:00:00.002000+00:00,0.00023249,0.0
2021-08-23 00:00:00.003000+00:00,1629676800003,2021-08-23T00:00:00.003000+00:00,0.0001,0.0
2021-08-23 08:00:00.005000+00:00,1629705600005,2021-08-23T08:00:00.005000+00:00,0.0003922,0.0
2021-08-23 16:00:00.002000+00:00,1629734400002,2021-08-23T16:00:00.002000+00:00,0.00041888,0.0
2021-08-24 00:00:00.006000+00:00,1629763200006,2021-08-24T00:00:00.006000+00:00,0.00037756,0.0
2021-08-24 08:00:00.004000+00:00,1629792000004,2021-08-24T08:00:00.004000+00:00,0.00071925,0.0
2021-08-24 16:00:00+00:00,1629820800000,2021-08-24T16:00:00+00:00,0.00025647,0.0
2021-08-25 00:00:00.015000+00:00,1629849600015,2021-08-25T00:00:00.015000+00:00,0.0001,0.0
2021-08-25 08:00:00+00:00,1629878400000,2021-08-25T08:00:00+00:00,0.0001,0.0
2021-08-25 16:00:00+00:00,1629907200000,2021-08-25T16:00:00+00:00,0.0001,0.0
2021-08-26 00:00:00.001000+00:00,1629936000001,2021-08-26T00:00:00.001000+00:00,0.0001,0.0
2021-08-26 08:00:00.016000+00:00,1629964800016,2021-08-26T08:00:00.016000+00:00,0.0001,0.0
2021-08-26 16:00:00.004000+00:00,1629993600004,2021-08-26T16:00:00.004000+00:00,0.0001,0.0
2021-08-27 00:00:00.013000+00:00,1630022400013,2021-08-27T00:00:00.013000+00:00,0.0001,0.0
2021-08-27 08:00:00.001000+00:00,1630051200001,2021-08-27T08:00:00.001000+00:00,0.0001,0.0
2021-08-27 16:00:00.004000+00:00,1630080000004,2021-08-27T16:00:00.004000+00:00,0.0001,0.0
2021-08-28 00:00:00+00:00,1630108800000,2021-08-28T00:00:00+00:00,9.474e-05,0.0
2021-08-28 08:00:00+00:00,1630137600000,2021-08-28T08:00:00+00:00,0.0001,0.0
2021-08-28 16:00:00+00:00,1630166400000,2021-08-28T16:00:00+00:00,0.0001,0.0
2021-08-29 00:00:00+00:00,1630195200000,2021-08-29T00:00:00+00:00,0.0001,0.0
2021-08-29 08:00:00.002000+00:00,1630224000002,2021-08-29T08:00:00.002000+00:00,0.0001,0.0
2021-08-29 16:00:00.005000+00:00,1630252800005,2021-08-29T16:00:00.005000+00:00,0.00014102,0.0
2021-08-30 00:00:00.013000+00:00,1630281600013,2021-08-30T00:00:00.013000+00:00,0.0001,0.0
2021-08-30 08:00:00.008000+00:00,1630310400008,2021-08-30T08:00:00.008000+00:00,0.0002077,0.0
2021-08-30 16:00:00+00:00,1630339200000,2021-08-30T16:00:00+00:00,0.0001,0.0
2021-08-31 00:00:00+00:00,1630368000000,2021-08-31T00:00:00+00:00,0.00031369,0.0
2021-08-31 08:00:00.007000+00:00,1630396800007,2021-08-31T08:00:00.007000+00:00,0.0001,0.0
2021-08-31 16:00:00.003000+00:00,1630425600003,2021-08-31T16:00:00.003000+00:00,0.0005946,0.0
2021-09-01 00:00:00+00:00,1630454400000,2021-09-01T00:00:00+00:00,0.00068753,0.0
2021-09-01 08:00:00.006000+00:00,1630483200006,2021-09-01T08:00:00.006000+00:00,0.00042945,0.0
2021-09-01 16:00:00+00:00,1630512000000,2021-09-01T16:00:00+00:00,0.00030261,0.0
2021-09-02 00:00:00.009000+00:00,1630540800009,2021-09-02T00:00:00.009000+00:00,0.00095456,0.0
2021-09-02 08:00:00.006000+00:00,1630569600006,2021-09-02T08:00:00.006000+00:00,0.00086089,0.0
2021-09-02 16:00:00.007000+00:00,1630598400007,2021-09-02T16:00:00.007000+00:00,0.00082164,0.0
2021-09-03 00:00:00.011000+00:00,1630627200011,2021-09-03T00:00:00.011000+00:00,0.00069243,0.0
2021-09-03 08:00:00+00:00,1630656000000,2021-09-03T08:00:00+00:00,0.0001,0.0
2021-09-03 16:00:00.002000+00:00,1630684800002,2021-09-03T16:00:00.002000+00:00,0.00082931,0.0
2021-09-04 00:00:00.003000+00:00,1630713600003,2021-09-04T00:00:00.003000+00:00,0.00038232,0.0
2021-09-04 08:00:00.008000+00:00,1630742400008,2021-09-04T08:00:00.008000+00:00,0.00050916,0.0
2021-09-04 16:00:00.009000+00:00,1630771200009,2021-09-04T16:00:00.009000+00:00,0.00092071,0.0
2021-09-05 00:00:00.002000+00:00,1630800000002,2021-09-05T00:00:00.002000+00:00,0.0005137,0.0
2021-09-05 08:00:00.002000+00:00,1630828800002,2021-09-05T08:00:00.002000+00:00,0.00094466,0.0
2021-09-05 16:00:00+00:00,1630857600000,2021-09-05T16:00:00+00:00,0.00121532,0.0
2021-09-06 00:00:00.003000+00:00,1630886400003,2021-09-06T00:00:00.003000+00:00,0.00077047,0.0
2021-09-06 08:00:00.008000+00:00,1630915200008,2021-09-06T08:00:00.008000+00:00,0.00093618,0.0
2021-09-06 16:00:00.009000+00:00,1630944000009,2021-09-06T16:00:00.009000+00:00,0.00028808,0.0
2021-09-07 00:00:00.004000+00:00,1630972800004,2021-09-07T00:00:00.004000+00:00,0.0001,0.0
2021-09-07 08:00:00.002000+00:00,1631001600002,2021-09-07T08:00:00.002000+00:00,0.0001,0.0
2021-09-07 16:00:00.001000+00:00,1631030400001,2021-09-07T16:00:00.001000+00:00,0.0001,0.0
2021-09-08 00:00:00.005000+00:00,1631059200005,2021-09-08T00:00:00.005000+00:00,0.00032269,0.0
2021-09-08 08:00:00+00:00,1631088000000,2021-09-08T08:00:00+00:00,0.00034589,0.0
2021-09-08 16:00:00+00:00,1631116800000,2021-09-08T16:00:00+00:00,0.00023683,0.0
2021-09-09 00:00:00.006000+00:00,1631145600006,2021-09-09T00:00:00.006000+00:00,0.0001,0.0
2021-09-09 08:00:00.014000+00:00,1631174400014,2021-09-09T08:00:00.014000+00:00,0.00030828,0.0
2021-09-09 16:00:00.002000+00:00,1631203200002,2021-09-09T16:00:00.002000+00:00,0.0001,0.0
2021-09-10 00:00:00.001000+00:00,1631232000001,2021-09-10T00:00:00.001000+00:00,0.00010525,0.0
2021-09-10 08:00:00.018000+00:00,1631260800018,2021-09-10T08:00:00.018000+00:00,0.00024568,0.0
2021-09-10 16:00:00.006000+00:00,1631289600006,2021-09-10T16:00:00.006000+00:00,0.00027075,0.0
2021-09-11 00:00:00+00:00,1631318400000,2021-09-11T00:00:00+00:00,0.00013268,0.0
2021-09-11 08:00:00.001000+00:00,1631347200001,2021-09-11T08:00:00.001000+00:00,0.00010914,0.0
2021-09-11 16:00:00+00:00,1631376000000,2021-09-11T16:00:00+00:00,0.0001,0.0
2021-09-12 00:00:00+00:00,1631404800000,2021-09-12T00:00:00+00:00,0.0001,0.0
2021-09-12 08:00:00.002000+00:00,1631433600002,2021-09-12T08:00:00.002000+00:00,0.00020096,0.0
2021-09-12 16:00:00+00:00,1631462400000,2021-09-12T16:00:00+00:00,0.00034487,0.0
2021-09-13 00:00:00+00:00,1631491200000,2021-09-13T00:00:00+00:00,0.0002385,0.0
2021-09-13 08:00:00.007000+00:00,1631520000007,2021-09-13T08:00:00.007000+00:00,0.00016658,0.0
2021-09-13 16:00:00.005000+00:00,1631548800005,2021-09-13T16:00:00.005000+00:00,0.0001,0.0
2021-09-14 00:00:00.002000+00:00,1631577600002,2021-09-14T00:00:00.002000+00:00,0.0001,0.0
2021-09-14 08:00:00+00:00,1631606400000,2021-09-14T08:00:00+00:00,0.0001,0.0
2021-09-14 16:00:00.007000+00:00,1631635200007,2021-09-14T16:00:00.007000+00:00,0.0001,0.0
2021-09-15 00:00:00.012000+00:00,1631664000012,2021-09-15T00:00:00.012000+00:00,0.00018155,0.0
2021-09-15 08:00:00.003000+00:00,1631692800003,2021-09-15T08:00:00.003000+00:00,0.000248,0.0
2021-09-15 16:00:00.006000+00:00,1631721600006,2021-09-15T16:00:00.006000+00:00,0.00037517,0.0
2021-09-16 00:00:00.008000+00:00,1631750400008,2021-09-16T00:00:00.008000+00:00,0.00039901,0.0
2021-09-16 08:00:00.005000+00:00,1631779200005,2021-09-16T08:00:00.005000+00:00,0.00055144,0.0
2021-09-16 16:00:00.002000+00:00,1631808000002,2021-09-16T16:00:00.002000+00:00,0.00051906,0.0
2021-09-17 00:00:00+00:00,1631836800000,2021-09-17T00:00:00+00:00,0.00049934,0.0
2021-09-17 08:00:00.047000+00:00,1631865600047,2021-09-17T08:00:00.047000+00:00,0.00056357,0.0
2021-09-17 16:00:00.013000+00:00,1631894400013,2021-09-17T16:00:00.013000+00:00,0.00013659,0.0
2021-09-18 00:00:00+00:00,1631923200000,2021-09-18T00:00:00+00:00,0.0001,0.0
2021-09-18 08:00:00.010000+00:00,1631952000010,2021-09-18T08:00:00.010000+00:00,0.0001,0.0
2021-09-18 16:00:00.005000+00:00,1631980800005,2021-09-18T16:00:00.005000+00:00,0.0001,0.0
2021-09-19 00:00:00.006000+00:00,1632009600006,2021-09-19T00:00:00.006000+00:00,0.0001,0.0
2021-09-19 08:00:00.015000+00:00,1632038400015,2021-09-19T08:00:00.015000+00:00,0.00012745,0.0
2021-09-19 16:00:00.007000+00:00,1632067200007,2021-09-19T16:00:00.007000+00:00,0.0001,0.0
2021-09-20 00:00:00.018000+00:00,1632096000018,2021-09-20T00:00:00.018000+00:00,0.00020317,0.0
2021-09-20 08:00:00+00:00,1632124800000,2021-09-20T08:00:00+00:00,0.0001,0.0
2021-09-20 16:00:00.005000+00:00,1632153600005,2021-09-20T16:00:00.005000+00:00,0.0001,0.0
2021-09-21 00:00:00.005000+00:00,1632182400005,2021-09-21T00:00:00.005000+00:00,0.0001,0.0
2021-09-21 08:00:00.007000+00:00,1632211200007,2021-09-21T08:00:00.007000+00:00,0.0001,0.0
2021-09-21 16:00:00+00:00,1632240000000,2021-09-21T16:00:00+00:00,0.0001,0.0
2021-09-22 00:00:00.005000+00:00,1632268800005,2021-09-22T00:00:00.005000+00:00,0.0001,0.0
2021-09-22 08:00:00.006000+00:00,1632297600006,2021-09-22T08:00:00.006000+00:00,0.0001,0.0
2021-09-22 16:00:00+00:00,1632326400000,2021-09-22T16:00:00+00:00,0.0001,0.0
2021-09-23 00:00:00.003000+00:00,1632355200003,2021-09-23T00:00:00.003000+00:00,0.0001,0.0
2021-09-23 08:00:00+00:00,1632384000000,2021-09-23T08:00:00+00:00,0.0001,0.0
2021-09-23 16:00:00.007000+00:00,1632412800007,2021-09-23T16:00:00.007000+00:00,0.0001,0.0
2021-09-24 00:00:00+00:00,1632441600000,2021-09-24T00:00:00+00:00,0.0001,0.0
2021-09-24 08:00:00.017000+00:00,1632470400017,2021-09-24T08:00:00.017000+00:00,0.0001,0.0
2021-09-24 16:00:00+00:00,1632499200000,2021-09-24T16:00:00+00:00,0.0001,0.0
2021-09-25 00:00:00.007000+00:00,1632528000007,2021-09-25T00:00:00.007000+00:00,0.0001,0.0
2021-09-25 08:00:00.002000+00:00,1632556800002,2021-09-25T08:00:00.002000+00:00,0.0001,0.0
2021-09-25 16:00:00.004000+00:00,1632585600004,2021-09-25T16:00:00.004000+00:00,0.0001,0.0
2021-09-26 00:00:00.013000+00:00,1632614400013,2021-09-26T00:00:00.013000+00:00,0.0001,0.0
2021-09-26 08:00:00+00:00,1632643200000,2021-09-26T08:00:00+00:00,0.0001,0.0
2021-09-26 16:00:00.005000+00:00,1632672000005,2021-09-26T16:00:00.005000+00:00,0.0001,0.0
2021-09-27 00:00:00+00:00,1632700800000,2021-09-27T00:00:00+00:00,0.0001,0.0
2021-09-27 08:00:00.001000+00:00,1632729600001,2021-09-27T08:00:00.001000+00:00,0.0001,0.0
2021-09-27 16:00:00+00:00,1632758400000,2021-09-27T16:00:00+00:00,0.0001,0.0
2021-09-28 00:00:00+00:00,1632787200000,2021-09-28T00:00:00+00:00,0.0001,0.0
2021-09-28 08:00:00.014000+00:00,1632816000014,2021-09-28T08:00:00.014000+00:00,0.0001,0.0
2021-09-28 16:00:00+00:00,1632844800000,2021-09-28T16:00:00+00:00,0.0001,0.0
2021-09-29 00:00:00+00:00,1632873600000,2021-09-29T00:00:00+00:00,0.0001,0.0
2021-09-29 08:00:00.002000+00:00,1632902400002,2021-09-29T08:00:00.002000+00:00,0.0001,0.0
2021-09-29 16:00:00+00:00,1632931200000,2021-09-29T16:00:00+00:00,0.0001,0.0
2021-09-30 00:00:00+00:00,1632960000000,2021-09-30T00:00:00+00:00,0.0001,0.0
2021-09-30 08:00:00.004000+00:00,1632988800004,2021-09-30T08:00:00.004000+00:00,0.0001,0.0
2021-09-30 16:00:00.005000+00:00,1633017600005,2021-09-30T16:00:00.005000+00:00,0.0001,0.0
2021-10-01 00:00:00.012000+00:00,1633046400012,2021-10-01T00:00:00.012000+00:00,0.0001,0.0
2021-10-01 08:00:00.008000+00:00,1633075200008,2021-10-01T08:00:00.008000+00:00,0.0001,0.0
2021-10-01 16:00:00+00:00,1633104000000,2021-10-01T16:00:00+00:00,0.0001,0.0
2021-10-02 00:00:00+00:00,1633132800000,2021-10-02T00:00:00+00:00,0.0001,0.0
2021-10-02 08:00:00.002000+00:00,1633161600002,2021-10-02T08:00:00.002000+00:00,0.0001,0.0
2021-10-02 16:00:00.011000+00:00,1633190400011,2021-10-02T16:00:00.011000+00:00,0.0001,0.0
2021-10-03 00:00:00.019000+00:00,1633219200019,2021-10-03T00:00:00.019000+00:00,0.0001,0.0
2021-10-03 08:00:00.011000+00:00,1633248000011,2021-10-03T08:00:00.011000+00:00,0.0001,0.0
2021-10-03 16:00:00.004000+00:00,1633276800004,2021-10-03T16:00:00.004000+00:00,0.0001,0.0
2021-10-04 00:00:00.004000+00:00,1633305600004,2021-10-04T00:00:00.004000+00:00,0.0001,0.0
2021-10-04 08:00:00+00:00,1633334400000,2021-10-04T08:00:00+00:00,0.0001,0.0
2021-10-04 16:00:00+00:00,1633363200000,2021-10-04T16:00:00+00:00,0.0001,0.0
2021-10-05 00:00:00.007000+00:00,1633392000007,2021-10-05T00:00:00.007000+00:00,0.0001,0.0
2021-10-05 08:00:00.007000+00:00,1633420800007,2021-10-05T08:00:00.007000+00:00,0.0001,0.0
2021-10-05 16:00:00.004000+00:00,1633449600004,2021-10-05T16:00:00.004000+00:00,0.00011849,0.0
2021-10-06 00:00:00.002000+00:00,1633478400002,2021-10-06T00:00:00.002000+00:00,0.00032276,0.0
2021-10-06 08:00:00+00:00,1633507200000,2021-10-06T08:00:00+00:00,0.0004101,0.0
2021-10-06 16:00:00.003000+00:00,1633536000003,2021-10-06T16:00:00.003000+00:00,0.00010653,0.0
2021-10-07 00:00:00.007000+00:00,1633564800007,2021-10-07T00:00:00.007000+00:00,0.00040009,0.0
2021-10-07 08:00:00.002000+00:00,1633593600002,2021-10-07T08:00:00.002000+00:00,0.00036912,0.0
2021-10-07 16:00:00+00:00,1633622400000,2021-10-07T16:00:00+00:00,0.00044623,0.0
2021-10-08 00:00:00.011000+00:00,1633651200011,2021-10-08T00:00:00.011000+00:00,0.00020717,0.0
2021-10-08 08:00:00.003000+00:00,1633680000003,2021-10-08T08:00:00.003000+00:00,0.00021534,0.0
2021-10-08 16:00:00.002000+00:00,1633708800002,2021-10-08T16:00:00.002000+00:00,0.00010759,0.0
2021-10-09 00:00:00.006000+00:00,1633737600006,2021-10-09T00:00:00.006000+00:00,0.00020149,0.0
2021-10-09 08:00:00.003000+00:00,1633766400003,2021-10-09T08:00:00.003000+00:00,0.0001,0.0
2021-10-09 16:00:00+00:00,1633795200000,2021-10-09T16:00:00+00:00,0.00038839,0.0
2021-10-10 00:00:00+00:00,1633824000000,2021-10-10T00:00:00+00:00,0.0002851,0.0
2021-10-10 08:00:00.008000+00:00,1633852800008,2021-10-10T08:00:00.008000+00:00,0.00052509,0.0
2021-10-10 16:00:00+00:00,1633881600000,2021-10-10T16:00:00+00:00,0.00030808,0.0
2021-10-11 00:00:00.002000+00:00,1633910400002,2021-10-11T00:00:00.002000+00:00,0.0001,0.0
2021-10-11 08:00:00.001000+00:00,1633939200001,2021-10-11T08:00:00.001000+00:00,0.00011273,0.0
2021-10-11 16:00:00.006000+00:00,1633968000006,2021-10-11T16:00:00.006000+00:00,0.00029944,0.0
2021-10-12 00:00:00.008000+00:00,1633996800008,2021-10-12T00:00:00.008000+00:00,0.0001,0.0
2021-10-12 08:00:00.013000+00:00,1634025600013,2021-10-12T08:00:00.013000+00:00,0.0001,0.0
2021-10-12 16:00:00.003000+00:00,1634054400003,2021-10-12T16:00:00.003000+00:00,0.0001,0.0
2021-10-13 00:00:00.003000+00:00,1634083200003,2021-10-13T00:00:00.003000+00:00,0.0001,0.0
2021-10-13 08:00:00.015000+00:00,1634112000015,2021-10-13T08:00:00.015000+00:00,0.0001,0.0
2021-10-13 16:00:00+00:00,1634140800000,2021-10-13T16:00:00+00:00,0.0001,0.0
2021-10-14 00:00:00.011000+00:00,1634169600011,2021-10-14T00:00:00.011000+00:00,0.0001,0.0
2021-10-14 08:00:00.017000+00:00,1634198400017,2021-10-14T08:00:00.017000+00:00,0.00016917,0.0
2021-10-14 16:00:00+00:00,1634227200000,2021-10-14T16:00:00+00:00,0.00025417,0.0
2021-10-15 00:00:00.005000+00:00,1634256000005,2021-10-15T00:00:00.005000+00:00,0.0002448,0.0
2021-10-15 08:00:00.002000+00:00,1634284800002,2021-10-15T08:00:00.002000+00:00,0.0001,0.0
2021-10-15 16:00:00.005000+00:00,1634313600005,2021-10-15T16:00:00.005000+00:00,0.0001,0.0
2021-10-16 00:00:00.009000+00:00,1634342400009,2021-10-16T00:00:00.009000+00:00,0.0001,0.0
2021-10-16 08:00:00+00:00,1634371200000,2021-10-16T08:00:00+00:00,0.00034779,0.0
2021-10-16 16:00:00.003000+00:00,1634400000003,2021-10-16T16:00:00.003000+00:00,0.00023732,0.0
2021-10-17 00:00:00.001000+00:00,1634428800001,2021-10-17T00:00:00.001000+00:00,0.00032388,0.0
2021-10-17 08:00:00.002000+00:00,1634457600002,2021-10-17T08:00:00.002000+00:00,0.00017979,0.0
2021-10-17 16:00:00.002000+00:00,1634486400002,2021-10-17T16:00:00.002000+00:00,0.00045211,0.0
2021-10-18 00:00:00.006000+00:00,1634515200006,2021-10-18T00:00:00.006000+00:00,0.0001,0.0
2021-10-18 08:00:00.004000+00:00,1634544000004,2021-10-18T08:00:00.004000+00:00,0.00023752,0.0
2021-10-18 16:00:00.001000+00:00,1634572800001,2021-10-18T16:00:00.001000+00:00,0.00018197,0.0
2021-10-19 00:00:00.002000+00:00,1634601600002,2021-10-19T00:00:00.002000+00:00,0.00031947,0.0
2021-10-19 08:00:00+00:00,1634630400000,2021-10-19T08:00:00+00:00,0.00028792,0.0
2021-10-19 16:00:00+00:00,1634659200000,2021-10-19T16:00:00+00:00,0.00020799,0.0
2021-10-20 00:00:00.017000+00:00,1634688000017,2021-10-20T00:00:00.017000+00:00,0.00023648,0.0
2021-10-20 08:00:00.004000+00:00,1634716800004,2021-10-20T08:00:00.004000+00:00,0.00014874,0.0
2021-10-20 16:00:00.020000+00:00,1634745600020,2021-10-20T16:00:00.020000+00:00,0.00013881,0.0
2021-10-21 00:00:00+00:00,1634774400000,2021-10-21T00:00:00+00:00,0.00019697,0.0
2021-10-21 08:00:00+00:00,1634803200000,2021-10-21T08:00:00+00:00,0.00056063,0.0
2021-10-21 16:00:00.008000+00:00,1634832000008,2021-10-21T16:00:00.008000+00:00,0.00051729,0.0
2021-10-22 00:00:00.005000+00:00,1634860800005,2021-10-22T00:00:00.005000+00:00,0.0001,0.0
2021-10-22 08:00:00.005000+00:00,1634889600005,2021-10-22T08:00:00.005000+00:00,0.0003116,0.0
2021-10-22 16:00:00.018000+00:00,1634918400018,2021-10-22T16:00:00.018000+00:00,0.00041034,0.0
2021-10-23 00:00:00.005000+00:00,1634947200005,2021-10-23T00:00:00.005000+00:00,0.00053716,0.0
2021-10-23 08:00:00.001000+00:00,1634976000001,2021-10-23T08:00:00.001000+00:00,0.00026164,0.0
2021-10-23 16:00:00.004000+00:00,1635004800004,2021-10-23T16:00:00.004000+00:00,0.00041495,0.0
2021-10-24 00:00:00.006000+00:00,1635033600006,2021-10-24T00:00:00.006000+00:00,0.00039863,0.0
2021-10-24 08:00:00.012000+00:00,1635062400012,2021-10-24T08:00:00.012000+00:00,0.00081955,0.0
2021-10-24 16:00:00.001000+00:00,1635091200001,2021-10-24T16:00:00.001000+00:00,0.00074679,0.0
2021-10-25 00:00:00.012000+00:00,1635120000012,2021-10-25T00:00:00.012000+00:00,0.00034564,0.0
2021-10-25 08:00:00.002000+00:00,1635148800002,2021-10-25T08:00:00.002000+00:00,0.00031844,0.0
2021-10-25 16:00:00.022000+00:00,1635177600022,2021-10-25T16:00:00.022000+00:00,0.00025157,0.0
2021-10-26 00:00:00.005000+00:00,1635206400005,2021-10-26T00:00:00.005000+00:00,0.00043842,0.0
2021-10-26 08:00:00.016000+00:00,1635235200016,2021-10-26T08:00:00.016000+00:00,0.00056465,0.0
2021-10-26 16:00:00+00:00,1635264000000,2021-10-26T16:00:00+00:00,0.00053961,0.0
2021-10-27 00:00:00.004000+00:00,1635292800004,2021-10-27T00:00:00.004000+00:00,0.00031408,0.0
2021-10-27 08:00:00+00:00,1635321600000,2021-10-27T08:00:00+00:00,0.00054673,0.0
2021-10-27 16:00:00.002000+00:00,1635350400002,2021-10-27T16:00:00.002000+00:00,0.0001,0.0
2021-10-28 00:00:00.002000+00:00,1635379200002,2021-10-28T00:00:00.002000+00:00,0.0001,0.0
2021-10-28 08:00:00+00:00,1635408000000,2021-10-28T08:00:00+00:00,0.0001,0.0
2021-10-28 16:00:00.005000+00:00,1635436800005,2021-10-28T16:00:00.005000+00:00,0.0001,0.0
2021-10-29 00:00:00+00:00,1635465600000,2021-10-29T00:00:00+00:00,0.0001,0.0
2021-10-29 08:00:00.007000+00:00,1635494400007,2021-10-29T08:00:00.007000+00:00,0.0001,0.0
2021-10-29 16:00:00.001000+00:00,1635523200001,2021-10-29T16:00:00.001000+00:00,0.0001,0.0
2021-10-30 00:00:00+00:00,1635552000000,2021-10-30T00:00:00+00:00,0.0001,0.0
2021-10-30 08:00:00.001000+00:00,1635580800001,2021-10-30T08:00:00.001000+00:00,0.00010269,0.0
2021-10-30 16:00:00.013000+00:00,1635609600013,2021-10-30T16:00:00.013000+00:00,0.0001,0.0
2021-10-31 00:00:00.008000+00:00,1635638400008,2021-10-31T00:00:00.008000+00:00,0.0001,0.0
2021-10-31 08:00:00.010000+00:00,1635667200010,2021-10-31T08:00:00.010000+00:00,0.00027856,0.0
2021-10-31 16:00:00.001000+00:00,1635696000001,2021-10-31T16:00:00.001000+00:00,0.0001,0.0
2021-11-01 00:00:00.009000+00:00,1635724800009,2021-11-01T00:00:00.009000+00:00,0.00021406,0.0
2021-11-01 08:00:00.014000+00:00,1635753600014,2021-11-01T08:00:00.014000+00:00,0.0001,0.0
2021-11-01 16:00:00.001000+00:00,1635782400001,2021-11-01T16:00:00.001000+00:00,0.00047033,0.0
2021-11-02 00:00:00+00:00,1635811200000,2021-11-02T00:00:00+00:00,0.00021978,0.0
2021-11-02 08:00:00.007000+00:00,1635840000007,2021-11-02T08:00:00.007000+00:00,0.00043741,0.0
2021-11-02 16:00:00.010000+00:00,1635868800010,2021-11-02T16:00:00.010000+00:00,0.00044948,0.0
2021-11-03 00:00:00.019000+00:00,1635897600019,2021-11-03T00:00:00.019000+00:00,0.00057713,0.0
2021-11-03 08:00:00+00:00,1635926400000,2021-11-03T08:00:00+00:00,0.00031299,0.0
2021-11-03 16:00:00.005000+00:00,1635955200005,2021-11-03T16:00:00.005000+00:00,0.0001,0.0
2021-11-04 00:00:00.006000+00:00,1635984000006,2021-11-04T00:00:00.006000+00:00,0.0001,0.0
2021-11-04 08:00:00.004000+00:00,1636012800004,2021-11-04T08:00:00.004000+00:00,0.0001,0.0
2021-11-04 16:00:00.004000+00:00,1636041600004,2021-11-04T16:00:00.004000+00:00,0.0001,0.0
2021-11-05 00:00:00+00:00,1636070400000,2021-11-05T00:00:00+00:00,0.0001,0.0
2021-11-05 08:00:00.013000+00:00,1636099200013,2021-11-05T08:00:00.013000+00:00,0.0001,0.0
2021-11-05 16:00:00.016000+00:00,1636128000016,2021-11-05T16:00:00.016000+00:00,0.00039814,0.0
2021-11-06 00:00:00.010000+00:00,1636156800010,2021-11-06T00:00:00.010000+00:00,0.0001,0.0
2021-11-06 08:00:00+00:00,1636185600000,2021-11-06T08:00:00+00:00,0.0001,0.0
2021-11-06 16:00:00.007000+00:00,1636214400007,2021-11-06T16:00:00.007000+00:00,0.0001,0.0
2021-11-07 00:00:00.013000+00:00,1636243200013,2021-11-07T00:00:00.013000+00:00,0.0001,0.0
2021-11-07 08:00:00.005000+00:00,1636272000005,2021-11-07T08:00:00.005000+00:00,0.0001,0.0
2021-11-07 16:00:00.004000+00:00,1636300800004,2021-11-07T16:00:00.004000+00:00,0.0001,0.0
2021-11-08 00:00:00.001000+00:00,1636329600001,2021-11-08T00:00:00.001000+00:00,0.00016311,0.0
2021-11-08 08:00:00+00:00,1636358400000,2021-11-08T08:00:00+00:00,0.00065061,0.0
2021-11-08 16:00:00+00:00,1636387200000,2021-11-08T16:00:00+00:00,0.00072728,0.0
2021-11-09 00:00:00+00:00,1636416000000,2021-11-09T00:00:00+00:00,0.00030837,0.0
2021-11-09 08:00:00.014000+00:00,1636444800014,2021-11-09T08:00:00.014000+00:00,0.00031759,0.0
2021-11-09 16:00:00.001000+00:00,1636473600001,2021-11-09T16:00:00.001000+00:00,0.00040583,0.0
2021-11-10 00:00:00+00:00,1636502400000,2021-11-10T00:00:00+00:00,0.00042121,0.0
2021-11-10 08:00:00.003000+00:00,1636531200003,2021-11-10T08:00:00.003000+00:00,0.00032577,0.0
2021-11-10 16:00:00.001000+00:00,1636560000001,2021-11-10T16:00:00.001000+00:00,0.00043648,0.0
2021-11-11 00:00:00.008000+00:00,1636588800008,2021-11-11T00:00:00.008000+00:00,0.0001,0.0
2021-11-11 08:00:00.012000+00:00,1636617600012,2021-11-11T08:00:00.012000+00:00,0.0001,0.0
2021-11-11 16:00:00.007000+00:00,1636646400007,2021-11-11T16:00:00.007000+00:00,0.00025837,0.0
2021-11-12 00:00:00+00:00,1636675200000,2021-11-12T00:00:00+00:00,0.0001,0.0
2021-11-12 08:00:00+00:00,1636704000000,2021-11-12T08:00:00+00:00,0.0001,0.0
2021-11-12 16:00:00.004000+00:00,1636732800004,2021-11-12T16:00:00.004000+00:00,0.0001,0.0
2021-11-13 00:00:00+00:00,1636761600000,2021-11-13T00:00:00+00:00,0.0001,0.0
2021-11-13 08:00:00.004000+00:00,1636790400004,2021-11-13T08:00:00.004000+00:00,0.00022258,0.0
2021-11-13 16:00:00.006000+00:00,1636819200006,2021-11-13T16:00:00.006000+00:00,0.0001,0.0
2021-11-14 00:00:00.010000+00:00,1636848000010,2021-11-14T00:00:00.010000+00:00,0.0001,0.0
2021-11-14 08:00:00.001000+00:00,1636876800001,2021-11-14T08:00:00.001000+00:00,0.0001,0.0
2021-11-14 16:00:00+00:00,1636905600000,2021-11-14T16:00:00+00:00,0.0001,0.0
2021-11-15 00:00:00.008000+00:00,1636934400008,2021-11-15T00:00:00.008000+00:00,0.0001,0.0
2021-11-15 08:00:00+00:00,1636963200000,2021-11-15T08:00:00+00:00,0.00010613,0.0
2021-11-15 16:00:00+00:00,1636992000000,2021-11-15T16:00:00+00:00,0.0001,0.0
2021-11-16 00:00:00+00:00,1637020800000,2021-11-16T00:00:00+00:00,0.0001,0.0
2021-11-16 08:00:00.001000+00:00,1637049600001,2021-11-16T08:00:00.001000+00:00,0.0001,0.0
2021-11-16 16:00:00.018000+00:00,1637078400018,2021-11-16T16:00:00.018000+00:00,0.0001,0.0
2021-11-17 00:00:00.005000+00:00,1637107200005,2021-11-17T00:00:00.005000+00:00,0.0001,0.0
2021-11-17 08:00:00.007000+00:00,1637136000007,2021-11-17T08:00:00.007000+00:00,0.0001,0.0
2021-11-17 16:00:00.003000+00:00,1637164800003,2021-11-17T16:00:00.003000+00:00,0.0001,0.0
2021-11-18 00:00:00.017000+00:00,1637193600017,2021-11-18T00:00:00.017000+00:00,0.0001,0.0
2021-11-18 08:00:00.007000+00:00,1637222400007,2021-11-18T08:00:00.007000+00:00,0.0001,0.0
2021-11-18 16:00:00.011000+00:00,1637251200011,2021-11-18T16:00:00.011000+00:00,0.0001,0.0
2021-11-19 00:00:00+00:00,1637280000000,2021-11-19T00:00:00+00:00,0.0001,0.0
2021-11-19 08:00:00+00:00,1637308800000,2021-11-19T08:00:00+00:00,0.0001,0.0
2021-11-19 16:00:00.005000+00:00,1637337600005,2021-11-19T16:00:00.005000+00:00,0.0001,0.0
2021-11-20 00:00:00.012000+00:00,1637366400012,2021-11-20T00:00:00.012000+00:00,0.0001,0.0
2021-11-20 08:00:00+00:00,1637395200000,2021-11-20T08:00:00+00:00,0.0001,0.0
2021-11-20 16:00:00.007000+00:00,1637424000007,2021-11-20T16:00:00.007000+00:00,0.0001,0.0
2021-11-21 00:00:00+00:00,1637452800000,2021-11-21T00:00:00+00:00,0.0001,0.0
2021-11-21 08:00:00.006000+00:00,1637481600006,2021-11-21T08:00:00.006000+00:00,0.0001,0.0
2021-11-21 16:00:00+00:00,1637510400000,2021-11-21T16:00:00+00:00,0.00015518,0.0
2021-11-22 00:00:00.004000+00:00,1637539200004,2021-11-22T00:00:00.004000+00:00,0.0001,0.0
2021-11-22 08:00:00+00:00,1637568000000,2021-11-22T08:00:00+00:00,0.0001,0.0
2021-11-22 16:00:00+00:00,1637596800000,2021-11-22T16:00:00+00:00,0.0001,0.0
2021-11-23 00:00:00.004000+00:00,1637625600004,2021-11-23T00:00:00.004000+00:00,0.0001,0.0
2021-11-23 08:00:00.010000+00:00,1637654400010,2021-11-23T08:00:00.010000+00:00,0.0001,0.0
2021-11-23 16:00:00.005000+00:00,1637683200005,2021-11-23T16:00:00.005000+00:00,0.0001,0.0
2021-11-24 00:00:00.001000+00:00,1637712000001,2021-11-24T00:00:00.001000+00:00,0.0001,0.0
2021-11-24 08:00:00.003000+00:00,1637740800003,2021-11-24T08:00:00.003000+00:00,0.0001,0.0
2021-11-24 16:00:00.010000+00:00,1637769600010,2021-11-24T16:00:00.010000+00:00,0.0001,0.0
2021-11-25 00:00:00+00:00,1637798400000,2021-11-25T00:00:00+00:00,0.0001,0.0
2021-11-25 08:00:00.010000+00:00,1637827200010,2021-11-25T08:00:00.010000+00:00,0.00040662,0.0
2021-11-25 16:00:00+00:00,1637856000000,2021-11-25T16:00:00+00:00,0.0001,0.0
2021-11-26 00:00:00+00:00,1637884800000,2021-11-26T00:00:00+00:00,0.00028435,0.0
2021-11-26 08:00:00+00:00,1637913600000,2021-11-26T08:00:00+00:00,0.0003784,0.0
2021-11-26 16:00:00.016000+00:00,1637942400016,2021-11-26T16:00:00.016000+00:00,0.0001,0.0
2021-11-27 00:00:00.005000+00:00,1637971200005,2021-11-27T00:00:00.005000+00:00,0.0001,0.0
2021-11-27 08:00:00.008000+00:00,1638000000008,2021-11-27T08:00:00.008000+00:00,0.0001,0.0
2021-11-27 16:00:00.007000+00:00,1638028800007,2021-11-27T16:00:00.007000+00:00,0.0001,0.0
2021-11-28 00:00:00.018000+00:00,1638057600018,2021-11-28T00:00:00.018000+00:00,0.0001,0.0
2021-11-28 08:00:00+00:00,1638086400000,2021-11-28T08:00:00+00:00,0.0001,0.0
2021-11-28 16:00:00.004000+00:00,1638115200004,2021-11-28T16:00:00.004000+00:00,0.0001,0.0
2021-11-29 00:00:00.002000+00:00,1638144000002,2021-11-29T00:00:00.002000+00:00,0.0001,0.0
2021-11-29 08:00:00.004000+00:00,1638172800004,2021-11-29T08:00:00.004000+00:00,0.0001,0.0
2021-11-29 16:00:00+00:00,1638201600000,2021-11-29T16:00:00+00:00,0.0001,0.0
2021-11-30 00:00:00+00:00,1638230400000,2021-11-30T00:00:00+00:00,0.0001,0.0
2021-11-30 08:00:00.006000+00:00,1638259200006,2021-11-30T08:00:00.006000+00:00,0.0001,0.0
2021-11-30 16:00:00+00:00,1638288000000,2021-11-30T16:00:00+00:00,0.0001,0.0
2021-12-01 00:00:00+00:00,1638316800000,2021-12-01T00:00:00+00:00,0.0001,0.0
2021-12-01 08:00:00+00:00,1638345600000,2021-12-01T08:00:00+00:00,0.0001,0.0
2021-12-01 16:00:00.001000+00:00,1638374400001,2021-12-01T16:00:00.001000+00:00,0.0001,0.0
2021-12-02 00:00:00+00:00,1638403200000,2021-12-02T00:00:00+00:00,0.0001,0.0
2021-12-02 08:00:00.007000+00:00,1638432000007,2021-12-02T08:00:00.007000+00:00,0.0001,0.0
2021-12-02 16:00:00.008000+00:00,1638460800008,2021-12-02T16:00:00.008000+00:00,0.0001,0.0
2021-12-03 00:00:00.004000+00:00,1638489600004,2021-12-03T00:00:00.004000+00:00,0.0001,0.0
2021-12-03 08:00:00.002000+00:00,1638518400002,2021-12-03T08:00:00.002000+00:00,0.0001,0.0
2021-12-03 16:00:00.006000+00:00,1638547200006,2021-12-03T16:00:00.006000+00:00,0.0001,0.0
2021-12-04 00:00:00.006000+00:00,1638576000006,2021-12-04T00:00:00.006000+00:00,0.0001,0.0
2021-12-04 08:00:00.004000+00:00,1638604800004,2021-12-04T08:00:00.004000+00:00,-0.00010538,0.0
2021-12-04 16:00:00+00:00,1638633600000,2021-12-04T16:00:00+00:00,0.0001,0.0
2021-12-05 00:00:00.003000+00:00,1638662400003,2021-12-05T00:00:00.003000+00:00,0.0001,0.0
2021-12-05 08:00:00.008000+00:00,1638691200008,2021-12-05T08:00:00.008000+00:00,0.0001,0.0
2021-12-05 16:00:00.007000+00:00,1638720000007,2021-12-05T16:00:00.007000+00:00,0.0001,0.0
2021-12-06 00:00:00.009000+00:00,1638748800009,2021-12-06T00:00:00.009000+00:00,0.0001,0.0
2021-12-06 08:00:00.001000+00:00,1638777600001,2021-12-06T08:00:00.001000+00:00,0.0001,0.0
2021-12-06 16:00:00+00:00,1638806400000,2021-12-06T16:00:00+00:00,0.0001,0.0
2021-12-07 00:00:00.018000+00:00,1638835200018,2021-12-07T00:00:00.018000+00:00,0.0001,0.0
2021-12-07 08:00:00+00:00,1638864000000,2021-12-07T08:00:00+00:00,-2.874e-05,0.0
2021-12-07 16:00:00+00:00,1638892800000,2021-12-07T16:00:00+00:00,0.0001,0.0
2021-12-08 00:00:00+00:00,1638921600000,2021-12-08T00:00:00+00:00,0.0001,0.0
2021-12-08 08:00:00.018000+00:00,1638950400018,2021-12-08T08:00:00.018000+00:00,0.0001,0.0
2021-12-08 16:00:00.010000+00:00,1638979200010,2021-12-08T16:00:00.010000+00:00,0.0001,0.0
2021-12-09 00:00:00.010000+00:00,1639008000010,2021-12-09T00:00:00.010000+00:00,0.0001,0.0
2021-12-09 08:00:00+00:00,1639036800000,2021-12-09T08:00:00+00:00,0.0001,0.0
2021-12-09 16:00:00+00:00,1639065600000,2021-12-09T16:00:00+00:00,0.0001,0.0
2021-12-10 00:00:00+00:00,1639094400000,2021-12-10T00:00:00+00:00,0.0001,0.0
2021-12-10 08:00:00.008000+00:00,1639123200008,2021-12-10T08:00:00.008000+00:00,0.0001,0.0
2021-12-10 16:00:00.012000+00:00,1639152000012,2021-12-10T16:00:00.012000+00:00,0.0001,0.0
2021-12-11 00:00:00.009000+00:00,1639180800009,2021-12-11T00:00:00.009000+00:00,0.0001,0.0
2021-12-11 08:00:00.008000+00:00,1639209600008,2021-12-11T08:00:00.008000+00:00,0.0001,0.0
2021-12-11 16:00:00+00:00,1639238400000,2021-12-11T16:00:00+00:00,0.0001,0.0
2021-12-12 00:00:00.001000+00:00,1639267200001,2021-12-12T00:00:00.001000+00:00,0.0001,0.0
2021-12-12 08:00:00.015000+00:00,1639296000015,2021-12-12T08:00:00.015000+00:00,0.0001,0.0
2021-12-12 16:00:00.011000+00:00,1639324800011,2021-12-12T16:00:00.011000+00:00,0.0001,0.0
2021-12-13 00:00:00.006000+00:00,1639353600006,2021-12-13T00:00:00.006000+00:00,0.0001,0.0
2021-12-13 08:00:00.019000+00:00,1639382400019,2021-12-13T08:00:00.019000+00:00,0.0001,0.0
2021-12-13 16:00:00+00:00,1639411200000,2021-12-13T16:00:00+00:00,0.0001,0.0
2021-12-14 00:00:00.004000+00:00,1639440000004,2021-12-14T00:00:00.004000+00:00,-0.00012513,0.0
2021-12-14 08:00:00+00:00,1639468800000,2021-12-14T08:00:00+00:00,0.0001,0.0
2021-12-14 16:00:00.015000+00:00,1639497600015,2021-12-14T16:00:00.015000+00:00,0.0001,0.0
2021-12-15 00:00:00+00:00,1639526400000,2021-12-15T00:00:00+00:00,0.0001,0.0
2021-12-15 08:00:00.008000+00:00,1639555200008,2021-12-15T08:00:00.008000+00:00,0.0001,0.0
2021-12-15 16:00:00.005000+00:00,1639584000005,2021-12-15T16:00:00.005000+00:00,0.0001,0.0
2021-12-16 00:00:00.006000+00:00,1639612800006,2021-12-16T00:00:00.006000+00:00,0.0001,0.0
2021-12-16 08:00:00.009000+00:00,1639641600009,2021-12-16T08:00:00.009000+00:00,0.0001,0.0
2021-12-16 16:00:00+00:00,1639670400000,2021-12-16T16:00:00+00:00,7.386e-05,0.0
2021-12-17 00:00:00+00:00,1639699200000,2021-12-17T00:00:00+00:00,0.0001,0.0
2021-12-17 08:00:00.005000+00:00,1639728000005,2021-12-17T08:00:00.005000+00:00,0.0001,0.0
2021-12-17 16:00:00.006000+00:00,1639756800006,2021-12-17T16:00:00.006000+00:00,0.0001,0.0
2021-12-18 00:00:00.014000+00:00,1639785600014,2021-12-18T00:00:00.014000+00:00,0.0001,0.0
2021-12-18 08:00:00.012000+00:00,1639814400012,2021-12-18T08:00:00.012000+00:00,0.0001,0.0
2021-12-18 16:00:00+00:00,1639843200000,2021-12-18T16:00:00+00:00,0.0001,0.0
2021-12-19 00:00:00.031000+00:00,1639872000031,2021-12-19T00:00:00.031000+00:00,0.0001,0.0
2021-12-19 08:00:00+00:00,1639900800000,2021-12-19T08:00:00+00:00,0.0001,0.0
2021-12-19 16:00:00.003000+00:00,1639929600003,2021-12-19T16:00:00.003000+00:00,0.0001,0.0
2021-12-20 00:00:00.015000+00:00,1639958400015,2021-12-20T00:00:00.015000+00:00,0.0001,0.0
2021-12-20 08:00:00.007000+00:00,1639987200007,2021-12-20T08:00:00.007000+00:00,0.0001,0.0
2021-12-20 16:00:00.005000+00:00,1640016000005,2021-12-20T16:00:00.005000+00:00,0.0001,0.0
2021-12-21 00:00:00.003000+00:00,1640044800003,2021-12-21T00:00:00.003000+00:00,0.0001,0.0
2021-12-21 08:00:00.012000+00:00,1640073600012,2021-12-21T08:00:00.012000+00:00,0.0001,0.0
2021-12-21 16:00:00.005000+00:00,1640102400005,2021-12-21T16:00:00.005000+00:00,0.0001,0.0
2021-12-22 00:00:00+00:00,1640131200000,2021-12-22T00:00:00+00:00,0.0001,0.0
2021-12-22 08:00:00.001000+00:00,1640160000001,2021-12-22T08:00:00.001000+00:00,0.0001,0.0
2021-12-22 16:00:00.006000+00:00,1640188800006,2021-12-22T16:00:00.006000+00:00,0.0001,0.0
2021-12-23 00:00:00.011000+00:00,1640217600011,2021-12-23T00:00:00.011000+00:00,0.0001,0.0
2021-12-23 08:00:00+00:00,1640246400000,2021-12-23T08:00:00+00:00,0.0001,0.0
2021-12-23 16:00:00+00:00,1640275200000,2021-12-23T16:00:00+00:00,0.0001,0.0
2021-12-24 00:00:00.005000+00:00,1640304000005,2021-12-24T00:00:00.005000+00:00,0.0001,0.0
2021-12-24 08:00:00+00:00,1640332800000,2021-12-24T08:00:00+00:00,0.0001,0.0
2021-12-24 16:00:00.011000+00:00,1640361600011,2021-12-24T16:00:00.011000+00:00,0.0001,0.0
2021-12-25 00:00:00+00:00,1640390400000,2021-12-25T00:00:00+00:00,0.0001,0.0
2021-12-25 08:00:00.001000+00:00,1640419200001,2021-12-25T08:00:00.001000+00:00,0.0001,0.0
2021-12-25 16:00:00.005000+00:00,1640448000005,2021-12-25T16:00:00.005000+00:00,0.0001,0.0
2021-12-26 00:00:00.004000+00:00,1640476800004,2021-12-26T00:00:00.004000+00:00,0.0001,0.0
2021-12-26 08:00:00.002000+00:00,1640505600002,2021-12-26T08:00:00.002000+00:00,0.0001,0.0
2021-12-26 16:00:00+00:00,1640534400000,2021-12-26T16:00:00+00:00,0.0001,0.0
2021-12-27 00:00:00.002000+00:00,1640563200002,2021-12-27T00:00:00.002000+00:00,0.0001,0.0
2021-12-27 08:00:00.005000+00:00,1640592000005,2021-12-27T08:00:00.005000+00:00,0.0001,0.0
2021-12-27 16:00:00+00:00,1640620800000,2021-12-27T16:00:00+00:00,0.0001,0.0
2021-12-28 00:00:00+00:00,1640649600000,2021-12-28T00:00:00+00:00,0.0001,0.0
2021-12-28 08:00:00.012000+00:00,1640678400012,2021-12-28T08:00:00.012000+00:00,0.0001,0.0
2021-12-28 16:00:00+00:00,1640707200000,2021-12-28T16:00:00+00:00,0.0001,0.0
2021-12-29 00:00:00.006000+00:00,1640736000006,2021-12-29T00:00:00.006000+00:00,0.0001,0.0
2021-12-29 08:00:00.003000+00:00,1640764800003,2021-12-29T08:00:00.003000+00:00,0.0001,0.0
2021-12-29 16:00:00.004000+00:00,1640793600004,2021-12-29T16:00:00.004000+00:00,0.0001,0.0
2021-12-30 00:00:00.003000+00:00,1640822400003,2021-12-30T00:00:00.003000+00:00,0.0001,0.0
2021-12-30 08:00:00.001000+00:00,1640851200001,2021-12-30T08:00:00.001000+00:00,0.0001,0.0
2021-12-30 16:00:00.017000+00:00,1640880000017,2021-12-30T16:00:00.017000+00:00,0.0001,0.0
2021-12-31 00:00:00.006000+00:00,1640908800006,2021-12-31T00:00:00.006000+00:00,0.0001,0.0
2021-12-31 08:00:00.009000+00:00,1640937600009,2021-12-31T08:00:00.009000+00:00,0.0001,0.0
2021-12-31 16:00:00+00:00,1640966400000,2021-12-31T16:00:00+00:00,0.0001,0.0
2022-01-01 00:00:00.006000+00:00,1640995200006,2022-01-01T00:00:00.006000+00:00,0.0001,0.0
2022-01-01 08:00:00.009000+00:00,1641024000009,2022-01-01T08:00:00.009000+00:00,0.0001,0.0
2022-01-01 16:00:00+00:00,1641052800000,2022-01-01T16:00:00+00:00,0.0001,0.0
2022-01-02 00:00:00.028000+00:00,1641081600028,2022-01-02T00:00:00.028000+00:00,0.0001,0.0
2022-01-02 08:00:00+00:00,1641110400000,2022-01-02T08:00:00+00:00,0.0001,0.0
2022-01-02 16:00:00+00:00,1641139200000,2022-01-02T16:00:00+00:00,0.0001,0.0
2022-01-03 00:00:00.010000+00:00,1641168000010,2022-01-03T00:00:00.010000+00:00,0.0001,0.0
2022-01-03 08:00:00.013000+00:00,1641196800013,2022-01-03T08:00:00.013000+00:00,0.0001,0.0
2022-01-03 16:00:00.018000+00:00,1641225600018,2022-01-03T16:00:00.018000+00:00,0.0001,0.0
2022-01-04 00:00:00+00:00,1641254400000,2022-01-04T00:00:00+00:00,0.0001,0.0
2022-01-04 08:00:00.010000+00:00,1641283200010,2022-01-04T08:00:00.010000+00:00,0.0001,0.0
2022-01-04 16:00:00.002000+00:00,1641312000002,2022-01-04T16:00:00.002000+00:00,0.0001,0.0
2022-01-05 00:00:00.001000+00:00,1641340800001,2022-01-05T00:00:00.001000+00:00,0.0001,0.0
2022-01-05 08:00:00.017000+00:00,1641369600017,2022-01-05T08:00:00.017000+00:00,0.0001,0.0
2022-01-05 16:00:00+00:00,1641398400000,2022-01-05T16:00:00+00:00,0.0001,0.0
2022-01-06 00:00:00.002000+00:00,1641427200002,2022-01-06T00:00:00.002000+00:00,0.0001,0.0
2022-01-06 08:00:00.021000+00:00,1641456000021,2022-01-06T08:00:00.021000+00:00,0.0001,0.0
2022-01-06 16:00:00.006000+00:00,1641484800006,2022-01-06T16:00:00.006000+00:00,0.0001,0.0
2022-01-07 00:00:00.005000+00:00,1641513600005,2022-01-07T00:00:00.005000+00:00,0.0001,0.0
2022-01-07 08:00:00+00:00,1641542400000,2022-01-07T08:00:00+00:00,0.0001,0.0
2022-01-07 16:00:00.001000+00:00,1641571200001,2022-01-07T16:00:00.001000+00:00,0.0001,0.0
2022-01-08 00:00:00.014000+00:00,1641600000014,2022-01-08T00:00:00.014000+00:00,0.0001,0.0
2022-01-08 08:00:00.013000+00:00,1641628800013,2022-01-08T08:00:00.013000+00:00,0.0001,0.0
2022-01-08 16:00:00+00:00,1641657600000,2022-01-08T16:00:00+00:00,0.0001,0.0
2022-01-09 00:00:00.003000+00:00,1641686400003,2022-01-09T00:00:00.003000+00:00,0.0001,0.0
2022-01-09 08:00:00+00:00,1641715200000,2022-01-09T08:00:00+00:00,0.0001,0.0
2022-01-09 16:00:00+00:00,1641744000000,2022-01-09T16:00:00+00:00,0.0001,0.0
2022-01-10 00:00:00+00:00,1641772800000,2022-01-10T00:00:00+00:00,0.0001,0.0
2022-01-10 08:00:00.010000+00:00,1641801600010,2022-01-10T08:00:00.010000+00:00,0.0001,0.0
2022-01-10 16:00:00.007000+00:00,1641830400007,2022-01-10T16:00:00.007000+00:00,0.0001,0.0
2022-01-11 00:00:00.013000+00:00,1641859200013,2022-01-11T00:00:00.013000+00:00,0.0001,0.0
2022-01-11 08:00:00.004000+00:00,1641888000004,2022-01-11T08:00:00.004000+00:00,0.0001,0.0
2022-01-11 16:00:00+00:00,1641916800000,2022-01-11T16:00:00+00:00,0.0001,0.0
2022-01-12 00:00:00.012000+00:00,1641945600012,2022-01-12T00:00:00.012000+00:00,0.0001,0.0
2022-01-12 08:00:00.015000+00:00,1641974400015,2022-01-12T08:00:00.015000+00:00,0.0001,0.0
2022-01-12 16:00:00+00:00,1642003200000,2022-01-12T16:00:00+00:00,0.0001,0.0
2022-01-13 00:00:00.007000+00:00,1642032000007,2022-01-13T00:00:00.007000+00:00,0.0001,0.0
2022-01-13 08:00:00+00:00,1642060800000,2022-01-13T08:00:00+00:00,0.0001,0.0
2022-01-13 16:00:00.014000+00:00,1642089600014,2022-01-13T16:00:00.014000+00:00,0.0001,0.0
2022-01-14 00:00:00+00:00,1642118400000,2022-01-14T00:00:00+00:00,0.0001,0.0
2022-01-14 08:00:00.006000+00:00,1642147200006,2022-01-14T08:00:00.006000+00:00,0.0001,0.0
2022-01-14 16:00:00.014000+00:00,1642176000014,2022-01-14T16:00:00.014000+00:00,0.0001,0.0
2022-01-15 00:00:00+00:00,1642204800000,2022-01-15T00:00:00+00:00,0.0001,0.0
2022-01-15 08:00:00.002000+00:00,1642233600002,2022-01-15T08:00:00.002000+00:00,0.0001,0.0
2022-01-15 16:00:00+00:00,1642262400000,2022-01-15T16:00:00+00:00,0.0001,0.0
2022-01-16 00:00:00+00:00,1642291200000,2022-01-16T00:00:00+00:00,0.0001,0.0
2022-01-16 08:00:00.017000+00:00,1642320000017,2022-01-16T08:00:00.017000+00:00,0.0001,0.0
2022-01-16 16:00:00.011000+00:00,1642348800011,2022-01-16T16:00:00.011000+00:00,0.0001,0.0
2022-01-17 00:00:00.005000+00:00,1642377600005,2022-01-17T00:00:00.005000+00:00,0.0001,0.0
2022-01-17 08:00:00.006000+00:00,1642406400006,2022-01-17T08:00:00.006000+00:00,0.0001,0.0
2022-01-17 16:00:00.012000+00:00,1642435200012,2022-01-17T16:00:00.012000+00:00,0.0001,0.0
2022-01-18 00:00:00.020000+00:00,1642464000020,2022-01-18T00:00:00.020000+00:00,0.0001,0.0
2022-01-18 08:00:00+00:00,1642492800000,2022-01-18T08:00:00+00:00,0.0001,0.0
2022-01-18 16:00:00.013000+00:00,1642521600013,2022-01-18T16:00:00.013000+00:00,0.0001,0.0
2022-01-19 00:00:00.001000+00:00,1642550400001,2022-01-19T00:00:00.001000+00:00,0.0001,0.0
2022-01-19 08:00:00+00:00,1642579200000,2022-01-19T08:00:00+00:00,0.0001,0.0
2022-01-19 16:00:00+00:00,1642608000000,2022-01-19T16:00:00+00:00,0.0001,0.0
2022-01-20 00:00:00.015000+00:00,1642636800015,2022-01-20T00:00:00.015000+00:00,0.0001,0.0
2022-01-20 08:00:00+00:00,1642665600000,2022-01-20T08:00:00+00:00,0.0001,0.0
2022-01-20 16:00:00+00:00,1642694400000,2022-01-20T16:00:00+00:00,0.0001,0.0
2022-01-21 00:00:00.007000+00:00,1642723200007,2022-01-21T00:00:00.007000+00:00,0.0001,0.0
2022-01-21 08:00:00.015000+00:00,1642752000015,2022-01-21T08:00:00.015000+00:00,0.0001,0.0
2022-01-21 16:00:00+00:00,1642780800000,2022-01-21T16:00:00+00:00,4.765e-05,0.0
2022-01-22 00:00:00.017000+00:00,1642809600017,2022-01-22T00:00:00.017000+00:00,0.0001,0.0
2022-01-22 08:00:00.003000+00:00,1642838400003,2022-01-22T08:00:00.003000+00:00,0.0001,0.0
2022-01-22 16:00:00.021000+00:00,1642867200021,2022-01-22T16:00:00.021000+00:00,-2.909e-05,0.0
2022-01-23 00:00:00.026000+00:00,1642896000026,2022-01-23T00:00:00.026000+00:00,-0.00024156,0.0
2022-01-23 08:00:00.010000+00:00,1642924800010,2022-01-23T08:00:00.010000+00:00,-0.00014168,0.0
2022-01-23 16:00:00.009000+00:00,1642953600009,2022-01-23T16:00:00.009000+00:00,-0.00013112,0.0
2022-01-24 00:00:00.010000+00:00,1642982400010,2022-01-24T00:00:00.010000+00:00,-3.338e-05,0.0
2022-01-24 08:00:00+00:00,1643011200000,2022-01-24T08:00:00+00:00,-0.00021201,0.0
2022-01-24 16:00:00.021000+00:00,1643040000021,2022-01-24T16:00:00.021000+00:00,0.0001,0.0
2022-01-25 00:00:00+00:00,1643068800000,2022-01-25T00:00:00+00:00,-0.0001253,0.0
2022-01-25 08:00:00+00:00,1643097600000,2022-01-25T08:00:00+00:00,-7.29e-06,0.0
2022-01-25 16:00:00.012000+00:00,1643126400012,2022-01-25T16:00:00.012000+00:00,-0.00011904,0.0
2022-01-26 00:00:00+00:00,1643155200000,2022-01-26T00:00:00+00:00,-0.00012652,0.0
2022-01-26 08:00:00.001000+00:00,1643184000001,2022-01-26T08:00:00.001000+00:00,-0.00017698,0.0
2022-01-26 16:00:00.005000+00:00,1643212800005,2022-01-26T16:00:00.005000+00:00,-0.00014955,0.0
2022-01-27 00:00:00.004000+00:00,1643241600004,2022-01-27T00:00:00.004000+00:00,-0.00028709,0.0
2022-01-27 08:00:00.004000+00:00,1643270400004,2022-01-27T08:00:00.004000+00:00,-0.00012589,0.0
2022-01-27 16:00:00.019000+00:00,1643299200019,2022-01-27T16:00:00.019000+00:00,-0.00011855,0.0
2022-01-28 00:00:00+00:00,1643328000000,2022-01-28T00:00:00+00:00,-7.83e-05,0.0
2022-01-28 08:00:00+00:00,1643356800000,2022-01-28T08:00:00+00:00,-0.00012491,0.0
2022-01-28 16:00:00.025000+00:00,1643385600025,2022-01-28T16:00:00.025000+00:00,-0.00022188,0.0
2022-01-29 00:00:00.017000+00:00,1643414400017,2022-01-29T00:00:00.017000+00:00,3.439e-05,0.0
2022-01-29 08:00:00+00:00,1643443200000,2022-01-29T08:00:00+00:00,5.37e-06,0.0
2022-01-29 16:00:00.013000+00:00,1643472000013,2022-01-29T16:00:00.013000+00:00,-1.329e-05,0.0
2022-01-30 00:00:00.025000+00:00,1643500800025,2022-01-30T00:00:00.025000+00:00,-0.0001674,0.0
2022-01-30 08:00:00.009000+00:00,1643529600009,2022-01-30T08:00:00.009000+00:00,-5.62e-06,0.0
2022-01-30 16:00:00+00:00,1643558400000,2022-01-30T16:00:00+00:00,-7.703e-05,0.0
2022-01-31 00:00:00+00:00,1643587200000,2022-01-31T00:00:00+00:00,-0.00026589,0.0
2022-01-31 08:00:00+00:00,1643616000000,2022-01-31T08:00:00+00:00,-0.0001549,0.0
2022-01-31 16:00:00+00:00,1643644800000,2022-01-31T16:00:00+00:00,4.16e-06,0.0
2022-02-01 00:00:00.010000+00:00,1643673600010,2022-02-01T00:00:00.010000+00:00,2.229e-05,0.0
2022-02-01 08:00:00+00:00,1643702400000,2022-02-01T08:00:00+00:00,6.873e-05,0.0
2022-02-01 16:00:00.004000+00:00,1643731200004,2022-02-01T16:00:00.004000+00:00,-0.00019965,0.0
2022-02-02 00:00:00.004000+00:00,1643760000004,2022-02-02T00:00:00.004000+00:00,-0.00011165,0.0
2022-02-02 08:00:00+00:00,1643788800000,2022-02-02T08:00:00+00:00,-3.736e-05,0.0
2022-02-02 16:00:00.002000+00:00,1643817600002,2022-02-02T16:00:00.002000+00:00,3.5e-05,0.0
2022-02-03 00:00:00.002000+00:00,1643846400002,2022-02-03T00:00:00.002000+00:00,-5.362e-05,0.0
2022-02-03 08:00:00+00:00,1643875200000,2022-02-03T08:00:00+00:00,2.861e-05,0.0
2022-02-03 16:00:00+00:00,1643904000000,2022-02-03T16:00:00+00:00,-5.058e-05,0.0
2022-02-04 00:00:00.018000+00:00,1643932800018,2022-02-04T00:00:00.018000+00:00,-0.00033718,0.0
2022-02-04 08:00:00.005000+00:00,1643961600005,2022-02-04T08:00:00.005000+00:00,-2.657e-05,0.0
2022-02-04 16:00:00.010000+00:00,1643990400010,2022-02-04T16:00:00.010000+00:00,0.0001,0.0
2022-02-05 00:00:00.014000+00:00,1644019200014,2022-02-05T00:00:00.014000+00:00,6.989e-05,0.0
2022-02-05 08:00:00+00:00,1644048000000,2022-02-05T08:00:00+00:00,8.29e-05,0.0
2022-02-05 16:00:00+00:00,1644076800000,2022-02-05T16:00:00+00:00,0.0001,0.0
2022-02-06 00:00:00+00:00,1644105600000,2022-02-06T00:00:00+00:00,3.195e-05,0.0
2022-02-06 08:00:00+00:00,1644134400000,2022-02-06T08:00:00+00:00,0.0001,0.0
2022-02-06 16:00:00+00:00,1644163200000,2022-02-06T16:00:00+00:00,0.0001,0.0
2022-02-07 00:00:00.003000+00:00,1644192000003,2022-02-07T00:00:00.003000+00:00,0.0001,0.0
2022-02-07 08:00:00.014000+00:00,1644220800014,2022-02-07T08:00:00.014000+00:00,4.586e-05,0.0
2022-02-07 16:00:00.003000+00:00,1644249600003,2022-02-07T16:00:00.003000+00:00,-9.025e-05,0.0
2022-02-08 00:00:00.001000+00:00,1644278400001,2022-02-08T00:00:00.001000+00:00,-0.00025025,0.0
2022-02-08 08:00:00.003000+00:00,1644307200003,2022-02-08T08:00:00.003000+00:00,-0.00025785,0.0
2022-02-08 16:00:00.002000+00:00,1644336000002,2022-02-08T16:00:00.002000+00:00,0.0001,0.0
2022-02-09 00:00:00+00:00,1644364800000,2022-02-09T00:00:00+00:00,-0.0001339,0.0
2022-02-09 08:00:00.005000+00:00,1644393600005,2022-02-09T08:00:00.005000+00:00,2.718e-05,0.0
2022-02-09 16:00:00.001000+00:00,1644422400001,2022-02-09T16:00:00.001000+00:00,9.188e-05,0.0
2022-02-10 00:00:00.012000+00:00,1644451200012,2022-02-10T00:00:00.012000+00:00,3.246e-05,0.0
2022-02-10 08:00:00+00:00,1644480000000,2022-02-10T08:00:00+00:00,-9.518e-05,0.0
2022-02-10 16:00:00.006000+00:00,1644508800006,2022-02-10T16:00:00.006000+00:00,-0.00019747,0.0
2022-02-11 00:00:00+00:00,1644537600000,2022-02-11T00:00:00+00:00,-0.00018494,0.0
2022-02-11 08:00:00.009000+00:00,1644566400009,2022-02-11T08:00:00.009000+00:00,0.0001,0.0
2022-02-11 16:00:00.015000+00:00,1644595200015,2022-02-11T16:00:00.015000+00:00,-9.482e-05,0.0
2022-02-12 00:00:00.020000+00:00,1644624000020,2022-02-12T00:00:00.020000+00:00,-2.587e-05,0.0
2022-02-12 08:00:00.001000+00:00,1644652800001,2022-02-12T08:00:00.001000+00:00,-2.009e-05,0.0
2022-02-12 16:00:00.007000+00:00,1644681600007,2022-02-12T16:00:00.007000+00:00,-7.354e-05,0.0
2022-02-13 00:00:00.022000+00:00,1644710400022,2022-02-13T00:00:00.022000+00:00,-0.00028416,0.0
2022-02-13 08:00:00.001000+00:00,1644739200001,2022-02-13T08:00:00.001000+00:00,-0.00016471,0.0
2022-02-13 16:00:00.007000+00:00,1644768000007,2022-02-13T16:00:00.007000+00:00,-0.00019993,0.0
2022-02-14 00:00:00.005000+00:00,1644796800005,2022-02-14T00:00:00.005000+00:00,-0.00019975,0.0
2022-02-14 08:00:00.013000+00:00,1644825600013,2022-02-14T08:00:00.013000+00:00,8.372e-05,0.0
2022-02-14 16:00:00.019000+00:00,1644854400019,2022-02-14T16:00:00.019000+00:00,1.073e-05,0.0
2022-02-15 00:00:00.012000+00:00,1644883200012,2022-02-15T00:00:00.012000+00:00,-3.803e-05,0.0
2022-02-15 08:00:00.005000+00:00,1644912000005,2022-02-15T08:00:00.005000+00:00,3.362e-05,0.0
2022-02-15 16:00:00.011000+00:00,1644940800011,2022-02-15T16:00:00.011000+00:00,-7.138e-05,0.0
2022-02-16 00:00:00.009000+00:00,1644969600009,2022-02-16T00:00:00.009000+00:00,0.0001,0.0
2022-02-16 08:00:00.001000+00:00,1644998400001,2022-02-16T08:00:00.001000+00:00,8.325e-05,0.0
2022-02-16 16:00:00.014000+00:00,1645027200014,2022-02-16T16:00:00.014000+00:00,0.0001,0.0
2022-02-17 00:00:00.018000+00:00,1645056000018,2022-02-17T00:00:00.018000+00:00,0.0001,0.0
2022-02-17 08:00:00+00:00,1645084800000,2022-02-17T08:00:00+00:00,7.98e-06,0.0
2022-02-17 16:00:00.010000+00:00,1645113600010,2022-02-17T16:00:00.010000+00:00,0.0001,0.0
2022-02-18 00:00:00+00:00,1645142400000,2022-02-18T00:00:00+00:00,-0.00010135,0.0
2022-02-18 08:00:00.002000+00:00,1645171200002,2022-02-18T08:00:00.002000+00:00,8.49e-06,0.0
2022-02-18 16:00:00+00:00,1645200000000,2022-02-18T16:00:00+00:00,9.853e-05,0.0
2022-02-19 00:00:00.007000+00:00,1645228800007,2022-02-19T00:00:00.007000+00:00,-5.937e-05,0.0
2022-02-19 08:00:00+00:00,1645257600000,2022-02-19T08:00:00+00:00,1.521e-05,0.0
2022-02-19 16:00:00.023000+00:00,1645286400023,2022-02-19T16:00:00.023000+00:00,0.0001,0.0
2022-02-20 00:00:00.001000+00:00,1645315200001,2022-02-20T00:00:00.001000+00:00,0.0001,0.0
2022-02-20 08:00:00.003000+00:00,1645344000003,2022-02-20T08:00:00.003000+00:00,-8.936e-05,0.0
2022-02-20 16:00:00.001000+00:00,1645372800001,2022-02-20T16:00:00.001000+00:00,0.0001,0.0
2022-02-21 00:00:00+00:00,1645401600000,2022-02-21T00:00:00+00:00,4.623e-05,0.0
2022-02-21 08:00:00.001000+00:00,1645430400001,2022-02-21T08:00:00.001000+00:00,-1.3e-07,0.0
2022-02-21 16:00:00.005000+00:00,1645459200005,2022-02-21T16:00:00.005000+00:00,-0.00012328,0.0
2022-02-22 00:00:00.005000+00:00,1645488000005,2022-02-22T00:00:00.005000+00:00,-0.00023825,0.0
2022-02-22 08:00:00+00:00,1645516800000,2022-02-22T08:00:00+00:00,-0.00023126,0.0
2022-02-22 16:00:00+00:00,1645545600000,2022-02-22T16:00:00+00:00,-0.00025532,0.0
2022-02-23 00:00:00.002000+00:00,1645574400002,2022-02-23T00:00:00.002000+00:00,-0.00010827,0.0
2022-02-23 08:00:00.005000+00:00,1645603200005,2022-02-23T08:00:00.005000+00:00,-0.00023449,0.0
2022-02-23 16:00:00.010000+00:00,1645632000010,2022-02-23T16:00:00.010000+00:00,7.735e-05,0.0
2022-02-24 00:00:00.008000+00:00,1645660800008,2022-02-24T00:00:00.008000+00:00,3.882e-05,0.0
2022-02-24 08:00:00.003000+00:00,1645689600003,2022-02-24T08:00:00.003000+00:00,0.0001,0.0
2022-02-24 16:00:00.001000+00:00,1645718400001,2022-02-24T16:00:00.001000+00:00,0.0001,0.0
2022-02-25 00:00:00+00:00,1645747200000,2022-02-25T00:00:00+00:00,0.0001,0.0
2022-02-25 08:00:00.006000+00:00,1645776000006,2022-02-25T08:00:00.006000+00:00,0.0001,0.0
2022-02-25 16:00:00.001000+00:00,1645804800001,2022-02-25T16:00:00.001000+00:00,9.4e-06,0.0
2022-02-26 00:00:00.004000+00:00,1645833600004,2022-02-26T00:00:00.004000+00:00,-4.116e-05,0.0
2022-02-26 08:00:00.004000+00:00,1645862400004,2022-02-26T08:00:00.004000+00:00,1.092e-05,0.0
2022-02-26 16:00:00.007000+00:00,1645891200007,2022-02-26T16:00:00.007000+00:00,-7.933e-05,0.0
2022-02-27 00:00:00.012000+00:00,1645920000012,2022-02-27T00:00:00.012000+00:00,1.93e-05,0.0
2022-02-27 08:00:00+00:00,1645948800000,2022-02-27T08:00:00+00:00,-0.00013711,0.0
2022-02-27 16:00:00+00:00,1645977600000,2022-02-27T16:00:00+00:00,3.243e-05,0.0
2022-02-28 00:00:00+00:00,1646006400000,2022-02-28T00:00:00+00:00,-9.949e-05,0.0
2022-02-28 08:00:00.001000+00:00,1646035200001,2022-02-28T08:00:00.001000+00:00,-2.105e-05,0.0
2022-02-28 16:00:00.002000+00:00,1646064000002,2022-02-28T16:00:00.002000+00:00,0.0001,0.0
2022-03-01 00:00:00.002000+00:00,1646092800002,2022-03-01T00:00:00.002000+00:00,0.0001,0.0
2022-03-01 08:00:00.001000+00:00,1646121600001,2022-03-01T08:00:00.001000+00:00,0.0001,0.0
2022-03-01 16:00:00+00:00,1646150400000,2022-03-01T16:00:00+00:00,0.0001,0.0
2022-03-02 00:00:00+00:00,1646179200000,2022-03-02T00:00:00+00:00,0.0001,0.0
2022-03-02 08:00:00+00:00,1646208000000,2022-03-02T08:00:00+00:00,0.0001,0.0
2022-03-02 16:00:00.002000+00:00,1646236800002,2022-03-02T16:00:00.002000+00:00,0.0001,0.0
2022-03-03 00:00:00+00:00,1646265600000,2022-03-03T00:00:00+00:00,0.0001,0.0
2022-03-03 08:00:00+00:00,1646294400000,2022-03-03T08:00:00+00:00,0.0001,0.0
2022-03-03 16:00:00.005000+00:00,1646323200005,2022-03-03T16:00:00.005000+00:00,0.0001,0.0
2022-03-04 00:00:00.018000+00:00,1646352000018,2022-03-04T00:00:00.018000+00:00,0.0001,0.0
2022-03-04 08:00:00+00:00,1646380800000,2022-03-04T08:00:00+00:00,5.32e-05,0.0
2022-03-04 16:00:00+00:00,1646409600000,2022-03-04T16:00:00+00:00,6.822e-05,0.0
2022-03-05 00:00:00.006000+00:00,1646438400006,2022-03-05T00:00:00.006000+00:00,0.0001,0.0
2022-03-05 08:00:00.004000+00:00,1646467200004,2022-03-05T08:00:00.004000+00:00,-5.695e-05,0.0
2022-03-05 16:00:00+00:00,1646496000000,2022-03-05T16:00:00+00:00,-7.34e-06,0.0
2022-03-06 00:00:00.004000+00:00,1646524800004,2022-03-06T00:00:00.004000+00:00,3.146e-05,0.0
2022-03-06 08:00:00+00:00,1646553600000,2022-03-06T08:00:00+00:00,0.0001,0.0
2022-03-06 16:00:00.013000+00:00,1646582400013,2022-03-06T16:00:00.013000+00:00,6.764e-05,0.0
2022-03-07 00:00:00.008000+00:00,1646611200008,2022-03-07T00:00:00.008000+00:00,-4.323e-05,0.0
2022-03-07 08:00:00.006000+00:00,1646640000006,2022-03-07T08:00:00.006000+00:00,-4.775e-05,0.0
2022-03-07 16:00:00+00:00,1646668800000,2022-03-07T16:00:00+00:00,6.7e-07,0.0
2022-03-08 00:00:00.008000+00:00,1646697600008,2022-03-08T00:00:00.008000+00:00,2.814e-05,0.0
2022-03-08 08:00:00.002000+00:00,1646726400002,2022-03-08T08:00:00.002000+00:00,0.0001,0.0
2022-03-08 16:00:00+00:00,1646755200000,2022-03-08T16:00:00+00:00,0.0001,0.0
2022-03-09 00:00:00.008000+00:00,1646784000008,2022-03-09T00:00:00.008000+00:00,-5.022e-05,0.0
2022-03-09 08:00:00+00:00,1646812800000,2022-03-09T08:00:00+00:00,0.0001,0.0
2022-03-09 16:00:00.004000+00:00,1646841600004,2022-03-09T16:00:00.004000+00:00,0.0001,0.0
2022-03-10 00:00:00+00:00,1646870400000,2022-03-10T00:00:00+00:00,0.0001,0.0
2022-03-10 08:00:00.017000+00:00,1646899200017,2022-03-10T08:00:00.017000+00:00,0.0001,0.0
2022-03-10 16:00:00+00:00,1646928000000,2022-03-10T16:00:00+00:00,-6.881e-05,0.0
2022-03-11 00:00:00.008000+00:00,1646956800008,2022-03-11T00:00:00.008000+00:00,-1.487e-05,0.0
2022-03-11 08:00:00+00:00,1646985600000,2022-03-11T08:00:00+00:00,-3.858e-05,0.0
2022-03-11 16:00:00.001000+00:00,1647014400001,2022-03-11T16:00:00.001000+00:00,7.324e-05,0.0
2022-03-12 00:00:00.010000+00:00,1647043200010,2022-03-12T00:00:00.010000+00:00,7.735e-05,0.0
2022-03-12 08:00:00.001000+00:00,1647072000001,2022-03-12T08:00:00.001000+00:00,9.681e-05,0.0
2022-03-12 16:00:00.002000+00:00,1647100800002,2022-03-12T16:00:00.002000+00:00,9.897e-05,0.0
2022-03-13 00:00:00.008000+00:00,1647129600008,2022-03-13T00:00:00.008000+00:00,0.0001,0.0
2022-03-13 08:00:00+00:00,1647158400000,2022-03-13T08:00:00+00:00,0.0001,0.0
2022-03-13 16:00:00.002000+00:00,1647187200002,2022-03-13T16:00:00.002000+00:00,3.32e-05,0.0
2022-03-14 00:00:00.014000+00:00,1647216000014,2022-03-14T00:00:00.014000+00:00,0.0001,0.0
2022-03-14 08:00:00.005000+00:00,1647244800005,2022-03-14T08:00:00.005000+00:00,0.0001,0.0
2022-03-14 16:00:00.002000+00:00,1647273600002,2022-03-14T16:00:00.002000+00:00,0.0001,0.0
2022-03-15 00:00:00.008000+00:00,1647302400008,2022-03-15T00:00:00.008000+00:00,0.0001,0.0
2022-03-15 08:00:00+00:00,1647331200000,2022-03-15T08:00:00+00:00,0.0001,0.0
2022-03-15 16:00:00.006000+00:00,1647360000006,2022-03-15T16:00:00.006000+00:00,0.0001,0.0
2022-03-16 00:00:00.013000+00:00,1647388800013,2022-03-16T00:00:00.013000+00:00,0.0001,0.0
2022-03-16 08:00:00+00:00,1647417600000,2022-03-16T08:00:00+00:00,0.0001,0.0
2022-03-16 16:00:00.008000+00:00,1647446400008,2022-03-16T16:00:00.008000+00:00,0.0001,0.0
2022-03-17 00:00:00.004000+00:00,1647475200004,2022-03-17T00:00:00.004000+00:00,0.0001,0.0
2022-03-17 08:00:00+00:00,1647504000000,2022-03-17T08:00:00+00:00,0.0001,0.0
2022-03-17 16:00:00.004000+00:00,1647532800004,2022-03-17T16:00:00.004000+00:00,0.0001,0.0
2022-03-18 00:00:00+00:00,1647561600000,2022-03-18T00:00:00+00:00,0.0001,0.0
2022-03-18 08:00:00+00:00,1647590400000,2022-03-18T08:00:00+00:00,0.0001,0.0
2022-03-18 16:00:00.017000+00:00,1647619200017,2022-03-18T16:00:00.017000+00:00,0.0001,0.0
2022-03-19 00:00:00.008000+00:00,1647648000008,2022-03-19T00:00:00.008000+00:00,0.0001,0.0
2022-03-19 08:00:00.015000+00:00,1647676800015,2022-03-19T08:00:00.015000+00:00,0.0001,0.0
2022-03-19 16:00:00+00:00,1647705600000,2022-03-19T16:00:00+00:00,0.0001,0.0
2022-03-20 00:00:00+00:00,1647734400000,2022-03-20T00:00:00+00:00,0.0001,0.0
2022-03-20 08:00:00.001000+00:00,1647763200001,2022-03-20T08:00:00.001000+00:00,0.0001,0.0
2022-03-20 16:00:00.002000+00:00,1647792000002,2022-03-20T16:00:00.002000+00:00,0.0001,0.0
2022-03-21 00:00:00.013000+00:00,1647820800013,2022-03-21T00:00:00.013000+00:00,0.0001,0.0
2022-03-21 08:00:00.004000+00:00,1647849600004,2022-03-21T08:00:00.004000+00:00,6.183e-05,0.0
2022-03-21 16:00:00.010000+00:00,1647878400010,2022-03-21T16:00:00.010000+00:00,4.368e-05,0.0
2022-03-22 00:00:00.012000+00:00,1647907200012,2022-03-22T00:00:00.012000+00:00,0.0001,0.0
2022-03-22 08:00:00.001000+00:00,1647936000001,2022-03-22T08:00:00.001000+00:00,0.0001,0.0
2022-03-22 16:00:00.022000+00:00,1647964800022,2022-03-22T16:00:00.022000+00:00,0.0001,0.0
2022-03-23 00:00:00.007000+00:00,1647993600007,2022-03-23T00:00:00.007000+00:00,0.0001,0.0
2022-03-23 08:00:00+00:00,1648022400000,2022-03-23T08:00:00+00:00,0.0001,0.0
2022-03-23 16:00:00.006000+00:00,1648051200006,2022-03-23T16:00:00.006000+00:00,0.0001,0.0
2022-03-24 00:00:00.013000+00:00,1648080000013,2022-03-24T00:00:00.013000+00:00,0.0001,0.0
2022-03-24 08:00:00.006000+00:00,1648108800006,2022-03-24T08:00:00.006000+00:00,0.0001,0.0
2022-03-24 16:00:00.020000+00:00,1648137600020,2022-03-24T16:00:00.020000+00:00,0.0001,0.0
2022-03-25 00:00:00.010000+00:00,1648166400010,2022-03-25T00:00:00.010000+00:00,0.0001,0.0
2022-03-25 08:00:00.001000+00:00,1648195200001,2022-03-25T08:00:00.001000+00:00,0.0001,0.0
2022-03-25 16:00:00.014000+00:00,1648224000014,2022-03-25T16:00:00.014000+00:00,0.0001,0.0
2022-03-26 00:00:00.020000+00:00,1648252800020,2022-03-26T00:00:00.020000+00:00,0.0001,0.0
2022-03-26 08:00:00.006000+00:00,1648281600006,2022-03-26T08:00:00.006000+00:00,0.0001,0.0
2022-03-26 16:00:00+00:00,1648310400000,2022-03-26T16:00:00+00:00,0.0001,0.0
2022-03-27 00:00:00.004000+00:00,1648339200004,2022-03-27T00:00:00.004000+00:00,0.0001,0.0
2022-03-27 08:00:00.001000+00:00,1648368000001,2022-03-27T08:00:00.001000+00:00,0.0001,0.0
2022-03-27 16:00:00.006000+00:00,1648396800006,2022-03-27T16:00:00.006000+00:00,8.569e-05,0.0
2022-03-28 00:00:00.012000+00:00,1648425600012,2022-03-28T00:00:00.012000+00:00,3.885e-05,0.0
2022-03-28 08:00:00.007000+00:00,1648454400007,2022-03-28T08:00:00.007000+00:00,0.0001,0.0
2022-03-28 16:00:00+00:00,1648483200000,2022-03-28T16:00:00+00:00,0.0001,0.0
2022-03-29 00:00:00+00:00,1648512000000,2022-03-29T00:00:00+00:00,0.0001,0.0
2022-03-29 08:00:00.015000+00:00,1648540800015,2022-03-29T08:00:00.015000+00:00,0.0001,0.0
2022-03-29 16:00:00+00:00,1648569600000,2022-03-29T16:00:00+00:00,0.0001,0.0
2022-03-30 00:00:00+00:00,1648598400000,2022-03-30T00:00:00+00:00,0.0001,0.0
2022-03-30 08:00:00.002000+00:00,1648627200002,2022-03-30T08:00:00.002000+00:00,0.0001,0.0
2022-03-30 16:00:00.028000+00:00,1648656000028,2022-03-30T16:00:00.028000+00:00,0.0001,0.0
2022-03-31 00:00:00.017000+00:00,1648684800017,2022-03-31T00:00:00.017000+00:00,0.0001,0.0
2022-03-31 08:00:00+00:00,1648713600000,2022-03-31T08:00:00+00:00,0.0001,0.0
2022-03-31 16:00:00.015000+00:00,1648742400015,2022-03-31T16:00:00.015000+00:00,0.0001,0.0
2022-04-01 00:00:00+00:00,1648771200000,2022-04-01T00:00:00+00:00,0.0001,0.0
2022-04-01 08:00:00+00:00,1648800000000,2022-04-01T08:00:00+00:00,0.0001,0.0
2022-04-01 16:00:00.018000+00:00,1648828800018,2022-04-01T16:00:00.018000+00:00,0.0001,0.0
2022-04-02 00:00:00+00:00,1648857600000,2022-04-02T00:00:00+00:00,0.0001,0.0
2022-04-02 08:00:00.002000+00:00,1648886400002,2022-04-02T08:00:00.002000+00:00,0.0001,0.0
2022-04-02 16:00:00.006000+00:00,1648915200006,2022-04-02T16:00:00.006000+00:00,0.0001,0.0
2022-04-03 00:00:00.018000+00:00,1648944000018,2022-04-03T00:00:00.018000+00:00,0.0001,0.0
2022-04-03 08:00:00.018000+00:00,1648972800018,2022-04-03T08:00:00.018000+00:00,0.0001,0.0
2022-04-03 16:00:00.015000+00:00,1649001600015,2022-04-03T16:00:00.015000+00:00,0.0001,0.0
2022-04-04 00:00:00.006000+00:00,1649030400006,2022-04-04T00:00:00.006000+00:00,0.0001,0.0
2022-04-04 08:00:00+00:00,1649059200000,2022-04-04T08:00:00+00:00,0.0001,0.0
2022-04-04 16:00:00.016000+00:00,1649088000016,2022-04-04T16:00:00.016000+00:00,0.0001,0.0
2022-04-05 00:00:00+00:00,1649116800000,2022-04-05T00:00:00+00:00,0.0001,0.0
2022-04-05 08:00:00.010000+00:00,1649145600010,2022-04-05T08:00:00.010000+00:00,0.0001,0.0
2022-04-05 16:00:00.008000+00:00,1649174400008,2022-04-05T16:00:00.008000+00:00,0.0001,0.0
2022-04-06 00:00:00.001000+00:00,1649203200001,2022-04-06T00:00:00.001000+00:00,0.0001,0.0
2022-04-06 08:00:00.021000+00:00,1649232000021,2022-04-06T08:00:00.021000+00:00,0.0001,0.0
2022-04-06 16:00:00+00:00,1649260800000,2022-04-06T16:00:00+00:00,0.0001,0.0
2022-04-07 00:00:00.009000+00:00,1649289600009,2022-04-07T00:00:00.009000+00:00,0.0001,0.0
2022-04-07 08:00:00+00:00,1649318400000,2022-04-07T08:00:00+00:00,0.0001,0.0
2022-04-07 16:00:00+00:00,1649347200000,2022-04-07T16:00:00+00:00,-1.999e-05,0.0
2022-04-08 00:00:00+00:00,1649376000000,2022-04-08T00:00:00+00:00,0.0001,0.0
2022-04-08 08:00:00.004000+00:00,1649404800004,2022-04-08T08:00:00.004000+00:00,7.141e-05,0.0
2022-04-08 16:00:00.008000+00:00,1649433600008,2022-04-08T16:00:00.008000+00:00,-8.67e-06,0.0
2022-04-09 00:00:00.008000+00:00,1649462400008,2022-04-09T00:00:00.008000+00:00,-2.102e-05,0.0
2022-04-09 08:00:00+00:00,1649491200000,2022-04-09T08:00:00+00:00,-0.00010071,0.0
2022-04-09 16:00:00.001000+00:00,1649520000001,2022-04-09T16:00:00.001000+00:00,-4.901e-05,0.0
2022-04-10 00:00:00.004000+00:00,1649548800004,2022-04-10T00:00:00.004000+00:00,4.621e-05,0.0
2022-04-10 08:00:00.007000+00:00,1649577600007,2022-04-10T08:00:00.007000+00:00,-3.56e-06,0.0
2022-04-10 16:00:00.016000+00:00,1649606400016,2022-04-10T16:00:00.016000+00:00,-5.867e-05,0.0
2022-04-11 00:00:00+00:00,1649635200000,2022-04-11T00:00:00+00:00,8.77e-05,0.0
2022-04-11 08:00:00+00:00,1649664000000,2022-04-11T08:00:00+00:00,0.0001,0.0
2022-04-11 16:00:00.009000+00:00,1649692800009,2022-04-11T16:00:00.009000+00:00,0.0001,0.0
2022-04-12 00:00:00+00:00,1649721600000,2022-04-12T00:00:00+00:00,1.234e-05,0.0
2022-04-12 08:00:00.006000+00:00,1649750400006,2022-04-12T08:00:00.006000+00:00,-4.518e-05,0.0
2022-04-12 16:00:00.013000+00:00,1649779200013,2022-04-12T16:00:00.013000+00:00,-2.614e-05,0.0
2022-04-13 00:00:00.005000+00:00,1649808000005,2022-04-13T00:00:00.005000+00:00,3.38e-06,0.0
2022-04-13 08:00:00.008000+00:00,1649836800008,2022-04-13T08:00:00.008000+00:00,3.3e-06,0.0
2022-04-13 16:00:00.013000+00:00,1649865600013,2022-04-13T16:00:00.013000+00:00,7.56e-06,0.0
2022-04-14 00:00:00.007000+00:00,1649894400007,2022-04-14T00:00:00.007000+00:00,6.718e-05,0.0
2022-04-14 08:00:00+00:00,1649923200000,2022-04-14T08:00:00+00:00,1.928e-05,0.0
2022-04-14 16:00:00.006000+00:00,1649952000006,2022-04-14T16:00:00.006000+00:00,2.405e-05,0.0
2022-04-15 00:00:00.008000+00:00,1649980800008,2022-04-15T00:00:00.008000+00:00,7.477e-05,0.0
2022-04-15 08:00:00.002000+00:00,1650009600002,2022-04-15T08:00:00.002000+00:00,1.093e-05,0.0
2022-04-15 16:00:00+00:00,1650038400000,2022-04-15T16:00:00+00:00,3.18e-06,0.0
2022-04-16 00:00:00.011000+00:00,1650067200011,2022-04-16T00:00:00.011000+00:00,4.42e-05,0.0
2022-04-16 08:00:00.007000+00:00,1650096000007,2022-04-16T08:00:00.007000+00:00,2.7e-07,0.0
2022-04-16 16:00:00.007000+00:00,1650124800007,2022-04-16T16:00:00.007000+00:00,1.9e-05,0.0
2022-04-17 00:00:00+00:00,1650153600000,2022-04-17T00:00:00+00:00,0.0001,0.0
2022-04-17 08:00:00.004000+00:00,1650182400004,2022-04-17T08:00:00.004000+00:00,6.873e-05,0.0
2022-04-17 16:00:00+00:00,1650211200000,2022-04-17T16:00:00+00:00,0.0001,0.0
2022-04-18 00:00:00.008000+00:00,1650240000008,2022-04-18T00:00:00.008000+00:00,6.509e-05,0.0
2022-04-18 08:00:00.012000+00:00,1650268800012,2022-04-18T08:00:00.012000+00:00,-8.104e-05,0.0
2022-04-18 16:00:00+00:00,1650297600000,2022-04-18T16:00:00+00:00,-8.262e-05,0.0
2022-04-19 00:00:00.021000+00:00,1650326400021,2022-04-19T00:00:00.021000+00:00,7.619e-05,0.0
2022-04-19 08:00:00.031000+00:00,1650355200031,2022-04-19T08:00:00.031000+00:00,0.0001,0.0
2022-04-19 16:00:00+00:00,1650384000000,2022-04-19T16:00:00+00:00,0.0001,0.0
2022-04-20 00:00:00.025000+00:00,1650412800025,2022-04-20T00:00:00.025000+00:00,0.0001,0.0
2022-04-20 08:00:00.003000+00:00,1650441600003,2022-04-20T08:00:00.003000+00:00,0.0001,0.0
2022-04-20 16:00:00+00:00,1650470400000,2022-04-20T16:00:00+00:00,0.0001,0.0
2022-04-21 00:00:00+00:00,1650499200000,2022-04-21T00:00:00+00:00,0.0001,0.0
2022-04-21 08:00:00+00:00,1650528000000,2022-04-21T08:00:00+00:00,0.0001,0.0
2022-04-21 16:00:00.024000+00:00,1650556800024,2022-04-21T16:00:00.024000+00:00,0.0001,0.0
2022-04-22 00:00:00.008000+00:00,1650585600008,2022-04-22T00:00:00.008000+00:00,0.0001,0.0
2022-04-22 08:00:00.008000+00:00,1650614400008,2022-04-22T08:00:00.008000+00:00,0.0001,0.0
2022-04-22 16:00:00.008000+00:00,1650643200008,2022-04-22T16:00:00.008000+00:00,4.562e-05,0.0
2022-04-23 00:00:00+00:00,1650672000000,2022-04-23T00:00:00+00:00,0.0001,0.0
2022-04-23 08:00:00+00:00,1650700800000,2022-04-23T08:00:00+00:00,0.0001,0.0
2022-04-23 16:00:00.012000+00:00,1650729600012,2022-04-23T16:00:00.012000+00:00,-0.00010378,0.0
2022-04-24 00:00:00.004000+00:00,1650758400004,2022-04-24T00:00:00.004000+00:00,-4.956e-05,0.0
2022-04-24 08:00:00.003000+00:00,1650787200003,2022-04-24T08:00:00.003000+00:00,7.34e-06,0.0
2022-04-24 16:00:00+00:00,1650816000000,2022-04-24T16:00:00+00:00,6.085e-05,0.0
2022-04-25 00:00:00.008000+00:00,1650844800008,2022-04-25T00:00:00.008000+00:00,4.967e-05,0.0
2022-04-25 08:00:00.018000+00:00,1650873600018,2022-04-25T08:00:00.018000+00:00,-4.545e-05,0.0
2022-04-25 16:00:00+00:00,1650902400000,2022-04-25T16:00:00+00:00,-8.571e-05,0.0
2022-04-26 00:00:00.014000+00:00,1650931200014,2022-04-26T00:00:00.014000+00:00,-3.7e-06,0.0
2022-04-26 08:00:00+00:00,1650960000000,2022-04-26T08:00:00+00:00,8.835e-05,0.0
2022-04-26 16:00:00.017000+00:00,1650988800017,2022-04-26T16:00:00.017000+00:00,-4.43e-05,0.0
2022-04-27 00:00:00.012000+00:00,1651017600012,2022-04-27T00:00:00.012000+00:00,-9.244e-05,0.0
2022-04-27 08:00:00+00:00,1651046400000,2022-04-27T08:00:00+00:00,4.328e-05,0.0
2022-04-27 16:00:00.002000+00:00,1651075200002,2022-04-27T16:00:00.002000+00:00,5.659e-05,0.0
2022-04-28 00:00:00+00:00,1651104000000,2022-04-28T00:00:00+00:00,-7.066e-05,0.0
2022-04-28 08:00:00.004000+00:00,1651132800004,2022-04-28T08:00:00.004000+00:00,2.847e-05,0.0
2022-04-28 16:00:00.030000+00:00,1651161600030,2022-04-28T16:00:00.030000+00:00,-0.00014775,0.0
2022-04-29 00:00:00+00:00,1651190400000,2022-04-29T00:00:00+00:00,4.822e-05,0.0
2022-04-29 08:00:00.016000+00:00,1651219200016,2022-04-29T08:00:00.016000+00:00,7.776e-05,0.0
2022-04-29 16:00:00.010000+00:00,1651248000010,2022-04-29T16:00:00.010000+00:00,3.948e-05,0.0
2022-04-30 00:00:00+00:00,1651276800000,2022-04-30T00:00:00+00:00,4.104e-05,0.0
2022-04-30 08:00:00.005000+00:00,1651305600005,2022-04-30T08:00:00.005000+00:00,0.0001,0.0
2022-04-30 16:00:00.015000+00:00,1651334400015,2022-04-30T16:00:00.015000+00:00,-1.96e-06,0.0
2022-05-01 00:00:00+00:00,1651363200000,2022-05-01T00:00:00+00:00,-0.00033407,0.0
2022-05-01 08:00:00+00:00,1651392000000,2022-05-01T08:00:00+00:00,-0.0001754,0.0
2022-05-01 16:00:00.010000+00:00,1651420800010,2022-05-01T16:00:00.010000+00:00,-2.366e-05,0.0
2022-05-02 00:00:00.018000+00:00,1651449600018,2022-05-02T00:00:00.018000+00:00,-3.764e-05,0.0
2022-05-02 08:00:00.007000+00:00,1651478400007,2022-05-02T08:00:00.007000+00:00,-7.505e-05,0.0
2022-05-02 16:00:00+00:00,1651507200000,2022-05-02T16:00:00+00:00,-5.79e-05,0.0
2022-05-03 00:00:00.006000+00:00,1651536000006,2022-05-03T00:00:00.006000+00:00,2.527e-05,0.0
2022-05-03 08:00:00+00:00,1651564800000,2022-05-03T08:00:00+00:00,4.176e-05,0.0
2022-05-03 16:00:00.021000+00:00,1651593600021,2022-05-03T16:00:00.021000+00:00,-6.52e-06,0.0
2022-05-04 00:00:00.007000+00:00,1651622400007,2022-05-04T00:00:00.007000+00:00,-1.173e-05,0.0
2022-05-04 08:00:00.011000+00:00,1651651200011,2022-05-04T08:00:00.011000+00:00,3.65e-06,0.0
2022-05-04 16:00:00+00:00,1651680000000,2022-05-04T16:00:00+00:00,-5.21e-06,0.0
2022-05-05 00:00:00.005000+00:00,1651708800005,2022-05-05T00:00:00.005000+00:00,1.202e-05,0.0
2022-05-05 08:00:00.019000+00:00,1651737600019,2022-05-05T08:00:00.019000+00:00,0.0001,0.0
2022-05-05 16:00:00.005000+00:00,1651766400005,2022-05-05T16:00:00.005000+00:00,1.41e-05,0.0
2022-05-06 00:00:00.005000+00:00,1651795200005,2022-05-06T00:00:00.005000+00:00,-0.00019937,0.0
2022-05-06 08:00:00.001000+00:00,1651824000001,2022-05-06T08:00:00.001000+00:00,2.119e-05,0.0
2022-05-06 16:00:00.010000+00:00,1651852800010,2022-05-06T16:00:00.010000+00:00,-1.453e-05,0.0
2022-05-07 00:00:00.004000+00:00,1651881600004,2022-05-07T00:00:00.004000+00:00,-7.63e-06,0.0
2022-05-07 08:00:00.016000+00:00,1651910400016,2022-05-07T08:00:00.016000+00:00,5.92e-06,0.0
2022-05-07 16:00:00.011000+00:00,1651939200011,2022-05-07T16:00:00.011000+00:00,-6.997e-05,0.0
2022-05-08 00:00:00+00:00,1651968000000,2022-05-08T00:00:00+00:00,-6.156e-05,0.0
2022-05-08 08:00:00.007000+00:00,1651996800007,2022-05-08T08:00:00.007000+00:00,5.65e-06,0.0
2022-05-08 16:00:00.015000+00:00,1652025600015,2022-05-08T16:00:00.015000+00:00,9.782e-05,0.0
2022-05-09 00:00:00+00:00,1652054400000,2022-05-09T00:00:00+00:00,-0.00013911,0.0
2022-05-09 08:00:00.001000+00:00,1652083200001,2022-05-09T08:00:00.001000+00:00,-3.995e-05,0.0
2022-05-09 16:00:00+00:00,1652112000000,2022-05-09T16:00:00+00:00,-0.00013895,0.0
2022-05-10 00:00:00+00:00,1652140800000,2022-05-10T00:00:00+00:00,-0.00015146,0.0
2022-05-10 08:00:00.007000+00:00,1652169600007,2022-05-10T08:00:00.007000+00:00,8.977e-05,0.0
2022-05-10 16:00:00.008000+00:00,1652198400008,2022-05-10T16:00:00.008000+00:00,-8.877e-05,0.0
2022-05-11 00:00:00.004000+00:00,1652227200004,2022-05-11T00:00:00.004000+00:00,-0.0003563,0.0
2022-05-11 08:00:00.007000+00:00,1652256000007,2022-05-11T08:00:00.007000+00:00,-0.00037782,0.0
2022-05-11 16:00:00.008000+00:00,1652284800008,2022-05-11T16:00:00.008000+00:00,-0.00131956,0.0
2022-05-12 00:00:00.014000+00:00,1652313600014,2022-05-12T00:00:00.014000+00:00,-0.00121558,0.0
2022-05-12 08:00:00+00:00,1652342400000,2022-05-12T08:00:00+00:00,-0.00136442,0.0
2022-05-12 16:00:00.007000+00:00,1652371200007,2022-05-12T16:00:00.007000+00:00,-0.00132411,0.0
2022-05-13 00:00:00.014000+00:00,1652400000014,2022-05-13T00:00:00.014000+00:00,-0.00066663,0.0
2022-05-13 08:00:00.001000+00:00,1652428800001,2022-05-13T08:00:00.001000+00:00,-0.00086267,0.0
2022-05-13 16:00:00+00:00,1652457600000,2022-05-13T16:00:00+00:00,-0.00034587,0.0
2022-05-14 00:00:00+00:00,1652486400000,2022-05-14T00:00:00+00:00,-0.0001833,0.0
2022-05-14 08:00:00+00:00,1652515200000,2022-05-14T08:00:00+00:00,-0.00013604,0.0
2022-05-14 16:00:00.001000+00:00,1652544000001,2022-05-14T16:00:00.001000+00:00,-0.00042046,0.0
2022-05-15 00:00:00+00:00,1652572800000,2022-05-15T00:00:00+00:00,-6.465e-05,0.0
2022-05-15 08:00:00+00:00,1652601600000,2022-05-15T08:00:00+00:00,-3.59e-06,0.0
2022-05-15 16:00:00+00:00,1652630400000,2022-05-15T16:00:00+00:00,-0.00013599,0.0
2022-05-16 00:00:00.021000+00:00,1652659200021,2022-05-16T00:00:00.021000+00:00,-0.00012304,0.0
2022-05-16 08:00:00.013000+00:00,1652688000013,2022-05-16T08:00:00.013000+00:00,-5.115e-05,0.0
2022-05-16 16:00:00.006000+00:00,1652716800006,2022-05-16T16:00:00.006000+00:00,-0.00021481,0.0
2022-05-17 00:00:00+00:00,1652745600000,2022-05-17T00:00:00+00:00,-0.00016672,0.0
2022-05-17 08:00:00.010000+00:00,1652774400010,2022-05-17T08:00:00.010000+00:00,-0.00012752,0.0
2022-05-17 16:00:00.023000+00:00,1652803200023,2022-05-17T16:00:00.023000+00:00,-4.305e-05,0.0
2022-05-18 00:00:00.003000+00:00,1652832000003,2022-05-18T00:00:00.003000+00:00,-7.6e-07,0.0
2022-05-18 08:00:00.024000+00:00,1652860800024,2022-05-18T08:00:00.024000+00:00,-6.376e-05,0.0
2022-05-18 16:00:00.014000+00:00,1652889600014,2022-05-18T16:00:00.014000+00:00,-0.00011468,0.0
2022-05-19 00:00:00+00:00,1652918400000,2022-05-19T00:00:00+00:00,-7.774e-05,0.0
2022-05-19 08:00:00.008000+00:00,1652947200008,2022-05-19T08:00:00.008000+00:00,-6.592e-05,0.0
2022-05-19 16:00:00.015000+00:00,1652976000015,2022-05-19T16:00:00.015000+00:00,5.065e-05,0.0
2022-05-20 00:00:00.001000+00:00,1653004800001,2022-05-20T00:00:00.001000+00:00,3.377e-05,0.0
2022-05-20 08:00:00.003000+00:00,1653033600003,2022-05-20T08:00:00.003000+00:00,-1.922e-05,0.0
2022-05-20 16:00:00.012000+00:00,1653062400012,2022-05-20T16:00:00.012000+00:00,-6.114e-05,0.0
2022-05-21 00:00:00.008000+00:00,1653091200008,2022-05-21T00:00:00.008000+00:00,-4.397e-05,0.0
2022-05-21 08:00:00.001000+00:00,1653120000001,2022-05-21T08:00:00.001000+00:00,-3.735e-05,0.0
2022-05-21 16:00:00.007000+00:00,1653148800007,2022-05-21T16:00:00.007000+00:00,-6.202e-05,0.0
2022-05-22 00:00:00.003000+00:00,1653177600003,2022-05-22T00:00:00.003000+00:00,4.62e-06,0.0
2022-05-22 08:00:00.016000+00:00,1653206400016,2022-05-22T08:00:00.016000+00:00,3.055e-05,0.0
2022-05-22 16:00:00+00:00,1653235200000,2022-05-22T16:00:00+00:00,1.666e-05,0.0
2022-05-23 00:00:00.011000+00:00,1653264000011,2022-05-23T00:00:00.011000+00:00,6.402e-05,0.0
2022-05-23 08:00:00+00:00,1653292800000,2022-05-23T08:00:00+00:00,0.0001,0.0
2022-05-23 16:00:00.023000+00:00,1653321600023,2022-05-23T16:00:00.023000+00:00,5.049e-05,0.0
2022-05-24 00:00:00.011000+00:00,1653350400011,2022-05-24T00:00:00.011000+00:00,-0.00012309,0.0
2022-05-24 08:00:00+00:00,1653379200000,2022-05-24T08:00:00+00:00,-0.00011051,0.0
2022-05-24 16:00:00.009000+00:00,1653408000009,2022-05-24T16:00:00.009000+00:00,-0.00015371,0.0
2022-05-25 00:00:00.001000+00:00,1653436800001,2022-05-25T00:00:00.001000+00:00,6.104e-05,0.0
2022-05-25 08:00:00+00:00,1653465600000,2022-05-25T08:00:00+00:00,7.84e-05,0.0
2022-05-25 16:00:00.015000+00:00,1653494400015,2022-05-25T16:00:00.015000+00:00,-2.86e-05,0.0
2022-05-26 00:00:00.005000+00:00,1653523200005,2022-05-26T00:00:00.005000+00:00,0.0001,0.0
2022-05-26 08:00:00.001000+00:00,1653552000001,2022-05-26T08:00:00.001000+00:00,-0.00011389,0.0
2022-05-26 16:00:00+00:00,1653580800000,2022-05-26T16:00:00+00:00,-0.00021906,0.0
2022-05-27 00:00:00.007000+00:00,1653609600007,2022-05-27T00:00:00.007000+00:00,-0.00014257,0.0
2022-05-27 08:00:00.008000+00:00,1653638400008,2022-05-27T08:00:00.008000+00:00,-5.33e-06,0.0
2022-05-27 16:00:00+00:00,1653667200000,2022-05-27T16:00:00+00:00,-1.81e-06,0.0
2022-05-28 00:00:00.018000+00:00,1653696000018,2022-05-28T00:00:00.018000+00:00,7.5e-06,0.0
2022-05-28 08:00:00.016000+00:00,1653724800016,2022-05-28T08:00:00.016000+00:00,-1.494e-05,0.0
2022-05-28 16:00:00.013000+00:00,1653753600013,2022-05-28T16:00:00.013000+00:00,-1.802e-05,0.0
2022-05-29 00:00:00+00:00,1653782400000,2022-05-29T00:00:00+00:00,-2.49e-06,0.0
2022-05-29 08:00:00.025000+00:00,1653811200025,2022-05-29T08:00:00.025000+00:00,-3.26e-06,0.0
2022-05-29 16:00:00.002000+00:00,1653840000002,2022-05-29T16:00:00.002000+00:00,0.0001,0.0
2022-05-30 00:00:00+00:00,1653868800000,2022-05-30T00:00:00+00:00,8.839e-05,0.0
2022-05-30 08:00:00.013000+00:00,1653897600013,2022-05-30T08:00:00.013000+00:00,0.0001,0.0
2022-05-30 16:00:00.005000+00:00,1653926400005,2022-05-30T16:00:00.005000+00:00,0.0001,0.0
2022-05-31 00:00:00.016000+00:00,1653955200016,2022-05-31T00:00:00.016000+00:00,0.0001,0.0
2022-05-31 08:00:00+00:00,1653984000000,2022-05-31T08:00:00+00:00,0.0001,0.0
2022-05-31 16:00:00+00:00,1654012800000,2022-05-31T16:00:00+00:00,0.0001,0.0
2022-06-01 00:00:00+00:00,1654041600000,2022-06-01T00:00:00+00:00,0.0001,0.0
2022-06-01 08:00:00.011000+00:00,1654070400011,2022-06-01T08:00:00.011000+00:00,0.0001,0.0
2022-06-01 16:00:00+00:00,1654099200000,2022-06-01T16:00:00+00:00,0.0001,0.0
2022-06-02 00:00:00+00:00,1654128000000,2022-06-02T00:00:00+00:00,-4.526e-05,0.0
2022-06-02 08:00:00.006000+00:00,1654156800006,2022-06-02T08:00:00.006000+00:00,-8.497e-05,0.0
2022-06-02 16:00:00.021000+00:00,1654185600021,2022-06-02T16:00:00.021000+00:00,-2.33e-05,0.0
2022-06-03 00:00:00.016000+00:00,1654214400016,2022-06-03T00:00:00.016000+00:00,6.063e-05,0.0
2022-06-03 08:00:00.016000+00:00,1654243200016,2022-06-03T08:00:00.016000+00:00,3.726e-05,0.0
2022-06-03 16:00:00.012000+00:00,1654272000012,2022-06-03T16:00:00.012000+00:00,-2.772e-05,0.0
2022-06-04 00:00:00.005000+00:00,1654300800005,2022-06-04T00:00:00.005000+00:00,6.593e-05,0.0
2022-06-04 08:00:00+00:00,1654329600000,2022-06-04T08:00:00+00:00,-7.799e-05,0.0
2022-06-04 16:00:00.007000+00:00,1654358400007,2022-06-04T16:00:00.007000+00:00,-0.00011171,0.0
2022-06-05 00:00:00.005000+00:00,1654387200005,2022-06-05T00:00:00.005000+00:00,-8.688e-05,0.0
2022-06-05 08:00:00.015000+00:00,1654416000015,2022-06-05T08:00:00.015000+00:00,-9.031e-05,0.0
2022-06-05 16:00:00+00:00,1654444800000,2022-06-05T16:00:00+00:00,-4.947e-05,0.0
2022-06-06 00:00:00+00:00,1654473600000,2022-06-06T00:00:00+00:00,1.117e-05,0.0
2022-06-06 08:00:00.017000+00:00,1654502400017,2022-06-06T08:00:00.017000+00:00,3.923e-05,0.0
2022-06-06 16:00:00+00:00,1654531200000,2022-06-06T16:00:00+00:00,0.0001,0.0
2022-06-07 00:00:00+00:00,1654560000000,2022-06-07T00:00:00+00:00,3.519e-05,0.0
2022-06-07 08:00:00.011000+00:00,1654588800011,2022-06-07T08:00:00.011000+00:00,6.625e-05,0.0
2022-06-07 16:00:00+00:00,1654617600000,2022-06-07T16:00:00+00:00,-0.00012704,0.0
2022-06-08 00:00:00.008000+00:00,1654646400008,2022-06-08T00:00:00.008000+00:00,2.202e-05,0.0
2022-06-08 08:00:00.020000+00:00,1654675200020,2022-06-08T08:00:00.020000+00:00,-5.611e-05,0.0
2022-06-08 16:00:00.012000+00:00,1654704000012,2022-06-08T16:00:00.012000+00:00,-5.28e-06,0.0
2022-06-09 00:00:00+00:00,1654732800000,2022-06-09T00:00:00+00:00,-2.06e-05,0.0
2022-06-09 08:00:00+00:00,1654761600000,2022-06-09T08:00:00+00:00,3.94e-06,0.0
2022-06-09 16:00:00+00:00,1654790400000,2022-06-09T16:00:00+00:00,2.197e-05,0.0
2022-06-10 00:00:00.009000+00:00,1654819200009,2022-06-10T00:00:00.009000+00:00,9.694e-05,0.0
2022-06-10 08:00:00+00:00,1654848000000,2022-06-10T08:00:00+00:00,4.696e-05,0.0
2022-06-10 16:00:00.006000+00:00,1654876800006,2022-06-10T16:00:00.006000+00:00,-9.951e-05,0.0
2022-06-11 00:00:00.018000+00:00,1654905600018,2022-06-11T00:00:00.018000+00:00,-9.987e-05,0.0
2022-06-11 08:00:00.014000+00:00,1654934400014,2022-06-11T08:00:00.014000+00:00,-9.415e-05,0.0
2022-06-11 16:00:00+00:00,1654963200000,2022-06-11T16:00:00+00:00,-0.0003144,0.0
2022-06-12 00:00:00.015000+00:00,1654992000015,2022-06-12T00:00:00.015000+00:00,-0.0004073,0.0
2022-06-12 08:00:00.019000+00:00,1655020800019,2022-06-12T08:00:00.019000+00:00,-0.00024937,0.0
2022-06-12 16:00:00.010000+00:00,1655049600010,2022-06-12T16:00:00.010000+00:00,-0.00018527,0.0
2022-06-13 00:00:00.009000+00:00,1655078400009,2022-06-13T00:00:00.009000+00:00,-0.00018721,0.0
2022-06-13 08:00:00+00:00,1655107200000,2022-06-13T08:00:00+00:00,-0.00035495,0.0
2022-06-13 16:00:00.007000+00:00,1655136000007,2022-06-13T16:00:00.007000+00:00,-0.00027264,0.0
2022-06-14 00:00:00.013000+00:00,1655164800013,2022-06-14T00:00:00.013000+00:00,-0.00018856,0.0
2022-06-14 08:00:00.008000+00:00,1655193600008,2022-06-14T08:00:00.008000+00:00,-0.00024766,0.0
2022-06-14 16:00:00.006000+00:00,1655222400006,2022-06-14T16:00:00.006000+00:00,-0.00012208,0.0
2022-06-15 00:00:00+00:00,1655251200000,2022-06-15T00:00:00+00:00,-0.00011727,0.0
2022-06-15 08:00:00.016000+00:00,1655280000016,2022-06-15T08:00:00.016000+00:00,-0.00011617,0.0
2022-06-15 16:00:00.008000+00:00,1655308800008,2022-06-15T16:00:00.008000+00:00,2.489e-05,0.0
2022-06-16 00:00:00.009000+00:00,1655337600009,2022-06-16T00:00:00.009000+00:00,-9.465e-05,0.0
2022-06-16 08:00:00.016000+00:00,1655366400016,2022-06-16T08:00:00.016000+00:00,6.463e-05,0.0
2022-06-16 16:00:00+00:00,1655395200000,2022-06-16T16:00:00+00:00,-0.00015316,0.0
2022-06-17 00:00:00.008000+00:00,1655424000008,2022-06-17T00:00:00.008000+00:00,-8.995e-05,0.0
2022-06-17 08:00:00.003000+00:00,1655452800003,2022-06-17T08:00:00.003000+00:00,-0.00023728,0.0
2022-06-17 16:00:00+00:00,1655481600000,2022-06-17T16:00:00+00:00,-0.00020039,0.0
2022-06-18 00:00:00.020000+00:00,1655510400020,2022-06-18T00:00:00.020000+00:00,0.0001,0.0
2022-06-18 08:00:00.025000+00:00,1655539200025,2022-06-18T08:00:00.025000+00:00,-0.00019382,0.0
2022-06-18 16:00:00.014000+00:00,1655568000014,2022-06-18T16:00:00.014000+00:00,-0.00015715,0.0
2022-06-19 00:00:00.012000+00:00,1655596800012,2022-06-19T00:00:00.012000+00:00,-0.00027253,0.0
2022-06-19 08:00:00.012000+00:00,1655625600012,2022-06-19T08:00:00.012000+00:00,3.851e-05,0.0
2022-06-19 16:00:00.008000+00:00,1655654400008,2022-06-19T16:00:00.008000+00:00,3.159e-05,0.0
2022-06-20 00:00:00.016000+00:00,1655683200016,2022-06-20T00:00:00.016000+00:00,0.0001,0.0
2022-06-20 08:00:00+00:00,1655712000000,2022-06-20T08:00:00+00:00,-7.43e-06,0.0
2022-06-20 16:00:00.013000+00:00,1655740800013,2022-06-20T16:00:00.013000+00:00,0.0001,0.0
2022-06-21 00:00:00.012000+00:00,1655769600012,2022-06-21T00:00:00.012000+00:00,1.335e-05,0.0
2022-06-21 08:00:00.018000+00:00,1655798400018,2022-06-21T08:00:00.018000+00:00,-4.834e-05,0.0
2022-06-21 16:00:00.010000+00:00,1655827200010,2022-06-21T16:00:00.010000+00:00,-0.0001115,0.0
2022-06-22 00:00:00+00:00,1655856000000,2022-06-22T00:00:00+00:00,-0.00018474,0.0
2022-06-22 08:00:00.001000+00:00,1655884800001,2022-06-22T08:00:00.001000+00:00,-2.989e-05,0.0
2022-06-22 16:00:00.012000+00:00,1655913600012,2022-06-22T16:00:00.012000+00:00,-7.087e-05,0.0
2022-06-23 00:00:00+00:00,1655942400000,2022-06-23T00:00:00+00:00,-5.501e-05,0.0
2022-06-23 08:00:00+00:00,1655971200000,2022-06-23T08:00:00+00:00,-4.23e-06,0.0
2022-06-23 16:00:00.016000+00:00,1656000000016,2022-06-23T16:00:00.016000+00:00,4.8e-05,0.0
2022-06-24 00:00:00.005000+00:00,1656028800005,2022-06-24T00:00:00.005000+00:00,-3.462e-05,0.0
2022-06-24 08:00:00.004000+00:00,1656057600004,2022-06-24T08:00:00.004000+00:00,-3.472e-05,0.0
2022-06-24 16:00:00.018000+00:00,1656086400018,2022-06-24T16:00:00.018000+00:00,5.941e-05,0.0
2022-06-25 00:00:00.001000+00:00,1656115200001,2022-06-25T00:00:00.001000+00:00,4.599e-05,0.0
2022-06-25 08:00:00.010000+00:00,1656144000010,2022-06-25T08:00:00.010000+00:00,6.69e-06,0.0
2022-06-25 16:00:00+00:00,1656172800000,2022-06-25T16:00:00+00:00,4.134e-05,0.0
2022-06-26 00:00:00.002000+00:00,1656201600002,2022-06-26T00:00:00.002000+00:00,0.0001,0.0
2022-06-26 08:00:00.016000+00:00,1656230400016,2022-06-26T08:00:00.016000+00:00,5.422e-05,0.0
2022-06-26 16:00:00.006000+00:00,1656259200006,2022-06-26T16:00:00.006000+00:00,2.984e-05,0.0
2022-06-27 00:00:00.008000+00:00,1656288000008,2022-06-27T00:00:00.008000+00:00,-8.524e-05,0.0
2022-06-27 08:00:00+00:00,1656316800000,2022-06-27T08:00:00+00:00,-5.212e-05,0.0
2022-06-27 16:00:00.016000+00:00,1656345600016,2022-06-27T16:00:00.016000+00:00,-5.794e-05,0.0
2022-06-28 00:00:00.016000+00:00,1656374400016,2022-06-28T00:00:00.016000+00:00,-1.66e-06,0.0
2022-06-28 08:00:00.001000+00:00,1656403200001,2022-06-28T08:00:00.001000+00:00,-0.00011607,0.0
2022-06-28 16:00:00.005000+00:00,1656432000005,2022-06-28T16:00:00.005000+00:00,-0.00010439,0.0
2022-06-29 00:00:00+00:00,1656460800000,2022-06-29T00:00:00+00:00,-3.836e-05,0.0
2022-06-29 08:00:00.013000+00:00,1656489600013,2022-06-29T08:00:00.013000+00:00,-9.36e-06,0.0
2022-06-29 16:00:00+00:00,1656518400000,2022-06-29T16:00:00+00:00,5.463e-05,0.0
2022-06-30 00:00:00+00:00,1656547200000,2022-06-30T00:00:00+00:00,-9.058e-05,0.0
2022-06-30 08:00:00+00:00,1656576000000,2022-06-30T08:00:00+00:00,9.26e-06,0.0
2022-06-30 16:00:00+00:00,1656604800000,2022-06-30T16:00:00+00:00,-1.65e-05,0.0
2022-07-01 00:00:00.001000+00:00,1656633600001,2022-07-01T00:00:00.001000+00:00,-7.592e-05,0.0
2022-07-01 08:00:00.017000+00:00,1656662400017,2022-07-01T08:00:00.017000+00:00,-0.00012661,0.0
2022-07-01 16:00:00.005000+00:00,1656691200005,2022-07-01T16:00:00.005000+00:00,-3.883e-05,0.0
2022-07-02 00:00:00+00:00,1656720000000,2022-07-02T00:00:00+00:00,-8.115e-05,0.0
2022-07-02 08:00:00+00:00,1656748800000,2022-07-02T08:00:00+00:00,-6.851e-05,0.0
2022-07-02 16:00:00.008000+00:00,1656777600008,2022-07-02T16:00:00.008000+00:00,-2.603e-05,0.0
2022-07-03 00:00:00.015000+00:00,1656806400015,2022-07-03T00:00:00.015000+00:00,-1.291e-05,0.0
2022-07-03 08:00:00.004000+00:00,1656835200004,2022-07-03T08:00:00.004000+00:00,1.283e-05,0.0
2022-07-03 16:00:00.005000+00:00,1656864000005,2022-07-03T16:00:00.005000+00:00,-5.817e-05,0.0
2022-07-04 00:00:00.021000+00:00,1656892800021,2022-07-04T00:00:00.021000+00:00,-1.79e-06,0.0
2022-07-04 08:00:00.001000+00:00,1656921600001,2022-07-04T08:00:00.001000+00:00,-0.00014514,0.0
2022-07-04 16:00:00+00:00,1656950400000,2022-07-04T16:00:00+00:00,6.37e-06,0.0
2022-07-05 00:00:00+00:00,1656979200000,2022-07-05T00:00:00+00:00,-3.792e-05,0.0
2022-07-05 08:00:00+00:00,1657008000000,2022-07-05T08:00:00+00:00,-7.35e-05,0.0
2022-07-05 16:00:00.015000+00:00,1657036800015,2022-07-05T16:00:00.015000+00:00,-4.487e-05,0.0
2022-07-06 00:00:00.006000+00:00,1657065600006,2022-07-06T00:00:00.006000+00:00,6.23e-06,0.0
2022-07-06 08:00:00+00:00,1657094400000,2022-07-06T08:00:00+00:00,3.646e-05,0.0
2022-07-06 16:00:00+00:00,1657123200000,2022-07-06T16:00:00+00:00,4.154e-05,0.0
2022-07-07 00:00:00.010000+00:00,1657152000010,2022-07-07T00:00:00.010000+00:00,-1.899e-05,0.0
2022-07-07 08:00:00.010000+00:00,1657180800010,2022-07-07T08:00:00.010000+00:00,7.689e-05,0.0
2022-07-07 16:00:00.011000+00:00,1657209600011,2022-07-07T16:00:00.011000+00:00,-4.495e-05,0.0
2022-07-08 00:00:00.008000+00:00,1657238400008,2022-07-08T00:00:00.008000+00:00,3.905e-05,0.0
2022-07-08 08:00:00.009000+00:00,1657267200009,2022-07-08T08:00:00.009000+00:00,8.517e-05,0.0
2022-07-08 16:00:00+00:00,1657296000000,2022-07-08T16:00:00+00:00,-0.00010229,0.0
2022-07-09 00:00:00+00:00,1657324800000,2022-07-09T00:00:00+00:00,6.265e-05,0.0
2022-07-09 08:00:00+00:00,1657353600000,2022-07-09T08:00:00+00:00,0.0001,0.0
2022-07-09 16:00:00.009000+00:00,1657382400009,2022-07-09T16:00:00.009000+00:00,4.984e-05,0.0
2022-07-10 00:00:00.001000+00:00,1657411200001,2022-07-10T00:00:00.001000+00:00,5.998e-05,0.0
2022-07-10 08:00:00.002000+00:00,1657440000002,2022-07-10T08:00:00.002000+00:00,0.0001,0.0
2022-07-10 16:00:00.001000+00:00,1657468800001,2022-07-10T16:00:00.001000+00:00,0.0001,0.0
2022-07-11 00:00:00+00:00,1657497600000,2022-07-11T00:00:00+00:00,0.0001,0.0
2022-07-11 08:00:00.003000+00:00,1657526400003,2022-07-11T08:00:00.003000+00:00,0.0001,0.0
2022-07-11 16:00:00.001000+00:00,1657555200001,2022-07-11T16:00:00.001000+00:00,6.141e-05,0.0
2022-07-12 00:00:00+00:00,1657584000000,2022-07-12T00:00:00+00:00,-2.61e-06,0.0
2022-07-12 08:00:00.021000+00:00,1657612800021,2022-07-12T08:00:00.021000+00:00,-3.365e-05,0.0
2022-07-12 16:00:00+00:00,1657641600000,2022-07-12T16:00:00+00:00,8.5e-06,0.0
2022-07-13 00:00:00.012000+00:00,1657670400012,2022-07-13T00:00:00.012000+00:00,-6.728e-05,0.0
2022-07-13 08:00:00.022000+00:00,1657699200022,2022-07-13T08:00:00.022000+00:00,-6.822e-05,0.0
2022-07-13 16:00:00.005000+00:00,1657728000005,2022-07-13T16:00:00.005000+00:00,-0.00017596,0.0
2022-07-14 00:00:00.017000+00:00,1657756800017,2022-07-14T00:00:00.017000+00:00,1.647e-05,0.0
2022-07-14 08:00:00.001000+00:00,1657785600001,2022-07-14T08:00:00.001000+00:00,0.0001,0.0
2022-07-14 16:00:00+00:00,1657814400000,2022-07-14T16:00:00+00:00,-4.3e-07,0.0
2022-07-15 00:00:00.004000+00:00,1657843200004,2022-07-15T00:00:00.004000+00:00,0.0001,0.0
2022-07-15 08:00:00.019000+00:00,1657872000019,2022-07-15T08:00:00.019000+00:00,0.0001,0.0
2022-07-15 16:00:00.017000+00:00,1657900800017,2022-07-15T16:00:00.017000+00:00,2.787e-05,0.0
2022-07-16 00:00:00.021000+00:00,1657929600021,2022-07-16T00:00:00.021000+00:00,7.745e-05,0.0
2022-07-16 08:00:00.014000+00:00,1657958400014,2022-07-16T08:00:00.014000+00:00,0.0001,0.0
2022-07-16 16:00:00.005000+00:00,1657987200005,2022-07-16T16:00:00.005000+00:00,4.828e-05,0.0
2022-07-17 00:00:00+00:00,1658016000000,2022-07-17T00:00:00+00:00,0.0001,0.0
2022-07-17 08:00:00.003000+00:00,1658044800003,2022-07-17T08:00:00.003000+00:00,0.0001,0.0
2022-07-17 16:00:00.007000+00:00,1658073600007,2022-07-17T16:00:00.007000+00:00,0.0001,0.0
2022-07-18 00:00:00.001000+00:00,1658102400001,2022-07-18T00:00:00.001000+00:00,4.956e-05,0.0
2022-07-18 08:00:00.004000+00:00,1658131200004,2022-07-18T08:00:00.004000+00:00,0.0001,0.0
2022-07-18 16:00:00.019000+00:00,1658160000019,2022-07-18T16:00:00.019000+00:00,0.0001,0.0
2022-07-19 00:00:00+00:00,1658188800000,2022-07-19T00:00:00+00:00,0.0001,0.0
2022-07-19 08:00:00+00:00,1658217600000,2022-07-19T08:00:00+00:00,0.0001,0.0
2022-07-19 16:00:00.001000+00:00,1658246400001,2022-07-19T16:00:00.001000+00:00,0.0001,0.0
2022-07-20 00:00:00.004000+00:00,1658275200004,2022-07-20T00:00:00.004000+00:00,0.0001,0.0
2022-07-20 08:00:00+00:00,1658304000000,2022-07-20T08:00:00+00:00,0.0001,0.0
2022-07-20 16:00:00.003000+00:00,1658332800003,2022-07-20T16:00:00.003000+00:00,0.0001,0.0
2022-07-21 00:00:00+00:00,1658361600000,2022-07-21T00:00:00+00:00,0.0001,0.0
2022-07-21 08:00:00.018000+00:00,1658390400018,2022-07-21T08:00:00.018000+00:00,0.0001,0.0
2022-07-21 16:00:00.011000+00:00,1658419200011,2022-07-21T16:00:00.011000+00:00,0.0001,0.0
2022-07-22 00:00:00.014000+00:00,1658448000014,2022-07-22T00:00:00.014000+00:00,0.0001,0.0
2022-07-22 08:00:00+00:00,1658476800000,2022-07-22T08:00:00+00:00,0.0001,0.0
2022-07-22 16:00:00+00:00,1658505600000,2022-07-22T16:00:00+00:00,0.0001,0.0
2022-07-23 00:00:00.004000+00:00,1658534400004,2022-07-23T00:00:00.004000+00:00,5.983e-05,0.0
2022-07-23 08:00:00.002000+00:00,1658563200002,2022-07-23T08:00:00.002000+00:00,7.218e-05,0.0
2022-07-23 16:00:00.001000+00:00,1658592000001,2022-07-23T16:00:00.001000+00:00,0.0001,0.0
2022-07-24 00:00:00+00:00,1658620800000,2022-07-24T00:00:00+00:00,1.546e-05,0.0
2022-07-24 08:00:00.011000+00:00,1658649600011,2022-07-24T08:00:00.011000+00:00,0.0001,0.0
2022-07-24 16:00:00+00:00,1658678400000,2022-07-24T16:00:00+00:00,2.87e-05,0.0
2022-07-25 00:00:00+00:00,1658707200000,2022-07-25T00:00:00+00:00,0.0001,0.0
2022-07-25 08:00:00.014000+00:00,1658736000014,2022-07-25T08:00:00.014000+00:00,-2.96e-05,0.0
2022-07-25 16:00:00.006000+00:00,1658764800006,2022-07-25T16:00:00.006000+00:00,1.302e-05,0.0
2022-07-26 00:00:00.010000+00:00,1658793600010,2022-07-26T00:00:00.010000+00:00,2.473e-05,0.0
2022-07-26 08:00:00+00:00,1658822400000,2022-07-26T08:00:00+00:00,4.215e-05,0.0
2022-07-26 16:00:00+00:00,1658851200000,2022-07-26T16:00:00+00:00,7.794e-05,0.0
2022-07-27 00:00:00.008000+00:00,1658880000008,2022-07-27T00:00:00.008000+00:00,7.23e-06,0.0
2022-07-27 08:00:00+00:00,1658908800000,2022-07-27T08:00:00+00:00,6.03e-05,0.0
2022-07-27 16:00:00.003000+00:00,1658937600003,2022-07-27T16:00:00.003000+00:00,-7.25e-06,0.0
2022-07-28 00:00:00.009000+00:00,1658966400009,2022-07-28T00:00:00.009000+00:00,0.0001,0.0
2022-07-28 08:00:00.008000+00:00,1658995200008,2022-07-28T08:00:00.008000+00:00,0.0001,0.0
2022-07-28 16:00:00.013000+00:00,1659024000013,2022-07-28T16:00:00.013000+00:00,0.0001,0.0
2022-07-29 00:00:00+00:00,1659052800000,2022-07-29T00:00:00+00:00,0.0001,0.0
2022-07-29 08:00:00+00:00,1659081600000,2022-07-29T08:00:00+00:00,0.0001,0.0
2022-07-29 16:00:00+00:00,1659110400000,2022-07-29T16:00:00+00:00,0.0001,0.0
2022-07-30 00:00:00.005000+00:00,1659139200005,2022-07-30T00:00:00.005000+00:00,0.0001,0.0
2022-07-30 08:00:00.009000+00:00,1659168000009,2022-07-30T08:00:00.009000+00:00,0.0001,0.0
2022-07-30 16:00:00+00:00,1659196800000,2022-07-30T16:00:00+00:00,0.0001,0.0
2022-07-31 00:00:00.022000+00:00,1659225600022,2022-07-31T00:00:00.022000+00:00,0.0001,0.0
2022-07-31 08:00:00.011000+00:00,1659254400011,2022-07-31T08:00:00.011000+00:00,0.0001,0.0
2022-07-31 16:00:00.019000+00:00,1659283200019,2022-07-31T16:00:00.019000+00:00,0.0001,0.0
2022-08-01 00:00:00.010000+00:00,1659312000010,2022-08-01T00:00:00.010000+00:00,1.22e-05,0.0
2022-08-01 08:00:00.019000+00:00,1659340800019,2022-08-01T08:00:00.019000+00:00,0.0001,0.0
2022-08-01 16:00:00.017000+00:00,1659369600017,2022-08-01T16:00:00.017000+00:00,0.0001,0.0
2022-08-02 00:00:00+00:00,1659398400000,2022-08-02T00:00:00+00:00,9.608e-05,0.0
2022-08-02 08:00:00.007000+00:00,1659427200007,2022-08-02T08:00:00.007000+00:00,-1.138e-05,0.0
2022-08-02 16:00:00.014000+00:00,1659456000014,2022-08-02T16:00:00.014000+00:00,-5.7e-06,0.0
2022-08-03 00:00:00.001000+00:00,1659484800001,2022-08-03T00:00:00.001000+00:00,3.935e-05,0.0
2022-08-03 08:00:00.020000+00:00,1659513600020,2022-08-03T08:00:00.020000+00:00,-8.266e-05,0.0
2022-08-03 16:00:00.008000+00:00,1659542400008,2022-08-03T16:00:00.008000+00:00,-0.0001824,0.0
2022-08-04 00:00:00.001000+00:00,1659571200001,2022-08-04T00:00:00.001000+00:00,-3.691e-05,0.0
2022-08-04 08:00:00.009000+00:00,1659600000009,2022-08-04T08:00:00.009000+00:00,-5.352e-05,0.0
2022-08-04 16:00:00.015000+00:00,1659628800015,2022-08-04T16:00:00.015000+00:00,-1.77e-06,0.0
2022-08-05 00:00:00.005000+00:00,1659657600005,2022-08-05T00:00:00.005000+00:00,2.935e-05,0.0
2022-08-05 08:00:00+00:00,1659686400000,2022-08-05T08:00:00+00:00,0.0001,0.0
2022-08-05 16:00:00+00:00,1659715200000,2022-08-05T16:00:00+00:00,9.433e-05,0.0
2022-08-06 00:00:00.021000+00:00,1659744000021,2022-08-06T00:00:00.021000+00:00,0.0001,0.0
2022-08-06 08:00:00+00:00,1659772800000,2022-08-06T08:00:00+00:00,0.0001,0.0
2022-08-06 16:00:00.015000+00:00,1659801600015,2022-08-06T16:00:00.015000+00:00,0.0001,0.0
2022-08-07 00:00:00.013000+00:00,1659830400013,2022-08-07T00:00:00.013000+00:00,0.0001,0.0
2022-08-07 08:00:00+00:00,1659859200000,2022-08-07T08:00:00+00:00,8.3e-05,0.0
2022-08-07 16:00:00.014000+00:00,1659888000014,2022-08-07T16:00:00.014000+00:00,6.506e-05,0.0
2022-08-08 00:00:00.009000+00:00,1659916800009,2022-08-08T00:00:00.009000+00:00,0.0001,0.0
2022-08-08 08:00:00.006000+00:00,1659945600006,2022-08-08T08:00:00.006000+00:00,0.0001,0.0
2022-08-08 16:00:00+00:00,1659974400000,2022-08-08T16:00:00+00:00,0.0001,0.0
2022-08-09 00:00:00.020000+00:00,1660003200020,2022-08-09T00:00:00.020000+00:00,0.0001,0.0
2022-08-09 08:00:00+00:00,1660032000000,2022-08-09T08:00:00+00:00,0.0001,0.0
2022-08-09 16:00:00+00:00,1660060800000,2022-08-09T16:00:00+00:00,0.0001,0.0
2022-08-10 00:00:00+00:00,1660089600000,2022-08-10T00:00:00+00:00,6.131e-05,0.0
2022-08-10 08:00:00.016000+00:00,1660118400016,2022-08-10T08:00:00.016000+00:00,0.0001,0.0
2022-08-10 16:00:00.018000+00:00,1660147200018,2022-08-10T16:00:00.018000+00:00,0.0001,0.0
2022-08-11 00:00:00.012000+00:00,1660176000012,2022-08-11T00:00:00.012000+00:00,0.0001,0.0
2022-08-11 08:00:00+00:00,1660204800000,2022-08-11T08:00:00+00:00,0.0001,0.0
2022-08-11 16:00:00+00:00,1660233600000,2022-08-11T16:00:00+00:00,0.0001,0.0
2022-08-12 00:00:00.006000+00:00,1660262400006,2022-08-12T00:00:00.006000+00:00,0.0001,0.0
2022-08-12 08:00:00+00:00,1660291200000,2022-08-12T08:00:00+00:00,0.0001,0.0
2022-08-12 16:00:00.005000+00:00,1660320000005,2022-08-12T16:00:00.005000+00:00,0.0001,0.0
2022-08-13 00:00:00.012000+00:00,1660348800012,2022-08-13T00:00:00.012000+00:00,0.0001,0.0
2022-08-13 08:00:00.006000+00:00,1660377600006,2022-08-13T08:00:00.006000+00:00,0.0001,0.0
2022-08-13 16:00:00.018000+00:00,1660406400018,2022-08-13T16:00:00.018000+00:00,0.0001,0.0
2022-08-14 00:00:00+00:00,1660435200000,2022-08-14T00:00:00+00:00,0.0001,0.0
2022-08-14 08:00:00+00:00,1660464000000,2022-08-14T08:00:00+00:00,0.0001,0.0
2022-08-14 16:00:00+00:00,1660492800000,2022-08-14T16:00:00+00:00,5.903e-05,0.0
2022-08-15 00:00:00.010000+00:00,1660521600010,2022-08-15T00:00:00.010000+00:00,0.0001,0.0
2022-08-15 08:00:00.002000+00:00,1660550400002,2022-08-15T08:00:00.002000+00:00,0.0001,0.0
2022-08-15 16:00:00.010000+00:00,1660579200010,2022-08-15T16:00:00.010000+00:00,0.0001,0.0
2022-08-16 00:00:00.010000+00:00,1660608000010,2022-08-16T00:00:00.010000+00:00,5.359e-05,0.0
2022-08-16 08:00:00.002000+00:00,1660636800002,2022-08-16T08:00:00.002000+00:00,0.0001,0.0
2022-08-16 16:00:00+00:00,1660665600000,2022-08-16T16:00:00+00:00,7.023e-05,0.0
2022-08-17 00:00:00.020000+00:00,1660694400020,2022-08-17T00:00:00.020000+00:00,5.26e-05,0.0
2022-08-17 08:00:00.016000+00:00,1660723200016,2022-08-17T08:00:00.016000+00:00,2.94e-06,0.0
2022-08-17 16:00:00.001000+00:00,1660752000001,2022-08-17T16:00:00.001000+00:00,3.733e-05,0.0
2022-08-18 00:00:00.005000+00:00,1660780800005,2022-08-18T00:00:00.005000+00:00,-0.0001383,0.0
2022-08-18 08:00:00.012000+00:00,1660809600012,2022-08-18T08:00:00.012000+00:00,3.437e-05,0.0
2022-08-18 16:00:00.013000+00:00,1660838400013,2022-08-18T16:00:00.013000+00:00,-0.00010846,0.0
2022-08-19 00:00:00+00:00,1660867200000,2022-08-19T00:00:00+00:00,6.21e-06,0.0
2022-08-19 08:00:00+00:00,1660896000000,2022-08-19T08:00:00+00:00,-0.00038828,0.0
2022-08-19 16:00:00.009000+00:00,1660924800009,2022-08-19T16:00:00.009000+00:00,-0.00033393,0.0
2022-08-20 00:00:00+00:00,1660953600000,2022-08-20T00:00:00+00:00,-0.00011506,0.0
2022-08-20 08:00:00.005000+00:00,1660982400005,2022-08-20T08:00:00.005000+00:00,-5.997e-05,0.0
2022-08-20 16:00:00+00:00,1661011200000,2022-08-20T16:00:00+00:00,-1.428e-05,0.0
2022-08-21 00:00:00.010000+00:00,1661040000010,2022-08-21T00:00:00.010000+00:00,-0.00010479,0.0
2022-08-21 08:00:00.013000+00:00,1661068800013,2022-08-21T08:00:00.013000+00:00,-8.599e-05,0.0
2022-08-21 16:00:00+00:00,1661097600000,2022-08-21T16:00:00+00:00,-0.00026181,0.0
2022-08-22 00:00:00.011000+00:00,1661126400011,2022-08-22T00:00:00.011000+00:00,-0.0003227,0.0
2022-08-22 08:00:00.005000+00:00,1661155200005,2022-08-22T08:00:00.005000+00:00,-2.91e-05,0.0
2022-08-22 16:00:00.005000+00:00,1661184000005,2022-08-22T16:00:00.005000+00:00,-9.817e-05,0.0
2022-08-23 00:00:00+00:00,1661212800000,2022-08-23T00:00:00+00:00,-4.493e-05,0.0
2022-08-23 08:00:00.021000+00:00,1661241600021,2022-08-23T08:00:00.021000+00:00,6.755e-05,0.0
2022-08-23 16:00:00.005000+00:00,1661270400005,2022-08-23T16:00:00.005000+00:00,4.169e-05,0.0
2022-08-24 00:00:00.017000+00:00,1661299200017,2022-08-24T00:00:00.017000+00:00,7.789e-05,0.0
2022-08-24 08:00:00.021000+00:00,1661328000021,2022-08-24T08:00:00.021000+00:00,-8.471e-05,0.0
2022-08-24 16:00:00+00:00,1661356800000,2022-08-24T16:00:00+00:00,-5.88e-06,0.0
2022-08-25 00:00:00.003000+00:00,1661385600003,2022-08-25T00:00:00.003000+00:00,2.438e-05,0.0
2022-08-25 08:00:00+00:00,1661414400000,2022-08-25T08:00:00+00:00,-0.00015818,0.0
2022-08-25 16:00:00.004000+00:00,1661443200004,2022-08-25T16:00:00.004000+00:00,-0.0001082,0.0
2022-08-26 00:00:00.001000+00:00,1661472000001,2022-08-26T00:00:00.001000+00:00,-8.608e-05,0.0
2022-08-26 08:00:00.004000+00:00,1661500800004,2022-08-26T08:00:00.004000+00:00,-0.00030594,0.0
2022-08-26 16:00:00+00:00,1661529600000,2022-08-26T16:00:00+00:00,-0.00012159,0.0
2022-08-27 00:00:00.010000+00:00,1661558400010,2022-08-27T00:00:00.010000+00:00,-0.00044781,0.0
2022-08-27 08:00:00.007000+00:00,1661587200007,2022-08-27T08:00:00.007000+00:00,-0.00042888,0.0
2022-08-27 16:00:00.008000+00:00,1661616000008,2022-08-27T16:00:00.008000+00:00,-0.00023003,0.0
2022-08-28 00:00:00.019000+00:00,1661644800019,2022-08-28T00:00:00.019000+00:00,-0.00040142,0.0
2022-08-28 08:00:00+00:00,1661673600000,2022-08-28T08:00:00+00:00,-0.00026121,0.0
2022-08-28 16:00:00+00:00,1661702400000,2022-08-28T16:00:00+00:00,-0.00027065,0.0
2022-08-29 00:00:00+00:00,1661731200000,2022-08-29T00:00:00+00:00,-0.00049567,0.0
2022-08-29 08:00:00+00:00,1661760000000,2022-08-29T08:00:00+00:00,-0.00023722,0.0
2022-08-29 16:00:00.001000+00:00,1661788800001,2022-08-29T16:00:00.001000+00:00,-1.951e-05,0.0
2022-08-30 00:00:00.001000+00:00,1661817600001,2022-08-30T00:00:00.001000+00:00,4.076e-05,0.0
2022-08-30 08:00:00.005000+00:00,1661846400005,2022-08-30T08:00:00.005000+00:00,-5.69e-06,0.0
2022-08-30 16:00:00.010000+00:00,1661875200010,2022-08-30T16:00:00.010000+00:00,-9.646e-05,0.0
2022-08-31 00:00:00+00:00,1661904000000,2022-08-31T00:00:00+00:00,3.327e-05,0.0
2022-08-31 08:00:00.005000+00:00,1661932800005,2022-08-31T08:00:00.005000+00:00,4.943e-05,0.0
2022-08-31 16:00:00.013000+00:00,1661961600013,2022-08-31T16:00:00.013000+00:00,-1.411e-05,0.0
2022-09-01 00:00:00.012000+00:00,1661990400012,2022-09-01T00:00:00.012000+00:00,1.033e-05,0.0
2022-09-01 08:00:00+00:00,1662019200000,2022-09-01T08:00:00+00:00,-0.00010618,0.0
2022-09-01 16:00:00.013000+00:00,1662048000013,2022-09-01T16:00:00.013000+00:00,3.81e-06,0.0
2022-09-02 00:00:00.002000+00:00,1662076800002,2022-09-02T00:00:00.002000+00:00,5.04e-05,0.0
2022-09-02 08:00:00.013000+00:00,1662105600013,2022-09-02T08:00:00.013000+00:00,0.0001,0.0
2022-09-02 16:00:00+00:00,1662134400000,2022-09-02T16:00:00+00:00,7.74e-05,0.0
2022-09-03 00:00:00+00:00,1662163200000,2022-09-03T00:00:00+00:00,-0.00014696,0.0
2022-09-03 08:00:00.002000+00:00,1662192000002,2022-09-03T08:00:00.002000+00:00,-6.406e-05,0.0
2022-09-03 16:00:00.007000+00:00,1662220800007,2022-09-03T16:00:00.007000+00:00,-0.00012061,0.0
2022-09-04 00:00:00.008000+00:00,1662249600008,2022-09-04T00:00:00.008000+00:00,-1.164e-05,0.0
2022-09-04 08:00:00.009000+00:00,1662278400009,2022-09-04T08:00:00.009000+00:00,6.509e-05,0.0
2022-09-04 16:00:00+00:00,1662307200000,2022-09-04T16:00:00+00:00,0.0001,0.0
2022-09-05 00:00:00.015000+00:00,1662336000015,2022-09-05T00:00:00.015000+00:00,8.913e-05,0.0
2022-09-05 08:00:00.013000+00:00,1662364800013,2022-09-05T08:00:00.013000+00:00,0.0001,0.0
2022-09-05 16:00:00.007000+00:00,1662393600007,2022-09-05T16:00:00.007000+00:00,1.162e-05,0.0
2022-09-06 00:00:00.018000+00:00,1662422400018,2022-09-06T00:00:00.018000+00:00,9.084e-05,0.0
2022-09-06 08:00:00.020000+00:00,1662451200020,2022-09-06T08:00:00.020000+00:00,0.0001,0.0
2022-09-06 16:00:00.028000+00:00,1662480000028,2022-09-06T16:00:00.028000+00:00,0.0001,0.0
2022-09-07 00:00:00.013000+00:00,1662508800013,2022-09-07T00:00:00.013000+00:00,-0.00016706,0.0
2022-09-07 08:00:00.022000+00:00,1662537600022,2022-09-07T08:00:00.022000+00:00,-7.127e-05,0.0
2022-09-07 16:00:00.021000+00:00,1662566400021,2022-09-07T16:00:00.021000+00:00,-1.799e-05,0.0
2022-09-08 00:00:00.010000+00:00,1662595200010,2022-09-08T00:00:00.010000+00:00,0.0001,0.0
2022-09-08 08:00:00+00:00,1662624000000,2022-09-08T08:00:00+00:00,0.0001,0.0
2022-09-08 16:00:00.003000+00:00,1662652800003,2022-09-08T16:00:00.003000+00:00,0.0001,0.0
2022-09-09 00:00:00.011000+00:00,1662681600011,2022-09-09T00:00:00.011000+00:00,0.0001,0.0
2022-09-09 08:00:00+00:00,1662710400000,2022-09-09T08:00:00+00:00,0.0001,0.0
2022-09-09 16:00:00+00:00,1662739200000,2022-09-09T16:00:00+00:00,0.0001,0.0
2022-09-10 00:00:00.003000+00:00,1662768000003,2022-09-10T00:00:00.003000+00:00,0.0001,0.0
2022-09-10 08:00:00+00:00,1662796800000,2022-09-10T08:00:00+00:00,0.0001,0.0
2022-09-10 16:00:00.012000+00:00,1662825600012,2022-09-10T16:00:00.012000+00:00,0.0001,0.0
2022-09-11 00:00:00.009000+00:00,1662854400009,2022-09-11T00:00:00.009000+00:00,0.0001,0.0
2022-09-11 08:00:00.012000+00:00,1662883200012,2022-09-11T08:00:00.012000+00:00,9.056e-05,0.0
2022-09-11 16:00:00.005000+00:00,1662912000005,2022-09-11T16:00:00.005000+00:00,5.748e-05,0.0
2022-09-12 00:00:00.007000+00:00,1662940800007,2022-09-12T00:00:00.007000+00:00,5.331e-05,0.0
2022-09-12 08:00:00.013000+00:00,1662969600013,2022-09-12T08:00:00.013000+00:00,6.804e-05,0.0
2022-09-12 16:00:00+00:00,1662998400000,2022-09-12T16:00:00+00:00,0.0001,0.0
2022-09-13 00:00:00.004000+00:00,1663027200004,2022-09-13T00:00:00.004000+00:00,9.816e-05,0.0
2022-09-13 08:00:00+00:00,1663056000000,2022-09-13T08:00:00+00:00,1.301e-05,0.0
2022-09-13 16:00:00+00:00,1663084800000,2022-09-13T16:00:00+00:00,1.102e-05,0.0
2022-09-14 00:00:00+00:00,1663113600000,2022-09-14T00:00:00+00:00,-0.00012007,0.0
2022-09-14 08:00:00+00:00,1663142400000,2022-09-14T08:00:00+00:00,-0.00016733,0.0
2022-09-14 16:00:00+00:00,1663171200000,2022-09-14T16:00:00+00:00,-0.00017481,0.0
2022-09-15 00:00:00.019000+00:00,1663200000019,2022-09-15T00:00:00.019000+00:00,-3.747e-05,0.0
2022-09-15 08:00:00.012000+00:00,1663228800012,2022-09-15T08:00:00.012000+00:00,4.054e-05,0.0
2022-09-15 16:00:00.007000+00:00,1663257600007,2022-09-15T16:00:00.007000+00:00,-1.19e-05,0.0
2022-09-16 00:00:00+00:00,1663286400000,2022-09-16T00:00:00+00:00,4.718e-05,0.0
2022-09-16 08:00:00+00:00,1663315200000,2022-09-16T08:00:00+00:00,9.735e-05,0.0
2022-09-16 16:00:00+00:00,1663344000000,2022-09-16T16:00:00+00:00,6.856e-05,0.0
2022-09-17 00:00:00+00:00,1663372800000,2022-09-17T00:00:00+00:00,6.919e-05,0.0
2022-09-17 08:00:00.012000+00:00,1663401600012,2022-09-17T08:00:00.012000+00:00,5.892e-05,0.0
2022-09-17 16:00:00.017000+00:00,1663430400017,2022-09-17T16:00:00.017000+00:00,-2.2e-05,0.0
2022-09-18 00:00:00+00:00,1663459200000,2022-09-18T00:00:00+00:00,-1.851e-05,0.0
2022-09-18 08:00:00.004000+00:00,1663488000004,2022-09-18T08:00:00.004000+00:00,8.689e-05,0.0
2022-09-18 16:00:00+00:00,1663516800000,2022-09-18T16:00:00+00:00,0.0001,0.0
2022-09-19 00:00:00.018000+00:00,1663545600018,2022-09-19T00:00:00.018000+00:00,-6.003e-05,0.0
2022-09-19 08:00:00.006000+00:00,1663574400006,2022-09-19T08:00:00.006000+00:00,1.902e-05,0.0
2022-09-19 16:00:00.010000+00:00,1663603200010,2022-09-19T16:00:00.010000+00:00,-7.24e-05,0.0
2022-09-20 00:00:00.007000+00:00,1663632000007,2022-09-20T00:00:00.007000+00:00,4.552e-05,0.0
2022-09-20 08:00:00.001000+00:00,1663660800001,2022-09-20T08:00:00.001000+00:00,0.0001,0.0
2022-09-20 16:00:00+00:00,1663689600000,2022-09-20T16:00:00+00:00,1.907e-05,0.0
2022-09-21 00:00:00.001000+00:00,1663718400001,2022-09-21T00:00:00.001000+00:00,-1.212e-05,0.0
2022-09-21 08:00:00.005000+00:00,1663747200005,2022-09-21T08:00:00.005000+00:00,-3.318e-05,0.0
2022-09-21 16:00:00+00:00,1663776000000,2022-09-21T16:00:00+00:00,1.837e-05,0.0
2022-09-22 00:00:00+00:00,1663804800000,2022-09-22T00:00:00+00:00,-0.00018851,0.0
2022-09-22 08:00:00+00:00,1663833600000,2022-09-22T08:00:00+00:00,-0.00013428,0.0
2022-09-22 16:00:00.011000+00:00,1663862400011,2022-09-22T16:00:00.011000+00:00,0.0001,0.0
2022-09-23 00:00:00.023000+00:00,1663891200023,2022-09-23T00:00:00.023000+00:00,0.0001,0.0
2022-09-23 08:00:00.004000+00:00,1663920000004,2022-09-23T08:00:00.004000+00:00,0.0001,0.0
2022-09-23 16:00:00.005000+00:00,1663948800005,2022-09-23T16:00:00.005000+00:00,-0.00010164,0.0
2022-09-24 00:00:00+00:00,1663977600000,2022-09-24T00:00:00+00:00,0.0001,0.0
2022-09-24 08:00:00.005000+00:00,1664006400005,2022-09-24T08:00:00.005000+00:00,0.0001,0.0
2022-09-24 16:00:00+00:00,1664035200000,2022-09-24T16:00:00+00:00,0.0001,0.0
2022-09-25 00:00:00.010000+00:00,1664064000010,2022-09-25T00:00:00.010000+00:00,0.0001,0.0
2022-09-25 08:00:00+00:00,1664092800000,2022-09-25T08:00:00+00:00,0.0001,0.0
2022-09-25 16:00:00.003000+00:00,1664121600003,2022-09-25T16:00:00.003000+00:00,0.0001,0.0
2022-09-26 00:00:00.001000+00:00,1664150400001,2022-09-26T00:00:00.001000+00:00,3.61e-05,0.0
2022-09-26 08:00:00.006000+00:00,1664179200006,2022-09-26T08:00:00.006000+00:00,8.988e-05,0.0
2022-09-26 16:00:00+00:00,1664208000000,2022-09-26T16:00:00+00:00,6.761e-05,0.0
2022-09-27 00:00:00.026000+00:00,1664236800026,2022-09-27T00:00:00.026000+00:00,0.0001,0.0
2022-09-27 08:00:00.004000+00:00,1664265600004,2022-09-27T08:00:00.004000+00:00,0.0001,0.0
2022-09-27 16:00:00.006000+00:00,1664294400006,2022-09-27T16:00:00.006000+00:00,9.514e-05,0.0
2022-09-28 00:00:00.011000+00:00,1664323200011,2022-09-28T00:00:00.011000+00:00,-0.00013748,0.0
2022-09-28 08:00:00+00:00,1664352000000,2022-09-28T08:00:00+00:00,1.343e-05,0.0
2022-09-28 16:00:00+00:00,1664380800000,2022-09-28T16:00:00+00:00,-0.00011599,0.0
2022-09-29 00:00:00.010000+00:00,1664409600010,2022-09-29T00:00:00.010000+00:00,-6.72e-06,0.0
2022-09-29 08:00:00+00:00,1664438400000,2022-09-29T08:00:00+00:00,0.0001,0.0
2022-09-29 16:00:00+00:00,1664467200000,2022-09-29T16:00:00+00:00,0.0001,0.0
2022-09-30 00:00:00.006000+00:00,1664496000006,2022-09-30T00:00:00.006000+00:00,0.0001,0.0
2022-09-30 08:00:00.002000+00:00,1664524800002,2022-09-30T08:00:00.002000+00:00,-1.118e-05,0.0
2022-09-30 16:00:00.007000+00:00,1664553600007,2022-09-30T16:00:00.007000+00:00,0.0001,0.0
2022-10-01 00:00:00.008000+00:00,1664582400008,2022-10-01T00:00:00.008000+00:00,5.725e-05,0.0
2022-10-01 08:00:00.011000+00:00,1664611200011,2022-10-01T08:00:00.011000+00:00,-9.37e-06,0.0
2022-10-01 16:00:00+00:00,1664640000000,2022-10-01T16:00:00+00:00,-8.454e-05,0.0
2022-10-02 00:00:00+00:00,1664668800000,2022-10-02T00:00:00+00:00,-3.16e-06,0.0
2022-10-02 08:00:00+00:00,1664697600000,2022-10-02T08:00:00+00:00,-0.00012694,0.0
2022-10-02 16:00:00.006000+00:00,1664726400006,2022-10-02T16:00:00.006000+00:00,-5.076e-05,0.0
2022-10-03 00:00:00+00:00,1664755200000,2022-10-03T00:00:00+00:00,0.0001,0.0
2022-10-03 08:00:00.014000+00:00,1664784000014,2022-10-03T08:00:00.014000+00:00,0.0001,0.0
2022-10-03 16:00:00.010000+00:00,1664812800010,2022-10-03T16:00:00.010000+00:00,-3.979e-05,0.0
2022-10-04 00:00:00.006000+00:00,1664841600006,2022-10-04T00:00:00.006000+00:00,4.722e-05,0.0
2022-10-04 08:00:00.004000+00:00,1664870400004,2022-10-04T08:00:00.004000+00:00,0.0001,0.0
2022-10-04 16:00:00.013000+00:00,1664899200013,2022-10-04T16:00:00.013000+00:00,-5.705e-05,0.0
2022-10-05 00:00:00+00:00,1664928000000,2022-10-05T00:00:00+00:00,-2.002e-05,0.0
2022-10-05 08:00:00+00:00,1664956800000,2022-10-05T08:00:00+00:00,4.8e-05,0.0
2022-10-05 16:00:00.012000+00:00,1664985600012,2022-10-05T16:00:00.012000+00:00,7.886e-05,0.0
2022-10-06 00:00:00.008000+00:00,1665014400008,2022-10-06T00:00:00.008000+00:00,2.369e-05,0.0
2022-10-06 08:00:00.002000+00:00,1665043200002,2022-10-06T08:00:00.002000+00:00,0.0001,0.0
2022-10-06 16:00:00.006000+00:00,1665072000006,2022-10-06T16:00:00.006000+00:00,6.34e-06,0.0
2022-10-07 00:00:00+00:00,1665100800000,2022-10-07T00:00:00+00:00,5e-08,0.0
2022-10-07 08:00:00+00:00,1665129600000,2022-10-07T08:00:00+00:00,8.021e-05,0.0
2022-10-07 16:00:00.007000+00:00,1665158400007,2022-10-07T16:00:00.007000+00:00,-0.00014355,0.0
2022-10-08 00:00:00.010000+00:00,1665187200010,2022-10-08T00:00:00.010000+00:00,-8e-07,0.0
2022-10-08 08:00:00.004000+00:00,1665216000004,2022-10-08T08:00:00.004000+00:00,0.0001,0.0
2022-10-08 16:00:00.018000+00:00,1665244800018,2022-10-08T16:00:00.018000+00:00,0.0001,0.0
2022-10-09 00:00:00+00:00,1665273600000,2022-10-09T00:00:00+00:00,-5.496e-05,0.0
2022-10-09 08:00:00.007000+00:00,1665302400007,2022-10-09T08:00:00.007000+00:00,3.166e-05,0.0
2022-10-09 16:00:00.011000+00:00,1665331200011,2022-10-09T16:00:00.011000+00:00,-7.535e-05,0.0
2022-10-10 00:00:00.018000+00:00,1665360000018,2022-10-10T00:00:00.018000+00:00,0.0001,0.0
2022-10-10 08:00:00+00:00,1665388800000,2022-10-10T08:00:00+00:00,0.0001,0.0
2022-10-10 16:00:00.026000+00:00,1665417600026,2022-10-10T16:00:00.026000+00:00,0.0001,0.0
2022-10-11 00:00:00.020000+00:00,1665446400020,2022-10-11T00:00:00.020000+00:00,0.0001,0.0
2022-10-11 08:00:00.027000+00:00,1665475200027,2022-10-11T08:00:00.027000+00:00,0.0001,0.0
2022-10-11 16:00:00+00:00,1665504000000,2022-10-11T16:00:00+00:00,1.173e-05,0.0
2022-10-12 00:00:00.014000+00:00,1665532800014,2022-10-12T00:00:00.014000+00:00,3.208e-05,0.0
2022-10-12 08:00:00+00:00,1665561600000,2022-10-12T08:00:00+00:00,-6.356e-05,0.0
2022-10-12 16:00:00+00:00,1665590400000,2022-10-12T16:00:00+00:00,0.0001,0.0
2022-10-13 00:00:00.013000+00:00,1665619200013,2022-10-13T00:00:00.013000+00:00,2.943e-05,0.0
2022-10-13 08:00:00.016000+00:00,1665648000016,2022-10-13T08:00:00.016000+00:00,-5.1e-06,0.0
2022-10-13 16:00:00.009000+00:00,1665676800009,2022-10-13T16:00:00.009000+00:00,-0.00018636,0.0
2022-10-14 00:00:00.020000+00:00,1665705600020,2022-10-14T00:00:00.020000+00:00,-5.035e-05,0.0
2022-10-14 08:00:00+00:00,1665734400000,2022-10-14T08:00:00+00:00,3.869e-05,0.0
2022-10-14 16:00:00.009000+00:00,1665763200009,2022-10-14T16:00:00.009000+00:00,8.847e-05,0.0
2022-10-15 00:00:00.001000+00:00,1665792000001,2022-10-15T00:00:00.001000+00:00,2.301e-05,0.0
2022-10-15 08:00:00.005000+00:00,1665820800005,2022-10-15T08:00:00.005000+00:00,-7.96e-05,0.0
2022-10-15 16:00:00.004000+00:00,1665849600004,2022-10-15T16:00:00.004000+00:00,-6.648e-05,0.0
2022-10-16 00:00:00.012000+00:00,1665878400012,2022-10-16T00:00:00.012000+00:00,3.129e-05,0.0
2022-10-16 08:00:00+00:00,1665907200000,2022-10-16T08:00:00+00:00,-0.00010784,0.0
2022-10-16 16:00:00.010000+00:00,1665936000010,2022-10-16T16:00:00.010000+00:00,-8.849e-05,0.0
2022-10-17 00:00:00.012000+00:00,1665964800012,2022-10-17T00:00:00.012000+00:00,-0.00011773,0.0
2022-10-17 08:00:00.010000+00:00,1665993600010,2022-10-17T08:00:00.010000+00:00,1.724e-05,0.0
2022-10-17 16:00:00.017000+00:00,1666022400017,2022-10-17T16:00:00.017000+00:00,5.717e-05,0.0
2022-10-18 00:00:00.010000+00:00,1666051200010,2022-10-18T00:00:00.010000+00:00,1.567e-05,0.0
2022-10-18 08:00:00.008000+00:00,1666080000008,2022-10-18T08:00:00.008000+00:00,0.0001,0.0
2022-10-18 16:00:00+00:00,1666108800000,2022-10-18T16:00:00+00:00,9.704e-05,0.0
2022-10-19 00:00:00.007000+00:00,1666137600007,2022-10-19T00:00:00.007000+00:00,3.131e-05,0.0
2022-10-19 08:00:00.022000+00:00,1666166400022,2022-10-19T08:00:00.022000+00:00,0.0001,0.0
2022-10-19 16:00:00.016000+00:00,1666195200016,2022-10-19T16:00:00.016000+00:00,0.0001,0.0
2022-10-20 00:00:00+00:00,1666224000000,2022-10-20T00:00:00+00:00,8.555e-05,0.0
2022-10-20 08:00:00.013000+00:00,1666252800013,2022-10-20T08:00:00.013000+00:00,0.0001,0.0
2022-10-20 16:00:00+00:00,1666281600000,2022-10-20T16:00:00+00:00,9.895e-05,0.0
2022-10-21 00:00:00.005000+00:00,1666310400005,2022-10-21T00:00:00.005000+00:00,0.0001,0.0
2022-10-21 08:00:00.018000+00:00,1666339200018,2022-10-21T08:00:00.018000+00:00,7.42e-06,0.0
2022-10-21 16:00:00+00:00,1666368000000,2022-10-21T16:00:00+00:00,4.104e-05,0.0
2022-10-22 00:00:00+00:00,1666396800000,2022-10-22T00:00:00+00:00,-0.00016497,0.0
2022-10-22 08:00:00.015000+00:00,1666425600015,2022-10-22T08:00:00.015000+00:00,-1.121e-05,0.0
2022-10-22 16:00:00+00:00,1666454400000,2022-10-22T16:00:00+00:00,-9.324e-05,0.0
2022-10-23 00:00:00.025000+00:00,1666483200025,2022-10-23T00:00:00.025000+00:00,3.894e-05,0.0
2022-10-23 08:00:00+00:00,1666512000000,2022-10-23T08:00:00+00:00,1.405e-05,0.0
2022-10-23 16:00:00.004000+00:00,1666540800004,2022-10-23T16:00:00.004000+00:00,7.513e-05,0.0
2022-10-24 00:00:00.009000+00:00,1666569600009,2022-10-24T00:00:00.009000+00:00,0.0001,0.0
2022-10-24 08:00:00.012000+00:00,1666598400012,2022-10-24T08:00:00.012000+00:00,0.0001,0.0
2022-10-24 16:00:00.002000+00:00,1666627200002,2022-10-24T16:00:00.002000+00:00,-3.209e-05,0.0
2022-10-25 00:00:00.013000+00:00,1666656000013,2022-10-25T00:00:00.013000+00:00,-1.944e-05,0.0
2022-10-25 08:00:00.013000+00:00,1666684800013,2022-10-25T08:00:00.013000+00:00,9.947e-05,0.0
2022-10-25 16:00:00+00:00,1666713600000,2022-10-25T16:00:00+00:00,1.166e-05,0.0
2022-10-26 00:00:00.006000+00:00,1666742400006,2022-10-26T00:00:00.006000+00:00,0.0001,0.0
2022-10-26 08:00:00.013000+00:00,1666771200013,2022-10-26T08:00:00.013000+00:00,0.0001,0.0
2022-10-26 16:00:00+00:00,1666800000000,2022-10-26T16:00:00+00:00,8.93e-06,0.0
2022-10-27 00:00:00.009000+00:00,1666828800009,2022-10-27T00:00:00.009000+00:00,6.525e-05,0.0
2022-10-27 08:00:00.006000+00:00,1666857600006,2022-10-27T08:00:00.006000+00:00,0.0001,0.0
2022-10-27 16:00:00.009000+00:00,1666886400009,2022-10-27T16:00:00.009000+00:00,8.781e-05,0.0
2022-10-28 00:00:00+00:00,1666915200000,2022-10-28T00:00:00+00:00,6.137e-05,0.0
2022-10-28 08:00:00+00:00,1666944000000,2022-10-28T08:00:00+00:00,7.565e-05,0.0
2022-10-28 16:00:00.007000+00:00,1666972800007,2022-10-28T16:00:00.007000+00:00,-6.715e-05,0.0
2022-10-29 00:00:00+00:00,1667001600000,2022-10-29T00:00:00+00:00,0.0001,0.0
2022-10-29 08:00:00.003000+00:00,1667030400003,2022-10-29T08:00:00.003000+00:00,0.0001,0.0
2022-10-29 16:00:00.010000+00:00,1667059200010,2022-10-29T16:00:00.010000+00:00,0.0001,0.0
2022-10-30 00:00:00+00:00,1667088000000,2022-10-30T00:00:00+00:00,7.022e-05,0.0
2022-10-30 08:00:00.013000+00:00,1667116800013,2022-10-30T08:00:00.013000+00:00,0.0001,0.0
2022-10-30 16:00:00.009000+00:00,1667145600009,2022-10-30T16:00:00.009000+00:00,0.0001,0.0
2022-10-31 00:00:00.012000+00:00,1667174400012,2022-10-31T00:00:00.012000+00:00,0.0001,0.0
2022-10-31 08:00:00+00:00,1667203200000,2022-10-31T08:00:00+00:00,0.0001,0.0
2022-10-31 16:00:00.010000+00:00,1667232000010,2022-10-31T16:00:00.010000+00:00,5.671e-05,0.0
2022-11-01 00:00:00+00:00,1667260800000,2022-11-01T00:00:00+00:00,-7.785e-05,0.0
2022-11-01 08:00:00+00:00,1667289600000,2022-11-01T08:00:00+00:00,-3.806e-05,0.0
2022-11-01 16:00:00+00:00,1667318400000,2022-11-01T16:00:00+00:00,-6.234e-05,0.0
2022-11-02 00:00:00+00:00,1667347200000,2022-11-02T00:00:00+00:00,9.5e-07,0.0
2022-11-02 08:00:00+00:00,1667376000000,2022-11-02T08:00:00+00:00,1.628e-05,0.0
2022-11-02 16:00:00.019000+00:00,1667404800019,2022-11-02T16:00:00.019000+00:00,4.18e-06,0.0
2022-11-03 00:00:00.011000+00:00,1667433600011,2022-11-03T00:00:00.011000+00:00,-0.00025803,0.0
2022-11-03 08:00:00.016000+00:00,1667462400016,2022-11-03T08:00:00.016000+00:00,6.571e-05,0.0
2022-11-03 16:00:00.005000+00:00,1667491200005,2022-11-03T16:00:00.005000+00:00,2.784e-05,0.0
2022-11-04 00:00:00+00:00,1667520000000,2022-11-04T00:00:00+00:00,-8.29e-05,0.0
2022-11-04 08:00:00.004000+00:00,1667548800004,2022-11-04T08:00:00.004000+00:00,0.0001,0.0
2022-11-04 16:00:00.020000+00:00,1667577600020,2022-11-04T16:00:00.020000+00:00,9.262e-05,0.0
2022-11-05 00:00:00.009000+00:00,1667606400009,2022-11-05T00:00:00.009000+00:00,0.0001,0.0
2022-11-05 08:00:00.007000+00:00,1667635200007,2022-11-05T08:00:00.007000+00:00,0.0001,0.0
2022-11-05 16:00:00.018000+00:00,1667664000018,2022-11-05T16:00:00.018000+00:00,0.0001,0.0
2022-11-06 00:00:00.009000+00:00,1667692800009,2022-11-06T00:00:00.009000+00:00,0.0001,0.0
2022-11-06 08:00:00+00:00,1667721600000,2022-11-06T08:00:00+00:00,0.0001,0.0
2022-11-06 16:00:00.010000+00:00,1667750400010,2022-11-06T16:00:00.010000+00:00,0.0001,0.0
2022-11-07 00:00:00.012000+00:00,1667779200012,2022-11-07T00:00:00.012000+00:00,0.0001,0.0
2022-11-07 08:00:00.014000+00:00,1667808000014,2022-11-07T08:00:00.014000+00:00,9.319e-05,0.0
2022-11-07 16:00:00.006000+00:00,1667836800006,2022-11-07T16:00:00.006000+00:00,0.0001,0.0
2022-11-08 00:00:00+00:00,1667865600000,2022-11-08T00:00:00+00:00,-0.00035346,0.0
2022-11-08 08:00:00.001000+00:00,1667894400001,2022-11-08T08:00:00.001000+00:00,-0.00124635,0.0
2022-11-08 16:00:00.005000+00:00,1667923200005,2022-11-08T16:00:00.005000+00:00,-0.00059042,0.0
2022-11-09 00:00:00+00:00,1667952000000,2022-11-09T00:00:00+00:00,-0.0075,0.0
2022-11-09 08:00:00.013000+00:00,1667980800013,2022-11-09T08:00:00.013000+00:00,-0.0075,0.0
2022-11-09 16:00:00.004000+00:00,1668009600004,2022-11-09T16:00:00.004000+00:00,-0.015,0.0
2022-11-09 20:00:00.018000+00:00,1668024000018,2022-11-09T20:00:00.018000+00:00,-0.02,0.0
2022-11-10 00:00:00.006000+00:00,1668038400006,2022-11-10T00:00:00.006000+00:00,-0.02,0.0
2022-11-10 04:00:00.011000+00:00,1668052800011,2022-11-10T04:00:00.011000+00:00,-0.02,0.0
2022-11-10 06:00:00+00:00,1668060000000,2022-11-10T06:00:00+00:00,-0.02,0.0
2022-11-10 08:00:00+00:00,1668067200000,2022-11-10T08:00:00+00:00,-0.02,0.0
2022-11-10 10:00:00+00:00,1668074400000,2022-11-10T10:00:00+00:00,-0.02,0.0
2022-11-10 12:00:00+00:00,1668081600000,2022-11-10T12:00:00+00:00,-0.02,0.0
2022-11-10 14:00:00.007000+00:00,1668088800007,2022-11-10T14:00:00.007000+00:00,-0.00937683,0.0
2022-11-10 16:00:00.015000+00:00,1668096000015,2022-11-10T16:00:00.015000+00:00,-0.00801579,0.0
2022-11-10 18:00:00.011000+00:00,1668103200011,2022-11-10T18:00:00.011000+00:00,-0.01610749,0.0
2022-11-10 20:00:00+00:00,1668110400000,2022-11-10T20:00:00+00:00,-0.01792917,0.0
2022-11-10 22:00:00+00:00,1668117600000,2022-11-10T22:00:00+00:00,-0.00023209,0.0
2022-11-11 00:00:00+00:00,1668124800000,2022-11-11T00:00:00+00:00,-0.00262997,0.0
2022-11-11 02:00:00.011000+00:00,1668132000011,2022-11-11T02:00:00.011000+00:00,-0.00229218,0.0
2022-11-11 04:00:00.003000+00:00,1668139200003,2022-11-11T04:00:00.003000+00:00,-0.00407097,0.0
2022-11-11 06:00:00.007000+00:00,1668146400007,2022-11-11T06:00:00.007000+00:00,-0.00209331,0.0
2022-11-11 08:00:00.015000+00:00,1668153600015,2022-11-11T08:00:00.015000+00:00,-0.00097284,0.0
2022-11-11 10:00:00.009000+00:00,1668160800009,2022-11-11T10:00:00.009000+00:00,-0.00229598,0.0
2022-11-11 12:00:00.005000+00:00,1668168000005,2022-11-11T12:00:00.005000+00:00,-0.0026638,0.0
2022-11-11 14:00:00+00:00,1668175200000,2022-11-11T14:00:00+00:00,-0.00373271,0.0
2022-11-11 16:00:00.027000+00:00,1668182400027,2022-11-11T16:00:00.027000+00:00,-0.01139731,0.0
2022-11-11 18:00:00+00:00,1668189600000,2022-11-11T18:00:00+00:00,-0.00145664,0.0
2022-11-11 20:00:00.004000+00:00,1668196800004,2022-11-11T20:00:00.004000+00:00,-0.00153438,0.0
2022-11-11 22:00:00+00:00,1668204000000,2022-11-11T22:00:00+00:00,-0.0007073,0.0
2022-11-12 00:00:00.007000+00:00,1668211200007,2022-11-12T00:00:00.007000+00:00,-0.00029718,0.0
2022-11-12 02:00:00.013000+00:00,1668218400013,2022-11-12T02:00:00.013000+00:00,-0.0018903,0.0
2022-11-12 04:00:00+00:00,1668225600000,2022-11-12T04:00:00+00:00,-0.00194529,0.0
2022-11-12 06:00:00.015000+00:00,1668232800015,2022-11-12T06:00:00.015000+00:00,-0.00678495,0.0
2022-11-12 08:00:00.016000+00:00,1668240000016,2022-11-12T08:00:00.016000+00:00,-0.00090442,0.0
2022-11-12 10:00:00.015000+00:00,1668247200015,2022-11-12T10:00:00.015000+00:00,-0.00043311,0.0
2022-11-12 12:00:00.014000+00:00,1668254400014,2022-11-12T12:00:00.014000+00:00,-0.00166604,0.0
2022-11-12 14:00:00.013000+00:00,1668261600013,2022-11-12T14:00:00.013000+00:00,-0.00153586,0.0
2022-11-12 16:00:00+00:00,1668268800000,2022-11-12T16:00:00+00:00,-0.00087212,0.0
2022-11-12 18:00:00+00:00,1668276000000,2022-11-12T18:00:00+00:00,-0.00018986,0.0
2022-11-12 20:00:00+00:00,1668283200000,2022-11-12T20:00:00+00:00,-0.0002072,0.0
2022-11-12 22:00:00.016000+00:00,1668290400016,2022-11-12T22:00:00.016000+00:00,-0.00097367,0.0
2022-11-13 00:00:00.004000+00:00,1668297600004,2022-11-13T00:00:00.004000+00:00,-0.00070342,0.0
2022-11-13 02:00:00.006000+00:00,1668304800006,2022-11-13T02:00:00.006000+00:00,-0.00078974,0.0
2022-11-13 04:00:00.001000+00:00,1668312000001,2022-11-13T04:00:00.001000+00:00,-0.00163101,0.0
2022-11-13 06:00:00.015000+00:00,1668319200015,2022-11-13T06:00:00.015000+00:00,-0.00033147,0.0
2022-11-13 08:00:00+00:00,1668326400000,2022-11-13T08:00:00+00:00,-0.0017701,0.0
2022-11-13 10:00:00+00:00,1668333600000,2022-11-13T10:00:00+00:00,-0.00099368,0.0
2022-11-13 12:00:00.007000+00:00,1668340800007,2022-11-13T12:00:00.007000+00:00,-0.00083974,0.0
2022-11-13 14:00:00.011000+00:00,1668348000011,2022-11-13T14:00:00.011000+00:00,-0.0008275,0.0
2022-11-13 16:00:00.017000+00:00,1668355200017,2022-11-13T16:00:00.017000+00:00,-0.00013499,0.0
2022-11-13 18:00:00.001000+00:00,1668362400001,2022-11-13T18:00:00.001000+00:00,1.458e-05,0.0
2022-11-13 20:00:00.011000+00:00,1668369600011,2022-11-13T20:00:00.011000+00:00,-0.00019347,0.0
2022-11-13 22:00:00.003000+00:00,1668376800003,2022-11-13T22:00:00.003000+00:00,-0.00049299,0.0
2022-11-14 00:00:00+00:00,1668384000000,2022-11-14T00:00:00+00:00,-0.0017293,0.0
2022-11-14 02:00:00+00:00,1668391200000,2022-11-14T02:00:00+00:00,-0.00444734,0.0
2022-11-14 04:00:00.004000+00:00,1668398400004,2022-11-14T04:00:00.004000+00:00,-0.00469829,0.0
2022-11-14 06:00:00+00:00,1668405600000,2022-11-14T06:00:00+00:00,-0.00025664,0.0
2022-11-14 08:00:00+00:00,1668412800000,2022-11-14T08:00:00+00:00,-0.00020798,0.0
2022-11-14 10:00:00+00:00,1668420000000,2022-11-14T10:00:00+00:00,-0.00037676,0.0
2022-11-14 12:00:00+00:00,1668427200000,2022-11-14T12:00:00+00:00,-0.00065817,0.0
2022-11-14 14:00:00.013000+00:00,1668434400013,2022-11-14T14:00:00.013000+00:00,2.5e-05,0.0
2022-11-14 16:00:00+00:00,1668441600000,2022-11-14T16:00:00+00:00,-0.00078889,0.0
2022-11-14 18:00:00+00:00,1668448800000,2022-11-14T18:00:00+00:00,-0.00120937,0.0
2022-11-14 20:00:00.021000+00:00,1668456000021,2022-11-14T20:00:00.021000+00:00,2.5e-05,0.0
2022-11-14 22:00:00.015000+00:00,1668463200015,2022-11-14T22:00:00.015000+00:00,-7.464e-05,0.0
2022-11-15 00:00:00.014000+00:00,1668470400014,2022-11-15T00:00:00.014000+00:00,2.5e-05,0.0
2022-11-15 02:00:00+00:00,1668477600000,2022-11-15T02:00:00+00:00,2.5e-05,0.0
2022-11-15 04:00:00.016000+00:00,1668484800016,2022-11-15T04:00:00.016000+00:00,-0.0004769,0.0
2022-11-15 06:00:00.010000+00:00,1668492000010,2022-11-15T06:00:00.010000+00:00,-0.00073828,0.0
2022-11-15 08:00:00.009000+00:00,1668499200009,2022-11-15T08:00:00.009000+00:00,2.5e-05,0.0
2022-11-15 10:00:00.018000+00:00,1668506400018,2022-11-15T10:00:00.018000+00:00,2.5e-05,0.0
2022-11-15 12:00:00.030000+00:00,1668513600030,2022-11-15T12:00:00.030000+00:00,-0.00022903,0.0
2022-11-15 14:00:00.006000+00:00,1668520800006,2022-11-15T14:00:00.006000+00:00,-0.00022959,0.0
2022-11-15 16:00:00.010000+00:00,1668528000010,2022-11-15T16:00:00.010000+00:00,-0.00071141,0.0
2022-11-15 18:00:00.010000+00:00,1668535200010,2022-11-15T18:00:00.010000+00:00,-0.00136816,0.0
2022-11-15 20:00:00+00:00,1668542400000,2022-11-15T20:00:00+00:00,-0.00066296,0.0
2022-11-15 22:00:00+00:00,1668549600000,2022-11-15T22:00:00+00:00,-0.00074848,0.0
2022-11-16 00:00:00.011000+00:00,1668556800011,2022-11-16T00:00:00.011000+00:00,-0.00095985,0.0
2022-11-16 02:00:00+00:00,1668564000000,2022-11-16T02:00:00+00:00,-0.00055134,0.0
2022-11-16 04:00:00.014000+00:00,1668571200014,2022-11-16T04:00:00.014000+00:00,-0.00094499,0.0
2022-11-16 06:00:00.006000+00:00,1668578400006,2022-11-16T06:00:00.006000+00:00,-0.00045854,0.0
2022-11-16 08:00:00.004000+00:00,1668585600004,2022-11-16T08:00:00.004000+00:00,-0.0009133,0.0
2022-11-16 10:00:00+00:00,1668592800000,2022-11-16T10:00:00+00:00,-0.0011055,0.0
2022-11-16 12:00:00+00:00,1668600000000,2022-11-16T12:00:00+00:00,-0.00107526,0.0
2022-11-16 14:00:00+00:00,1668607200000,2022-11-16T14:00:00+00:00,-0.00074867,0.0
2022-11-16 16:00:00.008000+00:00,1668614400008,2022-11-16T16:00:00.008000+00:00,-0.00031476,0.0
2022-11-16 18:00:00.018000+00:00,1668621600018,2022-11-16T18:00:00.018000+00:00,-0.00062708,0.0
2022-11-16 20:00:00.006000+00:00,1668628800006,2022-11-16T20:00:00.006000+00:00,-3.556e-05,0.0
2022-11-16 22:00:00+00:00,1668636000000,2022-11-16T22:00:00+00:00,-4.335e-05,0.0
2022-11-17 00:00:00+00:00,1668643200000,2022-11-17T00:00:00+00:00,-0.00015275,0.0
2022-11-17 02:00:00.009000+00:00,1668650400009,2022-11-17T02:00:00.009000+00:00,-8.299e-05,0.0
2022-11-17 04:00:00.022000+00:00,1668657600022,2022-11-17T04:00:00.022000+00:00,-0.00033443,0.0
2022-11-17 06:00:00.013000+00:00,1668664800013,2022-11-17T06:00:00.013000+00:00,-1.852e-05,0.0
2022-11-17 08:00:00+00:00,1668672000000,2022-11-17T08:00:00+00:00,-9.19e-05,0.0
2022-11-17 10:00:00.022000+00:00,1668679200022,2022-11-17T10:00:00.022000+00:00,-3.299e-05,0.0
2022-11-17 12:00:00.009000+00:00,1668686400009,2022-11-17T12:00:00.009000+00:00,2.5e-05,0.0
2022-11-17 14:00:00+00:00,1668693600000,2022-11-17T14:00:00+00:00,-0.00336778,0.0
2022-11-17 16:00:00.006000+00:00,1668700800006,2022-11-17T16:00:00.006000+00:00,-0.00141975,0.0
2022-11-17 18:00:00.003000+00:00,1668708000003,2022-11-17T18:00:00.003000+00:00,-0.00141426,0.0
2022-11-17 20:00:00.020000+00:00,1668715200020,2022-11-17T20:00:00.020000+00:00,-0.00038974,0.0
2022-11-17 22:00:00.008000+00:00,1668722400008,2022-11-17T22:00:00.008000+00:00,-0.00040385,0.0
2022-11-18 00:00:00.004000+00:00,1668729600004,2022-11-18T00:00:00.004000+00:00,-0.00107448,0.0
2022-11-18 02:00:00.004000+00:00,1668736800004,2022-11-18T02:00:00.004000+00:00,-0.00046528,0.0
2022-11-18 04:00:00+00:00,1668744000000,2022-11-18T04:00:00+00:00,-0.00035674,0.0
2022-11-18 06:00:00.007000+00:00,1668751200007,2022-11-18T06:00:00.007000+00:00,-0.00029566,0.0
2022-11-18 08:00:00.016000+00:00,1668758400016,2022-11-18T08:00:00.016000+00:00,-0.00021531,0.0
2022-11-18 16:00:00+00:00,1668787200000,2022-11-18T16:00:00+00:00,-0.00082757,0.0
2022-11-19 00:00:00+00:00,1668816000000,2022-11-19T00:00:00+00:00,-0.00068642,0.0
2022-11-19 08:00:00.004000+00:00,1668844800004,2022-11-19T08:00:00.004000+00:00,-0.00114938,0.0
2022-11-19 16:00:00.024000+00:00,1668873600024,2022-11-19T16:00:00.024000+00:00,-0.00052327,0.0
2022-11-20 00:00:00.015000+00:00,1668902400015,2022-11-20T00:00:00.015000+00:00,-0.00047571,0.0
2022-11-20 08:00:00.004000+00:00,1668931200004,2022-11-20T08:00:00.004000+00:00,-0.00037408,0.0
2022-11-20 16:00:00+00:00,1668960000000,2022-11-20T16:00:00+00:00,-0.00112922,0.0
2022-11-21 00:00:00.006000+00:00,1668988800006,2022-11-21T00:00:00.006000+00:00,-0.00075953,0.0
2022-11-21 08:00:00.015000+00:00,1669017600015,2022-11-21T08:00:00.015000+00:00,-0.0005083,0.0
2022-11-21 16:00:00+00:00,1669046400000,2022-11-21T16:00:00+00:00,-0.00116096,0.0
2022-11-22 00:00:00+00:00,1669075200000,2022-11-22T00:00:00+00:00,-0.00016606,0.0
2022-11-22 08:00:00+00:00,1669104000000,2022-11-22T08:00:00+00:00,-0.00056977,0.0
2022-11-22 16:00:00+00:00,1669132800000,2022-11-22T16:00:00+00:00,-0.00089583,0.0
2022-11-23 00:00:00+00:00,1669161600000,2022-11-23T00:00:00+00:00,-0.00042476,0.0
2022-11-23 08:00:00.011000+00:00,1669190400011,2022-11-23T08:00:00.011000+00:00,-0.00011053,0.0
2022-11-23 16:00:00.014000+00:00,1669219200014,2022-11-23T16:00:00.014000+00:00,-0.00097051,0.0
2022-11-24 00:00:00.007000+00:00,1669248000007,2022-11-24T00:00:00.007000+00:00,-0.00110661,0.0
2022-11-24 08:00:00.014000+00:00,1669276800014,2022-11-24T08:00:00.014000+00:00,-0.0014096,0.0
2022-11-24 16:00:00.013000+00:00,1669305600013,2022-11-24T16:00:00.013000+00:00,-0.00203998,0.0
2022-11-25 00:00:00.004000+00:00,1669334400004,2022-11-25T00:00:00.004000+00:00,-0.00066695,0.0
2022-11-25 08:00:00.015000+00:00,1669363200015,2022-11-25T08:00:00.015000+00:00,-0.00025529,0.0
2022-11-25 16:00:00+00:00,1669392000000,2022-11-25T16:00:00+00:00,-0.00056949,0.0
2022-11-26 00:00:00.011000+00:00,1669420800011,2022-11-26T00:00:00.011000+00:00,-0.00015345,0.0
2022-11-26 08:00:00+00:00,1669449600000,2022-11-26T08:00:00+00:00,-0.00034616,0.0
2022-11-26 16:00:00+00:00,1669478400000,2022-11-26T16:00:00+00:00,-0.00055804,0.0
2022-11-27 00:00:00.012000+00:00,1669507200012,2022-11-27T00:00:00.012000+00:00,-0.00147702,0.0
2022-11-27 08:00:00+00:00,1669536000000,2022-11-27T08:00:00+00:00,-0.00043291,0.0
2022-11-27 16:00:00.003000+00:00,1669564800003,2022-11-27T16:00:00.003000+00:00,-0.00032864,0.0
2022-11-28 00:00:00.015000+00:00,1669593600015,2022-11-28T00:00:00.015000+00:00,-0.00016117,0.0
2022-11-28 08:00:00.004000+00:00,1669622400004,2022-11-28T08:00:00.004000+00:00,-0.00540619,0.0
2022-11-28 16:00:00.011000+00:00,1669651200011,2022-11-28T16:00:00.011000+00:00,-0.00281466,0.0
2022-11-29 00:00:00+00:00,1669680000000,2022-11-29T00:00:00+00:00,-0.00021025,0.0
2022-11-29 08:00:00.015000+00:00,1669708800015,2022-11-29T08:00:00.015000+00:00,-0.0004623,0.0
2022-11-29 16:00:00+00:00,1669737600000,2022-11-29T16:00:00+00:00,-0.00073299,0.0
2022-11-30 00:00:00.007000+00:00,1669766400007,2022-11-30T00:00:00.007000+00:00,-0.00048248,0.0
2022-11-30 08:00:00+00:00,1669795200000,2022-11-30T08:00:00+00:00,-0.00140667,0.0
2022-11-30 16:00:00.015000+00:00,1669824000015,2022-11-30T16:00:00.015000+00:00,-0.00041907,0.0
2022-12-01 00:00:00.001000+00:00,1669852800001,2022-12-01T00:00:00.001000+00:00,-0.00083649,0.0
2022-12-01 08:00:00.006000+00:00,1669881600006,2022-12-01T08:00:00.006000+00:00,-0.00015134,0.0
2022-12-01 16:00:00+00:00,1669910400000,2022-12-01T16:00:00+00:00,-0.0001949,0.0
2022-12-02 00:00:00.001000+00:00,1669939200001,2022-12-02T00:00:00.001000+00:00,-0.00093645,0.0
2022-12-02 08:00:00.016000+00:00,1669968000016,2022-12-02T08:00:00.016000+00:00,-0.00174192,0.0
2022-12-02 16:00:00.017000+00:00,1669996800017,2022-12-02T16:00:00.017000+00:00,-5.628e-05,0.0
2022-12-03 00:00:00.006000+00:00,1670025600006,2022-12-03T00:00:00.006000+00:00,9.346e-05,0.0
2022-12-03 08:00:00+00:00,1670054400000,2022-12-03T08:00:00+00:00,-0.00016897,0.0
2022-12-03 16:00:00.011000+00:00,1670083200011,2022-12-03T16:00:00.011000+00:00,-0.00030733,0.0
2022-12-04 00:00:00.006000+00:00,1670112000006,2022-12-04T00:00:00.006000+00:00,-0.00022684,0.0
2022-12-04 08:00:00+00:00,1670140800000,2022-12-04T08:00:00+00:00,4.642e-05,0.0
2022-12-04 16:00:00.006000+00:00,1670169600006,2022-12-04T16:00:00.006000+00:00,-1.362e-05,0.0
2022-12-05 00:00:00.002000+00:00,1670198400002,2022-12-05T00:00:00.002000+00:00,0.0001,0.0
2022-12-05 08:00:00.011000+00:00,1670227200011,2022-12-05T08:00:00.011000+00:00,-6.606e-05,0.0
2022-12-05 16:00:00.008000+00:00,1670256000008,2022-12-05T16:00:00.008000+00:00,0.0001,0.0
2022-12-06 00:00:00.014000+00:00,1670284800014,2022-12-06T00:00:00.014000+00:00,0.0001,0.0
2022-12-06 08:00:00.027000+00:00,1670313600027,2022-12-06T08:00:00.027000+00:00,6.467e-05,0.0
2022-12-06 16:00:00.009000+00:00,1670342400009,2022-12-06T16:00:00.009000+00:00,1.418e-05,0.0
2022-12-07 00:00:00+00:00,1670371200000,2022-12-07T00:00:00+00:00,4.454e-05,0.0
2022-12-07 08:00:00+00:00,1670400000000,2022-12-07T08:00:00+00:00,3.151e-05,0.0
2022-12-07 16:00:00+00:00,1670428800000,2022-12-07T16:00:00+00:00,5.056e-05,0.0
2022-12-08 00:00:00.006000+00:00,1670457600006,2022-12-08T00:00:00.006000+00:00,5.017e-05,0.0
2022-12-08 08:00:00+00:00,1670486400000,2022-12-08T08:00:00+00:00,-0.00028326,0.0
2022-12-08 16:00:00.014000+00:00,1670515200014,2022-12-08T16:00:00.014000+00:00,1.999e-05,0.0
2022-12-09 00:00:00.017000+00:00,1670544000017,2022-12-09T00:00:00.017000+00:00,-9.895e-05,0.0
2022-12-09 08:00:00.005000+00:00,1670572800005,2022-12-09T08:00:00.005000+00:00,-2.372e-05,0.0
2022-12-09 16:00:00+00:00,1670601600000,2022-12-09T16:00:00+00:00,7.054e-05,0.0
2022-12-10 00:00:00.009000+00:00,1670630400009,2022-12-10T00:00:00.009000+00:00,-4.552e-05,0.0
2022-12-10 08:00:00.010000+00:00,1670659200010,2022-12-10T08:00:00.010000+00:00,-5.93e-06,0.0
2022-12-10 16:00:00.001000+00:00,1670688000001,2022-12-10T16:00:00.001000+00:00,-0.00016454,0.0
2022-12-11 00:00:00.011000+00:00,1670716800011,2022-12-11T00:00:00.011000+00:00,-3.942e-05,0.0
2022-12-11 08:00:00.007000+00:00,1670745600007,2022-12-11T08:00:00.007000+00:00,-0.00010562,0.0
2022-12-11 16:00:00.011000+00:00,1670774400011,2022-12-11T16:00:00.011000+00:00,-9.44e-06,0.0
2022-12-12 00:00:00+00:00,1670803200000,2022-12-12T00:00:00+00:00,-0.0001843,0.0
2022-12-12 08:00:00.004000+00:00,1670832000004,2022-12-12T08:00:00.004000+00:00,-0.00028652,0.0
2022-12-12 16:00:00+00:00,1670860800000,2022-12-12T16:00:00+00:00,-0.00012371,0.0
2022-12-13 00:00:00+00:00,1670889600000,2022-12-13T00:00:00+00:00,-1.654e-05,0.0
2022-12-13 08:00:00.018000+00:00,1670918400018,2022-12-13T08:00:00.018000+00:00,2e-07,0.0
2022-12-13 16:00:00.011000+00:00,1670947200011,2022-12-13T16:00:00.011000+00:00,0.0001,0.0
2022-12-14 00:00:00.010000+00:00,1670976000010,2022-12-14T00:00:00.010000+00:00,0.0001,0.0
2022-12-14 08:00:00.015000+00:00,1671004800015,2022-12-14T08:00:00.015000+00:00,0.0001,0.0
2022-12-14 16:00:00.004000+00:00,1671033600004,2022-12-14T16:00:00.004000+00:00,0.0001,0.0
2022-12-15 00:00:00+00:00,1671062400000,2022-12-15T00:00:00+00:00,0.0001,0.0
2022-12-15 08:00:00.023000+00:00,1671091200023,2022-12-15T08:00:00.023000+00:00,0.0001,0.0
2022-12-15 16:00:00.010000+00:00,1671120000010,2022-12-15T16:00:00.010000+00:00,0.0001,0.0
2022-12-16 00:00:00.016000+00:00,1671148800016,2022-12-16T00:00:00.016000+00:00,0.0001,0.0
2022-12-16 08:00:00.011000+00:00,1671177600011,2022-12-16T08:00:00.011000+00:00,0.0001,0.0
2022-12-16 16:00:00.001000+00:00,1671206400001,2022-12-16T16:00:00.001000+00:00,-3.932e-05,0.0
2022-12-17 00:00:00.001000+00:00,1671235200001,2022-12-17T00:00:00.001000+00:00,-7.161e-05,0.0
2022-12-17 08:00:00.011000+00:00,1671264000011,2022-12-17T08:00:00.011000+00:00,-0.0004589,0.0
2022-12-17 16:00:00.011000+00:00,1671292800011,2022-12-17T16:00:00.011000+00:00,-0.00034297,0.0
2022-12-18 00:00:00.008000+00:00,1671321600008,2022-12-18T00:00:00.008000+00:00,-0.00045493,0.0
2022-12-18 08:00:00.001000+00:00,1671350400001,2022-12-18T08:00:00.001000+00:00,-0.00027776,0.0
2022-12-18 16:00:00.012000+00:00,1671379200012,2022-12-18T16:00:00.012000+00:00,-0.00035966,0.0
2022-12-19 00:00:00+00:00,1671408000000,2022-12-19T00:00:00+00:00,-0.00018596,0.0
2022-12-19 08:00:00+00:00,1671436800000,2022-12-19T08:00:00+00:00,-0.00045428,0.0
2022-12-19 16:00:00+00:00,1671465600000,2022-12-19T16:00:00+00:00,-0.000376,0.0
2022-12-20 00:00:00.005000+00:00,1671494400005,2022-12-20T00:00:00.005000+00:00,-0.00029256,0.0
2022-12-20 08:00:00.016000+00:00,1671523200016,2022-12-20T08:00:00.016000+00:00,-0.00020607,0.0
2022-12-20 16:00:00+00:00,1671552000000,2022-12-20T16:00:00+00:00,-0.00024139,0.0
2022-12-21 00:00:00.007000+00:00,1671580800007,2022-12-21T00:00:00.007000+00:00,-7.839e-05,0.0
2022-12-21 08:00:00.012000+00:00,1671609600012,2022-12-21T08:00:00.012000+00:00,-0.00034859,0.0
2022-12-21 16:00:00.017000+00:00,1671638400017,2022-12-21T16:00:00.017000+00:00,-0.00033756,0.0
2022-12-22 00:00:00.004000+00:00,1671667200004,2022-12-22T00:00:00.004000+00:00,-0.00027437,0.0
2022-12-22 08:00:00+00:00,1671696000000,2022-12-22T08:00:00+00:00,-0.00027483,0.0
2022-12-22 16:00:00.001000+00:00,1671724800001,2022-12-22T16:00:00.001000+00:00,-0.00010761,0.0
2022-12-23 00:00:00.018000+00:00,1671753600018,2022-12-23T00:00:00.018000+00:00,-9.791e-05,0.0
2022-12-23 08:00:00+00:00,1671782400000,2022-12-23T08:00:00+00:00,9.921e-05,0.0
2022-12-23 16:00:00+00:00,1671811200000,2022-12-23T16:00:00+00:00,-7.019e-05,0.0
2022-12-24 00:00:00.001000+00:00,1671840000001,2022-12-24T00:00:00.001000+00:00,-1.74e-06,0.0
2022-12-24 08:00:00.007000+00:00,1671868800007,2022-12-24T08:00:00.007000+00:00,-0.00121249,0.0
2022-12-24 16:00:00.008000+00:00,1671897600008,2022-12-24T16:00:00.008000+00:00,-0.00155484,0.0
2022-12-25 00:00:00+00:00,1671926400000,2022-12-25T00:00:00+00:00,-0.00063471,0.0
2022-12-25 08:00:00.013000+00:00,1671955200013,2022-12-25T08:00:00.013000+00:00,-0.00080818,0.0
2022-12-25 16:00:00+00:00,1671984000000,2022-12-25T16:00:00+00:00,-0.00017688,0.0
2022-12-26 00:00:00.001000+00:00,1672012800001,2022-12-26T00:00:00.001000+00:00,-0.00017839,0.0
2022-12-26 08:00:00+00:00,1672041600000,2022-12-26T08:00:00+00:00,-0.00035979,0.0
2022-12-26 16:00:00.005000+00:00,1672070400005,2022-12-26T16:00:00.005000+00:00,-0.00034214,0.0
2022-12-27 00:00:00.005000+00:00,1672099200005,2022-12-27T00:00:00.005000+00:00,-0.00014455,0.0
2022-12-27 08:00:00.010000+00:00,1672128000010,2022-12-27T08:00:00.010000+00:00,2.9e-07,0.0
2022-12-27 16:00:00.006000+00:00,1672156800006,2022-12-27T16:00:00.006000+00:00,-0.00016284,0.0
2022-12-28 00:00:00.010000+00:00,1672185600010,2022-12-28T00:00:00.010000+00:00,0.0001,0.0
2022-12-28 08:00:00.010000+00:00,1672214400010,2022-12-28T08:00:00.010000+00:00,-0.00049469,0.0
2022-12-28 16:00:00.010000+00:00,1672243200010,2022-12-28T16:00:00.010000+00:00,-0.00062657,0.0
2022-12-29 00:00:00.011000+00:00,1672272000011,2022-12-29T00:00:00.011000+00:00,-0.00049537,0.0
2022-12-29 08:00:00+00:00,1672300800000,2022-12-29T08:00:00+00:00,-0.00011408,0.0
2022-12-29 16:00:00.008000+00:00,1672329600008,2022-12-29T16:00:00.008000+00:00,-0.00013498,0.0
2022-12-30 00:00:00+00:00,1672358400000,2022-12-30T00:00:00+00:00,-0.00277763,0.0
2022-12-30 08:00:00+00:00,1672387200000,2022-12-30T08:00:00+00:00,-0.00216253,0.0
2022-12-30 16:00:00+00:00,1672416000000,2022-12-30T16:00:00+00:00,-0.00240802,0.0
2022-12-31 00:00:00.014000+00:00,1672444800014,2022-12-31T00:00:00.014000+00:00,-0.00284191,0.0
2022-12-31 08:00:00+00:00,1672473600000,2022-12-31T08:00:00+00:00,-0.00180298,0.0
2022-12-31 16:00:00+00:00,1672502400000,2022-12-31T16:00:00+00:00,-0.00095178,0.0
2023-01-01 00:00:00+00:00,1672531200000,2023-01-01T00:00:00+00:00,-0.00092452,0.0
2023-01-01 08:00:00.008000+00:00,1672560000008,2023-01-01T08:00:00.008000+00:00,-0.00039729,0.0
2023-01-01 16:00:00+00:00,1672588800000,2023-01-01T16:00:00+00:00,-0.00097445,0.0
2023-01-02 00:00:00+00:00,1672617600000,2023-01-02T00:00:00+00:00,-0.00105604,0.0
2023-01-02 08:00:00.008000+00:00,1672646400008,2023-01-02T08:00:00.008000+00:00,-0.00073395,0.0
2023-01-02 16:00:00.015000+00:00,1672675200015,2023-01-02T16:00:00.015000+00:00,-0.00036678,0.0
2023-01-03 00:00:00.003000+00:00,1672704000003,2023-01-03T00:00:00.003000+00:00,-0.00137389,0.0
2023-01-03 08:00:00.018000+00:00,1672732800018,2023-01-03T08:00:00.018000+00:00,-0.0032206,0.0
2023-01-03 16:00:00+00:00,1672761600000,2023-01-03T16:00:00+00:00,-0.00820119,0.0
2023-01-04 00:00:00+00:00,1672790400000,2023-01-04T00:00:00+00:00,-0.00349905,0.0
2023-01-04 08:00:00.016000+00:00,1672819200016,2023-01-04T08:00:00.016000+00:00,-0.00927078,0.0
2023-01-04 16:00:00.011000+00:00,1672848000011,2023-01-04T16:00:00.011000+00:00,-0.00145742,0.0
2023-01-05 00:00:00.009000+00:00,1672876800009,2023-01-05T00:00:00.009000+00:00,-0.00197574,0.0
2023-01-05 08:00:00.011000+00:00,1672905600011,2023-01-05T08:00:00.011000+00:00,-0.00017797,0.0
2023-01-05 16:00:00+00:00,1672934400000,2023-01-05T16:00:00+00:00,-0.00035808,0.0
2023-01-06 00:00:00.005000+00:00,1672963200005,2023-01-06T00:00:00.005000+00:00,-0.0028675,0.0
2023-01-06 08:00:00.001000+00:00,1672992000001,2023-01-06T08:00:00.001000+00:00,-5.103e-05,0.0
2023-01-06 16:00:00+00:00,1673020800000,2023-01-06T16:00:00+00:00,-0.00097063,0.0
2023-01-07 00:00:00.006000+00:00,1673049600006,2023-01-07T00:00:00.006000+00:00,-0.00063098,0.0
2023-01-07 08:00:00.017000+00:00,1673078400017,2023-01-07T08:00:00.017000+00:00,-8.222e-05,0.0
2023-01-07 16:00:00+00:00,1673107200000,2023-01-07T16:00:00+00:00,-0.00049317,0.0
2023-01-08 00:00:00.015000+00:00,1673136000015,2023-01-08T00:00:00.015000+00:00,-0.00032422,0.0
2023-01-08 08:00:00+00:00,1673164800000,2023-01-08T08:00:00+00:00,-0.00041686,0.0
2023-01-08 16:00:00.010000+00:00,1673193600010,2023-01-08T16:00:00.010000+00:00,-0.0002307,0.0
2023-01-09 00:00:00.003000+00:00,1673222400003,2023-01-09T00:00:00.003000+00:00,-0.0002275,0.0
2023-01-09 08:00:00+00:00,1673251200000,2023-01-09T08:00:00+00:00,0.0001,0.0
2023-01-09 16:00:00.006000+00:00,1673280000006,2023-01-09T16:00:00.006000+00:00,0.0001,0.0
2023-01-10 00:00:00.003000+00:00,1673308800003,2023-01-10T00:00:00.003000+00:00,0.0001,0.0
2023-01-10 08:00:00.021000+00:00,1673337600021,2023-01-10T08:00:00.021000+00:00,0.0001,0.0
2023-01-10 16:00:00+00:00,1673366400000,2023-01-10T16:00:00+00:00,-0.00015347,0.0
2023-01-11 00:00:00.011000+00:00,1673395200011,2023-01-11T00:00:00.011000+00:00,-0.0002485,0.0
2023-01-11 08:00:00.006000+00:00,1673424000006,2023-01-11T08:00:00.006000+00:00,-1.768e-05,0.0
2023-01-11 16:00:00.004000+00:00,1673452800004,2023-01-11T16:00:00.004000+00:00,0.0001,0.0
2023-01-12 00:00:00+00:00,1673481600000,2023-01-12T00:00:00+00:00,0.0001,0.0
2023-01-12 08:00:00+00:00,1673510400000,2023-01-12T08:00:00+00:00,0.0001,0.0
2023-01-12 16:00:00+00:00,1673539200000,2023-01-12T16:00:00+00:00,-0.00044772,0.0
2023-01-13 00:00:00.004000+00:00,1673568000004,2023-01-13T00:00:00.004000+00:00,-5.616e-05,0.0
2023-01-13 08:00:00+00:00,1673596800000,2023-01-13T08:00:00+00:00,2.603e-05,0.0
2023-01-13 16:00:00.018000+00:00,1673625600018,2023-01-13T16:00:00.018000+00:00,-0.00058902,0.0
2023-01-14 00:00:00+00:00,1673654400000,2023-01-14T00:00:00+00:00,0.0001,0.0
2023-01-14 08:00:00.001000+00:00,1673683200001,2023-01-14T08:00:00.001000+00:00,0.00027702,0.0
2023-01-14 16:00:00+00:00,1673712000000,2023-01-14T16:00:00+00:00,0.0001,0.0
2023-01-15 00:00:00.010000+00:00,1673740800010,2023-01-15T00:00:00.010000+00:00,0.00023978,0.0
2023-01-15 08:00:00.002000+00:00,1673769600002,2023-01-15T08:00:00.002000+00:00,0.00036502,0.0
2023-01-15 16:00:00+00:00,1673798400000,2023-01-15T16:00:00+00:00,0.00012309,0.0
2023-01-16 00:00:00.010000+00:00,1673827200010,2023-01-16T00:00:00.010000+00:00,0.00019979,0.0
2023-01-16 08:00:00.007000+00:00,1673856000007,2023-01-16T08:00:00.007000+00:00,0.00041624,0.0
2023-01-16 16:00:00+00:00,1673884800000,2023-01-16T16:00:00+00:00,0.0001,0.0
2023-01-17 00:00:00.004000+00:00,1673913600004,2023-01-17T00:00:00.004000+00:00,0.00012293,0.0
2023-01-17 08:00:00.005000+00:00,1673942400005,2023-01-17T08:00:00.005000+00:00,0.0001,0.0
2023-01-17 16:00:00.001000+00:00,1673971200001,2023-01-17T16:00:00.001000+00:00,0.0001,0.0
2023-01-18 00:00:00.008000+00:00,1674000000008,2023-01-18T00:00:00.008000+00:00,0.0001,0.0
2023-01-18 08:00:00.009000+00:00,1674028800009,2023-01-18T08:00:00.009000+00:00,0.0001,0.0
2023-01-18 16:00:00.017000+00:00,1674057600017,2023-01-18T16:00:00.017000+00:00,0.0001,0.0
2023-01-19 00:00:00+00:00,1674086400000,2023-01-19T00:00:00+00:00,0.0001,0.0
2023-01-19 08:00:00.015000+00:00,1674115200015,2023-01-19T08:00:00.015000+00:00,0.0001,0.0
2023-01-19 16:00:00.012000+00:00,1674144000012,2023-01-19T16:00:00.012000+00:00,0.0001,0.0
2023-01-20 00:00:00+00:00,1674172800000,2023-01-20T00:00:00+00:00,0.0001,0.0
2023-01-20 08:00:00+00:00,1674201600000,2023-01-20T08:00:00+00:00,0.0001,0.0
2023-01-20 16:00:00+00:00,1674230400000,2023-01-20T16:00:00+00:00,0.0001,0.0
2023-01-21 00:00:00.013000+00:00,1674259200013,2023-01-21T00:00:00.013000+00:00,0.0001,0.0
2023-01-21 08:00:00.001000+00:00,1674288000001,2023-01-21T08:00:00.001000+00:00,0.00030268,0.0
2023-01-21 16:00:00.016000+00:00,1674316800016,2023-01-21T16:00:00.016000+00:00,0.0001,0.0
2023-01-22 00:00:00+00:00,1674345600000,2023-01-22T00:00:00+00:00,0.0001,0.0
2023-01-22 08:00:00+00:00,1674374400000,2023-01-22T08:00:00+00:00,0.0001,0.0
2023-01-22 16:00:00.023000+00:00,1674403200023,2023-01-22T16:00:00.023000+00:00,0.0001,0.0
2023-01-23 00:00:00.014000+00:00,1674432000014,2023-01-23T00:00:00.014000+00:00,0.0001,0.0
2023-01-23 08:00:00.014000+00:00,1674460800014,2023-01-23T08:00:00.014000+00:00,0.0001,0.0
2023-01-23 16:00:00.016000+00:00,1674489600016,2023-01-23T16:00:00.016000+00:00,0.0001,0.0
2023-01-24 00:00:00.008000+00:00,1674518400008,2023-01-24T00:00:00.008000+00:00,0.0001,0.0
2023-01-24 08:00:00.008000+00:00,1674547200008,2023-01-24T08:00:00.008000+00:00,0.00013079,0.0
2023-01-24 16:00:00+00:00,1674576000000,2023-01-24T16:00:00+00:00,0.0001,0.0
2023-01-25 00:00:00.012000+00:00,1674604800012,2023-01-25T00:00:00.012000+00:00,0.0001,0.0
2023-01-25 08:00:00+00:00,1674633600000,2023-01-25T08:00:00+00:00,1.239e-05,0.0
2023-01-25 16:00:00.010000+00:00,1674662400010,2023-01-25T16:00:00.010000+00:00,0.0001,0.0
2023-01-26 00:00:00.010000+00:00,1674691200010,2023-01-26T00:00:00.010000+00:00,0.0001,0.0
2023-01-26 08:00:00.003000+00:00,1674720000003,2023-01-26T08:00:00.003000+00:00,0.0001,0.0
2023-01-26 16:00:00.020000+00:00,1674748800020,2023-01-26T16:00:00.020000+00:00,0.0001,0.0
2023-01-27 00:00:00.008000+00:00,1674777600008,2023-01-27T00:00:00.008000+00:00,0.0001,0.0
2023-01-27 08:00:00+00:00,1674806400000,2023-01-27T08:00:00+00:00,0.0001,0.0
2023-01-27 16:00:00+00:00,1674835200000,2023-01-27T16:00:00+00:00,0.0001,0.0
2023-01-28 00:00:00.009000+00:00,1674864000009,2023-01-28T00:00:00.009000+00:00,0.0001,0.0
2023-01-28 08:00:00.018000+00:00,1674892800018,2023-01-28T08:00:00.018000+00:00,0.00013046,0.0
2023-01-28 16:00:00.005000+00:00,1674921600005,2023-01-28T16:00:00.005000+00:00,0.0001,0.0
2023-01-29 00:00:00.011000+00:00,1674950400011,2023-01-29T00:00:00.011000+00:00,0.0001,0.0
2023-01-29 08:00:00+00:00,1674979200000,2023-01-29T08:00:00+00:00,0.0001,0.0
2023-01-29 16:00:00.008000+00:00,1675008000008,2023-01-29T16:00:00.008000+00:00,0.0001,0.0
2023-01-30 00:00:00.001000+00:00,1675036800001,2023-01-30T00:00:00.001000+00:00,0.00050275,0.0
2023-01-30 08:00:00+00:00,1675065600000,2023-01-30T08:00:00+00:00,0.0001,0.0
2023-01-30 16:00:00+00:00,1675094400000,2023-01-30T16:00:00+00:00,0.0001,0.0
2023-01-31 00:00:00.005000+00:00,1675123200005,2023-01-31T00:00:00.005000+00:00,0.0001,0.0
2023-01-31 08:00:00+00:00,1675152000000,2023-01-31T08:00:00+00:00,0.0001,0.0
2023-01-31 16:00:00.007000+00:00,1675180800007,2023-01-31T16:00:00.007000+00:00,0.0001,0.0
2023-02-01 00:00:00.013000+00:00,1675209600013,2023-02-01T00:00:00.013000+00:00,0.0001,0.0
2023-02-01 08:00:00+00:00,1675238400000,2023-02-01T08:00:00+00:00,0.0001,0.0
2023-02-01 16:00:00.012000+00:00,1675267200012,2023-02-01T16:00:00.012000+00:00,0.0001,0.0
2023-02-02 00:00:00.004000+00:00,1675296000004,2023-02-02T00:00:00.004000+00:00,0.0001,0.0
2023-02-02 08:00:00.023000+00:00,1675324800023,2023-02-02T08:00:00.023000+00:00,0.00026236,0.0
2023-02-02 16:00:00.003000+00:00,1675353600003,2023-02-02T16:00:00.003000+00:00,0.0001,0.0
2023-02-03 00:00:00.010000+00:00,1675382400010,2023-02-03T00:00:00.010000+00:00,0.0001,0.0
2023-02-03 08:00:00+00:00,1675411200000,2023-02-03T08:00:00+00:00,6.262e-05,0.0
2023-02-03 16:00:00+00:00,1675440000000,2023-02-03T16:00:00+00:00,7.317e-05,0.0
2023-02-04 00:00:00.010000+00:00,1675468800010,2023-02-04T00:00:00.010000+00:00,0.0001,0.0
2023-02-04 08:00:00+00:00,1675497600000,2023-02-04T08:00:00+00:00,0.0001,0.0
2023-02-04 16:00:00+00:00,1675526400000,2023-02-04T16:00:00+00:00,0.0001,0.0
2023-02-05 00:00:00.016000+00:00,1675555200016,2023-02-05T00:00:00.016000+00:00,0.0001,0.0
2023-02-05 08:00:00.009000+00:00,1675584000009,2023-02-05T08:00:00.009000+00:00,-8.182e-05,0.0
2023-02-05 16:00:00.018000+00:00,1675612800018,2023-02-05T16:00:00.018000+00:00,-0.00019779,0.0
2023-02-06 00:00:00.001000+00:00,1675641600001,2023-02-06T00:00:00.001000+00:00,-4.068e-05,0.0
2023-02-06 08:00:00+00:00,1675670400000,2023-02-06T08:00:00+00:00,0.0001,0.0
2023-02-06 16:00:00.012000+00:00,1675699200012,2023-02-06T16:00:00.012000+00:00,0.0001,0.0
2023-02-07 00:00:00.004000+00:00,1675728000004,2023-02-07T00:00:00.004000+00:00,-0.00011165,0.0
2023-02-07 08:00:00.011000+00:00,1675756800011,2023-02-07T08:00:00.011000+00:00,2.94e-05,0.0
2023-02-07 16:00:00.018000+00:00,1675785600018,2023-02-07T16:00:00.018000+00:00,0.0001,0.0
2023-02-08 00:00:00.009000+00:00,1675814400009,2023-02-08T00:00:00.009000+00:00,-1.031e-05,0.0
2023-02-08 08:00:00.010000+00:00,1675843200010,2023-02-08T08:00:00.010000+00:00,0.0001,0.0
2023-02-08 16:00:00+00:00,1675872000000,2023-02-08T16:00:00+00:00,0.0001,0.0
2023-02-09 00:00:00.014000+00:00,1675900800014,2023-02-09T00:00:00.014000+00:00,0.0001,0.0
2023-02-09 08:00:00.006000+00:00,1675929600006,2023-02-09T08:00:00.006000+00:00,-0.00018909,0.0
2023-02-09 16:00:00.001000+00:00,1675958400001,2023-02-09T16:00:00.001000+00:00,0.0001,0.0
2023-02-10 00:00:00.012000+00:00,1675987200012,2023-02-10T00:00:00.012000+00:00,0.0001,0.0
2023-02-10 08:00:00.005000+00:00,1676016000005,2023-02-10T08:00:00.005000+00:00,-0.0001841,0.0
2023-02-10 16:00:00.020000+00:00,1676044800020,2023-02-10T16:00:00.020000+00:00,-0.00011823,0.0
2023-02-11 00:00:00.007000+00:00,1676073600007,2023-02-11T00:00:00.007000+00:00,-0.00020422,0.0
2023-02-11 08:00:00.002000+00:00,1676102400002,2023-02-11T08:00:00.002000+00:00,-7.827e-05,0.0
2023-02-11 16:00:00.021000+00:00,1676131200021,2023-02-11T16:00:00.021000+00:00,-0.00029396,0.0
2023-02-12 00:00:00.004000+00:00,1676160000004,2023-02-12T00:00:00.004000+00:00,-0.00043025,0.0
2023-02-12 08:00:00+00:00,1676188800000,2023-02-12T08:00:00+00:00,-0.00045565,0.0
2023-02-12 16:00:00.002000+00:00,1676217600002,2023-02-12T16:00:00.002000+00:00,-0.00025702,0.0
2023-02-13 00:00:00.006000+00:00,1676246400006,2023-02-13T00:00:00.006000+00:00,-0.00021151,0.0
2023-02-13 08:00:00.008000+00:00,1676275200008,2023-02-13T08:00:00.008000+00:00,-0.00021904,0.0
2023-02-13 16:00:00.002000+00:00,1676304000002,2023-02-13T16:00:00.002000+00:00,0.0001,0.0
2023-02-14 00:00:00.013000+00:00,1676332800013,2023-02-14T00:00:00.013000+00:00,-0.00020755,0.0
2023-02-14 08:00:00.014000+00:00,1676361600014,2023-02-14T08:00:00.014000+00:00,-0.00022864,0.0
2023-02-14 16:00:00.016000+00:00,1676390400016,2023-02-14T16:00:00.016000+00:00,1.781e-05,0.0
2023-02-15 00:00:00.011000+00:00,1676419200011,2023-02-15T00:00:00.011000+00:00,9.858e-05,0.0
2023-02-15 08:00:00+00:00,1676448000000,2023-02-15T08:00:00+00:00,8.397e-05,0.0
2023-02-15 16:00:00.005000+00:00,1676476800005,2023-02-15T16:00:00.005000+00:00,-7.224e-05,0.0
2023-02-16 00:00:00.019000+00:00,1676505600019,2023-02-16T00:00:00.019000+00:00,0.0001,0.0
2023-02-16 08:00:00+00:00,1676534400000,2023-02-16T08:00:00+00:00,0.0001,0.0
2023-02-16 16:00:00.001000+00:00,1676563200001,2023-02-16T16:00:00.001000+00:00,0.0001,0.0
2023-02-17 00:00:00.003000+00:00,1676592000003,2023-02-17T00:00:00.003000+00:00,0.0001,0.0
2023-02-17 08:00:00.016000+00:00,1676620800016,2023-02-17T08:00:00.016000+00:00,0.0001,0.0
2023-02-17 16:00:00+00:00,1676649600000,2023-02-17T16:00:00+00:00,0.0001,0.0
2023-02-18 00:00:00.011000+00:00,1676678400011,2023-02-18T00:00:00.011000+00:00,0.0001,0.0
2023-02-18 08:00:00+00:00,1676707200000,2023-02-18T08:00:00+00:00,0.0001,0.0
2023-02-18 16:00:00.007000+00:00,1676736000007,2023-02-18T16:00:00.007000+00:00,0.0001,0.0
2023-02-19 00:00:00.019000+00:00,1676764800019,2023-02-19T00:00:00.019000+00:00,0.0001,0.0
2023-02-19 08:00:00.005000+00:00,1676793600005,2023-02-19T08:00:00.005000+00:00,0.0001,0.0
2023-02-19 16:00:00.003000+00:00,1676822400003,2023-02-19T16:00:00.003000+00:00,0.00014645,0.0
2023-02-20 00:00:00.006000+00:00,1676851200006,2023-02-20T00:00:00.006000+00:00,0.00017117,0.0
2023-02-20 08:00:00.008000+00:00,1676880000008,2023-02-20T08:00:00.008000+00:00,0.00019193,0.0
2023-02-20 16:00:00.006000+00:00,1676908800006,2023-02-20T16:00:00.006000+00:00,0.0001276,0.0
2023-02-21 00:00:00.001000+00:00,1676937600001,2023-02-21T00:00:00.001000+00:00,0.0001,0.0
2023-02-21 08:00:00.004000+00:00,1676966400004,2023-02-21T08:00:00.004000+00:00,0.00016004,0.0
2023-02-21 16:00:00.011000+00:00,1676995200011,2023-02-21T16:00:00.011000+00:00,0.0001,0.0
2023-02-22 00:00:00.009000+00:00,1677024000009,2023-02-22T00:00:00.009000+00:00,0.0001,0.0
2023-02-22 08:00:00.010000+00:00,1677052800010,2023-02-22T08:00:00.010000+00:00,0.0001,0.0
2023-02-22 16:00:00+00:00,1677081600000,2023-02-22T16:00:00+00:00,0.0001,0.0
2023-02-23 00:00:00.006000+00:00,1677110400006,2023-02-23T00:00:00.006000+00:00,0.0001,0.0
2023-02-23 08:00:00.005000+00:00,1677139200005,2023-02-23T08:00:00.005000+00:00,0.0001,0.0
2023-02-23 16:00:00.002000+00:00,1677168000002,2023-02-23T16:00:00.002000+00:00,0.0001,0.0
2023-02-24 00:00:00.015000+00:00,1677196800015,2023-02-24T00:00:00.015000+00:00,0.0001,0.0
2023-02-24 08:00:00.011000+00:00,1677225600011,2023-02-24T08:00:00.011000+00:00,0.0001,0.0
2023-02-24 16:00:00.014000+00:00,1677254400014,2023-02-24T16:00:00.014000+00:00,0.0001,0.0
2023-02-25 00:00:00.015000+00:00,1677283200015,2023-02-25T00:00:00.015000+00:00,-3.219e-05,0.0
2023-02-25 08:00:00.015000+00:00,1677312000015,2023-02-25T08:00:00.015000+00:00,0.0001,0.0
2023-02-25 16:00:00.015000+00:00,1677340800015,2023-02-25T16:00:00.015000+00:00,0.0001,0.0
2023-02-26 00:00:00.007000+00:00,1677369600007,2023-02-26T00:00:00.007000+00:00,-4.144e-05,0.0
2023-02-26 08:00:00.012000+00:00,1677398400012,2023-02-26T08:00:00.012000+00:00,-7.838e-05,0.0
2023-02-26 16:00:00+00:00,1677427200000,2023-02-26T16:00:00+00:00,-1.898e-05,0.0
2023-02-27 00:00:00.011000+00:00,1677456000011,2023-02-27T00:00:00.011000+00:00,5.327e-05,0.0
2023-02-27 08:00:00.003000+00:00,1677484800003,2023-02-27T08:00:00.003000+00:00,0.0001,0.0
2023-02-27 16:00:00+00:00,1677513600000,2023-02-27T16:00:00+00:00,8.837e-05,0.0
2023-02-28 00:00:00.011000+00:00,1677542400011,2023-02-28T00:00:00.011000+00:00,5.76e-05,0.0
2023-02-28 08:00:00.018000+00:00,1677571200018,2023-02-28T08:00:00.018000+00:00,0.0001,0.0
2023-02-28 16:00:00.005000+00:00,1677600000005,2023-02-28T16:00:00.005000+00:00,8.349e-05,0.0
2023-03-01 00:00:00.016000+00:00,1677628800016,2023-03-01T00:00:00.016000+00:00,5.877e-05,0.0
2023-03-01 08:00:00+00:00,1677657600000,2023-03-01T08:00:00+00:00,0.0001,0.0
2023-03-01 16:00:00.008000+00:00,1677686400008,2023-03-01T16:00:00.008000+00:00,0.0001,0.0
2023-03-02 00:00:00.009000+00:00,1677715200009,2023-03-02T00:00:00.009000+00:00,0.0001,0.0
2023-03-02 08:00:00.013000+00:00,1677744000013,2023-03-02T08:00:00.013000+00:00,0.0001,0.0
2023-03-02 16:00:00+00:00,1677772800000,2023-03-02T16:00:00+00:00,-8.101e-05,0.0
2023-03-03 00:00:00+00:00,1677801600000,2023-03-03T00:00:00+00:00,2.047e-05,0.0
2023-03-03 08:00:00.013000+00:00,1677830400013,2023-03-03T08:00:00.013000+00:00,2.627e-05,0.0
2023-03-03 16:00:00+00:00,1677859200000,2023-03-03T16:00:00+00:00,9.745e-05,0.0
2023-03-04 00:00:00.001000+00:00,1677888000001,2023-03-04T00:00:00.001000+00:00,6.271e-05,0.0
2023-03-04 08:00:00.008000+00:00,1677916800008,2023-03-04T08:00:00.008000+00:00,4.321e-05,0.0
2023-03-04 16:00:00.012000+00:00,1677945600012,2023-03-04T16:00:00.012000+00:00,0.0001,0.0
2023-03-05 00:00:00+00:00,1677974400000,2023-03-05T00:00:00+00:00,0.0001,0.0
2023-03-05 08:00:00+00:00,1678003200000,2023-03-05T08:00:00+00:00,0.0001,0.0
2023-03-05 16:00:00.015000+00:00,1678032000015,2023-03-05T16:00:00.015000+00:00,0.0001,0.0
2023-03-06 00:00:00.007000+00:00,1678060800007,2023-03-06T00:00:00.007000+00:00,0.0001,0.0
2023-03-06 08:00:00.017000+00:00,1678089600017,2023-03-06T08:00:00.017000+00:00,3.586e-05,0.0
2023-03-06 16:00:00+00:00,1678118400000,2023-03-06T16:00:00+00:00,-2.168e-05,0.0
2023-03-07 00:00:00.009000+00:00,1678147200009,2023-03-07T00:00:00.009000+00:00,-9.6e-05,0.0
2023-03-07 08:00:00.016000+00:00,1678176000016,2023-03-07T08:00:00.016000+00:00,-7.843e-05,0.0
2023-03-07 16:00:00.017000+00:00,1678204800017,2023-03-07T16:00:00.017000+00:00,-0.00011785,0.0
2023-03-08 00:00:00+00:00,1678233600000,2023-03-08T00:00:00+00:00,-5.279e-05,0.0
2023-03-08 08:00:00.014000+00:00,1678262400014,2023-03-08T08:00:00.014000+00:00,-0.00015628,0.0
2023-03-08 16:00:00.021000+00:00,1678291200021,2023-03-08T16:00:00.021000+00:00,-0.00015932,0.0
2023-03-09 00:00:00.010000+00:00,1678320000010,2023-03-09T00:00:00.010000+00:00,-4.86e-05,0.0
2023-03-09 08:00:00.013000+00:00,1678348800013,2023-03-09T08:00:00.013000+00:00,-0.00015189,0.0
2023-03-09 16:00:00.002000+00:00,1678377600002,2023-03-09T16:00:00.002000+00:00,0.0001,0.0
2023-03-10 00:00:00+00:00,1678406400000,2023-03-10T00:00:00+00:00,-0.00018592,0.0
2023-03-10 08:00:00+00:00,1678435200000,2023-03-10T08:00:00+00:00,8.585e-05,0.0
2023-03-10 16:00:00.005000+00:00,1678464000005,2023-03-10T16:00:00.005000+00:00,-0.00019429,0.0
2023-03-11 00:00:00.011000+00:00,1678492800011,2023-03-11T00:00:00.011000+00:00,-0.00036773,0.0
2023-03-11 08:00:00.003000+00:00,1678521600003,2023-03-11T08:00:00.003000+00:00,-0.0001919,0.0
2023-03-11 16:00:00.011000+00:00,1678550400011,2023-03-11T16:00:00.011000+00:00,-0.00035499,0.0
2023-03-12 00:00:00.001000+00:00,1678579200001,2023-03-12T00:00:00.001000+00:00,-0.00013186,0.0
2023-03-12 08:00:00+00:00,1678608000000,2023-03-12T08:00:00+00:00,6.8e-05,0.0
2023-03-12 16:00:00.005000+00:00,1678636800005,2023-03-12T16:00:00.005000+00:00,-0.00019726,0.0
2023-03-13 00:00:00.010000+00:00,1678665600010,2023-03-13T00:00:00.010000+00:00,0.0001,0.0
2023-03-13 08:00:00.018000+00:00,1678694400018,2023-03-13T08:00:00.018000+00:00,0.0001,0.0
2023-03-13 16:00:00.003000+00:00,1678723200003,2023-03-13T16:00:00.003000+00:00,0.0001,0.0
2023-03-14 00:00:00.010000+00:00,1678752000010,2023-03-14T00:00:00.010000+00:00,0.0001,0.0
2023-03-14 08:00:00.009000+00:00,1678780800009,2023-03-14T08:00:00.009000+00:00,0.0001,0.0
2023-03-14 16:00:00.010000+00:00,1678809600010,2023-03-14T16:00:00.010000+00:00,0.0001,0.0
2023-03-15 00:00:00.011000+00:00,1678838400011,2023-03-15T00:00:00.011000+00:00,0.00018064,0.0
2023-03-15 08:00:00+00:00,1678867200000,2023-03-15T08:00:00+00:00,0.0001,0.0
2023-03-15 16:00:00.012000+00:00,1678896000012,2023-03-15T16:00:00.012000+00:00,0.0001,0.0
2023-03-16 00:00:00.004000+00:00,1678924800004,2023-03-16T00:00:00.004000+00:00,-0.00010063,0.0
2023-03-16 08:00:00.018000+00:00,1678953600018,2023-03-16T08:00:00.018000+00:00,0.0001,0.0
2023-03-16 16:00:00.005000+00:00,1678982400005,2023-03-16T16:00:00.005000+00:00,-0.00017595,0.0
2023-03-17 00:00:00.017000+00:00,1679011200017,2023-03-17T00:00:00.017000+00:00,6.18e-06,0.0
2023-03-17 08:00:00.010000+00:00,1679040000010,2023-03-17T08:00:00.010000+00:00,-3.828e-05,0.0
2023-03-17 16:00:00.003000+00:00,1679068800003,2023-03-17T16:00:00.003000+00:00,-5.87e-05,0.0
2023-03-18 00:00:00.012000+00:00,1679097600012,2023-03-18T00:00:00.012000+00:00,0.0001,0.0
2023-03-18 08:00:00+00:00,1679126400000,2023-03-18T08:00:00+00:00,0.00027581,0.0
2023-03-18 16:00:00.016000+00:00,1679155200016,2023-03-18T16:00:00.016000+00:00,0.0001,0.0
2023-03-19 00:00:00.013000+00:00,1679184000013,2023-03-19T00:00:00.013000+00:00,0.0001,0.0
2023-03-19 08:00:00.024000+00:00,1679212800024,2023-03-19T08:00:00.024000+00:00,0.0001,0.0
2023-03-19 16:00:00+00:00,1679241600000,2023-03-19T16:00:00+00:00,0.0001,0.0
2023-03-20 00:00:00.005000+00:00,1679270400005,2023-03-20T00:00:00.005000+00:00,0.0001,0.0
2023-03-20 08:00:00.012000+00:00,1679299200012,2023-03-20T08:00:00.012000+00:00,0.0001,0.0
2023-03-20 16:00:00.015000+00:00,1679328000015,2023-03-20T16:00:00.015000+00:00,0.0001,0.0
2023-03-21 00:00:00.006000+00:00,1679356800006,2023-03-21T00:00:00.006000+00:00,0.0001,0.0
2023-03-21 08:00:00.004000+00:00,1679385600004,2023-03-21T08:00:00.004000+00:00,0.0001,0.0
2023-03-21 16:00:00.003000+00:00,1679414400003,2023-03-21T16:00:00.003000+00:00,0.0001,0.0
2023-03-22 00:00:00+00:00,1679443200000,2023-03-22T00:00:00+00:00,0.0001,0.0
2023-03-22 08:00:00.003000+00:00,1679472000003,2023-03-22T08:00:00.003000+00:00,6.109e-05,0.0
2023-03-22 16:00:00+00:00,1679500800000,2023-03-22T16:00:00+00:00,0.0001,0.0
2023-03-23 00:00:00.016000+00:00,1679529600016,2023-03-23T00:00:00.016000+00:00,-8.698e-05,0.0
2023-03-23 08:00:00.001000+00:00,1679558400001,2023-03-23T08:00:00.001000+00:00,1.638e-05,0.0
2023-03-23 16:00:00.013000+00:00,1679587200013,2023-03-23T16:00:00.013000+00:00,0.0001,0.0
2023-03-24 00:00:00.013000+00:00,1679616000013,2023-03-24T00:00:00.013000+00:00,0.0001,0.0
2023-03-24 08:00:00.012000+00:00,1679644800012,2023-03-24T08:00:00.012000+00:00,0.0001,0.0
2023-03-24 16:00:00.027000+00:00,1679673600027,2023-03-24T16:00:00.027000+00:00,0.0001,0.0
2023-03-25 00:00:00.015000+00:00,1679702400015,2023-03-25T00:00:00.015000+00:00,-6.551e-05,0.0
2023-03-25 08:00:00.011000+00:00,1679731200011,2023-03-25T08:00:00.011000+00:00,-5.825e-05,0.0
2023-03-25 16:00:00.011000+00:00,1679760000011,2023-03-25T16:00:00.011000+00:00,-4.6e-05,0.0
2023-03-26 00:00:00+00:00,1679788800000,2023-03-26T00:00:00+00:00,-0.00010361,0.0
2023-03-26 08:00:00.015000+00:00,1679817600015,2023-03-26T08:00:00.015000+00:00,-2.291e-05,0.0
2023-03-26 16:00:00+00:00,1679846400000,2023-03-26T16:00:00+00:00,-4.191e-05,0.0
2023-03-27 00:00:00.019000+00:00,1679875200019,2023-03-27T00:00:00.019000+00:00,0.0001,0.0
2023-03-27 08:00:00.009000+00:00,1679904000009,2023-03-27T08:00:00.009000+00:00,3.888e-05,0.0
2023-03-27 16:00:00+00:00,1679932800000,2023-03-27T16:00:00+00:00,2.013e-05,0.0
2023-03-28 00:00:00.007000+00:00,1679961600007,2023-03-28T00:00:00.007000+00:00,-0.00017394,0.0
2023-03-28 08:00:00+00:00,1679990400000,2023-03-28T08:00:00+00:00,8.36e-05,0.0
2023-03-28 16:00:00.013000+00:00,1680019200013,2023-03-28T16:00:00.013000+00:00,-2.188e-05,0.0
2023-03-29 00:00:00.010000+00:00,1680048000010,2023-03-29T00:00:00.010000+00:00,-0.00016763,0.0
2023-03-29 08:00:00.006000+00:00,1680076800006,2023-03-29T08:00:00.006000+00:00,0.0001,0.0
2023-03-29 16:00:00.014000+00:00,1680105600014,2023-03-29T16:00:00.014000+00:00,8.936e-05,0.0
2023-03-30 00:00:00+00:00,1680134400000,2023-03-30T00:00:00+00:00,4.312e-05,0.0
2023-03-30 08:00:00+00:00,1680163200000,2023-03-30T08:00:00+00:00,7.675e-05,0.0
2023-03-30 16:00:00.006000+00:00,1680192000006,2023-03-30T16:00:00.006000+00:00,-6.11e-05,0.0
2023-03-31 00:00:00.003000+00:00,1680220800003,2023-03-31T00:00:00.003000+00:00,-0.00011842,0.0
2023-03-31 08:00:00.006000+00:00,1680249600006,2023-03-31T08:00:00.006000+00:00,-3.734e-05,0.0
2023-03-31 16:00:00.011000+00:00,1680278400011,2023-03-31T16:00:00.011000+00:00,-1.814e-05,0.0
2023-04-01 00:00:00+00:00,1680307200000,2023-04-01T00:00:00+00:00,0.0001,0.0
2023-04-01 08:00:00+00:00,1680336000000,2023-04-01T08:00:00+00:00,0.0001,0.0
2023-04-01 16:00:00.018000+00:00,1680364800018,2023-04-01T16:00:00.018000+00:00,0.0001,0.0
2023-04-02 00:00:00.013000+00:00,1680393600013,2023-04-02T00:00:00.013000+00:00,0.0001,0.0
2023-04-02 08:00:00.014000+00:00,1680422400014,2023-04-02T08:00:00.014000+00:00,0.0001,0.0
2023-04-02 16:00:00.001000+00:00,1680451200001,2023-04-02T16:00:00.001000+00:00,6.11e-06,0.0
2023-04-03 00:00:00+00:00,1680480000000,2023-04-03T00:00:00+00:00,-0.00014684,0.0
2023-04-03 08:00:00.013000+00:00,1680508800013,2023-04-03T08:00:00.013000+00:00,2.36e-05,0.0
2023-04-03 16:00:00.011000+00:00,1680537600011,2023-04-03T16:00:00.011000+00:00,7.659e-05,0.0
2023-04-04 00:00:00.002000+00:00,1680566400002,2023-04-04T00:00:00.002000+00:00,7.915e-05,0.0
2023-04-04 08:00:00.017000+00:00,1680595200017,2023-04-04T08:00:00.017000+00:00,2.383e-05,0.0
2023-04-04 16:00:00.008000+00:00,1680624000008,2023-04-04T16:00:00.008000+00:00,0.0001,0.0
2023-04-05 00:00:00+00:00,1680652800000,2023-04-05T00:00:00+00:00,0.0001,0.0
2023-04-05 08:00:00.016000+00:00,1680681600016,2023-04-05T08:00:00.016000+00:00,0.0001,0.0
2023-04-05 16:00:00.004000+00:00,1680710400004,2023-04-05T16:00:00.004000+00:00,0.0001,0.0
2023-04-06 00:00:00+00:00,1680739200000,2023-04-06T00:00:00+00:00,0.0001,0.0
2023-04-06 08:00:00.011000+00:00,1680768000011,2023-04-06T08:00:00.011000+00:00,8.021e-05,0.0
2023-04-06 16:00:00+00:00,1680796800000,2023-04-06T16:00:00+00:00,1.019e-05,0.0
2023-04-07 00:00:00.006000+00:00,1680825600006,2023-04-07T00:00:00.006000+00:00,4.2e-07,0.0
2023-04-07 08:00:00.005000+00:00,1680854400005,2023-04-07T08:00:00.005000+00:00,-7.207e-05,0.0
2023-04-07 16:00:00+00:00,1680883200000,2023-04-07T16:00:00+00:00,2.05e-06,0.0
2023-04-08 00:00:00+00:00,1680912000000,2023-04-08T00:00:00+00:00,0.0001,0.0
2023-04-08 08:00:00.014000+00:00,1680940800014,2023-04-08T08:00:00.014000+00:00,4.752e-05,0.0
2023-04-08 16:00:00.018000+00:00,1680969600018,2023-04-08T16:00:00.018000+00:00,8.084e-05,0.0
2023-04-09 00:00:00.013000+00:00,1680998400013,2023-04-09T00:00:00.013000+00:00,8.52e-06,0.0
2023-04-09 08:00:00.024000+00:00,1681027200024,2023-04-09T08:00:00.024000+00:00,-1.384e-05,0.0
2023-04-09 16:00:00.010000+00:00,1681056000010,2023-04-09T16:00:00.010000+00:00,8.973e-05,0.0
2023-04-10 00:00:00+00:00,1681084800000,2023-04-10T00:00:00+00:00,0.0001,0.0
2023-04-10 08:00:00.010000+00:00,1681113600010,2023-04-10T08:00:00.010000+00:00,6.116e-05,0.0
2023-04-10 16:00:00.006000+00:00,1681142400006,2023-04-10T16:00:00.006000+00:00,0.0001,0.0
2023-04-11 00:00:00.008000+00:00,1681171200008,2023-04-11T00:00:00.008000+00:00,0.0001,0.0
2023-04-11 08:00:00.007000+00:00,1681200000007,2023-04-11T08:00:00.007000+00:00,0.0001,0.0
2023-04-11 16:00:00.016000+00:00,1681228800016,2023-04-11T16:00:00.016000+00:00,0.0001,0.0
2023-04-12 00:00:00.006000+00:00,1681257600006,2023-04-12T00:00:00.006000+00:00,0.0001,0.0
2023-04-12 08:00:00.008000+00:00,1681286400008,2023-04-12T08:00:00.008000+00:00,0.0001,0.0
2023-04-12 16:00:00.014000+00:00,1681315200014,2023-04-12T16:00:00.014000+00:00,0.0001,0.0
2023-04-13 00:00:00.027000+00:00,1681344000027,2023-04-13T00:00:00.027000+00:00,2.795e-05,0.0
2023-04-13 08:00:00.010000+00:00,1681372800010,2023-04-13T08:00:00.010000+00:00,6.992e-05,0.0
2023-04-13 16:00:00+00:00,1681401600000,2023-04-13T16:00:00+00:00,0.0001,0.0
2023-04-14 00:00:00.001000+00:00,1681430400001,2023-04-14T00:00:00.001000+00:00,0.0001,0.0
2023-04-14 08:00:00.008000+00:00,1681459200008,2023-04-14T08:00:00.008000+00:00,0.0001,0.0
2023-04-14 16:00:00.007000+00:00,1681488000007,2023-04-14T16:00:00.007000+00:00,0.0001,0.0
2023-04-15 00:00:00.007000+00:00,1681516800007,2023-04-15T00:00:00.007000+00:00,0.0001,0.0
2023-04-15 08:00:00.007000+00:00,1681545600007,2023-04-15T08:00:00.007000+00:00,0.0001,0.0
2023-04-15 16:00:00.011000+00:00,1681574400011,2023-04-15T16:00:00.011000+00:00,0.0001,0.0
2023-04-16 00:00:00.014000+00:00,1681603200014,2023-04-16T00:00:00.014000+00:00,0.0001,0.0
2023-04-16 08:00:00.007000+00:00,1681632000007,2023-04-16T08:00:00.007000+00:00,0.00025575,0.0
2023-04-16 16:00:00.002000+00:00,1681660800002,2023-04-16T16:00:00.002000+00:00,0.0001,0.0
2023-04-17 00:00:00.017000+00:00,1681689600017,2023-04-17T00:00:00.017000+00:00,0.0002925,0.0
2023-04-17 08:00:00.006000+00:00,1681718400006,2023-04-17T08:00:00.006000+00:00,0.00035646,0.0
2023-04-17 16:00:00+00:00,1681747200000,2023-04-17T16:00:00+00:00,0.00013821,0.0
2023-04-18 00:00:00.013000+00:00,1681776000013,2023-04-18T00:00:00.013000+00:00,0.0001,0.0
2023-04-18 08:00:00.017000+00:00,1681804800017,2023-04-18T08:00:00.017000+00:00,0.0001,0.0
2023-04-18 16:00:00+00:00,1681833600000,2023-04-18T16:00:00+00:00,0.0001,0.0
2023-04-19 00:00:00.022000+00:00,1681862400022,2023-04-19T00:00:00.022000+00:00,0.0001,0.0
2023-04-19 08:00:00.014000+00:00,1681891200014,2023-04-19T08:00:00.014000+00:00,0.0001,0.0
2023-04-19 16:00:00+00:00,1681920000000,2023-04-19T16:00:00+00:00,-5.574e-05,0.0
2023-04-20 00:00:00.010000+00:00,1681948800010,2023-04-20T00:00:00.010000+00:00,0.0001,0.0
2023-04-20 08:00:00.012000+00:00,1681977600012,2023-04-20T08:00:00.012000+00:00,0.0001,0.0
2023-04-20 16:00:00.012000+00:00,1682006400012,2023-04-20T16:00:00.012000+00:00,0.0001,0.0
2023-04-21 00:00:00.009000+00:00,1682035200009,2023-04-21T00:00:00.009000+00:00,-3.575e-05,0.0
2023-04-21 08:00:00.009000+00:00,1682064000009,2023-04-21T08:00:00.009000+00:00,0.0001,0.0
2023-04-21 16:00:00.003000+00:00,1682092800003,2023-04-21T16:00:00.003000+00:00,0.0001,0.0
2023-04-22 00:00:00+00:00,1682121600000,2023-04-22T00:00:00+00:00,-1.147e-05,0.0
2023-04-22 08:00:00+00:00,1682150400000,2023-04-22T08:00:00+00:00,9.14e-06,0.0
2023-04-22 16:00:00.016000+00:00,1682179200016,2023-04-22T16:00:00.016000+00:00,-3.008e-05,0.0
2023-04-23 00:00:00.009000+00:00,1682208000009,2023-04-23T00:00:00.009000+00:00,-4.662e-05,0.0
2023-04-23 08:00:00.020000+00:00,1682236800020,2023-04-23T08:00:00.020000+00:00,7.476e-05,0.0
2023-04-23 16:00:00.007000+00:00,1682265600007,2023-04-23T16:00:00.007000+00:00,9.355e-05,0.0
2023-04-24 00:00:00+00:00,1682294400000,2023-04-24T00:00:00+00:00,3.83e-06,0.0
2023-04-24 08:00:00.008000+00:00,1682323200008,2023-04-24T08:00:00.008000+00:00,9.297e-05,0.0
2023-04-24 16:00:00.006000+00:00,1682352000006,2023-04-24T16:00:00.006000+00:00,0.0001,0.0
2023-04-25 00:00:00.014000+00:00,1682380800014,2023-04-25T00:00:00.014000+00:00,-1.61e-05,0.0
2023-04-25 08:00:00.009000+00:00,1682409600009,2023-04-25T08:00:00.009000+00:00,-2.918e-05,0.0
2023-04-25 16:00:00.015000+00:00,1682438400015,2023-04-25T16:00:00.015000+00:00,1.692e-05,0.0
2023-04-26 00:00:00.015000+00:00,1682467200015,2023-04-26T00:00:00.015000+00:00,5.839e-05,0.0
2023-04-26 08:00:00.013000+00:00,1682496000013,2023-04-26T08:00:00.013000+00:00,1.365e-05,0.0
2023-04-26 16:00:00.001000+00:00,1682524800001,2023-04-26T16:00:00.001000+00:00,0.0001,0.0
2023-04-27 00:00:00.014000+00:00,1682553600014,2023-04-27T00:00:00.014000+00:00,-0.00012155,0.0
2023-04-27 08:00:00.008000+00:00,1682582400008,2023-04-27T08:00:00.008000+00:00,2.06e-05,0.0
2023-04-27 16:00:00.005000+00:00,1682611200005,2023-04-27T16:00:00.005000+00:00,5.188e-05,0.0
2023-04-28 00:00:00.011000+00:00,1682640000011,2023-04-28T00:00:00.011000+00:00,0.0001,0.0
2023-04-28 08:00:00.007000+00:00,1682668800007,2023-04-28T08:00:00.007000+00:00,0.0001,0.0
2023-04-28 16:00:00.006000+00:00,1682697600006,2023-04-28T16:00:00.006000+00:00,0.0001,0.0
2023-04-29 00:00:00.004000+00:00,1682726400004,2023-04-29T00:00:00.004000+00:00,6.328e-05,0.0
2023-04-29 08:00:00.016000+00:00,1682755200016,2023-04-29T08:00:00.016000+00:00,0.0001,0.0
2023-04-29 16:00:00.001000+00:00,1682784000001,2023-04-29T16:00:00.001000+00:00,0.0001,0.0
2023-04-30 00:00:00.008000+00:00,1682812800008,2023-04-30T00:00:00.008000+00:00,5.413e-05,0.0
2023-04-30 08:00:00+00:00,1682841600000,2023-04-30T08:00:00+00:00,7.129e-05,0.0
2023-04-30 16:00:00.010000+00:00,1682870400010,2023-04-30T16:00:00.010000+00:00,0.0001,0.0
2023-05-01 00:00:00.004000+00:00,1682899200004,2023-05-01T00:00:00.004000+00:00,0.0001,0.0
2023-05-01 08:00:00.008000+00:00,1682928000008,2023-05-01T08:00:00.008000+00:00,1.535e-05,0.0
2023-05-01 16:00:00.014000+00:00,1682956800014,2023-05-01T16:00:00.014000+00:00,0.0001,0.0
2023-05-02 00:00:00.015000+00:00,1682985600015,2023-05-02T00:00:00.015000+00:00,6.98e-06,0.0
2023-05-02 08:00:00.018000+00:00,1683014400018,2023-05-02T08:00:00.018000+00:00,3.889e-05,0.0
2023-05-02 16:00:00+00:00,1683043200000,2023-05-02T16:00:00+00:00,-4.732e-05,0.0
2023-05-03 00:00:00.009000+00:00,1683072000009,2023-05-03T00:00:00.009000+00:00,2.069e-05,0.0
2023-05-03 08:00:00.003000+00:00,1683100800003,2023-05-03T08:00:00.003000+00:00,3.138e-05,0.0
2023-05-03 16:00:00.011000+00:00,1683129600011,2023-05-03T16:00:00.011000+00:00,3.849e-05,0.0
2023-05-04 00:00:00+00:00,1683158400000,2023-05-04T00:00:00+00:00,-2.27e-06,0.0
2023-05-04 08:00:00+00:00,1683187200000,2023-05-04T08:00:00+00:00,0.0001,0.0
2023-05-04 16:00:00.011000+00:00,1683216000011,2023-05-04T16:00:00.011000+00:00,0.0001,0.0
2023-05-05 00:00:00.002000+00:00,1683244800002,2023-05-05T00:00:00.002000+00:00,0.0001,0.0
2023-05-05 08:00:00+00:00,1683273600000,2023-05-05T08:00:00+00:00,3.223e-05,0.0
2023-05-05 16:00:00+00:00,1683302400000,2023-05-05T16:00:00+00:00,0.0001,0.0
2023-05-06 00:00:00.009000+00:00,1683331200009,2023-05-06T00:00:00.009000+00:00,0.0001,0.0
2023-05-06 08:00:00+00:00,1683360000000,2023-05-06T08:00:00+00:00,0.0001,0.0
2023-05-06 16:00:00+00:00,1683388800000,2023-05-06T16:00:00+00:00,2.441e-05,0.0
2023-05-07 00:00:00+00:00,1683417600000,2023-05-07T00:00:00+00:00,3.648e-05,0.0
2023-05-07 08:00:00+00:00,1683446400000,2023-05-07T08:00:00+00:00,-2.12e-05,0.0
2023-05-07 16:00:00.006000+00:00,1683475200006,2023-05-07T16:00:00.006000+00:00,6.249e-05,0.0
2023-05-08 00:00:00+00:00,1683504000000,2023-05-08T00:00:00+00:00,0.0001,0.0
2023-05-08 08:00:00.007000+00:00,1683532800007,2023-05-08T08:00:00.007000+00:00,-7.742e-05,0.0
2023-05-08 16:00:00.015000+00:00,1683561600015,2023-05-08T16:00:00.015000+00:00,2.595e-05,0.0
2023-05-09 00:00:00.015000+00:00,1683590400015,2023-05-09T00:00:00.015000+00:00,-0.00019637,0.0
2023-05-09 08:00:00+00:00,1683619200000,2023-05-09T08:00:00+00:00,-5.327e-05,0.0
2023-05-09 16:00:00+00:00,1683648000000,2023-05-09T16:00:00+00:00,-5.678e-05,0.0
2023-05-10 00:00:00.007000+00:00,1683676800007,2023-05-10T00:00:00.007000+00:00,-4.287e-05,0.0
2023-05-10 08:00:00.003000+00:00,1683705600003,2023-05-10T08:00:00.003000+00:00,2.809e-05,0.0
2023-05-10 16:00:00+00:00,1683734400000,2023-05-10T16:00:00+00:00,-2.9e-07,0.0
2023-05-11 00:00:00.011000+00:00,1683763200011,2023-05-11T00:00:00.011000+00:00,7.952e-05,0.0
2023-05-11 08:00:00+00:00,1683792000000,2023-05-11T08:00:00+00:00,2.605e-05,0.0
2023-05-11 16:00:00.005000+00:00,1683820800005,2023-05-11T16:00:00.005000+00:00,2.286e-05,0.0
2023-05-12 00:00:00.020000+00:00,1683849600020,2023-05-12T00:00:00.020000+00:00,1.031e-05,0.0
2023-05-12 08:00:00.001000+00:00,1683878400001,2023-05-12T08:00:00.001000+00:00,8.362e-05,0.0
2023-05-12 16:00:00.010000+00:00,1683907200010,2023-05-12T16:00:00.010000+00:00,8.03e-06,0.0
2023-05-13 00:00:00+00:00,1683936000000,2023-05-13T00:00:00+00:00,1.245e-05,0.0
2023-05-13 08:00:00+00:00,1683964800000,2023-05-13T08:00:00+00:00,6.953e-05,0.0
2023-05-13 16:00:00.026000+00:00,1683993600026,2023-05-13T16:00:00.026000+00:00,0.0001,0.0
2023-05-14 00:00:00.029000+00:00,1684022400029,2023-05-14T00:00:00.029000+00:00,7.69e-05,0.0
2023-05-14 08:00:00.010000+00:00,1684051200010,2023-05-14T08:00:00.010000+00:00,6.449e-05,0.0
2023-05-14 16:00:00.008000+00:00,1684080000008,2023-05-14T16:00:00.008000+00:00,6.799e-05,0.0
2023-05-15 00:00:00.006000+00:00,1684108800006,2023-05-15T00:00:00.006000+00:00,8.94e-06,0.0
2023-05-15 08:00:00.005000+00:00,1684137600005,2023-05-15T08:00:00.005000+00:00,6.491e-05,0.0
2023-05-15 16:00:00.008000+00:00,1684166400008,2023-05-15T16:00:00.008000+00:00,8.447e-05,0.0
2023-05-16 00:00:00.021000+00:00,1684195200021,2023-05-16T00:00:00.021000+00:00,0.0001,0.0
2023-05-16 08:00:00+00:00,1684224000000,2023-05-16T08:00:00+00:00,6.067e-05,0.0
2023-05-16 16:00:00+00:00,1684252800000,2023-05-16T16:00:00+00:00,0.0001,0.0
2023-05-17 00:00:00.010000+00:00,1684281600010,2023-05-17T00:00:00.010000+00:00,3.051e-05,0.0
2023-05-17 08:00:00+00:00,1684310400000,2023-05-17T08:00:00+00:00,0.0001,0.0
2023-05-17 16:00:00.001000+00:00,1684339200001,2023-05-17T16:00:00.001000+00:00,9.695e-05,0.0
2023-05-18 00:00:00+00:00,1684368000000,2023-05-18T00:00:00+00:00,0.0001,0.0
2023-05-18 08:00:00.026000+00:00,1684396800026,2023-05-18T08:00:00.026000+00:00,0.0001,0.0
2023-05-18 16:00:00.019000+00:00,1684425600019,2023-05-18T16:00:00.019000+00:00,2.95e-05,0.0
2023-05-19 00:00:00+00:00,1684454400000,2023-05-19T00:00:00+00:00,-9.122e-05,0.0
2023-05-19 08:00:00.002000+00:00,1684483200002,2023-05-19T08:00:00.002000+00:00,2.946e-05,0.0
2023-05-19 16:00:00+00:00,1684512000000,2023-05-19T16:00:00+00:00,8.946e-05,0.0
2023-05-20 00:00:00.005000+00:00,1684540800005,2023-05-20T00:00:00.005000+00:00,9.555e-05,0.0
2023-05-20 08:00:00.014000+00:00,1684569600014,2023-05-20T08:00:00.014000+00:00,2.515e-05,0.0
2023-05-20 16:00:00.020000+00:00,1684598400020,2023-05-20T16:00:00.020000+00:00,3.057e-05,0.0
2023-05-21 00:00:00.014000+00:00,1684627200014,2023-05-21T00:00:00.014000+00:00,0.0001,0.0
2023-05-21 08:00:00.001000+00:00,1684656000001,2023-05-21T08:00:00.001000+00:00,0.0001,0.0
2023-05-21 16:00:00.015000+00:00,1684684800015,2023-05-21T16:00:00.015000+00:00,9.479e-05,0.0
2023-05-22 00:00:00.028000+00:00,1684713600028,2023-05-22T00:00:00.028000+00:00,2.963e-05,0.0
2023-05-22 08:00:00+00:00,1684742400000,2023-05-22T08:00:00+00:00,7.846e-05,0.0
2023-05-22 16:00:00.012000+00:00,1684771200012,2023-05-22T16:00:00.012000+00:00,0.0001,0.0
2023-05-23 00:00:00.006000+00:00,1684800000006,2023-05-23T00:00:00.006000+00:00,0.0001,0.0
2023-05-23 08:00:00.014000+00:00,1684828800014,2023-05-23T08:00:00.014000+00:00,9.997e-05,0.0
2023-05-23 16:00:00.008000+00:00,1684857600008,2023-05-23T16:00:00.008000+00:00,0.0001,0.0
2023-05-24 00:00:00+00:00,1684886400000,2023-05-24T00:00:00+00:00,0.0001,0.0
2023-05-24 08:00:00.025000+00:00,1684915200025,2023-05-24T08:00:00.025000+00:00,6.455e-05,0.0
2023-05-24 16:00:00.008000+00:00,1684944000008,2023-05-24T16:00:00.008000+00:00,9.78e-05,0.0
2023-05-25 00:00:00+00:00,1684972800000,2023-05-25T00:00:00+00:00,5.668e-05,0.0
2023-05-25 08:00:00.025000+00:00,1685001600025,2023-05-25T08:00:00.025000+00:00,5.885e-05,0.0
2023-05-25 16:00:00.016000+00:00,1685030400016,2023-05-25T16:00:00.016000+00:00,0.0001,0.0
2023-05-26 00:00:00+00:00,1685059200000,2023-05-26T00:00:00+00:00,0.0001,0.0
2023-05-26 08:00:00.024000+00:00,1685088000024,2023-05-26T08:00:00.024000+00:00,0.0001,0.0
2023-05-26 16:00:00.012000+00:00,1685116800012,2023-05-26T16:00:00.012000+00:00,0.0001,0.0
2023-05-27 00:00:00.012000+00:00,1685145600012,2023-05-27T00:00:00.012000+00:00,0.0001,0.0
2023-05-27 08:00:00.018000+00:00,1685174400018,2023-05-27T08:00:00.018000+00:00,0.0001,0.0
2023-05-27 16:00:00.008000+00:00,1685203200008,2023-05-27T16:00:00.008000+00:00,0.0001,0.0
2023-05-28 00:00:00.017000+00:00,1685232000017,2023-05-28T00:00:00.017000+00:00,0.0001,0.0
2023-05-28 08:00:00.015000+00:00,1685260800015,2023-05-28T08:00:00.015000+00:00,0.0001,0.0
2023-05-28 16:00:00+00:00,1685289600000,2023-05-28T16:00:00+00:00,0.0001,0.0
2023-05-29 00:00:00+00:00,1685318400000,2023-05-29T00:00:00+00:00,0.0001,0.0
2023-05-29 08:00:00.020000+00:00,1685347200020,2023-05-29T08:00:00.020000+00:00,0.0001,0.0
2023-05-29 16:00:00.011000+00:00,1685376000011,2023-05-29T16:00:00.011000+00:00,0.0001,0.0
2023-05-30 00:00:00.003000+00:00,1685404800003,2023-05-30T00:00:00.003000+00:00,0.0001,0.0
2023-05-30 08:00:00+00:00,1685433600000,2023-05-30T08:00:00+00:00,0.0001,0.0
2023-05-30 16:00:00.003000+00:00,1685462400003,2023-05-30T16:00:00.003000+00:00,0.0001,0.0
2023-05-31 00:00:00.013000+00:00,1685491200013,2023-05-31T00:00:00.013000+00:00,0.0001,0.0
2023-05-31 08:00:00+00:00,1685520000000,2023-05-31T08:00:00+00:00,0.0001,0.0
2023-05-31 16:00:00+00:00,1685548800000,2023-05-31T16:00:00+00:00,0.0001,0.0
2023-06-01 00:00:00.008000+00:00,1685577600008,2023-06-01T00:00:00.008000+00:00,0.0001,0.0
2023-06-01 08:00:00.012000+00:00,1685606400012,2023-06-01T08:00:00.012000+00:00,0.0001,0.0
2023-06-01 16:00:00+00:00,1685635200000,2023-06-01T16:00:00+00:00,0.0001,0.0
2023-06-02 00:00:00+00:00,1685664000000,2023-06-02T00:00:00+00:00,0.0001,0.0
2023-06-02 08:00:00.006000+00:00,1685692800006,2023-06-02T08:00:00.006000+00:00,0.0001,0.0
2023-06-02 16:00:00.012000+00:00,1685721600012,2023-06-02T16:00:00.012000+00:00,0.0001,0.0
2023-06-03 00:00:00+00:00,1685750400000,2023-06-03T00:00:00+00:00,0.0001,0.0
2023-06-03 08:00:00.011000+00:00,1685779200011,2023-06-03T08:00:00.011000+00:00,0.0001,0.0
2023-06-03 16:00:00.003000+00:00,1685808000003,2023-06-03T16:00:00.003000+00:00,0.0001,0.0
2023-06-04 00:00:00+00:00,1685836800000,2023-06-04T00:00:00+00:00,0.0001,0.0
2023-06-04 08:00:00+00:00,1685865600000,2023-06-04T08:00:00+00:00,0.0001,0.0
2023-06-04 16:00:00+00:00,1685894400000,2023-06-04T16:00:00+00:00,0.0001,0.0
2023-06-05 00:00:00.005000+00:00,1685923200005,2023-06-05T00:00:00.005000+00:00,0.0001,0.0
2023-06-05 08:00:00+00:00,1685952000000,2023-06-05T08:00:00+00:00,0.0001,0.0
2023-06-05 16:00:00+00:00,1685980800000,2023-06-05T16:00:00+00:00,0.0001,0.0
2023-06-06 00:00:00+00:00,1686009600000,2023-06-06T00:00:00+00:00,-7.522e-05,0.0
2023-06-06 08:00:00.009000+00:00,1686038400009,2023-06-06T08:00:00.009000+00:00,-1.215e-05,0.0
2023-06-06 16:00:00.013000+00:00,1686067200013,2023-06-06T16:00:00.013000+00:00,6.245e-05,0.0
2023-06-07 00:00:00+00:00,1686096000000,2023-06-07T00:00:00+00:00,0.0001,0.0
2023-06-07 08:00:00.016000+00:00,1686124800016,2023-06-07T08:00:00.016000+00:00,0.0001,0.0
2023-06-07 16:00:00+00:00,1686153600000,2023-06-07T16:00:00+00:00,8.161e-05,0.0
2023-06-08 00:00:00.006000+00:00,1686182400006,2023-06-08T00:00:00.006000+00:00,-2.973e-05,0.0
2023-06-08 08:00:00+00:00,1686211200000,2023-06-08T08:00:00+00:00,-6.138e-05,0.0
2023-06-08 16:00:00+00:00,1686240000000,2023-06-08T16:00:00+00:00,-3.987e-05,0.0
2023-06-09 00:00:00+00:00,1686268800000,2023-06-09T00:00:00+00:00,-1.99e-05,0.0
2023-06-09 08:00:00+00:00,1686297600000,2023-06-09T08:00:00+00:00,2.244e-05,0.0
2023-06-09 16:00:00+00:00,1686326400000,2023-06-09T16:00:00+00:00,4.756e-05,0.0
2023-06-10 00:00:00+00:00,1686355200000,2023-06-10T00:00:00+00:00,4.312e-05,0.0
2023-06-10 08:00:00+00:00,1686384000000,2023-06-10T08:00:00+00:00,-0.00018689,0.0
2023-06-10 16:00:00+00:00,1686412800000,2023-06-10T16:00:00+00:00,-0.00045568,0.0
2023-06-11 00:00:00.001000+00:00,1686441600001,2023-06-11T00:00:00.001000+00:00,-0.00025962,0.0
2023-06-11 08:00:00+00:00,1686470400000,2023-06-11T08:00:00+00:00,-0.00039139,0.0
2023-06-11 16:00:00+00:00,1686499200000,2023-06-11T16:00:00+00:00,-0.00011432,0.0
2023-06-12 00:00:00+00:00,1686528000000,2023-06-12T00:00:00+00:00,-5.452e-05,0.0
2023-06-12 08:00:00+00:00,1686556800000,2023-06-12T08:00:00+00:00,-0.00010351,0.0
2023-06-12 16:00:00.001000+00:00,1686585600001,2023-06-12T16:00:00.001000+00:00,0.0001,0.0
2023-06-13 00:00:00+00:00,1686614400000,2023-06-13T00:00:00+00:00,-6.7e-06,0.0
2023-06-13 08:00:00+00:00,1686643200000,2023-06-13T08:00:00+00:00,8.95e-06,0.0
2023-06-13 16:00:00+00:00,1686672000000,2023-06-13T16:00:00+00:00,-1.734e-05,0.0
2023-06-14 00:00:00+00:00,1686700800000,2023-06-14T00:00:00+00:00,-6.216e-05,0.0
2023-06-14 08:00:00+00:00,1686729600000,2023-06-14T08:00:00+00:00,-9.959e-05,0.0
2023-06-14 16:00:00+00:00,1686758400000,2023-06-14T16:00:00+00:00,-3.849e-05,0.0
2023-06-15 00:00:00+00:00,1686787200000,2023-06-15T00:00:00+00:00,-3.913e-05,0.0
2023-06-15 08:00:00+00:00,1686816000000,2023-06-15T08:00:00+00:00,-0.0001096,0.0
2023-06-15 16:00:00+00:00,1686844800000,2023-06-15T16:00:00+00:00,0.0001,0.0
2023-06-16 00:00:00+00:00,1686873600000,2023-06-16T00:00:00+00:00,2.986e-05,0.0
2023-06-16 08:00:00+00:00,1686902400000,2023-06-16T08:00:00+00:00,3.481e-05,0.0
2023-06-16 16:00:00+00:00,1686931200000,2023-06-16T16:00:00+00:00,-4.6e-06,0.0
2023-06-17 00:00:00+00:00,1686960000000,2023-06-17T00:00:00+00:00,-3.146e-05,0.0
2023-06-17 08:00:00+00:00,1686988800000,2023-06-17T08:00:00+00:00,5.237e-05,0.0
2023-06-17 16:00:00+00:00,1687017600000,2023-06-17T16:00:00+00:00,6.248e-05,0.0
2023-06-18 00:00:00+00:00,1687046400000,2023-06-18T00:00:00+00:00,-2.892e-05,0.0
2023-06-18 08:00:00+00:00,1687075200000,2023-06-18T08:00:00+00:00,-5.493e-05,0.0
2023-06-18 16:00:00+00:00,1687104000000,2023-06-18T16:00:00+00:00,-1.03e-06,0.0
2023-06-19 00:00:00+00:00,1687132800000,2023-06-19T00:00:00+00:00,-6.35e-05,0.0
2023-06-19 08:00:00+00:00,1687161600000,2023-06-19T08:00:00+00:00,-8.954e-05,0.0
2023-06-19 16:00:00+00:00,1687190400000,2023-06-19T16:00:00+00:00,-4.972e-05,0.0
2023-06-20 00:00:00.001000+00:00,1687219200001,2023-06-20T00:00:00.001000+00:00,-0.0001454,0.0
2023-06-20 08:00:00+00:00,1687248000000,2023-06-20T08:00:00+00:00,-8.12e-06,0.0
2023-06-20 16:00:00+00:00,1687276800000,2023-06-20T16:00:00+00:00,1.7e-06,0.0
2023-06-21 00:00:00+00:00,1687305600000,2023-06-21T00:00:00+00:00,5.55e-06,0.0
2023-06-21 08:00:00+00:00,1687334400000,2023-06-21T08:00:00+00:00,7.67e-05,0.0
2023-06-21 16:00:00+00:00,1687363200000,2023-06-21T16:00:00+00:00,1.523e-05,0.0
2023-06-22 00:00:00+00:00,1687392000000,2023-06-22T00:00:00+00:00,5.684e-05,0.0
2023-06-22 08:00:00.001000+00:00,1687420800001,2023-06-22T08:00:00.001000+00:00,1.267e-05,0.0
2023-06-22 16:00:00+00:00,1687449600000,2023-06-22T16:00:00+00:00,-9.97e-06,0.0
2023-06-23 00:00:00+00:00,1687478400000,2023-06-23T00:00:00+00:00,8.86e-05,0.0
2023-06-23 08:00:00+00:00,1687507200000,2023-06-23T08:00:00+00:00,0.0001,0.0
2023-06-23 16:00:00+00:00,1687536000000,2023-06-23T16:00:00+00:00,-3.27e-06,0.0
2023-06-24 00:00:00+00:00,1687564800000,2023-06-24T00:00:00+00:00,-5.354e-05,0.0
2023-06-24 08:00:00+00:00,1687593600000,2023-06-24T08:00:00+00:00,8.164e-05,0.0
2023-06-24 16:00:00+00:00,1687622400000,2023-06-24T16:00:00+00:00,1.615e-05,0.0
2023-06-25 00:00:00+00:00,1687651200000,2023-06-25T00:00:00+00:00,-9.403e-05,0.0
2023-06-25 08:00:00+00:00,1687680000000,2023-06-25T08:00:00+00:00,4.045e-05,0.0
2023-06-25 16:00:00+00:00,1687708800000,2023-06-25T16:00:00+00:00,2.049e-05,0.0
2023-06-26 00:00:00+00:00,1687737600000,2023-06-26T00:00:00+00:00,2.481e-05,0.0
2023-06-26 08:00:00+00:00,1687766400000,2023-06-26T08:00:00+00:00,-6.749e-05,0.0
2023-06-26 16:00:00+00:00,1687795200000,2023-06-26T16:00:00+00:00,5.956e-05,0.0
2023-06-27 00:00:00+00:00,1687824000000,2023-06-27T00:00:00+00:00,-2.886e-05,0.0
2023-06-27 08:00:00+00:00,1687852800000,2023-06-27T08:00:00+00:00,0.0001,0.0
2023-06-27 16:00:00+00:00,1687881600000,2023-06-27T16:00:00+00:00,0.0001,0.0
2023-06-28 00:00:00+00:00,1687910400000,2023-06-28T00:00:00+00:00,0.0001,0.0
2023-06-28 08:00:00+00:00,1687939200000,2023-06-28T08:00:00+00:00,-1.801e-05,0.0
2023-06-28 16:00:00+00:00,1687968000000,2023-06-28T16:00:00+00:00,5.458e-05,0.0
2023-06-29 00:00:00+00:00,1687996800000,2023-06-29T00:00:00+00:00,1.7e-05,0.0
2023-06-29 08:00:00+00:00,1688025600000,2023-06-29T08:00:00+00:00,0.0001,0.0
2023-06-29 16:00:00+00:00,1688054400000,2023-06-29T16:00:00+00:00,0.0001,0.0
2023-06-30 00:00:00+00:00,1688083200000,2023-06-30T00:00:00+00:00,4.827e-05,0.0
2023-06-30 08:00:00+00:00,1688112000000,2023-06-30T08:00:00+00:00,0.0001,0.0
2023-06-30 16:00:00.001000+00:00,1688140800001,2023-06-30T16:00:00.001000+00:00,0.0001,0.0
2023-07-01 00:00:00+00:00,1688169600000,2023-07-01T00:00:00+00:00,0.0001,0.0
2023-07-01 08:00:00+00:00,1688198400000,2023-07-01T08:00:00+00:00,0.0001,0.0
2023-07-01 16:00:00+00:00,1688227200000,2023-07-01T16:00:00+00:00,2.201e-05,0.0
2023-07-02 00:00:00+00:00,1688256000000,2023-07-02T00:00:00+00:00,0.0001,0.0
2023-07-02 08:00:00+00:00,1688284800000,2023-07-02T08:00:00+00:00,0.0001,0.0
2023-07-02 16:00:00.001000+00:00,1688313600001,2023-07-02T16:00:00.001000+00:00,0.0001,0.0
2023-07-03 00:00:00+00:00,1688342400000,2023-07-03T00:00:00+00:00,0.0001,0.0
2023-07-03 08:00:00+00:00,1688371200000,2023-07-03T08:00:00+00:00,0.0001,0.0
2023-07-03 16:00:00+00:00,1688400000000,2023-07-03T16:00:00+00:00,0.0001,0.0
2023-07-04 00:00:00.001000+00:00,1688428800001,2023-07-04T00:00:00.001000+00:00,6.327e-05,0.0
2023-07-04 08:00:00+00:00,1688457600000,2023-07-04T08:00:00+00:00,0.0001,0.0
2023-07-04 16:00:00+00:00,1688486400000,2023-07-04T16:00:00+00:00,0.0001,0.0
2023-07-05 00:00:00+00:00,1688515200000,2023-07-05T00:00:00+00:00,0.0001,0.0
2023-07-05 08:00:00+00:00,1688544000000,2023-07-05T08:00:00+00:00,0.0001,0.0
2023-07-05 16:00:00+00:00,1688572800000,2023-07-05T16:00:00+00:00,4.304e-05,0.0
2023-07-06 00:00:00+00:00,1688601600000,2023-07-06T00:00:00+00:00,-5.29e-06,0.0
2023-07-06 08:00:00+00:00,1688630400000,2023-07-06T08:00:00+00:00,0.0001,0.0
2023-07-06 16:00:00+00:00,1688659200000,2023-07-06T16:00:00+00:00,0.0001,0.0
2023-07-07 00:00:00+00:00,1688688000000,2023-07-07T00:00:00+00:00,0.0001,0.0
2023-07-07 08:00:00+00:00,1688716800000,2023-07-07T08:00:00+00:00,8.838e-05,0.0
2023-07-07 16:00:00+00:00,1688745600000,2023-07-07T16:00:00+00:00,-0.00022841,0.0
2023-07-08 00:00:00+00:00,1688774400000,2023-07-08T00:00:00+00:00,-5.703e-05,0.0
2023-07-08 08:00:00+00:00,1688803200000,2023-07-08T08:00:00+00:00,1.315e-05,0.0
2023-07-08 16:00:00+00:00,1688832000000,2023-07-08T16:00:00+00:00,0.0001,0.0
2023-07-09 00:00:00+00:00,1688860800000,2023-07-09T00:00:00+00:00,-0.00011345,0.0
2023-07-09 08:00:00+00:00,1688889600000,2023-07-09T08:00:00+00:00,1.049e-05,0.0
2023-07-09 16:00:00+00:00,1688918400000,2023-07-09T16:00:00+00:00,0.0001,0.0
2023-07-10 00:00:00+00:00,1688947200000,2023-07-10T00:00:00+00:00,0.0001,0.0
2023-07-10 08:00:00+00:00,1688976000000,2023-07-10T08:00:00+00:00,0.0001,0.0
2023-07-10 16:00:00+00:00,1689004800000,2023-07-10T16:00:00+00:00,-5.346e-05,0.0
2023-07-11 00:00:00+00:00,1689033600000,2023-07-11T00:00:00+00:00,-0.00013561,0.0
2023-07-11 08:00:00+00:00,1689062400000,2023-07-11T08:00:00+00:00,-2.651e-05,0.0
2023-07-11 16:00:00+00:00,1689091200000,2023-07-11T16:00:00+00:00,2.775e-05,0.0
2023-07-12 00:00:00+00:00,1689120000000,2023-07-12T00:00:00+00:00,1.497e-05,0.0
2023-07-12 08:00:00+00:00,1689148800000,2023-07-12T08:00:00+00:00,-2.714e-05,0.0
2023-07-12 16:00:00+00:00,1689177600000,2023-07-12T16:00:00+00:00,4.12e-05,0.0
2023-07-13 00:00:00+00:00,1689206400000,2023-07-13T00:00:00+00:00,9.789e-05,0.0
2023-07-13 08:00:00+00:00,1689235200000,2023-07-13T08:00:00+00:00,-6.37e-06,0.0
2023-07-13 16:00:00+00:00,1689264000000,2023-07-13T16:00:00+00:00,-0.00021919,0.0
2023-07-14 00:00:00+00:00,1689292800000,2023-07-14T00:00:00+00:00,0.0001,0.0
2023-07-14 08:00:00+00:00,1689321600000,2023-07-14T08:00:00+00:00,0.00029523,0.0
2023-07-14 16:00:00+00:00,1689350400000,2023-07-14T16:00:00+00:00,0.00017912,0.0
2023-07-15 00:00:00+00:00,1689379200000,2023-07-15T00:00:00+00:00,0.0001,0.0
2023-07-15 08:00:00+00:00,1689408000000,2023-07-15T08:00:00+00:00,0.0001,0.0
2023-07-15 16:00:00+00:00,1689436800000,2023-07-15T16:00:00+00:00,0.0001,0.0
2023-07-16 00:00:00.001000+00:00,1689465600001,2023-07-16T00:00:00.001000+00:00,0.0001,0.0
2023-07-16 08:00:00+00:00,1689494400000,2023-07-16T08:00:00+00:00,0.0001,0.0
2023-07-16 16:00:00+00:00,1689523200000,2023-07-16T16:00:00+00:00,0.0001,0.0
2023-07-17 00:00:00+00:00,1689552000000,2023-07-17T00:00:00+00:00,0.0001,0.0
2023-07-17 08:00:00+00:00,1689580800000,2023-07-17T08:00:00+00:00,0.0001,0.0
2023-07-17 16:00:00+00:00,1689609600000,2023-07-17T16:00:00+00:00,0.0001,0.0
2023-07-18 00:00:00+00:00,1689638400000,2023-07-18T00:00:00+00:00,9.171e-05,0.0
2023-07-18 08:00:00+00:00,1689667200000,2023-07-18T08:00:00+00:00,0.0001,0.0
2023-07-18 16:00:00+00:00,1689696000000,2023-07-18T16:00:00+00:00,0.0001,0.0
2023-07-19 00:00:00+00:00,1689724800000,2023-07-19T00:00:00+00:00,0.0001,0.0
2023-07-19 08:00:00+00:00,1689753600000,2023-07-19T08:00:00+00:00,0.0001,0.0
2023-07-19 16:00:00.001000+00:00,1689782400001,2023-07-19T16:00:00.001000+00:00,0.0001,0.0
2023-07-20 00:00:00+00:00,1689811200000,2023-07-20T00:00:00+00:00,7.165e-05,0.0
2023-07-20 08:00:00+00:00,1689840000000,2023-07-20T08:00:00+00:00,0.0001,0.0
2023-07-20 16:00:00+00:00,1689868800000,2023-07-20T16:00:00+00:00,0.0001,0.0
2023-07-21 00:00:00.001000+00:00,1689897600001,2023-07-21T00:00:00.001000+00:00,1.25e-05,0.0
2023-07-21 08:00:00+00:00,1689926400000,2023-07-21T08:00:00+00:00,-1.51e-06,0.0
2023-07-21 16:00:00+00:00,1689955200000,2023-07-21T16:00:00+00:00,7.977e-05,0.0
2023-07-22 00:00:00+00:00,1689984000000,2023-07-22T00:00:00+00:00,2.099e-05,0.0
2023-07-22 08:00:00+00:00,1690012800000,2023-07-22T08:00:00+00:00,0.0001,0.0
2023-07-22 16:00:00+00:00,1690041600000,2023-07-22T16:00:00+00:00,0.0001,0.0
2023-07-23 00:00:00+00:00,1690070400000,2023-07-23T00:00:00+00:00,8.045e-05,0.0
2023-07-23 08:00:00+00:00,1690099200000,2023-07-23T08:00:00+00:00,6.786e-05,0.0
2023-07-23 16:00:00+00:00,1690128000000,2023-07-23T16:00:00+00:00,0.0001,0.0
2023-07-24 00:00:00+00:00,1690156800000,2023-07-24T00:00:00+00:00,5.539e-05,0.0
2023-07-24 08:00:00+00:00,1690185600000,2023-07-24T08:00:00+00:00,8.79e-05,0.0
2023-07-24 16:00:00+00:00,1690214400000,2023-07-24T16:00:00+00:00,0.0001,0.0
2023-07-25 00:00:00+00:00,1690243200000,2023-07-25T00:00:00+00:00,2.921e-05,0.0
2023-07-25 08:00:00+00:00,1690272000000,2023-07-25T08:00:00+00:00,4.666e-05,0.0
2023-07-25 16:00:00+00:00,1690300800000,2023-07-25T16:00:00+00:00,-2.252e-05,0.0
2023-07-26 00:00:00+00:00,1690329600000,2023-07-26T00:00:00+00:00,9.281e-05,0.0
2023-07-26 08:00:00.001000+00:00,1690358400001,2023-07-26T08:00:00.001000+00:00,-1.83e-06,0.0
2023-07-26 16:00:00+00:00,1690387200000,2023-07-26T16:00:00+00:00,4.654e-05,0.0
2023-07-27 00:00:00+00:00,1690416000000,2023-07-27T00:00:00+00:00,0.0001,0.0
2023-07-27 08:00:00+00:00,1690444800000,2023-07-27T08:00:00+00:00,2.473e-05,0.0
2023-07-27 16:00:00.001000+00:00,1690473600001,2023-07-27T16:00:00.001000+00:00,1.048e-05,0.0
2023-07-28 00:00:00+00:00,1690502400000,2023-07-28T00:00:00+00:00,0.0001,0.0
2023-07-28 08:00:00+00:00,1690531200000,2023-07-28T08:00:00+00:00,0.0001,0.0
2023-07-28 16:00:00+00:00,1690560000000,2023-07-28T16:00:00+00:00,0.0001,0.0
2023-07-29 00:00:00+00:00,1690588800000,2023-07-29T00:00:00+00:00,0.0001,0.0
2023-07-29 08:00:00+00:00,1690617600000,2023-07-29T08:00:00+00:00,0.0001,0.0
2023-07-29 16:00:00.001000+00:00,1690646400001,2023-07-29T16:00:00.001000+00:00,8.555e-05,0.0
2023-07-30 00:00:00+00:00,1690675200000,2023-07-30T00:00:00+00:00,0.0001,0.0
2023-07-30 08:00:00+00:00,1690704000000,2023-07-30T08:00:00+00:00,9.213e-05,0.0
2023-07-30 16:00:00+00:00,1690732800000,2023-07-30T16:00:00+00:00,0.0001,0.0
2023-07-31 00:00:00+00:00,1690761600000,2023-07-31T00:00:00+00:00,9.232e-05,0.0
2023-07-31 08:00:00+00:00,1690790400000,2023-07-31T08:00:00+00:00,-2.568e-05,0.0
2023-07-31 16:00:00.001000+00:00,1690819200001,2023-07-31T16:00:00.001000+00:00,4.713e-05,0.0
2023-08-01 00:00:00+00:00,1690848000000,2023-08-01T00:00:00+00:00,0.0001,0.0
2023-08-01 08:00:00+00:00,1690876800000,2023-08-01T08:00:00+00:00,7.943e-05,0.0
2023-08-01 16:00:00+00:00,1690905600000,2023-08-01T16:00:00+00:00,6.97e-05,0.0
2023-08-02 00:00:00+00:00,1690934400000,2023-08-02T00:00:00+00:00,1.932e-05,0.0
2023-08-02 08:00:00+00:00,1690963200000,2023-08-02T08:00:00+00:00,1.057e-05,0.0
2023-08-02 16:00:00+00:00,1690992000000,2023-08-02T16:00:00+00:00,3.245e-05,0.0
2023-08-03 00:00:00+00:00,1691020800000,2023-08-03T00:00:00+00:00,-2.37e-05,0.0
2023-08-03 08:00:00+00:00,1691049600000,2023-08-03T08:00:00+00:00,0.0001,0.0
2023-08-03 16:00:00.001000+00:00,1691078400001,2023-08-03T16:00:00.001000+00:00,-3.185e-05,0.0
2023-08-04 00:00:00+00:00,1691107200000,2023-08-04T00:00:00+00:00,1.777e-05,0.0
2023-08-04 08:00:00+00:00,1691136000000,2023-08-04T08:00:00+00:00,9.93e-06,0.0
2023-08-04 16:00:00+00:00,1691164800000,2023-08-04T16:00:00+00:00,5.856e-05,0.0
2023-08-05 00:00:00+00:00,1691193600000,2023-08-05T00:00:00+00:00,0.0001,0.0
2023-08-05 08:00:00+00:00,1691222400000,2023-08-05T08:00:00+00:00,2.082e-05,0.0
2023-08-05 16:00:00.001000+00:00,1691251200001,2023-08-05T16:00:00.001000+00:00,4.43e-05,0.0
2023-08-06 00:00:00+00:00,1691280000000,2023-08-06T00:00:00+00:00,-3.498e-05,0.0
2023-08-06 08:00:00.001000+00:00,1691308800001,2023-08-06T08:00:00.001000+00:00,0.0001,0.0
2023-08-06 16:00:00.005000+00:00,1691337600005,2023-08-06T16:00:00.005000+00:00,0.0001,0.0
2023-08-07 00:00:00+00:00,1691366400000,2023-08-07T00:00:00+00:00,0.0001,0.0
2023-08-07 08:00:00+00:00,1691395200000,2023-08-07T08:00:00+00:00,7.203e-05,0.0
2023-08-07 16:00:00+00:00,1691424000000,2023-08-07T16:00:00+00:00,0.0001,0.0
2023-08-08 00:00:00+00:00,1691452800000,2023-08-08T00:00:00+00:00,7.405e-05,0.0
2023-08-08 08:00:00+00:00,1691481600000,2023-08-08T08:00:00+00:00,0.0001,0.0
2023-08-08 16:00:00+00:00,1691510400000,2023-08-08T16:00:00+00:00,9.805e-05,0.0
2023-08-09 00:00:00+00:00,1691539200000,2023-08-09T00:00:00+00:00,9.326e-05,0.0
2023-08-09 08:00:00+00:00,1691568000000,2023-08-09T08:00:00+00:00,7.15e-06,0.0
2023-08-09 16:00:00+00:00,1691596800000,2023-08-09T16:00:00+00:00,6.361e-05,0.0
2023-08-10 00:00:00.001000+00:00,1691625600001,2023-08-10T00:00:00.001000+00:00,0.0001,0.0
2023-08-10 08:00:00+00:00,1691654400000,2023-08-10T08:00:00+00:00,0.0001,0.0
2023-08-10 16:00:00+00:00,1691683200000,2023-08-10T16:00:00+00:00,0.0001,0.0
2023-08-11 00:00:00+00:00,1691712000000,2023-08-11T00:00:00+00:00,5.018e-05,0.0
2023-08-11 08:00:00+00:00,1691740800000,2023-08-11T08:00:00+00:00,0.0001,0.0
2023-08-11 16:00:00+00:00,1691769600000,2023-08-11T16:00:00+00:00,0.0001,0.0
2023-08-12 00:00:00+00:00,1691798400000,2023-08-12T00:00:00+00:00,0.0001,0.0
2023-08-12 08:00:00+00:00,1691827200000,2023-08-12T08:00:00+00:00,0.0001,0.0
2023-08-12 16:00:00+00:00,1691856000000,2023-08-12T16:00:00+00:00,0.0001,0.0
2023-08-13 00:00:00+00:00,1691884800000,2023-08-13T00:00:00+00:00,7.464e-05,0.0
2023-08-13 08:00:00+00:00,1691913600000,2023-08-13T08:00:00+00:00,5.155e-05,0.0
2023-08-13 16:00:00+00:00,1691942400000,2023-08-13T16:00:00+00:00,0.0001,0.0
2023-08-14 00:00:00.001000+00:00,1691971200001,2023-08-14T00:00:00.001000+00:00,0.0001,0.0
2023-08-14 08:00:00+00:00,1692000000000,2023-08-14T08:00:00+00:00,7.157e-05,0.0
2023-08-14 16:00:00+00:00,1692028800000,2023-08-14T16:00:00+00:00,3.069e-05,0.0
2023-08-15 00:00:00.001000+00:00,1692057600001,2023-08-15T00:00:00.001000+00:00,7.225e-05,0.0
2023-08-15 08:00:00+00:00,1692086400000,2023-08-15T08:00:00+00:00,0.0001,0.0
2023-08-15 16:00:00+00:00,1692115200000,2023-08-15T16:00:00+00:00,0.0001,0.0
2023-08-16 00:00:00+00:00,1692144000000,2023-08-16T00:00:00+00:00,0.0001,0.0
2023-08-16 08:00:00.001000+00:00,1692172800001,2023-08-16T08:00:00.001000+00:00,0.0001,0.0
2023-08-16 16:00:00+00:00,1692201600000,2023-08-16T16:00:00+00:00,5.907e-05,0.0
2023-08-17 00:00:00+00:00,1692230400000,2023-08-17T00:00:00+00:00,6.9e-07,0.0
2023-08-17 08:00:00+00:00,1692259200000,2023-08-17T08:00:00+00:00,0.0001,0.0
2023-08-17 16:00:00+00:00,1692288000000,2023-08-17T16:00:00+00:00,3.019e-05,0.0
2023-08-18 00:00:00+00:00,1692316800000,2023-08-18T00:00:00+00:00,-0.00029147,0.0
2023-08-18 08:00:00+00:00,1692345600000,2023-08-18T08:00:00+00:00,-2.584e-05,0.0
2023-08-18 16:00:00+00:00,1692374400000,2023-08-18T16:00:00+00:00,8.169e-05,0.0
2023-08-19 00:00:00+00:00,1692403200000,2023-08-19T00:00:00+00:00,-7.003e-05,0.0
2023-08-19 08:00:00+00:00,1692432000000,2023-08-19T08:00:00+00:00,-5.498e-05,0.0
2023-08-19 16:00:00+00:00,1692460800000,2023-08-19T16:00:00+00:00,-6.27e-05,0.0
2023-08-20 00:00:00+00:00,1692489600000,2023-08-20T00:00:00+00:00,-6.623e-05,0.0
2023-08-20 08:00:00+00:00,1692518400000,2023-08-20T08:00:00+00:00,-7.076e-05,0.0
2023-08-20 16:00:00+00:00,1692547200000,2023-08-20T16:00:00+00:00,-3.023e-05,0.0
2023-08-21 00:00:00+00:00,1692576000000,2023-08-21T00:00:00+00:00,-3.625e-05,0.0
2023-08-21 08:00:00+00:00,1692604800000,2023-08-21T08:00:00+00:00,-7.183e-05,0.0
2023-08-21 16:00:00+00:00,1692633600000,2023-08-21T16:00:00+00:00,-7.18e-06,0.0
2023-08-22 00:00:00+00:00,1692662400000,2023-08-22T00:00:00+00:00,1.569e-05,0.0
2023-08-22 08:00:00+00:00,1692691200000,2023-08-22T08:00:00+00:00,5.112e-05,0.0
2023-08-22 16:00:00+00:00,1692720000000,2023-08-22T16:00:00+00:00,2.087e-05,0.0
2023-08-23 00:00:00+00:00,1692748800000,2023-08-23T00:00:00+00:00,-0.00012671,0.0
2023-08-23 08:00:00+00:00,1692777600000,2023-08-23T08:00:00+00:00,-3.319e-05,0.0
2023-08-23 16:00:00+00:00,1692806400000,2023-08-23T16:00:00+00:00,3.526e-05,0.0
2023-08-24 00:00:00+00:00,1692835200000,2023-08-24T00:00:00+00:00,-7.433e-05,0.0
2023-08-24 08:00:00+00:00,1692864000000,2023-08-24T08:00:00+00:00,-9.124e-05,0.0
2023-08-24 16:00:00+00:00,1692892800000,2023-08-24T16:00:00+00:00,-9.96e-06,0.0
2023-08-25 00:00:00+00:00,1692921600000,2023-08-25T00:00:00+00:00,-8.674e-05,0.0
2023-08-25 08:00:00+00:00,1692950400000,2023-08-25T08:00:00+00:00,-5.421e-05,0.0
2023-08-25 16:00:00+00:00,1692979200000,2023-08-25T16:00:00+00:00,-0.00018382,0.0
2023-08-26 00:00:00+00:00,1693008000000,2023-08-26T00:00:00+00:00,-0.00014373,0.0
2023-08-26 08:00:00+00:00,1693036800000,2023-08-26T08:00:00+00:00,-0.00024234,0.0
2023-08-26 16:00:00+00:00,1693065600000,2023-08-26T16:00:00+00:00,-0.00018306,0.0
2023-08-27 00:00:00+00:00,1693094400000,2023-08-27T00:00:00+00:00,-0.00017578,0.0
2023-08-27 08:00:00+00:00,1693123200000,2023-08-27T08:00:00+00:00,-0.00011914,0.0
2023-08-27 16:00:00+00:00,1693152000000,2023-08-27T16:00:00+00:00,-0.00016818,0.0
2023-08-28 00:00:00+00:00,1693180800000,2023-08-28T00:00:00+00:00,-3.451e-05,0.0
2023-08-28 08:00:00.001000+00:00,1693209600001,2023-08-28T08:00:00.001000+00:00,-2.329e-05,0.0
2023-08-28 16:00:00.001000+00:00,1693238400001,2023-08-28T16:00:00.001000+00:00,2.945e-05,0.0
2023-08-29 00:00:00+00:00,1693267200000,2023-08-29T00:00:00+00:00,8.373e-05,0.0
2023-08-29 08:00:00+00:00,1693296000000,2023-08-29T08:00:00+00:00,5.29e-06,0.0
2023-08-29 16:00:00+00:00,1693324800000,2023-08-29T16:00:00+00:00,-0.00040362,0.0
2023-08-30 00:00:00+00:00,1693353600000,2023-08-30T00:00:00+00:00,0.0001,0.0
2023-08-30 08:00:00+00:00,1693382400000,2023-08-30T08:00:00+00:00,2.088e-05,0.0
2023-08-30 16:00:00+00:00,1693411200000,2023-08-30T16:00:00+00:00,8.869e-05,0.0
2023-08-31 00:00:00+00:00,1693440000000,2023-08-31T00:00:00+00:00,-5.589e-05,0.0
2023-08-31 08:00:00+00:00,1693468800000,2023-08-31T08:00:00+00:00,-7.295e-05,0.0
2023-08-31 16:00:00+00:00,1693497600000,2023-08-31T16:00:00+00:00,-9.89e-05,0.0
2023-09-01 00:00:00+00:00,1693526400000,2023-09-01T00:00:00+00:00,-0.00013928,0.0
2023-09-01 08:00:00+00:00,1693555200000,2023-09-01T08:00:00+00:00,-9.007e-05,0.0
2023-09-01 16:00:00.001000+00:00,1693584000001,2023-09-01T16:00:00.001000+00:00,5.2e-05,0.0
2023-09-02 00:00:00+00:00,1693612800000,2023-09-02T00:00:00+00:00,6.71e-06,0.0
2023-09-02 08:00:00+00:00,1693641600000,2023-09-02T08:00:00+00:00,-8.469e-05,0.0
2023-09-02 16:00:00+00:00,1693670400000,2023-09-02T16:00:00+00:00,-5.343e-05,0.0
2023-09-03 00:00:00+00:00,1693699200000,2023-09-03T00:00:00+00:00,-6.5e-07,0.0
2023-09-03 08:00:00+00:00,1693728000000,2023-09-03T08:00:00+00:00,-3.935e-05,0.0
2023-09-03 16:00:00+00:00,1693756800000,2023-09-03T16:00:00+00:00,-3.56e-05,0.0
2023-09-04 00:00:00+00:00,1693785600000,2023-09-04T00:00:00+00:00,-5.078e-05,0.0
2023-09-04 08:00:00+00:00,1693814400000,2023-09-04T08:00:00+00:00,-7.224e-05,0.0
2023-09-04 16:00:00+00:00,1693843200000,2023-09-04T16:00:00+00:00,8.919e-05,0.0
2023-09-05 00:00:00+00:00,1693872000000,2023-09-05T00:00:00+00:00,1.756e-05,0.0
2023-09-05 08:00:00+00:00,1693900800000,2023-09-05T08:00:00+00:00,-6.252e-05,0.0
2023-09-05 16:00:00+00:00,1693929600000,2023-09-05T16:00:00+00:00,-0.00010758,0.0
2023-09-06 00:00:00+00:00,1693958400000,2023-09-06T00:00:00+00:00,-1.341e-05,0.0
2023-09-06 08:00:00+00:00,1693987200000,2023-09-06T08:00:00+00:00,8.04e-06,0.0
2023-09-06 16:00:00.001000+00:00,1694016000001,2023-09-06T16:00:00.001000+00:00,2.839e-05,0.0
2023-09-07 00:00:00+00:00,1694044800000,2023-09-07T00:00:00+00:00,-2.787e-05,0.0
2023-09-07 08:00:00+00:00,1694073600000,2023-09-07T08:00:00+00:00,2.88e-06,0.0
2023-09-07 16:00:00+00:00,1694102400000,2023-09-07T16:00:00+00:00,3.3e-07,0.0
2023-09-08 00:00:00+00:00,1694131200000,2023-09-08T00:00:00+00:00,-8.527e-05,0.0
2023-09-08 08:00:00+00:00,1694160000000,2023-09-08T08:00:00+00:00,-0.00013966,0.0
2023-09-08 16:00:00+00:00,1694188800000,2023-09-08T16:00:00+00:00,-0.00021132,0.0
2023-09-09 00:00:00+00:00,1694217600000,2023-09-09T00:00:00+00:00,-0.0001045,0.0
2023-09-09 08:00:00+00:00,1694246400000,2023-09-09T08:00:00+00:00,-0.00021188,0.0
2023-09-09 16:00:00+00:00,1694275200000,2023-09-09T16:00:00+00:00,-0.00016996,0.0
2023-09-10 00:00:00+00:00,1694304000000,2023-09-10T00:00:00+00:00,-0.0002388,0.0
2023-09-10 08:00:00+00:00,1694332800000,2023-09-10T08:00:00+00:00,-0.00038599,0.0
2023-09-10 16:00:00+00:00,1694361600000,2023-09-10T16:00:00+00:00,-0.00047908,0.0
2023-09-11 00:00:00+00:00,1694390400000,2023-09-11T00:00:00+00:00,-0.00036941,0.0
2023-09-11 08:00:00+00:00,1694419200000,2023-09-11T08:00:00+00:00,-0.00022734,0.0
2023-09-11 16:00:00.001000+00:00,1694448000001,2023-09-11T16:00:00.001000+00:00,-6.124e-05,0.0
2023-09-12 00:00:00+00:00,1694476800000,2023-09-12T00:00:00+00:00,-3.978e-05,0.0
2023-09-12 08:00:00+00:00,1694505600000,2023-09-12T08:00:00+00:00,-5.673e-05,0.0
2023-09-12 16:00:00+00:00,1694534400000,2023-09-12T16:00:00+00:00,-7.381e-05,0.0
2023-09-13 00:00:00+00:00,1694563200000,2023-09-13T00:00:00+00:00,-0.00016024,0.0
2023-09-13 08:00:00+00:00,1694592000000,2023-09-13T08:00:00+00:00,-0.00017635,0.0
2023-09-13 16:00:00+00:00,1694620800000,2023-09-13T16:00:00+00:00,-4.981e-05,0.0
2023-09-14 00:00:00+00:00,1694649600000,2023-09-14T00:00:00+00:00,-0.00016123,0.0
2023-09-14 08:00:00.001000+00:00,1694678400001,2023-09-14T08:00:00.001000+00:00,-0.0001497,0.0
2023-09-14 16:00:00+00:00,1694707200000,2023-09-14T16:00:00+00:00,-0.00024678,0.0
2023-09-15 00:00:00+00:00,1694736000000,2023-09-15T00:00:00+00:00,-0.0002153,0.0
2023-09-15 08:00:00+00:00,1694764800000,2023-09-15T08:00:00+00:00,-0.00012046,0.0
2023-09-15 16:00:00+00:00,1694793600000,2023-09-15T16:00:00+00:00,-5.91e-06,0.0
2023-09-16 00:00:00+00:00,1694822400000,2023-09-16T00:00:00+00:00,1.257e-05,0.0
2023-09-16 08:00:00+00:00,1694851200000,2023-09-16T08:00:00+00:00,-5.38e-05,0.0
2023-09-16 16:00:00+00:00,1694880000000,2023-09-16T16:00:00+00:00,-0.00014091,0.0
2023-09-17 00:00:00+00:00,1694908800000,2023-09-17T00:00:00+00:00,-0.00021514,0.0
2023-09-17 08:00:00+00:00,1694937600000,2023-09-17T08:00:00+00:00,-7.124e-05,0.0
2023-09-17 16:00:00+00:00,1694966400000,2023-09-17T16:00:00+00:00,-5.427e-05,0.0
2023-09-18 00:00:00+00:00,1694995200000,2023-09-18T00:00:00+00:00,-0.00030943,0.0
2023-09-18 08:00:00+00:00,1695024000000,2023-09-18T08:00:00+00:00,-7.847e-05,0.0
2023-09-18 16:00:00+00:00,1695052800000,2023-09-18T16:00:00+00:00,-0.00013976,0.0
2023-09-19 00:00:00+00:00,1695081600000,2023-09-19T00:00:00+00:00,-5.9e-05,0.0
2023-09-19 08:00:00.001000+00:00,1695110400001,2023-09-19T08:00:00.001000+00:00,-0.00010841,0.0
2023-09-19 16:00:00+00:00,1695139200000,2023-09-19T16:00:00+00:00,0.0001,0.0
2023-09-20 00:00:00+00:00,1695168000000,2023-09-20T00:00:00+00:00,-0.00014401,0.0
2023-09-20 08:00:00+00:00,1695196800000,2023-09-20T08:00:00+00:00,-8.143e-05,0.0
2023-09-20 16:00:00+00:00,1695225600000,2023-09-20T16:00:00+00:00,-9.609e-05,0.0
2023-09-21 00:00:00.001000+00:00,1695254400001,2023-09-21T00:00:00.001000+00:00,-7.77e-06,0.0
2023-09-21 08:00:00+00:00,1695283200000,2023-09-21T08:00:00+00:00,-6.489e-05,0.0
2023-09-21 16:00:00+00:00,1695312000000,2023-09-21T16:00:00+00:00,0.0001,0.0
2023-09-22 00:00:00+00:00,1695340800000,2023-09-22T00:00:00+00:00,1.075e-05,0.0
2023-09-22 08:00:00+00:00,1695369600000,2023-09-22T08:00:00+00:00,1.389e-05,0.0
2023-09-22 16:00:00+00:00,1695398400000,2023-09-22T16:00:00+00:00,4.359e-05,0.0
2023-09-23 00:00:00+00:00,1695427200000,2023-09-23T00:00:00+00:00,5.987e-05,0.0
2023-09-23 08:00:00+00:00,1695456000000,2023-09-23T08:00:00+00:00,0.0001,0.0
2023-09-23 16:00:00+00:00,1695484800000,2023-09-23T16:00:00+00:00,5.94e-05,0.0
2023-09-24 00:00:00+00:00,1695513600000,2023-09-24T00:00:00+00:00,8.557e-05,0.0
2023-09-24 08:00:00+00:00,1695542400000,2023-09-24T08:00:00+00:00,8.1e-06,0.0
2023-09-24 16:00:00+00:00,1695571200000,2023-09-24T16:00:00+00:00,6.559e-05,0.0
2023-09-25 00:00:00+00:00,1695600000000,2023-09-25T00:00:00+00:00,1.511e-05,0.0
2023-09-25 08:00:00+00:00,1695628800000,2023-09-25T08:00:00+00:00,-3.233e-05,0.0
2023-09-25 16:00:00+00:00,1695657600000,2023-09-25T16:00:00+00:00,2.778e-05,0.0
2023-09-26 00:00:00+00:00,1695686400000,2023-09-26T00:00:00+00:00,1.913e-05,0.0
2023-09-26 08:00:00+00:00,1695715200000,2023-09-26T08:00:00+00:00,-6.278e-05,0.0
2023-09-26 16:00:00+00:00,1695744000000,2023-09-26T16:00:00+00:00,1.89e-05,0.0
2023-09-27 00:00:00+00:00,1695772800000,2023-09-27T00:00:00+00:00,7.51e-05,0.0
2023-09-27 08:00:00.001000+00:00,1695801600001,2023-09-27T08:00:00.001000+00:00,3.583e-05,0.0
2023-09-27 16:00:00+00:00,1695830400000,2023-09-27T16:00:00+00:00,2.165e-05,0.0
2023-09-28 00:00:00+00:00,1695859200000,2023-09-28T00:00:00+00:00,-0.00025005,0.0
2023-09-28 08:00:00+00:00,1695888000000,2023-09-28T08:00:00+00:00,4.959e-05,0.0
2023-09-28 16:00:00+00:00,1695916800000,2023-09-28T16:00:00+00:00,0.0001,0.0
2023-09-29 00:00:00+00:00,1695945600000,2023-09-29T00:00:00+00:00,-8.879e-05,0.0
2023-09-29 08:00:00+00:00,1695974400000,2023-09-29T08:00:00+00:00,3.522e-05,0.0
2023-09-29 16:00:00+00:00,1696003200000,2023-09-29T16:00:00+00:00,-8.995e-05,0.0
2023-09-30 00:00:00+00:00,1696032000000,2023-09-30T00:00:00+00:00,-9.192e-05,0.0
2023-09-30 08:00:00+00:00,1696060800000,2023-09-30T08:00:00+00:00,-0.00013968,0.0
2023-09-30 16:00:00+00:00,1696089600000,2023-09-30T16:00:00+00:00,-0.00033235,0.0
2023-10-01 00:00:00+00:00,1696118400000,2023-10-01T00:00:00+00:00,-0.00015019,0.0
2023-10-01 08:00:00+00:00,1696147200000,2023-10-01T08:00:00+00:00,-0.00024577,0.0
2023-10-01 16:00:00+00:00,1696176000000,2023-10-01T16:00:00+00:00,4.55e-05,0.0
2023-10-02 00:00:00+00:00,1696204800000,2023-10-02T00:00:00+00:00,0.0001,0.0
2023-10-02 08:00:00+00:00,1696233600000,2023-10-02T08:00:00+00:00,-5.358e-05,0.0
2023-10-02 16:00:00+00:00,1696262400000,2023-10-02T16:00:00+00:00,7.399e-05,0.0
2023-10-03 00:00:00+00:00,1696291200000,2023-10-03T00:00:00+00:00,0.0001,0.0
2023-10-03 08:00:00+00:00,1696320000000,2023-10-03T08:00:00+00:00,-9.329e-05,0.0
2023-10-03 16:00:00+00:00,1696348800000,2023-10-03T16:00:00+00:00,-0.00016715,0.0
2023-10-04 00:00:00+00:00,1696377600000,2023-10-04T00:00:00+00:00,-0.00020449,0.0
2023-10-04 08:00:00+00:00,1696406400000,2023-10-04T08:00:00+00:00,-0.00014362,0.0
2023-10-04 16:00:00+00:00,1696435200000,2023-10-04T16:00:00+00:00,1.008e-05,0.0
2023-10-05 00:00:00+00:00,1696464000000,2023-10-05T00:00:00+00:00,-0.00019583,0.0
2023-10-05 08:00:00+00:00,1696492800000,2023-10-05T08:00:00+00:00,-0.00010441,0.0
2023-10-05 16:00:00.001000+00:00,1696521600001,2023-10-05T16:00:00.001000+00:00,-0.0002138,0.0
2023-10-06 00:00:00+00:00,1696550400000,2023-10-06T00:00:00+00:00,-0.00014401,0.0
2023-10-06 08:00:00+00:00,1696579200000,2023-10-06T08:00:00+00:00,-1.702e-05,0.0
2023-10-06 16:00:00+00:00,1696608000000,2023-10-06T16:00:00+00:00,6.028e-05,0.0
2023-10-07 00:00:00+00:00,1696636800000,2023-10-07T00:00:00+00:00,1.517e-05,0.0
2023-10-07 08:00:00+00:00,1696665600000,2023-10-07T08:00:00+00:00,-3.624e-05,0.0
2023-10-07 16:00:00+00:00,1696694400000,2023-10-07T16:00:00+00:00,-0.00013829,0.0
2023-10-08 00:00:00+00:00,1696723200000,2023-10-08T00:00:00+00:00,-7.284e-05,0.0
2023-10-08 08:00:00.001000+00:00,1696752000001,2023-10-08T08:00:00.001000+00:00,-4.763e-05,0.0
2023-10-08 16:00:00+00:00,1696780800000,2023-10-08T16:00:00+00:00,-2.324e-05,0.0
2023-10-09 00:00:00+00:00,1696809600000,2023-10-09T00:00:00+00:00,-2.043e-05,0.0
2023-10-09 08:00:00+00:00,1696838400000,2023-10-09T08:00:00+00:00,-0.00010232,0.0
2023-10-09 16:00:00+00:00,1696867200000,2023-10-09T16:00:00+00:00,-8.685e-05,0.0
2023-10-10 00:00:00+00:00,1696896000000,2023-10-10T00:00:00+00:00,-0.00026515,0.0
2023-10-10 08:00:00+00:00,1696924800000,2023-10-10T08:00:00+00:00,-0.00011672,0.0
2023-10-10 16:00:00+00:00,1696953600000,2023-10-10T16:00:00+00:00,-4.739e-05,0.0
2023-10-11 00:00:00+00:00,1696982400000,2023-10-11T00:00:00+00:00,-8.746e-05,0.0
2023-10-11 08:00:00+00:00,1697011200000,2023-10-11T08:00:00+00:00,-1.27e-05,0.0
2023-10-11 16:00:00+00:00,1697040000000,2023-10-11T16:00:00+00:00,-0.00010217,0.0
2023-10-12 00:00:00+00:00,1697068800000,2023-10-12T00:00:00+00:00,-5.206e-05,0.0
2023-10-12 08:00:00+00:00,1697097600000,2023-10-12T08:00:00+00:00,5.051e-05,0.0
2023-10-12 16:00:00+00:00,1697126400000,2023-10-12T16:00:00+00:00,-4.469e-05,0.0
2023-10-13 00:00:00+00:00,1697155200000,2023-10-13T00:00:00+00:00,-4.739e-05,0.0
2023-10-13 08:00:00+00:00,1697184000000,2023-10-13T08:00:00+00:00,-7.419e-05,0.0
2023-10-13 16:00:00+00:00,1697212800000,2023-10-13T16:00:00+00:00,-7.301e-05,0.0
2023-10-14 00:00:00+00:00,1697241600000,2023-10-14T00:00:00+00:00,-0.00015669,0.0
2023-10-14 08:00:00+00:00,1697270400000,2023-10-14T08:00:00+00:00,-0.0003452,0.0
2023-10-14 16:00:00+00:00,1697299200000,2023-10-14T16:00:00+00:00,-4.015e-05,0.0
2023-10-15 00:00:00+00:00,1697328000000,2023-10-15T00:00:00+00:00,-7.073e-05,0.0
2023-10-15 08:00:00+00:00,1697356800000,2023-10-15T08:00:00+00:00,-1.29e-06,0.0
2023-10-15 16:00:00+00:00,1697385600000,2023-10-15T16:00:00+00:00,2.222e-05,0.0
2023-10-16 00:00:00+00:00,1697414400000,2023-10-16T00:00:00+00:00,-0.00010829,0.0
2023-10-16 08:00:00+00:00,1697443200000,2023-10-16T08:00:00+00:00,-6.321e-05,0.0
2023-10-16 16:00:00+00:00,1697472000000,2023-10-16T16:00:00+00:00,-0.00013087,0.0
2023-10-17 00:00:00+00:00,1697500800000,2023-10-17T00:00:00+00:00,8.45e-06,0.0
2023-10-17 08:00:00+00:00,1697529600000,2023-10-17T08:00:00+00:00,-0.00014135,0.0
2023-10-17 16:00:00+00:00,1697558400000,2023-10-17T16:00:00+00:00,2.264e-05,0.0
2023-10-18 00:00:00+00:00,1697587200000,2023-10-18T00:00:00+00:00,7.478e-05,0.0
2023-10-18 08:00:00+00:00,1697616000000,2023-10-18T08:00:00+00:00,-2.937e-05,0.0
2023-10-18 16:00:00+00:00,1697644800000,2023-10-18T16:00:00+00:00,9.438e-05,0.0
2023-10-19 00:00:00+00:00,1697673600000,2023-10-19T00:00:00+00:00,1.267e-05,0.0
2023-10-19 08:00:00.001000+00:00,1697702400001,2023-10-19T08:00:00.001000+00:00,-0.00010177,0.0
2023-10-19 16:00:00+00:00,1697731200000,2023-10-19T16:00:00+00:00,-0.00018428,0.0
2023-10-20 00:00:00+00:00,1697760000000,2023-10-20T00:00:00+00:00,-1.42e-05,0.0
2023-10-20 08:00:00.005000+00:00,1697788800005,2023-10-20T08:00:00.005000+00:00,-0.00060231,0.0
2023-10-20 16:00:00+00:00,1697817600000,2023-10-20T16:00:00+00:00,-6.18e-06,0.0
2023-10-21 00:00:00+00:00,1697846400000,2023-10-21T00:00:00+00:00,-8.888e-05,0.0
2023-10-21 08:00:00+00:00,1697875200000,2023-10-21T08:00:00+00:00,-9.934e-05,0.0
2023-10-21 16:00:00+00:00,1697904000000,2023-10-21T16:00:00+00:00,6.969e-05,0.0
2023-10-22 00:00:00+00:00,1697932800000,2023-10-22T00:00:00+00:00,-9.897e-05,0.0
2023-10-22 08:00:00+00:00,1697961600000,2023-10-22T08:00:00+00:00,-4.073e-05,0.0
2023-10-22 16:00:00+00:00,1697990400000,2023-10-22T16:00:00+00:00,5.08e-05,0.0
2023-10-23 00:00:00+00:00,1698019200000,2023-10-23T00:00:00+00:00,2.37e-06,0.0
2023-10-23 08:00:00.001000+00:00,1698048000001,2023-10-23T08:00:00.001000+00:00,-2.29e-06,0.0
2023-10-23 16:00:00.001000+00:00,1698076800001,2023-10-23T16:00:00.001000+00:00,1.601e-05,0.0
2023-10-24 00:00:00+00:00,1698105600000,2023-10-24T00:00:00+00:00,0.0001,0.0
2023-10-24 08:00:00+00:00,1698134400000,2023-10-24T08:00:00+00:00,0.0001,0.0
2023-10-24 16:00:00+00:00,1698163200000,2023-10-24T16:00:00+00:00,0.0001,0.0
2023-10-25 00:00:00+00:00,1698192000000,2023-10-25T00:00:00+00:00,0.0001,0.0
2023-10-25 08:00:00+00:00,1698220800000,2023-10-25T08:00:00+00:00,0.0001,0.0
2023-10-25 16:00:00.001000+00:00,1698249600001,2023-10-25T16:00:00.001000+00:00,0.0001,0.0
2023-10-26 00:00:00.001000+00:00,1698278400001,2023-10-26T00:00:00.001000+00:00,0.0001,0.0
2023-10-26 08:00:00+00:00,1698307200000,2023-10-26T08:00:00+00:00,0.0001,0.0
2023-10-26 16:00:00+00:00,1698336000000,2023-10-26T16:00:00+00:00,4.969e-05,0.0
2023-10-27 00:00:00+00:00,1698364800000,2023-10-27T00:00:00+00:00,0.0001,0.0
2023-10-27 08:00:00+00:00,1698393600000,2023-10-27T08:00:00+00:00,0.0001,0.0
2023-10-27 16:00:00+00:00,1698422400000,2023-10-27T16:00:00+00:00,0.0001,0.0
2023-10-28 00:00:00+00:00,1698451200000,2023-10-28T00:00:00+00:00,0.0001,0.0
2023-10-28 08:00:00.001000+00:00,1698480000001,2023-10-28T08:00:00.001000+00:00,0.0001,0.0
2023-10-28 16:00:00+00:00,1698508800000,2023-10-28T16:00:00+00:00,0.0001,0.0
2023-10-29 00:00:00+00:00,1698537600000,2023-10-29T00:00:00+00:00,0.0001,0.0
2023-10-29 08:00:00+00:00,1698566400000,2023-10-29T08:00:00+00:00,0.0001,0.0
2023-10-29 16:00:00+00:00,1698595200000,2023-10-29T16:00:00+00:00,0.0001,0.0
2023-10-30 00:00:00+00:00,1698624000000,2023-10-30T00:00:00+00:00,0.0001,0.0
2023-10-30 08:00:00+00:00,1698652800000,2023-10-30T08:00:00+00:00,9.376e-05,0.0
2023-10-30 16:00:00+00:00,1698681600000,2023-10-30T16:00:00+00:00,0.0001,0.0
2023-10-31 00:00:00.001000+00:00,1698710400001,2023-10-31T00:00:00.001000+00:00,0.0001,0.0
2023-10-31 08:00:00+00:00,1698739200000,2023-10-31T08:00:00+00:00,0.0001,35.71
2023-10-31 16:00:00+00:00,1698768000000,2023-10-31T16:00:00+00:00,4.712e-05,36.093
2023-11-01 00:00:00+00:00,1698796800000,2023-11-01T00:00:00+00:00,5.676e-05,38.37663046
2023-11-01 08:00:00+00:00,1698825600000,2023-11-01T08:00:00+00:00,-4.06e-05,38.45
2023-11-01 16:00:00+00:00,1698854400000,2023-11-01T16:00:00+00:00,-0.00041129,40.61699117
2023-11-02 00:00:00.001000+00:00,1698883200001,2023-11-02T00:00:00.001000+00:00,0.0001,41.206
2023-11-02 08:00:00+00:00,1698912000000,2023-11-02T08:00:00+00:00,0.0001,43.10486548
2023-11-02 16:00:00+00:00,1698940800000,2023-11-02T16:00:00+00:00,0.0001,40.055
2023-11-03 00:00:00+00:00,1698969600000,2023-11-03T00:00:00+00:00,0.0001,40.24275528
2023-11-03 08:00:00+00:00,1698998400000,2023-11-03T08:00:00+00:00,0.0001,39.053
2023-11-03 16:00:00+00:00,1699027200000,2023-11-03T16:00:00+00:00,0.0001,39.80992372
2023-11-04 00:00:00+00:00,1699056000000,2023-11-04T00:00:00+00:00,0.0001,39.49272847
2023-11-04 08:00:00+00:00,1699084800000,2023-11-04T08:00:00+00:00,0.0001,41.68960073
2023-11-04 16:00:00+00:00,1699113600000,2023-11-04T16:00:00+00:00,0.0001,41.27451789
2023-11-05 00:00:00+00:00,1699142400000,2023-11-05T00:00:00+00:00,0.0001,42.42135938
2023-11-05 08:00:00+00:00,1699171200000,2023-11-05T08:00:00+00:00,0.0001,41.574
2023-11-05 16:00:00+00:00,1699200000000,2023-11-05T16:00:00+00:00,0.0001,40.736
2023-11-06 00:00:00+00:00,1699228800000,2023-11-06T00:00:00+00:00,0.0001,41.16657424
2023-11-06 08:00:00.001000+00:00,1699257600001,2023-11-06T08:00:00.001000+00:00,0.0001,39.939
2023-11-06 16:00:00+00:00,1699286400000,2023-11-06T16:00:00+00:00,0.00015286,40.246
2023-11-07 00:00:00.001000+00:00,1699315200001,2023-11-07T00:00:00.001000+00:00,0.0001,42.18338017
2023-11-07 08:00:00+00:00,1699344000000,2023-11-07T08:00:00+00:00,0.0001,41.5798194
2023-11-07 16:00:00+00:00,1699372800000,2023-11-07T16:00:00+00:00,0.00020579,41.216
2023-11-08 00:00:00+00:00,1699401600000,2023-11-08T00:00:00+00:00,0.00017143,42.97369554
2023-11-08 08:00:00+00:00,1699430400000,2023-11-08T08:00:00+00:00,0.0001,43.485
2023-11-08 16:00:00+00:00,1699459200000,2023-11-08T16:00:00+00:00,0.0001,42.76986684
2023-11-09 00:00:00+00:00,1699488000000,2023-11-09T00:00:00+00:00,0.0001,43.144
2023-11-09 08:00:00+00:00,1699516800000,2023-11-09T08:00:00+00:00,0.0001,43.904
2023-11-09 16:00:00+00:00,1699545600000,2023-11-09T16:00:00+00:00,0.00028089,46.43958135
2023-11-10 00:00:00+00:00,1699574400000,2023-11-10T00:00:00+00:00,0.0001,45.29168367
2023-11-10 08:00:00+00:00,1699603200000,2023-11-10T08:00:00+00:00,0.00015368,47.59175706
2023-11-10 16:00:00+00:00,1699632000000,2023-11-10T16:00:00+00:00,0.00011529,50.91
2023-11-11 00:00:00+00:00,1699660800000,2023-11-11T00:00:00+00:00,0.0001,56.69084429
2023-11-11 08:00:00+00:00,1699689600000,2023-11-11T08:00:00+00:00,0.0001,54.266
2023-11-11 16:00:00+00:00,1699718400000,2023-11-11T16:00:00+00:00,0.00030654,60.97
2023-11-12 00:00:00+00:00,1699747200000,2023-11-12T00:00:00+00:00,0.00051279,56.40862856
2023-11-12 08:00:00+00:00,1699776000000,2023-11-12T08:00:00+00:00,0.00017231,61.13185865
2023-11-12 16:00:00.001000+00:00,1699804800001,2023-11-12T16:00:00.001000+00:00,0.00016254,58.67961436
2023-11-13 00:00:00+00:00,1699833600000,2023-11-13T00:00:00+00:00,0.00050694,56.307
2023-11-13 08:00:00+00:00,1699862400000,2023-11-13T08:00:00+00:00,0.00033025,58.288
2023-11-13 16:00:00+00:00,1699891200000,2023-11-13T16:00:00+00:00,0.0001,55.687
2023-11-14 00:00:00+00:00,1699920000000,2023-11-14T00:00:00+00:00,0.00047225,51.667
2023-11-14 08:00:00+00:00,1699948800000,2023-11-14T08:00:00+00:00,0.0001,55.19
2023-11-14 16:00:00.001000+00:00,1699977600001,2023-11-14T16:00:00.001000+00:00,0.00027352,56.22892534
2023-11-15 00:00:00+00:00,1700006400000,2023-11-15T00:00:00+00:00,0.00012356,56.83822924
2023-11-15 08:00:00+00:00,1700035200000,2023-11-15T08:00:00+00:00,0.00010903,59.18296065
2023-11-15 16:00:00+00:00,1700064000000,2023-11-15T16:00:00+00:00,0.00026624,62.476
2023-11-16 00:00:00+00:00,1700092800000,2023-11-16T00:00:00+00:00,0.00031874,65.514
2023-11-16 08:00:00+00:00,1700121600000,2023-11-16T08:00:00+00:00,0.00014572,65.72776106
2023-11-16 16:00:00.001000+00:00,1700150400001,2023-11-16T16:00:00.001000+00:00,0.0003015,61.61761629
2023-11-17 00:00:00+00:00,1700179200000,2023-11-17T00:00:00+00:00,0.0001,57.79759004
2023-11-17 08:00:00.001000+00:00,1700208000001,2023-11-17T08:00:00.001000+00:00,0.0001,58.15862235
2023-11-17 16:00:00.001000+00:00,1700236800001,2023-11-17T16:00:00.001000+00:00,0.0001,55.04724594
2023-11-18 00:00:00+00:00,1700265600000,2023-11-18T00:00:00+00:00,0.0001,58.51180041
2023-11-18 08:00:00+00:00,1700294400000,2023-11-18T08:00:00+00:00,0.0001,56.382
2023-11-18 16:00:00+00:00,1700323200000,2023-11-18T16:00:00+00:00,0.0001,58.0115319
2023-11-19 00:00:00+00:00,1700352000000,2023-11-19T00:00:00+00:00,0.0001,58.57617249
2023-11-19 08:00:00+00:00,1700380800000,2023-11-19T08:00:00+00:00,0.0001,60.42747135
2023-11-19 16:00:00+00:00,1700409600000,2023-11-19T16:00:00+00:00,0.0001,59.99486225
2023-11-20 00:00:00+00:00,1700438400000,2023-11-20T00:00:00+00:00,0.0001,61.105
2023-11-20 08:00:00+00:00,1700467200000,2023-11-20T08:00:00+00:00,0.0001,59.93
2023-11-20 16:00:00+00:00,1700496000000,2023-11-20T16:00:00+00:00,0.0001,59.011
2023-11-21 00:00:00+00:00,1700524800000,2023-11-21T00:00:00+00:00,0.0001,56.607
2023-11-21 08:00:00+00:00,1700553600000,2023-11-21T08:00:00+00:00,0.0001,55.39397816
2023-11-21 16:00:00+00:00,1700582400000,2023-11-21T16:00:00+00:00,0.0001,55.1244946
2023-11-22 00:00:00+00:00,1700611200000,2023-11-22T00:00:00+00:00,0.0001,51.68965563
2023-11-22 08:00:00+00:00,1700640000000,2023-11-22T08:00:00+00:00,0.0001,54.65292889
2023-11-22 16:00:00+00:00,1700668800000,2023-11-22T16:00:00+00:00,0.0001,54.944
2023-11-23 00:00:00+00:00,1700697600000,2023-11-23T00:00:00+00:00,0.0001,57.54991597
2023-11-23 08:00:00+00:00,1700726400000,2023-11-23T08:00:00+00:00,0.0001,57.823
2023-11-23 16:00:00.001000+00:00,1700755200001,2023-11-23T16:00:00.001000+00:00,0.0001,56.6389904
2023-11-24 00:00:00+00:00,1700784000000,2023-11-24T00:00:00+00:00,0.0001,56.51281644
2023-11-24 08:00:00+00:00,1700812800000,2023-11-24T08:00:00+00:00,0.0001,57.359
2023-11-24 16:00:00+00:00,1700841600000,2023-11-24T16:00:00+00:00,0.0001,58.16112704
2023-11-25 00:00:00+00:00,1700870400000,2023-11-25T00:00:00+00:00,0.0001,56.869
2023-11-25 08:00:00+00:00,1700899200000,2023-11-25T08:00:00+00:00,0.0001,58.622
2023-11-25 16:00:00+00:00,1700928000000,2023-11-25T16:00:00+00:00,0.0001,58.5423648
2023-11-26 00:00:00+00:00,1700956800000,2023-11-26T00:00:00+00:00,0.0001,58.825
2023-11-26 08:00:00+00:00,1700985600000,2023-11-26T08:00:00+00:00,0.0001,58.42392467
2023-11-26 16:00:00+00:00,1701014400000,2023-11-26T16:00:00+00:00,0.0001,57.106
2023-11-27 00:00:00+00:00,1701043200000,2023-11-27T00:00:00+00:00,0.0001,57.58743711
2023-11-27 08:00:00.001000+00:00,1701072000001,2023-11-27T08:00:00.001000+00:00,0.0001,55.9216771
2023-11-27 16:00:00+00:00,1701100800000,2023-11-27T16:00:00+00:00,0.0001,53.96903927
2023-11-28 00:00:00+00:00,1701129600000,2023-11-28T00:00:00+00:00,0.0001,55.031
2023-11-28 08:00:00+00:00,1701158400000,2023-11-28T08:00:00+00:00,0.0001,55.08223377
2023-11-28 16:00:00+00:00,1701187200000,2023-11-28T16:00:00+00:00,0.0001,56.06900618
2023-11-29 00:00:00.001000+00:00,1701216000001,2023-11-29T00:00:00.001000+00:00,0.0001,58.18192377
2023-11-29 08:00:00+00:00,1701244800000,2023-11-29T08:00:00+00:00,0.0001,59.3108964
2023-11-29 16:00:00+00:00,1701273600000,2023-11-29T16:00:00+00:00,0.0001,60.05036897
2023-11-30 00:00:00+00:00,1701302400000,2023-11-30T00:00:00+00:00,0.0001,59.323
2023-11-30 08:00:00+00:00,1701331200000,2023-11-30T08:00:00+00:00,0.0001,59.99
2023-11-30 16:00:00+00:00,1701360000000,2023-11-30T16:00:00+00:00,0.0001,59.578
2023-12-01 00:00:00+00:00,1701388800000,2023-12-01T00:00:00+00:00,0.0001,59.29212355
2023-12-01 08:00:00+00:00,1701417600000,2023-12-01T08:00:00+00:00,0.0001,60.881
2023-12-01 16:00:00+00:00,1701446400000,2023-12-01T16:00:00+00:00,0.0001,60.147
2023-12-02 00:00:00+00:00,1701475200000,2023-12-02T00:00:00+00:00,0.0001,59.754
2023-12-02 08:00:00+00:00,1701504000000,2023-12-02T08:00:00+00:00,0.00030174,62.04317118
2023-12-02 16:00:00+00:00,1701532800000,2023-12-02T16:00:00+00:00,0.0001,61.916
2023-12-03 00:00:00+00:00,1701561600000,2023-12-03T00:00:00+00:00,0.0001,63.684
2023-12-03 08:00:00+00:00,1701590400000,2023-12-03T08:00:00+00:00,0.00020381,63.97884945
2023-12-03 16:00:00+00:00,1701619200000,2023-12-03T16:00:00+00:00,0.00018264,63.00631315
2023-12-04 00:00:00+00:00,1701648000000,2023-12-04T00:00:00+00:00,0.0001,63.01262497
2023-12-04 08:00:00+00:00,1701676800000,2023-12-04T08:00:00+00:00,0.00053853,63.74940823
2023-12-04 16:00:00+00:00,1701705600000,2023-12-04T16:00:00+00:00,0.0001,60.573
2023-12-05 00:00:00+00:00,1701734400000,2023-12-05T00:00:00+00:00,0.0001,61.65544768
2023-12-05 08:00:00+00:00,1701763200000,2023-12-05T08:00:00+00:00,0.0001,59.7
2023-12-05 16:00:00+00:00,1701792000000,2023-12-05T16:00:00+00:00,0.0001,61.003
2023-12-06 00:00:00+00:00,1701820800000,2023-12-06T00:00:00+00:00,0.00025226,61.04239102
2023-12-06 08:00:00+00:00,1701849600000,2023-12-06T08:00:00+00:00,0.00045867,63.42659022
2023-12-06 16:00:00+00:00,1701878400000,2023-12-06T16:00:00+00:00,0.00011861,62.655
2023-12-07 00:00:00+00:00,1701907200000,2023-12-07T00:00:00+00:00,0.0001,61.865
2023-12-07 08:00:00+00:00,1701936000000,2023-12-07T08:00:00+00:00,0.0001,63.385
2023-12-07 16:00:00+00:00,1701964800000,2023-12-07T16:00:00+00:00,0.00036868,65.89057505
2023-12-08 00:00:00+00:00,1701993600000,2023-12-08T00:00:00+00:00,0.00061268,67.79886323
2023-12-08 08:00:00+00:00,1702022400000,2023-12-08T08:00:00+00:00,0.00024053,71.437
2023-12-08 16:00:00+00:00,1702051200000,2023-12-08T16:00:00+00:00,0.0002033,72.06438261
2023-12-09 00:00:00+00:00,1702080000000,2023-12-09T00:00:00+00:00,0.00032215,74.96721382
2023-12-09 08:00:00+00:00,1702108800000,2023-12-09T08:00:00+00:00,0.000394,76.993
2023-12-09 16:00:00+00:00,1702137600000,2023-12-09T16:00:00+00:00,0.0001,75.60224558
2023-12-10 00:00:00+00:00,1702166400000,2023-12-10T00:00:00+00:00,0.00025874,72.33963705
2023-12-10 08:00:00+00:00,1702195200000,2023-12-10T08:00:00+00:00,0.00037686,72.527
2023-12-10 16:00:00+00:00,1702224000000,2023-12-10T16:00:00+00:00,0.00020175,73.769
2023-12-11 00:00:00+00:00,1702252800000,2023-12-11T00:00:00+00:00,0.00027221,74.89557665
2023-12-11 08:00:00+00:00,1702281600000,2023-12-11T08:00:00+00:00,0.0001,68.51714216
2023-12-11 16:00:00+00:00,1702310400000,2023-12-11T16:00:00+00:00,0.0001,69.295
2023-12-12 00:00:00+00:00,1702339200000,2023-12-12T00:00:00+00:00,0.00023316,70.288
2023-12-12 08:00:00+00:00,1702368000000,2023-12-12T08:00:00+00:00,0.00011574,71.785
2023-12-12 16:00:00+00:00,1702396800000,2023-12-12T16:00:00+00:00,0.00011972,68.50354989
2023-12-13 00:00:00+00:00,1702425600000,2023-12-13T00:00:00+00:00,0.0001,68.63013865
2023-12-13 08:00:00+00:00,1702454400000,2023-12-13T08:00:00+00:00,0.0001,64.91245742
2023-12-13 16:00:00.001000+00:00,1702483200001,2023-12-13T16:00:00.001000+00:00,0.0001,67.57238336
2023-12-14 00:00:00+00:00,1702512000000,2023-12-14T00:00:00+00:00,0.0001,70.65660105
2023-12-14 08:00:00+00:00,1702540800000,2023-12-14T08:00:00+00:00,0.0001,71.56960651
2023-12-14 16:00:00+00:00,1702569600000,2023-12-14T16:00:00+00:00,0.0001,71.65858713
2023-12-15 00:00:00+00:00,1702598400000,2023-12-15T00:00:00+00:00,0.00016198,75.72193765
2023-12-15 08:00:00+00:00,1702627200000,2023-12-15T08:00:00+00:00,0.0001688,76.661
2023-12-15 16:00:00+00:00,1702656000000,2023-12-15T16:00:00+00:00,0.00032874,76.101
2023-12-16 00:00:00+00:00,1702684800000,2023-12-16T00:00:00+00:00,0.0001,72.551
2023-12-16 08:00:00+00:00,1702713600000,2023-12-16T08:00:00+00:00,0.0001,74.38619866
2023-12-16 16:00:00.001000+00:00,1702742400001,2023-12-16T16:00:00.001000+00:00,0.0001,77.14973454
2023-12-17 00:00:00+00:00,1702771200000,2023-12-17T00:00:00+00:00,0.0001,73.73981292
2023-12-17 08:00:00+00:00,1702800000000,2023-12-17T08:00:00+00:00,0.0001,72.387
2023-12-17 16:00:00+00:00,1702828800000,2023-12-17T16:00:00+00:00,0.0001,72.72
2023-12-18 00:00:00+00:00,1702857600000,2023-12-18T00:00:00+00:00,0.0001,70.90397145
2023-12-18 08:00:00.001000+00:00,1702886400001,2023-12-18T08:00:00.001000+00:00,0.0001,68.946
2023-12-18 16:00:00+00:00,1702915200000,2023-12-18T16:00:00+00:00,0.0001,70.74317973
2023-12-19 00:00:00+00:00,1702944000000,2023-12-19T00:00:00+00:00,0.0001,74.42521584
2023-12-19 08:00:00+00:00,1702972800000,2023-12-19T08:00:00+00:00,0.0001,75.73113316
2023-12-19 16:00:00+00:00,1703001600000,2023-12-19T16:00:00+00:00,0.0001033,73.71353572
2023-12-20 00:00:00+00:00,1703030400000,2023-12-20T00:00:00+00:00,0.0001,73.041
2023-12-20 08:00:00+00:00,1703059200000,2023-12-20T08:00:00+00:00,0.00028564,76.12
2023-12-20 16:00:00+00:00,1703088000000,2023-12-20T16:00:00+00:00,0.00018812,80.7497643
2023-12-21 00:00:00+00:00,1703116800000,2023-12-21T00:00:00+00:00,0.0001,82.21477653
2023-12-21 08:00:00+00:00,1703145600000,2023-12-21T08:00:00+00:00,0.0001,86.82216354
2023-12-21 16:00:00+00:00,1703174400000,2023-12-21T16:00:00+00:00,0.0001,87.55711255
2023-12-22 00:00:00+00:00,1703203200000,2023-12-22T00:00:00+00:00,0.00031152,93.92214644
2023-12-22 08:00:00+00:00,1703232000000,2023-12-22T08:00:00+00:00,0.00036827,93.8663515
2023-12-22 16:00:00+00:00,1703260800000,2023-12-22T16:00:00+00:00,0.00012814,96.34786067
2023-12-23 00:00:00+00:00,1703289600000,2023-12-23T00:00:00+00:00,0.0001,97.95024252
2023-12-23 08:00:00.001000+00:00,1703318400001,2023-12-23T08:00:00.001000+00:00,0.00018694,95.43333234
2023-12-23 16:00:00+00:00,1703347200000,2023-12-23T16:00:00+00:00,0.0001,96.84511092
2023-12-24 00:00:00+00:00,1703376000000,2023-12-24T00:00:00+00:00,0.00034505,107.93400325
2023-12-24 08:00:00+00:00,1703404800000,2023-12-24T08:00:00+00:00,0.00025777,114.50937791
2023-12-24 16:00:00+00:00,1703433600000,2023-12-24T16:00:00+00:00,0.00012453,113.622
2023-12-25 00:00:00+00:00,1703462400000,2023-12-25T00:00:00+00:00,0.0001913,112.56
2023-12-25 08:00:00+00:00,1703491200000,2023-12-25T08:00:00+00:00,0.00018571,113.01220997
2023-12-25 16:00:00+00:00,1703520000000,2023-12-25T16:00:00+00:00,0.00063964,123.182
2023-12-26 00:00:00+00:00,1703548800000,2023-12-26T00:00:00+00:00,0.00029627,120.91586118
2023-12-26 08:00:00+00:00,1703577600000,2023-12-26T08:00:00+00:00,0.00012594,113.425
2023-12-26 16:00:00+00:00,1703606400000,2023-12-26T16:00:00+00:00,0.00014423,110.67741394
2023-12-27 00:00:00+00:00,1703635200000,2023-12-27T00:00:00+00:00,0.0001,112.5072392
2023-12-27 08:00:00+00:00,1703664000000,2023-12-27T08:00:00+00:00,0.00041146,111.48343024
2023-12-27 16:00:00+00:00,1703692800000,2023-12-27T16:00:00+00:00,0.00067699,107.95565915
2023-12-28 00:00:00+00:00,1703721600000,2023-12-28T00:00:00+00:00,0.00053993,107.04922669
2023-12-28 08:00:00+00:00,1703750400000,2023-12-28T08:00:00+00:00,0.00086297,105.988
2023-12-28 16:00:00+00:00,1703779200000,2023-12-28T16:00:00+00:00,0.00084399,99.806
2023-12-29 00:00:00.001000+00:00,1703808000001,2023-12-29T00:00:00.001000+00:00,0.00050327,101.9031233
2023-12-29 08:00:00+00:00,1703836800000,2023-12-29T08:00:00+00:00,0.00040365,105.22893203
2023-12-29 16:00:00+00:00,1703865600000,2023-12-29T16:00:00+00:00,0.00044869,106.057
2023-12-30 00:00:00.001000+00:00,1703894400001,2023-12-30T00:00:00.001000+00:00,0.00046726,106.225
2023-12-30 08:00:00+00:00,1703923200000,2023-12-30T08:00:00+00:00,0.00024082,103.53517549
2023-12-30 16:00:00+00:00,1703952000000,2023-12-30T16:00:00+00:00,0.00030813,104.3073989
2023-12-31 00:00:00+00:00,1703980800000,2023-12-31T00:00:00+00:00,0.00034362,101.97
2023-12-31 08:00:00.001000+00:00,1704009600001,2023-12-31T08:00:00.001000+00:00,0.00052654,104.064
2023-12-31 16:00:00+00:00,1704038400000,2023-12-31T16:00:00+00:00,0.00041035,102.576
2024-01-01 00:00:00+00:00,1704067200000,2024-01-01T00:00:00+00:00,0.0002241,101.7478678
2024-01-01 08:00:00+00:00,1704096000000,2024-01-01T08:00:00+00:00,0.00032989,102.586
2024-01-01 16:00:00+00:00,1704124800000,2024-01-01T16:00:00+00:00,0.00051477,106.06654631
2024-01-02 00:00:00+00:00,1704153600000,2024-01-02T00:00:00+00:00,0.00057513,110.01332231
2024-01-02 08:00:00+00:00,1704182400000,2024-01-02T08:00:00+00:00,0.00046798,114.52340783
2024-01-02 16:00:00+00:00,1704211200000,2024-01-02T16:00:00+00:00,0.00096801,109.69483081
2024-01-03 00:00:00+00:00,1704240000000,2024-01-03T00:00:00+00:00,0.00032289,106.81696756
2024-01-03 08:00:00+00:00,1704268800000,2024-01-03T08:00:00+00:00,0.00013468,107.83683162
2024-01-03 16:00:00+00:00,1704297600000,2024-01-03T16:00:00+00:00,0.0001,101.71819785
2024-01-04 00:00:00+00:00,1704326400000,2024-01-04T00:00:00+00:00,0.0001,98.53401017
2024-01-04 08:00:00+00:00,1704355200000,2024-01-04T08:00:00+00:00,0.0001,98.88674121
2024-01-04 16:00:00+00:00,1704384000000,2024-01-04T16:00:00+00:00,0.0001,103.698
2024-01-05 00:00:00.001000+00:00,1704412800001,2024-01-05T00:00:00.001000+00:00,0.0001,104.93415381
2024-01-05 08:00:00+00:00,1704441600000,2024-01-05T08:00:00+00:00,0.0001,101.133
2024-01-05 16:00:00+00:00,1704470400000,2024-01-05T16:00:00+00:00,0.0001,98.05
2024-01-06 00:00:00+00:00,1704499200000,2024-01-06T00:00:00+00:00,0.0001,99.88638647
2024-01-06 08:00:00+00:00,1704528000000,2024-01-06T08:00:00+00:00,0.0001,94.46891543
2024-01-06 16:00:00+00:00,1704556800000,2024-01-06T16:00:00+00:00,0.0001,95.161
2024-01-07 00:00:00+00:00,1704585600000,2024-01-07T00:00:00+00:00,0.0001,93.78629738
2024-01-07 08:00:00.001000+00:00,1704614400001,2024-01-07T08:00:00.001000+00:00,0.0001,95.24846557
2024-01-07 16:00:00.001000+00:00,1704643200001,2024-01-07T16:00:00.001000+00:00,0.0001,93.9261703
2024-01-08 00:00:00+00:00,1704672000000,2024-01-08T00:00:00+00:00,0.0001,89.414
2024-01-08 08:00:00+00:00,1704700800000,2024-01-08T08:00:00+00:00,0.0001,89.66144222
2024-01-08 16:00:00+00:00,1704729600000,2024-01-08T16:00:00+00:00,0.0001,94.643
2024-01-09 00:00:00.001000+00:00,1704758400001,2024-01-09T00:00:00.001000+00:00,0.0001,97.90255117
2024-01-09 08:00:00+00:00,1704787200000,2024-01-09T08:00:00+00:00,0.0001,101.909
2024-01-09 16:00:00+00:00,1704816000000,2024-01-09T16:00:00+00:00,0.0001,99.82460555
2024-01-10 00:00:00+00:00,1704844800000,2024-01-10T00:00:00+00:00,0.0001,99.36389148
2024-01-10 08:00:00+00:00,1704873600000,2024-01-10T08:00:00+00:00,0.0001,98.1397855
2024-01-10 16:00:00+00:00,1704902400000,2024-01-10T16:00:00+00:00,0.0001,94.80962775
2024-01-11 00:00:00+00:00,1704931200000,2024-01-11T00:00:00+00:00,0.0001,102.063
2024-01-11 08:00:00+00:00,1704960000000,2024-01-11T08:00:00+00:00,0.0001,99.745
2024-01-11 16:00:00+00:00,1704988800000,2024-01-11T16:00:00+00:00,0.0001,100.808
2024-01-12 00:00:00.001000+00:00,1705017600001,2024-01-12T00:00:00.001000+00:00,0.0001,99.921
2024-01-12 08:00:00+00:00,1705046400000,2024-01-12T08:00:00+00:00,0.0001,98.845
2024-01-12 16:00:00+00:00,1705075200000,2024-01-12T16:00:00+00:00,0.0001,95.396
2024-01-13 00:00:00+00:00,1705104000000,2024-01-13T00:00:00+00:00,0.0001,92.0483522
2024-01-13 08:00:00+00:00,1705132800000,2024-01-13T08:00:00+00:00,0.0001,92.54741236
2024-01-13 16:00:00.001000+00:00,1705161600001,2024-01-13T16:00:00.001000+00:00,0.0001,92.906
2024-01-14 00:00:00+00:00,1705190400000,2024-01-14T00:00:00+00:00,0.0001,95.83966701
2024-01-14 08:00:00+00:00,1705219200000,2024-01-14T08:00:00+00:00,0.0001,98.34494871
2024-01-14 16:00:00.001000+00:00,1705248000001,2024-01-14T16:00:00.001000+00:00,0.0001,99.51826971
2024-01-15 00:00:00+00:00,1705276800000,2024-01-15T00:00:00+00:00,0.0001,93.83306434
2024-01-15 08:00:00+00:00,1705305600000,2024-01-15T08:00:00+00:00,0.0001,95.6173343
2024-01-15 16:00:00+00:00,1705334400000,2024-01-15T16:00:00+00:00,0.0001,93.52561026
2024-01-16 00:00:00+00:00,1705363200000,2024-01-16T00:00:00+00:00,0.0001,94.38706537
2024-01-16 08:00:00+00:00,1705392000000,2024-01-16T08:00:00+00:00,0.0001,97.743
2024-01-16 16:00:00.001000+00:00,1705420800001,2024-01-16T16:00:00.001000+00:00,0.0001,97.25399656
2024-01-17 00:00:00+00:00,1705449600000,2024-01-17T00:00:00+00:00,0.0001,97.637
2024-01-17 08:00:00+00:00,1705478400000,2024-01-17T08:00:00+00:00,0.0001,97.366
2024-01-17 16:00:00+00:00,1705507200000,2024-01-17T16:00:00+00:00,0.0001,99.408
2024-01-18 00:00:00.001000+00:00,1705536000001,2024-01-18T00:00:00.001000+00:00,0.0001,102.151
2024-01-18 08:00:00+00:00,1705564800000,2024-01-18T08:00:00+00:00,0.0001,100.785
2024-01-18 16:00:00+00:00,1705593600000,2024-01-18T16:00:00+00:00,0.0001,98.26896317
2024-01-19 00:00:00+00:00,1705622400000,2024-01-19T00:00:00+00:00,0.0001,94.384
2024-01-19 08:00:00+00:00,1705651200000,2024-01-19T08:00:00+00:00,0.0001,94.49106232
2024-01-19 16:00:00.002000+00:00,1705680000002,2024-01-19T16:00:00.002000+00:00,0.0001,91.25252523
2024-01-20 00:00:00+00:00,1705708800000,2024-01-20T00:00:00+00:00,0.0001,93.62445853
2024-01-20 08:00:00.003000+00:00,1705737600003,2024-01-20T08:00:00.003000+00:00,0.0001,91.91718796
2024-01-20 16:00:00+00:00,1705766400000,2024-01-20T16:00:00+00:00,0.0001,90.86
2024-01-21 00:00:00+00:00,1705795200000,2024-01-21T00:00:00+00:00,0.0001,92.89575871
2024-01-21 08:00:00+00:00,1705824000000,2024-01-21T08:00:00+00:00,0.0001,92.37480134
2024-01-21 16:00:00+00:00,1705852800000,2024-01-21T16:00:00+00:00,0.0001,92.51116127
2024-01-22 00:00:00+00:00,1705881600000,2024-01-22T00:00:00+00:00,0.0001,91.09327819
2024-01-22 08:00:00+00:00,1705910400000,2024-01-22T08:00:00+00:00,0.0001,89.2409186
2024-01-22 16:00:00+00:00,1705939200000,2024-01-22T16:00:00+00:00,0.0001,87.27127426
2024-01-23 00:00:00+00:00,1705968000000,2024-01-23T00:00:00+00:00,0.0001,83.87131277
2024-01-23 08:00:00+00:00,1705996800000,2024-01-23T08:00:00+00:00,0.0001,82.81747384
2024-01-23 16:00:00+00:00,1706025600000,2024-01-23T16:00:00+00:00,0.0001,82.678
2024-01-24 00:00:00+00:00,1706054400000,2024-01-24T00:00:00+00:00,0.0001,84.31496462
2024-01-24 08:00:00+00:00,1706083200000,2024-01-24T08:00:00+00:00,0.0001,86.1
2024-01-24 16:00:00+00:00,1706112000000,2024-01-24T16:00:00+00:00,0.0001,86.97934479
2024-01-25 00:00:00+00:00,1706140800000,2024-01-25T00:00:00+00:00,0.0001,88.74864834
2024-01-25 08:00:00.001000+00:00,1706169600001,2024-01-25T08:00:00.001000+00:00,0.0001,88.19537866
2024-01-25 16:00:00+00:00,1706198400000,2024-01-25T16:00:00+00:00,0.0001,86.40768457
2024-01-26 00:00:00.001000+00:00,1706227200001,2024-01-26T00:00:00.001000+00:00,0.0001,86.88581215
2024-01-26 08:00:00+00:00,1706256000000,2024-01-26T08:00:00+00:00,0.0001,87.0
2024-01-26 16:00:00+00:00,1706284800000,2024-01-26T16:00:00+00:00,7.999e-05,92.36670761
2024-01-27 00:00:00+00:00,1706313600000,2024-01-27T00:00:00+00:00,0.0001,92.267
2024-01-27 08:00:00+00:00,1706342400000,2024-01-27T08:00:00+00:00,0.0001,91.18600105
2024-01-27 16:00:00+00:00,1706371200000,2024-01-27T16:00:00+00:00,0.0001,92.782
2024-01-28 00:00:00+00:00,1706400000000,2024-01-28T00:00:00+00:00,8.902e-05,94.23907564
2024-01-28 08:00:00+00:00,1706428800000,2024-01-28T08:00:00+00:00,2.568e-05,95.726
2024-01-28 16:00:00+00:00,1706457600000,2024-01-28T16:00:00+00:00,0.0001,97.052
2024-01-29 00:00:00+00:00,1706486400000,2024-01-29T00:00:00+00:00,0.0001,95.941
2024-01-29 08:00:00.001000+00:00,1706515200001,2024-01-29T08:00:00.001000+00:00,3.929e-05,96.713
2024-01-29 16:00:00+00:00,1706544000000,2024-01-29T16:00:00+00:00,0.0001,99.90111569
2024-01-30 00:00:00+00:00,1706572800000,2024-01-30T00:00:00+00:00,0.0001,101.626
2024-01-30 08:00:00+00:00,1706601600000,2024-01-30T08:00:00+00:00,4.333e-05,102.883
2024-01-30 16:00:00.001000+00:00,1706630400001,2024-01-30T16:00:00.001000+00:00,0.0001,104.78078222
2024-01-31 00:00:00+00:00,1706659200000,2024-01-31T00:00:00+00:00,0.0001,101.38340785
2024-01-31 08:00:00+00:00,1706688000000,2024-01-31T08:00:00+00:00,5.702e-05,101.60687047
2024-01-31 16:00:00+00:00,1706716800000,2024-01-31T16:00:00+00:00,0.0001,101.4885579
2024-02-01 00:00:00+00:00,1706745600000,2024-02-01T00:00:00+00:00,5.15e-05,96.92434636
2024-02-01 08:00:00+00:00,1706774400000,2024-02-01T08:00:00+00:00,0.0001,94.89019007
2024-02-01 16:00:00.002000+00:00,1706803200002,2024-02-01T16:00:00.002000+00:00,7.451e-05,95.97825871
2024-02-02 00:00:00+00:00,1706832000000,2024-02-02T00:00:00+00:00,0.0001,97.775
2024-02-02 08:00:00+00:00,1706860800000,2024-02-02T08:00:00+00:00,0.0001,101.18976366
2024-02-02 16:00:00+00:00,1706889600000,2024-02-02T16:00:00+00:00,0.0001,101.284
2024-02-03 00:00:00+00:00,1706918400000,2024-02-03T00:00:00+00:00,0.0001,100.551
2024-02-03 08:00:00+00:00,1706947200000,2024-02-03T08:00:00+00:00,9.726e-05,99.056
2024-02-03 16:00:00.001000+00:00,1706976000001,2024-02-03T16:00:00.001000+00:00,0.0001,97.96034104
2024-02-04 00:00:00+00:00,1707004800000,2024-02-04T00:00:00+00:00,0.0001,97.92321612
2024-02-04 08:00:00.004000+00:00,1707033600004,2024-02-04T08:00:00.004000+00:00,0.0001,96.495
2024-02-04 16:00:00+00:00,1707062400000,2024-02-04T16:00:00+00:00,0.0001,97.603
2024-02-05 00:00:00+00:00,1707091200000,2024-02-05T00:00:00+00:00,0.0001,95.45318996
2024-02-05 08:00:00+00:00,1707120000000,2024-02-05T08:00:00+00:00,0.0001,97.5390923
2024-02-05 16:00:00+00:00,1707148800000,2024-02-05T16:00:00+00:00,0.0001,95.57325377
2024-02-06 00:00:00+00:00,1707177600000,2024-02-06T00:00:00+00:00,5.616e-05,95.60702816
2024-02-06 08:00:00.001000+00:00,1707206400001,2024-02-06T08:00:00.001000+00:00,0.0001,95.7340104
2024-02-06 16:00:00+00:00,1707235200000,2024-02-06T16:00:00+00:00,0.0001,95.70213931
2024-02-07 00:00:00+00:00,1707264000000,2024-02-07T00:00:00+00:00,0.0001,96.86159697
2024-02-07 08:00:00+00:00,1707292800000,2024-02-07T08:00:00+00:00,0.0001,95.57182908
2024-02-07 16:00:00+00:00,1707321600000,2024-02-07T16:00:00+00:00,0.0001,96.218
2024-02-08 00:00:00+00:00,1707350400000,2024-02-08T00:00:00+00:00,0.0001,101.13246646
2024-02-08 08:00:00+00:00,1707379200000,2024-02-08T08:00:00+00:00,0.0001,100.80477917
2024-02-08 16:00:00+00:00,1707408000000,2024-02-08T16:00:00+00:00,0.0001,104.791
2024-02-09 00:00:00+00:00,1707436800000,2024-02-09T00:00:00+00:00,7.069e-05,102.744
2024-02-09 08:00:00+00:00,1707465600000,2024-02-09T08:00:00+00:00,3.075e-05,105.211
2024-02-09 16:00:00.001000+00:00,1707494400001,2024-02-09T16:00:00.001000+00:00,0.0001,105.62
2024-02-10 00:00:00.001000+00:00,1707523200001,2024-02-10T00:00:00.001000+00:00,0.0001,106.923
2024-02-10 08:00:00+00:00,1707552000000,2024-02-10T08:00:00+00:00,0.0001,108.866
2024-02-10 16:00:00+00:00,1707580800000,2024-02-10T16:00:00+00:00,0.0001,108.49745346
2024-02-11 00:00:00+00:00,1707609600000,2024-02-11T00:00:00+00:00,0.0001,108.98526421
2024-02-11 08:00:00.001000+00:00,1707638400001,2024-02-11T08:00:00.001000+00:00,0.0001,109.21771445
2024-02-11 16:00:00+00:00,1707667200000,2024-02-11T16:00:00+00:00,0.0001,108.81016865
2024-02-12 00:00:00+00:00,1707696000000,2024-02-12T00:00:00+00:00,0.0001,107.46495073
2024-02-12 08:00:00+00:00,1707724800000,2024-02-12T08:00:00+00:00,0.0001,105.92723492
2024-02-12 16:00:00+00:00,1707753600000,2024-02-12T16:00:00+00:00,0.0001,108.84309885
2024-02-13 00:00:00+00:00,1707782400000,2024-02-13T00:00:00+00:00,0.0001,111.739
2024-02-13 08:00:00+00:00,1707811200000,2024-02-13T08:00:00+00:00,0.00014166,114.087
2024-02-13 16:00:00+00:00,1707840000000,2024-02-13T16:00:00+00:00,0.0001,110.36482372
2024-02-14 00:00:00+00:00,1707868800000,2024-02-14T00:00:00+00:00,0.0001,112.53326192
2024-02-14 08:00:00+00:00,1707897600000,2024-02-14T08:00:00+00:00,0.0001,113.099
2024-02-14 16:00:00+00:00,1707926400000,2024-02-14T16:00:00+00:00,0.00029225,116.99454665
2024-02-15 00:00:00+00:00,1707955200000,2024-02-15T00:00:00+00:00,0.00013572,117.09173686
2024-02-15 08:00:00+00:00,1707984000000,2024-02-15T08:00:00+00:00,0.00015932,115.09659855
2024-02-15 16:00:00+00:00,1708012800000,2024-02-15T16:00:00+00:00,0.00012,114.08665167
2024-02-16 00:00:00+00:00,1708041600000,2024-02-16T00:00:00+00:00,0.00022371,113.597
2024-02-16 08:00:00+00:00,1708070400000,2024-02-16T08:00:00+00:00,0.00032087,111.552
2024-02-16 16:00:00+00:00,1708099200000,2024-02-16T16:00:00+00:00,0.00016914,109.724
2024-02-17 00:00:00+00:00,1708128000000,2024-02-17T00:00:00+00:00,0.00017661,110.39169654
2024-02-17 08:00:00+00:00,1708156800000,2024-02-17T08:00:00+00:00,0.00042046,110.41
2024-02-17 16:00:00+00:00,1708185600000,2024-02-17T16:00:00+00:00,0.00028279,107.268
2024-02-18 00:00:00+00:00,1708214400000,2024-02-18T00:00:00+00:00,0.00022777,109.00724484
2024-02-18 08:00:00+00:00,1708243200000,2024-02-18T08:00:00+00:00,0.00019395,109.29084412
2024-02-18 16:00:00+00:00,1708272000000,2024-02-18T16:00:00+00:00,0.00022192,112.40701989
2024-02-19 00:00:00+00:00,1708300800000,2024-02-19T00:00:00+00:00,0.0003023,112.32154665
2024-02-19 08:00:00+00:00,1708329600000,2024-02-19T08:00:00+00:00,0.00029566,113.289
2024-02-19 16:00:00+00:00,1708358400000,2024-02-19T16:00:00+00:00,0.00031944,113.78
2024-02-20 00:00:00+00:00,1708387200000,2024-02-20T00:00:00+00:00,0.0004747,111.63358358
2024-02-20 08:00:00+00:00,1708416000000,2024-02-20T08:00:00+00:00,0.00029934,109.52366726
2024-02-20 16:00:00+00:00,1708444800000,2024-02-20T16:00:00+00:00,0.00031742,106.59061438
2024-02-21 00:00:00+00:00,1708473600000,2024-02-21T00:00:00+00:00,0.00016255,108.39609459
2024-02-21 08:00:00+00:00,1708502400000,2024-02-21T08:00:00+00:00,0.0002531,104.91685745
2024-02-21 16:00:00+00:00,1708531200000,2024-02-21T16:00:00+00:00,0.0001773,103.904
2024-02-22 00:00:00.001000+00:00,1708560000001,2024-02-22T00:00:00.001000+00:00,0.00016351,105.105
2024-02-22 08:00:00.001000+00:00,1708588800001,2024-02-22T08:00:00.001000+00:00,0.00021049,105.161
2024-02-22 16:00:00+00:00,1708617600000,2024-02-22T16:00:00+00:00,0.00018339,105.469
2024-02-23 00:00:00+00:00,1708646400000,2024-02-23T00:00:00+00:00,0.00026289,101.805
2024-02-23 08:00:00+00:00,1708675200000,2024-02-23T08:00:00+00:00,0.00032841,102.046
2024-02-23 16:00:00+00:00,1708704000000,2024-02-23T16:00:00+00:00,0.00016957,100.34084709
2024-02-24 00:00:00+00:00,1708732800000,2024-02-24T00:00:00+00:00,0.00027113,99.94884067
2024-02-24 08:00:00.001000+00:00,1708761600001,2024-02-24T08:00:00.001000+00:00,0.00033132,102.312
2024-02-24 16:00:00+00:00,1708790400000,2024-02-24T16:00:00+00:00,0.0002623,102.02748108
2024-02-25 00:00:00.001000+00:00,1708819200001,2024-02-25T00:00:00.001000+00:00,0.00027207,104.10902289
2024-02-25 08:00:00+00:00,1708848000000,2024-02-25T08:00:00+00:00,0.00041614,103.08854499
2024-02-25 16:00:00+00:00,1708876800000,2024-02-25T16:00:00+00:00,0.00042645,102.85
2024-02-26 00:00:00+00:00,1708905600000,2024-02-26T00:00:00+00:00,0.00055329,103.569
2024-02-26 08:00:00+00:00,1708934400000,2024-02-26T08:00:00+00:00,0.00055349,103.38663887
2024-02-26 16:00:00+00:00,1708963200000,2024-02-26T16:00:00+00:00,0.00038701,105.055
2024-02-27 00:00:00+00:00,1708992000000,2024-02-27T00:00:00+00:00,0.00060184,110.02913939
2024-02-27 08:00:00+00:00,1709020800000,2024-02-27T08:00:00+00:00,0.00069189,110.47468133
2024-02-27 16:00:00+00:00,1709049600000,2024-02-27T16:00:00+00:00,0.00051508,106.88460847
2024-02-28 00:00:00+00:00,1709078400000,2024-02-28T00:00:00+00:00,0.00032603,108.45
2024-02-28 08:00:00+00:00,1709107200000,2024-02-28T08:00:00+00:00,0.00040753,110.14368128
2024-02-28 16:00:00+00:00,1709136000000,2024-02-28T16:00:00+00:00,0.00078549,113.17211082
2024-02-29 00:00:00+00:00,1709164800000,2024-02-29T00:00:00+00:00,0.00089,119.24687856
2024-02-29 08:00:00+00:00,1709193600000,2024-02-29T08:00:00+00:00,0.00098885,125.68452041
2024-02-29 16:00:00+00:00,1709222400000,2024-02-29T16:00:00+00:00,0.00081567,132.432
2024-03-01 00:00:00+00:00,1709251200000,2024-03-01T00:00:00+00:00,0.00060436,125.731
2024-03-01 08:00:00+00:00,1709280000000,2024-03-01T08:00:00+00:00,0.00061591,132.0523722
2024-03-01 16:00:00+00:00,1709308800000,2024-03-01T16:00:00+00:00,0.00066424,131.35739088
2024-03-02 00:00:00+00:00,1709337600000,2024-03-02T00:00:00+00:00,0.00073268,129.447
2024-03-02 08:00:00.001000+00:00,1709366400001,2024-03-02T08:00:00.001000+00:00,0.000755,129.27649114
2024-03-02 16:00:00+00:00,1709395200000,2024-03-02T16:00:00+00:00,0.00063147,128.0206886
2024-03-03 00:00:00+00:00,1709424000000,2024-03-03T00:00:00+00:00,0.00076414,130.184
2024-03-03 08:00:00+00:00,1709452800000,2024-03-03T08:00:00+00:00,0.0005416,126.86034567
2024-03-03 16:00:00+00:00,1709481600000,2024-03-03T16:00:00+00:00,0.00058338,129.44168078
2024-03-04 00:00:00+00:00,1709510400000,2024-03-04T00:00:00+00:00,0.00070533,130.308
2024-03-04 08:00:00+00:00,1709539200000,2024-03-04T08:00:00+00:00,0.00072401,129.71152981
2024-03-04 16:00:00+00:00,1709568000000,2024-03-04T16:00:00+00:00,0.00073074,131.884
2024-03-05 00:00:00+00:00,1709596800000,2024-03-05T00:00:00+00:00,0.00071628,133.38137945
2024-03-05 08:00:00+00:00,1709625600000,2024-03-05T08:00:00+00:00,0.00119261,129.6
2024-03-05 16:00:00+00:00,1709654400000,2024-03-05T16:00:00+00:00,0.0011456,139.33123622
2024-03-06 00:00:00+00:00,1709683200000,2024-03-06T00:00:00+00:00,0.0001,125.377
2024-03-06 08:00:00.001000+00:00,1709712000001,2024-03-06T08:00:00.001000+00:00,0.00036233,133.298
2024-03-06 16:00:00+00:00,1709740800000,2024-03-06T16:00:00+00:00,0.00038317,128.325
2024-03-07 00:00:00+00:00,1709769600000,2024-03-07T00:00:00+00:00,0.00038906,130.89446898
2024-03-07 08:00:00+00:00,1709798400000,2024-03-07T08:00:00+00:00,0.00054339,138.357
2024-03-07 16:00:00+00:00,1709827200000,2024-03-07T16:00:00+00:00,0.00052411,146.04482964
2024-03-08 00:00:00+00:00,1709856000000,2024-03-08T00:00:00+00:00,0.00059435,143.98534669
2024-03-08 08:00:00+00:00,1709884800000,2024-03-08T08:00:00+00:00,0.00055843,144.61434896
2024-03-08 16:00:00+00:00,1709913600000,2024-03-08T16:00:00+00:00,0.00053032,145.53
2024-03-09 00:00:00+00:00,1709942400000,2024-03-09T00:00:00+00:00,0.00048054,144.85847364
2024-03-09 08:00:00.001000+00:00,1709971200001,2024-03-09T08:00:00.001000+00:00,0.00029228,148.457
2024-03-09 16:00:00+00:00,1710000000000,2024-03-09T16:00:00+00:00,0.00044156,147.15098277
2024-03-10 00:00:00+00:00,1710028800000,2024-03-10T00:00:00+00:00,0.00040915,144.40217718
2024-03-10 08:00:00+00:00,1710057600000,2024-03-10T08:00:00+00:00,0.00084919,148.44962583
2024-03-10 16:00:00+00:00,1710086400000,2024-03-10T16:00:00+00:00,0.00033129,143.025
2024-03-11 00:00:00+00:00,1710115200000,2024-03-11T00:00:00+00:00,0.00023257,144.48890458
2024-03-11 08:00:00+00:00,1710144000000,2024-03-11T08:00:00+00:00,0.00066664,148.21572856
2024-03-11 16:00:00+00:00,1710172800000,2024-03-11T16:00:00+00:00,0.00081096,147.18986622
2024-03-12 00:00:00+00:00,1710201600000,2024-03-12T00:00:00+00:00,0.00071463,149.04855984
2024-03-12 08:00:00+00:00,1710230400000,2024-03-12T08:00:00+00:00,0.00073858,152.035
2024-03-12 16:00:00+00:00,1710259200000,2024-03-12T16:00:00+00:00,0.00055607,150.39890819
2024-03-13 00:00:00+00:00,1710288000000,2024-03-13T00:00:00+00:00,0.00064251,151.19203548
2024-03-13 08:00:00.001000+00:00,1710316800001,2024-03-13T08:00:00.001000+00:00,0.00069679,150.91
2024-03-13 16:00:00+00:00,1710345600000,2024-03-13T16:00:00+00:00,0.00064562,157.361
2024-03-14 00:00:00.001000+00:00,1710374400001,2024-03-14T00:00:00.001000+00:00,0.0005267,164.05844021
2024-03-14 08:00:00+00:00,1710403200000,2024-03-14T08:00:00+00:00,0.0005183,168.443
2024-03-14 16:00:00+00:00,1710432000000,2024-03-14T16:00:00+00:00,0.00052725,167.766
2024-03-15 00:00:00+00:00,1710460800000,2024-03-15T00:00:00+00:00,0.00063046,176.838
2024-03-15 08:00:00+00:00,1710489600000,2024-03-15T08:00:00+00:00,0.00034279,176.28014084
2024-03-15 16:00:00+00:00,1710518400000,2024-03-15T16:00:00+00:00,0.0002746,181.983
2024-03-16 00:00:00+00:00,1710547200000,2024-03-16T00:00:00+00:00,0.00014955,183.96153406
2024-03-16 08:00:00+00:00,1710576000000,2024-03-16T08:00:00+00:00,0.00020435,192.914
2024-03-16 16:00:00+00:00,1710604800000,2024-03-16T16:00:00+00:00,0.00015327,195.29940885
2024-03-17 00:00:00+00:00,1710633600000,2024-03-17T00:00:00+00:00,0.00014108,182.1720746
2024-03-17 08:00:00+00:00,1710662400000,2024-03-17T08:00:00+00:00,0.0001,181.93187688
2024-03-17 16:00:00+00:00,1710691200000,2024-03-17T16:00:00+00:00,0.00030858,195.72345475
2024-03-18 00:00:00+00:00,1710720000000,2024-03-18T00:00:00+00:00,0.00033129,201.962
2024-03-18 08:00:00+00:00,1710748800000,2024-03-18T08:00:00+00:00,0.00028956,203.32821998
2024-03-18 16:00:00.001000+00:00,1710777600001,2024-03-18T16:00:00.001000+00:00,0.00018996,203.91
2024-03-19 00:00:00+00:00,1710806400000,2024-03-19T00:00:00+00:00,0.0002092,196.07942787
2024-03-19 08:00:00+00:00,1710835200000,2024-03-19T08:00:00+00:00,0.00020307,186.213
2024-03-19 16:00:00.001000+00:00,1710864000001,2024-03-19T16:00:00.001000+00:00,0.0001,183.02696107
2024-03-20 00:00:00+00:00,1710892800000,2024-03-20T00:00:00+00:00,0.00018828,169.917
2024-03-20 08:00:00.004000+00:00,1710921600004,2024-03-20T08:00:00.004000+00:00,0.00018831,173.429
2024-03-20 16:00:00+00:00,1710950400000,2024-03-20T16:00:00+00:00,0.00010917,170.66037781
2024-03-21 00:00:00+00:00,1710979200000,2024-03-21T00:00:00+00:00,0.00015928,191.915
2024-03-21 08:00:00+00:00,1711008000000,2024-03-21T08:00:00+00:00,0.00030752,188.7214408
2024-03-21 16:00:00+00:00,1711036800000,2024-03-21T16:00:00+00:00,0.00014524,185.38044017
2024-03-22 00:00:00+00:00,1711065600000,2024-03-22T00:00:00+00:00,0.00014092,179.535
2024-03-22 08:00:00+00:00,1711094400000,2024-03-22T08:00:00+00:00,0.00014802,179.202666
2024-03-22 16:00:00+00:00,1711123200000,2024-03-22T16:00:00+00:00,0.00016161,171.72640059
2024-03-23 00:00:00+00:00,1711152000000,2024-03-23T00:00:00+00:00,0.00015244,175.20815034
2024-03-23 08:00:00+00:00,1711180800000,2024-03-23T08:00:00+00:00,0.00015091,176.125
2024-03-23 16:00:00+00:00,1711209600000,2024-03-23T16:00:00+00:00,0.00016841,175.262
2024-03-24 00:00:00+00:00,1711238400000,2024-03-24T00:00:00+00:00,0.00017713,172.725
2024-03-24 08:00:00+00:00,1711267200000,2024-03-24T08:00:00+00:00,0.00015435,173.62781205
2024-03-24 16:00:00+00:00,1711296000000,2024-03-24T16:00:00+00:00,0.00025686,176.35991155
2024-03-25 00:00:00+00:00,1711324800000,2024-03-25T00:00:00+00:00,0.00021466,184.00072649
2024-03-25 08:00:00.001000+00:00,1711353600001,2024-03-25T08:00:00.001000+00:00,0.00017494,185.888
2024-03-25 16:00:00+00:00,1711382400000,2024-03-25T16:00:00+00:00,0.00020373,192.84830097
2024-03-26 00:00:00+00:00,1711411200000,2024-03-26T00:00:00+00:00,0.00039207,189.15896478
2024-03-26 08:00:00+00:00,1711440000000,2024-03-26T08:00:00+00:00,0.00020767,194.12614301
2024-03-26 16:00:00+00:00,1711468800000,2024-03-26T16:00:00+00:00,0.00025173,190.491
2024-03-27 00:00:00+00:00,1711497600000,2024-03-27T00:00:00+00:00,0.00032068,190.623
2024-03-27 08:00:00.001000+00:00,1711526400001,2024-03-27T08:00:00.001000+00:00,0.0004048,186.94178383
2024-03-27 16:00:00+00:00,1711555200000,2024-03-27T16:00:00+00:00,0.00025221,181.225
2024-03-28 00:00:00+00:00,1711584000000,2024-03-28T00:00:00+00:00,0.00026487,186.448
2024-03-28 08:00:00+00:00,1711612800000,2024-03-28T08:00:00+00:00,0.00039989,187.51293276
2024-03-28 16:00:00+00:00,1711641600000,2024-03-28T16:00:00+00:00,0.00036742,187.49952185
2024-03-29 00:00:00+00:00,1711670400000,2024-03-29T00:00:00+00:00,0.00045018,189.8719052
2024-03-29 08:00:00+00:00,1711699200000,2024-03-29T08:00:00+00:00,0.00035449,183.82301069
2024-03-29 16:00:00+00:00,1711728000000,2024-03-29T16:00:00+00:00,0.00040773,185.01888418
2024-03-30 00:00:00+00:00,1711756800000,2024-03-30T00:00:00+00:00,0.00052381,192.2
2024-03-30 08:00:00+00:00,1711785600000,2024-03-30T08:00:00+00:00,0.00055026,195.96664483
2024-03-30 16:00:00+00:00,1711814400000,2024-03-30T16:00:00+00:00,0.00058211,196.5278671
2024-03-31 00:00:00+00:00,1711843200000,2024-03-31T00:00:00+00:00,0.00044594,194.31410457
2024-03-31 08:00:00+00:00,1711872000000,2024-03-31T08:00:00+00:00,0.00046087,196.953
2024-03-31 16:00:00.001000+00:00,1711900800001,2024-03-31T16:00:00.001000+00:00,0.00053015,195.86
2024-04-01 00:00:00+00:00,1711929600000,2024-04-01T00:00:00+00:00,0.00083459,202.678
2024-04-01 08:00:00+00:00,1711958400000,2024-04-01T08:00:00+00:00,0.00044327,198.08340081
2024-04-01 16:00:00+00:00,1711987200000,2024-04-01T16:00:00+00:00,0.00031429,188.217
2024-04-02 00:00:00.007000+00:00,1712016000007,2024-04-02T00:00:00.007000+00:00,0.00015817,192.34853484
2024-04-02 08:00:00.015000+00:00,1712044800015,2024-04-02T08:00:00.015000+00:00,0.0001,183.272
2024-04-02 16:00:00+00:00,1712073600000,2024-04-02T16:00:00+00:00,0.00015893,177.554
2024-04-03 00:00:00+00:00,1712102400000,2024-04-03T00:00:00+00:00,0.0001096,181.64800768
2024-04-03 08:00:00+00:00,1712131200000,2024-04-03T08:00:00+00:00,0.0001,189.65
2024-04-03 16:00:00+00:00,1712160000000,2024-04-03T16:00:00+00:00,0.00016154,189.137
2024-04-04 00:00:00+00:00,1712188800000,2024-04-04T00:00:00+00:00,0.0001,185.16402224
2024-04-04 08:00:00+00:00,1712217600000,2024-04-04T08:00:00+00:00,0.0001,185.05461688
2024-04-04 16:00:00+00:00,1712246400000,2024-04-04T16:00:00+00:00,0.00016815,187.14640034
2024-04-05 00:00:00+00:00,1712275200000,2024-04-05T00:00:00+00:00,0.0001,184.115
2024-04-05 08:00:00+00:00,1712304000000,2024-04-05T08:00:00+00:00,0.0001,175.17696083
2024-04-05 16:00:00+00:00,1712332800000,2024-04-05T16:00:00+00:00,0.0001,175.937
2024-04-06 00:00:00+00:00,1712361600000,2024-04-06T00:00:00+00:00,0.0001,174.43127179
2024-04-06 08:00:00+00:00,1712390400000,2024-04-06T08:00:00+00:00,0.0001,177.319
2024-04-06 16:00:00+00:00,1712419200000,2024-04-06T16:00:00+00:00,0.0001,177.232
2024-04-07 00:00:00+00:00,1712448000000,2024-04-07T00:00:00+00:00,0.0001,178.75074173
2024-04-07 08:00:00+00:00,1712476800000,2024-04-07T08:00:00+00:00,0.0001,179.846
2024-04-07 16:00:00+00:00,1712505600000,2024-04-07T16:00:00+00:00,0.0001,179.72776886
2024-04-08 00:00:00.001000+00:00,1712534400001,2024-04-08T00:00:00.001000+00:00,0.00013953,179.616
2024-04-08 08:00:00+00:00,1712563200000,2024-04-08T08:00:00+00:00,0.00025466,180.24859605
2024-04-08 16:00:00.006000+00:00,1712592000006,2024-04-08T16:00:00.006000+00:00,0.00018234,181.534
2024-04-09 00:00:00+00:00,1712620800000,2024-04-09T00:00:00+00:00,0.00013524,180.80273769
2024-04-09 08:00:00.001000+00:00,1712649600001,2024-04-09T08:00:00.001000+00:00,0.00012502,175.74196875
2024-04-09 16:00:00.001000+00:00,1712678400001,2024-04-09T16:00:00.001000+00:00,0.00011397,172.529
2024-04-10 00:00:00+00:00,1712707200000,2024-04-10T00:00:00+00:00,0.00036513,172.55
2024-04-10 08:00:00.001000+00:00,1712736000001,2024-04-10T08:00:00.001000+00:00,0.00031624,172.89152633
2024-04-10 16:00:00+00:00,1712764800000,2024-04-10T16:00:00+00:00,0.00017163,168.03909731
2024-04-11 00:00:00+00:00,1712793600000,2024-04-11T00:00:00+00:00,0.00027306,173.42449003
2024-04-11 08:00:00+00:00,1712822400000,2024-04-11T08:00:00+00:00,0.00024101,174.57075619
2024-04-11 16:00:00+00:00,1712851200000,2024-04-11T16:00:00+00:00,0.00027676,173.548
2024-04-12 00:00:00+00:00,1712880000000,2024-04-12T00:00:00+00:00,0.00026578,172.497
2024-04-12 08:00:00.001000+00:00,1712908800001,2024-04-12T08:00:00.001000+00:00,0.0002941,173.3846803
2024-04-12 16:00:00+00:00,1712937600000,2024-04-12T16:00:00+00:00,0.00025596,167.46
2024-04-13 00:00:00+00:00,1712966400000,2024-04-13T00:00:00+00:00,0.0001,153.18345357
2024-04-13 08:00:00+00:00,1712995200000,2024-04-13T08:00:00+00:00,0.0001,151.095
2024-04-13 16:00:00.001000+00:00,1713024000001,2024-04-13T16:00:00.001000+00:00,0.0001,149.018
2024-04-14 00:00:00+00:00,1713052800000,2024-04-14T00:00:00+00:00,0.0001,138.39379496
2024-04-14 08:00:00+00:00,1713081600000,2024-04-14T08:00:00+00:00,0.0001,144.019
2024-04-14 16:00:00+00:00,1713110400000,2024-04-14T16:00:00+00:00,0.0001,137.94924828
2024-04-15 00:00:00+00:00,1713139200000,2024-04-15T00:00:00+00:00,9.686e-05,151.22558184
2024-04-15 08:00:00.001000+00:00,1713168000001,2024-04-15T08:00:00.001000+00:00,-7.58e-06,153.70362534
2024-04-15 16:00:00+00:00,1713196800000,2024-04-15T16:00:00+00:00,6.37e-05,143.232
2024-04-16 00:00:00.001000+00:00,1713225600001,2024-04-16T00:00:00.001000+00:00,-5.815e-05,138.44476488
2024-04-16 08:00:00+00:00,1713254400000,2024-04-16T08:00:00+00:00,4.459e-05,137.811
2024-04-16 16:00:00+00:00,1713283200000,2024-04-16T16:00:00+00:00,2.516e-05,127.61114289
2024-04-17 00:00:00+00:00,1713312000000,2024-04-17T00:00:00+00:00,-2.599e-05,136.184
2024-04-17 08:00:00+00:00,1713340800000,2024-04-17T08:00:00+00:00,3.33e-06,139.395
2024-04-17 16:00:00+00:00,1713369600000,2024-04-17T16:00:00+00:00,0.0001,128.7093195
2024-04-18 00:00:00+00:00,1713398400000,2024-04-18T00:00:00+00:00,6.888e-05,131.79905024
2024-04-18 08:00:00+00:00,1713427200000,2024-04-18T08:00:00+00:00,7.203e-05,129.37818107
2024-04-18 16:00:00+00:00,1713456000000,2024-04-18T16:00:00+00:00,6.59e-05,138.93497706
2024-04-19 00:00:00.001000+00:00,1713484800001,2024-04-19T00:00:00.001000+00:00,-1.667e-05,141.9635694
2024-04-19 08:00:00+00:00,1713513600000,2024-04-19T08:00:00+00:00,4.68e-05,143.271
2024-04-19 16:00:00+00:00,1713542400000,2024-04-19T16:00:00+00:00,2.007e-05,146.16566985
2024-04-20 00:00:00+00:00,1713571200000,2024-04-20T00:00:00+00:00,0.0001,142.444
2024-04-20 08:00:00+00:00,1713600000000,2024-04-20T08:00:00+00:00,4.184e-05,143.452
2024-04-20 16:00:00+00:00,1713628800000,2024-04-20T16:00:00+00:00,6.594e-05,147.11599257
2024-04-21 00:00:00+00:00,1713657600000,2024-04-21T00:00:00+00:00,7.055e-05,151.178
2024-04-21 08:00:00+00:00,1713686400000,2024-04-21T08:00:00+00:00,-2.982e-05,151.04598597
2024-04-21 16:00:00+00:00,1713715200000,2024-04-21T16:00:00+00:00,4.268e-05,150.1
2024-04-22 00:00:00+00:00,1713744000000,2024-04-22T00:00:00+00:00,3.735e-05,148.75525153
2024-04-22 08:00:00+00:00,1713772800000,2024-04-22T08:00:00+00:00,8.512e-05,153.56
2024-04-22 16:00:00+00:00,1713801600000,2024-04-22T16:00:00+00:00,-3.018e-05,153.374
2024-04-23 00:00:00+00:00,1713830400000,2024-04-23T00:00:00+00:00,-1.27e-05,156.881
2024-04-23 08:00:00+00:00,1713859200000,2024-04-23T08:00:00+00:00,-4.214e-05,153.552
2024-04-23 16:00:00.001000+00:00,1713888000001,2024-04-23T16:00:00.001000+00:00,1.577e-05,157.84
2024-04-24 00:00:00+00:00,1713916800000,2024-04-24T00:00:00+00:00,9.77e-06,154.723
2024-04-24 08:00:00+00:00,1713945600000,2024-04-24T08:00:00+00:00,6.43e-06,157.74783935
2024-04-24 16:00:00+00:00,1713974400000,2024-04-24T16:00:00+00:00,0.0001,151.474
2024-04-25 00:00:00+00:00,1714003200000,2024-04-25T00:00:00+00:00,0.0001,147.71375189
2024-04-25 08:00:00+00:00,1714032000000,2024-04-25T08:00:00+00:00,2.239e-05,146.229
2024-04-25 16:00:00.010000+00:00,1714060800010,2024-04-25T16:00:00.010000+00:00,0.0001,147.72044338
2024-04-26 00:00:00.001000+00:00,1714089600001,2024-04-26T00:00:00.001000+00:00,6.164e-05,144.787
2024-04-26 08:00:00+00:00,1714118400000,2024-04-26T08:00:00+00:00,8.426e-05,143.403
2024-04-26 16:00:00+00:00,1714147200000,2024-04-26T16:00:00+00:00,8.505e-05,142.65697578
2024-04-27 00:00:00+00:00,1714176000000,2024-04-27T00:00:00+00:00,5.384e-05,139.201
2024-04-27 08:00:00.001000+00:00,1714204800001,2024-04-27T08:00:00.001000+00:00,-2.561e-05,136.096
2024-04-27 16:00:00+00:00,1714233600000,2024-04-27T16:00:00+00:00,2.358e-05,137.672
2024-04-28 00:00:00+00:00,1714262400000,2024-04-28T00:00:00+00:00,2.733e-05,141.235
2024-04-28 08:00:00+00:00,1714291200000,2024-04-28T08:00:00+00:00,3.029e-05,143.501
2024-04-28 16:00:00+00:00,1714320000000,2024-04-28T16:00:00+00:00,0.0001,141.935
2024-04-29 00:00:00+00:00,1714348800000,2024-04-29T00:00:00+00:00,0.0001,137.922
2024-04-29 08:00:00+00:00,1714377600000,2024-04-29T08:00:00+00:00,0.0001,134.904
2024-04-29 16:00:00+00:00,1714406400000,2024-04-29T16:00:00+00:00,0.0001,136.435
2024-04-30 00:00:00+00:00,1714435200000,2024-04-30T00:00:00+00:00,6.384e-05,137.699
2024-04-30 08:00:00+00:00,1714464000000,2024-04-30T08:00:00+00:00,0.0001,135.031
2024-04-30 16:00:00+00:00,1714492800000,2024-04-30T16:00:00+00:00,4.102e-05,127.72039636
2024-05-01 00:00:00+00:00,1714521600000,2024-05-01T00:00:00+00:00,-3.566e-05,126.69326163
2024-05-01 08:00:00+00:00,1714550400000,2024-05-01T08:00:00+00:00,0.0001,120.544
2024-05-01 16:00:00+00:00,1714579200000,2024-05-01T16:00:00+00:00,9.105e-05,123.33236117
2024-05-02 00:00:00+00:00,1714608000000,2024-05-02T00:00:00+00:00,3.78e-06,134.569
2024-05-02 08:00:00+00:00,1714636800000,2024-05-02T08:00:00+00:00,7.951e-05,131.32011754
2024-05-02 16:00:00.002000+00:00,1714665600002,2024-05-02T16:00:00.002000+00:00,3.479e-05,139.01
2024-05-03 00:00:00+00:00,1714694400000,2024-05-03T00:00:00+00:00,5.799e-05,137.537
2024-05-03 08:00:00+00:00,1714723200000,2024-05-03T08:00:00+00:00,-5.326e-05,137.18840579
2024-05-03 16:00:00+00:00,1714752000000,2024-05-03T16:00:00+00:00,3.126e-05,142.0
2024-05-04 00:00:00+00:00,1714780800000,2024-05-04T00:00:00+00:00,-8.768e-05,143.62427845
2024-05-04 08:00:00+00:00,1714809600000,2024-05-04T08:00:00+00:00,1.077e-05,143.899
2024-05-04 16:00:00+00:00,1714838400000,2024-05-04T16:00:00+00:00,1.309e-05,146.11746473
2024-05-05 00:00:00+00:00,1714867200000,2024-05-05T00:00:00+00:00,5.621e-05,146.007
2024-05-05 08:00:00+00:00,1714896000000,2024-05-05T08:00:00+00:00,8.266e-05,145.58
2024-05-05 16:00:00+00:00,1714924800000,2024-05-05T16:00:00+00:00,7.548e-05,147.402
2024-05-06 00:00:00+00:00,1714953600000,2024-05-06T00:00:00+00:00,5.854e-05,145.673
2024-05-06 08:00:00+00:00,1714982400000,2024-05-06T08:00:00+00:00,5.22e-05,148.672407
2024-05-06 16:00:00+00:00,1715011200000,2024-05-06T16:00:00+00:00,0.0001,153.79700869
2024-05-07 00:00:00+00:00,1715040000000,2024-05-07T00:00:00+00:00,7.714e-05,152.78
2024-05-07 08:00:00+00:00,1715068800000,2024-05-07T08:00:00+00:00,-1.698e-05,155.08429183
2024-05-07 16:00:00+00:00,1715097600000,2024-05-07T16:00:00+00:00,2.502e-05,154.61915736
2024-05-08 00:00:00+00:00,1715126400000,2024-05-08T00:00:00+00:00,0.0001,148.02850935
2024-05-08 08:00:00+00:00,1715155200000,2024-05-08T08:00:00+00:00,0.0001,146.406
2024-05-08 16:00:00+00:00,1715184000000,2024-05-08T16:00:00+00:00,0.0001,145.816
2024-05-09 00:00:00+00:00,1715212800000,2024-05-09T00:00:00+00:00,5.327e-05,142.119
2024-05-09 08:00:00+00:00,1715241600000,2024-05-09T08:00:00+00:00,8.335e-05,143.23415262
2024-05-09 16:00:00+00:00,1715270400000,2024-05-09T16:00:00+00:00,7.648e-05,146.4
2024-05-10 00:00:00+00:00,1715299200000,2024-05-10T00:00:00+00:00,2.012e-05,152.457
2024-05-10 08:00:00+00:00,1715328000000,2024-05-10T08:00:00+00:00,5.156e-05,154.268
2024-05-10 16:00:00+00:00,1715356800000,2024-05-10T16:00:00+00:00,0.0001,146.87098126
2024-05-11 00:00:00+00:00,1715385600000,2024-05-11T00:00:00+00:00,4.734e-05,145.964
2024-05-11 08:00:00+00:00,1715414400000,2024-05-11T08:00:00+00:00,9.445e-05,145.70920173
2024-05-11 16:00:00+00:00,1715443200000,2024-05-11T16:00:00+00:00,5.096e-05,145.566
2024-05-12 00:00:00+00:00,1715472000000,2024-05-12T00:00:00+00:00,4.613e-05,145.36399507
2024-05-12 08:00:00+00:00,1715500800000,2024-05-12T08:00:00+00:00,2.9e-05,144.14138521
2024-05-12 16:00:00+00:00,1715529600000,2024-05-12T16:00:00+00:00,6.071e-05,145.15488334
2024-05-13 00:00:00.001000+00:00,1715558400001,2024-05-13T00:00:00.001000+00:00,-7.24e-06,143.364
2024-05-13 08:00:00.001000+00:00,1715587200001,2024-05-13T08:00:00.001000+00:00,0.0001,143.509
2024-05-13 16:00:00+00:00,1715616000000,2024-05-13T16:00:00+00:00,9.778e-05,147.207
2024-05-14 00:00:00+00:00,1715644800000,2024-05-14T00:00:00+00:00,0.0001,147.51486847
2024-05-14 08:00:00+00:00,1715673600000,2024-05-14T08:00:00+00:00,8.969e-05,146.491
2024-05-14 16:00:00+00:00,1715702400000,2024-05-14T16:00:00+00:00,4.564e-05,142.824
2024-05-15 00:00:00+00:00,1715731200000,2024-05-15T00:00:00+00:00,1.738e-05,141.963
2024-05-15 08:00:00+00:00,1715760000000,2024-05-15T08:00:00+00:00,1.895e-05,144.21587153
2024-05-15 16:00:00+00:00,1715788800000,2024-05-15T16:00:00+00:00,8.36e-05,151.81933412
2024-05-16 00:00:00.004000+00:00,1715817600004,2024-05-16T00:00:00.004000+00:00,0.0001,158.44813827
2024-05-16 08:00:00+00:00,1715846400000,2024-05-16T08:00:00+00:00,0.0001,162.71189365
2024-05-16 16:00:00+00:00,1715875200000,2024-05-16T16:00:00+00:00,0.0001,160.411
2024-05-17 00:00:00+00:00,1715904000000,2024-05-17T00:00:00+00:00,7.45e-05,159.303
2024-05-17 08:00:00+00:00,1715932800000,2024-05-17T08:00:00+00:00,3.361e-05,169.10496702
2024-05-17 16:00:00+00:00,1715961600000,2024-05-17T16:00:00+00:00,4.112e-05,169.585
2024-05-18 00:00:00+00:00,1715990400000,2024-05-18T00:00:00+00:00,4.208e-05,169.351
2024-05-18 08:00:00+00:00,1716019200000,2024-05-18T08:00:00+00:00,2.883e-05,172.216
2024-05-18 16:00:00+00:00,1716048000000,2024-05-18T16:00:00+00:00,6.893e-05,172.34330544
2024-05-19 00:00:00+00:00,1716076800000,2024-05-19T00:00:00+00:00,3.799e-05,172.299
2024-05-19 08:00:00+00:00,1716105600000,2024-05-19T08:00:00+00:00,1.875e-05,174.091
2024-05-19 16:00:00+00:00,1716134400000,2024-05-19T16:00:00+00:00,8.795e-05,168.20240894
2024-05-20 00:00:00+00:00,1716163200000,2024-05-20T00:00:00+00:00,0.0001,169.853
2024-05-20 08:00:00+00:00,1716192000000,2024-05-20T08:00:00+00:00,0.0001,177.94900601
2024-05-20 16:00:00.003000+00:00,1716220800003,2024-05-20T16:00:00.003000+00:00,6.762e-05,178.91923886
2024-05-21 00:00:00+00:00,1716249600000,2024-05-21T00:00:00+00:00,0.0001,186.69512073
2024-05-21 08:00:00.001000+00:00,1716278400001,2024-05-21T08:00:00.001000+00:00,0.0001,181.31062744
2024-05-21 16:00:00+00:00,1716307200000,2024-05-21T16:00:00+00:00,0.0001,176.85441502
2024-05-22 00:00:00+00:00,1716336000000,2024-05-22T00:00:00+00:00,0.0001,178.15
2024-05-22 08:00:00+00:00,1716364800000,2024-05-22T08:00:00+00:00,0.0001,179.88731597
2024-05-22 16:00:00+00:00,1716393600000,2024-05-22T16:00:00+00:00,0.0001,181.39304713
2024-05-23 00:00:00+00:00,1716422400000,2024-05-23T00:00:00+00:00,0.0001,177.001
2024-05-23 08:00:00+00:00,1716451200000,2024-05-23T08:00:00+00:00,0.0001,177.49
2024-05-23 16:00:00+00:00,1716480000000,2024-05-23T16:00:00+00:00,0.0001,172.7
2024-05-24 00:00:00+00:00,1716508800000,2024-05-24T00:00:00+00:00,0.0001,176.182
2024-05-24 08:00:00+00:00,1716537600000,2024-05-24T08:00:00+00:00,0.0001,166.24
2024-05-24 16:00:00+00:00,1716566400000,2024-05-24T16:00:00+00:00,0.0001,167.27480894
2024-05-25 00:00:00+00:00,1716595200000,2024-05-25T00:00:00+00:00,0.0001,167.6676081
2024-05-25 08:00:00+00:00,1716624000000,2024-05-25T08:00:00+00:00,0.0001,169.0032973
2024-05-25 16:00:00+00:00,1716652800000,2024-05-25T16:00:00+00:00,0.0001,167.78524111
2024-05-26 00:00:00+00:00,1716681600000,2024-05-26T00:00:00+00:00,0.0001,168.35780113
2024-05-26 08:00:00+00:00,1716710400000,2024-05-26T08:00:00+00:00,0.0001,165.372
2024-05-26 16:00:00+00:00,1716739200000,2024-05-26T16:00:00+00:00,0.0001,162.92251383
2024-05-27 00:00:00+00:00,1716768000000,2024-05-27T00:00:00+00:00,0.0001,163.50975682
2024-05-27 08:00:00+00:00,1716796800000,2024-05-27T08:00:00+00:00,0.0001,165.613
2024-05-27 16:00:00+00:00,1716825600000,2024-05-27T16:00:00+00:00,0.0001,171.113
2024-05-28 00:00:00+00:00,1716854400000,2024-05-28T00:00:00+00:00,0.0001,170.249
2024-05-28 08:00:00+00:00,1716883200000,2024-05-28T08:00:00+00:00,0.0001,166.20242341
2024-05-28 16:00:00+00:00,1716912000000,2024-05-28T16:00:00+00:00,0.00014129,168.32490203
2024-05-29 00:00:00.001000+00:00,1716940800001,2024-05-29T00:00:00.001000+00:00,0.00018529,168.79745455
2024-05-29 08:00:00+00:00,1716969600000,2024-05-29T08:00:00+00:00,0.00013729,170.918
2024-05-29 16:00:00+00:00,1716998400000,2024-05-29T16:00:00+00:00,0.0001,168.652
2024-05-30 00:00:00+00:00,1717027200000,2024-05-30T00:00:00+00:00,0.0001,168.425
2024-05-30 08:00:00+00:00,1717056000000,2024-05-30T08:00:00+00:00,0.0001,165.093
2024-05-30 16:00:00+00:00,1717084800000,2024-05-30T16:00:00+00:00,0.0001,168.53197518
2024-05-31 00:00:00+00:00,1717113600000,2024-05-31T00:00:00+00:00,0.0001,166.98188639
2024-05-31 08:00:00+00:00,1717142400000,2024-05-31T08:00:00+00:00,0.0001,166.73994677
2024-05-31 16:00:00+00:00,1717171200000,2024-05-31T16:00:00+00:00,0.0001,164.919
2024-06-01 00:00:00+00:00,1717200000000,2024-06-01T00:00:00+00:00,0.00016081,165.74340237
2024-06-01 08:00:00+00:00,1717228800000,2024-06-01T08:00:00+00:00,0.00011764,166.94483777
2024-06-01 16:00:00.001000+00:00,1717257600001,2024-06-01T16:00:00.001000+00:00,0.00010981,167.37061007
2024-06-02 00:00:00+00:00,1717286400000,2024-06-02T00:00:00+00:00,0.00016684,166.27969042
2024-06-02 08:00:00+00:00,1717315200000,2024-06-02T08:00:00+00:00,0.0001,165.101
2024-06-02 16:00:00+00:00,1717344000000,2024-06-02T16:00:00+00:00,0.0001,165.26383465
2024-06-03 00:00:00+00:00,1717372800000,2024-06-03T00:00:00+00:00,0.00012157,163.24919022
2024-06-03 08:00:00+00:00,1717401600000,2024-06-03T08:00:00+00:00,0.00010832,165.433
2024-06-03 16:00:00+00:00,1717430400000,2024-06-03T16:00:00+00:00,0.00011323,164.91884663
2024-06-04 00:00:00+00:00,1717459200000,2024-06-04T00:00:00+00:00,0.00015497,164.995
2024-06-04 08:00:00+00:00,1717488000000,2024-06-04T08:00:00+00:00,0.00013282,165.35211176
2024-06-04 16:00:00+00:00,1717516800000,2024-06-04T16:00:00+00:00,0.00016338,168.01248845
2024-06-05 00:00:00+00:00,1717545600000,2024-06-05T00:00:00+00:00,0.00021045,171.8871288
2024-06-05 08:00:00+00:00,1717574400000,2024-06-05T08:00:00+00:00,0.00023899,173.52439268
2024-06-05 16:00:00+00:00,1717603200000,2024-06-05T16:00:00+00:00,0.00021842,174.899
2024-06-06 00:00:00+00:00,1717632000000,2024-06-06T00:00:00+00:00,0.00016193,173.6462033
2024-06-06 08:00:00.008000+00:00,1717660800008,2024-06-06T08:00:00.008000+00:00,0.00020255,172.729
2024-06-06 16:00:00+00:00,1717689600000,2024-06-06T16:00:00+00:00,0.00020758,173.08969027
2024-06-07 00:00:00+00:00,1717718400000,2024-06-07T00:00:00+00:00,0.0001,170.27099164
2024-06-07 08:00:00+00:00,1717747200000,2024-06-07T08:00:00+00:00,0.00016418,172.121
2024-06-07 16:00:00+00:00,1717776000000,2024-06-07T16:00:00+00:00,0.0001698,170.219
2024-06-08 00:00:00+00:00,1717804800000,2024-06-08T00:00:00+00:00,0.0001,162.51811457
2024-06-08 08:00:00+00:00,1717833600000,2024-06-08T08:00:00+00:00,0.0001,163.59657954
2024-06-08 16:00:00+00:00,1717862400000,2024-06-08T16:00:00+00:00,0.0001,160.13244394
2024-06-09 00:00:00+00:00,1717891200000,2024-06-09T00:00:00+00:00,0.0001,157.8325187
2024-06-09 08:00:00+00:00,1717920000000,2024-06-09T08:00:00+00:00,0.0001,159.01010319
2024-06-09 16:00:00.001000+00:00,1717948800001,2024-06-09T16:00:00.001000+00:00,0.0001,161.60718748
2024-06-10 00:00:00+00:00,1717977600000,2024-06-10T00:00:00+00:00,0.0001,162.12160957
2024-06-10 08:00:00+00:00,1718006400000,2024-06-10T08:00:00+00:00,0.0001,157.65926512
2024-06-10 16:00:00.001000+00:00,1718035200001,2024-06-10T16:00:00.001000+00:00,0.0001,162.359
2024-06-11 00:00:00.001000+00:00,1718064000001,2024-06-11T00:00:00.001000+00:00,0.0001,159.08602475
2024-06-11 08:00:00+00:00,1718092800000,2024-06-11T08:00:00+00:00,0.0001,153.39150116
2024-06-11 16:00:00+00:00,1718121600000,2024-06-11T16:00:00+00:00,0.0001,147.61607412
2024-06-12 00:00:00+00:00,1718150400000,2024-06-12T00:00:00+00:00,0.0001,149.24517645
2024-06-12 08:00:00+00:00,1718179200000,2024-06-12T08:00:00+00:00,0.0001,151.765
2024-06-12 16:00:00+00:00,1718208000000,2024-06-12T16:00:00+00:00,0.0001,158.81
2024-06-13 00:00:00+00:00,1718236800000,2024-06-13T00:00:00+00:00,0.0001,155.18113793
2024-06-13 08:00:00.001000+00:00,1718265600001,2024-06-13T08:00:00.001000+00:00,0.0001,152.071
2024-06-13 16:00:00+00:00,1718294400000,2024-06-13T16:00:00+00:00,0.0001,146.83065193
2024-06-14 00:00:00+00:00,1718323200000,2024-06-14T00:00:00+00:00,0.0001,147.21583775
2024-06-14 08:00:00+00:00,1718352000000,2024-06-14T08:00:00+00:00,8.277e-05,147.52632094
2024-06-14 16:00:00+00:00,1718380800000,2024-06-14T16:00:00+00:00,9.897e-05,143.74164219
2024-06-15 00:00:00+00:00,1718409600000,2024-06-15T00:00:00+00:00,0.0001,142.98790926
2024-06-15 08:00:00+00:00,1718438400000,2024-06-15T08:00:00+00:00,0.0001,143.76
2024-06-15 16:00:00+00:00,1718467200000,2024-06-15T16:00:00+00:00,0.0001,145.098
2024-06-16 00:00:00.001000+00:00,1718496000001,2024-06-16T00:00:00.001000+00:00,0.0001,145.45
2024-06-16 08:00:00+00:00,1718524800000,2024-06-16T08:00:00+00:00,0.0001,144.43485774
2024-06-16 16:00:00+00:00,1718553600000,2024-06-16T16:00:00+00:00,3.192e-05,148.43629168
2024-06-17 00:00:00+00:00,1718582400000,2024-06-17T00:00:00+00:00,0.0001,151.24554704
2024-06-17 08:00:00+00:00,1718611200000,2024-06-17T08:00:00+00:00,0.0001,146.56102734
2024-06-17 16:00:00+00:00,1718640000000,2024-06-17T16:00:00+00:00,7.161e-05,141.178
2024-06-18 00:00:00+00:00,1718668800000,2024-06-18T00:00:00+00:00,7.592e-05,143.197
2024-06-18 08:00:00+00:00,1718697600000,2024-06-18T08:00:00+00:00,-8.849e-05,136.63983046
2024-06-18 16:00:00+00:00,1718726400000,2024-06-18T16:00:00+00:00,0.0001,135.98969153
2024-06-19 00:00:00.001000+00:00,1718755200001,2024-06-19T00:00:00.001000+00:00,0.0001,137.359
2024-06-19 08:00:00.001000+00:00,1718784000001,2024-06-19T08:00:00.001000+00:00,4.103e-05,139.92208663
2024-06-19 16:00:00+00:00,1718812800000,2024-06-19T16:00:00+00:00,6.996e-05,136.885
2024-06-20 00:00:00+00:00,1718841600000,2024-06-20T00:00:00+00:00,7.341e-05,135.557
2024-06-20 08:00:00+00:00,1718870400000,2024-06-20T08:00:00+00:00,1.175e-05,137.1
2024-06-20 16:00:00+00:00,1718899200000,2024-06-20T16:00:00+00:00,-2.605e-05,133.196
2024-06-21 00:00:00+00:00,1718928000000,2024-06-21T00:00:00+00:00,8.76e-06,133.50587862
2024-06-21 08:00:00+00:00,1718956800000,2024-06-21T08:00:00+00:00,4.454e-05,131.381
2024-06-21 16:00:00+00:00,1718985600000,2024-06-21T16:00:00+00:00,4.111e-05,131.33347481
2024-06-22 00:00:00+00:00,1719014400000,2024-06-22T00:00:00+00:00,7.06e-05,134.544
2024-06-22 08:00:00+00:00,1719043200000,2024-06-22T08:00:00+00:00,-2.362e-05,134.80744822
2024-06-22 16:00:00+00:00,1719072000000,2024-06-22T16:00:00+00:00,0.0001,134.20105191
2024-06-23 00:00:00+00:00,1719100800000,2024-06-23T00:00:00+00:00,7.846e-05,133.627
2024-06-23 08:00:00+00:00,1719129600000,2024-06-23T08:00:00+00:00,3.933e-05,134.68043277
2024-06-23 16:00:00+00:00,1719158400000,2024-06-23T16:00:00+00:00,4.131e-05,131.535
2024-06-24 00:00:00.002000+00:00,1719187200002,2024-06-24T00:00:00.002000+00:00,0.0001,128.66
2024-06-24 08:00:00+00:00,1719216000000,2024-06-24T08:00:00+00:00,3.318e-05,125.121
2024-06-24 16:00:00+00:00,1719244800000,2024-06-24T16:00:00+00:00,2.872e-05,126.27530225
2024-06-25 00:00:00+00:00,1719273600000,2024-06-25T00:00:00+00:00,1.182e-05,132.237
2024-06-25 08:00:00+00:00,1719302400000,2024-06-25T08:00:00+00:00,-3.228e-05,134.773
2024-06-25 16:00:00+00:00,1719331200000,2024-06-25T16:00:00+00:00,8.255e-05,139.372
2024-06-26 00:00:00.002000+00:00,1719360000002,2024-06-26T00:00:00.002000+00:00,0.0001,136.538
2024-06-26 08:00:00+00:00,1719388800000,2024-06-26T08:00:00+00:00,0.0001,137.91908321
2024-06-26 16:00:00+00:00,1719417600000,2024-06-26T16:00:00+00:00,0.0001,136.8403753
2024-06-27 00:00:00+00:00,1719446400000,2024-06-27T00:00:00+00:00,0.0001,136.807
2024-06-27 08:00:00.001000+00:00,1719475200001,2024-06-27T08:00:00.001000+00:00,0.0001,135.90252208
2024-06-27 16:00:00+00:00,1719504000000,2024-06-27T16:00:00+00:00,0.0001,147.697
2024-06-28 00:00:00+00:00,1719532800000,2024-06-28T00:00:00+00:00,0.0001,149.67091819
2024-06-28 08:00:00+00:00,1719561600000,2024-06-28T08:00:00+00:00,8.707e-05,145.309
2024-06-28 16:00:00+00:00,1719590400000,2024-06-28T16:00:00+00:00,9.286e-05,143.20280883
2024-06-29 00:00:00.001000+00:00,1719619200001,2024-06-29T00:00:00.001000+00:00,0.0001,139.98984023
2024-06-29 08:00:00+00:00,1719648000000,2024-06-29T08:00:00+00:00,0.0001,141.932
2024-06-29 16:00:00+00:00,1719676800000,2024-06-29T16:00:00+00:00,0.0001,142.63817401
2024-06-30 00:00:00+00:00,1719705600000,2024-06-30T00:00:00+00:00,0.0001,140.22
2024-06-30 08:00:00+00:00,1719734400000,2024-06-30T08:00:00+00:00,0.0001,140.58
2024-06-30 16:00:00+00:00,1719763200000,2024-06-30T16:00:00+00:00,0.0001,143.735
2024-07-01 00:00:00+00:00,1719792000000,2024-07-01T00:00:00+00:00,8.734e-05,146.582
2024-07-01 08:00:00+00:00,1719820800000,2024-07-01T08:00:00+00:00,5.816e-05,148.249
2024-07-01 16:00:00.001000+00:00,1719849600001,2024-07-01T16:00:00.001000+00:00,0.0001,148.468
2024-07-02 00:00:00+00:00,1719878400000,2024-07-02T00:00:00+00:00,0.0001,146.63447863
2024-07-02 08:00:00+00:00,1719907200000,2024-07-02T08:00:00+00:00,7.576e-05,147.39414119
2024-07-02 16:00:00+00:00,1719936000000,2024-07-02T16:00:00+00:00,2.759e-05,148.342
2024-07-03 00:00:00+00:00,1719964800000,2024-07-03T00:00:00+00:00,0.0001,153.968
2024-07-03 08:00:00.001000+00:00,1719993600001,2024-07-03T08:00:00.001000+00:00,0.0001,146.40951041
2024-07-03 16:00:00+00:00,1720022400000,2024-07-03T16:00:00+00:00,0.0001,141.64449821
2024-07-04 00:00:00+00:00,1720051200000,2024-07-04T00:00:00+00:00,0.0001,140.745
2024-07-04 08:00:00+00:00,1720080000000,2024-07-04T08:00:00+00:00,8.877e-05,134.36
2024-07-04 16:00:00+00:00,1720108800000,2024-07-04T16:00:00+00:00,4.97e-05,135.296
2024-07-05 00:00:00+00:00,1720137600000,2024-07-05T00:00:00+00:00,-9.47e-06,127.794
2024-07-05 08:00:00+00:00,1720166400000,2024-07-05T08:00:00+00:00,5.21e-05,126.679
2024-07-05 16:00:00+00:00,1720195200000,2024-07-05T16:00:00+00:00,-0.0001139,134.82211595
2024-07-06 00:00:00+00:00,1720224000000,2024-07-06T00:00:00+00:00,7.35e-05,134.23
2024-07-06 08:00:00+00:00,1720252800000,2024-07-06T08:00:00+00:00,4.265e-05,136.85111886
2024-07-06 16:00:00+00:00,1720281600000,2024-07-06T16:00:00+00:00,-0.00012992,141.76978216
2024-07-07 00:00:00.001000+00:00,1720310400001,2024-07-07T00:00:00.001000+00:00,3.52e-06,142.996
2024-07-07 08:00:00+00:00,1720339200000,2024-07-07T08:00:00+00:00,0.0001,139.074
2024-07-07 16:00:00+00:00,1720368000000,2024-07-07T16:00:00+00:00,0.0001,137.031
2024-07-08 00:00:00+00:00,1720396800000,2024-07-08T00:00:00+00:00,0.0001,131.599
2024-07-08 08:00:00+00:00,1720425600000,2024-07-08T08:00:00+00:00,-5.629e-05,132.525
2024-07-08 16:00:00+00:00,1720454400000,2024-07-08T16:00:00+00:00,0.0001,137.38919096
2024-07-09 00:00:00+00:00,1720483200000,2024-07-09T00:00:00+00:00,0.0001,139.77501355
2024-07-09 08:00:00.001000+00:00,1720512000001,2024-07-09T08:00:00.001000+00:00,5.602e-05,142.063
2024-07-09 16:00:00+00:00,1720540800000,2024-07-09T16:00:00+00:00,4.22e-05,140.48573585
2024-07-10 00:00:00+00:00,1720569600000,2024-07-10T00:00:00+00:00,8.78e-05,141.391
2024-07-10 08:00:00+00:00,1720598400000,2024-07-10T08:00:00+00:00,8.961e-05,144.107
2024-07-10 16:00:00+00:00,1720627200000,2024-07-10T16:00:00+00:00,7.406e-05,141.09562629
2024-07-11 00:00:00.002000+00:00,1720656000002,2024-07-11T00:00:00.002000+00:00,0.0001,141.93042702
2024-07-11 08:00:00.002000+00:00,1720684800002,2024-07-11T08:00:00.002000+00:00,2.205e-05,142.014
2024-07-11 16:00:00.004000+00:00,1720713600004,2024-07-11T16:00:00.004000+00:00,-1.433e-05,138.39122213
2024-07-12 00:00:00+00:00,1720742400000,2024-07-12T00:00:00+00:00,0.0001,135.702
2024-07-12 08:00:00+00:00,1720771200000,2024-07-12T08:00:00+00:00,4.566e-05,135.35655146
2024-07-12 16:00:00+00:00,1720800000000,2024-07-12T16:00:00+00:00,-1.079e-05,138.75858453
2024-07-13 00:00:00+00:00,1720828800000,2024-07-13T00:00:00+00:00,1.668e-05,139.379
2024-07-13 08:00:00+00:00,1720857600000,2024-07-13T08:00:00+00:00,8.326e-05,139.32506123
2024-07-13 16:00:00+00:00,1720886400000,2024-07-13T16:00:00+00:00,4.063e-05,140.311
2024-07-14 00:00:00+00:00,1720915200000,2024-07-14T00:00:00+00:00,8.116e-05,141.82657535
2024-07-14 08:00:00+00:00,1720944000000,2024-07-14T08:00:00+00:00,4.07e-05,144.685
2024-07-14 16:00:00+00:00,1720972800000,2024-07-14T16:00:00+00:00,2.006e-05,145.816
2024-07-15 00:00:00+00:00,1721001600000,2024-07-15T00:00:00+00:00,-1.038e-05,147.596
2024-07-15 08:00:00+00:00,1721030400000,2024-07-15T08:00:00+00:00,2.402e-05,153.168
2024-07-15 16:00:00+00:00,1721059200000,2024-07-15T16:00:00+00:00,3.81e-05,152.8652773
2024-07-16 00:00:00+00:00,1721088000000,2024-07-16T00:00:00+00:00,-3.759e-05,159.3
2024-07-16 08:00:00+00:00,1721116800000,2024-07-16T08:00:00+00:00,0.0001,154.46676815
2024-07-16 16:00:00+00:00,1721145600000,2024-07-16T16:00:00+00:00,7.774e-05,160.905
2024-07-17 00:00:00+00:00,1721174400000,2024-07-17T00:00:00+00:00,0.0001,160.58328979
2024-07-17 08:00:00.001000+00:00,1721203200001,2024-07-17T08:00:00.001000+00:00,5.083e-05,160.508
2024-07-17 16:00:00+00:00,1721232000000,2024-07-17T16:00:00+00:00,0.0001,158.04717751
2024-07-18 00:00:00+00:00,1721260800000,2024-07-18T00:00:00+00:00,6.464e-05,155.46240657
2024-07-18 08:00:00+00:00,1721289600000,2024-07-18T08:00:00+00:00,8.411e-05,158.608
2024-07-18 16:00:00+00:00,1721318400000,2024-07-18T16:00:00+00:00,0.0001,156.2998823
2024-07-19 00:00:00+00:00,1721347200000,2024-07-19T00:00:00+00:00,7.366e-05,159.15035041
2024-07-19 08:00:00+00:00,1721376000000,2024-07-19T08:00:00+00:00,0.0001,161.376
2024-07-19 16:00:00+00:00,1721404800000,2024-07-19T16:00:00+00:00,5.128e-05,168.76
2024-07-20 00:00:00.001000+00:00,1721433600001,2024-07-20T00:00:00.001000+00:00,0.0001,169.07501731
2024-07-20 08:00:00+00:00,1721462400000,2024-07-20T08:00:00+00:00,2.379e-05,168.48538309
2024-07-20 16:00:00+00:00,1721491200000,2024-07-20T16:00:00+00:00,3.05e-06,169.18899855
2024-07-21 00:00:00+00:00,1721520000000,2024-07-21T00:00:00+00:00,0.0001,173.532
2024-07-21 08:00:00+00:00,1721548800000,2024-07-21T08:00:00+00:00,0.0001,171.26
2024-07-21 16:00:00+00:00,1721577600000,2024-07-21T16:00:00+00:00,5.463e-05,175.366
2024-07-22 00:00:00+00:00,1721606400000,2024-07-22T00:00:00+00:00,0.0001,184.472
2024-07-22 08:00:00+00:00,1721635200000,2024-07-22T08:00:00+00:00,0.0001,178.29108269
2024-07-22 16:00:00+00:00,1721664000000,2024-07-22T16:00:00+00:00,7.105e-05,179.791
2024-07-23 00:00:00+00:00,1721692800000,2024-07-23T00:00:00+00:00,0.0001,178.823
2024-07-23 08:00:00+00:00,1721721600000,2024-07-23T08:00:00+00:00,0.0001,175.958
2024-07-23 16:00:00+00:00,1721750400000,2024-07-23T16:00:00+00:00,0.0001,176.4557896
2024-07-24 00:00:00+00:00,1721779200000,2024-07-24T00:00:00+00:00,4.584e-05,172.93333468
2024-07-24 08:00:00+00:00,1721808000000,2024-07-24T08:00:00+00:00,0.0001,174.16267443
2024-07-24 16:00:00+00:00,1721836800000,2024-07-24T16:00:00+00:00,7.12e-05,177.73478119
2024-07-25 00:00:00+00:00,1721865600000,2024-07-25T00:00:00+00:00,8.091e-05,177.983
2024-07-25 08:00:00+00:00,1721894400000,2024-07-25T08:00:00+00:00,9.813e-05,169.35014446
2024-07-25 16:00:00+00:00,1721923200000,2024-07-25T16:00:00+00:00,7.841e-05,170.376
2024-07-26 00:00:00+00:00,1721952000000,2024-07-26T00:00:00+00:00,7.483e-05,171.76
2024-07-26 08:00:00+00:00,1721980800000,2024-07-26T08:00:00+00:00,3.235e-05,176.696
2024-07-26 16:00:00+00:00,1722009600000,2024-07-26T16:00:00+00:00,6.143e-05,181.45303333
2024-07-27 00:00:00+00:00,1722038400000,2024-07-27T00:00:00+00:00,4.76e-05,182.991
2024-07-27 08:00:00+00:00,1722067200000,2024-07-27T08:00:00+00:00,3.411e-05,185.78404636
2024-07-27 16:00:00+00:00,1722096000000,2024-07-27T16:00:00+00:00,8.705e-05,182.43173275
2024-07-28 00:00:00+00:00,1722124800000,2024-07-28T00:00:00+00:00,0.0001,183.896
2024-07-28 08:00:00+00:00,1722153600000,2024-07-28T08:00:00+00:00,0.0001,183.78099704
2024-07-28 16:00:00.001000+00:00,1722182400001,2024-07-28T16:00:00.001000+00:00,8.932e-05,184.083
2024-07-29 00:00:00.001000+00:00,1722211200001,2024-07-29T00:00:00.001000+00:00,3.694e-05,184.81360502
2024-07-29 08:00:00+00:00,1722240000000,2024-07-29T08:00:00+00:00,0.0001,192.302
2024-07-29 16:00:00.001000+00:00,1722268800001,2024-07-29T16:00:00.001000+00:00,0.0001,186.84376039
2024-07-30 00:00:00+00:00,1722297600000,2024-07-30T00:00:00+00:00,7.783e-05,182.509
2024-07-30 08:00:00.001000+00:00,1722326400001,2024-07-30T08:00:00.001000+00:00,0.0001,182.299
2024-07-30 16:00:00+00:00,1722355200000,2024-07-30T16:00:00+00:00,0.0001,180.96120667
2024-07-31 00:00:00+00:00,1722384000000,2024-07-31T00:00:00+00:00,3.184e-05,179.072
2024-07-31 08:00:00+00:00,1722412800000,2024-07-31T08:00:00+00:00,7.743e-05,183.04619766
2024-07-31 16:00:00+00:00,1722441600000,2024-07-31T16:00:00+00:00,8.931e-05,180.018
2024-08-01 00:00:00+00:00,1722470400000,2024-08-01T00:00:00+00:00,9.291e-05,171.65888412
2024-08-01 08:00:00+00:00,1722499200000,2024-08-01T08:00:00+00:00,0.0001,168.17899046
2024-08-01 16:00:00+00:00,1722528000000,2024-08-01T16:00:00+00:00,0.0001,162.57237971
2024-08-02 00:00:00+00:00,1722556800000,2024-08-02T00:00:00+00:00,3.639e-05,167.29443817
2024-08-02 08:00:00.001000+00:00,1722585600001,2024-08-02T08:00:00.001000+00:00,0.0001,161.36050876
2024-08-02 16:00:00+00:00,1722614400000,2024-08-02T16:00:00+00:00,0.0001,156.67294435
2024-08-03 00:00:00+00:00,1722643200000,2024-08-03T00:00:00+00:00,9.802e-05,152.71688301
2024-08-03 08:00:00+00:00,1722672000000,2024-08-03T08:00:00+00:00,0.0001,151.58391932
2024-08-03 16:00:00.001000+00:00,1722700800001,2024-08-03T16:00:00.001000+00:00,8.073e-05,146.14615092
2024-08-04 00:00:00+00:00,1722729600000,2024-08-04T00:00:00+00:00,-1.748e-05,142.464
2024-08-04 08:00:00+00:00,1722758400000,2024-08-04T08:00:00+00:00,8.871e-05,140.829
2024-08-04 16:00:00+00:00,1722787200000,2024-08-04T16:00:00+00:00,4.224e-05,135.14187778
2024-08-05 00:00:00+00:00,1722816000000,2024-08-05T00:00:00+00:00,6.211e-05,138.27594987
2024-08-05 08:00:00+00:00,1722844800000,2024-08-05T08:00:00+00:00,-7.57e-06,122.87795028
2024-08-05 16:00:00+00:00,1722873600000,2024-08-05T16:00:00+00:00,4.63e-06,130.417
2024-08-06 00:00:00+00:00,1722902400000,2024-08-06T00:00:00+00:00,8.019e-05,129.74228548
2024-08-06 08:00:00+00:00,1722931200000,2024-08-06T08:00:00+00:00,-5.258e-05,141.93769668
2024-08-06 16:00:00+00:00,1722960000000,2024-08-06T16:00:00+00:00,-3.23e-06,145.816
2024-08-07 00:00:00+00:00,1722988800000,2024-08-07T00:00:00+00:00,2.337e-05,144.37291359
2024-08-07 08:00:00.001000+00:00,1723017600001,2024-08-07T08:00:00.001000+00:00,-8.086e-05,152.384
2024-08-07 16:00:00+00:00,1723046400000,2024-08-07T16:00:00+00:00,1.745e-05,148.38586089
2024-08-08 00:00:00.001000+00:00,1723075200001,2024-08-08T00:00:00.001000+00:00,7.141e-05,144.738
2024-08-08 08:00:00+00:00,1723104000000,2024-08-08T08:00:00+00:00,2.523e-05,153.615
2024-08-08 16:00:00+00:00,1723132800000,2024-08-08T16:00:00+00:00,-2.941e-05,160.423
2024-08-09 00:00:00+00:00,1723161600000,2024-08-09T00:00:00+00:00,3.148e-05,163.09681049
2024-08-09 08:00:00+00:00,1723190400000,2024-08-09T08:00:00+00:00,1.575e-05,157.861
2024-08-09 16:00:00+00:00,1723219200000,2024-08-09T16:00:00+00:00,2.642e-05,151.12976098
2024-08-10 00:00:00+00:00,1723248000000,2024-08-10T00:00:00+00:00,-6.621e-05,156.182
2024-08-10 08:00:00+00:00,1723276800000,2024-08-10T08:00:00+00:00,4.285e-05,155.35808455
2024-08-10 16:00:00+00:00,1723305600000,2024-08-10T16:00:00+00:00,5.146e-05,153.91199371
2024-08-11 00:00:00+00:00,1723334400000,2024-08-11T00:00:00+00:00,-3.889e-05,153.932
2024-08-11 08:00:00+00:00,1723363200000,2024-08-11T08:00:00+00:00,-1.62e-05,156.60865449
2024-08-11 16:00:00.001000+00:00,1723392000001,2024-08-11T16:00:00.001000+00:00,2.894e-05,148.687
2024-08-12 00:00:00+00:00,1723420800000,2024-08-12T00:00:00+00:00,9.903e-05,141.497
2024-08-12 08:00:00+00:00,1723449600000,2024-08-12T08:00:00+00:00,6.88e-06,145.834
2024-08-12 16:00:00+00:00,1723478400000,2024-08-12T16:00:00+00:00,-9.32e-06,147.49572155
2024-08-13 00:00:00+00:00,1723507200000,2024-08-13T00:00:00+00:00,-6.2e-06,146.241
2024-08-13 08:00:00+00:00,1723536000000,2024-08-13T08:00:00+00:00,5.492e-05,145.948
2024-08-13 16:00:00+00:00,1723564800000,2024-08-13T16:00:00+00:00,8.364e-05,146.02814345
2024-08-14 00:00:00+00:00,1723593600000,2024-08-14T00:00:00+00:00,-1e-07,146.58689376
2024-08-14 08:00:00+00:00,1723622400000,2024-08-14T08:00:00+00:00,2.644e-05,145.654
2024-08-14 16:00:00+00:00,1723651200000,2024-08-14T16:00:00+00:00,8.21e-06,146.591
2024-08-15 00:00:00+00:00,1723680000000,2024-08-15T00:00:00+00:00,5.88e-06,143.644
2024-08-15 08:00:00+00:00,1723708800000,2024-08-15T08:00:00+00:00,4.403e-05,142.433
2024-08-15 16:00:00+00:00,1723737600000,2024-08-15T16:00:00+00:00,-2.764e-05,145.891
2024-08-16 00:00:00+00:00,1723766400000,2024-08-16T00:00:00+00:00,-6.592e-05,142.539
2024-08-16 08:00:00+00:00,1723795200000,2024-08-16T08:00:00+00:00,2.572e-05,144.465
2024-08-16 16:00:00+00:00,1723824000000,2024-08-16T16:00:00+00:00,-3.407e-05,137.87384297
2024-08-17 00:00:00+00:00,1723852800000,2024-08-17T00:00:00+00:00,2.001e-05,138.986
2024-08-17 08:00:00+00:00,1723881600000,2024-08-17T08:00:00+00:00,-1.28e-05,139.38311827
2024-08-17 16:00:00+00:00,1723910400000,2024-08-17T16:00:00+00:00,-7.03e-06,140.129
2024-08-18 00:00:00+00:00,1723939200000,2024-08-18T00:00:00+00:00,4.55e-06,141.8447208
2024-08-18 08:00:00+00:00,1723968000000,2024-08-18T08:00:00+00:00,-2.019e-05,141.47503113
2024-08-18 16:00:00+00:00,1723996800000,2024-08-18T16:00:00+00:00,-0.00010289,145.728
2024-08-19 00:00:00+00:00,1724025600000,2024-08-19T00:00:00+00:00,1.862e-05,142.365
2024-08-19 08:00:00+00:00,1724054400000,2024-08-19T08:00:00+00:00,-9.28e-06,142.21383884
2024-08-19 16:00:00.002000+00:00,1724083200002,2024-08-19T16:00:00.002000+00:00,5.854e-05,143.80731665
2024-08-20 00:00:00+00:00,1724112000000,2024-08-20T00:00:00+00:00,3.839e-05,144.21811958
2024-08-20 08:00:00+00:00,1724140800000,2024-08-20T08:00:00+00:00,-2.96e-05,147.397
2024-08-20 16:00:00.001000+00:00,1724169600001,2024-08-20T16:00:00.001000+00:00,-3.807e-05,142.08166528
2024-08-21 00:00:00.001000+00:00,1724198400001,2024-08-21T00:00:00.001000+00:00,2.703e-05,142.21
2024-08-21 08:00:00+00:00,1724227200000,2024-08-21T08:00:00+00:00,8.62e-06,143.13
2024-08-21 16:00:00.001000+00:00,1724256000001,2024-08-21T16:00:00.001000+00:00,-1.553e-05,140.281
2024-08-22 00:00:00+00:00,1724284800000,2024-08-22T00:00:00+00:00,6.11e-06,142.72967381
2024-08-22 08:00:00+00:00,1724313600000,2024-08-22T08:00:00+00:00,6.844e-05,143.25870105
2024-08-22 16:00:00.008000+00:00,1724342400008,2024-08-22T16:00:00.008000+00:00,2.936e-05,142.57579256
2024-08-23 00:00:00+00:00,1724371200000,2024-08-23T00:00:00+00:00,4.556e-05,143.159
2024-08-23 08:00:00+00:00,1724400000000,2024-08-23T08:00:00+00:00,4.05e-05,145.099
2024-08-23 16:00:00+00:00,1724428800000,2024-08-23T16:00:00+00:00,-4.648e-05,144.34
2024-08-24 00:00:00+00:00,1724457600000,2024-08-24T00:00:00+00:00,7.101e-05,153.228
2024-08-24 08:00:00.005000+00:00,1724486400005,2024-08-24T08:00:00.005000+00:00,2.046e-05,154.54
2024-08-24 16:00:00+00:00,1724515200000,2024-08-24T16:00:00+00:00,6.232e-05,159.372
2024-08-25 00:00:00+00:00,1724544000000,2024-08-25T00:00:00+00:00,9.763e-05,160.57013837
2024-08-25 08:00:00+00:00,1724572800000,2024-08-25T08:00:00+00:00,0.0001,156.09485391
2024-08-25 16:00:00+00:00,1724601600000,2024-08-25T16:00:00+00:00,-1.338e-05,159.3
2024-08-26 00:00:00+00:00,1724630400000,2024-08-26T00:00:00+00:00,1.048e-05,158.88
2024-08-26 08:00:00.001000+00:00,1724659200001,2024-08-26T08:00:00.001000+00:00,0.0001,159.0513735
2024-08-26 16:00:00+00:00,1724688000000,2024-08-26T16:00:00+00:00,2.054e-05,157.532
2024-08-27 00:00:00.001000+00:00,1724716800001,2024-08-27T00:00:00.001000+00:00,0.0001,157.05291377
2024-08-27 08:00:00+00:00,1724745600000,2024-08-27T08:00:00+00:00,4.402e-05,157.682
2024-08-27 16:00:00+00:00,1724774400000,2024-08-27T16:00:00+00:00,5.909e-05,153.70434232
2024-08-28 00:00:00+00:00,1724803200000,2024-08-28T00:00:00+00:00,-1.779e-05,146.727
2024-08-28 08:00:00+00:00,1724832000000,2024-08-28T08:00:00+00:00,1.753e-05,143.912
2024-08-28 16:00:00.001000+00:00,1724860800001,2024-08-28T16:00:00.001000+00:00,2.718e-05,144.06792168
2024-08-29 00:00:00+00:00,1724889600000,2024-08-29T00:00:00+00:00,-1.723e-05,143.875
2024-08-29 08:00:00.001000+00:00,1724918400001,2024-08-29T08:00:00.001000+00:00,-8.639e-05,144.58952991
2024-08-29 16:00:00+00:00,1724947200000,2024-08-29T16:00:00+00:00,-9.711e-05,146.02427813
2024-08-30 00:00:00+00:00,1724976000000,2024-08-30T00:00:00+00:00,-3.891e-05,139.948
2024-08-30 08:00:00+00:00,1725004800000,2024-08-30T08:00:00+00:00,3.115e-05,138.93412925
2024-08-30 16:00:00+00:00,1725033600000,2024-08-30T16:00:00+00:00,-5.69e-05,133.257
2024-08-31 00:00:00+00:00,1725062400000,2024-08-31T00:00:00+00:00,-6.239e-05,137.916
2024-08-31 08:00:00+00:00,1725091200000,2024-08-31T08:00:00+00:00,4.9e-05,137.547
2024-08-31 16:00:00+00:00,1725120000000,2024-08-31T16:00:00+00:00,1.853e-05,136.57
2024-09-01 00:00:00+00:00,1725148800000,2024-09-01T00:00:00+00:00,-9.59e-06,135.27756038
2024-09-01 08:00:00.001000+00:00,1725177600001,2024-09-01T08:00:00.001000+00:00,-2.631e-05,132.743
2024-09-01 16:00:00+00:00,1725206400000,2024-09-01T16:00:00+00:00,-2.877e-05,134.19245547
2024-09-02 00:00:00.001000+00:00,1725235200001,2024-09-02T00:00:00.001000+00:00,-4.426e-05,128.46565098
2024-09-02 08:00:00.001000+00:00,1725264000001,2024-09-02T08:00:00.001000+00:00,5.21e-06,127.599
2024-09-02 16:00:00+00:00,1725292800000,2024-09-02T16:00:00+00:00,-5.556e-05,132.45481665
2024-09-03 00:00:00+00:00,1725321600000,2024-09-03T00:00:00+00:00,-8.288e-05,134.865
2024-09-03 08:00:00.001000+00:00,1725350400001,2024-09-03T08:00:00.001000+00:00,3.441e-05,134.5300159
2024-09-03 16:00:00+00:00,1725379200000,2024-09-03T16:00:00+00:00,5.362e-05,129.7678849
2024-09-04 00:00:00+00:00,1725408000000,2024-09-04T00:00:00+00:00,8.904e-05,127.51163404
2024-09-04 08:00:00+00:00,1725436800000,2024-09-04T08:00:00+00:00,-1.3e-05,130.22796696
2024-09-04 16:00:00+00:00,1725465600000,2024-09-04T16:00:00+00:00,3.561e-05,133.736411
2024-09-05 00:00:00+00:00,1725494400000,2024-09-05T00:00:00+00:00,6.659e-05,133.57767135
2024-09-05 08:00:00+00:00,1725523200000,2024-09-05T08:00:00+00:00,5.123e-05,133.043
2024-09-05 16:00:00.005000+00:00,1725552000005,2024-09-05T16:00:00.005000+00:00,1.522e-05,130.53271079
2024-09-06 00:00:00+00:00,1725580800000,2024-09-06T00:00:00+00:00,5.678e-05,129.3545323
2024-09-06 08:00:00.001000+00:00,1725609600001,2024-09-06T08:00:00.001000+00:00,4.047e-05,128.061
2024-09-06 16:00:00+00:00,1725638400000,2024-09-06T16:00:00+00:00,-1.324e-05,128.02876178
2024-09-07 00:00:00+00:00,1725667200000,2024-09-07T00:00:00+00:00,-2.225e-05,124.95978799
2024-09-07 08:00:00+00:00,1725696000000,2024-09-07T08:00:00+00:00,-2.317e-05,127.57761694
2024-09-07 16:00:00+00:00,1725724800000,2024-09-07T16:00:00+00:00,5.99e-06,128.769172
2024-09-08 00:00:00+00:00,1725753600000,2024-09-08T00:00:00+00:00,8.148e-05,127.656
2024-09-08 08:00:00+00:00,1725782400000,2024-09-08T08:00:00+00:00,6.264e-05,129.549
2024-09-08 16:00:00+00:00,1725811200000,2024-09-08T16:00:00+00:00,6.412e-05,126.711
2024-09-09 00:00:00+00:00,1725840000000,2024-09-09T00:00:00+00:00,3.966e-05,130.073
2024-09-09 08:00:00+00:00,1725868800000,2024-09-09T08:00:00+00:00,-5.564e-05,129.24458443
2024-09-09 16:00:00.001000+00:00,1725897600001,2024-09-09T16:00:00.001000+00:00,-4.794e-05,128.333
2024-09-10 00:00:00+00:00,1725926400000,2024-09-10T00:00:00+00:00,9.587e-05,135.02226581
2024-09-10 08:00:00+00:00,1725955200000,2024-09-10T08:00:00+00:00,-1.672e-05,134.889
2024-09-10 16:00:00+00:00,1725984000000,2024-09-10T16:00:00+00:00,2.349e-05,134.06019467
2024-09-11 00:00:00+00:00,1726012800000,2024-09-11T00:00:00+00:00,-6.617e-05,135.563
2024-09-11 08:00:00+00:00,1726041600000,2024-09-11T08:00:00+00:00,-1.813e-05,132.34209368
2024-09-11 16:00:00+00:00,1726070400000,2024-09-11T16:00:00+00:00,-2.041e-05,131.16079122
2024-09-12 00:00:00+00:00,1726099200000,2024-09-12T00:00:00+00:00,-2.81e-05,132.359
2024-09-12 08:00:00+00:00,1726128000000,2024-09-12T08:00:00+00:00,-8.6e-06,134.831
2024-09-12 16:00:00+00:00,1726156800000,2024-09-12T16:00:00+00:00,1.32e-05,133.499
2024-09-13 00:00:00+00:00,1726185600000,2024-09-13T00:00:00+00:00,2.638e-05,135.998
2024-09-13 08:00:00.001000+00:00,1726214400001,2024-09-13T08:00:00.001000+00:00,1.756e-05,134.526
2024-09-13 16:00:00.001000+00:00,1726243200001,2024-09-13T16:00:00.001000+00:00,1.798e-05,136.557
2024-09-14 00:00:00+00:00,1726272000000,2024-09-14T00:00:00+00:00,-1.2e-06,138.94989985
2024-09-14 08:00:00+00:00,1726300800000,2024-09-14T08:00:00+00:00,3.207e-05,137.43995527
2024-09-14 16:00:00.001000+00:00,1726329600001,2024-09-14T16:00:00.001000+00:00,5.55e-06,137.31595398
2024-09-15 00:00:00+00:00,1726358400000,2024-09-15T00:00:00+00:00,1.401e-05,137.068
2024-09-15 08:00:00+00:00,1726387200000,2024-09-15T08:00:00+00:00,1.07e-06,137.1
2024-09-15 16:00:00+00:00,1726416000000,2024-09-15T16:00:00+00:00,1.278e-05,135.6873893
2024-09-16 00:00:00+00:00,1726444800000,2024-09-16T00:00:00+00:00,1.892e-05,131.319
2024-09-16 08:00:00.001000+00:00,1726473600001,2024-09-16T08:00:00.001000+00:00,-5.218e-05,131.18105959
2024-09-16 16:00:00+00:00,1726502400000,2024-09-16T16:00:00+00:00,7.164e-05,131.41445866
2024-09-17 00:00:00.001000+00:00,1726531200001,2024-09-17T00:00:00.001000+00:00,0.0001,131.412
2024-09-17 08:00:00+00:00,1726560000000,2024-09-17T08:00:00+00:00,2.206e-05,132.191
2024-09-17 16:00:00+00:00,1726588800000,2024-09-17T16:00:00+00:00,2.153e-05,134.605
2024-09-18 00:00:00+00:00,1726617600000,2024-09-18T00:00:00+00:00,-1.61e-06,131.467
2024-09-18 08:00:00+00:00,1726646400000,2024-09-18T08:00:00+00:00,-3.792e-05,131.26387229
2024-09-18 16:00:00.004000+00:00,1726675200004,2024-09-18T16:00:00.004000+00:00,2.354e-05,127.62561823
2024-09-19 00:00:00+00:00,1726704000000,2024-09-19T00:00:00+00:00,6.423e-05,134.28317847
2024-09-19 08:00:00+00:00,1726732800000,2024-09-19T08:00:00+00:00,8.771e-05,138.509
2024-09-19 16:00:00.001000+00:00,1726761600001,2024-09-19T16:00:00.001000+00:00,1.474e-05,142.88252928
2024-09-20 00:00:00+00:00,1726790400000,2024-09-20T00:00:00+00:00,0.0001,142.82865086
2024-09-20 08:00:00.001000+00:00,1726819200001,2024-09-20T08:00:00.001000+00:00,0.0001,150.992
2024-09-20 16:00:00+00:00,1726848000000,2024-09-20T16:00:00+00:00,0.0001,147.79
2024-09-21 00:00:00.001000+00:00,1726876800001,2024-09-21T00:00:00.001000+00:00,0.0001,146.63966987
2024-09-21 08:00:00+00:00,1726905600000,2024-09-21T08:00:00+00:00,0.0001,147.37630857
2024-09-21 16:00:00+00:00,1726934400000,2024-09-21T16:00:00+00:00,4.074e-05,147.56794474
2024-09-22 00:00:00+00:00,1726963200000,2024-09-22T00:00:00+00:00,0.0001,149.372
2024-09-22 08:00:00+00:00,1726992000000,2024-09-22T08:00:00+00:00,7.587e-05,147.148
2024-09-22 16:00:00+00:00,1727020800000,2024-09-22T16:00:00+00:00,1.979e-05,143.10112223
2024-09-23 00:00:00+00:00,1727049600000,2024-09-23T00:00:00+00:00,-4.401e-05,144.588
2024-09-23 08:00:00+00:00,1727078400000,2024-09-23T08:00:00+00:00,5.545e-05,145.42892087
2024-09-23 16:00:00+00:00,1727107200000,2024-09-23T16:00:00+00:00,-2.612e-05,144.16758145
2024-09-24 00:00:00+00:00,1727136000000,2024-09-24T00:00:00+00:00,4.827e-05,144.701
2024-09-24 08:00:00+00:00,1727164800000,2024-09-24T08:00:00+00:00,6.92e-05,147.14130941
2024-09-24 16:00:00.001000+00:00,1727193600001,2024-09-24T16:00:00.001000+00:00,5.57e-06,145.45924805
2024-09-25 00:00:00+00:00,1727222400000,2024-09-25T00:00:00+00:00,0.0001,152.712
2024-09-25 08:00:00.003000+00:00,1727251200003,2024-09-25T08:00:00.003000+00:00,0.0001,149.731
2024-09-25 16:00:00+00:00,1727280000000,2024-09-25T16:00:00+00:00,5.783e-05,150.34732454
2024-09-26 00:00:00.005000+00:00,1727308800005,2024-09-26T00:00:00.005000+00:00,3.616e-05,147.89448661
2024-09-26 08:00:00+00:00,1727337600000,2024-09-26T08:00:00+00:00,6.697e-05,151.764
2024-09-26 16:00:00+00:00,1727366400000,2024-09-26T16:00:00+00:00,0.0001,157.084
2024-09-27 00:00:00+00:00,1727395200000,2024-09-27T00:00:00+00:00,0.0001,155.48
2024-09-27 08:00:00+00:00,1727424000000,2024-09-27T08:00:00+00:00,9.81e-06,157.4
2024-09-27 16:00:00+00:00,1727452800000,2024-09-27T16:00:00+00:00,0.0001,158.99930152
2024-09-28 00:00:00+00:00,1727481600000,2024-09-28T00:00:00+00:00,0.0001,157.591
2024-09-28 08:00:00.001000+00:00,1727510400001,2024-09-28T08:00:00.001000+00:00,9.8e-05,156.335
2024-09-28 16:00:00+00:00,1727539200000,2024-09-28T16:00:00+00:00,0.0001,156.808
2024-09-29 00:00:00.001000+00:00,1727568000001,2024-09-29T00:00:00.001000+00:00,9.314e-05,156.682
2024-09-29 08:00:00+00:00,1727596800000,2024-09-29T08:00:00+00:00,0.0001,155.431
2024-09-29 16:00:00+00:00,1727625600000,2024-09-29T16:00:00+00:00,0.0001,157.21275763
2024-09-30 00:00:00+00:00,1727654400000,2024-09-30T00:00:00+00:00,0.0001,158.39813308
2024-09-30 08:00:00.001000+00:00,1727683200001,2024-09-30T08:00:00.001000+00:00,0.0001,156.812
2024-09-30 16:00:00+00:00,1727712000000,2024-09-30T16:00:00+00:00,0.0001,154.1181293
2024-10-01 00:00:00+00:00,1727740800000,2024-10-01T00:00:00+00:00,0.0001,152.47015802
2024-10-01 08:00:00+00:00,1727769600000,2024-10-01T08:00:00+00:00,0.0001,156.757
2024-10-01 16:00:00.001000+00:00,1727798400001,2024-10-01T16:00:00.001000+00:00,0.0001,149.53174587
2024-10-02 00:00:00+00:00,1727827200000,2024-10-02T00:00:00+00:00,0.0001,145.16293337
2024-10-02 08:00:00+00:00,1727856000000,2024-10-02T08:00:00+00:00,1.306e-05,147.69022985
2024-10-02 16:00:00+00:00,1727884800000,2024-10-02T16:00:00+00:00,7.012e-05,147.44414768
2024-10-03 00:00:00+00:00,1727913600000,2024-10-03T00:00:00+00:00,1.07e-06,140.11
2024-10-03 08:00:00+00:00,1727942400000,2024-10-03T08:00:00+00:00,5.138e-05,139.85789803
2024-10-03 16:00:00+00:00,1727971200000,2024-10-03T16:00:00+00:00,-3.81e-06,135.50486859
2024-10-04 00:00:00+00:00,1728000000000,2024-10-04T00:00:00+00:00,3.715e-05,136.737706
2024-10-04 08:00:00+00:00,1728028800000,2024-10-04T08:00:00+00:00,-4.939e-05,139.47658405
2024-10-04 16:00:00.001000+00:00,1728057600001,2024-10-04T16:00:00.001000+00:00,5.24e-06,142.35959554
2024-10-05 00:00:00+00:00,1728086400000,2024-10-05T00:00:00+00:00,5.818e-05,143.158
2024-10-05 08:00:00+00:00,1728115200000,2024-10-05T08:00:00+00:00,9.502e-05,143.764
2024-10-05 16:00:00+00:00,1728144000000,2024-10-05T16:00:00+00:00,4.49e-06,142.83167707
2024-10-06 00:00:00+00:00,1728172800000,2024-10-06T00:00:00+00:00,0.0001,142.528
2024-10-06 08:00:00.001000+00:00,1728201600001,2024-10-06T08:00:00.001000+00:00,0.0001,142.9269216
2024-10-06 16:00:00+00:00,1728230400000,2024-10-06T16:00:00+00:00,3.507e-05,145.904
2024-10-07 00:00:00+00:00,1728259200000,2024-10-07T00:00:00+00:00,3.973e-05,146.42212244
2024-10-07 08:00:00+00:00,1728288000000,2024-10-07T08:00:00+00:00,7.543e-05,147.982
2024-10-07 16:00:00.001000+00:00,1728316800001,2024-10-07T16:00:00.001000+00:00,5.43e-06,148.64924795
2024-10-08 00:00:00+00:00,1728345600000,2024-10-08T00:00:00+00:00,3.9e-07,143.91764584
2024-10-08 08:00:00+00:00,1728374400000,2024-10-08T08:00:00+00:00,0.0001,143.02
2024-10-08 16:00:00+00:00,1728403200000,2024-10-08T16:00:00+00:00,-2.549e-05,142.728
2024-10-09 00:00:00+00:00,1728432000000,2024-10-09T00:00:00+00:00,8.84e-06,143.42973236
2024-10-09 08:00:00+00:00,1728460800000,2024-10-09T08:00:00+00:00,-3.713e-05,143.1071521
2024-10-09 16:00:00+00:00,1728489600000,2024-10-09T16:00:00+00:00,0.0001,142.72877635
2024-10-10 00:00:00+00:00,1728518400000,2024-10-10T00:00:00+00:00,0.0001,139.266
2024-10-10 08:00:00+00:00,1728547200000,2024-10-10T08:00:00+00:00,-3.657e-05,139.62
2024-10-10 16:00:00+00:00,1728576000000,2024-10-10T16:00:00+00:00,5.098e-05,138.599
2024-10-11 00:00:00+00:00,1728604800000,2024-10-11T00:00:00+00:00,5.45e-06,138.97948197
2024-10-11 08:00:00+00:00,1728633600000,2024-10-11T08:00:00+00:00,2.89e-06,141.12136254
2024-10-11 16:00:00.001000+00:00,1728662400001,2024-10-11T16:00:00.001000+00:00,-6.334e-05,144.33173498
2024-10-12 00:00:00+00:00,1728691200000,2024-10-12T00:00:00+00:00,-3.249e-05,145.469
2024-10-12 08:00:00.001000+00:00,1728720000001,2024-10-12T08:00:00.001000+00:00,6.95e-05,145.4874675
2024-10-12 16:00:00+00:00,1728748800000,2024-10-12T16:00:00+00:00,-4.766e-05,146.03041963
2024-10-13 00:00:00+00:00,1728777600000,2024-10-13T00:00:00+00:00,5.22e-06,146.318
2024-10-13 08:00:00+00:00,1728806400000,2024-10-13T08:00:00+00:00,5.938e-05,146.38290563
2024-10-13 16:00:00+00:00,1728835200000,2024-10-13T16:00:00+00:00,5.394e-05,145.27086988
2024-10-14 00:00:00+00:00,1728864000000,2024-10-14T00:00:00+00:00,1.631e-05,147.63255737
2024-10-14 08:00:00+00:00,1728892800000,2024-10-14T08:00:00+00:00,7.203e-05,152.94336157
2024-10-14 16:00:00+00:00,1728921600000,2024-10-14T16:00:00+00:00,7.332e-05,156.66202954
2024-10-15 00:00:00+00:00,1728950400000,2024-10-15T00:00:00+00:00,0.0001,157.53
2024-10-15 08:00:00+00:00,1728979200000,2024-10-15T08:00:00+00:00,0.0001,155.07
2024-10-15 16:00:00+00:00,1729008000000,2024-10-15T16:00:00+00:00,0.0001,153.23146048
2024-10-16 00:00:00+00:00,1729036800000,2024-10-16T00:00:00+00:00,6.943e-05,154.69698504
2024-10-16 08:00:00.001000+00:00,1729065600001,2024-10-16T08:00:00.001000+00:00,2.087e-05,153.5853807
2024-10-16 16:00:00+00:00,1729094400000,2024-10-16T16:00:00+00:00,9.905e-05,155.64
2024-10-17 00:00:00+00:00,1729123200000,2024-10-17T00:00:00+00:00,4.579e-05,154.19
2024-10-17 08:00:00+00:00,1729152000000,2024-10-17T08:00:00+00:00,9.905e-05,152.53321719
2024-10-17 16:00:00.001000+00:00,1729180800001,2024-10-17T16:00:00.001000+00:00,0.0001,152.82
2024-10-18 00:00:00.010000+00:00,1729209600010,2024-10-18T00:00:00.010000+00:00,7.589e-05,150.45
2024-10-18 08:00:00.001000+00:00,1729238400001,2024-10-18T08:00:00.001000+00:00,3.467e-05,153.84386774
2024-10-18 16:00:00+00:00,1729267200000,2024-10-18T16:00:00+00:00,9.885e-05,154.65
2024-10-19 00:00:00+00:00,1729296000000,2024-10-19T00:00:00+00:00,3.918e-05,154.86
2024-10-19 08:00:00+00:00,1729324800000,2024-10-19T08:00:00+00:00,5.265e-05,154.49
2024-10-19 16:00:00+00:00,1729353600000,2024-10-19T16:00:00+00:00,7.269e-05,156.44242324
2024-10-20 00:00:00+00:00,1729382400000,2024-10-20T00:00:00+00:00,0.0001,159.70637472
2024-10-20 08:00:00+00:00,1729411200000,2024-10-20T08:00:00+00:00,4.903e-05,158.71452553
2024-10-20 16:00:00+00:00,1729440000000,2024-10-20T16:00:00+00:00,7.01e-05,159.94
2024-10-21 00:00:00+00:00,1729468800000,2024-10-21T00:00:00+00:00,0.0001,167.39948646
2024-10-21 08:00:00+00:00,1729497600000,2024-10-21T08:00:00+00:00,0.0001,168.69803437
2024-10-21 16:00:00+00:00,1729526400000,2024-10-21T16:00:00+00:00,0.0001,165.35329266
2024-10-22 00:00:00+00:00,1729555200000,2024-10-22T00:00:00+00:00,0.0001,166.17735196
2024-10-22 08:00:00+00:00,1729584000000,2024-10-22T08:00:00+00:00,0.0001,167.09739629
2024-10-22 16:00:00+00:00,1729612800000,2024-10-22T16:00:00+00:00,0.0001,167.76859178
2024-10-23 00:00:00+00:00,1729641600000,2024-10-23T00:00:00+00:00,0.0001,167.56308353
2024-10-23 08:00:00+00:00,1729670400000,2024-10-23T08:00:00+00:00,0.0001,165.69
2024-10-23 16:00:00+00:00,1729699200000,2024-10-23T16:00:00+00:00,0.0001,168.0715563
2024-10-24 00:00:00+00:00,1729728000000,2024-10-24T00:00:00+00:00,0.0001,170.81
2024-10-24 08:00:00+00:00,1729756800000,2024-10-24T08:00:00+00:00,0.0001,173.52102122
2024-10-24 16:00:00+00:00,1729785600000,2024-10-24T16:00:00+00:00,0.0001,175.36273498
2024-10-25 00:00:00+00:00,1729814400000,2024-10-25T00:00:00+00:00,0.0001,177.1013816
2024-10-25 08:00:00+00:00,1729843200000,2024-10-25T08:00:00+00:00,0.0001,171.86
2024-10-25 16:00:00+00:00,1729872000000,2024-10-25T16:00:00+00:00,3.16e-05,172.37896655
2024-10-26 00:00:00+00:00,1729900800000,2024-10-26T00:00:00+00:00,5.848e-05,164.88812095
2024-10-26 08:00:00.001000+00:00,1729929600001,2024-10-26T08:00:00.001000+00:00,5.269e-05,167.25401673
2024-10-26 16:00:00+00:00,1729958400000,2024-10-26T16:00:00+00:00,0.0001,168.55
2024-10-27 00:00:00+00:00,1729987200000,2024-10-27T00:00:00+00:00,0.0001,170.82024015
2024-10-27 08:00:00+00:00,1730016000000,2024-10-27T08:00:00+00:00,4.801e-05,173.17978124
2024-10-27 16:00:00+00:00,1730044800000,2024-10-27T16:00:00+00:00,-1.684e-05,175.71
2024-10-28 00:00:00+00:00,1730073600000,2024-10-28T00:00:00+00:00,8.656e-05,176.75
2024-10-28 08:00:00.001000+00:00,1730102400001,2024-10-28T08:00:00.001000+00:00,0.0001,175.61316931
2024-10-28 16:00:00+00:00,1730131200000,2024-10-28T16:00:00+00:00,2.332e-05,173.36135549
2024-10-29 00:00:00+00:00,1730160000000,2024-10-29T00:00:00+00:00,0.0001,178.2
2024-10-29 08:00:00+00:00,1730188800000,2024-10-29T08:00:00+00:00,0.0001,180.10329966
2024-10-29 16:00:00.004000+00:00,1730217600004,2024-10-29T16:00:00.004000+00:00,0.0001,180.55
2024-10-30 00:00:00+00:00,1730246400000,2024-10-30T00:00:00+00:00,0.0001,179.4
2024-10-30 08:00:00+00:00,1730275200000,2024-10-30T08:00:00+00:00,0.0001,178.71
2024-10-30 16:00:00.013000+00:00,1730304000013,2024-10-30T16:00:00.013000+00:00,0.0001,173.93066873
2024-10-31 00:00:00+00:00,1730332800000,2024-10-31T00:00:00+00:00,0.0001,174.84632729
2024-10-31 08:00:00+00:00,1730361600000,2024-10-31T08:00:00+00:00,0.0001,174.49
2024-10-31 16:00:00+00:00,1730390400000,2024-10-31T16:00:00+00:00,0.0001,170.6
2024-11-01 00:00:00+00:00,1730419200000,2024-11-01T00:00:00+00:00,0.0001,168.6604561
2024-11-01 08:00:00+00:00,1730448000000,2024-11-01T08:00:00+00:00,0.0001,165.96920129
2024-11-01 16:00:00+00:00,1730476800000,2024-11-01T16:00:00+00:00,0.0001,163.99
2024-11-02 00:00:00+00:00,1730505600000,2024-11-02T00:00:00+00:00,6.813e-05,166.02
2024-11-02 08:00:00+00:00,1730534400000,2024-11-02T08:00:00+00:00,9.387e-05,167.54
2024-11-02 16:00:00+00:00,1730563200000,2024-11-02T16:00:00+00:00,6.9e-05,163.74894889
2024-11-03 00:00:00+00:00,1730592000000,2024-11-03T00:00:00+00:00,3.98e-05,166.09
2024-11-03 08:00:00+00:00,1730620800000,2024-11-03T08:00:00+00:00,3.241e-05,163.46
2024-11-03 16:00:00+00:00,1730649600000,2024-11-03T16:00:00+00:00,8.014e-05,159.9171981
2024-11-04 00:00:00+00:00,1730678400000,2024-11-04T00:00:00+00:00,4.818e-05,162.45165079
2024-11-04 08:00:00+00:00,1730707200000,2024-11-04T08:00:00+00:00,6.725e-05,161.32612342
2024-11-04 16:00:00+00:00,1730736000000,2024-11-04T16:00:00+00:00,6.216e-05,162.97
2024-11-05 00:00:00+00:00,1730764800000,2024-11-05T00:00:00+00:00,5.868e-05,157.9018241
2024-11-05 08:00:00.003000+00:00,1730793600003,2024-11-05T08:00:00.003000+00:00,4.51e-05,161.92
2024-11-05 16:00:00.001000+00:00,1730822400001,2024-11-05T16:00:00.001000+00:00,7.17e-06,165.82
2024-11-06 00:00:00+00:00,1730851200000,2024-11-06T00:00:00+00:00,-1.892e-05,166.54
2024-11-06 08:00:00+00:00,1730880000000,2024-11-06T08:00:00+00:00,0.0001,183.96747234
2024-11-06 16:00:00+00:00,1730908800000,2024-11-06T16:00:00+00:00,0.0001,185.56
2024-11-07 00:00:00+00:00,1730937600000,2024-11-07T00:00:00+00:00,0.0001,186.62
2024-11-07 08:00:00+00:00,1730966400000,2024-11-07T08:00:00+00:00,0.0001,188.08
2024-11-07 16:00:00+00:00,1730995200000,2024-11-07T16:00:00+00:00,0.0001,192.75
2024-11-08 00:00:00+00:00,1731024000000,2024-11-08T00:00:00+00:00,0.0001,196.42361641
2024-11-08 08:00:00+00:00,1731052800000,2024-11-08T08:00:00+00:00,0.0001,200.5
2024-11-08 16:00:00+00:00,1731081600000,2024-11-08T16:00:00+00:00,0.0001,201.03598205
2024-11-09 00:00:00+00:00,1731110400000,2024-11-09T00:00:00+00:00,0.0001,199.88480296
2024-11-09 08:00:00+00:00,1731139200000,2024-11-09T08:00:00+00:00,0.0001,200.30924843
2024-11-09 16:00:00+00:00,1731168000000,2024-11-09T16:00:00+00:00,0.0001,198.42252055
2024-11-10 00:00:00+00:00,1731196800000,2024-11-10T00:00:00+00:00,0.0001,199.93
2024-11-10 08:00:00+00:00,1731225600000,2024-11-10T08:00:00+00:00,0.00019071,205.08
2024-11-10 16:00:00+00:00,1731254400000,2024-11-10T16:00:00+00:00,0.00041975,212.51
2024-11-11 00:00:00.001000+00:00,1731283200001,2024-11-11T00:00:00.001000+00:00,0.00034668,210.28745447
2024-11-11 08:00:00+00:00,1731312000000,2024-11-11T08:00:00+00:00,0.00011081,208.08
2024-11-11 16:00:00+00:00,1731340800000,2024-11-11T16:00:00+00:00,0.00022373,219.16558065
2024-11-12 00:00:00.002000+00:00,1731369600002,2024-11-12T00:00:00.002000+00:00,0.00035969,222.30912641
2024-11-12 08:00:00+00:00,1731398400000,2024-11-12T08:00:00+00:00,0.00043733,221.99238924
2024-11-12 16:00:00+00:00,1731427200000,2024-11-12T16:00:00+00:00,0.00048819,210.57577374
2024-11-13 00:00:00+00:00,1731456000000,2024-11-13T00:00:00+00:00,0.00032823,211.73919884
2024-11-13 08:00:00.010000+00:00,1731484800010,2024-11-13T08:00:00.010000+00:00,0.00020936,205.36024726
2024-11-13 16:00:00+00:00,1731513600000,2024-11-13T16:00:00+00:00,0.00022016,216.7
2024-11-14 00:00:00.001000+00:00,1731542400001,2024-11-14T00:00:00.001000+00:00,0.00020764,215.28
2024-11-14 08:00:00+00:00,1731571200000,2024-11-14T08:00:00+00:00,0.00022462,218.27711396
2024-11-14 16:00:00+00:00,1731600000000,2024-11-14T16:00:00+00:00,0.0001,211.00958458
2024-11-15 00:00:00+00:00,1731628800000,2024-11-15T00:00:00+00:00,0.0001,209.64995188
2024-11-15 08:00:00+00:00,1731657600000,2024-11-15T08:00:00+00:00,0.0001,209.28493283
2024-11-15 16:00:00+00:00,1731686400000,2024-11-15T16:00:00+00:00,0.0001,208.32
2024-11-16 00:00:00.001000+00:00,1731715200001,2024-11-16T00:00:00.001000+00:00,0.0001,218.65382623
2024-11-16 08:00:00.001000+00:00,1731744000001,2024-11-16T08:00:00.001000+00:00,0.00023693,219.08
2024-11-16 16:00:00+00:00,1731772800000,2024-11-16T16:00:00+00:00,0.00016028,215.09633736
2024-11-17 00:00:00+00:00,1731801600000,2024-11-17T00:00:00+00:00,0.0001,215.81658937
2024-11-17 08:00:00+00:00,1731830400000,2024-11-17T08:00:00+00:00,0.00044518,237.49
2024-11-17 16:00:00.001000+00:00,1731859200001,2024-11-17T16:00:00.001000+00:00,0.00021627,234.15
2024-11-18 00:00:00+00:00,1731888000000,2024-11-18T00:00:00+00:00,0.00023762,237.60711286
2024-11-18 08:00:00+00:00,1731916800000,2024-11-18T08:00:00+00:00,0.0001653,242.21275008
2024-11-18 16:00:00+00:00,1731945600000,2024-11-18T16:00:00+00:00,0.0002213,243.51855761
2024-11-19 00:00:00+00:00,1731974400000,2024-11-19T00:00:00+00:00,0.00022018,239.96
2024-11-19 08:00:00+00:00,1732003200000,2024-11-19T08:00:00+00:00,0.00019184,243.48946031
2024-11-19 16:00:00+00:00,1732032000000,2024-11-19T16:00:00+00:00,0.00012644,240.64
2024-11-20 00:00:00.003000+00:00,1732060800003,2024-11-20T00:00:00.003000+00:00,0.0001,237.68
2024-11-20 08:00:00+00:00,1732089600000,2024-11-20T08:00:00+00:00,0.0001,235.9634653
2024-11-20 16:00:00+00:00,1732118400000,2024-11-20T16:00:00+00:00,0.0001,238.3679847
2024-11-21 00:00:00.001000+00:00,1732147200001,2024-11-21T00:00:00.001000+00:00,0.0001,235.42560884
2024-11-21 08:00:00+00:00,1732176000000,2024-11-21T08:00:00+00:00,0.0001,241.46122606
2024-11-21 16:00:00.001000+00:00,1732204800001,2024-11-21T16:00:00.001000+00:00,0.0001,248.93576225
2024-11-22 00:00:00+00:00,1732233600000,2024-11-22T00:00:00+00:00,0.00043945,256.67
2024-11-22 08:00:00+00:00,1732262400000,2024-11-22T08:00:00+00:00,0.00022593,259.37145809
2024-11-22 16:00:00.001000+00:00,1732291200001,2024-11-22T16:00:00.001000+00:00,0.0001702,256.56
2024-11-23 00:00:00+00:00,1732320000000,2024-11-23T00:00:00+00:00,0.0001,257.03697866
2024-11-23 08:00:00+00:00,1732348800000,2024-11-23T08:00:00+00:00,0.00028946,258.45
2024-11-23 16:00:00+00:00,1732377600000,2024-11-23T16:00:00+00:00,0.00025577,259.94
2024-11-24 00:00:00.001000+00:00,1732406400001,2024-11-24T00:00:00.001000+00:00,0.00018175,255.03859273
2024-11-24 08:00:00+00:00,1732435200000,2024-11-24T08:00:00+00:00,0.00033189,256.84
2024-11-24 16:00:00+00:00,1732464000000,2024-11-24T16:00:00+00:00,0.00025244,244.39219352
2024-11-25 00:00:00+00:00,1732492800000,2024-11-25T00:00:00+00:00,0.00014445,252.9273713
2024-11-25 08:00:00+00:00,1732521600000,2024-11-25T08:00:00+00:00,0.00019888,253.45837047
2024-11-25 16:00:00+00:00,1732550400000,2024-11-25T16:00:00+00:00,0.00010485,245.07
2024-11-26 00:00:00+00:00,1732579200000,2024-11-26T00:00:00+00:00,0.0001,234.29
2024-11-26 08:00:00+00:00,1732608000000,2024-11-26T08:00:00+00:00,0.0001,235.82
2024-11-26 16:00:00+00:00,1732636800000,2024-11-26T16:00:00+00:00,0.0001,227.38613496
2024-11-27 00:00:00+00:00,1732665600000,2024-11-27T00:00:00+00:00,0.0001,230.71562608
2024-11-27 08:00:00+00:00,1732694400000,2024-11-27T08:00:00+00:00,0.0001,234.33
2024-11-27 16:00:00.001000+00:00,1732723200001,2024-11-27T16:00:00.001000+00:00,0.0001,240.57035995
2024-11-28 00:00:00+00:00,1732752000000,2024-11-28T00:00:00+00:00,0.0001,242.03955937
2024-11-28 08:00:00+00:00,1732780800000,2024-11-28T08:00:00+00:00,0.0001,238.01727444
2024-11-28 16:00:00+00:00,1732809600000,2024-11-28T16:00:00+00:00,0.0001,233.03019139
2024-11-29 00:00:00+00:00,1732838400000,2024-11-29T00:00:00+00:00,0.0001,237.6043055
2024-11-29 08:00:00+00:00,1732867200000,2024-11-29T08:00:00+00:00,0.0001,237.66607857
2024-11-29 16:00:00+00:00,1732896000000,2024-11-29T16:00:00+00:00,0.0001,243.57
2024-11-30 00:00:00+00:00,1732924800000,2024-11-30T00:00:00+00:00,0.0001,243.42
2024-11-30 08:00:00+00:00,1732953600000,2024-11-30T08:00:00+00:00,0.0001,244.35803166
2024-11-30 16:00:00+00:00,1732982400000,2024-11-30T16:00:00+00:00,0.0001,240.0
2024-12-01 00:00:00+00:00,1733011200000,2024-12-01T00:00:00+00:00,0.00011575,237.73
2024-12-01 08:00:00+00:00,1733040000000,2024-12-01T08:00:00+00:00,0.0001,235.6156002
2024-12-01 16:00:00+00:00,1733068800000,2024-12-01T16:00:00+00:00,0.00021606,238.6962626
2024-12-02 00:00:00.001000+00:00,1733097600001,2024-12-02T00:00:00.001000+00:00,0.00037518,237.03897019
2024-12-02 08:00:00.001000+00:00,1733126400001,2024-12-02T08:00:00.001000+00:00,0.00025587,228.79
2024-12-02 16:00:00+00:00,1733155200000,2024-12-02T16:00:00+00:00,0.00026772,229.36
2024-12-03 00:00:00+00:00,1733184000000,2024-12-03T00:00:00+00:00,0.00032728,225.87
2024-12-03 08:00:00+00:00,1733212800000,2024-12-03T08:00:00+00:00,0.00031454,227.12
2024-12-03 16:00:00+00:00,1733241600000,2024-12-03T16:00:00+00:00,0.00030312,223.39278797
2024-12-04 00:00:00+00:00,1733270400000,2024-12-04T00:00:00+00:00,0.00035501,234.09
2024-12-04 08:00:00+00:00,1733299200000,2024-12-04T08:00:00+00:00,0.00023264,236.79861245
2024-12-04 16:00:00+00:00,1733328000000,2024-12-04T16:00:00+00:00,0.00036215,233.95235681
2024-12-05 00:00:00.001000+00:00,1733356800001,2024-12-05T00:00:00.001000+00:00,0.00027166,229.36
2024-12-05 08:00:00+00:00,1733385600000,2024-12-05T08:00:00+00:00,0.00055995,234.06583005
2024-12-05 16:00:00+00:00,1733414400000,2024-12-05T16:00:00+00:00,0.0005091,239.24
2024-12-06 00:00:00+00:00,1733443200000,2024-12-06T00:00:00+00:00,0.00032251,236.05
2024-12-06 08:00:00+00:00,1733472000000,2024-12-06T08:00:00+00:00,0.00032302,239.47367249
2024-12-06 16:00:00+00:00,1733500800000,2024-12-06T16:00:00+00:00,0.00012425,238.12641675
2024-12-07 00:00:00+00:00,1733529600000,2024-12-07T00:00:00+00:00,0.00041557,237.05521923
2024-12-07 08:00:00+00:00,1733558400000,2024-12-07T08:00:00+00:00,0.00034529,236.36
2024-12-07 16:00:00+00:00,1733587200000,2024-12-07T16:00:00+00:00,0.00038467,241.01
2024-12-08 00:00:00+00:00,1733616000000,2024-12-08T00:00:00+00:00,0.00045069,238.3
2024-12-08 08:00:00+00:00,1733644800000,2024-12-08T08:00:00+00:00,0.00019374,237.74
2024-12-08 16:00:00+00:00,1733673600000,2024-12-08T16:00:00+00:00,0.00013754,237.53
2024-12-09 00:00:00+00:00,1733702400000,2024-12-09T00:00:00+00:00,0.00025945,237.23141997
2024-12-09 08:00:00+00:00,1733731200000,2024-12-09T08:00:00+00:00,0.00015891,231.68
2024-12-09 16:00:00.001000+00:00,1733760000001,2024-12-09T16:00:00.001000+00:00,0.00012595,224.41315135
2024-12-10 00:00:00.007000+00:00,1733788800007,2024-12-10T00:00:00.007000+00:00,0.0001,216.77139538
2024-12-10 08:00:00+00:00,1733817600000,2024-12-10T08:00:00+00:00,0.0001,217.32
2024-12-10 16:00:00+00:00,1733846400000,2024-12-10T16:00:00+00:00,0.0001,206.48
2024-12-11 00:00:00+00:00,1733875200000,2024-12-11T00:00:00+00:00,0.0001,213.58995756
2024-12-11 08:00:00+00:00,1733904000000,2024-12-11T08:00:00+00:00,0.0001,218.4
2024-12-11 16:00:00.001000+00:00,1733932800001,2024-12-11T16:00:00.001000+00:00,0.0001,228.36
2024-12-12 00:00:00.001000+00:00,1733961600001,2024-12-12T00:00:00.001000+00:00,0.0001,227.28748375
2024-12-12 08:00:00+00:00,1733990400000,2024-12-12T08:00:00+00:00,0.0001,229.99
2024-12-12 16:00:00.001000+00:00,1734019200001,2024-12-12T16:00:00.001000+00:00,0.0001,231.20578019
2024-12-13 00:00:00+00:00,1734048000000,2024-12-13T00:00:00+00:00,0.0001,226.90230934
2024-12-13 08:00:00+00:00,1734076800000,2024-12-13T08:00:00+00:00,0.0001,224.71
2024-12-13 16:00:00.001000+00:00,1734105600001,2024-12-13T16:00:00.001000+00:00,0.0001,221.05
2024-12-14 00:00:00+00:00,1734134400000,2024-12-14T00:00:00+00:00,0.0001,224.72440941
2024-12-14 08:00:00+00:00,1734163200000,2024-12-14T08:00:00+00:00,0.0001,225.88781879
2024-12-14 16:00:00+00:00,1734192000000,2024-12-14T16:00:00+00:00,0.0001,222.49078669
2024-12-15 00:00:00+00:00,1734220800000,2024-12-15T00:00:00+00:00,0.0001,219.84077673
2024-12-15 08:00:00+00:00,1734249600000,2024-12-15T08:00:00+00:00,6.761e-05,217.16927059
2024-12-15 16:00:00+00:00,1734278400000,2024-12-15T16:00:00+00:00,0.0001,220.82764674
2024-12-16 00:00:00+00:00,1734307200000,2024-12-16T00:00:00+00:00,0.0001,224.22
2024-12-16 08:00:00.001000+00:00,1734336000001,2024-12-16T08:00:00.001000+00:00,0.0001,223.08
2024-12-16 16:00:00+00:00,1734364800000,2024-12-16T16:00:00+00:00,0.0001,216.94416601
2024-12-17 00:00:00+00:00,1734393600000,2024-12-17T00:00:00+00:00,0.0001,216.09981566
2024-12-17 08:00:00+00:00,1734422400000,2024-12-17T08:00:00+00:00,4.064e-05,215.4963049
2024-12-17 16:00:00+00:00,1734451200000,2024-12-17T16:00:00+00:00,0.0001,220.47607511
2024-12-18 00:00:00+00:00,1734480000000,2024-12-18T00:00:00+00:00,0.0001,223.12258447
2024-12-18 08:00:00+00:00,1734508800000,2024-12-18T08:00:00+00:00,9.102e-05,215.81709029
2024-12-18 16:00:00+00:00,1734537600000,2024-12-18T16:00:00+00:00,6.23e-06,217.64540916
2024-12-19 00:00:00+00:00,1734566400000,2024-12-19T00:00:00+00:00,-3.6e-05,206.49414504
2024-12-19 08:00:00+00:00,1734595200000,2024-12-19T08:00:00+00:00,-1.903e-05,211.67
2024-12-19 16:00:00+00:00,1734624000000,2024-12-19T16:00:00+00:00,1.572e-05,205.43284338
2024-12-20 00:00:00+00:00,1734652800000,2024-12-20T00:00:00+00:00,-1.795e-05,193.71171105
2024-12-20 08:00:00.001000+00:00,1734681600001,2024-12-20T08:00:00.001000+00:00,-2.757e-05,191.23548746
2024-12-20 16:00:00.014000+00:00,1734710400014,2024-12-20T16:00:00.014000+00:00,-6.045e-05,189.73
2024-12-21 00:00:00+00:00,1734739200000,2024-12-21T00:00:00+00:00,-0.00018625,194.33740729
2024-12-21 08:00:00+00:00,1734768000000,2024-12-21T08:00:00+00:00,-0.00013946,198.69
2024-12-21 16:00:00.001000+00:00,1734796800001,2024-12-21T16:00:00.001000+00:00,-4.2e-05,186.55117686
2024-12-22 00:00:00+00:00,1734825600000,2024-12-22T00:00:00+00:00,-0.00011655,181.33
2024-12-22 08:00:00+00:00,1734854400000,2024-12-22T08:00:00+00:00,2.97e-05,184.2
2024-12-22 16:00:00+00:00,1734883200000,2024-12-22T16:00:00+00:00,-0.00010865,181.77
2024-12-23 00:00:00+00:00,1734912000000,2024-12-23T00:00:00+00:00,-5.764e-05,180.42
2024-12-23 08:00:00+00:00,1734940800000,2024-12-23T08:00:00+00:00,-2.514e-05,182.15
2024-12-23 16:00:00.001000+00:00,1734969600001,2024-12-23T16:00:00.001000+00:00,-1.518e-05,180.83
2024-12-24 00:00:00+00:00,1734998400000,2024-12-24T00:00:00+00:00,4.56e-06,190.06
2024-12-24 08:00:00+00:00,1735027200000,2024-12-24T08:00:00+00:00,-8.87e-06,191.42
2024-12-24 16:00:00.001000+00:00,1735056000001,2024-12-24T16:00:00.001000+00:00,-2.528e-05,197.66045157
2024-12-25 00:00:00.001000+00:00,1735084800001,2024-12-25T00:00:00.001000+00:00,-1.032e-05,197.04372026
2024-12-25 08:00:00+00:00,1735113600000,2024-12-25T08:00:00+00:00,-2.015e-05,198.05
2024-12-25 16:00:00+00:00,1735142400000,2024-12-25T16:00:00+00:00,3.692e-05,198.18
2024-12-26 00:00:00+00:00,1735171200000,2024-12-26T00:00:00+00:00,2.735e-05,197.35880214
2024-12-26 08:00:00+00:00,1735200000000,2024-12-26T08:00:00+00:00,0.0001,193.38
2024-12-26 16:00:00+00:00,1735228800000,2024-12-26T16:00:00+00:00,1.522e-05,188.59783157
2024-12-27 00:00:00+00:00,1735257600000,2024-12-27T00:00:00+00:00,3.726e-05,188.37454973
2024-12-27 08:00:00+00:00,1735286400000,2024-12-27T08:00:00+00:00,-2.625e-05,186.57648132
2024-12-27 16:00:00+00:00,1735315200000,2024-12-27T16:00:00+00:00,-8.145e-05,184.01854509
2024-12-28 00:00:00.001000+00:00,1735344000001,2024-12-28T00:00:00.001000+00:00,9.283e-05,184.18
2024-12-28 08:00:00+00:00,1735372800000,2024-12-28T08:00:00+00:00,1.275e-05,185.04321141
2024-12-28 16:00:00+00:00,1735401600000,2024-12-28T16:00:00+00:00,-9.03e-06,190.11
2024-12-29 00:00:00+00:00,1735430400000,2024-12-29T00:00:00+00:00,7.78e-06,195.39
2024-12-29 08:00:00+00:00,1735459200000,2024-12-29T08:00:00+00:00,-2.727e-05,195.93322461
2024-12-29 16:00:00+00:00,1735488000000,2024-12-29T16:00:00+00:00,6.14e-05,195.05629387
2024-12-30 00:00:00+00:00,1735516800000,2024-12-30T00:00:00+00:00,0.0001,189.85091862
2024-12-30 08:00:00.001000+00:00,1735545600001,2024-12-30T08:00:00.001000+00:00,4.76e-05,192.30766984
2024-12-30 16:00:00+00:00,1735574400000,2024-12-30T16:00:00+00:00,5.906e-05,187.24
2024-12-31 00:00:00+00:00,1735603200000,2024-12-31T00:00:00+00:00,8.373e-05,191.26447609
2024-12-31 08:00:00+00:00,1735632000000,2024-12-31T08:00:00+00:00,2.697e-05,189.94
2024-12-31 16:00:00+00:00,1735660800000,2024-12-31T16:00:00+00:00,6.744e-05,198.32385034
2025-01-01 00:00:00.015000+00:00,1735689600015,2025-01-01T00:00:00.015000+00:00,-5.587e-05,189.19974226
2025-01-01 08:00:00+00:00,1735718400000,2025-01-01T08:00:00+00:00,-2.663e-05,189.96
2025-01-01 16:00:00.001000+00:00,1735747200001,2025-01-01T16:00:00.001000+00:00,-1.487e-05,191.81481222
2025-01-02 00:00:00+00:00,1735776000000,2025-01-02T00:00:00+00:00,0.0001,194.22
2025-01-02 08:00:00.006000+00:00,1735804800006,2025-01-02T08:00:00.006000+00:00,0.0001,205.83473243
2025-01-02 16:00:00+00:00,1735833600000,2025-01-02T16:00:00+00:00,9.337e-05,206.68
2025-01-03 00:00:00+00:00,1735862400000,2025-01-03T00:00:00+00:00,0.0001,208.17135122
2025-01-03 08:00:00+00:00,1735891200000,2025-01-03T08:00:00+00:00,-1.47e-05,207.86
2025-01-03 16:00:00+00:00,1735920000000,2025-01-03T16:00:00+00:00,-7.967e-05,217.27
2025-01-04 00:00:00+00:00,1735948800000,2025-01-04T00:00:00+00:00,-7.358e-05,217.92
2025-01-04 08:00:00+00:00,1735977600000,2025-01-04T08:00:00+00:00,4.915e-05,216.62801422
2025-01-04 16:00:00+00:00,1736006400000,2025-01-04T16:00:00+00:00,5.813e-05,214.26508239
2025-01-05 00:00:00+00:00,1736035200000,2025-01-05T00:00:00+00:00,9.572e-05,216.56055099
2025-01-05 08:00:00+00:00,1736064000000,2025-01-05T08:00:00+00:00,-3.098e-05,216.35
2025-01-05 16:00:00+00:00,1736092800000,2025-01-05T16:00:00+00:00,0.0001,213.47752759
2025-01-06 00:00:00+00:00,1736121600000,2025-01-06T00:00:00+00:00,-1.03e-06,213.3
2025-01-06 08:00:00.001000+00:00,1736150400001,2025-01-06T08:00:00.001000+00:00,-1.539e-05,215.13
2025-01-06 16:00:00+00:00,1736179200000,2025-01-06T16:00:00+00:00,5.815e-05,221.51
2025-01-07 00:00:00+00:00,1736208000000,2025-01-07T00:00:00+00:00,-2.492e-05,218.10381116
2025-01-07 08:00:00+00:00,1736236800000,2025-01-07T08:00:00+00:00,1.88e-05,215.97
2025-01-07 16:00:00.008000+00:00,1736265600008,2025-01-07T16:00:00.008000+00:00,1.765e-05,207.68687845
2025-01-08 00:00:00.001000+00:00,1736294400001,2025-01-08T00:00:00.001000+00:00,9.47e-06,202.0757371
2025-01-08 08:00:00+00:00,1736323200000,2025-01-08T08:00:00+00:00,9.384e-05,195.59194327
2025-01-08 16:00:00+00:00,1736352000000,2025-01-08T16:00:00+00:00,-2.658e-05,197.69578628
2025-01-09 00:00:00+00:00,1736380800000,2025-01-09T00:00:00+00:00,-4.356e-05,197.40056516
2025-01-09 08:00:00+00:00,1736409600000,2025-01-09T08:00:00+00:00,0.0001,190.07
2025-01-09 16:00:00+00:00,1736438400000,2025-01-09T16:00:00+00:00,-1.659e-05,192.08
2025-01-10 00:00:00+00:00,1736467200000,2025-01-10T00:00:00+00:00,8.73e-06,184.89423939
2025-01-10 08:00:00+00:00,1736496000000,2025-01-10T08:00:00+00:00,-7.385e-05,191.64239383
2025-01-10 16:00:00+00:00,1736524800000,2025-01-10T16:00:00+00:00,3.388e-05,187.20588983
2025-01-11 00:00:00+00:00,1736553600000,2025-01-11T00:00:00+00:00,9.89e-06,187.59
2025-01-11 08:00:00+00:00,1736582400000,2025-01-11T08:00:00+00:00,-3.578e-05,186.14
2025-01-11 16:00:00+00:00,1736611200000,2025-01-11T16:00:00+00:00,-4.343e-05,186.84
2025-01-12 00:00:00+00:00,1736640000000,2025-01-12T00:00:00+00:00,2.102e-05,188.0
2025-01-12 08:00:00+00:00,1736668800000,2025-01-12T08:00:00+00:00,-4.366e-05,186.47
2025-01-12 16:00:00+00:00,1736697600000,2025-01-12T16:00:00+00:00,3.548e-05,190.38364628
2025-01-13 00:00:00+00:00,1736726400000,2025-01-13T00:00:00+00:00,0.0001,188.43
2025-01-13 08:00:00+00:00,1736755200000,2025-01-13T08:00:00+00:00,2.66e-05,182.39
2025-01-13 16:00:00+00:00,1736784000000,2025-01-13T16:00:00+00:00,8.17e-06,178.69
2025-01-14 00:00:00+00:00,1736812800000,2025-01-14T00:00:00+00:00,-4.601e-05,182.77
2025-01-14 08:00:00+00:00,1736841600000,2025-01-14T08:00:00+00:00,-2.434e-05,185.52
2025-01-14 16:00:00+00:00,1736870400000,2025-01-14T16:00:00+00:00,2.374e-05,186.75
2025-01-15 00:00:00+00:00,1736899200000,2025-01-15T00:00:00+00:00,3.357e-05,187.46
2025-01-15 08:00:00+00:00,1736928000000,2025-01-15T08:00:00+00:00,-5.153e-05,189.87536362
2025-01-15 16:00:00+00:00,1736956800000,2025-01-15T16:00:00+00:00,-2.957e-05,196.39
2025-01-16 00:00:00+00:00,1736985600000,2025-01-16T00:00:00+00:00,0.0001,205.76
2025-01-16 08:00:00+00:00,1737014400000,2025-01-16T08:00:00+00:00,0.0001,203.06407101
2025-01-16 16:00:00+00:00,1737043200000,2025-01-16T16:00:00+00:00,0.0001,208.99816554
2025-01-17 00:00:00.004000+00:00,1737072000004,2025-01-17T00:00:00.004000+00:00,0.0001,210.99
2025-01-17 08:00:00+00:00,1737100800000,2025-01-17T08:00:00+00:00,8.22e-05,213.2
2025-01-17 16:00:00.008000+00:00,1737129600008,2025-01-17T16:00:00.008000+00:00,0.0001,218.53
2025-01-18 00:00:00+00:00,1737158400000,2025-01-18T00:00:00+00:00,0.0001,219.46
2025-01-18 08:00:00.007000+00:00,1737187200007,2025-01-18T08:00:00.007000+00:00,1.883e-05,232.83981406
2025-01-18 16:00:00+00:00,1737216000000,2025-01-18T16:00:00+00:00,5.671e-05,257.60576295
2025-01-19 00:00:00+00:00,1737244800000,2025-01-19T00:00:00+00:00,0.0001,261.92498236
2025-01-19 08:00:00+00:00,1737273600000,2025-01-19T08:00:00+00:00,9.252e-05,271.39665661
2025-01-19 16:00:00+00:00,1737302400000,2025-01-19T16:00:00+00:00,5.667e-05,270.47
2025-01-20 00:00:00+00:00,1737331200000,2025-01-20T00:00:00+00:00,-0.0007115,252.51
2025-01-20 08:00:00.009000+00:00,1737360000009,2025-01-20T08:00:00.009000+00:00,-7.723e-05,261.77
2025-01-20 16:00:00+00:00,1737388800000,2025-01-20T16:00:00+00:00,8.924e-05,253.8731634
2025-01-21 00:00:00+00:00,1737417600000,2025-01-21T00:00:00+00:00,-0.00027508,241.81
2025-01-21 08:00:00+00:00,1737446400000,2025-01-21T08:00:00+00:00,9.31e-05,236.75
2025-01-21 16:00:00+00:00,1737475200000,2025-01-21T16:00:00+00:00,-3.008e-05,240.83802505
2025-01-22 00:00:00+00:00,1737504000000,2025-01-22T00:00:00+00:00,0.0001,250.26
2025-01-22 08:00:00+00:00,1737532800000,2025-01-22T08:00:00+00:00,-2.092e-05,258.4
2025-01-22 16:00:00+00:00,1737561600000,2025-01-22T16:00:00+00:00,8.64e-05,257.19769937
2025-01-23 00:00:00.001000+00:00,1737590400001,2025-01-23T00:00:00.001000+00:00,0.0001,257.33678347
2025-01-23 08:00:00+00:00,1737619200000,2025-01-23T08:00:00+00:00,8.081e-05,249.41
2025-01-23 16:00:00+00:00,1737648000000,2025-01-23T16:00:00+00:00,-7.98e-05,249.15
2025-01-24 00:00:00+00:00,1737676800000,2025-01-24T00:00:00+00:00,6.903e-05,253.01
2025-01-24 08:00:00+00:00,1737705600000,2025-01-24T08:00:00+00:00,9.064e-05,259.60266158
2025-01-24 16:00:00+00:00,1737734400000,2025-01-24T16:00:00+00:00,0.0001,262.14642847
2025-01-25 00:00:00+00:00,1737763200000,2025-01-25T00:00:00+00:00,-1.473e-05,253.22104393
2025-01-25 08:00:00+00:00,1737792000000,2025-01-25T08:00:00+00:00,-4.82e-06,247.15
2025-01-25 16:00:00.001000+00:00,1737820800001,2025-01-25T16:00:00.001000+00:00,-0.00012014,253.48644101
2025-01-26 00:00:00+00:00,1737849600000,2025-01-26T00:00:00+00:00,0.0001,256.36
2025-01-26 08:00:00+00:00,1737878400000,2025-01-26T08:00:00+00:00,8.407e-05,258.85
2025-01-26 16:00:00+00:00,1737907200000,2025-01-26T16:00:00+00:00,2.626e-05,254.45
2025-01-27 00:00:00+00:00,1737936000000,2025-01-27T00:00:00+00:00,-3.653e-05,240.41
2025-01-27 08:00:00+00:00,1737964800000,2025-01-27T08:00:00+00:00,5.173e-05,227.39
2025-01-27 16:00:00+00:00,1737993600000,2025-01-27T16:00:00+00:00,-0.00018696,233.46154361
2025-01-28 00:00:00+00:00,1738022400000,2025-01-28T00:00:00+00:00,7.942e-05,234.77176852
2025-01-28 08:00:00+00:00,1738051200000,2025-01-28T08:00:00+00:00,-4.139e-05,238.78919205
2025-01-28 16:00:00+00:00,1738080000000,2025-01-28T16:00:00+00:00,3.672e-05,237.36062279
2025-01-29 00:00:00+00:00,1738108800000,2025-01-29T00:00:00+00:00,8.718e-05,226.92156675
2025-01-29 08:00:00+00:00,1738137600000,2025-01-29T08:00:00+00:00,5.356e-05,234.32
2025-01-29 16:00:00+00:00,1738166400000,2025-01-29T16:00:00+00:00,-1.196e-05,228.3
2025-01-30 00:00:00+00:00,1738195200000,2025-01-30T00:00:00+00:00,1.678e-05,228.04
2025-01-30 08:00:00+00:00,1738224000000,2025-01-30T08:00:00+00:00,0.0001,238.81
2025-01-30 16:00:00+00:00,1738252800000,2025-01-30T16:00:00+00:00,2.727e-05,240.98
2025-01-31 00:00:00+00:00,1738281600000,2025-01-31T00:00:00+00:00,-7.61e-06,238.17127422
2025-01-31 08:00:00+00:00,1738310400000,2025-01-31T08:00:00+00:00,-4.97e-05,235.58
2025-01-31 16:00:00+00:00,1738339200000,2025-01-31T16:00:00+00:00,5.524e-05,240.05162558
2025-02-01 00:00:00+00:00,1738368000000,2025-02-01T00:00:00+00:00,-6.866e-05,231.6110612
2025-02-01 08:00:00+00:00,1738396800000,2025-02-01T08:00:00+00:00,3.033e-05,230.55402407
2025-02-01 16:00:00+00:00,1738425600000,2025-02-01T16:00:00+00:00,-5.063e-05,226.24816815
2025-02-02 00:00:00.001000+00:00,1738454400001,2025-02-02T00:00:00.001000+00:00,-5.306e-05,212.89
2025-02-02 08:00:00+00:00,1738483200000,2025-02-02T08:00:00+00:00,7.21e-06,211.69038145
2025-02-02 16:00:00+00:00,1738512000000,2025-02-02T16:00:00+00:00,2.68e-06,211.91
2025-02-03 00:00:00+00:00,1738540800000,2025-02-03T00:00:00+00:00,7.72e-06,203.36764822
2025-02-03 08:00:00+00:00,1738569600000,2025-02-03T08:00:00+00:00,-0.00012368,198.95
2025-02-03 16:00:00+00:00,1738598400000,2025-02-03T16:00:00+00:00,-8.808e-05,206.92357253
2025-02-04 00:00:00+00:00,1738627200000,2025-02-04T00:00:00+00:00,-0.00055791,216.21112041
2025-02-04 08:00:00.001000+00:00,1738656000001,2025-02-04T08:00:00.001000+00:00,-4.35e-05,204.15798539
2025-02-04 16:00:00+00:00,1738684800000,2025-02-04T16:00:00+00:00,5.7e-05,215.58
2025-02-05 00:00:00.001000+00:00,1738713600001,2025-02-05T00:00:00.001000+00:00,-3.571e-05,206.48
2025-02-05 08:00:00.001000+00:00,1738742400001,2025-02-05T08:00:00.001000+00:00,-4.834e-05,204.9820567
2025-02-05 16:00:00+00:00,1738771200000,2025-02-05T16:00:00+00:00,-0.0001085,201.73
2025-02-06 00:00:00.001000+00:00,1738800000001,2025-02-06T00:00:00.001000+00:00,-4.538e-05,196.03
2025-02-06 08:00:00.001000+00:00,1738828800001,2025-02-06T08:00:00.001000+00:00,-1.671e-05,201.92
2025-02-06 16:00:00+00:00,1738857600000,2025-02-06T16:00:00+00:00,6.857e-05,191.15523484
2025-02-07 00:00:00+00:00,1738886400000,2025-02-07T00:00:00+00:00,2.703e-05,189.46996868
2025-02-07 08:00:00+00:00,1738915200000,2025-02-07T08:00:00+00:00,6.95e-06,192.42
2025-02-07 16:00:00+00:00,1738944000000,2025-02-07T16:00:00+00:00,7.27e-06,197.96
2025-02-08 00:00:00+00:00,1738972800000,2025-02-08T00:00:00+00:00,-2.483e-05,191.90918108
2025-02-08 08:00:00+00:00,1739001600000,2025-02-08T08:00:00+00:00,2.105e-05,192.68
2025-02-08 16:00:00+00:00,1739030400000,2025-02-08T16:00:00+00:00,5.719e-05,193.32677547
2025-02-09 00:00:00+00:00,1739059200000,2025-02-09T00:00:00+00:00,-0.00011027,199.2
2025-02-09 08:00:00+00:00,1739088000000,2025-02-09T08:00:00+00:00,-4.053e-05,203.87
2025-02-09 16:00:00+00:00,1739116800000,2025-02-09T16:00:00+00:00,-0.00021227,200.51578273
2025-02-10 00:00:00+00:00,1739145600000,2025-02-10T00:00:00+00:00,-0.00016119,200.32935261
2025-02-10 08:00:00+00:00,1739174400000,2025-02-10T08:00:00+00:00,-2.743e-05,202.72
2025-02-10 16:00:00+00:00,1739203200000,2025-02-10T16:00:00+00:00,-4.863e-05,202.96
2025-02-11 00:00:00+00:00,1739232000000,2025-02-11T00:00:00+00:00,-0.00018095,200.34133623
2025-02-11 08:00:00+00:00,1739260800000,2025-02-11T08:00:00+00:00,-0.00011994,204.31214257
2025-02-11 16:00:00+00:00,1739289600000,2025-02-11T16:00:00+00:00,-0.00027714,199.31271069
2025-02-12 00:00:00+00:00,1739318400000,2025-02-12T00:00:00+00:00,-0.00022332,197.88156182
2025-02-12 08:00:00+00:00,1739347200000,2025-02-12T08:00:00+00:00,1.847e-05,195.169188
2025-02-12 16:00:00.001000+00:00,1739376000001,2025-02-12T16:00:00.001000+00:00,7.002e-05,191.90963629
2025-02-13 00:00:00.001000+00:00,1739404800001,2025-02-13T00:00:00.001000+00:00,3.627e-05,196.71
2025-02-13 08:00:00+00:00,1739433600000,2025-02-13T08:00:00+00:00,-3.212e-05,192.98
2025-02-13 16:00:00.001000+00:00,1739462400001,2025-02-13T16:00:00.001000+00:00,-0.00012867,191.85380679
2025-02-14 00:00:00+00:00,1739491200000,2025-02-14T00:00:00+00:00,-1.559e-05,194.14399628
2025-02-14 08:00:00.001000+00:00,1739520000001,2025-02-14T08:00:00.001000+00:00,8.32e-05,196.5
2025-02-14 16:00:00+00:00,1739548800000,2025-02-14T16:00:00+00:00,8.466e-05,200.77
2025-02-15 00:00:00+00:00,1739577600000,2025-02-15T00:00:00+00:00,8.582e-05,199.36178104
2025-02-15 08:00:00+00:00,1739606400000,2025-02-15T08:00:00+00:00,3.121e-05,195.79615983
2025-02-15 16:00:00+00:00,1739635200000,2025-02-15T16:00:00+00:00,-5.05e-05,194.53161831
2025-02-16 00:00:00+00:00,1739664000000,2025-02-16T00:00:00+00:00,-5.811e-05,194.36630934
2025-02-16 08:00:00+00:00,1739692800000,2025-02-16T08:00:00+00:00,-2.569e-05,192.79
2025-02-16 16:00:00+00:00,1739721600000,2025-02-16T16:00:00+00:00,-0.00016876,190.2
2025-02-17 00:00:00+00:00,1739750400000,2025-02-17T00:00:00+00:00,-0.00015544,188.14220351
2025-02-17 08:00:00+00:00,1739779200000,2025-02-17T08:00:00+00:00,-0.00016029,181.26216702
2025-02-17 16:00:00+00:00,1739808000000,2025-02-17T16:00:00+00:00,2.136e-05,180.26427814
2025-02-18 00:00:00+00:00,1739836800000,2025-02-18T00:00:00+00:00,3.5e-05,177.47
2025-02-18 08:00:00+00:00,1739865600000,2025-02-18T08:00:00+00:00,3.939e-05,165.58
2025-02-18 16:00:00+00:00,1739894400000,2025-02-18T16:00:00+00:00,7.053e-05,165.87640835
2025-02-19 00:00:00+00:00,1739923200000,2025-02-19T00:00:00+00:00,-1.072e-05,169.21263823
2025-02-19 08:00:00+00:00,1739952000000,2025-02-19T08:00:00+00:00,3.53e-06,168.86937447
2025-02-19 16:00:00+00:00,1739980800000,2025-02-19T16:00:00+00:00,-3.859e-05,169.66528311
2025-02-20 00:00:00+00:00,1740009600000,2025-02-20T00:00:00+00:00,-6.024e-05,168.85
2025-02-20 08:00:00+00:00,1740038400000,2025-02-20T08:00:00+00:00,1.172e-05,171.65788861
2025-02-20 16:00:00+00:00,1740067200000,2025-02-20T16:00:00+00:00,-2.991e-05,171.5
2025-02-21 00:00:00.001000+00:00,1740096000001,2025-02-21T00:00:00.001000+00:00,7.497e-05,175.97
2025-02-21 08:00:00+00:00,1740124800000,2025-02-21T08:00:00+00:00,1.692e-05,175.75027027
2025-02-21 16:00:00+00:00,1740153600000,2025-02-21T16:00:00+00:00,-4.765e-05,173.08
2025-02-22 00:00:00+00:00,1740182400000,2025-02-22T00:00:00+00:00,-0.00011947,168.84
2025-02-22 08:00:00+00:00,1740211200000,2025-02-22T08:00:00+00:00,-6.714e-05,171.65
2025-02-22 16:00:00+00:00,1740240000000,2025-02-22T16:00:00+00:00,-6.107e-05,174.12119354
2025-02-23 00:00:00+00:00,1740268800000,2025-02-23T00:00:00+00:00,9.111e-05,171.99
2025-02-23 08:00:00+00:00,1740297600000,2025-02-23T08:00:00+00:00,7.31e-05,172.80308956
2025-02-23 16:00:00+00:00,1740326400000,2025-02-23T16:00:00+00:00,-5.162e-05,166.68701706
2025-02-24 00:00:00+00:00,1740355200000,2025-02-24T00:00:00+00:00,-6.07e-05,167.84
2025-02-24 08:00:00+00:00,1740384000000,2025-02-24T08:00:00+00:00,-6.256e-05,160.90150419
2025-02-24 16:00:00+00:00,1740412800000,2025-02-24T16:00:00+00:00,6.005e-05,152.61
2025-02-25 00:00:00+00:00,1740441600000,2025-02-25T00:00:00+00:00,2.735e-05,141.75021548
2025-02-25 08:00:00+00:00,1740470400000,2025-02-25T08:00:00+00:00,3.295e-05,136.27353948
2025-02-25 16:00:00+00:00,1740499200000,2025-02-25T16:00:00+00:00,-5.354e-05,138.79367504
2025-02-26 00:00:00+00:00,1740528000000,2025-02-26T00:00:00+00:00,-0.00010562,144.25
2025-02-26 08:00:00+00:00,1740556800000,2025-02-26T08:00:00+00:00,2.46e-05,140.12
2025-02-26 16:00:00+00:00,1740585600000,2025-02-26T16:00:00+00:00,3.131e-05,139.21
2025-02-27 00:00:00.001000+00:00,1740614400001,2025-02-27T00:00:00.001000+00:00,7.728e-05,135.27
2025-02-27 08:00:00+00:00,1740643200000,2025-02-27T08:00:00+00:00,2.605e-05,140.93
2025-02-27 16:00:00+00:00,1740672000000,2025-02-27T16:00:00+00:00,0.0001,139.6
2025-02-28 00:00:00.001000+00:00,1740700800001,2025-02-28T00:00:00.001000+00:00,0.0001,137.60169084
2025-02-28 08:00:00+00:00,1740729600000,2025-02-28T08:00:00+00:00,0.0001,128.47944622
2025-02-28 16:00:00+00:00,1740758400000,2025-02-28T16:00:00+00:00,0.0001,145.63
2025-03-01 00:00:00+00:00,1740787200000,2025-03-01T00:00:00+00:00,0.0001,148.06548702
2025-03-01 08:00:00+00:00,1740816000000,2025-03-01T08:00:00+00:00,8.741e-05,142.46
2025-03-01 16:00:00.001000+00:00,1740844800001,2025-03-01T16:00:00.001000+00:00,7.852e-05,140.31787626
2025-03-02 00:00:00+00:00,1740873600000,2025-03-02T00:00:00+00:00,-8.161e-05,143.56
2025-03-02 08:00:00+00:00,1740902400000,2025-03-02T08:00:00+00:00,9.93e-05,143.72044887
2025-03-02 16:00:00+00:00,1740931200000,2025-03-02T16:00:00+00:00,7.81e-05,157.29
2025-03-03 00:00:00.001000+00:00,1740960000001,2025-03-03T00:00:00.001000+00:00,-3.892e-05,178.63590092
2025-03-03 08:00:00+00:00,1740988800000,2025-03-03T08:00:00+00:00,6.535e-05,162.18
2025-03-03 16:00:00+00:00,1741017600000,2025-03-03T16:00:00+00:00,-8.506e-05,157.7
2025-03-04 00:00:00.001000+00:00,1741046400001,2025-03-04T00:00:00.001000+00:00,-7.114e-05,142.05
2025-03-04 08:00:00.005000+00:00,1741075200005,2025-03-04T08:00:00.005000+00:00,-8.372e-05,135.98
2025-03-04 16:00:00+00:00,1741104000000,2025-03-04T16:00:00+00:00,3.869e-05,138.51478272
2025-03-05 00:00:00+00:00,1741132800000,2025-03-05T00:00:00+00:00,-0.00014911,144.70718577
2025-03-05 08:00:00+00:00,1741161600000,2025-03-05T08:00:00+00:00,2.866e-05,142.8
2025-03-05 16:00:00+00:00,1741190400000,2025-03-05T16:00:00+00:00,-6.413e-05,141.56049877
2025-03-06 00:00:00+00:00,1741219200000,2025-03-06T00:00:00+00:00,-0.00011916,146.15682397
2025-03-06 08:00:00.001000+00:00,1741248000001,2025-03-06T08:00:00.001000+00:00,-1.489e-05,148.57
2025-03-06 16:00:00+00:00,1741276800000,2025-03-06T16:00:00+00:00,-3.599e-05,148.96
2025-03-07 00:00:00+00:00,1741305600000,2025-03-07T00:00:00+00:00,-0.00011194,143.22
2025-03-07 08:00:00.001000+00:00,1741334400001,2025-03-07T08:00:00.001000+00:00,-8.351e-05,144.23
2025-03-07 16:00:00+00:00,1741363200000,2025-03-07T16:00:00+00:00,4.709e-05,144.80428919
2025-03-08 00:00:00+00:00,1741392000000,2025-03-08T00:00:00+00:00,6.15e-05,139.3
2025-03-08 08:00:00.001000+00:00,1741420800001,2025-03-08T08:00:00.001000+00:00,-3.422e-05,138.71541976
2025-03-08 16:00:00.001000+00:00,1741449600001,2025-03-08T16:00:00.001000+00:00,-6.242e-05,137.11
2025-03-09 00:00:00.001000+00:00,1741478400001,2025-03-09T00:00:00.001000+00:00,-0.00010535,136.93
2025-03-09 08:00:00+00:00,1741507200000,2025-03-09T08:00:00+00:00,5.62e-06,139.55508954
2025-03-09 16:00:00+00:00,1741536000000,2025-03-09T16:00:00+00:00,6.936e-05,130.13
2025-03-10 00:00:00+00:00,1741564800000,2025-03-10T00:00:00+00:00,-5.692e-05,126.42511195
2025-03-10 08:00:00+00:00,1741593600000,2025-03-10T08:00:00+00:00,-0.00010237,128.02045464
2025-03-10 16:00:00+00:00,1741622400000,2025-03-10T16:00:00+00:00,-9.844e-05,121.88
2025-03-11 00:00:00+00:00,1741651200000,2025-03-11T00:00:00+00:00,-0.00011653,118.26
2025-03-11 08:00:00+00:00,1741680000000,2025-03-11T08:00:00+00:00,9.198e-05,123.05
2025-03-11 16:00:00.001000+00:00,1741708800001,2025-03-11T16:00:00.001000+00:00,8.681e-05,124.94
2025-03-12 00:00:00+00:00,1741737600000,2025-03-12T00:00:00+00:00,-7.98e-06,125.29
2025-03-12 08:00:00+00:00,1741766400000,2025-03-12T08:00:00+00:00,3.25e-06,123.12761296
2025-03-12 16:00:00.001000+00:00,1741795200001,2025-03-12T16:00:00.001000+00:00,-3.859e-05,124.4686367
2025-03-13 00:00:00+00:00,1741824000000,2025-03-13T00:00:00+00:00,1.189e-05,126.55655286
2025-03-13 08:00:00+00:00,1741852800000,2025-03-13T08:00:00+00:00,-7.287e-05,124.18
2025-03-13 16:00:00+00:00,1741881600000,2025-03-13T16:00:00+00:00,7.399e-05,124.27303681
2025-03-14 00:00:00+00:00,1741910400000,2025-03-14T00:00:00+00:00,3.347e-05,123.32
2025-03-14 08:00:00+00:00,1741939200000,2025-03-14T08:00:00+00:00,0.0001,124.61
2025-03-14 16:00:00+00:00,1741968000000,2025-03-14T16:00:00+00:00,9.595e-05,132.0859409
2025-03-15 00:00:00+00:00,1741996800000,2025-03-15T00:00:00+00:00,0.0001,133.50023954
2025-03-15 08:00:00+00:00,1742025600000,2025-03-15T08:00:00+00:00,7.299e-05,132.85890609
2025-03-15 16:00:00+00:00,1742054400000,2025-03-15T16:00:00+00:00,-2.397e-05,135.04
2025-03-16 00:00:00+00:00,1742083200000,2025-03-16T00:00:00+00:00,3.93e-06,135.79004921
2025-03-16 08:00:00+00:00,1742112000000,2025-03-16T08:00:00+00:00,5.58e-05,134.58
2025-03-16 16:00:00+00:00,1742140800000,2025-03-16T16:00:00+00:00,-3.228e-05,128.69635225
2025-03-17 00:00:00+00:00,1742169600000,2025-03-17T00:00:00+00:00,-8.027e-05,126.05
2025-03-17 08:00:00+00:00,1742198400000,2025-03-17T08:00:00+00:00,-5.403e-05,129.19
2025-03-17 16:00:00+00:00,1742227200000,2025-03-17T16:00:00+00:00,-3.998e-05,127.47
2025-03-18 00:00:00+00:00,1742256000000,2025-03-18T00:00:00+00:00,-6.365e-05,127.93387199
2025-03-18 08:00:00+00:00,1742284800000,2025-03-18T08:00:00+00:00,-8.081e-05,125.10114641
2025-03-18 16:00:00+00:00,1742313600000,2025-03-18T16:00:00+00:00,-2.71e-05,122.49298813
2025-03-19 00:00:00+00:00,1742342400000,2025-03-19T00:00:00+00:00,-6.788e-05,125.26230239
2025-03-19 08:00:00+00:00,1742371200000,2025-03-19T08:00:00+00:00,7.274e-05,125.63
2025-03-19 16:00:00+00:00,1742400000000,2025-03-19T16:00:00+00:00,0.0001,132.26495301
2025-03-20 00:00:00+00:00,1742428800000,2025-03-20T00:00:00+00:00,0.0001,135.3
2025-03-20 08:00:00+00:00,1742457600000,2025-03-20T08:00:00+00:00,0.0001,133.9596567
2025-03-20 16:00:00+00:00,1742486400000,2025-03-20T16:00:00+00:00,-1.871e-05,128.89721665
2025-03-21 00:00:00+00:00,1742515200000,2025-03-21T00:00:00+00:00,-3.932e-05,127.53
2025-03-21 08:00:00+00:00,1742544000000,2025-03-21T08:00:00+00:00,-1.407e-05,128.0
2025-03-21 16:00:00+00:00,1742572800000,2025-03-21T16:00:00+00:00,-3.604e-05,125.92
2025-03-22 00:00:00+00:00,1742601600000,2025-03-22T00:00:00+00:00,-3.723e-05,128.40449159
2025-03-22 08:00:00.004000+00:00,1742630400004,2025-03-22T08:00:00.004000+00:00,-2.882e-05,128.74
2025-03-22 16:00:00+00:00,1742659200000,2025-03-22T16:00:00+00:00,-8.49e-06,129.15415255
2025-03-23 00:00:00+00:00,1742688000000,2025-03-23T00:00:00+00:00,-6.482e-05,128.44
2025-03-23 08:00:00+00:00,1742716800000,2025-03-23T08:00:00+00:00,2.642e-05,131.08
2025-03-23 16:00:00+00:00,1742745600000,2025-03-23T16:00:00+00:00,5.551e-05,132.44550601
2025-03-24 00:00:00+00:00,1742774400000,2025-03-24T00:00:00+00:00,-2.538e-05,132.77034094
2025-03-24 08:00:00+00:00,1742803200000,2025-03-24T08:00:00+00:00,0.0001,138.83
2025-03-24 16:00:00+00:00,1742832000000,2025-03-24T16:00:00+00:00,5.301e-05,143.19202196
2025-03-25 00:00:00.001000+00:00,1742860800001,2025-03-25T00:00:00.001000+00:00,0.0001,140.95
2025-03-25 08:00:00+00:00,1742889600000,2025-03-25T08:00:00+00:00,1.127e-05,139.39331957
2025-03-25 16:00:00+00:00,1742918400000,2025-03-25T16:00:00+00:00,1.713e-05,145.22097202
2025-03-26 00:00:00+00:00,1742947200000,2025-03-26T00:00:00+00:00,6.16e-06,143.6
2025-03-26 08:00:00+00:00,1742976000000,2025-03-26T08:00:00+00:00,-4.441e-05,144.44
2025-03-26 16:00:00.001000+00:00,1743004800001,2025-03-26T16:00:00.001000+00:00,-0.00012817,139.25602689
2025-03-27 00:00:00.001000+00:00,1743033600001,2025-03-27T00:00:00.001000+00:00,-0.00013711,137.26
2025-03-27 08:00:00.001000+00:00,1743062400001,2025-03-27T08:00:00.001000+00:00,-5.633e-05,138.80967611
2025-03-27 16:00:00.002000+00:00,1743091200002,2025-03-27T16:00:00.002000+00:00,-2.555e-05,137.70812692
2025-03-28 00:00:00.001000+00:00,1743120000001,2025-03-28T00:00:00.001000+00:00,-3.227e-05,138.37
2025-03-28 08:00:00.001000+00:00,1743148800001,2025-03-28T08:00:00.001000+00:00,-0.00010137,131.54072372
2025-03-28 16:00:00+00:00,1743177600000,2025-03-28T16:00:00+00:00,-9.351e-05,129.85266281
2025-03-29 00:00:00+00:00,1743206400000,2025-03-29T00:00:00+00:00,-4.899e-05,129.40185333
2025-03-29 08:00:00+00:00,1743235200000,2025-03-29T08:00:00+00:00,2.251e-05,126.33
2025-03-29 16:00:00+00:00,1743264000000,2025-03-29T16:00:00+00:00,-8.909e-05,126.23
2025-03-30 00:00:00+00:00,1743292800000,2025-03-30T00:00:00+00:00,-0.00025778,124.5
2025-03-30 08:00:00+00:00,1743321600000,2025-03-30T08:00:00+00:00,-0.00040116,125.38
2025-03-30 16:00:00+00:00,1743350400000,2025-03-30T16:00:00+00:00,-0.00018023,124.85
2025-03-31 00:00:00+00:00,1743379200000,2025-03-31T00:00:00+00:00,-0.0002337,124.74
2025-03-31 08:00:00+00:00,1743408000000,2025-03-31T08:00:00+00:00,-7.84e-06,125.83
2025-03-31 16:00:00+00:00,1743436800000,2025-03-31T16:00:00+00:00,-4.24e-06,126.71
2025-04-01 00:00:00+00:00,1743465600000,2025-04-01T00:00:00+00:00,-9.179e-05,124.49277192
2025-04-01 08:00:00.001000+00:00,1743494400001,2025-04-01T08:00:00.001000+00:00,-5.66e-06,126.62529522
2025-04-01 16:00:00+00:00,1743523200000,2025-04-01T16:00:00+00:00,-5.281e-05,129.21
2025-04-02 00:00:00.001000+00:00,1743552000001,2025-04-02T00:00:00.001000+00:00,-6.427e-05,126.61
2025-04-02 08:00:00+00:00,1743580800000,2025-04-02T08:00:00+00:00,-0.00013428,124.46488475
2025-04-02 16:00:00+00:00,1743609600000,2025-04-02T16:00:00+00:00,4.319e-05,130.36914386
2025-04-03 00:00:00+00:00,1743638400000,2025-04-03T00:00:00+00:00,-7.645e-05,117.33
2025-04-03 08:00:00+00:00,1743667200000,2025-04-03T08:00:00+00:00,-7.305e-05,118.58233938
2025-04-03 16:00:00+00:00,1743696000000,2025-04-03T16:00:00+00:00,-0.00011099,114.08299728
2025-04-04 00:00:00+00:00,1743724800000,2025-04-04T00:00:00+00:00,-0.00033632,117.05
2025-04-04 08:00:00+00:00,1743753600000,2025-04-04T08:00:00+00:00,-1.52e-06,118.12
2025-04-04 16:00:00+00:00,1743782400000,2025-04-04T16:00:00+00:00,5.6e-06,118.54
2025-04-05 00:00:00+00:00,1743811200000,2025-04-05T00:00:00+00:00,4.038e-05,122.73914211
2025-04-05 08:00:00+00:00,1743840000000,2025-04-05T08:00:00+00:00,9.687e-05,121.02
2025-04-05 16:00:00+00:00,1743868800000,2025-04-05T16:00:00+00:00,2.06e-05,117.49301842
2025-04-06 00:00:00+00:00,1743897600000,2025-04-06T00:00:00+00:00,-5.619e-05,120.24932368
2025-04-06 08:00:00+00:00,1743926400000,2025-04-06T08:00:00+00:00,0.0001,119.14
2025-04-06 16:00:00.002000+00:00,1743955200002,2025-04-06T16:00:00.002000+00:00,-5.463e-05,114.91
2025-04-07 00:00:00+00:00,1743984000000,2025-04-07T00:00:00+00:00,-5.72e-06,105.85953176
2025-04-07 08:00:00+00:00,1744012800000,2025-04-07T08:00:00+00:00,3.966e-05,97.09
2025-04-07 16:00:00+00:00,1744041600000,2025-04-07T16:00:00+00:00,-5.584e-05,106.62697982
2025-04-08 00:00:00+00:00,1744070400000,2025-04-08T00:00:00+00:00,-0.00011753,106.9127807
2025-04-08 08:00:00+00:00,1744099200000,2025-04-08T08:00:00+00:00,-4.472e-05,108.63448772
2025-04-08 16:00:00+00:00,1744128000000,2025-04-08T16:00:00+00:00,-0.00023327,107.15
2025-04-09 00:00:00+00:00,1744156800000,2025-04-09T00:00:00+00:00,-8.09e-05,105.32
2025-04-09 08:00:00.001000+00:00,1744185600001,2025-04-09T08:00:00.001000+00:00,-7.831e-05,107.32
2025-04-09 16:00:00+00:00,1744214400000,2025-04-09T16:00:00+00:00,7.621e-05,106.49
2025-04-10 00:00:00+00:00,1744243200000,2025-04-10T00:00:00+00:00,0.0001,119.01393158
2025-04-10 08:00:00+00:00,1744272000000,2025-04-10T08:00:00+00:00,0.0001,114.75
2025-04-10 16:00:00+00:00,1744300800000,2025-04-10T16:00:00+00:00,3.456e-05,109.53
2025-04-11 00:00:00.001000+00:00,1744329600001,2025-04-11T00:00:00.001000+00:00,-6.109e-05,112.75960702
2025-04-11 08:00:00+00:00,1744358400000,2025-04-11T08:00:00+00:00,4.298e-05,116.53
2025-04-11 16:00:00+00:00,1744387200000,2025-04-11T16:00:00+00:00,0.0001,119.88132456
2025-04-12 00:00:00+00:00,1744416000000,2025-04-12T00:00:00+00:00,5.911e-05,121.33030702
2025-04-12 08:00:00.001000+00:00,1744444800001,2025-04-12T08:00:00.001000+00:00,-1.714e-05,124.18
2025-04-12 16:00:00+00:00,1744473600000,2025-04-12T16:00:00+00:00,2.768e-05,130.43
2025-04-13 00:00:00+00:00,1744502400000,2025-04-13T00:00:00+00:00,-3.35e-06,132.17447018
2025-04-13 08:00:00+00:00,1744531200000,2025-04-13T08:00:00+00:00,0.0001,128.50478596
2025-04-13 16:00:00+00:00,1744560000000,2025-04-13T16:00:00+00:00,8.174e-05,128.66694123
2025-04-14 00:00:00+00:00,1744588800000,2025-04-14T00:00:00+00:00,9.053e-05,128.3
2025-04-14 08:00:00+00:00,1744617600000,2025-04-14T08:00:00+00:00,-3.957e-05,132.23249825
2025-04-14 16:00:00+00:00,1744646400000,2025-04-14T16:00:00+00:00,-9.45e-05,128.70917423
2025-04-15 00:00:00+00:00,1744675200000,2025-04-15T00:00:00+00:00,-5.912e-05,129.34
2025-04-15 08:00:00+00:00,1744704000000,2025-04-15T08:00:00+00:00,-0.00013087,131.48
2025-04-15 16:00:00.001000+00:00,1744732800001,2025-04-15T16:00:00.001000+00:00,1.824e-05,129.54
2025-04-16 00:00:00+00:00,1744761600000,2025-04-16T00:00:00+00:00,-9.158e-05,126.06
2025-04-16 08:00:00+00:00,1744790400000,2025-04-16T08:00:00+00:00,-3.187e-05,124.73429038
2025-04-16 16:00:00+00:00,1744819200000,2025-04-16T16:00:00+00:00,-2.327e-05,128.32305439
2025-04-17 00:00:00.001000+00:00,1744848000001,2025-04-17T00:00:00.001000+00:00,0.0001,131.29
2025-04-17 08:00:00+00:00,1744876800000,2025-04-17T08:00:00+00:00,0.0001,134.22
2025-04-17 16:00:00.001000+00:00,1744905600001,2025-04-17T16:00:00.001000+00:00,1.614e-05,133.39
2025-04-18 00:00:00+00:00,1744934400000,2025-04-18T00:00:00+00:00,1.84e-06,134.76002105
2025-04-18 08:00:00+00:00,1744963200000,2025-04-18T08:00:00+00:00,-1.498e-05,134.86
2025-04-18 16:00:00+00:00,1744992000000,2025-04-18T16:00:00+00:00,-3.334e-05,132.81932895
2025-04-19 00:00:00+00:00,1745020800000,2025-04-19T00:00:00+00:00,-5.659e-05,133.97070145
2025-04-19 08:00:00+00:00,1745049600000,2025-04-19T08:00:00+00:00,-5.634e-05,138.67
2025-04-19 16:00:00+00:00,1745078400000,2025-04-19T16:00:00+00:00,-0.00013071,138.87
2025-04-20 00:00:00+00:00,1745107200000,2025-04-20T00:00:00+00:00,-7.971e-05,139.77
2025-04-20 08:00:00+00:00,1745136000000,2025-04-20T08:00:00+00:00,-0.00016975,139.52275877
2025-04-20 16:00:00+00:00,1745164800000,2025-04-20T16:00:00+00:00,-0.00013544,135.88
2025-04-21 00:00:00+00:00,1745193600000,2025-04-21T00:00:00+00:00,-0.00019655,137.77072105
2025-04-21 08:00:00.005000+00:00,1745222400005,2025-04-21T08:00:00.005000+00:00,-0.0001549,140.08
2025-04-21 16:00:00.003000+00:00,1745251200003,2025-04-21T16:00:00.003000+00:00,-0.00010934,138.26
2025-04-22 00:00:00.008000+00:00,1745280000008,2025-04-22T00:00:00.008000+00:00,-0.00025936,136.44
2025-04-22 08:00:00+00:00,1745308800000,2025-04-22T08:00:00+00:00,3.362e-05,140.12
2025-04-22 16:00:00+00:00,1745337600000,2025-04-22T16:00:00+00:00,4.549e-05,145.25889649
2025-04-23 00:00:00+00:00,1745366400000,2025-04-23T00:00:00+00:00,0.0001,148.7
2025-04-23 08:00:00.002000+00:00,1745395200002,2025-04-23T08:00:00.002000+00:00,-3.559e-05,151.52380762
2025-04-23 16:00:00+00:00,1745424000000,2025-04-23T16:00:00+00:00,6.137e-05,151.35349792
2025-04-24 00:00:00+00:00,1745452800000,2025-04-24T00:00:00+00:00,0.0001,151.09161875
2025-04-24 08:00:00.001000+00:00,1745481600001,2025-04-24T08:00:00.001000+00:00,0.0001,147.12696458
2025-04-24 16:00:00.001000+00:00,1745510400001,2025-04-24T16:00:00.001000+00:00,5.163e-05,149.25
2025-04-25 00:00:00.007000+00:00,1745539200007,2025-04-25T00:00:00.007000+00:00,0.0001,152.50556771
2025-04-25 08:00:00.002000+00:00,1745568000002,2025-04-25T08:00:00.002000+00:00,0.0001,154.82059688
2025-04-25 16:00:00.003000+00:00,1745596800003,2025-04-25T16:00:00.003000+00:00,1.235e-05,152.8352625
2025-04-26 00:00:00.002000+00:00,1745625600002,2025-04-26T00:00:00.002000+00:00,1.05e-05,150.76
2025-04-26 08:00:00+00:00,1745654400000,2025-04-26T08:00:00+00:00,-4.023e-05,151.28
2025-04-26 16:00:00.002000+00:00,1745683200002,2025-04-26T16:00:00.002000+00:00,-7.805e-05,149.21485312
2025-04-27 00:00:00.001000+00:00,1745712000001,2025-04-27T00:00:00.001000+00:00,1.325e-05,149.14
2025-04-27 08:00:00+00:00,1745740800000,2025-04-27T08:00:00+00:00,-7.219e-05,147.35
2025-04-27 16:00:00+00:00,1745769600000,2025-04-27T16:00:00+00:00,5.977e-05,148.94
2025-04-28 00:00:00.001000+00:00,1745798400001,2025-04-28T00:00:00.001000+00:00,-2.3e-05,147.90228125
2025-04-28 08:00:00.003000+00:00,1745827200003,2025-04-28T08:00:00.003000+00:00,5.514e-05,151.04
2025-04-28 16:00:00.005000+00:00,1745856000005,2025-04-28T16:00:00.005000+00:00,-0.00010338,146.23
2025-04-29 00:00:00+00:00,1745884800000,2025-04-29T00:00:00+00:00,-0.00016044,147.76
2025-04-29 08:00:00+00:00,1745913600000,2025-04-29T08:00:00+00:00,-4.373e-05,148.82
2025-04-29 16:00:00.010000+00:00,1745942400010,2025-04-29T16:00:00.010000+00:00,2.238e-05,147.92
2025-04-30 00:00:00.001000+00:00,1745971200001,2025-04-30T00:00:00.001000+00:00,-6.214e-05,146.20970877
2025-04-30 08:00:00+00:00,1746000000000,2025-04-30T08:00:00+00:00,-5.841e-05,146.33
2025-04-30 16:00:00.003000+00:00,1746028800003,2025-04-30T16:00:00.003000+00:00,-0.0001511,142.1614614
2025-05-01 00:00:00+00:00,1746057600000,2025-05-01T00:00:00+00:00,4.946e-05,147.4772386
2025-05-01 08:00:00+00:00,1746086400000,2025-05-01T08:00:00+00:00,8.433e-05,149.72746667
2025-05-01 16:00:00.001000+00:00,1746115200001,2025-05-01T16:00:00.001000+00:00,5.6e-06,151.77
2025-05-02 00:00:00+00:00,1746144000000,2025-05-02T00:00:00+00:00,2.49e-05,150.76346579
2025-05-02 08:00:00+00:00,1746172800000,2025-05-02T08:00:00+00:00,-5.683e-05,148.43
2025-05-02 16:00:00.003000+00:00,1746201600003,2025-05-02T16:00:00.003000+00:00,-5.442e-05,149.82
2025-05-03 00:00:00+00:00,1746230400000,2025-05-03T00:00:00+00:00,-0.00012523,147.94767604
2025-05-03 08:00:00+00:00,1746259200000,2025-05-03T08:00:00+00:00,-3.821e-05,148.02040877
2025-05-03 16:00:00+00:00,1746288000000,2025-05-03T16:00:00+00:00,-9.958e-05,148.38497544
2025-05-04 00:00:00.001000+00:00,1746316800001,2025-05-04T00:00:00.001000+00:00,-4.04e-06,146.63567544
2025-05-04 08:00:00.001000+00:00,1746345600001,2025-05-04T08:00:00.001000+00:00,-4.138e-05,145.57
2025-05-04 16:00:00.002000+00:00,1746374400002,2025-05-04T16:00:00.002000+00:00,-0.00012151,146.72538246
2025-05-05 00:00:00+00:00,1746403200000,2025-05-05T00:00:00+00:00,-6.756e-05,143.87029825
2025-05-05 08:00:00+00:00,1746432000000,2025-05-05T08:00:00+00:00,1.617e-05,146.8
2025-05-05 16:00:00.006000+00:00,1746460800006,2025-05-05T16:00:00.006000+00:00,-9.298e-05,143.66304649
2025-05-06 00:00:00.002000+00:00,1746489600002,2025-05-06T00:00:00.002000+00:00,6.405e-05,146.65
2025-05-06 08:00:00.005000+00:00,1746518400005,2025-05-06T08:00:00.005000+00:00,-4.546e-05,145.19346053
2025-05-06 16:00:00+00:00,1746547200000,2025-05-06T16:00:00+00:00,-2.434e-05,143.11
2025-05-07 00:00:00.002000+00:00,1746576000002,2025-05-07T00:00:00.002000+00:00,8.971e-05,146.83
2025-05-07 08:00:00+00:00,1746604800000,2025-05-07T08:00:00+00:00,3.313e-05,147.19097544
2025-05-07 16:00:00.006000+00:00,1746633600006,2025-05-07T16:00:00.006000+00:00,6.688e-05,145.6776
2025-05-08 00:00:00+00:00,1746662400000,2025-05-08T00:00:00+00:00,2.457e-05,147.27
2025-05-08 08:00:00.001000+00:00,1746691200001,2025-05-08T08:00:00.001000+00:00,5.832e-05,151.51
2025-05-08 16:00:00.002000+00:00,1746720000002,2025-05-08T16:00:00.002000+00:00,9.64e-05,160.16273684
2025-05-09 00:00:00.001000+00:00,1746748800001,2025-05-09T00:00:00.001000+00:00,0.0001,164.44475439
2025-05-09 08:00:00.006000+00:00,1746777600006,2025-05-09T08:00:00.006000+00:00,0.0001,165.06110614
2025-05-09 16:00:00+00:00,1746806400000,2025-05-09T16:00:00+00:00,0.0001,170.73
2025-05-10 00:00:00.001000+00:00,1746835200001,2025-05-10T00:00:00.001000+00:00,0.0001,172.74
2025-05-10 08:00:00+00:00,1746864000000,2025-05-10T08:00:00+00:00,0.0001,172.29862412
2025-05-10 16:00:00.001000+00:00,1746892800001,2025-05-10T16:00:00.001000+00:00,0.0001,171.02073684
2025-05-11 00:00:00+00:00,1746921600000,2025-05-11T00:00:00+00:00,0.0001,177.87069825
2025-05-11 08:00:00.001000+00:00,1746950400001,2025-05-11T08:00:00.001000+00:00,0.0001,172.59454912
2025-05-11 16:00:00.001000+00:00,1746979200001,2025-05-11T16:00:00.001000+00:00,5.117e-05,170.41
2025-05-12 00:00:00.004000+00:00,1747008000004,2025-05-12T00:00:00.004000+00:00,3.571e-05,173.09405
2025-05-12 08:00:00+00:00,1747036800000,2025-05-12T08:00:00+00:00,6.886e-05,176.03
2025-05-12 16:00:00+00:00,1747065600000,2025-05-12T16:00:00+00:00,0.0001,174.4
2025-05-13 00:00:00+00:00,1747094400000,2025-05-13T00:00:00+00:00,8.216e-05,174.14
2025-05-13 08:00:00.008000+00:00,1747123200008,2025-05-13T08:00:00.008000+00:00,0.0001,171.42
2025-05-13 16:00:00.001000+00:00,1747152000001,2025-05-13T16:00:00.001000+00:00,4.667e-05,176.0033386
2025-05-14 00:00:00.007000+00:00,1747180800007,2025-05-14T00:00:00.007000+00:00,0.0001,183.72067456
2025-05-14 08:00:00+00:00,1747209600000,2025-05-14T08:00:00+00:00,0.0001,181.68896579
2025-05-14 16:00:00.002000+00:00,1747238400002,2025-05-14T16:00:00.002000+00:00,2.295e-05,177.26
2025-05-15 00:00:00+00:00,1747267200000,2025-05-15T00:00:00+00:00,-2.267e-05,176.52094781
2025-05-15 08:00:00.003000+00:00,1747296000003,2025-05-15T08:00:00.003000+00:00,9.24e-06,170.34
2025-05-15 16:00:00+00:00,1747324800000,2025-05-15T16:00:00+00:00,3.324e-05,172.14809737
2025-05-16 00:00:00.001000+00:00,1747353600001,2025-05-16T00:00:00.001000+00:00,-1.229e-05,169.06
2025-05-16 08:00:00+00:00,1747382400000,2025-05-16T08:00:00+00:00,8.483e-05,172.07
2025-05-16 16:00:00+00:00,1747411200000,2025-05-16T16:00:00+00:00,-1.038e-05,172.01804474
2025-05-17 00:00:00+00:00,1747440000000,2025-05-17T00:00:00+00:00,-4.807e-05,167.36287412
2025-05-17 08:00:00.001000+00:00,1747468800001,2025-05-17T08:00:00.001000+00:00,3.475e-05,168.49
2025-05-17 16:00:00.004000+00:00,1747497600004,2025-05-17T16:00:00.004000+00:00,1.111e-05,167.21177807
2025-05-18 00:00:00+00:00,1747526400000,2025-05-18T00:00:00+00:00,2.02e-05,165.88
2025-05-18 08:00:00+00:00,1747555200000,2025-05-18T08:00:00+00:00,7.853e-05,170.59
2025-05-18 16:00:00+00:00,1747584000000,2025-05-18T16:00:00+00:00,5.057e-05,176.2
2025-05-19 00:00:00+00:00,1747612800000,2025-05-19T00:00:00+00:00,-1.197e-05,173.24
2025-05-19 08:00:00.006000+00:00,1747641600006,2025-05-19T08:00:00.006000+00:00,-0.00013744,161.7932807
2025-05-19 16:00:00.010000+00:00,1747670400010,2025-05-19T16:00:00.010000+00:00,-0.00010509,164.09827851
2025-05-20 00:00:00+00:00,1747699200000,2025-05-20T00:00:00+00:00,7.217e-05,166.71779649
2025-05-20 08:00:00.002000+00:00,1747728000002,2025-05-20T08:00:00.002000+00:00,0.0001,167.3
2025-05-20 16:00:00+00:00,1747756800000,2025-05-20T16:00:00+00:00,-2.235e-05,166.54
2025-05-21 00:00:00+00:00,1747785600000,2025-05-21T00:00:00+00:00,6.901e-05,168.51
2025-05-21 08:00:00.001000+00:00,1747814400001,2025-05-21T08:00:00.001000+00:00,9.58e-05,168.76
2025-05-21 16:00:00.004000+00:00,1747843200004,2025-05-21T16:00:00.004000+00:00,9.897e-05,172.12
2025-05-22 00:00:00.001000+00:00,1747872000001,2025-05-22T00:00:00.001000+00:00,7.607e-05,173.49895439
2025-05-22 08:00:00+00:00,1747900800000,2025-05-22T08:00:00+00:00,0.0001,178.45
2025-05-22 16:00:00.002000+00:00,1747929600002,2025-05-22T16:00:00.002000+00:00,0.0001,178.9087386
2025-05-23 00:00:00.006000+00:00,1747958400006,2025-05-23T00:00:00.006000+00:00,0.0001,179.6
2025-05-23 08:00:00+00:00,1747987200000,2025-05-23T08:00:00+00:00,0.0001,182.49
2025-05-23 16:00:00.007000+00:00,1748016000007,2025-05-23T16:00:00.007000+00:00,0.0001,180.61
2025-05-24 00:00:00.010000+00:00,1748044800010,2025-05-24T00:00:00.010000+00:00,0.0001,173.92919035
2025-05-24 08:00:00+00:00,1748073600000,2025-05-24T08:00:00+00:00,-2.064e-05,173.8414386
2025-05-24 16:00:00.003000+00:00,1748102400003,2025-05-24T16:00:00.003000+00:00,1.263e-05,176.23556053
2025-05-25 00:00:00.004000+00:00,1748131200004,2025-05-25T00:00:00.004000+00:00,6.352e-05,175.81
2025-05-25 08:00:00+00:00,1748160000000,2025-05-25T08:00:00+00:00,-3.821e-05,172.27191272
2025-05-25 16:00:00+00:00,1748188800000,2025-05-25T16:00:00+00:00,-3.651e-05,170.21376447
2025-05-26 00:00:00+00:00,1748217600000,2025-05-26T00:00:00+00:00,-9.9e-06,175.65
2025-05-26 08:00:00+00:00,1748246400000,2025-05-26T08:00:00+00:00,1.765e-05,178.07513684
2025-05-26 16:00:00.002000+00:00,1748275200002,2025-05-26T16:00:00.002000+00:00,8.686e-05,177.38
2025-05-27 00:00:00.003000+00:00,1748304000003,2025-05-27T00:00:00.003000+00:00,-8.877e-05,174.80368026
2025-05-27 08:00:00.001000+00:00,1748332800001,2025-05-27T08:00:00.001000+00:00,-2.909e-05,175.38
2025-05-27 16:00:00.005000+00:00,1748361600005,2025-05-27T16:00:00.005000+00:00,0.0001,178.4
2025-05-28 00:00:00.002000+00:00,1748390400002,2025-05-28T00:00:00.002000+00:00,0.0001,176.64447588
2025-05-28 08:00:00.003000+00:00,1748419200003,2025-05-28T08:00:00.003000+00:00,-2.762e-05,173.81
2025-05-28 16:00:00.002000+00:00,1748448000002,2025-05-28T16:00:00.002000+00:00,-0.00013891,169.58
2025-05-29 00:00:00+00:00,1748476800000,2025-05-29T00:00:00+00:00,-8.565e-05,172.12576447
2025-05-29 08:00:00.006000+00:00,1748505600006,2025-05-29T08:00:00.006000+00:00,7.947e-05,172.17
2025-05-29 16:00:00+00:00,1748534400000,2025-05-29T16:00:00+00:00,-3.067e-05,169.65
2025-05-30 00:00:00.003000+00:00,1748563200003,2025-05-30T00:00:00.003000+00:00,-1.093e-05,166.62
2025-05-30 08:00:00.003000+00:00,1748592000003,2025-05-30T08:00:00.003000+00:00,-5.322e-05,162.59
2025-05-30 16:00:00+00:00,1748620800000,2025-05-30T16:00:00+00:00,3.101e-05,161.11
2025-05-31 00:00:00+00:00,1748649600000,2025-05-31T00:00:00+00:00,3.422e-05,156.12199123
2025-05-31 08:00:00+00:00,1748678400000,2025-05-31T08:00:00+00:00,1.633e-05,154.77
2025-05-31 16:00:00+00:00,1748707200000,2025-05-31T16:00:00+00:00,-0.00010143,155.52383728
2025-06-01 00:00:00.001000+00:00,1748736000001,2025-06-01T00:00:00.001000+00:00,-6.233e-05,156.37
2025-06-01 08:00:00.002000+00:00,1748764800002,2025-06-01T08:00:00.002000+00:00,-8.005e-05,154.35154326
2025-06-01 16:00:00+00:00,1748793600000,2025-06-01T16:00:00+00:00,-4.325e-05,154.08
2025-06-02 00:00:00.001000+00:00,1748822400001,2025-06-02T00:00:00.001000+00:00,4.401e-05,157.62
2025-06-02 08:00:00+00:00,1748851200000,2025-06-02T08:00:00+00:00,4.587e-05,155.46115877
2025-06-02 16:00:00+00:00,1748880000000,2025-06-02T16:00:00+00:00,-3.75e-06,153.09
2025-06-03 00:00:00+00:00,1748908800000,2025-06-03T00:00:00+00:00,4.371e-05,156.74
2025-06-03 08:00:00+00:00,1748937600000,2025-06-03T08:00:00+00:00,6.746e-05,159.75
2025-06-03 16:00:00.001000+00:00,1748966400001,2025-06-03T16:00:00.001000+00:00,5.76e-06,162.12
2025-06-04 00:00:00+00:00,1748995200000,2025-06-04T00:00:00+00:00,-4.581e-05,155.10815746
2025-06-04 08:00:00+00:00,1749024000000,2025-06-04T08:00:00+00:00,5.065e-05,156.34891228
2025-06-04 16:00:00+00:00,1749052800000,2025-06-04T16:00:00+00:00,1.795e-05,157.06
2025-06-05 00:00:00.016000+00:00,1749081600016,2025-06-05T00:00:00.016000+00:00,1.332e-05,153.19
2025-06-05 08:00:00+00:00,1749110400000,2025-06-05T08:00:00+00:00,3.552e-05,152.36
2025-06-05 16:00:00+00:00,1749139200000,2025-06-05T16:00:00+00:00,-6.04e-06,150.81
2025-06-06 00:00:00.002000+00:00,1749168000002,2025-06-06T00:00:00.002000+00:00,-6.476e-05,144.21257632
2025-06-06 08:00:00+00:00,1749196800000,2025-06-06T08:00:00+00:00,-0.00011387,147.29542281
2025-06-06 16:00:00.006000+00:00,1749225600006,2025-06-06T16:00:00.006000+00:00,-1.384e-05,151.01787281
2025-06-07 00:00:00+00:00,1749254400000,2025-06-07T00:00:00+00:00,6.211e-05,147.77
2025-06-07 08:00:00+00:00,1749283200000,2025-06-07T08:00:00+00:00,1.3e-05,152.30123596
2025-06-07 16:00:00.002000+00:00,1749312000002,2025-06-07T16:00:00.002000+00:00,-2.393e-05,150.92
2025-06-08 00:00:00+00:00,1749340800000,2025-06-08T00:00:00+00:00,-7.4e-07,149.98
2025-06-08 08:00:00+00:00,1749369600000,2025-06-08T08:00:00+00:00,4.196e-05,149.22
2025-06-08 16:00:00+00:00,1749398400000,2025-06-08T16:00:00+00:00,-2.649e-05,150.63
2025-06-09 00:00:00+00:00,1749427200000,2025-06-09T00:00:00+00:00,0.0001,152.39030175
2025-06-09 08:00:00.001000+00:00,1749456000001,2025-06-09T08:00:00.001000+00:00,2.864e-05,150.78
2025-06-09 16:00:00.001000+00:00,1749484800001,2025-06-09T16:00:00.001000+00:00,4.81e-05,154.9285364
2025-06-10 00:00:00+00:00,1749513600000,2025-06-10T00:00:00+00:00,9.077e-05,161.09
2025-06-10 08:00:00.001000+00:00,1749542400001,2025-06-10T08:00:00.001000+00:00,0.0001,158.39
2025-06-10 16:00:00.003000+00:00,1749571200003,2025-06-10T16:00:00.003000+00:00,-1.13e-06,157.97
2025-06-11 00:00:00+00:00,1749600000000,2025-06-11T00:00:00+00:00,0.0001,165.06
2025-06-11 08:00:00+00:00,1749628800000,2025-06-11T08:00:00+00:00,0.0001,166.59149167
2025-06-11 16:00:00.010000+00:00,1749657600010,2025-06-11T16:00:00.010000+00:00,0.0001,167.2
2025-06-12 00:00:00.002000+00:00,1749686400002,2025-06-12T00:00:00.002000+00:00,5.193e-05,160.90971454
2025-06-12 08:00:00.003000+00:00,1749715200003,2025-06-12T08:00:00.003000+00:00,3.997e-05,158.71141905
2025-06-12 16:00:00.001000+00:00,1749744000001,2025-06-12T16:00:00.001000+00:00,-2.02e-06,156.94063377
2025-06-13 00:00:00+00:00,1749772800000,2025-06-13T00:00:00+00:00,-1.707e-05,152.25097588
2025-06-13 08:00:00.001000+00:00,1749801600001,2025-06-13T08:00:00.001000+00:00,-9.27e-05,144.92041659
2025-06-13 16:00:00.004000+00:00,1749830400004,2025-06-13T16:00:00.004000+00:00,1.064e-05,147.09
2025-06-14 00:00:00+00:00,1749859200000,2025-06-14T00:00:00+00:00,8.928e-05,148.53
2025-06-14 08:00:00+00:00,1749888000000,2025-06-14T08:00:00+00:00,2.159e-05,146.11
2025-06-14 16:00:00+00:00,1749916800000,2025-06-14T16:00:00+00:00,-4.8e-06,144.46155175
2025-06-15 00:00:00.005000+00:00,1749945600005,2025-06-15T00:00:00.005000+00:00,-3.76e-05,144.56
2025-06-15 08:00:00.009000+00:00,1749974400009,2025-06-15T08:00:00.009000+00:00,7.334e-05,145.82
2025-06-15 16:00:00+00:00,1750003200000,2025-06-15T16:00:00+00:00,8.709e-05,150.77
2025-06-16 00:00:00+00:00,1750032000000,2025-06-16T00:00:00+00:00,0.0001,152.89
2025-06-16 08:00:00+00:00,1750060800000,2025-06-16T08:00:00+00:00,0.0001,157.19949956
2025-06-16 16:00:00.003000+00:00,1750089600003,2025-06-16T16:00:00.003000+00:00,-6.24e-06,156.49
2025-06-17 00:00:00+00:00,1750118400000,2025-06-17T00:00:00+00:00,9.96e-06,150.67078596
2025-06-17 08:00:00.006000+00:00,1750147200006,2025-06-17T08:00:00.006000+00:00,0.0001,152.61862237
2025-06-17 16:00:00.001000+00:00,1750176000001,2025-06-17T16:00:00.001000+00:00,5.322e-05,147.55
2025-06-18 00:00:00.001000+00:00,1750204800001,2025-06-18T00:00:00.001000+00:00,5.552e-05,147.49
2025-06-18 08:00:00.001000+00:00,1750233600001,2025-06-18T08:00:00.001000+00:00,-7.1e-06,147.91312412
2025-06-18 16:00:00.001000+00:00,1750262400001,2025-06-18T16:00:00.001000+00:00,-2.074e-05,145.68091404
2025-06-19 00:00:00.005000+00:00,1750291200005,2025-06-19T00:00:00.005000+00:00,2.853e-05,146.28
2025-06-19 08:00:00.003000+00:00,1750320000003,2025-06-19T08:00:00.003000+00:00,2.565e-05,145.0
2025-06-19 16:00:00+00:00,1750348800000,2025-06-19T16:00:00+00:00,1.075e-05,143.08
2025-06-20 00:00:00+00:00,1750377600000,2025-06-20T00:00:00+00:00,5.538e-05,146.97565746
2025-06-20 08:00:00.002000+00:00,1750406400002,2025-06-20T08:00:00.002000+00:00,4.09e-05,147.4
2025-06-20 16:00:00.001000+00:00,1750435200001,2025-06-20T16:00:00.001000+00:00,1.443e-05,142.76
2025-06-21 00:00:00.002000+00:00,1750464000002,2025-06-21T00:00:00.002000+00:00,-5.118e-05,140.02
2025-06-21 08:00:00.005000+00:00,1750492800005,2025-06-21T08:00:00.005000+00:00,-7.613e-05,140.55
2025-06-21 16:00:00+00:00,1750521600000,2025-06-21T16:00:00+00:00,2.732e-05,140.23
2025-06-22 00:00:00.005000+00:00,1750550400005,2025-06-22T00:00:00.005000+00:00,-3.464e-05,135.33827939
2025-06-22 08:00:00+00:00,1750579200000,2025-06-22T08:00:00+00:00,3.965e-05,134.75
2025-06-22 16:00:00.003000+00:00,1750608000003,2025-06-22T16:00:00.003000+00:00,8.55e-06,128.53444605
2025-06-23 00:00:00+00:00,1750636800000,2025-06-23T00:00:00+00:00,4.979e-05,131.675925
2025-06-23 08:00:00.004000+00:00,1750665600004,2025-06-23T08:00:00.004000+00:00,4.69e-06,134.32
2025-06-23 16:00:00.013000+00:00,1750694400013,2025-06-23T16:00:00.013000+00:00,1.44e-05,133.35
2025-06-24 00:00:00.003000+00:00,1750723200003,2025-06-24T00:00:00.003000+00:00,8.638e-05,144.41
2025-06-24 08:00:00+00:00,1750752000000,2025-06-24T08:00:00+00:00,-2.013e-05,143.96364693
2025-06-24 16:00:00+00:00,1750780800000,2025-06-24T16:00:00+00:00,2.041e-05,144.24
2025-06-25 00:00:00.005000+00:00,1750809600005,2025-06-25T00:00:00.005000+00:00,-1.345e-05,145.82440482
2025-06-25 08:00:00+00:00,1750838400000,2025-06-25T08:00:00+00:00,0.0001,146.94988728
2025-06-25 16:00:00.005000+00:00,1750867200005,2025-06-25T16:00:00.005000+00:00,4.739e-05,143.61
2025-06-26 00:00:00+00:00,1750896000000,2025-06-26T00:00:00+00:00,3.413e-05,143.49
2025-06-26 08:00:00.006000+00:00,1750924800006,2025-06-26T08:00:00.006000+00:00,2.145e-05,145.07359649
2025-06-26 16:00:00.007000+00:00,1750953600007,2025-06-26T16:00:00.007000+00:00,-6.184e-05,142.9372386
2025-06-27 00:00:00+00:00,1750982400000,2025-06-27T00:00:00+00:00,-6.442e-05,138.98
2025-06-27 08:00:00+00:00,1751011200000,2025-06-27T08:00:00+00:00,1.541e-05,140.26209054
2025-06-27 16:00:00.009000+00:00,1751040000009,2025-06-27T16:00:00.009000+00:00,1.738e-05,143.4
2025-06-28 00:00:00.001000+00:00,1751068800001,2025-06-28T00:00:00.001000+00:00,6.933e-05,142.03001667
2025-06-28 08:00:00.002000+00:00,1751097600002,2025-06-28T08:00:00.002000+00:00,0.0001,146.45733333
2025-06-28 16:00:00+00:00,1751126400000,2025-06-28T16:00:00+00:00,0.0001,148.10836491
2025-06-29 00:00:00.004000+00:00,1751155200004,2025-06-29T00:00:00.004000+00:00,0.0001,150.67
2025-06-29 08:00:00.001000+00:00,1751184000001,2025-06-29T08:00:00.001000+00:00,0.0001,150.26
2025-06-29 16:00:00.001000+00:00,1751212800001,2025-06-29T16:00:00.001000+00:00,3.46e-05,150.69125965
2025-06-30 00:00:00+00:00,1751241600000,2025-06-30T00:00:00+00:00,6.987e-05,153.22808158
2025-06-30 08:00:00.005000+00:00,1751270400005,2025-06-30T08:00:00.005000+00:00,8.33e-06,150.59659474
2025-06-30 16:00:00.002000+00:00,1751299200002,2025-06-30T16:00:00.002000+00:00,3.926e-05,157.78
2025-07-01 00:00:00.007000+00:00,1751328000007,2025-07-01T00:00:00.007000+00:00,9.123e-05,154.74839561
2025-07-01 08:00:00.002000+00:00,1751356800002,2025-07-01T08:00:00.002000+00:00,5.05e-05,149.97504059
2025-07-01 16:00:00+00:00,1751385600000,2025-07-01T16:00:00+00:00,-7.235e-05,147.13
2025-07-02 00:00:00.001000+00:00,1751414400001,2025-07-02T00:00:00.001000+00:00,-5.826e-05,146.79291667
2025-07-02 08:00:00+00:00,1751443200000,2025-07-02T08:00:00+00:00,-4.281e-05,149.03
2025-07-02 16:00:00.003000+00:00,1751472000003,2025-07-02T16:00:00.003000+00:00,-4.92e-06,151.25
2025-07-03 00:00:00.006000+00:00,1751500800006,2025-07-03T00:00:00.006000+00:00,7.514e-05,152.24
2025-07-03 08:00:00.003000+00:00,1751529600003,2025-07-03T08:00:00.003000+00:00,8.784e-05,155.53
2025-07-03 16:00:00.003000+00:00,1751558400003,2025-07-03T16:00:00.003000+00:00,-8.08e-06,150.09544474
2025-07-04 00:00:00.005000+00:00,1751587200005,2025-07-04T00:00:00.005000+00:00,-1.339e-05,152.28169518
2025-07-04 08:00:00.003000+00:00,1751616000003,2025-07-04T08:00:00.003000+00:00,9.974e-05,150.42292895
2025-07-04 16:00:00.001000+00:00,1751644800001,2025-07-04T16:00:00.001000+00:00,-6.162e-05,146.50265789
2025-07-05 00:00:00.004000+00:00,1751673600004,2025-07-05T00:00:00.004000+00:00,-0.00015145,147.59
2025-07-05 08:00:00.009000+00:00,1751702400009,2025-07-05T08:00:00.009000+00:00,-7.863e-05,147.78
2025-07-05 16:00:00.006000+00:00,1751731200006,2025-07-05T16:00:00.006000+00:00,-6.498e-05,147.04813333
2025-07-06 00:00:00.001000+00:00,1751760000001,2025-07-06T00:00:00.001000+00:00,-3.364e-05,147.5
2025-07-06 08:00:00.002000+00:00,1751788800002,2025-07-06T08:00:00.002000+00:00,-7.54e-05,147.82
2025-07-06 16:00:00.004000+00:00,1751817600004,2025-07-06T16:00:00.004000+00:00,3.442e-05,151.48
2025-07-07 00:00:00+00:00,1751846400000,2025-07-07T00:00:00+00:00,0.0001,151.81
2025-07-07 08:00:00.007000+00:00,1751875200007,2025-07-07T08:00:00.007000+00:00,6.88e-05,152.30300482
2025-07-07 16:00:00+00:00,1751904000000,2025-07-07T16:00:00+00:00,3.57e-05,150.99421184
2025-07-08 00:00:00.010000+00:00,1751932800010,2025-07-08T00:00:00.010000+00:00,3.474e-05,148.82
2025-07-08 08:00:00.003000+00:00,1751961600003,2025-07-08T08:00:00.003000+00:00,-3.311e-05,149.57875088
2025-07-08 16:00:00+00:00,1751990400000,2025-07-08T16:00:00+00:00,-7.41e-06,149.79
2025-07-09 00:00:00.002000+00:00,1752019200002,2025-07-09T00:00:00.002000+00:00,2.053e-05,151.59
2025-07-09 08:00:00.006000+00:00,1752048000006,2025-07-09T08:00:00.006000+00:00,1.7e-07,152.94
2025-07-09 16:00:00.001000+00:00,1752076800001,2025-07-09T16:00:00.001000+00:00,5.52e-06,153.91
2025-07-10 00:00:00.003000+00:00,1752105600003,2025-07-10T00:00:00.003000+00:00,0.0001,157.00600833
2025-07-10 08:00:00+00:00,1752134400000,2025-07-10T08:00:00+00:00,2.127e-05,157.83
2025-07-10 16:00:00.004000+00:00,1752163200004,2025-07-10T16:00:00.004000+00:00,1.69e-05,156.37
2025-07-11 00:00:00.004000+00:00,1752192000004,2025-07-11T00:00:00.004000+00:00,0.0001,164.28716754
2025-07-11 08:00:00.007000+00:00,1752220800007,2025-07-11T08:00:00.007000+00:00,4.064e-05,163.18
2025-07-11 16:00:00.001000+00:00,1752249600001,2025-07-11T16:00:00.001000+00:00,0.0001,162.27551842
2025-07-12 00:00:00+00:00,1752278400000,2025-07-12T00:00:00+00:00,0.0001,162.8788386
2025-07-12 08:00:00.001000+00:00,1752307200001,2025-07-12T08:00:00.001000+00:00,0.0001,163.16
2025-07-12 16:00:00.002000+00:00,1752336000002,2025-07-12T16:00:00.002000+00:00,0.0001,158.07
2025-07-13 00:00:00.006000+00:00,1752364800006,2025-07-13T00:00:00.006000+00:00,0.0001,160.63
2025-07-13 08:00:00.001000+00:00,1752393600001,2025-07-13T08:00:00.001000+00:00,0.0001,162.58065132
2025-07-13 16:00:00.003000+00:00,1752422400003,2025-07-13T16:00:00.003000+00:00,7.719e-05,161.95
2025-07-14 00:00:00+00:00,1752451200000,2025-07-14T00:00:00+00:00,3.59e-05,161.05029868
2025-07-14 08:00:00+00:00,1752480000000,2025-07-14T08:00:00+00:00,0.0001,167.18102982
2025-07-14 16:00:00+00:00,1752508800000,2025-07-14T16:00:00+00:00,0.0001,163.92204956
2025-07-15 00:00:00.002000+00:00,1752537600002,2025-07-15T00:00:00.002000+00:00,7.758e-05,162.14343991
2025-07-15 08:00:00+00:00,1752566400000,2025-07-15T08:00:00+00:00,-3.61e-06,159.45340526
2025-07-15 16:00:00+00:00,1752595200000,2025-07-15T16:00:00+00:00,2.244e-05,160.39
2025-07-16 00:00:00+00:00,1752624000000,2025-07-16T00:00:00+00:00,0.0001,163.99894254
2025-07-16 08:00:00+00:00,1752652800000,2025-07-16T08:00:00+00:00,0.0001,164.03167105
2025-07-16 16:00:00.008000+00:00,1752681600008,2025-07-16T16:00:00.008000+00:00,0.0001,168.43
2025-07-17 00:00:00.003000+00:00,1752710400003,2025-07-17T00:00:00.003000+00:00,0.0001,173.63
2025-07-17 08:00:00+00:00,1752739200000,2025-07-17T08:00:00+00:00,0.0001,173.98
2025-07-17 16:00:00+00:00,1752768000000,2025-07-17T16:00:00+00:00,0.0001,174.12
2025-07-18 00:00:00.004000+00:00,1752796800004,2025-07-18T00:00:00.004000+00:00,0.0001,175.82
2025-07-18 08:00:00+00:00,1752825600000,2025-07-18T08:00:00+00:00,0.0001,181.15
2025-07-18 16:00:00+00:00,1752854400000,2025-07-18T16:00:00+00:00,0.0001,177.02986842
2025-07-19 00:00:00.009000+00:00,1752883200009,2025-07-19T00:00:00.009000+00:00,0.0001,177.21
2025-07-19 08:00:00+00:00,1752912000000,2025-07-19T08:00:00+00:00,0.0001,176.99
2025-07-19 16:00:00.002000+00:00,1752940800002,2025-07-19T16:00:00.002000+00:00,0.0001,177.37645921
2025-07-20 00:00:00+00:00,1752969600000,2025-07-20T00:00:00+00:00,0.0001,176.93442456
2025-07-20 08:00:00+00:00,1752998400000,2025-07-20T08:00:00+00:00,0.0001,177.92
2025-07-20 16:00:00+00:00,1753027200000,2025-07-20T16:00:00+00:00,0.0001,181.93
2025-07-21 00:00:00.001000+00:00,1753056000001,2025-07-21T00:00:00.001000+00:00,0.0001,181.41071272
2025-07-21 08:00:00+00:00,1753084800000,2025-07-21T08:00:00+00:00,0.0001,190.1
2025-07-21 16:00:00.001000+00:00,1753113600001,2025-07-21T16:00:00.001000+00:00,0.000129,196.86700263
2025-07-22 00:00:00+00:00,1753142400000,2025-07-22T00:00:00+00:00,0.0001,195.73310482
2025-07-22 08:00:00.010000+00:00,1753171200010,2025-07-22T08:00:00.010000+00:00,0.0001,198.08459254
2025-07-22 16:00:00.007000+00:00,1753200000007,2025-07-22T16:00:00.007000+00:00,0.0001,201.85002237
2025-07-23 00:00:00+00:00,1753228800000,2025-07-23T00:00:00+00:00,0.0001,205.77987588
2025-07-23 08:00:00.004000+00:00,1753257600004,2025-07-23T08:00:00.004000+00:00,0.0001,199.49798509
2025-07-23 16:00:00.002000+00:00,1753286400002,2025-07-23T16:00:00.002000+00:00,0.0001,192.71
2025-07-24 00:00:00+00:00,1753315200000,2025-07-24T00:00:00+00:00,0.0001,189.38281579
2025-07-24 08:00:00.001000+00:00,1753344000001,2025-07-24T08:00:00.001000+00:00,0.0001,184.16258158
2025-07-24 16:00:00+00:00,1753372800000,2025-07-24T16:00:00+00:00,0.0001,188.47
2025-07-25 00:00:00+00:00,1753401600000,2025-07-25T00:00:00+00:00,0.0001,182.77
2025-07-25 08:00:00+00:00,1753430400000,2025-07-25T08:00:00+00:00,6.102e-05,177.47048947
2025-07-25 16:00:00+00:00,1753459200000,2025-07-25T16:00:00+00:00,0.0001,178.14628904
2025-07-26 00:00:00.001000+00:00,1753488000001,2025-07-26T00:00:00.001000+00:00,0.0001,186.69139161
2025-07-26 08:00:00.005000+00:00,1753516800005,2025-07-26T08:00:00.005000+00:00,0.0001,186.41
2025-07-26 16:00:00.001000+00:00,1753545600001,2025-07-26T16:00:00.001000+00:00,0.0001,187.49
2025-07-27 00:00:00.001000+00:00,1753574400001,2025-07-27T00:00:00.001000+00:00,0.0001,184.83
2025-07-27 08:00:00+00:00,1753603200000,2025-07-27T08:00:00+00:00,0.0001,187.17980833
2025-07-27 16:00:00.008000+00:00,1753632000008,2025-07-27T16:00:00.008000+00:00,0.0001,186.39519079
2025-07-28 00:00:00.005000+00:00,1753660800005,2025-07-28T00:00:00.005000+00:00,0.0001,188.56781009
2025-07-28 08:00:00+00:00,1753689600000,2025-07-28T08:00:00+00:00,0.0001,192.32797632
2025-07-28 16:00:00+00:00,1753718400000,2025-07-28T16:00:00+00:00,0.0001,187.14
2025-07-29 00:00:00.001000+00:00,1753747200001,2025-07-29T00:00:00.001000+00:00,-3.47e-06,183.03
2025-07-29 08:00:00+00:00,1753776000000,2025-07-29T08:00:00+00:00,8.17e-06,185.95
2025-07-29 16:00:00+00:00,1753804800000,2025-07-29T16:00:00+00:00,4.218e-05,180.74365351
2025-07-30 00:00:00.011000+00:00,1753833600011,2025-07-30T00:00:00.011000+00:00,1.098e-05,181.39
2025-07-30 08:00:00+00:00,1753862400000,2025-07-30T08:00:00+00:00,7.655e-05,180.77022675
2025-07-30 16:00:00.008000+00:00,1753891200008,2025-07-30T16:00:00.008000+00:00,-1.266e-05,179.11307281
2025-07-31 00:00:00+00:00,1753920000000,2025-07-31T00:00:00+00:00,-8.14e-06,177.68
2025-07-31 08:00:00.009000+00:00,1753948800009,2025-07-31T08:00:00.009000+00:00,4.662e-05,181.16
2025-07-31 16:00:00+00:00,1753977600000,2025-07-31T16:00:00+00:00,8.62e-06,177.24208596
2025-08-01 00:00:00.001000+00:00,1754006400001,2025-08-01T00:00:00.001000+00:00,4.034e-05,172.16545132
2025-08-01 08:00:00.003000+00:00,1754035200003,2025-08-01T08:00:00.003000+00:00,-1.44e-05,169.3230057
2025-08-01 16:00:00+00:00,1754064000000,2025-08-01T16:00:00+00:00,3.852e-05,168.5
2025-08-02 00:00:00.004000+00:00,1754092800004,2025-08-02T00:00:00.004000+00:00,-3.851e-05,162.6
2025-08-02 08:00:00+00:00,1754121600000,2025-08-02T08:00:00+00:00,3.654e-05,164.3449943
2025-08-02 16:00:00+00:00,1754150400000,2025-08-02T16:00:00+00:00,3.981e-05,161.45
2025-08-03 00:00:00+00:00,1754179200000,2025-08-03T00:00:00+00:00,-0.00010062,158.39208465
2025-08-03 08:00:00+00:00,1754208000000,2025-08-03T08:00:00+00:00,-5.92e-05,161.25
2025-08-03 16:00:00.003000+00:00,1754236800003,2025-08-03T16:00:00.003000+00:00,-7.571e-05,162.0
2025-08-04 00:00:00.004000+00:00,1754265600004,2025-08-04T00:00:00.004000+00:00,-0.00014534,161.84
2025-08-04 08:00:00+00:00,1754294400000,2025-08-04T08:00:00+00:00,-6.297e-05,162.95102632
2025-08-04 16:00:00.002000+00:00,1754323200002,2025-08-04T16:00:00.002000+00:00,-6.458e-05,165.38853202
2025-08-05 00:00:00+00:00,1754352000000,2025-08-05T00:00:00+00:00,-3.577e-05,169.46286447
2025-08-05 08:00:00+00:00,1754380800000,2025-08-05T08:00:00+00:00,-2.117e-05,166.14
2025-08-05 16:00:00+00:00,1754409600000,2025-08-05T16:00:00+00:00,-4.816e-05,163.68
2025-08-06 00:00:00.005000+00:00,1754438400005,2025-08-06T00:00:00.005000+00:00,-6.84e-05,163.99
2025-08-06 08:00:00+00:00,1754467200000,2025-08-06T08:00:00+00:00,-3.584e-05,164.16
2025-08-06 16:00:00+00:00,1754496000000,2025-08-06T16:00:00+00:00,1.84e-05,168.97
2025-08-07 00:00:00.003000+00:00,1754524800003,2025-08-07T00:00:00.003000+00:00,0.0001,168.03
2025-08-07 08:00:00.002000+00:00,1754553600002,2025-08-07T08:00:00.002000+00:00,1.246e-05,169.91
2025-08-07 16:00:00.002000+00:00,1754582400002,2025-08-07T16:00:00.002000+00:00,4.431e-05,170.38
2025-08-08 00:00:00.002000+00:00,1754611200002,2025-08-08T00:00:00.002000+00:00,6.422e-05,175.27888877
2025-08-08 08:00:00.004000+00:00,1754640000004,2025-08-08T08:00:00.004000+00:00,1.197e-05,177.04
2025-08-08 16:00:00+00:00,1754668800000,2025-08-08T16:00:00+00:00,3.043e-05,175.14138333
2025-08-09 00:00:00.005000+00:00,1754697600005,2025-08-09T00:00:00.005000+00:00,0.0001,176.69
2025-08-09 08:00:00+00:00,1754726400000,2025-08-09T08:00:00+00:00,8.345e-05,180.54
2025-08-09 16:00:00.007000+00:00,1754755200007,2025-08-09T16:00:00.007000+00:00,7.712e-05,180.01
2025-08-10 00:00:00.003000+00:00,1754784000003,2025-08-10T00:00:00.003000+00:00,9.612e-05,179.87102344
2025-08-10 08:00:00.005000+00:00,1754812800005,2025-08-10T08:00:00.005000+00:00,7.842e-05,178.868625
2025-08-10 16:00:00.002000+00:00,1754841600002,2025-08-10T16:00:00.002000+00:00,0.0001,181.46731979
2025-08-11 00:00:00+00:00,1754870400000,2025-08-11T00:00:00+00:00,9.508e-05,182.59
2025-08-11 08:00:00+00:00,1754899200000,2025-08-11T08:00:00+00:00,0.0001,182.93
2025-08-11 16:00:00+00:00,1754928000000,2025-08-11T16:00:00+00:00,3.19e-06,180.10106579
2025-08-12 00:00:00+00:00,1754956800000,2025-08-12T00:00:00+00:00,-2.394e-05,174.75
2025-08-12 08:00:00.001000+00:00,1754985600001,2025-08-12T08:00:00.001000+00:00,-1.203e-05,175.81
2025-08-12 16:00:00.005000+00:00,1755014400005,2025-08-12T16:00:00.005000+00:00,-2.257e-05,181.61
2025-08-13 00:00:00+00:00,1755043200000,2025-08-13T00:00:00+00:00,0.0001,191.76
2025-08-13 08:00:00.002000+00:00,1755072000002,2025-08-13T08:00:00.002000+00:00,0.0001,198.78821491
2025-08-13 16:00:00.006000+00:00,1755100800006,2025-08-13T16:00:00.006000+00:00,0.0001,197.46507895
2025-08-14 00:00:00.002000+00:00,1755129600002,2025-08-14T00:00:00.002000+00:00,0.0001,201.57
2025-08-14 08:00:00.003000+00:00,1755158400003,2025-08-14T08:00:00.003000+00:00,0.00025876,205.73010088
2025-08-14 16:00:00+00:00,1755187200000,2025-08-14T16:00:00+00:00,0.0001,194.87115789
2025-08-15 00:00:00+00:00,1755216000000,2025-08-15T00:00:00+00:00,0.0001,192.41275877
2025-08-15 08:00:00+00:00,1755244800000,2025-08-15T08:00:00+00:00,0.0001,196.89107456
2025-08-15 16:00:00+00:00,1755273600000,2025-08-15T16:00:00+00:00,4.024e-05,185.45
2025-08-16 00:00:00.004000+00:00,1755302400004,2025-08-16T00:00:00.004000+00:00,-4.219e-05,185.62240625
2025-08-16 08:00:00+00:00,1755331200000,2025-08-16T08:00:00+00:00,6.279e-05,189.01
2025-08-16 16:00:00.002000+00:00,1755360000002,2025-08-16T16:00:00.002000+00:00,7.134e-05,188.73
2025-08-17 00:00:00+00:00,1755388800000,2025-08-17T00:00:00+00:00,0.0001,189.52
2025-08-17 08:00:00.001000+00:00,1755417600001,2025-08-17T08:00:00.001000+00:00,9.63e-05,191.8
2025-08-17 16:00:00.007000+00:00,1755446400007,2025-08-17T16:00:00.007000+00:00,5.105e-05,195.39
2025-08-18 00:00:00+00:00,1755475200000,2025-08-18T00:00:00+00:00,8.86e-05,190.92791667
2025-08-18 08:00:00.001000+00:00,1755504000001,2025-08-18T08:00:00.001000+00:00,-5.077e-05,180.54
2025-08-18 16:00:00.002000+00:00,1755532800002,2025-08-18T16:00:00.002000+00:00,-6.163e-05,183.00742982
2025-08-19 00:00:00+00:00,1755561600000,2025-08-19T00:00:00+00:00,-1.986e-05,182.84
2025-08-19 08:00:00.001000+00:00,1755590400001,2025-08-19T08:00:00.001000+00:00,4.048e-05,180.05
2025-08-19 16:00:00+00:00,1755619200000,2025-08-19T16:00:00+00:00,6.293e-05,177.89
2025-08-20 00:00:00+00:00,1755648000000,2025-08-20T00:00:00+00:00,2.581e-05,176.1
2025-08-20 08:00:00+00:00,1755676800000,2025-08-20T08:00:00+00:00,8.81e-05,180.45
2025-08-20 16:00:00+00:00,1755705600000,2025-08-20T16:00:00+00:00,0.0001,182.95
2025-08-21 00:00:00.006000+00:00,1755734400006,2025-08-21T00:00:00.006000+00:00,0.0001,187.89656579
2025-08-21 08:00:00+00:00,1755763200000,2025-08-21T08:00:00+00:00,0.0001,186.93
2025-08-21 16:00:00.003000+00:00,1755792000003,2025-08-21T16:00:00.003000+00:00,1.366e-05,181.55
2025-08-22 00:00:00.010000+00:00,1755820800010,2025-08-22T00:00:00.010000+00:00,3.301e-05,180.24
2025-08-22 08:00:00.007000+00:00,1755849600007,2025-08-22T08:00:00.007000+00:00,0.0001,183.89601249
2025-08-22 16:00:00.001000+00:00,1755878400001,2025-08-22T16:00:00.001000+00:00,0.0001,193.49722368
2025-08-23 00:00:00.004000+00:00,1755907200004,2025-08-23T00:00:00.004000+00:00,0.0001,200.67
2025-08-23 08:00:00.006000+00:00,1755936000006,2025-08-23T08:00:00.006000+00:00,0.0001,205.27516228
2025-08-23 16:00:00+00:00,1755964800000,2025-08-23T16:00:00+00:00,0.0001,202.68060088
2025-08-24 00:00:00.001000+00:00,1755993600001,2025-08-24T00:00:00.001000+00:00,0.0001,204.20878947
2025-08-24 08:00:00.002000+00:00,1756022400002,2025-08-24T08:00:00.002000+00:00,0.0001,206.79745175
2025-08-24 16:00:00.001000+00:00,1756051200001,2025-08-24T16:00:00.001000+00:00,0.0001,205.73
2025-08-25 00:00:00+00:00,1756080000000,2025-08-25T00:00:00+00:00,0.0001,206.06179386
2025-08-25 08:00:00.002000+00:00,1756108800002,2025-08-25T08:00:00.002000+00:00,0.0001,199.84
2025-08-25 16:00:00.002000+00:00,1756137600002,2025-08-25T16:00:00.002000+00:00,0.0001,196.48761842
2025-08-26 00:00:00+00:00,1756166400000,2025-08-26T00:00:00+00:00,2.857e-05,187.08518421
2025-08-26 08:00:00+00:00,1756195200000,2025-08-26T08:00:00+00:00,-8.98e-06,188.82
2025-08-26 16:00:00+00:00,1756224000000,2025-08-26T16:00:00+00:00,5.27e-05,190.71867105
2025-08-27 00:00:00.003000+00:00,1756252800003,2025-08-27T00:00:00.003000+00:00,0.0001,195.77
2025-08-27 08:00:00+00:00,1756281600000,2025-08-27T08:00:00+00:00,0.0001,202.37
2025-08-27 16:00:00.009000+00:00,1756310400009,2025-08-27T16:00:00.009000+00:00,0.0001,208.63
2025-08-28 00:00:00+00:00,1756339200000,2025-08-28T00:00:00+00:00,0.0001,202.93
2025-08-28 08:00:00.005000+00:00,1756368000005,2025-08-28T08:00:00.005000+00:00,0.0001,213.03
2025-08-28 16:00:00.004000+00:00,1756396800004,2025-08-28T16:00:00.004000+00:00,0.0001,211.02660965
2025-08-29 00:00:00+00:00,1756425600000,2025-08-29T00:00:00+00:00,8.562e-05,214.30363596
2025-08-29 08:00:00+00:00,1756454400000,2025-08-29T08:00:00+00:00,7.793e-05,208.73
2025-08-29 16:00:00.005000+00:00,1756483200005,2025-08-29T16:00:00.005000+00:00,7.047e-05,204.34
2025-08-30 00:00:00+00:00,1756512000000,2025-08-30T00:00:00+00:00,-1.362e-05,204.98
2025-08-30 08:00:00.002000+00:00,1756540800002,2025-08-30T08:00:00.002000+00:00,5.373e-05,205.04
2025-08-30 16:00:00.003000+00:00,1756569600003,2025-08-30T16:00:00.003000+00:00,-3.14e-05,200.98
2025-08-31 00:00:00.016000+00:00,1756598400016,2025-08-31T00:00:00.016000+00:00,1.753e-05,202.6
2025-08-31 08:00:00+00:00,1756627200000,2025-08-31T08:00:00+00:00,9.518e-05,203.44
2025-08-31 16:00:00.001000+00:00,1756656000001,2025-08-31T16:00:00.001000+00:00,9.036e-05,204.48
2025-09-01 00:00:00+00:00,1756684800000,2025-09-01T00:00:00+00:00,9.019e-05,200.57673952
2025-09-01 08:00:00+00:00,1756713600000,2025-09-01T08:00:00+00:00,7.92e-06,202.84
2025-09-01 16:00:00.001000+00:00,1756742400001,2025-09-01T16:00:00.001000+00:00,2.302e-05,198.26811842
2025-09-02 00:00:00+00:00,1756771200000,2025-09-02T00:00:00+00:00,4.576e-05,197.22
2025-09-02 08:00:00.005000+00:00,1756800000005,2025-09-02T08:00:00.005000+00:00,0.0001,202.07
2025-09-02 16:00:00.007000+00:00,1756828800007,2025-09-02T16:00:00.007000+00:00,9.872e-05,200.2
2025-09-03 00:00:00.006000+00:00,1756857600006,2025-09-03T00:00:00.006000+00:00,0.0001,209.54
2025-09-03 08:00:00.002000+00:00,1756886400002,2025-09-03T08:00:00.002000+00:00,8.685e-05,209.28296491
2025-09-03 16:00:00.002000+00:00,1756915200002,2025-09-03T16:00:00.002000+00:00,7.61e-06,211.25311404
2025-09-04 00:00:00.002000+00:00,1756944000002,2025-09-04T00:00:00.002000+00:00,3.074e-05,210.64
2025-09-04 08:00:00+00:00,1756972800000,2025-09-04T08:00:00+00:00,6.703e-05,206.56035526
2025-09-04 16:00:00+00:00,1757001600000,2025-09-04T16:00:00+00:00,6.691e-05,203.71
2025-09-05 00:00:00.001000+00:00,1757030400001,2025-09-05T00:00:00.001000+00:00,-4.57e-06,202.23
2025-09-05 08:00:00.006000+00:00,1757059200006,2025-09-05T08:00:00.006000+00:00,1.493e-05,207.75411686
2025-09-05 16:00:00+00:00,1757088000000,2025-09-05T16:00:00+00:00,1.122e-05,203.46
2025-09-06 00:00:00+00:00,1757116800000,2025-09-06T00:00:00+00:00,8.9e-05,203.2922807
2025-09-06 08:00:00.005000+00:00,1757145600005,2025-09-06T08:00:00.005000+00:00,0.0001,202.94614912
2025-09-06 16:00:00+00:00,1757174400000,2025-09-06T16:00:00+00:00,1.754e-05,201.16
2025-09-07 00:00:00+00:00,1757203200000,2025-09-07T00:00:00+00:00,6e-08,200.06
2025-09-07 08:00:00+00:00,1757232000000,2025-09-07T08:00:00+00:00,6.542e-05,202.9
2025-09-07 16:00:00+00:00,1757260800000,2025-09-07T16:00:00+00:00,3.077e-05,205.09890351
2025-09-08 00:00:00.007000+00:00,1757289600007,2025-09-08T00:00:00.007000+00:00,0.0001,206.30730152
2025-09-08 08:00:00+00:00,1757318400000,2025-09-08T08:00:00+00:00,0.0001,207.85
2025-09-08 16:00:00+00:00,1757347200000,2025-09-08T16:00:00+00:00,0.0001,214.98035965
2025-09-09 00:00:00+00:00,1757376000000,2025-09-09T00:00:00+00:00,8.916e-05,214.03
2025-09-09 08:00:00+00:00,1757404800000,2025-09-09T08:00:00+00:00,0.0001,219.17894737
2025-09-09 16:00:00+00:00,1757433600000,2025-09-09T16:00:00+00:00,0.0001,212.97179386
2025-09-10 00:00:00+00:00,1757462400000,2025-09-10T00:00:00+00:00,3.617e-05,217.11
2025-09-10 08:00:00.002000+00:00,1757491200002,2025-09-10T08:00:00.002000+00:00,0.0001,222.14
2025-09-10 16:00:00+00:00,1757520000000,2025-09-10T16:00:00+00:00,0.0001,223.04
2025-09-11 00:00:00+00:00,1757548800000,2025-09-11T00:00:00+00:00,4.953e-05,223.94159233
2025-09-11 08:00:00+00:00,1757577600000,2025-09-11T08:00:00+00:00,-1.99e-05,223.09880702
2025-09-11 16:00:00.001000+00:00,1757606400001,2025-09-11T16:00:00.001000+00:00,9.486e-05,226.71
2025-09-12 00:00:00.002000+00:00,1757635200002,2025-09-12T00:00:00.002000+00:00,2.36e-06,228.62782018
2025-09-12 08:00:00.001000+00:00,1757664000001,2025-09-12T08:00:00.001000+00:00,4.69e-06,237.24
2025-09-12 16:00:00.005000+00:00,1757692800005,2025-09-12T16:00:00.005000+00:00,7.19e-06,239.21
2025-09-13 00:00:00.005000+00:00,1757721600005,2025-09-13T00:00:00.005000+00:00,1.709e-05,242.08
2025-09-13 08:00:00.002000+00:00,1757750400002,2025-09-13T08:00:00.002000+00:00,6.327e-05,242.34618421
2025-09-13 16:00:00+00:00,1757779200000,2025-09-13T16:00:00+00:00,5.623e-05,239.39
2025-09-14 00:00:00.006000+00:00,1757808000006,2025-09-14T00:00:00.006000+00:00,-3.76e-06,242.23
2025-09-14 08:00:00+00:00,1757836800000,2025-09-14T08:00:00+00:00,5.813e-05,246.27228509
2025-09-14 16:00:00.001000+00:00,1757865600001,2025-09-14T16:00:00.001000+00:00,2.92e-05,243.74238158
2025-09-15 00:00:00.006000+00:00,1757894400006,2025-09-15T00:00:00.006000+00:00,-7.17e-06,239.63640789
2025-09-15 08:00:00.002000+00:00,1757923200002,2025-09-15T08:00:00.002000+00:00,8.58e-06,237.87
2025-09-15 16:00:00.001000+00:00,1757952000001,2025-09-15T16:00:00.001000+00:00,4.813e-05,232.90297368
2025-09-16 00:00:00.001000+00:00,1757980800001,2025-09-16T00:00:00.001000+00:00,6.405e-05,234.1889386
2025-09-16 08:00:00+00:00,1758009600000,2025-09-16T08:00:00+00:00,7.636e-05,235.68
2025-09-16 16:00:00+00:00,1758038400000,2025-09-16T16:00:00+00:00,7.783e-05,237.67542982
2025-09-17 00:00:00.001000+00:00,1758067200001,2025-09-17T00:00:00.001000+00:00,-1.958e-05,236.86090351
2025-09-17 08:00:00+00:00,1758096000000,2025-09-17T08:00:00+00:00,3.782e-05,237.64
2025-09-17 16:00:00.003000+00:00,1758124800003,2025-09-17T16:00:00.003000+00:00,3.428e-05,233.79
2025-09-18 00:00:00.006000+00:00,1758153600006,2025-09-18T00:00:00.006000+00:00,8.719e-05,244.75
2025-09-18 08:00:00.002000+00:00,1758182400002,2025-09-18T08:00:00.002000+00:00,0.0001,244.65
2025-09-18 16:00:00+00:00,1758211200000,2025-09-18T16:00:00+00:00,1.468e-05,248.13
2025-09-19 00:00:00+00:00,1758240000000,2025-09-19T00:00:00+00:00,0.0001,247.35885088
2025-09-19 08:00:00.005000+00:00,1758268800005,2025-09-19T08:00:00.005000+00:00,9.667e-05,243.71
2025-09-19 16:00:00+00:00,1758297600000,2025-09-19T16:00:00+00:00,8.03e-06,237.38
2025-09-20 00:00:00+00:00,1758326400000,2025-09-20T00:00:00+00:00,-3.324e-05,238.4
2025-09-20 08:00:00+00:00,1758355200000,2025-09-20T08:00:00+00:00,-6.98e-05,239.64161404
2025-09-20 16:00:00.002000+00:00,1758384000002,2025-09-20T16:00:00.002000+00:00,-2.909e-05,240.01
2025-09-21 00:00:00+00:00,1758412800000,2025-09-21T00:00:00+00:00,-4.39e-06,239.38
2025-09-21 08:00:00+00:00,1758441600000,2025-09-21T08:00:00+00:00,4.391e-05,239.75105263
2025-09-21 16:00:00+00:00,1758470400000,2025-09-21T16:00:00+00:00,9.63e-06,237.78
2025-09-22 00:00:00.005000+00:00,1758499200005,2025-09-22T00:00:00.005000+00:00,4.06e-06,236.06271053
2025-09-22 08:00:00.003000+00:00,1758528000003,2025-09-22T08:00:00.003000+00:00,-1.362e-05,221.81
2025-09-22 16:00:00+00:00,1758556800000,2025-09-22T16:00:00+00:00,-0.00010344,220.62
2025-09-23 00:00:00+00:00,1758585600000,2025-09-23T00:00:00+00:00,4.622e-05,220.28330702
2025-09-23 08:00:00.001000+00:00,1758614400001,2025-09-23T08:00:00.001000+00:00,4.873e-05,218.87
2025-09-23 16:00:00+00:00,1758643200000,2025-09-23T16:00:00+00:00,5.93e-06,219.18
2025-09-24 00:00:00.003000+00:00,1758672000003,2025-09-24T00:00:00.003000+00:00,2.831e-05,213.19
2025-09-24 08:00:00.001000+00:00,1758700800001,2025-09-24T08:00:00.001000+00:00,3.094e-05,210.54
2025-09-24 16:00:00.002000+00:00,1758729600002,2025-09-24T16:00:00.002000+00:00,-3.4e-06,213.46679825
2025-09-25 00:00:00+00:00,1758758400000,2025-09-25T00:00:00+00:00,-0.0001284,211.45650877
2025-09-25 08:00:00.001000+00:00,1758787200001,2025-09-25T08:00:00.001000+00:00,-3.446e-05,204.10227193
2025-09-25 16:00:00+00:00,1758816000000,2025-09-25T16:00:00+00:00,3.595e-05,201.05
2025-09-26 00:00:00+00:00,1758844800000,2025-09-26T00:00:00+00:00,3.743e-05,192.6319386
2025-09-26 08:00:00+00:00,1758873600000,2025-09-26T08:00:00+00:00,-3.977e-05,196.25598246
2025-09-26 16:00:00.008000+00:00,1758902400008,2025-09-26T16:00:00.008000+00:00,-4.772e-05,195.92
2025-09-27 00:00:00+00:00,1758931200000,2025-09-27T00:00:00+00:00,-9.862e-05,205.03
2025-09-27 08:00:00.010000+00:00,1758960000010,2025-09-27T08:00:00.010000+00:00,6.955e-05,201.96232456
2025-09-27 16:00:00.003000+00:00,1758988800003,2025-09-27T16:00:00.003000+00:00,-2.293e-05,203.41585088
2025-09-28 00:00:00+00:00,1759017600000,2025-09-28T00:00:00+00:00,2.105e-05,203.32218421
2025-09-28 08:00:00+00:00,1759046400000,2025-09-28T08:00:00+00:00,-3.715e-05,202.0
2025-09-28 16:00:00+00:00,1759075200000,2025-09-28T16:00:00+00:00,1.97e-05,203.33
2025-09-29 00:00:00+00:00,1759104000000,2025-09-29T00:00:00+00:00,4.762e-05,210.72236842
2025-09-29 08:00:00.002000+00:00,1759132800002,2025-09-29T08:00:00.002000+00:00,0.0001,208.85
2025-09-29 16:00:00.001000+00:00,1759161600001,2025-09-29T16:00:00.001000+00:00,-7.412e-05,209.95
2025-09-30 00:00:00.002000+00:00,1759190400002,2025-09-30T00:00:00.002000+00:00,-5.066e-05,212.60618421
2025-09-30 08:00:00.005000+00:00,1759219200005,2025-09-30T08:00:00.005000+00:00,-0.00016084,208.88
2025-09-30 16:00:00+00:00,1759248000000,2025-09-30T16:00:00+00:00,-3.859e-05,205.92147368
2025-10-01 00:00:00+00:00,1759276800000,2025-10-01T00:00:00+00:00,7.07e-05,208.6
2025-10-01 08:00:00+00:00,1759305600000,2025-10-01T08:00:00+00:00,0.0001,210.09137931
2025-10-01 16:00:00+00:00,1759334400000,2025-10-01T16:00:00+00:00,-7.02e-06,220.13
2025-10-02 00:00:00+00:00,1759363200000,2025-10-02T00:00:00+00:00,7.943e-05,221.92
2025-10-02 08:00:00.013000+00:00,1759392000013,2025-10-02T08:00:00.013000+00:00,-9.812e-05,222.82
2025-10-02 16:00:00+00:00,1759420800000,2025-10-02T16:00:00+00:00,-2.091e-05,227.09
2025-10-03 00:00:00.006000+00:00,1759449600006,2025-10-03T00:00:00.006000+00:00,-9.937e-05,234.61
2025-10-03 08:00:00.006000+00:00,1759478400006,2025-10-03T08:00:00.006000+00:00,6.248e-05,229.33
2025-10-03 16:00:00+00:00,1759507200000,2025-10-03T16:00:00+00:00,7.389e-05,234.67
2025-10-04 00:00:00.001000+00:00,1759536000001,2025-10-04T00:00:00.001000+00:00,7.725e-05,232.74
2025-10-04 08:00:00+00:00,1759564800000,2025-10-04T08:00:00+00:00,5.17e-06,229.02445554
2025-10-04 16:00:00+00:00,1759593600000,2025-10-04T16:00:00+00:00,1.04e-05,224.55
2025-10-05 00:00:00+00:00,1759622400000,2025-10-05T00:00:00+00:00,1.013e-05,227.7387193
2025-10-05 08:00:00.003000+00:00,1759651200003,2025-10-05T08:00:00.003000+00:00,8.81e-05,236.48
2025-10-05 16:00:00.009000+00:00,1759680000009,2025-10-05T16:00:00.009000+00:00,-4.722e-05,230.02
2025-10-06 00:00:00.004000+00:00,1759708800004,2025-10-06T00:00:00.004000+00:00,-7.241e-05,228.45
2025-10-06 08:00:00.002000+00:00,1759737600002,2025-10-06T08:00:00.002000+00:00,2.963e-05,231.23
2025-10-06 16:00:00.004000+00:00,1759766400004,2025-10-06T16:00:00.004000+00:00,5.395e-05,235.5640614
2025-10-07 00:00:00+00:00,1759795200000,2025-10-07T00:00:00+00:00,1.768e-05,232.27
2025-10-07 08:00:00.003000+00:00,1759824000003,2025-10-07T08:00:00.003000+00:00,-6.695e-05,230.88
2025-10-07 16:00:00+00:00,1759852800000,2025-10-07T16:00:00+00:00,-2.108e-05,223.66678947
2025-10-08 00:00:00+00:00,1759881600000,2025-10-08T00:00:00+00:00,-6.781e-05,219.84930702
2025-10-08 08:00:00.006000+00:00,1759910400006,2025-10-08T08:00:00.006000+00:00,-6.05e-06,220.85
2025-10-08 16:00:00.002000+00:00,1759939200002,2025-10-08T16:00:00.002000+00:00,-3.581e-05,221.09483333
2025-10-09 00:00:00.001000+00:00,1759968000001,2025-10-09T00:00:00.001000+00:00,0.0001,228.96
2025-10-09 08:00:00+00:00,1759996800000,2025-10-09T08:00:00+00:00,0.0001,224.39488596
2025-10-09 16:00:00+00:00,1760025600000,2025-10-09T16:00:00+00:00,-2.36e-06,219.05704386
2025-10-10 00:00:00.005000+00:00,1760054400005,2025-10-10T00:00:00.005000+00:00,-2.367e-05,220.80268421
2025-10-10 08:00:00.002000+00:00,1760083200002,2025-10-10T08:00:00.002000+00:00,2.784e-05,217.99
2025-10-10 16:00:00.014000+00:00,1760112000014,2025-10-10T16:00:00.014000+00:00,3.06e-06,210.58
2025-10-11 00:00:00+00:00,1760140800000,2025-10-11T00:00:00+00:00,-0.00302761,187.65
2025-10-11 08:00:00.003000+00:00,1760169600003,2025-10-11T08:00:00.003000+00:00,-0.00203878,182.58305263
2025-10-11 16:00:00+00:00,1760198400000,2025-10-11T16:00:00+00:00,-0.00158704,183.58
2025-10-12 00:00:00.004000+00:00,1760227200004,2025-10-12T00:00:00.004000+00:00,-0.00124994,177.21
2025-10-12 08:00:00.002000+00:00,1760256000002,2025-10-12T08:00:00.002000+00:00,-0.00123408,182.3177677
2025-10-12 16:00:00+00:00,1760284800000,2025-10-12T16:00:00+00:00,-0.00057183,191.04957895
2025-10-13 00:00:00.003000+00:00,1760313600003,2025-10-13T00:00:00.003000+00:00,-0.00060725,196.89
2025-10-13 08:00:00.002000+00:00,1760342400002,2025-10-13T08:00:00.002000+00:00,-0.00023311,196.65
2025-10-13 16:00:00.003000+00:00,1760371200003,2025-10-13T16:00:00.003000+00:00,-5.122e-05,196.32
2025-10-14 00:00:00+00:00,1760400000000,2025-10-14T00:00:00+00:00,6.21e-06,208.58342105
2025-10-14 08:00:00+00:00,1760428800000,2025-10-14T08:00:00+00:00,4.088e-05,194.38979825
2025-10-14 16:00:00+00:00,1760457600000,2025-10-14T16:00:00+00:00,-7.11e-05,202.05735965
2025-10-15 00:00:00.006000+00:00,1760486400006,2025-10-15T00:00:00.006000+00:00,-6.096e-05,202.35901754
2025-10-15 08:00:00.002000+00:00,1760515200002,2025-10-15T08:00:00.002000+00:00,5.749e-05,204.57874561
2025-10-15 16:00:00+00:00,1760544000000,2025-10-15T16:00:00+00:00,4.099e-05,197.06
2025-10-16 00:00:00+00:00,1760572800000,2025-10-16T00:00:00+00:00,-6.784e-05,193.73
2025-10-16 08:00:00.003000+00:00,1760601600003,2025-10-16T08:00:00.003000+00:00,-4.113e-05,192.84157018
2025-10-16 16:00:00.002000+00:00,1760630400002,2025-10-16T16:00:00.002000+00:00,-7.614e-05,187.52011404
2025-10-17 00:00:00.001000+00:00,1760659200001,2025-10-17T00:00:00.001000+00:00,-2.994e-05,184.76815789
2025-10-17 08:00:00.005000+00:00,1760688000005,2025-10-17T08:00:00.005000+00:00,7.329e-05,177.72
2025-10-17 16:00:00.003000+00:00,1760716800003,2025-10-17T16:00:00.003000+00:00,9.462e-05,182.65
2025-10-18 00:00:00+00:00,1760745600000,2025-10-18T00:00:00+00:00,-8.545e-05,181.89
2025-10-18 08:00:00.002000+00:00,1760774400002,2025-10-18T08:00:00.002000+00:00,-1.55e-06,186.17
2025-10-18 16:00:00.001000+00:00,1760803200001,2025-10-18T16:00:00.001000+00:00,-3.501e-05,184.9473412
2025-10-19 00:00:00.001000+00:00,1760832000001,2025-10-19T00:00:00.001000+00:00,0.0001,187.48
2025-10-19 08:00:00.001000+00:00,1760860800001,2025-10-19T08:00:00.001000+00:00,1.997e-05,185.82
2025-10-19 16:00:00.001000+00:00,1760889600001,2025-10-19T16:00:00.001000+00:00,2.25e-05,190.66
2025-10-20 00:00:00.004000+00:00,1760918400004,2025-10-20T00:00:00.004000+00:00,-8.569e-05,187.78
2025-10-20 08:00:00.001000+00:00,1760947200001,2025-10-20T08:00:00.001000+00:00,5.3e-06,192.95646491
2025-10-20 16:00:00+00:00,1760976000000,2025-10-20T16:00:00+00:00,-3.004e-05,190.42
2025-10-21 00:00:00.009000+00:00,1761004800009,2025-10-21T00:00:00.009000+00:00,-3.42e-06,189.64
2025-10-21 08:00:00+00:00,1761033600000,2025-10-21T08:00:00+00:00,-8.944e-05,184.89294737
2025-10-21 16:00:00+00:00,1761062400000,2025-10-21T16:00:00+00:00,4.135e-05,196.17
2025-10-22 00:00:00.004000+00:00,1761091200004,2025-10-22T00:00:00.004000+00:00,0.0001,185.54
2025-10-22 08:00:00+00:00,1761120000000,2025-10-22T08:00:00+00:00,-9.872e-05,184.9
2025-10-22 16:00:00+00:00,1761148800000,2025-10-22T16:00:00+00:00,-2.23e-05,183.91
2025-10-23 00:00:00+00:00,1761177600000,2025-10-23T00:00:00+00:00,-3.216e-05,179.98452632
2025-10-23 08:00:00.001000+00:00,1761206400001,2025-10-23T08:00:00.001000+00:00,6.84e-06,187.4
2025-10-23 16:00:00.004000+00:00,1761235200004,2025-10-23T16:00:00.004000+00:00,0.0001,190.98
2025-10-24 00:00:00+00:00,1761264000000,2025-10-24T00:00:00+00:00,0.0001,191.27
2025-10-24 08:00:00+00:00,1761292800000,2025-10-24T08:00:00+00:00,0.0001,192.09
2025-10-24 16:00:00.009000+00:00,1761321600009,2025-10-24T16:00:00.009000+00:00,1.595e-05,189.31792105
2025-10-25 00:00:00+00:00,1761350400000,2025-10-25T00:00:00+00:00,0.0001,193.51140653
2025-10-25 08:00:00.001000+00:00,1761379200001,2025-10-25T08:00:00.001000+00:00,0.0001,193.86
2025-10-25 16:00:00.001000+00:00,1761408000001,2025-10-25T16:00:00.001000+00:00,5.536e-05,191.80354386
2025-10-26 00:00:00.001000+00:00,1761436800001,2025-10-26T00:00:00.001000+00:00,6.721e-05,193.75082456
2025-10-26 08:00:00.001000+00:00,1761465600001,2025-10-26T08:00:00.001000+00:00,4.492e-05,193.79347368
2025-10-26 16:00:00+00:00,1761494400000,2025-10-26T16:00:00+00:00,5.882e-05,199.42445614
2025-10-27 00:00:00+00:00,1761523200000,2025-10-27T00:00:00+00:00,0.0001,199.95
2025-10-27 08:00:00.005000+00:00,1761552000005,2025-10-27T08:00:00.005000+00:00,0.0001,202.43
2025-10-27 16:00:00+00:00,1761580800000,2025-10-27T16:00:00+00:00,3.983e-05,200.01012281
2025-10-28 00:00:00+00:00,1761609600000,2025-10-28T00:00:00+00:00,1.82e-05,198.61
2025-10-28 08:00:00+00:00,1761638400000,2025-10-28T08:00:00+00:00,7.929e-05,202.29150877
2025-10-28 16:00:00.004000+00:00,1761667200004,2025-10-28T16:00:00.004000+00:00,6.17e-06,198.74400877
2025-10-29 00:00:00.004000+00:00,1761696000004,2025-10-29T00:00:00.004000+00:00,-0.0001386,194.05710526
2025-10-29 08:00:00.005000+00:00,1761724800005,2025-10-29T08:00:00.005000+00:00,-5.808e-05,195.53
2025-10-29 16:00:00+00:00,1761753600000,2025-10-29T16:00:00+00:00,8.873e-05,196.72
2025-10-30 00:00:00.004000+00:00,1761782400004,2025-10-30T00:00:00.004000+00:00,7.1e-07,193.81848246
2025-10-30 08:00:00.008000+00:00,1761811200008,2025-10-30T08:00:00.008000+00:00,2.026e-05,195.73340351
2025-10-30 16:00:00.001000+00:00,1761840000001,2025-10-30T16:00:00.001000+00:00,-0.00016797,184.95272807
2025-10-31 00:00:00+00:00,1761868800000,2025-10-31T00:00:00+00:00,-0.00022069,184.51346491
2025-10-31 08:00:00.008000+00:00,1761897600008,2025-10-31T08:00:00.008000+00:00,-7.523e-05,185.23
2025-10-31 16:00:00.007000+00:00,1761926400007,2025-10-31T16:00:00.007000+00:00,-1.38e-06,188.05371143
2025-11-01 00:00:00.001000+00:00,1761955200001,2025-11-01T00:00:00.001000+00:00,1.5e-06,187.12627193
2025-11-01 08:00:00+00:00,1761984000000,2025-11-01T08:00:00+00:00,2.93e-05,185.71
2025-11-01 16:00:00+00:00,1762012800000,2025-11-01T16:00:00+00:00,-5.041e-05,186.30282456
2025-11-02 00:00:00.007000+00:00,1762041600007,2025-11-02T00:00:00.007000+00:00,5.263e-05,186.29
2025-11-02 08:00:00+00:00,1762070400000,2025-11-02T08:00:00+00:00,2.822e-05,187.62
2025-11-02 16:00:00.001000+00:00,1762099200001,2025-11-02T16:00:00.001000+00:00,-7.385e-05,183.68581579
2025-11-03 00:00:00+00:00,1762128000000,2025-11-03T00:00:00+00:00,2.882e-05,187.6887807
2025-11-03 08:00:00.010000+00:00,1762156800010,2025-11-03T08:00:00.010000+00:00,-0.00017049,176.38259649
2025-11-03 16:00:00+00:00,1762185600000,2025-11-03T16:00:00+00:00,-0.00015146,166.7
2025-11-04 00:00:00.002000+00:00,1762214400002,2025-11-04T00:00:00.002000+00:00,-4.994e-05,165.96408772
2025-11-04 08:00:00.004000+00:00,1762243200004,2025-11-04T08:00:00.004000+00:00,-0.00013832,157.0
2025-11-04 16:00:00+00:00,1762272000000,2025-11-04T16:00:00+00:00,1.759e-05,161.4
2025-11-05 00:00:00+00:00,1762300800000,2025-11-05T00:00:00+00:00,3.273e-05,154.95
2025-11-05 08:00:00+00:00,1762329600000,2025-11-05T08:00:00+00:00,5.027e-05,156.41
2025-11-05 16:00:00.004000+00:00,1762358400004,2025-11-05T16:00:00.004000+00:00,-0.00011308,160.3780614
2025-11-06 00:00:00.001000+00:00,1762387200001,2025-11-06T00:00:00.001000+00:00,-0.0001041,162.30709649
2025-11-06 08:00:00+00:00,1762416000000,2025-11-06T08:00:00+00:00,-4.391e-05,158.78
2025-11-06 16:00:00.001000+00:00,1762444800001,2025-11-06T16:00:00.001000+00:00,7.661e-05,155.86076316
2025-11-07 00:00:00.005000+00:00,1762473600005,2025-11-07T00:00:00.005000+00:00,-1.927e-05,155.22391107
2025-11-07 08:00:00.003000+00:00,1762502400003,2025-11-07T08:00:00.003000+00:00,-4.73e-06,157.69708772
2025-11-07 16:00:00.005000+00:00,1762531200005,2025-11-07T16:00:00.005000+00:00,1.958e-05,155.3365
2025-11-08 00:00:00.011000+00:00,1762560000011,2025-11-08T00:00:00.011000+00:00,8.95e-05,161.73274561
2025-11-08 08:00:00.015000+00:00,1762588800015,2025-11-08T08:00:00.015000+00:00,-1.277e-05,160.96
2025-11-08 16:00:00.001000+00:00,1762617600001,2025-11-08T16:00:00.001000+00:00,4.85e-06,156.6
2025-11-09 00:00:00.004000+00:00,1762646400004,2025-11-09T00:00:00.004000+00:00,-9.501e-05,157.95
2025-11-09 08:00:00+00:00,1762675200000,2025-11-09T08:00:00+00:00,-2.922e-05,159.19086842
2025-11-09 16:00:00.005000+00:00,1762704000005,2025-11-09T16:00:00.005000+00:00,4.444e-05,162.46672807
2025-11-10 00:00:00+00:00,1762732800000,2025-11-10T00:00:00+00:00,0.0001,164.46
2025-11-10 08:00:00+00:00,1762761600000,2025-11-10T08:00:00+00:00,-0.00011243,167.30646491
2025-11-10 16:00:00.003000+00:00,1762790400003,2025-11-10T16:00:00.003000+00:00,-7.96e-05,166.17
2025-11-11 00:00:00.007000+00:00,1762819200007,2025-11-11T00:00:00.007000+00:00,-4.5e-05,167.24
2025-11-11 08:00:00+00:00,1762848000000,2025-11-11T08:00:00+00:00,-0.00020845,163.88464912
2025-11-11 16:00:00.009000+00:00,1762876800009,2025-11-11T16:00:00.009000+00:00,-1.407e-05,160.81778947
2025-11-12 00:00:00+00:00,1762905600000,2025-11-12T00:00:00+00:00,-2e-05,154.5
2025-11-12 08:00:00.002000+00:00,1762934400002,2025-11-12T08:00:00.002000+00:00,-0.00015825,154.93373684
2025-11-12 16:00:00+00:00,1762963200000,2025-11-12T16:00:00+00:00,-3.65e-05,155.67933757
2025-11-13 00:00:00.002000+00:00,1762992000002,2025-11-13T00:00:00.002000+00:00,-8.205e-05,153.31098246
2025-11-13 08:00:00+00:00,1763020800000,2025-11-13T08:00:00+00:00,3.785e-05,155.23678766
2025-11-13 16:00:00.001000+00:00,1763049600001,2025-11-13T16:00:00.001000+00:00,-1.195e-05,153.07185118
2025-11-14 00:00:00+00:00,1763078400000,2025-11-14T00:00:00+00:00,-0.00019091,144.63
2025-11-14 08:00:00+00:00,1763107200000,2025-11-14T08:00:00+00:00,-9.95e-06,142.77992502
2025-11-14 16:00:00.001000+00:00,1763136000001,2025-11-14T16:00:00.001000+00:00,0.0001,142.17
2025-11-15 00:00:00.005000+00:00,1763164800005,2025-11-15T00:00:00.005000+00:00,0.0001,138.84676133
2025-11-15 08:00:00+00:00,1763193600000,2025-11-15T08:00:00+00:00,5.851e-05,142.66
2025-11-15 16:00:00.001000+00:00,1763222400001,2025-11-15T16:00:00.001000+00:00,-1.324e-05,141.64
2025-11-16 00:00:00.001000+00:00,1763251200001,2025-11-16T00:00:00.001000+00:00,4.071e-05,139.55
2025-11-16 08:00:00+00:00,1763280000000,2025-11-16T08:00:00+00:00,7.161e-05,142.23403365
2025-11-16 16:00:00+00:00,1763308800000,2025-11-16T16:00:00+00:00,-5.32e-06,137.36
2025-11-17 00:00:00.003000+00:00,1763337600003,2025-11-17T00:00:00.003000+00:00,0.0001,137.12
2025-11-17 08:00:00.003000+00:00,1763366400003,2025-11-17T08:00:00.003000+00:00,0.0001,141.26
2025-11-17 16:00:00+00:00,1763395200000,2025-11-17T16:00:00+00:00,9.994e-05,137.05371218
2025-11-18 00:00:00.002000+00:00,1763424000002,2025-11-18T00:00:00.002000+00:00,2.095e-05,130.89
2025-11-18 08:00:00.004000+00:00,1763452800004,2025-11-18T08:00:00.004000+00:00,0.0001,136.85115942
2025-11-18 16:00:00+00:00,1763481600000,2025-11-18T16:00:00+00:00,8.922e-05,139.62
2025-11-19 00:00:00+00:00,1763510400000,2025-11-19T00:00:00+00:00,2.756e-05,140.61
2025-11-19 08:00:00+00:00,1763539200000,2025-11-19T08:00:00+00:00,8.916e-05,140.49795401
2025-11-19 16:00:00.008000+00:00,1763568000008,2025-11-19T16:00:00.008000+00:00,-6.86e-06,134.54
2025-11-20 00:00:00+00:00,1763596800000,2025-11-20T00:00:00+00:00,-0.00010212,136.95450283
2025-11-20 08:00:00+00:00,1763625600000,2025-11-20T08:00:00+00:00,0.0001,143.74
2025-11-20 16:00:00+00:00,1763654400000,2025-11-20T16:00:00+00:00,0.0001,138.50378068
2025-11-21 00:00:00.001000+00:00,1763683200001,2025-11-21T00:00:00.001000+00:00,-9.397e-05,133.64464663
2025-11-21 08:00:00+00:00,1763712000000,2025-11-21T08:00:00+00:00,5.033e-05,127.44857072
2025-11-21 16:00:00.001000+00:00,1763740800001,2025-11-21T16:00:00.001000+00:00,-0.00012104,125.34
2025-11-22 00:00:00.004000+00:00,1763769600004,2025-11-22T00:00:00.004000+00:00,-5.419e-05,128.62901262
2025-11-22 08:00:00+00:00,1763798400000,2025-11-22T08:00:00+00:00,-3.816e-05,127.64001836
2025-11-22 16:00:00+00:00,1763827200000,2025-11-22T16:00:00+00:00,-5.023e-05,127.06788184
2025-11-23 00:00:00+00:00,1763856000000,2025-11-23T00:00:00+00:00,4.294e-05,127.51447344
2025-11-23 08:00:00.008000+00:00,1763884800008,2025-11-23T08:00:00.008000+00:00,-4.937e-05,128.80325121
2025-11-23 16:00:00.003000+00:00,1763913600003,2025-11-23T16:00:00.003000+00:00,2.945e-05,132.82108304
2025-11-24 00:00:00.004000+00:00,1763942400004,2025-11-24T00:00:00.004000+00:00,1.509e-05,130.51213194
2025-11-24 08:00:00+00:00,1763971200000,2025-11-24T08:00:00+00:00,3.449e-05,130.24
2025-11-24 16:00:00.006000+00:00,1764000000006,2025-11-24T16:00:00.006000+00:00,4.57e-06,131.88196885
2025-11-25 00:00:00+00:00,1764028800000,2025-11-25T00:00:00+00:00,-4.847e-05,138.38629986
2025-11-25 08:00:00.009000+00:00,1764057600009,2025-11-25T08:00:00.009000+00:00,8.543e-05,136.28
2025-11-25 16:00:00.007000+00:00,1764086400007,2025-11-25T16:00:00.007000+00:00,-0.00018105,134.77
2025-11-26 00:00:00.001000+00:00,1764115200001,2025-11-26T00:00:00.001000+00:00,-6.75e-06,138.9
2025-11-26 08:00:00.001000+00:00,1764144000001,2025-11-26T08:00:00.001000+00:00,0.0001,139.84196636
2025-11-26 16:00:00+00:00,1764172800000,2025-11-26T16:00:00+00:00,-8.604e-05,136.59395896
2025-11-27 00:00:00.013000+00:00,1764201600013,2025-11-27T00:00:00.013000+00:00,8.82e-05,142.94
2025-11-27 08:00:00+00:00,1764230400000,2025-11-27T08:00:00+00:00,-1.255e-05,143.67216831
2025-11-27 16:00:00.004000+00:00,1764259200004,2025-11-27T16:00:00.004000+00:00,2.643e-05,142.08
2025-11-28 00:00:00.008000+00:00,1764288000008,2025-11-28T00:00:00.008000+00:00,-6.408e-05,140.77
2025-11-28 08:00:00+00:00,1764316800000,2025-11-28T08:00:00+00:00,-0.00015136,138.89203804
2025-11-28 16:00:00.008000+00:00,1764345600008,2025-11-28T16:00:00.008000+00:00,2.204e-05,141.57038176
2025-11-29 00:00:00+00:00,1764374400000,2025-11-29T00:00:00+00:00,-8.328e-05,137.27
2025-11-29 08:00:00.005000+00:00,1764403200005,2025-11-29T08:00:00.005000+00:00,6.1e-05,137.22955869
2025-11-29 16:00:00.001000+00:00,1764432000001,2025-11-29T16:00:00.001000+00:00,1.089e-05,137.50025108
2025-11-30 00:00:00.003000+00:00,1764460800003,2025-11-30T00:00:00.003000+00:00,7.173e-05,135.84418666
2025-11-30 08:00:00+00:00,1764489600000,2025-11-30T08:00:00+00:00,6.664e-05,136.44976485
2025-11-30 16:00:00.004000+00:00,1764518400004,2025-11-30T16:00:00.004000+00:00,8.402e-05,138.29
2025-12-01 00:00:00+00:00,1764547200000,2025-12-01T00:00:00+00:00,0.0001,133.4111266
2025-12-01 08:00:00.004000+00:00,1764576000004,2025-12-01T08:00:00.004000+00:00,-9.161e-05,127.32
2025-12-01 16:00:00+00:00,1764604800000,2025-12-01T16:00:00+00:00,7.07e-06,125.05
2025-12-02 00:00:00.004000+00:00,1764633600004,2025-12-02T00:00:00.004000+00:00,-6.147e-05,126.57808864
2025-12-02 08:00:00+00:00,1764662400000,2025-12-02T08:00:00+00:00,1.549e-05,127.18
2025-12-02 16:00:00+00:00,1764691200000,2025-12-02T16:00:00+00:00,2.488e-05,137.80371664
2025-12-03 00:00:00+00:00,1764720000000,2025-12-03T00:00:00+00:00,0.0001,138.6340024
2025-12-03 08:00:00+00:00,1764748800000,2025-12-03T08:00:00+00:00,8.835e-05,141.82
2025-12-03 16:00:00.005000+00:00,1764777600005,2025-12-03T16:00:00.005000+00:00,6.438e-05,140.94621737
2025-12-04 00:00:00.012000+00:00,1764806400012,2025-12-04T00:00:00.012000+00:00,0.0001,144.62460389
2025-12-04 08:00:00+00:00,1764835200000,2025-12-04T08:00:00+00:00,7.212e-05,143.38
2025-12-04 16:00:00.011000+00:00,1764864000011,2025-12-04T16:00:00.011000+00:00,0.0001,143.14234727
2025-12-05 00:00:00+00:00,1764892800000,2025-12-05T00:00:00+00:00,2.583e-05,138.95572447
2025-12-05 08:00:00+00:00,1764921600000,2025-12-05T08:00:00+00:00,4.599e-05,139.61
2025-12-05 16:00:00.010000+00:00,1764950400010,2025-12-05T16:00:00.010000+00:00,6.353e-05,134.97261252
2025-12-06 00:00:00.001000+00:00,1764979200001,2025-12-06T00:00:00.001000+00:00,-2.519e-05,133.2295732
2025-12-06 08:00:00.001000+00:00,1765008000001,2025-12-06T08:00:00.001000+00:00,-1.154e-05,132.6402489
2025-12-06 16:00:00.008000+00:00,1765036800008,2025-12-06T16:00:00.008000+00:00,-2.208e-05,132.8
2025-12-07 00:00:00+00:00,1765065600000,2025-12-07T00:00:00+00:00,4.977e-05,132.14
2025-12-07 08:00:00.004000+00:00,1765094400004,2025-12-07T08:00:00.004000+00:00,2.491e-05,132.04711702
2025-12-07 16:00:00+00:00,1765123200000,2025-12-07T16:00:00+00:00,-4.449e-05,131.96
2025-12-08 00:00:00+00:00,1765152000000,2025-12-08T00:00:00+00:00,-4.676e-05,132.17
2025-12-08 08:00:00+00:00,1765180800000,2025-12-08T08:00:00+00:00,6.981e-05,135.79642378
2025-12-08 16:00:00.001000+00:00,1765209600001,2025-12-08T16:00:00.001000+00:00,7.621e-05,135.46
2025-12-09 00:00:00.001000+00:00,1765238400001,2025-12-09T00:00:00.001000+00:00,-4.393e-05,133.19
2025-12-09 08:00:00.001000+00:00,1765267200001,2025-12-09T08:00:00.001000+00:00,3.189e-05,133.12
2025-12-09 16:00:00.007000+00:00,1765296000007,2025-12-09T16:00:00.007000+00:00,-1.38e-05,138.40284129
2025-12-10 00:00:00.007000+00:00,1765324800007,2025-12-10T00:00:00.007000+00:00,0.0001,137.82
2025-12-10 08:00:00.002000+00:00,1765353600002,2025-12-10T08:00:00.002000+00:00,2.067e-05,139.13
2025-12-10 16:00:00.012000+00:00,1765382400012,2025-12-10T16:00:00.012000+00:00,2.31e-05,136.10650823
2025-12-11 00:00:00.001000+00:00,1765411200001,2025-12-11T00:00:00.001000+00:00,9.45e-06,136.19
2025-12-11 08:00:00+00:00,1765440000000,2025-12-11T08:00:00+00:00,-0.00016369,130.94041339
2025-12-11 16:00:00+00:00,1765468800000,2025-12-11T16:00:00+00:00,-6.531e-05,131.10957885
2025-12-12 00:00:00.005000+00:00,1765497600005,2025-12-12T00:00:00.005000+00:00,9.412e-05,136.37
2025-12-12 08:00:00.007000+00:00,1765526400007,2025-12-12T08:00:00.007000+00:00,0.0001,139.06300776
2025-12-12 16:00:00.002000+00:00,1765555200002,2025-12-12T16:00:00.002000+00:00,0.0001,133.48393222
2025-12-13 00:00:00.001000+00:00,1765584000001,2025-12-13T00:00:00.001000+00:00,-7.703e-05,132.19
2025-12-13 08:00:00.006000+00:00,1765612800006,2025-12-13T08:00:00.006000+00:00,-2.011e-05,132.84106571
2025-12-13 16:00:00+00:00,1765641600000,2025-12-13T16:00:00+00:00,-2.083e-05,133.21568344
2025-12-14 00:00:00+00:00,1765670400000,2025-12-14T00:00:00+00:00,-1.51e-05,133.05
2025-12-14 08:00:00.003000+00:00,1765699200003,2025-12-14T08:00:00.003000+00:00,-2.194e-05,133.19767324
2025-12-14 16:00:00.005000+00:00,1765728000005,2025-12-14T16:00:00.005000+00:00,-9.436e-05,130.6
2025-12-15 00:00:00+00:00,1765756800000,2025-12-15T00:00:00+00:00,-9.823e-05,129.28
2025-12-15 08:00:00+00:00,1765785600000,2025-12-15T08:00:00+00:00,2.213e-05,132.29
2025-12-15 16:00:00+00:00,1765814400000,2025-12-15T16:00:00+00:00,2.482e-05,126.81163833
2025-12-16 00:00:00.002000+00:00,1765843200002,2025-12-16T00:00:00.002000+00:00,-0.00012962,127.72211192
2025-12-16 08:00:00+00:00,1765872000000,2025-12-16T08:00:00+00:00,-6.503e-05,125.48641913
2025-12-16 16:00:00.002000+00:00,1765900800002,2025-12-16T16:00:00.002000+00:00,6.541e-05,129.67272467
2025-12-17 00:00:00.004000+00:00,1765929600004,2025-12-17T00:00:00.004000+00:00,3.595e-05,129.06
2025-12-17 08:00:00+00:00,1765958400000,2025-12-17T08:00:00+00:00,3.39e-05,128.20729133
2025-12-17 16:00:00+00:00,1765987200000,2025-12-17T16:00:00+00:00,5.848e-05,126.72
2025-12-18 00:00:00.005000+00:00,1766016000005,2025-12-18T00:00:00.005000+00:00,-0.00017374,123.16799135
2025-12-18 08:00:00.007000+00:00,1766044800007,2025-12-18T08:00:00.007000+00:00,-3.187e-05,122.76
2025-12-18 16:00:00.001000+00:00,1766073600001,2025-12-18T16:00:00.001000+00:00,4.877e-05,127.36
2025-12-19 00:00:00+00:00,1766102400000,2025-12-19T00:00:00+00:00,-3.298e-05,119.53
2025-12-19 08:00:00.001000+00:00,1766131200001,2025-12-19T08:00:00.001000+00:00,7.363e-05,124.39
2025-12-19 16:00:00+00:00,1766160000000,2025-12-19T16:00:00+00:00,0.0001,125.02653782
2025-12-20 00:00:00.005000+00:00,1766188800005,2025-12-20T00:00:00.005000+00:00,0.0001,126.22
2025-12-20 08:00:00+00:00,1766217600000,2025-12-20T08:00:00+00:00,6.912e-05,126.13288035
2025-12-20 16:00:00.002000+00:00,1766246400002,2025-12-20T16:00:00.002000+00:00,6.936e-05,126.49
2025-12-21 00:00:00+00:00,1766275200000,2025-12-21T00:00:00+00:00,8.009e-05,125.74
2025-12-21 08:00:00.009000+00:00,1766304000009,2025-12-21T08:00:00.009000+00:00,9.929e-05,125.25
2025-12-21 16:00:00+00:00,1766332800000,2025-12-21T16:00:00+00:00,-1.358e-05,124.98986373
2025-12-22 00:00:00+00:00,1766361600000,2025-12-22T00:00:00+00:00,3.525e-05,125.97
2025-12-22 08:00:00.005000+00:00,1766390400005,2025-12-22T08:00:00.005000+00:00,4.368e-05,126.23476123
2025-12-22 16:00:00.009000+00:00,1766419200009,2025-12-22T16:00:00.009000+00:00,5.393e-05,128.02
2025-12-23 00:00:00+00:00,1766448000000,2025-12-23T00:00:00+00:00,-6.2e-05,125.86
2025-12-23 08:00:00+00:00,1766476800000,2025-12-23T08:00:00+00:00,2.113e-05,124.14
2025-12-23 16:00:00.001000+00:00,1766505600001,2025-12-23T16:00:00.001000+00:00,-7.533e-05,123.29860916
2025-12-24 00:00:00.001000+00:00,1766534400001,2025-12-24T00:00:00.001000+00:00,7.105e-05,123.95
2025-12-24 08:00:00.001000+00:00,1766563200001,2025-12-24T08:00:00.001000+00:00,-3.47e-06,121.24
2025-12-24 16:00:00+00:00,1766592000000,2025-12-24T16:00:00+00:00,2.942e-05,122.688692
2025-12-25 00:00:00+00:00,1766620800000,2025-12-25T00:00:00+00:00,0.0001,122.49
2025-12-25 08:00:00.001000+00:00,1766649600001,2025-12-25T08:00:00.001000+00:00,0.0001,122.25
2025-12-25 16:00:00.005000+00:00,1766678400005,2025-12-25T16:00:00.005000+00:00,2.98e-05,123.6
2025-12-26 00:00:00.004000+00:00,1766707200004,2025-12-26T00:00:00.004000+00:00,8.16e-05,119.96972657
2025-12-26 08:00:00.001000+00:00,1766736000001,2025-12-26T08:00:00.001000+00:00,4.708e-05,122.67
2025-12-26 16:00:00.007000+00:00,1766764800007,2025-12-26T16:00:00.007000+00:00,0.0001,121.49767409
2025-12-27 00:00:00+00:00,1766793600000,2025-12-27T00:00:00+00:00,4.89e-06,122.21862911
2025-12-27 08:00:00+00:00,1766822400000,2025-12-27T08:00:00+00:00,0.0001,123.11
2025-12-27 16:00:00.011000+00:00,1766851200011,2025-12-27T16:00:00.011000+00:00,0.0001,123.26
2025-12-28 00:00:00.008000+00:00,1766880000008,2025-12-28T00:00:00.008000+00:00,0.0001,124.67
2025-12-28 08:00:00+00:00,1766908800000,2025-12-28T08:00:00+00:00,0.0001,124.17
2025-12-28 16:00:00+00:00,1766937600000,2025-12-28T16:00:00+00:00,0.0001,124.4
2025-12-29 00:00:00.016000+00:00,1766966400016,2025-12-29T00:00:00.016000+00:00,5.464e-05,125.22
2025-12-29 08:00:00.001000+00:00,1766995200001,2025-12-29T08:00:00.001000+00:00,0.0001,127.83
2025-12-29 16:00:00+00:00,1767024000000,2025-12-29T16:00:00+00:00,-3.375e-05,123.36978281
2025-12-30 00:00:00.005000+00:00,1767052800005,2025-12-30T00:00:00.005000+00:00,-2.097e-05,123.19847985
2025-12-30 08:00:00.001000+00:00,1767081600001,2025-12-30T08:00:00.001000+00:00,-3.541e-05,123.94
2025-12-30 16:00:00.003000+00:00,1767110400003,2025-12-30T16:00:00.003000+00:00,0.0001,125.11
2025-12-31 00:00:00.004000+00:00,1767139200004,2025-12-31T00:00:00.004000+00:00,0.0001,124.92806357
2025-12-31 08:00:00.001000+00:00,1767168000001,2025-12-31T08:00:00.001000+00:00,2.078e-05,125.91502538
2025-12-31 16:00:00.001000+00:00,1767196800001,2025-12-31T16:00:00.001000+00:00,0.0001,125.54
2026-01-01 00:00:00.008000+00:00,1767225600008,2026-01-01T00:00:00.008000+00:00,2.778e-05,124.58353366
2026-01-01 08:00:00.002000+00:00,1767254400002,2026-01-01T08:00:00.002000+00:00,1.759e-05,124.19
2026-01-01 16:00:00.001000+00:00,1767283200001,2026-01-01T16:00:00.001000+00:00,2.227e-05,124.9
2026-01-02 00:00:00.006000+00:00,1767312000006,2026-01-02T00:00:00.006000+00:00,0.0001,126.83802867
2026-01-02 08:00:00.007000+00:00,1767340800007,2026-01-02T08:00:00.007000+00:00,0.0001,127.1
2026-01-02 16:00:00+00:00,1767369600000,2026-01-02T16:00:00+00:00,0.0001,128.95
2026-01-03 00:00:00.001000+00:00,1767398400001,2026-01-03T00:00:00.001000+00:00,0.0001,132.24
2026-01-03 08:00:00+00:00,1767427200000,2026-01-03T08:00:00+00:00,8.286e-05,130.04561207
2026-01-03 16:00:00+00:00,1767456000000,2026-01-03T16:00:00+00:00,6.427e-05,131.41171045
2026-01-04 00:00:00+00:00,1767484800000,2026-01-04T00:00:00+00:00,0.0001,133.31
2026-01-04 08:00:00+00:00,1767513600000,2026-01-04T08:00:00+00:00,4.499e-05,133.76582109
2026-01-04 16:00:00.001000+00:00,1767542400001,2026-01-04T16:00:00.001000+00:00,4.667e-05,134.83875265
2026-01-05 00:00:00+00:00,1767571200000,2026-01-05T00:00:00+00:00,5.164e-05,134.05546468
2026-01-05 08:00:00+00:00,1767600000000,2026-01-05T08:00:00+00:00,1.007e-05,135.34642229
2026-01-05 16:00:00+00:00,1767628800000,2026-01-05T16:00:00+00:00,1.357e-05,136.11752274
2026-01-06 00:00:00.010000+00:00,1767657600010,2026-01-06T00:00:00.010000+00:00,0.0001,137.85
2026-01-06 08:00:00+00:00,1767686400000,2026-01-06T08:00:00+00:00,3.473e-05,137.52
2026-01-06 16:00:00+00:00,1767715200000,2026-01-06T16:00:00+00:00,0.0001,141.56
2026-01-07 00:00:00.001000+00:00,1767744000001,2026-01-07T00:00:00.001000+00:00,0.0001,141.03
2026-01-07 08:00:00.001000+00:00,1767772800001,2026-01-07T08:00:00.001000+00:00,-1.47e-06,139.31
2026-01-07 16:00:00.001000+00:00,1767801600001,2026-01-07T16:00:00.001000+00:00,-4.471e-05,135.62
2026-01-08 00:00:00.001000+00:00,1767830400001,2026-01-08T00:00:00.001000+00:00,2.799e-05,136.32
2026-01-08 08:00:00+00:00,1767859200000,2026-01-08T08:00:00+00:00,7.768e-05,135.82
2026-01-08 16:00:00+00:00,1767888000000,2026-01-08T16:00:00+00:00,8.5e-07,136.35028542
2026-01-09 00:00:00.003000+00:00,1767916800003,2026-01-09T00:00:00.003000+00:00,0.0001,138.29702508
2026-01-09 08:00:00+00:00,1767945600000,2026-01-09T08:00:00+00:00,9.569e-05,139.51
2026-01-09 16:00:00.001000+00:00,1767974400001,2026-01-09T16:00:00.001000+00:00,0.0001,138.76
2026-01-10 00:00:00+00:00,1768003200000,2026-01-10T00:00:00+00:00,-9.725e-05,135.89376587
2026-01-10 08:00:00.002000+00:00,1768032000002,2026-01-10T08:00:00.002000+00:00,-6.589e-05,136.0003078
2026-01-10 16:00:00.001000+00:00,1768060800001,2026-01-10T16:00:00.001000+00:00,-1.82e-06,136.35788816
2026-01-11 00:00:00.003000+00:00,1768089600003,2026-01-11T00:00:00.003000+00:00,8.687e-05,135.78
2026-01-11 08:00:00.006000+00:00,1768118400006,2026-01-11T08:00:00.006000+00:00,0.0001,136.13736255
2026-01-11 16:00:00+00:00,1768147200000,2026-01-11T16:00:00+00:00,4.403e-05,138.38
2026-01-12 00:00:00.005000+00:00,1768176000005,2026-01-12T00:00:00.005000+00:00,0.0001,139.66275279
2026-01-12 08:00:00+00:00,1768204800000,2026-01-12T08:00:00+00:00,0.0001,141.34
2026-01-12 16:00:00+00:00,1768233600000,2026-01-12T16:00:00+00:00,3.69e-05,142.55
2026-01-13 00:00:00.007000+00:00,1768262400007,2026-01-13T00:00:00.007000+00:00,3.697e-05,139.13546452
2026-01-13 08:00:00.009000+00:00,1768291200009,2026-01-13T08:00:00.009000+00:00,2.223e-05,139.8878779
2026-01-13 16:00:00.002000+00:00,1768320000002,2026-01-13T16:00:00.002000+00:00,0.0001,143.44648096
2026-01-14 00:00:00+00:00,1768348800000,2026-01-14T00:00:00+00:00,0.0001,145.47779433
2026-01-14 08:00:00.001000+00:00,1768377600001,2026-01-14T08:00:00.001000+00:00,0.0001,144.81
2026-01-14 16:00:00.004000+00:00,1768406400004,2026-01-14T16:00:00.004000+00:00,9.806e-05,147.03
2026-01-15 00:00:00+00:00,1768435200000,2026-01-15T00:00:00+00:00,0.0001,146.61718185
2026-01-15 08:00:00.004000+00:00,1768464000004,2026-01-15T08:00:00.004000+00:00,9.75e-06,144.94
2026-01-15 16:00:00.002000+00:00,1768492800002,2026-01-15T16:00:00.002000+00:00,-1.293e-05,143.44941339
2026-01-16 00:00:00+00:00,1768521600000,2026-01-16T00:00:00+00:00,-4.172e-05,142.3258028
2026-01-16 08:00:00+00:00,1768550400000,2026-01-16T08:00:00+00:00,-1.717e-05,142.85
2026-01-16 16:00:00.001000+00:00,1768579200001,2026-01-16T16:00:00.001000+00:00,1.27e-05,140.68636363
2026-01-17 00:00:00+00:00,1768608000000,2026-01-17T00:00:00+00:00,0.0001,144.83599855
2026-01-17 08:00:00+00:00,1768636800000,2026-01-17T08:00:00+00:00,7.146e-05,143.56213667
2026-01-17 16:00:00.002000+00:00,1768665600002,2026-01-17T16:00:00.002000+00:00,-1.012e-05,144.26153099
2026-01-18 00:00:00.001000+00:00,1768694400001,2026-01-18T00:00:00.001000+00:00,1.596e-05,143.67292804
2026-01-18 08:00:00+00:00,1768723200000,2026-01-18T08:00:00+00:00,-9.483e-05,142.03184718
2026-01-18 16:00:00+00:00,1768752000000,2026-01-18T16:00:00+00:00,-3.06e-05,141.91242695
2026-01-19 00:00:00.007000+00:00,1768780800007,2026-01-19T00:00:00.007000+00:00,-1.163e-05,137.79
2026-01-19 08:00:00.007000+00:00,1768809600007,2026-01-19T08:00:00.007000+00:00,2.229e-05,133.39860337
2026-01-19 16:00:00.007000+00:00,1768838400007,2026-01-19T16:00:00.007000+00:00,9.979e-05,133.47754611
2026-01-20 00:00:00.005000+00:00,1768867200005,2026-01-20T00:00:00.005000+00:00,2.304e-05,133.39
2026-01-20 08:00:00.001000+00:00,1768896000001,2026-01-20T08:00:00.001000+00:00,8.389e-05,130.58145684
2026-01-20 16:00:00.009000+00:00,1768924800009,2026-01-20T16:00:00.009000+00:00,-6.674e-05,127.78709444
2026-01-21 00:00:00.001000+00:00,1768953600001,2026-01-21T00:00:00.001000+00:00,2.13e-06,125.73063535
2026-01-21 08:00:00.011000+00:00,1768982400011,2026-01-21T08:00:00.011000+00:00,-2.73e-05,127.53
2026-01-21 16:00:00.011000+00:00,1769011200011,2026-01-21T16:00:00.011000+00:00,3.81e-06,130.38
2026-01-22 00:00:00.010000+00:00,1769040000010,2026-01-22T00:00:00.010000+00:00,6.571e-05,129.48
2026-01-22 08:00:00.003000+00:00,1769068800003,2026-01-22T08:00:00.003000+00:00,-6.167e-05,129.72
2026-01-22 16:00:00.005000+00:00,1769097600005,2026-01-22T16:00:00.005000+00:00,-6.749e-05,127.35822098
2026-01-23 00:00:00.005000+00:00,1769126400005,2026-01-23T00:00:00.005000+00:00,-1.016e-05,128.41
2026-01-23 08:00:00+00:00,1769155200000,2026-01-23T08:00:00+00:00,1.237e-05,127.84286467
2026-01-23 16:00:00.011000+00:00,1769184000011,2026-01-23T16:00:00.011000+00:00,-6.703e-05,127.85
2026-01-24 00:00:00.011000+00:00,1769212800011,2026-01-24T00:00:00.011000+00:00,-1.852e-05,127.37
2026-01-24 08:00:00.002000+00:00,1769241600002,2026-01-24T08:00:00.002000+00:00,-9.28e-06,127.06378911
2026-01-24 16:00:00.001000+00:00,1769270400001,2026-01-24T16:00:00.001000+00:00,5.43e-06,126.77256865
2026-01-25 00:00:00.002000+00:00,1769299200002,2026-01-25T00:00:00.002000+00:00,-7.297e-05,127.13647591
2026-01-25 08:00:00.011000+00:00,1769328000011,2026-01-25T08:00:00.011000+00:00,-3.952e-05,126.40892978
2026-01-25 16:00:00.005000+00:00,1769356800005,2026-01-25T16:00:00.005000+00:00,5.353e-05,125.51419737
2026-01-26 00:00:00+00:00,1769385600000,2026-01-26T00:00:00+00:00,-0.00020746,118.77551437
2026-01-26 08:00:00.003000+00:00,1769414400003,2026-01-26T08:00:00.003000+00:00,7.17e-06,122.85
2026-01-26 16:00:00+00:00,1769443200000,2026-01-26T16:00:00+00:00,2.194e-05,123.46
2026-01-27 00:00:00.002000+00:00,1769472000002,2026-01-27T00:00:00.002000+00:00,8.056e-05,124.18
2026-01-27 08:00:00+00:00,1769500800000,2026-01-27T08:00:00+00:00,7.857e-05,124.45982222
2026-01-27 16:00:00+00:00,1769529600000,2026-01-27T16:00:00+00:00,2.427e-05,124.96456833
2026-01-28 00:00:00+00:00,1769558400000,2026-01-28T00:00:00+00:00,8.604e-05,127.12
2026-01-28 08:00:00+00:00,1769587200000,2026-01-28T08:00:00+00:00,6.014e-05,127.04
2026-01-28 16:00:00+00:00,1769616000000,2026-01-28T16:00:00+00:00,3.305e-05,126.01
2026-01-29 00:00:00+00:00,1769644800000,2026-01-29T00:00:00+00:00,1.45e-05,125.29
2026-01-29 08:00:00.009000+00:00,1769673600009,2026-01-29T08:00:00.009000+00:00,-5.141e-05,123.71
2026-01-29 16:00:00+00:00,1769702400000,2026-01-29T16:00:00+00:00,-7.62e-05,117.59121661
2026-01-30 00:00:00.008000+00:00,1769731200008,2026-01-30T00:00:00.008000+00:00,-0.000182,117.73589308
2026-01-30 08:00:00+00:00,1769760000000,2026-01-30T08:00:00+00:00,-8.985e-05,115.73712653
2026-01-30 16:00:00.001000+00:00,1769788800001,2026-01-30T16:00:00.001000+00:00,-4.603e-05,116.76665474
2026-01-31 00:00:00+00:00,1769817600000,2026-01-31T00:00:00+00:00,-4.73e-06,117.53
2026-01-31 08:00:00.001000+00:00,1769846400001,2026-01-31T08:00:00.001000+00:00,-0.00019176,117.3
2026-01-31 16:00:00.009000+00:00,1769875200009,2026-01-31T16:00:00.009000+00:00,-0.00015483,108.57309709
2026-02-01 00:00:00.001000+00:00,1769904000001,2026-02-01T00:00:00.001000+00:00,-0.00069212,105.43
2026-02-01 08:00:00.004000+00:00,1769932800004,2026-02-01T08:00:00.004000+00:00,-0.00019219,105.14612407
2026-02-01 16:00:00+00:00,1769961600000,2026-02-01T16:00:00+00:00,-8.954e-05,101.61
2026-02-02 00:00:00+00:00,1769990400000,2026-02-02T00:00:00+00:00,-0.00014659,100.72
2026-02-02 08:00:00.014000+00:00,1770019200014,2026-02-02T08:00:00.014000+00:00,-7.189e-05,101.39
2026-02-02 16:00:00+00:00,1770048000000,2026-02-02T16:00:00+00:00,-5.479e-05,104.6213939
2026-02-03 00:00:00+00:00,1770076800000,2026-02-03T00:00:00+00:00,-0.00012874,104.47417437
2026-02-03 08:00:00.007000+00:00,1770105600007,2026-02-03T08:00:00.007000+00:00,-9.347e-05,104.63
2026-02-03 16:00:00+00:00,1770134400000,2026-02-03T16:00:00+00:00,-0.00016414,102.52093071
2026-02-04 00:00:00.002000+00:00,1770163200002,2026-02-04T00:00:00.002000+00:00,-0.00017777,97.81694967
2026-02-04 08:00:00.007000+00:00,1770192000007,2026-02-04T08:00:00.007000+00:00,-0.00047041,97.83
2026-02-04 16:00:00+00:00,1770220800000,2026-02-04T16:00:00+00:00,-0.00033402,92.69
2026-02-05 00:00:00.011000+00:00,1770249600011,2026-02-05T00:00:00.011000+00:00,-2.794e-05,92.07483339
2026-02-05 08:00:00+00:00,1770278400000,2026-02-05T08:00:00+00:00,9.48e-06,90.5
2026-02-05 16:00:00.007000+00:00,1770307200007,2026-02-05T16:00:00.007000+00:00,-2.324e-05,84.53637247
2026-02-06 00:00:00+00:00,1770336000000,2026-02-06T00:00:00+00:00,-0.00016041,78.29703527
2026-02-06 08:00:00.001000+00:00,1770364800001,2026-02-06T08:00:00.001000+00:00,-0.00043701,79.48
2026-02-06 16:00:00+00:00,1770393600000,2026-02-06T16:00:00+00:00,-0.00055144,84.39
2026-02-07 00:00:00.003000+00:00,1770422400003,2026-02-07T00:00:00.003000+00:00,-0.00053126,87.41
2026-02-07 08:00:00+00:00,1770451200000,2026-02-07T08:00:00+00:00,-0.00024143,85.26068912
2026-02-07 16:00:00.010000+00:00,1770480000010,2026-02-07T16:00:00.010000+00:00,-0.00015393,86.51
2026-02-08 00:00:00.003000+00:00,1770508800003,2026-02-08T00:00:00.003000+00:00,-0.00028211,87.52246626
2026-02-08 08:00:00+00:00,1770537600000,2026-02-08T08:00:00+00:00,-0.00039857,87.32125481
2026-02-08 16:00:00+00:00,1770566400000,2026-02-08T16:00:00+00:00,-0.00030758,87.72
2026-02-09 00:00:00.002000+00:00,1770595200002,2026-02-09T00:00:00.002000+00:00,-0.00018599,86.92825337
2026-02-09 08:00:00.001000+00:00,1770624000001,2026-02-09T08:00:00.001000+00:00,-0.00015733,85.43
2026-02-09 16:00:00.007000+00:00,1770652800007,2026-02-09T16:00:00.007000+00:00,-1.919e-05,85.26
2026-02-10 00:00:00+00:00,1770681600000,2026-02-10T00:00:00+00:00,-0.00012797,86.71341251
2026-02-10 08:00:00.007000+00:00,1770710400007,2026-02-10T08:00:00.007000+00:00,-9.266e-05,84.58
2026-02-10 16:00:00+00:00,1770739200000,2026-02-10T16:00:00+00:00,-0.00015079,84.25
2026-02-11 00:00:00+00:00,1770768000000,2026-02-11T00:00:00+00:00,3.598e-05,82.96
2026-02-11 08:00:00.006000+00:00,1770796800006,2026-02-11T08:00:00.006000+00:00,-9.212e-05,80.96
2026-02-11 16:00:00+00:00,1770825600000,2026-02-11T16:00:00+00:00,-8.635e-05,79.66036535
2026-02-12 00:00:00+00:00,1770854400000,2026-02-12T00:00:00+00:00,-0.0001924,79.26506784
2026-02-12 08:00:00.001000+00:00,1770883200001,2026-02-12T08:00:00.001000+00:00,-7.372e-05,80.72583313
2026-02-12 16:00:00.001000+00:00,1770912000001,2026-02-12T16:00:00.001000+00:00,-0.00016709,80.06714162
2026-02-13 00:00:00.007000+00:00,1770940800007,2026-02-13T00:00:00.007000+00:00,-4.022e-05,78.37
2026-02-13 08:00:00.003000+00:00,1770969600003,2026-02-13T08:00:00.003000+00:00,-6.12e-06,78.93168824
2026-02-13 16:00:00.005000+00:00,1770998400005,2026-02-13T16:00:00.005000+00:00,7.1e-06,83.15602904
2026-02-14 00:00:00.002000+00:00,1771027200002,2026-02-14T00:00:00.002000+00:00,2.902e-05,84.28
2026-02-14 08:00:00.004000+00:00,1771056000004,2026-02-14T08:00:00.004000+00:00,-7.743e-05,85.13
2026-02-14 16:00:00.002000+00:00,1771084800002,2026-02-14T16:00:00.002000+00:00,-5.619e-05,87.39
2026-02-15 00:00:00+00:00,1771113600000,2026-02-15T00:00:00+00:00,-0.00017847,88.01
2026-02-15 08:00:00.002000+00:00,1771142400002,2026-02-15T08:00:00.002000+00:00,-1.01e-05,90.68
2026-02-15 16:00:00+00:00,1771171200000,2026-02-15T16:00:00+00:00,5.339e-05,87.36140729
2026-02-16 00:00:00.001000+00:00,1771200000001,2026-02-16T00:00:00.001000+00:00,-4.817e-05,86.1
2026-02-16 08:00:00.003000+00:00,1771228800003,2026-02-16T08:00:00.003000+00:00,-6.6e-06,85.01
2026-02-16 16:00:00+00:00,1771257600000,2026-02-16T16:00:00+00:00,-0.00015888,83.16
2026-02-17 00:00:00.008000+00:00,1771286400008,2026-02-17T00:00:00.008000+00:00,-3.812e-05,86.4
2026-02-17 08:00:00.001000+00:00,1771315200001,2026-02-17T08:00:00.001000+00:00,-5.851e-05,86.42
2026-02-17 16:00:00.002000+00:00,1771344000002,2026-02-17T16:00:00.002000+00:00,-0.00012454,83.76
2026-02-18 00:00:00+00:00,1771372800000,2026-02-18T00:00:00+00:00,-9.696e-05,85.03
2026-02-18 08:00:00+00:00,1771401600000,2026-02-18T08:00:00+00:00,-3.984e-05,85.22
2026-02-18 16:00:00.011000+00:00,1771430400011,2026-02-18T16:00:00.011000+00:00,-0.0002287,82.95751549
2026-02-19 00:00:00.013000+00:00,1771459200013,2026-02-19T00:00:00.013000+00:00,-0.00012426,81.54887179
2026-02-19 08:00:00+00:00,1771488000000,2026-02-19T08:00:00+00:00,-0.00012365,82.35328832
2026-02-19 16:00:00.003000+00:00,1771516800003,2026-02-19T16:00:00.003000+00:00,3.106e-05,80.58635694
2026-02-20 00:00:00+00:00,1771545600000,2026-02-20T00:00:00+00:00,2.253e-05,82.46
2026-02-20 08:00:00+00:00,1771574400000,2026-02-20T08:00:00+00:00,-9.514e-05,83.39413085
2026-02-20 16:00:00+00:00,1771603200000,2026-02-20T16:00:00+00:00,3.03e-06,84.33
2026-02-21 00:00:00.004000+00:00,1771632000004,2026-02-21T00:00:00.004000+00:00,5.856e-05,84.62
2026-02-21 08:00:00+00:00,1771660800000,2026-02-21T08:00:00+00:00,-9.185e-05,84.18
2026-02-21 16:00:00.005000+00:00,1771689600005,2026-02-21T16:00:00.005000+00:00,-6.16e-06,86.52
2026-02-22 00:00:00.001000+00:00,1771718400001,2026-02-22T00:00:00.001000+00:00,-5.057e-05,85.13
2026-02-22 08:00:00.004000+00:00,1771747200004,2026-02-22T08:00:00.004000+00:00,-0.00010584,85.19257546
2026-02-22 16:00:00+00:00,1771776000000,2026-02-22T16:00:00+00:00,-6.575e-05,83.45453353
2026-02-23 00:00:00.001000+00:00,1771804800001,2026-02-23T00:00:00.001000+00:00,-7.447e-05,82.75
2026-02-23 08:00:00+00:00,1771833600000,2026-02-23T08:00:00+00:00,-0.00053535,79.3336457
2026-02-23 16:00:00+00:00,1771862400000,2026-02-23T16:00:00+00:00,-0.00014788,79.37381545
2026-02-24 00:00:00.007000+00:00,1771891200007,2026-02-24T00:00:00.007000+00:00,-4.143e-05,77.87
2026-02-24 08:00:00+00:00,1771920000000,2026-02-24T08:00:00+00:00,-7.491e-05,76.81006723
2026-02-24 16:00:00.001000+00:00,1771948800001,2026-02-24T16:00:00.001000+00:00,-5.768e-05,77.25
2026-02-25 00:00:00.001000+00:00,1771977600001,2026-02-25T00:00:00.001000+00:00,-0.00017258,78.9
2026-02-25 08:00:00.007000+00:00,1772006400007,2026-02-25T08:00:00.007000+00:00,6.827e-05,82.14389088
2026-02-25 16:00:00+00:00,1772035200000,2026-02-25T16:00:00+00:00,6.24e-05,85.9523839
2026-02-26 00:00:00+00:00,1772064000000,2026-02-26T00:00:00+00:00,0.0001,88.01403517
2026-02-26 08:00:00.006000+00:00,1772092800006,2026-02-26T08:00:00.006000+00:00,1.584e-05,87.20168246
2026-02-26 16:00:00.002000+00:00,1772121600002,2026-02-26T16:00:00.002000+00:00,-6.714e-05,86.51
2026-02-27 00:00:00.007000+00:00,1772150400007,2026-02-27T00:00:00.007000+00:00,-2.35e-06,85.87
2026-02-27 08:00:00+00:00,1772179200000,2026-02-27T08:00:00+00:00,-8.411e-05,87.27350697
2026-02-27 16:00:00.001000+00:00,1772208000001,2026-02-27T16:00:00.001000+00:00,-0.00018881,82.64
2026-02-28 00:00:00+00:00,1772236800000,2026-02-28T00:00:00+00:00,5.04e-06,81.8
2026-02-28 08:00:00+00:00,1772265600000,2026-02-28T08:00:00+00:00,-0.00020116,78.66
2026-02-28 16:00:00.004000+00:00,1772294400004,2026-02-28T16:00:00.004000+00:00,-0.00022315,80.86754461
2026-03-01 00:00:00.005000+00:00,1772323200005,2026-03-01T00:00:00.005000+00:00,-4.585e-05,84.30664941
2026-03-01 08:00:00+00:00,1772352000000,2026-03-01T08:00:00+00:00,0.0001,86.58
2026-03-01 16:00:00.002000+00:00,1772380800002,2026-03-01T16:00:00.002000+00:00,5.377e-05,85.61
2026-03-02 00:00:00.001000+00:00,1772409600001,2026-03-02T00:00:00.001000+00:00,2.413e-05,83.55
2026-03-02 08:00:00.007000+00:00,1772438400007,2026-03-02T08:00:00.007000+00:00,-8.58e-05,82.9
2026-03-02 16:00:00+00:00,1772467200000,2026-03-02T16:00:00+00:00,-1.424e-05,88.75543251
2026-03-03 00:00:00+00:00,1772496000000,2026-03-03T00:00:00+00:00,-3.622e-05,86.6
2026-03-03 08:00:00+00:00,1772524800000,2026-03-03T08:00:00+00:00,-6.186e-05,85.53754436
2026-03-03 16:00:00.007000+00:00,1772553600007,2026-03-03T16:00:00.007000+00:00,-0.00014862,84.99
2026-03-04 00:00:00.001000+00:00,1772582400001,2026-03-04T00:00:00.001000+00:00,3.07e-06,86.92585871
2026-03-04 08:00:00.005000+00:00,1772611200005,2026-03-04T08:00:00.005000+00:00,1.145e-05,87.40688987
2026-03-04 16:00:00+00:00,1772640000000,2026-03-04T16:00:00+00:00,2.4e-05,92.89
2026-03-05 00:00:00+00:00,1772668800000,2026-03-05T00:00:00+00:00,5.985e-05,90.82713925
2026-03-05 08:00:00+00:00,1772697600000,2026-03-05T08:00:00+00:00,-7.723e-05,90.10216298
2026-03-05 16:00:00.004000+00:00,1772726400004,2026-03-05T16:00:00.004000+00:00,-0.00011105,89.55668754
2026-03-06 00:00:00.001000+00:00,1772755200001,2026-03-06T00:00:00.001000+00:00,6.362e-05,88.7283653
2026-03-06 08:00:00.001000+00:00,1772784000001,2026-03-06T08:00:00.001000+00:00,-7.936e-05,88.65
2026-03-06 16:00:00.004000+00:00,1772812800004,2026-03-06T16:00:00.004000+00:00,-0.00013058,84.57942747
2026-03-07 00:00:00.001000+00:00,1772841600001,2026-03-07T00:00:00.001000+00:00,-6.121e-05,84.65169316
2026-03-07 08:00:00.012000+00:00,1772870400012,2026-03-07T08:00:00.012000+00:00,2.98e-06,84.27
2026-03-07 16:00:00.001000+00:00,1772899200001,2026-03-07T16:00:00.001000+00:00,-0.00012228,83.69
2026-03-08 00:00:00.001000+00:00,1772928000001,2026-03-08T00:00:00.001000+00:00,-0.00010523,83.16471608
2026-03-08 08:00:00+00:00,1772956800000,2026-03-08T08:00:00+00:00,-0.00016925,82.90461995
2026-03-08 16:00:00.002000+00:00,1772985600002,2026-03-08T16:00:00.002000+00:00,-0.00019962,82.01088821
2026-03-09 00:00:00+00:00,1773014400000,2026-03-09T00:00:00+00:00,-0.00010144,81.57
2026-03-09 08:00:00.004000+00:00,1773043200004,2026-03-09T08:00:00.004000+00:00,-8.215e-05,83.11
2026-03-09 16:00:00.003000+00:00,1773072000003,2026-03-09T16:00:00.003000+00:00,-1.812e-05,85.01042437
2026-03-10 00:00:00.012000+00:00,1773100800012,2026-03-10T00:00:00.012000+00:00,3.046e-05,84.91693406
2026-03-10 08:00:00.002000+00:00,1773129600002,2026-03-10T08:00:00.002000+00:00,6.257e-05,86.66075123
2026-03-10 16:00:00.001000+00:00,1773158400001,2026-03-10T16:00:00.001000+00:00,-1.909e-05,88.31
2026-03-11 00:00:00+00:00,1773187200000,2026-03-11T00:00:00+00:00,6.61e-06,85.83
2026-03-11 08:00:00.007000+00:00,1773216000007,2026-03-11T08:00:00.007000+00:00,-9.673e-05,85.39
2026-03-11 16:00:00.010000+00:00,1773244800010,2026-03-11T16:00:00.010000+00:00,-0.00010183,85.37
2026-03-12 00:00:00+00:00,1773273600000,2026-03-12T00:00:00+00:00,4.554e-05,86.53
2026-03-12 08:00:00+00:00,1773302400000,2026-03-12T08:00:00+00:00,-0.00016439,85.78
2026-03-12 16:00:00+00:00,1773331200000,2026-03-12T16:00:00+00:00,-3.63e-06,86.53
2026-03-13 00:00:00.006000+00:00,1773360000006,2026-03-13T00:00:00.006000+00:00,7.234e-05,86.8
2026-03-13 08:00:00.001000+00:00,1773388800001,2026-03-13T08:00:00.001000+00:00,7.241e-05,88.63
2026-03-13 16:00:00+00:00,1773417600000,2026-03-13T16:00:00+00:00,9.095e-05,89.42798954
2026-03-14 00:00:00.001000+00:00,1773446400001,2026-03-14T00:00:00.001000+00:00,-2.65e-05,88.12
2026-03-14 08:00:00+00:00,1773475200000,2026-03-14T08:00:00+00:00,-6.738e-05,87.28263723
2026-03-14 16:00:00.007000+00:00,1773504000007,2026-03-14T16:00:00.007000+00:00,-9.915e-05,86.68
2026-03-15 00:00:00+00:00,1773532800000,2026-03-15T00:00:00+00:00,-0.00010764,88.0
2026-03-15 08:00:00+00:00,1773561600000,2026-03-15T08:00:00+00:00,-5.506e-05,88.181874
2026-03-15 16:00:00+00:00,1773590400000,2026-03-15T16:00:00+00:00,1.663e-05,87.86
2026-03-16 00:00:00+00:00,1773619200000,2026-03-16T00:00:00+00:00,9.583e-05,92.29
2026-03-16 08:00:00.010000+00:00,1773648000010,2026-03-16T08:00:00.010000+00:00,0.0001,93.54
2026-03-16 16:00:00+00:00,1773676800000,2026-03-16T16:00:00+00:00,5.241e-05,93.14
2026-03-17 00:00:00+00:00,1773705600000,2026-03-17T00:00:00+00:00,8.675e-05,96.15546577
2026-03-17 08:00:00.002000+00:00,1773734400002,2026-03-17T08:00:00.002000+00:00,4.97e-06,94.38
2026-03-17 16:00:00.011000+00:00,1773763200011,2026-03-17T16:00:00.011000+00:00,-1.43e-05,93.77
2026-03-18 00:00:00.002000+00:00,1773792000002,2026-03-18T00:00:00.002000+00:00,-8.83e-06,94.57
2026-03-18 08:00:00.002000+00:00,1773820800002,2026-03-18T08:00:00.002000+00:00,-4.951e-05,93.89326824
2026-03-18 16:00:00.005000+00:00,1773849600005,2026-03-18T16:00:00.005000+00:00,-6.465e-05,89.31735445
2026-03-19 00:00:00+00:00,1773878400000,2026-03-19T00:00:00+00:00,-0.00010064,90.03196863
2026-03-19 08:00:00.003000+00:00,1773907200003,2026-03-19T08:00:00.003000+00:00,-1.65e-06,89.38274806
2026-03-19 16:00:00.003000+00:00,1773936000003,2026-03-19T16:00:00.003000+00:00,-3.8e-06,87.57162408
2026-03-20 00:00:00.002000+00:00,1773964800002,2026-03-20T00:00:00.002000+00:00,3.87e-06,88.85
2026-03-20 08:00:00+00:00,1773993600000,2026-03-20T08:00:00+00:00,-4.929e-05,89.32032084
2026-03-20 16:00:00+00:00,1774022400000,2026-03-20T16:00:00+00:00,-6.064e-05,88.9143686
2026-03-21 00:00:00+00:00,1774051200000,2026-03-21T00:00:00+00:00,2.431e-05,89.81
2026-03-21 08:00:00+00:00,1774080000000,2026-03-21T08:00:00+00:00,-1.16e-05,90.09
2026-03-21 16:00:00.014000+00:00,1774108800014,2026-03-21T16:00:00.014000+00:00,-0.00012136,89.78
2026-03-22 00:00:00.012000+00:00,1774137600012,2026-03-22T00:00:00.012000+00:00,-0.00012994,87.51
2026-03-22 08:00:00.007000+00:00,1774166400007,2026-03-22T08:00:00.007000+00:00,-0.00013452,87.65
2026-03-22 16:00:00.002000+00:00,1774195200002,2026-03-22T16:00:00.002000+00:00,-0.00012882,87.52921056
2026-03-23 00:00:00+00:00,1774224000000,2026-03-23T00:00:00+00:00,-6.305e-05,86.17476311
2026-03-23 08:00:00.003000+00:00,1774252800003,2026-03-23T08:00:00.003000+00:00,-1.921e-05,85.93
2026-03-23 16:00:00.002000+00:00,1774281600002,2026-03-23T16:00:00.002000+00:00,4.974e-05,89.91
2026-03-24 00:00:00+00:00,1774310400000,2026-03-24T00:00:00+00:00,0.0001,91.4
2026-03-24 08:00:00+00:00,1774339200000,2026-03-24T08:00:00+00:00,2.758e-05,91.7
2026-03-24 16:00:00.003000+00:00,1774368000003,2026-03-24T16:00:00.003000+00:00,-0.00011027,89.69
2026-03-25 00:00:00+00:00,1774396800000,2026-03-25T00:00:00+00:00,-4.578e-05,90.75217934
2026-03-25 08:00:00+00:00,1774425600000,2026-03-25T08:00:00+00:00,6.687e-05,91.78
2026-03-25 16:00:00.013000+00:00,1774454400013,2026-03-25T16:00:00.013000+00:00,9.615e-05,91.73664664
2026-03-26 00:00:00.001000+00:00,1774483200001,2026-03-26T00:00:00.001000+00:00,8.033e-05,91.65490413
2026-03-26 08:00:00.001000+00:00,1774512000001,2026-03-26T08:00:00.001000+00:00,-0.00019611,89.04
2026-03-26 16:00:00+00:00,1774540800000,2026-03-26T16:00:00+00:00,-0.00022349,87.47489853
2026-03-27 00:00:00.006000+00:00,1774569600006,2026-03-27T00:00:00.006000+00:00,-0.00022517,86.47056766
2026-03-27 08:00:00+00:00,1774598400000,2026-03-27T08:00:00+00:00,-0.00019053,85.86
2026-03-27 16:00:00+00:00,1774627200000,2026-03-27T16:00:00+00:00,-0.0003981,83.25108506
2026-03-28 00:00:00.005000+00:00,1774656000005,2026-03-28T00:00:00.005000+00:00,-0.00028259,83.04
2026-03-28 08:00:00.005000+00:00,1774684800005,2026-03-28T08:00:00.005000+00:00,-0.00021298,83.55
2026-03-28 16:00:00+00:00,1774713600000,2026-03-28T16:00:00+00:00,-0.00016926,83.75
2026-03-29 00:00:00.003000+00:00,1774742400003,2026-03-29T00:00:00.003000+00:00,-0.00030226,82.01985075
2026-03-29 08:00:00.001000+00:00,1774771200001,2026-03-29T08:00:00.001000+00:00,-0.00023173,82.39926748
2026-03-29 16:00:00+00:00,1774800000000,2026-03-29T16:00:00+00:00,-0.00014871,81.75
2026-03-30 00:00:00+00:00,1774828800000,2026-03-30T00:00:00+00:00,-0.00027324,81.33633904
2026-03-30 08:00:00.005000+00:00,1774857600005,2026-03-30T08:00:00.005000+00:00,-7.1e-06,83.98
2026-03-30 16:00:00+00:00,1774886400000,2026-03-30T16:00:00+00:00,-1.962e-05,84.46
2026-03-31 00:00:00+00:00,1774915200000,2026-03-31T00:00:00+00:00,-8.653e-05,82.51
2026-03-31 08:00:00+00:00,1774944000000,2026-03-31T08:00:00+00:00,3.994e-05,83.06
2026-03-31 16:00:00+00:00,1774972800000,2026-03-31T16:00:00+00:00,-0.0001383,80.82
2026-04-01 00:00:00+00:00,1775001600000,2026-04-01T00:00:00+00:00,1.608e-05,83.15
2026-04-01 08:00:00+00:00,1775030400000,2026-04-01T08:00:00+00:00,-6.42e-06,83.8
2026-04-01 16:00:00+00:00,1775059200000,2026-04-01T16:00:00+00:00,-1.877e-05,83.58217839
2026-04-02 00:00:00.003000+00:00,1775088000003,2026-04-02T00:00:00.003000+00:00,1.042e-05,81.14392049
2026-04-02 08:00:00.001000+00:00,1775116800001,2026-04-02T08:00:00.001000+00:00,-0.00023581,79.59
2026-04-02 16:00:00.001000+00:00,1775145600001,2026-04-02T16:00:00.001000+00:00,-6.199e-05,79.01
2026-04-03 00:00:00+00:00,1775174400000,2026-04-03T00:00:00+00:00,-6.8e-06,78.91
2026-04-03 08:00:00.008000+00:00,1775203200008,2026-04-03T08:00:00.008000+00:00,-2.576e-05,79.9
2026-04-03 16:00:00.008000+00:00,1775232000008,2026-04-03T16:00:00.008000+00:00,4.323e-05,80.29
2026-04-04 00:00:00+00:00,1775260800000,2026-04-04T00:00:00+00:00,-4.223e-05,80.35
2026-04-04 08:00:00.003000+00:00,1775289600003,2026-04-04T08:00:00.003000+00:00,-7.014e-05,80.27348478
2026-04-04 16:00:00+00:00,1775318400000,2026-04-04T16:00:00+00:00,-3.973e-05,81.06
2026-04-05 00:00:00.008000+00:00,1775347200008,2026-04-05T00:00:00.008000+00:00,-4.086e-05,80.8
2026-04-05 08:00:00+00:00,1775376000000,2026-04-05T08:00:00+00:00,-9.381e-05,79.55921111
2026-04-05 16:00:00.001000+00:00,1775404800001,2026-04-05T16:00:00.001000+00:00,-7.917e-05,79.55126527
2026-04-06 00:00:00.004000+00:00,1775433600004,2026-04-06T00:00:00.004000+00:00,-1.272e-05,81.86
2026-04-06 08:00:00.001000+00:00,1775462400001,2026-04-06T08:00:00.001000+00:00,7.896e-05,81.76929809
2026-04-06 16:00:00.003000+00:00,1775491200003,2026-04-06T16:00:00.003000+00:00,-1.845e-05,82.24818036
2026-04-07 00:00:00+00:00,1775520000000,2026-04-07T00:00:00+00:00,-0.00010287,79.98
2026-04-07 08:00:00+00:00,1775548800000,2026-04-07T08:00:00+00:00,-0.00021212,79.81364852
2026-04-07 16:00:00+00:00,1775577600000,2026-04-07T16:00:00+00:00,-6.822e-05,78.82883087
2026-04-08 00:00:00+00:00,1775606400000,2026-04-08T00:00:00+00:00,0.0001,85.53
2026-04-08 08:00:00+00:00,1775635200000,2026-04-08T08:00:00+00:00,0.0001,84.48095139
2026-04-08 16:00:00.006000+00:00,1775664000006,2026-04-08T16:00:00.006000+00:00,0.0001,83.30147361
2026-04-09 00:00:00+00:00,1775692800000,2026-04-09T00:00:00+00:00,4.258e-05,82.52476453
2026-04-09 08:00:00.010000+00:00,1775721600010,2026-04-09T08:00:00.010000+00:00,-1.292e-05,82.24227732
2026-04-09 16:00:00.001000+00:00,1775750400001,2026-04-09T16:00:00.001000+00:00,2.462e-05,83.7
2026-04-10 00:00:00+00:00,1775779200000,2026-04-10T00:00:00+00:00,0.0001,83.28958469
2026-04-10 08:00:00.005000+00:00,1775808000005,2026-04-10T08:00:00.005000+00:00,1e-06,82.92255636
2026-04-10 16:00:00+00:00,1775836800000,2026-04-10T16:00:00+00:00,8.338e-05,84.2
2026-04-11 00:00:00+00:00,1775865600000,2026-04-11T00:00:00+00:00,4.33e-05,84.78462873
2026-04-11 08:00:00+00:00,1775894400000,2026-04-11T08:00:00+00:00,-1.872e-05,84.22717811
2026-04-11 16:00:00.003000+00:00,1775923200003,2026-04-11T16:00:00.003000+00:00,-1.22e-05,84.63
2026-04-12 00:00:00+00:00,1775952000000,2026-04-12T00:00:00+00:00,0.0001,84.89158292
2026-04-12 08:00:00+00:00,1775980800000,2026-04-12T08:00:00+00:00,-0.00011509,82.23
2026-04-12 16:00:00+00:00,1776009600000,2026-04-12T16:00:00+00:00,-6.761e-05,81.55
2026-04-13 00:00:00.011000+00:00,1776038400011,2026-04-13T00:00:00.011000+00:00,3.827e-05,81.48
2026-04-13 08:00:00.006000+00:00,1776067200006,2026-04-13T08:00:00.006000+00:00,-9.36e-06,82.13
2026-04-13 16:00:00+00:00,1776096000000,2026-04-13T16:00:00+00:00,0.0001,82.63
2026-04-14 00:00:00.005000+00:00,1776124800005,2026-04-14T00:00:00.005000+00:00,0.0001,86.5
2026-04-14 08:00:00.003000+00:00,1776153600003,2026-04-14T08:00:00.003000+00:00,0.0001,85.86
2026-04-14 16:00:00.001000+00:00,1776182400001,2026-04-14T16:00:00.001000+00:00,0.0001,85.93
2026-04-15 00:00:00+00:00,1776211200000,2026-04-15T00:00:00+00:00,1.64e-06,83.66985558
2026-04-15 08:00:00+00:00,1776240000000,2026-04-15T08:00:00+00:00,-9.128e-05,82.88
2026-04-15 16:00:00+00:00,1776268800000,2026-04-15T16:00:00+00:00,-2.279e-05,83.9737382
2026-04-16 00:00:00.013000+00:00,1776297600013,2026-04-16T00:00:00.013000+00:00,0.0001,84.86
2026-04-16 08:00:00+00:00,1776326400000,2026-04-16T08:00:00+00:00,0.0001,85.15450625
2026-04-16 16:00:00+00:00,1776355200000,2026-04-16T16:00:00+00:00,7.305e-05,86.58
2026-04-17 00:00:00.001000+00:00,1776384000001,2026-04-17T00:00:00.001000+00:00,0.0001,89.03
2026-04-17 08:00:00.011000+00:00,1776412800011,2026-04-17T08:00:00.011000+00:00,3.085e-05,88.1
2026-04-17 16:00:00.001000+00:00,1776441600001,2026-04-17T16:00:00.001000+00:00,1.016e-05,89.90243676
2026-04-18 00:00:00.001000+00:00,1776470400001,2026-04-18T00:00:00.001000+00:00,2.64e-06,88.71505425
2026-04-18 08:00:00.006000+00:00,1776499200006,2026-04-18T08:00:00.006000+00:00,-8.193e-05,88.39671365
2026-04-18 16:00:00+00:00,1776528000000,2026-04-18T16:00:00+00:00,-7.993e-05,86.70366441
2026-04-19 00:00:00.002000+00:00,1776556800002,2026-04-19T00:00:00.002000+00:00,-6.547e-05,86.11
2026-04-19 08:00:00.010000+00:00,1776585600010,2026-04-19T08:00:00.010000+00:00,-9.117e-05,84.82380593
2026-04-19 16:00:00.001000+00:00,1776614400001,2026-04-19T16:00:00.001000+00:00,-7.527e-05,86.31197204
2026-04-20 00:00:00+00:00,1776643200000,2026-04-20T00:00:00+00:00,-8.585e-05,83.41
2026-04-20 08:00:00+00:00,1776672000000,2026-04-20T08:00:00+00:00,-1.265e-05,84.7
2026-04-20 16:00:00.001000+00:00,1776700800001,2026-04-20T16:00:00.001000+00:00,4.88e-05,85.82888647
2026-04-21 00:00:00+00:00,1776729600000,2026-04-21T00:00:00+00:00,8.917e-05,85.24610624
2026-04-21 08:00:00.004000+00:00,1776758400004,2026-04-21T08:00:00.004000+00:00,2.729e-05,85.65
2026-04-21 16:00:00.004000+00:00,1776787200004,2026-04-21T16:00:00.004000+00:00,-7.3e-07,86.0
2026-04-22 00:00:00.004000+00:00,1776816000004,2026-04-22T00:00:00.004000+00:00,6.371e-05,86.0
2026-04-22 08:00:00+00:00,1776844800000,2026-04-22T08:00:00+00:00,0.0001,88.03076525
2026-04-22 16:00:00+00:00,1776873600000,2026-04-22T16:00:00+00:00,0.0001,88.1342457
2026-04-23 00:00:00+00:00,1776902400000,2026-04-23T00:00:00+00:00,8.553e-05,86.83162359
2026-04-23 08:00:00+00:00,1776931200000,2026-04-23T08:00:00+00:00,-4.21e-05,85.86
2026-04-23 16:00:00.004000+00:00,1776960000004,2026-04-23T16:00:00.004000+00:00,1.908e-05,86.30817354
2026-04-24 00:00:00.006000+00:00,1776988800006,2026-04-24T00:00:00.006000+00:00,-7.719e-05,86.08
2026-04-24 08:00:00+00:00,1777017600000,2026-04-24T08:00:00+00:00,-2.981e-05,85.45
2026-04-24 16:00:00+00:00,1777046400000,2026-04-24T16:00:00+00:00,-5.314e-05,86.47899113
2026-04-25 00:00:00+00:00,1777075200000,2026-04-25T00:00:00+00:00,5.235e-05,86.13327371
2026-04-25 08:00:00.002000+00:00,1777104000002,2026-04-25T08:00:00.002000+00:00,1.927e-05,86.32
2026-04-25 16:00:00.002000+00:00,1777132800002,2026-04-25T16:00:00.002000+00:00,-5.575e-05,86.18
2026-04-26 00:00:00.003000+00:00,1777161600003,2026-04-26T00:00:00.003000+00:00,-4.604e-05,86.13
2026-04-26 08:00:00.007000+00:00,1777190400007,2026-04-26T08:00:00.007000+00:00,9.411e-05,86.59225627
2026-04-26 16:00:00.004000+00:00,1777219200004,2026-04-26T16:00:00.004000+00:00,-3.44e-06,86.5
2026-04-27 00:00:00.004000+00:00,1777248000004,2026-04-27T00:00:00.004000+00:00,-1.262e-05,86.87723102
2026-04-27 08:00:00+00:00,1777276800000,2026-04-27T08:00:00+00:00,-2.08e-05,85.21
2026-04-27 16:00:00.002000+00:00,1777305600002,2026-04-27T16:00:00.002000+00:00,-0.00011407,84.10375475
2026-04-28 00:00:00.001000+00:00,1777334400001,2026-04-28T00:00:00.001000+00:00,-0.00011394,84.78027685
2026-04-28 08:00:00+00:00,1777363200000,2026-04-28T08:00:00+00:00,8.41e-06,83.96785907
2026-04-28 16:00:00.004000+00:00,1777392000004,2026-04-28T16:00:00.004000+00:00,-4.511e-05,83.43
2026-04-29 00:00:00.006000+00:00,1777420800006,2026-04-29T00:00:00.006000+00:00,-1.641e-05,84.02
2026-04-29 08:00:00.011000+00:00,1777449600011,2026-04-29T08:00:00.011000+00:00,7.892e-05,84.67
2026-04-29 16:00:00.003000+00:00,1777478400003,2026-04-29T16:00:00.003000+00:00,-6.745e-05,83.19722325
2026-04-30 00:00:00.002000+00:00,1777507200002,2026-04-30T00:00:00.002000+00:00,-3.778e-05,83.01
2026-04-30 08:00:00+00:00,1777536000000,2026-04-30T08:00:00+00:00,7.422e-05,83.32
2026-04-30 16:00:00+00:00,1777564800000,2026-04-30T16:00:00+00:00,7.585e-05,83.31
2026-05-01 00:00:00+00:00,1777593600000,2026-05-01T00:00:00+00:00,6.01e-05,83.04780485
2026-05-01 08:00:00.005000+00:00,1777622400005,2026-05-01T08:00:00.005000+00:00,1.697e-05,83.91099501
2026-05-01 16:00:00+00:00,1777651200000,2026-05-01T16:00:00+00:00,4.955e-05,84.43174944
2026-05-02 00:00:00.006000+00:00,1777680000006,2026-05-02T00:00:00.006000+00:00,7.261e-05,83.70452092
2026-05-02 08:00:00+00:00,1777708800000,2026-05-02T08:00:00+00:00,-3.588e-05,83.67731771
2026-05-02 16:00:00.010000+00:00,1777737600010,2026-05-02T16:00:00.010000+00:00,-1.782e-05,83.99635578
2026-05-03 00:00:00.005000+00:00,1777766400005,2026-05-03T00:00:00.005000+00:00,4.38e-05,84.23
2026-05-03 08:00:00.003000+00:00,1777795200003,2026-05-03T08:00:00.003000+00:00,-2.973e-05,83.83
2026-05-03 16:00:00+00:00,1777824000000,2026-05-03T16:00:00+00:00,-1.872e-05,84.11554263
2026-05-04 00:00:00+00:00,1777852800000,2026-05-04T00:00:00+00:00,7.211e-05,83.87
2026-05-04 08:00:00+00:00,1777881600000,2026-05-04T08:00:00+00:00,0.0001,84.83564771
2026-05-04 16:00:00.003000+00:00,1777910400003,2026-05-04T16:00:00.003000+00:00,2.423e-05,84.45
2026-05-05 00:00:00+00:00,1777939200000,2026-05-05T00:00:00+00:00,6.511e-05,84.05
2026-05-05 08:00:00.011000+00:00,1777968000011,2026-05-05T08:00:00.011000+00:00,7.893e-05,84.83876225
2026-05-05 16:00:00+00:00,1777996800000,2026-05-05T16:00:00+00:00,0.0001,85.45263533
2026-05-06 00:00:00.010000+00:00,1778025600010,2026-05-06T00:00:00.010000+00:00,0.0001,86.25472099
2026-05-06 08:00:00+00:00,1778054400000,2026-05-06T08:00:00+00:00,5.677e-05,87.65494104
2026-05-06 16:00:00.002000+00:00,1778083200002,2026-05-06T16:00:00.002000+00:00,0.0001,88.92707819
2026-05-07 00:00:00+00:00,1778112000000,2026-05-07T00:00:00+00:00,8.995e-05,89.10517415
2026-05-07 08:00:00+00:00,1778140800000,2026-05-07T08:00:00+00:00,8.232e-05,90.12
2026-05-07 16:00:00.004000+00:00,1778169600004,2026-05-07T16:00:00.004000+00:00,-5.96e-05,88.26193722
2026-05-08 00:00:00.003000+00:00,1778198400003,2026-05-08T00:00:00.003000+00:00,9.448e-05,88.39
2026-05-08 08:00:00.002000+00:00,1778227200002,2026-05-08T08:00:00.002000+00:00,0.0001,88.19147377
2026-05-08 16:00:00.003000+00:00,1778256000003,2026-05-08T16:00:00.003000+00:00,-9.97e-06,89.54273567
2026-05-09 00:00:00+00:00,1778284800000,2026-05-09T00:00:00+00:00,0.0001,91.98810768
2026-05-09 08:00:00.001000+00:00,1778313600001,2026-05-09T08:00:00.001000+00:00,4.331e-05,93.71
2026-05-09 16:00:00.002000+00:00,1778342400002,2026-05-09T16:00:00.002000+00:00,1.497e-05,92.95
2026-05-10 00:00:00.003000+00:00,1778371200003,2026-05-10T00:00:00.003000+00:00,-5.236e-05,93.07
2026-05-10 08:00:00+00:00,1778400000000,2026-05-10T08:00:00+00:00,1.717e-05,93.40574662
2026-05-10 16:00:00+00:00,1778428800000,2026-05-10T16:00:00+00:00,-8.59e-06,94.49775782
2026-05-11 00:00:00+00:00,1778457600000,2026-05-11T00:00:00+00:00,8.884e-05,96.43
2026-05-11 08:00:00+00:00,1778486400000,2026-05-11T08:00:00+00:00,3.592e-05,95.30114782
2026-05-11 16:00:00+00:00,1778515200000,2026-05-11T16:00:00+00:00,6.498e-05,96.76564182
2026-05-12 00:00:00.002000+00:00,1778544000002,2026-05-12T00:00:00.002000+00:00,3.539e-05,97.32
2026-05-12 08:00:00.008000+00:00,1778572800008,2026-05-12T08:00:00.008000+00:00,-6.049e-05,95.98771708
2026-05-12 16:00:00+00:00,1778601600000,2026-05-12T16:00:00+00:00,8.095e-05,93.81503128
2026-05-13 00:00:00.010000+00:00,1778630400010,2026-05-13T00:00:00.010000+00:00,0.0001,94.25
2026-05-13 08:00:00.003000+00:00,1778659200003,2026-05-13T08:00:00.003000+00:00,-1.573e-05,95.09
2026-05-13 16:00:00.001000+00:00,1778688000001,2026-05-13T16:00:00.001000+00:00,-0.00012043,90.38422567
2026-05-14 00:00:00.005000+00:00,1778716800005,2026-05-14T00:00:00.005000+00:00,-0.0001508,91.11486872
2026-05-14 08:00:00+00:00,1778745600000,2026-05-14T08:00:00+00:00,-3.038e-05,90.83
2026-05-14 16:00:00+00:00,1778774400000,2026-05-14T16:00:00+00:00,-5.361e-05,93.1160645
2026-05-15 00:00:00+00:00,1778803200000,2026-05-15T00:00:00+00:00,-1.584e-05,92.11
2026-05-15 08:00:00.016000+00:00,1778832000016,2026-05-15T08:00:00.016000+00:00,4.052e-05,91.56
2026-05-15 16:00:00.012000+00:00,1778860800012,2026-05-15T16:00:00.012000+00:00,2.053e-05,89.0
2026-05-16 00:00:00.005000+00:00,1778889600005,2026-05-16T00:00:00.005000+00:00,0.0001,89.2
2026-05-16 08:00:00+00:00,1778918400000,2026-05-16T08:00:00+00:00,5.209e-05,87.42042235
2026-05-16 16:00:00.005000+00:00,1778947200005,2026-05-16T16:00:00.005000+00:00,-0.00015361,86.42596481
2026-05-17 00:00:00+00:00,1778976000000,2026-05-17T00:00:00+00:00,-5.139e-05,86.4985012
2026-05-17 08:00:00.010000+00:00,1779004800010,2026-05-17T08:00:00.010000+00:00,-5.436e-05,86.92
2026-05-17 16:00:00.009000+00:00,1779033600009,2026-05-17T16:00:00.009000+00:00,-0.00012569,86.40002495
2026-05-18 00:00:00.007000+00:00,1779062400007,2026-05-18T00:00:00.007000+00:00,-0.00010788,85.18
2026-05-18 08:00:00.002000+00:00,1779091200002,2026-05-18T08:00:00.002000+00:00,3.36e-06,84.71
2026-05-18 16:00:00.007000+00:00,1779120000007,2026-05-18T16:00:00.007000+00:00,5.09e-06,84.17
2026-05-19 00:00:00.001000+00:00,1779148800001,2026-05-19T00:00:00.001000+00:00,3.87e-06,85.33453916
2026-05-19 08:00:00.001000+00:00,1779177600001,2026-05-19T08:00:00.001000+00:00,-2.902e-05,85.44
2026-05-19 16:00:00.009000+00:00,1779206400009,2026-05-19T16:00:00.009000+00:00,-0.00010936,84.32
2026-05-20 00:00:00.001000+00:00,1779235200001,2026-05-20T00:00:00.001000+00:00,2.839e-05,84.24445199
2026-05-20 08:00:00.006000+00:00,1779264000006,2026-05-20T08:00:00.006000+00:00,-6.66e-06,84.70782299
2026-05-20 16:00:00+00:00,1779292800000,2026-05-20T16:00:00+00:00,-1.433e-05,85.89
2026-05-21 00:00:00.001000+00:00,1779321600001,2026-05-21T00:00:00.001000+00:00,-2.74e-06,86.11270584
2026-05-21 08:00:00+00:00,1779350400000,2026-05-21T08:00:00+00:00,6.241e-05,86.58992385
2026-05-21 16:00:00+00:00,1779379200000,2026-05-21T16:00:00+00:00,2.943e-05,86.42
2026-05-22 00:00:00+00:00,1779408000000,2026-05-22T00:00:00+00:00,0.0001,87.32
2026-05-22 08:00:00.004000+00:00,1779436800004,2026-05-22T08:00:00.004000+00:00,-1.571e-05,86.94
2026-05-22 16:00:00.001000+00:00,1779465600001,2026-05-22T16:00:00.001000+00:00,-1.78e-06,86.72434448
2026-05-23 00:00:00.009000+00:00,1779494400009,2026-05-23T00:00:00.009000+00:00,2.621e-05,84.32857285
2026-05-23 08:00:00.001000+00:00,1779523200001,2026-05-23T08:00:00.001000+00:00,-0.0001267,82.18174261
2026-05-23 16:00:00.003000+00:00,1779552000003,2026-05-23T16:00:00.003000+00:00,-0.00028322,84.05224608
2026-05-24 00:00:00.011000+00:00,1779580800011,2026-05-24T00:00:00.011000+00:00,-4.389e-05,85.69543748
2026-05-24 08:00:00.008000+00:00,1779609600008,2026-05-24T08:00:00.008000+00:00,5.791e-05,86.03
2026-05-24 16:00:00+00:00,1779638400000,2026-05-24T16:00:00+00:00,9.58e-06,85.26
2026-05-25 00:00:00.001000+00:00,1779667200001,2026-05-25T00:00:00.001000+00:00,-4.636e-05,85.21305842
2026-05-25 08:00:00.001000+00:00,1779696000001,2026-05-25T08:00:00.001000+00:00,-4.276e-05,85.91356256
2026-05-25 16:00:00.001000+00:00,1779724800001,2026-05-25T16:00:00.001000+00:00,3.864e-05,86.21
2026-05-26 00:00:00+00:00,1779753600000,2026-05-26T00:00:00+00:00,4.297e-05,85.01
2026-05-26 08:00:00.003000+00:00,1779782400003,2026-05-26T08:00:00.003000+00:00,-0.00010038,84.31303788
2026-05-26 16:00:00+00:00,1779811200000,2026-05-26T16:00:00+00:00,4.692e-05,84.43535451
2026-05-27 00:00:00+00:00,1779840000000,2026-05-27T00:00:00+00:00,-0.00014384,83.65956949
2026-05-27 08:00:00.004000+00:00,1779868800004,2026-05-27T08:00:00.004000+00:00,-8.548e-05,84.16381966
2026-05-27 16:00:00.009000+00:00,1779897600009,2026-05-27T16:00:00.009000+00:00,1.025e-05,84.4
2026-05-28 00:00:00.001000+00:00,1779926400001,2026-05-28T00:00:00.001000+00:00,-5.061e-05,82.38
2026-05-28 08:00:00+00:00,1779955200000,2026-05-28T08:00:00+00:00,-0.00014123,81.19948918
2026-05-28 16:00:00.001000+00:00,1779984000001,2026-05-28T16:00:00.001000+00:00,-3.559e-05,81.1
2026-05-29 00:00:00+00:00,1780012800000,2026-05-29T00:00:00+00:00,4.219e-05,82.07
2026-05-29 08:00:00.001000+00:00,1780041600001,2026-05-29T08:00:00.001000+00:00,2.5e-05,82.19986316
2026-05-29 16:00:00.008000+00:00,1780070400008,2026-05-29T16:00:00.008000+00:00,6.335e-05,82.53845247
2026-05-30 00:00:00+00:00,1780099200000,2026-05-30T00:00:00+00:00,7.48e-05,81.98
2026-05-30 08:00:00.001000+00:00,1780128000001,2026-05-30T08:00:00.001000+00:00,3.702e-05,82.33260002
2026-05-30 16:00:00+00:00,1780156800000,2026-05-30T16:00:00+00:00,4.292e-05,82.65735507
2026-05-31 00:00:00+00:00,1780185600000,2026-05-31T00:00:00+00:00,2.3e-05,82.69
2026-05-31 08:00:00+00:00,1780214400000,2026-05-31T08:00:00+00:00,3.645e-05,82.61848804
2026-05-31 16:00:00.004000+00:00,1780243200004,2026-05-31T16:00:00.004000+00:00,2.671e-05,81.83
2026-06-01 00:00:00.001000+00:00,1780272000001,2026-06-01T00:00:00.001000+00:00,5.009e-05,82.40699422
2026-06-01 08:00:00.001000+00:00,1780300800001,2026-06-01T08:00:00.001000+00:00,-2.566e-05,80.68
2026-06-01 16:00:00+00:00,1780329600000,2026-06-01T16:00:00+00:00,3.141e-05,79.57367531
2026-06-02 00:00:00+00:00,1780358400000,2026-06-02T00:00:00+00:00,0.0001,81.25
2026-06-02 08:00:00+00:00,1780387200000,2026-06-02T08:00:00+00:00,2.624e-05,79.63
2026-06-02 16:00:00+00:00,1780416000000,2026-06-02T16:00:00+00:00,-4.38e-05,76.32898845
2026-06-03 00:00:00.013000+00:00,1780444800013,2026-06-03T00:00:00.013000+00:00,-0.00019668,74.17
2026-06-03 08:00:00+00:00,1780473600000,2026-06-03T08:00:00+00:00,-4.817e-05,75.22067866
2026-06-03 16:00:00.001000+00:00,1780502400001,2026-06-03T16:00:00.001000+00:00,-4.446e-05,73.25
2026-06-04 00:00:00.009000+00:00,1780531200009,2026-06-04T00:00:00.009000+00:00,-0.00012086,71.58
2026-06-04 08:00:00+00:00,1780560000000,2026-06-04T08:00:00+00:00,-0.00018206,69.11643822
2026-06-04 16:00:00.003000+00:00,1780588800003,2026-06-04T16:00:00.003000+00:00,-6.287e-05,69.60957688
2026-06-05 00:00:00+00:00,1780617600000,2026-06-05T00:00:00+00:00,-9.673e-05,68.82681209
2026-06-05 08:00:00.004000+00:00,1780646400004,2026-06-05T08:00:00.004000+00:00,-0.00025721,66.12
2026-06-05 16:00:00.009000+00:00,1780675200009,2026-06-05T16:00:00.009000+00:00,-8.011e-05,64.23478758
2026-06-06 00:00:00+00:00,1780704000000,2026-06-06T00:00:00+00:00,-7.32e-05,63.59
2026-06-06 08:00:00+00:00,1780732800000,2026-06-06T08:00:00+00:00,-0.00018542,62.75
2026-06-06 16:00:00+00:00,1780761600000,2026-06-06T16:00:00+00:00,-0.00016398,62.01087707
2026-06-07 00:00:00.001000+00:00,1780790400001,2026-06-07T00:00:00.001000+00:00,-7.23e-05,62.16
2026-06-07 08:00:00+00:00,1780819200000,2026-06-07T08:00:00+00:00,-0.00023704,64.87489847
2026-06-07 16:00:00+00:00,1780848000000,2026-06-07T16:00:00+00:00,-0.00038757,64.94
2026-06-08 00:00:00+00:00,1780876800000,2026-06-08T00:00:00+00:00,-0.00025513,66.45018136
2026-06-08 08:00:00.005000+00:00,1780905600005,2026-06-08T08:00:00.005000+00:00,-0.00022946,66.07
2026-06-08 16:00:00.004000+00:00,1780934400004,2026-06-08T16:00:00.004000+00:00,-1.174e-05,67.14
2026-06-09 00:00:00+00:00,1780963200000,2026-06-09T00:00:00+00:00,-6.393e-05,66.78438096
2026-06-09 08:00:00+00:00,1780992000000,2026-06-09T08:00:00+00:00,-2.354e-05,66.85546656
2026-06-09 16:00:00.001000+00:00,1781020800001,2026-06-09T16:00:00.001000+00:00,-9.828e-05,64.30654982
2026-06-10 00:00:00.001000+00:00,1781049600001,2026-06-10T00:00:00.001000+00:00,1.79e-05,64.92276788
2026-06-10 08:00:00.011000+00:00,1781078400011,2026-06-10T08:00:00.011000+00:00,-8.438e-05,64.45320954
2026-06-10 16:00:00.009000+00:00,1781107200009,2026-06-10T16:00:00.009000+00:00,-1.777e-05,65.4040133
2026-06-11 00:00:00+00:00,1781136000000,2026-06-11T00:00:00+00:00,-8.243e-05,63.16136146
2026-06-11 08:00:00.004000+00:00,1781164800004,2026-06-11T08:00:00.004000+00:00,-8.25e-06,65.02
2026-06-11 16:00:00+00:00,1781193600000,2026-06-11T16:00:00+00:00,-3.36e-06,65.51
2026-06-12 00:00:00+00:00,1781222400000,2026-06-12T00:00:00+00:00,-9.068e-05,66.88
2026-06-12 08:00:00+00:00,1781251200000,2026-06-12T08:00:00+00:00,-9.448e-05,66.28
2026-06-12 16:00:00+00:00,1781280000000,2026-06-12T16:00:00+00:00,-2.866e-05,67.19430719
2026-06-13 00:00:00+00:00,1781308800000,2026-06-13T00:00:00+00:00,-5.235e-05,66.79
2026-06-13 08:00:00.007000+00:00,1781337600007,2026-06-13T08:00:00.007000+00:00,-2.582e-05,67.33679948
2026-06-13 16:00:00.002000+00:00,1781366400002,2026-06-13T16:00:00.002000+00:00,-4.55e-06,68.56
2026-06-14 00:00:00.005000+00:00,1781395200005,2026-06-14T00:00:00.005000+00:00,-0.00012137,68.88
2026-06-14 08:00:00.009000+00:00,1781424000009,2026-06-14T08:00:00.009000+00:00,-0.00010682,68.18
2026-06-14 16:00:00+00:00,1781452800000,2026-06-14T16:00:00+00:00,-9.337e-05,67.38862017
2026-06-15 00:00:00.013000+00:00,1781481600013,2026-06-15T00:00:00.013000+00:00,-3.596e-05,71.24
2026-06-15 08:00:00.013000+00:00,1781510400013,2026-06-15T08:00:00.013000+00:00,-3.856e-05,71.23
2026-06-15 16:00:00.004000+00:00,1781539200004,2026-06-15T16:00:00.004000+00:00,-4.542e-05,75.20967816
2026-06-16 00:00:00+00:00,1781568000000,2026-06-16T00:00:00+00:00,1.871e-05,73.93621061
2026-06-16 08:00:00+00:00,1781596800000,2026-06-16T08:00:00+00:00,-1.544e-05,74.4241048
2026-06-16 16:00:00.001000+00:00,1781625600001,2026-06-16T16:00:00.001000+00:00,-2.499e-05,73.26
2026-06-17 00:00:00.012000+00:00,1781654400012,2026-06-17T00:00:00.012000+00:00,-1.7e-06,73.49140441
2026-06-17 08:00:00+00:00,1781683200000,2026-06-17T08:00:00+00:00,-5.638e-05,73.22940294
2026-06-17 16:00:00+00:00,1781712000000,2026-06-17T16:00:00+00:00,-3.481e-05,73.78022582
2026-06-18 00:00:00.002000+00:00,1781740800002,2026-06-18T00:00:00.002000+00:00,-5.509e-05,72.0
2026-06-18 08:00:00+00:00,1781769600000,2026-06-18T08:00:00+00:00,-4.124e-05,71.73663337
2026-06-18 16:00:00.001000+00:00,1781798400001,2026-06-18T16:00:00.001000+00:00,-2.67e-05,68.42441327
2026-06-19 00:00:00.005000+00:00,1781827200005,2026-06-19T00:00:00.005000+00:00,0.0001,69.69
2026-06-19 08:00:00.001000+00:00,1781856000001,2026-06-19T08:00:00.001000+00:00,6.065e-05,68.34958931
2026-06-19 16:00:00.001000+00:00,1781884800001,2026-06-19T16:00:00.001000+00:00,-3.617e-05,69.29
2026-06-20 00:00:00.001000+00:00,1781913600001,2026-06-20T00:00:00.001000+00:00,-3.087e-05,69.69623879
2026-06-20 08:00:00+00:00,1781942400000,2026-06-20T08:00:00+00:00,-3.337e-05,71.5434816
2026-06-20 16:00:00.001000+00:00,1781971200001,2026-06-20T16:00:00.001000+00:00,-1.391e-05,71.98
2026-06-21 00:00:00+00:00,1782000000000,2026-06-21T00:00:00+00:00,4.438e-05,73.18
2026-06-21 08:00:00+00:00,1782028800000,2026-06-21T08:00:00+00:00,2.277e-05,73.17982368
2026-06-21 16:00:00+00:00,1782057600000,2026-06-21T16:00:00+00:00,7.45e-06,74.1115614
2026-06-22 00:00:00+00:00,1782086400000,2026-06-22T00:00:00+00:00,4.338e-05,72.42
2026-06-22 08:00:00+00:00,1782115200000,2026-06-22T08:00:00+00:00,-4.305e-05,74.06608096
2026-06-22 16:00:00.002000+00:00,1782144000002,2026-06-22T16:00:00.002000+00:00,-3.017e-05,73.1
2026-06-23 00:00:00.003000+00:00,1782172800003,2026-06-23T00:00:00.003000+00:00,-2.964e-05,71.91252441
2026-06-23 08:00:00.005000+00:00,1782201600005,2026-06-23T08:00:00.005000+00:00,-9.607e-05,69.95187865
2026-06-23 16:00:00.002000+00:00,1782230400002,2026-06-23T16:00:00.002000+00:00,-0.00020855,68.88454777
2026-06-24 00:00:00.005000+00:00,1782259200005,2026-06-24T00:00:00.005000+00:00,-8.775e-05,69.65
2026-06-24 08:00:00.005000+00:00,1782288000005,2026-06-24T08:00:00.005000+00:00,-7.233e-05,69.33
2026-06-24 16:00:00.003000+00:00,1782316800003,2026-06-24T16:00:00.003000+00:00,-1.309e-05,67.3
2026-06-25 00:00:00+00:00,1782345600000,2026-06-25T00:00:00+00:00,-0.00011854,68.07
2026-06-25 08:00:00+00:00,1782374400000,2026-06-25T08:00:00+00:00,-4.028e-05,69.40139065
2026-06-25 16:00:00+00:00,1782403200000,2026-06-25T16:00:00+00:00,-4.827e-05,66.27592892
2026-06-26 00:00:00.010000+00:00,1782432000010,2026-06-26T00:00:00.010000+00:00,3.113e-05,67.65829253
2026-06-26 08:00:00.002000+00:00,1782460800002,2026-06-26T08:00:00.002000+00:00,8.442e-05,70.74987595
2026-06-26 16:00:00+00:00,1782489600000,2026-06-26T16:00:00+00:00,6.096e-05,72.04
2026-06-27 00:00:00+00:00,1782518400000,2026-06-27T00:00:00+00:00,0.0001,71.87
2026-06-27 08:00:00+00:00,1782547200000,2026-06-27T08:00:00+00:00,4.81e-05,72.27126616
2026-06-27 16:00:00.009000+00:00,1782576000009,2026-06-27T16:00:00.009000+00:00,-1.93e-05,72.8
2026-06-28 00:00:00+00:00,1782604800000,2026-06-28T00:00:00+00:00,1.63e-05,70.47
2026-06-28 08:00:00.013000+00:00,1782633600013,2026-06-28T08:00:00.013000+00:00,2.764e-05,71.04086445
2026-06-28 16:00:00+00:00,1782662400000,2026-06-28T16:00:00+00:00,9.68e-06,72.05
2026-06-29 00:00:00.006000+00:00,1782691200006,2026-06-29T00:00:00.006000+00:00,5.21e-06,71.35
2026-06-29 08:00:00.013000+00:00,1782720000013,2026-06-29T08:00:00.013000+00:00,3.745e-05,72.68
2026-06-29 16:00:00.004000+00:00,1782748800004,2026-06-29T16:00:00.004000+00:00,4.184e-05,73.87
2026-06-30 00:00:00+00:00,1782777600000,2026-06-30T00:00:00+00:00,0.0001,75.13307681
2026-06-30 08:00:00+00:00,1782806400000,2026-06-30T08:00:00+00:00,7.704e-05,74.12165781
2026-06-30 16:00:00.005000+00:00,1782835200005,2026-06-30T16:00:00.005000+00:00,7.228e-05,73.09480251
2026-07-01 00:00:00+00:00,1782864000000,2026-07-01T00:00:00+00:00,0.0001,73.63890447
2026-07-01 08:00:00+00:00,1782892800000,2026-07-01T08:00:00+00:00,0.0001,74.83100211
2026-07-01 16:00:00+00:00,1782921600000,2026-07-01T16:00:00+00:00,6.848e-05,77.40218899
2026-07-02 00:00:00+00:00,1782950400000,2026-07-02T00:00:00+00:00,2.682e-05,77.42
2026-07-02 08:00:00+00:00,1782979200000,2026-07-02T08:00:00+00:00,-2.441e-05,77.95
2026-07-02 16:00:00+00:00,1783008000000,2026-07-02T16:00:00+00:00,6.544e-05,80.81
2026-07-03 00:00:00+00:00,1783036800000,2026-07-03T00:00:00+00:00,2.31e-05,80.6814292
2026-07-03 08:00:00.007000+00:00,1783065600007,2026-07-03T08:00:00.007000+00:00,1.188e-05,81.19
2026-07-03 16:00:00+00:00,1783094400000,2026-07-03T16:00:00+00:00,-3.2e-05,81.17426393
2026-07-04 00:00:00+00:00,1783123200000,2026-07-04T00:00:00+00:00,7.283e-05,82.30098762
2026-07-04 08:00:00+00:00,1783152000000,2026-07-04T08:00:00+00:00,8.74e-05,82.68674953
2026-07-04 16:00:00.007000+00:00,1783180800007,2026-07-04T16:00:00.007000+00:00,4.847e-05,82.19802477
2026-07-05 00:00:00.003000+00:00,1783209600003,2026-07-05T00:00:00.003000+00:00,1.37e-05,81.74410705
2026-07-05 08:00:00.001000+00:00,1783238400001,2026-07-05T08:00:00.001000+00:00,5.506e-05,80.67
2026-07-05 16:00:00+00:00,1783267200000,2026-07-05T16:00:00+00:00,3.855e-05,81.31175681
2026-07-06 00:00:00+00:00,1783296000000,2026-07-06T00:00:00+00:00,6.82e-05,81.55497647
2026-07-06 08:00:00+00:00,1783324800000,2026-07-06T08:00:00+00:00,3.336e-05,80.77013972
2026-07-06 16:00:00+00:00,1783353600000,2026-07-06T16:00:00+00:00,6.227e-05,81.45
2026-07-07 00:00:00+00:00,1783382400000,2026-07-07T00:00:00+00:00,6.816e-05,81.91
2026-07-07 08:00:00+00:00,1783411200000,2026-07-07T08:00:00+00:00,5.46e-06,81.45077219
2026-07-07 16:00:00+00:00,1783440000000,2026-07-07T16:00:00+00:00,-1.996e-05,82.09
2026-07-08 00:00:00+00:00,1783468800000,2026-07-08T00:00:00+00:00,-2.939e-05,80.53
2026-07-08 08:00:00+00:00,1783497600000,2026-07-08T08:00:00+00:00,-1.042e-05,78.24747773
2026-07-08 16:00:00+00:00,1783526400000,2026-07-08T16:00:00+00:00,-1.721e-05,76.71471894
2026-07-09 00:00:00+00:00,1783555200000,2026-07-09T00:00:00+00:00,4.117e-05,77.79
2026-07-09 08:00:00.001000+00:00,1783584000001,2026-07-09T08:00:00.001000+00:00,4.411e-05,78.18
2026-07-09 16:00:00.001000+00:00,1783612800001,2026-07-09T16:00:00.001000+00:00,2.46e-06,77.57446097
2026-07-10 00:00:00+00:00,1783641600000,2026-07-10T00:00:00+00:00,4.254e-05,78.00287217
2026-07-10 08:00:00.005000+00:00,1783670400005,2026-07-10T08:00:00.005000+00:00,1.338e-05,78.81775134
2026-07-10 16:00:00.005000+00:00,1783699200005,2026-07-10T16:00:00.005000+00:00,0.0001,78.12
2026-07-11 00:00:00+00:00,1783728000000,2026-07-11T00:00:00+00:00,5.263e-05,78.08
2026-07-11 08:00:00+00:00,1783756800000,2026-07-11T08:00:00+00:00,-2.607e-05,77.95019059
2026-07-11 16:00:00+00:00,1783785600000,2026-07-11T16:00:00+00:00,7.892e-05,78.3506044
2026-07-12 00:00:00+00:00,1783814400000,2026-07-12T00:00:00+00:00,2.546e-05,76.74
2026-07-12 08:00:00.003000+00:00,1783843200003,2026-07-12T08:00:00.003000+00:00,-4.011e-05,76.46191564
2026-07-12 16:00:00+00:00,1783872000000,2026-07-12T16:00:00+00:00,6.891e-05,77.44
2026-07-13 00:00:00+00:00,1783900800000,2026-07-13T00:00:00+00:00,5.504e-05,76.86620185
2026-07-13 08:00:00.001000+00:00,1783929600001,2026-07-13T08:00:00.001000+00:00,-5.873e-05,76.40269529
2026-07-13 16:00:00.004000+00:00,1783958400004,2026-07-13T16:00:00.004000+00:00,2.296e-05,75.78007368
2026-07-14 00:00:00+00:00,1783987200000,2026-07-14T00:00:00+00:00,4.27e-06,74.96110666
2026-07-14 08:00:00.002000+00:00,1784016000002,2026-07-14T08:00:00.002000+00:00,3.868e-05,74.92155753
2026-07-14 16:00:00.001000+00:00,1784044800001,2026-07-14T16:00:00.001000+00:00,6.297e-05,77.34002433
2026-07-15 00:00:00.005000+00:00,1784073600005,2026-07-15T00:00:00.005000+00:00,1.428e-05,77.82181018
2026-07-15 08:00:00.002000+00:00,1784102400002,2026-07-15T08:00:00.002000+00:00,2.48e-05,77.36417199
2026-07-15 16:00:00+00:00,1784131200000,2026-07-15T16:00:00+00:00,-6.87e-06,78.03407406
2026-07-16 00:00:00+00:00,1784160000000,2026-07-16T00:00:00+00:00,2.874e-05,77.23558836
2026-07-16 08:00:00.003000+00:00,1784188800003,2026-07-16T08:00:00.003000+00:00,-4.349e-05,76.38
2026-07-16 16:00:00.002000+00:00,1784217600002,2026-07-16T16:00:00.002000+00:00,-3.49e-06,76.6
2026-07-17 00:00:00+00:00,1784246400000,2026-07-17T00:00:00+00:00,1.683e-05,75.28056622
2026-07-17 08:00:00.010000+00:00,1784275200010,2026-07-17T08:00:00.010000+00:00,-2.497e-05,74.57618387
2026-07-17 16:00:00.004000+00:00,1784304000004,2026-07-17T16:00:00.004000+00:00,-4.44e-05,74.75
2026-07-18 00:00:00+00:00,1784332800000,2026-07-18T00:00:00+00:00,2.897e-05,75.0
2026-07-18 08:00:00+00:00,1784361600000,2026-07-18T08:00:00+00:00,2.87e-05,74.93
2026-07-18 16:00:00.001000+00:00,1784390400001,2026-07-18T16:00:00.001000+00:00,3.433e-05,74.93
2026-07-19 00:00:00.003000+00:00,1784419200003,2026-07-19T00:00:00.003000+00:00,-3.81e-06,75.47207437
2026-07-19 08:00:00+00:00,1784448000000,2026-07-19T08:00:00+00:00,4.518e-05,76.11
2026-07-19 16:00:00.001000+00:00,1784476800001,2026-07-19T16:00:00.001000+00:00,6.396e-05,76.18138701
2026-07-20 00:00:00+00:00,1784505600000,2026-07-20T00:00:00+00:00,5.638e-05,76.34052249
2026-07-20 08:00:00.001000+00:00,1784534400001,2026-07-20T08:00:00.001000+00:00,-5.079e-05,76.19
2026-07-20 16:00:00.004000+00:00,1784563200004,2026-07-20T16:00:00.004000+00:00,1.312e-05,77.73736337
2026-07-21 00:00:00.001000+00:00,1784592000001,2026-07-21T00:00:00.001000+00:00,0.0001,77.80567694
2026-07-21 08:00:00+00:00,1784620800000,2026-07-21T08:00:00+00:00,6.58e-05,78.53634557
2026-07-21 16:00:00.002000+00:00,1784649600002,2026-07-21T16:00:00.002000+00:00,2.609e-05,78.1
2026-07-22 00:00:00+00:00,1784678400000,2026-07-22T00:00:00+00:00,2.725e-05,78.1
2026-07-22 08:00:00+00:00,1784707200000,2026-07-22T08:00:00+00:00,-3.237e-05,77.06461665
2026-07-22 16:00:00.001000+00:00,1784736000001,2026-07-22T16:00:00.001000+00:00,3.89e-05,78.43
2026-07-23 00:00:00+00:00,1784764800000,2026-07-23T00:00:00+00:00,-3.674e-05,77.93
2026-07-23 08:00:00+00:00,1784793600000,2026-07-23T08:00:00+00:00,-0.00010642,77.1146955
2026-07-23 16:00:00+00:00,1784822400000,2026-07-23T16:00:00+00:00,-3.609e-05,76.33258375
2026-07-24 00:00:00+00:00,1784851200000,2026-07-24T00:00:00+00:00,3.044e-05,75.84
2026-07-24 08:00:00+00:00,1784880000000,2026-07-24T08:00:00+00:00,5.692e-05,76.02234746
2026-07-24 16:00:00.008000+00:00,1784908800008,2026-07-24T16:00:00.008000+00:00,-9.588e-05,73.98
2026-07-25 00:00:00.002000+00:00,1784937600002,2026-07-25T00:00:00.002000+00:00,-4.287e-05,73.93
2026-07-25 08:00:00+00:00,1784966400000,2026-07-25T08:00:00+00:00,4.81e-06,73.74509034
2026-07-25 16:00:00+00:00,1784995200000,2026-07-25T16:00:00+00:00,-4.127e-05,74.12682539
2026-07-26 00:00:00+00:00,1785024000000,2026-07-26T00:00:00+00:00,1.81e-06,74.4850701
2026-07-26 08:00:00.002000+00:00,1785052800002,2026-07-26T08:00:00.002000+00:00,6.371e-05,74.84
2026-07-26 16:00:00+00:00,1785081600000,2026-07-26T16:00:00+00:00,1.514e-05,75.46003997
2026-07-27 00:00:00.010000+00:00,1785110400010,2026-07-27T00:00:00.010000+00:00,8.751e-05,76.74
2026-07-27 08:00:00+00:00,1785139200000,2026-07-27T08:00:00+00:00,7.729e-05,76.44414217
2026-07-27 16:00:00.001000+00:00,1785168000001,2026-07-27T16:00:00.001000+00:00,3.835e-05,75.22467761
2026-07-28 00:00:00+00:00,1785196800000,2026-07-28T00:00:00+00:00,-3.055e-05,74.16
2026-07-28 08:00:00+00:00,1785225600000,2026-07-28T08:00:00+00:00,-0.00013328,73.24658417
2026-07-28 16:00:00+00:00,1785254400000,2026-07-28T16:00:00+00:00,-4.712e-05,74.31494586
2026-07-29 00:00:00+00:00,1785283200000,2026-07-29T00:00:00+00:00,2.994e-05,73.77820853
2026-07-29 08:00:00.002000+00:00,1785312000002,2026-07-29T08:00:00.002000+00:00,-8.2e-07,74.20353596
2026-07-29 16:00:00+00:00,1785340800000,2026-07-29T16:00:00+00:00,-3.76e-06,73.0945529
2026-07-30 00:00:00+00:00,1785369600000,2026-07-30T00:00:00+00:00,2.21e-05,73.65
2026-07-30 08:00:00+00:00,1785398400000,2026-07-30T08:00:00+00:00,8.517e-05,73.39
2026-07-30 16:00:00+00:00,1785427200000,2026-07-30T16:00:00+00:00,5.752e-05,74.61
2026-07-31 00:00:00.003000+00:00,1785456000003,2026-07-31T00:00:00.003000+00:00,9.768e-05,74.46978868
2026-07-31 08:00:00+00:00,1785484800000,2026-07-31T08:00:00+00:00,4.606e-05,73.64533773
2026-07-31 16:00:00+00:00,1785513600000,2026-07-31T16:00:00+00:00,3.736e-05,73.05718379
2026-08-01 00:00:00.001000+00:00,1785542400001,2026-08-01T00:00:00.001000+00:00,0.0001,72.83450225
2026-08-01 08:00:00+00:00,1785571200000,2026-08-01T08:00:00+00:00,0.0001,72.93386243
2026-08-01 16:00:00+00:00,1785600000000,2026-08-01T16:00:00+00:00,3.159e-05,72.75218621
2026-08-02 00:00:00+00:00,1785628800000,2026-08-02T00:00:00+00:00,-4.925e-05,71.91
2026-08-02 08:00:00+00:00,1785657600000,2026-08-02T08:00:00+00:00,0.0001,73.44
2026-08-02 16:00:00+00:00,1785686400000,2026-08-02T16:00:00+00:00,1.348e-05,72.99
2026-08-03 00:00:00+00:00,1785715200000,2026-08-03T00:00:00+00:00,7.985e-05,73.6
2026-08-03 08:00:00+00:00,1785744000000,2026-08-03T08:00:00+00:00,2.558e-05,72.48089846
2026-08-03 16:00:00+00:00,1785772800000,2026-08-03T16:00:00+00:00,5.86e-05,73.5755102
2026-08-04 00:00:00.004000+00:00,1785801600004,2026-08-04T00:00:00.004000+00:00,0.0001,73.54
2026-08-04 08:00:00.002000+00:00,1785830400002,2026-08-04T08:00:00.002000+00:00,0.0001,73.66
2026-08-04 16:00:00+00:00,1785859200000,2026-08-04T16:00:00+00:00,0.0001,73.95479275
2026-08-05 00:00:00.003000+00:00,1785888000003,2026-08-05T00:00:00.003000+00:00,6.418e-05,73.72
2026-08-05 08:00:00.004000+00:00,1785916800004,2026-08-05T08:00:00.004000+00:00,3.7e-05,73.94352419
2026-08-05 16:00:00+00:00,1785945600000,2026-08-05T16:00:00+00:00,5.055e-05,73.92
2026-08-06 00:00:00.002000+00:00,1785974400002,2026-08-06T00:00:00.002000+00:00,9e-07,74.0
2026-08-06 08:00:00+00:00,1786003200000,2026-08-06T08:00:00+00:00,-4.113e-05,73.84
2026-08-06 16:00:00+00:00,1786032000000,2026-08-06T16:00:00+00:00,-6.988e-05,73.26137514
2026-08-07 00:00:00+00:00,1786060800000,2026-08-07T00:00:00+00:00,-1.898e-05,72.65333211
2026-08-07 08:00:00+00:00,1786089600000,2026-08-07T08:00:00+00:00,3.45e-05,72.9
2026-08-07 16:00:00+00:00,1786118400000,2026-08-07T16:00:00+00:00,0.0001,73.86
2026-08-08 00:00:00.001000+00:00,1786147200001,2026-08-08T00:00:00.001000+00:00,8.378e-05,73.62472168
2026-08-08 08:00:00+00:00,1786176000000,2026-08-08T08:00:00+00:00,0.0001,74.79
2026-08-08 16:00:00.002000+00:00,1786204800002,2026-08-08T16:00:00.002000+00:00,0.0001,76.38
2026-08-09 00:00:00+00:00,1786233600000,2026-08-09T00:00:00+00:00,0.0001,76.0
2026-08-09 08:00:00.005000+00:00,1786262400005,2026-08-09T08:00:00.005000+00:00,0.0001,76.34
2026-08-09 16:00:00+00:00,1786291200000,2026-08-09T16:00:00+00:00,0.0001,77.41740667
2026-08-10 00:00:00.001000+00:00,1786320000001,2026-08-10T00:00:00.001000+00:00,0.0001,76.23503042
2026-08-10 08:00:00.005000+00:00,1786348800005,2026-08-10T08:00:00.005000+00:00,9.534e-05,76.94098931
2026-08-10 16:00:00+00:00,1786377600000,2026-08-10T16:00:00+00:00,0.0001,75.94
2026-08-11 00:00:00+00:00,1786406400000,2026-08-11T00:00:00+00:00,0.0001,75.95
2026-08-11 08:00:00.006000+00:00,1786435200006,2026-08-11T08:00:00.006000+00:00,-2.3e-07,75.65
2026-08-11 16:00:00+00:00,1786464000000,2026-08-11T16:00:00+00:00,-5.533e-05,74.89239731
2026-08-12 00:00:00.001000+00:00,1786492800001,2026-08-12T00:00:00.001000+00:00,5.998e-05,76.27
2026-08-12 08:00:00+00:00,1786521600000,2026-08-12T08:00:00+00:00,8.133e-05,76.25
2026-08-12 16:00:00+00:00,1786550400000,2026-08-12T16:00:00+00:00,-5.256e-05,75.71
2026-08-13 00:00:00+00:00,1786579200000,2026-08-13T00:00:00+00:00,-6.47e-05,75.59
2026-08-13 08:00:00+00:00,1786608000000,2026-08-13T08:00:00+00:00,5.877e-05,76.41
2026-08-13 16:00:00+00:00,1786636800000,2026-08-13T16:00:00+00:00,-4.9e-06,75.60043631
2026-08-14 00:00:00+00:00,1786665600000,2026-08-14T00:00:00+00:00,5.622e-05,76.23
2026-08-14 08:00:00.001000+00:00,1786694400001,2026-08-14T08:00:00.001000+00:00,2.264e-05,75.55
2026-08-14 16:00:00.001000+00:00,1786723200001,2026-08-14T16:00:00.001000+00:00,-6.847e-05,75.6052875
2026-08-15 00:00:00.003000+00:00,1786752000003,2026-08-15T00:00:00.003000+00:00,-0.00010912,75.37
2026-08-15 08:00:00.002000+00:00,1786780800002,2026-08-15T08:00:00.002000+00:00,6.794e-05,75.1947219
2026-08-15 16:00:00+00:00,1786809600000,2026-08-15T16:00:00+00:00,-9.423e-05,75.49
2026-08-16 00:00:00+00:00,1786838400000,2026-08-16T00:00:00+00:00,-4.786e-05,75.30938111
2026-08-16 08:00:00.002000+00:00,1786867200002,2026-08-16T08:00:00.002000+00:00,-2.592e-05,75.43738773
2026-08-16 16:00:00+00:00,1786896000000,2026-08-16T16:00:00+00:00,-1.428e-05,75.54
2026-08-17 00:00:00.001000+00:00,1786924800001,2026-08-17T00:00:00.001000+00:00,-4.738e-05,74.57
2026-08-17 08:00:00.003000+00:00,1786953600003,2026-08-17T08:00:00.003000+00:00,4.746e-05,75.74824283
2026-08-17 16:00:00.005000+00:00,1786982400005,2026-08-17T16:00:00.005000+00:00,-1.69e-05,76.06083748
2026-08-18 00:00:00.006000+00:00,1787011200006,2026-08-18T00:00:00.006000+00:00,3.077e-05,75.99
2026-08-18 08:00:00.001000+00:00,1787040000001,2026-08-18T08:00:00.001000+00:00,-4.037e-05,76.06
2026-08-18 16:00:00.003000+00:00,1787068800003,2026-08-18T16:00:00.003000+00:00,0.0001,77.17198251
2026-08-19 00:00:00+00:00,1787097600000,2026-08-19T00:00:00+00:00,0.0001,77.03
2026-08-19 08:00:00+00:00,1787126400000,2026-08-19T08:00:00+00:00,9.206e-05,76.92028574
2026-08-19 16:00:00.004000+00:00,1787155200004,2026-08-19T16:00:00.004000+00:00,4.058e-05,81.81324914
2026-08-20 00:00:00.001000+00:00,1787184000001,2026-08-20T00:00:00.001000+00:00,0.0001,85.37
2026-08-20 08:00:00+00:00,1787212800000,2026-08-20T08:00:00+00:00,0.0001,86.15978549
2026-08-20 16:00:00.005000+00:00,1787241600005,2026-08-20T16:00:00.005000+00:00,0.0001,87.34450119
2026-08-21 00:00:00.004000+00:00,1787270400004,2026-08-21T00:00:00.004000+00:00,0.0001,87.63
2026-08-21 08:00:00+00:00,1787299200000,2026-08-21T08:00:00+00:00,0.0001,90.41
2026-08-21 16:00:00.001000+00:00,1787328000001,2026-08-21T16:00:00.001000+00:00,0.0001,91.34655692
2026-08-22 00:00:00+00:00,1787356800000,2026-08-22T00:00:00+00:00,0.0001,93.72244891
2026-08-22 08:00:00+00:00,1787385600000,2026-08-22T08:00:00+00:00,0.0001,94.44762297
2026-08-22 16:00:00+00:00,1787414400000,2026-08-22T16:00:00+00:00,0.0001,93.08850395
2026-08-23 00:00:00+00:00,1787443200000,2026-08-23T00:00:00+00:00,0.0001,93.83109467
2026-08-23 08:00:00+00:00,1787472000000,2026-08-23T08:00:00+00:00,0.0001,92.46451042
2026-08-23 16:00:00.006000+00:00,1787500800006,2026-08-23T16:00:00.006000+00:00,0.0001,95.35207321
2026-08-24 00:00:00.001000+00:00,1787529600001,2026-08-24T00:00:00.001000+00:00,0.0001,95.43540619
2026-08-24 08:00:00.002000+00:00,1787558400002,2026-08-24T08:00:00.002000+00:00,0.0001,94.08
2026-08-24 16:00:00+00:00,1787587200000,2026-08-24T16:00:00+00:00,0.0001,96.43
2026-08-25 00:00:00.001000+00:00,1787616000001,2026-08-25T00:00:00.001000+00:00,0.0001,98.96
2026-08-25 08:00:00+00:00,1787644800000,2026-08-25T08:00:00+00:00,0.0001,100.2373697
2026-08-25 16:00:00.005000+00:00,1787673600005,2026-08-25T16:00:00.005000+00:00,0.0001,98.3301163
2026-08-26 00:00:00+00:00,1787702400000,2026-08-26T00:00:00+00:00,5.433e-05,96.56
2026-08-26 08:00:00.005000+00:00,1787731200005,2026-08-26T08:00:00.005000+00:00,6.042e-05,96.88731912
2026-08-26 16:00:00+00:00,1787760000000,2026-08-26T16:00:00+00:00,3.48e-05,95.9
2026-08-27 00:00:00+00:00,1787788800000,2026-08-27T00:00:00+00:00,0.0001,102.04857193
2026-08-27 08:00:00+00:00,1787817600000,2026-08-27T08:00:00+00:00,0.0001,101.76333814
2026-08-27 16:00:00.013000+00:00,1787846400013,2026-08-27T16:00:00.013000+00:00,0.0001,107.12499929
2026-08-28 00:00:00.026000+00:00,1787875200026,2026-08-28T00:00:00.026000+00:00,-9.83e-06,109.08303195
2026-08-28 08:00:00+00:00,1787904000000,2026-08-28T08:00:00+00:00,-1.519e-05,106.32036637
2026-08-28 16:00:00.001000+00:00,1787932800001,2026-08-28T16:00:00.001000+00:00,-8.235e-05,105.23
2026-08-29 00:00:00+00:00,1787961600000,2026-08-29T00:00:00+00:00,6.69e-05,104.09644251
2026-08-29 08:00:00+00:00,1787990400000,2026-08-29T08:00:00+00:00,3.506e-05,103.67620275
2026-08-29 16:00:00.002000+00:00,1788019200002,2026-08-29T16:00:00.002000+00:00,-3.437e-05,104.96
2026-08-30 00:00:00+00:00,1788048000000,2026-08-30T00:00:00+00:00,-0.00010154,105.55830385
2026-08-30 08:00:00+00:00,1788076800000,2026-08-30T08:00:00+00:00,-1.39e-06,104.79
2026-08-30 16:00:00.001000+00:00,1788105600001,2026-08-30T16:00:00.001000+00:00,7.1e-06,106.22086364
2026-08-31 00:00:00.002000+00:00,1788134400002,2026-08-31T00:00:00.002000+00:00,-0.00012421,101.7
2026-08-31 08:00:00.002000+00:00,1788163200002,2026-08-31T08:00:00.002000+00:00,-4.036e-05,102.91
2026-08-31 16:00:00.001000+00:00,1788192000001,2026-08-31T16:00:00.001000+00:00,-1.602e-05,102.82569798
2026-09-01 00:00:00.005000+00:00,1788220800005,2026-09-01T00:00:00.005000+00:00,3.679e-05,103.00515595
2026-09-01 08:00:00+00:00,1788249600000,2026-09-01T08:00:00+00:00,-4.082e-05,103.09099006
2026-09-01 16:00:00+00:00,1788278400000,2026-09-01T16:00:00+00:00,-8.785e-05,101.98522505
2026-09-02 00:00:00+00:00,1788307200000,2026-09-02T00:00:00+00:00,-1.608e-05,99.92872677
2026-09-02 08:00:00.001000+00:00,1788336000001,2026-09-02T08:00:00.001000+00:00,-1.902e-05,99.79360071
2026-09-02 16:00:00.005000+00:00,1788364800005,2026-09-02T16:00:00.005000+00:00,5.315e-05,99.28
2026-09-03 00:00:00+00:00,1788393600000,2026-09-03T00:00:00+00:00,1.34e-05,100.38
2026-09-03 08:00:00+00:00,1788422400000,2026-09-03T08:00:00+00:00,4.455e-05,100.34743527
2026-09-03 16:00:00+00:00,1788451200000,2026-09-03T16:00:00+00:00,6.485e-05,105.14
2026-09-04 00:00:00+00:00,1788480000000,2026-09-04T00:00:00+00:00,0.0001,103.88706623
2026-09-04 08:00:00+00:00,1788508800000,2026-09-04T08:00:00+00:00,-4.08e-05,103.55
2026-09-04 16:00:00.009000+00:00,1788537600009,2026-09-04T16:00:00.009000+00:00,-3.498e-05,101.39473851
2026-09-05 00:00:00+00:00,1788566400000,2026-09-05T00:00:00+00:00,-7e-08,101.86
2026-09-05 08:00:00+00:00,1788595200000,2026-09-05T08:00:00+00:00,2.508e-05,102.15954192
2026-09-05 16:00:00.001000+00:00,1788624000001,2026-09-05T16:00:00.001000+00:00,5.459e-05,102.88
2026-09-06 00:00:00+00:00,1788652800000,2026-09-06T00:00:00+00:00,7.95e-06,103.11287473
2026-09-06 08:00:00+00:00,1788681600000,2026-09-06T08:00:00+00:00,9.657e-05,105.19
2026-09-06 16:00:00.004000+00:00,1788710400004,2026-09-06T16:00:00.004000+00:00,8.084e-05,105.7
2026-09-07 00:00:00.004000+00:00,1788739200004,2026-09-07T00:00:00.004000+00:00,4.85e-05,106.50558214
2026-09-07 08:00:00+00:00,1788768000000,2026-09-07T08:00:00+00:00,-1.408e-05,104.42
2026-09-07 16:00:00.003000+00:00,1788796800003,2026-09-07T16:00:00.003000+00:00,-1.093e-05,103.19008095
2026-09-08 00:00:00.004000+00:00,1788825600004,2026-09-08T00:00:00.004000+00:00,2.574e-05,103.75
2026-09-08 08:00:00.002000+00:00,1788854400002,2026-09-08T08:00:00.002000+00:00,-6.42e-06,102.9
2026-09-08 16:00:00.001000+00:00,1788883200001,2026-09-08T16:00:00.001000+00:00,2.385e-05,104.27884347
2026-09-09 00:00:00.005000+00:00,1788912000005,2026-09-09T00:00:00.005000+00:00,-9.39e-06,103.33
2026-09-09 08:00:00.004000+00:00,1788940800004,2026-09-09T08:00:00.004000+00:00,3.107e-05,104.53
2026-09-09 16:00:00.002000+00:00,1788969600002,2026-09-09T16:00:00.002000+00:00,-6.173e-05,103.02
2026-09-10 00:00:00+00:00,1788998400000,2026-09-10T00:00:00+00:00,-8.755e-05,101.52290287
2026-09-10 08:00:00.007000+00:00,1789027200007,2026-09-10T08:00:00.007000+00:00,-1.661e-05,101.25374146
2026-09-10 16:00:00.002000+00:00,1789056000002,2026-09-10T16:00:00.002000+00:00,-4.489e-05,99.69
2026-09-11 00:00:00.008000+00:00,1789084800008,2026-09-11T00:00:00.008000+00:00,1.25e-05,98.60820096
2026-09-11 08:00:00+00:00,1789113600000,2026-09-11T08:00:00+00:00,3.648e-05,99.69
2026-09-11 16:00:00+00:00,1789142400000,2026-09-11T16:00:00+00:00,4.064e-05,101.55803589
2026-09-12 00:00:00.001000+00:00,1789171200001,2026-09-12T00:00:00.001000+00:00,5.071e-05,102.41
2026-09-12 08:00:00.003000+00:00,1789200000003,2026-09-12T08:00:00.003000+00:00,4.475e-05,101.62109845
2026-09-12 16:00:00+00:00,1789228800000,2026-09-12T16:00:00+00:00,1.503e-05,102.01
2026-09-13 00:00:00.002000+00:00,1789257600002,2026-09-13T00:00:00.002000+00:00,2.147e-05,101.7105565
2026-09-13 08:00:00+00:00,1789286400000,2026-09-13T08:00:00+00:00,-1.4e-05,100.66
2026-09-13 16:00:00+00:00,1789315200000,2026-09-13T16:00:00+00:00,-1.112e-05,100.21
2026-09-14 00:00:00+00:00,1789344000000,2026-09-14T00:00:00+00:00,-9.38e-06,99.23459997
2026-09-14 08:00:00+00:00,1789372800000,2026-09-14T08:00:00+00:00,8.182e-05,101.57
2026-09-14 16:00:00+00:00,1789401600000,2026-09-14T16:00:00+00:00,0.0001,101.93
2026-09-15 00:00:00+00:00,1789430400000,2026-09-15T00:00:00+00:00,0.0001,102.5210515
2026-09-15 08:00:00.005000+00:00,1789459200005,2026-09-15T08:00:00.005000+00:00,-6.298e-05,100.39261799
2026-09-15 16:00:00.001000+00:00,1789488000001,2026-09-15T16:00:00.001000+00:00,-3.969e-05,99.32
2026-09-16 00:00:00.001000+00:00,1789516800001,2026-09-16T00:00:00.001000+00:00,-2.991e-05,96.82960476
2026-09-16 08:00:00.002000+00:00,1789545600002,2026-09-16T08:00:00.002000+00:00,-1.33e-06,96.91606523
2026-09-16 16:00:00.001000+00:00,1789574400001,2026-09-16T16:00:00.001000+00:00,3.283e-05,97.05
2026-09-17 00:00:00+00:00,1789603200000,2026-09-17T00:00:00+00:00,3.565e-05,98.61
2026-09-17 08:00:00.003000+00:00,1789632000003,2026-09-17T08:00:00.003000+00:00,9.49e-06,100.0
2026-09-17 16:00:00+00:00,1789660800000,2026-09-17T16:00:00+00:00,8.823e-05,101.24897903
2026-09-18 00:00:00.003000+00:00,1789689600003,2026-09-18T00:00:00.003000+00:00,0.0001,101.59572339
2026-09-18 08:00:00.006000+00:00,1789718400006,2026-09-18T08:00:00.006000+00:00,0.0001,105.76150438
2026-09-18 16:00:00+00:00,1789747200000,2026-09-18T16:00:00+00:00,0.0001,111.14
2026-09-19 00:00:00+00:00,1789776000000,2026-09-19T00:00:00+00:00,0.0001,112.72434968
2026-09-19 08:00:00.002000+00:00,1789804800002,2026-09-19T08:00:00.002000+00:00,0.0001,111.6
2026-09-19 16:00:00+00:00,1789833600000,2026-09-19T16:00:00+00:00,0.0001,111.61
2026-09-20 00:00:00+00:00,1789862400000,2026-09-20T00:00:00+00:00,0.0001,111.04
2026-09-20 08:00:00+00:00,1789891200000,2026-09-20T08:00:00+00:00,0.0001,108.43996024
2026-09-20 16:00:00+00:00,1789920000000,2026-09-20T16:00:00+00:00,0.0001,108.75762948
2026-09-21 00:00:00.007000+00:00,1789948800007,2026-09-21T00:00:00.007000+00:00,9.171e-05,111.10596561
2026-09-21 08:00:00.004000+00:00,1789977600004,2026-09-21T08:00:00.004000+00:00,0.0001,112.09
2026-09-21 16:00:00.002000+00:00,1790006400002,2026-09-21T16:00:00.002000+00:00,0.0001,117.88
2026-09-22 00:00:00+00:00,1790035200000,2026-09-22T00:00:00+00:00,0.0001,118.87364384
2026-09-22 08:00:00.004000+00:00,1790064000004,2026-09-22T08:00:00.004000+00:00,0.0001,116.28
2026-09-22 16:00:00+00:00,1790092800000,2026-09-22T16:00:00+00:00,2.81e-06,117.32
2026-09-23 00:00:00+00:00,1790121600000,2026-09-23T00:00:00+00:00,7.908e-05,118.50008253
2026-09-23 08:00:00.004000+00:00,1790150400004,2026-09-23T08:00:00.004000+00:00,4.274e-05,117.83815018
2026-09-23 16:00:00.004000+00:00,1790179200004,2026-09-23T16:00:00.004000+00:00,-6.733e-05,113.81
2026-09-24 00:00:00.002000+00:00,1790208000002,2026-09-24T00:00:00.002000+00:00,1.129e-05,114.95
2026-09-24 08:00:00+00:00,1790236800000,2026-09-24T08:00:00+00:00,1.541e-05,115.47023118
2026-09-24 16:00:00.005000+00:00,1790265600005,2026-09-24T16:00:00.005000+00:00,4.849e-05,116.26
2026-09-25 00:00:00.002000+00:00,1790294400002,2026-09-25T00:00:00.002000+00:00,-4.015e-05,116.99305915
2026-09-25 08:00:00+00:00,1790323200000,2026-09-25T08:00:00+00:00,0.0001,116.33135837
2026-09-25 16:00:00.002000+00:00,1790352000002,2026-09-25T16:00:00.002000+00:00,0.0001,120.07
2026-09-26 00:00:00+00:00,1790380800000,2026-09-26T00:00:00+00:00,3.121e-05,122.10317663
2026-09-26 08:00:00.001000+00:00,1790409600001,2026-09-26T08:00:00.001000+00:00,-4.18e-05,120.69268751
2026-09-26 16:00:00.001000+00:00,1790438400001,2026-09-26T16:00:00.001000+00:00,7.311e-05,121.84500284
2026-09-27 00:00:00+00:00,1790467200000,2026-09-27T00:00:00+00:00,1.484e-05,121.34705661
2026-09-27 08:00:00.001000+00:00,1790496000001,2026-09-27T08:00:00.001000+00:00,6.689e-05,124.08
2026-09-27 16:00:00+00:00,1790524800000,2026-09-27T16:00:00+00:00,-3.009e-05,121.68502809
2026-09-28 00:00:00+00:00,1790553600000,2026-09-28T00:00:00+00:00,-1.692e-05,121.95
2026-09-28 08:00:00.001000+00:00,1790582400001,2026-09-28T08:00:00.001000+00:00,3.255e-05,117.99
2026-09-28 16:00:00.001000+00:00,1790611200001,2026-09-28T16:00:00.001000+00:00,4.114e-05,118.6808329
2026-09-29 00:00:00+00:00,1790640000000,2026-09-29T00:00:00+00:00,1.282e-05,118.82385102
2026-09-29 08:00:00+00:00,1790668800000,2026-09-29T08:00:00+00:00,4.802e-05,119.49
2026-09-29 16:00:00+00:00,1790697600000,2026-09-29T16:00:00+00:00,-2.581e-05,118.17170178
2026-09-30 00:00:00+00:00,1790726400000,2026-09-30T00:00:00+00:00,2.555e-05,119.09
2026-09-30 08:00:00+00:00,1790755200000,2026-09-30T08:00:00+00:00,9.01e-06,118.41603948
2026-09-30 16:00:00.002000+00:00,1790784000002,2026-09-30T16:00:00.002000+00:00,7.4e-07,119.2444244
